SampleID,TA,Mass,Sample.Index
junk1,2395.115757,59.9646,1
junk2,2412.375498,60.4211,2
junk3,2409.597079,59.7903,3
CRM,2207.823393,60.1776,4
