"SampleID","TA","Mass","Sample.Index"
"junk1",2244.39092299963,59.846,1
"junk2",2234.214785692,59.5663,2
"junk3",2233.38860331173,60.3685,3
"CRM",2223.29116915681,59.8231,4
