"SampleID","TA","Mass","Sample.Index"
"junk1",2299.67440173296,60.2701,1
"junk2",2258.01090709382,60.0651,2
"junk3",2309.97410478838,60.204,3
"crm",2207.98431807104,60.0318,4
