"SampleID","TA","Mass","Sample.Index"
"junk1",2301.74905283744,60.111,1
"crm",2203.74443584577,60.1715,2
