SampleID,TA,Mass,Sample.Index
junk 1,2268.633898,59.6699,1
junk 2,2239.821762,60.222,2
junk 3,2241.400105,59.7131,3
CRM,2217.402645,60.4223,4
