"SampleID","TA","Mass","Sample.Index"
"junk",2892.39876125192,60.4236,1
"CRM",2203.92376159018,60.242,2
