SampleID,TA,Mass,Sample.Index
junk,2266.160929,59.8473,1
crm,2212.928127,59.9292,2
