Task,T2261
Scope 1/1, Sample 1/32 (junk1)
Result,TitrationEP1
V,t,E,T,dV/dt,E acc. stat.,Volume acc. stat.
0.0000,0,-76.6,21.2,NaN,,
0.0010,1,-76.6,21.2,0.0010,,
0.0025,2,-76.6,21.3,0.0015,,
0.0050,3,-76.5,21.3,0.0025,,
0.0090,4,-76.7,21.3,0.0035,,
0.0150,5,-76.5,21.3,0.0055,,
0.0235,6,-75.9,21.3,0.0075,,
0.0310,7,-75.4,21.3,0.0075,,
0.0395,8,-74.5,21.3,0.0085,,
0.0480,9,-73.7,21.3,0.0075,,
0.0565,10,-72.4,21.2,0.0075,,
0.0650,11,-71.0,21.3,0.0075,,
0.0735,12,-69.9,21.2,0.0075,,
0.0810,13,-68.6,21.2,0.0075,,
0.0895,14,-67.4,21.2,0.0085,,
0.0975,15,-65.8,21.2,0.0075,,
0.1060,16,-64.2,21.2,0.0075,,
0.1145,17,-62.9,21.3,0.0075,,
0.1230,18,-61.2,21.2,0.0075,,
0.1305,19,-59.7,21.3,0.0075,,
0.1390,20,-57.8,21.3,0.0085,,
0.1475,21,-56.0,21.3,0.0075,,
0.1560,22,-54.2,21.3,0.0075,,
0.1640,23,-52.0,21.3,0.0075,,
0.1725,24,-50.1,21.3,0.0085,,
0.1800,25,-47.7,21.3,0.0075,,
0.1885,26,-45.4,21.3,0.0085,,
0.1970,27,-42.9,21.3,0.0075,,
0.2055,28,-39.9,21.3,0.0075,,
0.2140,29,-37.2,21.3,0.0075,,
0.2215,30,-34.6,21.3,0.0075,,
0.2300,31,-32.1,21.3,0.0085,,
0.2385,32,-29.1,21.3,0.0075,,
0.2465,33,-26.1,21.3,0.0075,,
0.2550,34,-23.8,21.3,0.0075,,
0.2635,35,-21.4,21.3,0.0075,,
0.2710,36,-19.4,21.3,0.0075,,
0.2795,37,-17.4,21.3,0.0085,,
0.2880,38,-15.4,21.2,0.0075,,
0.2965,39,-13.9,21.3,0.0075,,
0.3050,40,-12.3,21.3,0.0075,,
0.3130,41,-10.7,21.2,0.0075,,
0.3205,42,-9.6,21.3,0.0075,,
0.3290,43,-8.2,21.3,0.0085,,
0.3375,44,-7.0,21.2,0.0075,,
0.3460,45,-5.7,21.2,0.0075,,
0.3545,46,-4.4,21.2,0.0075,,
0.3630,47,-3.4,21.2,0.0085,,
0.3705,48,-2.5,21.2,0.0075,,
0.3790,49,-1.7,21.3,0.0085,,
0.3875,50,-0.6,21.2,0.0075,,
0.3955,51,0.5,21.2,0.0075,,
0.4040,52,1.1,21.2,0.0075,,
0.4125,53,2.1,21.2,0.0075,,
0.4200,54,3.0,21.2,0.0075,,
0.4285,55,4.0,21.3,0.0085,,
0.4370,56,4.8,21.3,0.0075,,
0.4455,57,5.5,21.3,0.0075,,
0.4535,58,6.5,21.3,0.0075,,
0.4620,59,7.3,21.2,0.0085,,
0.4695,60,8.2,21.2,0.0075,,
0.4780,61,9.0,21.2,0.0075,,
0.4865,62,9.7,21.3,0.0075,,
0.4950,63,10.7,21.3,0.0075,,
0.5035,64,11.6,21.2,0.0075,,
0.5110,65,12.3,21.3,0.0075,,
0.5195,66,13.0,21.3,0.0085,,
0.5280,67,13.7,21.3,0.0075,,
0.5360,68,14.9,21.2,0.0075,,
0.5445,69,15.6,21.2,0.0075,,
0.5530,70,16.3,21.2,0.0075,,
0.5605,71,17.0,21.2,0.0075,,
0.5690,72,17.8,21.2,0.0085,,
0.5775,73,18.8,21.2,0.0075,,
0.5860,74,19.4,21.2,0.0075,,
0.5945,75,20.1,21.2,0.0075,,
0.6025,76,20.9,21.2,0.0075,,
0.6105,77,21.6,21.3,0.0080,,
0.6185,78,22.4,21.3,0.0080,,
0.6270,79,23.0,21.3,0.0075,,
0.6355,80,24.0,21.3,0.0075,,
0.6440,81,24.9,21.3,0.0075,,
0.6525,82,25.5,21.3,0.0075,,
0.6600,83,26.3,21.2,0.0075,,
0.6685,84,26.9,21.2,0.0085,,
0.6770,85,28.0,21.2,0.0075,,
0.6850,86,28.9,21.3,0.0075,,
0.6935,87,29.5,21.2,0.0075,,
0.7020,88,30.2,21.2,0.0085,,
0.7095,89,30.9,21.3,0.0075,,
0.7180,90,31.8,21.3,0.0085,,
0.7265,91,32.7,21.3,0.0075,,
0.7350,92,33.3,21.3,0.0075,,
0.7430,93,34.2,21.3,0.0075,,
0.7515,94,34.9,21.3,0.0085,,
0.7590,95,35.8,21.3,0.0075,,
0.7675,96,36.8,21.3,0.0085,,
0.7760,97,37.4,21.3,0.0075,,
0.7845,98,38.3,21.2,0.0075,,
0.7930,99,39.3,21.2,0.0075,,
0.8015,100,40.1,21.3,0.0075,,
0.8090,101,40.9,21.3,0.0075,,
0.8170,102,41.6,21.3,0.0080,,
0.8255,103,42.6,21.3,0.0075,,
0.8340,104,43.8,21.2,0.0075,,
0.8425,105,44.6,21.2,0.0075,,
0.8510,106,45.5,21.2,0.0085,,
0.8585,107,46.2,21.2,0.0075,,
0.8670,108,47.3,21.2,0.0075,,
0.8755,109,48.2,21.2,0.0075,,
0.8840,110,48.9,21.2,0.0075,,
0.8920,111,49.9,21.3,0.0075,,
0.9000,112,50.7,21.2,0.0080,,
0.9080,113,51.8,21.3,0.0080,,
0.9165,114,52.7,21.3,0.0075,,
0.9250,115,53.5,21.2,0.0075,,
0.9335,116,54.6,21.2,0.0075,,
0.9420,117,55.7,21.2,0.0075,,
0.9495,118,56.6,21.3,0.0075,,
0.9580,119,57.5,21.3,0.0085,,
0.9665,120,58.4,21.2,0.0075,,
0.9745,121,59.7,21.2,0.0075,,
0.9830,122,60.6,21.2,0.0075,,
0.9915,123,61.6,21.2,0.0075,,
0.9990,124,62.5,21.3,0.0075,,
1.0075,125,63.6,21.2,0.0085,,
1.0160,126,64.9,21.3,0.0075,,
1.0245,127,65.9,21.3,0.0075,,
1.0330,128,66.9,21.2,0.0075,,
1.0410,129,68.2,21.2,0.0075,,
1.0490,130,69.1,21.2,0.0080,,
1.0570,131,70.3,21.2,0.0080,,
1.0655,132,71.3,21.2,0.0075,,
1.0740,133,72.5,21.2,0.0075,,
1.0825,134,73.9,21.3,0.0075,,
1.0910,135,75.0,21.2,0.0075,,
1.0985,136,76.3,21.2,0.0075,,
1.1070,137,77.4,21.2,0.0075,,
1.1155,138,78.8,21.2,0.0075,,
1.1235,139,80.2,21.3,0.0075,,
1.1320,140,81.3,21.3,0.0075,,
1.1395,141,82.7,21.3,0.0075,,
1.1480,142,84.1,21.2,0.0085,,
1.1565,143,85.6,21.2,0.0075,,
1.1650,144,87.1,21.3,0.0075,,
1.1735,145,88.5,21.3,0.0075,,
1.1820,146,90.2,21.3,0.0075,,
1.1895,147,91.6,21.3,0.0075,,
1.1980,148,93.6,21.3,0.0085,,
1.2060,149,95.3,21.3,0.0075,,
1.2145,150,97.1,21.3,0.0075,,
1.2230,151,99.3,21.3,0.0075,,
1.2315,152,101.3,21.3,0.0075,,
1.2390,153,103.5,21.3,0.0075,,
1.2475,154,105.5,21.2,0.0085,,
1.2560,155,107.8,21.3,0.0075,,
1.2645,156,110.5,21.3,0.0075,,
1.2725,157,113.1,21.3,0.0075,,
1.2810,158,115.8,21.3,0.0075,,
1.2885,159,118.9,21.3,0.0075,,
1.2970,160,122.1,21.2,0.0085,,
1.3055,161,125.9,21.3,0.0075,,
1.3140,162,129.4,21.3,0.0075,,
1.3225,163,133.2,21.3,0.0075,,
1.3310,164,136.8,21.3,0.0085,,
1.3385,165,140.8,21.3,0.0075,,
1.3465,166,145.0,21.3,0.0080,,
1.3550,167,148.9,21.3,0.0075,,
1.3635,168,152.6,21.2,0.0075,,
1.3720,169,156.3,21.3,0.0075,,
1.3805,170,159.7,21.3,0.0075,,
1.3880,171,162.6,21.3,0.0075,,
1.3965,172,165.3,21.3,0.0085,,
1.4050,173,167.9,21.3,0.0075,,
1.4130,174,170.6,21.3,0.0075,,
1.4215,175,172.8,21.3,0.0075,,
1.4300,176,174.7,21.2,0.0075,,
1.4375,177,176.6,21.3,0.0075,,
1.4460,178,178.3,21.3,0.0085,,
1.4545,179,180.2,21.3,0.0075,,
1.4630,180,181.7,21.3,0.0075,,
1.4710,181,183.2,21.3,0.0075,,
1.4795,182,184.7,21.2,0.0075,,
1.4840,183,185.3,21.3,0.0075,,
1.4840,423,187.7,21.2,0.0000,,
1.4845,424,187.7,21.2,0.0005,,
1.4860,425,187.5,21.2,0.0020,,
1.4885,426,187.8,21.2,0.0030,,
1.4925,427,188.2,21.2,0.0050,,
1.4990,428,188.4,21.2,0.0080,,
1.5065,429,189.2,21.2,0.0105,,
1.5150,430,190.3,21.2,0.0120,,
1.5235,431,191.7,21.2,0.0120,,
1.5320,432,192.8,21.2,0.0105,,
1.5400,433,193.5,21.2,0.0100,,
1.5485,434,194.7,21.2,0.0105,,
1.5570,435,195.7,21.2,0.0105,,
1.5645,436,196.5,21.2,0.0105,,
1.5730,437,197.4,21.2,0.0120,,
1.5815,438,198.1,21.2,0.0120,,
1.5900,439,199.1,21.2,0.0105,,
1.5985,440,200.0,21.2,0.0105,,
1.6065,441,200.6,21.2,0.0100,,
1.6140,442,201.3,21.2,0.0105,,
1.6225,443,201.9,21.2,0.0120,,
1.6310,444,202.8,21.2,0.0120,,
1.6395,445,203.5,21.2,0.0105,,
1.6480,446,204.0,21.2,0.0105,,
1.6565,447,204.8,21.2,0.0105,,
1.6640,448,205.2,21.2,0.0105,,
1.6725,449,205.9,21.2,0.0120,,
1.6805,450,206.6,21.2,0.0115,,
1.6890,451,207.1,21.2,0.0105,,
1.6975,452,207.6,21.2,0.0105,,
1.7060,453,208.5,21.2,0.0105,,
1.7135,454,209.0,21.2,0.0105,,
1.7220,455,209.6,21.2,0.0120,,
1.7305,456,209.8,21.2,0.0120,,
1.7385,457,210.4,21.2,0.0100,,
1.7470,458,211.1,21.2,0.0105,,
1.7555,459,211.5,21.2,0.0105,,
1.7630,460,212.1,21.2,0.0105,,
1.7715,461,212.4,21.2,0.0120,,
1.7800,462,212.9,21.2,0.0120,,
1.7885,463,213.5,21.2,0.0105,,
1.7970,464,213.8,21.2,0.0105,,
1.8050,465,214.2,21.2,0.0100,,
1.8125,466,214.7,21.2,0.0105,,
1.8210,467,215.1,21.2,0.0120,,
1.8295,468,215.7,21.2,0.0120,,
1.8380,469,216.0,21.2,0.0105,,
1.8465,470,216.4,21.2,0.0105,,
1.8550,471,216.9,21.2,0.0105,,
1.8625,472,217.2,21.2,0.0105,,
1.8710,473,217.6,21.2,0.0120,,
1.8790,474,217.9,21.2,0.0115,,
1.8875,475,218.4,21.2,0.0105,,
1.8960,476,219.0,21.2,0.0105,,
1.9045,477,219.2,21.2,0.0105,,
1.9120,478,219.7,21.2,0.0105,,
1.9205,479,219.8,21.2,0.0120,,
1.9290,480,220.2,21.2,0.0120,,
1.9375,481,220.7,21.2,0.0105,,
1.9455,482,220.9,21.2,0.0100,,
1.9540,483,221.2,21.2,0.0105,,
1.9615,484,221.5,21.2,0.0105,,
1.9700,485,221.9,21.2,0.0120,,
1.9785,486,222.4,21.2,0.0120,,
1.9870,487,222.5,21.2,0.0105,,
1.9955,488,222.8,21.2,0.0105,,
2.0035,489,223.3,21.2,0.0100,,
2.0115,490,223.5,21.2,0.0115,,
2.0195,491,223.9,21.2,0.0115,,
2.0280,492,224.0,21.2,0.0120,,
2.0365,493,224.5,21.2,0.0105,,
2.0450,494,224.9,21.2,0.0105,,
2.0535,495,225.0,21.2,0.0105,,
2.0610,496,225.3,21.2,0.0105,,
2.0695,497,225.5,21.2,0.0120,,
2.0775,498,225.8,21.2,0.0115,,
2.0860,499,226.3,21.2,0.0105,,
2.0945,500,226.4,21.2,0.0105,,
2.1030,501,226.5,21.2,0.0105,,
2.1105,502,226.7,21.2,0.0105,,
2.1190,503,227.0,21.2,0.0120,,
2.1275,504,227.5,21.2,0.0120,,
2.1360,505,227.6,21.2,0.0105,,
2.1440,506,227.8,21.2,0.0100,,
2.1525,507,228.2,21.2,0.0105,,
2.1600,508,228.3,21.2,0.0105,,
2.1685,509,228.7,21.2,0.0120,,
2.1770,510,228.8,21.2,0.0120,,
2.1855,511,229.0,21.2,0.0105,,
2.1940,512,229.5,21.2,0.0105,,
2.2020,513,229.7,21.2,0.0100,,
2.2100,514,229.9,21.2,0.0115,,
2.2180,515,230.0,21.2,0.0115,,
2.2265,516,230.3,21.2,0.0120,,
2.2350,517,230.7,21.2,0.0105,,
2.2435,518,230.8,21.2,0.0105,,
2.2520,519,230.8,21.2,0.0105,,
2.2595,520,231.1,21.2,0.0105,,
2.2680,521,231.4,21.2,0.0120,,
2.2765,522,231.8,21.2,0.0120,,
2.2845,523,231.8,21.2,0.0100,,
2.2930,524,232.0,21.2,0.0105,,
2.3015,525,232.5,21.2,0.0105,,
2.3090,526,232.5,21.2,0.0105,,
2.3175,527,232.8,21.2,0.0120,,
2.3260,528,232.8,21.2,0.0120,,
2.3345,529,233.1,21.2,0.0105,,
2.3425,530,233.5,21.2,0.0100,,
2.3510,531,233.7,21.2,0.0105,,
2.3585,532,233.9,21.2,0.0105,,
2.3665,533,234.0,21.2,0.0115,,
2.3735,534,234.3,21.2,0.0100,,
2.3770,535,234.6,21.2,0.0045,,
2.3775,536,234.5,21.2,0.0005,,
2.3780,537,234.4,21.2,0.0005,,
2.3785,538,234.4,21.2,0.0005,,
2.3800,539,234.6,21.2,0.0020,,
2.3815,540,234.8,21.2,0.0020,,
2.3835,541,234.6,21.2,0.0025,,
2.3855,542,234.7,21.2,0.0025,,
2.3860,543,234.9,21.2,0.0005,,
2.3870,544,234.8,21.2,0.0015,,
2.3875,545,234.8,21.2,0.0005,,
2.3880,546,234.6,21.2,0.0005,,
2.3890,547,234.6,21.2,0.0010,,
2.3895,547,235.0,21.2,0.0010,,
Scope 1/1, Sample 2/32 (junk2)
Result,TitrationEP1
V,t,E,T,dV/dt,E acc. stat.,Volume acc. stat.
0.0000,0,-75.5,21.0,NaN,,
0.0010,1,-75.4,21.0,0.0010,,
0.0025,2,-75.6,21.0,0.0015,,
0.0050,3,-75.5,21.0,0.0020,,
0.0095,4,-75.2,21.0,0.0035,,
0.0150,5,-74.9,21.0,0.0050,,
0.0235,6,-74.4,21.0,0.0075,,
0.0320,7,-73.7,21.0,0.0075,,
0.0405,8,-72.6,21.0,0.0075,,
0.0490,9,-71.3,21.0,0.0070,,
0.0575,10,-70.3,21.0,0.0070,,
0.0650,11,-69.0,21.0,0.0070,,
0.0730,12,-67.9,21.0,0.0075,,
0.0815,13,-66.4,21.0,0.0075,,
0.0900,14,-64.8,21.0,0.0075,,
0.0985,15,-63.5,21.0,0.0075,,
0.1070,16,-61.8,21.0,0.0070,,
0.1155,17,-60.4,21.0,0.0075,,
0.1230,18,-58.4,21.1,0.0070,,
0.1315,19,-56.4,21.0,0.0075,,
0.1395,20,-54.7,21.0,0.0075,,
0.1480,21,-52.6,21.0,0.0075,,
0.1565,22,-50.3,21.0,0.0070,,
0.1650,23,-48.2,21.0,0.0075,,
0.1725,24,-45.8,21.0,0.0070,,
0.1810,25,-43.4,21.0,0.0075,,
0.1895,26,-40.7,21.0,0.0075,,
0.1975,27,-37.7,21.0,0.0075,,
0.2060,28,-35.0,21.0,0.0070,,
0.2145,29,-32.1,21.0,0.0075,,
0.2220,30,-29.3,21.0,0.0070,,
0.2305,31,-26.2,21.0,0.0075,,
0.2390,32,-23.2,21.0,0.0075,,
0.2475,33,-20.7,21.0,0.0075,,
0.2560,34,-18.4,21.0,0.0070,,
0.2640,35,-16.4,21.0,0.0075,,
0.2720,36,-14.3,21.0,0.0075,,
0.2800,37,-12.4,21.0,0.0075,,
0.2885,38,-10.8,21.0,0.0075,,
0.2970,39,-9.2,21.0,0.0075,,
0.3055,40,-7.7,21.0,0.0070,,
0.3140,41,-6.4,21.0,0.0075,,
0.3215,42,-4.9,21.0,0.0070,,
0.3300,43,-3.8,21.1,0.0075,,
0.3380,44,-2.6,21.0,0.0075,,
0.3465,45,-1.4,21.0,0.0075,,
0.3550,46,-0.5,21.0,0.0070,,
0.3635,47,0.4,21.0,0.0075,,
0.3710,48,1.3,21.0,0.0070,,
0.3795,49,2.4,21.1,0.0075,,
0.3880,50,3.7,21.1,0.0075,,
0.3960,51,4.7,21.1,0.0065,,
0.4045,52,5.6,21.0,0.0070,,
0.4130,53,6.5,21.1,0.0075,,
0.4205,54,7.4,21.0,0.0070,,
0.4290,55,8.3,21.0,0.0075,,
0.4375,56,9.1,21.0,0.0075,,
0.4460,57,9.9,21.0,0.0075,,
0.4540,58,10.9,21.0,0.0065,,
0.4625,59,11.8,21.1,0.0070,,
0.4700,60,12.6,21.1,0.0070,,
0.4785,61,13.3,21.1,0.0075,,
0.4870,62,14.1,21.1,0.0075,,
0.4955,63,15.1,21.1,0.0075,,
0.5040,64,15.9,21.1,0.0070,,
0.5120,65,16.6,21.1,0.0065,,
0.5200,66,17.5,21.1,0.0075,,
0.5280,67,18.2,21.1,0.0075,,
0.5365,68,19.1,21.1,0.0075,,
0.5450,69,19.9,21.1,0.0075,,
0.5535,70,20.5,21.1,0.0070,,
0.5620,71,21.5,21.1,0.0070,,
0.5695,72,22.1,21.1,0.0070,,
0.5780,73,23.1,21.1,0.0075,,
0.5865,74,23.8,21.1,0.0075,,
0.5945,75,24.4,21.1,0.0075,,
0.6030,76,25.3,21.1,0.0070,,
0.6115,77,26.2,21.1,0.0070,,
0.6200,78,27.0,21.1,0.0075,,
0.6275,79,27.7,21.1,0.0070,,
0.6360,80,28.3,21.1,0.0075,,
0.6445,81,29.2,21.1,0.0075,,
0.6525,82,30.1,21.1,0.0075,,
0.6610,83,30.8,21.1,0.0070,,
0.6695,84,31.6,21.1,0.0075,,
0.6770,85,32.3,21.1,0.0070,,
0.6855,86,33.2,21.1,0.0075,,
0.6940,87,34.1,21.1,0.0075,,
0.7025,88,34.7,21.1,0.0075,,
0.7105,89,35.5,21.1,0.0065,,
0.7190,90,36.3,21.1,0.0075,,
0.7265,91,37.3,21.1,0.0070,,
0.7350,92,38.1,21.1,0.0075,,
0.7435,93,38.8,21.1,0.0075,,
0.7520,94,39.6,21.1,0.0075,,
0.7605,95,40.6,21.1,0.0070,,
0.7690,96,41.4,21.1,0.0075,,
0.7765,97,42.2,21.1,0.0070,,
0.7850,98,42.8,21.1,0.0075,,
0.7930,99,43.8,21.1,0.0075,,
0.8015,100,44.9,21.1,0.0075,,
0.8100,101,45.6,21.1,0.0070,,
0.8185,102,46.6,21.1,0.0075,,
0.8260,103,47.3,21.1,0.0070,,
0.8345,104,48.3,21.1,0.0075,,
0.8430,105,49.2,21.1,0.0075,,
0.8510,106,50.0,21.1,0.0075,,
0.8595,107,50.8,21.1,0.0070,,
0.8680,108,52.0,21.1,0.0070,,
0.8755,109,52.8,21.1,0.0070,,
0.8840,110,53.8,21.1,0.0075,,
0.8925,111,54.6,21.1,0.0075,,
0.9010,112,55.4,21.1,0.0075,,
0.9090,113,56.6,21.1,0.0065,,
0.9175,114,57.6,21.1,0.0070,,
0.9250,115,58.4,21.1,0.0070,,
0.9335,116,59.3,21.1,0.0075,,
0.9420,117,60.1,21.1,0.0075,,
0.9505,118,61.2,21.1,0.0075,,
0.9590,119,62.2,21.1,0.0070,,
0.9670,120,63.0,21.1,0.0065,,
0.9750,121,64.0,21.1,0.0075,,
0.9830,122,64.9,21.1,0.0075,,
0.9915,123,66.2,21.1,0.0075,,
1.0000,124,67.3,21.1,0.0075,,
1.0085,125,68.2,21.1,0.0070,,
1.0170,126,69.5,21.1,0.0070,,
1.0245,127,70.4,21.1,0.0070,,
1.0330,128,71.7,21.1,0.0075,,
1.0415,129,72.7,21.1,0.0075,,
1.0495,130,73.7,21.1,0.0075,,
1.0580,131,75.0,21.1,0.0070,,
1.0665,132,76.3,21.1,0.0070,,
1.0740,133,77.3,21.1,0.0070,,
1.0825,134,78.4,21.1,0.0075,,
1.0910,135,79.5,21.1,0.0075,,
1.0995,136,80.9,21.1,0.0075,,
1.1075,137,82.3,21.1,0.0075,,
1.1160,138,83.4,21.1,0.0070,,
1.1245,139,84.7,21.1,0.0075,,
1.1320,140,85.9,21.1,0.0070,,
1.1405,141,87.5,21.1,0.0075,,
1.1490,142,88.9,21.1,0.0075,,
1.1575,143,90.4,21.1,0.0075,,
1.1655,144,91.9,21.1,0.0065,,
1.1740,145,93.3,21.1,0.0075,,
1.1815,146,95.1,21.1,0.0070,,
1.1900,147,96.8,21.1,0.0075,,
1.1985,148,98.6,21.1,0.0075,,
1.2070,149,100.6,21.1,0.0075,,
1.2155,150,102.5,21.1,0.0070,,
1.2240,151,104.4,21.1,0.0075,,
1.2315,152,106.4,21.1,0.0070,,
1.2395,153,108.3,21.1,0.0075,,
1.2480,154,110.8,21.1,0.0075,,
1.2565,155,113.5,21.1,0.0075,,
1.2650,156,116.1,21.1,0.0070,,
1.2735,157,118.6,21.1,0.0075,,
1.2810,158,121.3,21.1,0.0070,,
1.2895,159,124.9,21.1,0.0075,,
1.2980,160,128.1,21.1,0.0075,,
1.3065,161,131.3,21.1,0.0070,,
1.3145,162,134.8,21.1,0.0065,,
1.3230,163,138.2,21.1,0.0075,,
1.3305,164,142.3,21.1,0.0070,,
1.3390,165,146.0,21.1,0.0075,,
1.3475,166,149.6,21.1,0.0075,,
1.3560,167,153.3,21.1,0.0070,,
1.3645,168,156.8,21.1,0.0070,,
1.3720,169,159.7,21.1,0.0070,,
1.3805,170,162.6,21.1,0.0075,,
1.3885,171,165.3,21.1,0.0075,,
1.3970,172,168.1,21.1,0.0075,,
1.4055,173,170.5,21.1,0.0070,,
1.4140,174,172.6,21.1,0.0070,,
1.4215,175,174.6,21.1,0.0070,,
1.4300,176,176.4,21.1,0.0075,,
1.4385,177,178.5,21.1,0.0075,,
1.4465,178,180.1,21.1,0.0075,,
1.4550,179,181.5,21.1,0.0070,,
1.4635,180,183.2,21.1,0.0070,,
1.4710,181,184.5,21.1,0.0070,,
1.4765,182,185.1,21.1,0.0070,,
1.4765,422,187.1,21.1,0.0000,,
1.4770,423,186.9,21.1,0.0005,,
1.4785,424,186.9,21.1,0.0015,,
1.4810,425,187.3,21.1,0.0030,,
1.4850,426,187.6,21.1,0.0040,,
1.4910,427,188.1,21.1,0.0060,,
1.4990,428,189.2,21.1,0.0080,,
1.5070,429,190.2,21.1,0.0090,,
1.5150,430,191.5,21.1,0.0090,,
1.5235,431,192.3,21.1,0.0095,,
1.5320,432,193.2,21.1,0.0085,,
1.5405,433,194.4,21.1,0.0085,,
1.5490,434,195.4,21.1,0.0085,,
1.5565,435,196.3,21.1,0.0085,,
1.5650,436,197.0,21.1,0.0095,,
1.5735,437,197.9,21.1,0.0095,,
1.5815,438,198.9,21.1,0.0080,,
1.5900,439,199.7,21.1,0.0085,,
1.5985,440,200.3,21.1,0.0085,,
1.6060,441,201.1,21.1,0.0085,,
1.6145,442,201.8,21.1,0.0095,,
1.6230,443,202.6,21.1,0.0085,,
1.6315,444,203.1,21.1,0.0085,,
1.6400,445,203.9,21.1,0.0085,,
1.6480,446,204.4,21.1,0.0090,,
1.6560,447,205.3,21.1,0.0090,,
1.6640,448,206.0,21.1,0.0090,,
1.6725,449,206.4,21.1,0.0095,,
1.6810,450,207.0,21.1,0.0085,,
1.6895,451,207.8,21.1,0.0085,,
1.6980,452,208.3,21.1,0.0095,,
1.7055,453,208.9,21.1,0.0085,,
1.7140,454,209.2,21.1,0.0095,,
1.7220,455,209.8,21.1,0.0080,,
1.7305,456,210.4,21.1,0.0085,,
1.7390,457,210.9,21.1,0.0085,,
1.7475,458,211.2,21.1,0.0085,,
1.7550,459,211.6,21.1,0.0085,,
1.7635,460,212.1,21.1,0.0095,,
1.7720,461,212.8,21.1,0.0095,,
1.7800,462,213.1,21.1,0.0080,,
1.7885,463,213.5,21.1,0.0085,,
1.7970,464,214.2,21.1,0.0085,,
1.8045,465,214.4,21.1,0.0085,,
1.8130,466,215.0,21.1,0.0095,,
1.8215,467,215.4,21.1,0.0085,,
1.8300,468,215.6,21.1,0.0085,,
1.8385,469,216.3,21.1,0.0085,,
1.8465,470,216.7,21.1,0.0080,,
1.8545,471,217.0,21.1,0.0090,,
1.8625,472,217.3,21.1,0.0090,,
1.8710,473,217.6,21.1,0.0095,,
1.8795,474,218.2,21.1,0.0085,,
1.8880,475,218.7,21.1,0.0085,,
1.8960,476,219.0,21.1,0.0080,,
1.9045,477,219.4,21.1,0.0095,,
1.9120,478,219.5,21.1,0.0085,,
1.9205,479,220.0,21.1,0.0095,,
1.9290,480,220.5,21.1,0.0085,,
1.9375,481,220.7,21.1,0.0085,,
1.9460,482,221.0,21.1,0.0085,,
1.9545,483,221.2,21.1,0.0095,,
1.9620,484,221.6,21.1,0.0085,,
1.9700,485,222.0,21.1,0.0090,,
1.9785,486,222.2,21.1,0.0085,,
1.9870,487,222.5,21.1,0.0085,,
1.9955,488,223.0,21.1,0.0085,,
2.0040,489,223.2,21.1,0.0095,,
2.0115,490,223.5,21.1,0.0085,,
2.0200,491,223.7,21.1,0.0095,,
2.0285,492,224.0,21.1,0.0095,,
2.0365,493,224.6,21.1,0.0080,,
2.0450,494,224.8,21.1,0.0085,,
2.0535,495,225.0,21.1,0.0085,,
2.0610,496,225.4,21.1,0.0085,,
2.0695,497,225.6,21.1,0.0095,,
2.0780,498,226.1,21.1,0.0095,,
2.0865,499,226.3,21.1,0.0085,,
2.0945,500,226.4,21.1,0.0080,,
2.1030,501,226.9,21.1,0.0085,,
2.1105,502,226.9,21.1,0.0085,,
2.1190,503,227.4,21.1,0.0095,,
2.1275,504,227.5,21.1,0.0095,,
2.1360,505,227.7,21.1,0.0085,,
2.1445,506,228.2,21.1,0.0085,,
2.1525,507,228.4,21.1,0.0080,,
2.1605,508,228.7,21.1,0.0090,,
2.1685,509,228.8,21.1,0.0090,,
2.1770,510,229.0,21.1,0.0095,,
2.1855,511,229.4,21.1,0.0085,,
2.1940,512,229.6,21.1,0.0085,,
2.2025,513,229.7,21.1,0.0085,,
2.2100,514,230.0,21.1,0.0085,,
2.2185,515,230.2,21.1,0.0095,,
2.2270,516,230.6,21.1,0.0085,,
2.2350,517,230.8,21.1,0.0080,,
2.2435,518,230.8,21.1,0.0085,,
2.2520,519,231.2,21.1,0.0085,,
2.2595,520,231.2,21.1,0.0085,,
2.2680,521,231.6,21.1,0.0095,,
2.2765,522,231.7,21.1,0.0095,,
2.2850,523,231.9,21.1,0.0085,,
2.2930,524,232.2,21.1,0.0080,,
2.3015,525,232.6,21.1,0.0085,,
2.3090,526,232.7,21.1,0.0085,,
2.3175,527,232.8,21.1,0.0095,,
2.3260,528,232.8,21.1,0.0095,,
2.3345,529,233.2,21.1,0.0085,,
2.3430,530,233.4,21.1,0.0085,,
2.3510,531,233.5,21.1,0.0080,,
2.3580,532,233.8,21.1,0.0080,,
2.3665,533,233.8,21.1,0.0095,,
2.3725,534,234.2,21.1,0.0065,,
2.3730,535,234.3,21.1,0.0005,,
2.3740,536,234.1,21.1,0.0010,,
2.3750,537,234.2,21.1,0.0010,,
2.3765,538,234.3,21.1,0.0015,,
2.3770,539,234.5,21.1,0.0005,,
2.3780,540,234.6,21.1,0.0010,,
2.3790,541,234.4,21.1,0.0010,,
2.3800,542,234.5,21.1,0.0010,,
2.3810,543,234.7,21.1,0.0010,,
2.3830,544,234.7,21.1,0.0020,,
2.3840,545,234.7,21.1,0.0010,,
2.3845,546,234.5,21.1,0.0005,,
2.3850,547,234.5,21.1,0.0005,,
2.3855,548,234.7,21.1,0.0005,,
2.3865,549,234.7,21.1,0.0010,,
2.3880,550,234.6,21.1,0.0015,,
2.3895,551,234.6,21.1,0.0015,,
2.3900,552,234.7,21.1,0.0005,,
2.3915,553,234.9,21.1,0.0015,,
2.3930,554,234.7,21.1,0.0015,,
2.3935,554,235.0,21.1,0.0015,,
Scope 1/1, Sample 3/32 (S1)
Result,TitrationEP1
V,t,E,T,dV/dt,E acc. stat.,Volume acc. stat.
0.0000,0,-64.3,20.1,NaN,,
0.0010,1,-64.3,20.1,0.0010,,
0.0025,2,-64.3,20.1,0.0015,,
0.0050,3,-64.5,20.1,0.0020,,
0.0085,4,-64.3,20.1,0.0030,,
0.0150,5,-63.8,20.1,0.0060,,
0.0230,6,-63.0,20.1,0.0075,,
0.0315,7,-62.0,20.1,0.0075,,
0.0400,8,-60.8,20.1,0.0075,,
0.0485,9,-59.6,20.1,0.0075,,
0.0560,10,-57.8,20.1,0.0070,,
0.0645,11,-56.0,20.1,0.0075,,
0.0730,12,-54.3,20.1,0.0075,,
0.0810,13,-52.4,20.1,0.0075,,
0.0895,14,-50.1,20.1,0.0075,,
0.0980,15,-48.1,20.1,0.0075,,
0.1055,16,-45.8,20.1,0.0070,,
0.1140,17,-43.4,20.1,0.0075,,
0.1225,18,-40.7,20.1,0.0075,,
0.1310,19,-37.8,20.1,0.0075,,
0.1390,20,-35.0,20.1,0.0075,,
0.1475,21,-32.4,20.1,0.0075,,
0.1550,22,-29.6,20.1,0.0070,,
0.1635,23,-26.5,20.1,0.0075,,
0.1720,24,-23.8,20.1,0.0075,,
0.1805,25,-21.5,20.1,0.0075,,
0.1890,26,-19.2,20.1,0.0075,,
0.1970,27,-17.3,20.1,0.0075,,
0.2050,28,-15.3,20.1,0.0075,,
0.2130,29,-13.4,20.1,0.0075,,
0.2215,30,-11.8,20.1,0.0075,,
0.2300,31,-10.3,20.1,0.0075,,
0.2385,32,-8.7,20.1,0.0075,,
0.2470,33,-7.4,20.1,0.0075,,
0.2545,34,-6.0,20.1,0.0070,,
0.2630,35,-4.8,20.1,0.0075,,
0.2715,36,-3.6,20.1,0.0075,,
0.2795,37,-2.4,20.1,0.0075,,
0.2880,38,-1.5,20.1,0.0075,,
0.2965,39,-0.6,20.1,0.0070,,
0.3040,40,0.3,20.1,0.0070,,
0.3125,41,1.4,20.1,0.0075,,
0.3210,42,2.5,20.1,0.0075,,
0.3295,43,3.5,20.1,0.0075,,
0.3375,44,4.4,20.1,0.0075,,
0.3460,45,5.4,20.1,0.0075,,
0.3535,46,6.1,20.1,0.0070,,
0.3620,47,7.2,20.1,0.0075,,
0.3705,48,7.9,20.2,0.0075,,
0.3790,49,8.8,20.2,0.0075,,
0.3875,50,9.7,20.1,0.0075,,
0.3955,51,10.6,20.2,0.0075,,
0.4035,52,11.4,20.1,0.0075,,
0.4115,53,12.2,20.1,0.0075,,
0.4200,54,13.0,20.2,0.0075,,
0.4285,55,13.9,20.2,0.0075,,
0.4370,56,14.7,20.2,0.0075,,
0.4455,57,15.4,20.2,0.0075,,
0.4530,58,16.2,20.2,0.0070,,
0.4615,59,17.0,20.2,0.0075,,
0.4700,60,17.9,20.2,0.0075,,
0.4780,61,18.7,20.2,0.0075,,
0.4865,62,19.3,20.2,0.0075,,
0.4950,63,20.3,20.2,0.0075,,
0.5035,64,21.0,20.2,0.0075,,
0.5110,65,21.9,20.2,0.0070,,
0.5195,66,22.6,20.2,0.0075,,
0.5280,67,23.3,20.2,0.0075,,
0.5360,68,24.2,20.2,0.0075,,
0.5445,69,25.2,20.2,0.0075,,
0.5530,70,25.9,20.2,0.0075,,
0.5605,71,26.5,20.2,0.0070,,
0.5690,72,27.1,20.2,0.0075,,
0.5775,73,28.1,20.2,0.0075,,
0.5860,74,28.9,20.2,0.0075,,
0.5945,75,29.5,20.2,0.0075,,
0.6020,76,30.2,20.2,0.0070,,
0.6100,77,31.0,20.2,0.0075,,
0.6185,78,32.0,20.2,0.0075,,
0.6270,79,32.7,20.2,0.0075,,
0.6355,80,33.4,20.2,0.0075,,
0.6440,81,34.4,20.2,0.0075,,
0.6515,82,35.0,20.2,0.0070,,
0.6600,83,36.0,20.2,0.0075,,
0.6685,84,36.7,20.2,0.0075,,
0.6765,85,37.4,20.2,0.0075,,
0.6850,86,38.3,20.2,0.0075,,
0.6935,87,39.2,20.2,0.0075,,
0.7010,88,40.0,20.2,0.0070,,
0.7095,89,40.7,20.2,0.0075,,
0.7180,90,41.4,20.2,0.0075,,
0.7265,91,42.4,20.2,0.0075,,
0.7350,92,43.3,20.2,0.0075,,
0.7430,93,44.0,20.2,0.0065,,
0.7510,94,44.7,20.2,0.0075,,
0.7590,95,45.6,20.2,0.0075,,
0.7675,96,46.6,20.2,0.0075,,
0.7760,97,47.3,20.2,0.0075,,
0.7845,98,48.1,20.2,0.0075,,
0.7930,99,49.1,20.2,0.0070,,
0.8005,100,49.8,20.2,0.0070,,
0.8090,101,51.0,20.2,0.0075,,
0.8170,102,51.8,20.2,0.0075,,
0.8255,103,52.6,20.2,0.0075,,
0.8340,104,53.6,20.2,0.0075,,
0.8425,105,54.6,20.2,0.0075,,
0.8500,106,55.5,20.2,0.0070,,
0.8585,107,56.3,20.2,0.0075,,
0.8670,108,57.2,20.2,0.0075,,
0.8750,109,58.3,20.2,0.0075,,
0.8835,110,59.2,20.2,0.0075,,
0.8920,111,60.0,20.2,0.0075,,
0.8995,112,61.0,20.2,0.0070,,
0.9080,113,62.0,20.2,0.0075,,
0.9165,114,63.2,20.2,0.0075,,
0.9250,115,64.2,20.2,0.0075,,
0.9335,116,65.0,20.2,0.0075,,
0.9415,117,66.1,20.2,0.0075,,
0.9500,118,67.0,20.2,0.0075,,
0.9575,119,68.3,20.2,0.0070,,
0.9660,120,69.4,20.2,0.0075,,
0.9745,121,70.3,20.2,0.0075,,
0.9830,122,71.4,20.2,0.0075,,
0.9915,123,72.6,20.2,0.0075,,
0.9995,124,73.6,20.2,0.0075,,
1.0075,125,74.9,20.2,0.0075,,
1.0155,126,76.0,20.2,0.0075,,
1.0240,127,77.3,20.2,0.0075,,
1.0325,128,78.6,20.2,0.0075,,
1.0410,129,79.5,20.2,0.0075,,
1.0485,130,80.8,20.2,0.0070,,
1.0570,131,82.1,20.2,0.0075,,
1.0655,132,83.5,20.2,0.0075,,
1.0740,133,84.7,20.2,0.0075,,
1.0820,134,86.0,20.2,0.0075,,
1.0905,135,87.4,20.2,0.0075,,
1.0980,136,88.6,20.2,0.0070,,
1.1065,137,90.3,20.2,0.0075,,
1.1150,138,91.7,20.2,0.0075,,
1.1235,139,93.3,20.2,0.0075,,
1.1320,140,95.2,20.2,0.0075,,
1.1405,141,96.9,20.2,0.0070,,
1.1480,142,98.4,20.2,0.0070,,
1.1565,143,100.1,20.2,0.0075,,
1.1645,144,102.0,20.2,0.0075,,
1.1730,145,104.1,20.2,0.0075,,
1.1815,146,106.4,20.2,0.0075,,
1.1900,147,108.2,20.2,0.0075,,
1.1975,148,110.4,20.2,0.0070,,
1.2060,149,112.6,20.2,0.0075,,
1.2145,150,115.5,20.2,0.0075,,
1.2225,151,118.3,20.2,0.0075,,
1.2310,152,121.1,20.2,0.0075,,
1.2395,153,124.0,20.2,0.0075,,
1.2470,154,126.9,20.2,0.0070,,
1.2555,155,130.6,20.2,0.0075,,
1.2640,156,134.3,20.2,0.0075,,
1.2725,157,138.0,20.2,0.0075,,
1.2805,158,141.8,20.2,0.0075,,
1.2890,159,145.6,20.2,0.0075,,
1.2975,160,148.9,20.2,0.0075,,
1.3050,161,152.5,20.2,0.0070,,
1.3135,162,155.8,20.2,0.0075,,
1.3220,163,159.1,20.2,0.0075,,
1.3305,164,162.3,20.2,0.0075,,
1.3385,165,165.0,20.2,0.0075,,
1.3470,166,167.6,20.2,0.0070,,
1.3545,167,169.7,20.2,0.0070,,
1.3630,168,172.1,20.2,0.0075,,
1.3715,169,174.1,20.2,0.0075,,
1.3800,170,176.1,20.2,0.0075,,
1.3885,171,177.7,20.2,0.0075,,
1.3970,172,179.7,20.2,0.0070,,
1.4045,173,180.9,20.2,0.0070,,
1.4125,174,182.4,20.2,0.0075,,
1.4210,175,183.9,20.2,0.0075,,
1.4300,176,185.0,20.2,0.0075,,
1.4300,416,187.2,20.3,0.0000,,
1.4305,417,187.1,20.3,0.0005,,
1.4320,418,187.2,20.3,0.0010,,
1.4345,419,187.5,20.3,0.0020,,
1.4385,420,187.8,20.3,0.0030,,
1.4450,421,188.4,20.3,0.0045,,
1.4535,422,189.4,20.3,0.0060,,
1.4610,423,190.4,20.3,0.0060,,
1.4695,424,191.6,20.3,0.0065,,
1.4775,425,192.5,20.3,0.0060,,
1.4860,426,193.4,20.3,0.0060,,
1.4945,427,194.5,20.3,0.0060,,
1.5030,428,195.4,20.3,0.0060,,
1.5105,429,196.4,20.3,0.0060,,
1.5190,430,196.9,20.3,0.0065,,
1.5275,431,197.8,20.3,0.0065,,
1.5360,432,198.7,20.3,0.0060,,
1.5440,433,199.4,20.3,0.0055,,
1.5525,434,200.2,20.3,0.0060,,
1.5600,435,200.9,20.3,0.0060,,
1.5685,436,201.6,20.3,0.0065,,
1.5770,437,202.5,20.3,0.0065,,
1.5855,438,203.0,20.3,0.0060,,
1.5940,439,203.6,20.3,0.0060,,
1.6020,440,204.4,20.3,0.0055,,
1.6100,441,204.9,20.3,0.0060,,
1.6180,442,205.7,20.3,0.0060,,
1.6265,443,206.1,20.3,0.0065,,
1.6350,444,206.7,20.3,0.0060,,
1.6435,445,207.5,20.3,0.0060,,
1.6520,446,208.1,20.3,0.0060,,
1.6595,447,208.6,20.3,0.0060,,
1.6680,448,209.0,20.3,0.0065,,
1.6765,449,209.4,20.3,0.0065,,
1.6845,450,210.1,20.3,0.0055,,
1.6930,451,210.4,20.3,0.0060,,
1.7015,452,210.8,20.3,0.0060,,
1.7090,453,211.3,20.3,0.0060,,
1.7175,454,211.9,20.3,0.0065,,
1.7260,455,212.5,20.3,0.0065,,
1.7345,456,212.8,20.3,0.0060,,
1.7425,457,213.1,20.3,0.0055,,
1.7510,458,213.8,20.3,0.0060,,
1.7585,459,214.0,20.3,0.0060,,
1.7670,460,214.7,20.3,0.0065,,
1.7755,461,214.9,20.3,0.0065,,
1.7840,462,215.2,20.3,0.0060,,
1.7925,463,215.8,20.3,0.0060,,
1.8010,464,216.3,20.3,0.0060,,
1.8090,465,216.7,20.3,0.0060,,
1.8165,466,217.0,20.3,0.0060,,
1.8250,467,217.2,20.3,0.0065,,
1.8335,468,217.8,20.3,0.0060,,
1.8420,469,218.1,20.3,0.0060,,
1.8505,470,218.4,20.3,0.0060,,
1.8580,471,218.8,20.3,0.0060,,
1.8665,472,219.0,20.3,0.0065,,
1.8750,473,219.6,20.3,0.0065,,
1.8830,474,219.9,20.3,0.0055,,
1.8915,475,220.1,20.3,0.0060,,
1.9000,476,220.6,20.3,0.0060,,
1.9085,477,220.8,20.3,0.0065,,
1.9160,478,221.2,20.3,0.0060,,
1.9245,479,221.6,20.3,0.0065,,
1.9330,480,221.7,20.3,0.0060,,
1.9410,481,222.1,20.3,0.0055,,
1.9495,482,222.6,20.3,0.0060,,
1.9580,483,222.8,20.3,0.0065,,
1.9655,484,223.1,20.3,0.0060,,
1.9740,485,223.3,20.3,0.0065,,
1.9825,486,223.7,20.3,0.0060,,
1.9910,487,224.2,20.3,0.0060,,
1.9990,488,224.2,20.3,0.0055,,
2.0075,489,224.5,20.3,0.0060,,
2.0150,490,224.8,20.3,0.0060,,
2.0235,491,225.2,20.3,0.0065,,
2.0320,492,225.6,20.3,0.0060,,
2.0405,493,225.7,20.3,0.0060,,
2.0490,494,226.0,20.3,0.0060,,
2.0575,495,226.4,20.3,0.0060,,
2.0650,496,226.5,20.3,0.0060,,
2.0730,497,226.8,20.3,0.0060,,
2.0815,498,226.9,20.3,0.0065,,
2.0900,499,227.3,20.3,0.0060,,
2.0985,500,227.6,20.3,0.0060,,
2.1070,501,227.8,20.3,0.0060,,
2.1145,502,228.1,20.3,0.0060,,
2.1230,503,228.1,20.3,0.0065,,
2.1315,504,228.4,20.3,0.0065,,
2.1395,505,228.8,20.3,0.0055,,
2.1480,506,229.0,20.3,0.0060,,
2.1565,507,229.1,20.3,0.0060,,
2.1640,508,229.4,20.3,0.0060,,
2.1725,509,229.6,20.3,0.0065,,
2.1810,510,230.0,20.3,0.0065,,
2.1895,511,230.1,20.3,0.0060,,
2.1980,512,230.4,20.3,0.0060,,
2.2060,513,230.8,20.3,0.0055,,
2.2135,514,230.8,20.3,0.0060,,
2.2220,515,231.1,20.3,0.0065,,
2.2305,516,231.2,20.3,0.0065,,
2.2390,517,231.4,20.3,0.0060,,
2.2475,518,231.7,20.3,0.0060,,
2.2560,519,231.9,20.3,0.0060,,
2.2635,520,232.1,20.3,0.0060,,
2.2720,521,232.2,20.3,0.0065,,
2.2800,522,232.4,20.3,0.0060,,
2.2885,523,232.7,20.3,0.0060,,
2.2970,524,233.0,20.3,0.0060,,
2.3055,525,233.2,20.3,0.0060,,
2.3140,526,233.5,20.3,0.0065,,
2.3215,527,233.6,20.3,0.0060,,
2.3300,528,233.9,20.3,0.0065,,
2.3380,529,234.0,20.3,0.0055,,
2.3460,530,234.0,20.3,0.0055,,
2.3475,531,234.3,20.3,0.0010,,
2.3480,532,234.3,20.3,0.0005,,
2.3485,533,234.5,20.3,0.0005,,
2.3500,534,234.5,20.3,0.0010,,
2.3510,535,234.4,20.3,0.0005,,
2.3525,536,234.5,20.3,0.0010,,
2.3545,537,234.7,20.4,0.0015,,
2.3560,538,234.7,20.3,0.0010,,
2.3575,539,234.7,20.3,0.0010,,
2.3595,540,234.6,20.3,0.0015,,
2.3615,541,234.7,20.4,0.0015,,
2.3640,542,234.8,20.3,0.0020,,
2.3670,543,234.8,20.4,0.0020,,
2.3690,544,234.9,20.3,0.0015,,
2.3705,546,235.0,20.4,0.0010,,
Scope 1/1, Sample 4/32 (S2)
Result,TitrationEP1
V,t,E,T,dV/dt,E acc. stat.,Volume acc. stat.
0.0000,0,-70.6,19.7,NaN,,
0.0010,1,-70.7,19.7,0.0010,,
0.0025,2,-70.6,19.7,0.0015,,
0.0050,3,-70.8,19.7,0.0020,,
0.0095,4,-70.7,19.7,0.0035,,
0.0160,5,-70.5,19.7,0.0060,,
0.0235,6,-69.7,19.7,0.0070,,
0.0320,7,-68.8,19.7,0.0075,,
0.0405,8,-67.8,19.7,0.0075,,
0.0490,9,-66.4,19.7,0.0070,,
0.0570,10,-64.8,19.7,0.0065,,
0.0655,11,-63.6,19.7,0.0075,,
0.0730,12,-62.0,19.7,0.0070,,
0.0815,13,-60.5,19.7,0.0075,,
0.0900,14,-58.7,19.7,0.0075,,
0.0985,15,-56.7,19.7,0.0070,,
0.1070,16,-54.9,19.7,0.0070,,
0.1155,17,-53.0,19.7,0.0075,,
0.1230,18,-51.0,19.7,0.0070,,
0.1310,19,-48.5,19.7,0.0075,,
0.1395,20,-46.1,19.7,0.0075,,
0.1480,21,-43.9,19.7,0.0070,,
0.1565,22,-41.0,19.7,0.0070,,
0.1650,23,-38.5,19.7,0.0075,,
0.1725,24,-35.5,19.7,0.0070,,
0.1810,25,-32.7,19.7,0.0075,,
0.1895,26,-30.1,19.7,0.0075,,
0.1975,27,-27.2,19.7,0.0065,,
0.2060,28,-24.5,19.7,0.0070,,
0.2145,29,-22.4,19.7,0.0075,,
0.2220,30,-20.2,19.7,0.0070,,
0.2305,31,-18.2,19.7,0.0075,,
0.2390,32,-16.3,19.7,0.0075,,
0.2475,33,-14.6,19.7,0.0070,,
0.2560,34,-13.2,19.8,0.0070,,
0.2640,35,-11.7,19.8,0.0075,,
0.2715,36,-10.3,19.8,0.0070,,
0.2800,37,-8.8,19.8,0.0075,,
0.2885,38,-7.5,19.8,0.0075,,
0.2970,39,-6.5,19.8,0.0070,,
0.3055,40,-5.3,19.8,0.0070,,
0.3140,41,-4.3,19.8,0.0075,,
0.3215,42,-3.0,19.8,0.0070,,
0.3300,43,-2.0,19.8,0.0075,,
0.3380,44,-1.1,19.8,0.0075,,
0.3465,45,-0.1,19.8,0.0070,,
0.3550,46,0.9,19.8,0.0070,,
0.3635,47,1.8,19.8,0.0075,,
0.3710,48,2.8,19.8,0.0070,,
0.3795,49,3.5,19.8,0.0075,,
0.3880,50,4.7,19.8,0.0075,,
0.3960,51,5.7,19.8,0.0065,,
0.4045,52,6.5,19.8,0.0070,,
0.4130,53,7.4,19.8,0.0075,,
0.4205,54,8.1,19.8,0.0070,,
0.4290,55,9.1,19.8,0.0075,,
0.4375,56,10.0,19.8,0.0075,,
0.4460,57,10.6,19.8,0.0070,,
0.4545,58,11.5,19.8,0.0070,,
0.4625,59,12.2,19.8,0.0075,,
0.4705,60,13.2,19.8,0.0075,,
0.4785,61,14.0,19.8,0.0075,,
0.4870,62,14.7,19.8,0.0075,,
0.4955,63,15.5,19.8,0.0075,,
0.5040,64,16.3,19.8,0.0070,,
0.5125,65,17.1,19.8,0.0070,,
0.5200,66,17.9,19.8,0.0070,,
0.5285,67,18.5,19.8,0.0075,,
0.5365,68,19.4,19.8,0.0075,,
0.5450,69,20.5,19.8,0.0075,,
0.5535,70,21.1,19.8,0.0070,,
0.5620,71,21.8,19.8,0.0070,,
0.5695,72,22.5,19.8,0.0070,,
0.5780,73,23.3,19.8,0.0075,,
0.5865,74,24.3,19.8,0.0075,,
0.5945,75,25.1,19.8,0.0075,,
0.6030,76,25.9,19.8,0.0070,,
0.6115,77,26.8,19.8,0.0070,,
0.6190,78,27.5,19.8,0.0070,,
0.6275,79,28.4,19.8,0.0075,,
0.6360,80,29.0,19.8,0.0075,,
0.6445,81,29.9,19.8,0.0075,,
0.6530,82,30.9,19.8,0.0070,,
0.6610,83,31.6,19.8,0.0065,,
0.6690,84,32.4,19.8,0.0075,,
0.6770,85,33.1,19.8,0.0075,,
0.6855,86,34.0,19.8,0.0075,,
0.6940,87,35.0,19.8,0.0075,,
0.7025,88,35.7,19.8,0.0070,,
0.7110,89,36.4,19.8,0.0070,,
0.7185,90,37.1,19.8,0.0070,,
0.7270,91,38.0,19.8,0.0075,,
0.7350,92,39.0,19.8,0.0075,,
0.7435,93,39.8,19.8,0.0075,,
0.7520,94,40.6,19.8,0.0070,,
0.7605,95,41.6,19.8,0.0070,,
0.7680,96,42.3,19.8,0.0070,,
0.7765,97,43.3,19.8,0.0075,,
0.7850,98,44.1,19.8,0.0075,,
0.7930,99,44.9,19.8,0.0075,,
0.8015,100,46.0,19.8,0.0070,,
0.8100,101,46.8,19.8,0.0070,,
0.8175,102,47.7,19.8,0.0070,,
0.8260,103,48.5,19.8,0.0075,,
0.8345,104,49.4,19.8,0.0075,,
0.8430,105,50.5,19.8,0.0075,,
0.8515,106,51.4,19.8,0.0070,,
0.8595,107,52.1,19.8,0.0065,,
0.8675,108,53.1,19.8,0.0075,,
0.8755,109,54.2,19.8,0.0075,,
0.8840,110,55.2,19.8,0.0075,,
0.8925,111,56.0,19.8,0.0070,,
0.9010,112,57.0,19.8,0.0070,,
0.9095,113,58.2,19.8,0.0070,,
0.9170,114,59.1,19.8,0.0070,,
0.9255,115,60.2,19.8,0.0075,,
0.9335,116,61.1,19.8,0.0075,,
0.9420,117,62.0,19.8,0.0075,,
0.9505,118,63.2,19.8,0.0070,,
0.9590,119,64.4,19.8,0.0070,,
0.9665,120,65.5,19.8,0.0070,,
0.9750,121,66.5,19.8,0.0075,,
0.9835,122,67.6,19.8,0.0075,,
0.9920,123,68.9,19.8,0.0075,,
1.0000,124,70.0,19.8,0.0065,,
1.0085,125,71.0,19.8,0.0070,,
1.0160,126,72.0,19.8,0.0070,,
1.0245,127,73.2,19.8,0.0075,,
1.0330,128,74.5,19.8,0.0075,,
1.0415,129,75.7,19.8,0.0075,,
1.0500,130,76.9,19.8,0.0070,,
1.0585,131,78.3,19.8,0.0070,,
1.0660,132,79.5,19.8,0.0070,,
1.0740,133,80.9,19.8,0.0075,,
1.0825,134,82.2,19.8,0.0075,,
1.0910,135,83.5,19.8,0.0075,,
1.0995,136,85.2,19.8,0.0070,,
1.1080,137,86.6,19.8,0.0070,,
1.1155,138,88.1,19.8,0.0070,,
1.1240,139,89.5,19.8,0.0075,,
1.1325,140,91.2,19.8,0.0075,,
1.1405,141,93.2,19.8,0.0075,,
1.1490,142,94.9,19.8,0.0070,,
1.1575,143,96.5,19.8,0.0075,,
1.1650,144,98.2,19.8,0.0070,,
1.1735,145,100.3,19.8,0.0075,,
1.1820,146,102.4,19.8,0.0075,,
1.1905,147,104.3,19.8,0.0070,,
1.1990,148,106.6,19.8,0.0070,,
1.2070,149,108.8,19.8,0.0075,,
1.2150,150,111.6,19.8,0.0075,,
1.2230,151,114.3,19.8,0.0075,,
1.2315,152,117.0,19.8,0.0075,,
1.2400,153,120.0,19.8,0.0070,,
1.2485,154,123.3,19.8,0.0070,,
1.2570,155,126.2,19.8,0.0075,,
1.2645,156,129.8,19.8,0.0070,,
1.2730,157,133.4,19.8,0.0075,,
1.2810,158,137.1,19.8,0.0075,,
1.2895,159,141.3,19.8,0.0075,,
1.2980,160,145.1,19.8,0.0070,,
1.3065,161,148.8,19.8,0.0070,,
1.3140,162,152.1,19.8,0.0070,,
1.3225,163,155.6,19.8,0.0075,,
1.3310,164,159.3,19.8,0.0075,,
1.3395,165,162.4,19.8,0.0075,,
1.3475,166,165.0,19.8,0.0065,,
1.3560,167,167.7,19.8,0.0070,,
1.3635,168,169.9,19.8,0.0070,,
1.3720,169,172.2,19.9,0.0075,,
1.3805,170,174.1,19.9,0.0070,,
1.3890,171,176.0,19.8,0.0075,,
1.3975,172,178.0,19.9,0.0070,,
1.4055,173,179.7,19.9,0.0065,,
1.4135,174,181.3,19.9,0.0075,,
1.4215,175,182.7,19.9,0.0075,,
1.4300,176,184.0,19.9,0.0075,,
1.4390,177,185.1,19.9,0.0075,,
1.4390,417,187.4,20.0,0.0000,,
1.4395,418,187.2,20.0,0.0005,,
1.4410,419,187.1,20.0,0.0010,,
1.4435,420,187.5,20.0,0.0015,,
1.4475,422,187.9,20.0,0.0025,,
1.4535,422,188.4,20.0,0.0120,,
1.4615,423,189.1,20.0,0.0055,,
1.4695,424,190.2,20.0,0.0055,,
1.4775,425,191.4,20.0,0.0055,,
1.4860,426,192.5,20.0,0.0055,,
1.4945,428,193.3,20.0,0.0055,,
1.5030,428,194.4,20.0,0.0170,,
1.5115,429,195.1,20.0,0.0060,,
1.5190,430,196.2,20.0,0.0055,,
1.5275,431,196.9,20.0,0.0060,,
1.5360,432,197.7,20.0,0.0055,,
1.5440,434,198.6,20.0,0.0055,,
1.5525,434,199.5,20.0,0.0170,,
1.5610,436,200.1,20.0,0.0055,,
1.5685,436,200.9,20.0,0.0185,,
1.5770,437,201.5,20.0,0.0060,,
1.5855,438,202.3,20.0,0.0060,,
1.5940,440,203.0,20.0,0.0055,,
1.6020,440,203.4,20.0,0.0160,,
1.6105,442,204.1,20.0,0.0055,,
1.6180,442,204.6,20.0,0.0185,,
1.6265,443,205.5,20.0,0.0060,,
1.6350,444,206.0,20.0,0.0060,,
1.6435,446,206.4,20.0,0.0055,,
1.6520,446,207.1,20.0,0.0170,,
1.6605,448,207.8,20.0,0.0055,,
1.6680,448,208.2,20.0,0.0185,,
1.6765,449,208.7,20.0,0.0060,,
1.6845,450,209.1,20.0,0.0055,,
1.6930,452,209.8,20.0,0.0055,,
1.7015,452,210.4,20.0,0.0170,,
1.7100,454,210.7,20.0,0.0055,,
1.7175,454,211.2,20.0,0.0185,,
1.7260,455,211.6,20.0,0.0060,,
1.7345,456,212.4,20.0,0.0055,,
1.7425,458,212.8,20.0,0.0055,,
1.7510,458,213.1,20.0,0.0170,,
1.7595,459,213.5,20.0,0.0060,,
1.7670,460,213.9,20.0,0.0055,,
1.7755,461,214.4,20.0,0.0060,,
1.7840,462,214.9,20.0,0.0060,,
1.7925,464,215.2,20.0,0.0055,,
1.8005,464,215.7,20.0,0.0160,,
1.8090,466,216.3,20.0,0.0055,,
1.8170,466,216.6,20.0,0.0200,,
1.8250,467,216.9,20.0,0.0055,,
1.8335,468,217.2,20.0,0.0055,,
1.8420,470,217.7,20.0,0.0055,,
1.8505,470,218.1,20.0,0.0170,,
1.8590,471,218.4,20.0,0.0060,,
1.8665,472,218.7,20.0,0.0055,,
1.8750,473,219.0,20.0,0.0060,,
1.8830,474,219.5,20.0,0.0055,,
1.8915,476,219.8,20.0,0.0055,,
1.9000,476,220.0,20.0,0.0170,,
1.9085,478,220.4,20.0,0.0055,,
1.9160,478,220.6,20.0,0.0185,,
1.9245,479,221.0,20.0,0.0060,,
1.9330,480,221.4,20.0,0.0055,,
1.9415,482,221.6,20.0,0.0055,,
1.9495,482,222.0,20.0,0.0160,,
1.9580,484,222.5,20.0,0.0055,,
1.9655,484,222.6,20.0,0.0185,,
1.9740,485,222.9,20.0,0.0060,,
1.9825,486,223.0,20.0,0.0060,,
1.9910,488,223.4,20.0,0.0055,,
1.9995,488,223.9,20.0,0.0170,,
2.0075,490,224.0,20.0,0.0055,,
2.0155,490,224.4,20.0,0.0200,,
2.0235,491,224.6,20.0,0.0055,,
2.0320,492,225.0,20.0,0.0060,,
2.0405,494,225.4,20.0,0.0055,,
2.0490,494,225.5,20.0,0.0170,,
2.0575,496,225.8,20.0,0.0055,,
2.0650,496,226.0,20.0,0.0185,,
2.0735,497,226.4,20.0,0.0060,,
2.0815,498,226.7,20.0,0.0055,,
2.0900,500,226.8,20.0,0.0055,,
2.0985,500,227.2,20.0,0.0170,,
2.1070,502,227.6,20.0,0.0055,,
2.1145,502,227.7,20.0,0.0185,,
2.1230,503,228.0,20.0,0.0060,,
2.1315,504,228.1,20.0,0.0060,,
2.1395,506,228.4,20.0,0.0055,,
2.1480,506,228.8,20.0,0.0170,,
2.1565,508,228.9,20.0,0.0055,,
2.1640,508,229.2,20.0,0.0185,,
2.1725,509,229.3,20.0,0.0060,,
2.1810,510,229.6,20.0,0.0060,,
2.1895,512,229.9,20.0,0.0055,,
2.1980,512,230.0,20.0,0.0170,,
2.2060,514,230.2,20.0,0.0055,,
2.2140,514,230.4,20.0,0.0200,,
2.2220,515,230.7,20.0,0.0055,,
2.2305,516,231.0,20.0,0.0060,,
2.2390,518,231.0,20.0,0.0055,,
2.2475,518,231.2,20.0,0.0170,,
2.2560,520,231.5,20.0,0.0055,,
2.2635,520,231.7,20.0,0.0185,,
2.2720,521,231.9,20.0,0.0060,,
2.2805,522,232.0,20.0,0.0060,,
2.2885,524,232.3,20.0,0.0055,,
2.2970,524,232.6,20.0,0.0170,,
2.3055,526,232.7,20.0,0.0055,,
2.3130,526,232.9,20.0,0.0185,,
2.3215,527,233.1,20.0,0.0060,,
2.3300,528,233.4,20.0,0.0060,,
2.3385,530,233.7,20.0,0.0055,,
2.3465,530,233.8,20.0,0.0160,,
2.3550,532,233.9,20.0,0.0055,,
2.3620,532,234.1,20.0,0.0175,,
2.3680,533,234.4,20.0,0.0045,,
2.3705,534,234.6,20.0,0.0020,,
2.3710,536,234.5,20.0,0.0005,,
2.3725,536,234.5,20.0,0.0030,,
2.3735,538,234.7,20.0,0.0005,,
2.3740,538,234.5,20.0,0.0010,,
2.3745,539,234.7,20.0,0.0005,,
2.3755,540,234.6,20.0,0.0005,,
2.3765,542,234.5,20.0,0.0005,,
2.3785,542,234.7,20.0,0.0040,,
2.3795,544,234.7,20.0,0.0005,,
2.3815,544,234.7,20.0,0.0050,,
2.3830,545,234.6,20.0,0.0010,,
2.3840,546,234.6,20.0,0.0005,,
2.3845,548,234.8,20.0,0.0005,,
2.3855,548,235.0,20.0,0.0050,,
Scope 1/1, Sample 5/32 (S3)
Result,TitrationEP1
V,t,E,T,dV/dt,E acc. stat.,Volume acc. stat.
0.0000,0,-69.4,19.9,NaN,,
0.0010,1,-69.5,19.9,0.0010,,
0.0025,2,-69.5,19.9,0.0015,,
0.0050,3,-69.5,19.9,0.0025,,
0.0085,4,-69.2,19.9,0.0030,,
0.0150,5,-68.8,19.9,0.0060,,
0.0230,6,-68.3,19.9,0.0075,,
0.0315,7,-67.3,19.9,0.0075,,
0.0400,8,-66.0,19.9,0.0075,,
0.0485,9,-64.7,19.9,0.0075,,
0.0560,10,-63.3,19.9,0.0070,,
0.0645,11,-61.8,19.9,0.0075,,
0.0725,12,-60.0,19.9,0.0075,,
0.0810,13,-58.1,19.9,0.0075,,
0.0895,14,-56.4,19.9,0.0075,,
0.0980,15,-54.4,19.9,0.0085,,
0.1055,16,-52.5,19.9,0.0070,,
0.1140,17,-50.2,19.9,0.0075,,
0.1225,18,-47.6,19.9,0.0075,,
0.1305,19,-45.2,19.9,0.0075,,
0.1390,20,-42.7,19.9,0.0075,,
0.1475,21,-40.2,19.9,0.0085,,
0.1550,22,-37.3,19.9,0.0070,,
0.1635,23,-34.3,19.9,0.0075,,
0.1720,24,-31.4,20.0,0.0075,,
0.1805,25,-28.4,19.9,0.0075,,
0.1890,26,-25.4,20.0,0.0075,,
0.1970,27,-22.7,20.0,0.0075,,
0.2045,28,-20.4,20.0,0.0070,,
0.2130,29,-18.4,20.0,0.0075,,
0.2215,30,-16.3,20.0,0.0075,,
0.2300,31,-14.1,20.0,0.0075,,
0.2385,32,-12.4,20.0,0.0075,,
0.2470,33,-10.9,20.0,0.0075,,
0.2545,34,-9.4,20.0,0.0070,,
0.2630,35,-8.0,20.0,0.0075,,
0.2710,36,-6.4,20.0,0.0075,,
0.2795,37,-5.2,20.0,0.0075,,
0.2880,38,-4.1,20.0,0.0075,,
0.2965,39,-2.8,20.0,0.0075,,
0.3040,40,-1.8,20.0,0.0070,,
0.3125,41,-0.6,20.0,0.0075,,
0.3210,42,0.4,20.0,0.0075,,
0.3290,43,1.3,20.0,0.0075,,
0.3375,44,2.4,20.0,0.0075,,
0.3460,45,3.3,20.0,0.0075,,
0.3535,46,4.2,20.0,0.0070,,
0.3620,47,5.0,20.0,0.0075,,
0.3705,48,5.9,20.0,0.0075,,
0.3790,49,7.0,20.0,0.0075,,
0.3875,50,7.8,20.0,0.0075,,
0.3960,51,8.6,20.0,0.0085,,
0.4035,52,9.3,20.0,0.0070,,
0.4120,53,10.1,20.0,0.0075,,
0.4200,54,11.2,20.0,0.0075,,
0.4285,55,11.9,20.0,0.0075,,
0.4370,56,12.8,20.0,0.0075,,
0.4445,57,13.3,20.0,0.0070,,
0.4530,58,14.3,20.0,0.0075,,
0.4615,59,15.2,20.0,0.0075,,
0.4700,60,16.0,20.0,0.0075,,
0.4780,61,16.8,20.0,0.0065,,
0.4865,62,17.7,20.0,0.0075,,
0.4940,63,18.3,20.0,0.0070,,
0.5025,64,19.2,20.0,0.0075,,
0.5110,65,19.8,20.0,0.0075,,
0.5195,66,20.6,20.0,0.0075,,
0.5280,67,21.6,20.0,0.0075,,
0.5360,68,22.3,20.0,0.0075,,
0.5445,69,23.1,20.0,0.0085,,
0.5520,70,23.7,20.0,0.0070,,
0.5605,71,24.5,20.0,0.0075,,
0.5690,72,25.4,20.0,0.0075,,
0.5775,73,26.2,20.0,0.0075,,
0.5860,74,26.8,20.0,0.0075,,
0.5940,75,27.7,20.0,0.0075,,
0.6020,76,28.4,20.0,0.0075,,
0.6100,77,29.4,20.0,0.0075,,
0.6185,78,30.1,20.0,0.0075,,
0.6270,79,30.8,20.0,0.0075,,
0.6355,80,31.8,20.0,0.0075,,
0.6440,81,32.7,20.0,0.0075,,
0.6515,82,33.4,20.0,0.0070,,
0.6600,83,34.1,20.0,0.0075,,
0.6685,84,34.9,20.0,0.0075,,
0.6765,85,35.8,20.0,0.0075,,
0.6850,86,36.7,20.0,0.0075,,
0.6935,87,37.3,20.0,0.0075,,
0.7010,88,38.2,20.0,0.0070,,
0.7095,89,39.0,20.0,0.0075,,
0.7180,90,40.2,20.0,0.0075,,
0.7265,91,40.9,20.0,0.0075,,
0.7345,92,41.5,20.0,0.0075,,
0.7430,93,42.5,20.0,0.0075,,
0.7505,94,43.1,20.0,0.0070,,
0.7590,95,44.2,20.0,0.0075,,
0.7675,96,45.0,20.0,0.0075,,
0.7760,97,45.8,20.0,0.0075,,
0.7845,98,46.8,20.0,0.0075,,
0.7930,99,47.8,20.0,0.0075,,
0.8005,100,48.6,20.0,0.0070,,
0.8090,101,49.4,20.0,0.0075,,
0.8170,102,50.1,20.0,0.0075,,
0.8255,103,51.2,20.0,0.0075,,
0.8340,104,52.2,20.0,0.0075,,
0.8425,105,53.0,20.0,0.0075,,
0.8500,106,53.9,20.0,0.0070,,
0.8585,107,54.7,20.0,0.0075,,
0.8670,108,55.9,20.0,0.0075,,
0.8755,109,57.0,20.0,0.0075,,
0.8835,110,57.8,20.0,0.0075,,
0.8920,111,58.9,20.0,0.0075,,
0.8995,112,59.6,20.0,0.0070,,
0.9080,113,60.9,20.0,0.0075,,
0.9165,114,61.9,20.0,0.0075,,
0.9250,115,62.8,20.0,0.0075,,
0.9335,116,64.0,20.0,0.0075,,
0.9415,117,64.9,20.0,0.0080,,
0.9495,118,66.0,20.0,0.0075,,
0.9575,119,67.0,20.0,0.0075,,
0.9660,120,68.0,20.0,0.0075,,
0.9745,121,69.4,20.0,0.0075,,
0.9830,122,70.5,20.0,0.0075,,
0.9915,123,71.5,20.0,0.0085,,
0.9990,124,72.5,20.0,0.0070,,
1.0075,125,73.7,20.0,0.0075,,
1.0160,126,75.0,20.0,0.0075,,
1.0240,127,76.1,20.0,0.0075,,
1.0325,128,77.3,20.0,0.0075,,
1.0410,129,78.4,20.0,0.0085,,
1.0485,130,79.6,20.0,0.0070,,
1.0570,131,81.0,20.0,0.0075,,
1.0655,132,82.4,20.0,0.0075,,
1.0740,133,83.5,20.0,0.0075,,
1.0820,134,85.1,20.0,0.0075,,
1.0905,135,86.7,20.0,0.0075,,
1.0980,136,88.2,20.0,0.0070,,
1.1065,137,89.6,20.0,0.0075,,
1.1150,138,90.9,20.0,0.0075,,
1.1235,139,92.7,20.0,0.0075,,
1.1320,140,94.5,20.0,0.0075,,
1.1400,141,95.8,20.0,0.0075,,
1.1480,142,97.6,20.0,0.0075,,
1.1560,143,99.4,20.0,0.0075,,
1.1645,144,101.6,20.0,0.0075,,
1.1730,145,103.7,20.0,0.0075,,
1.1815,146,105.6,20.0,0.0075,,
1.1900,147,107.9,20.0,0.0075,,
1.1975,148,109.9,20.0,0.0070,,
1.2060,149,112.7,20.0,0.0075,,
1.2145,150,115.5,20.0,0.0075,,
1.2225,151,118.3,20.0,0.0075,,
1.2310,152,121.3,20.0,0.0075,,
1.2395,153,124.5,20.0,0.0075,,
1.2470,154,127.6,20.0,0.0070,,
1.2555,155,131.1,20.0,0.0075,,
1.2640,156,134.6,20.0,0.0075,,
1.2725,157,138.2,20.0,0.0075,,
1.2805,158,142.1,20.0,0.0075,,
1.2890,159,145.8,20.0,0.0075,,
1.2965,160,149.3,20.0,0.0070,,
1.3050,161,152.7,20.0,0.0075,,
1.3135,162,156.2,20.0,0.0075,,
1.3220,163,159.6,20.0,0.0075,,
1.3305,164,162.6,20.0,0.0075,,
1.3385,165,165.4,20.0,0.0075,,
1.3470,166,167.5,20.0,0.0075,,
1.3545,167,170.1,20.0,0.0070,,
1.3630,168,172.3,20.0,0.0075,,
1.3715,169,174.1,20.0,0.0075,,
1.3800,170,176.2,20.0,0.0075,,
1.3885,171,178.1,20.0,0.0075,,
1.3970,172,179.7,20.0,0.0085,,
1.4045,173,181.4,20.1,0.0070,,
1.4125,174,182.6,20.0,0.0075,,
1.4210,175,184.1,20.0,0.0075,,
1.4290,176,185.1,20.1,0.0080,,
1.4290,416,187.2,20.1,0.0000,,
1.4295,417,187.2,20.1,0.0005,,
1.4310,418,187.1,20.1,0.0015,,
1.4335,419,187.3,20.1,0.0020,,
1.4375,420,187.8,20.1,0.0035,,
1.4440,421,188.3,20.1,0.0055,,
1.4525,422,189.1,20.1,0.0075,,
1.4600,423,190.1,20.1,0.0070,,
1.4685,424,191.3,20.1,0.0075,,
1.4765,425,192.5,20.1,0.0065,,
1.4850,426,193.2,20.1,0.0070,,
1.4935,427,194.3,20.1,0.0070,,
1.5020,428,195.1,20.1,0.0075,,
1.5095,429,196.1,20.1,0.0070,,
1.5180,430,197.2,20.1,0.0075,,
1.5265,431,197.8,20.1,0.0070,,
1.5345,432,198.5,20.1,0.0065,,
1.5430,433,199.5,20.1,0.0070,,
1.5515,434,200.2,20.1,0.0070,,
1.5590,435,201.0,20.1,0.0070,,
1.5675,436,201.4,20.1,0.0075,,
1.5760,437,202.2,20.1,0.0070,,
1.5845,438,203.0,20.1,0.0070,,
1.5925,439,203.6,20.1,0.0065,,
1.6010,440,204.2,20.1,0.0070,,
1.6085,441,204.9,20.1,0.0070,,
1.6170,442,205.5,20.1,0.0075,,
1.6255,443,206.3,20.1,0.0075,,
1.6340,444,206.8,20.1,0.0070,,
1.6425,445,207.3,20.1,0.0070,,
1.6510,446,208.0,20.1,0.0070,,
1.6585,447,208.4,20.1,0.0070,,
1.6665,448,209.1,20.1,0.0075,,
1.6750,449,209.6,20.2,0.0075,,
1.6835,450,209.9,20.2,0.0070,,
1.6920,451,210.6,20.2,0.0070,,
1.7005,452,211.2,20.2,0.0070,,
1.7080,453,211.6,20.2,0.0070,,
1.7165,454,212.0,20.2,0.0075,,
1.7250,455,212.4,20.2,0.0075,,
1.7330,456,213.1,20.2,0.0065,,
1.7415,457,213.5,20.2,0.0070,,
1.7500,458,213.7,20.2,0.0070,,
1.7585,459,214.2,20.2,0.0075,,
1.7660,460,214.6,20.2,0.0070,,
1.7745,461,215.2,20.2,0.0075,,
1.7830,462,215.6,20.2,0.0070,,
1.7910,463,215.8,20.2,0.0065,,
1.7995,464,216.3,20.2,0.0070,,
1.8070,465,216.5,20.2,0.0070,,
1.8155,466,217.1,20.2,0.0075,,
1.8240,467,217.3,20.2,0.0075,,
1.8325,468,217.6,20.2,0.0070,,
1.8410,469,218.2,20.2,0.0070,,
1.8495,470,218.5,20.2,0.0070,,
1.8570,471,218.9,20.2,0.0070,,
1.8655,472,219.1,20.2,0.0075,,
1.8735,473,219.4,20.2,0.0075,,
1.8820,474,220.0,20.2,0.0070,,
1.8905,475,220.2,20.2,0.0070,,
1.8990,476,220.5,20.2,0.0070,,
1.9065,477,220.8,20.2,0.0070,,
1.9150,478,221.3,20.2,0.0075,,
1.9235,479,221.8,20.2,0.0070,,
1.9320,480,222.0,20.2,0.0070,,
1.9405,481,222.2,20.2,0.0070,,
1.9485,482,222.5,20.2,0.0075,,
1.9560,483,223.0,20.2,0.0070,,
1.9645,484,223.3,20.2,0.0075,,
1.9730,485,223.4,20.2,0.0070,,
1.9815,486,223.8,20.2,0.0070,,
1.9900,487,224.2,20.2,0.0070,,
1.9985,488,224.4,20.2,0.0075,,
2.0060,489,224.6,20.2,0.0070,,
2.0145,490,224.8,20.2,0.0075,,
2.0225,491,225.2,20.2,0.0065,,
2.0310,492,225.7,20.2,0.0070,,
2.0395,493,225.9,20.2,0.0070,,
2.0480,494,226.0,20.2,0.0070,,
2.0555,495,226.2,20.2,0.0070,,
2.0640,496,226.5,20.2,0.0075,,
2.0725,497,227.0,20.2,0.0075,,
2.0805,498,227.1,20.2,0.0065,,
2.0890,499,227.3,20.2,0.0070,,
2.0975,500,227.7,20.2,0.0070,,
2.1050,501,227.9,20.2,0.0070,,
2.1135,502,228.2,20.2,0.0075,,
2.1220,503,228.4,20.2,0.0075,,
2.1305,504,228.6,20.2,0.0070,,
2.1385,505,229.0,20.2,0.0065,,
2.1470,506,229.2,20.2,0.0070,,
2.1545,507,229.4,20.2,0.0070,,
2.1630,508,229.5,20.2,0.0075,,
2.1715,509,229.7,20.2,0.0075,,
2.1800,510,230.0,20.2,0.0070,,
2.1885,511,230.3,20.2,0.0070,,
2.1965,512,230.3,20.2,0.0065,,
2.2050,513,230.6,20.2,0.0075,,
2.2125,514,230.6,20.2,0.0070,,
2.2210,515,231.0,20.2,0.0075,,
2.2295,516,231.4,20.2,0.0070,,
2.2380,517,231.4,20.2,0.0070,,
2.2465,518,231.7,20.2,0.0070,,
2.2545,519,231.9,20.2,0.0075,,
2.2625,520,232.3,20.2,0.0075,,
2.2705,521,232.5,20.2,0.0075,,
2.2790,522,232.5,20.2,0.0070,,
2.2875,523,232.9,20.2,0.0070,,
2.2960,524,233.2,20.2,0.0070,,
2.3035,525,233.4,20.2,0.0070,,
2.3120,526,233.4,20.2,0.0075,,
2.3205,527,233.5,20.2,0.0075,,
2.3285,528,233.9,20.2,0.0065,,
2.3365,529,234.0,20.2,0.0065,,
2.3440,530,234.0,20.2,0.0060,,
2.3480,531,234.2,20.2,0.0035,,
2.3485,532,234.2,20.2,0.0005,,
2.3495,533,234.3,20.2,0.0010,,
2.3505,534,234.4,20.2,0.0010,,
2.3520,535,234.3,20.2,0.0010,,
2.3535,536,234.4,20.2,0.0010,,
2.3555,537,234.4,20.2,0.0020,,
2.3580,538,234.6,20.2,0.0025,,
2.3595,539,234.7,20.2,0.0015,,
2.3615,540,234.6,20.2,0.0015,,
2.3635,541,234.7,20.2,0.0015,,
2.3655,542,235.0,20.2,0.0015,,
2.3670,543,235.0,20.2,0.0015,,
2.3695,544,235.0,20.2,0.0025,,
2.3715,545,235.1,20.2,0.0015,,
Scope 1/1, Sample 6/32 (S4)
Result,TitrationEP1
V,t,E,T,dV/dt,E acc. stat.,Volume acc. stat.
0.0000,0,-68.8,20.1,NaN,,
0.0010,1,-68.8,20.1,0.0010,,
0.0025,2,-68.8,20.1,0.0015,,
0.0050,3,-68.9,20.1,0.0025,,
0.0085,4,-68.6,20.1,0.0030,,
0.0150,5,-68.2,20.1,0.0060,,
0.0230,6,-67.6,20.1,0.0075,,
0.0315,7,-66.6,20.1,0.0075,,
0.0390,8,-65.4,20.1,0.0075,,
0.0475,9,-63.9,20.1,0.0085,,
0.0560,10,-62.3,20.1,0.0075,,
0.0640,11,-60.9,20.1,0.0075,,
0.0725,12,-59.2,20.1,0.0075,,
0.0810,13,-57.6,20.1,0.0085,,
0.0885,14,-55.5,20.1,0.0075,,
0.0970,15,-53.5,20.1,0.0085,,
0.1055,16,-51.4,20.1,0.0075,,
0.1140,17,-49.0,20.1,0.0075,,
0.1225,18,-46.2,20.1,0.0075,,
0.1305,19,-43.9,20.1,0.0075,,
0.1385,20,-41.3,20.1,0.0080,,
0.1465,21,-38.7,20.1,0.0080,,
0.1550,22,-35.8,20.1,0.0075,,
0.1635,23,-32.6,20.1,0.0075,,
0.1720,24,-29.7,20.1,0.0075,,
0.1805,25,-26.9,20.1,0.0075,,
0.1880,26,-24.3,20.1,0.0075,,
0.1965,27,-21.8,20.1,0.0085,,
0.2045,28,-19.1,20.1,0.0075,,
0.2130,29,-16.9,20.1,0.0075,,
0.2215,30,-15.0,20.1,0.0075,,
0.2300,31,-13.1,20.1,0.0075,,
0.2375,32,-11.5,20.1,0.0075,,
0.2460,33,-9.8,20.1,0.0085,,
0.2545,34,-8.6,20.1,0.0075,,
0.2630,35,-7.1,20.1,0.0075,,
0.2710,36,-5.6,20.1,0.0075,,
0.2795,37,-4.4,20.1,0.0075,,
0.2870,38,-3.2,20.1,0.0075,,
0.2955,39,-2.3,20.1,0.0085,,
0.3040,40,-1.1,20.1,0.0075,,
0.3125,41,0.1,20.1,0.0075,,
0.3210,42,0.9,20.1,0.0075,,
0.3290,43,1.8,20.1,0.0075,,
0.3370,44,2.7,20.1,0.0080,,
0.3455,45,4.0,20.1,0.0085,,
0.3535,46,5.2,20.1,0.0075,,
0.3620,47,6.0,20.1,0.0075,,
0.3705,48,7.0,20.1,0.0075,,
0.3790,49,7.7,20.1,0.0085,,
0.3865,50,8.8,20.1,0.0075,,
0.3950,51,9.7,20.1,0.0085,,
0.4035,52,10.4,20.1,0.0075,,
0.4115,53,11.3,20.1,0.0075,,
0.4200,54,12.4,20.1,0.0075,,
0.4285,55,13.1,20.1,0.0085,,
0.4360,56,14.0,20.1,0.0075,,
0.4445,57,14.6,20.1,0.0085,,
0.4530,58,15.5,20.1,0.0075,,
0.4615,59,16.5,20.1,0.0075,,
0.4700,60,17.1,20.1,0.0075,,
0.4780,61,17.9,20.1,0.0080,,
0.4860,62,18.6,20.1,0.0080,,
0.4940,63,19.5,20.1,0.0080,,
0.5025,64,20.4,20.1,0.0075,,
0.5110,65,21.0,20.1,0.0075,,
0.5195,66,21.8,20.1,0.0075,,
0.5280,67,22.6,20.1,0.0085,,
0.5355,68,23.5,20.1,0.0075,,
0.5440,69,24.3,20.1,0.0085,,
0.5520,70,24.8,20.1,0.0075,,
0.5605,71,25.7,20.1,0.0075,,
0.5690,72,26.6,20.1,0.0075,,
0.5765,73,27.4,20.1,0.0075,,
0.5850,74,28.1,20.1,0.0085,,
0.5935,75,28.7,20.1,0.0085,,
0.6020,76,29.7,20.1,0.0075,,
0.6105,77,30.6,20.1,0.0075,,
0.6185,78,31.2,20.1,0.0075,,
0.6270,79,32.1,20.1,0.0085,,
0.6345,80,32.7,20.1,0.0075,,
0.6430,81,33.6,20.1,0.0085,,
0.6515,82,34.6,20.1,0.0075,,
0.6600,83,35.2,20.1,0.0075,,
0.6685,84,36.0,20.1,0.0075,,
0.6765,85,37.1,20.1,0.0075,,
0.6845,86,37.8,20.1,0.0080,,
0.6925,87,38.7,20.1,0.0080,,
0.7010,88,39.3,20.1,0.0075,,
0.7095,89,40.3,20.1,0.0075,,
0.7180,90,41.2,20.1,0.0075,,
0.7265,91,41.9,20.1,0.0085,,
0.7340,92,42.7,20.1,0.0075,,
0.7425,93,43.3,20.1,0.0085,,
0.7510,94,44.4,20.1,0.0075,,
0.7590,95,45.4,20.1,0.0075,,
0.7675,96,46.0,20.1,0.0075,,
0.7760,97,46.9,20.1,0.0085,,
0.7835,98,47.7,20.1,0.0075,,
0.7920,99,48.6,20.1,0.0085,,
0.8005,100,49.7,20.1,0.0075,,
0.8090,101,50.4,20.1,0.0075,,
0.8170,102,51.4,20.1,0.0075,,
0.8255,103,52.1,20.1,0.0085,,
0.8330,104,53.2,20.1,0.0075,,
0.8415,105,54.3,20.1,0.0075,,
0.8500,106,55.1,20.1,0.0075,,
0.8585,107,56.2,20.1,0.0075,,
0.8670,108,57.1,20.1,0.0075,,
0.8745,109,58.0,20.1,0.0075,,
0.8830,110,59.0,20.1,0.0085,,
0.8915,111,59.8,20.1,0.0075,,
0.9000,112,61.0,20.1,0.0075,,
0.9080,113,61.9,20.1,0.0075,,
0.9165,114,62.7,20.1,0.0075,,
0.9240,115,63.8,20.1,0.0075,,
0.9325,116,64.8,20.1,0.0085,,
0.9410,117,66.0,20.1,0.0075,,
0.9495,118,66.9,20.1,0.0075,,
0.9580,119,67.9,20.1,0.0075,,
0.9660,120,69.1,20.1,0.0075,,
0.9740,121,70.1,20.1,0.0075,,
0.9820,122,71.5,20.1,0.0080,,
0.9905,123,72.5,20.1,0.0075,,
0.9990,124,73.5,20.1,0.0075,,
1.0075,125,74.7,20.1,0.0075,,
1.0160,126,75.9,20.1,0.0075,,
1.0235,127,77.1,20.1,0.0075,,
1.0320,128,78.2,20.1,0.0085,,
1.0400,129,79.4,20.1,0.0075,,
1.0485,130,80.8,20.1,0.0075,,
1.0570,131,82.3,20.1,0.0075,,
1.0655,132,83.5,20.1,0.0075,,
1.0730,133,84.7,20.1,0.0075,,
1.0815,134,85.9,20.1,0.0085,,
1.0900,135,87.7,20.1,0.0075,,
1.0985,136,89.2,20.2,0.0075,,
1.1065,137,90.5,20.2,0.0075,,
1.1150,138,92.1,20.1,0.0075,,
1.1225,139,93.4,20.2,0.0075,,
1.1310,140,95.2,20.2,0.0085,,
1.1395,141,96.8,20.2,0.0075,,
1.1480,142,98.4,20.2,0.0075,,
1.1565,143,100.4,20.2,0.0075,,
1.1645,144,102.6,20.2,0.0075,,
1.1730,145,104.3,20.2,0.0085,,
1.1805,146,106.3,20.2,0.0075,,
1.1890,147,108.3,20.2,0.0085,,
1.1975,148,110.7,20.2,0.0075,,
1.2060,149,113.3,20.2,0.0075,,
1.2145,150,115.7,20.2,0.0075,,
1.2220,151,118.2,20.2,0.0075,,
1.2305,152,120.8,20.2,0.0085,,
1.2385,153,123.9,20.2,0.0080,,
1.2470,154,127.3,20.2,0.0075,,
1.2555,155,130.3,20.2,0.0075,,
1.2640,156,133.8,20.2,0.0075,,
1.2725,157,137.0,20.2,0.0085,,
1.2800,158,141.0,20.2,0.0075,,
1.2885,159,144.6,20.2,0.0085,,
1.2970,160,148.1,20.2,0.0075,,
1.3050,161,151.7,20.2,0.0075,,
1.3135,162,155.3,20.2,0.0075,,
1.3220,163,158.2,20.2,0.0085,,
1.3295,164,161.3,20.2,0.0075,,
1.3380,165,163.9,20.2,0.0075,,
1.3465,166,166.7,20.2,0.0075,,
1.3550,167,169.3,20.2,0.0075,,
1.3635,168,171.4,20.2,0.0075,,
1.3715,169,173.3,20.2,0.0080,,
1.3790,170,175.2,20.2,0.0075,,
1.3875,171,177.2,20.2,0.0085,,
1.3960,172,179.2,20.2,0.0075,,
1.4045,173,180.7,20.2,0.0075,,
1.4130,174,182.1,20.2,0.0075,,
1.4215,175,183.5,20.2,0.0085,,
1.4310,176,185.0,20.2,0.0075,,
1.4310,416,187.0,20.3,0.0000,,
1.4315,417,187.0,20.3,0.0005,,
1.4330,418,186.7,20.3,0.0010,,
1.4355,419,187.1,20.3,0.0020,,
1.4395,420,187.5,20.3,0.0025,,
1.4460,422,188.0,20.3,0.0045,,
1.4540,422,189.0,20.3,0.0160,,
1.4615,423,190.0,20.3,0.0055,,
1.4700,424,191.3,20.3,0.0060,,
1.4785,425,192.4,20.3,0.0060,,
1.4870,426,193.2,20.3,0.0055,,
1.4955,428,194.2,20.3,0.0055,,
1.5040,428,195.3,20.3,0.0170,,
1.5115,429,196.1,20.3,0.0055,,
1.5200,430,196.9,20.3,0.0060,,
1.5280,432,197.6,20.3,0.0055,,
1.5365,432,198.7,20.3,0.0170,,
1.5450,434,199.6,20.3,0.0055,,
1.5535,434,200.2,20.3,0.0210,,
1.5610,435,200.9,20.3,0.0055,,
1.5695,436,201.5,20.3,0.0060,,
1.5780,438,202.3,20.3,0.0055,,
1.5865,438,203.0,20.3,0.0170,,
1.5945,440,203.5,20.3,0.0055,,
1.6030,440,204.1,20.3,0.0170,,
1.6105,441,204.7,20.3,0.0055,,
1.6190,442,205.5,20.3,0.0060,,
1.6275,443,206.4,20.3,0.0060,,
1.6360,444,206.7,20.3,0.0055,,
1.6445,446,207.3,20.3,0.0055,,
1.6525,446,208.1,20.3,0.0160,,
1.6605,447,208.5,20.3,0.0055,,
1.6685,448,209.1,20.3,0.0055,,
1.6770,449,209.5,20.3,0.0060,,
1.6855,450,210.0,20.3,0.0055,,
1.6940,452,210.7,20.3,0.0055,,
1.7025,452,211.1,20.3,0.0170,,
1.7100,453,211.5,20.3,0.0055,,
1.7185,454,211.8,20.3,0.0060,,
1.7265,455,212.2,20.3,0.0055,,
1.7350,456,212.9,20.3,0.0055,,
1.7435,458,213.2,20.3,0.0055,,
1.7520,458,213.6,20.3,0.0170,,
1.7595,459,214.0,20.3,0.0055,,
1.7680,460,214.4,20.3,0.0060,,
1.7765,461,215.1,20.3,0.0060,,
1.7845,462,215.6,20.3,0.0055,,
1.7930,464,215.8,20.3,0.0055,,
1.8015,464,216.4,20.3,0.0170,,
1.8100,465,216.6,20.3,0.0060,,
1.8175,466,217.2,20.3,0.0050,,
1.8260,467,217.5,20.3,0.0060,,
1.8345,468,217.7,20.3,0.0055,,
1.8430,470,218.3,20.3,0.0055,,
1.8510,470,218.7,20.3,0.0160,,
1.8595,471,219.1,20.3,0.0060,,
1.8670,472,219.3,20.3,0.0055,,
1.8755,473,219.6,20.3,0.0060,,
1.8840,474,220.1,20.3,0.0055,,
1.8925,476,220.5,20.3,0.0055,,
1.9010,476,220.6,20.3,0.0170,,
1.9090,477,220.9,20.3,0.0055,,
1.9170,478,221.2,20.3,0.0055,,
1.9250,479,221.7,20.3,0.0055,,
1.9335,480,221.9,20.3,0.0060,,
1.9420,482,222.1,20.3,0.0055,,
1.9505,482,222.4,20.3,0.0170,,
1.9590,484,222.9,20.3,0.0055,,
1.9665,484,223.1,20.3,0.0185,,
1.9750,485,223.5,20.3,0.0060,,
1.9830,486,223.6,20.3,0.0055,,
1.9915,488,224.1,20.3,0.0055,,
2.0000,488,224.5,20.3,0.0170,,
2.0085,489,224.8,20.3,0.0060,,
2.0160,490,225.0,20.3,0.0055,,
2.0245,491,225.1,20.3,0.0060,,
2.0330,492,225.6,20.3,0.0055,,
2.0415,494,225.9,20.3,0.0055,,
2.0495,494,225.9,20.3,0.0160,,
2.0580,495,226.3,20.3,0.0060,,
2.0655,496,226.5,20.3,0.0055,,
2.0740,497,226.9,20.3,0.0060,,
2.0825,498,227.2,20.3,0.0055,,
2.0910,500,227.2,20.3,0.0055,,
2.0995,500,227.6,20.3,0.0170,,
2.1080,501,227.8,20.3,0.0060,,
2.1155,502,228.2,20.3,0.0055,,
2.1235,503,228.4,20.3,0.0055,,
2.1320,504,228.6,20.3,0.0055,,
2.1405,506,228.9,20.3,0.0055,,
2.1490,506,229.2,20.3,0.0170,,
2.1575,507,229.4,20.3,0.0060,,
2.1650,508,229.5,20.3,0.0055,,
2.1735,510,229.6,20.3,0.0055,,
2.1820,510,230.0,20.3,0.0170,,
2.1900,512,230.4,20.3,0.0055,,
2.1985,512,230.4,20.3,0.0170,,
2.2070,514,230.6,20.3,0.0055,,
2.2145,514,230.6,20.3,0.0185,,
2.2230,515,231.1,20.3,0.0060,,
2.2315,516,231.5,20.3,0.0060,,
2.2400,518,231.5,20.3,0.0055,,
2.2480,518,231.6,20.3,0.0160,,
2.2565,520,232.0,20.3,0.0055,,
2.2640,520,232.2,20.3,0.0185,,
2.2725,521,232.5,20.3,0.0060,,
2.2810,522,232.6,20.3,0.0060,,
2.2895,524,232.7,20.3,0.0055,,
2.2980,524,233.2,20.3,0.0170,,
2.3060,526,233.3,20.3,0.0055,,
2.3140,526,233.6,20.3,0.0200,,
2.3220,527,233.6,20.3,0.0055,,
2.3305,528,233.8,20.3,0.0060,,
2.3385,530,234.2,20.3,0.0055,,
2.3460,530,234.2,20.3,0.0150,,
2.3475,532,234.3,20.3,0.0010,,
2.3485,532,234.3,20.3,0.0025,,
2.3490,533,234.2,20.3,0.0005,,
2.3495,534,234.6,20.3,0.0005,,
2.3505,536,234.5,20.3,0.0005,,
2.3525,536,234.4,20.3,0.0040,,
2.3555,538,234.6,20.3,0.0020,,
2.3580,538,234.6,20.3,0.0060,,
2.3600,539,234.8,20.3,0.0015,,
2.3625,540,234.7,20.3,0.0020,,
2.3635,542,234.6,20.3,0.0005,,
2.3640,542,234.9,20.3,0.0010,,
2.3650,544,234.7,20.3,0.0005,,
2.3670,544,234.9,20.3,0.0050,,
2.3685,546,235.0,20.3,0.0010,,
Scope 1/1, Sample 7/32 (S5)
Result,TitrationEP1
V,t,E,T,dV/dt,E acc. stat.,Volume acc. stat.
0.0000,0,-69.6,20.3,NaN,,
0.0005,1,-69.4,20.4,0.0005,,
0.0025,2,-69.6,20.4,0.0020,,
0.0050,3,-69.6,20.4,0.0025,,
0.0085,4,-69.2,20.4,0.0030,,
0.0150,5,-69.0,20.4,0.0060,,
0.0230,6,-68.4,20.4,0.0075,,
0.0305,7,-67.5,20.4,0.0075,,
0.0390,8,-66.3,20.4,0.0085,,
0.0475,9,-64.8,20.4,0.0075,,
0.0560,10,-63.4,20.4,0.0075,,
0.0645,11,-61.9,20.4,0.0075,,
0.0730,12,-60.0,20.4,0.0075,,
0.0805,13,-58.6,20.4,0.0075,,
0.0885,14,-56.6,20.4,0.0080,,
0.0970,15,-54.8,20.4,0.0075,,
0.1055,16,-52.7,20.4,0.0075,,
0.1140,17,-50.3,20.4,0.0075,,
0.1225,18,-48.3,20.4,0.0085,,
0.1300,19,-45.7,20.4,0.0075,,
0.1385,20,-43.3,20.4,0.0085,,
0.1470,21,-40.6,20.4,0.0075,,
0.1550,22,-37.6,20.4,0.0075,,
0.1635,23,-34.8,20.4,0.0075,,
0.1720,24,-31.9,20.4,0.0075,,
0.1795,25,-29.1,20.4,0.0075,,
0.1880,26,-26.1,20.4,0.0085,,
0.1965,27,-23.3,20.4,0.0075,,
0.2050,28,-20.9,20.4,0.0075,,
0.2130,29,-18.7,20.4,0.0075,,
0.2215,30,-16.5,20.4,0.0075,,
0.2290,31,-14.7,20.4,0.0075,,
0.2375,32,-12.6,20.4,0.0085,,
0.2460,33,-11.0,20.4,0.0085,,
0.2545,34,-9.6,20.4,0.0075,,
0.2630,35,-8.0,20.4,0.0075,,
0.2710,36,-6.5,20.4,0.0075,,
0.2790,37,-5.3,20.4,0.0080,,
0.2870,38,-4.0,20.4,0.0080,,
0.2955,39,-3.0,20.4,0.0085,,
0.3040,40,-1.7,20.4,0.0075,,
0.3125,41,-0.5,20.4,0.0075,,
0.3210,42,0.4,20.4,0.0075,,
0.3290,43,1.4,20.4,0.0080,,
0.3370,44,2.3,20.4,0.0080,,
0.3450,45,3.6,20.4,0.0080,,
0.3535,46,4.6,20.4,0.0075,,
0.3620,47,5.4,20.4,0.0075,,
0.3705,48,6.3,20.4,0.0075,,
0.3790,49,7.4,20.4,0.0075,,
0.3865,50,8.1,20.4,0.0075,,
0.3950,51,9.2,20.4,0.0085,,
0.4030,52,9.8,20.4,0.0075,,
0.4115,53,10.8,20.4,0.0075,,
0.4200,54,11.8,20.4,0.0075,,
0.4285,55,12.6,20.4,0.0075,,
0.4360,56,13.4,20.4,0.0075,,
0.4445,57,14.1,20.4,0.0085,,
0.4530,58,15.0,20.4,0.0075,,
0.4615,59,15.9,20.4,0.0075,,
0.4695,60,16.6,20.4,0.0075,,
0.4780,61,17.5,20.4,0.0085,,
0.4855,62,18.1,20.4,0.0075,,
0.4940,63,19.1,20.4,0.0085,,
0.5025,64,20.0,20.4,0.0075,,
0.5110,65,20.7,20.4,0.0075,,
0.5195,66,21.5,20.4,0.0075,,
0.5280,67,22.1,20.4,0.0085,,
0.5355,68,23.1,20.4,0.0075,,
0.5440,69,23.9,20.4,0.0085,,
0.5520,70,24.4,20.4,0.0075,,
0.5605,71,25.4,20.4,0.0075,,
0.5690,72,26.3,20.4,0.0075,,
0.5765,73,27.1,20.4,0.0075,,
0.5850,74,27.8,20.4,0.0085,,
0.5935,75,28.5,20.4,0.0085,,
0.6020,76,29.4,20.4,0.0075,,
0.6105,77,30.3,20.4,0.0075,,
0.6185,78,30.9,20.4,0.0075,,
0.6265,79,31.7,20.4,0.0080,,
0.6345,80,32.5,20.4,0.0080,,
0.6430,81,33.5,20.4,0.0085,,
0.6515,82,34.3,20.4,0.0075,,
0.6600,83,34.9,20.4,0.0075,,
0.6685,84,35.8,20.4,0.0075,,
0.6760,85,36.5,20.4,0.0075,,
0.6845,86,37.6,20.4,0.0085,,
0.6925,87,38.4,20.4,0.0080,,
0.7010,88,39.1,20.4,0.0075,,
0.7095,89,40.1,20.4,0.0075,,
0.7180,90,41.0,20.4,0.0075,,
0.7255,91,41.8,20.4,0.0075,,
0.7340,92,42.6,20.4,0.0085,,
0.7425,93,43.3,20.4,0.0085,,
0.7510,94,44.4,20.4,0.0075,,
0.7590,95,45.3,20.4,0.0075,,
0.7675,96,46.0,20.4,0.0075,,
0.7750,97,46.9,20.4,0.0075,,
0.7835,98,47.7,20.4,0.0085,,
0.7920,99,48.8,20.4,0.0085,,
0.8005,100,49.9,20.4,0.0075,,
0.8090,101,50.6,20.4,0.0075,,
0.8170,102,51.4,20.4,0.0075,,
0.8255,103,52.3,20.4,0.0085,,
0.8330,104,53.4,20.4,0.0075,,
0.8415,105,54.5,20.4,0.0085,,
0.8500,106,55.2,20.4,0.0075,,
0.8585,107,56.2,20.4,0.0075,,
0.8670,108,57.3,20.4,0.0075,,
0.8750,109,58.1,20.4,0.0080,,
0.8830,110,59.1,20.4,0.0080,,
0.8910,111,59.8,20.4,0.0080,,
0.8995,112,60.8,20.4,0.0075,,
0.9080,113,62.0,20.4,0.0075,,
0.9165,114,63.0,20.4,0.0075,,
0.9250,115,63.9,20.4,0.0075,,
0.9325,116,64.9,20.4,0.0075,,
0.9410,117,66.0,20.4,0.0085,,
0.9490,118,67.3,20.4,0.0075,,
0.9575,119,68.3,20.4,0.0075,,
0.9660,120,69.2,20.4,0.0075,,
0.9745,121,70.5,20.4,0.0075,,
0.9820,122,71.5,20.4,0.0075,,
0.9905,123,72.8,20.4,0.0085,,
0.9990,124,73.7,20.4,0.0075,,
1.0075,125,74.8,20.4,0.0075,,
1.0155,126,76.3,20.4,0.0075,,
1.0240,127,77.4,20.4,0.0075,,
1.0315,128,78.6,20.4,0.0075,,
1.0400,129,79.7,20.4,0.0085,,
1.0485,130,80.8,20.4,0.0075,,
1.0570,131,82.5,20.4,0.0075,,
1.0655,132,83.8,20.4,0.0075,,
1.0740,133,85.0,20.4,0.0075,,
1.0815,134,86.4,20.4,0.0075,,
1.0895,135,87.9,20.4,0.0080,,
1.0980,136,89.6,20.4,0.0075,,
1.1065,137,90.9,20.4,0.0075,,
1.1150,138,92.3,20.4,0.0075,,
1.1235,139,93.9,20.4,0.0085,,
1.1310,140,95.7,20.4,0.0075,,
1.1395,141,97.5,20.4,0.0085,,
1.1480,142,99.2,20.4,0.0075,,
1.1560,143,101.0,20.4,0.0075,,
1.1645,144,103.3,20.4,0.0075,,
1.1730,145,105.0,20.4,0.0085,,
1.1805,146,107.1,20.4,0.0075,,
1.1890,147,109.2,20.4,0.0085,,
1.1975,148,111.6,20.4,0.0075,,
1.2060,149,114.4,20.4,0.0075,,
1.2140,150,117.1,20.4,0.0075,,
1.2225,151,119.9,20.4,0.0075,,
1.2300,152,122.6,20.4,0.0075,,
1.2385,153,125.8,20.4,0.0085,,
1.2470,154,129.1,20.4,0.0085,,
1.2555,155,132.6,20.4,0.0075,,
1.2640,156,136.2,20.4,0.0075,,
1.2720,157,139.9,20.4,0.0075,,
1.2800,158,143.1,20.4,0.0080,,
1.2880,159,147.0,20.5,0.0080,,
1.2965,160,150.7,20.5,0.0085,,
1.3050,161,154.1,20.5,0.0075,,
1.3135,162,157.4,20.5,0.0075,,
1.3220,163,160.7,20.4,0.0075,,
1.3295,164,163.2,20.5,0.0075,,
1.3380,165,166.0,20.5,0.0085,,
1.3465,166,168.3,20.5,0.0085,,
1.3545,167,170.9,20.5,0.0075,,
1.3630,168,173.1,20.5,0.0075,,
1.3715,169,174.9,20.5,0.0075,,
1.3800,170,176.8,20.5,0.0085,,
1.3875,171,178.4,20.5,0.0075,,
1.3960,172,180.2,20.5,0.0085,,
1.4045,173,182.0,20.5,0.0075,,
1.4125,174,183.2,20.5,0.0075,,
1.4210,175,184.6,20.5,0.0075,,
1.4240,176,185.1,20.5,0.0060,,
1.4240,416,186.6,20.6,0.0000,,
1.4245,417,186.7,20.6,0.0010,,
1.4260,418,186.8,20.6,0.0025,,
1.4285,419,187.2,20.6,0.0035,,
1.4325,420,187.4,20.6,0.0055,,
1.4390,421,188.0,20.6,0.0095,,
1.4475,422,188.8,20.6,0.0140,,
1.4550,423,190.0,20.6,0.0125,,
1.4630,424,191.2,20.6,0.0135,,
1.4715,425,192.1,20.6,0.0120,,
1.4800,426,193.1,20.6,0.0120,,
1.4885,427,194.3,20.6,0.0120,,
1.4970,428,195.1,20.6,0.0140,,
1.5045,429,196.2,20.6,0.0125,,
1.5130,430,196.9,20.6,0.0140,,
1.5215,431,197.8,20.6,0.0120,,
1.5295,432,198.8,20.6,0.0115,,
1.5380,433,199.4,20.6,0.0120,,
1.5465,434,200.3,20.6,0.0140,,
1.5540,435,200.8,20.6,0.0125,,
1.5625,436,201.7,20.6,0.0140,,
1.5710,437,202.5,20.6,0.0120,,
1.5795,438,203.0,20.6,0.0120,,
1.5880,439,203.7,20.6,0.0120,,
1.5960,440,204.2,20.6,0.0135,,
1.6040,441,204.9,20.6,0.0135,,
1.6120,442,205.6,20.6,0.0135,,
1.6205,443,206.0,20.6,0.0120,,
1.6290,444,206.6,20.6,0.0120,,
1.6375,445,207.4,20.6,0.0120,,
1.6460,446,207.8,20.6,0.0140,,
1.6535,447,208.4,20.6,0.0125,,
1.6620,448,208.8,20.6,0.0140,,
1.6700,449,209.3,20.6,0.0115,,
1.6785,450,210.1,20.6,0.0120,,
1.6870,451,210.4,20.6,0.0120,,
1.6955,452,211.0,20.6,0.0140,,
1.7030,453,211.2,20.6,0.0125,,
1.7115,454,211.8,20.6,0.0140,,
1.7200,455,212.5,20.6,0.0140,,
1.7280,456,212.9,20.6,0.0115,,
1.7365,457,213.3,20.6,0.0120,,
1.7450,458,213.8,20.6,0.0120,,
1.7525,459,214.1,20.6,0.0125,,
1.7610,460,214.7,20.6,0.0140,,
1.7695,461,215.0,20.6,0.0140,,
1.7780,462,215.3,20.6,0.0120,,
1.7865,463,215.9,20.6,0.0120,,
1.7945,464,216.3,20.6,0.0115,,
1.8025,465,216.7,20.6,0.0135,,
1.8105,466,217.0,20.6,0.0135,,
1.8190,467,217.3,20.6,0.0140,,
1.8275,468,217.8,20.6,0.0120,,
1.8360,469,218.3,20.6,0.0120,,
1.8445,470,218.4,20.6,0.0120,,
1.8520,471,218.9,20.6,0.0125,,
1.8605,472,219.2,20.6,0.0140,,
1.8685,473,219.7,20.6,0.0135,,
1.8770,474,220.0,20.6,0.0120,,
1.8855,475,220.2,20.6,0.0120,,
1.8940,476,220.7,20.6,0.0120,,
1.9015,477,221.0,20.6,0.0125,,
1.9100,478,221.5,20.6,0.0140,,
1.9185,479,221.7,20.6,0.0140,,
1.9270,480,221.9,20.6,0.0120,,
1.9350,481,222.5,20.6,0.0115,,
1.9435,482,222.7,20.6,0.0120,,
1.9510,483,223.1,20.6,0.0125,,
1.9595,484,223.2,20.6,0.0140,,
1.9680,485,223.5,20.6,0.0120,,
1.9765,486,224.0,20.6,0.0120,,
1.9850,487,224.2,20.6,0.0120,,
1.9935,488,224.3,20.6,0.0120,,
2.0010,489,224.6,20.6,0.0125,,
2.0090,490,224.8,20.6,0.0135,,
2.0175,491,225.3,20.6,0.0140,,
2.0260,492,225.6,20.6,0.0120,,
2.0345,493,225.6,20.6,0.0120,,
2.0430,494,226.1,20.6,0.0120,,
2.0505,495,226.2,20.6,0.0125,,
2.0590,496,226.6,20.6,0.0140,,
2.0675,497,226.9,20.6,0.0140,,
2.0755,498,227.0,20.6,0.0115,,
2.0840,499,227.4,20.6,0.0120,,
2.0925,500,227.7,20.6,0.0120,,
2.1000,501,228.0,20.6,0.0125,,
2.1085,502,228.1,20.6,0.0140,,
2.1170,503,228.2,20.6,0.0140,,
2.1255,504,228.6,20.6,0.0120,,
2.1335,505,228.9,20.6,0.0115,,
2.1420,506,229.0,20.6,0.0120,,
2.1495,507,229.3,20.6,0.0125,,
2.1580,508,229.4,20.6,0.0140,,
2.1665,509,229.9,20.6,0.0140,,
2.1750,510,230.1,20.6,0.0120,,
2.1835,511,230.2,20.6,0.0120,,
2.1915,512,230.4,20.6,0.0115,,
2.1995,513,230.6,20.6,0.0135,,
2.2075,514,231.0,20.6,0.0135,,
2.2160,515,231.3,20.6,0.0140,,
2.2245,516,231.4,20.6,0.0120,,
2.2330,517,231.6,20.6,0.0120,,
2.2415,518,232.0,20.6,0.0120,,
2.2500,519,232.2,20.6,0.0140,,
2.2575,520,232.4,20.6,0.0125,,
2.2660,521,232.4,20.6,0.0140,,
2.2740,522,232.8,20.6,0.0115,,
2.2825,523,233.2,20.6,0.0120,,
2.2910,524,233.2,20.6,0.0120,,
2.2995,525,233.3,20.6,0.0120,,
2.3070,526,233.5,20.6,0.0125,,
2.3150,527,233.7,20.6,0.0135,,
2.3235,528,234.2,20.6,0.0120,,
2.3310,529,234.1,20.6,0.0105,,
2.3365,530,234.1,20.6,0.0080,,
2.3400,531,234.1,20.6,0.0060,,
2.3435,532,234.5,20.6,0.0060,,
2.3460,533,234.5,20.6,0.0040,,
2.3480,534,234.4,20.6,0.0030,,
2.3490,535,234.5,20.6,0.0015,,
2.3510,536,234.8,20.6,0.0030,,
2.3525,537,234.8,20.6,0.0025,,
2.3540,538,234.8,20.6,0.0025,,
2.3560,539,234.7,20.6,0.0035,,
2.3575,540,235.0,20.6,0.0020,,
2.3600,541,235.1,20.6,0.0020,,
Scope 1/1, Sample 8/32 (S6)
Result,TitrationEP1
V,t,E,T,dV/dt,E acc. stat.,Volume acc. stat.
0.0000,0,-69.0,20.8,NaN,,
0.0005,1,-68.9,20.8,0.0005,,
0.0025,2,-69.1,20.8,0.0020,,
0.0050,3,-69.0,20.8,0.0025,,
0.0090,4,-68.6,20.8,0.0035,,
0.0150,5,-68.4,20.8,0.0055,,
0.0235,6,-67.9,20.8,0.0075,,
0.0310,7,-66.8,20.8,0.0075,,
0.0395,8,-65.7,20.8,0.0085,,
0.0480,9,-64.1,20.8,0.0085,,
0.0565,10,-62.7,20.8,0.0075,,
0.0650,11,-61.2,20.8,0.0075,,
0.0730,12,-59.3,20.8,0.0075,,
0.0810,13,-57.8,20.8,0.0080,,
0.0890,14,-55.6,20.8,0.0080,,
0.0975,15,-53.9,20.8,0.0085,,
0.1060,16,-51.8,20.8,0.0075,,
0.1145,17,-49.5,20.8,0.0075,,
0.1230,18,-47.1,20.8,0.0075,,
0.1305,19,-44.8,20.8,0.0075,,
0.1390,20,-42.3,20.8,0.0085,,
0.1470,21,-39.7,20.8,0.0080,,
0.1555,22,-36.7,20.8,0.0075,,
0.1640,23,-33.7,20.8,0.0075,,
0.1725,24,-30.7,20.8,0.0075,,
0.1810,25,-27.8,20.8,0.0085,,
0.1885,26,-25.1,20.8,0.0075,,
0.1970,27,-22.3,20.8,0.0085,,
0.2050,28,-19.7,20.8,0.0075,,
0.2135,29,-17.7,20.8,0.0075,,
0.2220,30,-15.7,20.8,0.0075,,
0.2305,31,-14.0,20.8,0.0085,,
0.2380,32,-12.1,20.8,0.0075,,
0.2465,33,-10.3,20.8,0.0085,,
0.2550,34,-9.1,20.8,0.0075,,
0.2635,35,-7.3,20.8,0.0075,,
0.2715,36,-5.7,20.8,0.0075,,
0.2795,37,-4.5,20.8,0.0080,,
0.2875,38,-3.2,20.8,0.0080,,
0.2960,39,-2.3,20.8,0.0085,,
0.3045,40,-1.1,20.8,0.0075,,
0.3130,41,0.2,20.8,0.0075,,
0.3215,42,1.0,20.8,0.0075,,
0.3290,43,2.0,20.8,0.0075,,
0.3375,44,3.0,20.8,0.0085,,
0.3460,45,4.2,20.8,0.0085,,
0.3540,46,5.2,20.8,0.0075,,
0.3625,47,6.0,20.8,0.0075,,
0.3710,48,6.9,20.8,0.0075,,
0.3795,49,7.7,20.8,0.0085,,
0.3870,50,8.8,20.8,0.0075,,
0.3955,51,9.7,20.8,0.0085,,
0.4040,52,10.3,20.8,0.0075,,
0.4120,53,11.3,20.8,0.0075,,
0.4205,54,12.2,20.8,0.0075,,
0.4280,55,13.0,20.8,0.0075,,
0.4365,56,13.8,20.8,0.0085,,
0.4450,57,14.5,20.8,0.0085,,
0.4535,58,15.5,20.8,0.0075,,
0.4620,59,16.4,20.8,0.0075,,
0.4705,60,17.1,20.8,0.0075,,
0.4780,61,17.9,20.8,0.0075,,
0.4865,62,18.6,20.8,0.0085,,
0.4945,63,19.7,20.8,0.0075,,
0.5030,64,20.5,20.8,0.0075,,
0.5115,65,21.1,20.8,0.0075,,
0.5200,66,22.0,20.8,0.0075,,
0.5275,67,22.7,20.8,0.0075,,
0.5360,68,23.6,20.8,0.0085,,
0.5445,69,24.3,20.8,0.0075,,
0.5530,70,25.1,20.8,0.0075,,
0.5610,71,26.1,20.8,0.0075,,
0.5695,72,26.6,20.8,0.0085,,
0.5770,73,27.6,20.8,0.0075,,
0.5855,74,28.2,20.8,0.0085,,
0.5940,75,28.8,20.8,0.0085,,
0.6025,76,29.8,20.8,0.0075,,
0.6110,77,30.7,20.8,0.0075,,
0.6190,78,31.3,20.8,0.0075,,
0.6270,79,32.1,20.8,0.0080,,
0.6350,80,32.7,20.8,0.0080,,
0.6435,81,33.7,20.8,0.0085,,
0.6520,82,34.7,20.8,0.0075,,
0.6605,83,35.3,20.8,0.0075,,
0.6690,84,36.2,20.8,0.0075,,
0.6765,85,36.9,20.8,0.0075,,
0.6850,86,37.9,20.8,0.0085,,
0.6935,87,38.8,20.8,0.0075,,
0.7015,88,39.5,20.8,0.0075,,
0.7100,89,40.5,20.8,0.0075,,
0.7185,90,41.5,20.8,0.0075,,
0.7260,91,42.2,20.8,0.0075,,
0.7345,92,43.0,20.8,0.0085,,
0.7430,93,43.6,20.8,0.0085,,
0.7515,94,44.6,20.8,0.0075,,
0.7595,95,45.7,20.8,0.0075,,
0.7680,96,46.4,20.8,0.0075,,
0.7755,97,47.2,20.8,0.0075,,
0.7840,98,47.9,20.8,0.0085,,
0.7925,99,49.1,20.8,0.0085,,
0.8010,100,50.1,20.8,0.0075,,
0.8095,101,50.7,20.8,0.0075,,
0.8180,102,51.7,20.8,0.0075,,
0.8255,103,52.4,20.8,0.0075,,
0.8340,104,53.5,20.8,0.0085,,
0.8420,105,54.4,20.8,0.0075,,
0.8505,106,55.2,20.8,0.0075,,
0.8590,107,56.2,20.8,0.0075,,
0.8675,108,57.3,20.8,0.0075,,
0.8750,109,58.2,20.8,0.0075,,
0.8835,110,59.1,20.8,0.0085,,
0.8920,111,59.9,20.8,0.0085,,
0.9000,112,61.1,20.8,0.0075,,
0.9085,113,62.2,20.8,0.0075,,
0.9170,114,63.1,20.8,0.0075,,
0.9245,115,64.1,20.8,0.0075,,
0.9330,116,65.0,20.8,0.0085,,
0.9415,117,66.1,20.8,0.0085,,
0.9500,118,67.2,20.8,0.0075,,
0.9585,119,68.2,20.8,0.0075,,
0.9665,120,69.4,20.8,0.0075,,
0.9745,121,70.2,20.8,0.0075,,
0.9825,122,71.6,20.8,0.0080,,
0.9910,123,72.7,20.8,0.0075,,
0.9995,124,73.7,20.8,0.0075,,
1.0080,125,75.0,20.8,0.0075,,
1.0165,126,76.2,20.8,0.0075,,
1.0240,127,77.3,20.8,0.0075,,
1.0325,128,78.5,20.8,0.0085,,
1.0405,129,79.4,20.8,0.0080,,
1.0490,130,80.9,20.8,0.0075,,
1.0575,131,82.4,20.8,0.0075,,
1.0660,132,83.5,20.8,0.0075,,
1.0735,133,84.8,20.8,0.0075,,
1.0820,134,85.9,20.8,0.0085,,
1.0905,135,87.4,20.8,0.0085,,
1.0985,136,89.1,20.8,0.0075,,
1.1070,137,90.4,20.8,0.0075,,
1.1155,138,91.8,20.8,0.0075,,
1.1230,139,93.3,20.8,0.0075,,
1.1315,140,95.1,20.8,0.0085,,
1.1400,141,96.8,20.8,0.0085,,
1.1485,142,98.2,20.8,0.0075,,
1.1570,143,100.0,20.8,0.0075,,
1.1650,144,102.1,20.8,0.0075,,
1.1735,145,103.7,20.8,0.0085,,
1.1810,146,105.8,20.8,0.0075,,
1.1895,147,107.8,20.8,0.0085,,
1.1980,148,110.1,20.8,0.0075,,
1.2065,149,112.7,20.8,0.0075,,
1.2150,150,115.0,20.8,0.0075,,
1.2225,151,117.5,20.8,0.0075,,
1.2310,152,120.1,20.8,0.0085,,
1.2390,153,123.2,20.8,0.0080,,
1.2475,154,126.3,20.8,0.0075,,
1.2560,155,129.5,20.8,0.0075,,
1.2645,156,132.7,20.8,0.0075,,
1.2720,157,135.8,20.8,0.0075,,
1.2805,158,139.5,20.8,0.0085,,
1.2890,159,143.3,20.8,0.0085,,
1.2975,160,146.7,20.8,0.0075,,
1.3055,161,150.4,20.8,0.0075,,
1.3140,162,153.8,20.8,0.0075,,
1.3225,163,157.3,20.8,0.0075,,
1.3300,164,160.1,20.8,0.0075,,
1.3385,165,162.8,20.8,0.0085,,
1.3470,166,165.8,20.8,0.0075,,
1.3555,167,168.3,20.8,0.0075,,
1.3635,168,170.8,20.8,0.0075,,
1.3720,169,172.7,20.8,0.0085,,
1.3795,170,174.6,20.8,0.0075,,
1.3880,171,176.5,20.8,0.0085,,
1.3965,172,178.6,20.8,0.0075,,
1.4050,173,180.2,20.8,0.0075,,
1.4135,174,181.6,20.8,0.0075,,
1.4210,175,183.0,20.8,0.0075,,
1.4295,176,184.5,20.8,0.0085,,
1.4355,177,185.2,20.8,0.0085,,
1.4355,417,186.8,20.9,0.0000,,
1.4360,418,186.9,20.9,0.0005,,
1.4375,419,187.1,20.9,0.0020,,
1.4400,420,187.1,20.9,0.0030,,
1.4440,421,187.5,20.9,0.0045,,
1.4500,422,188.3,20.9,0.0065,,
1.4585,423,189.2,20.9,0.0095,,
1.4660,424,190.4,20.9,0.0095,,
1.4740,425,191.3,20.9,0.0100,,
1.4825,426,192.3,20.9,0.0105,,
1.4910,427,193.6,20.9,0.0095,,
1.4995,428,194.5,20.9,0.0095,,
1.5080,429,195.1,20.9,0.0095,,
1.5155,430,196.1,20.9,0.0095,,
1.5240,431,197.0,20.9,0.0105,,
1.5320,432,198.0,20.9,0.0100,,
1.5405,433,198.7,20.9,0.0095,,
1.5490,434,199.4,20.9,0.0095,,
1.5575,435,200.3,20.9,0.0095,,
1.5650,436,200.9,20.9,0.0095,,
1.5735,437,201.8,20.9,0.0105,,
1.5820,438,202.5,20.9,0.0105,,
1.5900,439,203.1,20.9,0.0090,,
1.5985,440,203.9,20.9,0.0095,,
1.6070,441,204.6,20.9,0.0095,,
1.6145,442,205.2,20.9,0.0095,,
1.6230,443,205.7,20.9,0.0105,,
1.6315,444,206.2,20.9,0.0105,,
1.6400,445,207.0,20.9,0.0095,,
1.6485,446,207.6,20.9,0.0095,,
1.6565,447,208.0,20.9,0.0090,,
1.6645,448,208.6,20.9,0.0100,,
1.6725,449,209.0,20.9,0.0100,,
1.6810,450,209.8,20.9,0.0105,,
1.6895,451,210.3,20.9,0.0095,,
1.6980,452,210.6,20.9,0.0095,,
1.7065,453,211.2,20.9,0.0095,,
1.7140,454,211.6,20.9,0.0095,,
1.7225,455,212.3,20.9,0.0105,,
1.7310,456,212.6,20.9,0.0105,,
1.7390,457,213.0,20.9,0.0090,,
1.7475,458,213.6,20.9,0.0095,,
1.7560,459,214.1,20.9,0.0095,,
1.7635,460,214.5,20.9,0.0095,,
1.7720,461,214.8,20.9,0.0105,,
1.7805,462,215.1,20.9,0.0105,,
1.7890,463,215.8,20.9,0.0095,,
1.7975,464,216.2,20.9,0.0095,,
1.8055,465,216.3,20.9,0.0090,,
1.8135,466,216.7,20.9,0.0100,,
1.8215,467,217.2,20.9,0.0100,,
1.8300,468,217.8,20.9,0.0105,,
1.8385,469,218.1,20.9,0.0095,,
1.8470,470,218.3,20.9,0.0095,,
1.8555,471,218.8,20.9,0.0095,,
1.8630,472,219.0,20.9,0.0095,,
1.8715,473,219.6,20.9,0.0105,,
1.8795,474,219.9,20.9,0.0090,,
1.8880,475,220.1,20.9,0.0095,,
1.8965,476,220.6,20.9,0.0095,,
1.9050,477,221.0,20.9,0.0095,,
1.9125,478,221.3,20.9,0.0095,,
1.9210,479,221.5,20.9,0.0105,,
1.9295,480,221.7,20.9,0.0105,,
1.9375,481,222.2,20.9,0.0090,,
1.9460,482,222.5,20.9,0.0095,,
1.9545,483,222.6,20.9,0.0095,,
1.9620,484,222.9,20.9,0.0095,,
1.9705,485,223.1,20.9,0.0105,,
1.9790,486,223.6,20.9,0.0105,,
1.9875,487,224.0,20.9,0.0095,,
1.9955,488,224.1,20.9,0.0090,,
2.0040,489,224.4,20.9,0.0095,,
2.0125,490,224.7,20.9,0.0105,,
2.0200,491,225.1,20.9,0.0095,,
2.0285,492,225.3,20.9,0.0105,,
2.0370,493,225.5,20.9,0.0095,,
2.0455,494,225.8,20.9,0.0095,,
2.0540,495,226.3,20.9,0.0095,,
2.0620,496,226.5,20.9,0.0100,,
2.0700,497,226.8,20.9,0.0100,,
2.0780,498,226.9,20.9,0.0090,,
2.0865,499,227.2,20.9,0.0095,,
2.0950,500,227.6,20.9,0.0095,,
2.1035,501,227.7,20.9,0.0095,,
2.1120,502,228.1,20.9,0.0105,,
2.1195,503,228.2,20.9,0.0095,,
2.1275,504,228.4,20.9,0.0100,,
2.1360,505,228.9,20.9,0.0105,,
2.1445,506,229.1,20.9,0.0095,,
2.1530,507,229.2,20.9,0.0095,,
2.1615,508,229.6,20.9,0.0095,,
2.1690,509,229.8,20.9,0.0095,,
2.1775,510,230.1,20.9,0.0105,,
2.1860,511,230.2,20.9,0.0095,,
2.1940,512,230.3,20.9,0.0090,,
2.2025,513,230.7,20.9,0.0095,,
2.2110,514,230.9,20.9,0.0095,,
2.2185,515,231.2,20.9,0.0095,,
2.2270,516,231.1,20.9,0.0105,,
2.2355,517,231.4,20.9,0.0095,,
2.2440,518,231.7,20.9,0.0095,,
2.2525,519,231.8,20.9,0.0095,,
2.2605,520,232.0,20.9,0.0090,,
2.2680,521,232.3,20.9,0.0095,,
2.2765,522,232.5,20.9,0.0105,,
2.2850,523,232.9,20.9,0.0105,,
2.2935,524,233.1,20.9,0.0095,,
2.3020,525,233.1,20.9,0.0095,,
2.3105,526,233.4,21.0,0.0095,,
2.3180,527,233.5,20.9,0.0095,,
2.3265,528,233.9,20.9,0.0105,,
2.3345,529,233.9,20.9,0.0100,,
2.3405,530,234.0,20.9,0.0065,,
2.3420,531,234.2,20.9,0.0015,,
2.3430,532,234.2,21.0,0.0010,,
2.3440,533,234.3,21.0,0.0010,,
2.3460,534,234.2,21.0,0.0025,,
2.3465,535,234.3,21.0,0.0005,,
2.3475,536,234.4,21.0,0.0010,,
2.3485,537,234.4,21.0,0.0010,,
2.3495,538,234.3,21.0,0.0010,,
2.3500,539,234.4,21.0,0.0005,,
2.3510,540,234.5,21.0,0.0010,,
2.3520,541,234.7,21.0,0.0010,,
2.3525,542,234.6,21.0,0.0005,,
2.3535,543,234.5,21.0,0.0010,,
2.3540,544,234.6,21.0,0.0005,,
2.3550,545,234.6,21.0,0.0010,,
2.3560,546,234.8,21.0,0.0010,,
2.3570,547,234.7,21.0,0.0010,,
2.3575,548,234.6,21.0,0.0005,,
2.3585,549,234.6,21.0,0.0010,,
2.3590,550,234.8,21.0,0.0005,,
2.3600,551,234.7,21.0,0.0010,,
2.3615,552,234.7,21.0,0.0020,,
2.3635,553,234.6,21.0,0.0025,,
2.3650,554,234.7,21.0,0.0015,,
2.3655,554,235.0,21.0,0.0015,,
Scope 1/1, Sample 9/32 (T1)
Result,TitrationEP1
V,t,E,T,dV/dt,E acc. stat.,Volume acc. stat.
0.0000,0,-73.8,20.9,NaN,,
0.0010,1,-73.7,20.9,0.0010,,
0.0025,2,-73.9,20.9,0.0015,,
0.0050,3,-73.7,20.9,0.0025,,
0.0090,4,-73.6,20.9,0.0035,,
0.0150,5,-73.4,20.9,0.0055,,
0.0235,6,-72.6,20.9,0.0075,,
0.0320,7,-71.8,20.9,0.0085,,
0.0395,8,-70.6,20.9,0.0075,,
0.0480,9,-69.6,20.9,0.0085,,
0.0565,10,-68.4,20.9,0.0075,,
0.0650,11,-66.7,20.9,0.0075,,
0.0730,12,-65.1,20.9,0.0075,,
0.0815,13,-63.6,20.9,0.0085,,
0.0890,14,-62.1,20.9,0.0075,,
0.0975,15,-60.2,20.9,0.0075,,
0.1060,16,-58.3,20.9,0.0075,,
0.1145,17,-56.6,20.9,0.0075,,
0.1230,18,-54.7,20.9,0.0075,,
0.1310,19,-52.9,20.9,0.0080,,
0.1390,20,-50.5,20.9,0.0080,,
0.1470,21,-48.0,20.9,0.0075,,
0.1555,22,-45.6,20.9,0.0075,,
0.1640,23,-43.1,20.9,0.0075,,
0.1725,24,-40.1,20.9,0.0075,,
0.1810,25,-37.5,20.9,0.0085,,
0.1885,26,-34.1,20.9,0.0075,,
0.1970,27,-31.2,20.9,0.0085,,
0.2050,28,-28.6,20.9,0.0075,,
0.2135,29,-25.6,20.9,0.0075,,
0.2220,30,-22.8,20.9,0.0075,,
0.2305,31,-20.6,20.9,0.0075,,
0.2380,32,-18.5,20.9,0.0075,,
0.2465,33,-16.7,20.9,0.0085,,
0.2550,34,-14.6,20.9,0.0075,,
0.2630,35,-12.8,20.9,0.0075,,
0.2715,36,-11.4,20.9,0.0075,,
0.2800,37,-9.9,20.9,0.0075,,
0.2875,38,-8.5,20.9,0.0075,,
0.2960,39,-7.1,20.9,0.0085,,
0.3045,40,-5.6,20.9,0.0075,,
0.3130,41,-4.5,20.9,0.0075,,
0.3210,42,-3.3,20.9,0.0075,,
0.3295,43,-2.0,20.9,0.0075,,
0.3380,44,-1.1,20.9,0.0085,,
0.3455,45,0.1,20.9,0.0075,,
0.3540,46,0.9,20.9,0.0075,,
0.3625,47,1.9,20.9,0.0075,,
0.3710,48,3.2,20.9,0.0075,,
0.3795,49,4.1,20.9,0.0075,,
0.3875,50,5.1,20.9,0.0080,,
0.3950,51,5.8,20.9,0.0075,,
0.4035,52,6.8,20.9,0.0075,,
0.4120,53,8.0,20.9,0.0075,,
0.4205,54,8.6,20.9,0.0075,,
0.4290,55,9.3,20.9,0.0075,,
0.4375,56,10.1,20.9,0.0085,,
0.4450,57,11.1,20.9,0.0075,,
0.4535,58,12.2,20.9,0.0075,,
0.4615,59,12.8,20.9,0.0075,,
0.4700,60,13.6,20.9,0.0075,,
0.4785,61,14.7,20.9,0.0075,,
0.4870,62,15.3,20.9,0.0085,,
0.4945,63,16.3,20.9,0.0075,,
0.5030,64,17.0,20.9,0.0085,,
0.5115,65,17.7,20.9,0.0075,,
0.5195,66,18.8,20.9,0.0075,,
0.5280,67,19.6,20.9,0.0075,,
0.5365,68,20.4,20.9,0.0085,,
0.5440,69,21.0,20.9,0.0075,,
0.5525,70,21.9,20.9,0.0075,,
0.5610,71,23.0,20.9,0.0075,,
0.5695,72,23.7,20.9,0.0075,,
0.5780,73,24.4,20.9,0.0075,,
0.5860,74,25.1,20.9,0.0080,,
0.5940,75,25.9,20.9,0.0080,,
0.6020,76,27.0,20.9,0.0080,,
0.6105,77,27.8,20.9,0.0075,,
0.6190,78,28.5,20.9,0.0075,,
0.6275,79,29.5,20.9,0.0075,,
0.6360,80,30.4,20.9,0.0075,,
0.6435,81,31.2,20.9,0.0075,,
0.6520,82,31.9,20.9,0.0085,,
0.6600,83,32.6,20.9,0.0075,,
0.6685,84,33.6,20.9,0.0075,,
0.6770,85,34.6,20.9,0.0075,,
0.6855,86,35.3,20.9,0.0075,,
0.6930,87,36.1,20.9,0.0075,,
0.7015,88,36.9,20.9,0.0085,,
0.7100,89,37.9,20.9,0.0075,,
0.7185,90,38.8,20.9,0.0075,,
0.7265,91,39.5,20.9,0.0075,,
0.7350,92,40.5,20.9,0.0075,,
0.7425,93,41.3,20.9,0.0075,,
0.7510,94,42.3,20.9,0.0085,,
0.7595,95,43.3,20.9,0.0075,,
0.7680,96,43.9,20.9,0.0075,,
0.7760,97,44.8,20.9,0.0075,,
0.7845,98,45.9,20.9,0.0075,,
0.7930,99,46.8,20.9,0.0085,,
0.8005,100,47.9,20.9,0.0075,,
0.8090,101,48.8,20.9,0.0085,,
0.8175,102,49.7,20.9,0.0075,,
0.8260,103,50.8,20.9,0.0075,,
0.8345,104,51.8,20.9,0.0075,,
0.8425,105,52.6,20.9,0.0075,,
0.8500,106,53.4,20.9,0.0075,,
0.8585,107,54.3,20.9,0.0085,,
0.8670,108,55.5,20.9,0.0075,,
0.8755,109,56.6,20.9,0.0075,,
0.8840,110,57.4,20.9,0.0075,,
0.8925,111,58.5,20.9,0.0075,,
0.9000,112,59.4,20.9,0.0075,,
0.9085,113,60.7,20.9,0.0085,,
0.9165,114,61.8,20.9,0.0075,,
0.9250,115,62.6,20.9,0.0075,,
0.9335,116,63.7,20.9,0.0075,,
0.9420,117,65.0,20.9,0.0075,,
0.9495,118,66.0,20.9,0.0075,,
0.9580,119,67.3,20.9,0.0085,,
0.9660,120,68.1,20.9,0.0075,,
0.9745,121,69.4,20.9,0.0075,,
0.9830,122,70.7,20.9,0.0075,,
0.9915,123,71.7,20.9,0.0075,,
0.9990,124,73.0,20.9,0.0075,,
1.0075,125,74.0,20.9,0.0085,,
1.0160,126,75.6,20.9,0.0075,,
1.0245,127,76.8,20.9,0.0075,,
1.0330,128,77.9,20.9,0.0075,,
1.0410,129,79.4,20.9,0.0075,,
1.0485,130,80.6,20.9,0.0075,,
1.0570,131,82.2,20.9,0.0085,,
1.0655,132,83.6,20.9,0.0075,,
1.0740,133,84.8,20.9,0.0075,,
1.0825,134,86.4,20.9,0.0075,,
1.0910,135,88.2,20.9,0.0075,,
1.0985,136,89.6,20.9,0.0075,,
1.1070,137,91.2,20.9,0.0085,,
1.1150,138,92.7,21.0,0.0075,,
1.1235,139,94.6,21.0,0.0075,,
1.1320,140,96.5,21.0,0.0075,,
1.1405,141,98.2,21.0,0.0075,,
1.1480,142,100.1,20.9,0.0075,,
1.1565,143,101.9,21.0,0.0085,,
1.1650,144,104.2,21.0,0.0075,,
1.1735,145,106.5,21.0,0.0075,,
1.1815,146,108.6,21.0,0.0075,,
1.1900,147,111.1,21.0,0.0075,,
1.1975,148,113.2,21.0,0.0075,,
1.2060,149,116.3,21.0,0.0085,,
1.2145,150,119.6,21.0,0.0075,,
1.2230,151,122.6,21.0,0.0075,,
1.2315,152,125.9,21.0,0.0075,,
1.2395,153,129.6,21.0,0.0075,,
1.2475,154,132.9,21.0,0.0080,,
1.2555,155,136.7,21.0,0.0080,,
1.2640,156,140.4,21.0,0.0075,,
1.2725,157,144.4,21.0,0.0075,,
1.2810,158,148.6,21.0,0.0075,,
1.2895,159,152.3,21.0,0.0075,,
1.2970,160,155.5,21.0,0.0075,,
1.3055,161,158.4,21.0,0.0085,,
1.3135,162,161.5,21.0,0.0075,,
1.3220,163,164.7,21.0,0.0075,,
1.3305,164,167.3,21.0,0.0075,,
1.3390,165,169.6,21.0,0.0075,,
1.3465,166,171.5,21.0,0.0075,,
1.3550,167,173.8,21.0,0.0085,,
1.3635,168,175.9,21.0,0.0075,,
1.3720,169,177.7,21.0,0.0075,,
1.3800,170,179.4,21.0,0.0075,,
1.3885,171,181.4,21.0,0.0075,,
1.3970,172,182.6,21.0,0.0085,,
1.4045,173,184.2,21.0,0.0075,,
1.4125,174,185.2,21.0,0.0075,,
1.4125,414,187.1,21.0,0.0000,,
1.4130,415,187.0,21.0,0.0005,,
1.4145,416,187.1,21.0,0.0010,,
1.4170,417,187.4,21.0,0.0020,,
1.4210,418,187.7,21.0,0.0030,,
1.4275,419,188.3,21.0,0.0050,,
1.4360,420,189.5,21.0,0.0065,,
1.4435,421,190.3,21.0,0.0060,,
1.4520,422,191.5,21.0,0.0070,,
1.4600,423,192.4,21.0,0.0065,,
1.4685,424,193.4,21.0,0.0065,,
1.4770,425,194.7,21.0,0.0065,,
1.4855,426,195.5,21.0,0.0065,,
1.4930,427,196.4,21.0,0.0060,,
1.5015,428,197.0,21.0,0.0070,,
1.5100,429,197.9,21.0,0.0070,,
1.5185,430,199.0,21.0,0.0065,,
1.5265,431,199.6,21.0,0.0060,,
1.5350,432,200.2,21.0,0.0065,,
1.5425,433,200.9,21.0,0.0060,,
1.5510,434,201.7,21.0,0.0070,,
1.5595,435,202.6,21.0,0.0070,,
1.5680,436,203.1,21.0,0.0065,,
1.5765,437,203.6,21.0,0.0065,,
1.5845,438,204.6,21.0,0.0060,,
1.5930,439,204.9,21.0,0.0070,,
1.6005,440,205.8,21.0,0.0060,,
1.6090,441,206.2,21.0,0.0070,,
1.6175,442,206.8,21.0,0.0065,,
1.6260,443,207.6,21.0,0.0065,,
1.6345,444,208.1,21.0,0.0065,,
1.6420,445,208.7,21.0,0.0060,,
1.6505,446,209.0,21.0,0.0070,,
1.6590,447,209.5,21.0,0.0070,,
1.6670,448,210.3,21.0,0.0060,,
1.6755,449,210.8,21.0,0.0065,,
1.6840,450,211.1,21.0,0.0065,,
1.6915,451,211.6,21.0,0.0060,,
1.7000,452,212.2,21.0,0.0070,,
1.7085,453,212.9,21.0,0.0070,,
1.7170,454,213.2,21.1,0.0065,,
1.7250,455,213.6,21.0,0.0060,,
1.7335,456,214.2,21.0,0.0065,,
1.7420,457,214.4,21.0,0.0070,,
1.7495,458,215.0,21.1,0.0060,,
1.7580,459,215.3,21.0,0.0070,,
1.7665,460,215.7,21.1,0.0065,,
1.7750,461,216.3,21.1,0.0065,,
1.7835,462,216.6,21.0,0.0065,,
1.7915,463,217.1,21.1,0.0065,,
1.7990,464,217.4,21.0,0.0060,,
1.8075,465,217.7,21.0,0.0070,,
1.8160,466,218.2,21.1,0.0065,,
1.8245,467,218.6,21.1,0.0065,,
1.8330,468,218.7,21.1,0.0065,,
1.8415,469,219.2,21.0,0.0070,,
1.8490,470,219.5,21.1,0.0060,,
1.8575,471,220.1,21.1,0.0070,,
1.8655,472,220.4,21.1,0.0065,,
1.8740,473,220.5,21.1,0.0065,,
1.8825,474,220.9,21.1,0.0065,,
1.8910,475,221.5,21.1,0.0065,,
1.8985,476,221.7,21.1,0.0060,,
1.9070,477,222.0,21.1,0.0070,,
1.9155,478,222.1,21.1,0.0065,,
1.9235,479,222.6,21.1,0.0060,,
1.9320,480,223.0,21.1,0.0065,,
1.9405,481,223.0,21.1,0.0065,,
1.9480,482,223.5,21.1,0.0060,,
1.9565,483,223.6,21.1,0.0070,,
1.9650,484,224.1,21.1,0.0065,,
1.9735,485,224.5,21.1,0.0065,,
1.9820,486,224.6,21.1,0.0065,,
1.9900,487,225.0,21.1,0.0060,,
1.9975,488,225.2,21.1,0.0060,,
2.0060,489,225.5,21.1,0.0070,,
2.0145,490,225.9,21.1,0.0070,,
2.0230,491,225.9,21.1,0.0065,,
2.0315,492,226.2,21.1,0.0065,,
2.0400,493,226.7,21.1,0.0065,,
2.0475,494,226.8,21.1,0.0060,,
2.0560,495,227.2,21.1,0.0070,,
2.0640,496,227.3,21.1,0.0065,,
2.0725,497,227.5,21.1,0.0065,,
2.0810,498,228.1,21.1,0.0065,,
2.0895,499,228.3,21.1,0.0065,,
2.0970,500,228.6,21.1,0.0060,,
2.1055,501,228.7,21.1,0.0070,,
2.1140,502,229.0,21.1,0.0070,,
2.1220,503,229.4,21.1,0.0060,,
2.1305,504,229.5,21.1,0.0065,,
2.1390,505,229.6,21.1,0.0065,,
2.1465,506,229.7,21.1,0.0060,,
2.1550,507,230.0,21.1,0.0070,,
2.1635,508,230.4,21.1,0.0070,,
2.1720,509,230.5,21.1,0.0065,,
2.1805,510,230.6,21.1,0.0065,,
2.1885,511,231.2,21.1,0.0060,,
2.1965,512,231.3,21.1,0.0065,,
2.2045,513,231.6,21.1,0.0065,,
2.2130,514,231.5,21.1,0.0070,,
2.2215,515,231.8,21.1,0.0065,,
2.2300,516,232.3,21.1,0.0065,,
2.2385,517,232.4,21.1,0.0065,,
2.2460,518,232.8,21.1,0.0060,,
2.2545,519,232.7,21.1,0.0070,,
2.2625,520,232.9,21.1,0.0065,,
2.2710,521,233.4,21.1,0.0065,,
2.2795,522,233.4,21.1,0.0065,,
2.2880,523,233.5,21.1,0.0065,,
2.2955,524,233.7,21.1,0.0060,,
2.3030,525,234.0,21.1,0.0060,,
2.3060,526,234.4,21.1,0.0025,,
2.3060,527,234.3,21.1,0.0000,,
2.3070,528,234.1,21.1,0.0010,,
2.3085,529,234.4,21.1,0.0010,,
2.3105,530,234.3,21.1,0.0015,,
2.3125,531,234.5,21.1,0.0015,,
2.3140,532,234.4,21.1,0.0010,,
2.3150,533,234.2,21.1,0.0010,,
2.3160,534,234.5,21.1,0.0010,,
2.3175,535,234.6,21.1,0.0010,,
2.3190,536,234.6,21.1,0.0010,,
2.3210,537,234.5,21.1,0.0015,,
2.3225,538,234.6,21.1,0.0010,,
2.3240,539,234.8,21.1,0.0010,,
2.3260,540,234.8,21.1,0.0015,,
2.3270,541,234.6,21.1,0.0010,,
2.3275,542,234.6,21.1,0.0005,,
2.3280,543,234.5,21.1,0.0005,,
2.3285,544,234.7,21.1,0.0005,,
2.3295,545,234.8,21.1,0.0010,,
2.3295,546,234.6,21.1,0.0000,,
2.3300,547,235.0,21.1,0.0005,,
Scope 1/1, Sample 10/32 (T2)
Result,TitrationEP1
V,t,E,T,dV/dt,E acc. stat.,Volume acc. stat.
0.0000,0,-71.8,21.1,NaN,,
0.0005,1,-72.0,21.1,0.0005,,
0.0025,2,-71.8,21.1,0.0020,,
0.0050,3,-71.8,21.1,0.0025,,
0.0090,4,-71.8,21.1,0.0035,,
0.0150,5,-71.2,21.1,0.0055,,
0.0235,6,-70.5,21.1,0.0075,,
0.0320,7,-69.5,21.1,0.0085,,
0.0395,8,-68.6,21.1,0.0075,,
0.0480,9,-67.4,21.1,0.0085,,
0.0565,10,-65.8,21.1,0.0075,,
0.0650,11,-64.3,21.1,0.0075,,
0.0730,12,-62.9,21.1,0.0075,,
0.0810,13,-61.4,21.1,0.0080,,
0.0890,14,-59.7,21.1,0.0080,,
0.0975,15,-57.5,21.1,0.0085,,
0.1060,16,-55.6,21.1,0.0075,,
0.1145,17,-53.7,21.1,0.0075,,
0.1230,18,-51.3,21.1,0.0075,,
0.1305,19,-49.5,21.1,0.0075,,
0.1390,20,-46.8,21.1,0.0085,,
0.1470,21,-44.4,21.1,0.0080,,
0.1555,22,-41.9,21.1,0.0075,,
0.1640,23,-38.9,21.1,0.0075,,
0.1725,24,-35.9,21.1,0.0075,,
0.1810,25,-33.2,21.1,0.0085,,
0.1885,26,-30.4,21.1,0.0075,,
0.1970,27,-27.5,21.1,0.0085,,
0.2050,28,-24.5,21.1,0.0075,,
0.2135,29,-21.8,21.1,0.0075,,
0.2220,30,-19.6,21.1,0.0075,,
0.2305,31,-17.5,21.1,0.0085,,
0.2380,32,-15.3,21.1,0.0075,,
0.2465,33,-13.1,21.1,0.0085,,
0.2550,34,-11.5,21.1,0.0075,,
0.2635,35,-10.0,21.1,0.0075,,
0.2715,36,-8.2,21.1,0.0075,,
0.2795,37,-7.1,21.1,0.0080,,
0.2875,38,-5.5,21.1,0.0080,,
0.2960,39,-4.2,21.1,0.0085,,
0.3045,40,-3.0,21.1,0.0075,,
0.3130,41,-1.7,21.1,0.0075,,
0.3215,42,-0.5,21.1,0.0075,,
0.3300,43,0.4,21.1,0.0085,,
0.3375,44,1.4,21.1,0.0075,,
0.3460,45,2.4,21.1,0.0085,,
0.3540,46,3.7,21.1,0.0075,,
0.3625,47,4.7,21.1,0.0075,,
0.3710,48,5.4,21.1,0.0075,,
0.3785,49,6.3,21.1,0.0075,,
0.3870,50,7.2,21.1,0.0085,,
0.3955,51,8.4,21.1,0.0085,,
0.4040,52,9.1,21.1,0.0075,,
0.4120,53,9.9,21.1,0.0075,,
0.4205,54,11.0,21.1,0.0075,,
0.4280,55,11.7,21.1,0.0075,,
0.4365,56,12.8,21.1,0.0085,,
0.4450,57,13.6,21.1,0.0085,,
0.4535,58,14.3,21.1,0.0075,,
0.4620,59,15.3,21.1,0.0075,,
0.4700,60,16.2,21.1,0.0075,,
0.4785,61,17.0,21.1,0.0085,,
0.4860,62,17.7,21.1,0.0075,,
0.4945,63,18.4,21.1,0.0085,,
0.5030,64,19.5,21.1,0.0075,,
0.5115,65,20.4,21.1,0.0075,,
0.5200,66,21.0,21.1,0.0075,,
0.5275,67,21.9,21.1,0.0075,,
0.5360,68,22.7,21.1,0.0085,,
0.5445,69,23.7,21.1,0.0085,,
0.5525,70,24.5,21.1,0.0075,,
0.5610,71,25.2,21.1,0.0075,,
0.5695,72,26.2,21.1,0.0075,,
0.5770,73,26.8,21.1,0.0075,,
0.5855,74,27.8,21.1,0.0085,,
0.5940,75,28.6,21.1,0.0085,,
0.6025,76,29.2,21.1,0.0075,,
0.6110,77,30.2,21.1,0.0075,,
0.6190,78,31.1,21.1,0.0075,,
0.6270,79,31.8,21.1,0.0080,,
0.6350,80,32.5,21.1,0.0080,,
0.6435,81,33.3,21.1,0.0085,,
0.6520,82,34.4,21.1,0.0075,,
0.6605,83,35.2,21.1,0.0075,,
0.6690,84,35.9,21.1,0.0075,,
0.6765,85,36.7,21.1,0.0075,,
0.6850,86,37.5,21.1,0.0085,,
0.6930,87,38.6,21.1,0.0080,,
0.7015,88,39.5,21.1,0.0075,,
0.7100,89,40.2,21.1,0.0075,,
0.7185,90,41.1,21.1,0.0075,,
0.7270,91,41.9,21.1,0.0085,,
0.7345,92,43.1,21.1,0.0075,,
0.7430,93,44.0,21.1,0.0085,,
0.7510,94,44.7,21.1,0.0075,,
0.7595,95,45.6,21.1,0.0075,,
0.7680,96,46.7,21.1,0.0075,,
0.7765,97,47.4,21.1,0.0075,,
0.7840,98,48.4,21.1,0.0075,,
0.7925,99,49.1,21.1,0.0085,,
0.8010,100,50.2,21.1,0.0075,,
0.8090,101,51.3,21.1,0.0075,,
0.8175,102,52.0,21.1,0.0075,,
0.8260,103,52.8,21.1,0.0075,,
0.8335,104,53.7,21.1,0.0075,,
0.8420,105,54.9,21.1,0.0085,,
0.8505,106,56.0,21.1,0.0075,,
0.8590,107,56.7,21.1,0.0075,,
0.8675,108,57.7,21.1,0.0075,,
0.8755,109,59.0,21.1,0.0075,,
0.8830,110,59.8,21.1,0.0075,,
0.8915,111,61.0,21.1,0.0085,,
0.9000,112,61.8,21.1,0.0075,,
0.9085,113,62.8,21.1,0.0075,,
0.9170,114,64.1,21.1,0.0075,,
0.9255,115,65.2,21.1,0.0075,,
0.9330,116,66.2,21.1,0.0075,,
0.9415,117,67.0,21.1,0.0085,,
0.9500,118,68.2,21.1,0.0075,,
0.9580,119,69.6,21.1,0.0075,,
0.9665,120,70.6,21.1,0.0075,,
0.9750,121,71.6,21.1,0.0075,,
0.9825,122,72.7,21.1,0.0075,,
0.9910,123,73.9,21.1,0.0085,,
0.9995,124,75.2,21.1,0.0075,,
1.0080,125,76.2,21.1,0.0075,,
1.0160,126,77.4,21.1,0.0075,,
1.0245,127,78.6,21.1,0.0085,,
1.0320,128,80.0,21.1,0.0075,,
1.0405,129,81.3,21.1,0.0085,,
1.0490,130,82.5,21.1,0.0075,,
1.0575,131,83.9,21.1,0.0075,,
1.0660,132,85.5,21.1,0.0075,,
1.0745,133,86.7,21.1,0.0085,,
1.0820,134,88.3,21.1,0.0075,,
1.0905,135,89.5,21.1,0.0085,,
1.0985,136,91.1,21.1,0.0075,,
1.1070,137,93.0,21.1,0.0075,,
1.1155,138,94.4,21.1,0.0075,,
1.1240,139,96.0,21.1,0.0085,,
1.1315,140,97.6,21.1,0.0075,,
1.1400,141,99.8,21.1,0.0085,,
1.1485,142,101.7,21.1,0.0075,,
1.1565,143,103.5,21.1,0.0075,,
1.1650,144,105.6,21.1,0.0075,,
1.1735,145,107.8,21.1,0.0075,,
1.1810,146,109.9,21.1,0.0075,,
1.1895,147,112.4,21.1,0.0085,,
1.1980,148,114.7,21.1,0.0075,,
1.2065,149,117.2,21.1,0.0075,,
1.2145,150,120.1,21.1,0.0075,,
1.2230,151,123.1,21.1,0.0075,,
1.2305,152,126.0,21.1,0.0075,,
1.2390,153,129.0,21.1,0.0085,,
1.2475,154,132.4,21.1,0.0075,,
1.2560,155,136.3,21.1,0.0075,,
1.2645,156,139.8,21.1,0.0075,,
1.2730,157,143.4,21.1,0.0075,,
1.2805,158,146.7,21.1,0.0075,,
1.2885,159,150.3,21.1,0.0080,,
1.2970,160,153.9,21.1,0.0085,,
1.3055,161,157.2,21.1,0.0075,,
1.3140,162,160.1,21.1,0.0075,,
1.3225,163,163.2,21.1,0.0075,,
1.3300,164,165.5,21.1,0.0075,,
1.3385,165,168.4,21.1,0.0085,,
1.3470,166,170.7,21.1,0.0085,,
1.3550,167,172.7,21.1,0.0075,,
1.3635,168,175.0,21.1,0.0075,,
1.3720,169,177.1,21.1,0.0075,,
1.3795,170,178.6,21.1,0.0075,,
1.3880,171,180.4,21.1,0.0085,,
1.3965,172,181.7,21.1,0.0085,,
1.4050,173,183.4,21.1,0.0075,,
1.4130,174,184.8,21.1,0.0075,,
1.4185,175,185.1,21.1,0.0080,,
1.4185,415,186.8,21.2,0.0000,,
1.4190,416,186.7,21.2,0.0005,,
1.4205,417,186.9,21.2,0.0020,,
1.4230,418,187.2,21.2,0.0030,,
1.4270,419,187.5,21.2,0.0045,,
1.4330,420,188.4,21.2,0.0065,,
1.4410,421,189.5,21.2,0.0090,,
1.4485,422,190.5,21.2,0.0095,,
1.4570,423,191.5,21.2,0.0105,,
1.4655,424,192.4,21.2,0.0105,,
1.4740,425,193.6,21.2,0.0095,,
1.4825,426,194.6,21.2,0.0095,,
1.4905,427,195.4,21.2,0.0090,,
1.4985,428,196.3,21.2,0.0100,,
1.5065,429,197.0,21.2,0.0100,,
1.5150,430,198.0,21.2,0.0105,,
1.5235,431,198.9,21.2,0.0095,,
1.5320,432,199.6,21.2,0.0095,,
1.5405,433,200.1,21.2,0.0095,,
1.5480,434,200.8,21.2,0.0095,,
1.5565,435,201.7,21.2,0.0105,,
1.5645,436,202.5,21.2,0.0100,,
1.5730,437,203.1,21.2,0.0095,,
1.5815,438,203.6,21.2,0.0095,,
1.5900,439,204.6,21.2,0.0095,,
1.5985,440,204.9,21.2,0.0105,,
1.6060,441,205.8,21.2,0.0095,,
1.6145,442,206.3,21.2,0.0105,,
1.6230,443,206.8,21.2,0.0095,,
1.6310,444,207.6,21.2,0.0090,,
1.6395,445,208.1,21.2,0.0095,,
1.6480,446,208.7,21.2,0.0105,,
1.6555,447,209.0,21.2,0.0095,,
1.6640,448,209.5,21.2,0.0105,,
1.6725,449,210.3,21.2,0.0095,,
1.6810,450,210.7,21.2,0.0095,,
1.6890,451,211.1,21.2,0.0090,,
1.6975,452,211.5,21.2,0.0105,,
1.7050,453,212.1,21.2,0.0095,,
1.7135,454,212.9,21.2,0.0095,,
1.7220,455,213.2,21.2,0.0095,,
1.7305,456,213.6,21.2,0.0095,,
1.7390,457,214.2,21.2,0.0095,,
1.7465,458,214.5,21.2,0.0095,,
1.7550,459,215.1,21.2,0.0105,,
1.7635,460,215.3,21.2,0.0105,,
1.7715,461,215.5,21.2,0.0090,,
1.7800,462,216.2,21.2,0.0095,,
1.7885,463,216.5,21.2,0.0095,,
1.7970,464,217.0,21.2,0.0105,,
1.8045,465,217.2,21.2,0.0095,,
1.8130,466,217.6,21.2,0.0105,,
1.8215,467,218.2,21.2,0.0095,,
1.8300,468,218.5,21.2,0.0095,,
1.8380,469,218.7,21.2,0.0090,,
1.8455,470,219.1,21.2,0.0095,,
1.8540,471,219.5,21.2,0.0105,,
1.8625,472,220.1,21.2,0.0105,,
1.8710,473,220.3,21.2,0.0095,,
1.8795,474,220.6,21.2,0.0095,,
1.8880,475,221.1,21.2,0.0095,,
1.8960,476,221.2,21.2,0.0100,,
1.9040,477,221.6,21.2,0.0100,,
1.9120,478,221.8,21.2,0.0100,,
1.9205,479,222.0,21.2,0.0095,,
1.9290,480,222.5,21.2,0.0095,,
1.9375,481,222.9,21.2,0.0095,,
1.9460,482,223.2,21.2,0.0105,,
1.9535,483,223.3,21.2,0.0095,,
1.9620,484,223.6,21.2,0.0105,,
1.9700,485,224.1,21.2,0.0090,,
1.9785,486,224.3,21.2,0.0095,,
1.9870,487,224.4,21.2,0.0095,,
1.9955,488,224.8,21.2,0.0105,,
2.0030,489,225.0,21.2,0.0095,,
2.0115,490,225.5,21.2,0.0105,,
2.0200,491,225.7,21.2,0.0095,,
2.0285,492,225.9,21.2,0.0095,,
2.0365,493,226.3,21.2,0.0090,,
2.0450,494,226.7,21.2,0.0095,,
2.0525,495,226.9,21.2,0.0095,,
2.0610,496,227.1,21.2,0.0105,,
2.0695,497,227.2,21.2,0.0105,,
2.0780,498,227.6,21.2,0.0095,,
2.0865,499,227.9,21.2,0.0095,,
2.0945,500,228.0,21.2,0.0090,,
2.1025,501,228.3,21.2,0.0100,,
2.1105,502,228.4,21.2,0.0100,,
2.1190,503,228.8,21.2,0.0095,,
2.1275,504,229.2,21.2,0.0095,,
2.1360,505,229.2,21.2,0.0095,,
2.1445,506,229.5,21.2,0.0095,,
2.1520,507,229.6,21.2,0.0095,,
2.1605,508,230.1,21.2,0.0105,,
2.1685,509,230.4,21.2,0.0090,,
2.1770,510,230.4,21.2,0.0095,,
2.1855,511,230.6,21.2,0.0095,,
2.1940,512,231.1,21.2,0.0095,,
2.2015,513,231.2,21.2,0.0095,,
2.2100,514,231.6,21.2,0.0105,,
2.2185,515,231.6,21.2,0.0105,,
2.2265,516,231.7,21.2,0.0090,,
2.2350,517,232.1,21.2,0.0095,,
2.2435,518,232.3,21.2,0.0095,,
2.2510,519,232.5,21.2,0.0095,,
2.2595,520,232.6,21.2,0.0105,,
2.2680,521,232.8,21.2,0.0105,,
2.2765,522,233.2,21.2,0.0095,,
2.2850,523,233.3,21.2,0.0095,,
2.2930,524,233.4,21.2,0.0090,,
2.3010,525,233.7,21.2,0.0100,,
2.3090,526,234.0,21.2,0.0100,,
2.3170,527,234.4,21.2,0.0100,,
2.3230,528,234.3,21.2,0.0065,,
2.3255,529,234.4,21.2,0.0030,,
2.3265,530,234.7,21.2,0.0010,,
2.3275,531,234.6,21.2,0.0010,,
2.3285,532,234.6,21.2,0.0010,,
2.3305,533,234.5,21.2,0.0025,,
2.3320,534,234.6,21.2,0.0015,,
2.3325,535,234.7,21.2,0.0005,,
2.3335,536,234.6,21.2,0.0010,,
2.3340,537,234.8,21.2,0.0005,,
2.3345,538,234.6,21.2,0.0005,,
2.3360,539,234.7,21.2,0.0015,,
2.3375,540,234.7,21.2,0.0015,,
2.3400,541,234.6,21.2,0.0030,,
2.3420,542,235.0,21.2,0.0025,,
Scope 1/1, Sample 11/32 (T3)
Result,TitrationEP1
V,t,E,T,dV/dt,E acc. stat.,Volume acc. stat.
0.0000,0,-71.0,21.1,NaN,,
0.0005,1,-71.0,21.1,0.0005,,
0.0025,2,-70.9,21.1,0.0020,,
0.0050,3,-71.1,21.1,0.0025,,
0.0085,4,-70.8,21.1,0.0030,,
0.0150,5,-70.4,21.1,0.0060,,
0.0230,6,-69.8,21.1,0.0075,,
0.0305,7,-68.8,21.1,0.0075,,
0.0390,8,-67.9,21.1,0.0085,,
0.0475,9,-66.5,21.1,0.0085,,
0.0560,10,-65.0,21.1,0.0075,,
0.0645,11,-63.4,21.1,0.0075,,
0.0725,12,-61.9,21.1,0.0075,,
0.0800,13,-60.4,21.1,0.0075,,
0.0885,14,-58.5,21.1,0.0085,,
0.0970,15,-56.5,21.1,0.0085,,
0.1055,16,-54.7,21.1,0.0075,,
0.1140,17,-52.7,21.1,0.0075,,
0.1225,18,-50.3,21.1,0.0075,,
0.1300,19,-48.4,21.1,0.0075,,
0.1385,20,-45.8,21.1,0.0085,,
0.1465,21,-43.4,21.1,0.0080,,
0.1550,22,-40.7,21.1,0.0075,,
0.1635,23,-37.6,21.1,0.0075,,
0.1720,24,-34.8,21.1,0.0075,,
0.1795,25,-32.1,21.1,0.0075,,
0.1880,26,-29.3,21.1,0.0085,,
0.1965,27,-26.2,21.1,0.0075,,
0.2050,28,-23.4,21.1,0.0075,,
0.2135,29,-21.1,21.1,0.0075,,
0.2215,30,-18.8,21.1,0.0080,,
0.2290,31,-16.8,21.1,0.0075,,
0.2375,32,-14.7,21.1,0.0085,,
0.2460,33,-12.8,21.1,0.0075,,
0.2545,34,-11.3,21.1,0.0075,,
0.2630,35,-9.6,21.1,0.0075,,
0.2715,36,-8.3,21.1,0.0085,,
0.2790,37,-6.7,21.1,0.0075,,
0.2875,38,-5.4,21.1,0.0085,,
0.2955,39,-4.2,21.1,0.0075,,
0.3040,40,-2.9,21.1,0.0075,,
0.3125,41,-1.7,21.1,0.0075,,
0.3200,42,-0.6,21.1,0.0075,,
0.3285,43,0.4,21.1,0.0085,,
0.3370,44,1.1,21.1,0.0085,,
0.3455,45,2.3,21.1,0.0075,,
0.3535,46,3.5,21.1,0.0075,,
0.3620,47,4.4,21.1,0.0075,,
0.3705,48,5.2,21.1,0.0075,,
0.3780,49,6.1,21.1,0.0075,,
0.3865,50,7.2,21.1,0.0085,,
0.3950,51,8.3,21.1,0.0075,,
0.4035,52,9.1,21.1,0.0075,,
0.4120,53,10.0,21.1,0.0075,,
0.4200,54,10.7,21.1,0.0080,,
0.4280,55,11.8,21.1,0.0080,,
0.4360,56,12.7,21.1,0.0080,,
0.4445,57,13.4,21.1,0.0075,,
0.4530,58,14.3,21.1,0.0075,,
0.4615,59,15.3,21.1,0.0075,,
0.4700,60,16.1,21.1,0.0075,,
0.4775,61,17.0,21.1,0.0075,,
0.4860,62,17.5,21.1,0.0085,,
0.4940,63,18.3,21.1,0.0080,,
0.5025,64,19.4,21.1,0.0075,,
0.5110,65,20.2,21.1,0.0075,,
0.5195,66,20.9,21.1,0.0075,,
0.5270,67,21.7,21.1,0.0075,,
0.5355,68,22.5,21.1,0.0085,,
0.5440,69,23.5,21.1,0.0085,,
0.5520,70,24.3,21.1,0.0075,,
0.5605,71,24.9,21.1,0.0075,,
0.5690,72,25.9,21.1,0.0075,,
0.5765,73,26.5,21.1,0.0075,,
0.5850,74,27.5,21.1,0.0085,,
0.5935,75,28.3,21.1,0.0085,,
0.6020,76,28.9,21.1,0.0075,,
0.6105,77,30.0,21.1,0.0075,,
0.6185,78,30.9,21.1,0.0075,,
0.6260,79,31.7,21.1,0.0075,,
0.6345,80,32.4,21.1,0.0085,,
0.6430,81,33.1,21.1,0.0085,,
0.6515,82,34.0,21.1,0.0075,,
0.6600,83,35.1,21.1,0.0075,,
0.6685,84,35.8,21.1,0.0075,,
0.6760,85,36.6,21.1,0.0075,,
0.6845,86,37.4,21.1,0.0085,,
0.6925,87,38.5,21.1,0.0080,,
0.7010,88,39.4,21.1,0.0075,,
0.7095,89,40.0,21.1,0.0075,,
0.7180,90,41.0,21.1,0.0075,,
0.7255,91,41.7,21.1,0.0075,,
0.7340,92,42.8,21.1,0.0085,,
0.7425,93,43.6,21.1,0.0085,,
0.7510,94,44.3,21.1,0.0075,,
0.7590,95,45.3,21.1,0.0075,,
0.7675,96,46.4,21.1,0.0075,,
0.7750,97,47.3,21.1,0.0075,,
0.7835,98,48.1,21.1,0.0085,,
0.7920,99,48.9,21.1,0.0085,,
0.8005,100,50.0,21.1,0.0075,,
0.8090,101,51.0,21.1,0.0075,,
0.8170,102,51.8,21.1,0.0075,,
0.8255,103,52.7,21.1,0.0085,,
0.8330,104,53.5,21.1,0.0075,,
0.8415,105,54.7,21.1,0.0085,,
0.8500,106,55.7,21.1,0.0075,,
0.8585,107,56.4,21.1,0.0075,,
0.8670,108,57.4,21.2,0.0075,,
0.8750,109,58.2,21.2,0.0080,,
0.8830,110,59.5,21.1,0.0080,,
0.8910,111,60.7,21.2,0.0080,,
0.8995,112,61.4,21.2,0.0075,,
0.9080,113,62.4,21.2,0.0075,,
0.9165,114,63.7,21.2,0.0075,,
0.9250,115,64.7,21.2,0.0075,,
0.9325,116,65.8,21.2,0.0075,,
0.9410,117,66.8,21.2,0.0085,,
0.9490,118,67.9,21.2,0.0075,,
0.9575,119,69.2,21.2,0.0075,,
0.9660,120,70.4,21.2,0.0075,,
0.9745,121,71.3,21.2,0.0075,,
0.9820,122,72.4,21.2,0.0075,,
0.9905,123,73.5,21.2,0.0085,,
0.9990,124,74.8,21.2,0.0085,,
1.0075,125,76.0,21.2,0.0075,,
1.0155,126,77.2,21.2,0.0075,,
1.0240,127,78.7,21.2,0.0075,,
1.0315,128,79.7,21.2,0.0075,,
1.0400,129,81.0,21.2,0.0085,,
1.0485,130,82.2,21.2,0.0085,,
1.0570,131,83.4,21.2,0.0075,,
1.0655,132,85.0,21.2,0.0075,,
1.0735,133,86.5,21.2,0.0075,,
1.0810,134,87.8,21.2,0.0075,,
1.0895,135,89.3,21.2,0.0085,,
1.0980,136,90.8,21.2,0.0085,,
1.1065,137,92.6,21.2,0.0075,,
1.1150,138,94.1,21.2,0.0075,,
1.1235,139,95.5,21.2,0.0075,,
1.1310,140,97.2,21.2,0.0075,,
1.1395,141,98.8,21.2,0.0085,,
1.1475,142,100.9,21.2,0.0080,,
1.1560,143,102.9,21.2,0.0075,,
1.1645,144,104.7,21.2,0.0075,,
1.1730,145,107.0,21.2,0.0075,,
1.1805,146,109.0,21.2,0.0075,,
1.1890,147,111.3,21.2,0.0085,,
1.1975,148,113.6,21.2,0.0075,,
1.2060,149,116.1,21.2,0.0075,,
1.2140,150,119.1,21.2,0.0075,,
1.2225,151,121.8,21.2,0.0085,,
1.2300,152,125.0,21.2,0.0075,,
1.2385,153,128.0,21.2,0.0085,,
1.2470,154,131.4,21.2,0.0075,,
1.2555,155,135.2,21.2,0.0075,,
1.2640,156,138.8,21.2,0.0075,,
1.2725,157,142.2,21.2,0.0085,,
1.2800,158,145.9,21.2,0.0075,,
1.2885,159,149.6,21.2,0.0085,,
1.2965,160,153.4,21.2,0.0075,,
1.3050,161,156.6,21.2,0.0075,,
1.3135,162,159.9,21.2,0.0075,,
1.3220,163,162.6,21.2,0.0085,,
1.3295,164,165.5,21.2,0.0075,,
1.3380,165,168.1,21.2,0.0085,,
1.3465,166,170.5,21.2,0.0085,,
1.3545,167,172.5,21.2,0.0075,,
1.3630,168,174.5,21.2,0.0075,,
1.3715,169,176.6,21.2,0.0075,,
1.3790,170,178.3,21.2,0.0075,,
1.3875,171,180.0,21.2,0.0085,,
1.3960,172,181.4,21.2,0.0085,,
1.4045,173,183.0,21.2,0.0075,,
1.4125,174,184.6,21.2,0.0075,,
1.4180,175,185.1,21.2,0.0080,,
1.4180,415,186.6,21.2,0.0000,,
1.4185,416,186.9,21.2,0.0005,,
1.4200,417,186.8,21.2,0.0020,,
1.4225,418,186.8,21.2,0.0035,,
1.4265,419,187.4,21.2,0.0050,,
1.4325,420,188.3,21.2,0.0075,,
1.4405,421,189.1,21.2,0.0100,,
1.4485,422,190.3,21.2,0.0115,,
1.4565,423,191.1,21.2,0.0115,,
1.4650,424,192.4,21.2,0.0120,,
1.4735,425,193.5,21.2,0.0105,,
1.4820,426,194.2,21.2,0.0105,,
1.4905,427,195.2,21.2,0.0105,,
1.4980,428,196.0,21.2,0.0105,,
1.5065,429,197.0,21.2,0.0120,,
1.5150,430,198.0,21.2,0.0120,,
1.5230,431,198.6,21.2,0.0100,,
1.5315,432,199.6,21.2,0.0105,,
1.5400,433,200.2,21.2,0.0120,,
1.5475,434,201.2,21.2,0.0105,,
1.5560,435,201.9,21.2,0.0120,,
1.5645,436,202.3,21.2,0.0105,,
1.5730,437,203.2,21.2,0.0105,,
1.5810,438,204.0,21.2,0.0100,,
1.5895,439,204.6,21.2,0.0120,,
1.5970,440,205.1,21.2,0.0105,,
1.6055,441,205.7,21.2,0.0120,,
1.6140,442,206.6,21.2,0.0105,,
1.6225,443,207.1,21.2,0.0105,,
1.6310,444,207.4,21.2,0.0105,,
1.6395,445,208.1,21.2,0.0120,,
1.6470,446,208.6,21.2,0.0105,,
1.6555,447,209.4,21.2,0.0120,,
1.6635,448,209.8,21.2,0.0100,,
1.6720,449,210.1,21.2,0.0105,,
1.6805,450,210.7,21.2,0.0105,,
1.6890,451,211.3,21.2,0.0105,,
1.6965,452,211.7,21.2,0.0105,,
1.7050,453,212.2,21.2,0.0120,,
1.7135,454,212.5,21.2,0.0120,,
1.7215,455,213.1,21.2,0.0100,,
1.7300,456,213.7,21.2,0.0105,,
1.7385,457,214.0,21.2,0.0105,,
1.7460,458,214.5,21.2,0.0105,,
1.7545,459,214.7,21.2,0.0120,,
1.7630,460,215.2,21.2,0.0120,,
1.7715,461,215.9,21.2,0.0105,,
1.7800,462,216.1,21.2,0.0105,,
1.7880,463,216.5,21.2,0.0115,,
1.7960,464,216.8,21.2,0.0115,,
1.8040,465,217.5,21.2,0.0100,,
1.8125,466,217.8,21.2,0.0105,,
1.8210,467,218.0,21.2,0.0105,,
1.8295,468,218.5,21.2,0.0105,,
1.8380,469,218.7,21.2,0.0120,,
1.8455,470,219.2,21.2,0.0105,,
1.8540,471,219.5,21.2,0.0120,,
1.8620,472,219.8,21.2,0.0115,,
1.8705,473,220.2,21.2,0.0105,,
1.8790,474,220.7,21.2,0.0105,,
1.8875,475,220.9,21.2,0.0105,,
1.8950,476,221.3,21.2,0.0105,,
1.9035,477,221.4,21.2,0.0120,,
1.9120,478,221.8,21.2,0.0120,,
1.9205,479,222.4,21.2,0.0105,,
1.9285,480,222.6,21.2,0.0100,,
1.9370,481,222.7,21.2,0.0105,,
1.9445,482,223.0,21.2,0.0105,,
1.9530,483,223.5,21.2,0.0120,,
1.9615,484,223.9,21.2,0.0120,,
1.9700,485,223.9,21.2,0.0105,,
1.9785,486,224.3,21.2,0.0105,,
1.9865,487,224.9,21.2,0.0100,,
1.9945,488,225.1,21.2,0.0115,,
2.0025,489,225.5,21.2,0.0115,,
2.0110,490,225.5,21.2,0.0120,,
2.0195,491,225.8,21.2,0.0105,,
2.0280,492,226.3,21.2,0.0105,,
2.0365,493,226.5,21.2,0.0105,,
2.0440,494,226.8,21.2,0.0105,,
2.0525,495,226.8,21.3,0.0120,,
2.0610,496,227.1,21.3,0.0120,,
2.0690,497,227.7,21.3,0.0100,,
2.0775,498,227.7,21.3,0.0105,,
2.0860,499,227.8,21.3,0.0105,,
2.0935,500,228.1,21.3,0.0105,,
2.1020,501,228.5,21.3,0.0120,,
2.1105,502,228.9,21.3,0.0105,,
2.1190,503,228.9,21.3,0.0105,,
2.1270,504,229.0,21.3,0.0100,,
2.1355,505,229.5,21.3,0.0105,,
2.1430,506,229.6,21.3,0.0105,,
2.1515,507,230.0,21.3,0.0120,,
2.1600,508,230.1,21.3,0.0105,,
2.1685,509,230.2,21.3,0.0105,,
2.1770,510,230.7,21.3,0.0105,,
2.1855,511,230.8,21.3,0.0105,,
2.1930,512,231.1,21.3,0.0105,,
2.2015,513,231.2,21.3,0.0120,,
2.2095,514,231.5,21.3,0.0100,,
2.2180,515,231.9,21.3,0.0105,,
2.2265,516,231.9,21.3,0.0105,,
2.2350,517,232.2,21.3,0.0120,,
2.2425,518,232.2,21.3,0.0105,,
2.2510,519,232.6,21.3,0.0120,,
2.2595,520,232.9,21.3,0.0105,,
2.2680,521,233.0,21.3,0.0105,,
2.2760,522,233.1,21.3,0.0100,,
2.2845,523,233.6,21.3,0.0105,,
2.2920,524,233.7,21.3,0.0105,,
2.3000,525,234.0,21.3,0.0115,,
2.3085,526,234.0,21.3,0.0105,,
2.3125,527,234.1,21.3,0.0050,,
2.3130,528,234.4,21.3,0.0005,,
2.3140,529,234.4,21.3,0.0015,,
2.3160,530,234.4,21.3,0.0030,,
2.3185,531,234.3,21.3,0.0035,,
2.3205,532,234.2,21.3,0.0030,,
2.3225,533,234.5,21.3,0.0025,,
2.3230,534,234.5,21.3,0.0005,,
2.3245,535,234.4,21.3,0.0020,,
2.3245,536,234.4,21.3,0.0000,,
2.3265,537,234.5,21.3,0.0030,,
2.3280,538,234.7,21.3,0.0020,,
2.3295,539,234.5,21.3,0.0020,,
2.3300,540,234.4,21.3,0.0005,,
2.3310,541,234.6,21.3,0.0010,,
2.3315,542,234.5,21.3,0.0005,,
2.3320,543,234.8,21.3,0.0005,,
2.3335,544,234.8,21.3,0.0020,,
2.3345,545,234.6,21.3,0.0010,,
2.3350,546,234.8,21.3,0.0005,,
2.3365,547,234.8,21.3,0.0020,,
2.3375,548,235.0,21.3,0.0010,,
Scope 1/1, Sample 12/32 (T4)
Result,TitrationEP1
V,t,E,T,dV/dt,E acc. stat.,Volume acc. stat.
0.0000,0,-72.0,21.1,NaN,,
0.0010,1,-72.0,21.1,0.0010,,
0.0025,2,-71.9,21.1,0.0015,,
0.0050,3,-72.1,21.1,0.0025,,
0.0090,4,-71.8,21.1,0.0035,,
0.0150,5,-71.4,21.1,0.0055,,
0.0235,6,-70.9,21.1,0.0075,,
0.0320,7,-70.0,21.1,0.0075,,
0.0405,8,-69.0,21.1,0.0085,,
0.0480,9,-67.7,21.1,0.0075,,
0.0565,10,-66.0,21.1,0.0075,,
0.0650,11,-64.8,21.1,0.0075,,
0.0730,12,-63.4,21.1,0.0075,,
0.0815,13,-61.6,21.1,0.0075,,
0.0900,14,-60.1,21.1,0.0085,,
0.0975,15,-58.2,21.1,0.0075,,
0.1060,16,-56.5,21.1,0.0075,,
0.1145,17,-54.7,21.1,0.0075,,
0.1230,18,-52.4,21.1,0.0075,,
0.1315,19,-50.3,21.1,0.0075,,
0.1395,20,-48.3,21.1,0.0075,,
0.1470,21,-46.0,21.1,0.0075,,
0.1555,22,-43.4,21.1,0.0075,,
0.1640,23,-40.5,21.1,0.0075,,
0.1725,24,-37.8,21.1,0.0075,,
0.1810,25,-35.1,21.1,0.0075,,
0.1895,26,-32.0,21.1,0.0075,,
0.1970,27,-29.5,21.1,0.0075,,
0.2055,28,-26.5,21.1,0.0075,,
0.2135,29,-23.9,21.1,0.0075,,
0.2220,30,-21.6,21.1,0.0075,,
0.2305,31,-19.1,21.1,0.0075,,
0.2390,32,-16.9,21.1,0.0075,,
0.2465,33,-15.3,21.1,0.0075,,
0.2550,34,-13.6,21.1,0.0075,,
0.2635,35,-12.2,21.1,0.0075,,
0.2715,36,-10.5,21.1,0.0075,,
0.2800,37,-9.0,21.1,0.0075,,
0.2885,38,-7.9,21.1,0.0075,,
0.2960,39,-6.5,21.1,0.0075,,
0.3045,40,-5.4,21.1,0.0075,,
0.3130,41,-3.8,21.1,0.0075,,
0.3215,42,-2.7,21.1,0.0075,,
0.3300,43,-1.8,21.1,0.0075,,
0.3380,44,-0.7,21.1,0.0075,,
0.3460,45,0.1,21.1,0.0080,,
0.3540,46,1.3,21.1,0.0075,,
0.3625,47,2.4,21.1,0.0075,,
0.3710,48,3.2,21.1,0.0075,,
0.3795,49,4.4,21.1,0.0075,,
0.3880,50,5.5,21.1,0.0075,,
0.3955,51,6.3,21.1,0.0075,,
0.4040,52,7.2,21.1,0.0075,,
0.4120,53,7.9,21.1,0.0075,,
0.4205,54,8.9,21.1,0.0075,,
0.4290,55,10.0,21.1,0.0075,,
0.4375,56,10.7,21.1,0.0075,,
0.4450,57,11.5,21.1,0.0075,,
0.4535,58,12.3,21.1,0.0075,,
0.4620,59,13.3,21.1,0.0075,,
0.4705,60,14.2,21.1,0.0075,,
0.4785,61,14.9,21.1,0.0075,,
0.4870,62,15.7,21.1,0.0075,,
0.4945,63,16.4,21.1,0.0075,,
0.5030,64,17.4,21.1,0.0075,,
0.5115,65,18.2,21.2,0.0075,,
0.5200,66,18.9,21.2,0.0075,,
0.5285,67,19.8,21.2,0.0075,,
0.5365,68,20.8,21.1,0.0075,,
0.5445,69,21.4,21.2,0.0080,,
0.5525,70,22.2,21.2,0.0075,,
0.5610,71,22.8,21.2,0.0075,,
0.5695,72,23.6,21.2,0.0075,,
0.5780,73,24.7,21.2,0.0075,,
0.5865,74,25.5,21.2,0.0075,,
0.5945,75,26.2,21.2,0.0080,,
0.6025,76,26.8,21.2,0.0080,,
0.6105,77,27.6,21.2,0.0075,,
0.6190,78,28.7,21.2,0.0075,,
0.6275,79,29.4,21.2,0.0075,,
0.6360,80,30.1,21.2,0.0075,,
0.6445,81,31.0,21.2,0.0075,,
0.6520,82,31.7,21.2,0.0075,,
0.6605,83,32.7,21.2,0.0075,,
0.6685,84,33.4,21.2,0.0075,,
0.6770,85,34.1,21.2,0.0075,,
0.6855,86,35.1,21.2,0.0075,,
0.6940,87,36.1,21.2,0.0075,,
0.7015,88,36.9,21.2,0.0075,,
0.7100,89,37.6,21.2,0.0075,,
0.7185,90,38.3,21.2,0.0075,,
0.7270,91,39.4,21.2,0.0075,,
0.7350,92,40.3,21.2,0.0075,,
0.7435,93,41.0,21.2,0.0075,,
0.7510,94,41.8,21.2,0.0075,,
0.7595,95,42.6,21.2,0.0075,,
0.7680,96,43.8,21.2,0.0075,,
0.7765,97,44.6,21.2,0.0075,,
0.7850,98,45.4,21.2,0.0075,,
0.7935,99,46.3,21.2,0.0085,,
0.8010,100,47.2,21.2,0.0075,,
0.8095,101,48.4,21.2,0.0075,,
0.8175,102,49.2,21.2,0.0075,,
0.8260,103,50.0,21.2,0.0075,,
0.8345,104,51.1,21.2,0.0075,,
0.8430,105,52.2,21.2,0.0075,,
0.8505,106,53.0,21.2,0.0075,,
0.8590,107,54.0,21.2,0.0075,,
0.8675,108,54.7,21.2,0.0075,,
0.8755,109,55.9,21.2,0.0075,,
0.8840,110,56.9,21.2,0.0075,,
0.8925,111,57.8,21.2,0.0085,,
0.9000,112,58.6,21.2,0.0075,,
0.9085,113,59.6,21.2,0.0075,,
0.9170,114,60.9,21.2,0.0075,,
0.9255,115,61.9,21.2,0.0075,,
0.9335,116,62.7,21.2,0.0075,,
0.9420,117,63.8,21.2,0.0085,,
0.9495,118,64.7,21.2,0.0075,,
0.9580,119,66.0,21.2,0.0075,,
0.9665,120,67.1,21.2,0.0075,,
0.9750,121,68.0,21.2,0.0075,,
0.9835,122,69.2,21.2,0.0075,,
0.9915,123,70.4,21.2,0.0075,,
0.9995,124,71.4,21.2,0.0080,,
1.0075,125,72.5,21.2,0.0075,,
1.0160,126,73.6,21.2,0.0075,,
1.0245,127,74.8,21.2,0.0075,,
1.0330,128,76.2,21.2,0.0075,,
1.0415,129,77.1,21.2,0.0075,,
1.0490,130,78.3,21.2,0.0075,,
1.0575,131,79.5,21.2,0.0075,,
1.0660,132,80.9,21.2,0.0075,,
1.0740,133,82.3,21.2,0.0075,,
1.0825,134,83.6,21.2,0.0075,,
1.0910,135,84.8,21.2,0.0075,,
1.0985,136,86.1,21.2,0.0075,,
1.1070,137,87.6,21.2,0.0075,,
1.1155,138,89.2,21.2,0.0075,,
1.1240,139,90.7,21.2,0.0075,,
1.1320,140,92.4,21.2,0.0075,,
1.1405,141,94.3,21.2,0.0075,,
1.1490,142,95.6,21.2,0.0085,,
1.1565,143,97.4,21.2,0.0070,,
1.1650,144,98.9,21.2,0.0075,,
1.1735,145,100.6,21.2,0.0075,,
1.1820,146,102.9,21.2,0.0075,,
1.1900,147,105.0,21.2,0.0075,,
1.1980,148,107.2,21.2,0.0080,,
1.2060,149,109.3,21.2,0.0080,,
1.2145,150,111.7,21.2,0.0075,,
1.2230,151,114.4,21.2,0.0075,,
1.2315,152,117.1,21.2,0.0075,,
1.2400,153,119.7,21.2,0.0075,,
1.2475,154,122.4,21.2,0.0075,,
1.2560,155,126.0,21.2,0.0075,,
1.2645,156,129.4,21.2,0.0075,,
1.2725,157,132.6,21.2,0.0075,,
1.2810,158,136.3,21.2,0.0075,,
1.2895,159,140.1,21.2,0.0075,,
1.2980,160,143.9,21.2,0.0075,,
1.3055,161,147.2,21.2,0.0075,,
1.3140,162,150.8,21.2,0.0075,,
1.3225,163,154.2,21.2,0.0075,,
1.3305,164,157.7,21.2,0.0075,,
1.3390,165,160.7,21.2,0.0075,,
1.3475,166,163.5,21.2,0.0075,,
1.3550,167,166.1,21.2,0.0075,,
1.3635,168,168.6,21.2,0.0075,,
1.3720,169,170.9,21.2,0.0075,,
1.3805,170,173.1,21.2,0.0075,,
1.3885,171,174.8,21.2,0.0075,,
1.3970,172,176.7,21.2,0.0085,,
1.4045,173,178.4,21.2,0.0075,,
1.4130,174,180.1,21.2,0.0075,,
1.4215,175,181.9,21.2,0.0075,,
1.4300,176,183.3,21.2,0.0075,,
1.4385,177,184.6,21.2,0.0075,,
1.4430,178,185.1,21.2,0.0065,,
1.4430,418,187.0,21.2,0.0000,,
1.4435,419,186.9,21.2,0.0005,,
1.4450,420,187.2,21.2,0.0020,,
1.4475,421,187.4,21.2,0.0030,,
1.4515,422,187.5,21.2,0.0045,,
1.4575,423,188.4,21.2,0.0065,,
1.4655,424,189.5,21.2,0.0090,,
1.4735,425,190.5,21.2,0.0100,,
1.4815,426,191.5,21.2,0.0100,,
1.4900,427,192.3,21.2,0.0105,,
1.4985,428,193.4,21.2,0.0095,,
1.5070,429,194.6,21.2,0.0095,,
1.5155,430,195.3,21.2,0.0095,,
1.5230,431,196.2,21.2,0.0095,,
1.5315,432,196.7,21.2,0.0105,,
1.5395,433,197.8,21.2,0.0100,,
1.5480,434,198.7,21.2,0.0095,,
1.5565,435,199.4,21.2,0.0095,,
1.5650,436,200.0,21.2,0.0095,,
1.5735,437,200.6,21.2,0.0105,,
1.5810,438,201.6,21.2,0.0095,,
1.5895,439,202.5,21.2,0.0105,,
1.5975,440,203.1,21.2,0.0090,,
1.6060,441,203.6,21.2,0.0095,,
1.6145,442,204.5,21.2,0.0095,,
1.6230,443,205.0,21.2,0.0105,,
1.6305,444,205.8,21.2,0.0095,,
1.6390,445,206.2,21.2,0.0105,,
1.6475,446,206.6,21.2,0.0105,,
1.6555,447,207.4,21.3,0.0090,,
1.6640,448,208.0,21.3,0.0095,,
1.6725,449,208.3,21.2,0.0095,,
1.6800,450,208.9,21.2,0.0095,,
1.6885,451,209.2,21.2,0.0105,,
1.6970,452,210.0,21.3,0.0105,,
1.7055,453,210.5,21.3,0.0095,,
1.7140,454,210.8,21.3,0.0095,,
1.7220,455,211.5,21.3,0.0090,,
1.7300,456,211.8,21.3,0.0100,,
1.7380,457,212.5,21.3,0.0100,,
1.7465,458,212.8,21.3,0.0095,,
1.7550,459,213.1,21.3,0.0095,,
1.7635,460,213.8,21.3,0.0095,,
1.7720,461,214.1,21.3,0.0105,,
1.7795,462,214.7,21.3,0.0095,,
1.7880,463,215.0,21.2,0.0105,,
1.7965,464,215.4,21.3,0.0095,,
1.8045,465,216.0,21.3,0.0090,,
1.8130,466,216.5,21.3,0.0095,,
1.8215,467,216.7,21.3,0.0095,,
1.8290,468,217.1,21.3,0.0095,,
1.8375,469,217.4,21.3,0.0105,,
1.8460,470,218.0,21.3,0.0095,,
1.8545,471,218.5,21.3,0.0095,,
1.8625,472,218.6,21.3,0.0090,,
1.8710,473,218.9,21.3,0.0095,,
1.8785,474,219.1,21.3,0.0095,,
1.8870,475,219.7,21.3,0.0105,,
1.8955,476,220.0,21.3,0.0105,,
1.9040,477,220.2,21.3,0.0095,,
1.9125,478,220.6,21.3,0.0095,,
1.9205,479,221.1,21.3,0.0090,,
1.9285,480,221.3,21.3,0.0100,,
1.9365,481,221.8,21.3,0.0100,,
1.9450,482,222.0,21.3,0.0105,,
1.9535,483,222.3,21.3,0.0095,,
1.9620,484,222.9,21.3,0.0095,,
1.9705,485,223.0,21.3,0.0095,,
1.9780,486,223.4,21.3,0.0095,,
1.9865,487,223.5,21.3,0.0105,,
1.9945,488,223.9,21.3,0.0100,,
2.0030,489,224.4,21.3,0.0095,,
2.0115,490,224.5,21.3,0.0095,,
2.0200,491,224.6,21.3,0.0095,,
2.0275,492,225.0,21.3,0.0095,,
2.0360,493,225.4,21.3,0.0105,,
2.0445,494,225.7,21.3,0.0105,,
2.0530,495,225.9,21.3,0.0095,,
2.0610,496,226.1,21.3,0.0090,,
2.0695,497,226.6,21.3,0.0095,,
2.0780,498,226.6,21.3,0.0105,,
2.0855,499,227.0,21.3,0.0095,,
2.0940,500,227.2,21.3,0.0105,,
2.1025,501,227.4,21.3,0.0095,,
2.1110,502,227.8,21.3,0.0095,,
2.1190,503,228.0,21.3,0.0090,,
2.1275,504,228.3,21.3,0.0105,,
2.1350,505,228.4,21.3,0.0095,,
2.1435,506,228.5,21.3,0.0105,,
2.1520,507,229.0,21.3,0.0095,,
2.1605,508,229.2,21.3,0.0095,,
2.1690,509,229.2,21.3,0.0095,,
2.1775,510,229.5,21.3,0.0105,,
2.1850,511,229.8,21.3,0.0095,,
2.1935,512,230.2,21.3,0.0105,,
2.2015,513,230.3,21.3,0.0090,,
2.2100,514,230.4,21.3,0.0095,,
2.2185,515,230.7,21.3,0.0095,,
2.2270,516,230.9,21.3,0.0105,,
2.2345,517,231.3,21.3,0.0095,,
2.2430,518,231.4,21.3,0.0105,,
2.2515,519,231.5,21.3,0.0095,,
2.2595,520,231.9,21.3,0.0090,,
2.2680,521,232.1,21.3,0.0095,,
2.2755,522,232.3,21.3,0.0095,,
2.2840,523,232.4,21.3,0.0105,,
2.2925,524,232.6,21.3,0.0105,,
2.3010,525,233.0,21.3,0.0095,,
2.3095,526,233.1,21.3,0.0095,,
2.3180,527,233.2,21.3,0.0095,,
2.3260,528,233.6,21.3,0.0100,,
2.3335,529,233.7,21.3,0.0095,,
2.3415,530,234.1,21.3,0.0100,,
2.3495,531,234.2,21.3,0.0090,,
2.3560,532,234.3,21.3,0.0070,,
2.3570,533,234.4,21.3,0.0010,,
2.3575,534,234.6,21.3,0.0005,,
2.3585,535,234.6,21.3,0.0010,,
2.3600,536,234.6,21.3,0.0020,,
2.3615,537,234.4,21.3,0.0015,,
2.3635,538,234.6,21.3,0.0020,,
2.3650,539,234.7,21.3,0.0015,,
2.3655,540,234.8,21.3,0.0005,,
2.3665,541,234.7,21.3,0.0010,,
2.3670,542,234.6,21.3,0.0005,,
2.3680,543,234.8,21.3,0.0010,,
2.3690,544,234.8,21.3,0.0010,,
2.3705,545,234.5,21.3,0.0015,,
2.3715,546,234.8,21.3,0.0010,,
2.3725,547,234.7,21.3,0.0010,,
2.3730,548,234.9,21.3,0.0005,,
2.3740,549,235.0,21.3,0.0010,,
Scope 1/1, Sample 13/32 (T5)
Result,TitrationEP1
V,t,E,T,dV/dt,E acc. stat.,Volume acc. stat.
0.0000,0,-72.1,21.0,NaN,,
0.0010,1,-72.1,21.0,0.0010,,
0.0025,2,-71.9,21.0,0.0015,,
0.0050,3,-72.0,21.0,0.0025,,
0.0085,4,-71.8,21.0,0.0030,,
0.0150,5,-71.4,21.0,0.0060,,
0.0230,6,-71.0,21.0,0.0075,,
0.0315,7,-70.1,21.0,0.0075,,
0.0390,8,-69.1,21.0,0.0075,,
0.0475,9,-67.7,21.0,0.0085,,
0.0560,10,-66.2,21.0,0.0075,,
0.0645,11,-64.9,21.0,0.0075,,
0.0725,12,-63.5,21.0,0.0075,,
0.0810,13,-61.6,21.0,0.0075,,
0.0885,14,-60.1,21.0,0.0075,,
0.0970,15,-58.2,21.0,0.0085,,
0.1055,16,-56.4,21.0,0.0075,,
0.1140,17,-54.5,21.0,0.0075,,
0.1225,18,-52.2,21.0,0.0075,,
0.1305,19,-50.0,21.0,0.0075,,
0.1390,20,-47.7,21.0,0.0085,,
0.1465,21,-45.4,21.0,0.0075,,
0.1550,22,-42.8,21.0,0.0075,,
0.1635,23,-39.9,21.0,0.0075,,
0.1720,24,-37.2,21.0,0.0075,,
0.1805,25,-34.4,21.0,0.0075,,
0.1880,26,-31.6,21.0,0.0075,,
0.1965,27,-28.6,21.0,0.0085,,
0.2050,28,-25.6,21.0,0.0075,,
0.2130,29,-23.1,21.0,0.0075,,
0.2215,30,-20.8,21.0,0.0075,,
0.2300,31,-18.3,21.0,0.0075,,
0.2385,32,-16.6,21.0,0.0085,,
0.2460,33,-14.5,21.0,0.0075,,
0.2545,34,-13.0,21.0,0.0075,,
0.2630,35,-11.4,21.0,0.0075,,
0.2710,36,-9.7,21.0,0.0075,,
0.2795,37,-8.3,21.0,0.0075,,
0.2870,38,-7.0,21.0,0.0075,,
0.2955,39,-6.0,21.0,0.0085,,
0.3040,40,-4.7,21.0,0.0075,,
0.3125,41,-3.2,21.0,0.0075,,
0.3210,42,-2.2,21.0,0.0075,,
0.3295,43,-1.2,21.0,0.0075,,
0.3375,44,-0.3,21.0,0.0080,,
0.3455,45,0.6,21.0,0.0080,,
0.3535,46,1.9,21.0,0.0075,,
0.3620,47,2.9,21.0,0.0075,,
0.3705,48,3.8,21.0,0.0075,,
0.3790,49,4.9,21.0,0.0075,,
0.3865,50,5.7,21.0,0.0075,,
0.3950,51,6.8,21.0,0.0085,,
0.4035,52,7.4,21.0,0.0075,,
0.4115,53,8.3,21.0,0.0075,,
0.4200,54,9.5,21.0,0.0075,,
0.4285,55,10.2,21.0,0.0075,,
0.4360,56,11.1,21.0,0.0075,,
0.4445,57,11.8,21.0,0.0075,,
0.4530,58,12.7,21.0,0.0075,,
0.4615,59,13.7,21.0,0.0075,,
0.4700,60,14.4,21.0,0.0075,,
0.4780,61,15.2,21.0,0.0075,,
0.4860,62,15.9,21.0,0.0080,,
0.4940,63,16.8,21.0,0.0080,,
0.5025,64,17.8,21.0,0.0075,,
0.5110,65,18.5,21.0,0.0075,,
0.5195,66,19.1,21.1,0.0075,,
0.5280,67,20.1,21.0,0.0075,,
0.5355,68,20.8,21.0,0.0075,,
0.5440,69,21.8,21.0,0.0085,,
0.5520,70,22.5,21.1,0.0075,,
0.5605,71,23.1,21.0,0.0075,,
0.5690,72,24.2,21.1,0.0075,,
0.5775,73,25.0,21.1,0.0075,,
0.5850,74,25.8,21.1,0.0075,,
0.5935,75,26.4,21.1,0.0085,,
0.6020,76,27.2,21.1,0.0075,,
0.6105,77,28.2,21.1,0.0075,,
0.6185,78,29.0,21.1,0.0075,,
0.6270,79,29.7,21.1,0.0075,,
0.6345,80,30.5,21.1,0.0075,,
0.6430,81,31.3,21.1,0.0085,,
0.6515,82,32.3,21.1,0.0075,,
0.6600,83,33.1,21.1,0.0075,,
0.6685,84,33.8,21.1,0.0075,,
0.6765,85,34.9,21.1,0.0075,,
0.6850,86,35.5,21.1,0.0085,,
0.6925,87,36.5,21.1,0.0075,,
0.7010,88,37.3,21.1,0.0075,,
0.7095,89,37.9,21.1,0.0075,,
0.7180,90,38.9,21.1,0.0075,,
0.7265,91,39.9,21.1,0.0075,,
0.7350,92,40.7,21.1,0.0085,,
0.7425,93,41.6,21.1,0.0075,,
0.7510,94,42.3,21.1,0.0075,,
0.7590,95,43.3,21.1,0.0075,,
0.7675,96,44.3,21.1,0.0075,,
0.7760,97,44.9,21.1,0.0075,,
0.7845,98,45.8,21.1,0.0075,,
0.7920,99,46.5,21.1,0.0075,,
0.8005,100,47.6,21.1,0.0075,,
0.8090,101,48.8,21.1,0.0075,,
0.8170,102,49.5,21.1,0.0075,,
0.8255,103,50.5,21.1,0.0075,,
0.8340,104,51.6,21.1,0.0075,,
0.8415,105,52.3,21.1,0.0075,,
0.8500,106,53.4,21.1,0.0075,,
0.8585,107,54.2,21.1,0.0075,,
0.8670,108,55.2,21.1,0.0075,,
0.8750,109,56.4,21.1,0.0075,,
0.8835,110,57.3,21.1,0.0075,,
0.8910,111,58.4,21.1,0.0075,,
0.8995,112,59.2,21.1,0.0075,,
0.9080,113,60.3,21.1,0.0075,,
0.9165,114,61.5,21.1,0.0075,,
0.9250,115,62.5,21.1,0.0075,,
0.9335,116,63.5,21.1,0.0085,,
0.9410,117,64.3,21.1,0.0075,,
0.9495,118,65.5,21.1,0.0075,,
0.9575,119,66.7,21.1,0.0075,,
0.9660,120,67.6,21.1,0.0075,,
0.9745,121,68.8,21.1,0.0075,,
0.9830,122,69.8,21.1,0.0085,,
0.9905,123,71.3,21.1,0.0075,,
0.9990,124,72.5,21.1,0.0075,,
1.0075,125,73.4,21.1,0.0075,,
1.0155,126,74.7,21.1,0.0075,,
1.0240,127,76.1,21.1,0.0075,,
1.0325,128,77.2,21.1,0.0085,,
1.0400,129,78.5,21.1,0.0075,,
1.0485,130,79.6,21.1,0.0075,,
1.0570,131,80.9,21.1,0.0075,,
1.0655,132,82.4,21.1,0.0075,,
1.0735,133,83.8,21.1,0.0075,,
1.0820,134,85.0,21.1,0.0075,,
1.0895,135,86.4,21.1,0.0075,,
1.0980,136,87.8,21.1,0.0075,,
1.1065,137,89.5,21.1,0.0075,,
1.1150,138,90.9,21.1,0.0075,,
1.1235,139,92.5,21.1,0.0075,,
1.1320,140,94.4,21.1,0.0075,,
1.1395,141,96.0,21.1,0.0075,,
1.1480,142,98.1,21.1,0.0075,,
1.1560,143,99.7,21.1,0.0075,,
1.1645,144,101.8,21.1,0.0075,,
1.1730,145,104.0,21.1,0.0075,,
1.1815,146,106.1,21.1,0.0075,,
1.1890,147,108.0,21.1,0.0075,,
1.1975,148,110.4,21.1,0.0085,,
1.2060,149,112.7,21.1,0.0075,,
1.2140,150,115.7,21.1,0.0075,,
1.2225,151,118.4,21.1,0.0075,,
1.2310,152,121.3,21.1,0.0075,,
1.2385,153,124.2,21.1,0.0075,,
1.2470,154,127.5,21.1,0.0085,,
1.2555,155,131.2,21.1,0.0075,,
1.2640,156,134.9,21.1,0.0075,,
1.2725,157,138.4,21.1,0.0075,,
1.2805,158,142.4,21.1,0.0075,,
1.2885,159,145.5,21.1,0.0080,,
1.2965,160,149.5,21.1,0.0075,,
1.3050,161,153.0,21.1,0.0075,,
1.3135,162,156.3,21.1,0.0075,,
1.3220,163,159.8,21.1,0.0075,,
1.3305,164,162.8,21.1,0.0075,,
1.3380,165,165.3,21.1,0.0075,,
1.3465,166,167.7,21.1,0.0085,,
1.3545,167,169.9,21.1,0.0075,,
1.3630,168,172.4,21.1,0.0075,,
1.3715,169,174.4,21.1,0.0075,,
1.3800,170,176.4,21.1,0.0085,,
1.3875,171,178.0,21.1,0.0075,,
1.3960,172,179.8,21.1,0.0075,,
1.4045,173,181.6,21.1,0.0075,,
1.4130,174,182.9,21.1,0.0075,,
1.4215,175,184.2,21.1,0.0075,,
1.4280,176,185.1,21.1,0.0070,,
1.4280,416,187.0,21.2,0.0000,,
1.4285,417,186.9,21.2,0.0005,,
1.4300,418,186.8,21.2,0.0015,,
1.4330,419,187.2,21.2,0.0025,,
1.4365,420,187.6,21.2,0.0030,,
1.4425,421,188.0,21.2,0.0055,,
1.4510,422,188.9,21.2,0.0085,,
1.4585,423,190.0,21.2,0.0075,,
1.4670,424,191.3,21.2,0.0085,,
1.4750,425,192.4,21.2,0.0075,,
1.4835,426,193.2,21.2,0.0075,,
1.4920,427,194.2,21.2,0.0075,,
1.5005,428,195.3,21.2,0.0075,,
1.5080,429,196.3,21.2,0.0075,,
1.5165,430,197.1,21.2,0.0085,,
1.5250,431,197.7,21.2,0.0075,,
1.5330,432,198.8,21.2,0.0075,,
1.5415,433,199.7,21.2,0.0075,,
1.5500,434,200.2,21.2,0.0075,,
1.5575,435,201.1,21.2,0.0075,,
1.5660,436,201.6,21.2,0.0085,,
1.5745,437,202.3,21.2,0.0085,,
1.5830,438,203.2,21.2,0.0075,,
1.5910,439,203.8,21.2,0.0075,,
1.5995,440,204.3,21.2,0.0075,,
1.6070,441,204.8,21.2,0.0075,,
1.6155,442,205.7,21.2,0.0085,,
1.6240,443,206.4,21.2,0.0085,,
1.6325,444,206.7,21.2,0.0075,,
1.6410,445,207.2,21.2,0.0075,,
1.6490,446,208.0,21.2,0.0075,,
1.6575,447,208.3,21.2,0.0085,,
1.6650,448,209.0,21.2,0.0075,,
1.6735,449,209.4,21.2,0.0085,,
1.6820,450,209.8,21.2,0.0075,,
1.6905,451,210.7,21.2,0.0075,,
1.6990,452,211.2,21.2,0.0075,,
1.7070,453,211.5,21.2,0.0075,,
1.7150,454,212.0,21.2,0.0080,,
1.7230,455,212.4,21.2,0.0080,,
1.7315,456,213.1,21.2,0.0075,,
1.7400,457,213.5,21.2,0.0075,,
1.7485,458,213.7,21.2,0.0075,,
1.7570,459,214.1,21.2,0.0085,,
1.7645,460,214.7,21.2,0.0075,,
1.7730,461,215.4,21.2,0.0085,,
1.7815,462,215.7,21.2,0.0075,,
1.7895,463,215.9,21.2,0.0075,,
1.7980,464,216.6,21.2,0.0075,,
1.8065,465,216.9,21.2,0.0085,,
1.8140,466,217.4,21.2,0.0075,,
1.8225,467,217.6,21.2,0.0085,,
1.8310,468,217.9,21.2,0.0075,,
1.8395,469,218.4,21.2,0.0075,,
1.8480,470,218.8,21.2,0.0075,,
1.8560,471,219.2,21.2,0.0080,,
1.8640,472,219.4,21.2,0.0080,,
1.8720,473,219.7,21.2,0.0080,,
1.8805,474,220.3,21.2,0.0075,,
1.8890,475,220.5,21.2,0.0075,,
1.8975,476,220.7,21.2,0.0075,,
1.9060,477,221.0,21.2,0.0085,,
1.9135,478,221.3,21.2,0.0075,,
1.9220,479,221.8,21.2,0.0085,,
1.9300,480,222.0,21.2,0.0075,,
1.9385,481,222.2,21.2,0.0075,,
1.9470,482,222.7,21.2,0.0075,,
1.9555,483,222.8,21.2,0.0085,,
1.9630,484,223.4,21.2,0.0075,,
1.9715,485,223.6,21.2,0.0085,,
1.9800,486,223.7,21.2,0.0075,,
1.9880,487,224.3,21.2,0.0075,,
1.9965,488,224.7,21.2,0.0075,,
2.0050,489,225.0,21.2,0.0085,,
2.0125,490,225.1,21.2,0.0075,,
2.0210,491,225.3,21.2,0.0085,,
2.0295,492,225.7,21.2,0.0075,,
2.0380,493,226.0,21.2,0.0075,,
2.0465,494,226.1,21.2,0.0075,,
2.0545,495,226.5,21.2,0.0080,,
2.0625,496,226.7,21.2,0.0080,,
2.0705,497,227.2,21.2,0.0080,,
2.0790,498,227.4,21.2,0.0075,,
2.0875,499,227.4,21.2,0.0075,,
2.0960,500,227.9,21.2,0.0075,,
2.1045,501,228.0,21.2,0.0085,,
2.1120,502,228.5,21.2,0.0075,,
2.1205,503,228.6,21.2,0.0085,,
2.1285,504,228.6,21.2,0.0075,,
2.1370,505,229.0,21.2,0.0075,,
2.1455,506,229.4,21.2,0.0075,,
2.1540,507,229.4,21.2,0.0075,,
2.1615,508,229.7,21.2,0.0075,,
2.1700,509,229.7,21.2,0.0085,,
2.1785,510,230.1,21.2,0.0075,,
2.1870,511,230.4,21.2,0.0075,,
2.1950,512,230.5,21.2,0.0075,,
2.2035,513,230.6,21.2,0.0075,,
2.2110,514,230.9,21.2,0.0075,,
2.2195,515,231.2,21.2,0.0085,,
2.2280,516,231.5,21.2,0.0075,,
2.2365,517,231.6,21.2,0.0075,,
2.2450,518,231.8,21.2,0.0075,,
2.2535,519,232.2,21.2,0.0075,,
2.2610,520,232.3,21.2,0.0075,,
2.2690,521,232.6,21.2,0.0080,,
2.2775,522,232.7,21.2,0.0085,,
2.2860,523,232.9,21.2,0.0075,,
2.2945,524,233.4,21.2,0.0075,,
2.3030,525,233.5,21.2,0.0075,,
2.3105,526,233.8,21.2,0.0075,,
2.3190,527,233.8,21.2,0.0085,,
2.3270,528,234.0,21.2,0.0080,,
2.3335,529,234.4,21.2,0.0060,,
2.3370,530,234.3,21.2,0.0030,,
2.3390,531,234.3,21.2,0.0020,,
2.3395,532,234.4,21.2,0.0005,,
2.3405,533,234.5,21.2,0.0010,,
2.3410,534,234.6,21.2,0.0005,,
2.3420,535,234.5,21.2,0.0010,,
2.3430,536,234.5,21.2,0.0010,,
2.3435,537,234.7,21.2,0.0005,,
2.3445,538,234.5,21.2,0.0010,,
2.3455,539,234.7,21.2,0.0010,,
2.3460,540,234.6,21.2,0.0005,,
2.3470,541,234.5,21.2,0.0010,,
2.3475,542,234.8,21.2,0.0005,,
2.3480,543,234.7,21.2,0.0005,,
2.3490,544,234.9,21.2,0.0010,,
2.3505,545,234.7,21.2,0.0015,,
2.3520,546,234.7,21.2,0.0015,,
2.3530,547,234.8,21.2,0.0010,,
2.3535,548,234.8,21.2,0.0005,,
2.3545,549,234.6,21.2,0.0010,,
2.3550,550,234.6,21.2,0.0005,,
2.3560,551,234.6,21.2,0.0010,,
2.3570,552,234.9,21.2,0.0010,,
2.3580,553,235.1,21.2,0.0010,,
Scope 1/1, Sample 14/32 (T6)
Result,TitrationEP1
V,t,E,T,dV/dt,E acc. stat.,Volume acc. stat.
0.0000,0,-71.6,21.0,NaN,,
0.0010,1,-71.6,21.0,0.0010,,
0.0025,2,-71.7,21.0,0.0015,,
0.0050,3,-71.4,21.0,0.0025,,
0.0085,4,-71.3,21.0,0.0030,,
0.0150,5,-71.1,21.0,0.0060,,
0.0230,6,-70.3,21.0,0.0075,,
0.0315,7,-69.2,21.0,0.0075,,
0.0390,8,-68.1,21.0,0.0075,,
0.0475,9,-66.9,21.1,0.0085,,
0.0560,10,-65.7,21.0,0.0075,,
0.0645,11,-64.2,21.0,0.0075,,
0.0725,12,-62.5,21.1,0.0075,,
0.0810,13,-60.9,21.0,0.0075,,
0.0895,14,-59.2,21.0,0.0075,,
0.0970,15,-57.3,21.0,0.0075,,
0.1055,16,-55.4,21.1,0.0075,,
0.1140,17,-53.1,21.1,0.0075,,
0.1225,18,-51.1,21.0,0.0075,,
0.1305,19,-48.8,21.1,0.0075,,
0.1390,20,-46.3,21.1,0.0075,,
0.1465,21,-43.9,21.0,0.0075,,
0.1550,22,-41.0,21.0,0.0075,,
0.1635,23,-38.4,21.1,0.0075,,
0.1720,24,-35.6,21.1,0.0075,,
0.1805,25,-32.5,21.1,0.0075,,
0.1890,26,-29.5,21.1,0.0075,,
0.1965,27,-26.8,21.1,0.0075,,
0.2045,28,-24.1,21.1,0.0075,,
0.2130,29,-21.6,21.1,0.0075,,
0.2215,30,-19.2,21.1,0.0075,,
0.2300,31,-17.2,21.1,0.0075,,
0.2385,32,-15.3,21.1,0.0075,,
0.2460,33,-13.5,21.1,0.0075,,
0.2545,34,-11.8,21.1,0.0075,,
0.2630,35,-10.0,21.1,0.0075,,
0.2710,36,-8.6,21.1,0.0075,,
0.2795,37,-7.3,21.1,0.0075,,
0.2880,38,-5.7,21.1,0.0075,,
0.2955,39,-4.6,21.1,0.0075,,
0.3040,40,-3.2,21.1,0.0075,,
0.3125,41,-2.3,21.1,0.0075,,
0.3210,42,-1.3,21.1,0.0075,,
0.3295,43,-0.1,21.1,0.0075,,
0.3375,44,0.9,21.1,0.0075,,
0.3450,45,2.0,21.1,0.0075,,
0.3535,46,2.8,21.1,0.0075,,
0.3620,47,3.9,21.1,0.0075,,
0.3705,48,5.0,21.1,0.0075,,
0.3790,49,6.0,21.1,0.0075,,
0.3875,50,6.8,21.1,0.0075,,
0.3950,51,7.6,21.1,0.0075,,
0.4035,52,8.5,21.1,0.0075,,
0.4115,53,9.6,21.1,0.0075,,
0.4200,54,10.4,21.1,0.0075,,
0.4285,55,11.2,21.1,0.0075,,
0.4370,56,12.3,21.1,0.0075,,
0.4445,57,12.9,21.1,0.0075,,
0.4530,58,14.0,21.1,0.0075,,
0.4615,59,14.7,21.1,0.0075,,
0.4700,60,15.5,21.1,0.0075,,
0.4780,61,16.5,21.1,0.0075,,
0.4865,62,17.2,21.1,0.0085,,
0.4940,63,18.1,21.1,0.0075,,
0.5025,64,18.8,21.1,0.0075,,
0.5110,65,19.6,21.1,0.0075,,
0.5195,66,20.6,21.1,0.0075,,
0.5280,67,21.4,21.1,0.0075,,
0.5360,68,22.2,21.1,0.0080,,
0.5440,69,22.9,21.1,0.0080,,
0.5520,70,23.7,21.1,0.0075,,
0.5605,71,24.6,21.1,0.0075,,
0.5690,72,25.4,21.1,0.0075,,
0.5775,73,26.1,21.1,0.0075,,
0.5860,74,27.0,21.1,0.0075,,
0.5935,75,27.7,21.1,0.0075,,
0.6020,76,28.7,21.1,0.0075,,
0.6100,77,29.6,21.1,0.0075,,
0.6185,78,30.4,21.1,0.0075,,
0.6270,79,31.3,21.1,0.0075,,
0.6355,80,32.2,21.1,0.0075,,
0.6440,81,33.0,21.1,0.0075,,
0.6515,82,33.8,21.1,0.0075,,
0.6595,83,34.6,21.1,0.0075,,
0.6680,84,35.4,21.1,0.0075,,
0.6765,85,36.4,21.1,0.0075,,
0.6850,86,37.3,21.1,0.0075,,
0.6935,87,38.2,21.1,0.0085,,
0.7010,88,39.0,21.1,0.0075,,
0.7095,89,39.8,21.1,0.0075,,
0.7180,90,40.8,21.1,0.0075,,
0.7260,91,41.5,21.1,0.0075,,
0.7345,92,42.3,21.1,0.0075,,
0.7430,93,43.2,21.1,0.0085,,
0.7505,94,44.1,21.1,0.0075,,
0.7590,95,45.2,21.1,0.0075,,
0.7675,96,46.0,21.1,0.0075,,
0.7760,97,46.9,21.1,0.0075,,
0.7845,98,48.0,21.1,0.0075,,
0.7925,99,48.9,21.1,0.0075,,
0.8005,100,49.8,21.1,0.0080,,
0.8085,101,50.7,21.1,0.0075,,
0.8170,102,51.6,21.1,0.0075,,
0.8255,103,52.7,21.1,0.0075,,
0.8340,104,53.7,21.1,0.0075,,
0.8425,105,54.6,21.1,0.0075,,
0.8500,106,55.6,21.1,0.0075,,
0.8585,107,56.5,21.1,0.0075,,
0.8665,108,57.6,21.1,0.0075,,
0.8750,109,58.6,21.1,0.0075,,
0.8835,110,59.4,21.1,0.0075,,
0.8920,111,60.5,21.1,0.0075,,
0.8995,112,61.4,21.1,0.0075,,
0.9080,113,62.5,21.1,0.0075,,
0.9165,114,63.8,21.1,0.0075,,
0.9245,115,64.7,21.1,0.0075,,
0.9330,116,65.8,21.1,0.0075,,
0.9415,117,67.1,21.1,0.0075,,
0.9490,118,68.0,21.1,0.0075,,
0.9575,119,69.1,21.1,0.0075,,
0.9660,120,70.1,21.1,0.0075,,
0.9745,121,71.4,21.1,0.0075,,
0.9830,122,72.7,21.1,0.0075,,
0.9910,123,73.8,21.1,0.0075,,
0.9990,124,74.9,21.1,0.0080,,
1.0070,125,76.2,21.1,0.0075,,
1.0155,126,77.5,21.1,0.0075,,
1.0240,127,78.9,21.1,0.0075,,
1.0325,128,80.1,21.1,0.0075,,
1.0410,129,81.4,21.1,0.0075,,
1.0485,130,82.7,21.1,0.0075,,
1.0570,131,84.0,21.1,0.0075,,
1.0650,132,85.4,21.1,0.0075,,
1.0735,133,86.7,21.1,0.0075,,
1.0820,134,88.2,21.1,0.0075,,
1.0905,135,89.8,21.1,0.0075,,
1.0990,136,91.3,21.1,0.0085,,
1.1065,137,93.0,21.1,0.0070,,
1.1150,138,94.4,21.1,0.0075,,
1.1230,139,96.2,21.1,0.0075,,
1.1315,140,98.1,21.1,0.0075,,
1.1400,141,100.0,21.1,0.0075,,
1.1485,142,101.7,21.1,0.0085,,
1.1560,143,103.6,21.1,0.0075,,
1.1645,144,105.6,21.1,0.0075,,
1.1730,145,108.0,21.1,0.0075,,
1.1815,146,110.5,21.1,0.0075,,
1.1895,147,112.8,21.1,0.0075,,
1.1980,148,114.9,21.1,0.0085,,
1.2055,149,117.4,21.1,0.0075,,
1.2140,150,120.7,21.1,0.0075,,
1.2225,151,123.8,21.1,0.0075,,
1.2310,152,126.8,21.1,0.0075,,
1.2395,153,130.3,21.1,0.0075,,
1.2475,154,133.2,21.1,0.0080,,
1.2555,155,137.1,21.1,0.0080,,
1.2635,156,140.7,21.1,0.0075,,
1.2720,157,144.1,21.1,0.0075,,
1.2805,158,147.9,21.1,0.0075,,
1.2890,159,151.9,21.1,0.0075,,
1.2975,160,155.2,21.1,0.0075,,
1.3050,161,158.1,21.1,0.0075,,
1.3135,162,161.1,21.1,0.0075,,
1.3220,163,164.0,21.1,0.0075,,
1.3300,164,166.7,21.1,0.0075,,
1.3385,165,169.0,21.1,0.0075,,
1.3470,166,171.4,21.1,0.0075,,
1.3545,167,173.3,21.1,0.0075,,
1.3630,168,175.3,21.1,0.0075,,
1.3715,169,177.2,21.1,0.0075,,
1.3795,170,178.8,21.1,0.0075,,
1.3880,171,180.5,21.1,0.0075,,
1.3965,172,182.4,21.1,0.0075,,
1.4040,173,183.6,21.1,0.0075,,
1.4145,174,185.0,21.1,0.0080,,
1.4145,414,186.6,21.2,0.0000,,
1.4150,415,186.6,21.2,0.0005,,
1.4165,416,186.6,21.2,0.0010,,
1.4190,417,187.0,21.2,0.0020,,
1.4230,418,187.4,21.2,0.0030,,
1.4295,419,188.1,21.2,0.0045,,
1.4380,420,189.0,21.2,0.0065,,
1.4455,421,190.1,21.2,0.0060,,
1.4540,422,191.3,21.2,0.0065,,
1.4620,423,192.2,21.2,0.0055,,
1.4705,424,193.1,21.2,0.0060,,
1.4790,425,194.3,21.2,0.0060,,
1.4875,426,195.2,21.2,0.0065,,
1.4950,427,196.3,21.2,0.0060,,
1.5035,428,197.0,21.2,0.0065,,
1.5120,429,197.8,21.2,0.0060,,
1.5205,430,198.7,21.2,0.0060,,
1.5285,431,199.4,21.2,0.0055,,
1.5370,432,200.3,21.2,0.0065,,
1.5445,433,200.8,21.2,0.0060,,
1.5530,434,201.6,21.2,0.0065,,
1.5615,435,202.5,21.2,0.0060,,
1.5700,436,203.1,21.2,0.0060,,
1.5785,437,203.7,21.2,0.0060,,
1.5865,438,204.3,21.2,0.0060,,
1.5945,439,205.0,21.2,0.0060,,
1.6025,440,205.7,21.2,0.0060,,
1.6110,441,206.1,21.2,0.0060,,
1.6195,442,206.7,21.2,0.0060,,
1.6280,443,207.5,21.2,0.0060,,
1.6365,444,208.0,21.2,0.0065,,
1.6440,445,208.7,21.2,0.0060,,
1.6525,446,209.0,21.2,0.0065,,
1.6610,447,209.5,21.2,0.0060,,
1.6690,448,210.3,21.2,0.0055,,
1.6775,449,210.7,21.2,0.0060,,
1.6860,450,211.2,21.2,0.0065,,
1.6935,451,211.6,21.2,0.0060,,
1.7020,452,212.0,21.2,0.0065,,
1.7105,453,212.6,21.2,0.0060,,
1.7190,454,213.1,21.2,0.0060,,
1.7270,455,213.4,21.2,0.0055,,
1.7355,456,213.8,21.2,0.0065,,
1.7430,457,214.2,21.2,0.0060,,
1.7515,458,214.9,21.2,0.0065,,
1.7600,459,215.3,21.2,0.0060,,
1.7685,460,215.6,21.2,0.0060,,
1.7770,461,216.1,21.2,0.0060,,
1.7850,462,216.5,21.2,0.0055,,
1.7930,463,216.8,21.2,0.0060,,
1.8010,464,217.2,21.2,0.0060,,
1.8095,465,217.4,21.2,0.0060,,
1.8180,466,217.8,21.2,0.0060,,
1.8265,467,218.4,21.2,0.0060,,
1.8350,468,218.6,21.2,0.0060,,
1.8425,469,219.0,21.2,0.0060,,
1.8510,470,219.2,21.2,0.0065,,
1.8590,471,219.7,21.2,0.0060,,
1.8675,472,220.1,21.2,0.0060,,
1.8760,473,220.4,21.2,0.0060,,
1.8845,474,220.7,21.2,0.0060,,
1.8920,475,220.9,21.2,0.0060,,
1.9005,476,221.3,21.2,0.0065,,
1.9090,477,221.8,21.2,0.0065,,
1.9175,478,222.0,21.2,0.0060,,
1.9255,479,222.3,21.2,0.0055,,
1.9340,480,222.7,21.2,0.0060,,
1.9415,481,223.0,21.2,0.0060,,
1.9500,482,223.3,21.2,0.0065,,
1.9585,483,223.5,21.2,0.0065,,
1.9670,484,223.8,21.2,0.0060,,
1.9755,485,224.2,21.2,0.0060,,
1.9835,486,224.4,21.2,0.0055,,
1.9915,487,224.9,21.2,0.0060,,
1.9995,488,225.0,21.2,0.0060,,
2.0080,489,225.3,21.2,0.0065,,
2.0165,490,225.7,21.2,0.0060,,
2.0250,491,225.8,21.2,0.0060,,
2.0335,492,226.0,21.2,0.0060,,
2.0410,493,226.3,21.2,0.0060,,
2.0495,494,226.6,21.2,0.0065,,
2.0580,495,226.9,21.2,0.0065,,
2.0660,496,227.1,21.2,0.0055,,
2.0745,497,227.4,21.2,0.0060,,
2.0830,498,227.5,21.2,0.0065,,
2.0905,499,228.0,21.2,0.0060,,
2.0990,500,228.3,21.2,0.0065,,
2.1075,501,228.5,21.2,0.0060,,
2.1160,502,228.8,21.2,0.0060,,
2.1245,503,229.1,21.2,0.0060,,
2.1325,504,229.2,21.2,0.0060,,
2.1405,505,229.5,21.2,0.0060,,
2.1485,506,229.5,21.2,0.0060,,
2.1570,507,229.9,21.2,0.0060,,
2.1655,508,230.2,21.2,0.0060,,
2.1740,509,230.4,21.2,0.0060,,
2.1825,510,230.6,21.2,0.0065,,
2.1900,511,230.7,21.2,0.0060,,
2.1985,512,231.0,21.2,0.0065,,
2.2070,513,231.3,21.2,0.0060,,
2.2150,514,231.4,21.2,0.0055,,
2.2235,515,231.6,21.2,0.0060,,
2.2320,516,231.8,21.2,0.0065,,
2.2395,517,232.1,21.2,0.0060,,
2.2480,518,232.4,21.2,0.0065,,
2.2565,519,232.5,21.2,0.0060,,
2.2650,520,232.8,21.2,0.0060,,
2.2730,521,233.2,21.2,0.0055,,
2.2815,522,233.3,21.2,0.0060,,
2.2890,523,233.5,21.2,0.0060,,
2.2975,524,233.6,21.2,0.0065,,
2.3055,525,233.8,21.2,0.0060,,
2.3140,526,234.1,21.2,0.0060,,
2.3215,527,234.2,21.2,0.0055,,
2.3255,528,234.4,21.2,0.0030,,
2.3260,529,234.4,21.2,0.0005,,
2.3270,530,234.5,21.2,0.0010,,
2.3290,531,234.6,21.2,0.0015,,
2.3315,532,234.5,21.2,0.0020,,
2.3335,533,234.6,21.2,0.0015,,
2.3340,534,234.5,21.2,0.0005,,
2.3355,535,234.7,21.2,0.0010,,
2.3375,536,234.8,21.2,0.0015,,
2.3400,537,234.7,21.2,0.0020,,
2.3420,538,234.7,21.2,0.0015,,
2.3425,539,234.8,21.2,0.0005,,
2.3430,540,234.8,21.2,0.0005,,
2.3440,541,234.8,21.2,0.0010,,
2.3455,542,234.7,21.2,0.0010,,
2.3470,543,235.1,21.2,0.0015,,
Scope 1/1, Sample 15/32 (T7)
Result,TitrationEP1
V,t,E,T,dV/dt,E acc. stat.,Volume acc. stat.
0.0000,0,-72.4,21.1,NaN,,
0.0010,1,-72.5,21.1,0.0010,,
0.0025,2,-72.3,21.1,0.0015,,
0.0050,3,-72.4,21.1,0.0025,,
0.0090,4,-72.2,21.1,0.0035,,
0.0150,5,-72.0,21.1,0.0055,,
0.0235,6,-71.4,21.1,0.0075,,
0.0320,7,-70.2,21.1,0.0075,,
0.0405,8,-69.0,21.1,0.0075,,
0.0480,9,-67.7,21.1,0.0075,,
0.0565,10,-66.3,21.1,0.0075,,
0.0650,11,-64.9,21.1,0.0075,,
0.0730,12,-63.2,21.1,0.0075,,
0.0815,13,-61.6,21.1,0.0075,,
0.0900,14,-60.0,21.1,0.0075,,
0.0985,15,-58.2,21.1,0.0085,,
0.1060,16,-56.4,21.1,0.0070,,
0.1145,17,-54.2,21.1,0.0075,,
0.1230,18,-52.1,21.1,0.0075,,
0.1310,19,-50.0,21.1,0.0075,,
0.1395,20,-47.6,21.1,0.0075,,
0.1470,21,-45.4,21.1,0.0075,,
0.1555,22,-42.6,21.1,0.0075,,
0.1640,23,-39.9,21.1,0.0075,,
0.1725,24,-37.3,21.1,0.0075,,
0.1810,25,-34.2,21.1,0.0075,,
0.1895,26,-31.1,21.1,0.0075,,
0.1970,27,-28.4,21.1,0.0075,,
0.2055,28,-25.7,21.1,0.0075,,
0.2135,29,-23.0,21.1,0.0075,,
0.2220,30,-20.4,21.1,0.0075,,
0.2305,31,-18.1,21.1,0.0075,,
0.2390,32,-16.1,21.1,0.0075,,
0.2465,33,-14.4,21.1,0.0075,,
0.2550,34,-12.6,21.1,0.0075,,
0.2635,35,-10.8,21.1,0.0075,,
0.2720,36,-9.4,21.1,0.0075,,
0.2800,37,-8.0,21.1,0.0075,,
0.2885,38,-6.7,21.1,0.0085,,
0.2960,39,-5.3,21.1,0.0070,,
0.3045,40,-3.9,21.1,0.0075,,
0.3130,41,-2.8,21.1,0.0075,,
0.3215,42,-1.8,21.1,0.0075,,
0.3300,43,-0.6,21.1,0.0075,,
0.3385,44,0.3,21.1,0.0085,,
0.3460,45,1.4,21.1,0.0070,,
0.3545,46,2.3,21.1,0.0075,,
0.3625,47,3.3,21.1,0.0075,,
0.3710,48,4.4,21.2,0.0075,,
0.3795,49,5.4,21.2,0.0075,,
0.3880,50,6.3,21.1,0.0075,,
0.3955,51,7.2,21.1,0.0070,,
0.4040,52,8.1,21.1,0.0075,,
0.4125,53,9.2,21.1,0.0075,,
0.4205,54,10.1,21.2,0.0075,,
0.4290,55,10.8,21.2,0.0075,,
0.4375,56,11.9,21.2,0.0075,,
0.4450,57,12.5,21.2,0.0075,,
0.4535,58,13.4,21.2,0.0075,,
0.4620,59,14.2,21.2,0.0075,,
0.4705,60,14.9,21.2,0.0075,,
0.4785,61,15.8,21.2,0.0075,,
0.4870,62,16.8,21.2,0.0075,,
0.4945,63,17.5,21.2,0.0075,,
0.5030,64,18.3,21.2,0.0075,,
0.5115,65,19.1,21.2,0.0075,,
0.5200,66,20.0,21.2,0.0075,,
0.5285,67,21.0,21.2,0.0075,,
0.5370,68,21.7,21.2,0.0075,,
0.5445,69,22.6,21.2,0.0075,,
0.5525,70,23.3,21.2,0.0075,,
0.5610,71,24.1,21.2,0.0075,,
0.5695,72,25.0,21.2,0.0075,,
0.5780,73,25.7,21.2,0.0075,,
0.5865,74,26.5,21.2,0.0075,,
0.5940,75,27.2,21.2,0.0075,,
0.6025,76,28.2,21.2,0.0075,,
0.6110,77,29.2,21.2,0.0075,,
0.6190,78,29.9,21.2,0.0075,,
0.6275,79,30.7,21.2,0.0075,,
0.6360,80,31.7,21.2,0.0075,,
0.6435,81,32.4,21.2,0.0075,,
0.6520,82,33.4,21.2,0.0075,,
0.6605,83,34.1,21.2,0.0075,,
0.6690,84,34.9,21.2,0.0075,,
0.6770,85,35.9,21.2,0.0075,,
0.6855,86,36.7,21.2,0.0075,,
0.6930,87,37.6,21.2,0.0075,,
0.7015,88,38.2,21.2,0.0075,,
0.7100,89,39.3,21.2,0.0075,,
0.7185,90,40.3,21.2,0.0075,,
0.7270,91,40.9,21.2,0.0075,,
0.7355,92,41.8,21.2,0.0075,,
0.7430,93,42.5,21.2,0.0075,,
0.7515,94,43.4,21.2,0.0075,,
0.7595,95,44.5,21.2,0.0075,,
0.7680,96,45.3,21.2,0.0075,,
0.7765,97,46.1,21.2,0.0075,,
0.7850,98,47.2,21.2,0.0075,,
0.7925,99,48.1,21.2,0.0075,,
0.8010,100,49.2,21.2,0.0075,,
0.8095,101,50.0,21.2,0.0075,,
0.8175,102,50.9,21.2,0.0075,,
0.8260,103,52.0,21.2,0.0075,,
0.8345,104,52.9,21.2,0.0075,,
0.8420,105,53.8,21.2,0.0075,,
0.8505,106,54.7,21.2,0.0075,,
0.8590,107,55.6,21.2,0.0075,,
0.8675,108,56.8,21.2,0.0075,,
0.8760,109,57.7,21.2,0.0075,,
0.8840,110,58.6,21.2,0.0075,,
0.8925,111,59.4,21.2,0.0085,,
0.9000,112,60.5,21.2,0.0070,,
0.9085,113,61.7,21.2,0.0075,,
0.9170,114,62.7,21.2,0.0075,,
0.9255,115,63.6,21.2,0.0075,,
0.9340,116,64.9,21.2,0.0075,,
0.9420,117,65.7,21.2,0.0080,,
0.9500,118,67.0,21.2,0.0075,,
0.9580,119,68.0,21.2,0.0075,,
0.9665,120,69.1,21.2,0.0075,,
0.9750,121,70.2,21.2,0.0075,,
0.9835,122,71.5,21.2,0.0075,,
0.9920,123,72.6,21.2,0.0085,,
0.9995,124,73.8,21.2,0.0070,,
1.0080,125,74.8,21.2,0.0075,,
1.0160,126,76.2,21.2,0.0075,,
1.0245,127,77.5,21.2,0.0075,,
1.0330,128,78.5,21.2,0.0075,,
1.0415,129,79.8,21.2,0.0075,,
1.0490,130,80.9,21.2,0.0070,,
1.0575,131,82.3,21.2,0.0075,,
1.0660,132,83.8,21.2,0.0075,,
1.0745,133,85.0,21.2,0.0075,,
1.0825,134,86.5,21.2,0.0075,,
1.0910,135,88.2,21.2,0.0075,,
1.0985,136,89.7,21.2,0.0070,,
1.1070,137,91.2,21.2,0.0075,,
1.1155,138,92.6,21.2,0.0075,,
1.1240,139,94.5,21.2,0.0075,,
1.1325,140,96.3,21.2,0.0075,,
1.1410,141,97.9,21.2,0.0085,,
1.1485,142,99.6,21.2,0.0070,,
1.1565,143,101.2,21.2,0.0075,,
1.1650,144,103.1,21.2,0.0075,,
1.1735,145,105.2,21.2,0.0075,,
1.1820,146,107.5,21.2,0.0075,,
1.1905,147,109.5,21.2,0.0075,,
1.1980,148,111.6,21.2,0.0075,,
1.2065,149,114.2,21.2,0.0075,,
1.2150,150,117.0,21.2,0.0075,,
1.2230,151,119.8,21.2,0.0075,,
1.2315,152,122.8,21.2,0.0075,,
1.2400,153,126.1,21.2,0.0075,,
1.2475,154,129.0,21.2,0.0075,,
1.2560,155,132.7,21.2,0.0075,,
1.2645,156,136.3,21.2,0.0075,,
1.2730,157,139.7,21.2,0.0075,,
1.2810,158,143.5,21.2,0.0075,,
1.2895,159,147.0,21.2,0.0075,,
1.2970,160,150.3,21.2,0.0070,,
1.3055,161,153.7,21.2,0.0075,,
1.3140,162,157.2,21.2,0.0075,,
1.3225,163,160.5,21.2,0.0075,,
1.3310,164,163.5,21.2,0.0075,,
1.3390,165,165.9,21.2,0.0075,,
1.3470,166,168.3,21.2,0.0080,,
1.3555,167,170.6,21.2,0.0075,,
1.3635,168,173.0,21.2,0.0075,,
1.3720,169,174.9,21.2,0.0075,,
1.3805,170,176.8,21.2,0.0075,,
1.3890,171,178.8,21.2,0.0075,,
1.3965,172,180.2,21.2,0.0075,,
1.4050,173,181.8,21.2,0.0075,,
1.4135,174,183.1,21.2,0.0075,,
1.4215,175,184.5,21.2,0.0075,,
1.4260,176,185.2,21.2,0.0075,,
1.4260,416,186.4,21.3,0.0000,,
1.4265,417,186.6,21.3,0.0005,,
1.4280,418,186.7,21.3,0.0020,,
1.4305,419,186.8,21.3,0.0030,,
1.4345,420,187.4,21.3,0.0050,,
1.4405,421,188.1,21.3,0.0075,,
1.4485,422,189.0,21.3,0.0100,,
1.4565,423,190.1,21.3,0.0115,,
1.4645,424,191.1,21.3,0.0115,,
1.4730,425,192.2,21.3,0.0105,,
1.4815,426,193.4,21.3,0.0105,,
1.4900,427,194.3,21.3,0.0105,,
1.4985,428,195.1,21.3,0.0120,,
1.5060,429,195.9,21.3,0.0105,,
1.5145,430,196.9,21.3,0.0120,,
1.5230,431,197.8,21.3,0.0105,,
1.5310,432,198.5,21.3,0.0100,,
1.5395,433,199.4,21.3,0.0105,,
1.5480,434,200.0,21.3,0.0120,,
1.5555,435,201.0,21.3,0.0105,,
1.5640,436,201.7,21.3,0.0120,,
1.5725,437,202.3,21.3,0.0105,,
1.5810,438,203.1,21.3,0.0105,,
1.5895,439,203.9,21.3,0.0105,,
1.5975,440,204.5,21.3,0.0115,,
1.6055,441,205.2,21.3,0.0115,,
1.6135,442,205.6,21.3,0.0115,,
1.6220,443,206.3,21.3,0.0105,,
1.6305,444,207.0,21.3,0.0105,,
1.6390,445,207.4,21.3,0.0105,,
1.6475,446,208.1,21.3,0.0120,,
1.6550,447,208.5,21.3,0.0105,,
1.6635,448,209.1,21.3,0.0120,,
1.6715,449,209.7,21.3,0.0100,,
1.6800,450,210.0,21.3,0.0105,,
1.6885,451,210.5,21.3,0.0105,,
1.6960,452,211.0,21.3,0.0105,,
1.7045,453,211.5,21.3,0.0120,,
1.7130,454,212.0,21.3,0.0120,,
1.7215,455,212.4,21.3,0.0105,,
1.7300,456,212.9,21.3,0.0105,,
1.7380,457,213.5,21.3,0.0100,,
1.7465,458,213.8,21.3,0.0120,,
1.7540,459,214.3,21.3,0.0105,,
1.7625,460,214.6,21.3,0.0120,,
1.7710,461,215.1,21.3,0.0105,,
1.7795,462,215.6,21.3,0.0105,,
1.7880,463,215.9,21.3,0.0105,,
1.7960,464,216.3,21.3,0.0115,,
1.8040,465,216.7,21.3,0.0115,,
1.8120,466,217.2,21.3,0.0115,,
1.8205,467,217.6,21.3,0.0105,,
1.8290,468,217.9,21.3,0.0105,,
1.8375,469,218.2,21.3,0.0105,,
1.8460,470,218.5,21.3,0.0120,,
1.8535,471,219.0,21.3,0.0105,,
1.8620,472,219.4,21.3,0.0120,,
1.8705,473,219.7,21.3,0.0105,,
1.8785,474,220.1,21.3,0.0100,,
1.8870,475,220.6,21.3,0.0105,,
1.8945,476,220.8,21.3,0.0105,,
1.9030,477,221.2,21.3,0.0105,,
1.9115,478,221.4,21.3,0.0120,,
1.9200,479,221.8,21.3,0.0105,,
1.9285,480,222.2,21.3,0.0105,,
1.9370,481,222.4,21.3,0.0105,,
1.9450,482,222.8,21.3,0.0115,,
1.9525,483,223.0,21.3,0.0105,,
1.9610,484,223.4,21.3,0.0120,,
1.9695,485,223.9,21.3,0.0120,,
1.9780,486,224.1,21.3,0.0105,,
1.9865,487,224.2,21.3,0.0105,,
1.9950,488,224.7,21.3,0.0105,,
2.0025,489,224.9,21.3,0.0105,,
2.0105,490,225.3,21.3,0.0115,,
2.0190,491,225.5,21.3,0.0105,,
2.0275,492,225.7,21.3,0.0105,,
2.0360,493,226.1,21.3,0.0105,,
2.0445,494,226.3,21.3,0.0120,,
2.0520,495,226.7,21.3,0.0105,,
2.0605,496,226.8,21.3,0.0120,,
2.0690,497,227.1,21.3,0.0105,,
2.0775,498,227.4,21.3,0.0105,,
2.0855,499,227.6,21.3,0.0100,,
2.0940,500,228.0,21.3,0.0120,,
2.1015,501,228.0,21.3,0.0105,,
2.1100,502,228.3,21.3,0.0120,,
2.1185,503,228.8,21.3,0.0105,,
2.1270,504,228.9,21.3,0.0105,,
2.1355,505,229.1,21.3,0.0105,,
2.1430,506,229.3,21.3,0.0105,,
2.1515,507,229.6,21.3,0.0120,,
2.1595,508,229.9,21.3,0.0115,,
2.1680,509,230.0,21.3,0.0105,,
2.1765,510,230.1,21.3,0.0105,,
2.1850,511,230.5,21.3,0.0105,,
2.1935,512,230.6,21.3,0.0120,,
2.2010,513,231.0,21.3,0.0105,,
2.2095,514,231.1,21.3,0.0120,,
2.2180,515,231.3,21.3,0.0105,,
2.2260,516,231.6,21.3,0.0100,,
2.2345,517,231.8,21.3,0.0105,,
2.2430,518,232.0,21.3,0.0120,,
2.2505,519,232.1,21.3,0.0105,,
2.2590,520,232.3,21.3,0.0120,,
2.2675,521,232.6,21.3,0.0105,,
2.2760,522,232.9,21.3,0.0105,,
2.2840,523,232.9,21.3,0.0100,,
2.2925,524,233.1,21.3,0.0120,,
2.3000,525,233.3,21.3,0.0105,,
2.3085,526,233.7,21.3,0.0120,,
2.3165,527,233.8,21.3,0.0100,,
2.3245,528,233.9,21.3,0.0100,,
2.3295,529,234.1,21.3,0.0060,,
2.3300,530,234.1,21.3,0.0005,,
2.3310,531,234.3,21.3,0.0015,,
2.3325,532,234.2,21.3,0.0020,,
2.3345,533,234.2,21.3,0.0030,,
2.3360,534,234.3,21.3,0.0020,,
2.3375,535,234.6,21.3,0.0020,,
2.3380,536,234.5,21.3,0.0005,,
2.3390,537,234.6,21.3,0.0015,,
2.3400,538,234.5,21.3,0.0015,,
2.3415,539,234.5,21.3,0.0020,,
2.3435,540,234.7,21.3,0.0025,,
2.3460,541,234.6,21.3,0.0030,,
2.3490,542,234.7,21.3,0.0035,,
2.3505,543,234.8,21.3,0.0020,,
2.3510,544,234.8,21.3,0.0005,,
2.3515,545,235.0,21.3,0.0005,,
2.3530,546,234.9,21.3,0.0020,,
2.3550,547,234.9,21.3,0.0025,,
2.3560,547,235.1,21.3,0.0035,,
Scope 1/1, Sample 16/32 (T8)
Result,TitrationEP1
V,t,E,T,dV/dt,E acc. stat.,Volume acc. stat.
0.0000,0,-71.9,21.2,NaN,,
0.0005,1,-71.9,21.2,0.0005,,
0.0025,2,-71.8,21.2,0.0020,,
0.0050,3,-71.9,21.2,0.0025,,
0.0085,4,-71.8,21.2,0.0030,,
0.0150,5,-71.4,21.2,0.0060,,
0.0230,6,-70.9,21.2,0.0075,,
0.0305,7,-70.0,21.2,0.0075,,
0.0390,8,-68.9,21.2,0.0085,,
0.0475,9,-67.5,21.2,0.0075,,
0.0560,10,-66.0,21.2,0.0075,,
0.0645,11,-64.6,21.2,0.0075,,
0.0725,12,-63.0,21.2,0.0075,,
0.0805,13,-61.6,21.2,0.0080,,
0.0885,14,-59.7,21.2,0.0080,,
0.0970,15,-57.9,21.2,0.0075,,
0.1055,16,-56.1,21.2,0.0075,,
0.1140,17,-54.0,21.2,0.0075,,
0.1225,18,-51.6,21.2,0.0075,,
0.1300,19,-49.7,21.2,0.0075,,
0.1385,20,-47.3,21.2,0.0085,,
0.1470,21,-44.9,21.2,0.0075,,
0.1550,22,-42.2,21.2,0.0075,,
0.1635,23,-39.3,21.2,0.0075,,
0.1720,24,-36.5,21.2,0.0075,,
0.1795,25,-33.7,21.2,0.0075,,
0.1880,26,-30.8,21.2,0.0085,,
0.1965,27,-27.8,21.2,0.0085,,
0.2050,28,-25.0,21.2,0.0075,,
0.2130,29,-22.4,21.2,0.0075,,
0.2215,30,-20.0,21.2,0.0075,,
0.2290,31,-18.1,21.2,0.0075,,
0.2375,32,-16.0,21.2,0.0085,,
0.2460,33,-14.0,21.2,0.0085,,
0.2545,34,-12.4,21.2,0.0075,,
0.2630,35,-10.9,21.2,0.0075,,
0.2710,36,-9.2,21.2,0.0075,,
0.2790,37,-7.9,21.2,0.0080,,
0.2870,38,-6.5,21.2,0.0080,,
0.2955,39,-5.3,21.2,0.0085,,
0.3040,40,-4.2,21.2,0.0075,,
0.3125,41,-2.9,21.2,0.0075,,
0.3210,42,-1.8,21.2,0.0075,,
0.3285,43,-0.8,21.2,0.0075,,
0.3370,44,0.2,21.2,0.0085,,
0.3455,45,1.1,21.2,0.0075,,
0.3535,46,2.3,21.2,0.0075,,
0.3620,47,3.3,21.2,0.0075,,
0.3705,48,4.2,21.2,0.0075,,
0.3790,49,5.3,21.2,0.0085,,
0.3865,50,6.1,21.2,0.0075,,
0.3950,51,7.1,21.2,0.0085,,
0.4035,52,8.0,21.2,0.0075,,
0.4115,53,8.8,21.2,0.0075,,
0.4200,54,9.7,21.2,0.0075,,
0.4285,55,10.5,21.2,0.0085,,
0.4360,56,11.5,21.2,0.0075,,
0.4445,57,12.3,21.2,0.0085,,
0.4530,58,12.9,21.2,0.0075,,
0.4615,59,13.9,21.2,0.0075,,
0.4700,60,14.8,21.2,0.0075,,
0.4780,61,15.6,21.2,0.0080,,
0.4860,62,16.3,21.2,0.0080,,
0.4940,63,17.1,21.2,0.0080,,
0.5025,64,18.1,21.2,0.0075,,
0.5110,65,19.0,21.2,0.0075,,
0.5195,66,19.7,21.2,0.0075,,
0.5280,67,20.4,21.2,0.0085,,
0.5355,68,21.1,21.2,0.0075,,
0.5440,69,22.0,21.3,0.0085,,
0.5520,70,22.8,21.3,0.0075,,
0.5605,71,23.5,21.3,0.0075,,
0.5690,72,24.4,21.3,0.0075,,
0.5775,73,25.2,21.3,0.0085,,
0.5850,74,26.1,21.3,0.0075,,
0.5935,75,27.0,21.3,0.0085,,
0.6020,76,27.7,21.3,0.0075,,
0.6105,77,28.5,21.3,0.0075,,
0.6185,78,29.5,21.3,0.0075,,
0.6265,79,30.2,21.3,0.0080,,
0.6345,80,31.1,21.3,0.0080,,
0.6430,81,31.9,21.3,0.0085,,
0.6515,82,32.9,21.3,0.0075,,
0.6600,83,33.8,21.3,0.0075,,
0.6685,84,34.5,21.3,0.0075,,
0.6765,85,35.4,21.3,0.0080,,
0.6845,86,36.1,21.3,0.0080,,
0.6925,87,37.1,21.3,0.0080,,
0.7010,88,37.9,21.3,0.0075,,
0.7095,89,38.6,21.3,0.0075,,
0.7180,90,39.6,21.3,0.0075,,
0.7255,91,40.4,21.3,0.0075,,
0.7340,92,41.3,21.3,0.0085,,
0.7425,93,42.3,21.3,0.0085,,
0.7510,94,43.0,21.3,0.0075,,
0.7590,95,44.0,21.3,0.0075,,
0.7675,96,45.0,21.3,0.0075,,
0.7760,97,45.8,21.3,0.0085,,
0.7835,98,46.9,21.3,0.0075,,
0.7920,99,47.7,21.3,0.0085,,
0.8005,100,48.7,21.3,0.0075,,
0.8090,101,49.8,21.3,0.0075,,
0.8170,102,50.6,21.3,0.0075,,
0.8255,103,51.5,21.3,0.0075,,
0.8330,104,52.4,21.3,0.0075,,
0.8415,105,53.4,21.3,0.0085,,
0.8500,106,54.5,21.3,0.0075,,
0.8585,107,55.5,21.3,0.0075,,
0.8670,108,56.4,21.3,0.0075,,
0.8750,109,57.5,21.3,0.0075,,
0.8830,110,58.2,21.3,0.0080,,
0.8910,111,59.4,21.3,0.0080,,
0.8995,112,60.4,21.3,0.0075,,
0.9080,113,61.3,21.3,0.0075,,
0.9165,114,62.5,21.3,0.0075,,
0.9250,115,63.6,21.3,0.0075,,
0.9325,116,64.5,21.3,0.0075,,
0.9410,117,65.5,21.3,0.0085,,
0.9490,118,66.5,21.3,0.0080,,
0.9575,119,67.7,21.3,0.0075,,
0.9660,120,69.1,21.3,0.0075,,
0.9745,121,70.0,21.3,0.0075,,
0.9820,122,71.2,21.3,0.0075,,
0.9905,123,72.3,21.3,0.0085,,
0.9990,124,73.7,21.3,0.0085,,
1.0070,125,75.0,21.3,0.0075,,
1.0155,126,76.1,21.3,0.0075,,
1.0240,127,77.4,21.3,0.0075,,
1.0325,128,78.4,21.3,0.0085,,
1.0400,129,79.8,21.3,0.0075,,
1.0485,130,81.1,21.3,0.0085,,
1.0570,131,82.2,21.3,0.0075,,
1.0655,132,83.7,21.3,0.0075,,
1.0735,133,85.2,21.3,0.0075,,
1.0815,134,86.7,21.3,0.0080,,
1.0895,135,88.1,21.3,0.0080,,
1.0980,136,89.4,21.3,0.0085,,
1.1065,137,91.1,21.3,0.0075,,
1.1150,138,92.7,21.3,0.0075,,
1.1235,139,94.2,21.3,0.0075,,
1.1310,140,95.8,21.3,0.0075,,
1.1395,141,97.5,21.3,0.0085,,
1.1480,142,99.5,21.3,0.0075,,
1.1560,143,101.6,21.3,0.0075,,
1.1645,144,103.3,21.3,0.0075,,
1.1730,145,105.6,21.3,0.0075,,
1.1805,146,107.6,21.3,0.0075,,
1.1890,147,109.9,21.3,0.0085,,
1.1975,148,112.4,21.3,0.0075,,
1.2060,149,114.9,21.3,0.0075,,
1.2140,150,117.8,21.3,0.0075,,
1.2225,151,120.7,21.3,0.0075,,
1.2300,152,123.4,21.3,0.0075,,
1.2385,153,126.9,21.3,0.0085,,
1.2470,154,130.1,21.3,0.0085,,
1.2555,155,133.8,21.3,0.0075,,
1.2640,156,137.5,21.3,0.0075,,
1.2720,157,140.9,21.3,0.0075,,
1.2805,158,144.1,21.3,0.0085,,
1.2880,159,147.9,21.3,0.0075,,
1.2965,160,151.7,21.3,0.0085,,
1.3050,161,155.5,21.3,0.0075,,
1.3135,162,158.5,21.3,0.0075,,
1.3220,163,161.8,21.3,0.0075,,
1.3305,164,164.2,21.3,0.0085,,
1.3380,165,166.9,21.3,0.0075,,
1.3465,166,169.3,21.3,0.0085,,
1.3545,167,171.6,21.3,0.0075,,
1.3630,168,173.8,21.3,0.0075,,
1.3715,169,175.8,21.3,0.0075,,
1.3800,170,177.4,21.3,0.0085,,
1.3875,171,179.3,21.3,0.0075,,
1.3960,172,180.9,21.3,0.0085,,
1.4045,173,182.5,21.3,0.0075,,
1.4130,174,183.9,21.3,0.0075,,
1.4205,175,185.0,21.3,0.0075,,
1.4205,415,186.8,21.3,0.0000,,
1.4210,416,186.8,21.3,0.0005,,
1.4225,417,186.7,21.3,0.0015,,
1.4250,418,187.0,21.3,0.0025,,
1.4290,419,187.5,21.3,0.0035,,
1.4350,420,188.2,21.3,0.0050,,
1.4430,421,189.1,21.3,0.0065,,
1.4515,422,190.1,21.3,0.0075,,
1.4590,423,191.3,21.3,0.0070,,
1.4675,424,192.4,21.3,0.0075,,
1.4760,425,193.4,21.3,0.0070,,
1.4845,426,194.4,21.3,0.0070,,
1.4930,427,195.3,21.3,0.0070,,
1.5015,428,196.1,21.3,0.0075,,
1.5090,429,197.1,21.3,0.0070,,
1.5170,430,197.8,21.3,0.0075,,
1.5255,431,198.8,21.3,0.0070,,
1.5340,432,199.6,21.3,0.0070,,
1.5425,433,200.3,21.3,0.0070,,
1.5510,434,201.0,21.4,0.0075,,
1.5585,435,201.6,21.4,0.0070,,
1.5670,436,202.3,21.4,0.0075,,
1.5755,437,203.1,21.4,0.0070,,
1.5835,438,203.8,21.3,0.0065,,
1.5920,439,204.5,21.3,0.0070,,
1.5995,440,205.0,21.3,0.0070,,
1.6080,441,205.8,21.4,0.0075,,
1.6165,442,206.4,21.3,0.0075,,
1.6250,443,206.9,21.4,0.0070,,
1.6335,444,207.4,21.4,0.0070,,
1.6415,445,208.0,21.4,0.0065,,
1.6500,446,208.4,21.4,0.0075,,
1.6575,447,209.2,21.4,0.0070,,
1.6660,448,209.6,21.4,0.0075,,
1.6745,449,210.1,21.4,0.0070,,
1.6830,450,210.8,21.4,0.0070,,
1.6915,451,211.3,21.4,0.0070,,
1.7000,452,211.6,21.4,0.0070,,
1.7075,453,212.0,21.4,0.0070,,
1.7155,454,212.5,21.4,0.0075,,
1.7240,455,213.1,21.4,0.0075,,
1.7325,456,213.6,21.4,0.0070,,
1.7410,457,213.9,21.4,0.0070,,
1.7495,458,214.5,21.4,0.0070,,
1.7570,459,214.8,21.4,0.0070,,
1.7655,460,215.4,21.4,0.0075,,
1.7740,461,215.8,21.4,0.0075,,
1.7820,462,216.1,21.4,0.0065,,
1.7905,463,216.6,21.4,0.0070,,
1.7990,464,217.1,21.4,0.0070,,
1.8065,465,217.4,21.4,0.0070,,
1.8150,466,217.7,21.4,0.0075,,
1.8235,467,218.0,21.4,0.0075,,
1.8320,468,218.5,21.4,0.0070,,
1.8400,469,218.9,21.4,0.0065,,
1.8485,470,219.1,21.4,0.0070,,
1.8560,471,219.5,21.4,0.0070,,
1.8645,472,219.8,21.4,0.0075,,
1.8730,473,220.3,21.4,0.0075,,
1.8815,474,220.8,21.4,0.0070,,
1.8900,475,221.0,21.4,0.0070,,
1.8980,476,221.2,21.4,0.0065,,
1.9060,477,221.6,21.4,0.0075,,
1.9140,478,222.0,21.4,0.0075,,
1.9225,479,222.4,21.4,0.0075,,
1.9310,480,222.6,21.4,0.0070,,
1.9395,481,222.9,21.4,0.0070,,
1.9480,482,223.4,21.4,0.0070,,
1.9565,483,223.6,21.4,0.0075,,
1.9640,484,223.9,21.4,0.0070,,
1.9725,485,224.0,21.4,0.0075,,
1.9805,486,224.3,21.4,0.0065,,
1.9890,487,224.7,21.4,0.0070,,
1.9975,488,225.0,21.4,0.0070,,
2.0060,489,225.3,21.4,0.0075,,
2.0135,490,225.5,21.4,0.0070,,
2.0220,491,225.8,21.4,0.0075,,
2.0305,492,226.2,21.4,0.0070,,
2.0385,493,226.4,21.4,0.0065,,
2.0470,494,226.6,21.4,0.0070,,
2.0555,495,226.9,21.4,0.0075,,
2.0630,496,227.0,21.4,0.0070,,
2.0715,497,227.4,21.4,0.0075,,
2.0800,498,227.7,21.4,0.0070,,
2.0885,499,227.9,21.4,0.0070,,
2.0965,500,228.2,21.4,0.0065,,
2.1050,501,228.4,21.4,0.0075,,
2.1125,502,228.7,21.4,0.0070,,
2.1210,503,228.8,21.4,0.0075,,
2.1295,504,229.0,21.4,0.0070,,
2.1380,505,229.4,21.4,0.0070,,
2.1465,506,229.7,21.4,0.0070,,
2.1550,507,229.9,21.4,0.0075,,
2.1625,508,230.1,21.4,0.0070,,
2.1710,509,230.2,21.4,0.0075,,
2.1790,510,230.6,21.4,0.0065,,
2.1875,511,230.9,21.4,0.0070,,
2.1960,512,230.9,21.4,0.0070,,
2.2045,513,231.2,21.4,0.0075,,
2.2120,514,231.4,21.4,0.0070,,
2.2205,515,231.7,21.4,0.0075,,
2.2290,516,232.0,21.4,0.0070,,
2.2370,517,232.0,21.4,0.0065,,
2.2455,518,232.4,21.4,0.0070,,
2.2540,519,232.5,21.4,0.0075,,
2.2615,520,232.8,21.4,0.0070,,
2.2700,521,232.9,21.4,0.0075,,
2.2785,522,233.1,21.4,0.0075,,
2.2870,523,233.5,21.4,0.0070,,
2.2950,524,233.8,21.4,0.0065,,
2.3035,525,233.9,21.4,0.0070,,
2.3105,526,234.1,21.4,0.0065,,
2.3185,527,234.2,21.4,0.0075,,
2.3245,528,234.4,21.4,0.0055,,
2.3265,529,234.6,21.4,0.0015,,
2.3270,530,234.5,21.4,0.0005,,
2.3280,531,234.5,21.4,0.0010,,
2.3295,532,234.6,21.4,0.0015,,
2.3320,533,234.6,21.4,0.0025,,
2.3345,534,234.8,21.4,0.0025,,
2.3375,535,234.8,21.4,0.0025,,
2.3410,536,234.8,21.4,0.0030,,
2.3455,537,235.0,21.4,0.0035,,
Scope 1/1, Sample 17/32 (T9)
Result,TitrationEP1
V,t,E,T,dV/dt,E acc. stat.,Volume acc. stat.
0.0000,0,-72.0,21.3,NaN,,
0.0005,1,-72.1,21.3,0.0005,,
0.0025,2,-72.0,21.3,0.0020,,
0.0050,3,-72.0,21.3,0.0025,,
0.0085,4,-72.0,21.3,0.0030,,
0.0150,5,-71.4,21.3,0.0060,,
0.0230,6,-70.8,21.3,0.0075,,
0.0305,7,-69.9,21.3,0.0075,,
0.0390,8,-68.8,21.3,0.0085,,
0.0475,9,-67.6,21.3,0.0075,,
0.0560,10,-66.0,21.3,0.0075,,
0.0645,11,-64.6,21.3,0.0075,,
0.0725,12,-63.2,21.3,0.0075,,
0.0805,13,-61.8,21.3,0.0080,,
0.0885,14,-60.0,21.3,0.0080,,
0.0970,15,-58.0,21.3,0.0075,,
0.1055,16,-56.1,21.3,0.0075,,
0.1140,17,-54.2,21.3,0.0075,,
0.1225,18,-51.9,21.3,0.0075,,
0.1300,19,-50.0,21.3,0.0075,,
0.1385,20,-47.4,21.3,0.0085,,
0.1470,21,-45.0,21.3,0.0075,,
0.1550,22,-42.5,21.3,0.0075,,
0.1635,23,-39.5,21.3,0.0075,,
0.1720,24,-36.6,21.3,0.0075,,
0.1795,25,-33.9,21.3,0.0075,,
0.1880,26,-31.0,21.3,0.0085,,
0.1965,27,-28.0,21.3,0.0075,,
0.2050,28,-25.0,21.3,0.0075,,
0.2135,29,-22.5,21.3,0.0075,,
0.2215,30,-20.2,21.3,0.0080,,
0.2295,31,-18.2,21.3,0.0080,,
0.2375,32,-16.1,21.3,0.0080,,
0.2460,33,-14.1,21.3,0.0075,,
0.2545,34,-12.6,21.3,0.0075,,
0.2630,35,-11.0,21.3,0.0075,,
0.2715,36,-9.7,21.3,0.0085,,
0.2790,37,-8.2,21.3,0.0075,,
0.2875,38,-6.7,21.3,0.0085,,
0.2955,39,-5.5,21.3,0.0075,,
0.3040,40,-4.3,21.3,0.0075,,
0.3125,41,-2.9,21.3,0.0075,,
0.3210,42,-2.0,21.3,0.0085,,
0.3285,43,-0.9,21.3,0.0075,,
0.3370,44,0.0,21.3,0.0085,,
0.3455,45,0.9,21.3,0.0075,,
0.3535,46,2.0,21.3,0.0075,,
0.3620,47,3.1,21.3,0.0075,,
0.3705,48,4.0,21.3,0.0075,,
0.3780,49,5.0,21.3,0.0075,,
0.3865,50,5.9,21.3,0.0085,,
0.3950,51,7.0,21.3,0.0075,,
0.4035,52,8.0,21.3,0.0075,,
0.4120,53,8.7,21.3,0.0075,,
0.4200,54,9.6,21.3,0.0075,,
0.4280,55,10.4,21.3,0.0080,,
0.4360,56,11.5,21.3,0.0080,,
0.4445,57,12.3,21.3,0.0075,,
0.4530,58,13.0,21.3,0.0075,,
0.4615,59,13.9,21.3,0.0075,,
0.4700,60,14.9,21.3,0.0075,,
0.4775,61,15.7,21.3,0.0075,,
0.4860,62,16.4,21.3,0.0085,,
0.4940,63,17.1,21.3,0.0080,,
0.5025,64,18.0,21.3,0.0075,,
0.5110,65,19.0,21.3,0.0075,,
0.5195,66,19.6,21.3,0.0075,,
0.5270,67,20.4,21.3,0.0075,,
0.5355,68,21.1,21.3,0.0085,,
0.5440,69,22.2,21.3,0.0075,,
0.5525,70,23.1,21.3,0.0075,,
0.5605,71,23.7,21.3,0.0075,,
0.5690,72,24.5,21.3,0.0075,,
0.5765,73,25.2,21.3,0.0075,,
0.5850,74,26.2,21.3,0.0085,,
0.5935,75,27.0,21.3,0.0075,,
0.6020,76,27.6,21.3,0.0075,,
0.6105,77,28.6,21.3,0.0075,,
0.6190,78,29.6,21.3,0.0075,,
0.6265,79,30.4,21.3,0.0075,,
0.6350,80,31.2,21.3,0.0085,,
0.6430,81,31.9,21.3,0.0075,,
0.6515,82,32.8,21.3,0.0075,,
0.6600,83,33.8,21.3,0.0075,,
0.6685,84,34.3,21.3,0.0075,,
0.6760,85,35.2,21.3,0.0075,,
0.6845,86,36.0,21.3,0.0085,,
0.6930,87,37.1,21.3,0.0075,,
0.7010,88,38.0,21.3,0.0075,,
0.7095,89,38.7,21.3,0.0075,,
0.7180,90,39.6,21.3,0.0075,,
0.7255,91,40.5,21.3,0.0075,,
0.7340,92,41.5,21.3,0.0085,,
0.7425,93,42.4,21.3,0.0075,,
0.7510,94,43.2,21.3,0.0075,,
0.7590,95,44.1,21.3,0.0075,,
0.7675,96,45.2,21.3,0.0075,,
0.7750,97,45.9,21.3,0.0075,,
0.7835,98,46.9,21.3,0.0085,,
0.7920,99,47.7,21.3,0.0085,,
0.8005,100,48.6,21.3,0.0075,,
0.8090,101,49.8,21.3,0.0075,,
0.8175,102,50.8,21.3,0.0075,,
0.8250,103,51.8,21.3,0.0075,,
0.8335,104,52.5,21.3,0.0085,,
0.8415,105,53.6,21.3,0.0080,,
0.8500,106,54.7,21.3,0.0075,,
0.8585,107,55.6,21.3,0.0075,,
0.8670,108,56.5,21.3,0.0075,,
0.8745,109,57.5,21.3,0.0075,,
0.8830,110,58.5,21.3,0.0085,,
0.8915,111,59.8,21.3,0.0085,,
0.8995,112,60.7,21.3,0.0075,,
0.9080,113,61.6,21.3,0.0075,,
0.9165,114,62.9,21.3,0.0075,,
0.9250,115,64.0,21.3,0.0075,,
0.9325,116,64.9,21.3,0.0075,,
0.9410,117,66.1,21.3,0.0085,,
0.9495,118,67.0,21.3,0.0075,,
0.9575,119,68.2,21.3,0.0075,,
0.9660,120,69.6,21.3,0.0075,,
0.9745,121,70.7,21.3,0.0075,,
0.9820,122,71.8,21.3,0.0075,,
0.9905,123,72.8,21.3,0.0085,,
0.9990,124,74.1,21.3,0.0075,,
1.0075,125,75.4,21.3,0.0075,,
1.0155,126,76.5,21.3,0.0075,,
1.0240,127,77.6,21.3,0.0075,,
1.0315,128,78.8,21.3,0.0075,,
1.0400,129,80.4,21.3,0.0085,,
1.0485,130,81.9,21.3,0.0075,,
1.0570,131,83.1,21.3,0.0075,,
1.0655,132,84.4,21.3,0.0075,,
1.0740,133,86.0,21.3,0.0075,,
1.0815,134,87.1,21.3,0.0075,,
1.0895,135,88.6,21.3,0.0080,,
1.0980,136,90.1,21.3,0.0075,,
1.1065,137,91.7,21.3,0.0075,,
1.1150,138,93.6,21.3,0.0075,,
1.1235,139,95.3,21.3,0.0075,,
1.1310,140,96.9,21.3,0.0075,,
1.1395,141,98.7,21.3,0.0085,,
1.1480,142,100.6,21.3,0.0075,,
1.1560,143,102.7,21.3,0.0075,,
1.1645,144,104.8,21.3,0.0075,,
1.1730,145,106.9,21.3,0.0075,,
1.1805,146,109.1,21.3,0.0075,,
1.1890,147,111.5,21.3,0.0085,,
1.1975,148,114.3,21.3,0.0075,,
1.2060,149,116.8,21.3,0.0075,,
1.2145,150,119.8,21.3,0.0075,,
1.2225,151,123.4,21.3,0.0075,,
1.2300,152,126.2,21.3,0.0075,,
1.2385,153,129.9,21.3,0.0085,,
1.2470,154,133.2,21.3,0.0075,,
1.2555,155,136.9,21.3,0.0075,,
1.2640,156,140.8,21.3,0.0075,,
1.2725,157,144.4,21.3,0.0075,,
1.2800,158,148.0,21.3,0.0075,,
1.2885,159,151.4,21.3,0.0085,,
1.2965,160,155.0,21.3,0.0075,,
1.3050,161,158.3,21.3,0.0075,,
1.3135,162,161.2,21.3,0.0075,,
1.3220,163,164.0,21.3,0.0075,,
1.3295,164,166.6,21.3,0.0075,,
1.3380,165,169.1,21.3,0.0085,,
1.3465,166,171.6,21.3,0.0085,,
1.3545,167,173.9,21.3,0.0075,,
1.3630,168,175.6,21.3,0.0075,,
1.3715,169,177.6,21.3,0.0075,,
1.3800,170,179.4,21.3,0.0075,,
1.3875,171,180.8,21.3,0.0075,,
1.3960,172,182.7,21.3,0.0085,,
1.4045,173,183.8,21.3,0.0075,,
1.4130,174,185.1,21.3,0.0070,,
1.4130,414,186.6,21.4,0.0000,,
1.4135,415,186.8,21.4,0.0005,,
1.4150,416,186.9,21.4,0.0010,,
1.4175,417,186.9,21.4,0.0020,,
1.4215,418,187.5,21.4,0.0030,,
1.4280,419,188.3,21.4,0.0045,,
1.4360,420,189.3,21.4,0.0055,,
1.4435,421,190.4,21.4,0.0060,,
1.4520,422,191.2,21.4,0.0065,,
1.4605,423,192.4,21.4,0.0065,,
1.4690,424,193.4,21.4,0.0060,,
1.4775,425,194.3,21.4,0.0060,,
1.4860,426,195.2,21.4,0.0060,,
1.4935,427,196.0,21.4,0.0060,,
1.5020,428,197.1,21.4,0.0065,,
1.5100,429,197.9,21.4,0.0060,,
1.5185,430,198.6,21.4,0.0060,,
1.5270,431,199.5,21.4,0.0060,,
1.5355,432,200.5,21.4,0.0060,,
1.5430,433,201.1,21.4,0.0060,,
1.5515,434,202.0,21.4,0.0065,,
1.5600,435,202.5,21.4,0.0065,,
1.5680,436,203.1,21.4,0.0055,,
1.5765,437,204.1,21.4,0.0060,,
1.5850,438,204.6,21.4,0.0060,,
1.5925,439,205.2,21.4,0.0060,,
1.6010,440,205.7,21.4,0.0065,,
1.6095,441,206.4,21.4,0.0065,,
1.6180,442,207.2,21.4,0.0060,,
1.6265,443,207.5,21.4,0.0060,,
1.6345,444,208.0,21.4,0.0055,,
1.6425,445,208.5,21.4,0.0060,,
1.6505,446,209.2,21.4,0.0060,,
1.6590,447,209.9,21.4,0.0065,,
1.6675,448,210.2,21.4,0.0060,,
1.6760,449,210.7,21.4,0.0060,,
1.6845,450,211.4,21.4,0.0060,,
1.6920,451,211.8,21.4,0.0060,,
1.7005,452,212.4,21.4,0.0065,,
1.7085,453,212.7,21.4,0.0060,,
1.7170,454,213.1,21.4,0.0060,,
1.7255,455,213.7,21.4,0.0060,,
1.7340,456,214.0,21.4,0.0060,,
1.7415,457,214.6,21.4,0.0060,,
1.7500,458,214.9,21.4,0.0065,,
1.7585,459,215.3,21.4,0.0065,,
1.7670,460,216.0,21.4,0.0060,,
1.7750,461,216.3,21.4,0.0055,,
1.7835,462,216.5,21.4,0.0060,,
1.7920,463,216.9,21.4,0.0065,,
1.7995,464,217.2,21.4,0.0060,,
1.8080,465,217.9,21.4,0.0065,,
1.8165,466,218.2,21.4,0.0060,,
1.8250,467,218.4,21.4,0.0060,,
1.8330,468,218.8,21.4,0.0055,,
1.8415,469,219.0,21.4,0.0065,,
1.8490,470,219.5,21.4,0.0060,,
1.8575,471,219.9,21.4,0.0065,,
1.8660,472,220.0,21.4,0.0060,,
1.8745,473,220.6,21.4,0.0060,,
1.8830,474,221.0,21.4,0.0060,,
1.8915,475,221.3,21.4,0.0065,,
1.8990,476,221.5,21.4,0.0060,,
1.9075,477,221.7,21.4,0.0065,,
1.9155,478,222.2,21.4,0.0055,,
1.9240,479,222.6,21.4,0.0060,,
1.9325,480,222.7,21.4,0.0060,,
1.9410,481,223.1,21.4,0.0065,,
1.9485,482,223.3,21.4,0.0060,,
1.9570,483,223.8,21.4,0.0065,,
1.9655,484,224.1,21.4,0.0060,,
1.9735,485,224.3,21.4,0.0055,,
1.9820,486,224.6,21.4,0.0060,,
1.9905,487,225.1,21.4,0.0060,,
1.9980,488,225.4,21.4,0.0060,,
2.0065,489,225.7,21.4,0.0065,,
2.0150,490,225.7,21.4,0.0060,,
2.0235,491,226.0,21.4,0.0060,,
2.0320,492,226.5,21.4,0.0060,,
2.0400,493,226.8,21.4,0.0055,,
2.0475,494,227.1,21.4,0.0060,,
2.0560,495,227.2,21.4,0.0065,,
2.0645,496,227.5,21.4,0.0065,,
2.0730,497,227.9,21.4,0.0060,,
2.0815,498,228.0,21.4,0.0060,,
2.0900,499,228.2,21.4,0.0060,,
2.0975,500,228.4,21.4,0.0060,,
2.1055,501,228.7,21.4,0.0060,,
2.1140,502,229.0,21.4,0.0065,,
2.1225,503,229.2,21.4,0.0060,,
2.1310,504,229.2,21.4,0.0060,,
2.1395,505,229.6,21.4,0.0060,,
2.1470,506,229.7,21.4,0.0060,,
2.1555,507,230.3,21.4,0.0065,,
2.1635,508,230.4,21.4,0.0060,,
2.1720,509,230.5,21.4,0.0060,,
2.1805,510,230.9,21.4,0.0060,,
2.1890,511,231.2,21.4,0.0060,,
2.1965,512,231.3,21.4,0.0060,,
2.2050,513,231.4,21.4,0.0065,,
2.2135,514,231.5,21.4,0.0065,,
2.2220,515,231.9,21.4,0.0060,,
2.2300,516,232.2,21.4,0.0055,,
2.2385,517,232.3,21.4,0.0060,,
2.2460,518,232.6,21.4,0.0060,,
2.2545,519,232.7,21.4,0.0065,,
2.2630,520,233.0,21.4,0.0065,,
2.2715,521,233.2,21.4,0.0060,,
2.2800,522,233.3,21.4,0.0060,,
2.2885,523,233.6,21.4,0.0060,,
2.2960,524,233.7,21.4,0.0060,,
2.3040,525,234.1,21.4,0.0060,,
2.3090,526,234.2,21.4,0.0040,,
2.3100,527,234.2,21.4,0.0005,,
2.3110,528,234.3,21.4,0.0005,,
2.3125,529,234.5,21.4,0.0010,,
2.3145,530,234.5,21.4,0.0015,,
2.3160,531,234.5,21.4,0.0010,,
2.3170,532,234.3,21.4,0.0010,,
2.3170,533,234.5,21.4,0.0000,,
2.3185,534,234.6,21.4,0.0010,,
2.3200,535,234.4,21.4,0.0010,,
2.3220,536,234.5,21.4,0.0015,,
2.3240,537,234.4,21.4,0.0015,,
2.3245,538,234.4,21.4,0.0005,,
2.3250,539,234.6,21.4,0.0005,,
2.3255,540,234.5,21.4,0.0005,,
2.3275,541,234.5,21.4,0.0015,,
2.3295,542,234.5,21.4,0.0015,,
2.3315,543,234.7,21.4,0.0015,,
2.3325,544,234.9,21.4,0.0010,,
2.3335,545,235.0,21.4,0.0010,,
Scope 1/1, Sample 18/32 (T10)
Result,TitrationEP1
V,t,E,T,dV/dt,E acc. stat.,Volume acc. stat.
0.0000,0,-72.2,21.3,NaN,,
0.0010,1,-72.2,21.3,0.0010,,
0.0025,2,-72.2,21.3,0.0015,,
0.0050,3,-72.3,21.3,0.0020,,
0.0090,4,-72.0,21.3,0.0035,,
0.0150,5,-71.8,21.3,0.0055,,
0.0235,6,-71.0,21.3,0.0075,,
0.0320,7,-69.9,21.3,0.0075,,
0.0405,8,-68.9,21.3,0.0075,,
0.0490,9,-67.6,21.3,0.0070,,
0.0565,10,-66.3,21.3,0.0070,,
0.0650,11,-64.7,21.3,0.0075,,
0.0730,12,-63.0,21.3,0.0075,,
0.0815,13,-61.5,21.3,0.0075,,
0.0900,14,-59.9,21.3,0.0075,,
0.0985,15,-57.8,21.3,0.0075,,
0.1060,16,-56.1,21.3,0.0070,,
0.1145,17,-54.0,21.3,0.0075,,
0.1230,18,-52.0,21.3,0.0075,,
0.1310,19,-49.9,21.3,0.0075,,
0.1395,20,-47.3,21.3,0.0075,,
0.1480,21,-44.7,21.3,0.0075,,
0.1565,22,-42.4,21.3,0.0075,,
0.1640,23,-39.8,21.3,0.0070,,
0.1725,24,-36.9,21.3,0.0075,,
0.1810,25,-33.8,21.3,0.0075,,
0.1895,26,-30.8,21.3,0.0075,,
0.1975,27,-28.0,21.3,0.0075,,
0.2060,28,-25.4,21.3,0.0075,,
0.2135,29,-22.8,21.3,0.0070,,
0.2220,30,-20.1,21.3,0.0075,,
0.2305,31,-17.9,21.3,0.0075,,
0.2390,32,-16.1,21.3,0.0075,,
0.2475,33,-14.2,21.3,0.0075,,
0.2550,34,-12.7,21.3,0.0070,,
0.2635,35,-11.0,21.3,0.0075,,
0.2715,36,-9.6,21.3,0.0075,,
0.2800,37,-8.3,21.3,0.0075,,
0.2885,38,-6.8,21.3,0.0075,,
0.2970,39,-5.3,21.3,0.0075,,
0.3045,40,-4.1,21.3,0.0070,,
0.3130,41,-3.0,21.3,0.0075,,
0.3215,42,-2.0,21.3,0.0075,,
0.3300,43,-0.8,21.3,0.0075,,
0.3380,44,0.3,21.3,0.0075,,
0.3465,45,1.1,21.3,0.0075,,
0.3540,46,2.1,21.3,0.0070,,
0.3625,47,3.1,21.3,0.0075,,
0.3710,48,4.3,21.3,0.0075,,
0.3795,49,5.2,21.3,0.0075,,
0.3880,50,6.0,21.3,0.0075,,
0.3965,51,7.1,21.3,0.0070,,
0.4040,52,7.8,21.3,0.0070,,
0.4125,53,8.9,21.3,0.0075,,
0.4205,54,9.6,21.3,0.0075,,
0.4290,55,10.3,21.3,0.0075,,
0.4375,56,11.4,21.3,0.0075,,
0.4460,57,12.2,21.3,0.0075,,
0.4535,58,13.1,21.3,0.0070,,
0.4620,59,13.8,21.3,0.0075,,
0.4705,60,14.6,21.3,0.0075,,
0.4790,61,15.7,21.3,0.0075,,
0.4870,62,16.5,21.3,0.0075,,
0.4955,63,17.1,21.3,0.0070,,
0.5030,64,17.9,21.3,0.0070,,
0.5115,65,18.7,21.3,0.0075,,
0.5200,66,19.7,21.3,0.0075,,
0.5285,67,20.4,21.3,0.0075,,
0.5370,68,21.1,21.3,0.0075,,
0.5450,69,22.1,21.3,0.0065,,
0.5530,70,22.8,21.3,0.0075,,
0.5610,71,23.8,21.3,0.0075,,
0.5695,72,24.5,21.3,0.0075,,
0.5780,73,25.2,21.3,0.0075,,
0.5865,74,26.2,21.3,0.0075,,
0.5950,75,27.1,21.3,0.0070,,
0.6025,76,27.9,21.3,0.0070,,
0.6110,77,28.6,21.3,0.0075,,
0.6195,78,29.4,21.3,0.0075,,
0.6275,79,30.3,21.3,0.0075,,
0.6360,80,31.3,21.3,0.0075,,
0.6445,81,31.9,21.3,0.0070,,
0.6520,82,32.8,21.3,0.0070,,
0.6605,83,33.5,21.3,0.0075,,
0.6690,84,34.6,21.3,0.0075,,
0.6775,85,35.4,21.3,0.0075,,
0.6855,86,36.1,21.3,0.0075,,
0.6940,87,37.0,21.3,0.0070,,
0.7015,88,37.8,21.3,0.0070,,
0.7100,89,38.9,21.3,0.0075,,
0.7185,90,39.8,21.3,0.0075,,
0.7270,91,40.5,21.3,0.0075,,
0.7355,92,41.5,21.3,0.0075,,
0.7440,93,42.5,21.3,0.0070,,
0.7515,94,43.3,21.3,0.0070,,
0.7600,95,44.1,21.3,0.0075,,
0.7680,96,44.9,21.3,0.0075,,
0.7765,97,46.0,21.3,0.0075,,
0.7850,98,47.1,21.3,0.0075,,
0.7935,99,47.9,21.3,0.0075,,
0.8010,100,48.8,21.3,0.0070,,
0.8095,101,49.7,21.3,0.0075,,
0.8180,102,50.8,21.3,0.0075,,
0.8260,103,52.0,21.3,0.0075,,
0.8345,104,52.9,21.3,0.0075,,
0.8430,105,53.8,21.3,0.0075,,
0.8505,106,54.7,21.3,0.0070,,
0.8590,107,55.7,21.3,0.0075,,
0.8675,108,56.8,21.3,0.0075,,
0.8760,109,57.6,21.3,0.0075,,
0.8845,110,58.9,21.3,0.0075,,
0.8925,111,60.1,21.3,0.0065,,
0.9005,112,60.9,21.3,0.0075,,
0.9085,113,62.0,21.3,0.0075,,
0.9170,114,63.0,21.3,0.0075,,
0.9255,115,64.3,21.3,0.0075,,
0.9340,116,65.6,21.3,0.0075,,
0.9425,117,66.6,21.3,0.0075,,
0.9500,118,67.6,21.3,0.0070,,
0.9585,119,68.7,21.3,0.0075,,
0.9670,120,70.0,21.3,0.0075,,
0.9750,121,71.2,21.4,0.0075,,
0.9835,122,72.2,21.4,0.0075,,
0.9920,123,73.5,21.4,0.0070,,
0.9995,124,74.7,21.4,0.0070,,
1.0080,125,76.1,21.4,0.0075,,
1.0165,126,77.5,21.3,0.0075,,
1.0250,127,78.7,21.3,0.0075,,
1.0335,128,80.1,21.4,0.0075,,
1.0415,129,81.2,21.4,0.0075,,
1.0490,130,82.8,21.4,0.0070,,
1.0575,131,84.3,21.4,0.0075,,
1.0660,132,85.6,21.4,0.0075,,
1.0745,133,87.2,21.4,0.0075,,
1.0830,134,88.8,21.4,0.0075,,
1.0915,135,90.2,21.4,0.0070,,
1.0990,136,91.7,21.4,0.0070,,
1.1070,137,93.3,21.4,0.0075,,
1.1155,138,95.0,21.4,0.0075,,
1.1240,139,97.1,21.4,0.0075,,
1.1325,140,98.8,21.4,0.0075,,
1.1410,141,100.8,21.4,0.0070,,
1.1485,142,102.5,21.4,0.0070,,
1.1570,143,104.7,21.4,0.0075,,
1.1655,144,107.0,21.4,0.0075,,
1.1735,145,109.1,21.4,0.0075,,
1.1820,146,111.8,21.4,0.0075,,
1.1905,147,114.7,21.4,0.0070,,
1.1980,148,117.2,21.4,0.0070,,
1.2065,149,120.3,21.4,0.0075,,
1.2150,150,123.4,21.4,0.0075,,
1.2235,151,126.6,21.4,0.0075,,
1.2315,152,130.3,21.4,0.0075,,
1.2400,153,133.8,21.4,0.0075,,
1.2475,154,136.9,21.4,0.0070,,
1.2560,155,140.8,21.4,0.0075,,
1.2645,156,144.7,21.4,0.0075,,
1.2730,157,148.4,21.4,0.0075,,
1.2815,158,152.3,21.4,0.0075,,
1.2900,159,155.6,21.4,0.0075,,
1.2975,160,158.5,21.4,0.0070,,
1.3060,161,161.6,21.4,0.0075,,
1.3140,162,164.5,21.4,0.0075,,
1.3225,163,167.2,21.4,0.0075,,
1.3310,164,169.6,21.4,0.0075,,
1.3395,165,171.9,21.4,0.0075,,
1.3470,166,173.7,21.4,0.0070,,
1.3555,167,175.8,21.4,0.0075,,
1.3640,168,177.6,21.4,0.0075,,
1.3725,169,179.3,21.4,0.0075,,
1.3805,170,181.2,21.4,0.0075,,
1.3890,171,182.7,21.4,0.0070,,
1.3965,172,184.0,21.4,0.0070,,
1.4045,173,185.1,21.4,0.0080,,
1.4045,413,186.7,21.4,0.0000,,
1.4050,414,186.6,21.4,0.0005,,
1.4065,415,186.8,21.4,0.0015,,
1.4090,416,187.0,21.4,0.0020,,
1.4130,417,187.3,21.4,0.0035,,
1.4195,418,188.1,21.4,0.0055,,
1.4280,419,188.9,21.4,0.0075,,
1.4355,420,190.2,21.4,0.0070,,
1.4435,421,191.2,21.4,0.0075,,
1.4520,422,192.1,21.4,0.0070,,
1.4605,423,193.4,21.4,0.0070,,
1.4690,424,194.5,21.4,0.0070,,
1.4775,425,195.3,21.4,0.0075,,
1.4850,426,196.2,21.4,0.0070,,
1.4935,427,196.9,21.4,0.0075,,
1.5020,428,198.0,21.4,0.0070,,
1.5100,429,198.8,21.4,0.0065,,
1.5185,430,199.4,21.4,0.0070,,
1.5270,431,200.2,21.4,0.0070,,
1.5345,432,200.9,21.4,0.0070,,
1.5430,433,201.7,21.4,0.0075,,
1.5515,434,202.5,21.4,0.0075,,
1.5600,435,203.1,21.4,0.0070,,
1.5680,436,203.8,21.4,0.0065,,
1.5765,437,204.6,21.4,0.0070,,
1.5840,438,205.1,21.4,0.0070,,
1.5925,439,205.9,21.4,0.0075,,
1.6010,440,206.3,21.4,0.0075,,
1.6095,441,206.8,21.4,0.0070,,
1.6180,442,207.7,21.4,0.0070,,
1.6260,443,208.2,21.4,0.0065,,
1.6340,444,208.7,21.4,0.0075,,
1.6420,445,209.1,21.4,0.0075,,
1.6505,446,209.6,21.4,0.0075,,
1.6590,447,210.3,21.4,0.0070,,
1.6675,448,210.7,21.4,0.0070,,
1.6760,449,211.1,21.4,0.0070,,
1.6835,450,211.6,21.4,0.0070,,
1.6920,451,212.1,21.4,0.0075,,
1.7005,452,212.7,21.4,0.0075,,
1.7085,453,213.1,21.4,0.0065,,
1.7170,454,213.4,21.4,0.0070,,
1.7255,455,214.0,21.4,0.0070,,
1.7330,456,214.3,21.4,0.0070,,
1.7415,457,215.0,21.4,0.0075,,
1.7500,458,215.3,21.4,0.0075,,
1.7585,459,215.5,21.4,0.0070,,
1.7665,460,216.2,21.4,0.0065,,
1.7750,461,216.6,21.4,0.0070,,
1.7825,462,217.0,21.4,0.0070,,
1.7910,463,217.2,21.4,0.0075,,
1.7995,464,217.6,21.4,0.0075,,
1.8080,465,218.2,21.4,0.0070,,
1.8165,466,218.5,21.4,0.0070,,
1.8250,467,218.8,21.4,0.0070,,
1.8325,468,219.1,21.4,0.0070,,
1.8410,469,219.6,21.4,0.0075,,
1.8490,470,220.1,21.4,0.0075,,
1.8575,471,220.3,21.4,0.0070,,
1.8660,472,220.6,21.4,0.0070,,
1.8745,473,221.1,21.4,0.0070,,
1.8820,474,221.4,21.4,0.0070,,
1.8905,475,221.8,21.4,0.0075,,
1.8990,476,221.9,21.4,0.0075,,
1.9075,477,222.3,21.4,0.0070,,
1.9155,478,222.8,21.4,0.0065,,
1.9240,479,223.0,21.4,0.0075,,
1.9315,480,223.4,21.4,0.0070,,
1.9400,481,223.5,21.4,0.0075,,
1.9485,482,223.8,21.4,0.0070,,
1.9570,483,224.2,21.4,0.0070,,
1.9655,484,224.4,21.4,0.0070,,
1.9735,485,224.5,21.4,0.0065,,
1.9815,486,224.8,21.4,0.0075,,
1.9895,487,225.1,21.4,0.0075,,
1.9980,488,225.5,21.4,0.0075,,
2.0065,489,225.8,21.4,0.0070,,
2.0150,490,226.0,21.4,0.0070,,
2.0235,491,226.4,21.4,0.0070,,
2.0310,492,226.6,21.4,0.0070,,
2.0395,493,227.1,21.4,0.0075,,
2.0475,494,227.3,21.4,0.0075,,
2.0560,495,227.4,21.4,0.0070,,
2.0645,496,227.9,21.4,0.0070,,
2.0730,497,228.1,21.4,0.0070,,
2.0805,498,228.4,21.4,0.0070,,
2.0890,499,228.5,21.4,0.0075,,
2.0975,500,228.6,21.4,0.0075,,
2.1060,501,229.0,21.4,0.0070,,
2.1140,502,229.3,21.4,0.0065,,
2.1225,503,229.3,21.4,0.0070,,
2.1300,504,229.6,21.4,0.0070,,
2.1385,505,229.8,21.4,0.0075,,
2.1470,506,230.2,21.4,0.0075,,
2.1555,507,230.4,21.4,0.0070,,
2.1640,508,230.4,21.4,0.0070,,
2.1720,509,230.7,21.4,0.0065,,
2.1800,510,230.9,21.4,0.0075,,
2.1880,511,231.3,21.4,0.0065,,
2.1965,512,231.6,21.4,0.0075,,
2.2050,513,231.6,21.4,0.0070,,
2.2135,514,231.8,21.4,0.0070,,
2.2220,515,232.2,21.5,0.0070,,
2.2295,516,232.4,21.5,0.0070,,
2.2380,517,232.6,21.5,0.0075,,
2.2465,518,232.7,21.5,0.0075,,
2.2545,519,232.9,21.5,0.0065,,
2.2630,520,233.3,21.5,0.0070,,
2.2715,521,233.3,21.5,0.0070,,
2.2790,522,233.5,21.5,0.0070,,
2.2875,523,233.7,21.5,0.0075,,
2.2955,524,234.1,21.4,0.0075,,
2.2990,525,234.3,21.5,0.0030,,
2.3015,526,234.3,21.5,0.0020,,
2.3050,527,234.3,21.5,0.0030,,
2.3080,528,234.4,21.5,0.0025,,
2.3110,529,234.5,21.5,0.0025,,
2.3140,530,234.7,21.4,0.0025,,
2.3175,531,234.6,21.5,0.0030,,
2.3195,532,234.7,21.5,0.0015,,
2.3200,533,234.9,21.5,0.0005,,
2.3205,534,234.8,21.5,0.0005,,
2.3215,535,234.9,21.5,0.0010,,
2.3230,536,234.7,21.5,0.0015,,
2.3240,537,234.8,21.5,0.0010,,
2.3260,538,235.1,21.5,0.0015,,
Scope 1/1, Sample 19/32 (T11)
Result,TitrationEP1
V,t,E,T,dV/dt,E acc. stat.,Volume acc. stat.
0.0000,0,-71.9,21.3,NaN,,
0.0005,1,-72.1,21.3,0.0005,,
0.0025,2,-71.9,21.3,0.0020,,
0.0050,3,-71.9,21.3,0.0025,,
0.0085,4,-71.9,21.3,0.0030,,
0.0150,5,-71.5,21.3,0.0060,,
0.0230,6,-70.7,21.3,0.0075,,
0.0305,7,-69.8,21.3,0.0075,,
0.0390,8,-68.9,21.3,0.0085,,
0.0475,9,-67.7,21.3,0.0085,,
0.0560,10,-66.1,21.3,0.0075,,
0.0645,11,-64.6,21.3,0.0075,,
0.0725,12,-63.3,21.3,0.0075,,
0.0810,13,-61.5,21.3,0.0085,,
0.0885,14,-59.9,21.3,0.0075,,
0.0970,15,-57.8,21.3,0.0085,,
0.1055,16,-55.8,21.3,0.0075,,
0.1140,17,-54.0,21.3,0.0075,,
0.1225,18,-51.8,21.3,0.0075,,
0.1305,19,-49.8,21.3,0.0080,,
0.1385,20,-47.3,21.3,0.0080,,
0.1465,21,-44.8,21.3,0.0080,,
0.1550,22,-42.5,21.3,0.0075,,
0.1635,23,-39.6,21.3,0.0075,,
0.1720,24,-36.7,21.3,0.0075,,
0.1795,25,-34.0,21.3,0.0075,,
0.1880,26,-31.3,21.3,0.0085,,
0.1965,27,-28.5,21.3,0.0085,,
0.2050,28,-25.4,21.3,0.0075,,
0.2130,29,-22.6,21.3,0.0075,,
0.2215,30,-20.5,21.4,0.0075,,
0.2290,31,-18.5,21.3,0.0075,,
0.2375,32,-16.5,21.3,0.0085,,
0.2460,33,-14.5,21.3,0.0075,,
0.2545,34,-12.8,21.3,0.0075,,
0.2630,35,-11.4,21.4,0.0075,,
0.2715,36,-9.9,21.4,0.0075,,
0.2790,37,-8.6,21.4,0.0075,,
0.2870,38,-7.0,21.4,0.0080,,
0.2955,39,-5.7,21.3,0.0085,,
0.3040,40,-4.6,21.3,0.0075,,
0.3125,41,-3.4,21.4,0.0075,,
0.3210,42,-2.1,21.4,0.0075,,
0.3285,43,-1.2,21.4,0.0075,,
0.3370,44,-0.1,21.4,0.0085,,
0.3455,45,0.8,21.4,0.0085,,
0.3535,46,1.8,21.4,0.0075,,
0.3620,47,2.9,21.4,0.0075,,
0.3705,48,3.9,21.4,0.0075,,
0.3790,49,4.7,21.4,0.0075,,
0.3865,50,5.6,21.4,0.0070,,
0.3950,51,6.6,21.4,0.0085,,
0.4035,52,7.7,21.4,0.0075,,
0.4115,53,8.5,21.4,0.0075,,
0.4200,54,9.1,21.4,0.0075,,
0.4285,55,10.2,21.4,0.0075,,
0.4360,56,10.8,21.4,0.0075,,
0.4445,57,11.9,21.4,0.0085,,
0.4530,58,12.7,21.4,0.0075,,
0.4615,59,13.4,21.4,0.0075,,
0.4695,60,14.6,21.4,0.0075,,
0.4780,61,15.4,21.4,0.0075,,
0.4855,62,16.1,21.4,0.0075,,
0.4940,63,16.8,21.4,0.0085,,
0.5025,64,17.5,21.4,0.0075,,
0.5110,65,18.5,21.4,0.0075,,
0.5195,66,19.4,21.4,0.0075,,
0.5275,67,20.0,21.4,0.0075,,
0.5355,68,20.8,21.4,0.0080,,
0.5435,69,21.5,21.4,0.0080,,
0.5520,70,22.5,21.4,0.0075,,
0.5605,71,23.3,21.4,0.0075,,
0.5690,72,24.0,21.4,0.0075,,
0.5775,73,24.9,21.4,0.0075,,
0.5850,74,25.6,21.4,0.0075,,
0.5935,75,26.6,21.4,0.0085,,
0.6020,76,27.5,21.4,0.0085,,
0.6100,77,28.0,21.4,0.0075,,
0.6185,78,29.0,21.4,0.0075,,
0.6270,79,30.0,21.4,0.0075,,
0.6345,80,30.8,21.4,0.0075,,
0.6430,81,31.6,21.4,0.0085,,
0.6515,82,32.3,21.4,0.0075,,
0.6600,83,33.2,21.4,0.0075,,
0.6680,84,34.2,21.4,0.0075,,
0.6765,85,34.8,21.4,0.0075,,
0.6845,86,35.6,21.4,0.0080,,
0.6925,87,36.4,21.4,0.0080,,
0.7010,88,37.4,21.4,0.0075,,
0.7095,89,38.3,21.4,0.0075,,
0.7180,90,39.1,21.4,0.0075,,
0.7265,91,40.0,21.4,0.0075,,
0.7340,92,40.8,21.4,0.0075,,
0.7425,93,41.8,21.4,0.0085,,
0.7505,94,42.8,21.4,0.0075,,
0.7590,95,43.5,21.4,0.0075,,
0.7675,96,44.5,21.4,0.0075,,
0.7760,97,45.6,21.4,0.0075,,
0.7835,98,46.4,21.4,0.0075,,
0.7920,99,47.4,21.4,0.0085,,
0.8005,100,48.1,21.4,0.0085,,
0.8085,101,49.1,21.4,0.0075,,
0.8170,102,50.3,21.4,0.0075,,
0.8255,103,51.1,21.4,0.0075,,
0.8330,104,52.0,21.4,0.0075,,
0.8415,105,52.8,21.4,0.0085,,
0.8500,106,53.9,21.4,0.0075,,
0.8585,107,55.0,21.4,0.0075,,
0.8670,108,55.9,21.4,0.0075,,
0.8750,109,56.8,21.4,0.0075,,
0.8830,110,57.7,21.4,0.0080,,
0.8910,111,58.9,21.4,0.0080,,
0.8995,112,60.0,21.4,0.0075,,
0.9080,113,60.8,21.4,0.0075,,
0.9165,114,62.0,21.4,0.0075,,
0.9250,115,63.2,21.4,0.0075,,
0.9330,116,63.9,21.4,0.0080,,
0.9410,117,65.2,21.4,0.0080,,
0.9490,118,66.2,21.4,0.0080,,
0.9575,119,67.1,21.4,0.0075,,
0.9660,120,68.5,21.4,0.0075,,
0.9745,121,69.7,21.4,0.0075,,
0.9830,122,70.8,21.4,0.0085,,
0.9905,123,71.8,21.4,0.0075,,
0.9990,124,72.9,21.4,0.0085,,
1.0070,125,74.3,21.4,0.0075,,
1.0155,126,75.5,21.4,0.0075,,
1.0240,127,76.7,21.4,0.0075,,
1.0325,128,78.1,21.4,0.0075,,
1.0400,129,79.2,21.4,0.0075,,
1.0485,130,80.8,21.4,0.0085,,
1.0570,131,82.3,21.4,0.0075,,
1.0655,132,83.4,21.4,0.0075,,
1.0735,133,84.9,21.4,0.0075,,
1.0820,134,86.5,21.4,0.0075,,
1.0895,135,87.7,21.4,0.0075,,
1.0980,136,89.4,21.4,0.0085,,
1.1065,137,90.8,21.4,0.0075,,
1.1150,138,92.5,21.4,0.0075,,
1.1235,139,94.3,21.4,0.0075,,
1.1315,140,96.0,21.4,0.0075,,
1.1395,141,97.7,21.4,0.0080,,
1.1475,142,99.5,21.4,0.0080,,
1.1560,143,101.7,21.4,0.0075,,
1.1645,144,103.9,21.4,0.0075,,
1.1730,145,106.0,21.4,0.0075,,
1.1815,146,108.0,21.4,0.0085,,
1.1890,147,110.4,21.4,0.0075,,
1.1975,148,113.2,21.4,0.0085,,
1.2060,149,115.7,21.4,0.0075,,
1.2140,150,118.2,21.4,0.0075,,
1.2225,151,121.3,21.4,0.0075,,
1.2310,152,124.1,21.4,0.0085,,
1.2385,153,127.6,21.4,0.0075,,
1.2470,154,131.1,21.4,0.0085,,
1.2555,155,134.7,21.4,0.0075,,
1.2640,156,138.4,21.4,0.0075,,
1.2720,157,142.4,21.4,0.0075,,
1.2805,158,146.0,21.4,0.0075,,
1.2880,159,149.5,21.4,0.0075,,
1.2965,160,152.9,21.4,0.0085,,
1.3050,161,156.1,21.4,0.0075,,
1.3135,162,159.6,21.4,0.0075,,
1.3220,163,162.5,21.4,0.0075,,
1.3300,164,165.3,21.4,0.0075,,
1.3380,165,167.5,21.4,0.0080,,
1.3460,166,170.0,21.4,0.0080,,
1.3545,167,172.4,21.4,0.0075,,
1.3630,168,174.6,21.4,0.0075,,
1.3715,169,176.3,21.4,0.0075,,
1.3800,170,178.2,21.4,0.0075,,
1.3880,171,179.8,21.4,0.0080,,
1.3960,172,181.6,21.4,0.0080,,
1.4040,173,183.1,21.4,0.0080,,
1.4125,174,184.3,21.4,0.0075,,
1.4195,175,185.3,21.4,0.0080,,
1.4195,415,187.1,21.5,0.0000,,
1.4200,416,187.2,21.5,0.0005,,
1.4215,417,187.3,21.5,0.0015,,
1.4240,418,187.3,21.5,0.0030,,
1.4280,419,187.8,21.5,0.0040,,
1.4340,420,188.6,21.5,0.0060,,
1.4420,421,189.4,21.5,0.0080,,
1.4500,422,190.4,21.5,0.0090,,
1.4580,423,191.3,21.5,0.0090,,
1.4665,424,192.5,21.5,0.0095,,
1.4750,425,193.6,21.5,0.0085,,
1.4835,426,194.5,21.5,0.0085,,
1.4920,427,195.2,21.5,0.0085,,
1.4995,428,196.1,21.5,0.0085,,
1.5080,429,197.1,21.5,0.0095,,
1.5160,430,198.1,21.5,0.0090,,
1.5245,431,198.8,21.5,0.0085,,
1.5330,432,199.4,21.5,0.0085,,
1.5415,433,200.4,21.5,0.0085,,
1.5490,434,201.0,21.5,0.0085,,
1.5575,435,201.9,21.5,0.0095,,
1.5660,436,202.4,21.5,0.0095,,
1.5745,437,203.2,21.5,0.0085,,
1.5825,438,204.0,21.5,0.0080,,
1.5910,439,204.6,21.5,0.0085,,
1.5985,440,205.3,21.5,0.0085,,
1.6070,441,205.7,21.5,0.0095,,
1.6155,442,206.3,21.5,0.0095,,
1.6240,443,207.1,21.5,0.0085,,
1.6325,444,207.7,21.5,0.0085,,
1.6405,445,208.2,21.5,0.0080,,
1.6485,446,208.7,21.5,0.0090,,
1.6570,447,209.3,21.5,0.0095,,
1.6650,448,210.0,21.5,0.0090,,
1.6735,449,210.3,21.5,0.0085,,
1.6820,450,210.8,21.5,0.0085,,
1.6905,451,211.4,21.5,0.0085,,
1.6980,452,211.8,21.5,0.0085,,
1.7065,453,212.5,21.5,0.0095,,
1.7150,454,212.7,21.5,0.0095,,
1.7230,455,213.1,21.5,0.0080,,
1.7315,456,213.8,21.5,0.0085,,
1.7400,457,214.2,21.5,0.0085,,
1.7475,458,214.6,21.5,0.0085,,
1.7560,459,215.0,21.5,0.0095,,
1.7645,460,215.3,21.5,0.0085,,
1.7730,461,215.9,21.5,0.0085,,
1.7815,462,216.2,21.5,0.0085,,
1.7895,463,216.4,21.5,0.0080,,
1.7975,464,216.9,21.5,0.0090,,
1.8055,465,217.3,21.5,0.0090,,
1.8140,466,217.8,21.5,0.0095,,
1.8225,467,218.1,21.5,0.0085,,
1.8310,468,218.4,21.5,0.0085,,
1.8395,469,218.9,21.5,0.0085,,
1.8470,470,219.1,21.5,0.0085,,
1.8555,471,219.7,21.5,0.0095,,
1.8635,472,220.0,21.5,0.0090,,
1.8720,473,220.3,21.5,0.0085,,
1.8805,474,220.8,21.5,0.0085,,
1.8890,475,221.2,21.5,0.0085,,
1.8965,476,221.5,21.5,0.0085,,
1.9050,477,221.8,21.5,0.0095,,
1.9135,478,222.0,21.5,0.0095,,
1.9215,479,222.5,21.5,0.0080,,
1.9300,480,222.9,21.5,0.0085,,
1.9385,481,223.0,21.5,0.0085,,
1.9460,482,223.3,21.5,0.0085,,
1.9545,483,223.5,21.5,0.0095,,
1.9630,484,223.8,21.5,0.0095,,
1.9715,485,224.3,21.5,0.0085,,
1.9795,486,224.5,21.5,0.0080,,
1.9880,487,224.8,21.5,0.0085,,
1.9965,488,225.1,21.5,0.0095,,
2.0040,489,225.5,21.5,0.0085,,
2.0125,490,225.8,21.5,0.0095,,
2.0210,491,225.9,21.5,0.0085,,
2.0295,492,226.2,21.5,0.0085,,
2.0380,493,226.7,21.5,0.0085,,
2.0460,494,226.7,21.5,0.0090,,
2.0535,495,227.1,21.5,0.0085,,
2.0620,496,227.2,21.5,0.0095,,
2.0705,497,227.6,21.5,0.0085,,
2.0790,498,227.9,21.5,0.0085,,
2.0875,499,228.0,21.5,0.0085,,
2.0960,500,228.4,21.5,0.0095,,
2.1035,501,228.4,21.5,0.0085,,
2.1120,502,228.8,21.5,0.0095,,
2.1200,503,229.2,21.5,0.0080,,
2.1285,504,229.2,21.5,0.0085,,
2.1370,505,229.4,21.5,0.0085,,
2.1455,506,229.6,21.5,0.0095,,
2.1530,507,230.0,21.5,0.0085,,
2.1615,508,230.4,21.5,0.0095,,
2.1700,509,230.4,21.5,0.0085,,
2.1785,510,230.6,21.5,0.0085,,
2.1865,511,231.1,21.5,0.0080,,
2.1950,512,231.2,21.5,0.0085,,
2.2025,513,231.5,21.5,0.0085,,
2.2110,514,231.6,21.5,0.0095,,
2.2195,515,231.8,21.5,0.0085,,
2.2280,516,232.2,21.5,0.0085,,
2.2365,517,232.3,21.5,0.0085,,
2.2445,518,232.4,21.5,0.0080,,
2.2525,519,232.6,21.5,0.0090,,
2.2605,520,232.9,21.5,0.0090,,
2.2690,521,233.2,21.5,0.0085,,
2.2775,522,233.4,21.5,0.0085,,
2.2860,523,233.5,21.5,0.0085,,
2.2945,524,233.7,21.5,0.0095,,
2.3015,525,233.8,21.5,0.0080,,
2.3090,526,234.1,21.5,0.0085,,
2.3150,527,234.2,21.5,0.0065,,
2.3190,528,234.1,21.5,0.0040,,
2.3215,529,234.3,21.5,0.0025,,
2.3220,530,234.5,21.5,0.0005,,
2.3230,531,234.5,21.5,0.0010,,
2.3240,532,234.5,21.5,0.0010,,
2.3255,533,234.4,21.5,0.0015,,
2.3270,534,234.5,21.5,0.0015,,
2.3285,535,234.7,21.5,0.0015,,
2.3290,536,234.5,21.5,0.0005,,
2.3300,537,234.6,21.5,0.0010,,
2.3310,538,234.6,21.5,0.0010,,
2.3325,539,234.8,21.5,0.0015,,
2.3335,540,234.9,21.5,0.0010,,
2.3340,541,234.7,21.5,0.0005,,
2.3350,542,234.7,21.5,0.0010,,
2.3355,543,234.8,21.5,0.0005,,
2.3360,544,234.9,21.5,0.0005,,
2.3370,545,234.9,21.5,0.0010,,
2.3375,546,234.8,21.5,0.0005,,
2.3380,546,235.0,21.5,0.0015,,
Scope 1/1, Sample 20/32 (T12)
Result,TitrationEP1
V,t,E,T,dV/dt,E acc. stat.,Volume acc. stat.
0.0000,0,-72.0,21.4,NaN,,
0.0005,1,-72.1,21.4,0.0005,,
0.0025,2,-72.3,21.4,0.0020,,
0.0050,3,-72.1,21.4,0.0025,,
0.0090,4,-72.0,21.4,0.0035,,
0.0150,5,-71.9,21.4,0.0055,,
0.0235,6,-71.2,21.4,0.0075,,
0.0310,7,-70.3,21.4,0.0075,,
0.0395,8,-69.1,21.4,0.0085,,
0.0480,9,-67.9,21.4,0.0075,,
0.0565,10,-66.6,21.4,0.0075,,
0.0650,11,-65.2,21.4,0.0075,,
0.0730,12,-63.6,21.4,0.0075,,
0.0810,13,-62.2,21.4,0.0080,,
0.0890,14,-60.5,21.4,0.0080,,
0.0975,15,-58.9,21.4,0.0075,,
0.1060,16,-56.8,21.4,0.0075,,
0.1145,17,-54.8,21.4,0.0075,,
0.1230,18,-52.9,21.4,0.0075,,
0.1305,19,-50.9,21.4,0.0075,,
0.1390,20,-48.8,21.4,0.0085,,
0.1470,21,-46.2,21.4,0.0080,,
0.1555,22,-43.5,21.4,0.0075,,
0.1640,23,-41.1,21.4,0.0075,,
0.1725,24,-38.6,21.4,0.0075,,
0.1800,25,-36.1,21.4,0.0075,,
0.1885,26,-33.3,21.4,0.0085,,
0.1970,27,-30.2,21.4,0.0085,,
0.2050,28,-27.5,21.4,0.0075,,
0.2135,29,-25.0,21.4,0.0075,,
0.2220,30,-22.3,21.4,0.0075,,
0.2295,31,-20.5,21.4,0.0075,,
0.2380,32,-18.3,21.4,0.0085,,
0.2465,33,-16.5,21.4,0.0085,,
0.2550,34,-14.9,21.4,0.0075,,
0.2635,35,-13.1,21.4,0.0075,,
0.2715,36,-11.5,21.4,0.0075,,
0.2800,37,-10.2,21.4,0.0085,,
0.2875,38,-9.0,21.4,0.0075,,
0.2960,39,-7.8,21.4,0.0085,,
0.3045,40,-6.3,21.4,0.0075,,
0.3130,41,-4.9,21.4,0.0075,,
0.3215,42,-3.9,21.4,0.0075,,
0.3295,43,-2.7,21.4,0.0075,,
0.3375,44,-1.8,21.4,0.0080,,
0.3455,45,-0.7,21.4,0.0075,,
0.3540,46,0.4,21.4,0.0075,,
0.3625,47,1.1,21.4,0.0075,,
0.3710,48,2.2,21.4,0.0075,,
0.3795,49,2.9,21.4,0.0085,,
0.3870,50,4.1,21.4,0.0075,,
0.3955,51,5.1,21.4,0.0085,,
0.4035,52,5.8,21.4,0.0075,,
0.4120,53,6.7,21.4,0.0075,,
0.4205,54,7.7,21.4,0.0075,,
0.4290,55,8.5,21.4,0.0085,,
0.4365,56,9.2,21.4,0.0075,,
0.4450,57,9.9,21.4,0.0085,,
0.4535,58,10.9,21.4,0.0075,,
0.4620,59,11.8,21.4,0.0075,,
0.4700,60,12.4,21.4,0.0075,,
0.4785,61,13.3,21.4,0.0085,,
0.4860,62,14.0,21.4,0.0075,,
0.4945,63,14.9,21.4,0.0085,,
0.5030,64,15.8,21.4,0.0075,,
0.5115,65,16.4,21.4,0.0075,,
0.5200,66,17.2,21.4,0.0075,,
0.5280,67,18.2,21.4,0.0075,,
0.5360,68,18.9,21.4,0.0080,,
0.5440,69,19.8,21.4,0.0080,,
0.5525,70,20.6,21.4,0.0085,,
0.5610,71,21.3,21.4,0.0075,,
0.5695,72,22.2,21.4,0.0075,,
0.5780,73,23.0,21.4,0.0075,,
0.5855,74,23.9,21.4,0.0075,,
0.5940,75,24.5,21.4,0.0085,,
0.6020,76,25.3,21.4,0.0080,,
0.6105,77,26.2,21.4,0.0075,,
0.6190,78,27.1,21.4,0.0075,,
0.6275,79,27.8,21.4,0.0075,,
0.6360,80,28.6,21.4,0.0085,,
0.6435,81,29.2,21.4,0.0075,,
0.6520,82,30.2,21.4,0.0085,,
0.6600,83,31.1,21.4,0.0075,,
0.6685,84,31.9,21.4,0.0075,,
0.6770,85,32.7,21.4,0.0075,,
0.6855,86,33.3,21.4,0.0085,,
0.6930,87,34.3,21.4,0.0075,,
0.7015,88,35.3,21.4,0.0085,,
0.7100,89,35.8,21.4,0.0075,,
0.7185,90,36.8,21.4,0.0075,,
0.7265,91,37.9,21.4,0.0075,,
0.7350,92,38.6,21.4,0.0085,,
0.7425,93,39.4,21.4,0.0075,,
0.7510,94,40.2,21.4,0.0085,,
0.7595,95,41.2,21.4,0.0075,,
0.7680,96,42.2,21.4,0.0075,,
0.7765,97,42.9,21.4,0.0075,,
0.7845,98,43.8,21.4,0.0080,,
0.7925,99,44.5,21.4,0.0080,,
0.8005,100,45.6,21.4,0.0080,,
0.8090,101,46.6,21.4,0.0075,,
0.8175,102,47.4,21.4,0.0075,,
0.8260,103,48.3,21.4,0.0075,,
0.8345,104,49.2,21.4,0.0085,,
0.8420,105,50.3,21.4,0.0075,,
0.8505,106,51.4,21.4,0.0085,,
0.8590,107,52.2,21.4,0.0075,,
0.8670,108,53.1,21.4,0.0075,,
0.8755,109,54.2,21.4,0.0075,,
0.8840,110,55.2,21.4,0.0085,,
0.8915,111,56.3,21.4,0.0075,,
0.9000,112,57.2,21.4,0.0085,,
0.9085,113,58.2,21.4,0.0075,,
0.9170,114,59.3,21.4,0.0075,,
0.9255,115,60.2,21.4,0.0075,,
0.9330,116,61.3,21.4,0.0075,,
0.9415,117,62.2,21.4,0.0085,,
0.9495,118,63.5,21.4,0.0080,,
0.9580,119,64.6,21.4,0.0075,,
0.9665,120,65.6,21.4,0.0075,,
0.9750,121,66.7,21.4,0.0075,,
0.9825,122,67.7,21.4,0.0075,,
0.9910,123,69.0,21.4,0.0085,,
0.9995,124,70.2,21.4,0.0085,,
1.0080,125,71.3,21.4,0.0075,,
1.0160,126,72.6,21.4,0.0075,,
1.0245,127,73.9,21.4,0.0075,,
1.0320,128,75.0,21.4,0.0075,,
1.0405,129,76.2,21.4,0.0085,,
1.0490,130,77.4,21.4,0.0085,,
1.0575,131,78.9,21.4,0.0075,,
1.0660,132,80.5,21.4,0.0075,,
1.0740,133,81.6,21.4,0.0075,,
1.0820,134,83.0,21.4,0.0080,,
1.0900,135,84.4,21.4,0.0080,,
1.0985,136,85.9,21.4,0.0085,,
1.1070,137,87.6,21.4,0.0075,,
1.1155,138,89.0,21.4,0.0075,,
1.1240,139,90.6,21.4,0.0075,,
1.1315,140,92.0,21.4,0.0075,,
1.1400,141,93.9,21.4,0.0085,,
1.1485,142,95.6,21.4,0.0085,,
1.1565,143,97.3,21.4,0.0075,,
1.1650,144,99.1,21.4,0.0075,,
1.1735,145,101.3,21.4,0.0075,,
1.1810,146,103.1,21.4,0.0075,,
1.1895,147,105.3,21.5,0.0085,,
1.1980,148,107.6,21.4,0.0085,,
1.2065,149,110.1,21.4,0.0075,,
1.2145,150,112.8,21.4,0.0075,,
1.2230,151,115.6,21.4,0.0075,,
1.2305,152,118.2,21.4,0.0075,,
1.2390,153,121.0,21.5,0.0085,,
1.2475,154,124.3,21.5,0.0085,,
1.2560,155,128.0,21.5,0.0075,,
1.2645,156,131.6,21.5,0.0075,,
1.2725,157,135.3,21.5,0.0075,,
1.2805,158,138.8,21.5,0.0080,,
1.2885,159,142.6,21.5,0.0080,,
1.2970,160,146.7,21.5,0.0085,,
1.3055,161,150.4,21.5,0.0075,,
1.3140,162,153.7,21.5,0.0075,,
1.3225,163,157.3,21.5,0.0075,,
1.3300,164,160.0,21.5,0.0075,,
1.3385,165,163.1,21.5,0.0085,,
1.3465,166,165.8,21.5,0.0075,,
1.3550,167,168.4,21.5,0.0075,,
1.3635,168,170.9,21.5,0.0075,,
1.3720,169,173.0,21.5,0.0075,,
1.3795,170,174.7,21.5,0.0075,,
1.3880,171,176.6,21.5,0.0085,,
1.3965,172,178.4,21.5,0.0085,,
1.4050,173,180.3,21.5,0.0075,,
1.4135,174,181.7,21.5,0.0075,,
1.4215,175,183.2,21.5,0.0075,,
1.4290,176,184.5,21.5,0.0075,,
1.4330,176,185.0,21.5,0.0080,,
1.4330,417,186.9,21.5,0.0000,,
1.4335,418,187.0,21.5,0.0010,,
1.4350,419,186.8,21.5,0.0025,,
1.4375,420,187.1,21.5,0.0040,,
1.4415,421,187.6,21.5,0.0055,,
1.4480,422,188.2,21.5,0.0095,,
1.4565,423,189.1,21.5,0.0120,,
1.4640,424,190.1,21.5,0.0105,,
1.4725,425,191.3,21.5,0.0140,,
1.4805,426,192.6,21.5,0.0115,,
1.4890,427,193.5,21.5,0.0120,,
1.4975,428,194.3,21.5,0.0120,,
1.5060,429,195.3,21.5,0.0120,,
1.5135,430,196.0,21.5,0.0125,,
1.5220,431,197.0,21.5,0.0140,,
1.5305,432,197.8,21.5,0.0140,,
1.5385,433,198.5,21.5,0.0115,,
1.5470,434,199.5,21.5,0.0120,,
1.5555,435,200.4,21.5,0.0120,,
1.5630,436,201.1,21.5,0.0125,,
1.5715,437,201.8,21.5,0.0140,,
1.5800,438,202.4,21.5,0.0140,,
1.5885,439,203.2,21.5,0.0120,,
1.5965,440,203.9,21.5,0.0115,,
1.6050,441,204.5,21.5,0.0120,,
1.6125,442,205.1,21.5,0.0125,,
1.6210,443,205.6,21.5,0.0140,,
1.6295,444,206.4,21.5,0.0140,,
1.6380,445,206.9,21.5,0.0120,,
1.6465,446,207.5,21.5,0.0120,,
1.6550,447,208.0,21.5,0.0120,,
1.6625,448,208.5,21.5,0.0125,,
1.6710,449,209.2,21.5,0.0140,,
1.6790,450,209.7,21.5,0.0135,,
1.6875,451,210.0,21.5,0.0120,,
1.6960,452,210.6,21.5,0.0120,,
1.7045,453,211.1,21.5,0.0120,,
1.7120,454,211.6,21.5,0.0125,,
1.7205,455,212.0,21.5,0.0140,,
1.7290,456,212.4,21.5,0.0140,,
1.7370,457,213.0,21.5,0.0115,,
1.7455,458,213.5,21.5,0.0120,,
1.7540,459,213.8,21.5,0.0120,,
1.7615,460,214.3,21.5,0.0125,,
1.7700,461,214.6,21.5,0.0140,,
1.7785,462,215.1,21.5,0.0140,,
1.7870,463,215.6,21.5,0.0120,,
1.7950,464,215.9,21.5,0.0115,,
1.8035,465,216.3,21.5,0.0120,,
1.8110,466,216.6,21.5,0.0125,,
1.8195,467,217.2,21.5,0.0140,,
1.8280,468,217.6,21.5,0.0140,,
1.8365,469,217.9,21.5,0.0120,,
1.8450,470,218.2,21.5,0.0120,,
1.8535,471,218.7,21.5,0.0120,,
1.8615,472,219.0,21.5,0.0135,,
1.8690,473,219.5,21.5,0.0125,,
1.8775,474,219.7,21.5,0.0140,,
1.8860,475,220.0,21.5,0.0120,,
1.8945,476,220.5,21.5,0.0120,,
1.9030,477,220.9,21.5,0.0120,,
1.9115,478,221.2,21.5,0.0140,,
1.9190,479,221.4,21.5,0.0125,,
1.9275,480,221.7,21.5,0.0140,,
1.9355,481,222.2,21.5,0.0135,,
1.9440,482,222.5,21.5,0.0120,,
1.9525,483,222.7,21.5,0.0120,,
1.9610,484,223.0,21.5,0.0120,,
1.9685,485,223.3,21.5,0.0125,,
1.9770,486,223.7,21.5,0.0140,,
1.9855,487,224.1,21.5,0.0140,,
1.9935,488,224.2,21.5,0.0115,,
2.0020,489,224.5,21.5,0.0120,,
2.0105,490,224.9,21.5,0.0120,,
2.0180,491,225.2,21.5,0.0125,,
2.0265,492,225.6,21.5,0.0140,,
2.0350,493,225.7,21.5,0.0140,,
2.0435,494,226.0,21.5,0.0120,,
2.0515,495,226.4,21.5,0.0115,,
2.0600,496,226.5,21.6,0.0120,,
2.0675,497,226.9,21.5,0.0125,,
2.0760,498,226.8,21.5,0.0140,,
2.0845,499,227.2,21.5,0.0140,,
2.0930,500,227.6,21.5,0.0120,,
2.1015,501,227.7,21.5,0.0120,,
2.1095,502,227.9,21.5,0.0115,,
2.1180,503,228.1,21.5,0.0140,,
2.1255,504,228.5,21.6,0.0125,,
2.1340,505,228.9,21.6,0.0140,,
2.1425,506,229.0,21.5,0.0120,,
2.1510,507,229.2,21.6,0.0120,,
2.1595,508,229.6,21.6,0.0120,,
2.1680,509,229.7,21.6,0.0140,,
2.1755,510,230.0,21.6,0.0125,,
2.1840,511,230.1,21.6,0.0140,,
2.1920,512,230.5,21.6,0.0115,,
2.2005,513,230.9,21.6,0.0120,,
2.2090,514,231.0,21.6,0.0120,,
2.2165,515,231.2,21.6,0.0125,,
2.2250,516,231.4,21.6,0.0140,,
2.2335,517,231.6,21.6,0.0140,,
2.2420,518,232.0,21.6,0.0120,,
2.2500,519,232.1,21.6,0.0115,,
2.2585,520,232.2,21.6,0.0120,,
2.2670,521,232.4,21.6,0.0140,,
2.2745,522,232.7,21.6,0.0125,,
2.2830,523,233.1,21.6,0.0140,,
2.2915,524,233.2,21.6,0.0120,,
2.3000,525,233.3,21.6,0.0120,,
2.3085,526,233.6,21.6,0.0120,,
2.3160,527,233.7,21.6,0.0125,,
2.3240,528,234.1,21.6,0.0135,,
2.3315,529,234.2,21.6,0.0125,,
2.3355,530,234.2,21.6,0.0055,,
2.3360,531,234.4,21.6,0.0005,,
2.3370,532,234.3,21.6,0.0015,,
2.3385,533,234.5,21.6,0.0025,,
2.3400,534,234.3,21.6,0.0025,,
2.3415,535,234.3,21.6,0.0025,,
2.3430,536,234.5,21.6,0.0020,,
2.3450,537,234.5,21.6,0.0030,,
2.3470,538,234.4,21.6,0.0030,,
2.3495,539,234.5,21.6,0.0040,,
2.3520,540,234.5,21.6,0.0040,,
2.3560,541,234.8,21.6,0.0065,,
2.3590,542,235.0,21.6,0.0060,,
Scope 1/1, Sample 21/32 (T13)
Result,TitrationEP1
V,t,E,T,dV/dt,E acc. stat.,Volume acc. stat.
0.0000,0,-71.4,21.5,NaN,,
0.0005,1,-71.4,21.5,0.0005,,
0.0025,2,-71.5,21.5,0.0020,,
0.0050,3,-71.4,21.5,0.0025,,
0.0090,4,-71.2,21.5,0.0035,,
0.0150,5,-70.9,21.5,0.0055,,
0.0235,6,-70.3,21.5,0.0085,,
0.0310,7,-69.4,21.5,0.0075,,
0.0395,8,-68.0,21.5,0.0085,,
0.0480,9,-66.7,21.5,0.0075,,
0.0565,10,-65.4,21.5,0.0075,,
0.0650,11,-63.8,21.5,0.0075,,
0.0730,12,-62.1,21.5,0.0075,,
0.0810,13,-60.6,21.5,0.0080,,
0.0890,14,-58.9,21.5,0.0080,,
0.0975,15,-57.1,21.5,0.0075,,
0.1060,16,-55.1,21.5,0.0075,,
0.1145,17,-52.8,21.5,0.0075,,
0.1230,18,-50.6,21.5,0.0075,,
0.1305,19,-48.4,21.5,0.0075,,
0.1390,20,-46.1,21.5,0.0085,,
0.1470,21,-43.6,21.5,0.0075,,
0.1555,22,-40.8,21.5,0.0075,,
0.1640,23,-38.0,21.5,0.0075,,
0.1725,24,-35.1,21.5,0.0075,,
0.1800,25,-32.4,21.5,0.0075,,
0.1885,26,-29.5,21.5,0.0085,,
0.1970,27,-26.5,21.5,0.0085,,
0.2050,28,-23.8,21.5,0.0075,,
0.2135,29,-21.5,21.5,0.0075,,
0.2220,30,-19.1,21.5,0.0075,,
0.2305,31,-17.3,21.5,0.0085,,
0.2380,32,-15.2,21.5,0.0075,,
0.2465,33,-13.5,21.5,0.0085,,
0.2550,34,-11.9,21.5,0.0075,,
0.2630,35,-10.2,21.5,0.0075,,
0.2715,36,-8.7,21.5,0.0075,,
0.2800,37,-7.4,21.5,0.0075,,
0.2875,38,-6.2,21.5,0.0075,,
0.2960,39,-4.9,21.5,0.0085,,
0.3045,40,-3.5,21.5,0.0075,,
0.3130,41,-2.3,21.5,0.0075,,
0.3215,42,-1.5,21.5,0.0075,,
0.3295,43,-0.3,21.5,0.0075,,
0.3375,44,0.5,21.5,0.0080,,
0.3455,45,1.6,21.5,0.0080,,
0.3540,46,2.7,21.5,0.0085,,
0.3625,47,3.7,21.5,0.0075,,
0.3710,48,4.8,21.5,0.0075,,
0.3795,49,5.8,21.5,0.0075,,
0.3870,50,6.7,21.5,0.0075,,
0.3955,51,7.5,21.5,0.0085,,
0.4040,52,8.3,21.5,0.0075,,
0.4120,53,9.3,21.5,0.0075,,
0.4205,54,10.3,21.5,0.0075,,
0.4290,55,11.0,21.5,0.0085,,
0.4365,56,11.7,21.5,0.0075,,
0.4450,57,12.5,21.5,0.0085,,
0.4535,58,13.5,21.5,0.0075,,
0.4620,59,14.3,21.5,0.0075,,
0.4705,60,15.2,21.5,0.0075,,
0.4785,61,16.0,21.5,0.0080,,
0.4860,62,16.7,21.5,0.0075,,
0.4945,63,17.7,21.5,0.0085,,
0.5030,64,18.6,21.5,0.0075,,
0.5115,65,19.2,21.5,0.0075,,
0.5200,66,20.1,21.5,0.0075,,
0.5275,67,20.9,21.5,0.0075,,
0.5360,68,21.9,21.5,0.0085,,
0.5445,69,22.7,21.5,0.0085,,
0.5525,70,23.3,21.5,0.0075,,
0.5610,71,24.3,21.5,0.0075,,
0.5695,72,25.1,21.5,0.0075,,
0.5780,73,25.7,21.5,0.0085,,
0.5855,74,26.5,21.5,0.0075,,
0.5940,75,27.2,21.5,0.0085,,
0.6025,76,28.2,21.5,0.0075,,
0.6105,77,29.1,21.5,0.0075,,
0.6190,78,29.8,21.5,0.0075,,
0.6275,79,30.7,21.5,0.0075,,
0.6350,80,31.5,21.5,0.0075,,
0.6435,81,32.4,21.5,0.0085,,
0.6520,82,33.4,21.5,0.0075,,
0.6605,83,34.1,21.5,0.0075,,
0.6690,84,34.9,21.5,0.0075,,
0.6770,85,35.7,21.5,0.0080,,
0.6845,86,36.7,21.5,0.0075,,
0.6930,87,37.7,21.5,0.0085,,
0.7015,88,38.5,21.5,0.0085,,
0.7100,89,39.3,21.5,0.0075,,
0.7185,90,40.3,21.5,0.0075,,
0.7270,91,41.2,21.5,0.0075,,
0.7345,92,42.1,21.5,0.0075,,
0.7430,93,42.8,21.5,0.0085,,
0.7510,94,43.7,21.5,0.0075,,
0.7595,95,44.7,21.5,0.0075,,
0.7680,96,45.6,21.5,0.0075,,
0.7765,97,46.4,21.5,0.0075,,
0.7840,98,47.3,21.5,0.0075,,
0.7925,99,48.4,21.5,0.0085,,
0.8010,100,49.5,21.5,0.0085,,
0.8090,101,50.4,21.5,0.0075,,
0.8175,102,51.3,21.5,0.0075,,
0.8260,103,52.5,21.5,0.0075,,
0.8335,104,53.4,21.5,0.0075,,
0.8420,105,54.5,21.5,0.0085,,
0.8505,106,55.4,21.5,0.0085,,
0.8590,107,56.3,21.5,0.0075,,
0.8670,108,57.5,21.5,0.0075,,
0.8755,109,58.5,21.5,0.0075,,
0.8830,110,59.4,21.5,0.0075,,
0.8915,111,60.4,21.5,0.0085,,
0.9000,112,61.3,21.5,0.0085,,
0.9085,113,62.5,21.5,0.0075,,
0.9170,114,63.7,21.5,0.0075,,
0.9255,115,64.6,21.5,0.0075,,
0.9330,116,65.6,21.5,0.0075,,
0.9415,117,66.7,21.5,0.0085,,
0.9500,118,68.1,21.5,0.0075,,
0.9580,119,69.0,21.5,0.0075,,
0.9665,120,70.1,21.5,0.0075,,
0.9750,121,71.2,21.5,0.0085,,
0.9825,122,72.4,21.5,0.0075,,
0.9910,123,73.8,21.5,0.0085,,
0.9995,124,74.9,21.5,0.0075,,
1.0080,125,76.1,21.5,0.0075,,
1.0160,126,77.5,21.5,0.0075,,
1.0245,127,78.7,21.5,0.0085,,
1.0325,128,80.1,21.5,0.0080,,
1.0405,129,81.3,21.5,0.0080,,
1.0490,130,82.8,21.5,0.0075,,
1.0575,131,84.4,21.5,0.0075,,
1.0660,132,85.9,21.5,0.0075,,
1.0745,133,87.2,21.5,0.0085,,
1.0820,134,88.5,21.5,0.0075,,
1.0905,135,90.1,21.5,0.0085,,
1.0985,136,91.9,21.5,0.0075,,
1.1070,137,93.4,21.5,0.0075,,
1.1155,138,95.2,21.5,0.0075,,
1.1240,139,97.1,21.5,0.0075,,
1.1315,140,98.7,21.5,0.0075,,
1.1400,141,100.9,21.5,0.0085,,
1.1485,142,102.6,21.5,0.0075,,
1.1565,143,104.7,21.5,0.0075,,
1.1650,144,106.8,21.5,0.0075,,
1.1735,145,109.3,21.5,0.0075,,
1.1810,146,111.4,21.5,0.0075,,
1.1895,147,113.8,21.5,0.0085,,
1.1980,148,116.5,21.5,0.0085,,
1.2065,149,119.6,21.5,0.0075,,
1.2145,150,122.9,21.5,0.0075,,
1.2230,151,125.9,21.5,0.0075,,
1.2305,152,128.9,21.5,0.0075,,
1.2390,153,132.4,21.5,0.0085,,
1.2475,154,136.1,21.5,0.0085,,
1.2560,155,139.7,21.5,0.0075,,
1.2645,156,143.4,21.5,0.0075,,
1.2730,157,147.1,21.5,0.0075,,
1.2805,158,150.4,21.5,0.0075,,
1.2885,159,154.1,21.5,0.0080,,
1.2970,160,157.6,21.5,0.0085,,
1.3055,161,160.7,21.5,0.0075,,
1.3140,162,163.6,21.5,0.0075,,
1.3225,163,166.4,21.5,0.0075,,
1.3300,164,168.6,21.5,0.0075,,
1.3385,165,170.9,21.5,0.0085,,
1.3470,166,173.0,21.5,0.0085,,
1.3550,167,175.2,21.5,0.0075,,
1.3635,168,177.2,21.5,0.0075,,
1.3720,169,178.7,21.5,0.0075,,
1.3795,170,180.4,21.5,0.0075,,
1.3880,171,181.8,21.5,0.0085,,
1.3965,172,183.3,21.5,0.0085,,
1.4050,173,184.8,21.5,0.0075,,
1.4085,174,185.0,21.5,0.0070,,
1.4085,414,186.8,21.6,0.0000,,
1.4090,415,187.0,21.6,0.0010,,
1.4110,416,187.0,21.6,0.0040,,
1.4130,416,187.2,21.6,0.0040,,
1.4170,418,187.5,21.6,0.0025,,
1.4230,419,188.4,21.6,0.0100,,
1.4310,420,189.5,21.6,0.0135,,
1.4395,421,190.4,21.6,0.0140,,
1.4480,422,191.5,21.6,0.0140,,
1.4555,422,192.4,21.6,0.0150,,
1.4640,424,193.6,21.6,0.0055,,
1.4725,425,194.7,21.6,0.0140,,
1.4810,426,195.4,21.6,0.0140,,
1.4895,427,196.3,21.6,0.0140,,
1.4975,428,197.4,21.6,0.0135,,
1.5050,428,197.9,21.6,0.0150,,
1.5135,430,198.9,21.6,0.0055,,
1.5220,430,199.5,21.6,0.0170,,
1.5305,432,200.2,21.6,0.0055,,
1.5390,433,201.3,21.6,0.0140,,
1.5475,434,201.9,21.6,0.0140,,
1.5550,434,202.6,21.6,0.0150,,
1.5635,436,203.1,21.6,0.0055,,
1.5715,436,203.7,21.6,0.0160,,
1.5800,438,204.5,21.6,0.0055,,
1.5885,439,205.2,21.6,0.0140,,
1.5970,440,205.6,21.6,0.0140,,
1.6045,440,206.3,21.6,0.0150,,
1.6130,442,206.8,21.6,0.0055,,
1.6215,442,207.6,21.6,0.0170,,
1.6295,444,208.1,21.6,0.0050,,
1.6380,445,208.5,21.6,0.0140,,
1.6465,446,209.2,21.6,0.0140,,
1.6540,446,209.6,21.6,0.0150,,
1.6625,448,210.3,21.6,0.0055,,
1.6710,448,210.8,21.6,0.0170,,
1.6795,450,211.3,21.6,0.0055,,
1.6880,451,212.0,21.6,0.0140,,
1.6960,452,212.4,21.6,0.0135,,
1.7040,452,212.9,21.6,0.0160,,
1.7120,454,213.2,21.6,0.0055,,
1.7205,455,213.7,21.6,0.0140,,
1.7290,456,214.1,21.6,0.0140,,
1.7375,457,214.6,21.6,0.0140,,
1.7460,458,214.9,21.6,0.0140,,
1.7535,458,215.4,21.6,0.0150,,
1.7620,460,215.8,21.6,0.0055,,
1.7700,461,216.4,21.6,0.0135,,
1.7785,462,216.7,21.6,0.0140,,
1.7870,463,216.9,21.6,0.0140,,
1.7955,464,217.5,21.6,0.0140,,
1.8030,464,217.8,21.6,0.0150,,
1.8115,466,218.4,21.6,0.0055,,
1.8200,466,218.7,21.6,0.0170,,
1.8285,468,218.8,21.6,0.0055,,
1.8365,469,219.3,21.6,0.0135,,
1.8450,470,219.7,21.6,0.0140,,
1.8525,470,220.2,21.6,0.0150,,
1.8610,472,220.4,21.6,0.0055,,
1.8695,472,220.5,21.6,0.0170,,
1.8780,474,221.0,21.6,0.0055,,
1.8865,475,221.3,21.6,0.0140,,
1.8950,476,221.5,21.6,0.0140,,
1.9025,476,221.8,21.6,0.0150,,
1.9110,478,222.1,21.6,0.0055,,
1.9190,478,222.7,21.6,0.0160,,
1.9275,480,223.0,21.6,0.0055,,
1.9360,481,223.2,21.6,0.0140,,
1.9445,482,223.5,21.6,0.0140,,
1.9520,482,223.8,21.6,0.0150,,
1.9605,484,224.3,21.6,0.0055,,
1.9685,484,224.6,21.6,0.0160,,
1.9770,486,224.7,21.6,0.0055,,
1.9855,487,225.1,21.6,0.0140,,
1.9940,488,225.5,21.6,0.0140,,
2.0025,488,225.6,21.6,0.0170,,
2.0100,490,226.0,21.6,0.0050,,
2.0185,490,226.1,21.6,0.0170,,
2.0265,492,226.3,21.6,0.0050,,
2.0350,493,226.8,21.6,0.0140,,
2.0435,494,227.1,21.6,0.0140,,
2.0520,494,227.3,21.6,0.0170,,
2.0595,496,227.4,21.6,0.0050,,
2.0680,496,227.7,21.6,0.0170,,
2.0765,498,228.2,21.6,0.0055,,
2.0850,499,228.4,21.6,0.0140,,
2.0930,500,228.5,21.6,0.0135,,
2.1015,501,228.9,21.6,0.0140,,
2.1090,502,229.0,21.6,0.0150,,
2.1175,502,229.4,21.6,0.0170,,
2.1260,504,229.6,21.6,0.0055,,
2.1345,505,229.7,21.6,0.0140,,
2.1430,506,230.1,21.6,0.0140,,
2.1510,507,230.4,21.6,0.0135,,
2.1590,508,230.5,21.6,0.0160,,
2.1670,508,230.7,21.6,0.0160,,
2.1755,510,230.9,21.6,0.0055,,
2.1840,511,231.3,21.6,0.0140,,
2.1925,512,231.4,21.6,0.0140,,
2.2010,512,231.7,21.6,0.0170,,
2.2085,514,231.8,21.6,0.0050,,
2.2170,514,232.0,21.6,0.0170,,
2.2255,516,232.4,21.6,0.0055,,
2.2335,517,232.5,21.6,0.0135,,
2.2420,518,232.6,21.6,0.0140,,
2.2505,519,232.9,21.6,0.0140,,
2.2580,520,233.0,21.6,0.0150,,
2.2665,520,233.4,21.6,0.0170,,
2.2750,522,233.5,21.6,0.0055,,
2.2835,523,233.6,21.6,0.0140,,
2.2915,524,233.8,21.6,0.0135,,
2.3000,525,234.1,21.6,0.0140,,
2.3055,526,234.3,21.6,0.0110,,
2.3110,526,234.3,21.6,0.0110,,
2.3165,528,234.3,21.6,0.0035,,
2.3195,529,234.5,21.6,0.0050,,
2.3200,530,234.6,21.6,0.0010,,
2.3210,530,234.7,21.6,0.0020,,
2.3225,532,234.6,21.6,0.0010,,
2.3230,532,234.6,21.6,0.0010,,
2.3240,534,234.8,21.6,0.0005,,
2.3250,535,234.8,21.6,0.0015,,
2.3265,536,234.7,21.6,0.0025,,
2.3280,536,234.7,21.6,0.0030,,
2.3295,537,235.0,21.6,0.0010,,
Scope 1/1, Sample 22/32 (T14)
Result,TitrationEP1
V,t,E,T,dV/dt,E acc. stat.,Volume acc. stat.
0.0000,0,-71.8,21.5,NaN,,
0.0010,1,-71.8,21.5,0.0010,,
0.0025,2,-71.8,21.5,0.0015,,
0.0050,3,-71.7,21.5,0.0025,,
0.0090,4,-71.6,21.5,0.0035,,
0.0150,5,-71.4,21.5,0.0055,,
0.0235,6,-70.8,21.5,0.0075,,
0.0320,7,-70.0,21.5,0.0085,,
0.0395,8,-68.9,21.6,0.0075,,
0.0480,9,-67.8,21.6,0.0085,,
0.0565,10,-66.4,21.6,0.0075,,
0.0650,11,-64.9,21.6,0.0075,,
0.0730,12,-63.5,21.6,0.0075,,
0.0815,13,-62.0,21.6,0.0085,,
0.0890,14,-60.4,21.6,0.0075,,
0.0975,15,-58.5,21.6,0.0075,,
0.1060,16,-56.6,21.6,0.0075,,
0.1145,17,-54.6,21.6,0.0075,,
0.1230,18,-52.7,21.6,0.0075,,
0.1310,19,-50.7,21.6,0.0080,,
0.1390,20,-48.2,21.6,0.0080,,
0.1470,21,-45.9,21.6,0.0080,,
0.1555,22,-43.3,21.6,0.0075,,
0.1640,23,-40.6,21.6,0.0075,,
0.1725,24,-37.7,21.6,0.0075,,
0.1810,25,-35.2,21.6,0.0085,,
0.1885,26,-32.3,21.6,0.0075,,
0.1970,27,-29.5,21.6,0.0085,,
0.2050,28,-26.8,21.6,0.0075,,
0.2135,29,-24.3,21.6,0.0075,,
0.2220,30,-21.9,21.6,0.0075,,
0.2305,31,-19.8,21.6,0.0075,,
0.2380,32,-17.9,21.6,0.0075,,
0.2465,33,-16.2,21.6,0.0085,,
0.2550,34,-14.5,21.6,0.0075,,
0.2635,35,-12.9,21.6,0.0075,,
0.2715,36,-11.4,21.6,0.0075,,
0.2800,37,-10.1,21.6,0.0075,,
0.2875,38,-9.0,21.6,0.0075,,
0.2960,39,-7.6,21.6,0.0085,,
0.3045,40,-6.3,21.6,0.0075,,
0.3130,41,-5.1,21.6,0.0075,,
0.3215,42,-4.0,21.6,0.0075,,
0.3295,43,-2.9,21.6,0.0075,,
0.3375,44,-2.0,21.6,0.0080,,
0.3455,45,-0.9,21.6,0.0080,,
0.3540,46,0.0,21.6,0.0075,,
0.3625,47,1.0,21.6,0.0075,,
0.3710,48,1.9,21.6,0.0075,,
0.3795,49,2.8,21.6,0.0075,,
0.3870,50,3.7,21.6,0.0075,,
0.3955,51,4.4,21.6,0.0085,,
0.4040,52,5.4,21.6,0.0075,,
0.4120,53,6.3,21.6,0.0075,,
0.4205,54,7.1,21.6,0.0075,,
0.4290,55,8.0,21.6,0.0085,,
0.4365,56,8.7,21.6,0.0075,,
0.4450,57,9.6,21.6,0.0085,,
0.4535,58,10.5,21.6,0.0075,,
0.4620,59,11.3,21.6,0.0075,,
0.4700,60,12.1,21.6,0.0075,,
0.4785,61,13.0,21.6,0.0075,,
0.4860,62,13.8,21.6,0.0075,,
0.4945,63,14.6,21.6,0.0085,,
0.5030,64,15.5,21.6,0.0075,,
0.5115,65,16.2,21.6,0.0075,,
0.5200,66,17.0,21.6,0.0075,,
0.5285,67,17.8,21.6,0.0075,,
0.5360,68,18.6,21.6,0.0075,,
0.5445,69,19.4,21.6,0.0085,,
0.5525,70,20.2,21.6,0.0075,,
0.5610,71,21.1,21.6,0.0075,,
0.5695,72,21.9,21.6,0.0075,,
0.5780,73,22.6,21.6,0.0075,,
0.5855,74,23.5,21.6,0.0075,,
0.5940,75,24.3,21.6,0.0085,,
0.6025,76,25.1,21.6,0.0075,,
0.6105,77,25.9,21.6,0.0075,,
0.6190,78,26.8,21.6,0.0075,,
0.6275,79,27.6,21.6,0.0075,,
0.6350,80,28.4,21.6,0.0075,,
0.6435,81,29.3,21.6,0.0085,,
0.6520,82,30.0,21.6,0.0075,,
0.6605,83,30.8,21.6,0.0075,,
0.6685,84,31.7,21.6,0.0075,,
0.6770,85,32.6,21.6,0.0075,,
0.6845,86,33.4,21.6,0.0075,,
0.6930,87,34.3,21.6,0.0085,,
0.7015,88,35.2,21.6,0.0075,,
0.7100,89,36.2,21.6,0.0075,,
0.7185,90,37.0,21.6,0.0075,,
0.7265,91,37.9,21.6,0.0075,,
0.7345,92,38.7,21.6,0.0080,,
0.7425,93,39.6,21.6,0.0080,,
0.7510,94,40.5,21.6,0.0075,,
0.7595,95,41.4,21.6,0.0075,,
0.7680,96,42.3,21.6,0.0075,,
0.7765,97,43.2,21.6,0.0075,,
0.7850,98,44.1,21.6,0.0085,,
0.7925,99,45.0,21.6,0.0075,,
0.8010,100,46.0,21.6,0.0085,,
0.8090,101,46.9,21.6,0.0075,,
0.8175,102,47.9,21.6,0.0075,,
0.8260,103,48.9,21.6,0.0075,,
0.8345,104,49.8,21.6,0.0085,,
0.8420,105,50.8,21.6,0.0075,,
0.8505,106,51.7,21.6,0.0085,,
0.8590,107,52.7,21.6,0.0075,,
0.8670,108,53.7,21.6,0.0075,,
0.8755,109,54.6,21.6,0.0075,,
0.8835,110,55.5,21.6,0.0080,,
0.8915,111,56.6,21.6,0.0075,,
0.9000,112,57.7,21.6,0.0075,,
0.9085,113,58.7,21.6,0.0075,,
0.9170,114,59.8,21.6,0.0075,,
0.9255,115,60.9,21.6,0.0075,,
0.9330,116,61.9,21.6,0.0075,,
0.9415,117,63.1,21.6,0.0085,,
0.9495,118,64.2,21.6,0.0075,,
0.9580,119,65.3,21.6,0.0075,,
0.9665,120,66.5,21.6,0.0075,,
0.9750,121,67.7,21.6,0.0075,,
0.9825,122,68.7,21.6,0.0075,,
0.9910,123,70.0,21.6,0.0085,,
0.9995,124,71.1,21.6,0.0085,,
1.0075,125,72.3,21.6,0.0075,,
1.0160,126,73.6,21.6,0.0075,,
1.0245,127,74.9,21.6,0.0075,,
1.0330,128,76.1,21.6,0.0085,,
1.0405,129,77.3,21.6,0.0075,,
1.0490,130,78.8,21.6,0.0075,,
1.0575,131,80.3,21.6,0.0075,,
1.0660,132,81.8,21.6,0.0075,,
1.0740,133,83.1,21.6,0.0075,,
1.0820,134,84.4,21.6,0.0080,,
1.0900,135,86.1,21.6,0.0080,,
1.0985,136,87.7,21.6,0.0075,,
1.1070,137,89.2,21.6,0.0075,,
1.1155,138,90.9,21.6,0.0075,,
1.1240,139,92.8,21.6,0.0075,,
1.1320,140,94.4,21.6,0.0075,,
1.1400,141,96.2,21.6,0.0080,,
1.1480,142,98.1,21.6,0.0080,,
1.1565,143,100.2,21.6,0.0075,,
1.1650,144,102.3,21.6,0.0075,,
1.1735,145,104.5,21.6,0.0075,,
1.1820,146,106.9,21.6,0.0075,,
1.1895,147,109.1,21.6,0.0075,,
1.1980,148,111.7,21.6,0.0085,,
1.2060,149,114.8,21.6,0.0075,,
1.2145,150,117.9,21.6,0.0075,,
1.2230,151,120.9,21.6,0.0075,,
1.2315,152,124.2,21.6,0.0075,,
1.2390,153,127.4,21.6,0.0075,,
1.2475,154,131.2,21.6,0.0085,,
1.2560,155,134.9,21.6,0.0075,,
1.2645,156,138.9,21.6,0.0075,,
1.2725,157,143.1,21.6,0.0075,,
1.2810,158,147.0,21.6,0.0075,,
1.2895,159,150.6,21.6,0.0085,,
1.2970,160,154.3,21.6,0.0075,,
1.3055,161,157.7,21.6,0.0075,,
1.3140,162,160.9,21.6,0.0075,,
1.3225,163,163.8,21.6,0.0075,,
1.3305,164,166.4,21.6,0.0075,,
1.3385,165,168.6,21.6,0.0080,,
1.3465,166,171.1,21.6,0.0080,,
1.3550,167,173.4,21.6,0.0075,,
1.3635,168,175.4,21.6,0.0075,,
1.3720,169,177.1,21.6,0.0075,,
1.3805,170,178.8,21.6,0.0075,,
1.3880,171,180.4,21.6,0.0075,,
1.3965,172,182.0,21.6,0.0085,,
1.4045,173,183.6,21.6,0.0075,,
1.4130,174,184.8,21.6,0.0075,,
1.4160,174,185.1,21.6,0.0060,,
1.4160,414,187.5,21.7,0.0000,,
1.4165,416,187.5,21.7,0.0005,,
1.4180,416,187.4,21.7,0.0030,,
1.4205,418,187.6,21.7,0.0015,,
1.4245,419,188.0,21.7,0.0065,,
1.4310,420,188.6,21.7,0.0110,,
1.4390,421,189.4,21.7,0.0135,,
1.4470,422,190.5,21.7,0.0160,,
1.4550,422,191.6,21.7,0.0160,,
1.4635,424,192.5,21.7,0.0055,,
1.4720,425,193.6,21.7,0.0140,,
1.4805,426,194.6,21.7,0.0140,,
1.4890,427,195.5,21.7,0.0140,,
1.4965,428,196.4,21.7,0.0150,,
1.5050,428,197.2,21.7,0.0170,,
1.5135,430,198.1,21.7,0.0055,,
1.5215,431,198.9,21.7,0.0135,,
1.5300,432,199.7,21.7,0.0140,,
1.5385,433,200.5,21.7,0.0140,,
1.5460,434,201.2,21.7,0.0150,,
1.5545,434,201.9,21.7,0.0170,,
1.5630,436,202.7,21.7,0.0055,,
1.5715,437,203.4,21.7,0.0140,,
1.5795,438,204.0,21.7,0.0135,,
1.5880,439,204.6,21.7,0.0140,,
1.5955,440,205.2,21.7,0.0150,,
1.6040,440,206.0,21.7,0.0170,,
1.6125,442,206.7,21.7,0.0055,,
1.6210,443,207.2,21.7,0.0140,,
1.6295,444,207.8,21.7,0.0140,,
1.6380,444,208.3,21.7,0.0170,,
1.6455,446,208.9,21.7,0.0050,,
1.6540,446,209.5,21.7,0.0170,,
1.6620,448,210.0,21.7,0.0050,,
1.6705,449,210.4,21.7,0.0140,,
1.6790,450,211.0,21.7,0.0140,,
1.6875,450,211.5,21.7,0.0170,,
1.6950,452,212.0,21.7,0.0050,,
1.7035,452,212.5,21.7,0.0170,,
1.7120,454,212.9,21.7,0.0055,,
1.7205,455,213.4,21.7,0.0140,,
1.7285,456,213.8,21.7,0.0135,,
1.7370,457,214.1,21.7,0.0140,,
1.7445,458,214.5,21.7,0.0150,,
1.7530,458,215.0,21.7,0.0170,,
1.7615,460,215.4,21.7,0.0055,,
1.7700,461,215.9,21.7,0.0140,,
1.7785,462,216.2,21.7,0.0140,,
1.7865,463,216.6,21.7,0.0135,,
1.7945,464,217.0,21.7,0.0160,,
1.8025,464,217.5,21.7,0.0160,,
1.8110,466,217.8,21.7,0.0055,,
1.8195,467,218.2,21.7,0.0140,,
1.8280,468,218.6,21.7,0.0140,,
1.8365,469,218.9,21.7,0.0140,,
1.8440,470,219.4,21.7,0.0150,,
1.8525,470,219.6,21.7,0.0170,,
1.8605,472,220.0,21.7,0.0055,,
1.8690,473,220.5,21.7,0.0140,,
1.8775,474,220.8,21.7,0.0140,,
1.8860,475,221.2,21.7,0.0140,,
1.8935,476,221.5,21.7,0.0150,,
1.9020,476,221.8,21.7,0.0170,,
1.9105,478,222.2,21.7,0.0055,,
1.9185,479,222.6,21.7,0.0135,,
1.9270,480,222.8,21.7,0.0140,,
1.9355,481,223.1,21.7,0.0140,,
1.9430,482,223.4,21.7,0.0150,,
1.9515,482,223.7,21.7,0.0170,,
1.9600,484,224.0,21.7,0.0055,,
1.9685,485,224.2,21.7,0.0140,,
1.9770,486,224.6,21.7,0.0140,,
1.9850,487,224.9,21.7,0.0135,,
1.9930,488,225.2,21.7,0.0160,,
2.0010,488,225.4,21.7,0.0160,,
2.0095,490,225.6,21.7,0.0055,,
2.0180,491,225.9,21.7,0.0140,,
2.0265,492,226.2,21.7,0.0140,,
2.0350,493,226.5,21.7,0.0140,,
2.0425,494,226.8,21.7,0.0150,,
2.0510,494,227.0,21.7,0.0170,,
2.0590,496,227.3,21.7,0.0055,,
2.0675,497,227.7,21.7,0.0140,,
2.0760,498,227.9,21.7,0.0140,,
2.0845,499,228.1,21.7,0.0140,,
2.0920,500,228.4,21.7,0.0150,,
2.1005,500,228.6,21.7,0.0170,,
2.1090,502,228.8,21.7,0.0055,,
2.1175,503,229.0,21.7,0.0140,,
2.1260,504,229.4,21.7,0.0140,,
2.1340,505,229.6,21.7,0.0135,,
2.1415,506,229.8,21.7,0.0150,,
2.1500,506,230.0,21.7,0.0170,,
2.1585,508,230.2,21.7,0.0055,,
2.1670,509,230.4,21.7,0.0140,,
2.1755,510,230.7,21.7,0.0140,,
2.1840,511,230.9,21.7,0.0140,,
2.1915,512,231.1,21.7,0.0150,,
2.2000,512,231.3,21.7,0.0170,,
2.2080,514,231.7,21.7,0.0055,,
2.2165,515,231.9,21.7,0.0140,,
2.2250,516,232.1,21.7,0.0140,,
2.2335,517,232.3,21.7,0.0140,,
2.2410,518,232.5,21.7,0.0150,,
2.2495,518,232.8,21.7,0.0170,,
2.2580,520,232.9,21.7,0.0055,,
2.2665,521,233.1,21.7,0.0140,,
2.2745,522,233.3,21.7,0.0135,,
2.2830,522,233.5,21.7,0.0170,,
2.2905,524,233.7,21.7,0.0050,,
2.2990,524,233.9,21.7,0.0170,,
2.3065,526,234.1,21.7,0.0045,,
2.3130,527,234.3,21.7,0.0110,,
2.3180,528,234.5,21.7,0.0085,,
2.3190,528,234.7,21.7,0.0020,,
2.3195,530,234.7,21.7,0.0005,,
2.3200,530,234.6,21.7,0.0010,,
2.3205,532,234.6,21.7,0.0005,,
2.3220,533,234.6,21.7,0.0025,,
2.3240,534,234.6,21.7,0.0035,,
2.3265,535,234.7,21.7,0.0040,,
2.3295,536,234.7,21.7,0.0060,,
2.3345,536,234.8,21.7,0.0100,,
2.3375,537,235.1,21.7,0.0025,,
Scope 1/1, Sample 23/32 (T15)
Result,TitrationEP1
V,t,E,T,dV/dt,E acc. stat.,Volume acc. stat.
0.0000,0,-72.2,21.6,NaN,,
0.0010,1,-72.0,21.6,0.0010,,
0.0025,2,-72.3,21.6,0.0015,,
0.0050,3,-72.2,21.6,0.0025,,
0.0090,4,-72.1,21.6,0.0035,,
0.0150,5,-71.6,21.6,0.0055,,
0.0235,6,-70.9,21.6,0.0075,,
0.0320,7,-70.1,21.6,0.0075,,
0.0405,8,-69.0,21.6,0.0075,,
0.0490,9,-67.6,21.6,0.0070,,
0.0565,10,-66.4,21.6,0.0070,,
0.0650,11,-64.9,21.6,0.0075,,
0.0730,12,-63.6,21.6,0.0075,,
0.0815,13,-61.9,21.6,0.0075,,
0.0900,14,-60.1,21.6,0.0075,,
0.0985,15,-58.4,21.6,0.0070,,
0.1060,16,-56.6,21.6,0.0070,,
0.1145,17,-54.8,21.6,0.0075,,
0.1230,18,-52.7,21.6,0.0075,,
0.1310,19,-50.5,21.6,0.0075,,
0.1395,20,-48.3,21.6,0.0075,,
0.1480,21,-46.1,21.6,0.0075,,
0.1555,22,-43.8,21.6,0.0070,,
0.1640,23,-41.1,21.6,0.0075,,
0.1725,24,-38.3,21.6,0.0075,,
0.1810,25,-35.6,21.6,0.0075,,
0.1890,26,-32.8,21.6,0.0075,,
0.1975,27,-29.7,21.6,0.0075,,
0.2050,28,-27.3,21.6,0.0070,,
0.2135,29,-24.4,21.6,0.0075,,
0.2220,30,-22.0,21.6,0.0075,,
0.2305,31,-19.8,21.6,0.0075,,
0.2390,32,-17.4,21.6,0.0075,,
0.2475,33,-15.6,21.6,0.0075,,
0.2550,34,-13.9,21.6,0.0070,,
0.2635,35,-12.5,21.6,0.0075,,
0.2715,36,-11.0,21.6,0.0075,,
0.2800,37,-9.4,21.6,0.0075,,
0.2885,38,-8.0,21.6,0.0075,,
0.2970,39,-6.8,21.6,0.0070,,
0.3045,40,-5.6,21.6,0.0070,,
0.3130,41,-4.3,21.6,0.0075,,
0.3215,42,-3.0,21.6,0.0075,,
0.3300,43,-2.1,21.6,0.0075,,
0.3380,44,-1.2,21.6,0.0075,,
0.3465,45,0.1,21.6,0.0075,,
0.3540,46,0.8,21.6,0.0070,,
0.3625,47,2.0,21.6,0.0075,,
0.3710,48,2.7,21.6,0.0075,,
0.3795,49,3.6,21.6,0.0075,,
0.3880,50,4.8,21.6,0.0075,,
0.3960,51,5.5,21.6,0.0075,,
0.4040,52,6.5,21.6,0.0075,,
0.4120,53,7.2,21.6,0.0075,,
0.4205,54,8.1,21.6,0.0075,,
0.4290,55,9.2,21.6,0.0075,,
0.4375,56,10.0,21.6,0.0075,,
0.4460,57,10.7,21.6,0.0070,,
0.4535,58,11.6,21.6,0.0070,,
0.4620,59,12.4,21.6,0.0075,,
0.4700,60,13.4,21.6,0.0075,,
0.4785,61,14.2,21.6,0.0075,,
0.4870,62,14.9,21.6,0.0075,,
0.4955,63,15.9,21.6,0.0075,,
0.5030,64,16.6,21.6,0.0070,,
0.5115,65,17.5,21.6,0.0075,,
0.5200,66,18.2,21.6,0.0075,,
0.5285,67,19.0,21.6,0.0075,,
0.5365,68,19.9,21.6,0.0075,,
0.5450,69,20.7,21.6,0.0075,,
0.5525,70,21.4,21.7,0.0070,,
0.5610,71,22.1,21.6,0.0075,,
0.5695,72,22.8,21.6,0.0075,,
0.5780,73,23.7,21.6,0.0075,,
0.5865,74,24.5,21.6,0.0075,,
0.5945,75,25.2,21.7,0.0075,,
0.6025,76,26.0,21.6,0.0075,,
0.6105,77,26.7,21.6,0.0075,,
0.6190,78,27.7,21.6,0.0075,,
0.6275,79,28.6,21.6,0.0075,,
0.6360,80,29.3,21.6,0.0075,,
0.6445,81,30.2,21.7,0.0075,,
0.6520,82,30.9,21.7,0.0070,,
0.6605,83,31.9,21.6,0.0075,,
0.6685,84,32.8,21.7,0.0075,,
0.6770,85,33.5,21.6,0.0075,,
0.6855,86,34.4,21.7,0.0075,,
0.6940,87,35.4,21.7,0.0075,,
0.7025,88,35.9,21.7,0.0075,,
0.7100,89,36.8,21.7,0.0070,,
0.7185,90,37.5,21.7,0.0075,,
0.7270,91,38.4,21.7,0.0075,,
0.7350,92,39.5,21.7,0.0075,,
0.7435,93,40.3,21.7,0.0075,,
0.7510,94,41.1,21.7,0.0070,,
0.7595,95,41.8,21.7,0.0075,,
0.7680,96,42.8,21.7,0.0075,,
0.7765,97,43.8,21.7,0.0075,,
0.7850,98,44.6,21.7,0.0075,,
0.7935,99,45.5,21.7,0.0075,,
0.8010,100,46.3,21.7,0.0070,,
0.8090,101,47.4,21.7,0.0075,,
0.8175,102,48.5,21.7,0.0075,,
0.8260,103,49.3,21.7,0.0075,,
0.8345,104,50.2,21.7,0.0075,,
0.8430,105,51.3,21.7,0.0075,,
0.8505,106,52.2,21.7,0.0070,,
0.8590,107,53.2,21.7,0.0075,,
0.8675,108,54.0,21.7,0.0075,,
0.8755,109,55.0,21.7,0.0075,,
0.8840,110,56.2,21.7,0.0075,,
0.8925,111,57.0,21.7,0.0075,,
0.9000,112,58.0,21.7,0.0070,,
0.9085,113,58.9,21.7,0.0075,,
0.9170,114,60.0,21.7,0.0075,,
0.9255,115,61.1,21.7,0.0075,,
0.9340,116,62.0,21.7,0.0070,,
0.9420,117,63.1,21.7,0.0075,,
0.9500,118,63.9,21.7,0.0075,,
0.9580,119,65.2,21.7,0.0075,,
0.9665,120,66.4,21.7,0.0075,,
0.9750,121,67.2,21.7,0.0075,,
0.9835,122,68.3,21.7,0.0075,,
0.9920,123,69.7,21.7,0.0075,,
0.9995,124,70.7,21.7,0.0070,,
1.0080,125,72.0,21.7,0.0075,,
1.0160,126,73.0,21.7,0.0075,,
1.0245,127,74.2,21.7,0.0075,,
1.0330,128,75.5,21.7,0.0075,,
1.0415,129,76.7,21.7,0.0075,,
1.0490,130,78.0,21.7,0.0070,,
1.0575,131,79.3,21.7,0.0075,,
1.0660,132,80.6,21.7,0.0075,,
1.0740,133,82.0,21.7,0.0075,,
1.0825,134,83.5,21.7,0.0075,,
1.0910,135,84.8,21.7,0.0075,,
1.0995,136,86.1,21.7,0.0075,,
1.1070,137,87.5,21.7,0.0070,,
1.1155,138,89.3,21.7,0.0075,,
1.1240,139,90.7,21.7,0.0075,,
1.1325,140,92.1,21.7,0.0075,,
1.1405,141,93.9,21.7,0.0075,,
1.1490,142,95.3,21.7,0.0075,,
1.1565,143,97.2,21.7,0.0070,,
1.1650,144,99.0,21.7,0.0075,,
1.1735,145,100.7,21.7,0.0075,,
1.1820,146,102.9,21.7,0.0075,,
1.1905,147,105.1,21.7,0.0075,,
1.1985,148,107.2,21.7,0.0075,,
1.2065,149,109.5,21.7,0.0075,,
1.2145,150,111.7,21.7,0.0075,,
1.2230,151,114.5,21.7,0.0075,,
1.2315,152,117.4,21.7,0.0075,,
1.2400,153,120.0,21.7,0.0075,,
1.2485,154,123.2,21.7,0.0070,,
1.2560,155,126.0,21.7,0.0070,,
1.2645,156,129.6,21.7,0.0075,,
1.2725,157,133.4,21.7,0.0075,,
1.2810,158,136.9,21.7,0.0075,,
1.2895,159,140.6,21.7,0.0075,,
1.2980,160,144.3,21.7,0.0075,,
1.3055,161,147.5,21.7,0.0070,,
1.3140,162,151.3,21.7,0.0075,,
1.3225,163,154.6,21.7,0.0075,,
1.3310,164,158.1,21.7,0.0075,,
1.3390,165,161.4,21.7,0.0075,,
1.3475,166,163.9,21.7,0.0085,,
1.3550,167,166.5,21.7,0.0070,,
1.3635,168,168.8,21.7,0.0075,,
1.3720,169,171.4,21.7,0.0075,,
1.3805,170,173.7,21.7,0.0075,,
1.3890,171,175.5,21.7,0.0075,,
1.3975,172,177.3,21.7,0.0075,,
1.4050,173,178.8,21.7,0.0070,,
1.4135,174,180.6,21.7,0.0075,,
1.4215,175,182.2,21.7,0.0075,,
1.4300,176,183.7,21.7,0.0075,,
1.4405,178,185.0,21.7,0.0070,,
1.4405,418,187.0,21.8,0.0000,,
1.4410,419,186.8,21.7,0.0010,,
1.4425,420,187.0,21.8,0.0025,,
1.4450,421,187.4,21.8,0.0040,,
1.4490,422,187.5,21.7,0.0055,,
1.4555,423,188.2,21.8,0.0095,,
1.4635,424,189.3,21.8,0.0115,,
1.4720,425,190.3,21.7,0.0120,,
1.4795,426,191.3,21.8,0.0125,,
1.4880,427,192.2,21.8,0.0140,,
1.4965,428,193.3,21.8,0.0120,,
1.5050,429,194.4,21.8,0.0120,,
1.5135,430,195.3,21.8,0.0120,,
1.5215,431,196.1,21.7,0.0135,,
1.5290,432,197.0,21.8,0.0125,,
1.5375,433,197.7,21.8,0.0140,,
1.5460,434,198.8,21.8,0.0140,,
1.5545,435,199.6,21.8,0.0120,,
1.5630,436,200.1,21.8,0.0120,,
1.5715,437,200.7,21.8,0.0140,,
1.5790,438,201.6,21.8,0.0125,,
1.5875,439,202.5,21.8,0.0140,,
1.5955,440,203.0,21.8,0.0115,,
1.6040,441,203.6,21.8,0.0120,,
1.6125,442,204.4,21.8,0.0120,,
1.6210,443,204.9,21.8,0.0140,,
1.6285,444,205.7,21.8,0.0125,,
1.6370,445,206.2,21.8,0.0140,,
1.6455,446,206.8,21.8,0.0120,,
1.6540,447,207.6,21.8,0.0120,,
1.6620,448,208.1,21.8,0.0115,,
1.6705,449,208.4,21.8,0.0120,,
1.6780,450,209.0,21.8,0.0125,,
1.6865,451,209.4,21.8,0.0140,,
1.6950,452,210.1,21.8,0.0140,,
1.7035,453,210.7,21.8,0.0120,,
1.7120,454,210.9,21.8,0.0120,,
1.7200,455,211.6,21.8,0.0115,,
1.7280,456,211.9,21.8,0.0135,,
1.7360,457,212.6,21.8,0.0135,,
1.7445,458,213.2,21.8,0.0140,,
1.7530,459,213.5,21.8,0.0120,,
1.7615,460,213.9,21.8,0.0120,,
1.7700,461,214.6,21.8,0.0120,,
1.7775,462,214.8,21.8,0.0125,,
1.7860,463,215.4,21.8,0.0140,,
1.7940,464,215.6,21.8,0.0135,,
1.8025,465,216.0,21.8,0.0120,,
1.8110,466,216.6,21.8,0.0120,,
1.8195,467,216.9,21.8,0.0120,,
1.8280,468,217.3,21.8,0.0140,,
1.8355,469,217.5,21.8,0.0125,,
1.8440,470,217.9,21.8,0.0140,,
1.8520,471,218.4,21.8,0.0115,,
1.8605,472,218.8,21.8,0.0120,,
1.8690,473,219.0,21.8,0.0120,,
1.8775,474,219.5,21.8,0.0120,,
1.8850,475,219.6,21.8,0.0125,,
1.8935,476,220.1,21.8,0.0140,,
1.9020,477,220.5,21.8,0.0140,,
1.9100,478,220.7,21.8,0.0115,,
1.9185,479,221.1,21.8,0.0120,,
1.9270,480,221.6,21.8,0.0120,,
1.9345,481,221.9,21.8,0.0125,,
1.9430,482,222.2,21.8,0.0140,,
1.9515,483,222.4,21.8,0.0120,,
1.9600,484,222.8,21.8,0.0120,,
1.9685,485,223.2,21.8,0.0120,,
1.9765,486,223.3,21.8,0.0115,,
1.9840,487,223.7,21.8,0.0125,,
1.9925,488,223.8,21.8,0.0140,,
2.0010,489,224.3,21.8,0.0120,,
2.0095,490,224.6,21.8,0.0120,,
2.0180,491,224.7,21.8,0.0120,,
2.0265,492,225.1,21.8,0.0120,,
2.0340,493,225.3,21.8,0.0125,,
2.0425,494,225.7,21.8,0.0140,,
2.0505,495,226.0,21.8,0.0135,,
2.0590,496,226.1,21.8,0.0120,,
2.0675,497,226.4,21.8,0.0120,,
2.0760,498,226.9,21.8,0.0120,,
2.0835,499,227.0,21.8,0.0125,,
2.0920,500,227.4,21.8,0.0140,,
2.1005,501,227.5,21.8,0.0120,,
2.1090,502,227.8,21.8,0.0120,,
2.1170,503,228.2,21.8,0.0115,,
2.1255,504,228.2,21.8,0.0120,,
2.1330,505,228.6,21.8,0.0125,,
2.1415,506,228.7,21.8,0.0140,,
2.1500,507,228.9,21.8,0.0140,,
2.1585,508,229.4,21.8,0.0120,,
2.1670,509,229.5,21.8,0.0120,,
2.1750,510,229.6,21.8,0.0115,,
2.1825,511,229.9,21.8,0.0125,,
2.1910,512,230.1,21.8,0.0140,,
2.1995,513,230.6,21.8,0.0140,,
2.2080,514,230.8,21.8,0.0120,,
2.2165,515,230.9,21.8,0.0120,,
2.2250,516,231.2,21.8,0.0120,,
2.2330,517,231.3,21.8,0.0135,,
2.2405,518,231.8,21.8,0.0125,,
2.2490,519,231.8,21.8,0.0140,,
2.2575,520,231.9,21.8,0.0120,,
2.2660,521,232.3,21.8,0.0120,,
2.2745,522,232.5,21.8,0.0120,,
2.2830,523,232.8,21.8,0.0140,,
2.2905,524,232.8,21.8,0.0125,,
2.2990,525,233.0,21.8,0.0140,,
2.3070,526,233.3,21.8,0.0115,,
2.3155,527,233.6,21.8,0.0120,,
2.3240,528,233.7,21.8,0.0120,,
2.3320,529,233.9,21.8,0.0115,,
2.3385,530,234.1,21.8,0.0110,,
2.3450,531,234.4,21.8,0.0110,,
2.3495,532,234.6,21.8,0.0065,,
2.3510,533,234.4,21.8,0.0020,,
2.3515,534,234.6,21.8,0.0005,,
2.3525,535,234.5,21.8,0.0015,,
2.3540,536,234.7,21.8,0.0025,,
2.3555,537,234.7,21.8,0.0025,,
2.3570,538,234.6,21.8,0.0020,,
2.3580,539,234.7,21.8,0.0015,,
2.3595,540,234.8,21.8,0.0020,,
2.3610,541,234.8,21.8,0.0025,,
2.3630,542,234.7,21.8,0.0035,,
2.3655,543,234.6,21.8,0.0040,,
2.3680,544,235.0,21.8,0.0040,,
Scope 1/1, Sample 24/32 (T16)
Result,TitrationEP1
V,t,E,T,dV/dt,E acc. stat.,Volume acc. stat.
0.0000,0,-71.3,21.7,NaN,,
0.0005,1,-71.2,21.7,0.0005,,
0.0025,2,-71.3,21.7,0.0020,,
0.0050,3,-71.4,21.7,0.0025,,
0.0090,4,-71.1,21.7,0.0035,,
0.0150,5,-70.8,21.7,0.0055,,
0.0235,6,-70.4,21.7,0.0075,,
0.0310,7,-69.6,21.7,0.0075,,
0.0395,8,-68.6,21.7,0.0085,,
0.0480,9,-67.3,21.7,0.0075,,
0.0565,10,-66.0,21.7,0.0075,,
0.0650,11,-64.6,21.7,0.0075,,
0.0730,12,-63.0,21.7,0.0075,,
0.0810,13,-61.7,21.7,0.0080,,
0.0890,14,-59.8,21.7,0.0080,,
0.0975,15,-58.2,21.7,0.0075,,
0.1060,16,-56.3,21.7,0.0075,,
0.1145,17,-54.0,21.7,0.0075,,
0.1230,18,-51.9,21.7,0.0075,,
0.1305,19,-50.0,21.7,0.0075,,
0.1390,20,-47.8,21.7,0.0085,,
0.1470,21,-45.4,21.7,0.0075,,
0.1555,22,-42.6,21.7,0.0075,,
0.1640,23,-40.1,21.7,0.0075,,
0.1725,24,-37.4,21.7,0.0075,,
0.1800,25,-34.8,21.7,0.0075,,
0.1885,26,-31.9,21.7,0.0085,,
0.1970,27,-29.0,21.7,0.0075,,
0.2055,28,-26.4,21.7,0.0075,,
0.2135,29,-24.1,21.7,0.0075,,
0.2220,30,-21.8,21.7,0.0075,,
0.2295,31,-20.1,21.7,0.0075,,
0.2380,32,-18.0,21.7,0.0085,,
0.2465,33,-16.3,21.7,0.0075,,
0.2550,34,-14.7,21.7,0.0075,,
0.2635,35,-13.1,21.7,0.0075,,
0.2720,36,-11.7,21.7,0.0075,,
0.2795,37,-10.4,21.7,0.0075,,
0.2875,38,-9.2,21.7,0.0080,,
0.2960,39,-8.0,21.7,0.0075,,
0.3045,40,-6.8,21.7,0.0075,,
0.3130,41,-5.5,21.7,0.0075,,
0.3215,42,-4.6,21.7,0.0075,,
0.3290,43,-3.4,21.7,0.0075,,
0.3375,44,-2.5,21.7,0.0085,,
0.3460,45,-1.4,21.7,0.0075,,
0.3540,46,-0.4,21.7,0.0075,,
0.3625,47,0.4,21.7,0.0075,,
0.3710,48,1.4,21.7,0.0075,,
0.3785,49,2.1,21.7,0.0075,,
0.3870,50,3.3,21.7,0.0085,,
0.3955,51,4.1,21.7,0.0075,,
0.4040,52,5.0,21.7,0.0075,,
0.4125,53,6.1,21.7,0.0075,,
0.4205,54,6.8,21.7,0.0080,,
0.4285,55,7.8,21.7,0.0080,,
0.4365,56,8.5,21.7,0.0080,,
0.4450,57,9.4,21.7,0.0075,,
0.4535,58,10.4,21.7,0.0075,,
0.4620,59,11.2,21.7,0.0075,,
0.4695,60,12.0,21.7,0.0075,,
0.4780,61,12.8,21.7,0.0085,,
0.4865,62,13.6,21.7,0.0085,,
0.4950,63,14.5,21.7,0.0075,,
0.5030,64,15.3,21.7,0.0075,,
0.5115,65,15.9,21.7,0.0075,,
0.5200,66,16.7,21.7,0.0085,,
0.5275,67,17.6,21.7,0.0075,,
0.5360,68,18.6,21.7,0.0085,,
0.5445,69,19.2,21.7,0.0075,,
0.5530,70,19.9,21.7,0.0075,,
0.5615,71,20.9,21.7,0.0075,,
0.5690,72,21.5,21.7,0.0075,,
0.5770,73,22.4,21.7,0.0080,,
0.5855,74,23.1,21.7,0.0075,,
0.5940,75,23.9,21.7,0.0075,,
0.6025,76,24.9,21.7,0.0075,,
0.6110,77,25.7,21.7,0.0075,,
0.6185,78,26.5,21.7,0.0075,,
0.6270,79,27.2,21.7,0.0085,,
0.6355,80,28.1,21.7,0.0085,,
0.6435,81,29.1,21.7,0.0075,,
0.6520,82,30.0,21.7,0.0075,,
0.6605,83,30.6,21.7,0.0075,,
0.6680,84,31.4,21.7,0.0075,,
0.6765,85,32.2,21.7,0.0085,,
0.6850,86,33.2,21.7,0.0075,,
0.6935,87,33.9,21.7,0.0075,,
0.7020,88,34.7,21.7,0.0075,,
0.7100,89,35.7,21.7,0.0075,,
0.7175,90,36.4,21.7,0.0075,,
0.7260,91,37.5,21.7,0.0085,,
0.7345,92,38.3,21.7,0.0075,,
0.7430,93,39.2,21.7,0.0075,,
0.7515,94,40.2,21.7,0.0075,,
0.7600,95,41.1,21.7,0.0075,,
0.7675,96,41.9,21.7,0.0075,,
0.7760,97,42.8,21.7,0.0085,,
0.7840,98,43.6,21.7,0.0080,,
0.7925,99,44.8,21.7,0.0075,,
0.8010,100,45.8,21.7,0.0075,,
0.8095,101,46.6,21.7,0.0075,,
0.8170,102,47.4,21.7,0.0075,,
0.8255,103,48.3,21.7,0.0085,,
0.8340,104,49.4,21.7,0.0085,,
0.8420,105,50.4,21.7,0.0075,,
0.8505,106,51.2,21.7,0.0075,,
0.8590,107,52.2,21.7,0.0075,,
0.8675,108,53.2,21.7,0.0085,,
0.8750,109,54.4,21.7,0.0075,,
0.8835,110,55.4,21.7,0.0085,,
0.8920,111,56.3,21.7,0.0075,,
0.9005,112,57.4,21.7,0.0075,,
0.9085,113,58.6,21.7,0.0075,,
0.9170,114,59.6,21.7,0.0075,,
0.9245,115,60.8,21.7,0.0075,,
0.9330,116,61.8,21.7,0.0085,,
0.9415,117,63.0,21.7,0.0075,,
0.9500,118,64.2,21.7,0.0075,,
0.9585,119,65.2,21.7,0.0075,,
0.9665,120,66.3,21.7,0.0075,,
0.9740,121,67.6,21.7,0.0075,,
0.9825,122,68.8,21.7,0.0085,,
0.9910,123,70.0,21.7,0.0075,,
0.9995,124,71.1,21.7,0.0075,,
1.0080,125,72.3,21.7,0.0075,,
1.0165,126,73.7,21.7,0.0075,,
1.0240,127,74.8,21.7,0.0075,,
1.0325,128,76.3,21.7,0.0085,,
1.0405,129,77.4,21.7,0.0075,,
1.0490,130,78.8,21.7,0.0075,,
1.0575,131,80.2,21.7,0.0075,,
1.0660,132,81.6,21.7,0.0075,,
1.0735,133,83.0,21.7,0.0075,,
1.0820,134,84.3,21.7,0.0085,,
1.0905,135,85.9,21.7,0.0085,,
1.0985,136,87.7,21.7,0.0075,,
1.1070,137,89.3,21.7,0.0075,,
1.1155,138,90.8,21.7,0.0075,,
1.1230,139,92.4,21.7,0.0075,,
1.1315,140,94.3,21.7,0.0085,,
1.1400,141,96.3,21.7,0.0085,,
1.1485,142,98.3,21.7,0.0075,,
1.1570,143,100.3,21.7,0.0075,,
1.1650,144,102.5,21.7,0.0075,,
1.1725,145,104.6,21.7,0.0075,,
1.1810,146,107.1,21.7,0.0085,,
1.1895,147,109.6,21.7,0.0085,,
1.1980,148,112.3,21.7,0.0075,,
1.2065,149,115.3,21.7,0.0075,,
1.2150,150,118.4,21.7,0.0075,,
1.2230,151,121.4,21.7,0.0080,,
1.2310,152,124.8,21.7,0.0080,,
1.2390,153,128.4,21.7,0.0080,,
1.2475,154,132.5,21.7,0.0075,,
1.2560,155,136.6,21.7,0.0075,,
1.2645,156,140.6,21.7,0.0075,,
1.2730,157,144.2,21.7,0.0085,,
1.2805,158,147.9,21.7,0.0075,,
1.2890,159,152.0,21.7,0.0085,,
1.2970,160,155.5,21.7,0.0075,,
1.3055,161,158.8,21.7,0.0075,,
1.3140,162,161.8,21.7,0.0075,,
1.3225,163,164.6,21.7,0.0085,,
1.3300,164,167.5,21.7,0.0075,,
1.3385,165,170.0,21.7,0.0085,,
1.3470,166,171.9,21.7,0.0075,,
1.3555,167,174.0,21.7,0.0075,,
1.3635,168,176.1,21.7,0.0075,,
1.3720,169,177.9,21.7,0.0075,,
1.3795,170,179.6,21.7,0.0075,,
1.3880,171,181.0,21.7,0.0085,,
1.3965,172,182.6,21.7,0.0075,,
1.4050,173,184.3,21.7,0.0075,,
1.4110,174,185.1,21.7,0.0075,,
1.4110,414,187.4,21.8,0.0000,,
1.4115,415,187.2,21.8,0.0005,,
1.4130,416,187.2,21.8,0.0015,,
1.4155,417,187.5,21.8,0.0030,,
1.4195,418,187.9,21.8,0.0040,,
1.4260,419,188.3,21.8,0.0065,,
1.4340,420,189.2,21.8,0.0080,,
1.4415,421,190.1,21.8,0.0085,,
1.4500,422,191.4,21.8,0.0095,,
1.4585,423,192.3,21.8,0.0095,,
1.4670,424,193.3,21.8,0.0085,,
1.4755,425,194.4,21.8,0.0085,,
1.4840,426,195.4,21.8,0.0085,,
1.4915,427,196.3,21.8,0.0085,,
1.5000,428,197.2,21.8,0.0095,,
1.5080,429,197.9,21.8,0.0080,,
1.5165,430,199.0,21.8,0.0085,,
1.5250,431,199.8,21.8,0.0085,,
1.5335,432,200.4,21.8,0.0085,,
1.5410,433,201.1,21.8,0.0085,,
1.5495,434,201.8,21.8,0.0095,,
1.5580,435,202.7,21.8,0.0085,,
1.5665,436,203.4,21.8,0.0085,,
1.5745,437,203.9,21.8,0.0080,,
1.5830,438,204.6,21.8,0.0085,,
1.5905,439,205.1,21.8,0.0085,,
1.5990,440,206.0,21.8,0.0095,,
1.6075,441,206.5,21.8,0.0095,,
1.6160,442,207.0,21.8,0.0085,,
1.6245,443,207.6,21.8,0.0085,,
1.6325,444,208.4,21.8,0.0080,,
1.6405,445,208.9,21.8,0.0090,,
1.6485,446,209.3,21.8,0.0080,,
1.6570,447,209.6,21.8,0.0085,,
1.6655,448,210.2,21.8,0.0085,,
1.6740,449,210.8,21.8,0.0085,,
1.6825,450,211.3,21.8,0.0085,,
1.6900,451,211.9,21.8,0.0085,,
1.6985,452,212.3,21.8,0.0095,,
1.7065,453,212.8,21.8,0.0090,,
1.7150,454,213.4,21.8,0.0085,,
1.7235,455,213.8,21.8,0.0085,,
1.7320,456,214.0,21.8,0.0085,,
1.7395,457,214.4,21.8,0.0085,,
1.7480,458,215.0,21.8,0.0095,,
1.7565,459,215.5,21.8,0.0095,,
1.7650,460,215.8,21.8,0.0085,,
1.7730,461,216.2,21.8,0.0080,,
1.7815,462,216.8,21.8,0.0085,,
1.7890,463,217.0,21.8,0.0085,,
1.7975,464,217.5,21.8,0.0095,,
1.8060,465,217.7,21.8,0.0095,,
1.8145,466,218.1,21.8,0.0085,,
1.8230,467,218.6,21.8,0.0085,,
1.8310,468,219.0,21.8,0.0080,,
1.8395,469,219.5,21.8,0.0095,,
1.8470,470,219.8,21.8,0.0085,,
1.8555,471,220.0,21.8,0.0095,,
1.8640,472,220.4,21.8,0.0085,,
1.8725,473,220.7,21.8,0.0085,,
1.8810,474,220.9,21.8,0.0085,,
1.8895,475,221.4,21.8,0.0095,,
1.8970,476,221.6,21.8,0.0085,,
1.9050,477,222.1,21.8,0.0090,,
1.9135,478,222.5,21.8,0.0085,,
1.9220,479,222.6,21.8,0.0085,,
1.9305,480,223.1,21.8,0.0085,,
1.9390,481,223.5,21.8,0.0085,,
1.9465,482,223.7,21.8,0.0085,,
1.9550,483,224.0,21.8,0.0095,,
1.9635,484,224.0,21.8,0.0085,,
1.9715,485,224.5,21.8,0.0080,,
1.9800,486,224.8,21.8,0.0085,,
1.9885,487,225.0,21.8,0.0085,,
1.9960,488,225.3,21.8,0.0085,,
2.0045,489,225.4,21.8,0.0095,,
2.0130,490,225.9,21.8,0.0095,,
2.0215,491,226.3,21.8,0.0085,,
2.0295,492,226.4,21.8,0.0080,,
2.0380,493,226.7,21.8,0.0095,,
2.0455,494,226.8,21.8,0.0085,,
2.0540,495,227.2,21.8,0.0095,,
2.0625,496,227.6,21.8,0.0095,,
2.0710,497,227.7,21.8,0.0085,,
2.0795,498,228.0,21.8,0.0085,,
2.0875,499,228.4,21.8,0.0080,,
2.0955,500,228.5,21.8,0.0090,,
2.1035,501,228.9,21.8,0.0090,,
2.1120,502,228.9,21.8,0.0095,,
2.1205,503,229.2,21.8,0.0085,,
2.1290,504,229.7,21.8,0.0085,,
2.1375,505,229.9,21.8,0.0085,,
2.1450,506,230.2,21.8,0.0085,,
2.1535,507,230.3,21.8,0.0095,,
2.1620,508,230.5,21.8,0.0095,,
2.1700,509,231.0,21.8,0.0080,,
2.1785,510,231.1,21.8,0.0085,,
2.1870,511,231.2,21.8,0.0085,,
2.1945,512,231.4,21.8,0.0075,,
2.2030,513,231.7,21.8,0.0095,,
2.2115,514,232.1,21.8,0.0095,,
2.2200,515,232.1,21.8,0.0085,,
2.2285,516,232.3,21.8,0.0085,,
2.2365,517,232.6,21.8,0.0080,,
2.2445,518,232.8,21.8,0.0090,,
2.2525,519,233.1,21.8,0.0090,,
2.2610,520,233.2,21.8,0.0095,,
2.2695,521,233.3,21.8,0.0085,,
2.2780,522,233.7,21.8,0.0085,,
2.2860,523,234.0,21.8,0.0080,,
2.2925,524,234.2,21.8,0.0070,,
2.2990,525,234.2,21.8,0.0065,,
2.3030,526,234.2,21.8,0.0045,,
2.3030,527,234.5,21.8,0.0000,,
2.3040,528,234.6,21.8,0.0010,,
2.3045,529,234.4,21.8,0.0005,,
2.3060,530,234.5,21.8,0.0015,,
2.3065,531,234.4,21.8,0.0005,,
2.3075,532,234.6,21.8,0.0010,,
2.3085,533,234.7,21.8,0.0010,,
2.3100,534,234.5,21.8,0.0015,,
2.3115,535,234.6,21.8,0.0015,,
2.3130,536,234.5,21.8,0.0015,,
2.3140,537,234.8,21.8,0.0010,,
2.3150,538,234.8,21.8,0.0010,,
2.3160,539,234.7,21.8,0.0010,,
2.3165,540,234.7,21.8,0.0005,,
2.3175,541,234.9,21.8,0.0010,,
2.3195,542,234.9,21.8,0.0020,,
2.3215,543,235.0,21.8,0.0020,,
2.3250,544,235.1,21.8,0.0030,,
Scope 1/1, Sample 25/32 (T17)
Result,TitrationEP1
V,t,E,T,dV/dt,E acc. stat.,Volume acc. stat.
0.0000,0,-72.1,21.7,NaN,,
0.0010,1,-72.1,21.7,0.0010,,
0.0025,2,-72.0,21.7,0.0015,,
0.0050,3,-72.1,21.7,0.0025,,
0.0090,4,-71.9,21.7,0.0035,,
0.0150,5,-71.7,21.7,0.0055,,
0.0235,6,-71.2,21.7,0.0075,,
0.0320,7,-70.5,21.7,0.0075,,
0.0395,8,-69.6,21.7,0.0075,,
0.0480,9,-68.3,21.7,0.0075,,
0.0565,10,-66.8,21.7,0.0075,,
0.0650,11,-65.7,21.7,0.0075,,
0.0730,12,-64.2,21.7,0.0075,,
0.0815,13,-62.5,21.7,0.0075,,
0.0890,14,-61.0,21.7,0.0075,,
0.0975,15,-59.2,21.7,0.0075,,
0.1060,16,-57.6,21.7,0.0075,,
0.1145,17,-55.7,21.7,0.0075,,
0.1230,18,-53.5,21.7,0.0075,,
0.1315,19,-51.6,21.7,0.0075,,
0.1390,20,-49.5,21.7,0.0075,,
0.1470,21,-47.4,21.7,0.0080,,
0.1555,22,-45.0,21.7,0.0075,,
0.1640,23,-42.3,21.7,0.0075,,
0.1725,24,-39.7,21.7,0.0075,,
0.1810,25,-37.1,21.7,0.0075,,
0.1895,26,-34.7,21.7,0.0085,,
0.1970,27,-31.9,21.7,0.0075,,
0.2055,28,-29.1,21.7,0.0075,,
0.2135,29,-26.6,21.7,0.0075,,
0.2220,30,-24.3,21.7,0.0075,,
0.2305,31,-21.9,21.7,0.0075,,
0.2380,32,-20.2,21.7,0.0075,,
0.2465,33,-18.4,21.7,0.0075,,
0.2550,34,-16.9,21.7,0.0075,,
0.2635,35,-15.3,21.7,0.0075,,
0.2720,36,-13.5,21.7,0.0075,,
0.2800,37,-12.2,21.7,0.0075,,
0.2880,38,-11.0,21.7,0.0080,,
0.2960,39,-9.9,21.7,0.0075,,
0.3045,40,-8.7,21.7,0.0075,,
0.3130,41,-7.3,21.7,0.0075,,
0.3215,42,-6.1,21.7,0.0075,,
0.3300,43,-5.0,21.7,0.0075,,
0.3375,44,-4.0,21.7,0.0075,,
0.3460,45,-2.9,21.7,0.0075,,
0.3545,46,-1.8,21.7,0.0075,,
0.3625,47,-1.1,21.7,0.0075,,
0.3710,48,-0.1,21.7,0.0075,,
0.3795,49,0.8,21.7,0.0075,,
0.3870,50,1.6,21.7,0.0075,,
0.3955,51,2.7,21.7,0.0075,,
0.4040,52,3.5,21.7,0.0075,,
0.4125,53,4.4,21.7,0.0075,,
0.4205,54,5.3,21.7,0.0075,,
0.4290,55,6.2,21.7,0.0075,,
0.4375,56,7.0,21.7,0.0085,,
0.4450,57,7.7,21.7,0.0075,,
0.4535,58,8.4,21.7,0.0075,,
0.4620,59,9.4,21.7,0.0075,,
0.4705,60,10.3,21.7,0.0075,,
0.4785,61,10.9,21.7,0.0075,,
0.4870,62,11.8,21.7,0.0085,,
0.4945,63,12.5,21.7,0.0075,,
0.5030,64,13.5,21.8,0.0075,,
0.5115,65,14.3,21.8,0.0075,,
0.5200,66,14.9,21.7,0.0075,,
0.5285,67,15.9,21.8,0.0075,,
0.5370,68,16.5,21.8,0.0085,,
0.5445,69,17.5,21.8,0.0075,,
0.5530,70,18.3,21.8,0.0075,,
0.5610,71,19.0,21.8,0.0075,,
0.5695,72,19.8,21.8,0.0075,,
0.5780,73,20.7,21.8,0.0075,,
0.5865,74,21.4,21.8,0.0085,,
0.5940,75,22.2,21.8,0.0075,,
0.6025,76,22.9,21.8,0.0075,,
0.6110,77,23.9,21.8,0.0075,,
0.6190,78,24.8,21.8,0.0075,,
0.6275,79,25.4,21.8,0.0075,,
0.6350,80,26.3,21.8,0.0075,,
0.6435,81,26.9,21.8,0.0085,,
0.6520,82,28.0,21.8,0.0075,,
0.6605,83,28.9,21.8,0.0075,,
0.6690,84,29.5,21.8,0.0075,,
0.6775,85,30.4,21.8,0.0075,,
0.6850,86,31.1,21.8,0.0075,,
0.6935,87,32.1,21.8,0.0085,,
0.7015,88,32.9,21.8,0.0075,,
0.7100,89,33.7,21.8,0.0075,,
0.7185,90,34.6,21.8,0.0075,,
0.7270,91,35.6,21.8,0.0075,,
0.7345,92,36.3,21.8,0.0075,,
0.7430,93,37.0,21.8,0.0085,,
0.7515,94,37.7,21.8,0.0075,,
0.7600,95,38.8,21.8,0.0075,,
0.7680,96,39.7,21.8,0.0075,,
0.7765,97,40.5,21.8,0.0075,,
0.7840,98,41.4,21.8,0.0075,,
0.7925,99,42.2,21.8,0.0075,,
0.8010,100,43.3,21.8,0.0075,,
0.8095,101,44.3,21.8,0.0075,,
0.8180,102,45.0,21.8,0.0075,,
0.8260,103,46.1,21.8,0.0075,,
0.8340,104,46.8,21.8,0.0080,,
0.8420,105,47.9,21.8,0.0080,,
0.8505,106,48.9,21.8,0.0075,,
0.8590,107,49.7,21.8,0.0075,,
0.8675,108,50.8,21.8,0.0075,,
0.8760,109,51.9,21.8,0.0075,,
0.8835,110,52.7,21.8,0.0075,,
0.8920,111,53.7,21.8,0.0075,,
0.9000,112,54.6,21.8,0.0075,,
0.9085,113,55.8,21.8,0.0075,,
0.9170,114,57.0,21.8,0.0075,,
0.9255,115,57.9,21.8,0.0075,,
0.9330,116,58.9,21.8,0.0075,,
0.9415,117,59.8,21.8,0.0085,,
0.9500,118,61.0,21.8,0.0075,,
0.9585,119,62.2,21.8,0.0075,,
0.9665,120,63.2,21.8,0.0075,,
0.9750,121,64.4,21.8,0.0075,,
0.9825,122,65.4,21.8,0.0075,,
0.9910,123,66.6,21.8,0.0085,,
0.9995,124,67.9,21.8,0.0075,,
1.0080,125,68.9,21.8,0.0075,,
1.0165,126,70.0,21.8,0.0075,,
1.0245,127,71.4,21.8,0.0075,,
1.0330,128,72.4,21.8,0.0085,,
1.0405,129,73.8,21.8,0.0070,,
1.0490,130,74.9,21.8,0.0075,,
1.0575,131,76.2,21.8,0.0075,,
1.0660,132,77.7,21.8,0.0075,,
1.0745,133,79.1,21.8,0.0075,,
1.0830,134,80.4,21.8,0.0085,,
1.0905,135,81.6,21.8,0.0075,,
1.0990,136,83.1,21.8,0.0075,,
1.1070,137,84.8,21.8,0.0075,,
1.1155,138,86.3,21.8,0.0075,,
1.1240,139,87.9,21.8,0.0075,,
1.1325,140,89.3,21.8,0.0085,,
1.1400,141,91.1,21.8,0.0075,,
1.1485,142,92.9,21.8,0.0075,,
1.1570,143,94.6,21.8,0.0075,,
1.1650,144,96.4,21.8,0.0075,,
1.1735,145,98.6,21.8,0.0075,,
1.1820,146,100.3,21.8,0.0085,,
1.1895,147,102.7,21.8,0.0075,,
1.1980,148,104.8,21.8,0.0075,,
1.2065,149,107.1,21.8,0.0075,,
1.2150,150,110.0,21.8,0.0075,,
1.2235,151,112.5,21.8,0.0075,,
1.2315,152,115.2,21.8,0.0080,,
1.2395,153,118.1,21.8,0.0080,,
1.2475,154,121.2,21.8,0.0075,,
1.2560,155,124.9,21.8,0.0075,,
1.2645,156,128.5,21.8,0.0075,,
1.2730,157,132.2,21.8,0.0075,,
1.2805,158,135.9,21.8,0.0075,,
1.2890,159,139.9,21.8,0.0085,,
1.2975,160,144.3,21.8,0.0075,,
1.3055,161,148.3,21.8,0.0075,,
1.3140,162,151.8,21.8,0.0075,,
1.3225,163,155.6,21.8,0.0075,,
1.3300,164,158.4,21.8,0.0075,,
1.3385,165,161.5,21.8,0.0075,,
1.3470,166,164.4,21.8,0.0075,,
1.3555,167,166.8,21.8,0.0075,,
1.3640,168,169.6,21.8,0.0075,,
1.3720,169,171.8,21.8,0.0075,,
1.3800,170,173.9,21.8,0.0080,,
1.3880,171,175.8,21.8,0.0080,,
1.3965,172,177.6,21.8,0.0075,,
1.4050,173,179.4,21.8,0.0075,,
1.4135,174,180.9,21.8,0.0075,,
1.4220,175,182.4,21.8,0.0075,,
1.4305,176,184.0,21.8,0.0085,,
1.4380,177,185.1,21.8,0.0070,,
1.4380,417,187.4,21.8,0.0000,,
1.4385,418,187.3,21.8,0.0005,,
1.4400,419,187.4,21.8,0.0015,,
1.4425,420,187.6,21.8,0.0025,,
1.4465,421,187.8,21.8,0.0035,,
1.4525,422,188.3,21.8,0.0050,,
1.4605,423,189.4,21.8,0.0065,,
1.4685,424,190.3,21.8,0.0075,,
1.4765,425,191.4,21.8,0.0075,,
1.4850,426,192.4,21.8,0.0075,,
1.4935,427,193.4,21.8,0.0070,,
1.5020,428,194.6,21.8,0.0070,,
1.5105,429,195.4,21.8,0.0070,,
1.5180,430,196.4,21.8,0.0070,,
1.5265,431,197.0,21.8,0.0075,,
1.5345,432,197.8,21.8,0.0075,,
1.5430,433,198.7,21.8,0.0070,,
1.5515,434,199.6,21.8,0.0070,,
1.5600,435,200.2,21.8,0.0070,,
1.5685,436,200.9,21.8,0.0075,,
1.5760,437,201.6,21.8,0.0070,,
1.5845,438,202.5,21.8,0.0075,,
1.5925,439,203.2,21.8,0.0065,,
1.6010,440,203.8,21.8,0.0070,,
1.6095,441,204.5,21.8,0.0070,,
1.6180,442,205.0,21.8,0.0075,,
1.6255,443,205.9,21.8,0.0070,,
1.6340,444,206.5,21.8,0.0075,,
1.6425,445,206.9,21.8,0.0070,,
1.6510,446,207.7,21.8,0.0070,,
1.6590,447,208.3,21.8,0.0065,,
1.6675,448,208.7,21.8,0.0075,,
1.6750,449,209.1,21.8,0.0070,,
1.6835,450,209.6,21.8,0.0075,,
1.6920,451,210.3,21.8,0.0070,,
1.7005,452,210.8,21.8,0.0070,,
1.7090,453,211.2,21.8,0.0070,,
1.7170,454,211.7,21.8,0.0075,,
1.7250,455,212.1,21.8,0.0075,,
1.7330,456,212.8,21.8,0.0075,,
1.7415,457,213.3,21.8,0.0070,,
1.7500,458,213.6,21.8,0.0070,,
1.7585,459,214.2,21.8,0.0070,,
1.7670,460,214.4,21.8,0.0075,,
1.7745,461,215.2,21.8,0.0070,,
1.7830,462,215.4,21.8,0.0075,,
1.7915,463,215.8,21.8,0.0070,,
1.7995,464,216.3,21.8,0.0065,,
1.8080,465,216.8,21.8,0.0070,,
1.8155,466,217.2,21.8,0.0070,,
1.8240,467,217.5,21.8,0.0075,,
1.8325,468,217.8,21.8,0.0075,,
1.8410,469,218.2,21.8,0.0070,,
1.8495,470,218.7,21.8,0.0070,,
1.8575,471,218.9,21.8,0.0065,,
1.8660,472,219.3,21.8,0.0075,,
1.8735,473,219.5,21.8,0.0070,,
1.8820,474,220.0,21.8,0.0075,,
1.8905,475,220.4,21.8,0.0070,,
1.8990,476,220.7,21.8,0.0070,,
1.9075,477,220.9,21.8,0.0070,,
1.9160,478,221.2,21.8,0.0075,,
1.9235,479,221.7,21.8,0.0070,,
1.9320,480,222.1,21.8,0.0075,,
1.9400,481,222.2,21.8,0.0065,,
1.9485,482,222.5,21.8,0.0070,,
1.9570,483,222.9,21.8,0.0070,,
1.9655,484,223.2,21.9,0.0070,,
1.9730,485,223.7,21.8,0.0070,,
1.9815,486,223.8,21.8,0.0075,,
1.9900,487,224.1,21.8,0.0075,,
1.9980,488,224.6,21.8,0.0065,,
2.0065,489,224.8,21.8,0.0070,,
2.0150,490,225.0,21.8,0.0070,,
2.0225,491,225.3,21.8,0.0070,,
2.0310,492,225.6,21.8,0.0075,,
2.0395,493,226.1,21.8,0.0075,,
2.0480,494,226.2,21.9,0.0070,,
2.0560,495,226.4,21.9,0.0065,,
2.0645,496,226.8,21.9,0.0070,,
2.0720,497,227.0,21.8,0.0070,,
2.0805,498,227.4,21.8,0.0075,,
2.0890,499,227.6,21.9,0.0075,,
2.0975,500,227.7,21.9,0.0070,,
2.1060,501,228.0,21.9,0.0070,,
2.1140,502,228.4,21.9,0.0065,,
2.1220,503,228.6,21.9,0.0075,,
2.1300,504,228.8,21.9,0.0075,,
2.1385,505,229.0,21.8,0.0075,,
2.1470,506,229.4,21.9,0.0070,,
2.1555,507,229.6,21.9,0.0070,,
2.1640,508,229.7,21.9,0.0070,,
2.1715,509,230.0,21.9,0.0070,,
2.1800,510,230.2,21.9,0.0075,,
2.1885,511,230.6,21.9,0.0075,,
2.1965,512,230.8,21.9,0.0065,,
2.2050,513,230.9,21.9,0.0070,,
2.2135,514,231.2,21.9,0.0070,,
2.2210,515,231.3,21.9,0.0070,,
2.2295,516,231.7,21.9,0.0075,,
2.2380,517,231.9,21.9,0.0075,,
2.2465,518,232.0,21.9,0.0070,,
2.2545,519,232.3,21.9,0.0065,,
2.2630,520,232.6,21.9,0.0070,,
2.2705,521,232.8,21.9,0.0070,,
2.2790,522,233.0,21.9,0.0075,,
2.2875,523,233.0,21.9,0.0075,,
2.2960,524,233.3,21.9,0.0070,,
2.3045,525,233.6,21.9,0.0070,,
2.3125,526,233.7,21.9,0.0065,,
2.3195,527,234.0,21.9,0.0065,,
2.3275,528,234.1,21.9,0.0075,,
2.3340,529,234.2,21.9,0.0060,,
2.3370,530,234.5,21.9,0.0025,,
2.3375,531,234.4,21.9,0.0005,,
2.3385,532,234.5,21.9,0.0010,,
2.3390,533,234.4,21.9,0.0005,,
2.3405,534,234.5,21.9,0.0015,,
2.3420,535,234.6,21.9,0.0015,,
2.3425,536,234.5,21.9,0.0005,,
2.3435,537,234.5,21.9,0.0010,,
2.3440,538,234.6,21.9,0.0005,,
2.3455,539,234.7,21.9,0.0010,,
2.3465,540,234.8,21.9,0.0010,,
2.3475,541,234.8,21.9,0.0010,,
2.3485,542,234.7,21.9,0.0010,,
2.3495,543,234.9,21.9,0.0010,,
2.3510,544,235.0,21.9,0.0010,,
2.3520,545,234.8,21.9,0.0010,,
2.3535,546,234.9,21.9,0.0015,,
2.3555,547,234.8,21.9,0.0020,,
2.3560,548,235.1,21.9,0.0010,,
Scope 1/1, Sample 26/32 (T18)
Result,TitrationEP1
V,t,E,T,dV/dt,E acc. stat.,Volume acc. stat.
0.0000,0,-71.8,21.7,NaN,,
0.0005,1,-71.9,21.7,0.0005,,
0.0025,2,-72.0,21.7,0.0020,,
0.0050,3,-71.8,21.7,0.0025,,
0.0085,4,-71.8,21.7,0.0030,,
0.0150,5,-71.7,21.7,0.0060,,
0.0230,6,-71.0,21.7,0.0075,,
0.0305,7,-70.5,21.7,0.0075,,
0.0390,8,-69.4,21.8,0.0085,,
0.0475,9,-68.4,21.7,0.0085,,
0.0560,10,-67.2,21.8,0.0075,,
0.0645,11,-65.6,21.8,0.0075,,
0.0725,12,-64.1,21.8,0.0075,,
0.0810,13,-62.7,21.8,0.0085,,
0.0885,14,-61.1,21.8,0.0075,,
0.0970,15,-59.5,21.8,0.0085,,
0.1055,16,-57.5,21.8,0.0075,,
0.1140,17,-55.6,21.8,0.0075,,
0.1225,18,-53.7,21.8,0.0075,,
0.1300,19,-51.8,21.8,0.0075,,
0.1385,20,-49.6,21.8,0.0085,,
0.1465,21,-47.1,21.8,0.0080,,
0.1550,22,-44.7,21.8,0.0075,,
0.1635,23,-42.3,21.8,0.0075,,
0.1720,24,-39.5,21.8,0.0075,,
0.1805,25,-37.2,21.8,0.0085,,
0.1880,26,-34.3,21.8,0.0075,,
0.1965,27,-31.5,21.8,0.0085,,
0.2050,28,-29.0,21.8,0.0075,,
0.2130,29,-26.4,21.8,0.0075,,
0.2215,30,-23.8,21.8,0.0075,,
0.2300,31,-21.9,21.8,0.0085,,
0.2375,32,-19.9,21.8,0.0075,,
0.2460,33,-18.2,21.8,0.0085,,
0.2545,34,-16.4,21.8,0.0075,,
0.2630,35,-14.7,21.8,0.0075,,
0.2715,36,-13.4,21.8,0.0075,,
0.2790,37,-12.1,21.8,0.0075,,
0.2875,38,-10.8,21.8,0.0085,,
0.2955,39,-9.4,21.8,0.0080,,
0.3040,40,-8.1,21.8,0.0075,,
0.3125,41,-7.1,21.8,0.0075,,
0.3210,42,-6.0,21.8,0.0075,,
0.3285,43,-5.0,21.8,0.0075,,
0.3370,44,-3.7,21.8,0.0085,,
0.3455,45,-2.8,21.8,0.0075,,
0.3535,46,-2.0,21.8,0.0075,,
0.3620,47,-0.9,21.8,0.0075,,
0.3705,48,0.2,21.8,0.0075,,
0.3780,49,1.0,21.8,0.0075,,
0.3865,50,1.7,21.8,0.0085,,
0.3950,51,2.6,21.8,0.0075,,
0.4035,52,3.7,21.8,0.0075,,
0.4120,53,4.6,21.8,0.0075,,
0.4200,54,5.3,21.8,0.0075,,
0.4280,55,6.2,21.8,0.0080,,
0.4360,56,6.9,21.8,0.0080,,
0.4445,57,7.9,21.8,0.0075,,
0.4530,58,8.9,21.8,0.0075,,
0.4615,59,9.5,21.8,0.0075,,
0.4700,60,10.4,21.8,0.0075,,
0.4775,61,11.1,21.8,0.0075,,
0.4860,62,12.1,21.8,0.0085,,
0.4940,63,13.0,21.8,0.0080,,
0.5025,64,13.7,21.8,0.0075,,
0.5110,65,14.5,21.8,0.0075,,
0.5195,66,15.5,21.8,0.0075,,
0.5280,67,16.2,21.8,0.0085,,
0.5355,68,17.1,21.8,0.0075,,
0.5440,69,17.7,21.8,0.0085,,
0.5520,70,18.5,21.8,0.0075,,
0.5605,71,19.5,21.8,0.0075,,
0.5690,72,20.1,21.8,0.0075,,
0.5765,73,21.0,21.8,0.0075,,
0.5850,74,21.7,21.8,0.0085,,
0.5935,75,22.5,21.8,0.0085,,
0.6020,76,23.4,21.8,0.0075,,
0.6105,77,24.1,21.8,0.0075,,
0.6185,78,24.8,21.8,0.0075,,
0.6270,79,25.7,21.8,0.0085,,
0.6345,80,26.6,21.8,0.0075,,
0.6430,81,27.5,21.8,0.0085,,
0.6515,82,28.3,21.8,0.0075,,
0.6600,83,29.0,21.8,0.0075,,
0.6685,84,30.0,21.8,0.0075,,
0.6765,85,30.7,21.8,0.0080,,
0.6845,86,31.6,21.8,0.0080,,
0.6925,87,32.2,21.8,0.0080,,
0.7010,88,33.1,21.8,0.0075,,
0.7095,89,34.1,21.8,0.0075,,
0.7180,90,34.9,21.8,0.0075,,
0.7265,91,35.8,21.8,0.0085,,
0.7340,92,36.6,21.8,0.0075,,
0.7425,93,37.4,21.8,0.0085,,
0.7510,94,38.5,21.8,0.0075,,
0.7590,95,39.3,21.8,0.0075,,
0.7675,96,40.0,21.8,0.0075,,
0.7760,97,41.1,21.8,0.0075,,
0.7835,98,41.9,21.8,0.0075,,
0.7920,99,43.0,21.8,0.0085,,
0.8005,100,43.9,21.8,0.0075,,
0.8090,101,44.7,21.8,0.0075,,
0.8170,102,45.7,21.8,0.0075,,
0.8255,103,46.8,21.8,0.0075,,
0.8330,104,47.6,21.8,0.0075,,
0.8415,105,48.6,21.8,0.0085,,
0.8500,106,49.5,21.8,0.0075,,
0.8585,107,50.6,21.8,0.0075,,
0.8670,108,51.8,21.8,0.0075,,
0.8750,109,52.6,21.8,0.0075,,
0.8830,110,53.6,21.8,0.0080,,
0.8910,111,54.5,21.8,0.0080,,
0.8995,112,55.7,21.8,0.0075,,
0.9080,113,56.8,21.8,0.0075,,
0.9165,114,57.7,21.8,0.0075,,
0.9250,115,58.9,21.8,0.0075,,
0.9325,116,59.7,21.8,0.0075,,
0.9410,117,61.0,21.8,0.0085,,
0.9495,118,62.2,21.8,0.0075,,
0.9575,119,63.1,21.8,0.0075,,
0.9660,120,64.4,21.8,0.0075,,
0.9745,121,65.7,21.8,0.0075,,
0.9820,122,66.6,21.8,0.0075,,
0.9905,123,67.8,21.8,0.0085,,
0.9990,124,68.8,21.8,0.0075,,
1.0075,125,70.2,21.8,0.0075,,
1.0160,126,71.6,21.8,0.0075,,
1.0240,127,72.6,21.8,0.0080,,
1.0320,128,73.9,21.8,0.0080,,
1.0400,129,75.0,21.8,0.0080,,
1.0485,130,76.6,21.8,0.0075,,
1.0570,131,78.0,21.8,0.0075,,
1.0655,132,79.2,21.8,0.0075,,
1.0740,133,80.5,21.8,0.0075,,
1.0815,134,81.9,21.8,0.0075,,
1.0900,135,83.5,21.8,0.0085,,
1.0980,136,85.3,21.8,0.0075,,
1.1065,137,86.8,21.8,0.0075,,
1.1150,138,88.3,21.8,0.0075,,
1.1235,139,90.3,21.8,0.0075,,
1.1310,140,91.9,21.8,0.0075,,
1.1395,141,93.8,21.8,0.0085,,
1.1480,142,95.7,21.8,0.0075,,
1.1560,143,97.6,21.8,0.0075,,
1.1645,144,99.9,21.8,0.0075,,
1.1730,145,101.9,21.8,0.0075,,
1.1805,146,104.1,21.8,0.0075,,
1.1890,147,106.4,21.8,0.0085,,
1.1975,148,108.9,21.8,0.0075,,
1.2060,149,111.7,21.8,0.0075,,
1.2145,150,114.6,21.8,0.0075,,
1.2225,151,117.3,21.8,0.0075,,
1.2300,152,120.3,21.8,0.0075,,
1.2385,153,123.7,21.8,0.0085,,
1.2470,154,127.6,21.8,0.0075,,
1.2555,155,131.4,21.8,0.0075,,
1.2640,156,135.4,21.8,0.0075,,
1.2725,157,139.6,21.8,0.0075,,
1.2800,158,143.1,21.8,0.0075,,
1.2885,159,147.2,21.8,0.0085,,
1.2965,160,151.0,21.8,0.0075,,
1.3050,161,154.8,21.8,0.0075,,
1.3135,162,158.1,21.8,0.0075,,
1.3220,163,161.4,21.8,0.0075,,
1.3295,164,164.1,21.8,0.0075,,
1.3380,165,166.7,21.8,0.0085,,
1.3465,166,169.1,21.8,0.0075,,
1.3550,167,171.6,21.8,0.0075,,
1.3630,168,173.7,21.8,0.0075,,
1.3715,169,175.4,21.8,0.0075,,
1.3790,170,177.2,21.8,0.0075,,
1.3875,171,178.9,21.8,0.0085,,
1.3960,172,180.8,21.8,0.0085,,
1.4045,173,182.5,21.8,0.0075,,
1.4130,174,183.7,21.8,0.0075,,
1.4215,175,185.0,21.8,0.0070,,
1.4215,415,187.4,21.8,0.0000,,
1.4220,416,187.5,21.8,0.0005,,
1.4235,417,187.6,21.8,0.0010,,
1.4260,418,187.7,21.8,0.0020,,
1.4300,419,188.0,21.8,0.0030,,
1.4360,420,188.7,21.8,0.0045,,
1.4445,421,189.5,21.8,0.0060,,
1.4520,422,190.4,21.8,0.0060,,
1.4605,423,191.2,21.8,0.0065,,
1.4690,424,192.1,21.8,0.0065,,
1.4770,425,193.5,21.8,0.0055,,
1.4855,426,194.4,21.8,0.0060,,
1.4940,427,195.2,21.8,0.0060,,
1.5015,428,196.1,21.8,0.0060,,
1.5100,429,196.9,21.8,0.0065,,
1.5185,430,198.0,21.8,0.0065,,
1.5270,431,198.7,21.8,0.0060,,
1.5350,432,199.3,21.8,0.0055,,
1.5435,433,200.3,21.8,0.0060,,
1.5510,434,200.9,21.8,0.0060,,
1.5595,435,201.9,21.8,0.0065,,
1.5680,436,202.4,21.8,0.0065,,
1.5765,437,203.0,21.8,0.0060,,
1.5850,438,203.9,21.8,0.0060,,
1.5935,439,204.6,21.8,0.0060,,
1.6010,440,205.2,21.8,0.0060,,
1.6095,441,205.8,21.8,0.0065,,
1.6175,442,206.3,21.8,0.0060,,
1.6260,443,207.1,21.8,0.0060,,
1.6345,444,207.7,21.8,0.0060,,
1.6430,445,208.1,21.8,0.0060,,
1.6505,446,208.7,21.8,0.0060,,
1.6590,447,209.1,21.8,0.0065,,
1.6675,448,209.7,21.9,0.0065,,
1.6755,449,210.3,21.8,0.0055,,
1.6840,450,210.7,21.9,0.0060,,
1.6925,451,211.1,21.8,0.0060,,
1.7000,452,211.6,21.8,0.0060,,
1.7085,453,212.2,21.8,0.0065,,
1.7170,454,212.9,21.8,0.0065,,
1.7255,455,213.2,21.8,0.0060,,
1.7335,456,213.6,21.8,0.0055,,
1.7420,457,214.2,21.8,0.0060,,
1.7505,458,214.5,21.9,0.0065,,
1.7580,459,215.1,21.9,0.0060,,
1.7665,460,215.4,21.9,0.0065,,
1.7750,461,215.7,21.8,0.0060,,
1.7835,462,216.3,21.9,0.0060,,
1.7915,463,216.6,21.9,0.0055,,
1.8000,464,216.9,21.9,0.0065,,
1.8075,465,217.2,21.9,0.0060,,
1.8160,466,217.6,21.9,0.0065,,
1.8245,467,218.1,21.9,0.0065,,
1.8330,468,218.5,21.9,0.0060,,
1.8415,469,218.7,21.9,0.0060,,
1.8500,470,219.2,21.9,0.0060,,
1.8575,471,219.5,21.9,0.0060,,
1.8660,472,220.0,21.9,0.0065,,
1.8740,473,220.3,21.9,0.0055,,
1.8825,474,220.5,21.9,0.0060,,
1.8910,475,220.9,21.9,0.0060,,
1.8995,476,221.4,21.9,0.0060,,
1.9070,477,221.6,21.9,0.0060,,
1.9155,478,221.9,21.9,0.0065,,
1.9240,479,222.1,21.9,0.0065,,
1.9320,480,222.5,21.9,0.0055,,
1.9405,481,223.0,21.9,0.0060,,
1.9490,482,223.1,21.9,0.0060,,
1.9565,483,223.5,21.9,0.0060,,
1.9650,484,223.7,21.9,0.0065,,
1.9735,485,224.2,21.9,0.0065,,
1.9820,486,224.6,21.9,0.0060,,
1.9900,487,224.8,21.9,0.0055,,
1.9985,488,225.0,21.9,0.0060,,
2.0060,489,225.2,21.9,0.0060,,
2.0145,490,225.6,21.9,0.0065,,
2.0230,491,226.1,21.9,0.0065,,
2.0315,492,226.2,21.9,0.0060,,
2.0400,493,226.4,21.9,0.0060,,
2.0485,494,226.8,21.9,0.0060,,
2.0560,495,226.9,21.9,0.0060,,
2.0640,496,227.3,21.9,0.0060,,
2.0725,497,227.4,21.9,0.0065,,
2.0810,498,227.7,21.9,0.0060,,
2.0895,499,228.2,21.9,0.0060,,
2.0980,500,228.3,21.9,0.0060,,
2.1055,501,228.5,21.9,0.0060,,
2.1140,502,228.6,21.9,0.0065,,
2.1225,503,228.9,21.9,0.0065,,
2.1310,504,229.3,21.9,0.0060,,
2.1390,505,229.4,21.9,0.0055,,
2.1475,506,229.5,21.9,0.0060,,
2.1550,507,229.7,21.9,0.0060,,
2.1635,508,230.1,21.9,0.0065,,
2.1720,509,230.5,21.9,0.0065,,
2.1805,510,230.5,21.9,0.0060,,
2.1890,511,230.7,21.9,0.0060,,
2.1970,512,231.1,21.9,0.0055,,
2.2050,513,231.3,21.9,0.0060,,
2.2130,514,231.7,21.9,0.0060,,
2.2215,515,231.7,21.9,0.0065,,
2.2300,516,232.0,21.9,0.0060,,
2.2385,517,232.4,21.9,0.0060,,
2.2470,518,232.6,21.9,0.0060,,
2.2545,519,232.8,21.9,0.0060,,
2.2630,520,232.8,21.9,0.0065,,
2.2710,521,233.0,21.9,0.0060,,
2.2795,522,233.3,21.9,0.0060,,
2.2880,523,233.5,21.9,0.0060,,
2.2965,524,233.6,21.9,0.0060,,
2.3040,525,233.8,21.9,0.0060,,
2.3120,526,233.9,21.9,0.0060,,
2.3180,527,234.3,21.9,0.0045,,
2.3190,528,234.4,21.9,0.0005,,
2.3190,529,234.2,21.9,0.0000,,
2.3195,530,234.4,21.9,0.0005,,
2.3205,531,234.4,21.9,0.0010,,
2.3220,532,234.6,21.9,0.0010,,
2.3230,533,234.6,21.9,0.0010,,
2.3240,534,234.5,21.9,0.0005,,
2.3245,535,234.6,21.9,0.0005,,
2.3260,536,234.7,21.9,0.0010,,
2.3280,537,234.8,21.9,0.0015,,
2.3305,538,234.8,21.9,0.0020,,
2.3320,539,234.7,21.9,0.0010,,
2.3325,540,234.8,21.9,0.0005,,
2.3335,541,234.9,21.9,0.0005,,
2.3355,542,234.8,21.9,0.0015,,
2.3375,543,235.0,21.9,0.0015,,
2.3395,544,235.0,21.9,0.0015,,
Scope 1/1, Sample 27/32 (T19)
Result,TitrationEP1
V,t,E,T,dV/dt,E acc. stat.,Volume acc. stat.
0.0000,0,-72.8,21.7,NaN,,
0.0005,1,-72.9,21.7,0.0005,,
0.0025,2,-72.8,21.7,0.0020,,
0.0050,3,-72.9,21.7,0.0025,,
0.0085,4,-72.8,21.7,0.0030,,
0.0150,5,-72.4,21.7,0.0060,,
0.0230,6,-71.9,21.7,0.0075,,
0.0305,7,-71.2,21.7,0.0075,,
0.0390,8,-70.4,21.7,0.0085,,
0.0475,9,-69.3,21.7,0.0085,,
0.0560,10,-67.9,21.7,0.0075,,
0.0645,11,-66.5,21.7,0.0075,,
0.0725,12,-65.3,21.7,0.0075,,
0.0800,13,-63.8,21.7,0.0075,,
0.0885,14,-62.2,21.7,0.0085,,
0.0970,15,-60.2,21.7,0.0085,,
0.1055,16,-58.6,21.7,0.0075,,
0.1140,17,-56.8,21.7,0.0075,,
0.1225,18,-54.8,21.7,0.0075,,
0.1300,19,-53.2,21.7,0.0075,,
0.1385,20,-50.8,21.7,0.0085,,
0.1465,21,-48.6,21.7,0.0080,,
0.1550,22,-46.3,21.7,0.0075,,
0.1635,23,-43.6,21.7,0.0075,,
0.1720,24,-41.1,21.7,0.0075,,
0.1795,25,-38.7,21.7,0.0075,,
0.1880,26,-35.9,21.7,0.0085,,
0.1965,27,-33.2,21.7,0.0085,,
0.2045,28,-30.2,21.7,0.0075,,
0.2130,29,-27.5,21.7,0.0075,,
0.2215,30,-25.0,21.7,0.0075,,
0.2300,31,-22.8,21.7,0.0075,,
0.2375,32,-21.0,21.7,0.0075,,
0.2460,33,-18.9,21.7,0.0085,,
0.2545,34,-17.0,21.7,0.0075,,
0.2625,35,-15.4,21.7,0.0075,,
0.2710,36,-13.9,21.7,0.0075,,
0.2795,37,-12.3,21.7,0.0075,,
0.2870,38,-11.1,21.7,0.0075,,
0.2955,39,-9.7,21.7,0.0085,,
0.3040,40,-8.5,21.7,0.0085,,
0.3125,41,-7.4,21.7,0.0075,,
0.3205,42,-6.1,21.7,0.0075,,
0.3290,43,-4.9,21.8,0.0075,,
0.3365,44,-3.8,21.7,0.0075,,
0.3450,45,-2.9,21.7,0.0085,,
0.3535,46,-2.0,21.7,0.0085,,
0.3620,47,-0.8,21.7,0.0075,,
0.3705,48,0.1,21.7,0.0075,,
0.3785,49,0.8,21.7,0.0075,,
0.3865,50,1.8,21.7,0.0080,,
0.3945,51,2.6,21.8,0.0080,,
0.4030,52,3.8,21.8,0.0085,,
0.4115,53,4.6,21.8,0.0075,,
0.4200,54,5.4,21.8,0.0075,,
0.4285,55,6.3,21.8,0.0075,,
0.4360,56,7.0,21.8,0.0075,,
0.4445,57,8.0,21.8,0.0085,,
0.4530,58,8.8,21.8,0.0085,,
0.4610,59,9.4,21.8,0.0075,,
0.4695,60,10.4,21.8,0.0075,,
0.4780,61,11.4,21.8,0.0075,,
0.4855,62,12.1,21.8,0.0075,,
0.4940,63,12.9,21.8,0.0085,,
0.5025,64,13.6,21.8,0.0085,,
0.5110,65,14.5,21.8,0.0075,,
0.5190,66,15.4,21.8,0.0075,,
0.5275,67,16.1,21.8,0.0075,,
0.5360,68,16.9,21.8,0.0085,,
0.5435,69,17.5,21.8,0.0075,,
0.5520,70,18.5,21.8,0.0085,,
0.5605,71,19.4,21.8,0.0075,,
0.5690,72,20.0,21.8,0.0075,,
0.5775,73,20.8,21.8,0.0075,,
0.5850,74,21.5,21.8,0.0075,,
0.5935,75,22.4,21.8,0.0085,,
0.6015,76,23.3,21.8,0.0080,,
0.6100,77,23.9,21.8,0.0075,,
0.6185,78,24.8,21.8,0.0075,,
0.6270,79,25.6,21.8,0.0075,,
0.6355,80,26.3,21.8,0.0085,,
0.6430,81,27.2,21.8,0.0075,,
0.6515,82,27.9,21.8,0.0085,,
0.6595,83,28.6,21.8,0.0075,,
0.6680,84,29.7,21.8,0.0075,,
0.6765,85,30.5,21.8,0.0075,,
0.6850,86,31.1,21.8,0.0075,,
0.6925,87,32.0,21.8,0.0075,,
0.7010,88,32.7,21.8,0.0085,,
0.7095,89,33.8,21.8,0.0085,,
0.7175,90,34.7,21.8,0.0075,,
0.7260,91,35.3,21.8,0.0075,,
0.7345,92,36.4,21.8,0.0075,,
0.7420,93,37.0,21.8,0.0075,,
0.7505,94,38.1,21.8,0.0085,,
0.7590,95,39.0,21.8,0.0075,,
0.7675,96,39.8,21.8,0.0075,,
0.7760,97,40.7,21.8,0.0075,,
0.7840,98,41.7,21.8,0.0075,,
0.7915,99,42.5,21.8,0.0075,,
0.8000,100,43.4,21.8,0.0085,,
0.8085,101,44.2,21.8,0.0085,,
0.8170,102,45.3,21.8,0.0075,,
0.8255,103,46.5,21.8,0.0075,,
0.8340,104,47.2,21.8,0.0075,,
0.8415,105,48.1,21.8,0.0075,,
0.8500,106,49.0,21.8,0.0085,,
0.8580,107,50.2,21.8,0.0080,,
0.8665,108,51.2,21.8,0.0075,,
0.8750,109,52.0,21.8,0.0075,,
0.8835,110,53.1,21.8,0.0075,,
0.8910,111,54.0,21.8,0.0075,,
0.8995,112,55.2,21.8,0.0085,,
0.9080,113,56.2,21.8,0.0075,,
0.9165,114,57.1,21.8,0.0075,,
0.9245,115,58.2,21.8,0.0075,,
0.9330,116,59.4,21.8,0.0075,,
0.9405,117,60.3,21.8,0.0075,,
0.9490,118,61.5,21.8,0.0085,,
0.9575,119,62.4,21.8,0.0075,,
0.9660,120,63.6,21.8,0.0075,,
0.9745,121,64.8,21.8,0.0075,,
0.9830,122,65.7,21.8,0.0075,,
0.9905,123,66.8,21.8,0.0075,,
0.9985,124,67.8,21.8,0.0080,,
1.0070,125,69.2,21.8,0.0075,,
1.0155,126,70.5,21.8,0.0075,,
1.0240,127,71.5,21.8,0.0075,,
1.0325,128,72.7,21.8,0.0075,,
1.0400,129,73.9,21.8,0.0075,,
1.0485,130,75.4,21.8,0.0085,,
1.0570,131,76.8,21.8,0.0085,,
1.0650,132,78.0,21.8,0.0075,,
1.0735,133,79.2,21.8,0.0075,,
1.0820,134,80.7,21.8,0.0075,,
1.0895,135,82.0,21.8,0.0075,,
1.0980,136,83.7,21.8,0.0085,,
1.1065,137,85.0,21.8,0.0085,,
1.1150,138,86.4,21.8,0.0075,,
1.1230,139,88.2,21.8,0.0075,,
1.1315,140,89.8,21.8,0.0075,,
1.1390,141,91.3,21.8,0.0075,,
1.1475,142,92.9,21.8,0.0085,,
1.1560,143,94.6,21.8,0.0085,,
1.1645,144,96.6,21.8,0.0075,,
1.1730,145,98.6,21.8,0.0075,,
1.1810,146,100.6,21.8,0.0075,,
1.1895,147,102.6,21.8,0.0085,,
1.1970,148,104.7,21.8,0.0075,,
1.2055,149,107.3,21.8,0.0085,,
1.2140,150,109.8,21.8,0.0075,,
1.2225,151,112.4,21.8,0.0075,,
1.2310,152,115.4,21.8,0.0075,,
1.2390,153,118.6,21.8,0.0075,,
1.2470,154,121.4,21.8,0.0080,,
1.2550,155,125.1,21.8,0.0080,,
1.2635,156,128.6,21.8,0.0085,,
1.2720,157,132.4,21.8,0.0075,,
1.2805,158,136.5,21.8,0.0075,,
1.2890,159,140.6,21.8,0.0075,,
1.2965,160,144.1,21.8,0.0075,,
1.3050,161,148.0,21.8,0.0085,,
1.3130,162,151.8,21.8,0.0080,,
1.3215,163,155.4,21.8,0.0075,,
1.3300,164,158.6,21.8,0.0075,,
1.3385,165,161.6,21.8,0.0075,,
1.3460,166,164.3,21.8,0.0075,,
1.3545,167,167.1,21.8,0.0085,,
1.3630,168,169.7,21.8,0.0085,,
1.3710,169,171.8,21.8,0.0075,,
1.3795,170,173.9,21.8,0.0075,,
1.3880,171,176.1,21.8,0.0075,,
1.3955,172,177.5,21.8,0.0075,,
1.4040,173,179.6,21.8,0.0085,,
1.4125,174,181.0,21.8,0.0085,,
1.4210,175,182.5,21.8,0.0075,,
1.4295,176,184.1,21.8,0.0075,,
1.4370,177,185.2,21.8,0.0075,,
1.4370,417,187.3,21.8,0.0000,,
1.4375,418,187.4,21.8,0.0005,,
1.4390,419,187.3,21.8,0.0015,,
1.4415,420,187.4,21.8,0.0025,,
1.4455,421,187.9,21.8,0.0035,,
1.4520,422,188.4,21.8,0.0055,,
1.4600,423,189.2,21.8,0.0065,,
1.4680,424,190.2,21.8,0.0075,,
1.4760,425,191.3,21.8,0.0075,,
1.4845,426,192.4,21.8,0.0070,,
1.4930,427,193.4,21.8,0.0070,,
1.5015,428,194.3,21.8,0.0070,,
1.5100,429,195.2,21.8,0.0075,,
1.5175,430,196.2,21.8,0.0070,,
1.5260,431,197.2,21.8,0.0075,,
1.5340,432,197.9,21.8,0.0065,,
1.5425,433,198.6,21.8,0.0070,,
1.5510,434,199.7,21.8,0.0070,,
1.5595,435,200.3,21.8,0.0075,,
1.5670,436,201.2,21.8,0.0070,,
1.5755,437,201.7,21.8,0.0075,,
1.5840,438,202.4,21.8,0.0075,,
1.5925,439,203.3,21.8,0.0070,,
1.6005,440,203.9,21.8,0.0065,,
1.6090,441,204.3,21.8,0.0070,,
1.6165,442,205.0,21.8,0.0070,,
1.6250,443,205.6,21.8,0.0075,,
1.6335,444,206.4,21.8,0.0075,,
1.6420,445,206.9,21.8,0.0070,,
1.6505,446,207.4,21.8,0.0070,,
1.6585,447,208.1,21.8,0.0065,,
1.6665,448,208.5,21.8,0.0075,,
1.6745,449,209.2,21.8,0.0075,,
1.6830,450,209.6,21.8,0.0075,,
1.6915,451,210.0,21.8,0.0070,,
1.7000,452,210.7,21.8,0.0070,,
1.7085,453,211.4,21.8,0.0070,,
1.7160,454,211.7,21.8,0.0070,,
1.7245,455,212.2,21.8,0.0075,,
1.7325,456,212.4,21.8,0.0075,,
1.7410,457,212.9,21.8,0.0070,,
1.7495,458,213.6,21.8,0.0070,,
1.7580,459,214.0,21.8,0.0070,,
1.7655,460,214.4,21.8,0.0070,,
1.7740,461,214.6,21.8,0.0075,,
1.7825,462,215.3,21.8,0.0075,,
1.7910,463,215.8,21.8,0.0070,,
1.7990,464,216.1,21.8,0.0065,,
1.8075,465,216.4,21.8,0.0070,,
1.8150,466,216.8,21.8,0.0070,,
1.8235,467,217.3,21.8,0.0075,,
1.8320,468,217.8,21.8,0.0075,,
1.8405,469,218.0,21.8,0.0070,,
1.8490,470,218.4,21.8,0.0070,,
1.8570,471,218.9,21.8,0.0065,,
1.8650,472,219.0,21.8,0.0075,,
1.8730,473,219.5,21.8,0.0075,,
1.8815,474,219.7,21.8,0.0075,,
1.8900,475,220.2,21.8,0.0070,,
1.8985,476,220.7,21.8,0.0070,,
1.9070,477,220.9,21.8,0.0070,,
1.9145,478,221.2,21.8,0.0070,,
1.9230,479,221.5,21.8,0.0075,,
1.9315,480,221.9,21.8,0.0075,,
1.9395,481,222.4,21.8,0.0065,,
1.9480,482,222.5,21.8,0.0070,,
1.9565,483,222.8,21.8,0.0070,,
1.9640,484,223.0,21.8,0.0070,,
1.9725,485,223.5,21.8,0.0075,,
1.9810,486,223.8,21.8,0.0070,,
1.9895,487,223.9,21.8,0.0070,,
1.9980,488,224.3,21.8,0.0070,,
2.0060,489,224.5,21.8,0.0075,,
2.0140,490,225.0,21.8,0.0075,,
2.0220,491,225.3,21.8,0.0075,,
2.0305,492,225.4,21.8,0.0070,,
2.0390,493,225.8,21.8,0.0070,,
2.0475,494,226.2,21.8,0.0070,,
2.0560,495,226.5,21.8,0.0075,,
2.0635,496,226.7,21.8,0.0070,,
2.0720,497,226.7,21.8,0.0075,,
2.0800,498,227.2,21.8,0.0065,,
2.0885,499,227.5,21.8,0.0070,,
2.0970,500,227.5,21.8,0.0070,,
2.1055,501,227.7,21.8,0.0070,,
2.1130,502,227.9,21.8,0.0070,,
2.1215,503,228.3,21.8,0.0075,,
2.1300,504,228.7,21.8,0.0070,,
2.1385,505,228.7,21.8,0.0070,,
2.1465,506,228.9,21.8,0.0065,,
2.1550,507,229.4,21.8,0.0070,,
2.1625,508,229.6,21.8,0.0070,,
2.1710,509,229.8,21.8,0.0070,,
2.1795,510,229.9,21.8,0.0075,,
2.1880,511,230.2,21.8,0.0070,,
2.1965,512,230.7,21.8,0.0070,,
2.2045,513,230.9,21.8,0.0065,,
2.2125,514,231.2,21.8,0.0075,,
2.2205,515,231.2,21.8,0.0075,,
2.2290,516,231.5,21.8,0.0075,,
2.2375,517,231.8,21.8,0.0070,,
2.2460,518,232.0,21.8,0.0070,,
2.2545,519,232.0,21.8,0.0070,,
2.2620,520,232.2,21.8,0.0070,,
2.2705,521,232.4,21.9,0.0075,,
2.2785,522,232.8,21.9,0.0075,,
2.2870,523,232.9,21.9,0.0070,,
2.2955,524,232.9,21.9,0.0070,,
2.3040,525,233.2,21.9,0.0070,,
2.3125,526,233.3,21.9,0.0075,,
2.3200,527,233.8,21.9,0.0070,,
2.3280,528,233.9,21.9,0.0075,,
2.3365,529,233.9,21.8,0.0070,,
2.3410,530,234.3,21.9,0.0035,,
2.3420,531,234.6,21.9,0.0010,,
2.3425,532,234.5,21.9,0.0005,,
2.3435,533,234.6,21.9,0.0010,,
2.3445,534,234.4,21.9,0.0010,,
2.3465,535,234.5,21.8,0.0015,,
2.3485,536,234.8,21.9,0.0015,,
2.3500,537,234.6,21.9,0.0010,,
2.3520,538,234.8,21.9,0.0020,,
2.3535,539,234.6,21.9,0.0015,,
2.3555,540,234.8,21.9,0.0020,,
2.3570,541,234.9,21.9,0.0010,,
2.3600,542,235.0,21.9,0.0020,,
Scope 1/1, Sample 28/32 (T20)
Result,TitrationEP1
V,t,E,T,dV/dt,E acc. stat.,Volume acc. stat.
0.0000,0,-70.8,21.6,NaN,,
0.0005,1,-70.9,21.6,0.0005,,
0.0025,2,-71.0,21.6,0.0020,,
0.0050,3,-70.7,21.6,0.0025,,
0.0085,4,-70.7,21.6,0.0030,,
0.0150,5,-70.5,21.6,0.0060,,
0.0230,6,-69.8,21.6,0.0075,,
0.0315,7,-68.7,21.6,0.0075,,
0.0390,8,-67.7,21.6,0.0075,,
0.0475,9,-66.4,21.6,0.0085,,
0.0560,10,-65.3,21.6,0.0075,,
0.0640,11,-63.7,21.6,0.0075,,
0.0725,12,-62.0,21.6,0.0075,,
0.0810,13,-60.5,21.6,0.0075,,
0.0885,14,-58.7,21.6,0.0075,,
0.0970,15,-57.0,21.6,0.0085,,
0.1055,16,-55.0,21.6,0.0075,,
0.1140,17,-52.7,21.6,0.0075,,
0.1220,18,-50.6,21.6,0.0075,,
0.1305,19,-48.6,21.6,0.0075,,
0.1380,20,-46.3,21.6,0.0075,,
0.1465,21,-43.7,21.6,0.0085,,
0.1550,22,-41.0,21.6,0.0085,,
0.1635,23,-38.3,21.6,0.0075,,
0.1720,24,-35.7,21.6,0.0075,,
0.1805,25,-32.6,21.6,0.0075,,
0.1880,26,-30.0,21.6,0.0075,,
0.1965,27,-26.9,21.6,0.0085,,
0.2045,28,-24.4,21.6,0.0075,,
0.2130,29,-22.0,21.6,0.0075,,
0.2215,30,-19.7,21.6,0.0075,,
0.2300,31,-17.7,21.6,0.0075,,
0.2375,32,-16.0,21.6,0.0075,,
0.2460,33,-14.4,21.6,0.0085,,
0.2545,34,-12.8,21.6,0.0075,,
0.2630,35,-11.1,21.6,0.0075,,
0.2710,36,-9.7,21.6,0.0075,,
0.2795,37,-8.5,21.6,0.0075,,
0.2870,38,-7.2,21.6,0.0075,,
0.2955,39,-6.0,21.6,0.0085,,
0.3040,40,-4.6,21.6,0.0075,,
0.3125,41,-3.4,21.6,0.0075,,
0.3210,42,-2.6,21.6,0.0075,,
0.3290,43,-1.4,21.6,0.0075,,
0.3370,44,-0.6,21.6,0.0080,,
0.3450,45,0.6,21.6,0.0080,,
0.3535,46,1.5,21.6,0.0075,,
0.3620,47,2.3,21.6,0.0075,,
0.3705,48,3.4,21.6,0.0075,,
0.3790,49,4.4,21.6,0.0075,,
0.3865,50,5.3,21.6,0.0075,,
0.3950,51,6.1,21.6,0.0085,,
0.4030,52,6.9,21.6,0.0075,,
0.4115,53,8.0,21.6,0.0075,,
0.4200,54,8.9,21.6,0.0075,,
0.4285,55,9.6,21.6,0.0075,,
0.4360,56,10.5,21.6,0.0075,,
0.4445,57,11.2,21.6,0.0085,,
0.4530,58,12.2,21.6,0.0075,,
0.4615,59,13.1,21.6,0.0075,,
0.4695,60,13.8,21.6,0.0075,,
0.4780,61,14.7,21.6,0.0075,,
0.4855,62,15.3,21.6,0.0075,,
0.4940,63,16.4,21.6,0.0085,,
0.5025,64,17.3,21.6,0.0085,,
0.5110,65,17.9,21.6,0.0075,,
0.5195,66,18.8,21.6,0.0075,,
0.5275,67,19.9,21.6,0.0075,,
0.5355,68,20.5,21.6,0.0080,,
0.5435,69,21.4,21.6,0.0080,,
0.5520,70,22.1,21.6,0.0085,,
0.5605,71,23.0,21.6,0.0075,,
0.5690,72,23.9,21.6,0.0075,,
0.5775,73,24.6,21.6,0.0075,,
0.5860,74,25.5,21.6,0.0085,,
0.5935,75,26.1,21.6,0.0075,,
0.6015,76,26.9,21.6,0.0080,,
0.6100,77,27.9,21.6,0.0075,,
0.6185,78,28.7,21.6,0.0075,,
0.6270,79,29.4,21.6,0.0075,,
0.6355,80,30.2,21.6,0.0085,,
0.6430,81,31.1,21.6,0.0075,,
0.6515,82,32.1,21.6,0.0085,,
0.6600,83,32.9,21.6,0.0075,,
0.6680,84,33.6,21.6,0.0075,,
0.6765,85,34.7,21.6,0.0075,,
0.6850,86,35.8,21.6,0.0075,,
0.6925,87,36.5,21.6,0.0075,,
0.7010,88,37.3,21.6,0.0085,,
0.7095,89,38.0,21.6,0.0075,,
0.7180,90,39.1,21.6,0.0075,,
0.7260,91,40.0,21.6,0.0075,,
0.7345,92,40.9,21.6,0.0075,,
0.7420,93,41.8,21.6,0.0075,,
0.7505,94,42.5,21.6,0.0085,,
0.7590,95,43.5,21.6,0.0085,,
0.7675,96,44.7,21.6,0.0075,,
0.7760,97,45.3,21.6,0.0075,,
0.7840,98,46.3,21.6,0.0075,,
0.7920,99,47.1,21.6,0.0080,,
0.8000,100,48.3,21.6,0.0080,,
0.8085,101,49.3,21.6,0.0075,,
0.8170,102,50.1,21.6,0.0075,,
0.8255,103,51.1,21.6,0.0075,,
0.8340,104,52.2,21.6,0.0075,,
0.8415,105,53.0,21.6,0.0075,,
0.8500,106,54.1,21.6,0.0085,,
0.8585,107,54.9,21.6,0.0075,,
0.8665,108,56.0,21.6,0.0075,,
0.8750,109,57.1,21.6,0.0075,,
0.8835,110,57.9,21.6,0.0075,,
0.8910,111,59.0,21.6,0.0075,,
0.8995,112,60.0,21.6,0.0085,,
0.9080,113,61.2,21.6,0.0075,,
0.9165,114,62.5,21.6,0.0075,,
0.9250,115,63.4,21.6,0.0075,,
0.9330,116,64.4,21.6,0.0080,,
0.9410,117,65.6,21.6,0.0080,,
0.9490,118,67.0,21.6,0.0080,,
0.9575,119,68.1,21.6,0.0075,,
0.9660,120,69.1,21.6,0.0075,,
0.9745,121,70.3,21.6,0.0075,,
0.9830,122,71.7,21.6,0.0075,,
0.9905,123,72.8,21.6,0.0075,,
0.9990,124,74.1,21.6,0.0085,,
1.0070,125,75.2,21.6,0.0075,,
1.0155,126,76.5,21.7,0.0075,,
1.0240,127,78.0,21.6,0.0075,,
1.0325,128,79.3,21.7,0.0075,,
1.0400,129,80.6,21.6,0.0075,,
1.0485,130,81.8,21.6,0.0085,,
1.0570,131,83.2,21.6,0.0085,,
1.0650,132,84.9,21.7,0.0075,,
1.0735,133,86.3,21.7,0.0075,,
1.0820,134,87.9,21.7,0.0075,,
1.0895,135,89.3,21.7,0.0075,,
1.0980,136,91.1,21.7,0.0085,,
1.1065,137,93.0,21.7,0.0085,,
1.1150,138,94.5,21.7,0.0075,,
1.1230,139,96.3,21.7,0.0075,,
1.1315,140,98.4,21.7,0.0075,,
1.1400,141,100.2,21.7,0.0085,,
1.1475,142,102.2,21.7,0.0075,,
1.1560,143,104.3,21.7,0.0085,,
1.1645,144,106.5,21.7,0.0075,,
1.1730,145,109.1,21.7,0.0075,,
1.1810,146,111.7,21.7,0.0075,,
1.1895,147,114.2,21.7,0.0075,,
1.1970,148,116.7,21.7,0.0075,,
1.2055,149,119.6,21.7,0.0085,,
1.2140,150,123.1,21.7,0.0075,,
1.2225,151,126.6,21.7,0.0075,,
1.2310,152,130.1,21.7,0.0075,,
1.2395,153,133.8,21.7,0.0075,,
1.2470,154,137.3,21.7,0.0075,,
1.2550,155,141.4,21.7,0.0080,,
1.2635,156,145.7,21.7,0.0075,,
1.2720,157,149.2,21.7,0.0075,,
1.2805,158,152.7,21.7,0.0075,,
1.2890,159,156.4,21.7,0.0075,,
1.2965,160,159.3,21.7,0.0075,,
1.3050,161,162.1,21.7,0.0085,,
1.3135,162,164.8,21.7,0.0075,,
1.3220,163,167.5,21.7,0.0075,,
1.3300,164,170.3,21.7,0.0075,,
1.3385,165,172.2,21.7,0.0085,,
1.3460,166,174.4,21.7,0.0075,,
1.3545,167,176.1,21.7,0.0085,,
1.3630,168,178.0,21.7,0.0075,,
1.3715,169,179.8,21.7,0.0075,,
1.3800,170,181.3,21.7,0.0075,,
1.3880,171,182.9,21.7,0.0080,,
1.3960,172,184.1,21.7,0.0080,,
1.4030,173,185.1,21.7,0.0080,,
1.4030,413,187.4,21.7,0.0000,,
1.4035,414,187.2,21.7,0.0005,,
1.4050,415,187.3,21.7,0.0015,,
1.4075,416,187.6,21.7,0.0020,,
1.4115,417,187.9,21.7,0.0035,,
1.4180,418,188.5,21.7,0.0055,,
1.4265,419,189.3,21.7,0.0075,,
1.4340,420,190.6,21.7,0.0070,,
1.4425,421,191.8,21.7,0.0075,,
1.4510,422,192.6,21.7,0.0070,,
1.4595,423,193.7,21.7,0.0070,,
1.4675,424,194.9,21.7,0.0065,,
1.4760,425,195.5,21.7,0.0075,,
1.4835,426,196.6,21.7,0.0070,,
1.4920,427,197.3,21.7,0.0075,,
1.5005,428,198.1,21.7,0.0070,,
1.5090,429,199.2,21.7,0.0070,,
1.5175,430,199.8,21.7,0.0070,,
1.5255,431,200.4,21.7,0.0065,,
1.5335,432,201.1,21.7,0.0075,,
1.5415,433,201.8,21.7,0.0075,,
1.5500,434,202.7,21.7,0.0075,,
1.5585,435,203.3,21.7,0.0070,,
1.5670,436,203.9,21.7,0.0070,,
1.5755,437,204.6,21.7,0.0070,,
1.5830,438,205.1,21.7,0.0070,,
1.5915,439,205.9,21.7,0.0075,,
1.5995,440,206.5,21.7,0.0075,,
1.6080,441,206.9,21.7,0.0070,,
1.6165,442,207.7,21.7,0.0070,,
1.6250,443,208.3,21.7,0.0070,,
1.6325,444,208.8,21.7,0.0070,,
1.6410,445,209.3,21.7,0.0075,,
1.6495,446,209.8,21.7,0.0075,,
1.6580,447,210.4,21.7,0.0070,,
1.6660,448,211.1,21.7,0.0065,,
1.6745,449,211.4,21.7,0.0070,,
1.6820,450,211.9,21.7,0.0070,,
1.6905,451,212.2,21.7,0.0075,,
1.6990,452,212.8,21.7,0.0075,,
1.7075,453,213.3,21.7,0.0070,,
1.7160,454,213.6,21.7,0.0070,,
1.7240,455,214.1,21.7,0.0065,,
1.7320,456,214.4,21.7,0.0075,,
1.7400,457,215.0,21.7,0.0075,,
1.7485,458,215.6,21.7,0.0075,,
1.7570,459,215.8,21.7,0.0070,,
1.7655,460,216.1,21.7,0.0070,,
1.7740,461,216.8,21.7,0.0070,,
1.7815,462,217.1,21.7,0.0070,,
1.7900,463,217.5,21.7,0.0075,,
1.7985,464,217.7,21.7,0.0075,,
1.8065,465,218.1,21.7,0.0065,,
1.8150,466,218.6,21.7,0.0070,,
1.8235,467,218.9,21.7,0.0070,,
1.8310,468,219.3,21.7,0.0070,,
1.8395,469,219.5,21.7,0.0075,,
1.8480,470,220.1,21.7,0.0070,,
1.8565,471,220.5,21.7,0.0070,,
1.8650,472,220.7,21.7,0.0070,,
1.8730,473,221.1,21.7,0.0075,,
1.8810,474,221.4,21.7,0.0075,,
1.8890,475,221.9,21.7,0.0075,,
1.8975,476,222.2,21.7,0.0070,,
1.9060,477,222.4,21.7,0.0070,,
1.9145,478,222.8,21.7,0.0070,,
1.9230,479,223.0,21.7,0.0075,,
1.9305,480,223.5,21.7,0.0070,,
1.9390,481,223.7,21.7,0.0075,,
1.9470,482,223.8,21.7,0.0065,,
1.9555,483,224.2,21.7,0.0070,,
1.9640,484,224.5,21.7,0.0070,,
1.9725,485,224.7,21.7,0.0070,,
1.9800,486,225.1,21.7,0.0070,,
1.9885,487,225.2,21.7,0.0075,,
1.9970,488,225.6,21.7,0.0075,,
2.0055,489,226.0,21.7,0.0070,,
2.0135,490,226.1,21.7,0.0065,,
2.0220,491,226.4,21.7,0.0070,,
2.0295,492,226.7,21.7,0.0070,,
2.0380,493,227.0,21.7,0.0075,,
2.0465,494,227.4,21.7,0.0075,,
2.0550,495,227.5,21.7,0.0070,,
2.0635,496,227.8,21.7,0.0070,,
2.0715,497,228.2,21.7,0.0065,,
2.0795,498,228.3,21.7,0.0075,,
2.0875,499,228.8,21.7,0.0075,,
2.0960,500,228.9,21.7,0.0075,,
2.1045,501,229.0,21.7,0.0070,,
2.1130,502,229.5,21.7,0.0070,,
2.1215,503,229.7,21.7,0.0070,,
2.1290,504,229.9,21.7,0.0070,,
2.1375,505,230.1,21.7,0.0075,,
2.1455,506,230.1,21.7,0.0075,,
2.1540,507,230.5,21.7,0.0070,,
2.1625,508,230.9,21.7,0.0070,,
2.1710,509,230.9,21.7,0.0070,,
2.1785,510,231.2,21.7,0.0070,,
2.1870,511,231.3,21.7,0.0075,,
2.1955,512,231.7,21.7,0.0075,,
2.2035,513,232.0,21.7,0.0065,,
2.2120,514,232.0,21.7,0.0070,,
2.2205,515,232.4,21.7,0.0070,,
2.2280,516,232.4,21.7,0.0070,,
2.2365,517,232.8,21.7,0.0075,,
2.2450,518,232.9,21.7,0.0075,,
2.2535,519,232.9,21.7,0.0070,,
2.2615,520,233.2,21.7,0.0065,,
2.2700,521,233.6,21.7,0.0070,,
2.2780,522,233.7,21.7,0.0075,,
2.2855,523,234.0,21.7,0.0070,,
2.2935,524,234.0,21.7,0.0075,,
2.3005,525,234.4,21.7,0.0060,,
2.3030,526,234.6,21.7,0.0020,,
2.3035,527,234.5,21.7,0.0005,,
2.3040,528,234.6,21.7,0.0005,,
2.3050,529,234.4,21.7,0.0010,,
2.3055,530,234.6,21.7,0.0005,,
2.3065,531,234.7,21.7,0.0010,,
2.3080,532,234.6,21.7,0.0010,,
2.3100,533,234.6,21.7,0.0015,,
2.3125,534,234.6,21.7,0.0025,,
2.3140,535,234.9,21.7,0.0015,,
2.3160,536,234.9,21.7,0.0020,,
2.3170,537,234.7,21.7,0.0010,,
2.3185,538,234.8,21.7,0.0010,,
2.3185,538,235.0,21.7,0.0000,,
Scope 1/1, Sample 29/32 (T21)
Result,TitrationEP1
V,t,E,T,dV/dt,E acc. stat.,Volume acc. stat.
0.0000,0,-71.7,21.5,NaN,,
0.0010,1,-71.7,21.5,0.0010,,
0.0025,2,-71.5,21.5,0.0015,,
0.0050,3,-71.5,21.5,0.0025,,
0.0090,4,-71.5,21.5,0.0035,,
0.0150,5,-71.4,21.5,0.0055,,
0.0235,6,-70.7,21.5,0.0075,,
0.0320,7,-69.7,21.5,0.0075,,
0.0405,8,-68.9,21.5,0.0075,,
0.0480,9,-67.8,21.5,0.0070,,
0.0565,10,-66.7,21.5,0.0075,,
0.0650,11,-65.0,21.5,0.0075,,
0.0735,12,-63.5,21.5,0.0075,,
0.0815,13,-62.0,21.5,0.0075,,
0.0900,14,-60.2,21.5,0.0075,,
0.0975,15,-58.7,21.5,0.0070,,
0.1060,16,-56.6,21.5,0.0075,,
0.1145,17,-54.7,21.5,0.0075,,
0.1230,18,-52.9,21.5,0.0075,,
0.1315,19,-50.7,21.6,0.0075,,
0.1395,20,-48.7,21.5,0.0080,,
0.1475,21,-46.2,21.5,0.0075,,
0.1555,22,-43.6,21.5,0.0075,,
0.1640,23,-41.2,21.5,0.0075,,
0.1725,24,-38.4,21.6,0.0075,,
0.1810,25,-35.4,21.5,0.0075,,
0.1895,26,-32.7,21.5,0.0075,,
0.1970,27,-30.0,21.5,0.0075,,
0.2055,28,-27.5,21.5,0.0075,,
0.2135,29,-24.9,21.5,0.0075,,
0.2220,30,-22.4,21.6,0.0075,,
0.2305,31,-20.5,21.5,0.0075,,
0.2390,32,-18.5,21.6,0.0075,,
0.2475,33,-17.0,21.6,0.0085,,
0.2550,34,-15.2,21.6,0.0070,,
0.2635,35,-13.5,21.6,0.0075,,
0.2715,36,-12.1,21.6,0.0075,,
0.2800,37,-10.8,21.6,0.0075,,
0.2885,38,-9.3,21.6,0.0075,,
0.2970,39,-8.3,21.6,0.0085,,
0.3045,40,-6.8,21.6,0.0070,,
0.3130,41,-5.6,21.6,0.0075,,
0.3215,42,-4.6,21.6,0.0075,,
0.3295,43,-3.3,21.6,0.0075,,
0.3380,44,-2.1,21.6,0.0075,,
0.3465,45,-1.3,21.6,0.0075,,
0.3540,46,-0.3,21.6,0.0070,,
0.3625,47,0.4,21.6,0.0075,,
0.3710,48,1.5,21.6,0.0075,,
0.3795,49,2.5,21.6,0.0075,,
0.3875,50,3.3,21.6,0.0075,,
0.3960,51,4.2,21.6,0.0075,,
0.4035,52,5.0,21.6,0.0070,,
0.4120,53,6.0,21.6,0.0075,,
0.4205,54,7.0,21.6,0.0075,,
0.4290,55,7.7,21.6,0.0075,,
0.4375,56,8.6,21.6,0.0075,,
0.4460,57,9.7,21.6,0.0075,,
0.4535,58,10.3,21.6,0.0070,,
0.4620,59,11.2,21.6,0.0075,,
0.4700,60,11.8,21.6,0.0075,,
0.4785,61,12.7,21.6,0.0075,,
0.4870,62,13.8,21.6,0.0075,,
0.4955,63,14.5,21.6,0.0075,,
0.5030,64,15.4,21.6,0.0075,,
0.5115,65,15.9,21.6,0.0075,,
0.5200,66,16.7,21.6,0.0075,,
0.5280,67,17.8,21.6,0.0075,,
0.5365,68,18.5,21.6,0.0075,,
0.5450,69,19.2,21.6,0.0075,,
0.5525,70,19.9,21.6,0.0075,,
0.5610,71,20.8,21.6,0.0075,,
0.5695,72,21.9,21.6,0.0075,,
0.5780,73,22.6,21.6,0.0075,,
0.5865,74,23.4,21.6,0.0075,,
0.5945,75,24.5,21.6,0.0075,,
0.6025,76,25.0,21.6,0.0080,,
0.6105,77,26.0,21.6,0.0075,,
0.6190,78,26.6,21.6,0.0075,,
0.6275,79,27.3,21.6,0.0075,,
0.6360,80,28.4,21.6,0.0075,,
0.6445,81,29.2,21.6,0.0075,,
0.6520,82,30.1,21.6,0.0075,,
0.6605,83,30.7,21.6,0.0075,,
0.6685,84,31.5,21.6,0.0075,,
0.6770,85,32.6,21.6,0.0075,,
0.6855,86,33.4,21.6,0.0075,,
0.6940,87,34.0,21.6,0.0075,,
0.7025,88,34.9,21.6,0.0085,,
0.7100,89,35.6,21.6,0.0070,,
0.7185,90,36.8,21.6,0.0075,,
0.7265,91,37.6,21.6,0.0075,,
0.7350,92,38.3,21.6,0.0075,,
0.7435,93,39.3,21.6,0.0075,,
0.7520,94,40.0,21.6,0.0085,,
0.7595,95,41.1,21.6,0.0070,,
0.7680,96,42.0,21.6,0.0075,,
0.7765,97,42.7,21.6,0.0075,,
0.7850,98,43.8,21.6,0.0075,,
0.7930,99,44.7,21.6,0.0075,,
0.8015,100,45.7,21.6,0.0085,,
0.8090,101,46.5,21.6,0.0070,,
0.8175,102,47.2,21.6,0.0075,,
0.8260,103,48.4,21.6,0.0075,,
0.8345,104,49.5,21.6,0.0075,,
0.8430,105,50.2,21.6,0.0075,,
0.8510,106,51.2,21.6,0.0065,,
0.8590,107,52.0,21.6,0.0075,,
0.8670,108,53.3,21.6,0.0075,,
0.8755,109,54.4,21.6,0.0075,,
0.8840,110,55.2,21.6,0.0075,,
0.8925,111,56.1,21.6,0.0075,,
0.9010,112,57.4,21.6,0.0075,,
0.9085,113,58.2,21.6,0.0075,,
0.9170,114,59.4,21.6,0.0075,,
0.9250,115,60.4,21.6,0.0075,,
0.9335,116,61.3,21.6,0.0075,,
0.9420,117,62.7,21.6,0.0075,,
0.9505,118,63.8,21.6,0.0075,,
0.9580,119,64.9,21.6,0.0075,,
0.9665,120,65.8,21.6,0.0075,,
0.9750,121,66.9,21.6,0.0075,,
0.9835,122,68.3,21.6,0.0075,,
0.9915,123,69.3,21.6,0.0075,,
1.0000,124,70.4,21.6,0.0075,,
1.0075,125,71.6,21.6,0.0070,,
1.0160,126,72.8,21.6,0.0075,,
1.0245,127,74.2,21.6,0.0075,,
1.0330,128,75.3,21.6,0.0075,,
1.0415,129,76.5,21.6,0.0075,,
1.0495,130,78.0,21.6,0.0075,,
1.0575,131,79.2,21.6,0.0080,,
1.0655,132,80.8,21.6,0.0075,,
1.0740,133,81.9,21.6,0.0075,,
1.0825,134,83.2,21.6,0.0075,,
1.0910,135,84.9,21.6,0.0075,,
1.0995,136,86.4,21.6,0.0075,,
1.1070,137,87.9,21.6,0.0070,,
1.1155,138,89.4,21.6,0.0075,,
1.1235,139,91.0,21.6,0.0075,,
1.1320,140,92.9,21.6,0.0075,,
1.1405,141,94.9,21.6,0.0075,,
1.1490,142,96.5,21.6,0.0075,,
1.1575,143,98.4,21.6,0.0085,,
1.1650,144,100.1,21.6,0.0070,,
1.1735,145,102.4,21.6,0.0075,,
1.1820,146,104.6,21.6,0.0075,,
1.1900,147,106.5,21.6,0.0075,,
1.1985,148,108.9,21.6,0.0075,,
1.2070,149,111.2,21.6,0.0085,,
1.2145,150,114.1,21.6,0.0070,,
1.2230,151,116.9,21.6,0.0075,,
1.2315,152,119.5,21.6,0.0075,,
1.2400,153,122.9,21.6,0.0075,,
1.2480,154,126.6,21.6,0.0075,,
1.2565,155,129.8,21.6,0.0085,,
1.2640,156,133.7,21.6,0.0070,,
1.2725,157,137.4,21.6,0.0075,,
1.2810,158,141.2,21.6,0.0075,,
1.2895,159,145.4,21.6,0.0075,,
1.2980,160,149.0,21.6,0.0075,,
1.3060,161,152.6,21.6,0.0075,,
1.3140,162,155.7,21.6,0.0075,,
1.3220,163,158.9,21.6,0.0075,,
1.3305,164,162.0,21.6,0.0075,,
1.3390,165,165.0,21.6,0.0075,,
1.3475,166,167.4,21.6,0.0075,,
1.3560,167,170.0,21.6,0.0075,,
1.3640,168,171.7,21.6,0.0080,,
1.3720,169,174.1,21.6,0.0075,,
1.3800,170,176.3,21.6,0.0075,,
1.3885,171,177.9,21.6,0.0075,,
1.3970,172,179.6,21.6,0.0075,,
1.4055,173,181.4,21.6,0.0075,,
1.4140,174,182.8,21.6,0.0085,,
1.4215,175,184.3,21.6,0.0070,,
1.4300,176,185.1,21.6,0.0075,,
1.4300,416,187.4,21.6,0.0000,,
1.4305,417,187.2,21.6,0.0005,,
1.4320,418,187.3,21.6,0.0010,,
1.4345,419,187.6,21.6,0.0020,,
1.4385,420,187.7,21.6,0.0030,,
1.4450,421,188.3,21.6,0.0050,,
1.4535,422,189.4,21.6,0.0065,,
1.4610,423,190.3,21.6,0.0060,,
1.4695,424,191.6,21.6,0.0070,,
1.4775,425,192.3,21.6,0.0065,,
1.4860,426,193.3,21.6,0.0065,,
1.4945,427,194.5,21.6,0.0065,,
1.5030,428,195.4,21.6,0.0065,,
1.5105,429,196.5,21.6,0.0060,,
1.5190,430,196.9,21.6,0.0070,,
1.5275,431,197.8,21.6,0.0070,,
1.5360,432,198.9,21.6,0.0065,,
1.5440,433,199.5,21.6,0.0060,,
1.5525,434,200.3,21.6,0.0065,,
1.5610,435,200.9,21.6,0.0070,,
1.5685,436,201.6,21.6,0.0060,,
1.5770,437,202.5,21.6,0.0070,,
1.5855,438,203.2,21.6,0.0065,,
1.5940,439,203.8,21.6,0.0065,,
1.6020,440,204.7,21.6,0.0060,,
1.6100,441,205.1,21.6,0.0065,,
1.6180,442,205.8,21.6,0.0065,,
1.6265,443,206.4,21.6,0.0070,,
1.6350,444,206.8,21.6,0.0065,,
1.6435,445,207.5,21.6,0.0065,,
1.6520,446,208.2,21.6,0.0065,,
1.6595,447,208.7,21.6,0.0060,,
1.6680,448,209.1,21.6,0.0070,,
1.6765,449,209.5,21.6,0.0070,,
1.6845,450,210.3,21.6,0.0060,,
1.6930,451,210.8,21.6,0.0065,,
1.7015,452,211.1,21.6,0.0065,,
1.7100,453,211.6,21.6,0.0070,,
1.7175,454,211.9,21.6,0.0060,,
1.7260,455,212.6,21.6,0.0070,,
1.7345,456,213.1,21.6,0.0065,,
1.7425,457,213.4,21.6,0.0060,,
1.7510,458,214.0,21.6,0.0065,,
1.7595,459,214.2,21.6,0.0070,,
1.7670,460,214.9,21.6,0.0060,,
1.7755,461,215.2,21.6,0.0070,,
1.7840,462,215.5,21.6,0.0065,,
1.7925,463,216.0,21.6,0.0065,,
1.8005,464,216.5,21.6,0.0060,,
1.8090,465,216.8,21.6,0.0070,,
1.8165,466,217.2,21.6,0.0060,,
1.8250,467,217.4,21.6,0.0070,,
1.8335,468,217.8,21.6,0.0065,,
1.8420,469,218.4,21.6,0.0065,,
1.8505,470,218.7,21.6,0.0065,,
1.8590,471,219.0,21.6,0.0065,,
1.8665,472,219.4,21.6,0.0060,,
1.8745,473,219.8,21.6,0.0065,,
1.8830,474,220.4,21.6,0.0070,,
1.8915,475,220.6,21.6,0.0065,,
1.9000,476,220.7,21.6,0.0065,,
1.9085,477,221.3,21.6,0.0065,,
1.9160,478,221.4,21.6,0.0060,,
1.9245,479,221.8,21.6,0.0070,,
1.9330,480,222.0,21.6,0.0070,,
1.9410,481,222.3,21.6,0.0060,,
1.9495,482,222.8,21.6,0.0065,,
1.9580,483,223.1,21.6,0.0065,,
1.9655,484,223.4,21.6,0.0060,,
1.9740,485,223.5,21.6,0.0070,,
1.9825,486,223.8,21.6,0.0070,,
1.9910,487,224.3,21.6,0.0065,,
1.9990,488,224.7,21.6,0.0060,,
2.0075,489,224.8,21.6,0.0065,,
2.0150,490,225.2,21.6,0.0060,,
2.0235,491,225.2,21.6,0.0070,,
2.0320,492,225.8,21.6,0.0070,,
2.0405,493,226.1,21.6,0.0065,,
2.0490,494,226.1,21.6,0.0065,,
2.0575,495,226.5,21.6,0.0065,,
2.0650,496,226.6,21.6,0.0060,,
2.0730,497,227.2,21.6,0.0065,,
2.0815,498,227.4,21.6,0.0070,,
2.0900,499,227.4,21.6,0.0065,,
2.0985,500,227.9,21.6,0.0065,,
2.1070,501,228.2,21.6,0.0065,,
2.1145,502,228.5,21.6,0.0060,,
2.1230,503,228.5,21.6,0.0070,,
2.1315,504,228.7,21.6,0.0070,,
2.1395,505,229.1,21.6,0.0060,,
2.1480,506,229.4,21.6,0.0065,,
2.1565,507,229.4,21.6,0.0065,,
2.1640,508,229.7,21.6,0.0060,,
2.1725,509,229.9,21.6,0.0070,,
2.1810,510,230.4,21.6,0.0065,,
2.1895,511,230.5,21.6,0.0065,,
2.1980,512,230.5,21.6,0.0065,,
2.2060,513,230.8,21.6,0.0060,,
2.2140,514,230.9,21.6,0.0065,,
2.2220,515,231.3,21.6,0.0065,,
2.2305,516,231.5,21.6,0.0070,,
2.2390,517,231.5,21.6,0.0065,,
2.2475,518,231.9,21.6,0.0065,,
2.2560,519,232.3,21.6,0.0065,,
2.2635,520,232.4,21.6,0.0060,,
2.2720,521,232.7,21.6,0.0070,,
2.2800,522,232.6,21.6,0.0065,,
2.2885,523,233.0,21.6,0.0065,,
2.2970,524,233.5,21.6,0.0065,,
2.3055,525,233.5,21.6,0.0065,,
2.3130,526,233.8,21.6,0.0060,,
2.3210,527,233.7,21.6,0.0065,,
2.3260,528,233.9,21.6,0.0040,,
2.3270,529,234.2,21.6,0.0010,,
2.3280,530,234.0,21.6,0.0010,,
2.3285,531,233.9,21.6,0.0005,,
2.3300,532,233.9,21.6,0.0010,,
2.3305,533,234.1,21.6,0.0005,,
2.3320,534,234.3,21.6,0.0010,,
2.3330,535,234.1,21.6,0.0010,,
2.3350,536,234.0,21.6,0.0015,,
2.3360,537,234.4,21.6,0.0010,,
2.3370,538,234.4,21.6,0.0010,,
2.3375,539,234.6,21.6,0.0005,,
2.3385,540,234.5,21.6,0.0010,,
2.3385,541,234.3,21.6,0.0000,,
2.3395,542,234.5,21.6,0.0010,,
2.3410,543,234.7,21.6,0.0010,,
2.3430,544,234.7,21.6,0.0015,,
2.3445,545,234.5,21.6,0.0010,,
2.3460,546,234.5,21.6,0.0010,,
2.3480,547,234.8,21.6,0.0015,,
2.3495,548,234.8,21.6,0.0010,,
2.3500,549,234.6,21.6,0.0005,,
2.3510,550,234.6,21.6,0.0010,,
2.3515,551,234.6,21.6,0.0005,,
2.3520,552,234.9,21.6,0.0005,,
2.3525,553,234.8,21.6,0.0005,,
2.3535,554,234.6,21.6,0.0010,,
2.3545,555,234.8,21.6,0.0010,,
2.3545,556,234.6,21.6,0.0000,,
2.3550,557,235.0,21.6,0.0010,,
Scope 1/1, Sample 30/32 (T22)
Result,TitrationEP1
V,t,E,T,dV/dt,E acc. stat.,Volume acc. stat.
0.0000,0,-71.5,21.5,NaN,,
0.0005,1,-71.4,21.5,0.0005,,
0.0025,2,-71.5,21.5,0.0020,,
0.0050,3,-71.5,21.5,0.0025,,
0.0085,4,-71.3,21.5,0.0030,,
0.0150,5,-71.1,21.5,0.0060,,
0.0230,6,-71.0,21.5,0.0075,,
0.0305,7,-70.2,21.5,0.0075,,
0.0390,8,-69.1,21.5,0.0085,,
0.0475,9,-67.7,21.5,0.0085,,
0.0560,10,-66.4,21.5,0.0075,,
0.0645,11,-65.2,21.5,0.0075,,
0.0725,12,-63.6,21.5,0.0075,,
0.0800,13,-62.3,21.5,0.0075,,
0.0885,14,-60.4,21.5,0.0085,,
0.0970,15,-58.7,21.5,0.0085,,
0.1055,16,-57.1,21.5,0.0075,,
0.1140,17,-55.0,21.5,0.0075,,
0.1225,18,-52.9,21.5,0.0075,,
0.1300,19,-51.0,21.5,0.0075,,
0.1385,20,-48.9,21.5,0.0085,,
0.1465,21,-46.8,21.5,0.0080,,
0.1550,22,-44.2,21.5,0.0075,,
0.1635,23,-41.6,21.5,0.0075,,
0.1720,24,-39.2,21.5,0.0075,,
0.1795,25,-36.6,21.5,0.0075,,
0.1880,26,-34.1,21.5,0.0085,,
0.1965,27,-31.2,21.5,0.0085,,
0.2045,28,-28.3,21.5,0.0075,,
0.2130,29,-25.9,21.5,0.0075,,
0.2215,30,-23.7,21.5,0.0075,,
0.2300,31,-21.7,21.5,0.0085,,
0.2375,32,-19.6,21.5,0.0075,,
0.2460,33,-17.6,21.5,0.0085,,
0.2545,34,-16.1,21.5,0.0075,,
0.2630,35,-14.4,21.5,0.0075,,
0.2710,36,-12.6,21.5,0.0075,,
0.2790,37,-11.5,21.5,0.0080,,
0.2870,38,-10.1,21.5,0.0080,,
0.2955,39,-9.0,21.5,0.0085,,
0.3040,40,-7.8,21.5,0.0075,,
0.3125,41,-6.3,21.5,0.0075,,
0.3210,42,-5.1,21.5,0.0075,,
0.3285,43,-4.1,21.5,0.0075,,
0.3370,44,-3.3,21.5,0.0085,,
0.3450,45,-2.2,21.5,0.0080,,
0.3535,46,-1.1,21.5,0.0075,,
0.3620,47,-0.3,21.5,0.0075,,
0.3705,48,0.6,21.5,0.0075,,
0.3780,49,1.4,21.5,0.0075,,
0.3865,50,2.5,21.5,0.0085,,
0.3950,51,3.6,21.5,0.0085,,
0.4035,52,4.3,21.5,0.0075,,
0.4115,53,5.1,21.5,0.0075,,
0.4200,54,6.0,21.5,0.0075,,
0.4285,55,6.8,21.5,0.0085,,
0.4360,56,7.8,21.5,0.0075,,
0.4445,57,8.4,21.5,0.0085,,
0.4530,58,9.3,21.5,0.0075,,
0.4615,59,10.4,21.5,0.0075,,
0.4695,60,11.2,21.5,0.0075,,
0.4780,61,12.0,21.5,0.0085,,
0.4855,62,12.5,21.5,0.0075,,
0.4940,63,13.2,21.5,0.0085,,
0.5025,64,14.3,21.5,0.0075,,
0.5110,65,15.0,21.5,0.0075,,
0.5195,66,15.7,21.5,0.0075,,
0.5280,67,16.4,21.5,0.0085,,
0.5355,68,17.2,21.5,0.0075,,
0.5435,69,18.2,21.5,0.0080,,
0.5520,70,18.9,21.5,0.0075,,
0.5605,71,19.6,21.5,0.0075,,
0.5690,72,20.6,21.5,0.0075,,
0.5775,73,21.1,21.5,0.0085,,
0.5850,74,22.2,21.5,0.0075,,
0.5935,75,22.9,21.5,0.0085,,
0.6020,76,23.5,21.5,0.0075,,
0.6100,77,24.5,21.5,0.0075,,
0.6185,78,25.5,21.5,0.0075,,
0.6270,79,26.1,21.5,0.0075,,
0.6345,80,27.0,21.5,0.0075,,
0.6430,81,27.6,21.5,0.0085,,
0.6515,82,28.5,21.5,0.0085,,
0.6600,83,29.5,21.5,0.0075,,
0.6680,84,30.1,21.5,0.0075,,
0.6765,85,30.9,21.5,0.0075,,
0.6840,86,31.6,21.5,0.0075,,
0.6925,87,32.6,21.5,0.0085,,
0.7010,88,33.5,21.5,0.0085,,
0.7095,89,34.2,21.5,0.0075,,
0.7180,90,35.1,21.5,0.0075,,
0.7265,91,36.2,21.5,0.0075,,
0.7340,92,36.8,21.5,0.0075,,
0.7425,93,37.8,21.5,0.0085,,
0.7505,94,38.5,21.5,0.0080,,
0.7590,95,39.3,21.5,0.0075,,
0.7675,96,40.4,21.5,0.0075,,
0.7760,97,41.2,21.5,0.0075,,
0.7835,98,42.1,21.5,0.0075,,
0.7920,99,42.7,21.5,0.0085,,
0.8005,100,43.6,21.5,0.0085,,
0.8085,101,44.8,21.5,0.0075,,
0.8170,102,45.6,21.5,0.0075,,
0.8255,103,46.4,21.5,0.0075,,
0.8330,104,47.3,21.5,0.0075,,
0.8415,105,48.3,21.5,0.0085,,
0.8500,106,49.5,21.5,0.0085,,
0.8585,107,50.3,21.5,0.0075,,
0.8670,108,51.2,21.5,0.0075,,
0.8750,109,52.4,21.5,0.0075,,
0.8825,110,53.1,21.5,0.0075,,
0.8910,111,54.3,21.5,0.0085,,
0.8995,112,55.2,21.5,0.0085,,
0.9080,113,56.1,21.5,0.0075,,
0.9165,114,57.4,21.5,0.0075,,
0.9250,115,58.4,21.5,0.0075,,
0.9325,116,59.5,21.5,0.0075,,
0.9410,117,60.3,21.5,0.0085,,
0.9490,118,61.4,21.5,0.0080,,
0.9575,119,62.6,21.5,0.0075,,
0.9660,120,63.7,21.5,0.0075,,
0.9745,121,64.6,21.5,0.0075,,
0.9820,122,65.7,21.5,0.0075,,
0.9905,123,66.9,21.5,0.0085,,
0.9990,124,68.3,21.5,0.0085,,
1.0075,125,69.3,21.5,0.0075,,
1.0155,126,70.4,21.5,0.0075,,
1.0240,127,71.7,21.5,0.0075,,
1.0315,128,72.8,21.5,0.0075,,
1.0400,129,74.2,21.5,0.0085,,
1.0485,130,75.4,21.5,0.0085,,
1.0570,131,76.4,21.5,0.0075,,
1.0655,132,77.9,21.5,0.0075,,
1.0735,133,79.3,21.5,0.0075,,
1.0820,134,80.5,21.5,0.0085,,
1.0895,135,81.9,21.5,0.0070,,
1.0980,136,83.2,21.5,0.0085,,
1.1065,137,84.8,21.5,0.0075,,
1.1150,138,86.4,21.5,0.0075,,
1.1235,139,87.9,21.5,0.0075,,
1.1310,140,89.4,21.5,0.0075,,
1.1395,141,91.0,21.5,0.0085,,
1.1475,142,92.8,21.5,0.0080,,
1.1560,143,94.7,21.5,0.0075,,
1.1645,144,96.4,21.5,0.0075,,
1.1730,145,98.5,21.6,0.0075,,
1.1805,146,100.3,21.5,0.0075,,
1.1890,147,102.5,21.5,0.0085,,
1.1975,148,104.9,21.5,0.0085,,
1.2055,149,106.9,21.6,0.0075,,
1.2140,150,109.4,21.5,0.0075,,
1.2225,151,112.3,21.5,0.0075,,
1.2310,152,115.0,21.5,0.0075,,
1.2385,153,117.6,21.5,0.0075,,
1.2470,154,120.9,21.5,0.0085,,
1.2555,155,124.1,21.5,0.0085,,
1.2635,156,127.9,21.5,0.0075,,
1.2720,157,131.3,21.5,0.0075,,
1.2805,158,135.0,21.6,0.0075,,
1.2880,159,139.0,21.5,0.0075,,
1.2965,160,142.6,21.5,0.0085,,
1.3050,161,146.8,21.5,0.0075,,
1.3135,162,150.4,21.5,0.0075,,
1.3220,163,154.0,21.5,0.0075,,
1.3300,164,157.7,21.5,0.0075,,
1.3380,165,160.3,21.5,0.0080,,
1.3460,166,163.5,21.5,0.0080,,
1.3545,167,166.3,21.5,0.0085,,
1.3630,168,168.6,21.5,0.0075,,
1.3715,169,171.0,21.5,0.0075,,
1.3800,170,173.2,21.6,0.0075,,
1.3875,171,175.1,21.6,0.0075,,
1.3960,172,176.9,21.6,0.0085,,
1.4045,173,178.6,21.6,0.0075,,
1.4125,174,180.6,21.6,0.0075,,
1.4210,175,182.1,21.5,0.0075,,
1.4295,176,183.3,21.6,0.0075,,
1.4370,177,184.8,21.6,0.0075,,
1.4405,177,185.0,21.6,0.0085,,
1.4405,418,187.3,21.6,0.0000,,
1.4410,418,187.0,21.6,0.0010,,
1.4425,420,187.1,21.6,0.0010,,
1.4450,420,187.5,21.6,0.0050,,
1.4490,422,187.8,21.6,0.0025,,
1.4550,423,188.2,21.6,0.0100,,
1.4630,424,189.0,21.6,0.0160,,
1.4710,424,190.2,21.6,0.0160,,
1.4790,426,191.3,21.6,0.0055,,
1.4875,427,192.2,21.6,0.0140,,
1.4960,428,193.1,21.6,0.0140,,
1.5045,429,194.2,21.6,0.0140,,
1.5130,430,195.2,21.6,0.0140,,
1.5205,430,196.0,21.6,0.0150,,
1.5290,432,196.8,21.6,0.0055,,
1.5375,432,197.5,21.6,0.0170,,
1.5455,434,198.6,21.6,0.0050,,
1.5540,435,199.7,21.6,0.0140,,
1.5625,436,200.1,21.6,0.0140,,
1.5700,436,200.9,21.6,0.0150,,
1.5785,438,201.5,21.6,0.0055,,
1.5870,438,202.3,21.6,0.0170,,
1.5955,440,203.1,21.6,0.0055,,
1.6035,441,203.4,21.6,0.0135,,
1.6120,442,204.1,21.6,0.0140,,
1.6195,442,204.7,21.6,0.0150,,
1.6280,444,205.5,21.6,0.0055,,
1.6365,445,206.1,21.6,0.0140,,
1.6450,446,206.5,21.6,0.0140,,
1.6535,447,207.3,21.6,0.0140,,
1.6620,448,207.7,21.6,0.0170,,
1.6695,448,208.6,21.6,0.0150,,
1.6780,450,208.9,21.6,0.0055,,
1.6860,451,209.3,21.6,0.0135,,
1.6945,452,210.0,21.6,0.0140,,
1.7030,453,210.6,21.6,0.0140,,
1.7115,454,211.1,21.6,0.0170,,
1.7190,455,211.4,21.6,0.0125,,
1.7275,456,211.8,21.6,0.0170,,
1.7360,457,212.6,21.6,0.0140,,
1.7445,458,213.0,21.6,0.0140,,
1.7525,459,213.3,21.6,0.0135,,
1.7610,460,213.7,21.6,0.0170,,
1.7685,460,214.1,21.6,0.0150,,
1.7770,462,214.8,21.6,0.0055,,
1.7855,463,215.2,21.6,0.0140,,
1.7940,464,215.5,21.6,0.0140,,
1.8025,465,216.1,21.6,0.0140,,
1.8100,466,216.3,21.6,0.0150,,
1.8185,466,216.9,21.6,0.0170,,
1.8265,468,217.3,21.6,0.0055,,
1.8350,469,217.4,21.6,0.0140,,
1.8435,470,218.0,21.6,0.0140,,
1.8520,471,218.4,21.6,0.0140,,
1.8605,472,218.8,21.6,0.0170,,
1.8680,472,219.0,21.6,0.0150,,
1.8765,474,219.3,21.6,0.0055,,
1.8850,475,219.8,21.6,0.0140,,
1.8930,476,220.2,21.6,0.0135,,
1.9015,477,220.4,21.6,0.0140,,
1.9100,478,220.6,21.6,0.0170,,
1.9175,478,220.9,21.6,0.0150,,
1.9260,480,221.4,21.6,0.0055,,
1.9345,481,221.8,21.6,0.0140,,
1.9430,482,221.9,21.6,0.0140,,
1.9510,483,222.3,21.6,0.0135,,
1.9590,484,222.4,21.6,0.0160,,
1.9670,484,223.0,21.6,0.0160,,
1.9755,486,223.3,21.6,0.0055,,
1.9840,487,223.4,21.6,0.0140,,
1.9925,488,223.8,21.6,0.0140,,
2.0010,489,224.3,21.6,0.0140,,
2.0095,490,224.6,21.6,0.0170,,
2.0170,490,224.9,21.6,0.0150,,
2.0255,492,224.9,21.6,0.0055,,
2.0335,493,225.4,21.6,0.0135,,
2.0420,494,225.8,21.6,0.0140,,
2.0505,495,225.9,21.6,0.0140,,
2.0590,496,226.1,21.6,0.0170,,
2.0665,496,226.2,21.6,0.0150,,
2.0750,498,226.8,21.6,0.0055,,
2.0835,499,227.1,21.6,0.0140,,
2.0920,500,227.1,21.6,0.0140,,
2.1000,501,227.5,21.6,0.0135,,
2.1085,502,227.5,21.6,0.0170,,
2.1160,502,227.9,21.6,0.0150,,
2.1245,504,228.3,21.6,0.0055,,
2.1330,505,228.2,21.6,0.0140,,
2.1415,506,228.5,21.6,0.0140,,
2.1500,507,229.0,21.6,0.0140,,
2.1580,508,229.1,21.6,0.0160,,
2.1660,508,229.4,21.6,0.0160,,
2.1740,510,229.4,21.6,0.0055,,
2.1825,511,229.7,21.6,0.0140,,
2.1910,512,230.2,21.6,0.0140,,
2.1995,513,230.4,21.6,0.0140,,
2.2080,514,230.5,21.6,0.0140,,
2.2155,514,230.7,21.6,0.0150,,
2.2240,516,231.1,21.6,0.0055,,
2.2320,516,231.5,21.6,0.0160,,
2.2405,518,231.6,21.6,0.0055,,
2.2490,519,231.6,21.6,0.0140,,
2.2575,520,232.0,21.6,0.0140,,
2.2650,520,232.0,21.6,0.0150,,
2.2735,522,232.4,21.6,0.0055,,
2.2820,522,232.6,21.6,0.0170,,
2.2900,524,232.7,21.6,0.0050,,
2.2985,525,233.0,21.6,0.0140,,
2.3070,526,233.4,21.6,0.0140,,
2.3145,526,233.5,21.6,0.0150,,
2.3230,528,233.6,21.6,0.0055,,
2.3310,528,233.6,21.6,0.0160,,
2.3385,530,233.9,21.6,0.0045,,
2.3440,531,234.2,21.6,0.0090,,
2.3470,532,234.1,21.6,0.0050,,
2.3490,532,234.3,21.6,0.0040,,
2.3510,534,234.2,21.6,0.0015,,
2.3535,534,234.4,21.6,0.0050,,
2.3570,536,234.6,21.6,0.0020,,
2.3600,537,234.5,21.6,0.0050,,
2.3605,538,234.4,21.6,0.0010,,
2.3610,539,234.7,21.6,0.0010,,
2.3615,540,234.6,21.6,0.0010,,
2.3620,540,234.8,21.6,0.0010,,
2.3630,542,234.6,21.6,0.0005,,
2.3645,543,234.5,21.6,0.0025,,
2.3665,544,234.7,21.6,0.0035,,
2.3675,545,235.0,21.6,0.0015,,
Scope 1/1, Sample 31/32 (T23)
Result,TitrationEP1
V,t,E,T,dV/dt,E acc. stat.,Volume acc. stat.
0.0000,0,-72.9,21.5,NaN,,
0.0005,1,-72.8,21.5,0.0005,,
0.0025,2,-72.9,21.5,0.0020,,
0.0050,3,-73.0,21.5,0.0025,,
0.0085,4,-72.8,21.5,0.0030,,
0.0150,5,-72.4,21.5,0.0060,,
0.0230,6,-72.0,21.5,0.0075,,
0.0305,7,-71.1,21.5,0.0075,,
0.0390,8,-70.0,21.5,0.0085,,
0.0475,9,-68.6,21.5,0.0085,,
0.0560,10,-67.4,21.5,0.0075,,
0.0645,11,-66.1,21.5,0.0075,,
0.0725,12,-64.6,21.5,0.0075,,
0.0805,13,-63.3,21.5,0.0080,,
0.0885,14,-61.5,21.5,0.0075,,
0.0970,15,-59.7,21.5,0.0085,,
0.1055,16,-58.0,21.5,0.0075,,
0.1140,17,-55.9,21.5,0.0075,,
0.1225,18,-53.8,21.5,0.0075,,
0.1300,19,-51.9,21.5,0.0075,,
0.1385,20,-49.6,21.5,0.0085,,
0.1465,21,-47.5,21.5,0.0080,,
0.1550,22,-45.0,21.5,0.0075,,
0.1635,23,-42.2,21.5,0.0075,,
0.1720,24,-39.5,21.5,0.0075,,
0.1795,25,-36.8,21.5,0.0075,,
0.1880,26,-34.1,21.5,0.0085,,
0.1965,27,-31.1,21.5,0.0085,,
0.2050,28,-28.1,21.5,0.0075,,
0.2130,29,-25.5,21.5,0.0075,,
0.2215,30,-23.1,21.5,0.0075,,
0.2300,31,-20.7,21.5,0.0075,,
0.2375,32,-18.9,21.5,0.0075,,
0.2460,33,-16.6,21.5,0.0085,,
0.2545,34,-14.9,21.5,0.0075,,
0.2630,35,-13.4,21.5,0.0075,,
0.2710,36,-11.6,21.5,0.0075,,
0.2795,37,-10.1,21.5,0.0075,,
0.2870,38,-8.8,21.5,0.0075,,
0.2955,39,-7.6,21.5,0.0085,,
0.3040,40,-6.4,21.5,0.0085,,
0.3125,41,-4.9,21.5,0.0075,,
0.3210,42,-3.6,21.5,0.0075,,
0.3290,43,-2.6,21.5,0.0075,,
0.3370,44,-1.7,21.5,0.0080,,
0.3450,45,-0.7,21.5,0.0080,,
0.3535,46,0.5,21.5,0.0085,,
0.3620,47,1.4,21.5,0.0075,,
0.3705,48,2.4,21.5,0.0075,,
0.3790,49,3.4,21.5,0.0075,,
0.3865,50,4.3,21.5,0.0075,,
0.3950,51,5.4,21.5,0.0085,,
0.4035,52,6.3,21.5,0.0075,,
0.4115,53,7.0,21.5,0.0075,,
0.4200,54,8.1,21.5,0.0075,,
0.4285,55,9.1,21.5,0.0075,,
0.4360,56,9.8,21.5,0.0075,,
0.4445,57,10.6,21.5,0.0085,,
0.4530,58,11.4,21.5,0.0075,,
0.4615,59,12.4,21.5,0.0075,,
0.4695,60,13.4,21.5,0.0075,,
0.4780,61,14.1,21.5,0.0075,,
0.4855,62,14.9,21.5,0.0075,,
0.4940,63,15.7,21.5,0.0085,,
0.5025,64,16.6,21.5,0.0075,,
0.5110,65,17.6,21.5,0.0075,,
0.5195,66,18.2,21.5,0.0075,,
0.5275,67,19.0,21.5,0.0075,,
0.5355,68,19.8,21.5,0.0080,,
0.5435,69,20.8,21.5,0.0080,,
0.5520,70,21.8,21.5,0.0085,,
0.5605,71,22.5,21.5,0.0075,,
0.5690,72,23.3,21.5,0.0075,,
0.5775,73,24.3,21.5,0.0075,,
0.5855,74,25.2,21.5,0.0075,,
0.5930,75,25.9,21.5,0.0075,,
0.6015,76,26.7,21.5,0.0085,,
0.6100,77,27.4,21.5,0.0075,,
0.6185,78,28.4,21.5,0.0075,,
0.6270,79,29.3,21.5,0.0075,,
0.6355,80,29.9,21.5,0.0075,,
0.6430,81,30.7,21.5,0.0075,,
0.6515,82,31.5,21.5,0.0085,,
0.6595,83,32.5,21.5,0.0075,,
0.6680,84,33.4,21.5,0.0075,,
0.6765,85,34.1,21.5,0.0075,,
0.6850,86,35.0,21.5,0.0075,,
0.6925,87,35.8,21.5,0.0075,,
0.7010,88,36.7,21.5,0.0085,,
0.7095,89,37.8,21.5,0.0085,,
0.7175,90,38.6,21.5,0.0075,,
0.7260,91,39.5,21.5,0.0075,,
0.7345,92,40.5,21.5,0.0075,,
0.7420,93,41.3,21.5,0.0075,,
0.7505,94,42.4,21.5,0.0085,,
0.7590,95,43.1,21.5,0.0085,,
0.7675,96,44.0,21.5,0.0075,,
0.7755,97,45.1,21.5,0.0075,,
0.7840,98,45.9,21.5,0.0075,,
0.7925,99,46.7,21.5,0.0085,,
0.8000,100,47.5,21.5,0.0075,,
0.8085,101,48.5,21.5,0.0085,,
0.8170,102,49.6,21.5,0.0075,,
0.8255,103,50.6,21.5,0.0075,,
0.8340,104,51.4,21.5,0.0075,,
0.8420,105,52.3,21.5,0.0080,,
0.8500,106,53.3,21.5,0.0080,,
0.8580,107,54.5,21.5,0.0080,,
0.8665,108,55.4,21.5,0.0075,,
0.8750,109,56.3,21.5,0.0075,,
0.8835,110,57.5,21.5,0.0075,,
0.8920,111,58.7,21.5,0.0075,,
0.8995,112,59.6,21.5,0.0075,,
0.9075,113,60.6,21.5,0.0080,,
0.9160,114,61.5,21.5,0.0075,,
0.9245,115,62.7,21.5,0.0075,,
0.9330,116,64.0,21.5,0.0075,,
0.9405,117,65.0,21.5,0.0075,,
0.9490,118,65.9,21.5,0.0085,,
0.9575,119,67.0,21.5,0.0085,,
0.9660,120,68.4,21.5,0.0075,,
0.9745,121,69.5,21.5,0.0075,,
0.9825,122,70.6,21.5,0.0075,,
0.9905,123,71.8,21.5,0.0080,,
0.9985,124,72.9,21.5,0.0080,,
1.0070,125,74.3,21.5,0.0085,,
1.0155,126,75.5,21.5,0.0075,,
1.0240,127,76.6,21.5,0.0075,,
1.0325,128,77.9,21.5,0.0075,,
1.0405,129,78.9,21.6,0.0080,,
1.0485,130,80.6,21.6,0.0080,,
1.0565,131,82.0,21.5,0.0080,,
1.0650,132,83.3,21.5,0.0075,,
1.0735,133,84.8,21.5,0.0075,,
1.0820,134,86.4,21.5,0.0075,,
1.0905,135,87.7,21.6,0.0085,,
1.0980,136,89.5,21.5,0.0075,,
1.1065,137,91.0,21.6,0.0085,,
1.1145,138,92.7,21.6,0.0075,,
1.1230,139,94.7,21.6,0.0075,,
1.1315,140,96.2,21.6,0.0075,,
1.1400,141,97.9,21.6,0.0075,,
1.1475,142,99.7,21.6,0.0075,,
1.1560,143,101.8,21.5,0.0085,,
1.1645,144,104.0,21.6,0.0085,,
1.1725,145,106.2,21.6,0.0075,,
1.1810,146,108.1,21.5,0.0075,,
1.1895,147,110.7,21.6,0.0075,,
1.1970,148,112.8,21.6,0.0075,,
1.2055,149,115.7,21.6,0.0085,,
1.2140,150,118.6,21.6,0.0085,,
1.2225,151,121.4,21.5,0.0075,,
1.2310,152,124.6,21.6,0.0075,,
1.2390,153,128.2,21.5,0.0075,,
1.2465,154,131.3,21.6,0.0075,,
1.2550,155,134.9,21.6,0.0085,,
1.2635,156,138.5,21.6,0.0085,,
1.2720,157,142.4,21.6,0.0075,,
1.2805,158,146.3,21.6,0.0075,,
1.2890,159,149.8,21.6,0.0075,,
1.2970,160,153.2,21.6,0.0080,,
1.3045,161,156.4,21.6,0.0075,,
1.3130,162,159.7,21.6,0.0085,,
1.3215,163,162.9,21.6,0.0075,,
1.3300,164,165.5,21.6,0.0075,,
1.3385,165,168.0,21.6,0.0075,,
1.3460,166,170.1,21.6,0.0075,,
1.3545,167,172.6,21.6,0.0085,,
1.3630,168,174.7,21.6,0.0085,,
1.3710,169,176.4,21.6,0.0075,,
1.3795,170,178.4,21.6,0.0075,,
1.3880,171,180.2,21.6,0.0075,,
1.3955,172,181.6,21.6,0.0075,,
1.4040,173,182.9,21.6,0.0085,,
1.4125,174,184.3,21.6,0.0085,,
1.4185,175,185.1,21.6,0.0075,,
1.4185,415,187.1,21.6,0.0000,,
1.4190,416,187.0,21.6,0.0005,,
1.4205,417,187.1,21.6,0.0020,,
1.4230,418,187.5,21.6,0.0030,,
1.4270,419,187.7,21.6,0.0045,,
1.4330,420,188.2,21.6,0.0065,,
1.4410,421,189.3,21.6,0.0090,,
1.4490,422,190.1,21.6,0.0100,,
1.4570,423,191.3,21.6,0.0100,,
1.4655,424,192.2,21.6,0.0105,,
1.4740,425,193.2,21.6,0.0095,,
1.4825,426,194.3,21.6,0.0095,,
1.4910,427,195.3,21.6,0.0095,,
1.4990,428,196.3,21.6,0.0100,,
1.5070,429,196.9,21.6,0.0100,,
1.5150,430,197.8,21.6,0.0100,,
1.5235,431,198.8,21.6,0.0095,,
1.5320,432,199.6,21.6,0.0095,,
1.5405,433,200.2,21.6,0.0095,,
1.5490,434,201.0,21.6,0.0105,,
1.5565,435,201.6,21.6,0.0095,,
1.5650,436,202.5,21.6,0.0105,,
1.5730,437,203.2,21.6,0.0090,,
1.5815,438,203.6,21.6,0.0095,,
1.5900,439,204.4,21.6,0.0095,,
1.5985,440,204.8,21.6,0.0105,,
1.6060,441,205.6,21.6,0.0095,,
1.6145,442,206.2,21.6,0.0105,,
1.6230,443,206.6,21.6,0.0105,,
1.6310,444,207.3,21.6,0.0090,,
1.6395,445,208.1,21.6,0.0095,,
1.6480,446,208.6,21.6,0.0095,,
1.6555,447,209.2,21.6,0.0095,,
1.6640,448,209.5,21.6,0.0105,,
1.6725,449,210.1,21.6,0.0105,,
1.6810,450,210.8,21.6,0.0095,,
1.6895,451,211.2,21.6,0.0095,,
1.6975,452,211.6,21.6,0.0090,,
1.7055,453,212.1,21.6,0.0100,,
1.7135,454,212.6,21.6,0.0100,,
1.7220,455,213.2,21.6,0.0105,,
1.7305,456,213.6,21.6,0.0095,,
1.7390,457,213.9,21.6,0.0095,,
1.7475,458,214.5,21.6,0.0095,,
1.7550,459,214.7,21.6,0.0095,,
1.7635,460,215.2,21.6,0.0105,,
1.7715,461,215.5,21.6,0.0100,,
1.7800,462,215.8,21.6,0.0095,,
1.7885,463,216.3,21.6,0.0095,,
1.7970,464,216.9,21.6,0.0095,,
1.8055,465,217.3,21.6,0.0105,,
1.8130,466,217.5,21.6,0.0095,,
1.8215,467,217.8,21.6,0.0105,,
1.8295,468,218.3,21.6,0.0090,,
1.8380,469,218.7,21.6,0.0095,,
1.8465,470,218.8,21.6,0.0095,,
1.8540,471,219.2,21.6,0.0095,,
1.8625,472,219.6,21.6,0.0105,,
1.8710,473,220.1,21.6,0.0105,,
1.8795,474,220.3,21.6,0.0095,,
1.8880,475,220.6,21.6,0.0095,,
1.8965,476,221.2,21.6,0.0095,,
1.9040,477,221.4,21.6,0.0095,,
1.9125,478,221.8,21.6,0.0105,,
1.9205,479,222.0,21.6,0.0100,,
1.9290,480,222.2,21.6,0.0095,,
1.9375,481,222.8,21.6,0.0095,,
1.9460,482,223.0,21.6,0.0095,,
1.9535,483,223.3,21.6,0.0095,,
1.9620,484,223.5,21.6,0.0105,,
1.9705,485,223.8,21.6,0.0105,,
1.9785,486,224.4,21.6,0.0090,,
1.9870,487,224.6,21.6,0.0095,,
1.9955,488,224.7,21.6,0.0095,,
2.0030,489,225.0,21.6,0.0095,,
2.0115,490,225.3,21.6,0.0105,,
2.0200,491,225.7,21.6,0.0105,,
2.0285,492,225.9,21.6,0.0095,,
2.0370,493,226.1,21.6,0.0095,,
2.0450,494,226.5,21.6,0.0090,,
2.0525,495,226.7,21.6,0.0095,,
2.0610,496,227.2,21.6,0.0105,,
2.0695,497,227.4,21.6,0.0105,,
2.0780,498,227.5,21.6,0.0095,,
2.0865,499,227.8,21.6,0.0095,,
2.0950,500,228.3,21.6,0.0095,,
2.1025,501,228.4,21.6,0.0095,,
2.1110,502,228.6,21.6,0.0105,,
2.1190,503,228.7,21.6,0.0100,,
2.1275,504,229.1,21.6,0.0095,,
2.1360,505,229.5,21.6,0.0095,,
2.1445,506,229.5,21.6,0.0095,,
2.1520,507,229.8,21.6,0.0095,,
2.1605,508,229.9,21.6,0.0105,,
2.1690,509,230.4,21.6,0.0105,,
2.1770,510,230.7,21.6,0.0090,,
2.1855,511,230.6,21.6,0.0095,,
2.1940,512,230.8,21.6,0.0095,,
2.2025,513,231.0,21.6,0.0105,,
2.2100,514,231.4,21.6,0.0095,,
2.2185,515,231.7,21.6,0.0105,,
2.2270,516,231.7,21.6,0.0095,,
2.2355,517,232.0,21.6,0.0095,,
2.2435,518,232.4,21.6,0.0090,,
2.2520,519,232.5,21.6,0.0105,,
2.2595,520,232.8,21.6,0.0095,,
2.2680,521,232.7,21.6,0.0105,,
2.2765,522,232.8,21.6,0.0095,,
2.2850,523,233.3,21.6,0.0095,,
2.2935,524,233.4,21.6,0.0095,,
2.3015,525,233.7,21.6,0.0100,,
2.3090,526,233.7,21.6,0.0095,,
2.3175,527,233.9,21.6,0.0105,,
2.3235,528,234.3,21.6,0.0065,,
2.3240,529,234.2,21.6,0.0005,,
2.3250,530,234.1,21.6,0.0010,,
2.3255,531,234.2,21.6,0.0005,,
2.3270,532,234.3,21.6,0.0020,,
2.3285,533,234.4,21.6,0.0020,,
2.3310,534,234.4,21.6,0.0030,,
2.3330,535,234.4,21.6,0.0020,,
2.3350,536,234.7,21.6,0.0020,,
2.3380,537,234.7,21.6,0.0035,,
2.3415,538,234.9,21.6,0.0045,,
2.3440,539,234.7,21.6,0.0030,,
2.3455,540,234.8,21.6,0.0015,,
2.3455,540,235.0,21.6,NaN,,
Scope 1/1, Sample 32/32 (T24)
Result,TitrationEP1
V,t,E,T,dV/dt,E acc. stat.,Volume acc. stat.
0.0000,0,-71.2,21.5,NaN,,
0.0005,1,-71.1,21.5,0.0005,,
0.0025,2,-71.1,21.5,0.0020,,
0.0050,3,-71.3,21.5,0.0025,,
0.0085,4,-71.1,21.5,0.0030,,
0.0150,5,-70.7,21.5,0.0060,,
0.0230,6,-70.3,21.5,0.0075,,
0.0305,7,-69.4,21.5,0.0075,,
0.0390,8,-68.5,21.5,0.0085,,
0.0475,9,-67.1,21.5,0.0075,,
0.0560,10,-65.8,21.5,0.0075,,
0.0645,11,-64.5,21.5,0.0075,,
0.0730,12,-63.0,21.5,0.0075,,
0.0805,13,-61.6,21.5,0.0075,,
0.0885,14,-59.7,21.5,0.0080,,
0.0970,15,-57.9,21.5,0.0075,,
0.1055,16,-56.2,21.5,0.0075,,
0.1140,17,-54.0,21.5,0.0075,,
0.1225,18,-52.2,21.5,0.0085,,
0.1300,19,-49.7,21.5,0.0075,,
0.1385,20,-47.3,21.5,0.0085,,
0.1470,21,-45.0,21.5,0.0075,,
0.1550,22,-42.3,21.5,0.0075,,
0.1635,23,-39.7,21.5,0.0075,,
0.1720,24,-37.1,21.5,0.0075,,
0.1795,25,-34.5,21.5,0.0075,,
0.1880,26,-31.7,21.5,0.0085,,
0.1965,27,-28.6,21.5,0.0075,,
0.2050,28,-25.9,21.5,0.0075,,
0.2135,29,-23.7,21.5,0.0075,,
0.2215,30,-21.3,21.5,0.0075,,
0.2290,31,-19.4,21.5,0.0075,,
0.2375,32,-17.4,21.5,0.0085,,
0.2460,33,-15.6,21.5,0.0075,,
0.2545,34,-14.1,21.5,0.0075,,
0.2630,35,-12.5,21.5,0.0075,,
0.2715,36,-10.9,21.5,0.0075,,
0.2790,37,-9.8,21.5,0.0075,,
0.2870,38,-8.4,21.5,0.0080,,
0.2955,39,-7.3,21.5,0.0075,,
0.3040,40,-5.9,21.5,0.0075,,
0.3125,41,-4.5,21.5,0.0075,,
0.3210,42,-3.5,21.5,0.0075,,
0.3285,43,-2.5,21.5,0.0075,,
0.3370,44,-1.8,21.5,0.0085,,
0.3455,45,-0.7,21.5,0.0075,,
0.3535,46,0.4,21.5,0.0075,,
0.3620,47,1.0,21.5,0.0075,,
0.3705,48,1.9,21.5,0.0075,,
0.3780,49,2.9,21.5,0.0075,,
0.3865,50,3.9,21.5,0.0085,,
0.3950,51,5.1,21.5,0.0085,,
0.4035,52,6.0,21.5,0.0075,,
0.4115,53,6.7,21.5,0.0075,,
0.4200,54,7.7,21.5,0.0075,,
0.4275,55,8.4,21.5,0.0075,,
0.4360,56,9.5,21.5,0.0085,,
0.4445,57,10.2,21.5,0.0085,,
0.4530,58,10.9,21.6,0.0075,,
0.4615,59,12.0,21.6,0.0075,,
0.4700,60,12.9,21.5,0.0075,,
0.4775,61,13.6,21.6,0.0075,,
0.4860,62,14.2,21.5,0.0085,,
0.4940,63,15.0,21.6,0.0080,,
0.5025,64,16.0,21.6,0.0075,,
0.5110,65,16.8,21.6,0.0075,,
0.5195,66,17.3,21.6,0.0075,,
0.5270,67,18.1,21.6,0.0075,,
0.5355,68,18.8,21.6,0.0085,,
0.5440,69,19.8,21.6,0.0085,,
0.5520,70,20.6,21.6,0.0075,,
0.5605,71,21.2,21.6,0.0075,,
0.5690,72,22.1,21.6,0.0075,,
0.5775,73,22.7,21.6,0.0085,,
0.5850,74,23.8,21.6,0.0075,,
0.5935,75,24.7,21.6,0.0085,,
0.6020,76,25.3,21.6,0.0075,,
0.6105,77,26.1,21.6,0.0075,,
0.6185,78,27.1,21.6,0.0075,,
0.6270,79,27.8,21.6,0.0085,,
0.6345,80,28.6,21.6,0.0075,,
0.6430,81,29.2,21.6,0.0085,,
0.6515,82,30.3,21.6,0.0075,,
0.6600,83,31.3,21.6,0.0075,,
0.6685,84,31.8,21.6,0.0075,,
0.6765,85,32.7,21.6,0.0080,,
0.6845,86,33.4,21.6,0.0080,,
0.6925,87,34.4,21.6,0.0080,,
0.7010,88,35.4,21.6,0.0075,,
0.7095,89,36.1,21.6,0.0075,,
0.7180,90,37.1,21.6,0.0075,,
0.7255,91,37.9,21.6,0.0075,,
0.7340,92,38.8,21.6,0.0085,,
0.7425,93,39.8,21.6,0.0085,,
0.7510,94,40.5,21.6,0.0075,,
0.7590,95,41.4,21.6,0.0075,,
0.7675,96,42.5,21.6,0.0075,,
0.7750,97,43.3,21.6,0.0075,,
0.7835,98,44.2,21.6,0.0085,,
0.7920,99,44.9,21.6,0.0085,,
0.8005,100,45.9,21.6,0.0075,,
0.8090,101,47.0,21.6,0.0075,,
0.8170,102,47.8,21.6,0.0075,,
0.8255,103,48.7,21.6,0.0075,,
0.8330,104,49.7,21.6,0.0075,,
0.8415,105,50.6,21.6,0.0075,,
0.8500,106,51.8,21.6,0.0075,,
0.8585,107,52.7,21.6,0.0075,,
0.8670,108,53.5,21.6,0.0075,,
0.8750,109,54.7,21.6,0.0075,,
0.8830,110,55.6,21.6,0.0080,,
0.8910,111,56.8,21.6,0.0080,,
0.8995,112,57.7,21.6,0.0075,,
0.9080,113,58.5,21.6,0.0075,,
0.9165,114,59.7,21.6,0.0075,,
0.9250,115,60.8,21.6,0.0075,,
0.9325,116,61.9,21.6,0.0075,,
0.9410,117,62.8,21.6,0.0085,,
0.9495,118,63.9,21.6,0.0075,,
0.9575,119,65.2,21.6,0.0075,,
0.9660,120,66.4,21.6,0.0075,,
0.9745,121,67.2,21.6,0.0075,,
0.9820,122,68.5,21.6,0.0075,,
0.9905,123,69.6,21.6,0.0085,,
0.9990,124,70.9,21.6,0.0075,,
1.0075,125,72.2,21.6,0.0075,,
1.0155,126,73.2,21.6,0.0075,,
1.0240,127,74.6,21.6,0.0075,,
1.0315,128,75.7,21.6,0.0075,,
1.0400,129,77.1,21.6,0.0085,,
1.0485,130,78.4,21.6,0.0075,,
1.0570,131,79.5,21.6,0.0075,,
1.0655,132,80.9,21.6,0.0075,,
1.0735,133,82.5,21.6,0.0075,,
1.0815,134,83.7,21.6,0.0080,,
1.0895,135,85.3,21.6,0.0080,,
1.0980,136,86.6,21.6,0.0085,,
1.1065,137,88.2,21.6,0.0075,,
1.1150,138,90.0,21.6,0.0075,,
1.1235,139,91.5,21.6,0.0075,,
1.1310,140,93.3,21.6,0.0075,,
1.1395,141,94.8,21.6,0.0085,,
1.1480,142,96.9,21.6,0.0075,,
1.1560,143,98.9,21.6,0.0075,,
1.1645,144,100.6,21.6,0.0075,,
1.1730,145,102.8,21.6,0.0075,,
1.1805,146,104.7,21.6,0.0075,,
1.1890,147,107.0,21.6,0.0085,,
1.1975,148,109.5,21.6,0.0085,,
1.2060,149,112.0,21.6,0.0075,,
1.2140,150,114.6,21.6,0.0075,,
1.2225,151,117.6,21.6,0.0075,,
1.2300,152,120.3,21.6,0.0075,,
1.2385,153,123.7,21.6,0.0085,,
1.2470,154,127.1,21.6,0.0085,,
1.2555,155,130.7,21.6,0.0075,,
1.2640,156,134.7,21.6,0.0075,,
1.2725,157,138.7,21.6,0.0075,,
1.2800,158,142.3,21.6,0.0075,,
1.2880,159,146.0,21.6,0.0080,,
1.2965,160,149.6,21.6,0.0085,,
1.3050,161,153.5,21.6,0.0075,,
1.3135,162,156.8,21.6,0.0075,,
1.3220,163,159.9,21.6,0.0075,,
1.3305,164,162.8,21.6,0.0085,,
1.3380,165,165.5,21.6,0.0075,,
1.3465,166,168.3,21.6,0.0085,,
1.3545,167,170.4,21.6,0.0075,,
1.3630,168,172.7,21.6,0.0075,,
1.3715,169,174.9,21.6,0.0075,,
1.3800,170,176.5,21.6,0.0085,,
1.3875,171,178.5,21.6,0.0075,,
1.3960,172,180.1,21.6,0.0085,,
1.4045,173,181.4,21.6,0.0075,,
1.4125,174,183.0,21.6,0.0075,,
1.4210,175,184.6,21.6,0.0075,,
1.4265,176,185.2,21.6,0.0070,,
1.4265,416,187.2,21.6,0.0000,,
1.4270,417,187.4,21.6,0.0005,,
1.4285,418,187.4,21.6,0.0015,,
1.4310,419,187.4,21.6,0.0025,,
1.4350,420,187.8,21.6,0.0040,,
1.4415,421,188.6,21.6,0.0065,,
1.4500,422,189.3,21.6,0.0085,,
1.4575,423,190.6,21.6,0.0085,,
1.4655,424,191.3,21.6,0.0090,,
1.4740,425,192.6,21.6,0.0095,,
1.4825,426,193.7,21.6,0.0085,,
1.4910,427,194.4,21.6,0.0085,,
1.4995,428,195.3,21.6,0.0085,,
1.5070,429,196.1,21.6,0.0085,,
1.5155,430,197.3,21.6,0.0095,,
1.5240,431,198.1,21.6,0.0085,,
1.5320,432,198.6,21.6,0.0080,,
1.5405,433,199.5,21.6,0.0085,,
1.5490,434,200.6,21.6,0.0085,,
1.5565,435,201.2,21.6,0.0085,,
1.5650,436,201.9,21.6,0.0095,,
1.5735,437,202.4,21.6,0.0095,,
1.5820,438,203.1,21.6,0.0085,,
1.5900,439,204.0,21.6,0.0080,,
1.5985,440,204.6,21.6,0.0085,,
1.6060,441,205.2,21.6,0.0085,,
1.6145,442,205.6,21.6,0.0095,,
1.6230,443,206.2,21.6,0.0095,,
1.6315,444,206.9,21.6,0.0085,,
1.6400,445,207.5,21.6,0.0085,,
1.6480,446,207.8,21.6,0.0080,,
1.6560,447,208.4,21.6,0.0090,,
1.6640,448,208.9,21.6,0.0090,,
1.6725,449,209.7,21.6,0.0095,,
1.6810,450,210.1,21.6,0.0085,,
1.6895,451,210.5,21.6,0.0085,,
1.6980,452,211.3,21.6,0.0085,,
1.7060,453,211.5,21.6,0.0090,,
1.7140,454,212.2,21.6,0.0090,,
1.7220,455,212.8,21.6,0.0090,,
1.7305,456,213.0,21.6,0.0085,,
1.7390,457,213.6,21.6,0.0085,,
1.7475,458,214.1,21.6,0.0085,,
1.7560,459,214.6,21.6,0.0095,,
1.7635,460,215.0,21.6,0.0085,,
1.7720,461,215.2,21.6,0.0095,,
1.7805,462,215.7,21.6,0.0085,,
1.7885,463,216.2,21.6,0.0080,,
1.7970,464,216.3,21.6,0.0085,,
1.8055,465,216.8,21.6,0.0095,,
1.8130,466,217.0,21.6,0.0085,,
1.8215,467,217.6,21.6,0.0095,,
1.8300,468,218.0,21.6,0.0085,,
1.8385,469,218.2,21.6,0.0085,,
1.8470,470,218.6,21.6,0.0085,,
1.8550,471,218.8,21.6,0.0090,,
1.8625,472,219.5,21.6,0.0085,,
1.8710,473,219.9,21.6,0.0095,,
1.8795,474,220.0,21.6,0.0085,,
1.8880,475,220.4,21.6,0.0085,,
1.8965,476,221.0,21.6,0.0085,,
1.9050,477,221.2,21.6,0.0095,,
1.9125,478,221.5,21.6,0.0085,,
1.9210,479,221.7,21.6,0.0095,,
1.9290,480,222.1,21.6,0.0080,,
1.9375,481,222.6,21.6,0.0085,,
1.9460,482,222.8,21.6,0.0085,,
1.9545,483,223.2,21.6,0.0095,,
1.9620,484,223.3,21.6,0.0085,,
1.9705,485,223.8,21.6,0.0095,,
1.9790,486,224.1,21.6,0.0085,,
1.9875,487,224.2,21.6,0.0085,,
1.9955,488,224.5,21.6,0.0080,,
2.0035,489,224.7,21.6,0.0090,,
2.0115,490,225.2,21.6,0.0090,,
2.0200,491,225.4,21.6,0.0095,,
2.0285,492,225.4,21.6,0.0085,,
2.0370,493,225.9,21.6,0.0085,,
2.0455,494,226.4,21.6,0.0085,,
2.0530,495,226.6,21.6,0.0085,,
2.0615,496,226.9,21.6,0.0095,,
2.0700,497,226.8,21.6,0.0095,,
2.0780,498,227.2,21.6,0.0080,,
2.0865,499,227.7,21.6,0.0085,,
2.0950,500,227.6,21.6,0.0085,,
2.1025,501,228.0,21.6,0.0085,,
2.1110,502,228.1,21.6,0.0095,,
2.1195,503,228.5,21.6,0.0095,,
2.1280,504,228.8,21.6,0.0085,,
2.1360,505,228.9,21.6,0.0080,,
2.1445,506,229.1,21.6,0.0085,,
2.1520,507,229.3,21.6,0.0085,,
2.1605,508,229.7,21.6,0.0095,,
2.1690,509,230.0,21.6,0.0095,,
2.1775,510,230.1,21.6,0.0085,,
2.1860,511,230.3,21.6,0.0085,,
2.1945,512,230.7,21.6,0.0085,,
2.2020,513,230.8,21.6,0.0085,,
2.2100,514,231.2,21.6,0.0090,,
2.2185,515,231.3,21.6,0.0095,,
2.2270,516,231.4,21.6,0.0085,,
2.2355,517,231.8,21.6,0.0085,,
2.2440,518,232.0,21.6,0.0085,,
2.2525,519,232.4,21.6,0.0095,,
2.2600,520,232.3,21.6,0.0085,,
2.2685,521,232.5,21.6,0.0095,,
2.2765,522,232.9,21.6,0.0080,,
2.2850,523,233.1,21.6,0.0085,,
2.2935,524,233.2,21.6,0.0085,,
2.3010,525,233.3,21.6,0.0085,,
2.3095,526,233.7,21.6,0.0095,,
2.3175,527,234.1,21.6,0.0090,,
2.3230,528,234.0,21.6,0.0055,,
2.3235,529,233.9,21.6,0.0005,,
2.3240,530,234.1,21.6,0.0005,,
2.3250,531,234.0,21.6,0.0010,,
2.3260,532,234.3,21.6,0.0010,,
2.3280,533,234.2,21.6,0.0020,,
2.3305,534,234.0,21.6,0.0025,,
2.3335,535,234.3,21.6,0.0030,,
2.3365,536,234.4,21.6,0.0030,,
2.3365,537,234.6,21.6,0.0000,,
2.3400,538,234.4,21.6,0.0040,,
2.3410,539,234.3,21.6,0.0010,,
2.3415,540,234.6,21.6,0.0005,,
2.3430,541,234.6,21.6,0.0015,,
2.3445,542,234.4,21.6,0.0015,,
2.3460,543,234.5,21.6,0.0015,,
2.3465,544,234.5,21.6,0.0005,,
2.3475,545,234.8,21.6,0.0010,,
2.3480,546,234.8,21.6,0.0005,,
2.3485,547,234.5,21.6,0.0005,,
2.3490,548,235.0,21.6,0.0010,,
