"SampleID","TA","Mass","Sample.Index"
"junk1",2116.51146683045,60.281,1
"junk2",2213.9434950715,60.0309,2
"junk3",2197.66059191307,60.1857,3
"crm",2185.38062163139,60.1582,4
