"SampleID","TA","Mass","Sample.Index"
"junk1",2229.7139911241,59.9523,1
"junk2",2218.9615820235,60.054,2
"junk3",2217.81029661972,60.1336,3
"crm",2202.7931411645,60.0831,4
