SampleID,TA,Mass,Sample.Index
Junk1,2415.699292,59.7493,1
Junk2,2402.721353,59.9231,2
Junk3,2468.316187,60.0068,3
CRM,2251.284661,59.7309,4
