"SampleID","TA","Mass","Sample.Index"
"junk1",2181.09609008482,59.9487,1
"crm",2229.89246601008,60.1451,2
