"SampleID","TA","Mass","Sample.Index"
"junk1",2234.36660167229,59.9908,1
"junk2",2210.52001217939,59.6976,2
"junk3",2194.38724527471,59.9184,3
"crm",2232.036776045,60.4607,4
