SampleID,TA,Mass,Sample.Index
junk1,2234.366602,59.9908,1
junk2,2210.520012,59.6976,2
junk3,2194.387245,59.9184,3
crm,2232.036776,60.4607,4
