SampleID,TA,Mass,Sample.Index
junk,2266.604536,60.0792,1
crm,2215.784199,60.0167,2
