"SampleID","TA","Mass","Sample.Index"
"junk1",2304.6248169998,60.094,1
"junk2",2234.50109061582,60.0298,2
"junk3",2230.5863933809,60.12,3
"CRM",2217.71213828707,60.4865,4
