Task,T2304
Scope 1/1, Sample 1/60 (junk1)
Result,TitrationEP1
V,t,E,T,dV/dt,E acc. stat.,Volume acc. stat.
0.0000,0,-77.5,20.6,NaN,,
0.0010,1,-77.3,20.6,0.0010,,
0.0025,2,-77.3,20.6,0.0015,,
0.0050,3,-77.4,20.6,0.0025,,
0.0090,4,-77.6,20.6,0.0035,,
0.0150,5,-77.3,20.6,0.0055,,
0.0235,6,-76.9,20.6,0.0075,,
0.0320,7,-76.5,20.6,0.0075,,
0.0395,8,-75.7,20.6,0.0075,,
0.0480,9,-74.8,20.6,0.0075,,
0.0565,10,-73.5,20.6,0.0075,,
0.0650,11,-72.4,20.6,0.0075,,
0.0735,12,-71.3,20.6,0.0075,,
0.0810,13,-70.2,20.6,0.0075,,
0.0895,14,-68.8,20.6,0.0085,,
0.0975,15,-67.2,20.6,0.0075,,
0.1060,16,-65.9,20.6,0.0075,,
0.1145,17,-64.3,20.6,0.0075,,
0.1230,18,-62.6,20.6,0.0075,,
0.1305,19,-61.1,20.6,0.0075,,
0.1390,20,-59.2,20.6,0.0085,,
0.1475,21,-57.6,20.6,0.0075,,
0.1560,22,-55.5,20.6,0.0075,,
0.1640,23,-53.2,20.6,0.0075,,
0.1725,24,-51.3,20.6,0.0075,,
0.1800,25,-49.2,20.6,0.0075,,
0.1885,26,-47.1,20.6,0.0075,,
0.1970,27,-44.4,20.6,0.0075,,
0.2055,28,-41.8,20.6,0.0075,,
0.2140,29,-39.6,20.6,0.0075,,
0.2225,30,-37.1,20.6,0.0085,,
0.2300,31,-34.5,20.6,0.0075,,
0.2385,32,-31.6,20.6,0.0075,,
0.2470,33,-29.2,20.6,0.0075,,
0.2550,34,-27.1,20.6,0.0075,,
0.2635,35,-24.7,20.6,0.0075,,
0.2710,36,-23.1,20.6,0.0075,,
0.2795,37,-21.1,20.6,0.0085,,
0.2880,38,-19.5,20.6,0.0075,,
0.2965,39,-18.2,20.6,0.0075,,
0.3050,40,-16.5,20.6,0.0075,,
0.3130,41,-15.3,20.6,0.0075,,
0.3210,42,-14.1,20.6,0.0080,,
0.3295,43,-13.1,20.6,0.0075,,
0.3375,44,-11.9,20.6,0.0075,,
0.3460,45,-10.6,20.6,0.0075,,
0.3545,46,-9.7,20.6,0.0075,,
0.3630,47,-8.7,20.6,0.0075,,
0.3705,48,-7.8,20.6,0.0075,,
0.3790,49,-6.6,20.6,0.0075,,
0.3875,50,-5.4,20.6,0.0075,,
0.3960,51,-4.8,20.6,0.0075,,
0.4040,52,-3.8,20.6,0.0075,,
0.4125,53,-3.1,20.6,0.0085,,
0.4200,54,-2.1,20.6,0.0075,,
0.4285,55,-1.3,20.6,0.0075,,
0.4370,56,-0.7,20.6,0.0075,,
0.4455,57,0.2,20.6,0.0075,,
0.4540,58,1.0,20.6,0.0075,,
0.4615,59,1.7,20.6,0.0075,,
0.4700,60,2.3,20.6,0.0085,,
0.4785,61,3.0,20.6,0.0075,,
0.4865,62,3.9,20.6,0.0075,,
0.4950,63,4.8,20.6,0.0075,,
0.5035,64,5.3,20.6,0.0075,,
0.5110,65,6.1,20.6,0.0075,,
0.5195,66,6.7,20.6,0.0075,,
0.5280,67,7.7,20.6,0.0075,,
0.5365,68,8.3,20.6,0.0075,,
0.5450,69,8.9,20.6,0.0075,,
0.5530,70,9.7,20.6,0.0075,,
0.5610,71,10.3,20.6,0.0080,,
0.5690,72,11.4,20.6,0.0075,,
0.5775,73,12.0,20.6,0.0075,,
0.5860,74,12.6,20.6,0.0075,,
0.5945,75,13.4,20.6,0.0075,,
0.6030,76,14.3,20.6,0.0075,,
0.6105,77,14.9,20.6,0.0075,,
0.6190,78,15.6,20.6,0.0075,,
0.6270,79,16.0,20.6,0.0075,,
0.6355,80,16.9,20.6,0.0075,,
0.6440,81,17.7,20.6,0.0075,,
0.6525,82,18.2,20.6,0.0075,,
0.6600,83,18.9,20.6,0.0075,,
0.6685,84,19.6,20.6,0.0075,,
0.6770,85,20.7,20.6,0.0075,,
0.6855,86,21.3,20.6,0.0075,,
0.6935,87,21.9,20.6,0.0075,,
0.7020,88,22.6,20.6,0.0085,,
0.7095,89,23.4,20.6,0.0075,,
0.7180,90,24.3,20.6,0.0075,,
0.7265,91,24.9,20.6,0.0075,,
0.7350,92,25.6,20.6,0.0075,,
0.7435,93,26.6,20.6,0.0075,,
0.7510,94,27.2,20.6,0.0075,,
0.7595,95,28.1,20.6,0.0085,,
0.7680,96,28.7,20.6,0.0075,,
0.7760,97,29.5,20.6,0.0075,,
0.7845,98,30.5,20.6,0.0075,,
0.7930,99,31.3,20.6,0.0075,,
0.8005,100,32.1,20.6,0.0075,,
0.8090,101,32.7,20.6,0.0075,,
0.8175,102,33.5,20.6,0.0075,,
0.8260,103,34.4,20.6,0.0075,,
0.8345,104,35.0,20.6,0.0075,,
0.8430,105,35.9,20.6,0.0085,,
0.8505,106,36.6,20.6,0.0075,,
0.8585,107,37.7,20.6,0.0075,,
0.8670,108,38.6,20.6,0.0075,,
0.8755,109,39.3,20.6,0.0075,,
0.8840,110,40.5,20.6,0.0075,,
0.8925,111,41.1,20.6,0.0085,,
0.9000,112,42.2,20.6,0.0075,,
0.9085,113,43.1,20.6,0.0075,,
0.9170,114,43.9,20.6,0.0075,,
0.9255,115,45.0,20.6,0.0075,,
0.9335,116,46.0,20.6,0.0075,,
0.9410,117,47.0,20.6,0.0075,,
0.9495,118,47.7,20.6,0.0085,,
0.9580,119,48.7,20.6,0.0075,,
0.9665,120,49.9,20.6,0.0075,,
0.9750,121,50.8,20.6,0.0075,,
0.9835,122,51.5,20.6,0.0075,,
0.9910,123,52.6,20.6,0.0075,,
0.9995,124,53.7,20.6,0.0075,,
1.0075,125,55.0,20.6,0.0075,,
1.0160,126,55.9,20.6,0.0075,,
1.0245,127,56.9,20.6,0.0075,,
1.0330,128,58.1,20.6,0.0075,,
1.0405,129,59.1,20.6,0.0075,,
1.0490,130,60.3,20.6,0.0075,,
1.0575,131,61.3,20.6,0.0075,,
1.0660,132,62.4,20.6,0.0075,,
1.0740,133,63.9,20.6,0.0075,,
1.0825,134,65.1,20.6,0.0075,,
1.0900,135,66.3,20.6,0.0075,,
1.0985,136,67.4,20.6,0.0075,,
1.1070,137,68.7,20.6,0.0075,,
1.1155,138,70.2,20.6,0.0075,,
1.1240,139,71.4,20.6,0.0075,,
1.1325,140,72.9,20.6,0.0085,,
1.1400,141,74.2,20.6,0.0075,,
1.1485,142,75.9,20.6,0.0075,,
1.1570,143,77.5,20.6,0.0075,,
1.1650,144,78.7,20.6,0.0075,,
1.1735,145,80.4,20.6,0.0075,,
1.1810,146,81.7,20.6,0.0075,,
1.1895,147,83.7,20.6,0.0075,,
1.1980,148,85.4,20.6,0.0075,,
1.2065,149,87.0,20.6,0.0075,,
1.2150,150,89.2,20.6,0.0075,,
1.2235,151,91.5,20.6,0.0075,,
1.2310,152,93.3,20.6,0.0075,,
1.2395,153,95.5,20.6,0.0075,,
1.2475,154,97.6,20.6,0.0075,,
1.2560,155,100.1,20.6,0.0075,,
1.2645,156,102.8,20.6,0.0075,,
1.2730,157,105.3,20.6,0.0075,,
1.2805,158,108.0,20.6,0.0075,,
1.2890,159,110.9,20.6,0.0075,,
1.2975,160,114.5,20.6,0.0075,,
1.3055,161,118.2,20.6,0.0075,,
1.3140,162,121.7,20.6,0.0075,,
1.3225,163,125.5,20.6,0.0085,,
1.3300,164,129.6,20.6,0.0075,,
1.3385,165,134.1,20.6,0.0075,,
1.3470,166,138.4,20.6,0.0075,,
1.3555,167,142.6,20.6,0.0075,,
1.3635,168,147.0,20.6,0.0075,,
1.3720,169,151.2,20.6,0.0075,,
1.3800,170,154.5,20.6,0.0080,,
1.3880,171,158.0,20.6,0.0075,,
1.3965,172,161.2,20.6,0.0075,,
1.4050,173,164.4,20.6,0.0075,,
1.4135,174,167.0,20.6,0.0075,,
1.4220,175,169.2,20.6,0.0085,,
1.4295,176,171.3,20.6,0.0075,,
1.4380,177,173.3,20.6,0.0075,,
1.4465,178,175.5,20.6,0.0075,,
1.4545,179,177.2,20.6,0.0075,,
1.4630,180,178.7,20.6,0.0075,,
1.4705,181,180.2,20.6,0.0075,,
1.4790,182,181.8,20.6,0.0085,,
1.4875,183,183.5,20.6,0.0075,,
1.4960,184,184.6,20.6,0.0075,,
1.4995,184,185.0,20.6,0.0070,,
1.4995,424,187.5,20.7,0.0000,,
1.5000,426,187.7,20.7,0.0005,,
1.5015,427,187.6,20.7,0.0025,,
1.5040,428,187.8,20.7,0.0040,,
1.5080,429,188.0,20.7,0.0055,,
1.5140,430,188.1,20.7,0.0085,,
1.5220,431,188.9,20.7,0.0135,,
1.5300,432,189.7,20.7,0.0135,,
1.5380,433,190.9,20.7,0.0135,,
1.5465,434,191.8,20.7,0.0120,,
1.5550,435,192.5,20.7,0.0120,,
1.5635,436,193.7,20.7,0.0120,,
1.5720,437,194.3,20.7,0.0140,,
1.5795,438,195.6,20.7,0.0125,,
1.5880,439,196.9,20.7,0.0140,,
1.5965,440,197.6,20.7,0.0120,,
1.6045,441,198.6,20.7,0.0115,,
1.6130,442,199.4,20.7,0.0120,,
1.6205,443,200.2,20.7,0.0125,,
1.6290,444,200.5,20.7,0.0140,,
1.6375,445,200.9,20.7,0.0140,,
1.6460,446,201.8,20.7,0.0120,,
1.6545,447,202.3,20.7,0.0120,,
1.6630,448,202.7,20.7,0.0120,,
1.6705,449,203.3,20.7,0.0125,,
1.6790,450,204.0,20.7,0.0140,,
1.6870,451,204.8,20.7,0.0135,,
1.6955,452,205.2,20.7,0.0120,,
1.7040,453,205.7,20.7,0.0120,,
1.7125,454,206.7,20.7,0.0120,,
1.7200,455,206.8,20.7,0.0125,,
1.7285,456,207.8,20.7,0.0140,,
1.7370,457,208.0,20.7,0.0140,,
1.7455,458,208.6,20.7,0.0120,,
1.7535,459,209.2,20.7,0.0115,,
1.7620,460,210.2,20.7,0.0120,,
1.7695,461,210.6,20.7,0.0125,,
1.7780,462,211.0,20.7,0.0140,,
1.7865,463,211.4,20.7,0.0120,,
1.7950,464,211.8,20.7,0.0120,,
1.8035,465,212.2,20.7,0.0120,,
1.8120,466,212.7,20.7,0.0140,,
1.8195,467,212.8,20.7,0.0125,,
1.8280,468,213.3,20.7,0.0140,,
1.8360,469,213.8,20.7,0.0115,,
1.8445,470,214.0,20.7,0.0120,,
1.8530,471,214.5,20.7,0.0120,,
1.8605,472,214.8,20.7,0.0125,,
1.8690,473,215.5,20.7,0.0140,,
1.8775,474,216.4,20.7,0.0140,,
1.8860,475,216.5,20.7,0.0120,,
1.8945,476,216.9,20.7,0.0120,,
1.9025,477,217.6,20.7,0.0115,,
1.9105,478,217.9,20.7,0.0135,,
1.9185,479,218.0,20.7,0.0135,,
1.9270,480,218.0,20.7,0.0140,,
1.9355,481,218.5,20.7,0.0120,,
1.9440,482,218.9,20.7,0.0120,,
1.9525,483,218.9,20.7,0.0120,,
1.9600,484,219.3,20.7,0.0125,,
1.9685,485,219.4,20.7,0.0140,,
1.9770,486,220.2,20.7,0.0120,,
1.9850,487,220.9,20.7,0.0115,,
1.9935,488,220.9,20.7,0.0120,,
2.0015,489,221.3,20.7,0.0135,,
2.0095,490,221.5,20.7,0.0135,,
2.0180,491,222.1,20.7,0.0140,,
2.0265,492,222.1,20.7,0.0120,,
2.0350,493,222.2,20.7,0.0120,,
2.0435,494,222.7,20.7,0.0120,,
2.0510,495,222.9,20.7,0.0125,,
2.0595,496,223.4,20.7,0.0140,,
2.0675,497,223.6,20.7,0.0135,,
2.0760,498,223.9,20.7,0.0120,,
2.0845,499,224.2,20.7,0.0120,,
2.0930,500,224.6,20.7,0.0120,,
2.1015,501,224.9,20.7,0.0140,,
2.1090,502,225.1,20.7,0.0125,,
2.1175,503,225.0,20.7,0.0140,,
2.1260,504,225.5,20.7,0.0120,,
2.1340,505,225.7,20.7,0.0115,,
2.1425,506,225.8,20.7,0.0120,,
2.1500,507,226.3,20.7,0.0125,,
2.1585,508,226.5,20.7,0.0140,,
2.1670,509,227.0,20.7,0.0140,,
2.1755,510,227.0,20.7,0.0120,,
2.1840,511,227.0,20.7,0.0120,,
2.1925,512,227.3,20.7,0.0120,,
2.2000,513,227.5,20.7,0.0125,,
2.2085,514,227.9,20.7,0.0140,,
2.2165,515,227.8,20.7,0.0135,,
2.2250,516,228.0,20.7,0.0120,,
2.2335,517,228.7,20.7,0.0120,,
2.2420,518,228.7,20.7,0.0120,,
2.2495,519,229.0,20.7,0.0125,,
2.2580,520,229.0,20.7,0.0140,,
2.2665,521,229.6,20.7,0.0120,,
2.2750,522,229.9,20.7,0.0120,,
2.2830,523,230.1,20.7,0.0115,,
2.2915,524,230.3,20.7,0.0140,,
2.2990,525,230.7,20.7,0.0125,,
2.3075,526,231.1,20.7,0.0140,,
2.3160,527,231.4,20.7,0.0120,,
2.3245,528,231.0,20.7,0.0120,,
2.3330,529,231.2,20.7,0.0120,,
2.3405,530,231.4,20.7,0.0125,,
2.3490,531,231.8,20.7,0.0140,,
2.3575,532,232.0,20.7,0.0140,,
2.3655,533,231.9,20.7,0.0115,,
2.3740,534,232.2,20.7,0.0120,,
2.3825,535,232.4,20.7,0.0120,,
2.3900,536,232.5,20.7,0.0125,,
2.3985,537,232.6,20.7,0.0140,,
2.4070,538,232.8,20.7,0.0140,,
2.4150,539,233.4,20.7,0.0115,,
2.4235,540,233.9,20.7,0.0120,,
2.4315,541,233.9,20.7,0.0115,,
2.4350,542,234.2,20.7,0.0060,,
2.4355,543,234.2,20.7,0.0010,,
2.4365,544,234.2,20.7,0.0015,,
2.4370,545,233.9,20.7,0.0005,,
2.4370,546,233.8,20.7,0.0000,,
2.4380,547,233.9,20.7,0.0015,,
2.4390,548,233.9,20.7,0.0015,,
2.4395,549,234.1,20.7,0.0010,,
2.4400,550,233.9,20.7,0.0005,,
2.4400,551,233.8,20.7,0.0000,,
2.4425,552,234.0,20.7,0.0035,,
2.4435,553,234.0,20.7,0.0015,,
2.4445,554,234.2,20.7,0.0015,,
2.4455,555,234.0,20.7,0.0015,,
2.4460,556,234.0,20.7,0.0005,,
2.4475,557,234.2,20.7,0.0020,,
2.4475,558,234.1,20.7,0.0000,,
2.4490,559,234.2,20.7,0.0025,,
2.4495,560,233.9,20.7,0.0010,,
2.4505,561,234.0,20.7,0.0015,,
2.4510,562,234.3,20.7,0.0005,,
2.4520,563,234.3,20.7,0.0015,,
2.4530,564,234.5,20.7,0.0015,,
2.4540,565,234.4,20.7,0.0015,,
2.4550,566,234.2,20.7,0.0015,,
2.4560,567,234.4,20.7,0.0015,,
2.4565,568,234.7,20.7,0.0005,,
2.4570,569,234.8,20.7,0.0005,,
2.4580,570,235.0,20.7,0.0015,,
2.4585,571,235.0,20.7,0.0010,,
2.4595,572,235.0,20.7,0.0020,,
Scope 1/1, Sample 2/60 (junk2)
Result,TitrationEP1
V,t,E,T,dV/dt,E acc. stat.,Volume acc. stat.
0.0000,0,-76.4,20.5,NaN,,
0.0010,1,-75.9,20.5,0.0010,,
0.0025,2,-75.9,20.5,0.0015,,
0.0050,3,-76.1,20.5,0.0025,,
0.0090,4,-76.5,20.5,0.0035,,
0.0150,5,-76.1,20.5,0.0055,,
0.0235,6,-75.4,20.5,0.0075,,
0.0320,7,-75.2,20.5,0.0075,,
0.0395,8,-74.3,20.5,0.0075,,
0.0480,9,-73.5,20.5,0.0075,,
0.0565,10,-72.0,20.5,0.0075,,
0.0650,11,-70.7,20.5,0.0075,,
0.0735,12,-69.7,20.5,0.0075,,
0.0815,13,-67.9,20.5,0.0075,,
0.0895,14,-67.1,20.5,0.0080,,
0.0975,15,-65.4,20.5,0.0075,,
0.1060,16,-63.9,20.5,0.0075,,
0.1145,17,-62.6,20.5,0.0075,,
0.1230,18,-60.4,20.5,0.0075,,
0.1315,19,-58.1,20.5,0.0075,,
0.1390,20,-56.3,20.5,0.0070,,
0.1475,21,-54.5,20.5,0.0075,,
0.1560,22,-52.7,20.5,0.0075,,
0.1640,23,-50.4,20.5,0.0075,,
0.1725,24,-48.1,20.5,0.0075,,
0.1810,25,-46.0,20.5,0.0075,,
0.1885,26,-43.9,20.5,0.0070,,
0.1970,27,-41.7,20.5,0.0075,,
0.2055,28,-38.8,20.5,0.0075,,
0.2140,29,-36.1,20.5,0.0075,,
0.2225,30,-33.9,20.5,0.0075,,
0.2305,31,-31.4,20.5,0.0080,,
0.2385,32,-29.1,20.5,0.0075,,
0.2465,33,-26.5,20.5,0.0075,,
0.2550,34,-24.6,20.5,0.0075,,
0.2635,35,-23.0,20.5,0.0075,,
0.2720,36,-21.0,20.5,0.0075,,
0.2805,37,-19.6,20.5,0.0085,,
0.2880,38,-17.8,20.5,0.0070,,
0.2965,39,-16.4,20.5,0.0075,,
0.3045,40,-15.1,20.5,0.0075,,
0.3130,41,-13.3,20.5,0.0075,,
0.3215,42,-12.0,20.5,0.0075,,
0.3290,43,-11.0,20.5,0.0075,,
0.3375,44,-9.7,20.5,0.0075,,
0.3460,45,-8.4,20.5,0.0075,,
0.3545,46,-7.1,20.5,0.0075,,
0.3630,47,-6.0,20.5,0.0075,,
0.3710,48,-5.3,20.5,0.0075,,
0.3790,49,-4.2,20.5,0.0080,,
0.3870,50,-3.2,20.5,0.0075,,
0.3955,51,-2.4,20.5,0.0075,,
0.4040,52,-1.9,20.5,0.0075,,
0.4125,53,-1.1,20.5,0.0075,,
0.4210,54,0.0,20.5,0.0075,,
0.4285,55,0.7,20.5,0.0075,,
0.4370,56,1.4,20.5,0.0075,,
0.4455,57,2.2,20.5,0.0075,,
0.4535,58,3.6,20.5,0.0075,,
0.4620,59,4.8,20.5,0.0075,,
0.4705,60,5.5,20.5,0.0085,,
0.4780,61,6.3,20.5,0.0070,,
0.4865,62,6.9,20.5,0.0075,,
0.4950,63,7.7,20.5,0.0075,,
0.5035,64,8.9,20.5,0.0075,,
0.5120,65,9.2,20.5,0.0075,,
0.5200,66,10.1,20.5,0.0080,,
0.5280,67,10.4,20.5,0.0075,,
0.5365,68,11.3,20.5,0.0075,,
0.5445,69,12.0,20.5,0.0075,,
0.5530,70,12.5,20.5,0.0075,,
0.5615,71,13.5,20.5,0.0075,,
0.5690,72,14.1,20.5,0.0075,,
0.5775,73,15.1,20.5,0.0075,,
0.5860,74,15.7,20.5,0.0075,,
0.5945,75,16.1,20.5,0.0075,,
0.6025,76,17.3,20.5,0.0075,,
0.6110,77,18.6,20.5,0.0075,,
0.6185,78,18.9,20.5,0.0075,,
0.6270,79,19.9,20.5,0.0075,,
0.6355,80,20.6,20.5,0.0075,,
0.6440,81,21.8,20.5,0.0075,,
0.6525,82,22.3,20.5,0.0075,,
0.6610,83,22.6,20.5,0.0075,,
0.6685,84,23.4,20.5,0.0075,,
0.6770,85,24.2,20.5,0.0075,,
0.6850,86,25.2,20.5,0.0075,,
0.6935,87,25.8,20.5,0.0075,,
0.7020,88,26.2,20.5,0.0075,,
0.7105,89,26.9,20.5,0.0085,,
0.7180,90,27.8,20.5,0.0070,,
0.7265,91,28.9,20.5,0.0075,,
0.7350,92,29.5,20.5,0.0075,,
0.7435,93,30.6,20.5,0.0075,,
0.7520,94,32.0,20.5,0.0075,,
0.7595,95,32.2,20.5,0.0075,,
0.7675,96,33.4,20.5,0.0075,,
0.7760,97,34.1,20.5,0.0075,,
0.7845,98,34.8,20.5,0.0075,,
0.7930,99,36.2,20.5,0.0075,,
0.8015,100,36.8,20.5,0.0075,,
0.8090,101,37.7,20.5,0.0075,,
0.8175,102,38.4,20.5,0.0075,,
0.8260,103,39.3,20.5,0.0075,,
0.8340,104,40.2,20.6,0.0075,,
0.8425,105,41.1,20.5,0.0075,,
0.8510,106,41.9,20.5,0.0075,,
0.8585,107,42.8,20.5,0.0075,,
0.8670,108,43.9,20.5,0.0075,,
0.8755,109,45.0,20.5,0.0075,,
0.8840,110,45.6,20.5,0.0075,,
0.8925,111,46.7,20.5,0.0075,,
0.9005,112,47.9,20.5,0.0075,,
0.9085,113,48.5,20.6,0.0080,,
0.9165,114,49.8,20.5,0.0075,,
0.9250,115,50.4,20.5,0.0075,,
0.9335,116,51.5,20.5,0.0075,,
0.9420,117,52.5,20.5,0.0075,,
0.9505,118,53.4,20.5,0.0085,,
0.9580,119,54.2,20.5,0.0070,,
0.9665,120,55.3,20.6,0.0075,,
0.9750,121,56.6,20.6,0.0075,,
0.9830,122,57.8,20.5,0.0075,,
0.9915,123,58.4,20.5,0.0075,,
1.0000,124,59.4,20.5,0.0085,,
1.0075,125,60.4,20.5,0.0070,,
1.0160,126,61.7,20.5,0.0075,,
1.0245,127,62.7,20.5,0.0075,,
1.0330,128,63.6,20.5,0.0075,,
1.0415,129,65.0,20.5,0.0075,,
1.0490,130,66.0,20.5,0.0075,,
1.0575,131,67.4,20.5,0.0075,,
1.0655,132,68.3,20.6,0.0075,,
1.0740,133,69.3,20.6,0.0075,,
1.0825,134,71.1,20.6,0.0075,,
1.0910,135,72.7,20.6,0.0075,,
1.0985,136,74.1,20.6,0.0075,,
1.1070,137,74.9,20.6,0.0075,,
1.1155,138,76.2,20.6,0.0075,,
1.1240,139,78.0,20.6,0.0075,,
1.1320,140,79.4,20.6,0.0075,,
1.1405,141,80.9,20.6,0.0075,,
1.1480,142,82.3,20.6,0.0075,,
1.1565,143,83.8,20.6,0.0075,,
1.1650,144,85.6,20.6,0.0075,,
1.1735,145,87.1,20.6,0.0075,,
1.1820,146,88.6,20.6,0.0075,,
1.1905,147,90.5,20.6,0.0075,,
1.1980,148,91.8,20.6,0.0075,,
1.2065,149,93.8,20.6,0.0075,,
1.2145,150,95.5,20.6,0.0075,,
1.2230,151,97.5,20.6,0.0075,,
1.2315,152,99.9,20.6,0.0075,,
1.2400,153,101.7,20.6,0.0085,,
1.2475,154,104.0,20.6,0.0070,,
1.2560,155,106.2,20.6,0.0075,,
1.2645,156,108.8,20.6,0.0075,,
1.2725,157,112.0,20.6,0.0075,,
1.2810,158,114.8,20.6,0.0075,,
1.2890,159,117.7,20.6,0.0080,,
1.2970,160,120.7,20.6,0.0075,,
1.3055,161,124.5,20.6,0.0075,,
1.3140,162,128.4,20.6,0.0075,,
1.3225,163,132.1,20.6,0.0075,,
1.3310,164,136.0,20.6,0.0075,,
1.3385,165,139.5,20.6,0.0075,,
1.3470,166,144.1,20.6,0.0075,,
1.3555,167,148.2,20.6,0.0075,,
1.3635,168,151.6,20.6,0.0075,,
1.3720,169,155.4,20.6,0.0075,,
1.3805,170,158.7,20.6,0.0075,,
1.3880,171,161.9,20.6,0.0075,,
1.3965,172,164.7,20.6,0.0075,,
1.4050,173,167.0,20.6,0.0075,,
1.4135,174,169.4,20.6,0.0075,,
1.4220,175,171.7,20.6,0.0075,,
1.4300,176,173.6,20.6,0.0080,,
1.4380,177,175.4,20.6,0.0075,,
1.4460,178,176.9,20.6,0.0075,,
1.4545,179,178.9,20.6,0.0075,,
1.4630,180,180.5,20.6,0.0075,,
1.4715,181,181.7,20.6,0.0075,,
1.4790,182,183.1,20.6,0.0075,,
1.4875,183,184.4,20.6,0.0075,,
1.4920,184,185.1,20.6,0.0065,,
1.4920,424,186.7,20.6,0.0000,,
1.4925,425,187.0,20.6,0.0005,,
1.4940,426,187.3,20.6,0.0020,,
1.4965,427,187.2,20.6,0.0035,,
1.5005,428,188.1,20.6,0.0050,,
1.5065,429,188.8,20.6,0.0075,,
1.5150,430,189.1,20.6,0.0105,,
1.5225,431,190.3,20.6,0.0105,,
1.5310,432,191.2,20.6,0.0120,,
1.5395,433,192.4,20.6,0.0120,,
1.5475,434,193.5,20.6,0.0100,,
1.5560,435,194.1,20.6,0.0105,,
1.5645,436,195.0,20.6,0.0105,,
1.5720,437,195.8,20.6,0.0105,,
1.5805,438,196.9,20.6,0.0120,,
1.5890,439,197.9,20.6,0.0120,,
1.5975,440,198.4,20.6,0.0105,,
1.6060,441,199.2,20.6,0.0105,,
1.6140,442,200.1,20.6,0.0100,,
1.6215,443,200.3,20.6,0.0105,,
1.6300,444,201.0,20.6,0.0120,,
1.6385,445,201.4,20.6,0.0120,,
1.6470,446,202.2,20.6,0.0105,,
1.6555,447,203.6,20.6,0.0105,,
1.6640,448,204.1,20.6,0.0105,,
1.6715,449,204.8,20.6,0.0105,,
1.6800,450,205.2,20.6,0.0120,,
1.6880,451,205.8,20.6,0.0115,,
1.6965,452,206.7,20.6,0.0105,,
1.7050,453,207.1,20.6,0.0105,,
1.7135,454,207.3,20.6,0.0105,,
1.7210,455,207.8,20.6,0.0105,,
1.7295,456,208.5,20.6,0.0120,,
1.7380,457,209.3,20.6,0.0120,,
1.7460,458,209.6,20.6,0.0100,,
1.7545,459,209.7,20.6,0.0105,,
1.7630,460,210.4,20.6,0.0105,,
1.7715,461,210.5,20.6,0.0120,,
1.7790,462,211.4,20.6,0.0105,,
1.7875,463,212.0,20.6,0.0120,,
1.7960,464,212.2,20.6,0.0105,,
1.8040,465,212.8,20.6,0.0100,,
1.8125,466,213.5,20.6,0.0105,,
1.8210,467,213.6,20.6,0.0105,,
1.8285,468,213.8,20.6,0.0105,,
1.8370,469,213.9,20.6,0.0120,,
1.8455,470,214.4,20.6,0.0120,,
1.8540,471,214.9,20.6,0.0105,,
1.8620,472,215.1,20.6,0.0100,,
1.8705,473,215.7,20.6,0.0105,,
1.8780,474,215.9,20.6,0.0105,,
1.8865,475,216.6,20.6,0.0120,,
1.8950,476,217.3,20.6,0.0105,,
1.9035,477,217.6,20.6,0.0105,,
1.9120,478,218.0,20.6,0.0105,,
1.9205,479,218.7,20.6,0.0105,,
1.9280,480,218.4,20.6,0.0105,,
1.9360,481,219.0,20.6,0.0115,,
1.9445,482,219.2,20.6,0.0120,,
1.9530,483,219.2,20.6,0.0105,,
1.9615,484,220.0,20.6,0.0105,,
1.9700,485,219.9,20.6,0.0105,,
1.9780,486,220.3,20.6,0.0115,,
1.9860,487,220.5,20.6,0.0115,,
1.9940,488,220.7,20.6,0.0115,,
2.0025,489,221.2,20.6,0.0105,,
2.0110,490,221.6,20.6,0.0105,,
2.0195,491,221.5,20.6,0.0105,,
2.0280,492,222.0,20.6,0.0120,,
2.0355,493,222.0,20.6,0.0105,,
2.0440,494,222.7,20.6,0.0120,,
2.0525,495,223.1,20.6,0.0105,,
2.0605,496,223.0,20.6,0.0100,,
2.0690,497,223.7,20.6,0.0105,,
2.0765,498,223.5,20.6,0.0105,,
2.0850,499,224.4,20.6,0.0120,,
2.0935,500,224.9,20.6,0.0120,,
2.1020,501,224.9,20.6,0.0105,,
2.1105,502,225.0,20.6,0.0105,,
2.1185,503,225.3,20.6,0.0100,,
2.1265,504,225.5,20.6,0.0115,,
2.1345,505,225.6,20.6,0.0115,,
2.1430,506,225.8,20.6,0.0120,,
2.1515,507,226.6,20.6,0.0105,,
2.1600,508,227.0,20.6,0.0105,,
2.1685,509,227.1,20.6,0.0105,,
2.1760,510,226.9,20.6,0.0105,,
2.1845,511,227.2,20.6,0.0120,,
2.1930,512,227.9,20.6,0.0120,,
2.2010,513,228.3,20.6,0.0100,,
2.2095,514,228.2,20.6,0.0105,,
2.2180,515,228.6,20.6,0.0105,,
2.2255,516,228.4,20.6,0.0105,,
2.2340,517,229.1,20.6,0.0120,,
2.2425,518,229.5,20.6,0.0120,,
2.2510,519,229.4,20.6,0.0105,,
2.2590,520,229.7,20.6,0.0100,,
2.2675,521,230.1,20.6,0.0105,,
2.2760,522,229.9,20.6,0.0120,,
2.2835,523,230.3,20.6,0.0105,,
2.2920,524,230.3,20.6,0.0120,,
2.3005,525,230.8,20.6,0.0105,,
2.3090,526,231.4,20.6,0.0105,,
2.3170,527,231.3,20.6,0.0100,,
2.3255,528,231.5,20.6,0.0120,,
2.3330,529,231.1,20.6,0.0105,,
2.3415,530,231.2,20.6,0.0120,,
2.3500,531,231.9,20.6,0.0105,,
2.3585,532,232.1,20.6,0.0105,,
2.3670,533,232.2,20.6,0.0105,,
2.3750,534,232.2,20.7,0.0115,,
2.3830,535,232.6,20.6,0.0115,,
2.3910,536,232.8,20.6,0.0115,,
2.3990,537,232.6,20.6,0.0100,,
2.4040,538,232.7,20.6,0.0060,,
2.4050,539,233.2,20.6,0.0010,,
2.4055,540,233.3,20.6,0.0005,,
2.4060,541,233.8,20.6,0.0005,,
2.4070,542,233.6,20.6,0.0015,,
2.4080,543,233.5,20.6,0.0015,,
2.4105,544,233.9,20.6,0.0030,,
2.4135,545,234.0,20.6,0.0035,,
2.4165,546,233.7,20.6,0.0035,,
2.4195,547,234.0,20.6,0.0045,,
2.4240,548,233.8,20.7,0.0065,,
2.4260,549,233.9,20.7,0.0030,,
2.4265,550,234.2,20.7,0.0005,,
2.4275,551,234.0,20.6,0.0010,,
2.4290,552,234.1,20.6,0.0020,,
2.4300,553,234.1,20.7,0.0015,,
2.4305,554,234.3,20.6,0.0005,,
2.4315,555,234.1,20.7,0.0015,,
2.4320,556,233.6,20.6,0.0005,,
2.4335,557,233.6,20.6,0.0020,,
2.4335,558,233.9,20.6,0.0000,,
2.4345,559,233.9,20.6,0.0010,,
2.4355,560,234.0,20.6,0.0015,,
2.4360,561,233.6,20.6,0.0005,,
2.4375,562,233.8,20.7,0.0020,,
2.4395,563,234.4,20.7,0.0025,,
2.4420,564,234.0,20.7,0.0030,,
2.4430,565,234.0,20.7,0.0015,,
2.4435,566,233.7,20.7,0.0005,,
2.4445,567,233.9,20.7,0.0015,,
2.4445,568,234.3,20.7,0.0000,,
2.4455,569,234.2,20.7,0.0010,,
2.4460,570,234.1,20.7,0.0005,,
2.4465,571,234.0,20.7,0.0005,,
2.4480,572,234.2,20.7,0.0020,,
2.4485,573,234.5,20.7,0.0005,,
2.4500,574,234.3,20.7,0.0020,,
2.4505,575,234.6,20.7,0.0005,,
2.4520,576,234.4,20.7,0.0020,,
2.4535,577,234.4,20.7,0.0020,,
2.4540,578,234.8,20.7,0.0005,,
2.4545,579,234.8,20.6,0.0005,,
2.4555,580,234.5,20.6,0.0010,,
2.4560,581,235.0,20.6,0.0005,,
2.4575,582,234.8,20.6,0.0020,,
2.4585,583,235.1,20.7,0.0010,,
Scope 1/1, Sample 3/60 (S1_12)
Result,TitrationEP1
V,t,E,T,dV/dt,E acc. stat.,Volume acc. stat.
0.0000,0,-70.6,20.1,NaN,,
0.0010,1,-70.4,20.1,0.0010,,
0.0025,2,-70.2,20.1,0.0015,,
0.0050,3,-70.3,20.1,0.0025,,
0.0085,4,-70.3,20.1,0.0030,,
0.0150,5,-70.5,20.1,0.0060,,
0.0230,6,-69.9,20.1,0.0075,,
0.0315,7,-69.0,20.1,0.0075,,
0.0400,8,-68.2,20.1,0.0075,,
0.0485,9,-66.7,20.1,0.0075,,
0.0560,10,-65.8,20.1,0.0070,,
0.0645,11,-63.9,20.1,0.0075,,
0.0725,12,-62.5,20.1,0.0075,,
0.0810,13,-61.2,20.1,0.0075,,
0.0895,14,-59.4,20.1,0.0075,,
0.0980,15,-57.9,20.1,0.0075,,
0.1055,16,-55.8,20.1,0.0070,,
0.1140,17,-53.7,20.1,0.0075,,
0.1225,18,-51.7,20.1,0.0075,,
0.1305,19,-49.5,20.1,0.0075,,
0.1390,20,-46.8,20.1,0.0075,,
0.1475,21,-44.7,20.1,0.0075,,
0.1550,22,-42.2,20.1,0.0070,,
0.1635,23,-40.0,20.1,0.0075,,
0.1720,24,-37.1,20.1,0.0075,,
0.1805,25,-34.0,20.1,0.0075,,
0.1885,26,-31.7,20.1,0.0075,,
0.1970,27,-29.2,20.1,0.0075,,
0.2045,28,-26.8,20.1,0.0070,,
0.2130,29,-24.7,20.1,0.0075,,
0.2215,30,-22.3,20.1,0.0075,,
0.2300,31,-20.5,20.1,0.0075,,
0.2385,32,-19.2,20.1,0.0075,,
0.2470,33,-17.3,20.1,0.0075,,
0.2550,34,-16.2,20.1,0.0075,,
0.2625,35,-14.7,20.1,0.0070,,
0.2710,36,-13.1,20.1,0.0075,,
0.2795,37,-12.3,20.1,0.0075,,
0.2880,38,-10.9,20.1,0.0070,,
0.2965,39,-9.2,20.1,0.0075,,
0.3050,40,-8.3,20.1,0.0075,,
0.3125,41,-7.0,20.1,0.0070,,
0.3210,42,-6.2,20.1,0.0075,,
0.3290,43,-5.3,20.1,0.0075,,
0.3375,44,-4.2,20.1,0.0075,,
0.3460,45,-3.5,20.1,0.0075,,
0.3545,46,-2.6,20.1,0.0085,,
0.3620,47,-2.0,20.1,0.0070,,
0.3705,48,-1.0,20.1,0.0075,,
0.3790,49,0.1,20.1,0.0075,,
0.3870,50,1.0,20.1,0.0075,,
0.3955,51,1.7,20.1,0.0075,,
0.4040,52,3.0,20.1,0.0075,,
0.4115,53,3.8,20.1,0.0070,,
0.4200,54,4.7,20.1,0.0075,,
0.4285,55,5.3,20.1,0.0075,,
0.4370,56,5.8,20.1,0.0075,,
0.4450,57,6.8,20.1,0.0075,,
0.4535,58,7.5,20.1,0.0075,,
0.4610,59,8.4,20.1,0.0070,,
0.4695,60,9.0,20.1,0.0075,,
0.4780,61,9.8,20.1,0.0075,,
0.4865,62,10.8,20.1,0.0075,,
0.4950,63,11.5,20.1,0.0075,,
0.5035,64,12.0,20.1,0.0075,,
0.5110,65,12.9,20.1,0.0070,,
0.5195,66,13.6,20.1,0.0075,,
0.5275,67,14.6,20.1,0.0075,,
0.5360,68,15.3,20.1,0.0075,,
0.5445,69,15.9,20.1,0.0075,,
0.5530,70,16.8,20.1,0.0075,,
0.5605,71,17.4,20.1,0.0070,,
0.5690,72,18.5,20.1,0.0075,,
0.5775,73,19.2,20.1,0.0075,,
0.5855,74,19.6,20.1,0.0075,,
0.5940,75,20.5,20.1,0.0075,,
0.6025,76,21.3,20.2,0.0075,,
0.6100,77,22.1,20.1,0.0070,,
0.6185,78,22.8,20.1,0.0075,,
0.6270,79,23.5,20.1,0.0075,,
0.6355,80,24.4,20.1,0.0075,,
0.6435,81,25.4,20.1,0.0075,,
0.6520,82,25.9,20.1,0.0075,,
0.6595,83,26.7,20.1,0.0070,,
0.6680,84,27.3,20.1,0.0075,,
0.6765,85,28.2,20.1,0.0075,,
0.6850,86,29.2,20.1,0.0075,,
0.6935,87,30.0,20.2,0.0075,,
0.7015,88,31.0,20.2,0.0075,,
0.7100,89,31.6,20.2,0.0075,,
0.7175,90,32.2,20.2,0.0070,,
0.7260,91,33.2,20.2,0.0075,,
0.7345,92,33.8,20.2,0.0075,,
0.7430,93,34.7,20.2,0.0075,,
0.7515,94,35.8,20.2,0.0075,,
0.7600,95,36.1,20.2,0.0075,,
0.7675,96,37.2,20.2,0.0070,,
0.7755,97,38.0,20.2,0.0075,,
0.7840,98,38.9,20.2,0.0075,,
0.7925,99,40.1,20.2,0.0075,,
0.8010,100,40.9,20.2,0.0075,,
0.8095,101,41.8,20.2,0.0075,,
0.8170,102,42.5,20.2,0.0070,,
0.8255,103,43.4,20.2,0.0075,,
0.8340,104,44.8,20.2,0.0075,,
0.8420,105,45.9,20.2,0.0075,,
0.8505,106,46.6,20.2,0.0075,,
0.8590,107,47.3,20.2,0.0075,,
0.8665,108,47.6,20.2,0.0070,,
0.8750,109,48.8,20.2,0.0075,,
0.8835,110,49.9,20.2,0.0075,,
0.8915,111,50.7,20.2,0.0075,,
0.9000,112,51.8,20.2,0.0075,,
0.9085,113,53.0,20.2,0.0075,,
0.9160,114,53.9,20.2,0.0070,,
0.9245,115,54.9,20.2,0.0075,,
0.9330,116,55.7,20.2,0.0075,,
0.9415,117,56.8,20.2,0.0075,,
0.9500,118,58.2,20.2,0.0075,,
0.9580,119,59.1,20.2,0.0075,,
0.9660,120,60.4,20.2,0.0075,,
0.9740,121,61.2,20.2,0.0075,,
0.9825,122,62.6,20.2,0.0075,,
0.9910,123,64.0,20.2,0.0075,,
0.9995,124,64.9,20.2,0.0075,,
1.0080,125,66.0,20.2,0.0075,,
1.0155,126,67.4,20.2,0.0070,,
1.0240,127,68.8,20.2,0.0075,,
1.0320,128,70.1,20.2,0.0075,,
1.0405,129,71.0,20.2,0.0075,,
1.0490,130,72.1,20.2,0.0075,,
1.0575,131,73.6,20.2,0.0075,,
1.0650,132,74.9,20.2,0.0070,,
1.0735,133,76.5,20.2,0.0075,,
1.0820,134,77.7,20.2,0.0075,,
1.0905,135,78.9,20.2,0.0075,,
1.0985,136,80.6,20.2,0.0075,,
1.1070,137,82.1,20.2,0.0075,,
1.1145,138,83.5,20.2,0.0070,,
1.1230,139,84.8,20.2,0.0075,,
1.1315,140,86.5,20.2,0.0075,,
1.1400,141,88.3,20.2,0.0075,,
1.1485,142,90.0,20.2,0.0075,,
1.1565,143,91.6,20.2,0.0075,,
1.1645,144,93.4,20.2,0.0075,,
1.1725,145,95.4,20.2,0.0075,,
1.1810,146,97.6,20.2,0.0075,,
1.1895,147,99.6,20.2,0.0075,,
1.1980,148,101.7,20.2,0.0075,,
1.2065,149,104.3,20.2,0.0075,,
1.2150,150,106.5,20.2,0.0075,,
1.2225,151,109.3,20.2,0.0070,,
1.2305,152,112.1,20.2,0.0075,,
1.2390,153,114.6,20.2,0.0075,,
1.2475,154,118.1,20.2,0.0075,,
1.2560,155,121.5,20.2,0.0075,,
1.2645,156,124.5,20.2,0.0075,,
1.2720,157,128.3,20.2,0.0070,,
1.2805,158,132.2,20.2,0.0075,,
1.2885,159,136.1,20.2,0.0075,,
1.2970,160,140.2,20.2,0.0075,,
1.3055,161,144.1,20.2,0.0075,,
1.3140,162,147.9,20.2,0.0075,,
1.3215,163,151.2,20.2,0.0070,,
1.3300,164,154.9,20.2,0.0075,,
1.3385,165,158.4,20.2,0.0075,,
1.3470,166,161.2,20.2,0.0075,,
1.3550,167,164.0,20.2,0.0075,,
1.3635,168,166.9,20.2,0.0075,,
1.3710,169,168.9,20.2,0.0070,,
1.3795,170,171.4,20.2,0.0075,,
1.3880,171,172.9,20.2,0.0075,,
1.3965,172,175.0,20.2,0.0075,,
1.4050,173,177.0,20.2,0.0075,,
1.4130,174,178.6,20.2,0.0075,,
1.4210,175,180.4,20.2,0.0075,,
1.4290,176,181.6,20.2,0.0075,,
1.4375,177,182.9,20.2,0.0075,,
1.4460,178,184.7,20.2,0.0075,,
1.4520,179,185.1,20.2,0.0075,,
1.4520,419,187.4,20.3,0.0000,,
1.4525,420,187.6,20.3,0.0005,,
1.4540,421,187.7,20.3,0.0015,,
1.4565,422,187.5,20.3,0.0030,,
1.4605,423,188.0,20.3,0.0040,,
1.4670,424,188.7,20.3,0.0065,,
1.4750,425,189.5,20.3,0.0080,,
1.4830,426,190.5,20.3,0.0090,,
1.4910,427,191.4,20.3,0.0090,,
1.4995,428,192.0,20.3,0.0095,,
1.5080,429,193.0,20.3,0.0085,,
1.5165,430,193.6,20.3,0.0085,,
1.5250,431,194.4,20.3,0.0085,,
1.5325,432,195.3,20.3,0.0085,,
1.5410,433,196.3,20.3,0.0095,,
1.5490,434,197.3,20.3,0.0080,,
1.5575,435,197.7,20.3,0.0085,,
1.5660,436,198.5,20.3,0.0085,,
1.5745,437,199.5,20.3,0.0085,,
1.5820,438,200.2,20.3,0.0085,,
1.5905,439,201.1,20.3,0.0095,,
1.5990,440,201.6,20.3,0.0095,,
1.6070,441,202.1,20.3,0.0080,,
1.6155,442,203.1,20.3,0.0085,,
1.6240,443,203.5,20.3,0.0085,,
1.6315,444,204.2,20.3,0.0085,,
1.6400,445,204.4,20.3,0.0095,,
1.6485,446,205.2,20.3,0.0095,,
1.6570,447,206.1,20.3,0.0085,,
1.6655,448,206.6,20.3,0.0085,,
1.6735,449,207.0,20.3,0.0080,,
1.6810,450,207.7,20.3,0.0085,,
1.6895,451,208.3,20.3,0.0095,,
1.6980,452,208.8,20.3,0.0095,,
1.7065,453,209.4,20.3,0.0085,,
1.7150,454,209.5,20.3,0.0085,,
1.7235,455,210.3,20.3,0.0085,,
1.7315,456,210.9,20.3,0.0090,,
1.7395,457,211.6,20.3,0.0090,,
1.7475,458,212.1,20.3,0.0090,,
1.7560,459,212.3,20.3,0.0085,,
1.7645,460,212.8,20.3,0.0085,,
1.7730,461,213.5,20.3,0.0085,,
1.7815,462,213.4,20.3,0.0095,,
1.7890,463,213.7,20.3,0.0085,,
1.7970,464,213.9,20.3,0.0090,,
1.8055,465,214.3,20.3,0.0095,,
1.8140,466,215.1,20.3,0.0085,,
1.8225,467,215.4,20.3,0.0085,,
1.8310,468,215.5,20.3,0.0085,,
1.8385,469,216.0,20.3,0.0085,,
1.8470,470,216.4,20.3,0.0095,,
1.8555,471,217.0,20.3,0.0095,,
1.8635,472,217.3,20.3,0.0080,,
1.8720,473,217.9,20.3,0.0085,,
1.8805,474,218.3,20.3,0.0085,,
1.8880,475,218.1,20.3,0.0085,,
1.8965,476,218.5,20.3,0.0095,,
1.9050,477,218.8,20.3,0.0095,,
1.9135,478,219.2,20.3,0.0085,,
1.9215,479,219.9,20.3,0.0080,,
1.9300,480,220.4,20.3,0.0085,,
1.9375,481,220.4,20.3,0.0085,,
1.9460,482,220.5,20.3,0.0095,,
1.9545,483,220.5,20.3,0.0095,,
1.9630,484,221.0,20.3,0.0085,,
1.9715,485,221.5,20.3,0.0085,,
1.9800,486,221.5,20.3,0.0085,,
1.9875,487,221.9,20.3,0.0085,,
1.9960,488,222.0,20.3,0.0095,,
2.0040,489,222.6,20.3,0.0090,,
2.0125,490,222.9,20.3,0.0085,,
2.0210,491,223.0,20.3,0.0085,,
2.0295,492,223.4,20.3,0.0085,,
2.0370,493,223.8,20.3,0.0085,,
2.0455,494,224.5,20.3,0.0095,,
2.0540,495,224.9,20.3,0.0095,,
2.0620,496,224.8,20.3,0.0080,,
2.0705,497,224.9,20.3,0.0085,,
2.0790,498,225.4,20.3,0.0085,,
2.0865,499,226.0,20.3,0.0085,,
2.0950,500,226.3,20.3,0.0095,,
2.1035,501,226.3,20.3,0.0095,,
2.1120,502,226.7,20.3,0.0085,,
2.1205,503,227.0,20.3,0.0085,,
2.1285,504,227.1,20.3,0.0080,,
2.1360,505,227.4,20.3,0.0085,,
2.1445,506,227.1,20.3,0.0095,,
2.1530,507,227.5,20.3,0.0095,,
2.1615,508,227.7,20.3,0.0085,,
2.1700,509,227.6,20.3,0.0085,,
2.1785,510,227.8,20.3,0.0085,,
2.1860,511,228.1,20.3,0.0085,,
2.1945,512,228.4,20.3,0.0095,,
2.2025,513,228.8,20.3,0.0090,,
2.2110,514,228.8,20.3,0.0085,,
2.2195,515,229.0,20.3,0.0085,,
2.2280,516,229.5,20.3,0.0085,,
2.2365,517,229.7,20.3,0.0095,,
2.2440,518,230.2,20.3,0.0085,,
2.2525,519,230.1,20.3,0.0095,,
2.2605,520,230.3,20.3,0.0080,,
2.2690,521,230.7,20.3,0.0085,,
2.2775,522,230.8,20.3,0.0085,,
2.2850,523,231.1,20.3,0.0085,,
2.2935,524,231.1,20.3,0.0095,,
2.3020,525,231.3,20.3,0.0095,,
2.3105,526,231.8,20.3,0.0085,,
2.3185,527,232.0,20.3,0.0080,,
2.3270,528,232.0,20.3,0.0085,,
2.3345,529,232.2,20.3,0.0085,,
2.3430,530,232.4,20.3,0.0095,,
2.3515,531,232.8,20.3,0.0095,,
2.3595,532,232.7,20.3,0.0080,,
2.3675,533,233.0,20.3,0.0080,,
2.3745,534,233.6,20.3,0.0070,,
2.3800,535,233.6,20.3,0.0060,,
2.3830,536,234.0,20.4,0.0035,,
2.3835,537,233.9,20.3,0.0005,,
2.3845,538,233.7,20.4,0.0010,,
2.3860,539,233.8,20.4,0.0015,,
2.3875,540,233.8,20.4,0.0015,,
2.3880,541,233.6,20.3,0.0005,,
2.3895,542,233.5,20.3,0.0015,,
2.3900,543,233.5,20.3,0.0005,,
2.3905,544,233.8,20.3,0.0005,,
2.3910,545,233.8,20.3,0.0005,,
2.3915,546,233.7,20.3,0.0005,,
2.3925,547,234.1,20.3,0.0010,,
2.3930,548,234.0,20.3,0.0005,,
2.3930,549,234.4,20.4,0.0000,,
2.3950,550,234.1,20.4,0.0020,,
2.3960,551,233.4,20.4,0.0010,,
2.3970,552,233.7,20.3,0.0010,,
2.3975,553,234.0,20.3,0.0005,,
2.3980,554,234.2,20.3,0.0005,,
2.3985,555,234.2,20.3,0.0005,,
2.3995,556,233.8,20.3,0.0010,,
2.4010,557,233.9,20.3,0.0015,,
2.4030,558,234.1,20.3,0.0020,,
2.4035,559,233.9,20.3,0.0005,,
2.4040,560,234.4,20.4,0.0005,,
2.4045,561,234.4,20.4,0.0005,,
2.4060,562,234.2,20.4,0.0015,,
2.4070,563,234.2,20.4,0.0010,,
2.4080,564,234.3,20.4,0.0010,,
2.4085,565,234.5,20.4,0.0005,,
2.4100,566,234.4,20.4,0.0015,,
2.4120,567,234.6,20.4,0.0020,,
2.4135,568,234.7,20.4,0.0015,,
2.4150,569,234.2,20.4,0.0015,,
2.4160,570,233.9,20.4,0.0010,,
2.4170,571,234.2,20.4,0.0010,,
2.4180,572,234.1,20.4,0.0010,,
2.4185,573,234.3,20.4,0.0005,,
2.4195,574,234.1,20.4,0.0010,,
2.4205,575,234.1,20.4,0.0010,,
2.4215,576,234.7,20.4,0.0010,,
2.4215,577,234.4,20.4,0.0000,,
2.4225,578,234.3,20.4,0.0010,,
2.4240,579,234.2,20.4,0.0015,,
2.4250,580,234.1,20.4,0.0010,,
2.4260,581,234.5,20.4,0.0010,,
2.4270,582,235.1,20.4,0.0015,,
Scope 1/1, Sample 4/60 (S2_12)
Result,TitrationEP1
V,t,E,T,dV/dt,E acc. stat.,Volume acc. stat.
0.0000,0,-70.6,20.2,NaN,,
0.0010,1,-70.8,20.2,0.0010,,
0.0025,2,-70.9,20.2,0.0015,,
0.0050,3,-70.7,20.2,0.0025,,
0.0085,4,-71.0,20.2,0.0030,,
0.0150,5,-70.5,20.2,0.0060,,
0.0230,6,-70.0,20.2,0.0075,,
0.0315,7,-69.4,20.2,0.0075,,
0.0400,8,-68.2,20.2,0.0075,,
0.0475,9,-67.2,20.2,0.0070,,
0.0560,10,-65.6,20.2,0.0075,,
0.0645,11,-64.0,20.2,0.0075,,
0.0725,12,-62.7,20.2,0.0075,,
0.0810,13,-61.0,20.2,0.0075,,
0.0895,14,-59.4,20.2,0.0085,,
0.0970,15,-57.3,20.2,0.0070,,
0.1055,16,-55.4,20.2,0.0075,,
0.1140,17,-53.6,20.2,0.0075,,
0.1225,18,-51.3,20.2,0.0075,,
0.1310,19,-49.0,20.2,0.0075,,
0.1385,20,-46.8,20.2,0.0075,,
0.1470,21,-44.5,20.2,0.0075,,
0.1550,22,-42.3,20.2,0.0075,,
0.1635,23,-39.2,20.2,0.0075,,
0.1720,24,-36.4,20.2,0.0075,,
0.1805,25,-33.9,20.2,0.0075,,
0.1880,26,-31.3,20.2,0.0075,,
0.1965,27,-28.9,20.2,0.0075,,
0.2050,28,-26.1,20.2,0.0075,,
0.2135,29,-23.9,20.2,0.0075,,
0.2215,30,-22.3,20.2,0.0075,,
0.2300,31,-20.1,20.2,0.0075,,
0.2375,32,-18.5,20.2,0.0075,,
0.2460,33,-16.5,20.2,0.0075,,
0.2545,34,-15.0,20.2,0.0075,,
0.2630,35,-13.7,20.2,0.0075,,
0.2715,36,-12.2,20.2,0.0075,,
0.2795,37,-10.7,20.2,0.0075,,
0.2875,38,-9.6,20.2,0.0080,,
0.2955,39,-8.6,20.2,0.0075,,
0.3040,40,-7.7,20.2,0.0075,,
0.3125,41,-6.6,20.2,0.0075,,
0.3210,42,-5.0,20.2,0.0075,,
0.3295,43,-4.3,20.2,0.0075,,
0.3370,44,-3.7,20.2,0.0075,,
0.3455,45,-3.1,20.2,0.0075,,
0.3535,46,-1.9,20.2,0.0075,,
0.3620,47,-1.0,20.2,0.0075,,
0.3705,48,-0.4,20.2,0.0075,,
0.3790,49,0.7,20.2,0.0075,,
0.3875,50,1.9,20.2,0.0075,,
0.3950,51,2.8,20.2,0.0075,,
0.4035,52,3.8,20.2,0.0075,,
0.4115,53,4.4,20.2,0.0075,,
0.4200,54,5.0,20.2,0.0075,,
0.4285,55,6.0,20.2,0.0075,,
0.4370,56,6.8,20.2,0.0075,,
0.4445,57,7.6,20.2,0.0075,,
0.4530,58,8.2,20.2,0.0075,,
0.4615,59,9.0,20.2,0.0075,,
0.4695,60,10.1,20.2,0.0075,,
0.4780,61,10.9,20.2,0.0075,,
0.4865,62,11.2,20.2,0.0075,,
0.4940,63,12.0,20.2,0.0075,,
0.5025,64,12.7,20.2,0.0075,,
0.5110,65,13.7,20.2,0.0075,,
0.5195,66,14.6,20.2,0.0075,,
0.5280,67,15.1,20.2,0.0075,,
0.5360,68,15.9,20.2,0.0075,,
0.5435,69,16.7,20.2,0.0075,,
0.5520,70,17.7,20.2,0.0075,,
0.5605,71,18.7,20.2,0.0075,,
0.5690,72,19.1,20.2,0.0075,,
0.5775,73,19.8,20.2,0.0075,,
0.5860,74,20.8,20.2,0.0075,,
0.5935,75,21.4,20.2,0.0075,,
0.6020,76,22.2,20.2,0.0075,,
0.6100,77,22.9,20.2,0.0075,,
0.6185,78,23.7,20.2,0.0075,,
0.6270,79,24.6,20.2,0.0075,,
0.6355,80,25.0,20.2,0.0075,,
0.6430,81,26.0,20.2,0.0075,,
0.6515,82,26.5,20.2,0.0075,,
0.6600,83,27.4,20.2,0.0075,,
0.6685,84,28.3,20.2,0.0075,,
0.6765,85,29.0,20.2,0.0075,,
0.6850,86,29.7,20.2,0.0075,,
0.6935,87,30.6,20.2,0.0085,,
0.7010,88,31.4,20.2,0.0070,,
0.7095,89,32.4,20.3,0.0075,,
0.7180,90,32.8,20.3,0.0075,,
0.7265,91,33.5,20.3,0.0075,,
0.7345,92,34.7,20.3,0.0075,,
0.7425,93,35.4,20.3,0.0080,,
0.7505,94,36.5,20.3,0.0075,,
0.7590,95,37.1,20.3,0.0075,,
0.7675,96,37.7,20.3,0.0075,,
0.7760,97,38.9,20.3,0.0075,,
0.7845,98,39.8,20.3,0.0075,,
0.7925,99,40.7,20.3,0.0080,,
0.8005,100,41.2,20.3,0.0075,,
0.8085,101,42.0,20.3,0.0075,,
0.8170,102,43.4,20.3,0.0075,,
0.8255,103,44.4,20.3,0.0075,,
0.8340,104,45.0,20.3,0.0075,,
0.8425,105,46.1,20.3,0.0075,,
0.8500,106,47.0,20.3,0.0075,,
0.8585,107,48.0,20.3,0.0075,,
0.8665,108,48.9,20.3,0.0075,,
0.8750,109,49.4,20.3,0.0075,,
0.8835,110,50.6,20.3,0.0075,,
0.8920,111,51.7,20.3,0.0075,,
0.8995,112,52.7,20.3,0.0075,,
0.9080,113,53.6,20.3,0.0075,,
0.9165,114,54.4,20.3,0.0075,,
0.9250,115,55.6,20.3,0.0075,,
0.9330,116,56.9,20.3,0.0075,,
0.9415,117,57.9,20.3,0.0075,,
0.9490,118,58.6,20.3,0.0075,,
0.9575,119,59.6,20.3,0.0075,,
0.9660,120,60.8,20.3,0.0075,,
0.9745,121,62.3,20.3,0.0075,,
0.9830,122,63.1,20.3,0.0075,,
0.9910,123,64.2,20.3,0.0075,,
0.9985,124,65.3,20.3,0.0075,,
1.0070,125,66.6,20.3,0.0075,,
1.0155,126,68.0,20.3,0.0075,,
1.0240,127,68.9,20.3,0.0075,,
1.0325,128,70.0,20.3,0.0075,,
1.0410,129,71.8,20.3,0.0075,,
1.0485,130,72.7,20.3,0.0075,,
1.0570,131,74.5,20.3,0.0075,,
1.0650,132,75.3,20.3,0.0075,,
1.0735,133,76.6,20.3,0.0075,,
1.0820,134,78.0,20.3,0.0075,,
1.0905,135,79.5,20.3,0.0075,,
1.0980,136,81.0,20.3,0.0075,,
1.1065,137,82.2,20.3,0.0075,,
1.1150,138,83.8,20.3,0.0075,,
1.1235,139,85.4,20.3,0.0075,,
1.1315,140,86.7,20.3,0.0075,,
1.1400,141,88.6,20.3,0.0075,,
1.1475,142,90.3,20.3,0.0075,,
1.1560,143,92.6,20.3,0.0075,,
1.1645,144,94.4,20.3,0.0075,,
1.1730,145,96.5,20.3,0.0075,,
1.1815,146,98.0,20.3,0.0075,,
1.1900,147,100.0,20.3,0.0075,,
1.1975,148,102.1,20.3,0.0075,,
1.2055,149,104.3,20.3,0.0075,,
1.2140,150,106.5,20.3,0.0075,,
1.2225,151,108.9,20.3,0.0075,,
1.2310,152,111.9,20.3,0.0075,,
1.2395,153,114.8,20.3,0.0075,,
1.2470,154,117.8,20.3,0.0075,,
1.2555,155,121.0,20.3,0.0075,,
1.2635,156,124.2,20.3,0.0075,,
1.2720,157,128.2,20.3,0.0075,,
1.2805,158,131.9,20.3,0.0075,,
1.2890,159,135.3,20.3,0.0075,,
1.2975,160,139.1,20.3,0.0085,,
1.3050,161,143.1,20.3,0.0070,,
1.3135,162,147.3,20.3,0.0075,,
1.3220,163,151.2,20.3,0.0075,,
1.3300,164,154.1,20.3,0.0075,,
1.3385,165,157.7,20.3,0.0075,,
1.3470,166,160.1,20.3,0.0085,,
1.3545,167,163.4,20.3,0.0070,,
1.3630,168,165.9,20.3,0.0075,,
1.3715,169,168.1,20.3,0.0075,,
1.3800,170,170.6,20.3,0.0075,,
1.3880,171,172.8,20.3,0.0075,,
1.3965,172,174.4,20.3,0.0075,,
1.4040,173,176.4,20.3,0.0075,,
1.4125,174,177.9,20.3,0.0075,,
1.4210,175,179.5,20.3,0.0075,,
1.4295,176,181.3,20.3,0.0075,,
1.4380,177,182.7,20.3,0.0075,,
1.4460,178,183.7,20.3,0.0075,,
1.4530,179,185.2,20.3,0.0080,,
1.4530,419,186.8,20.4,0.0000,,
1.4535,420,187.0,20.4,0.0005,,
1.4550,421,187.0,20.4,0.0015,,
1.4575,422,186.6,20.4,0.0025,,
1.4615,423,187.2,20.4,0.0035,,
1.4680,424,188.4,20.4,0.0060,,
1.4760,425,189.3,20.4,0.0075,,
1.4840,426,190.4,20.4,0.0080,,
1.4920,427,191.0,20.4,0.0080,,
1.5005,428,192.1,20.4,0.0085,,
1.5090,429,192.9,20.4,0.0075,,
1.5175,430,193.8,20.4,0.0075,,
1.5260,431,194.2,20.4,0.0075,,
1.5340,432,195.3,20.4,0.0075,,
1.5415,433,196.0,20.4,0.0075,,
1.5500,434,197.2,20.4,0.0085,,
1.5585,435,198.0,20.4,0.0075,,
1.5670,436,198.4,20.4,0.0075,,
1.5755,437,199.3,20.4,0.0075,,
1.5840,438,199.9,20.4,0.0085,,
1.5915,439,200.9,20.4,0.0075,,
1.6000,440,201.5,20.4,0.0085,,
1.6080,441,201.9,20.4,0.0075,,
1.6165,442,202.8,20.4,0.0075,,
1.6250,443,203.6,20.4,0.0075,,
1.6335,444,203.8,20.4,0.0075,,
1.6410,445,204.7,20.4,0.0075,,
1.6495,446,204.8,20.4,0.0085,,
1.6580,447,205.8,20.4,0.0075,,
1.6665,448,206.7,20.4,0.0075,,
1.6745,449,206.9,20.4,0.0075,,
1.6830,450,207.7,20.4,0.0085,,
1.6905,451,208.0,20.4,0.0075,,
1.6990,452,209.0,20.4,0.0085,,
1.7075,453,209.6,20.4,0.0075,,
1.7160,454,209.7,20.4,0.0075,,
1.7245,455,210.3,20.4,0.0075,,
1.7325,456,210.8,20.4,0.0080,,
1.7405,457,211.5,20.4,0.0080,,
1.7485,458,211.6,20.4,0.0080,,
1.7570,459,211.6,20.4,0.0075,,
1.7655,460,212.1,20.4,0.0075,,
1.7740,461,212.8,20.4,0.0075,,
1.7825,462,213.2,20.4,0.0075,,
1.7900,463,213.5,20.4,0.0075,,
1.7985,464,213.6,20.4,0.0085,,
1.8065,465,214.0,20.4,0.0080,,
1.8150,466,214.7,20.4,0.0075,,
1.8235,467,215.0,20.4,0.0075,,
1.8320,468,215.3,20.4,0.0075,,
1.8395,469,215.7,20.4,0.0075,,
1.8480,470,216.1,20.4,0.0085,,
1.8565,471,216.7,20.4,0.0085,,
1.8645,472,216.8,20.4,0.0075,,
1.8730,473,217.1,20.4,0.0075,,
1.8815,474,217.8,20.4,0.0075,,
1.8890,475,217.9,20.4,0.0075,,
1.8975,476,218.4,20.4,0.0085,,
1.9060,477,218.5,20.4,0.0085,,
1.9145,478,218.8,20.4,0.0075,,
1.9230,479,219.4,20.4,0.0075,,
1.9310,480,219.6,20.4,0.0075,,
1.9390,481,220.3,20.4,0.0080,,
1.9470,482,220.4,20.4,0.0080,,
1.9555,483,220.7,20.4,0.0085,,
1.9640,484,221.5,20.4,0.0075,,
1.9725,485,221.9,20.4,0.0075,,
1.9810,486,221.9,20.4,0.0075,,
1.9890,487,222.5,20.4,0.0080,,
1.9965,488,222.6,20.4,0.0075,,
2.0050,489,223.1,20.4,0.0085,,
2.0135,490,223.5,20.4,0.0075,,
2.0220,491,223.5,20.4,0.0075,,
2.0305,492,223.7,20.4,0.0075,,
2.0390,493,223.9,20.4,0.0085,,
2.0465,494,224.6,20.4,0.0075,,
2.0545,495,224.9,20.4,0.0080,,
2.0630,496,224.9,20.4,0.0075,,
2.0715,497,225.2,20.4,0.0075,,
2.0800,498,225.6,20.4,0.0075,,
2.0885,499,225.7,20.4,0.0075,,
2.0960,500,226.2,20.4,0.0075,,
2.1045,501,226.2,20.4,0.0085,,
2.1130,502,226.3,20.4,0.0085,,
2.1210,503,226.8,20.4,0.0075,,
2.1295,504,226.8,20.4,0.0075,,
2.1380,505,226.8,20.4,0.0075,,
2.1455,506,226.9,20.4,0.0075,,
2.1540,507,227.2,20.4,0.0085,,
2.1625,508,228.0,20.4,0.0085,,
2.1710,509,228.2,20.4,0.0075,,
2.1795,510,228.1,20.4,0.0075,,
2.1875,511,228.5,20.4,0.0075,,
2.1950,512,228.3,20.4,0.0075,,
2.2035,513,229.1,20.4,0.0085,,
2.2120,514,228.8,20.4,0.0085,,
2.2205,515,228.9,20.4,0.0075,,
2.2290,516,229.6,20.4,0.0075,,
2.2375,517,229.8,20.4,0.0085,,
2.2450,518,230.3,20.4,0.0075,,
2.2535,519,230.1,20.4,0.0085,,
2.2615,520,230.2,20.4,0.0075,,
2.2700,521,230.6,20.4,0.0075,,
2.2785,522,230.6,20.4,0.0075,,
2.2870,523,230.6,20.4,0.0075,,
2.2945,524,231.0,20.4,0.0075,,
2.3030,525,231.3,20.4,0.0085,,
2.3115,526,231.9,20.4,0.0085,,
2.3195,527,231.9,20.4,0.0075,,
2.3280,528,231.6,20.4,0.0075,,
2.3360,529,231.9,20.4,0.0075,,
2.3435,530,232.0,20.4,0.0075,,
2.3520,531,232.4,20.4,0.0085,,
2.3605,532,232.6,20.4,0.0075,,
2.3690,533,232.5,20.4,0.0075,,
2.3765,534,233.0,20.4,0.0070,,
2.3850,535,233.4,20.4,0.0075,,
2.3920,536,233.4,20.4,0.0070,,
2.3975,537,233.8,20.4,0.0055,,
2.3985,538,233.6,20.4,0.0010,,
2.3990,539,233.6,20.4,0.0005,,
2.4000,540,233.9,20.4,0.0010,,
2.4010,541,233.7,20.4,0.0010,,
2.4030,542,233.9,20.4,0.0020,,
2.4055,543,233.7,20.4,0.0025,,
2.4060,544,233.8,20.4,0.0005,,
2.4075,545,234.1,20.4,0.0015,,
2.4085,546,233.9,20.4,0.0010,,
2.4090,547,233.8,20.4,0.0005,,
2.4095,548,234.0,20.4,0.0005,,
2.4105,549,233.9,20.4,0.0010,,
2.4115,550,234.3,20.4,0.0010,,
2.4120,551,234.1,20.4,0.0005,,
2.4130,552,233.9,20.4,0.0010,,
2.4150,553,234.2,20.4,0.0020,,
2.4160,554,234.2,20.4,0.0010,,
2.4175,555,234.4,20.4,0.0015,,
2.4180,556,234.1,20.4,0.0005,,
2.4190,557,234.1,20.4,0.0010,,
2.4195,558,234.3,20.4,0.0005,,
2.4200,559,234.3,20.4,0.0005,,
2.4205,560,234.4,20.4,0.0005,,
2.4210,561,234.1,20.4,0.0005,,
2.4215,562,234.0,20.4,0.0005,,
2.4220,563,234.4,20.4,0.0005,,
2.4240,564,234.3,20.4,0.0020,,
2.4250,565,234.0,20.4,0.0010,,
2.4255,566,234.2,20.4,0.0005,,
2.4260,566,235.0,20.4,0.0015,,
Scope 1/1, Sample 5/60 (S3_12)
Result,TitrationEP1
V,t,E,T,dV/dt,E acc. stat.,Volume acc. stat.
0.0000,0,-70.3,20.3,NaN,,
0.0010,1,-70.6,20.3,0.0010,,
0.0025,2,-70.4,20.3,0.0015,,
0.0050,3,-70.6,20.3,0.0020,,
0.0090,4,-70.3,20.3,0.0035,,
0.0150,5,-70.4,20.3,0.0055,,
0.0235,6,-69.8,20.3,0.0075,,
0.0320,7,-68.8,20.3,0.0075,,
0.0405,8,-68.1,20.3,0.0075,,
0.0490,9,-67.0,20.3,0.0070,,
0.0565,10,-66.0,20.3,0.0070,,
0.0650,11,-64.4,20.4,0.0075,,
0.0730,12,-62.7,20.4,0.0075,,
0.0815,13,-61.3,20.4,0.0075,,
0.0900,14,-59.8,20.3,0.0075,,
0.0985,15,-57.6,20.3,0.0075,,
0.1060,16,-56.0,20.3,0.0070,,
0.1145,17,-53.7,20.3,0.0075,,
0.1230,18,-51.9,20.3,0.0075,,
0.1310,19,-50.0,20.3,0.0075,,
0.1395,20,-47.5,20.4,0.0070,,
0.1480,21,-45.1,20.4,0.0075,,
0.1555,22,-42.8,20.4,0.0070,,
0.1640,23,-40.4,20.4,0.0075,,
0.1725,24,-38.1,20.4,0.0075,,
0.1810,25,-35.1,20.4,0.0075,,
0.1895,26,-32.2,20.4,0.0075,,
0.1980,27,-29.8,20.4,0.0070,,
0.2055,28,-27.9,20.4,0.0070,,
0.2135,29,-25.3,20.4,0.0075,,
0.2220,30,-23.4,20.4,0.0075,,
0.2305,31,-21.6,20.4,0.0075,,
0.2390,32,-20.0,20.4,0.0075,,
0.2475,33,-18.1,20.4,0.0070,,
0.2550,34,-17.2,20.4,0.0070,,
0.2635,35,-15.4,20.4,0.0075,,
0.2720,36,-14.2,20.4,0.0075,,
0.2800,37,-13.2,20.4,0.0075,,
0.2885,38,-11.9,20.3,0.0075,,
0.2970,39,-10.8,20.4,0.0075,,
0.3045,40,-9.4,20.4,0.0070,,
0.3130,41,-8.7,20.4,0.0075,,
0.3215,42,-7.9,20.4,0.0075,,
0.3300,43,-6.2,20.4,0.0075,,
0.3385,44,-5.5,20.4,0.0075,,
0.3465,45,-4.5,20.4,0.0075,,
0.3545,46,-3.9,20.4,0.0075,,
0.3625,47,-2.9,20.4,0.0075,,
0.3710,48,-1.5,20.4,0.0075,,
0.3795,49,-1.2,20.4,0.0075,,
0.3880,50,-0.8,20.4,0.0075,,
0.3965,51,0.1,20.4,0.0075,,
0.4040,52,0.7,20.4,0.0070,,
0.4120,53,1.9,20.4,0.0075,,
0.4205,54,3.0,20.4,0.0075,,
0.4290,55,3.7,20.4,0.0075,,
0.4375,56,4.6,20.4,0.0075,,
0.4460,57,5.8,20.4,0.0075,,
0.4535,58,6.3,20.4,0.0070,,
0.4620,59,7.0,20.4,0.0075,,
0.4705,60,7.4,20.4,0.0075,,
0.4785,61,8.4,20.4,0.0075,,
0.4870,62,9.4,20.4,0.0075,,
0.4955,63,10.1,20.4,0.0075,,
0.5030,64,10.7,20.4,0.0070,,
0.5115,65,11.2,20.4,0.0075,,
0.5200,66,12.1,20.4,0.0075,,
0.5285,67,13.1,20.4,0.0075,,
0.5365,68,13.8,20.4,0.0075,,
0.5450,69,14.3,20.4,0.0075,,
0.5535,70,15.1,20.4,0.0075,,
0.5610,71,15.9,20.4,0.0070,,
0.5695,72,16.8,20.4,0.0075,,
0.5780,73,17.4,20.4,0.0075,,
0.5865,74,18.0,20.4,0.0075,,
0.5950,75,19.3,20.4,0.0075,,
0.6025,76,19.6,20.4,0.0070,,
0.6110,77,20.6,20.4,0.0075,,
0.6190,78,21.2,20.4,0.0075,,
0.6275,79,21.8,20.4,0.0075,,
0.6360,80,22.8,20.4,0.0075,,
0.6445,81,23.5,20.4,0.0075,,
0.6520,82,24.3,20.4,0.0070,,
0.6605,83,24.8,20.4,0.0075,,
0.6690,84,25.8,20.4,0.0075,,
0.6770,85,26.8,20.4,0.0075,,
0.6855,86,27.5,20.4,0.0075,,
0.6940,87,28.4,20.4,0.0075,,
0.7015,88,28.8,20.4,0.0070,,
0.7100,89,30.2,20.4,0.0075,,
0.7185,90,31.2,20.4,0.0075,,
0.7270,91,31.9,20.4,0.0075,,
0.7355,92,32.4,20.4,0.0075,,
0.7435,93,33.5,20.4,0.0075,,
0.7515,94,33.9,20.4,0.0075,,
0.7595,95,35.0,20.4,0.0075,,
0.7680,96,35.6,20.4,0.0075,,
0.7765,97,36.3,20.4,0.0075,,
0.7850,98,37.6,20.4,0.0075,,
0.7935,99,38.6,20.4,0.0070,,
0.8010,100,39.2,20.4,0.0070,,
0.8095,101,39.9,20.4,0.0075,,
0.8175,102,40.8,20.4,0.0075,,
0.8260,103,42.1,20.4,0.0075,,
0.8345,104,42.9,20.4,0.0075,,
0.8430,105,43.4,20.4,0.0075,,
0.8505,106,44.4,20.4,0.0070,,
0.8590,107,45.3,20.4,0.0075,,
0.8675,108,46.5,20.4,0.0075,,
0.8760,109,47.4,20.4,0.0075,,
0.8840,110,48.2,20.4,0.0075,,
0.8925,111,49.3,20.4,0.0075,,
0.9000,112,50.3,20.4,0.0070,,
0.9085,113,51.6,20.4,0.0075,,
0.9170,114,52.5,20.4,0.0075,,
0.9255,115,53.3,20.4,0.0075,,
0.9340,116,54.4,20.4,0.0075,,
0.9420,117,55.7,20.4,0.0075,,
0.9505,118,56.7,20.4,0.0075,,
0.9580,119,57.8,20.4,0.0070,,
0.9665,120,58.7,20.4,0.0075,,
0.9750,121,60.0,20.4,0.0075,,
0.9835,122,61.3,20.4,0.0075,,
0.9920,123,62.2,20.4,0.0075,,
1.0000,124,63.4,20.4,0.0075,,
1.0080,125,64.4,20.4,0.0075,,
1.0160,126,65.7,20.4,0.0075,,
1.0245,127,67.2,20.4,0.0075,,
1.0330,128,68.0,20.4,0.0075,,
1.0415,129,69.3,20.4,0.0075,,
1.0500,130,70.5,20.4,0.0075,,
1.0575,131,72.0,20.4,0.0070,,
1.0660,132,73.4,20.4,0.0075,,
1.0745,133,74.4,20.4,0.0075,,
1.0825,134,75.9,20.4,0.0075,,
1.0910,135,77.6,20.4,0.0075,,
1.0995,136,78.9,20.4,0.0075,,
1.1070,137,80.4,20.4,0.0070,,
1.1155,138,81.7,20.4,0.0075,,
1.1240,139,83.4,20.4,0.0075,,
1.1325,140,85.4,20.4,0.0075,,
1.1410,141,87.0,20.4,0.0075,,
1.1490,142,88.7,20.4,0.0075,,
1.1570,143,90.3,20.4,0.0075,,
1.1650,144,92.5,20.4,0.0075,,
1.1735,145,94.7,20.4,0.0075,,
1.1820,146,96.1,20.4,0.0075,,
1.1905,147,98.2,20.4,0.0075,,
1.1980,148,100.6,20.4,0.0070,,
1.2065,149,103.1,20.4,0.0075,,
1.2150,150,105.9,20.4,0.0075,,
1.2230,151,108.1,20.4,0.0075,,
1.2315,152,110.8,20.4,0.0075,,
1.2400,153,114.0,20.4,0.0075,,
1.2485,154,116.8,20.4,0.0075,,
1.2560,155,120.4,20.4,0.0070,,
1.2645,156,123.7,20.4,0.0075,,
1.2730,157,127.4,20.4,0.0075,,
1.2810,158,131.5,20.4,0.0075,,
1.2895,159,135.5,20.4,0.0075,,
1.2980,160,139.1,20.4,0.0075,,
1.3055,161,142.9,20.4,0.0070,,
1.3140,162,146.9,20.4,0.0075,,
1.3225,163,151.0,20.4,0.0075,,
1.3310,164,154.7,20.4,0.0075,,
1.3390,165,157.8,20.4,0.0075,,
1.3475,166,160.9,20.4,0.0070,,
1.3550,167,163.4,20.4,0.0070,,
1.3635,168,166.5,20.4,0.0075,,
1.3720,169,168.8,20.4,0.0075,,
1.3805,170,170.9,20.4,0.0075,,
1.3890,171,172.8,20.4,0.0075,,
1.3970,172,175.0,20.4,0.0075,,
1.4050,173,176.5,20.4,0.0075,,
1.4130,174,178.1,20.4,0.0075,,
1.4215,175,179.4,20.4,0.0075,,
1.4300,176,181.1,20.4,0.0075,,
1.4385,177,183.1,20.4,0.0075,,
1.4470,178,184.2,20.4,0.0075,,
1.4565,179,185.4,20.4,0.0070,,
1.4565,419,187.3,20.5,0.0000,,
1.4570,420,187.7,20.5,0.0005,,
1.4585,421,187.6,20.5,0.0010,,
1.4610,422,187.5,20.5,0.0020,,
1.4650,424,188.0,20.5,0.0025,,
1.4715,424,188.7,20.5,0.0130,,
1.4795,426,189.3,20.5,0.0055,,
1.4870,426,190.5,20.5,0.0185,,
1.4955,427,191.2,20.5,0.0060,,
1.5040,428,192.4,20.5,0.0060,,
1.5125,430,193.6,20.5,0.0055,,
1.5210,430,194.3,20.5,0.0170,,
1.5290,432,194.9,20.5,0.0055,,
1.5375,432,195.8,20.5,0.0210,,
1.5450,433,196.6,20.5,0.0055,,
1.5535,434,197.8,20.5,0.0060,,
1.5620,436,198.2,20.5,0.0055,,
1.5705,436,198.8,20.5,0.0170,,
1.5790,438,199.9,20.5,0.0055,,
1.5875,438,200.4,20.5,0.0210,,
1.5950,439,201.4,20.5,0.0055,,
1.6035,440,201.8,20.5,0.0060,,
1.6115,442,202.4,20.5,0.0055,,
1.6200,442,203.3,20.5,0.0170,,
1.6285,444,204.0,20.5,0.0055,,
1.6370,444,204.4,20.5,0.0170,,
1.6445,445,205.1,20.5,0.0055,,
1.6530,446,205.4,20.5,0.0060,,
1.6615,447,206.1,20.5,0.0060,,
1.6695,448,206.8,20.5,0.0055,,
1.6780,450,207.1,20.5,0.0055,,
1.6865,450,207.6,20.5,0.0170,,
1.6940,451,208.0,20.5,0.0055,,
1.7025,452,208.8,20.5,0.0060,,
1.7110,453,209.4,20.5,0.0060,,
1.7195,454,209.7,20.5,0.0055,,
1.7275,456,210.2,20.5,0.0055,,
1.7360,456,210.9,20.5,0.0170,,
1.7435,457,211.2,20.5,0.0055,,
1.7520,458,211.8,20.5,0.0060,,
1.7605,459,211.9,20.5,0.0060,,
1.7690,460,212.5,20.5,0.0055,,
1.7775,462,213.2,20.5,0.0055,,
1.7860,462,213.4,20.5,0.0170,,
1.7935,463,213.9,20.5,0.0055,,
1.8020,464,214.0,20.5,0.0060,,
1.8100,465,214.7,20.5,0.0055,,
1.8185,466,215.3,20.5,0.0055,,
1.8270,468,215.5,20.5,0.0055,,
1.8355,468,215.9,20.5,0.0170,,
1.8430,469,216.1,20.5,0.0055,,
1.8515,470,216.7,20.5,0.0060,,
1.8600,471,217.3,20.5,0.0060,,
1.8680,472,217.2,20.5,0.0055,,
1.8765,474,217.7,20.5,0.0055,,
1.8850,474,218.3,20.5,0.0170,,
1.8925,475,218.5,20.5,0.0055,,
1.9010,476,219.0,20.5,0.0060,,
1.9095,477,219.0,20.5,0.0060,,
1.9180,478,219.4,20.5,0.0055,,
1.9265,480,219.9,20.5,0.0055,,
1.9345,480,220.2,20.5,0.0160,,
1.9420,481,220.6,20.5,0.0055,,
1.9505,482,220.6,20.5,0.0060,,
1.9590,483,220.9,20.5,0.0060,,
1.9675,484,221.5,20.5,0.0055,,
1.9760,486,221.5,20.5,0.0055,,
1.9845,486,222.0,20.5,0.0210,,
1.9920,487,222.0,20.5,0.0055,,
2.0005,488,222.4,20.5,0.0060,,
2.0085,489,222.9,20.5,0.0055,,
2.0170,490,223.0,20.5,0.0055,,
2.0255,492,223.2,20.5,0.0055,,
2.0340,492,223.8,20.5,0.0170,,
2.0415,493,223.9,20.5,0.0055,,
2.0500,494,224.3,20.5,0.0060,,
2.0585,495,224.4,20.5,0.0060,,
2.0670,496,224.5,20.5,0.0055,,
2.0750,498,225.1,20.5,0.0055,,
2.0835,498,225.4,20.5,0.0170,,
2.0910,499,225.7,20.5,0.0055,,
2.0995,500,225.8,20.5,0.0060,,
2.1080,501,225.8,20.5,0.0060,,
2.1165,502,226.4,20.5,0.0055,,
2.1250,504,226.6,20.5,0.0055,,
2.1330,504,226.6,20.5,0.0160,,
2.1410,505,226.9,20.5,0.0055,,
2.1490,506,227.1,20.5,0.0055,,
2.1575,507,227.6,20.5,0.0060,,
2.1660,508,227.9,20.5,0.0055,,
2.1745,510,227.8,20.5,0.0055,,
2.1830,510,228.3,20.5,0.0170,,
2.1905,511,228.4,20.5,0.0055,,
2.1990,512,228.9,20.5,0.0060,,
2.2070,513,229.0,20.5,0.0055,,
2.2155,514,228.9,20.5,0.0055,,
2.2240,516,229.3,20.5,0.0055,,
2.2325,516,229.8,20.5,0.0170,,
2.2410,517,230.0,20.5,0.0060,,
2.2485,518,230.2,20.5,0.0055,,
2.2570,519,230.0,20.5,0.0060,,
2.2655,520,230.4,20.5,0.0055,,
2.2735,522,230.9,20.5,0.0055,,
2.2820,522,230.8,20.5,0.0170,,
2.2895,523,231.2,20.5,0.0055,,
2.2980,524,231.1,20.6,0.0060,,
2.3065,525,231.5,20.5,0.0060,,
2.3150,526,231.9,20.5,0.0055,,
2.3235,528,231.8,20.6,0.0055,,
2.3315,528,232.1,20.6,0.0160,,
2.3400,529,232.1,20.6,0.0060,,
2.3475,530,232.7,20.5,0.0055,,
2.3560,531,232.9,20.6,0.0060,,
2.3645,532,232.8,20.6,0.0055,,
2.3730,534,232.9,20.6,0.0055,,
2.3810,534,233.5,20.6,0.0160,,
2.3895,535,233.5,20.6,0.0060,,
2.3970,536,233.8,20.6,0.0055,,
2.4045,537,233.7,20.6,0.0055,,
2.4050,538,233.9,20.6,0.0005,,
2.4060,540,234.2,20.6,0.0005,,
2.4070,540,234.0,20.6,0.0020,,
2.4085,541,234.3,20.6,0.0010,,
2.4100,542,233.9,20.6,0.0010,,
2.4120,543,234.1,20.6,0.0015,,
2.4145,544,234.4,20.6,0.0015,,
2.4170,546,234.2,20.6,0.0015,,
2.4175,546,234.3,20.6,0.0010,,
2.4185,547,234.3,20.6,0.0005,,
2.4195,548,234.5,20.6,0.0005,,
2.4205,549,234.6,20.6,0.0005,,
2.4215,550,234.4,20.6,0.0005,,
2.4215,552,234.2,20.6,0.0000,,
2.4220,552,234.4,20.6,0.0010,,
2.4225,553,234.3,20.6,0.0005,,
2.4230,554,234.6,20.6,0.0005,,
2.4240,555,234.4,20.6,0.0005,,
2.4245,556,234.3,20.6,0.0005,,
2.4250,558,234.6,20.6,0.0005,,
2.4255,558,234.6,20.6,0.0010,,
2.4260,559,234.6,20.6,0.0005,,
2.4275,560,234.4,20.6,0.0010,,
2.4275,561,234.3,20.6,0.0000,,
2.4280,562,234.6,20.6,0.0005,,
2.4285,564,234.6,20.6,0.0005,,
2.4290,564,234.3,20.6,0.0010,,
2.4300,565,234.5,20.6,0.0005,,
2.4305,566,234.6,20.6,0.0005,,
2.4315,567,234.8,20.6,0.0005,,
2.4325,568,234.8,20.6,0.0005,,
2.4330,570,234.5,20.6,0.0005,,
2.4330,570,234.7,20.6,0.0000,,
2.4340,571,234.6,20.6,0.0005,,
2.4345,572,234.9,20.6,0.0005,,
2.4355,573,235.1,20.6,0.0010,,
Scope 1/1, Sample 6/60 (S4_12)
Result,TitrationEP1
V,t,E,T,dV/dt,E acc. stat.,Volume acc. stat.
0.0000,0,-70.5,20.4,NaN,,
0.0010,1,-70.7,20.4,0.0010,,
0.0025,2,-70.4,20.4,0.0015,,
0.0050,3,-70.4,20.4,0.0025,,
0.0085,4,-70.3,20.4,0.0030,,
0.0150,5,-70.4,20.4,0.0060,,
0.0230,6,-69.8,20.4,0.0075,,
0.0315,7,-68.8,20.4,0.0075,,
0.0400,8,-68.0,20.4,0.0075,,
0.0475,9,-66.7,20.4,0.0075,,
0.0560,10,-65.7,20.4,0.0075,,
0.0645,11,-64.2,20.4,0.0075,,
0.0725,12,-62.4,20.4,0.0075,,
0.0810,13,-61.1,20.4,0.0075,,
0.0895,14,-59.5,20.4,0.0075,,
0.0970,15,-58.0,20.4,0.0070,,
0.1055,16,-55.9,20.4,0.0075,,
0.1140,17,-53.9,20.4,0.0075,,
0.1225,18,-52.0,20.4,0.0075,,
0.1310,19,-49.9,20.4,0.0075,,
0.1390,20,-47.3,20.4,0.0075,,
0.1470,21,-45.3,20.4,0.0075,,
0.1550,22,-42.7,20.4,0.0075,,
0.1635,23,-40.4,20.4,0.0075,,
0.1720,24,-37.7,20.4,0.0075,,
0.1805,25,-34.9,20.4,0.0075,,
0.1890,26,-32.4,20.4,0.0075,,
0.1965,27,-30.1,20.4,0.0070,,
0.2050,28,-28.1,20.4,0.0075,,
0.2130,29,-25.9,20.4,0.0075,,
0.2215,30,-23.6,20.4,0.0075,,
0.2300,31,-21.9,20.4,0.0075,,
0.2385,32,-20.3,20.4,0.0075,,
0.2460,33,-19.0,20.4,0.0075,,
0.2545,34,-17.5,20.4,0.0075,,
0.2630,35,-15.8,20.4,0.0075,,
0.2710,36,-14.5,20.4,0.0075,,
0.2795,37,-13.5,20.4,0.0075,,
0.2880,38,-12.1,20.4,0.0075,,
0.2965,39,-10.6,20.4,0.0075,,
0.3040,40,-9.6,20.4,0.0070,,
0.3125,41,-8.6,20.4,0.0075,,
0.3210,42,-7.8,20.4,0.0075,,
0.3295,43,-6.6,20.4,0.0075,,
0.3375,44,-5.5,20.4,0.0075,,
0.3460,45,-4.6,20.4,0.0085,,
0.3535,46,-3.8,20.4,0.0070,,
0.3620,47,-3.0,20.4,0.0075,,
0.3705,48,-1.8,20.4,0.0075,,
0.3790,49,-1.0,20.4,0.0075,,
0.3875,50,-0.4,20.4,0.0075,,
0.3950,51,0.5,20.4,0.0075,,
0.4035,52,1.2,20.4,0.0075,,
0.4115,53,2.4,20.4,0.0075,,
0.4200,54,3.3,20.4,0.0075,,
0.4285,55,3.9,20.4,0.0075,,
0.4370,56,4.7,20.4,0.0075,,
0.4455,57,5.8,20.4,0.0075,,
0.4530,58,6.5,20.4,0.0070,,
0.4615,59,7.2,20.4,0.0075,,
0.4700,60,7.7,20.4,0.0075,,
0.4780,61,8.5,20.4,0.0075,,
0.4865,62,9.4,20.4,0.0075,,
0.4950,63,10.1,20.5,0.0075,,
0.5025,64,11.0,20.4,0.0070,,
0.5110,65,11.4,20.4,0.0075,,
0.5195,66,12.3,20.5,0.0075,,
0.5280,67,13.3,20.4,0.0075,,
0.5360,68,13.8,20.4,0.0075,,
0.5445,69,14.4,20.5,0.0075,,
0.5520,70,15.3,20.4,0.0070,,
0.5605,71,16.1,20.4,0.0075,,
0.5690,72,17.1,20.4,0.0075,,
0.5775,73,17.8,20.5,0.0075,,
0.5860,74,18.3,20.4,0.0075,,
0.5940,75,19.4,20.5,0.0075,,
0.6020,76,20.0,20.5,0.0075,,
0.6100,77,20.9,20.5,0.0075,,
0.6185,78,21.5,20.5,0.0075,,
0.6270,79,22.1,20.5,0.0075,,
0.6355,80,23.1,20.5,0.0075,,
0.6440,81,24.0,20.5,0.0075,,
0.6515,82,24.6,20.5,0.0070,,
0.6600,83,25.2,20.5,0.0075,,
0.6680,84,25.8,20.5,0.0075,,
0.6765,85,27.0,20.5,0.0075,,
0.6850,86,27.8,20.5,0.0075,,
0.6935,87,28.2,20.5,0.0075,,
0.7010,88,29.1,20.5,0.0070,,
0.7095,89,29.7,20.5,0.0075,,
0.7180,90,30.8,20.5,0.0075,,
0.7265,91,31.7,20.5,0.0075,,
0.7345,92,32.2,20.5,0.0075,,
0.7430,93,33.1,20.5,0.0075,,
0.7505,94,33.8,20.5,0.0070,,
0.7590,95,35.0,20.5,0.0075,,
0.7675,96,35.9,20.5,0.0075,,
0.7760,97,36.4,20.5,0.0075,,
0.7845,98,37.4,20.5,0.0075,,
0.7925,99,38.5,20.5,0.0075,,
0.8005,100,39.2,20.5,0.0080,,
0.8085,101,40.2,20.5,0.0075,,
0.8170,102,40.8,20.5,0.0075,,
0.8255,103,41.8,20.5,0.0075,,
0.8340,104,43.0,20.5,0.0075,,
0.8425,105,43.8,20.5,0.0075,,
0.8505,106,44.6,20.5,0.0075,,
0.8585,107,45.5,20.5,0.0075,,
0.8665,108,46.3,20.5,0.0075,,
0.8750,109,47.6,20.5,0.0075,,
0.8835,110,48.6,20.5,0.0075,,
0.8920,111,49.3,20.5,0.0075,,
0.9005,112,50.4,20.5,0.0075,,
0.9080,113,51.1,20.5,0.0070,,
0.9165,114,52.4,20.5,0.0075,,
0.9245,115,53.4,20.5,0.0075,,
0.9330,116,54.1,20.5,0.0075,,
0.9415,117,55.4,20.5,0.0075,,
0.9500,118,56.7,20.5,0.0075,,
0.9575,119,57.7,20.5,0.0070,,
0.9660,120,58.7,20.5,0.0075,,
0.9745,121,59.5,20.5,0.0075,,
0.9830,122,60.9,20.5,0.0075,,
0.9910,123,62.1,20.5,0.0075,,
0.9995,124,63.0,20.5,0.0075,,
1.0080,125,64.1,20.5,0.0085,,
1.0155,126,65.2,20.5,0.0070,,
1.0240,127,66.6,20.5,0.0075,,
1.0325,128,68.1,20.5,0.0075,,
1.0410,129,69.1,20.5,0.0075,,
1.0490,130,70.3,20.5,0.0075,,
1.0565,131,71.4,20.5,0.0075,,
1.0650,132,73.0,20.5,0.0075,,
1.0735,133,74.6,20.5,0.0075,,
1.0820,134,75.6,20.5,0.0075,,
1.0905,135,76.9,20.5,0.0075,,
1.0990,136,78.7,20.5,0.0075,,
1.1065,137,80.1,20.5,0.0070,,
1.1150,138,81.4,20.5,0.0075,,
1.1235,139,82.6,20.5,0.0075,,
1.1315,140,84.4,20.5,0.0075,,
1.1400,141,86.4,20.5,0.0075,,
1.1485,142,87.8,20.5,0.0075,,
1.1560,143,89.6,20.5,0.0070,,
1.1645,144,91.2,20.5,0.0075,,
1.1730,145,93.2,20.5,0.0075,,
1.1810,146,95.4,20.5,0.0075,,
1.1895,147,97.3,20.5,0.0075,,
1.1980,148,99.1,20.5,0.0075,,
1.2065,149,101.3,20.5,0.0085,,
1.2140,150,103.7,20.5,0.0070,,
1.2225,151,106.5,20.5,0.0075,,
1.2310,152,109.0,20.5,0.0075,,
1.2395,153,111.7,20.5,0.0075,,
1.2475,154,115.1,20.5,0.0075,,
1.2560,155,117.9,20.5,0.0085,,
1.2635,156,121.5,20.5,0.0070,,
1.2720,157,124.8,20.5,0.0075,,
1.2805,158,128.3,20.5,0.0075,,
1.2890,159,132.5,20.5,0.0075,,
1.2975,160,136.7,20.5,0.0075,,
1.3055,161,140.4,20.5,0.0075,,
1.3135,162,144.0,20.5,0.0075,,
1.3215,163,147.8,20.5,0.0075,,
1.3300,164,151.8,20.5,0.0075,,
1.3385,165,155.5,20.5,0.0075,,
1.3470,166,158.5,20.5,0.0075,,
1.3555,167,161.6,20.5,0.0075,,
1.3630,168,164.0,20.5,0.0070,,
1.3715,169,166.8,20.5,0.0075,,
1.3795,170,169.5,20.5,0.0075,,
1.3880,171,171.3,20.5,0.0075,,
1.3965,172,173.4,20.5,0.0075,,
1.4050,173,175.5,20.5,0.0075,,
1.4125,174,177.0,20.5,0.0070,,
1.4210,175,178.9,20.5,0.0075,,
1.4295,176,180.1,20.5,0.0075,,
1.4380,177,181.7,20.5,0.0075,,
1.4460,178,183.4,20.5,0.0075,,
1.4545,179,184.5,20.5,0.0075,,
1.4600,180,185.1,20.5,0.0060,,
1.4600,420,187.1,20.6,0.0000,,
1.4605,421,187.0,20.6,0.0005,,
1.4620,422,187.4,20.6,0.0015,,
1.4645,423,187.4,20.6,0.0030,,
1.4685,424,187.5,20.6,0.0040,,
1.4745,425,188.2,20.6,0.0060,,
1.4825,426,189.3,20.6,0.0080,,
1.4905,427,190.0,20.6,0.0090,,
1.4985,428,191.0,20.6,0.0090,,
1.5070,429,191.9,20.6,0.0095,,
1.5155,430,193.2,20.6,0.0085,,
1.5240,431,194.2,20.6,0.0085,,
1.5325,432,194.8,20.6,0.0085,,
1.5400,433,195.8,20.6,0.0085,,
1.5485,434,196.4,20.6,0.0095,,
1.5570,435,197.5,20.6,0.0095,,
1.5650,436,198.3,20.6,0.0080,,
1.5735,437,198.7,20.6,0.0085,,
1.5820,438,199.5,20.6,0.0095,,
1.5895,439,200.1,20.6,0.0085,,
1.5980,440,201.1,20.6,0.0095,,
1.6065,441,201.9,20.6,0.0085,,
1.6150,442,202.3,20.6,0.0085,,
1.6230,443,202.9,20.6,0.0080,,
1.6315,444,203.8,20.6,0.0085,,
1.6390,445,204.1,20.6,0.0085,,
1.6475,446,204.9,20.6,0.0095,,
1.6560,447,205.3,20.6,0.0095,,
1.6645,448,205.8,20.6,0.0085,,
1.6730,449,206.7,20.6,0.0085,,
1.6810,450,207.1,20.6,0.0080,,
1.6895,451,207.7,20.6,0.0095,,
1.6970,452,208.1,20.6,0.0085,,
1.7055,453,208.4,20.6,0.0095,,
1.7140,454,209.2,20.6,0.0085,,
1.7225,455,209.7,20.6,0.0085,,
1.7310,456,210.0,20.6,0.0085,,
1.7390,457,210.6,20.6,0.0090,,
1.7470,458,210.9,20.6,0.0090,,
1.7550,459,211.7,20.6,0.0090,,
1.7635,460,212.2,20.6,0.0095,,
1.7720,461,212.3,20.6,0.0085,,
1.7805,462,212.9,20.6,0.0085,,
1.7890,463,213.5,20.6,0.0085,,
1.7965,464,213.9,20.6,0.0085,,
1.8050,465,214.3,20.6,0.0095,,
1.8130,466,214.4,20.6,0.0080,,
1.8215,467,215.0,20.6,0.0085,,
1.8300,468,215.5,20.6,0.0085,,
1.8385,469,215.7,20.6,0.0085,,
1.8460,470,216.2,20.6,0.0085,,
1.8545,471,216.3,20.6,0.0095,,
1.8630,472,216.9,20.6,0.0085,,
1.8715,473,217.5,20.6,0.0085,,
1.8795,474,217.6,20.6,0.0080,,
1.8880,475,217.9,20.6,0.0085,,
1.8955,476,218.1,20.6,0.0085,,
1.9040,477,218.7,20.6,0.0095,,
1.9125,478,219.3,20.6,0.0095,,
1.9210,479,219.3,20.6,0.0085,,
1.9295,480,219.5,20.6,0.0085,,
1.9375,481,220.2,20.6,0.0080,,
1.9455,482,220.3,20.6,0.0090,,
1.9535,483,220.9,20.6,0.0090,,
1.9620,484,221.0,20.6,0.0095,,
1.9705,485,221.1,20.6,0.0085,,
1.9790,486,221.7,20.6,0.0085,,
1.9875,487,222.0,20.6,0.0085,,
1.9950,488,222.4,20.6,0.0085,,
2.0035,489,222.4,20.6,0.0095,,
2.0120,490,222.5,20.6,0.0085,,
2.0200,491,223.1,20.6,0.0080,,
2.0285,492,223.2,20.6,0.0085,,
2.0370,493,223.3,20.6,0.0085,,
2.0445,494,223.6,20.6,0.0085,,
2.0530,495,223.9,20.6,0.0095,,
2.0615,496,224.5,20.6,0.0095,,
2.0700,497,224.9,20.6,0.0085,,
2.0780,498,224.9,20.6,0.0080,,
2.0865,499,225.2,20.6,0.0085,,
2.0940,500,225.4,20.6,0.0085,,
2.1025,501,225.9,20.6,0.0095,,
2.1110,502,226.2,20.6,0.0095,,
2.1195,503,226.1,20.6,0.0085,,
2.1280,504,226.5,20.6,0.0085,,
2.1360,505,227.1,20.6,0.0080,,
2.1445,506,227.2,20.6,0.0095,,
2.1520,507,227.4,20.6,0.0085,,
2.1605,508,227.3,20.6,0.0095,,
2.1690,509,227.8,20.6,0.0085,,
2.1775,510,228.2,20.6,0.0085,,
2.1860,511,228.2,20.6,0.0085,,
2.1940,512,228.5,20.6,0.0090,,
2.2020,513,228.5,20.6,0.0090,,
2.2100,514,228.8,20.6,0.0090,,
2.2185,515,229.3,20.6,0.0085,,
2.2270,516,229.4,20.6,0.0085,,
2.2355,517,229.5,20.6,0.0085,,
2.2440,518,229.6,20.6,0.0095,,
2.2515,519,230.0,20.6,0.0085,,
2.2600,520,230.3,20.6,0.0095,,
2.2680,521,230.4,20.6,0.0090,,
2.2765,522,230.4,20.6,0.0085,,
2.2850,523,230.9,20.6,0.0085,,
2.2935,524,231.2,20.6,0.0085,,
2.3010,525,231.4,20.6,0.0085,,
2.3095,526,231.3,20.6,0.0095,,
2.3180,527,231.4,20.6,0.0095,,
2.3265,528,232.0,20.6,0.0085,,
2.3345,529,232.2,20.6,0.0080,,
2.3430,530,232.1,20.6,0.0085,,
2.3505,531,232.4,20.6,0.0085,,
2.3590,532,232.4,20.6,0.0095,,
2.3675,533,233.0,20.6,0.0095,,
2.3760,534,233.2,20.6,0.0085,,
2.3845,535,233.1,20.6,0.0085,,
2.3925,536,233.4,20.6,0.0080,,
2.4000,537,233.4,20.6,0.0085,,
2.4080,538,233.9,20.6,0.0090,,
2.4135,539,234.1,20.6,0.0060,,
2.4185,540,233.9,20.6,0.0050,,
2.4195,541,234.2,20.6,0.0010,,
2.4200,542,234.4,20.6,0.0005,,
2.4210,543,234.4,20.6,0.0010,,
2.4220,544,234.4,20.6,0.0010,,
2.4230,545,234.2,20.6,0.0010,,
2.4245,546,234.4,20.6,0.0015,,
2.4260,547,234.6,20.6,0.0015,,
2.4270,548,234.4,20.6,0.0010,,
2.4275,549,234.5,20.6,0.0005,,
2.4280,550,234.2,20.6,0.0005,,
2.4285,551,234.3,20.6,0.0005,,
2.4295,552,234.7,20.6,0.0010,,
2.4300,553,234.4,20.6,0.0005,,
2.4310,554,234.4,20.6,0.0010,,
2.4310,555,234.3,20.6,0.0000,,
2.4325,556,234.5,20.6,0.0015,,
2.4330,557,234.8,20.6,0.0005,,
2.4340,558,234.5,20.6,0.0010,,
2.4350,559,234.3,20.6,0.0010,,
2.4360,560,234.7,20.6,0.0010,,
2.4365,561,234.6,20.6,0.0005,,
2.4370,562,234.9,20.6,0.0005,,
2.4375,563,234.5,20.6,0.0005,,
2.4385,564,234.5,20.6,0.0010,,
2.4395,565,234.8,20.6,0.0010,,
2.4400,566,234.8,20.6,0.0005,,
2.4410,567,234.9,20.6,0.0010,,
2.4420,568,234.7,20.6,0.0010,,
2.4425,569,234.6,20.6,0.0005,,
2.4430,570,235.0,20.6,0.0005,,
Scope 1/1, Sample 7/60 (S5_12)
Result,TitrationEP1
V,t,E,T,dV/dt,E acc. stat.,Volume acc. stat.
0.0000,0,-70.9,20.5,NaN,,
0.0005,1,-70.8,20.5,0.0005,,
0.0025,2,-71.0,20.5,0.0020,,
0.0050,3,-71.1,20.5,0.0025,,
0.0090,4,-70.8,20.5,0.0035,,
0.0150,5,-70.5,20.5,0.0055,,
0.0235,6,-70.1,20.5,0.0075,,
0.0320,7,-69.3,20.5,0.0075,,
0.0395,8,-68.4,20.5,0.0075,,
0.0480,9,-67.0,20.5,0.0085,,
0.0565,10,-65.5,20.5,0.0075,,
0.0645,11,-64.3,20.5,0.0075,,
0.0730,12,-62.8,20.5,0.0075,,
0.0815,13,-60.9,20.5,0.0075,,
0.0890,14,-59.6,20.5,0.0075,,
0.0975,15,-57.6,20.5,0.0085,,
0.1060,16,-55.9,20.5,0.0085,,
0.1140,17,-54.2,20.5,0.0075,,
0.1225,18,-51.8,20.5,0.0075,,
0.1310,19,-49.6,20.5,0.0075,,
0.1385,20,-47.5,20.5,0.0075,,
0.1470,21,-45.3,20.5,0.0085,,
0.1555,22,-42.9,20.5,0.0085,,
0.1640,23,-39.9,20.5,0.0075,,
0.1725,24,-37.2,20.5,0.0075,,
0.1805,25,-34.9,20.5,0.0075,,
0.1885,26,-32.2,20.5,0.0080,,
0.1965,27,-29.8,20.5,0.0080,,
0.2050,28,-27.0,20.5,0.0085,,
0.2135,29,-24.7,20.5,0.0075,,
0.2220,30,-22.8,20.5,0.0075,,
0.2305,31,-20.7,20.5,0.0075,,
0.2385,32,-19.2,20.5,0.0080,,
0.2465,33,-17.2,20.5,0.0080,,
0.2545,34,-15.7,20.5,0.0080,,
0.2630,35,-14.5,20.5,0.0075,,
0.2715,36,-12.9,20.5,0.0075,,
0.2800,37,-11.4,20.5,0.0075,,
0.2885,38,-10.3,20.5,0.0085,,
0.2960,39,-9.2,20.5,0.0075,,
0.3045,40,-8.2,20.5,0.0085,,
0.3130,41,-7.0,20.5,0.0075,,
0.3210,42,-5.6,20.5,0.0075,,
0.3295,43,-4.8,20.5,0.0075,,
0.3380,44,-3.7,20.5,0.0085,,
0.3455,45,-3.0,20.5,0.0075,,
0.3540,46,-2.0,20.5,0.0085,,
0.3625,47,-0.9,20.5,0.0075,,
0.3710,48,-0.3,20.5,0.0075,,
0.3790,49,0.5,20.5,0.0075,,
0.3875,50,1.6,20.5,0.0075,,
0.3950,51,2.3,20.5,0.0075,,
0.4035,52,3.4,20.5,0.0085,,
0.4120,53,4.0,20.5,0.0075,,
0.4205,54,4.7,20.5,0.0075,,
0.4290,55,5.8,20.5,0.0075,,
0.4370,56,6.7,20.5,0.0075,,
0.4450,57,7.6,20.5,0.0080,,
0.4530,58,8.1,20.5,0.0080,,
0.4615,59,8.7,20.5,0.0075,,
0.4700,60,9.8,20.5,0.0075,,
0.4785,61,10.6,20.5,0.0075,,
0.4870,62,11.1,20.5,0.0075,,
0.4945,63,11.9,20.5,0.0075,,
0.5030,64,12.5,20.5,0.0085,,
0.5110,65,13.5,20.5,0.0080,,
0.5195,66,14.3,20.5,0.0075,,
0.5280,67,14.9,20.5,0.0075,,
0.5365,68,15.6,20.5,0.0075,,
0.5450,69,16.4,20.5,0.0085,,
0.5525,70,17.3,20.5,0.0075,,
0.5610,71,18.3,20.5,0.0085,,
0.5690,72,18.7,20.5,0.0075,,
0.5775,73,19.5,20.5,0.0075,,
0.5860,74,20.6,20.5,0.0075,,
0.5945,75,21.2,20.5,0.0075,,
0.6020,76,21.9,20.5,0.0075,,
0.6105,77,22.4,20.5,0.0085,,
0.6190,78,23.1,20.5,0.0075,,
0.6270,79,24.2,20.5,0.0075,,
0.6355,80,25.0,20.5,0.0075,,
0.6440,81,25.5,20.5,0.0075,,
0.6515,82,26.4,20.5,0.0075,,
0.6600,83,27.2,20.5,0.0085,,
0.6685,84,28.3,20.5,0.0075,,
0.6770,85,29.1,20.5,0.0075,,
0.6850,86,29.5,20.5,0.0075,,
0.6935,87,30.5,20.5,0.0075,,
0.7010,88,31.0,20.5,0.0075,,
0.7095,89,32.2,20.5,0.0085,,
0.7180,90,33.0,20.5,0.0075,,
0.7265,91,33.4,20.5,0.0075,,
0.7350,92,34.5,20.5,0.0075,,
0.7435,93,35.5,20.5,0.0075,,
0.7510,94,36.2,20.5,0.0075,,
0.7595,95,36.9,20.5,0.0085,,
0.7675,96,37.6,20.5,0.0075,,
0.7760,97,38.7,20.5,0.0075,,
0.7845,98,39.7,20.5,0.0075,,
0.7930,99,40.6,20.5,0.0085,,
0.8005,100,41.2,20.5,0.0075,,
0.8090,101,42.0,20.5,0.0085,,
0.8175,102,43.1,20.5,0.0075,,
0.8260,103,44.0,20.5,0.0075,,
0.8340,104,44.7,20.5,0.0075,,
0.8425,105,45.9,20.5,0.0075,,
0.8500,106,46.4,20.5,0.0075,,
0.8585,107,47.7,20.5,0.0085,,
0.8670,108,48.5,20.5,0.0075,,
0.8755,109,49.2,20.5,0.0075,,
0.8840,110,50.3,20.5,0.0075,,
0.8920,111,51.5,20.5,0.0075,,
0.9000,112,52.4,20.5,0.0080,,
0.9080,113,53.5,20.5,0.0080,,
0.9165,114,54.1,20.5,0.0075,,
0.9250,115,55.3,20.5,0.0075,,
0.9335,116,56.6,20.5,0.0075,,
0.9420,117,57.4,20.5,0.0075,,
0.9495,118,58.5,20.5,0.0075,,
0.9580,119,59.2,20.5,0.0085,,
0.9660,120,60.5,20.5,0.0080,,
0.9745,121,61.8,20.5,0.0075,,
0.9830,122,62.7,20.5,0.0075,,
0.9915,123,63.6,20.5,0.0075,,
1.0000,124,64.7,20.5,0.0085,,
1.0075,125,66.0,20.5,0.0075,,
1.0160,126,67.5,20.5,0.0085,,
1.0240,127,68.5,20.5,0.0075,,
1.0325,128,69.5,20.5,0.0075,,
1.0410,129,71.0,20.5,0.0075,,
1.0495,130,72.0,20.5,0.0085,,
1.0570,131,73.5,20.5,0.0075,,
1.0655,132,74.6,20.5,0.0085,,
1.0740,133,75.7,20.5,0.0075,,
1.0825,134,77.4,20.5,0.0075,,
1.0905,135,78.8,20.5,0.0075,,
1.0990,136,80.2,20.5,0.0085,,
1.1065,137,81.5,20.5,0.0075,,
1.1150,138,82.8,20.5,0.0085,,
1.1235,139,84.6,20.5,0.0075,,
1.1320,140,86.3,20.5,0.0075,,
1.1405,141,87.6,20.5,0.0075,,
1.1485,142,89.4,20.5,0.0075,,
1.1565,143,90.8,20.5,0.0080,,
1.1645,144,92.8,20.5,0.0080,,
1.1730,145,94.8,20.5,0.0075,,
1.1815,146,96.4,20.5,0.0075,,
1.1900,147,98.4,20.5,0.0075,,
1.1985,148,101.0,20.5,0.0075,,
1.2060,149,102.9,20.5,0.0075,,
1.2145,150,105.2,20.5,0.0085,,
1.2225,151,107.2,20.5,0.0075,,
1.2310,152,109.8,20.5,0.0075,,
1.2395,153,112.9,20.5,0.0075,,
1.2480,154,115.6,20.5,0.0075,,
1.2555,155,118.2,20.5,0.0075,,
1.2640,156,121.0,20.5,0.0085,,
1.2725,157,124.4,20.5,0.0075,,
1.2810,158,128.3,20.5,0.0075,,
1.2890,159,131.8,20.5,0.0075,,
1.2975,160,135.2,20.5,0.0085,,
1.3050,161,138.7,20.5,0.0075,,
1.3135,162,142.7,20.5,0.0085,,
1.3220,163,146.6,20.5,0.0075,,
1.3305,164,150.3,20.5,0.0075,,
1.3390,165,153.7,20.5,0.0075,,
1.3470,166,157.4,20.5,0.0075,,
1.3550,167,160.1,20.5,0.0080,,
1.3630,168,163.3,20.5,0.0080,,
1.3715,169,165.5,20.5,0.0075,,
1.3800,170,168.0,20.5,0.0075,,
1.3885,171,170.5,20.5,0.0075,,
1.3970,172,172.4,20.5,0.0075,,
1.4045,173,174.3,20.5,0.0075,,
1.4130,174,175.8,20.5,0.0075,,
1.4215,175,177.6,20.5,0.0075,,
1.4295,176,179.5,20.5,0.0075,,
1.4380,177,181.0,20.5,0.0075,,
1.4465,178,182.2,20.5,0.0075,,
1.4540,179,183.6,20.5,0.0075,,
1.4625,180,184.8,20.5,0.0085,,
1.4655,180,185.3,20.5,0.0075,,
1.4655,420,187.1,20.6,0.0000,,
1.4660,422,187.2,20.6,0.0005,,
1.4675,422,187.5,20.6,0.0030,,
1.4700,424,187.4,20.6,0.0015,,
1.4740,425,187.6,20.6,0.0065,,
1.4800,426,188.5,20.6,0.0100,,
1.4880,427,189.4,20.6,0.0135,,
1.4960,428,190.4,20.6,0.0160,,
1.5040,428,191.2,20.6,0.0160,,
1.5125,430,192.0,20.6,0.0055,,
1.5210,431,193.2,20.6,0.0140,,
1.5295,432,194.0,20.6,0.0140,,
1.5380,433,194.6,20.6,0.0140,,
1.5455,434,195.5,20.6,0.0150,,
1.5540,434,196.2,20.6,0.0170,,
1.5625,436,197.4,20.6,0.0055,,
1.5705,437,198.1,20.6,0.0135,,
1.5790,438,198.6,20.6,0.0140,,
1.5875,439,199.6,20.6,0.0140,,
1.5950,440,200.1,20.6,0.0150,,
1.6035,441,201.2,20.6,0.0140,,
1.6120,442,201.6,20.6,0.0140,,
1.6205,443,202.2,20.6,0.0140,,
1.6285,444,203.1,20.6,0.0135,,
1.6370,445,203.8,20.6,0.0140,,
1.6445,446,204.4,20.6,0.0150,,
1.6530,446,204.8,20.6,0.0170,,
1.6615,448,205.3,20.6,0.0055,,
1.6700,449,206.2,20.6,0.0140,,
1.6785,450,206.7,20.6,0.0140,,
1.6870,450,207.3,20.6,0.0170,,
1.6945,452,207.6,20.6,0.0050,,
1.7030,452,208.1,20.6,0.0170,,
1.7110,454,208.8,20.6,0.0050,,
1.7195,455,209.2,20.6,0.0140,,
1.7280,456,209.4,20.6,0.0140,,
1.7365,457,210.1,20.6,0.0140,,
1.7440,458,210.3,20.6,0.0150,,
1.7525,458,211.2,20.6,0.0170,,
1.7610,460,211.6,20.6,0.0055,,
1.7690,461,211.7,20.6,0.0135,,
1.7775,462,212.3,20.6,0.0140,,
1.7860,463,213.0,20.6,0.0140,,
1.7935,464,213.4,20.6,0.0150,,
1.8020,464,213.7,20.6,0.0170,,
1.8105,466,213.8,20.6,0.0055,,
1.8190,467,214.5,20.6,0.0140,,
1.8275,468,215.1,20.6,0.0140,,
1.8355,469,215.3,20.6,0.0135,,
1.8435,470,215.7,20.6,0.0160,,
1.8515,470,215.8,20.6,0.0160,,
1.8600,472,216.4,20.6,0.0055,,
1.8685,473,216.9,20.6,0.0140,,
1.8770,474,217.0,20.6,0.0140,,
1.8855,475,217.3,20.6,0.0140,,
1.8930,476,217.6,20.6,0.0150,,
1.9015,476,218.1,20.6,0.0170,,
1.9095,478,218.7,20.6,0.0055,,
1.9180,479,218.9,20.6,0.0140,,
1.9265,480,219.0,20.6,0.0140,,
1.9350,481,219.7,20.6,0.0140,,
1.9435,482,219.8,20.6,0.0170,,
1.9510,483,220.4,20.6,0.0125,,
1.9595,484,220.5,20.6,0.0170,,
1.9675,485,220.6,20.6,0.0135,,
1.9760,486,221.2,20.6,0.0140,,
1.9845,487,221.6,20.6,0.0140,,
1.9930,488,221.7,20.6,0.0140,,
2.0005,488,222.3,20.6,0.0150,,
2.0090,490,222.2,20.6,0.0055,,
2.0175,490,222.7,20.6,0.0170,,
2.0255,492,223.2,20.6,0.0050,,
2.0340,493,223.3,20.6,0.0140,,
2.0425,494,223.5,20.6,0.0140,,
2.0500,494,223.6,20.6,0.0150,,
2.0585,496,224.2,20.6,0.0055,,
2.0670,496,224.6,20.6,0.0170,,
2.0755,498,224.7,20.6,0.0055,,
2.0835,499,224.8,20.6,0.0135,,
2.0920,500,225.4,20.6,0.0140,,
2.0995,500,225.5,20.6,0.0150,,
2.1080,502,225.8,20.6,0.0055,,
2.1165,503,225.7,20.6,0.0140,,
2.1250,504,226.1,20.6,0.0140,,
2.1335,505,226.6,20.6,0.0140,,
2.1420,506,226.7,20.6,0.0140,,
2.1495,506,227.1,20.6,0.0150,,
2.1575,508,227.1,20.6,0.0055,,
2.1660,508,227.3,20.6,0.0170,,
2.1745,510,227.8,20.6,0.0055,,
2.1830,511,227.8,20.6,0.0140,,
2.1915,512,227.9,20.6,0.0140,,
2.1990,512,228.1,20.6,0.0150,,
2.2075,514,228.5,20.6,0.0055,,
2.2160,514,228.9,20.6,0.0170,,
2.2240,516,229.0,20.6,0.0050,,
2.2325,517,229.1,20.6,0.0140,,
2.2410,518,229.5,20.6,0.0140,,
2.2485,518,229.6,20.6,0.0150,,
2.2570,520,230.1,20.6,0.0055,,
2.2655,520,230.0,20.6,0.0170,,
2.2740,522,230.1,20.6,0.0055,,
2.2820,523,230.6,20.6,0.0135,,
2.2905,524,231.0,20.6,0.0140,,
2.2980,524,231.2,20.6,0.0150,,
2.3065,526,231.4,20.6,0.0055,,
2.3150,527,231.3,20.6,0.0140,,
2.3235,528,231.7,20.6,0.0140,,
2.3320,529,232.0,20.6,0.0140,,
2.3405,530,231.9,20.6,0.0140,,
2.3485,530,232.4,20.6,0.0160,,
2.3560,532,232.3,20.6,0.0050,,
2.3645,532,232.6,20.6,0.0170,,
2.3730,534,233.1,20.6,0.0055,,
2.3815,535,233.0,20.6,0.0140,,
2.3895,536,233.1,20.6,0.0135,,
2.3980,537,233.6,20.6,0.0140,,
2.4055,538,233.6,20.6,0.0150,,
2.4140,538,234.0,20.6,0.0170,,
2.4220,540,233.8,20.6,0.0050,,
2.4305,541,234.0,20.6,0.0140,,
2.4320,542,234.5,20.6,0.0025,,
2.4325,543,234.4,20.6,0.0010,,
2.4330,544,234.6,20.6,0.0010,,
2.4335,544,234.2,20.6,0.0010,,
2.4340,546,234.3,20.6,0.0005,,
2.4350,547,234.5,20.6,0.0015,,
2.4365,548,234.3,20.6,0.0025,,
2.4365,548,234.6,20.6,0.0000,,
2.4375,550,234.3,20.6,0.0005,,
2.4380,550,234.4,20.6,0.0010,,
2.4380,552,234.6,20.6,0.0000,,
2.4390,553,234.5,20.6,0.0015,,
2.4395,554,234.4,20.6,0.0010,,
2.4405,554,234.4,20.6,0.0020,,
2.4420,556,234.7,20.6,0.0010,,
2.4435,556,234.8,20.6,0.0030,,
2.4445,558,234.6,20.6,0.0005,,
2.4450,559,234.5,20.6,0.0010,,
2.4465,560,234.8,20.6,0.0025,,
2.4465,560,234.6,20.6,0.0000,,
2.4475,562,234.8,20.6,0.0005,,
2.4480,562,234.6,20.6,0.0010,,
2.4485,564,234.6,20.6,0.0005,,
2.4490,565,234.9,20.6,0.0010,,
2.4495,566,234.9,20.6,0.0010,,
2.4500,566,235.0,20.6,NaN,,
Scope 1/1, Sample 8/60 (S6_12)
Result,TitrationEP1
V,t,E,T,dV/dt,E acc. stat.,Volume acc. stat.
0.0000,0,-70.3,20.5,NaN,,
0.0010,1,-70.2,20.5,0.0010,,
0.0025,2,-70.5,20.5,0.0015,,
0.0050,3,-70.3,20.5,0.0025,,
0.0090,4,-70.4,20.5,0.0035,,
0.0150,5,-69.8,20.5,0.0055,,
0.0235,6,-69.3,20.5,0.0075,,
0.0320,7,-68.6,20.5,0.0075,,
0.0405,8,-67.4,20.5,0.0075,,
0.0490,9,-66.4,20.5,0.0085,,
0.0565,10,-64.7,20.5,0.0070,,
0.0650,11,-63.3,20.5,0.0075,,
0.0730,12,-62.1,20.5,0.0075,,
0.0815,13,-60.2,20.5,0.0075,,
0.0900,14,-58.4,20.5,0.0075,,
0.0975,15,-56.7,20.5,0.0070,,
0.1060,16,-55.1,20.6,0.0075,,
0.1145,17,-53.1,20.5,0.0075,,
0.1230,18,-50.6,20.5,0.0075,,
0.1310,19,-48.2,20.5,0.0075,,
0.1395,20,-46.2,20.5,0.0075,,
0.1480,21,-43.8,20.5,0.0085,,
0.1555,22,-41.5,20.5,0.0070,,
0.1640,23,-38.5,20.6,0.0075,,
0.1725,24,-35.8,20.5,0.0075,,
0.1810,25,-33.3,20.6,0.0075,,
0.1895,26,-30.8,20.6,0.0075,,
0.1975,27,-28.0,20.6,0.0075,,
0.2050,28,-26.1,20.6,0.0070,,
0.2135,29,-23.8,20.6,0.0075,,
0.2220,30,-21.9,20.6,0.0075,,
0.2305,31,-20.0,20.6,0.0075,,
0.2390,32,-17.9,20.6,0.0075,,
0.2475,33,-16.5,20.6,0.0075,,
0.2550,34,-15.0,20.6,0.0070,,
0.2635,35,-13.9,20.6,0.0075,,
0.2715,36,-12.6,20.6,0.0075,,
0.2800,37,-11.0,20.6,0.0075,,
0.2885,38,-9.8,20.6,0.0075,,
0.2970,39,-8.9,20.6,0.0075,,
0.3045,40,-7.7,20.6,0.0070,,
0.3130,41,-6.7,20.6,0.0075,,
0.3215,42,-5.3,20.6,0.0075,,
0.3295,43,-4.2,20.6,0.0075,,
0.3380,44,-3.5,20.6,0.0075,,
0.3465,45,-2.4,20.6,0.0075,,
0.3550,46,-1.7,20.6,0.0075,,
0.3625,47,-0.5,20.6,0.0070,,
0.3710,48,0.3,20.6,0.0075,,
0.3795,49,0.9,20.6,0.0075,,
0.3875,50,2.0,20.6,0.0075,,
0.3960,51,3.1,20.6,0.0075,,
0.4035,52,3.9,20.6,0.0070,,
0.4120,53,4.6,20.6,0.0075,,
0.4205,54,5.3,20.6,0.0075,,
0.4290,55,6.3,20.6,0.0075,,
0.4375,56,7.2,20.6,0.0075,,
0.4460,57,7.7,20.6,0.0075,,
0.4535,58,8.6,20.6,0.0070,,
0.4620,59,9.2,20.6,0.0075,,
0.4700,60,10.3,20.6,0.0075,,
0.4785,61,11.1,20.6,0.0075,,
0.4870,62,11.6,20.6,0.0075,,
0.4955,63,12.5,20.6,0.0075,,
0.5040,64,13.1,20.6,0.0075,,
0.5115,65,14.0,20.6,0.0070,,
0.5200,66,15.0,20.6,0.0075,,
0.5280,67,15.4,20.6,0.0075,,
0.5365,68,16.2,20.6,0.0075,,
0.5450,69,17.3,20.6,0.0075,,
0.5525,70,17.8,20.6,0.0070,,
0.5610,71,18.6,20.6,0.0075,,
0.5695,72,19.0,20.6,0.0075,,
0.5780,73,19.8,20.6,0.0075,,
0.5860,74,20.9,20.6,0.0075,,
0.5945,75,21.4,20.6,0.0075,,
0.6030,76,22.3,20.6,0.0075,,
0.6105,77,22.8,20.6,0.0070,,
0.6190,78,23.7,20.6,0.0075,,
0.6275,79,24.7,20.6,0.0075,,
0.6360,80,25.3,20.6,0.0075,,
0.6445,81,25.9,20.6,0.0075,,
0.6525,82,26.8,20.6,0.0080,,
0.6600,83,27.7,20.6,0.0070,,
0.6685,84,28.8,20.6,0.0075,,
0.6770,85,29.4,20.6,0.0075,,
0.6855,86,30.0,20.6,0.0075,,
0.6940,87,31.2,20.6,0.0075,,
0.7025,88,32.0,20.6,0.0075,,
0.7100,89,32.6,20.6,0.0070,,
0.7185,90,33.3,20.6,0.0075,,
0.7265,91,34.0,20.6,0.0075,,
0.7350,92,35.2,20.6,0.0075,,
0.7435,93,36.1,20.6,0.0075,,
0.7520,94,36.6,20.6,0.0075,,
0.7595,95,37.5,20.6,0.0070,,
0.7680,96,38.1,20.6,0.0075,,
0.7765,97,39.2,20.6,0.0075,,
0.7845,98,40.2,20.6,0.0075,,
0.7930,99,40.9,20.6,0.0075,,
0.8015,100,41.7,20.6,0.0075,,
0.8090,101,42.5,20.6,0.0070,,
0.8175,102,43.5,20.6,0.0075,,
0.8260,103,44.6,20.6,0.0075,,
0.8345,104,45.3,20.6,0.0075,,
0.8425,105,46.2,20.6,0.0075,,
0.8510,106,47.4,20.6,0.0075,,
0.8595,107,48.2,20.6,0.0085,,
0.8670,108,49.3,20.6,0.0070,,
0.8755,109,49.9,20.6,0.0075,,
0.8840,110,50.8,20.6,0.0075,,
0.8925,111,52.0,20.6,0.0075,,
0.9005,112,52.9,20.6,0.0075,,
0.9090,113,54.1,20.6,0.0085,,
0.9165,114,54.9,20.6,0.0070,,
0.9250,115,55.8,20.6,0.0075,,
0.9335,116,57.1,20.6,0.0075,,
0.9420,117,58.2,20.6,0.0075,,
0.9505,118,59.0,20.6,0.0075,,
0.9590,119,60.2,20.6,0.0075,,
0.9665,120,61.0,20.6,0.0070,,
0.9745,121,62.5,20.6,0.0075,,
0.9830,122,63.4,20.6,0.0075,,
0.9915,123,64.3,20.6,0.0075,,
1.0000,124,65.6,20.6,0.0075,,
1.0085,125,66.6,20.6,0.0085,,
1.0160,126,68.1,20.6,0.0070,,
1.0245,127,69.2,20.6,0.0075,,
1.0330,128,70.1,20.6,0.0075,,
1.0410,129,71.6,20.6,0.0075,,
1.0495,130,72.9,20.6,0.0075,,
1.0570,131,74.2,20.6,0.0070,,
1.0655,132,75.3,20.6,0.0075,,
1.0740,133,76.5,20.6,0.0075,,
1.0825,134,78.3,20.6,0.0075,,
1.0910,135,79.6,20.6,0.0075,,
1.0995,136,80.7,20.6,0.0075,,
1.1075,137,82.1,20.6,0.0075,,
1.1155,138,83.6,20.6,0.0075,,
1.1235,139,85.5,20.6,0.0075,,
1.1320,140,87.0,20.6,0.0075,,
1.1405,141,88.4,20.6,0.0075,,
1.1490,142,90.3,20.6,0.0075,,
1.1575,143,91.6,20.6,0.0085,,
1.1650,144,93.7,20.6,0.0070,,
1.1735,145,95.5,20.6,0.0075,,
1.1815,146,97.2,20.6,0.0075,,
1.1900,147,99.3,20.6,0.0075,,
1.1985,148,101.7,20.6,0.0075,,
1.2070,149,103.7,20.6,0.0075,,
1.2145,150,106.0,20.6,0.0070,,
1.2230,151,108.1,20.6,0.0075,,
1.2315,152,110.7,20.6,0.0075,,
1.2395,153,113.7,20.6,0.0075,,
1.2480,154,116.3,20.6,0.0075,,
1.2565,155,119.2,20.6,0.0075,,
1.2640,156,121.9,20.6,0.0070,,
1.2725,157,125.6,20.6,0.0075,,
1.2810,158,129.4,20.6,0.0075,,
1.2895,159,132.9,20.6,0.0075,,
1.2980,160,136.7,20.6,0.0075,,
1.3060,161,140.7,20.6,0.0075,,
1.3140,162,144.1,20.6,0.0075,,
1.3220,163,147.9,20.6,0.0075,,
1.3305,164,151.3,20.6,0.0075,,
1.3390,165,154.8,20.6,0.0075,,
1.3475,166,158.5,20.6,0.0075,,
1.3560,167,161.4,20.6,0.0075,,
1.3635,168,164.0,20.6,0.0070,,
1.3720,169,166.4,20.6,0.0075,,
1.3800,170,168.6,20.6,0.0075,,
1.3885,171,171.0,20.6,0.0075,,
1.3970,172,173.1,20.6,0.0075,,
1.4055,173,174.7,20.6,0.0075,,
1.4130,174,176.4,20.6,0.0070,,
1.4215,175,178.2,20.6,0.0075,,
1.4300,176,180.0,20.6,0.0075,,
1.4385,177,181.4,20.6,0.0075,,
1.4465,178,182.7,20.6,0.0075,,
1.4550,179,184.3,20.6,0.0075,,
1.4615,180,185.0,20.6,0.0065,,
1.4615,420,186.7,20.7,0.0000,,
1.4620,421,186.9,20.7,0.0005,,
1.4635,422,186.8,20.7,0.0015,,
1.4660,423,186.7,20.7,0.0025,,
1.4700,424,187.4,20.7,0.0035,,
1.4765,425,188.1,20.7,0.0060,,
1.4845,426,188.7,20.7,0.0075,,
1.4920,427,189.9,20.7,0.0075,,
1.5005,428,190.7,20.7,0.0085,,
1.5090,429,192.0,20.7,0.0085,,
1.5175,430,193.0,20.7,0.0075,,
1.5260,431,193.6,20.7,0.0075,,
1.5345,432,194.6,20.7,0.0075,,
1.5420,433,195.3,20.7,0.0075,,
1.5505,434,196.5,20.7,0.0085,,
1.5585,435,197.2,20.7,0.0080,,
1.5670,436,197.8,20.7,0.0075,,
1.5755,437,198.7,20.7,0.0075,,
1.5840,438,199.6,20.7,0.0075,,
1.5915,439,200.3,20.7,0.0075,,
1.6000,440,200.9,20.7,0.0085,,
1.6085,441,201.3,20.7,0.0085,,
1.6165,442,202.2,20.7,0.0075,,
1.6250,443,203.0,20.7,0.0075,,
1.6335,444,203.3,20.7,0.0075,,
1.6410,445,204.0,20.7,0.0075,,
1.6495,446,204.4,20.7,0.0085,,
1.6580,447,205.3,20.7,0.0085,,
1.6665,448,206.0,20.7,0.0075,,
1.6750,449,206.4,20.7,0.0075,,
1.6830,450,206.8,20.7,0.0075,,
1.6915,451,207.3,20.7,0.0085,,
1.6990,452,208.0,20.7,0.0075,,
1.7075,453,208.8,20.7,0.0085,,
1.7160,454,209.1,20.7,0.0075,,
1.7245,455,209.5,20.7,0.0075,,
1.7330,456,210.1,20.7,0.0075,,
1.7410,457,210.8,20.7,0.0075,,
1.7490,458,211.2,20.7,0.0080,,
1.7570,459,211.4,20.7,0.0080,,
1.7655,460,211.7,20.7,0.0075,,
1.7740,461,212.5,20.7,0.0075,,
1.7825,462,212.9,20.7,0.0075,,
1.7910,463,213.3,20.7,0.0085,,
1.7985,464,213.5,20.7,0.0075,,
1.8070,465,213.8,20.7,0.0085,,
1.8150,466,214.4,20.7,0.0080,,
1.8235,467,214.9,20.7,0.0075,,
1.8320,468,215.0,20.7,0.0075,,
1.8405,469,215.4,20.7,0.0075,,
1.8480,470,215.7,20.7,0.0075,,
1.8565,471,216.3,20.7,0.0085,,
1.8650,472,216.8,20.7,0.0085,,
1.8730,473,216.9,20.7,0.0075,,
1.8815,474,217.4,20.7,0.0075,,
1.8900,475,218.0,20.7,0.0075,,
1.8975,476,218.2,20.7,0.0075,,
1.9060,477,218.8,20.7,0.0085,,
1.9145,478,218.8,20.7,0.0085,,
1.9230,479,219.1,20.7,0.0075,,
1.9315,480,219.7,20.7,0.0075,,
1.9395,481,219.9,20.7,0.0075,,
1.9470,482,220.4,20.7,0.0075,,
1.9555,483,220.3,20.7,0.0085,,
1.9640,484,220.7,20.7,0.0085,,
1.9725,485,221.3,20.7,0.0075,,
1.9810,486,221.4,20.7,0.0075,,
1.9895,487,221.6,20.7,0.0075,,
1.9970,488,222.0,20.7,0.0075,,
2.0055,489,222.4,20.7,0.0085,,
2.0135,490,222.9,20.7,0.0080,,
2.0220,491,223.0,20.7,0.0075,,
2.0305,492,223.1,20.7,0.0075,,
2.0390,493,223.7,20.7,0.0075,,
2.0465,494,223.8,20.7,0.0075,,
2.0550,495,224.2,20.7,0.0085,,
2.0635,496,224.2,20.7,0.0085,,
2.0720,497,224.4,20.7,0.0075,,
2.0800,498,225.0,20.7,0.0075,,
2.0885,499,225.1,20.7,0.0075,,
2.0960,500,225.6,20.7,0.0075,,
2.1045,501,225.6,20.7,0.0085,,
2.1130,502,225.9,20.7,0.0075,,
2.1215,503,226.4,20.7,0.0075,,
2.1300,504,226.3,20.7,0.0075,,
2.1385,505,226.5,20.7,0.0075,,
2.1460,506,226.7,20.7,0.0075,,
2.1545,507,227.2,20.7,0.0085,,
2.1625,508,227.6,20.7,0.0075,,
2.1710,509,227.7,20.7,0.0075,,
2.1795,510,227.8,20.7,0.0075,,
2.1880,511,228.3,20.7,0.0075,,
2.1955,512,228.3,20.7,0.0075,,
2.2040,513,228.8,20.7,0.0085,,
2.2125,514,228.9,20.7,0.0085,,
2.2205,515,228.9,20.7,0.0075,,
2.2290,516,229.5,20.7,0.0075,,
2.2375,517,229.6,20.7,0.0075,,
2.2450,518,229.9,20.7,0.0075,,
2.2535,519,230.0,20.7,0.0085,,
2.2620,520,230.0,20.7,0.0085,,
2.2705,521,230.6,20.7,0.0075,,
2.2790,522,230.6,20.7,0.0075,,
2.2870,523,230.5,20.7,0.0075,,
2.2945,524,230.9,20.7,0.0075,,
2.3030,525,231.1,20.7,0.0085,,
2.3115,526,231.5,20.7,0.0085,,
2.3200,527,231.7,20.7,0.0075,,
2.3285,528,231.6,20.7,0.0075,,
2.3370,529,232.0,20.7,0.0075,,
2.3445,530,232.1,20.7,0.0075,,
2.3525,531,232.6,20.7,0.0080,,
2.3610,532,232.7,20.7,0.0085,,
2.3695,533,232.7,20.7,0.0075,,
2.3780,534,233.1,20.7,0.0075,,
2.3865,535,233.4,20.7,0.0075,,
2.3945,536,233.6,20.7,0.0080,,
2.4025,537,233.7,20.7,0.0080,,
2.4105,538,233.6,20.7,0.0080,,
2.4185,539,234.0,20.7,0.0075,,
2.4260,540,234.4,20.7,0.0070,,
2.4310,541,234.2,20.7,0.0045,,
2.4335,542,234.5,20.7,0.0025,,
2.4345,543,234.3,20.7,0.0010,,
2.4355,544,234.4,20.7,0.0010,,
2.4360,545,234.7,20.7,0.0005,,
2.4370,546,234.4,20.7,0.0010,,
2.4370,547,234.3,20.7,0.0000,,
2.4375,548,234.3,20.7,0.0005,,
2.4380,549,234.4,20.7,0.0005,,
2.4390,550,234.7,20.7,0.0010,,
2.4395,551,234.4,20.7,0.0005,,
2.4405,552,234.3,20.7,0.0010,,
2.4405,553,234.6,20.7,0.0000,,
2.4415,554,234.6,20.7,0.0010,,
2.4420,555,234.8,20.7,0.0005,,
2.4425,556,234.5,20.7,0.0005,,
2.4435,557,234.5,20.7,0.0010,,
2.4445,558,234.9,20.7,0.0010,,
2.4455,559,234.8,20.7,0.0010,,
2.4460,560,234.9,20.7,0.0005,,
2.4460,561,234.6,20.7,0.0000,,
2.4465,562,234.7,20.7,0.0005,,
2.4470,563,234.8,20.7,0.0005,,
2.4480,564,234.5,20.7,0.0010,,
2.4490,565,234.5,20.7,0.0010,,
2.4495,566,234.4,20.7,0.0005,,
2.4495,567,234.7,20.7,0.0000,,
2.4515,568,235.0,20.7,0.0015,,
Scope 1/1, Sample 9/60 (T1_12)
Result,TitrationEP1
V,t,E,T,dV/dt,E acc. stat.,Volume acc. stat.
0.0000,0,-79.4,20.7,NaN,,
0.0010,1,-79.5,20.7,0.0010,,
0.0025,2,-79.5,20.7,0.0015,,
0.0050,3,-79.2,20.7,0.0020,,
0.0085,4,-79.2,20.7,0.0030,,
0.0150,5,-78.9,20.7,0.0060,,
0.0230,6,-78.6,20.7,0.0075,,
0.0315,7,-77.8,20.7,0.0075,,
0.0400,8,-76.5,20.7,0.0075,,
0.0485,9,-75.6,20.7,0.0070,,
0.0560,10,-74.4,20.7,0.0070,,
0.0645,11,-73.4,20.7,0.0075,,
0.0730,12,-71.9,20.7,0.0075,,
0.0810,13,-70.4,20.7,0.0075,,
0.0895,14,-69.2,20.7,0.0075,,
0.0980,15,-67.9,20.7,0.0070,,
0.1055,16,-66.5,20.7,0.0070,,
0.1140,17,-64.9,20.7,0.0075,,
0.1225,18,-63.0,20.7,0.0075,,
0.1305,19,-61.3,20.7,0.0075,,
0.1390,20,-59.7,20.7,0.0075,,
0.1475,21,-57.6,20.7,0.0075,,
0.1550,22,-55.8,20.7,0.0070,,
0.1635,23,-53.4,20.7,0.0075,,
0.1720,24,-51.4,20.7,0.0075,,
0.1805,25,-49.2,20.7,0.0075,,
0.1885,26,-46.7,20.7,0.0075,,
0.1970,27,-43.9,20.7,0.0075,,
0.2055,28,-41.4,20.7,0.0075,,
0.2130,29,-38.7,20.7,0.0070,,
0.2215,30,-36.1,20.7,0.0075,,
0.2300,31,-33.2,20.7,0.0075,,
0.2385,32,-30.2,20.7,0.0075,,
0.2470,33,-27.9,20.7,0.0075,,
0.2550,34,-25.5,20.7,0.0065,,
0.2625,35,-23.4,20.7,0.0070,,
0.2710,36,-21.3,20.7,0.0075,,
0.2795,37,-19.1,20.7,0.0075,,
0.2880,38,-17.6,20.7,0.0075,,
0.2965,39,-16.2,20.7,0.0075,,
0.3050,40,-14.4,20.7,0.0075,,
0.3125,41,-13.2,20.7,0.0070,,
0.3210,42,-11.6,20.7,0.0075,,
0.3290,43,-10.4,20.7,0.0075,,
0.3375,44,-9.4,20.7,0.0075,,
0.3460,45,-7.9,20.7,0.0075,,
0.3545,46,-6.7,20.7,0.0075,,
0.3620,47,-5.6,20.7,0.0070,,
0.3705,48,-4.7,20.7,0.0075,,
0.3790,49,-3.8,20.7,0.0075,,
0.3875,50,-2.5,20.7,0.0075,,
0.3955,51,-1.6,20.7,0.0075,,
0.4040,52,-0.8,20.7,0.0075,,
0.4115,53,0.1,20.7,0.0070,,
0.4200,54,1.0,20.7,0.0075,,
0.4285,55,2.3,20.7,0.0075,,
0.4370,56,3.1,20.7,0.0075,,
0.4455,57,3.7,20.7,0.0075,,
0.4535,58,4.9,20.7,0.0065,,
0.4615,59,5.6,20.7,0.0075,,
0.4695,60,6.7,20.7,0.0075,,
0.4780,61,7.4,20.7,0.0075,,
0.4865,62,8.1,20.7,0.0075,,
0.4950,63,9.1,20.7,0.0075,,
0.5035,64,10.2,20.7,0.0075,,
0.5110,65,10.9,20.7,0.0070,,
0.5195,66,11.6,20.7,0.0075,,
0.5275,67,12.2,20.7,0.0075,,
0.5360,68,13.3,20.7,0.0075,,
0.5445,69,14.2,20.7,0.0075,,
0.5530,70,14.8,20.7,0.0075,,
0.5605,71,15.6,20.7,0.0070,,
0.5690,72,16.2,20.7,0.0075,,
0.5775,73,17.3,20.7,0.0075,,
0.5855,74,18.2,20.7,0.0075,,
0.5940,75,18.8,20.7,0.0075,,
0.6025,76,19.6,20.7,0.0075,,
0.6100,77,20.2,20.7,0.0070,,
0.6185,78,21.1,20.7,0.0075,,
0.6270,79,22.1,20.7,0.0075,,
0.6355,80,22.6,20.7,0.0075,,
0.6435,81,23.4,20.7,0.0075,,
0.6520,82,24.5,20.7,0.0075,,
0.6605,83,25.1,20.7,0.0075,,
0.6680,84,26.2,20.7,0.0070,,
0.6765,85,26.7,20.7,0.0075,,
0.6850,86,27.6,20.7,0.0075,,
0.6935,87,28.7,20.7,0.0075,,
0.7015,88,29.6,20.7,0.0075,,
0.7100,89,30.1,20.7,0.0075,,
0.7175,90,31.0,20.7,0.0070,,
0.7260,91,31.6,20.7,0.0075,,
0.7345,92,32.7,20.7,0.0075,,
0.7430,93,33.6,20.7,0.0075,,
0.7515,94,34.2,20.7,0.0075,,
0.7600,95,35.2,20.7,0.0075,,
0.7675,96,36.0,20.7,0.0070,,
0.7760,97,37.2,20.7,0.0075,,
0.7840,98,38.2,20.7,0.0075,,
0.7925,99,38.8,20.7,0.0075,,
0.8010,100,39.8,20.7,0.0070,,
0.8095,101,41.1,20.7,0.0075,,
0.8170,102,41.9,20.7,0.0070,,
0.8255,103,42.8,20.7,0.0075,,
0.8340,104,43.5,20.7,0.0075,,
0.8420,105,44.8,20.7,0.0075,,
0.8505,106,45.9,20.7,0.0075,,
0.8590,107,46.7,20.7,0.0075,,
0.8665,108,47.7,20.7,0.0070,,
0.8750,109,48.5,20.7,0.0075,,
0.8835,110,49.7,20.7,0.0075,,
0.8920,111,50.8,20.7,0.0075,,
0.9005,112,51.4,20.7,0.0075,,
0.9085,113,52.6,20.7,0.0065,,
0.9165,114,53.5,20.7,0.0075,,
0.9245,115,54.8,20.7,0.0075,,
0.9330,116,55.9,20.7,0.0075,,
0.9415,117,56.8,20.7,0.0075,,
0.9500,118,58.1,20.7,0.0075,,
0.9575,119,59.0,20.7,0.0070,,
0.9660,120,60.4,20.7,0.0075,,
0.9745,121,61.4,20.7,0.0075,,
0.9830,122,62.4,20.7,0.0075,,
0.9910,123,63.8,20.7,0.0075,,
0.9995,124,65.2,20.7,0.0075,,
1.0080,125,66.3,20.7,0.0075,,
1.0155,126,67.5,20.7,0.0070,,
1.0240,127,68.7,20.7,0.0075,,
1.0325,128,70.2,20.7,0.0075,,
1.0410,129,71.6,20.7,0.0075,,
1.0490,130,72.6,20.7,0.0075,,
1.0575,131,74.1,20.7,0.0070,,
1.0650,132,75.3,20.7,0.0070,,
1.0735,133,76.9,20.7,0.0075,,
1.0820,134,78.5,20.7,0.0075,,
1.0905,135,79.7,20.7,0.0075,,
1.0990,136,81.3,20.7,0.0075,,
1.1075,137,83.2,20.7,0.0070,,
1.1150,138,84.6,20.7,0.0070,,
1.1230,139,86.5,20.7,0.0075,,
1.1315,140,87.9,20.7,0.0075,,
1.1400,141,89.6,20.7,0.0075,,
1.1485,142,91.7,20.7,0.0075,,
1.1570,143,93.6,20.7,0.0070,,
1.1645,144,95.4,20.7,0.0070,,
1.1730,145,97.1,20.7,0.0075,,
1.1810,146,99.1,20.7,0.0075,,
1.1895,147,101.4,20.7,0.0075,,
1.1980,148,103.7,20.7,0.0075,,
1.2065,149,105.9,20.7,0.0075,,
1.2140,150,108.2,20.7,0.0070,,
1.2225,151,110.5,20.7,0.0075,,
1.2310,152,113.5,20.7,0.0075,,
1.2395,153,116.7,20.7,0.0075,,
1.2475,154,119.6,20.7,0.0075,,
1.2560,155,123.0,20.7,0.0075,,
1.2635,156,126.0,20.7,0.0070,,
1.2720,157,130.0,20.7,0.0075,,
1.2805,158,133.9,20.7,0.0075,,
1.2890,159,137.5,20.7,0.0075,,
1.2975,160,141.4,20.7,0.0075,,
1.3055,161,145.4,20.7,0.0075,,
1.3140,162,148.9,20.7,0.0070,,
1.3215,163,152.3,20.7,0.0070,,
1.3300,164,155.6,20.7,0.0075,,
1.3385,165,159.0,20.7,0.0075,,
1.3470,166,162.1,20.7,0.0075,,
1.3555,167,164.6,20.7,0.0075,,
1.3635,168,166.9,20.7,0.0065,,
1.3715,169,169.0,20.7,0.0075,,
1.3795,170,171.4,20.7,0.0075,,
1.3880,171,173.7,20.7,0.0075,,
1.3965,172,175.3,20.7,0.0075,,
1.4050,173,177.0,20.7,0.0075,,
1.4135,174,178.5,20.7,0.0075,,
1.4210,175,180.3,20.7,0.0070,,
1.4295,176,182.0,20.7,0.0075,,
1.4380,177,183.1,20.7,0.0075,,
1.4460,178,184.4,20.7,0.0075,,
1.4525,179,185.2,20.7,0.0070,,
1.4525,419,186.9,20.8,0.0000,,
1.4530,420,186.8,20.8,0.0005,,
1.4545,421,187.0,20.8,0.0015,,
1.4570,422,187.4,20.8,0.0025,,
1.4610,423,187.5,20.8,0.0035,,
1.4670,424,188.1,20.8,0.0055,,
1.4750,425,189.4,20.8,0.0075,,
1.4830,426,190.1,20.8,0.0080,,
1.4910,427,191.3,20.8,0.0080,,
1.4995,428,192.0,20.8,0.0085,,
1.5080,429,193.0,20.8,0.0075,,
1.5165,430,194.0,20.8,0.0075,,
1.5250,431,194.9,20.8,0.0075,,
1.5330,432,195.5,20.8,0.0075,,
1.5410,433,196.4,20.8,0.0080,,
1.5490,434,197.1,20.8,0.0080,,
1.5575,435,198.2,20.8,0.0075,,
1.5660,436,199.1,20.8,0.0075,,
1.5745,437,199.4,20.8,0.0075,,
1.5830,438,200.3,20.8,0.0085,,
1.5905,439,200.9,20.8,0.0075,,
1.5990,440,201.8,20.8,0.0085,,
1.6070,441,202.5,20.8,0.0075,,
1.6155,442,202.9,20.8,0.0075,,
1.6240,443,203.7,20.8,0.0075,,
1.6325,444,204.1,20.8,0.0085,,
1.6400,445,205.1,20.8,0.0075,,
1.6485,446,205.6,20.8,0.0085,,
1.6570,447,206.0,20.8,0.0075,,
1.6655,448,206.5,20.8,0.0075,,
1.6735,449,207.3,20.8,0.0075,,
1.6820,450,207.6,20.8,0.0075,,
1.6895,451,208.1,20.8,0.0075,,
1.6980,452,208.4,20.8,0.0085,,
1.7065,453,209.1,20.8,0.0085,,
1.7150,454,209.8,20.8,0.0075,,
1.7235,455,210.1,20.8,0.0075,,
1.7315,456,210.5,20.8,0.0075,,
1.7395,457,210.8,20.8,0.0080,,
1.7475,458,211.5,20.8,0.0080,,
1.7560,459,212.2,20.8,0.0085,,
1.7645,460,212.3,20.8,0.0075,,
1.7730,461,212.7,20.8,0.0075,,
1.7815,462,213.5,20.8,0.0075,,
1.7890,463,213.7,20.8,0.0075,,
1.7975,464,214.4,20.8,0.0085,,
1.8055,465,214.5,20.8,0.0080,,
1.8140,466,214.7,20.8,0.0075,,
1.8225,467,215.3,20.8,0.0075,,
1.8310,468,215.8,20.8,0.0075,,
1.8395,469,216.2,20.8,0.0085,,
1.8470,470,216.4,20.8,0.0075,,
1.8555,471,216.6,20.8,0.0085,,
1.8635,472,217.4,20.8,0.0075,,
1.8720,473,217.7,20.8,0.0075,,
1.8805,474,217.8,20.8,0.0075,,
1.8880,475,218.2,20.8,0.0075,,
1.8965,476,218.4,20.8,0.0085,,
1.9050,477,219.1,20.8,0.0085,,
1.9135,478,219.4,20.8,0.0075,,
1.9220,479,219.4,20.8,0.0075,,
1.9300,480,220.1,20.8,0.0075,,
1.9380,481,220.2,20.8,0.0080,,
1.9460,482,220.7,20.8,0.0080,,
1.9545,483,220.9,20.8,0.0085,,
1.9630,484,220.9,20.8,0.0075,,
1.9715,485,221.4,20.8,0.0075,,
1.9800,486,221.9,20.8,0.0075,,
1.9880,487,222.3,20.8,0.0080,,
1.9960,488,222.5,20.8,0.0080,,
2.0040,489,222.5,20.8,0.0080,,
2.0125,490,223.0,20.8,0.0075,,
2.0210,491,223.5,20.8,0.0075,,
2.0295,492,223.6,20.8,0.0075,,
2.0380,493,224.0,20.8,0.0085,,
2.0455,494,224.0,20.8,0.0075,,
2.0540,495,224.5,20.8,0.0085,,
2.0620,496,225.0,20.8,0.0075,,
2.0705,497,224.9,20.8,0.0075,,
2.0790,498,225.2,20.8,0.0075,,
2.0875,499,225.3,20.8,0.0085,,
2.0950,500,225.7,20.8,0.0075,,
2.1035,501,226.1,20.8,0.0085,,
2.1120,502,226.1,20.8,0.0075,,
2.1205,503,226.3,20.8,0.0075,,
2.1285,504,226.8,20.8,0.0075,,
2.1370,505,227.0,20.8,0.0075,,
2.1445,506,227.4,20.8,0.0075,,
2.1530,507,227.3,20.8,0.0085,,
2.1615,508,227.5,20.8,0.0075,,
2.1700,509,228.0,20.8,0.0075,,
2.1785,510,228.1,20.8,0.0075,,
2.1865,511,228.1,20.8,0.0075,,
2.1945,512,228.5,20.8,0.0080,,
2.2025,513,228.6,20.8,0.0080,,
2.2110,514,229.2,20.8,0.0075,,
2.2195,515,229.2,20.8,0.0075,,
2.2280,516,229.3,20.8,0.0075,,
2.2365,517,229.8,20.8,0.0075,,
2.2440,518,229.8,20.8,0.0075,,
2.2525,519,230.4,20.8,0.0085,,
2.2605,520,230.6,20.8,0.0080,,
2.2690,521,230.5,20.8,0.0075,,
2.2775,522,230.9,20.8,0.0075,,
2.2860,523,231.3,20.8,0.0075,,
2.2935,524,231.5,20.8,0.0075,,
2.3020,525,231.6,20.8,0.0085,,
2.3105,526,231.5,20.8,0.0085,,
2.3190,527,231.8,20.8,0.0075,,
2.3270,528,232.3,20.8,0.0075,,
2.3355,529,232.1,20.8,0.0075,,
2.3430,530,232.4,20.8,0.0075,,
2.3515,531,232.4,20.8,0.0085,,
2.3600,532,232.8,20.8,0.0085,,
2.3685,533,233.1,20.8,0.0075,,
2.3770,534,233.0,20.8,0.0075,,
2.3850,535,233.3,20.8,0.0075,,
2.3925,536,233.3,20.8,0.0075,,
2.4005,537,233.9,20.8,0.0080,,
2.4085,538,234.2,20.8,0.0080,,
2.4110,539,234.0,20.8,0.0025,,
2.4115,540,234.1,20.8,0.0005,,
2.4130,541,234.3,20.8,0.0015,,
2.4145,542,234.4,20.8,0.0015,,
2.4165,543,234.4,20.8,0.0020,,
2.4175,544,234.1,20.8,0.0010,,
2.4185,545,234.3,20.8,0.0010,,
2.4190,546,234.5,20.8,0.0005,,
2.4200,547,234.3,20.8,0.0010,,
2.4205,548,234.4,20.8,0.0005,,
2.4210,549,234.1,20.8,0.0005,,
2.4220,550,234.4,20.8,0.0010,,
2.4235,551,234.4,20.8,0.0015,,
2.4240,552,234.2,20.8,0.0005,,
2.4245,553,234.2,20.8,0.0005,,
2.4250,554,234.3,20.8,0.0005,,
2.4250,555,234.4,20.8,0.0000,,
2.4260,556,234.7,20.8,0.0010,,
2.4265,557,234.5,20.8,0.0005,,
2.4275,558,234.4,20.8,0.0010,,
2.4285,559,234.7,20.8,0.0010,,
2.4290,560,234.5,20.8,0.0005,,
2.4295,561,234.7,20.8,0.0005,,
2.4305,562,234.4,20.8,0.0010,,
2.4310,563,234.4,20.8,0.0005,,
2.4315,564,234.6,20.8,0.0005,,
2.4325,565,234.6,20.8,0.0010,,
2.4325,566,234.8,20.8,0.0000,,
2.4330,567,234.5,20.8,0.0005,,
2.4335,568,234.5,20.8,0.0005,,
2.4345,569,234.8,20.8,0.0010,,
2.4345,570,234.9,20.8,0.0000,,
2.4355,571,234.5,20.8,0.0010,,
2.4370,572,234.5,20.8,0.0015,,
2.4375,573,234.4,20.8,0.0005,,
2.4385,574,234.7,20.8,0.0010,,
2.4390,575,234.9,20.8,0.0005,,
2.4395,576,234.5,20.8,0.0005,,
2.4400,577,235.0,20.8,0.0010,,
Scope 1/1, Sample 10/60 (T2_12)
Result,TitrationEP1
V,t,E,T,dV/dt,E acc. stat.,Volume acc. stat.
0.0000,0,-78.4,20.8,NaN,,
0.0005,1,-78.3,20.8,0.0005,,
0.0025,2,-78.5,20.8,0.0020,,
0.0050,3,-78.4,20.8,0.0025,,
0.0090,4,-78.2,20.8,0.0035,,
0.0150,5,-78.1,20.8,0.0055,,
0.0235,6,-77.6,20.8,0.0075,,
0.0310,7,-77.0,20.8,0.0075,,
0.0395,8,-75.8,20.8,0.0085,,
0.0480,9,-74.9,20.8,0.0075,,
0.0565,10,-74.0,20.8,0.0075,,
0.0650,11,-72.6,20.8,0.0075,,
0.0730,12,-71.2,20.8,0.0075,,
0.0805,13,-70.1,20.8,0.0075,,
0.0890,14,-68.7,20.8,0.0085,,
0.0975,15,-67.6,20.8,0.0085,,
0.1060,16,-66.0,20.8,0.0075,,
0.1145,17,-64.1,20.8,0.0075,,
0.1230,18,-62.6,20.8,0.0075,,
0.1305,19,-61.0,20.8,0.0075,,
0.1390,20,-59.3,20.8,0.0085,,
0.1470,21,-57.2,20.8,0.0080,,
0.1555,22,-55.0,20.8,0.0075,,
0.1640,23,-53.1,20.8,0.0075,,
0.1725,24,-51.0,20.8,0.0075,,
0.1800,25,-48.9,20.8,0.0075,,
0.1885,26,-46.3,20.8,0.0085,,
0.1970,27,-43.6,20.8,0.0085,,
0.2050,28,-41.3,20.8,0.0075,,
0.2135,29,-38.8,20.8,0.0075,,
0.2220,30,-35.9,20.8,0.0075,,
0.2295,31,-33.6,20.8,0.0075,,
0.2380,32,-30.9,20.8,0.0085,,
0.2465,33,-28.8,20.8,0.0085,,
0.2550,34,-26.5,20.8,0.0075,,
0.2635,35,-24.2,20.8,0.0075,,
0.2715,36,-22.4,20.8,0.0075,,
0.2800,37,-20.6,20.8,0.0085,,
0.2875,38,-19.1,20.8,0.0075,,
0.2960,39,-17.7,20.8,0.0085,,
0.3045,40,-15.9,20.8,0.0075,,
0.3130,41,-14.4,20.8,0.0075,,
0.3215,42,-13.4,20.8,0.0075,,
0.3295,43,-12.1,20.8,0.0075,,
0.3370,44,-11.1,20.8,0.0075,,
0.3455,45,-9.6,20.8,0.0085,,
0.3540,46,-8.5,20.8,0.0075,,
0.3625,47,-7.7,20.8,0.0075,,
0.3710,48,-6.4,20.8,0.0075,,
0.3795,49,-5.1,20.8,0.0075,,
0.3870,50,-4.2,20.8,0.0075,,
0.3955,51,-3.4,20.8,0.0085,,
0.4040,52,-2.6,20.8,0.0075,,
0.4120,53,-1.5,20.8,0.0075,,
0.4205,54,-0.5,20.8,0.0075,,
0.4290,55,0.2,20.8,0.0075,,
0.4365,56,1.1,20.8,0.0075,,
0.4450,57,1.8,20.8,0.0085,,
0.4535,58,2.9,20.8,0.0075,,
0.4620,59,4.0,20.8,0.0075,,
0.4700,60,4.7,20.8,0.0075,,
0.4785,61,5.5,20.8,0.0075,,
0.4860,62,6.1,20.8,0.0075,,
0.4945,63,7.0,20.8,0.0085,,
0.5030,64,8.0,20.8,0.0075,,
0.5115,65,8.6,20.8,0.0075,,
0.5200,66,9.4,20.8,0.0075,,
0.5280,67,10.6,20.8,0.0075,,
0.5360,68,11.2,20.8,0.0080,,
0.5440,69,12.2,20.8,0.0080,,
0.5525,70,12.7,20.8,0.0075,,
0.5610,71,13.6,20.8,0.0075,,
0.5695,72,14.7,20.8,0.0075,,
0.5780,73,15.5,20.8,0.0075,,
0.5855,74,16.3,20.8,0.0075,,
0.5940,75,16.9,20.8,0.0085,,
0.6020,76,17.6,20.8,0.0075,,
0.6105,77,18.7,20.8,0.0075,,
0.6190,78,19.4,20.8,0.0075,,
0.6275,79,20.1,20.8,0.0075,,
0.6350,80,20.8,20.8,0.0075,,
0.6435,81,21.7,20.8,0.0085,,
0.6520,82,22.8,20.8,0.0075,,
0.6605,83,23.4,20.8,0.0075,,
0.6685,84,24.1,20.8,0.0075,,
0.6770,85,24.8,20.8,0.0085,,
0.6845,86,25.8,20.8,0.0075,,
0.6930,87,26.8,20.8,0.0085,,
0.7015,88,27.4,20.8,0.0075,,
0.7100,89,28.1,20.8,0.0075,,
0.7185,90,29.2,20.8,0.0075,,
0.7265,91,30.2,20.8,0.0075,,
0.7345,92,31.0,20.8,0.0080,,
0.7425,93,31.8,20.8,0.0080,,
0.7510,94,32.5,20.8,0.0075,,
0.7595,95,33.6,20.8,0.0075,,
0.7680,96,34.6,20.8,0.0075,,
0.7765,97,35.2,20.8,0.0075,,
0.7840,98,36.0,20.8,0.0075,,
0.7925,99,36.8,20.8,0.0085,,
0.8005,100,38.0,20.8,0.0080,,
0.8090,101,39.0,20.8,0.0075,,
0.8175,102,39.7,20.8,0.0075,,
0.8260,103,40.8,20.8,0.0075,,
0.8335,104,41.5,20.8,0.0075,,
0.8420,105,42.8,20.8,0.0085,,
0.8505,106,43.8,20.8,0.0085,,
0.8590,107,44.7,20.8,0.0075,,
0.8670,108,45.7,20.8,0.0075,,
0.8755,109,46.9,20.8,0.0075,,
0.8840,110,47.9,20.8,0.0075,,
0.8915,111,48.8,20.8,0.0075,,
0.9000,112,49.6,20.8,0.0085,,
0.9085,113,50.6,20.8,0.0075,,
0.9170,114,52.0,20.8,0.0075,,
0.9250,115,52.8,20.8,0.0075,,
0.9335,116,54.0,20.8,0.0085,,
0.9410,117,54.8,20.8,0.0075,,
0.9495,118,56.0,20.8,0.0085,,
0.9580,119,57.4,20.8,0.0075,,
0.9665,120,58.5,20.8,0.0075,,
0.9750,121,59.4,20.8,0.0075,,
0.9835,122,60.5,20.8,0.0085,,
0.9910,123,61.8,20.8,0.0075,,
0.9990,124,63.4,20.8,0.0080,,
1.0075,125,64.5,20.8,0.0075,,
1.0160,126,65.6,20.8,0.0075,,
1.0245,127,67.1,20.8,0.0075,,
1.0330,128,68.5,20.8,0.0075,,
1.0405,129,69.7,20.8,0.0075,,
1.0490,130,70.8,20.8,0.0085,,
1.0575,131,72.0,20.8,0.0075,,
1.0655,132,73.7,20.8,0.0075,,
1.0740,133,75.3,20.8,0.0075,,
1.0825,134,76.5,20.8,0.0075,,
1.0900,135,78.0,20.8,0.0075,,
1.0985,136,79.4,20.8,0.0085,,
1.1070,137,81.2,20.8,0.0075,,
1.1155,138,82.8,20.8,0.0075,,
1.1235,139,84.3,20.8,0.0075,,
1.1320,140,86.2,20.8,0.0075,,
1.1395,141,87.7,20.8,0.0075,,
1.1480,142,89.8,20.8,0.0085,,
1.1565,143,91.6,20.8,0.0075,,
1.1650,144,93.3,20.8,0.0075,,
1.1735,145,95.4,20.8,0.0075,,
1.1815,146,97.7,20.8,0.0075,,
1.1895,147,99.6,20.8,0.0080,,
1.1975,148,102.1,20.8,0.0080,,
1.2060,149,104.3,20.8,0.0075,,
1.2145,150,106.9,20.8,0.0075,,
1.2230,151,109.9,20.8,0.0075,,
1.2315,152,112.7,20.8,0.0075,,
1.2390,153,115.6,20.8,0.0075,,
1.2475,154,118.7,20.8,0.0085,,
1.2560,155,122.3,20.8,0.0075,,
1.2640,156,126.3,20.8,0.0075,,
1.2725,157,129.8,20.8,0.0075,,
1.2810,158,133.6,20.8,0.0075,,
1.2885,159,137.4,20.8,0.0075,,
1.2970,160,141.5,20.8,0.0085,,
1.3055,161,145.7,20.8,0.0085,,
1.3140,162,149.4,20.8,0.0075,,
1.3220,163,153.0,20.8,0.0075,,
1.3305,164,156.8,20.8,0.0075,,
1.3390,165,159.5,20.8,0.0085,,
1.3465,166,163.0,20.8,0.0075,,
1.3550,167,165.4,20.8,0.0085,,
1.3635,168,167.9,20.8,0.0075,,
1.3720,169,170.4,20.8,0.0075,,
1.3800,170,172.6,20.8,0.0075,,
1.3885,171,174.5,20.8,0.0085,,
1.3960,172,176.0,20.8,0.0075,,
1.4045,173,177.7,20.8,0.0085,,
1.4130,174,179.7,20.8,0.0075,,
1.4215,175,181.1,20.8,0.0075,,
1.4300,176,182.3,20.8,0.0075,,
1.4375,177,183.5,20.8,0.0075,,
1.4470,178,185.2,20.8,0.0080,,
1.4470,418,186.9,20.9,0.0000,,
1.4475,419,187.2,20.9,0.0005,,
1.4490,420,187.1,20.9,0.0010,,
1.4515,421,187.0,20.9,0.0020,,
1.4555,422,187.6,20.9,0.0030,,
1.4620,423,188.4,20.9,0.0045,,
1.4700,424,189.2,20.9,0.0055,,
1.4780,425,190.3,20.9,0.0060,,
1.4860,426,191.0,20.9,0.0060,,
1.4945,427,192.1,20.9,0.0060,,
1.5030,428,193.3,20.9,0.0060,,
1.5115,429,194.0,20.9,0.0060,,
1.5200,430,194.8,20.9,0.0060,,
1.5275,431,195.5,20.9,0.0060,,
1.5360,432,196.4,20.9,0.0065,,
1.5445,433,197.4,20.9,0.0065,,
1.5525,434,198.0,20.9,0.0055,,
1.5610,435,198.8,20.9,0.0060,,
1.5695,436,199.8,20.9,0.0060,,
1.5770,437,200.4,20.9,0.0060,,
1.5855,438,201.2,20.9,0.0065,,
1.5940,439,201.6,20.9,0.0060,,
1.6025,440,202.4,20.9,0.0060,,
1.6110,441,203.4,20.9,0.0060,,
1.6190,442,203.8,20.9,0.0055,,
1.6265,443,204.5,20.9,0.0060,,
1.6350,444,204.8,20.9,0.0065,,
1.6435,445,205.6,20.9,0.0060,,
1.6520,446,206.3,20.9,0.0060,,
1.6605,447,206.7,20.9,0.0060,,
1.6690,448,207.1,20.9,0.0060,,
1.6765,449,207.5,20.9,0.0060,,
1.6845,450,208.0,20.9,0.0060,,
1.6930,451,208.9,20.9,0.0065,,
1.7015,452,209.2,20.9,0.0060,,
1.7100,453,209.5,20.9,0.0060,,
1.7185,454,210.3,20.9,0.0060,,
1.7260,455,210.6,20.9,0.0060,,
1.7345,456,211.3,20.9,0.0065,,
1.7430,457,211.5,20.9,0.0065,,
1.7510,458,211.8,20.9,0.0055,,
1.7595,459,212.6,20.9,0.0060,,
1.7680,460,213.1,20.9,0.0060,,
1.7755,461,213.6,20.9,0.0060,,
1.7840,462,213.8,20.9,0.0065,,
1.7925,463,214.0,20.9,0.0065,,
1.8010,464,214.7,20.9,0.0060,,
1.8090,465,215.1,20.9,0.0055,,
1.8175,466,215.3,20.9,0.0060,,
1.8260,467,215.9,20.9,0.0065,,
1.8335,468,216.1,20.9,0.0060,,
1.8420,469,216.7,20.9,0.0065,,
1.8505,470,217.2,20.9,0.0060,,
1.8590,471,217.3,20.9,0.0060,,
1.8670,472,217.7,20.9,0.0055,,
1.8755,473,217.9,20.9,0.0065,,
1.8830,474,218.4,20.9,0.0060,,
1.8915,475,218.9,20.9,0.0065,,
1.9000,476,219.0,20.9,0.0060,,
1.9085,477,219.3,20.9,0.0060,,
1.9170,478,219.9,20.9,0.0060,,
1.9250,479,220.3,20.9,0.0055,,
1.9330,480,220.6,20.9,0.0060,,
1.9410,481,220.7,20.9,0.0060,,
1.9495,482,221.0,20.9,0.0060,,
1.9580,483,221.6,20.9,0.0060,,
1.9665,484,221.8,20.9,0.0060,,
1.9750,485,221.8,20.9,0.0060,,
1.9825,486,222.2,20.9,0.0060,,
1.9910,487,222.5,20.9,0.0065,,
1.9995,488,223.0,20.9,0.0065,,
2.0075,489,223.2,20.9,0.0055,,
2.0160,490,223.2,20.9,0.0060,,
2.0245,491,223.7,20.9,0.0060,,
2.0320,492,223.9,20.9,0.0060,,
2.0405,493,224.4,20.9,0.0065,,
2.0490,494,224.6,20.9,0.0065,,
2.0575,495,224.6,20.9,0.0060,,
2.0655,496,225.0,20.9,0.0055,,
2.0740,497,225.4,20.9,0.0060,,
2.0825,498,225.7,20.9,0.0065,,
2.0900,499,226.0,20.9,0.0060,,
2.0985,500,226.0,20.9,0.0065,,
2.1070,501,226.4,20.9,0.0060,,
2.1155,502,226.9,20.9,0.0060,,
2.1235,503,227.0,20.9,0.0055,,
2.1320,504,227.0,20.9,0.0060,,
2.1395,505,227.3,20.9,0.0060,,
2.1480,506,227.5,20.9,0.0065,,
2.1565,507,228.0,20.9,0.0065,,
2.1650,508,228.2,20.9,0.0060,,
2.1735,509,228.3,20.9,0.0060,,
2.1815,510,228.7,20.9,0.0055,,
2.1895,511,228.7,20.9,0.0060,,
2.1975,512,229.2,20.9,0.0060,,
2.2060,513,229.4,20.9,0.0065,,
2.2145,514,229.3,20.9,0.0060,,
2.2230,515,229.7,20.9,0.0060,,
2.2315,516,230.2,20.9,0.0060,,
2.2390,517,230.2,20.9,0.0060,,
2.2475,518,230.4,20.9,0.0065,,
2.2555,519,230.4,20.9,0.0060,,
2.2640,520,230.8,20.9,0.0060,,
2.2725,521,231.1,20.9,0.0060,,
2.2810,522,231.1,20.9,0.0060,,
2.2895,523,231.4,20.9,0.0065,,
2.2970,524,231.4,20.9,0.0060,,
2.3055,525,231.7,20.9,0.0065,,
2.3135,526,232.1,20.9,0.0055,,
2.3220,527,232.1,20.9,0.0060,,
2.3305,528,232.3,20.9,0.0060,,
2.3390,529,232.4,20.9,0.0065,,
2.3465,530,232.7,20.9,0.0060,,
2.3550,531,233.2,20.9,0.0065,,
2.3635,532,233.1,20.9,0.0060,,
2.3720,533,233.2,20.9,0.0060,,
2.3800,534,233.7,20.9,0.0055,,
2.3885,535,233.7,20.9,0.0065,,
2.3955,536,234.1,20.9,0.0055,,
2.4015,537,234.0,20.9,0.0045,,
2.4025,538,234.0,20.9,0.0010,,
2.4030,539,234.2,20.9,0.0005,,
2.4040,540,234.3,20.9,0.0005,,
2.4050,541,234.1,20.9,0.0005,,
2.4055,542,234.3,20.9,0.0005,,
2.4075,543,234.1,20.9,0.0015,,
2.4085,544,234.4,20.9,0.0010,,
2.4090,545,234.5,20.9,0.0005,,
2.4100,546,234.2,20.9,0.0005,,
2.4115,547,234.3,20.9,0.0010,,
2.4125,548,234.2,20.9,0.0010,,
2.4125,549,234.5,20.9,0.0000,,
2.4140,550,234.7,20.9,0.0010,,
2.4145,551,234.3,20.9,0.0005,,
2.4150,552,234.4,20.9,0.0005,,
2.4155,553,234.6,20.9,0.0005,,
2.4165,554,234.6,20.9,0.0010,,
2.4170,555,234.6,20.9,0.0005,,
2.4180,556,234.4,20.9,0.0010,,
2.4180,557,234.4,20.9,0.0000,,
2.4190,558,234.8,20.9,0.0005,,
2.4190,559,234.7,20.9,0.0000,,
2.4200,560,234.9,20.9,0.0010,,
2.4205,561,234.5,20.9,0.0005,,
2.4220,562,234.5,20.9,0.0010,,
2.4235,563,234.8,20.9,0.0010,,
2.4240,564,234.6,20.9,0.0005,,
2.4245,565,234.5,20.9,0.0005,,
2.4260,566,235.0,20.9,0.0010,,
Scope 1/1, Sample 11/60 (T3_12)
Result,TitrationEP1
V,t,E,T,dV/dt,E acc. stat.,Volume acc. stat.
0.0000,0,-78.2,20.8,NaN,,
0.0005,1,-78.0,20.8,0.0005,,
0.0025,2,-78.3,20.8,0.0020,,
0.0050,3,-78.3,20.8,0.0025,,
0.0085,4,-78.0,20.8,0.0030,,
0.0150,5,-77.9,20.8,0.0060,,
0.0230,6,-77.4,20.8,0.0075,,
0.0305,7,-76.8,20.8,0.0075,,
0.0390,8,-75.7,20.8,0.0085,,
0.0475,9,-74.4,20.8,0.0075,,
0.0560,10,-73.4,20.8,0.0075,,
0.0645,11,-72.3,20.8,0.0075,,
0.0725,12,-70.7,20.8,0.0075,,
0.0805,13,-69.6,20.8,0.0080,,
0.0885,14,-67.9,20.8,0.0080,,
0.0970,15,-66.6,20.8,0.0085,,
0.1055,16,-65.0,20.8,0.0075,,
0.1140,17,-63.3,20.8,0.0075,,
0.1225,18,-61.3,20.8,0.0075,,
0.1300,19,-59.8,20.8,0.0075,,
0.1385,20,-58.0,20.8,0.0085,,
0.1465,21,-56.2,20.8,0.0080,,
0.1550,22,-53.8,20.8,0.0075,,
0.1635,23,-51.6,20.8,0.0075,,
0.1720,24,-49.6,20.8,0.0075,,
0.1795,25,-47.3,20.8,0.0075,,
0.1880,26,-45.0,20.8,0.0085,,
0.1965,27,-42.1,20.8,0.0085,,
0.2045,28,-39.3,20.8,0.0075,,
0.2130,29,-36.8,20.8,0.0075,,
0.2215,30,-33.7,20.8,0.0075,,
0.2290,31,-31.3,20.8,0.0075,,
0.2375,32,-28.3,20.8,0.0085,,
0.2460,33,-26.0,20.8,0.0085,,
0.2545,34,-24.0,20.8,0.0075,,
0.2630,35,-21.9,20.8,0.0075,,
0.2710,36,-19.7,20.8,0.0075,,
0.2790,37,-18.1,20.8,0.0080,,
0.2870,38,-16.4,20.8,0.0080,,
0.2955,39,-15.1,20.8,0.0085,,
0.3040,40,-13.5,20.8,0.0075,,
0.3125,41,-11.9,20.8,0.0075,,
0.3210,42,-10.9,20.8,0.0075,,
0.3285,43,-9.5,20.8,0.0075,,
0.3370,44,-8.6,20.8,0.0085,,
0.3455,45,-7.1,20.8,0.0085,,
0.3535,46,-5.9,20.8,0.0075,,
0.3620,47,-5.0,20.8,0.0075,,
0.3705,48,-3.9,20.8,0.0075,,
0.3780,49,-3.1,20.8,0.0075,,
0.3865,50,-1.8,20.8,0.0085,,
0.3950,51,-0.9,20.8,0.0085,,
0.4035,52,-0.1,20.8,0.0075,,
0.4115,53,1.0,20.8,0.0075,,
0.4200,54,2.1,20.8,0.0075,,
0.4275,55,2.9,20.8,0.0075,,
0.4360,56,4.0,20.8,0.0085,,
0.4445,57,4.6,20.8,0.0085,,
0.4530,58,5.6,20.8,0.0075,,
0.4615,59,6.7,20.8,0.0075,,
0.4700,60,7.4,20.8,0.0075,,
0.4775,61,8.2,20.8,0.0075,,
0.4860,62,8.8,20.8,0.0085,,
0.4940,63,9.7,20.8,0.0080,,
0.5025,64,10.8,20.8,0.0075,,
0.5110,65,11.5,20.8,0.0075,,
0.5195,66,12.2,20.8,0.0075,,
0.5270,67,12.9,20.8,0.0075,,
0.5355,68,13.8,20.8,0.0085,,
0.5440,69,14.8,20.8,0.0085,,
0.5520,70,15.4,20.8,0.0075,,
0.5605,71,16.1,20.8,0.0075,,
0.5690,72,17.1,20.8,0.0075,,
0.5765,73,17.8,20.8,0.0075,,
0.5850,74,18.7,20.8,0.0085,,
0.5935,75,19.2,20.8,0.0085,,
0.6020,76,20.0,20.8,0.0075,,
0.6105,77,21.0,20.8,0.0075,,
0.6185,78,21.9,20.8,0.0075,,
0.6265,79,22.7,20.8,0.0080,,
0.6345,80,23.3,20.8,0.0080,,
0.6430,81,24.1,20.8,0.0085,,
0.6515,82,25.1,20.8,0.0075,,
0.6600,83,25.8,20.8,0.0075,,
0.6685,84,26.5,20.8,0.0075,,
0.6760,85,27.4,20.8,0.0075,,
0.6845,86,28.3,20.8,0.0085,,
0.6925,87,29.3,20.8,0.0080,,
0.7010,88,30.2,20.8,0.0075,,
0.7095,89,30.8,20.8,0.0075,,
0.7180,90,31.7,20.8,0.0075,,
0.7265,91,32.4,20.8,0.0085,,
0.7340,92,33.6,20.8,0.0075,,
0.7425,93,34.4,20.8,0.0085,,
0.7505,94,35.0,20.8,0.0075,,
0.7590,95,35.9,20.8,0.0075,,
0.7675,96,37.1,20.8,0.0075,,
0.7760,97,37.8,20.8,0.0085,,
0.7835,98,38.7,20.8,0.0075,,
0.7920,99,39.4,20.8,0.0085,,
0.8005,100,40.6,20.8,0.0075,,
0.8090,101,41.6,20.8,0.0075,,
0.8170,102,42.2,20.8,0.0075,,
0.8255,103,43.3,20.8,0.0085,,
0.8330,104,44.0,20.8,0.0075,,
0.8415,105,45.2,20.9,0.0085,,
0.8500,106,46.4,20.8,0.0075,,
0.8585,107,47.1,20.8,0.0075,,
0.8670,108,48.2,20.8,0.0075,,
0.8745,109,49.0,20.8,0.0075,,
0.8830,110,50.2,20.8,0.0085,,
0.8915,111,51.3,20.8,0.0085,,
0.8995,112,52.1,20.9,0.0075,,
0.9080,113,53.3,20.9,0.0075,,
0.9165,114,54.5,20.8,0.0075,,
0.9250,115,55.4,20.9,0.0085,,
0.9325,116,56.5,20.8,0.0075,,
0.9410,117,57.4,20.9,0.0085,,
0.9495,118,58.6,20.9,0.0075,,
0.9575,119,60.0,20.9,0.0075,,
0.9660,120,61.0,20.9,0.0075,,
0.9745,121,62.3,20.9,0.0085,,
0.9820,122,63.2,20.9,0.0075,,
0.9905,123,64.4,20.9,0.0085,,
0.9990,124,65.8,20.9,0.0085,,
1.0070,125,67.0,20.9,0.0075,,
1.0155,126,68.0,20.9,0.0075,,
1.0240,127,69.6,20.9,0.0075,,
1.0315,128,70.6,20.9,0.0075,,
1.0400,129,72.1,20.9,0.0085,,
1.0485,130,73.4,20.9,0.0085,,
1.0570,131,74.7,20.9,0.0075,,
1.0655,132,76.3,20.9,0.0075,,
1.0735,133,77.9,20.9,0.0075,,
1.0815,134,79.1,20.9,0.0080,,
1.0895,135,80.5,20.9,0.0080,,
1.0980,136,81.8,20.9,0.0085,,
1.1065,137,83.6,20.9,0.0075,,
1.1150,138,85.3,20.9,0.0075,,
1.1235,139,86.7,20.9,0.0075,,
1.1310,140,88.4,20.9,0.0075,,
1.1395,141,90.2,20.9,0.0085,,
1.1475,142,92.2,20.9,0.0080,,
1.1560,143,94.1,20.9,0.0075,,
1.1645,144,95.9,20.9,0.0075,,
1.1730,145,97.9,20.9,0.0075,,
1.1805,146,99.7,20.9,0.0075,,
1.1890,147,101.9,20.9,0.0085,,
1.1975,148,104.3,20.9,0.0085,,
1.2055,149,106.5,20.9,0.0075,,
1.2140,150,109.0,20.9,0.0075,,
1.2225,151,111.8,20.9,0.0075,,
1.2300,152,114.2,20.9,0.0075,,
1.2385,153,117.3,20.9,0.0085,,
1.2470,154,120.5,20.9,0.0085,,
1.2555,155,124.0,20.9,0.0075,,
1.2640,156,127.7,20.9,0.0075,,
1.2720,157,131.3,20.9,0.0075,,
1.2805,158,134.8,20.9,0.0085,,
1.2880,159,138.4,20.9,0.0075,,
1.2965,160,142.4,20.9,0.0085,,
1.3050,161,146.4,20.9,0.0075,,
1.3135,162,149.9,20.9,0.0075,,
1.3220,163,153.4,20.9,0.0075,,
1.3305,164,156.4,20.9,0.0085,,
1.3380,165,159.5,20.9,0.0075,,
1.3460,166,162.8,20.9,0.0080,,
1.3545,167,165.3,20.9,0.0075,,
1.3630,168,167.9,20.9,0.0075,,
1.3715,169,170.3,20.9,0.0075,,
1.3800,170,172.1,20.9,0.0085,,
1.3875,171,174.3,20.9,0.0075,,
1.3960,172,176.0,20.9,0.0085,,
1.4045,173,177.7,20.9,0.0075,,
1.4125,174,179.5,20.9,0.0075,,
1.4210,175,181.1,20.9,0.0075,,
1.4285,176,182.4,20.9,0.0075,,
1.4370,177,183.6,20.9,0.0085,,
1.4455,178,184.9,20.9,0.0085,,
1.4485,178,185.4,20.9,0.0060,,
1.4485,418,186.7,20.9,0.0000,,
1.4490,420,186.9,20.9,0.0005,,
1.4505,420,187.1,20.9,0.0030,,
1.4530,422,187.1,20.9,0.0015,,
1.4570,423,187.4,20.9,0.0065,,
1.4635,424,188.3,20.9,0.0110,,
1.4715,425,189.3,20.9,0.0135,,
1.4790,426,190.4,20.9,0.0150,,
1.4875,426,191.1,20.9,0.0170,,
1.4960,428,192.0,20.9,0.0055,,
1.5045,429,193.2,20.9,0.0140,,
1.5130,430,194.2,20.9,0.0140,,
1.5215,431,194.9,20.9,0.0140,,
1.5290,432,195.8,20.9,0.0150,,
1.5375,432,196.4,20.9,0.0170,,
1.5455,434,197.6,20.9,0.0055,,
1.5540,435,198.3,20.9,0.0140,,
1.5625,436,198.8,20.9,0.0140,,
1.5710,437,199.8,20.9,0.0140,,
1.5785,438,200.3,20.9,0.0150,,
1.5870,438,201.3,20.9,0.0170,,
1.5955,440,202.0,20.9,0.0055,,
1.6035,441,202.4,20.9,0.0135,,
1.6120,442,203.2,20.9,0.0140,,
1.6205,443,204.0,20.9,0.0140,,
1.6280,444,204.6,20.9,0.0150,,
1.6365,444,205.1,20.9,0.0170,,
1.6450,446,205.4,20.9,0.0055,,
1.6535,447,206.2,20.9,0.0140,,
1.6620,448,206.9,20.9,0.0140,,
1.6700,449,207.2,20.9,0.0135,,
1.6780,450,207.7,20.9,0.0160,,
1.6860,450,208.1,20.9,0.0160,,
1.6945,452,208.9,20.9,0.0055,,
1.7030,453,209.4,20.9,0.0140,,
1.7115,454,209.6,20.9,0.0140,,
1.7200,455,210.1,20.9,0.0140,,
1.7275,456,210.5,20.9,0.0150,,
1.7360,456,211.3,20.9,0.0170,,
1.7440,458,211.8,20.9,0.0055,,
1.7525,459,211.9,20.9,0.0140,,
1.7610,460,212.5,20.9,0.0140,,
1.7695,461,213.2,20.9,0.0140,,
1.7770,462,213.5,20.9,0.0150,,
1.7855,462,213.9,20.9,0.0170,,
1.7940,464,214.1,20.9,0.0055,,
1.8020,465,214.6,20.9,0.0135,,
1.8105,466,215.3,20.9,0.0140,,
1.8190,467,215.4,20.9,0.0140,,
1.8265,468,215.9,20.9,0.0150,,
1.8350,468,216.1,20.9,0.0170,,
1.8435,470,216.6,20.9,0.0055,,
1.8520,471,217.3,20.9,0.0140,,
1.8605,472,217.4,20.9,0.0140,,
1.8685,473,217.6,20.9,0.0135,,
1.8765,474,218.0,20.9,0.0160,,
1.8845,474,218.5,20.9,0.0160,,
1.8930,476,219.0,20.9,0.0055,,
1.9015,477,219.1,20.9,0.0140,,
1.9100,478,219.4,20.9,0.0140,,
1.9185,479,220.0,20.9,0.0140,,
1.9265,480,220.0,20.9,0.0160,,
1.9345,480,220.6,20.9,0.0160,,
1.9425,482,220.7,20.9,0.0055,,
1.9510,483,220.9,20.9,0.0140,,
1.9595,484,221.5,20.9,0.0140,,
1.9680,485,221.7,20.9,0.0140,,
1.9765,486,222.1,20.9,0.0170,,
1.9840,486,222.1,20.9,0.0150,,
1.9925,488,222.3,20.9,0.0055,,
2.0010,489,222.9,20.9,0.0140,,
2.0090,490,223.2,20.9,0.0135,,
2.0175,491,223.2,20.9,0.0140,,
2.0260,492,223.6,20.9,0.0170,,
2.0335,492,223.8,20.9,0.0150,,
2.0420,494,224.4,20.9,0.0055,,
2.0505,495,224.5,20.9,0.0140,,
2.0590,496,224.6,20.9,0.0140,,
2.0670,497,225.1,20.9,0.0135,,
2.0755,498,225.2,20.9,0.0170,,
2.0830,498,225.8,20.9,0.0150,,
2.0915,500,226.1,20.9,0.0055,,
2.1000,501,225.9,20.9,0.0140,,
2.1085,502,226.4,20.9,0.0140,,
2.1170,503,226.7,20.9,0.0140,,
2.1245,504,227.0,20.9,0.0150,,
2.1330,504,227.0,20.9,0.0170,,
2.1415,506,227.2,20.9,0.0055,,
2.1495,507,227.7,20.9,0.0135,,
2.1580,508,228.0,20.9,0.0140,,
2.1665,509,227.9,20.9,0.0140,,
2.1750,510,228.3,20.9,0.0170,,
2.1825,510,228.4,20.9,0.0150,,
2.1910,512,228.9,20.9,0.0055,,
2.1995,513,229.2,20.9,0.0140,,
2.2075,514,229.2,20.9,0.0135,,
2.2160,515,229.5,20.9,0.0140,,
2.2245,516,229.6,20.9,0.0170,,
2.2320,516,230.1,20.9,0.0150,,
2.2405,518,230.4,20.9,0.0055,,
2.2490,519,230.3,20.9,0.0140,,
2.2575,520,230.7,20.9,0.0140,,
2.2660,521,231.0,20.9,0.0140,,
2.2740,522,231.2,20.9,0.0160,,
2.2820,522,231.4,20.9,0.0160,,
2.2900,524,231.4,20.9,0.0055,,
2.2985,525,231.6,20.9,0.0140,,
2.3070,526,232.1,20.9,0.0140,,
2.3155,527,232.0,20.9,0.0140,,
2.3240,528,232.3,20.9,0.0170,,
2.3315,528,232.3,20.9,0.0150,,
2.3400,530,232.6,20.9,0.0055,,
2.3480,531,233.0,20.9,0.0135,,
2.3565,532,232.9,20.9,0.0140,,
2.3650,533,233.0,20.9,0.0140,,
2.3730,534,233.4,20.9,0.0135,,
2.3805,534,233.5,20.9,0.0150,,
2.3885,536,233.9,20.9,0.0055,,
2.3965,537,233.8,20.9,0.0135,,
2.4040,538,233.9,20.9,0.0125,,
2.4100,539,234.4,20.9,0.0100,,
2.4130,540,234.4,20.9,0.0050,,
2.4135,540,234.6,20.9,0.0010,,
2.4140,542,234.3,20.9,0.0005,,
2.4145,542,234.2,20.9,0.0010,,
2.4155,544,234.5,20.9,0.0005,,
2.4160,545,234.5,20.9,0.0010,,
2.4165,546,234.3,20.9,0.0010,,
2.4175,546,234.4,20.9,0.0020,,
2.4180,548,234.3,20.9,0.0005,,
2.4185,548,234.6,20.9,0.0010,,
2.4195,550,234.7,20.9,0.0005,,
2.4210,551,234.4,20.9,0.0025,,
2.4215,552,234.6,20.9,0.0010,,
2.4230,552,234.5,20.9,0.0030,,
2.4235,554,234.8,20.9,0.0005,,
2.4245,554,234.7,20.9,0.0020,,
2.4250,556,234.5,20.9,0.0005,,
2.4260,557,234.6,20.9,0.0015,,
2.4265,558,234.9,20.9,0.0010,,
2.4275,558,235.0,20.9,0.0020,,
Scope 1/1, Sample 12/60 (T4_12)
Result,TitrationEP1
V,t,E,T,dV/dt,E acc. stat.,Volume acc. stat.
0.0000,0,-77.8,20.8,NaN,,
0.0010,1,-77.7,20.8,0.0010,,
0.0025,2,-77.7,20.8,0.0015,,
0.0050,3,-77.6,20.8,0.0025,,
0.0090,4,-77.8,20.8,0.0035,,
0.0150,5,-77.6,20.8,0.0055,,
0.0235,6,-76.9,20.8,0.0075,,
0.0320,7,-76.1,20.8,0.0075,,
0.0405,8,-75.3,20.8,0.0075,,
0.0480,9,-74.2,20.8,0.0075,,
0.0565,10,-72.9,20.8,0.0075,,
0.0645,11,-71.6,20.8,0.0075,,
0.0730,12,-70.4,20.8,0.0075,,
0.0815,13,-69.2,20.8,0.0075,,
0.0900,14,-67.5,20.8,0.0075,,
0.0975,15,-66.2,20.8,0.0070,,
0.1060,16,-64.3,20.8,0.0075,,
0.1145,17,-62.9,20.8,0.0075,,
0.1230,18,-61.3,20.8,0.0075,,
0.1310,19,-59.2,20.8,0.0075,,
0.1395,20,-57.2,20.8,0.0075,,
0.1480,21,-55.4,20.8,0.0075,,
0.1555,22,-53.5,20.8,0.0070,,
0.1640,23,-51.4,20.8,0.0075,,
0.1725,24,-48.9,20.8,0.0075,,
0.1810,25,-46.4,20.8,0.0075,,
0.1890,26,-44.1,20.8,0.0075,,
0.1975,27,-41.7,20.8,0.0085,,
0.2050,28,-39.1,20.8,0.0070,,
0.2135,29,-36.0,20.8,0.0075,,
0.2220,30,-33.2,20.8,0.0075,,
0.2305,31,-30.8,20.8,0.0075,,
0.2390,32,-27.9,20.8,0.0075,,
0.2475,33,-25.8,20.8,0.0085,,
0.2550,34,-23.4,20.8,0.0070,,
0.2630,35,-21.4,20.8,0.0075,,
0.2715,36,-19.8,20.8,0.0075,,
0.2800,37,-18.1,20.8,0.0075,,
0.2885,38,-16.3,20.8,0.0075,,
0.2970,39,-14.8,20.8,0.0075,,
0.3045,40,-13.4,20.8,0.0070,,
0.3130,41,-12.2,20.8,0.0075,,
0.3215,42,-10.9,20.8,0.0075,,
0.3295,43,-9.4,20.8,0.0075,,
0.3380,44,-8.4,20.8,0.0075,,
0.3465,45,-7.3,20.8,0.0075,,
0.3540,46,-6.3,20.8,0.0070,,
0.3625,47,-5.2,20.8,0.0075,,
0.3710,48,-3.8,20.8,0.0075,,
0.3795,49,-2.8,20.8,0.0075,,
0.3875,50,-2.1,20.8,0.0075,,
0.3960,51,-1.0,20.8,0.0075,,
0.4035,52,-0.3,20.8,0.0075,,
0.4120,53,0.7,20.8,0.0075,,
0.4205,54,1.6,20.8,0.0075,,
0.4290,55,2.3,20.8,0.0075,,
0.4375,56,3.4,20.8,0.0075,,
0.4455,57,4.5,20.8,0.0075,,
0.4540,58,5.2,20.8,0.0085,,
0.4615,59,6.1,20.8,0.0070,,
0.4700,60,6.8,20.8,0.0075,,
0.4785,61,7.8,20.8,0.0075,,
0.4870,62,8.7,20.8,0.0075,,
0.4955,63,9.3,20.8,0.0075,,
0.5040,64,10.2,20.8,0.0085,,
0.5115,65,10.8,20.8,0.0070,,
0.5200,66,11.8,20.8,0.0075,,
0.5280,67,12.5,20.8,0.0075,,
0.5365,68,13.1,20.8,0.0075,,
0.5450,69,14.1,20.8,0.0075,,
0.5525,70,14.8,20.8,0.0075,,
0.5610,71,15.7,20.8,0.0075,,
0.5695,72,16.6,20.8,0.0075,,
0.5780,73,17.1,20.8,0.0075,,
0.5860,74,18.0,20.8,0.0075,,
0.5945,75,19.0,20.8,0.0075,,
0.6020,76,19.6,20.8,0.0070,,
0.6105,77,20.4,20.8,0.0075,,
0.6190,78,21.0,20.8,0.0075,,
0.6275,79,21.9,20.8,0.0075,,
0.6360,80,22.9,20.8,0.0075,,
0.6440,81,23.5,20.8,0.0075,,
0.6525,82,24.4,20.8,0.0085,,
0.6600,83,25.0,20.8,0.0070,,
0.6685,84,25.8,20.8,0.0075,,
0.6770,85,26.8,20.8,0.0075,,
0.6855,86,27.5,20.8,0.0075,,
0.6940,87,28.2,20.8,0.0075,,
0.7025,88,29.2,20.8,0.0075,,
0.7100,89,29.9,20.8,0.0070,,
0.7180,90,31.0,20.8,0.0075,,
0.7265,91,31.6,20.8,0.0075,,
0.7350,92,32.4,20.8,0.0075,,
0.7435,93,33.5,20.8,0.0075,,
0.7520,94,34.1,20.8,0.0085,,
0.7595,95,35.2,20.8,0.0070,,
0.7680,96,36.0,20.8,0.0075,,
0.7765,97,36.9,20.8,0.0075,,
0.7845,98,38.0,20.8,0.0075,,
0.7930,99,38.9,20.8,0.0075,,
0.8015,100,39.8,20.8,0.0085,,
0.8090,101,40.6,20.8,0.0070,,
0.8175,102,41.5,20.8,0.0075,,
0.8260,103,42.7,20.8,0.0075,,
0.8345,104,43.5,20.8,0.0075,,
0.8430,105,44.3,20.8,0.0075,,
0.8510,106,45.1,20.8,0.0080,,
0.8585,107,46.0,20.8,0.0070,,
0.8670,108,47.2,20.8,0.0075,,
0.8755,109,48.2,20.8,0.0075,,
0.8840,110,49.0,20.8,0.0075,,
0.8925,111,50.1,20.8,0.0075,,
0.9010,112,51.4,20.8,0.0075,,
0.9085,113,52.2,20.8,0.0070,,
0.9170,114,53.4,20.8,0.0075,,
0.9250,115,54.2,20.8,0.0075,,
0.9335,116,55.4,20.8,0.0075,,
0.9420,117,56.6,20.8,0.0075,,
0.9505,118,57.6,20.8,0.0075,,
0.9580,119,58.7,20.8,0.0070,,
0.9665,120,59.6,20.8,0.0075,,
0.9750,121,60.9,20.8,0.0075,,
0.9830,122,62.2,20.8,0.0075,,
0.9915,123,63.3,20.8,0.0075,,
1.0000,124,64.3,20.8,0.0075,,
1.0085,125,65.6,20.8,0.0085,,
1.0160,126,66.7,20.8,0.0070,,
1.0245,127,68.3,20.8,0.0075,,
1.0330,128,69.4,20.8,0.0075,,
1.0415,129,70.7,20.8,0.0075,,
1.0495,130,72.3,20.8,0.0075,,
1.0575,131,73.4,20.8,0.0075,,
1.0655,132,74.9,20.8,0.0075,,
1.0740,133,76.0,20.8,0.0075,,
1.0825,134,77.3,20.8,0.0075,,
1.0910,135,79.1,20.8,0.0075,,
1.0995,136,80.5,20.8,0.0075,,
1.1070,137,81.9,20.8,0.0070,,
1.1155,138,83.2,20.8,0.0075,,
1.1235,139,84.6,20.8,0.0075,,
1.1320,140,86.5,20.8,0.0075,,
1.1405,141,88.2,20.8,0.0075,,
1.1490,142,89.7,20.8,0.0075,,
1.1575,143,91.4,20.8,0.0085,,
1.1650,144,93.1,20.8,0.0070,,
1.1735,145,95.3,20.8,0.0075,,
1.1815,146,97.4,20.8,0.0075,,
1.1900,147,99.3,20.8,0.0075,,
1.1985,148,101.6,20.8,0.0075,,
1.2060,149,103.6,20.8,0.0075,,
1.2145,150,106.3,20.8,0.0075,,
1.2230,151,108.8,20.8,0.0075,,
1.2315,152,111.3,20.8,0.0075,,
1.2400,153,114.3,20.8,0.0075,,
1.2480,154,117.4,20.8,0.0075,,
1.2560,155,120.3,20.8,0.0075,,
1.2640,156,123.4,20.8,0.0075,,
1.2725,157,126.7,20.8,0.0075,,
1.2810,158,130.3,20.8,0.0075,,
1.2895,159,134.3,20.8,0.0075,,
1.2980,160,138.1,20.8,0.0075,,
1.3060,161,141.7,20.8,0.0080,,
1.3140,162,145.3,20.8,0.0075,,
1.3220,163,149.2,20.8,0.0075,,
1.3305,164,153.1,20.8,0.0075,,
1.3390,165,156.3,20.8,0.0075,,
1.3475,166,159.4,20.8,0.0075,,
1.3560,167,162.0,20.8,0.0085,,
1.3635,168,164.8,20.8,0.0070,,
1.3720,169,167.5,20.8,0.0075,,
1.3800,170,169.7,20.8,0.0075,,
1.3885,171,171.8,20.8,0.0075,,
1.3970,172,173.9,20.8,0.0075,,
1.4055,173,175.5,20.8,0.0085,,
1.4130,174,177.5,20.8,0.0070,,
1.4215,175,178.9,20.8,0.0075,,
1.4300,176,180.5,20.8,0.0075,,
1.4385,177,182.2,20.8,0.0075,,
1.4465,178,183.5,20.8,0.0075,,
1.4550,179,184.7,20.8,0.0075,,
1.4580,180,185.1,20.8,0.0050,,
1.4580,420,186.8,20.9,0.0000,,
1.4585,421,186.9,20.9,0.0010,,
1.4600,422,186.7,20.9,0.0025,,
1.4625,423,186.9,20.9,0.0035,,
1.4665,424,187.5,20.9,0.0055,,
1.4725,425,187.9,20.9,0.0085,,
1.4805,426,188.7,20.9,0.0115,,
1.4885,427,189.6,20.9,0.0135,,
1.4965,428,190.7,20.9,0.0135,,
1.5050,429,192.0,20.9,0.0140,,
1.5135,430,192.8,20.9,0.0120,,
1.5220,431,193.6,20.9,0.0120,,
1.5305,432,194.8,20.9,0.0120,,
1.5380,433,195.4,20.9,0.0125,,
1.5465,434,196.5,20.9,0.0140,,
1.5550,435,197.1,20.9,0.0120,,
1.5630,436,197.8,20.9,0.0115,,
1.5715,437,198.8,20.9,0.0120,,
1.5800,438,199.5,20.9,0.0120,,
1.5875,439,200.2,20.9,0.0105,,
1.5960,440,200.7,20.9,0.0140,,
1.6045,441,201.3,20.9,0.0120,,
1.6130,442,202.4,20.9,0.0120,,
1.6210,443,202.9,20.9,0.0115,,
1.6295,444,203.3,20.9,0.0120,,
1.6370,445,204.0,20.9,0.0125,,
1.6455,446,204.5,20.9,0.0140,,
1.6540,447,205.4,20.9,0.0140,,
1.6625,448,206.0,20.9,0.0120,,
1.6710,449,206.3,20.9,0.0120,,
1.6790,450,207.0,20.9,0.0115,,
1.6870,451,207.4,20.9,0.0135,,
1.6950,452,208.3,20.9,0.0135,,
1.7035,453,208.7,20.9,0.0140,,
1.7120,454,209.1,20.9,0.0120,,
1.7205,455,209.6,20.9,0.0120,,
1.7290,456,210.3,20.9,0.0120,,
1.7365,457,210.7,20.9,0.0125,,
1.7450,458,211.0,20.9,0.0140,,
1.7535,459,211.3,20.9,0.0140,,
1.7615,460,212.0,20.9,0.0115,,
1.7700,461,212.5,20.9,0.0120,,
1.7785,462,212.7,20.9,0.0120,,
1.7860,463,213.4,20.9,0.0125,,
1.7945,464,213.6,20.9,0.0140,,
1.8030,465,214.0,20.9,0.0140,,
1.8115,466,214.5,20.9,0.0120,,
1.8195,467,214.7,20.9,0.0115,,
1.8280,468,215.2,20.9,0.0120,,
1.8355,469,215.4,20.9,0.0125,,
1.8440,470,216.0,20.9,0.0140,,
1.8525,471,216.6,20.9,0.0140,,
1.8610,472,216.7,20.9,0.0120,,
1.8695,473,217.0,20.9,0.0120,,
1.8775,474,217.6,20.9,0.0115,,
1.8855,475,217.9,20.9,0.0135,,
1.8935,476,218.2,20.9,0.0135,,
1.9020,477,218.3,20.9,0.0140,,
1.9105,478,218.7,20.9,0.0120,,
1.9190,479,219.4,20.9,0.0120,,
1.9275,480,219.5,20.9,0.0120,,
1.9350,481,220.0,20.9,0.0125,,
1.9435,482,220.0,20.9,0.0140,,
1.9520,483,220.5,20.9,0.0140,,
1.9600,484,221.1,20.9,0.0115,,
1.9685,485,221.2,20.9,0.0120,,
1.9770,486,221.5,20.9,0.0120,,
1.9845,487,221.7,20.9,0.0125,,
1.9930,488,222.2,20.9,0.0140,,
2.0015,489,222.7,20.9,0.0140,,
2.0100,490,222.7,20.9,0.0120,,
2.0185,491,223.0,20.9,0.0120,,
2.0265,492,223.4,20.9,0.0115,,
2.0345,493,223.7,20.9,0.0135,,
2.0425,494,224.0,20.9,0.0135,,
2.0510,495,224.1,20.9,0.0140,,
2.0595,496,224.4,20.9,0.0120,,
2.0680,497,224.8,20.9,0.0120,,
2.0765,498,224.9,20.9,0.0120,,
2.0840,499,225.3,20.9,0.0125,,
2.0925,500,225.4,20.9,0.0140,,
2.1005,501,225.6,20.9,0.0115,,
2.1090,502,226.0,20.9,0.0120,,
2.1175,503,226.2,20.9,0.0120,,
2.1260,504,226.2,20.9,0.0120,,
2.1335,505,226.6,20.9,0.0125,,
2.1420,506,226.8,20.9,0.0140,,
2.1505,507,227.3,20.9,0.0140,,
2.1585,508,227.6,20.9,0.0115,,
2.1670,509,227.5,20.9,0.0120,,
2.1755,510,227.9,20.9,0.0120,,
2.1830,511,228.0,20.9,0.0125,,
2.1915,512,228.5,20.9,0.0140,,
2.2000,513,228.7,20.9,0.0140,,
2.2085,514,228.7,20.9,0.0120,,
2.2170,515,229.1,20.9,0.0120,,
2.2250,516,229.5,20.9,0.0115,,
2.2330,517,229.7,20.9,0.0135,,
2.2410,518,229.7,20.9,0.0135,,
2.2495,519,229.7,20.9,0.0140,,
2.2580,520,230.2,20.9,0.0120,,
2.2665,521,230.5,20.9,0.0120,,
2.2750,522,230.4,20.9,0.0120,,
2.2830,523,230.8,20.9,0.0135,,
2.2910,524,230.9,20.9,0.0135,,
2.2990,525,231.2,20.9,0.0135,,
2.3075,526,231.5,20.9,0.0120,,
2.3160,527,231.5,20.9,0.0120,,
2.3245,528,231.9,20.9,0.0120,,
2.3320,529,231.8,20.9,0.0125,,
2.3405,530,232.3,20.9,0.0140,,
2.3490,531,232.5,20.9,0.0140,,
2.3575,532,232.5,20.9,0.0120,,
2.3655,533,232.7,20.9,0.0115,,
2.3740,534,233.2,20.9,0.0120,,
2.3825,535,233.2,20.9,0.0140,,
2.3900,536,233.5,20.9,0.0125,,
2.3985,537,233.4,20.9,0.0140,,
2.4060,538,233.7,20.9,0.0105,,
2.4140,539,234.1,20.9,0.0115,,
2.4205,540,234.1,20.9,0.0095,,
2.4250,541,234.0,20.9,0.0065,,
2.4265,542,234.2,20.9,0.0025,,
2.4270,543,234.2,20.9,0.0010,,
2.4285,544,234.4,20.9,0.0020,,
2.4300,545,234.3,20.9,0.0020,,
2.4320,546,234.2,20.9,0.0030,,
2.4330,547,234.5,20.9,0.0015,,
2.4345,548,234.3,20.9,0.0025,,
2.4355,549,234.6,20.9,0.0015,,
2.4360,550,234.6,20.9,0.0010,,
2.4365,551,234.3,20.9,0.0005,,
2.4370,552,234.5,20.9,0.0005,,
2.4380,553,234.7,20.9,0.0015,,
2.4385,554,234.7,20.9,0.0010,,
2.4390,555,234.6,20.9,0.0010,,
2.4390,556,234.4,20.9,0.0000,,
2.4405,557,234.6,20.9,0.0020,,
2.4410,558,234.7,20.9,0.0005,,
2.4420,559,234.5,20.9,0.0015,,
2.4425,560,234.6,20.9,0.0010,,
2.4435,561,234.5,20.9,0.0015,,
2.4445,562,234.7,20.9,0.0015,,
2.4450,563,234.8,20.9,0.0005,,
2.4455,564,235.0,20.9,0.0010,,
Scope 1/1, Sample 13/60 (T5_12)
Result,TitrationEP1
V,t,E,T,dV/dt,E acc. stat.,Volume acc. stat.
0.0000,0,-78.0,20.8,NaN,,
0.0010,1,-78.0,20.8,0.0010,,
0.0025,2,-78.1,20.8,0.0015,,
0.0050,3,-78.3,20.8,0.0025,,
0.0090,4,-78.2,20.8,0.0035,,
0.0150,5,-77.8,20.8,0.0055,,
0.0235,6,-77.1,20.8,0.0075,,
0.0320,7,-76.4,20.8,0.0075,,
0.0405,8,-75.5,20.8,0.0075,,
0.0490,9,-74.2,20.8,0.0075,,
0.0565,10,-73.3,20.8,0.0070,,
0.0645,11,-71.9,20.8,0.0075,,
0.0730,12,-70.6,20.8,0.0075,,
0.0815,13,-69.2,20.8,0.0075,,
0.0900,14,-67.5,20.8,0.0075,,
0.0985,15,-66.0,20.8,0.0075,,
0.1060,16,-64.4,20.8,0.0070,,
0.1145,17,-63.0,20.8,0.0075,,
0.1230,18,-61.2,20.8,0.0075,,
0.1310,19,-59.1,20.8,0.0075,,
0.1395,20,-57.3,20.8,0.0075,,
0.1480,21,-55.4,20.8,0.0075,,
0.1565,22,-53.5,20.8,0.0075,,
0.1640,23,-51.3,20.8,0.0070,,
0.1725,24,-48.6,20.8,0.0075,,
0.1810,25,-46.4,20.8,0.0075,,
0.1890,26,-44.1,20.8,0.0075,,
0.1975,27,-41.1,20.8,0.0075,,
0.2050,28,-38.8,20.8,0.0070,,
0.2135,29,-35.7,20.8,0.0075,,
0.2220,30,-33.1,20.8,0.0075,,
0.2305,31,-30.6,20.8,0.0075,,
0.2390,32,-27.8,20.8,0.0075,,
0.2475,33,-25.5,20.8,0.0070,,
0.2550,34,-23.3,20.8,0.0070,,
0.2635,35,-21.5,20.8,0.0075,,
0.2715,36,-19.7,20.8,0.0075,,
0.2800,37,-17.7,20.8,0.0075,,
0.2885,38,-16.1,20.8,0.0075,,
0.2970,39,-14.9,20.8,0.0075,,
0.3045,40,-13.5,20.8,0.0070,,
0.3130,41,-12.3,20.8,0.0075,,
0.3215,42,-10.7,20.8,0.0075,,
0.3295,43,-9.4,20.8,0.0075,,
0.3380,44,-8.5,20.8,0.0075,,
0.3465,45,-7.2,20.8,0.0075,,
0.3540,46,-6.2,20.8,0.0070,,
0.3625,47,-4.8,20.8,0.0075,,
0.3710,48,-3.8,20.8,0.0075,,
0.3795,49,-3.0,20.8,0.0075,,
0.3880,50,-1.9,20.8,0.0075,,
0.3960,51,-0.8,20.8,0.0075,,
0.4040,52,0.0,20.8,0.0075,,
0.4120,53,0.8,20.8,0.0075,,
0.4205,54,1.5,20.8,0.0075,,
0.4290,55,2.6,20.8,0.0075,,
0.4375,56,3.8,20.8,0.0075,,
0.4460,57,4.4,20.8,0.0075,,
0.4535,58,5.3,20.8,0.0070,,
0.4620,59,6.0,20.8,0.0075,,
0.4700,60,7.0,20.8,0.0075,,
0.4785,61,7.9,20.8,0.0075,,
0.4870,62,8.5,20.8,0.0075,,
0.4955,63,9.2,20.8,0.0075,,
0.5040,64,10.2,20.8,0.0070,,
0.5115,65,10.8,20.8,0.0070,,
0.5200,66,11.9,20.8,0.0075,,
0.5280,67,12.6,20.8,0.0075,,
0.5365,68,13.4,20.8,0.0075,,
0.5450,69,14.4,20.8,0.0075,,
0.5535,70,15.3,20.8,0.0070,,
0.5610,71,16.1,20.8,0.0070,,
0.5695,72,16.7,20.8,0.0075,,
0.5780,73,17.4,20.8,0.0075,,
0.5865,74,18.5,20.8,0.0075,,
0.5945,75,19.2,20.8,0.0075,,
0.6030,76,20.0,20.8,0.0075,,
0.6105,77,20.5,20.8,0.0070,,
0.6190,78,21.4,20.8,0.0075,,
0.6275,79,22.5,20.8,0.0075,,
0.6360,80,23.2,20.8,0.0075,,
0.6445,81,23.8,20.8,0.0075,,
0.6525,82,24.6,20.8,0.0075,,
0.6605,83,25.5,20.8,0.0075,,
0.6685,84,26.4,20.8,0.0075,,
0.6770,85,27.2,20.8,0.0075,,
0.6855,86,27.8,20.8,0.0075,,
0.6940,87,28.9,20.8,0.0075,,
0.7025,88,29.5,20.8,0.0075,,
0.7100,89,30.6,20.8,0.0070,,
0.7185,90,31.4,20.8,0.0075,,
0.7270,91,32.0,20.8,0.0075,,
0.7350,92,33.1,20.8,0.0075,,
0.7435,93,34.0,20.8,0.0075,,
0.7520,94,34.9,20.8,0.0075,,
0.7595,95,35.6,20.8,0.0070,,
0.7680,96,36.4,20.8,0.0075,,
0.7765,97,37.5,20.8,0.0075,,
0.7850,98,38.5,20.8,0.0075,,
0.7930,99,39.1,20.8,0.0075,,
0.8015,100,40.2,20.8,0.0070,,
0.8090,101,41.0,20.8,0.0070,,
0.8175,102,42.3,20.8,0.0075,,
0.8260,103,43.2,20.8,0.0075,,
0.8345,104,44.0,20.8,0.0075,,
0.8430,105,45.1,20.8,0.0075,,
0.8515,106,45.9,20.8,0.0075,,
0.8590,107,47.1,20.8,0.0070,,
0.8675,108,48.1,20.8,0.0075,,
0.8755,109,48.8,20.8,0.0075,,
0.8840,110,50.1,20.8,0.0075,,
0.8925,111,51.3,20.8,0.0075,,
0.9010,112,52.2,20.8,0.0070,,
0.9085,113,53.3,20.8,0.0070,,
0.9170,114,54.2,20.8,0.0075,,
0.9255,115,55.4,20.8,0.0075,,
0.9335,116,56.7,20.8,0.0075,,
0.9420,117,57.7,20.8,0.0075,,
0.9505,118,58.8,20.8,0.0070,,
0.9580,119,59.8,20.8,0.0070,,
0.9665,120,61.1,20.8,0.0075,,
0.9750,121,62.5,20.8,0.0075,,
0.9835,122,63.6,20.8,0.0075,,
0.9915,123,64.7,20.8,0.0075,,
1.0000,124,66.0,20.8,0.0070,,
1.0075,125,67.0,20.8,0.0070,,
1.0160,126,68.5,20.8,0.0075,,
1.0245,127,69.6,20.8,0.0075,,
1.0330,128,70.8,20.8,0.0075,,
1.0415,129,72.4,20.8,0.0075,,
1.0500,130,73.9,20.8,0.0075,,
1.0575,131,75.1,20.8,0.0070,,
1.0655,132,76.4,20.8,0.0075,,
1.0740,133,77.7,20.8,0.0075,,
1.0825,134,79.5,20.8,0.0075,,
1.0910,135,81.1,20.8,0.0070,,
1.0995,136,82.5,20.8,0.0075,,
1.1070,137,84.1,20.8,0.0070,,
1.1155,138,85.6,20.8,0.0075,,
1.1240,139,87.6,20.8,0.0075,,
1.1320,140,89.4,20.8,0.0075,,
1.1405,141,91.2,20.8,0.0075,,
1.1490,142,93.3,20.8,0.0075,,
1.1565,143,95.0,20.8,0.0070,,
1.1650,144,97.2,20.8,0.0075,,
1.1735,145,99.5,20.8,0.0075,,
1.1820,146,101.7,20.8,0.0075,,
1.1905,147,104.2,20.8,0.0075,,
1.1985,148,106.9,20.8,0.0075,,
1.2070,149,109.4,20.8,0.0075,,
1.2145,150,112.3,20.8,0.0070,,
1.2230,151,114.8,20.8,0.0075,,
1.2315,152,118.0,20.8,0.0075,,
1.2400,153,121.7,20.8,0.0075,,
1.2485,154,125.2,20.8,0.0075,,
1.2565,155,128.7,20.8,0.0075,,
1.2645,156,132.1,20.8,0.0075,,
1.2725,157,136.1,20.8,0.0075,,
1.2810,158,140.2,20.8,0.0075,,
1.2895,159,144.0,20.8,0.0075,,
1.2980,160,147.7,20.8,0.0075,,
1.3065,161,151.1,20.8,0.0075,,
1.3140,162,154.8,20.8,0.0070,,
1.3225,163,158.3,20.8,0.0075,,
1.3305,164,161.2,20.8,0.0075,,
1.3390,165,163.9,20.8,0.0075,,
1.3475,166,166.8,20.8,0.0075,,
1.3560,167,169.3,20.8,0.0070,,
1.3635,168,171.4,20.8,0.0070,,
1.3720,169,173.3,20.8,0.0075,,
1.3805,170,175.3,20.8,0.0075,,
1.3885,171,177.3,20.8,0.0075,,
1.3970,172,178.9,20.8,0.0075,,
1.4055,173,180.3,20.8,0.0070,,
1.4130,174,181.7,20.8,0.0070,,
1.4215,175,183.1,20.8,0.0075,,
1.4300,176,184.5,20.8,0.0075,,
1.4345,177,185.1,20.8,0.0065,,
1.4345,417,186.8,20.9,0.0000,,
1.4350,418,187.0,20.9,0.0005,,
1.4365,419,186.8,20.9,0.0020,,
1.4390,420,186.9,20.9,0.0030,,
1.4430,421,187.5,20.9,0.0045,,
1.4495,422,188.2,20.9,0.0070,,
1.4575,423,188.9,20.9,0.0090,,
1.4650,424,190.1,20.9,0.0095,,
1.4735,425,191.0,20.9,0.0105,,
1.4820,426,192.1,20.9,0.0105,,
1.4905,427,193.0,20.9,0.0095,,
1.4990,428,193.8,20.9,0.0095,,
1.5075,429,194.8,20.9,0.0095,,
1.5150,430,195.6,20.9,0.0095,,
1.5235,431,196.7,20.9,0.0105,,
1.5315,432,197.5,20.9,0.0100,,
1.5400,433,198.0,20.9,0.0095,,
1.5485,434,198.8,20.9,0.0095,,
1.5570,435,199.7,20.9,0.0095,,
1.5645,436,200.5,20.9,0.0095,,
1.5730,437,201.2,20.9,0.0105,,
1.5815,438,201.6,20.9,0.0105,,
1.5895,439,202.4,20.9,0.0090,,
1.5980,440,203.3,20.9,0.0095,,
1.6065,441,203.7,20.9,0.0095,,
1.6150,442,204.6,20.9,0.0105,,
1.6225,443,204.8,20.9,0.0095,,
1.6310,444,205.5,20.9,0.0105,,
1.6395,445,206.3,20.9,0.0095,,
1.6480,446,206.8,20.9,0.0095,,
1.6560,447,207.1,20.9,0.0090,,
1.6645,448,207.9,20.9,0.0095,,
1.6720,449,208.1,20.9,0.0095,,
1.6805,450,208.8,20.9,0.0105,,
1.6890,451,209.4,20.9,0.0105,,
1.6975,452,209.8,20.9,0.0095,,
1.7060,453,210.5,20.9,0.0095,,
1.7140,454,211.1,20.9,0.0090,,
1.7215,455,211.4,20.9,0.0095,,
1.7300,456,211.8,20.9,0.0105,,
1.7385,457,212.0,20.9,0.0105,,
1.7470,458,212.7,20.9,0.0095,,
1.7555,459,213.3,20.9,0.0095,,
1.7640,460,213.5,20.9,0.0095,,
1.7715,461,214.0,20.9,0.0095,,
1.7800,462,214.2,20.9,0.0105,,
1.7880,463,214.8,20.9,0.0100,,
1.7965,464,215.4,20.9,0.0095,,
1.8050,465,215.5,20.9,0.0095,,
1.8135,466,215.9,20.9,0.0095,,
1.8210,467,216.1,20.9,0.0095,,
1.8295,468,216.6,20.9,0.0105,,
1.8380,469,217.2,20.9,0.0105,,
1.8460,470,217.3,20.9,0.0090,,
1.8545,471,217.7,20.9,0.0095,,
1.8630,472,218.4,20.9,0.0095,,
1.8705,473,218.4,20.9,0.0095,,
1.8790,474,218.9,20.9,0.0105,,
1.8875,475,219.0,20.9,0.0105,,
1.8960,476,219.4,20.9,0.0095,,
1.9045,477,220.1,20.9,0.0095,,
1.9125,478,220.2,20.9,0.0090,,
1.9205,479,220.6,20.9,0.0100,,
1.9285,480,220.7,20.9,0.0100,,
1.9370,481,221.2,20.9,0.0105,,
1.9455,482,221.7,20.9,0.0095,,
1.9540,483,221.8,20.9,0.0095,,
1.9625,484,222.0,20.9,0.0095,,
1.9700,485,222.2,20.9,0.0095,,
1.9785,486,222.6,20.9,0.0105,,
1.9870,487,223.0,20.9,0.0105,,
1.9950,488,222.9,20.9,0.0090,,
2.0035,489,223.3,20.9,0.0095,,
2.0120,490,223.9,20.9,0.0095,,
2.0195,491,224.1,20.9,0.0095,,
2.0280,492,224.5,20.9,0.0105,,
2.0365,493,224.5,20.9,0.0105,,
2.0450,494,224.8,20.9,0.0095,,
2.0530,495,225.2,20.9,0.0090,,
2.0615,496,225.4,20.9,0.0095,,
2.0690,497,225.7,20.9,0.0095,,
2.0775,498,225.7,20.9,0.0105,,
2.0860,499,226.1,20.9,0.0105,,
2.0945,500,226.6,20.9,0.0095,,
2.1030,501,226.7,20.9,0.0095,,
2.1110,502,226.8,20.9,0.0090,,
2.1190,503,227.1,20.9,0.0100,,
2.1270,504,227.4,20.9,0.0100,,
2.1355,505,227.9,20.9,0.0105,,
2.1440,506,228.0,20.9,0.0095,,
2.1525,507,228.1,20.9,0.0095,,
2.1610,508,228.5,20.9,0.0095,,
2.1685,509,228.6,20.9,0.0095,,
2.1770,510,229.1,20.9,0.0105,,
2.1850,511,229.3,20.9,0.0100,,
2.1935,512,229.2,20.9,0.0095,,
2.2020,513,229.6,20.9,0.0095,,
2.2105,514,229.9,20.9,0.0095,,
2.2180,515,230.2,20.9,0.0095,,
2.2265,516,230.3,20.9,0.0105,,
2.2350,517,230.3,20.9,0.0105,,
2.2435,518,230.7,20.9,0.0095,,
2.2515,519,231.0,20.9,0.0090,,
2.2600,520,231.0,20.9,0.0095,,
2.2685,521,231.3,20.9,0.0105,,
2.2760,522,231.2,20.9,0.0095,,
2.2845,523,231.7,20.9,0.0105,,
2.2930,524,232.0,20.9,0.0095,,
2.3015,525,232.0,20.9,0.0095,,
2.3095,526,232.1,20.9,0.0090,,
2.3180,527,232.6,20.9,0.0095,,
2.3255,528,232.7,20.9,0.0095,,
2.3340,529,233.2,20.9,0.0105,,
2.3425,530,233.2,20.9,0.0105,,
2.3510,531,233.2,20.9,0.0095,,
2.3595,532,233.6,20.9,0.0095,,
2.3675,533,233.8,20.9,0.0090,,
2.3755,534,234.1,20.9,0.0100,,
2.3760,535,234.1,20.9,0.0005,,
2.3770,536,233.9,20.9,0.0010,,
2.3790,537,234.2,20.9,0.0020,,
2.3810,538,234.3,20.9,0.0020,,
2.3835,539,234.1,20.9,0.0030,,
2.3865,540,234.2,20.9,0.0035,,
2.3910,541,234.2,20.9,0.0055,,
2.3925,542,234.5,20.9,0.0020,,
2.3930,543,234.6,20.9,0.0005,,
2.3935,544,234.3,20.9,0.0005,,
2.3950,545,234.5,20.9,0.0015,,
2.3965,546,234.4,20.9,0.0020,,
2.3975,547,234.6,20.9,0.0010,,
2.3980,548,234.7,20.9,0.0005,,
2.3995,549,234.4,20.9,0.0015,,
2.4005,550,234.5,20.9,0.0010,,
2.4025,551,234.7,20.9,0.0020,,
2.4040,552,234.8,20.9,0.0020,,
2.4045,553,234.7,20.9,0.0005,,
2.4055,554,234.4,20.9,0.0010,,
2.4065,555,234.7,20.9,0.0010,,
2.4075,556,234.8,20.9,0.0010,,
2.4075,557,234.6,20.9,0.0000,,
2.4090,558,234.7,20.9,0.0020,,
2.4105,559,234.6,20.9,0.0020,,
2.4110,559,235.0,20.9,0.0010,,
Scope 1/1, Sample 14/60 (T6_12)
Result,TitrationEP1
V,t,E,T,dV/dt,E acc. stat.,Volume acc. stat.
0.0000,0,-77.5,20.7,NaN,,
0.0005,1,-77.5,20.8,0.0005,,
0.0025,2,-77.4,20.8,0.0020,,
0.0050,3,-77.6,20.8,0.0025,,
0.0090,4,-77.6,20.8,0.0035,,
0.0150,5,-77.0,20.8,0.0055,,
0.0235,6,-76.5,20.8,0.0075,,
0.0310,7,-75.7,20.8,0.0075,,
0.0395,8,-75.0,20.8,0.0085,,
0.0480,9,-73.9,20.8,0.0085,,
0.0565,10,-72.6,20.8,0.0075,,
0.0645,11,-71.3,20.8,0.0075,,
0.0730,12,-70.2,20.8,0.0075,,
0.0805,13,-68.8,20.8,0.0075,,
0.0890,14,-67.5,20.8,0.0085,,
0.0975,15,-65.6,20.8,0.0085,,
0.1060,16,-64.0,20.8,0.0075,,
0.1145,17,-62.5,20.8,0.0075,,
0.1230,18,-60.6,20.8,0.0075,,
0.1310,19,-59.1,20.8,0.0080,,
0.1385,20,-56.9,20.8,0.0075,,
0.1470,21,-54.8,20.8,0.0085,,
0.1555,22,-52.8,20.8,0.0075,,
0.1640,23,-50.4,20.8,0.0075,,
0.1725,24,-48.0,20.8,0.0075,,
0.1800,25,-45.7,20.8,0.0075,,
0.1885,26,-43.2,20.8,0.0085,,
0.1970,27,-40.8,20.8,0.0085,,
0.2050,28,-38.1,20.8,0.0075,,
0.2135,29,-35.1,20.8,0.0075,,
0.2220,30,-32.5,20.8,0.0075,,
0.2305,31,-30.0,20.8,0.0085,,
0.2380,32,-27.6,20.8,0.0075,,
0.2465,33,-25.2,20.8,0.0085,,
0.2550,34,-23.0,20.8,0.0075,,
0.2630,35,-21.2,20.8,0.0075,,
0.2715,36,-19.5,20.8,0.0075,,
0.2800,37,-17.8,20.8,0.0085,,
0.2875,38,-16.1,20.8,0.0075,,
0.2960,39,-14.4,20.8,0.0085,,
0.3045,40,-13.3,20.8,0.0075,,
0.3130,41,-12.0,20.8,0.0075,,
0.3215,42,-10.5,20.8,0.0075,,
0.3295,43,-9.5,20.8,0.0080,,
0.3375,44,-8.1,20.8,0.0080,,
0.3455,45,-7.2,20.8,0.0080,,
0.3540,46,-6.2,20.8,0.0075,,
0.3625,47,-4.7,20.8,0.0075,,
0.3710,48,-3.7,20.8,0.0075,,
0.3795,49,-3.0,20.8,0.0075,,
0.3870,50,-2.0,20.8,0.0075,,
0.3955,51,-1.2,20.8,0.0085,,
0.4035,52,0.1,20.8,0.0075,,
0.4120,53,0.8,20.8,0.0075,,
0.4205,54,1.5,20.8,0.0075,,
0.4290,55,2.4,20.8,0.0085,,
0.4365,56,3.3,20.8,0.0075,,
0.4450,57,4.5,20.8,0.0085,,
0.4535,58,5.2,20.8,0.0075,,
0.4620,59,5.9,20.8,0.0075,,
0.4700,60,6.9,20.8,0.0075,,
0.4785,61,7.6,20.8,0.0085,,
0.4860,62,8.6,20.8,0.0075,,
0.4945,63,9.2,20.8,0.0085,,
0.5030,64,10.0,20.8,0.0075,,
0.5115,65,11.1,20.8,0.0075,,
0.5200,66,11.7,20.8,0.0075,,
0.5275,67,12.5,20.8,0.0075,,
0.5360,68,13.1,20.8,0.0085,,
0.5440,69,13.9,20.8,0.0080,,
0.5525,70,15.0,20.8,0.0075,,
0.5610,71,15.8,20.8,0.0075,,
0.5695,72,16.3,20.8,0.0075,,
0.5780,73,17.2,20.8,0.0085,,
0.5855,74,17.8,20.8,0.0075,,
0.5940,75,18.9,20.8,0.0085,,
0.6025,76,19.6,20.8,0.0075,,
0.6105,77,20.1,20.8,0.0075,,
0.6190,78,21.1,20.8,0.0075,,
0.6275,79,22.1,20.8,0.0075,,
0.6350,80,22.8,20.8,0.0075,,
0.6435,81,23.6,20.8,0.0085,,
0.6520,82,24.1,20.8,0.0075,,
0.6605,83,25.1,20.8,0.0075,,
0.6685,84,26.1,20.8,0.0075,,
0.6770,85,26.9,20.8,0.0085,,
0.6845,86,27.6,20.8,0.0075,,
0.6930,87,28.2,20.8,0.0085,,
0.7015,88,29.3,20.8,0.0075,,
0.7100,89,30.3,20.8,0.0075,,
0.7185,90,30.9,20.8,0.0075,,
0.7270,91,31.7,20.8,0.0075,,
0.7345,92,32.5,20.8,0.0075,,
0.7425,93,33.6,20.8,0.0080,,
0.7510,94,34.6,20.8,0.0075,,
0.7595,95,35.3,20.8,0.0075,,
0.7680,96,36.1,20.8,0.0075,,
0.7765,97,37.3,20.8,0.0075,,
0.7840,98,37.9,20.8,0.0075,,
0.7925,99,39.0,20.8,0.0085,,
0.8005,100,39.8,20.8,0.0075,,
0.8090,101,40.7,20.8,0.0075,,
0.8175,102,41.9,20.8,0.0075,,
0.8260,103,42.9,20.8,0.0075,,
0.8335,104,43.8,20.8,0.0075,,
0.8420,105,44.6,20.8,0.0085,,
0.8505,106,45.5,20.8,0.0075,,
0.8590,107,46.8,20.8,0.0075,,
0.8670,108,47.5,20.8,0.0075,,
0.8755,109,48.4,20.8,0.0075,,
0.8830,110,49.4,20.8,0.0075,,
0.8915,111,50.5,20.8,0.0085,,
0.9000,112,51.7,20.8,0.0075,,
0.9085,113,52.7,20.8,0.0075,,
0.9170,114,53.7,20.8,0.0075,,
0.9255,115,55.0,20.8,0.0075,,
0.9330,116,55.9,20.8,0.0075,,
0.9410,117,57.2,20.8,0.0080,,
0.9495,118,58.2,20.8,0.0075,,
0.9580,119,59.2,20.8,0.0075,,
0.9665,120,60.6,20.8,0.0075,,
0.9750,121,61.6,20.8,0.0085,,
0.9825,122,62.9,20.8,0.0075,,
0.9910,123,64.0,20.8,0.0085,,
0.9995,124,65.2,20.8,0.0075,,
1.0080,125,66.8,20.8,0.0075,,
1.0160,126,68.0,20.8,0.0075,,
1.0245,127,69.3,20.8,0.0085,,
1.0320,128,70.5,20.8,0.0075,,
1.0405,129,71.8,20.8,0.0085,,
1.0490,130,73.5,20.8,0.0075,,
1.0575,131,74.8,20.8,0.0075,,
1.0660,132,76.0,20.8,0.0075,,
1.0740,133,77.8,20.8,0.0075,,
1.0820,134,79.1,20.8,0.0080,,
1.0900,135,80.9,20.8,0.0080,,
1.0985,136,82.5,20.8,0.0075,,
1.1070,137,83.9,20.8,0.0075,,
1.1155,138,85.8,20.8,0.0075,,
1.1240,139,87.1,20.8,0.0085,,
1.1315,140,89.2,20.8,0.0075,,
1.1400,141,90.9,20.8,0.0085,,
1.1485,142,92.7,20.8,0.0075,,
1.1565,143,94.9,20.8,0.0075,,
1.1650,144,97.2,20.8,0.0075,,
1.1735,145,99.2,20.8,0.0075,,
1.1810,146,101.3,20.8,0.0075,,
1.1895,147,103.4,20.8,0.0085,,
1.1980,148,105.9,20.8,0.0085,,
1.2065,149,108.6,20.8,0.0075,,
1.2145,150,111.3,20.8,0.0075,,
1.2230,151,114.2,20.8,0.0075,,
1.2305,152,116.9,20.8,0.0075,,
1.2390,153,120.4,20.8,0.0085,,
1.2475,154,124.1,20.8,0.0085,,
1.2560,155,127.5,20.8,0.0075,,
1.2645,156,131.2,20.8,0.0075,,
1.2725,157,135.4,20.8,0.0075,,
1.2800,158,138.8,20.8,0.0075,,
1.2885,159,143.1,20.8,0.0085,,
1.2970,160,146.5,20.8,0.0085,,
1.3055,161,150.2,20.8,0.0075,,
1.3140,162,153.9,20.8,0.0075,,
1.3225,163,157.2,20.8,0.0075,,
1.3300,164,160.3,20.8,0.0075,,
1.3385,165,162.8,20.8,0.0085,,
1.3465,166,165.4,20.8,0.0080,,
1.3550,167,168.3,20.8,0.0075,,
1.3635,168,170.5,20.8,0.0075,,
1.3720,169,172.3,20.8,0.0075,,
1.3805,170,174.1,20.8,0.0085,,
1.3880,171,176.0,20.8,0.0075,,
1.3965,172,178.1,20.8,0.0085,,
1.4050,173,179.6,20.8,0.0075,,
1.4130,174,180.9,20.8,0.0075,,
1.4215,175,182.7,20.8,0.0075,,
1.4300,176,183.8,20.8,0.0085,,
1.4395,177,185.4,20.8,0.0075,,
1.4395,417,186.9,20.9,0.0000,,
1.4400,418,186.9,20.9,0.0005,,
1.4415,419,187.1,20.8,0.0010,,
1.4440,420,187.3,20.8,0.0020,,
1.4480,422,187.5,20.8,0.0025,,
1.4545,422,188.2,20.8,0.0130,,
1.4630,424,189.3,20.9,0.0055,,
1.4705,424,190.2,20.9,0.0185,,
1.4790,425,191.3,20.9,0.0060,,
1.4870,426,192.0,20.9,0.0055,,
1.4955,428,193.0,20.8,0.0055,,
1.5040,428,194.2,20.9,0.0170,,
1.5125,430,195.0,20.9,0.0055,,
1.5200,430,195.9,20.9,0.0185,,
1.5285,431,196.5,20.9,0.0060,,
1.5370,432,197.4,20.9,0.0060,,
1.5455,434,198.4,20.9,0.0055,,
1.5535,434,198.9,20.9,0.0160,,
1.5620,436,199.5,20.9,0.0055,,
1.5695,436,200.2,20.9,0.0185,,
1.5780,437,201.0,20.9,0.0060,,
1.5865,438,201.9,20.9,0.0060,,
1.5950,440,202.5,20.9,0.0055,,
1.6030,440,203.0,20.9,0.0160,,
1.6115,442,203.8,20.9,0.0055,,
1.6200,442,204.5,20.9,0.0170,,
1.6275,443,205.1,20.9,0.0055,,
1.6360,444,205.5,20.9,0.0060,,
1.6445,446,205.8,20.9,0.0055,,
1.6530,446,206.7,20.9,0.0170,,
1.6615,448,207.4,20.9,0.0055,,
1.6695,448,207.9,20.9,0.0200,,
1.6775,449,208.2,20.9,0.0055,,
1.6855,450,208.6,20.9,0.0055,,
1.6940,452,209.4,20.9,0.0055,,
1.7025,452,209.7,20.9,0.0170,,
1.7110,454,210.0,20.9,0.0055,,
1.7185,454,210.6,20.9,0.0185,,
1.7270,455,211.1,20.9,0.0060,,
1.7355,456,211.8,20.9,0.0060,,
1.7440,458,212.2,20.9,0.0055,,
1.7520,458,212.4,20.9,0.0160,,
1.7605,460,213.0,20.9,0.0055,,
1.7680,460,213.3,20.9,0.0185,,
1.7765,461,213.9,20.9,0.0060,,
1.7850,462,214.1,20.9,0.0060,,
1.7935,464,214.4,20.9,0.0055,,
1.8020,464,215.0,20.9,0.0170,,
1.8100,466,215.5,20.9,0.0055,,
1.8185,466,215.7,20.9,0.0170,,
1.8260,467,216.3,20.9,0.0055,,
1.8345,468,216.5,20.9,0.0060,,
1.8430,470,216.9,20.9,0.0055,,
1.8515,470,217.5,20.9,0.0170,,
1.8600,472,217.6,20.9,0.0055,,
1.8680,472,217.9,20.9,0.0160,,
1.8760,473,218.2,20.9,0.0055,,
1.8840,474,218.6,20.9,0.0055,,
1.8925,475,219.0,20.9,0.0060,,
1.9010,476,219.4,20.9,0.0055,,
1.9095,478,219.5,20.9,0.0055,,
1.9180,478,220.1,20.9,0.0170,,
1.9255,479,220.2,20.9,0.0055,,
1.9340,480,220.9,20.9,0.0060,,
1.9420,481,221.0,20.9,0.0055,,
1.9505,482,221.2,20.9,0.0055,,
1.9590,484,221.7,20.9,0.0055,,
1.9675,484,222.1,20.9,0.0170,,
1.9750,485,222.4,20.9,0.0055,,
1.9835,486,222.5,20.9,0.0060,,
1.9920,487,222.6,20.9,0.0060,,
2.0005,488,223.2,20.9,0.0055,,
2.0085,490,223.4,20.9,0.0055,,
2.0170,490,223.6,20.9,0.0170,,
2.0255,491,224.0,20.9,0.0060,,
2.0330,492,224.1,20.9,0.0055,,
2.0415,493,224.6,20.9,0.0060,,
2.0500,494,224.9,20.9,0.0055,,
2.0585,496,224.9,20.9,0.0055,,
2.0665,496,225.3,20.9,0.0160,,
2.0750,497,225.4,20.9,0.0060,,
2.0825,498,225.9,20.9,0.0055,,
2.0910,499,226.3,20.9,0.0060,,
2.0995,500,226.2,20.9,0.0055,,
2.1080,502,226.6,20.9,0.0055,,
2.1165,502,227.0,20.9,0.0170,,
2.1240,503,227.2,20.9,0.0055,,
2.1325,504,227.5,20.9,0.0060,,
2.1410,505,227.5,20.9,0.0060,,
2.1490,506,227.8,20.9,0.0055,,
2.1575,508,228.2,20.9,0.0055,,
2.1660,508,228.3,20.9,0.0170,,
2.1745,509,228.6,20.9,0.0060,,
2.1820,510,228.6,20.9,0.0055,,
2.1905,511,228.9,20.9,0.0060,,
2.1990,512,229.4,20.9,0.0055,,
2.2070,514,229.4,20.9,0.0055,,
2.2155,514,229.5,20.9,0.0170,,
2.2230,515,229.7,20.9,0.0055,,
2.2315,516,230.1,20.9,0.0060,,
2.2400,517,230.5,20.9,0.0060,,
2.2485,518,230.5,20.9,0.0055,,
2.2570,520,230.6,20.9,0.0055,,
2.2655,520,231.1,20.9,0.0170,,
2.2735,521,231.2,20.9,0.0055,,
2.2810,522,231.6,20.9,0.0055,,
2.2895,523,231.5,20.9,0.0060,,
2.2980,524,231.7,20.9,0.0055,,
2.3065,526,232.2,20.9,0.0055,,
2.3150,526,232.2,20.9,0.0170,,
2.3225,527,232.5,20.9,0.0055,,
2.3310,528,232.5,20.9,0.0060,,
2.3395,529,232.7,20.9,0.0060,,
2.3475,530,233.2,20.9,0.0055,,
2.3560,532,233.1,20.9,0.0055,,
2.3645,532,233.2,20.9,0.0170,,
2.3720,533,233.3,20.9,0.0055,,
2.3805,534,233.7,20.9,0.0060,,
2.3890,535,234.1,20.9,0.0060,,
2.3945,536,234.0,20.9,0.0035,,
2.3955,538,234.0,20.9,0.0005,,
2.3965,538,234.3,20.9,0.0020,,
2.3980,539,234.1,20.9,0.0010,,
2.4010,540,234.3,20.9,0.0020,,
2.4040,541,234.1,20.9,0.0020,,
2.4070,542,234.1,20.9,0.0020,,
2.4085,544,234.4,20.9,0.0010,,
2.4090,544,234.5,20.9,0.0010,,
2.4100,545,234.6,20.9,0.0005,,
2.4105,546,234.5,20.9,0.0005,,
2.4115,547,234.3,20.9,0.0005,,
2.4120,548,234.6,20.9,0.0005,,
2.4130,550,234.7,20.9,0.0005,,
2.4140,550,234.5,20.9,0.0020,,
2.4145,552,234.5,20.9,0.0005,,
2.4150,552,234.5,20.9,0.0010,,
2.4155,553,234.7,20.9,0.0005,,
2.4160,554,234.7,20.9,0.0005,,
2.4170,556,234.4,20.9,0.0005,,
2.4190,556,234.5,20.9,0.0040,,
2.4205,557,234.4,20.9,0.0010,,
2.4220,558,234.8,20.9,0.0010,,
2.4230,559,234.9,20.9,0.0005,,
2.4245,560,235.0,20.9,0.0010,,
Scope 1/1, Sample 15/60 (T7_12)
Result,TitrationEP1
V,t,E,T,dV/dt,E acc. stat.,Volume acc. stat.
0.0000,0,-75.1,20.7,NaN,,
0.0010,1,-75.0,20.7,0.0010,,
0.0025,2,-75.2,20.7,0.0015,,
0.0050,3,-75.1,20.7,0.0025,,
0.0090,4,-75.3,20.7,0.0035,,
0.0150,5,-74.9,20.7,0.0055,,
0.0235,6,-74.0,20.7,0.0075,,
0.0320,7,-73.4,20.7,0.0075,,
0.0405,8,-72.5,20.7,0.0075,,
0.0480,9,-71.4,20.7,0.0075,,
0.0565,10,-70.1,20.7,0.0075,,
0.0650,11,-68.5,20.7,0.0075,,
0.0730,12,-67.1,20.7,0.0075,,
0.0815,13,-65.9,20.8,0.0075,,
0.0900,14,-64.1,20.8,0.0075,,
0.0975,15,-62.8,20.8,0.0075,,
0.1060,16,-60.8,20.8,0.0075,,
0.1145,17,-59.2,20.7,0.0075,,
0.1230,18,-57.5,20.7,0.0075,,
0.1310,19,-55.2,20.7,0.0075,,
0.1395,20,-53.0,20.7,0.0075,,
0.1470,21,-51.0,20.7,0.0075,,
0.1555,22,-48.8,20.7,0.0075,,
0.1640,23,-46.6,20.8,0.0075,,
0.1725,24,-43.9,20.7,0.0075,,
0.1810,25,-41.3,20.8,0.0075,,
0.1890,26,-38.7,20.8,0.0075,,
0.1975,27,-35.8,20.8,0.0085,,
0.2050,28,-33.3,20.8,0.0070,,
0.2135,29,-30.4,20.8,0.0075,,
0.2220,30,-27.7,20.8,0.0075,,
0.2305,31,-25.6,20.8,0.0075,,
0.2390,32,-23.3,20.8,0.0075,,
0.2475,33,-21.6,20.8,0.0085,,
0.2550,34,-19.5,20.8,0.0070,,
0.2635,35,-17.7,20.8,0.0075,,
0.2715,36,-16.3,20.8,0.0075,,
0.2800,37,-14.7,20.8,0.0075,,
0.2885,38,-13.1,20.8,0.0075,,
0.2970,39,-11.9,20.8,0.0085,,
0.3045,40,-10.7,20.8,0.0070,,
0.3130,41,-9.6,20.8,0.0075,,
0.3215,42,-8.3,20.8,0.0075,,
0.3295,43,-6.9,20.8,0.0075,,
0.3380,44,-5.9,20.8,0.0075,,
0.3465,45,-4.7,20.8,0.0085,,
0.3540,46,-4.0,20.8,0.0070,,
0.3625,47,-2.8,20.8,0.0075,,
0.3710,48,-1.7,20.8,0.0075,,
0.3795,49,-0.9,20.8,0.0075,,
0.3880,50,0.1,20.8,0.0075,,
0.3955,51,0.7,20.8,0.0075,,
0.4040,52,1.8,20.8,0.0075,,
0.4120,53,2.9,20.8,0.0075,,
0.4205,54,3.6,20.8,0.0075,,
0.4290,55,4.5,20.8,0.0075,,
0.4375,56,5.7,20.8,0.0075,,
0.4450,57,6.4,20.8,0.0075,,
0.4535,58,7.3,20.8,0.0075,,
0.4620,59,7.9,20.8,0.0075,,
0.4700,60,8.6,20.8,0.0075,,
0.4785,61,9.5,20.8,0.0075,,
0.4870,62,10.4,20.8,0.0075,,
0.4955,63,11.0,20.8,0.0075,,
0.5030,64,11.8,20.8,0.0070,,
0.5115,65,12.5,20.8,0.0075,,
0.5200,66,13.6,20.8,0.0075,,
0.5280,67,14.5,20.8,0.0075,,
0.5365,68,15.0,20.8,0.0075,,
0.5450,69,15.9,20.8,0.0075,,
0.5525,70,16.4,20.8,0.0070,,
0.5610,71,17.4,20.8,0.0075,,
0.5695,72,18.2,20.8,0.0075,,
0.5780,73,18.9,20.8,0.0075,,
0.5865,74,19.8,20.8,0.0075,,
0.5945,75,20.7,20.8,0.0075,,
0.6020,76,21.3,20.8,0.0075,,
0.6105,77,22.2,20.8,0.0075,,
0.6190,78,22.9,20.8,0.0075,,
0.6275,79,23.7,20.8,0.0075,,
0.6360,80,24.7,20.8,0.0075,,
0.6445,81,25.5,20.8,0.0075,,
0.6520,82,26.4,20.8,0.0075,,
0.6600,83,27.0,20.8,0.0075,,
0.6685,84,27.8,20.8,0.0075,,
0.6770,85,28.8,20.8,0.0075,,
0.6855,86,29.5,20.8,0.0075,,
0.6940,87,30.2,20.8,0.0075,,
0.7025,88,31.1,20.8,0.0085,,
0.7100,89,31.9,20.8,0.0070,,
0.7185,90,32.9,20.8,0.0075,,
0.7265,91,33.6,20.8,0.0075,,
0.7350,92,34.3,20.8,0.0075,,
0.7435,93,35.3,20.8,0.0075,,
0.7510,94,36.0,20.8,0.0075,,
0.7595,95,37.2,20.8,0.0075,,
0.7680,96,38.1,20.8,0.0075,,
0.7765,97,38.7,20.8,0.0075,,
0.7845,98,39.7,20.8,0.0075,,
0.7930,99,40.8,20.8,0.0075,,
0.8015,100,41.7,20.8,0.0085,,
0.8090,101,42.5,20.8,0.0070,,
0.8175,102,43.2,20.8,0.0075,,
0.8260,103,44.4,20.8,0.0075,,
0.8345,104,45.5,20.8,0.0075,,
0.8425,105,46.3,20.8,0.0075,,
0.8510,106,47.2,20.8,0.0075,,
0.8585,107,48.1,20.8,0.0070,,
0.8670,108,49.1,20.8,0.0075,,
0.8755,109,50.3,20.8,0.0075,,
0.8840,110,51.0,20.8,0.0075,,
0.8925,111,52.0,20.8,0.0075,,
0.9010,112,53.3,20.8,0.0075,,
0.9085,113,54.3,20.8,0.0075,,
0.9165,114,55.5,20.8,0.0075,,
0.9250,115,56.4,20.8,0.0075,,
0.9335,116,57.4,20.8,0.0075,,
0.9420,117,58.7,20.8,0.0075,,
0.9505,118,59.8,20.8,0.0075,,
0.9580,119,60.9,20.8,0.0075,,
0.9665,120,61.9,20.8,0.0075,,
0.9750,121,63.0,20.8,0.0075,,
0.9830,122,64.3,20.8,0.0075,,
0.9915,123,65.5,20.8,0.0075,,
1.0000,124,66.5,20.8,0.0075,,
1.0085,125,67.7,20.8,0.0085,,
1.0160,126,68.8,20.8,0.0070,,
1.0245,127,70.4,20.8,0.0075,,
1.0330,128,71.6,20.8,0.0075,,
1.0410,129,72.7,20.8,0.0075,,
1.0495,130,74.2,20.8,0.0075,,
1.0570,131,75.3,20.8,0.0075,,
1.0655,132,76.8,20.8,0.0075,,
1.0740,133,78.3,20.8,0.0075,,
1.0825,134,79.4,20.8,0.0075,,
1.0910,135,80.9,20.8,0.0075,,
1.0990,136,82.6,20.8,0.0075,,
1.1075,137,84.0,20.8,0.0085,,
1.1150,138,85.6,20.8,0.0070,,
1.1235,139,87.0,20.8,0.0075,,
1.1320,140,88.7,20.8,0.0075,,
1.1405,141,90.7,20.8,0.0075,,
1.1490,142,92.4,20.8,0.0075,,
1.1570,143,94.0,20.8,0.0075,,
1.1650,144,95.7,20.8,0.0080,,
1.1730,145,97.5,20.8,0.0075,,
1.1815,146,99.9,20.8,0.0075,,
1.1900,147,101.9,20.8,0.0075,,
1.1985,148,104.0,20.8,0.0075,,
1.2070,149,106.4,20.8,0.0075,,
1.2145,150,108.8,20.8,0.0075,,
1.2230,151,111.7,20.8,0.0075,,
1.2310,152,114.5,20.8,0.0075,,
1.2395,153,117.1,20.8,0.0075,,
1.2480,154,120.3,20.8,0.0075,,
1.2565,155,123.7,20.8,0.0075,,
1.2640,156,126.9,20.8,0.0075,,
1.2725,157,130.5,20.8,0.0075,,
1.2810,158,134.0,20.8,0.0075,,
1.2895,159,138.0,20.8,0.0075,,
1.2975,160,142.1,20.8,0.0075,,
1.3060,161,145.7,20.8,0.0075,,
1.3145,162,149.2,20.8,0.0085,,
1.3220,163,152.6,20.8,0.0070,,
1.3305,164,156.2,20.8,0.0075,,
1.3390,165,159.3,20.8,0.0075,,
1.3475,166,162.1,20.8,0.0075,,
1.3555,167,164.7,20.8,0.0075,,
1.3640,168,167.0,20.8,0.0085,,
1.3715,169,169.6,20.8,0.0070,,
1.3800,170,171.9,20.8,0.0075,,
1.3885,171,173.7,20.8,0.0075,,
1.3970,172,175.6,20.8,0.0075,,
1.4055,173,177.5,20.8,0.0075,,
1.4130,174,179.0,20.8,0.0075,,
1.4215,175,180.6,20.8,0.0075,,
1.4300,176,181.8,20.8,0.0075,,
1.4380,177,183.4,20.8,0.0075,,
1.4465,178,184.9,20.8,0.0075,,
1.4500,178,185.1,20.8,0.0070,,
1.4500,419,186.9,20.8,0.0000,,
1.4505,420,186.8,20.8,0.0010,,
1.4520,421,186.5,20.8,0.0025,,
1.4550,422,187.0,20.8,0.0050,,
1.4585,423,187.5,20.8,0.0050,,
1.4650,424,188.0,20.8,0.0095,,
1.4730,425,189.0,20.8,0.0115,,
1.4810,426,189.9,20.8,0.0135,,
1.4890,427,191.1,20.8,0.0135,,
1.4975,428,192.3,20.8,0.0140,,
1.5060,429,193.0,20.8,0.0120,,
1.5145,430,193.9,20.8,0.0120,,
1.5230,431,195.1,20.8,0.0120,,
1.5305,432,195.7,20.8,0.0125,,
1.5390,433,196.7,20.8,0.0140,,
1.5475,434,197.3,20.8,0.0140,,
1.5555,435,198.2,20.8,0.0115,,
1.5640,436,199.2,20.8,0.0120,,
1.5725,437,199.8,20.8,0.0120,,
1.5800,438,200.5,20.8,0.0125,,
1.5885,439,201.0,20.8,0.0140,,
1.5970,440,201.7,20.8,0.0140,,
1.6055,441,202.5,20.8,0.0120,,
1.6135,442,203.2,20.8,0.0115,,
1.6220,443,203.6,20.8,0.0120,,
1.6305,444,204.2,20.8,0.0140,,
1.6380,445,204.9,20.8,0.0125,,
1.6465,446,205.7,20.8,0.0140,,
1.6550,447,206.2,20.8,0.0120,,
1.6635,448,206.6,20.8,0.0120,,
1.6715,449,207.3,20.8,0.0115,,
1.6795,450,207.7,20.8,0.0135,,
1.6875,451,208.4,20.8,0.0135,,
1.6960,452,208.8,20.8,0.0140,,
1.7045,453,209.1,20.8,0.0120,,
1.7130,454,209.8,20.8,0.0120,,
1.7215,455,210.3,20.8,0.0120,,
1.7290,456,210.9,20.8,0.0125,,
1.7375,457,211.3,20.9,0.0140,,
1.7460,458,211.5,20.8,0.0140,,
1.7540,459,212.2,20.8,0.0115,,
1.7625,460,212.5,20.8,0.0120,,
1.7710,461,212.7,20.8,0.0120,,
1.7785,462,213.2,20.9,0.0125,,
1.7870,463,213.6,20.9,0.0140,,
1.7955,464,214.3,20.9,0.0140,,
1.8040,465,214.7,20.9,0.0120,,
1.8125,466,214.9,20.9,0.0120,,
1.8205,467,215.4,20.9,0.0115,,
1.8285,468,215.7,20.9,0.0135,,
1.8365,469,216.4,20.9,0.0135,,
1.8450,470,216.6,20.9,0.0140,,
1.8535,471,216.9,20.9,0.0120,,
1.8620,472,217.4,20.9,0.0120,,
1.8705,473,217.8,20.9,0.0120,,
1.8780,474,218.1,20.9,0.0125,,
1.8865,475,218.4,20.9,0.0140,,
1.8945,476,218.5,20.9,0.0115,,
1.9030,477,219.1,20.9,0.0120,,
1.9115,478,219.6,20.9,0.0120,,
1.9200,479,219.7,20.9,0.0120,,
1.9275,480,220.1,20.9,0.0125,,
1.9360,481,220.1,20.9,0.0140,,
1.9445,482,220.7,20.9,0.0140,,
1.9525,483,221.1,20.9,0.0115,,
1.9610,484,221.2,20.9,0.0120,,
1.9695,485,221.4,20.9,0.0120,,
1.9770,486,221.7,20.9,0.0125,,
1.9855,487,222.2,20.9,0.0140,,
1.9940,488,222.7,20.9,0.0140,,
2.0025,489,222.7,20.9,0.0120,,
2.0105,490,223.1,20.9,0.0115,,
2.0190,491,223.6,20.9,0.0120,,
2.0275,492,223.8,20.9,0.0140,,
2.0350,493,224.2,20.9,0.0125,,
2.0435,494,224.2,20.9,0.0140,,
2.0520,495,224.5,20.9,0.0120,,
2.0605,496,224.9,20.9,0.0120,,
2.0690,497,225.0,20.9,0.0120,,
2.0765,498,225.5,20.9,0.0125,,
2.0850,499,225.6,20.9,0.0140,,
2.0930,500,225.8,20.9,0.0135,,
2.1015,501,226.4,20.9,0.0120,,
2.1100,502,226.4,20.9,0.0120,,
2.1185,503,226.4,20.9,0.0120,,
2.1260,504,226.7,20.9,0.0125,,
2.1345,505,227.0,20.9,0.0140,,
2.1430,506,227.4,20.9,0.0140,,
2.1515,507,227.5,20.9,0.0120,,
2.1595,508,227.6,20.9,0.0115,,
2.1680,509,228.2,20.9,0.0120,,
2.1755,510,228.3,20.9,0.0125,,
2.1840,511,228.7,20.9,0.0140,,
2.1925,512,228.8,20.9,0.0140,,
2.2010,513,229.0,20.9,0.0120,,
2.2095,514,229.4,20.9,0.0120,,
2.2180,515,229.6,20.9,0.0120,,
2.2255,516,229.9,20.9,0.0125,,
2.2335,517,229.9,20.9,0.0135,,
2.2420,518,230.1,20.9,0.0140,,
2.2505,519,230.5,20.9,0.0120,,
2.2590,520,230.7,20.9,0.0120,,
2.2675,521,230.7,20.9,0.0120,,
2.2750,522,230.9,20.9,0.0125,,
2.2835,523,231.1,20.9,0.0140,,
2.2920,524,231.5,20.9,0.0140,,
2.3000,525,231.6,20.9,0.0115,,
2.3085,526,231.7,20.9,0.0120,,
2.3170,527,232.1,20.9,0.0120,,
2.3245,528,232.2,20.9,0.0125,,
2.3330,529,232.5,20.9,0.0140,,
2.3415,530,232.5,20.9,0.0140,,
2.3500,531,232.6,20.9,0.0120,,
2.3585,532,233.0,20.9,0.0120,,
2.3665,533,233.3,20.9,0.0115,,
2.3740,534,233.5,20.9,0.0125,,
2.3825,535,233.6,20.9,0.0140,,
2.3910,536,233.6,20.9,0.0140,,
2.3985,537,233.9,20.9,0.0105,,
2.4060,538,234.2,20.9,0.0105,,
2.4115,539,234.1,20.9,0.0080,,
2.4150,540,234.3,20.9,0.0060,,
2.4155,541,234.2,20.9,0.0010,,
2.4160,542,234.5,20.9,0.0010,,
2.4170,543,234.6,20.9,0.0015,,
2.4180,544,234.4,20.9,0.0015,,
2.4195,545,234.4,20.9,0.0020,,
2.4205,546,234.4,20.9,0.0015,,
2.4210,547,234.5,20.9,0.0010,,
2.4225,548,234.6,20.9,0.0025,,
2.4235,549,234.4,20.9,0.0015,,
2.4250,550,234.5,20.9,0.0020,,
2.4265,551,234.8,20.9,0.0020,,
2.4280,552,234.7,20.9,0.0025,,
2.4285,553,234.7,20.9,0.0010,,
2.4295,554,234.5,20.9,0.0015,,
2.4300,555,234.6,20.9,0.0005,,
2.4310,556,234.8,20.9,0.0015,,
2.4320,557,234.7,20.9,0.0015,,
2.4330,557,235.0,20.9,0.0035,,
Scope 1/1, Sample 16/60 (T8_12)
Result,TitrationEP1
V,t,E,T,dV/dt,E acc. stat.,Volume acc. stat.
0.0000,0,-74.7,20.7,NaN,,
0.0010,1,-74.7,20.7,0.0010,,
0.0025,2,-74.5,20.8,0.0015,,
0.0050,3,-74.7,20.8,0.0025,,
0.0090,4,-74.5,20.7,0.0035,,
0.0150,5,-74.5,20.8,0.0055,,
0.0235,6,-73.9,20.8,0.0075,,
0.0320,7,-73.0,20.8,0.0075,,
0.0405,8,-72.4,20.8,0.0075,,
0.0490,9,-71.2,20.8,0.0085,,
0.0565,10,-70.2,20.8,0.0070,,
0.0650,11,-68.6,20.8,0.0075,,
0.0730,12,-67.2,20.8,0.0075,,
0.0815,13,-66.0,20.8,0.0075,,
0.0900,14,-64.6,20.8,0.0075,,
0.0985,15,-63.2,20.8,0.0085,,
0.1060,16,-61.3,20.8,0.0070,,
0.1145,17,-59.5,20.8,0.0075,,
0.1230,18,-57.9,20.8,0.0075,,
0.1310,19,-56.0,20.8,0.0075,,
0.1395,20,-53.7,20.8,0.0075,,
0.1480,21,-51.8,20.8,0.0075,,
0.1555,22,-49.8,20.8,0.0070,,
0.1640,23,-47.6,20.8,0.0075,,
0.1725,24,-45.1,20.8,0.0075,,
0.1810,25,-42.4,20.8,0.0075,,
0.1895,26,-40.0,20.8,0.0075,,
0.1975,27,-37.6,20.8,0.0080,,
0.2050,28,-35.2,20.8,0.0070,,
0.2135,29,-32.7,20.8,0.0075,,
0.2220,30,-29.9,20.8,0.0075,,
0.2305,31,-27.7,20.8,0.0075,,
0.2390,32,-25.7,20.8,0.0075,,
0.2475,33,-23.9,20.8,0.0085,,
0.2550,34,-22.0,20.8,0.0070,,
0.2635,35,-20.1,20.8,0.0075,,
0.2715,36,-18.8,20.8,0.0075,,
0.2800,37,-17.4,20.8,0.0075,,
0.2885,38,-15.7,20.8,0.0075,,
0.2970,39,-14.4,20.8,0.0075,,
0.3045,40,-13.2,20.8,0.0070,,
0.3130,41,-12.2,20.8,0.0075,,
0.3215,42,-11.2,20.8,0.0075,,
0.3295,43,-9.9,20.8,0.0075,,
0.3380,44,-8.7,20.8,0.0075,,
0.3465,45,-7.8,20.8,0.0075,,
0.3540,46,-6.8,20.8,0.0070,,
0.3625,47,-5.9,20.8,0.0075,,
0.3710,48,-4.7,20.8,0.0075,,
0.3795,49,-3.6,20.8,0.0075,,
0.3875,50,-2.9,20.8,0.0075,,
0.3960,51,-2.1,20.8,0.0075,,
0.4035,52,-1.4,20.8,0.0070,,
0.4120,53,-0.3,20.8,0.0075,,
0.4205,54,0.6,20.8,0.0075,,
0.4290,55,1.1,20.8,0.0075,,
0.4375,56,1.9,20.8,0.0075,,
0.4460,57,3.2,20.8,0.0075,,
0.4535,58,3.8,20.8,0.0070,,
0.4620,59,4.7,20.8,0.0075,,
0.4700,60,5.3,20.8,0.0075,,
0.4785,61,6.2,20.8,0.0075,,
0.4870,62,7.1,20.8,0.0075,,
0.4955,63,7.7,20.8,0.0075,,
0.5030,64,8.5,20.8,0.0070,,
0.5115,65,9.0,20.8,0.0075,,
0.5200,66,9.9,20.8,0.0075,,
0.5280,67,10.9,20.8,0.0075,,
0.5365,68,11.5,20.8,0.0075,,
0.5450,69,12.3,20.8,0.0075,,
0.5525,70,12.9,20.8,0.0070,,
0.5610,71,13.9,20.8,0.0075,,
0.5695,72,14.8,20.8,0.0075,,
0.5780,73,15.3,20.8,0.0075,,
0.5865,74,16.2,20.8,0.0075,,
0.5945,75,17.2,20.8,0.0075,,
0.6025,76,17.8,20.8,0.0075,,
0.6105,77,18.6,20.8,0.0075,,
0.6190,78,19.1,20.8,0.0075,,
0.6275,79,19.8,20.8,0.0075,,
0.6360,80,20.9,20.8,0.0075,,
0.6445,81,21.5,20.8,0.0075,,
0.6520,82,22.3,20.8,0.0070,,
0.6605,83,22.8,20.8,0.0075,,
0.6685,84,23.6,20.8,0.0075,,
0.6770,85,24.7,20.8,0.0075,,
0.6855,86,25.4,20.8,0.0075,,
0.6940,87,26.0,20.8,0.0075,,
0.7015,88,26.8,20.8,0.0070,,
0.7100,89,27.7,20.8,0.0075,,
0.7185,90,28.8,20.8,0.0075,,
0.7270,91,29.4,20.8,0.0075,,
0.7350,92,30.1,20.8,0.0075,,
0.7435,93,31.2,20.8,0.0075,,
0.7510,94,31.8,20.8,0.0070,,
0.7595,95,32.9,20.8,0.0075,,
0.7680,96,33.7,20.8,0.0075,,
0.7765,97,34.2,20.8,0.0075,,
0.7850,98,35.2,20.8,0.0075,,
0.7930,99,36.3,20.8,0.0075,,
0.8015,100,37.0,20.8,0.0085,,
0.8090,101,37.9,20.8,0.0070,,
0.8175,102,38.6,20.8,0.0075,,
0.8260,103,39.8,20.8,0.0075,,
0.8345,104,40.8,20.8,0.0075,,
0.8430,105,41.6,20.8,0.0075,,
0.8510,106,42.6,20.8,0.0080,,
0.8590,107,43.3,20.8,0.0075,,
0.8670,108,44.4,20.8,0.0075,,
0.8755,109,45.6,20.8,0.0075,,
0.8840,110,46.3,20.8,0.0075,,
0.8925,111,47.3,20.8,0.0075,,
0.9010,112,48.1,20.8,0.0085,,
0.9085,113,49.3,20.8,0.0070,,
0.9170,114,50.4,20.8,0.0075,,
0.9255,115,51.2,20.8,0.0075,,
0.9335,116,52.1,20.8,0.0075,,
0.9420,117,53.5,20.8,0.0075,,
0.9505,118,54.6,20.8,0.0075,,
0.9580,119,55.7,20.8,0.0070,,
0.9665,120,56.5,20.8,0.0075,,
0.9750,121,57.6,20.8,0.0075,,
0.9835,122,59.1,20.8,0.0075,,
0.9915,123,60.2,20.8,0.0075,,
1.0000,124,61.1,20.8,0.0075,,
1.0075,125,62.2,20.8,0.0070,,
1.0160,126,63.5,20.8,0.0075,,
1.0245,127,64.9,20.8,0.0075,,
1.0330,128,66.1,20.8,0.0075,,
1.0415,129,67.2,20.8,0.0075,,
1.0500,130,68.4,20.8,0.0085,,
1.0575,131,69.6,20.8,0.0070,,
1.0655,132,71.3,20.8,0.0075,,
1.0740,133,72.5,20.8,0.0075,,
1.0825,134,73.7,20.8,0.0075,,
1.0910,135,75.5,20.8,0.0075,,
1.0995,136,76.6,20.8,0.0085,,
1.1070,137,78.3,20.8,0.0070,,
1.1155,138,79.6,20.8,0.0075,,
1.1240,139,81.1,20.8,0.0075,,
1.1320,140,83.0,20.8,0.0075,,
1.1405,141,84.6,20.8,0.0075,,
1.1490,142,86.2,20.8,0.0085,,
1.1565,143,87.8,20.8,0.0070,,
1.1650,144,89.6,20.8,0.0075,,
1.1735,145,91.9,20.8,0.0075,,
1.1820,146,93.8,20.8,0.0075,,
1.1905,147,95.7,20.8,0.0075,,
1.1985,148,97.6,20.8,0.0075,,
1.2065,149,100.0,20.8,0.0075,,
1.2145,150,102.5,20.8,0.0075,,
1.2230,151,105.1,20.8,0.0075,,
1.2315,152,107.5,20.8,0.0075,,
1.2400,153,110.6,20.8,0.0075,,
1.2485,154,113.0,20.8,0.0085,,
1.2560,155,116.4,20.8,0.0070,,
1.2645,156,119.5,20.8,0.0075,,
1.2725,157,122.6,20.8,0.0075,,
1.2810,158,126.7,20.8,0.0075,,
1.2895,159,130.9,20.8,0.0075,,
1.2980,160,134.8,20.8,0.0075,,
1.3055,161,138.3,20.8,0.0070,,
1.3140,162,142.0,20.8,0.0075,,
1.3225,163,146.2,20.8,0.0075,,
1.3310,164,150.4,20.8,0.0075,,
1.3390,165,153.9,20.8,0.0075,,
1.3475,166,157.2,20.8,0.0075,,
1.3550,167,160.2,20.8,0.0070,,
1.3635,168,163.2,20.8,0.0075,,
1.3720,169,166.3,20.8,0.0075,,
1.3805,170,168.5,20.8,0.0075,,
1.3890,171,170.5,20.8,0.0075,,
1.3970,172,172.9,20.8,0.0075,,
1.4045,173,174.6,20.8,0.0070,,
1.4130,174,176.5,20.8,0.0075,,
1.4215,175,178.1,20.8,0.0075,,
1.4300,176,179.5,20.8,0.0075,,
1.4385,177,181.3,20.8,0.0075,,
1.4470,178,182.8,20.8,0.0075,,
1.4545,179,184.0,20.8,0.0070,,
1.4620,180,185.1,20.8,0.0075,,
1.4620,420,187.1,20.8,0.0000,,
1.4625,421,187.3,20.9,0.0005,,
1.4640,422,187.1,20.9,0.0015,,
1.4665,423,187.2,20.9,0.0025,,
1.4705,424,187.8,20.8,0.0035,,
1.4770,425,188.4,20.9,0.0060,,
1.4850,426,188.8,20.9,0.0075,,
1.4925,427,189.8,20.9,0.0075,,
1.5010,428,190.7,20.9,0.0085,,
1.5095,429,191.9,20.9,0.0085,,
1.5180,430,193.1,20.9,0.0075,,
1.5265,431,193.6,20.9,0.0075,,
1.5350,432,194.5,20.9,0.0075,,
1.5425,433,195.3,20.9,0.0075,,
1.5510,434,196.2,20.9,0.0085,,
1.5590,435,197.2,20.9,0.0080,,
1.5675,436,197.7,20.9,0.0075,,
1.5760,437,198.7,20.9,0.0075,,
1.5845,438,199.7,20.9,0.0075,,
1.5920,439,200.1,20.9,0.0075,,
1.6005,440,200.8,20.9,0.0085,,
1.6090,441,201.3,20.9,0.0085,,
1.6170,442,202.1,20.9,0.0075,,
1.6255,443,203.0,20.9,0.0075,,
1.6340,444,203.3,20.9,0.0075,,
1.6415,445,204.1,20.9,0.0075,,
1.6500,446,204.5,20.9,0.0085,,
1.6585,447,205.2,20.9,0.0085,,
1.6670,448,206.0,20.9,0.0075,,
1.6755,449,206.4,20.9,0.0075,,
1.6835,450,206.9,20.9,0.0075,,
1.6920,451,207.4,20.9,0.0085,,
1.6995,452,208.1,20.9,0.0075,,
1.7080,453,208.8,20.9,0.0085,,
1.7165,454,209.0,20.9,0.0075,,
1.7250,455,209.4,20.9,0.0075,,
1.7335,456,210.1,20.9,0.0075,,
1.7415,457,210.5,20.9,0.0080,,
1.7490,458,211.2,20.9,0.0075,,
1.7575,459,211.5,20.9,0.0085,,
1.7660,460,211.8,20.9,0.0075,,
1.7745,461,212.5,20.9,0.0075,,
1.7830,462,213.0,20.9,0.0075,,
1.7915,463,213.2,20.9,0.0075,,
1.7990,464,213.8,20.9,0.0075,,
1.8075,465,213.9,20.9,0.0085,,
1.8155,466,214.5,20.9,0.0080,,
1.8240,467,215.1,20.9,0.0075,,
1.8325,468,215.2,20.9,0.0075,,
1.8410,469,215.5,20.9,0.0075,,
1.8485,470,215.8,20.9,0.0075,,
1.8570,471,216.4,20.9,0.0085,,
1.8655,472,216.9,20.9,0.0085,,
1.8735,473,217.0,20.9,0.0075,,
1.8820,474,217.2,20.9,0.0075,,
1.8905,475,217.9,20.9,0.0075,,
1.8990,476,218.1,20.9,0.0085,,
1.9065,477,218.8,20.9,0.0075,,
1.9150,478,218.9,20.9,0.0085,,
1.9235,479,219.1,20.9,0.0075,,
1.9315,480,219.7,20.9,0.0075,,
1.9400,481,220.1,20.9,0.0075,,
1.9485,482,220.4,20.9,0.0085,,
1.9560,483,220.6,20.9,0.0075,,
1.9645,484,220.6,20.9,0.0085,,
1.9730,485,221.2,20.9,0.0075,,
1.9815,486,221.6,20.9,0.0075,,
1.9895,487,221.6,20.9,0.0075,,
1.9980,488,221.8,20.9,0.0075,,
2.0055,489,222.1,20.9,0.0075,,
2.0140,490,222.6,20.9,0.0085,,
2.0225,491,223.0,20.9,0.0075,,
2.0310,492,223.1,20.9,0.0075,,
2.0395,493,223.4,20.9,0.0075,,
2.0480,494,224.0,20.9,0.0075,,
2.0555,495,224.2,20.9,0.0075,,
2.0635,496,224.5,20.9,0.0080,,
2.0720,497,224.6,20.9,0.0085,,
2.0805,498,224.9,20.9,0.0075,,
2.0890,499,225.4,20.9,0.0075,,
2.0975,500,225.6,20.9,0.0085,,
2.1050,501,225.8,20.9,0.0075,,
2.1135,502,225.7,20.9,0.0085,,
2.1220,503,226.0,20.9,0.0085,,
2.1300,504,226.5,20.9,0.0075,,
2.1385,505,226.6,20.9,0.0075,,
2.1470,506,226.7,20.9,0.0075,,
2.1545,507,227.0,20.9,0.0075,,
2.1630,508,227.3,20.9,0.0085,,
2.1715,509,227.8,20.9,0.0075,,
2.1800,510,227.9,20.9,0.0075,,
2.1880,511,228.0,20.9,0.0075,,
2.1965,512,228.5,20.9,0.0075,,
2.2040,513,228.6,20.9,0.0075,,
2.2125,514,229.1,20.9,0.0085,,
2.2210,515,229.1,20.9,0.0085,,
2.2295,516,229.2,20.9,0.0075,,
2.2380,517,229.7,20.9,0.0075,,
2.2465,518,229.9,20.9,0.0075,,
2.2540,519,230.1,20.9,0.0075,,
2.2625,520,230.1,20.9,0.0085,,
2.2705,521,230.1,20.9,0.0080,,
2.2790,522,230.6,20.9,0.0075,,
2.2875,523,230.8,20.9,0.0075,,
2.2960,524,230.8,20.9,0.0075,,
2.3035,525,231.3,20.9,0.0075,,
2.3120,526,231.3,20.9,0.0085,,
2.3205,527,231.7,20.9,0.0085,,
2.3285,528,232.0,20.9,0.0075,,
2.3370,529,231.9,20.9,0.0075,,
2.3455,530,232.0,20.9,0.0075,,
2.3540,531,232.2,20.9,0.0085,,
2.3615,532,232.5,20.9,0.0075,,
2.3700,533,232.9,20.9,0.0085,,
2.3785,534,232.9,20.9,0.0075,,
2.3865,535,233.0,20.9,0.0075,,
2.3950,536,233.6,20.9,0.0075,,
2.4030,537,233.8,20.9,0.0075,,
2.4105,538,234.0,20.9,0.0075,,
2.4180,539,234.0,20.9,0.0075,,
2.4240,540,234.0,20.9,0.0055,,
2.4280,541,234.4,20.9,0.0035,,
2.4300,542,234.4,20.9,0.0020,,
2.4310,543,234.2,20.9,0.0010,,
2.4315,544,234.3,20.9,0.0005,,
2.4325,545,234.1,20.9,0.0010,,
2.4330,546,234.5,20.9,0.0005,,
2.4335,547,234.6,20.9,0.0005,,
2.4340,548,234.4,20.9,0.0005,,
2.4345,549,234.5,20.9,0.0005,,
2.4345,550,234.3,20.9,0.0000,,
2.4355,551,234.5,20.9,0.0010,,
2.4365,552,234.7,20.9,0.0010,,
2.4370,553,234.5,20.9,0.0005,,
2.4380,554,234.5,20.9,0.0010,,
2.4390,555,234.8,20.9,0.0010,,
2.4400,556,234.8,20.9,0.0010,,
2.4405,557,234.8,20.9,0.0005,,
2.4410,558,234.4,20.9,0.0005,,
2.4425,559,234.6,20.9,0.0015,,
2.4440,560,234.7,20.9,0.0015,,
2.4440,561,234.5,20.9,0.0000,,
2.4460,562,234.7,20.9,0.0020,,
2.4470,563,234.5,20.9,0.0010,,
2.4475,564,234.7,20.9,0.0005,,
2.4480,565,235.0,20.9,0.0005,,
Scope 1/1, Sample 17/60 (T9_12)
Result,TitrationEP1
V,t,E,T,dV/dt,E acc. stat.,Volume acc. stat.
0.0000,0,-79.1,20.7,NaN,,
0.0010,1,-78.9,20.7,0.0010,,
0.0025,2,-79.1,20.7,0.0015,,
0.0050,3,-79.3,20.7,0.0025,,
0.0090,4,-79.1,20.7,0.0035,,
0.0150,5,-78.7,20.7,0.0055,,
0.0235,6,-78.4,20.7,0.0075,,
0.0320,7,-77.7,20.7,0.0085,,
0.0395,8,-77.1,20.7,0.0075,,
0.0480,9,-75.9,20.7,0.0085,,
0.0565,10,-74.6,20.7,0.0075,,
0.0645,11,-73.5,20.7,0.0075,,
0.0730,12,-72.4,20.7,0.0075,,
0.0815,13,-70.8,20.7,0.0075,,
0.0890,14,-69.7,20.7,0.0075,,
0.0975,15,-68.1,20.7,0.0085,,
0.1060,16,-66.8,20.7,0.0075,,
0.1145,17,-65.2,20.7,0.0075,,
0.1225,18,-63.3,20.7,0.0075,,
0.1310,19,-61.6,20.7,0.0075,,
0.1385,20,-59.9,20.7,0.0075,,
0.1470,21,-58.2,20.7,0.0085,,
0.1555,22,-56.2,20.7,0.0075,,
0.1640,23,-53.9,20.7,0.0075,,
0.1725,24,-51.7,20.7,0.0075,,
0.1810,25,-49.7,20.7,0.0075,,
0.1885,26,-47.5,20.7,0.0075,,
0.1970,27,-45.1,20.7,0.0085,,
0.2050,28,-42.3,20.7,0.0075,,
0.2135,29,-39.7,20.7,0.0075,,
0.2220,30,-37.0,20.7,0.0075,,
0.2305,31,-34.0,20.7,0.0075,,
0.2380,32,-31.8,20.7,0.0075,,
0.2465,33,-29.1,20.7,0.0085,,
0.2550,34,-26.9,20.7,0.0075,,
0.2630,35,-24.9,20.7,0.0075,,
0.2715,36,-22.8,20.7,0.0075,,
0.2800,37,-20.9,20.7,0.0075,,
0.2875,38,-19.3,20.7,0.0075,,
0.2960,39,-18.0,20.7,0.0085,,
0.3045,40,-16.6,20.7,0.0075,,
0.3130,41,-14.9,20.8,0.0075,,
0.3215,42,-13.6,20.7,0.0075,,
0.3300,43,-12.4,20.7,0.0085,,
0.3375,44,-11.2,20.7,0.0075,,
0.3455,45,-10.2,20.7,0.0080,,
0.3540,46,-8.9,20.7,0.0075,,
0.3625,47,-7.7,20.7,0.0075,,
0.3710,48,-6.8,20.7,0.0075,,
0.3795,49,-5.7,20.7,0.0075,,
0.3870,50,-4.9,20.7,0.0075,,
0.3955,51,-3.6,20.7,0.0085,,
0.4035,52,-2.6,20.7,0.0075,,
0.4120,53,-2.0,20.7,0.0075,,
0.4205,54,-1.0,20.8,0.0075,,
0.4290,55,0.1,20.8,0.0075,,
0.4365,56,0.8,20.8,0.0075,,
0.4450,57,1.7,20.8,0.0085,,
0.4535,58,2.2,20.8,0.0075,,
0.4620,59,3.3,20.8,0.0075,,
0.4700,60,4.4,20.8,0.0075,,
0.4785,61,5.1,20.8,0.0075,,
0.4860,62,6.0,20.8,0.0075,,
0.4945,63,6.5,20.7,0.0085,,
0.5030,64,7.4,20.8,0.0075,,
0.5115,65,8.4,20.8,0.0075,,
0.5200,66,9.0,20.8,0.0075,,
0.5280,67,9.6,20.8,0.0075,,
0.5360,68,10.3,20.8,0.0080,,
0.5440,69,11.2,20.8,0.0080,,
0.5525,70,12.2,20.8,0.0075,,
0.5610,71,12.8,20.8,0.0075,,
0.5695,72,13.5,20.8,0.0075,,
0.5780,73,14.5,20.8,0.0075,,
0.5855,74,15.1,20.8,0.0075,,
0.5940,75,16.1,20.8,0.0085,,
0.6020,76,16.7,20.8,0.0080,,
0.6105,77,17.4,20.8,0.0075,,
0.6190,78,18.4,20.8,0.0075,,
0.6275,79,19.1,20.8,0.0075,,
0.6350,80,19.9,20.8,0.0075,,
0.6435,81,20.5,20.8,0.0085,,
0.6520,82,21.2,20.8,0.0075,,
0.6605,83,22.3,20.8,0.0075,,
0.6685,84,23.1,20.8,0.0075,,
0.6770,85,23.7,20.8,0.0075,,
0.6845,86,24.5,20.8,0.0075,,
0.6930,87,25.3,20.8,0.0085,,
0.7015,88,26.4,20.8,0.0085,,
0.7100,89,27.1,20.8,0.0075,,
0.7185,90,27.8,20.8,0.0075,,
0.7265,91,28.8,20.8,0.0075,,
0.7345,92,29.4,20.8,0.0080,,
0.7425,93,30.6,20.8,0.0080,,
0.7510,94,31.3,20.8,0.0085,,
0.7595,95,32.0,20.8,0.0075,,
0.7680,96,33.0,20.8,0.0075,,
0.7765,97,34.2,20.8,0.0075,,
0.7845,98,35.0,20.8,0.0080,,
0.7925,99,35.8,20.8,0.0080,,
0.8005,100,36.3,20.8,0.0080,,
0.8090,101,37.5,20.8,0.0075,,
0.8175,102,38.5,20.8,0.0075,,
0.8260,103,39.3,20.8,0.0075,,
0.8345,104,40.3,20.8,0.0085,,
0.8420,105,41.1,20.8,0.0075,,
0.8505,106,42.2,20.8,0.0085,,
0.8590,107,43.4,20.8,0.0075,,
0.8670,108,44.1,20.8,0.0075,,
0.8755,109,45.0,20.8,0.0075,,
0.8840,110,46.0,20.8,0.0085,,
0.8915,111,47.1,20.8,0.0075,,
0.9000,112,48.3,20.8,0.0085,,
0.9085,113,49.1,20.8,0.0075,,
0.9170,114,50.2,20.8,0.0075,,
0.9250,115,51.5,20.8,0.0075,,
0.9335,116,52.7,20.8,0.0075,,
0.9410,117,53.8,20.8,0.0075,,
0.9495,118,54.6,20.8,0.0085,,
0.9580,119,55.7,20.8,0.0075,,
0.9665,120,57.1,20.8,0.0075,,
0.9750,121,58.2,20.8,0.0075,,
0.9835,122,59.2,20.8,0.0075,,
0.9910,123,60.5,20.8,0.0075,,
0.9990,124,61.7,20.8,0.0080,,
1.0075,125,63.1,20.8,0.0075,,
1.0160,126,64.3,20.8,0.0075,,
1.0245,127,65.3,20.8,0.0075,,
1.0330,128,66.9,20.8,0.0075,,
1.0405,129,68.0,20.8,0.0075,,
1.0490,130,69.6,20.8,0.0085,,
1.0575,131,71.0,20.8,0.0075,,
1.0655,132,72.2,20.8,0.0075,,
1.0740,133,73.8,20.8,0.0075,,
1.0825,134,75.4,20.8,0.0075,,
1.0900,135,76.7,20.8,0.0075,,
1.0985,136,78.1,20.8,0.0085,,
1.1070,137,79.5,20.8,0.0075,,
1.1155,138,81.4,20.8,0.0075,,
1.1240,139,83.2,20.8,0.0075,,
1.1320,140,84.6,20.8,0.0075,,
1.1400,141,86.4,20.8,0.0080,,
1.1480,142,88.2,20.8,0.0080,,
1.1565,143,90.4,20.8,0.0075,,
1.1650,144,92.4,20.8,0.0075,,
1.1735,145,94.3,20.8,0.0075,,
1.1820,146,96.5,20.8,0.0075,,
1.1895,147,98.5,20.8,0.0075,,
1.1980,148,101.2,20.8,0.0085,,
1.2060,149,103.8,20.8,0.0075,,
1.2145,150,106.1,20.8,0.0075,,
1.2230,151,109.1,20.8,0.0075,,
1.2315,152,112.3,20.8,0.0075,,
1.2390,153,115.1,20.8,0.0075,,
1.2475,154,118.6,20.8,0.0085,,
1.2560,155,122.2,20.8,0.0085,,
1.2640,156,125.8,20.8,0.0075,,
1.2725,157,129.9,20.8,0.0075,,
1.2810,158,133.8,20.8,0.0075,,
1.2885,159,137.5,20.8,0.0075,,
1.2970,160,141.4,20.8,0.0085,,
1.3055,161,145.7,20.8,0.0075,,
1.3140,162,149.8,20.8,0.0075,,
1.3225,163,153.3,20.8,0.0075,,
1.3305,164,156.7,20.8,0.0075,,
1.3385,165,159.5,20.8,0.0080,,
1.3465,166,162.6,20.8,0.0080,,
1.3550,167,165.7,20.8,0.0075,,
1.3635,168,167.9,20.8,0.0075,,
1.3720,169,170.2,20.8,0.0075,,
1.3805,170,172.6,20.8,0.0075,,
1.3880,171,174.2,20.8,0.0075,,
1.3965,172,176.2,20.8,0.0085,,
1.4045,173,177.8,20.8,0.0075,,
1.4130,174,179.3,20.8,0.0075,,
1.4215,175,181.1,20.8,0.0075,,
1.4300,176,182.5,20.8,0.0075,,
1.4375,177,184.0,20.8,0.0075,,
1.4470,178,185.1,20.8,0.0080,,
1.4470,418,187.3,20.8,0.0000,,
1.4475,419,187.1,20.8,0.0005,,
1.4490,420,187.0,20.8,0.0010,,
1.4515,421,187.4,20.8,0.0020,,
1.4555,422,187.8,20.8,0.0030,,
1.4615,423,188.1,20.8,0.0045,,
1.4700,424,189.0,20.8,0.0070,,
1.4775,425,189.8,20.8,0.0060,,
1.4855,426,191.1,20.8,0.0065,,
1.4940,427,192.1,20.8,0.0065,,
1.5025,428,192.8,20.8,0.0065,,
1.5110,429,193.8,20.8,0.0065,,
1.5195,430,195.0,20.8,0.0065,,
1.5270,431,195.7,20.8,0.0060,,
1.5355,432,196.5,20.8,0.0070,,
1.5440,433,197.0,20.8,0.0070,,
1.5520,434,198.0,20.8,0.0060,,
1.5605,435,199.0,20.8,0.0065,,
1.5690,436,199.7,20.8,0.0065,,
1.5765,437,200.5,20.8,0.0060,,
1.5850,438,201.0,20.8,0.0070,,
1.5935,439,201.7,20.8,0.0070,,
1.6020,440,202.6,20.8,0.0065,,
1.6100,441,203.1,20.8,0.0060,,
1.6185,442,203.5,20.8,0.0065,,
1.6260,443,204.2,20.8,0.0060,,
1.6345,444,204.9,20.8,0.0070,,
1.6430,445,205.6,20.8,0.0070,,
1.6515,446,206.0,20.8,0.0065,,
1.6600,447,206.5,20.8,0.0065,,
1.6680,448,207.3,20.8,0.0060,,
1.6760,449,207.6,20.8,0.0065,,
1.6840,450,208.4,20.8,0.0065,,
1.6925,451,208.8,20.8,0.0070,,
1.7010,452,209.2,20.8,0.0065,,
1.7095,453,209.9,20.8,0.0065,,
1.7180,454,210.4,20.8,0.0065,,
1.7255,455,211.0,20.8,0.0060,,
1.7340,456,211.2,20.8,0.0070,,
1.7425,457,211.5,20.8,0.0070,,
1.7505,458,212.2,20.8,0.0060,,
1.7590,459,212.7,20.8,0.0065,,
1.7675,460,212.9,20.8,0.0065,,
1.7760,461,213.2,20.8,0.0065,,
1.7835,462,213.5,20.8,0.0060,,
1.7920,463,214.0,20.8,0.0070,,
1.8000,464,214.7,20.8,0.0065,,
1.8085,465,214.9,20.8,0.0065,,
1.8170,466,215.2,20.8,0.0065,,
1.8255,467,215.8,20.8,0.0065,,
1.8330,468,216.0,20.8,0.0060,,
1.8415,469,216.6,20.8,0.0070,,
1.8500,470,216.9,20.8,0.0070,,
1.8580,471,217.1,20.8,0.0060,,
1.8665,472,217.8,20.8,0.0065,,
1.8750,473,218.1,20.8,0.0065,,
1.8825,474,218.6,20.8,0.0060,,
1.8910,475,218.6,20.8,0.0070,,
1.8995,476,219.0,20.8,0.0070,,
1.9080,477,219.5,20.8,0.0065,,
1.9165,478,219.8,20.8,0.0065,,
1.9245,479,220.0,20.8,0.0060,,
1.9325,480,220.3,20.8,0.0065,,
1.9405,481,220.6,20.8,0.0065,,
1.9490,482,221.2,20.8,0.0070,,
1.9575,483,221.4,20.8,0.0065,,
1.9660,484,221.4,20.8,0.0065,,
1.9745,485,222.0,20.8,0.0065,,
1.9820,486,222.2,20.8,0.0060,,
1.9905,487,222.7,20.8,0.0070,,
1.9985,488,222.9,20.8,0.0065,,
2.0070,489,223.0,20.8,0.0065,,
2.0155,490,223.5,20.8,0.0065,,
2.0240,491,223.9,20.8,0.0065,,
2.0315,492,224.0,20.8,0.0060,,
2.0400,493,224.3,20.8,0.0070,,
2.0485,494,224.3,20.8,0.0070,,
2.0570,495,224.7,20.8,0.0065,,
2.0650,496,225.1,20.8,0.0060,,
2.0735,497,225.2,20.8,0.0065,,
2.0820,498,225.6,20.8,0.0070,,
2.0895,499,225.7,20.8,0.0060,,
2.0980,500,226.1,20.8,0.0065,,
2.1065,501,226.6,20.8,0.0065,,
2.1150,502,226.6,20.8,0.0065,,
2.1230,503,226.7,20.8,0.0060,,
2.1315,504,227.0,20.8,0.0070,,
2.1390,505,227.4,20.8,0.0060,,
2.1475,506,227.8,20.8,0.0070,,
2.1560,507,227.8,20.8,0.0065,,
2.1645,508,227.8,20.8,0.0065,,
2.1730,509,228.3,20.8,0.0065,,
2.1810,510,228.6,20.8,0.0060,,
2.1890,511,228.8,20.8,0.0065,,
2.1970,512,229.0,20.8,0.0065,,
2.2055,513,229.0,20.8,0.0070,,
2.2140,514,229.4,20.8,0.0065,,
2.2225,515,229.9,20.8,0.0065,,
2.2310,516,229.9,20.8,0.0065,,
2.2385,517,230.3,20.8,0.0060,,
2.2470,518,230.3,20.8,0.0070,,
2.2550,519,230.6,20.8,0.0065,,
2.2635,520,231.0,20.8,0.0065,,
2.2720,521,230.9,20.8,0.0065,,
2.2805,522,231.1,20.8,0.0065,,
2.2880,523,231.3,20.9,0.0060,,
2.2965,524,231.5,20.9,0.0070,,
2.3050,525,232.0,20.8,0.0070,,
2.3130,526,232.0,20.9,0.0060,,
2.3215,527,232.1,20.9,0.0065,,
2.3300,528,232.6,20.9,0.0065,,
2.3375,529,232.6,20.9,0.0060,,
2.3460,530,233.0,20.9,0.0070,,
2.3545,531,233.0,20.9,0.0070,,
2.3630,532,233.0,20.8,0.0065,,
2.3710,533,233.4,20.9,0.0060,,
2.3795,534,233.6,20.8,0.0065,,
2.3875,535,233.9,20.9,0.0065,,
2.3950,536,233.8,20.9,0.0060,,
2.4030,537,234.0,20.9,0.0065,,
2.4075,538,234.4,20.9,0.0035,,
2.4085,539,234.4,20.9,0.0010,,
2.4090,540,234.2,20.9,0.0005,,
2.4100,541,234.3,20.9,0.0010,,
2.4105,542,234.2,20.9,0.0005,,
2.4105,543,234.5,20.9,0.0000,,
2.4120,544,234.4,20.9,0.0010,,
2.4125,545,234.2,20.9,0.0005,,
2.4135,546,234.5,20.9,0.0010,,
2.4145,547,234.4,20.9,0.0010,,
2.4145,548,234.6,20.9,0.0000,,
2.4170,549,234.5,20.9,0.0020,,
2.4175,550,234.3,20.9,0.0005,,
2.4190,551,234.6,20.9,0.0010,,
2.4190,552,234.8,20.9,0.0000,,
2.4195,553,234.8,20.9,0.0005,,
2.4200,554,234.7,20.9,0.0005,,
2.4205,555,234.5,20.9,0.0005,,
2.4205,556,234.7,20.9,0.0000,,
2.4220,557,234.9,20.9,0.0010,,
2.4230,558,234.7,20.9,0.0010,,
2.4240,559,234.6,20.9,0.0010,,
2.4245,559,235.0,20.9,0.0010,,
Scope 1/1, Sample 18/60 (T10_12)
Result,TitrationEP1
V,t,E,T,dV/dt,E acc. stat.,Volume acc. stat.
0.0000,0,-78.5,20.7,NaN,,
0.0005,1,-78.6,20.7,0.0005,,
0.0025,2,-78.3,20.7,0.0020,,
0.0050,3,-78.5,20.7,0.0025,,
0.0085,4,-78.6,20.7,0.0030,,
0.0150,5,-78.3,20.7,0.0060,,
0.0230,6,-77.7,20.7,0.0075,,
0.0305,7,-77.2,20.7,0.0075,,
0.0390,8,-76.6,20.7,0.0085,,
0.0475,9,-75.8,20.7,0.0085,,
0.0560,10,-74.5,20.7,0.0075,,
0.0640,11,-73.2,20.7,0.0075,,
0.0725,12,-72.1,20.7,0.0075,,
0.0800,13,-70.8,20.7,0.0075,,
0.0885,14,-69.7,20.7,0.0085,,
0.0970,15,-68.1,20.7,0.0085,,
0.1055,16,-66.5,20.7,0.0075,,
0.1140,17,-65.0,20.7,0.0075,,
0.1225,18,-63.4,20.7,0.0075,,
0.1300,19,-61.9,20.7,0.0075,,
0.1385,20,-59.9,20.7,0.0085,,
0.1465,21,-57.9,20.7,0.0080,,
0.1550,22,-56.2,20.7,0.0075,,
0.1635,23,-54.2,20.7,0.0075,,
0.1720,24,-51.9,20.7,0.0075,,
0.1805,25,-50.3,20.7,0.0085,,
0.1880,26,-47.7,20.7,0.0075,,
0.1960,27,-45.4,20.7,0.0080,,
0.2045,28,-43.0,20.7,0.0085,,
0.2130,29,-40.3,20.7,0.0075,,
0.2215,30,-37.4,20.7,0.0075,,
0.2300,31,-35.0,20.7,0.0075,,
0.2375,32,-32.6,20.7,0.0075,,
0.2460,33,-30.4,20.7,0.0085,,
0.2545,34,-28.0,20.7,0.0085,,
0.2625,35,-25.9,20.7,0.0075,,
0.2710,36,-24.3,20.7,0.0075,,
0.2795,37,-22.6,20.7,0.0075,,
0.2870,38,-21.1,20.7,0.0075,,
0.2955,39,-19.4,20.7,0.0075,,
0.3040,40,-17.8,20.7,0.0085,,
0.3125,41,-16.7,20.7,0.0075,,
0.3205,42,-15.4,20.7,0.0075,,
0.3290,43,-13.9,20.7,0.0075,,
0.3365,44,-12.9,20.7,0.0075,,
0.3450,45,-11.6,20.7,0.0085,,
0.3535,46,-10.6,20.7,0.0085,,
0.3620,47,-9.7,20.7,0.0075,,
0.3705,48,-8.4,20.7,0.0075,,
0.3785,49,-7.5,20.7,0.0075,,
0.3870,50,-6.5,20.7,0.0085,,
0.3945,51,-5.7,20.7,0.0075,,
0.4030,52,-4.7,20.7,0.0085,,
0.4115,53,-3.6,20.7,0.0075,,
0.4200,54,-2.7,20.7,0.0075,,
0.4285,55,-2.0,20.7,0.0075,,
0.4365,56,-1.1,20.7,0.0080,,
0.4445,57,-0.5,20.7,0.0080,,
0.4525,58,0.5,20.7,0.0080,,
0.4610,59,1.4,20.7,0.0075,,
0.4695,60,1.9,20.7,0.0075,,
0.4780,61,2.9,20.7,0.0075,,
0.4865,62,3.9,20.7,0.0075,,
0.4940,63,4.5,20.7,0.0075,,
0.5025,64,5.4,20.7,0.0085,,
0.5105,65,5.9,20.7,0.0075,,
0.5190,66,6.8,20.7,0.0075,,
0.5275,67,7.8,20.7,0.0075,,
0.5360,68,8.5,20.7,0.0085,,
0.5435,69,9.2,20.7,0.0075,,
0.5520,70,9.8,20.7,0.0085,,
0.5605,71,10.8,20.7,0.0075,,
0.5690,72,11.8,20.7,0.0075,,
0.5770,73,12.3,20.7,0.0075,,
0.5855,74,13.0,20.7,0.0075,,
0.5930,75,13.7,20.7,0.0075,,
0.6015,76,14.6,20.7,0.0085,,
0.6100,77,15.6,20.7,0.0075,,
0.6185,78,16.2,20.7,0.0075,,
0.6270,79,16.7,20.7,0.0075,,
0.6355,80,17.8,20.7,0.0075,,
0.6430,81,18.3,20.8,0.0075,,
0.6510,82,19.3,20.8,0.0080,,
0.6595,83,19.9,20.8,0.0085,,
0.6680,84,20.6,20.8,0.0075,,
0.6765,85,21.8,20.8,0.0075,,
0.6850,86,22.5,20.7,0.0075,,
0.6925,87,23.4,20.8,0.0075,,
0.7010,88,23.9,20.8,0.0085,,
0.7095,89,24.5,20.8,0.0085,,
0.7175,90,25.6,20.8,0.0075,,
0.7260,91,26.5,20.8,0.0075,,
0.7345,92,27.0,20.8,0.0075,,
0.7420,93,28.0,20.8,0.0075,,
0.7505,94,28.6,20.8,0.0085,,
0.7590,95,29.7,20.8,0.0085,,
0.7675,96,30.7,20.8,0.0075,,
0.7755,97,31.4,20.8,0.0075,,
0.7840,98,32.3,20.8,0.0075,,
0.7925,99,33.0,20.8,0.0085,,
0.8000,100,34.1,20.8,0.0075,,
0.8085,101,35.1,20.8,0.0085,,
0.8170,102,35.8,20.8,0.0075,,
0.8255,103,36.5,20.8,0.0075,,
0.8335,104,37.8,20.8,0.0075,,
0.8420,105,38.7,20.8,0.0075,,
0.8495,106,39.7,20.8,0.0075,,
0.8580,107,40.4,20.8,0.0085,,
0.8665,108,41.3,20.8,0.0085,,
0.8750,109,42.6,20.8,0.0075,,
0.8835,110,43.6,20.8,0.0075,,
0.8915,111,44.2,20.8,0.0075,,
0.8995,112,45.3,20.8,0.0080,,
0.9075,113,46.2,20.8,0.0080,,
0.9160,114,47.6,20.8,0.0075,,
0.9245,115,48.6,20.8,0.0075,,
0.9330,116,49.4,20.8,0.0075,,
0.9415,117,50.7,20.8,0.0075,,
0.9490,118,51.6,20.8,0.0075,,
0.9575,119,53.0,20.8,0.0085,,
0.9660,120,54.0,20.8,0.0075,,
0.9740,121,55.0,20.8,0.0075,,
0.9825,122,56.4,20.8,0.0075,,
0.9910,123,57.3,20.8,0.0085,,
0.9985,124,58.6,20.8,0.0075,,
1.0070,125,59.6,20.8,0.0085,,
1.0155,126,60.7,20.8,0.0075,,
1.0240,127,62.2,20.8,0.0075,,
1.0320,128,63.6,20.8,0.0075,,
1.0405,129,64.8,20.8,0.0085,,
1.0480,130,65.9,20.8,0.0075,,
1.0565,131,67.1,20.8,0.0085,,
1.0650,132,68.9,20.8,0.0085,,
1.0735,133,70.5,20.8,0.0075,,
1.0820,134,71.6,20.8,0.0075,,
1.0900,135,73.1,20.8,0.0075,,
1.0980,136,74.3,20.8,0.0080,,
1.1060,137,76.0,20.8,0.0080,,
1.1145,138,77.8,20.8,0.0085,,
1.1230,139,79.2,20.8,0.0075,,
1.1315,140,81.1,20.8,0.0075,,
1.1400,141,83.1,20.8,0.0075,,
1.1475,142,84.8,20.8,0.0075,,
1.1560,143,87.0,20.8,0.0085,,
1.1645,144,88.6,20.8,0.0085,,
1.1725,145,90.7,20.8,0.0075,,
1.1810,146,93.1,20.8,0.0075,,
1.1895,147,95.2,20.8,0.0075,,
1.1970,148,97.5,20.8,0.0075,,
1.2055,149,99.8,20.8,0.0085,,
1.2140,150,102.4,20.8,0.0085,,
1.2225,151,105.4,20.8,0.0075,,
1.2305,152,108.4,20.8,0.0075,,
1.2390,153,111.2,20.8,0.0075,,
1.2475,154,114.4,20.8,0.0085,,
1.2550,155,117.9,20.8,0.0075,,
1.2635,156,122.1,20.8,0.0085,,
1.2720,157,126.1,20.8,0.0075,,
1.2805,158,130.1,20.8,0.0075,,
1.2885,159,134.5,20.8,0.0075,,
1.2970,160,138.4,20.8,0.0085,,
1.3045,161,142.8,20.8,0.0075,,
1.3130,162,146.9,20.8,0.0085,,
1.3215,163,150.6,20.8,0.0075,,
1.3300,164,154.6,20.8,0.0075,,
1.3385,165,158.2,20.8,0.0075,,
1.3460,166,160.8,20.8,0.0075,,
1.3545,167,163.8,20.8,0.0085,,
1.3630,168,166.2,20.8,0.0085,,
1.3710,169,169.0,20.8,0.0075,,
1.3795,170,171.5,20.8,0.0075,,
1.3880,171,173.2,20.8,0.0075,,
1.3965,172,175.0,20.8,0.0075,,
1.4040,173,176.6,20.8,0.0075,,
1.4125,174,178.7,20.8,0.0085,,
1.4210,175,180.4,20.8,0.0075,,
1.4290,176,181.6,20.8,0.0075,,
1.4375,177,183.0,20.8,0.0075,,
1.4460,178,184.5,20.8,0.0075,,
1.4520,179,185.1,20.8,0.0075,,
1.4520,419,187.4,20.8,0.0000,,
1.4525,420,187.3,20.8,0.0005,,
1.4540,421,187.6,20.8,0.0015,,
1.4565,422,187.8,20.8,0.0025,,
1.4605,423,187.9,20.8,0.0040,,
1.4670,424,188.5,20.8,0.0065,,
1.4755,425,189.5,20.8,0.0085,,
1.4830,426,190.2,20.8,0.0085,,
1.4915,427,191.4,20.8,0.0095,,
1.5000,428,192.1,20.8,0.0085,,
1.5085,429,193.1,20.8,0.0085,,
1.5165,430,194.3,20.8,0.0080,,
1.5250,431,195.1,20.8,0.0085,,
1.5325,432,195.9,20.8,0.0085,,
1.5410,433,196.5,20.8,0.0095,,
1.5495,434,197.4,20.8,0.0095,,
1.5580,435,198.5,20.8,0.0085,,
1.5665,436,199.0,20.8,0.0085,,
1.5745,437,199.8,20.8,0.0090,,
1.5825,438,200.2,20.8,0.0090,,
1.5905,439,201.1,20.8,0.0090,,
1.5990,440,202.0,20.8,0.0095,,
1.6075,441,202.5,20.8,0.0085,,
1.6160,442,202.9,20.8,0.0085,,
1.6245,443,203.8,20.8,0.0085,,
1.6320,444,204.2,20.8,0.0085,,
1.6405,445,205.2,20.8,0.0095,,
1.6485,446,205.6,20.8,0.0090,,
1.6570,447,206.0,20.8,0.0085,,
1.6655,448,206.8,20.8,0.0085,,
1.6740,449,207.3,20.8,0.0085,,
1.6815,450,207.8,20.8,0.0085,,
1.6900,451,208.2,20.8,0.0095,,
1.6985,452,208.5,20.8,0.0095,,
1.7070,453,209.3,20.8,0.0085,,
1.7150,454,209.9,20.8,0.0080,,
1.7235,455,210.1,20.8,0.0085,,
1.7310,456,210.8,20.8,0.0085,,
1.7395,457,211.1,20.8,0.0095,,
1.7480,458,211.6,20.8,0.0095,,
1.7565,459,212.2,20.8,0.0085,,
1.7650,460,212.3,20.8,0.0085,,
1.7730,461,212.7,20.8,0.0080,,
1.7810,462,213.1,20.8,0.0090,,
1.7890,463,213.8,20.8,0.0090,,
1.7975,464,214.3,20.8,0.0095,,
1.8060,465,214.4,20.8,0.0085,,
1.8145,466,215.0,20.8,0.0085,,
1.8230,467,215.7,20.8,0.0085,,
1.8305,468,215.8,20.8,0.0085,,
1.8390,469,216.3,20.8,0.0095,,
1.8470,470,216.4,20.8,0.0090,,
1.8555,471,216.7,20.8,0.0085,,
1.8640,472,217.4,20.8,0.0085,,
1.8725,473,217.6,20.8,0.0085,,
1.8800,474,218.0,20.8,0.0085,,
1.8885,475,218.2,20.8,0.0095,,
1.8970,476,218.6,20.8,0.0095,,
1.9055,477,219.2,20.8,0.0085,,
1.9135,478,219.5,20.8,0.0080,,
1.9220,479,219.6,20.8,0.0085,,
1.9295,480,219.9,20.8,0.0085,,
1.9380,481,220.4,20.8,0.0095,,
1.9465,482,220.9,20.8,0.0095,,
1.9550,483,221.0,20.8,0.0085,,
1.9635,484,221.0,20.8,0.0085,,
1.9715,485,221.6,20.8,0.0080,,
1.9800,486,221.7,20.8,0.0095,,
1.9875,487,222.3,20.8,0.0085,,
1.9960,488,222.4,20.8,0.0095,,
2.0045,489,222.6,20.8,0.0085,,
2.0130,490,223.2,20.8,0.0085,,
2.0215,491,223.6,20.8,0.0085,,
2.0300,492,223.9,20.8,0.0095,,
2.0375,493,224.0,20.8,0.0085,,
2.0455,494,224.0,20.8,0.0090,,
2.0540,495,224.5,20.8,0.0085,,
2.0625,496,224.9,20.8,0.0085,,
2.0710,497,224.9,20.8,0.0085,,
2.0795,498,225.2,20.8,0.0085,,
2.0870,499,225.2,20.8,0.0085,,
2.0955,500,225.8,20.8,0.0095,,
2.1035,501,226.2,20.8,0.0090,,
2.1120,502,226.2,20.8,0.0085,,
2.1205,503,226.5,20.8,0.0085,,
2.1290,504,227.0,20.8,0.0085,,
2.1365,505,227.1,20.8,0.0085,,
2.1450,506,227.6,20.8,0.0095,,
2.1535,507,227.5,20.8,0.0085,,
2.1620,508,227.8,20.8,0.0085,,
2.1700,509,228.2,20.8,0.0080,,
2.1785,510,228.4,20.8,0.0085,,
2.1860,511,228.6,20.8,0.0085,,
2.1945,512,228.5,20.8,0.0095,,
2.2030,513,228.7,20.8,0.0095,,
2.2115,514,229.3,20.8,0.0085,,
2.2200,515,229.5,20.8,0.0085,,
2.2280,516,229.4,20.8,0.0080,,
2.2360,517,229.8,20.8,0.0090,,
2.2440,518,229.8,20.8,0.0090,,
2.2525,519,230.3,20.8,0.0095,,
2.2610,520,230.6,20.8,0.0085,,
2.2695,521,230.6,20.8,0.0085,,
2.2780,522,230.8,20.8,0.0085,,
2.2860,523,230.9,20.8,0.0090,,
2.2940,524,231.4,20.8,0.0090,,
2.3020,525,231.5,20.8,0.0090,,
2.3105,526,231.6,20.8,0.0085,,
2.3190,527,231.8,20.8,0.0085,,
2.3275,528,232.3,20.8,0.0085,,
2.3360,529,232.4,20.8,0.0095,,
2.3435,530,232.6,20.8,0.0085,,
2.3520,531,232.5,20.8,0.0095,,
2.3605,532,233.1,20.8,0.0085,,
2.3685,533,233.4,20.8,0.0080,,
2.3770,534,233.3,20.8,0.0085,,
2.3845,535,233.6,20.8,0.0085,,
2.3930,536,233.6,20.8,0.0095,,
2.4010,537,234.1,20.8,0.0090,,
2.4085,538,234.2,20.8,0.0075,,
2.4145,539,234.0,20.8,0.0060,,
2.4190,540,234.3,20.8,0.0045,,
2.4200,541,234.3,20.8,0.0010,,
2.4205,542,234.6,20.8,0.0005,,
2.4210,543,234.4,20.8,0.0005,,
2.4220,544,234.3,20.8,0.0010,,
2.4225,545,234.6,20.8,0.0005,,
2.4230,546,234.8,20.8,0.0005,,
2.4240,547,234.8,20.8,0.0010,,
2.4245,548,234.7,20.8,0.0005,,
2.4250,549,234.4,20.8,0.0005,,
2.4265,550,234.7,20.8,0.0015,,
2.4275,551,234.7,20.8,0.0010,,
2.4290,552,234.8,20.8,0.0015,,
2.4300,553,234.6,20.8,0.0010,,
2.4310,554,234.4,20.8,0.0010,,
2.4315,555,234.8,20.8,0.0005,,
2.4325,556,235.0,20.8,0.0015,,
Scope 1/1, Sample 19/60 (T11_12)
Result,TitrationEP1
V,t,E,T,dV/dt,E acc. stat.,Volume acc. stat.
0.0000,0,-75.8,20.7,NaN,,
0.0010,1,-75.7,20.7,0.0010,,
0.0025,2,-75.6,20.7,0.0015,,
0.0050,3,-75.8,20.7,0.0025,,
0.0090,4,-75.6,20.7,0.0035,,
0.0150,5,-75.7,20.7,0.0055,,
0.0235,6,-75.1,20.7,0.0075,,
0.0320,7,-74.3,20.7,0.0075,,
0.0405,8,-73.6,20.7,0.0075,,
0.0485,9,-72.5,20.7,0.0075,,
0.0565,10,-71.5,20.7,0.0075,,
0.0645,11,-70.0,20.7,0.0075,,
0.0730,12,-68.5,20.7,0.0075,,
0.0815,13,-67.4,20.7,0.0075,,
0.0900,14,-65.9,20.7,0.0075,,
0.0985,15,-64.0,20.7,0.0075,,
0.1065,16,-62.7,20.7,0.0075,,
0.1145,17,-60.8,20.7,0.0075,,
0.1225,18,-59.2,20.7,0.0075,,
0.1310,19,-57.5,20.7,0.0075,,
0.1395,20,-55.4,20.7,0.0075,,
0.1480,21,-53.3,20.7,0.0075,,
0.1565,22,-51.4,20.7,0.0070,,
0.1640,23,-49.3,20.7,0.0070,,
0.1725,24,-47.1,20.7,0.0075,,
0.1805,25,-44.4,20.7,0.0075,,
0.1890,26,-41.8,20.7,0.0075,,
0.1975,27,-39.5,20.7,0.0075,,
0.2060,28,-36.9,20.7,0.0070,,
0.2135,29,-34.7,20.7,0.0070,,
0.2220,30,-31.9,20.7,0.0075,,
0.2305,31,-29.4,20.7,0.0075,,
0.2390,32,-27.4,20.7,0.0075,,
0.2470,33,-25.3,20.7,0.0075,,
0.2555,34,-23.1,20.7,0.0075,,
0.2630,35,-21.7,20.7,0.0070,,
0.2715,36,-19.9,20.7,0.0075,,
0.2800,37,-18.6,20.7,0.0075,,
0.2885,38,-17.1,20.7,0.0075,,
0.2970,39,-15.5,20.7,0.0075,,
0.3050,40,-14.4,20.7,0.0075,,
0.3130,41,-13.0,20.7,0.0075,,
0.3210,42,-12.1,20.7,0.0075,,
0.3295,43,-10.8,20.7,0.0075,,
0.3380,44,-9.5,20.7,0.0075,,
0.3465,45,-8.8,20.7,0.0075,,
0.3550,46,-7.8,20.7,0.0070,,
0.3625,47,-6.9,20.7,0.0070,,
0.3710,48,-5.5,20.7,0.0075,,
0.3795,49,-4.4,20.7,0.0075,,
0.3880,50,-3.7,20.7,0.0075,,
0.3960,51,-2.7,20.7,0.0075,,
0.4045,52,-2.0,20.7,0.0075,,
0.4120,53,-0.9,20.7,0.0070,,
0.4205,54,-0.1,20.7,0.0075,,
0.4290,55,0.5,20.7,0.0075,,
0.4375,56,1.4,20.7,0.0075,,
0.4460,57,2.4,20.7,0.0075,,
0.4535,58,3.2,20.7,0.0070,,
0.4620,59,3.9,20.7,0.0075,,
0.4700,60,4.5,20.7,0.0075,,
0.4785,61,5.5,20.7,0.0075,,
0.4870,62,6.4,20.7,0.0075,,
0.4955,63,7.0,20.7,0.0075,,
0.5030,64,7.8,20.7,0.0070,,
0.5115,65,8.4,20.7,0.0075,,
0.5200,66,9.4,20.7,0.0075,,
0.5285,67,10.2,20.7,0.0075,,
0.5365,68,10.8,20.7,0.0075,,
0.5450,69,11.5,20.7,0.0075,,
0.5535,70,12.3,20.7,0.0075,,
0.5610,71,13.2,20.7,0.0070,,
0.5695,72,14.2,20.7,0.0075,,
0.5780,73,14.7,20.7,0.0075,,
0.5865,74,15.4,20.7,0.0075,,
0.5945,75,16.5,20.7,0.0075,,
0.6030,76,17.1,20.7,0.0075,,
0.6105,77,18.1,20.7,0.0070,,
0.6190,78,18.6,20.7,0.0075,,
0.6275,79,19.3,20.7,0.0075,,
0.6360,80,20.4,20.7,0.0075,,
0.6445,81,21.0,20.7,0.0075,,
0.6525,82,21.8,20.7,0.0075,,
0.6605,83,22.4,20.7,0.0075,,
0.6685,84,23.1,20.7,0.0075,,
0.6770,85,24.2,20.7,0.0075,,
0.6855,86,24.9,20.7,0.0075,,
0.6940,87,25.5,20.7,0.0075,,
0.7025,88,26.4,20.7,0.0070,,
0.7100,89,27.0,20.7,0.0070,,
0.7185,90,28.1,20.7,0.0075,,
0.7270,91,28.9,20.7,0.0075,,
0.7350,92,29.5,20.7,0.0075,,
0.7435,93,30.6,20.7,0.0075,,
0.7520,94,31.2,20.7,0.0075,,
0.7595,95,32.4,20.7,0.0070,,
0.7680,96,33.1,20.7,0.0075,,
0.7765,97,33.8,20.7,0.0075,,
0.7850,98,34.8,20.7,0.0075,,
0.7930,99,35.9,20.7,0.0075,,
0.8015,100,36.4,20.7,0.0070,,
0.8090,101,37.4,20.7,0.0070,,
0.8175,102,38.1,20.7,0.0075,,
0.8260,103,39.2,20.7,0.0075,,
0.8345,104,40.3,20.7,0.0075,,
0.8430,105,41.0,20.7,0.0075,,
0.8510,106,41.9,20.7,0.0075,,
0.8590,107,42.7,20.7,0.0075,,
0.8670,108,43.9,20.7,0.0075,,
0.8755,109,45.1,20.7,0.0075,,
0.8840,110,45.6,20.7,0.0075,,
0.8925,111,46.7,20.7,0.0075,,
0.9010,112,48.0,20.7,0.0070,,
0.9085,113,48.9,20.7,0.0070,,
0.9170,114,49.9,20.7,0.0075,,
0.9255,115,50.7,20.7,0.0075,,
0.9335,116,51.8,20.7,0.0075,,
0.9420,117,53.1,20.7,0.0075,,
0.9505,118,54.1,20.7,0.0075,,
0.9580,119,55.2,20.7,0.0070,,
0.9665,120,56.2,20.7,0.0075,,
0.9750,121,57.5,20.7,0.0075,,
0.9835,122,58.8,20.7,0.0075,,
0.9915,123,59.8,20.7,0.0075,,
1.0000,124,60.8,20.7,0.0075,,
1.0075,125,61.9,20.7,0.0070,,
1.0160,126,63.4,20.7,0.0075,,
1.0245,127,64.8,20.7,0.0075,,
1.0330,128,65.9,20.7,0.0075,,
1.0415,129,67.0,20.7,0.0075,,
1.0500,130,68.6,20.7,0.0075,,
1.0575,131,69.7,20.7,0.0070,,
1.0660,132,71.3,20.7,0.0075,,
1.0740,133,72.4,20.7,0.0075,,
1.0825,134,73.7,20.7,0.0075,,
1.0910,135,75.5,20.7,0.0075,,
1.0995,136,77.0,20.8,0.0075,,
1.1070,137,78.5,20.7,0.0070,,
1.1155,138,79.9,20.7,0.0075,,
1.1240,139,81.4,20.7,0.0075,,
1.1320,140,83.2,20.7,0.0075,,
1.1405,141,85.0,20.8,0.0075,,
1.1490,142,86.5,20.8,0.0075,,
1.1565,143,88.3,20.8,0.0070,,
1.1650,144,90.3,20.8,0.0075,,
1.1735,145,92.6,20.8,0.0075,,
1.1820,146,94.7,20.8,0.0075,,
1.1905,147,96.6,20.8,0.0075,,
1.1985,148,99.1,20.8,0.0075,,
1.2060,149,101.0,20.8,0.0070,,
1.2145,150,103.8,20.8,0.0075,,
1.2230,151,106.5,20.8,0.0075,,
1.2315,152,109.2,20.8,0.0075,,
1.2400,153,112.4,20.8,0.0075,,
1.2485,154,115.8,20.8,0.0075,,
1.2565,155,118.9,20.8,0.0075,,
1.2645,156,122.7,20.8,0.0075,,
1.2725,157,126.1,20.8,0.0075,,
1.2810,158,130.2,20.8,0.0075,,
1.2895,159,134.6,20.8,0.0075,,
1.2980,160,138.6,20.8,0.0075,,
1.3065,161,142.6,20.8,0.0075,,
1.3140,162,146.5,20.8,0.0070,,
1.3225,163,150.5,20.8,0.0075,,
1.3305,164,154.5,20.8,0.0075,,
1.3390,165,157.7,20.8,0.0075,,
1.3475,166,160.6,20.8,0.0075,,
1.3560,167,163.3,20.8,0.0075,,
1.3635,168,166.2,20.8,0.0070,,
1.3720,169,168.8,20.8,0.0075,,
1.3805,170,170.8,20.8,0.0075,,
1.3890,171,172.9,20.8,0.0075,,
1.3970,172,175.1,20.8,0.0075,,
1.4055,173,176.7,20.8,0.0075,,
1.4130,174,178.6,20.8,0.0070,,
1.4215,175,180.0,20.8,0.0075,,
1.4300,176,181.4,20.8,0.0075,,
1.4385,177,183.1,20.8,0.0075,,
1.4470,178,184.5,20.8,0.0075,,
1.4540,179,185.1,20.8,0.0065,,
1.4540,419,187.3,20.8,0.0000,,
1.4545,420,187.6,20.8,0.0005,,
1.4560,421,187.4,20.8,0.0015,,
1.4585,422,187.4,20.8,0.0025,,
1.4625,423,187.8,20.8,0.0035,,
1.4685,424,188.5,20.8,0.0050,,
1.4765,425,189.1,20.8,0.0065,,
1.4845,426,190.3,20.8,0.0075,,
1.4925,427,191.1,20.8,0.0075,,
1.5010,428,192.2,20.8,0.0075,,
1.5095,429,193.3,20.8,0.0070,,
1.5180,430,194.0,20.8,0.0070,,
1.5265,431,194.9,20.8,0.0070,,
1.5340,432,195.6,20.8,0.0070,,
1.5425,433,196.7,20.8,0.0075,,
1.5505,434,197.5,20.8,0.0075,,
1.5590,435,198.1,20.8,0.0070,,
1.5675,436,198.8,20.8,0.0070,,
1.5760,437,200.0,20.8,0.0070,,
1.5835,438,200.4,20.8,0.0070,,
1.5920,439,201.2,20.8,0.0075,,
1.6005,440,201.5,20.8,0.0075,,
1.6090,441,202.2,20.8,0.0070,,
1.6170,442,203.2,20.8,0.0065,,
1.6255,443,203.9,20.8,0.0070,,
1.6330,444,204.6,20.8,0.0070,,
1.6415,445,204.8,20.8,0.0075,,
1.6500,446,205.3,20.8,0.0075,,
1.6585,447,206.2,20.8,0.0070,,
1.6670,448,206.7,20.8,0.0070,,
1.6750,449,206.9,20.8,0.0065,,
1.6835,450,207.6,20.8,0.0075,,
1.6910,451,208.0,20.8,0.0070,,
1.6995,452,208.8,20.8,0.0075,,
1.7080,453,209.3,20.8,0.0070,,
1.7165,454,209.5,20.8,0.0070,,
1.7250,455,210.2,20.8,0.0070,,
1.7325,456,210.5,20.8,0.0070,,
1.7410,457,211.3,20.8,0.0075,,
1.7490,458,211.6,20.8,0.0075,,
1.7575,459,211.8,20.8,0.0070,,
1.7660,460,212.5,20.8,0.0070,,
1.7745,461,213.1,20.8,0.0070,,
1.7830,462,213.4,20.8,0.0075,,
1.7905,463,213.8,20.8,0.0070,,
1.7990,464,214.0,20.8,0.0075,,
1.8075,465,214.6,20.8,0.0070,,
1.8155,466,215.2,20.8,0.0065,,
1.8240,467,215.3,20.8,0.0070,,
1.8325,468,215.8,20.8,0.0075,,
1.8400,469,216.0,20.8,0.0070,,
1.8485,470,216.5,20.8,0.0075,,
1.8570,471,217.0,20.8,0.0070,,
1.8655,472,217.2,20.8,0.0070,,
1.8735,473,217.5,20.8,0.0065,,
1.8820,474,218.1,20.8,0.0070,,
1.8895,475,218.4,20.8,0.0070,,
1.8980,476,218.9,20.8,0.0075,,
1.9065,477,219.0,20.8,0.0075,,
1.9150,478,219.3,20.8,0.0070,,
1.9235,479,219.9,20.8,0.0070,,
1.9320,480,220.2,20.8,0.0075,,
1.9395,481,220.6,20.8,0.0070,,
1.9480,482,220.6,20.8,0.0075,,
1.9560,483,221.0,20.8,0.0065,,
1.9645,484,221.6,20.8,0.0070,,
1.9730,485,221.8,20.8,0.0070,,
1.9815,486,221.8,20.8,0.0070,,
1.9890,487,222.1,20.8,0.0070,,
1.9975,488,222.4,20.8,0.0070,,
2.0060,489,222.9,20.8,0.0070,,
2.0140,490,223.1,20.8,0.0065,,
2.0225,491,223.2,20.8,0.0070,,
2.0310,492,223.7,20.8,0.0070,,
2.0385,493,223.8,20.8,0.0070,,
2.0470,494,224.4,20.8,0.0075,,
2.0555,495,224.7,20.8,0.0075,,
2.0640,496,224.7,20.8,0.0070,,
2.0720,497,225.1,20.8,0.0065,,
2.0805,498,225.5,20.8,0.0070,,
2.0880,499,225.8,20.8,0.0070,,
2.0965,500,225.8,20.8,0.0075,,
2.1050,501,225.9,20.8,0.0075,,
2.1135,502,226.3,20.8,0.0070,,
2.1220,503,226.8,20.8,0.0070,,
2.1305,504,226.8,20.8,0.0070,,
2.1380,505,227.2,20.8,0.0070,,
2.1460,506,227.2,20.8,0.0075,,
2.1545,507,227.6,20.8,0.0075,,
2.1630,508,228.0,20.8,0.0070,,
2.1715,509,228.0,20.8,0.0070,,
2.1800,510,228.2,20.8,0.0070,,
2.1875,511,228.5,20.8,0.0070,,
2.1960,512,228.8,20.8,0.0075,,
2.2045,513,229.2,20.8,0.0075,,
2.2125,514,229.2,20.8,0.0065,,
2.2210,515,229.3,20.8,0.0070,,
2.2295,516,229.8,20.8,0.0070,,
2.2370,517,229.8,20.8,0.0070,,
2.2455,518,230.3,20.8,0.0075,,
2.2540,519,230.2,20.8,0.0075,,
2.2625,520,230.4,20.8,0.0070,,
2.2705,521,230.9,20.8,0.0065,,
2.2790,522,231.0,20.8,0.0070,,
2.2865,523,231.3,20.8,0.0070,,
2.2950,524,231.2,20.8,0.0075,,
2.3035,525,231.4,20.8,0.0075,,
2.3120,526,232.0,20.8,0.0070,,
2.3205,527,232.0,20.8,0.0070,,
2.3290,528,232.0,20.8,0.0070,,
2.3370,529,232.3,20.8,0.0075,,
2.3445,530,232.4,20.8,0.0070,,
2.3530,531,233.0,20.8,0.0075,,
2.3615,532,233.1,20.8,0.0070,,
2.3700,533,232.9,20.8,0.0070,,
2.3785,534,233.4,20.8,0.0070,,
2.3870,535,233.4,20.8,0.0075,,
2.3940,536,233.8,20.8,0.0065,,
2.4020,537,234.0,20.8,0.0075,,
2.4090,538,233.9,20.8,0.0060,,
2.4095,539,234.2,20.8,0.0005,,
2.4100,540,234.4,20.8,0.0005,,
2.4105,541,234.5,20.8,0.0005,,
2.4115,542,234.2,20.8,0.0010,,
2.4130,543,234.1,20.8,0.0015,,
2.4150,544,234.4,20.8,0.0015,,
2.4165,545,234.5,20.8,0.0010,,
2.4170,546,234.2,20.8,0.0005,,
2.4175,547,234.6,20.8,0.0005,,
2.4185,548,234.3,20.8,0.0010,,
2.4185,549,234.6,20.8,0.0000,,
2.4195,550,234.8,20.8,0.0010,,
2.4200,551,234.5,20.8,0.0005,,
2.4210,552,234.5,20.8,0.0010,,
2.4220,553,234.4,20.8,0.0010,,
2.4230,554,234.6,20.8,0.0010,,
2.4235,555,234.8,20.8,0.0005,,
2.4240,556,234.5,20.8,0.0005,,
2.4240,557,234.5,20.8,0.0000,,
2.4255,558,234.8,20.8,0.0010,,
2.4260,559,234.7,20.8,0.0005,,
2.4265,560,234.9,20.8,0.0005,,
2.4270,561,234.6,20.8,0.0005,,
2.4280,562,234.5,20.8,0.0010,,
2.4295,563,234.8,20.8,0.0010,,
2.4305,564,234.9,20.8,0.0010,,
2.4315,565,235.0,20.8,0.0010,,
Scope 1/1, Sample 20/60 (T12_12)
Result,TitrationEP1
V,t,E,T,dV/dt,E acc. stat.,Volume acc. stat.
0.0000,0,-76.0,20.7,NaN,,
0.0010,1,-75.9,20.7,0.0010,,
0.0025,2,-76.1,20.7,0.0015,,
0.0050,3,-75.9,20.7,0.0025,,
0.0095,4,-75.6,20.7,0.0035,,
0.0160,5,-75.4,20.7,0.0060,,
0.0235,6,-75.1,20.7,0.0070,,
0.0320,7,-74.4,20.7,0.0075,,
0.0405,8,-73.2,20.7,0.0075,,
0.0490,9,-72.0,20.7,0.0075,,
0.0570,10,-71.1,20.7,0.0065,,
0.0655,11,-69.8,20.7,0.0075,,
0.0730,12,-68.5,20.7,0.0070,,
0.0815,13,-66.9,20.7,0.0075,,
0.0900,14,-65.5,20.7,0.0075,,
0.0985,15,-64.2,20.7,0.0070,,
0.1070,16,-62.3,20.7,0.0070,,
0.1145,17,-60.7,20.7,0.0070,,
0.1230,18,-58.6,20.7,0.0075,,
0.1310,19,-56.8,20.7,0.0075,,
0.1395,20,-55.0,20.7,0.0075,,
0.1480,21,-52.7,20.7,0.0070,,
0.1565,22,-50.3,20.7,0.0070,,
0.1640,23,-48.2,20.7,0.0070,,
0.1725,24,-46.0,20.7,0.0075,,
0.1810,25,-43.6,20.7,0.0075,,
0.1895,26,-40.9,20.7,0.0075,,
0.1975,27,-38.1,20.7,0.0065,,
0.2060,28,-35.7,20.7,0.0070,,
0.2145,29,-33.1,20.7,0.0075,,
0.2220,30,-30.8,20.7,0.0070,,
0.2305,31,-28.1,20.7,0.0075,,
0.2390,32,-25.7,20.7,0.0075,,
0.2475,33,-24.0,20.7,0.0070,,
0.2560,34,-21.9,20.7,0.0070,,
0.2640,35,-20.3,20.7,0.0075,,
0.2715,36,-18.4,20.7,0.0070,,
0.2800,37,-16.7,20.7,0.0075,,
0.2885,38,-15.5,20.7,0.0075,,
0.2970,39,-14.1,20.7,0.0070,,
0.3055,40,-12.5,20.7,0.0070,,
0.3140,41,-11.6,20.7,0.0075,,
0.3215,42,-10.4,20.7,0.0070,,
0.3295,43,-9.4,20.7,0.0075,,
0.3380,44,-8.3,20.7,0.0075,,
0.3465,45,-6.9,20.7,0.0075,,
0.3550,46,-5.8,20.7,0.0070,,
0.3635,47,-4.9,20.7,0.0070,,
0.3710,48,-3.9,20.7,0.0070,,
0.3795,49,-3.1,20.7,0.0075,,
0.3880,50,-2.0,20.7,0.0075,,
0.3960,51,-1.1,20.7,0.0075,,
0.4045,52,-0.6,20.7,0.0070,,
0.4130,53,0.4,20.7,0.0070,,
0.4205,54,1.0,20.7,0.0070,,
0.4290,55,2.1,20.7,0.0075,,
0.4375,56,3.0,20.7,0.0075,,
0.4460,57,3.6,20.7,0.0075,,
0.4540,58,4.6,20.7,0.0065,,
0.4625,59,5.6,20.7,0.0070,,
0.4700,60,6.4,20.7,0.0070,,
0.4785,61,7.2,20.7,0.0075,,
0.4870,62,7.8,20.7,0.0075,,
0.4955,63,8.8,20.7,0.0075,,
0.5040,64,9.8,20.7,0.0070,,
0.5120,65,10.4,20.7,0.0065,,
0.5200,66,11.2,20.7,0.0075,,
0.5280,67,11.7,20.7,0.0075,,
0.5365,68,12.7,20.7,0.0075,,
0.5450,69,13.7,20.7,0.0075,,
0.5535,70,14.1,20.7,0.0070,,
0.5620,71,14.8,20.7,0.0070,,
0.5695,72,15.5,20.7,0.0070,,
0.5780,73,16.6,20.7,0.0075,,
0.5865,74,17.5,20.7,0.0075,,
0.5945,75,18.0,20.7,0.0075,,
0.6030,76,18.9,20.7,0.0070,,
0.6115,77,19.9,20.7,0.0070,,
0.6190,78,20.3,20.7,0.0070,,
0.6275,79,21.3,20.7,0.0075,,
0.6360,80,21.8,20.7,0.0075,,
0.6445,81,22.5,20.7,0.0075,,
0.6525,82,23.6,20.7,0.0065,,
0.6610,83,24.4,20.7,0.0070,,
0.6685,84,25.3,20.7,0.0070,,
0.6770,85,25.8,20.7,0.0075,,
0.6855,86,26.6,20.7,0.0075,,
0.6940,87,27.7,20.7,0.0075,,
0.7025,88,28.4,20.7,0.0070,,
0.7110,89,29.0,20.7,0.0070,,
0.7185,90,29.8,20.7,0.0070,,
0.7265,91,30.6,20.7,0.0075,,
0.7350,92,31.8,20.7,0.0075,,
0.7435,93,32.4,20.7,0.0075,,
0.7520,94,33.2,20.7,0.0070,,
0.7605,95,34.3,20.7,0.0070,,
0.7690,96,35.1,20.7,0.0075,,
0.7765,97,36.3,20.7,0.0070,,
0.7850,98,37.1,20.7,0.0075,,
0.7930,99,37.7,20.7,0.0075,,
0.8015,100,38.9,20.7,0.0075,,
0.8100,101,40.0,20.7,0.0070,,
0.8185,102,40.8,20.7,0.0075,,
0.8260,103,41.5,20.7,0.0070,,
0.8345,104,42.3,20.7,0.0075,,
0.8430,105,43.4,20.7,0.0075,,
0.8510,106,44.6,20.7,0.0075,,
0.8595,107,45.3,20.7,0.0070,,
0.8680,108,46.4,20.7,0.0075,,
0.8755,109,47.1,20.7,0.0070,,
0.8840,110,48.4,20.7,0.0075,,
0.8925,111,49.6,20.7,0.0075,,
0.9010,112,50.3,20.7,0.0075,,
0.9090,113,51.2,20.7,0.0065,,
0.9175,114,52.5,20.7,0.0070,,
0.9250,115,53.4,20.7,0.0070,,
0.9335,116,54.8,20.7,0.0075,,
0.9420,117,55.8,20.7,0.0075,,
0.9505,118,56.7,20.7,0.0075,,
0.9590,119,58.1,20.7,0.0070,,
0.9670,120,59.3,20.7,0.0065,,
0.9750,121,60.3,20.7,0.0075,,
0.9830,122,61.3,20.7,0.0075,,
0.9915,123,62.3,20.7,0.0075,,
1.0000,124,63.8,20.7,0.0075,,
1.0085,125,65.0,20.7,0.0070,,
1.0170,126,66.0,20.7,0.0070,,
1.0245,127,67.2,20.7,0.0070,,
1.0330,128,68.4,20.7,0.0075,,
1.0415,129,69.9,20.7,0.0075,,
1.0495,130,71.3,20.7,0.0075,,
1.0580,131,72.4,20.7,0.0070,,
1.0665,132,74.0,20.7,0.0070,,
1.0750,133,75.4,20.7,0.0075,,
1.0825,134,77.1,20.7,0.0070,,
1.0910,135,78.6,20.7,0.0075,,
1.0995,136,79.9,20.7,0.0075,,
1.1075,137,81.7,20.7,0.0065,,
1.1160,138,83.4,20.7,0.0070,,
1.1235,139,85.0,20.7,0.0070,,
1.1320,140,86.7,20.7,0.0075,,
1.1405,141,88.2,20.7,0.0075,,
1.1490,142,90.2,20.7,0.0075,,
1.1575,143,92.2,20.7,0.0070,,
1.1660,144,93.9,20.8,0.0070,,
1.1735,145,95.7,20.7,0.0070,,
1.1820,146,97.8,20.8,0.0075,,
1.1900,147,100.4,20.8,0.0075,,
1.1985,148,102.9,20.8,0.0075,,
1.2070,149,105.2,20.8,0.0070,,
1.2155,150,107.9,20.8,0.0070,,
1.2230,151,110.4,20.7,0.0070,,
1.2315,152,113.5,20.8,0.0075,,
1.2400,153,116.8,20.8,0.0075,,
1.2480,154,120.0,20.8,0.0075,,
1.2565,155,123.6,20.8,0.0070,,
1.2650,156,127.6,20.8,0.0070,,
1.2725,157,130.9,20.8,0.0070,,
1.2810,158,134.9,20.8,0.0075,,
1.2895,159,138.8,20.8,0.0075,,
1.2980,160,142.8,20.8,0.0075,,
1.3065,161,147.1,20.8,0.0070,,
1.3145,162,150.6,20.8,0.0065,,
1.3230,163,154.2,20.8,0.0075,,
1.3305,164,157.6,20.8,0.0070,,
1.3390,165,160.7,20.8,0.0075,,
1.3475,166,163.8,20.8,0.0075,,
1.3560,167,166.4,20.8,0.0075,,
1.3645,168,168.7,20.8,0.0070,,
1.3725,169,171.0,20.8,0.0065,,
1.3800,170,172.7,20.8,0.0070,,
1.3885,171,175.0,20.8,0.0075,,
1.3970,172,176.8,20.8,0.0075,,
1.4055,173,178.3,20.8,0.0075,,
1.4140,174,180.0,20.8,0.0070,,
1.4225,175,181.8,20.8,0.0070,,
1.4300,176,183.0,20.8,0.0070,,
1.4385,177,184.3,20.8,0.0075,,
1.4435,178,185.0,20.8,0.0070,,
1.4435,418,187.0,20.8,0.0000,,
1.4440,419,186.7,20.8,0.0005,,
1.4455,420,186.8,20.8,0.0020,,
1.4480,421,187.2,20.8,0.0030,,
1.4520,422,187.4,20.8,0.0045,,
1.4585,423,187.8,20.8,0.0070,,
1.4665,424,188.9,20.8,0.0090,,
1.4745,425,189.7,20.8,0.0100,,
1.4825,426,191.1,20.8,0.0100,,
1.4910,427,192.0,20.8,0.0105,,
1.4995,428,192.6,20.8,0.0095,,
1.5080,429,193.9,20.8,0.0095,,
1.5165,430,194.9,20.8,0.0095,,
1.5240,431,195.8,20.8,0.0095,,
1.5325,432,196.4,20.8,0.0105,,
1.5405,433,197.0,20.8,0.0100,,
1.5490,434,198.0,20.8,0.0095,,
1.5575,435,199.0,20.8,0.0095,,
1.5660,436,199.5,20.8,0.0095,,
1.5735,437,200.3,20.8,0.0095,,
1.5820,438,200.9,20.8,0.0105,,
1.5905,439,201.7,20.8,0.0105,,
1.5985,440,202.6,20.8,0.0090,,
1.6070,441,203.0,20.8,0.0095,,
1.6155,442,203.5,20.8,0.0095,,
1.6230,443,204.1,20.8,0.0095,,
1.6315,444,204.9,20.8,0.0105,,
1.6400,445,205.6,20.8,0.0105,,
1.6485,446,205.9,20.8,0.0095,,
1.6565,447,206.5,20.8,0.0090,,
1.6650,448,207.3,20.8,0.0095,,
1.6735,449,207.6,20.8,0.0105,,
1.6810,450,208.3,20.8,0.0095,,
1.6895,451,208.6,20.8,0.0105,,
1.6980,452,209.0,20.8,0.0095,,
1.7065,453,209.8,20.8,0.0095,,
1.7145,454,210.3,20.8,0.0090,,
1.7230,455,210.6,20.8,0.0095,,
1.7305,456,211.3,20.8,0.0095,,
1.7390,457,211.5,20.8,0.0105,,
1.7475,458,212.1,20.8,0.0105,,
1.7560,459,212.7,20.8,0.0095,,
1.7645,460,212.8,20.8,0.0095,,
1.7725,461,213.2,20.8,0.0090,,
1.7805,462,213.6,20.8,0.0100,,
1.7885,463,214.1,20.8,0.0100,,
1.7970,464,214.7,20.8,0.0105,,
1.8055,465,215.0,20.8,0.0095,,
1.8140,466,215.2,20.8,0.0095,,
1.8225,467,215.9,20.8,0.0095,,
1.8305,468,216.2,20.8,0.0100,,
1.8385,469,216.7,20.8,0.0100,,
1.8465,470,216.9,20.8,0.0100,,
1.8550,471,217.1,20.8,0.0095,,
1.8635,472,217.8,20.8,0.0095,,
1.8720,473,218.2,20.8,0.0095,,
1.8805,474,218.3,20.8,0.0095,,
1.8880,475,218.8,20.8,0.0095,,
1.8965,476,219.0,20.8,0.0105,,
1.9045,477,219.5,20.8,0.0100,,
1.9130,478,219.9,20.8,0.0095,,
1.9215,479,219.8,20.8,0.0095,,
1.9300,480,220.3,20.8,0.0105,,
1.9375,481,220.5,20.8,0.0095,,
1.9460,482,221.1,20.8,0.0105,,
1.9545,483,221.4,20.8,0.0095,,
1.9630,484,221.5,20.8,0.0095,,
1.9715,485,222.1,20.8,0.0095,,
1.9790,486,222.3,20.8,0.0095,,
1.9875,487,222.8,20.8,0.0105,,
1.9955,488,222.8,20.8,0.0100,,
2.0040,489,223.1,20.8,0.0095,,
2.0125,490,223.6,20.8,0.0095,,
2.0210,491,223.9,20.8,0.0095,,
2.0285,492,224.3,20.8,0.0095,,
2.0370,493,224.2,20.8,0.0105,,
2.0455,494,224.4,20.8,0.0105,,
2.0540,495,224.9,20.8,0.0095,,
2.0620,496,225.1,20.8,0.0090,,
2.0705,497,225.2,20.8,0.0095,,
2.0780,498,225.6,20.8,0.0095,,
2.0865,499,225.8,20.8,0.0105,,
2.0950,500,226.3,20.8,0.0105,,
2.1035,501,226.6,20.8,0.0095,,
2.1120,502,226.5,20.8,0.0095,,
2.1200,503,226.8,20.8,0.0090,,
2.1280,504,227.0,20.8,0.0100,,
2.1360,505,227.5,20.8,0.0100,,
2.1445,506,227.7,20.8,0.0105,,
2.1530,507,227.7,20.8,0.0095,,
2.1615,508,228.1,20.8,0.0095,,
2.1700,509,228.5,20.8,0.0095,,
2.1780,510,228.7,20.8,0.0100,,
2.1860,511,228.9,20.8,0.0100,,
2.1940,512,228.8,20.8,0.0100,,
2.2025,513,229.2,20.8,0.0095,,
2.2110,514,229.6,20.8,0.0095,,
2.2195,515,229.6,20.8,0.0095,,
2.2280,516,230.0,20.8,0.0105,,
2.2355,517,229.9,20.8,0.0095,,
2.2440,518,230.3,20.8,0.0105,,
2.2525,519,230.7,20.8,0.0095,,
2.2605,520,230.7,20.8,0.0090,,
2.2690,521,230.8,20.8,0.0095,,
2.2775,522,230.9,20.8,0.0105,,
2.2850,523,231.4,20.8,0.0095,,
2.2935,524,231.8,20.8,0.0105,,
2.3020,525,231.7,20.8,0.0095,,
2.3105,526,231.8,20.8,0.0095,,
2.3185,527,232.4,20.8,0.0090,,
2.3270,528,232.4,20.8,0.0105,,
2.3345,529,232.8,20.8,0.0095,,
2.3430,530,232.7,20.8,0.0105,,
2.3515,531,232.9,20.8,0.0095,,
2.3600,532,233.4,20.8,0.0095,,
2.3685,533,233.5,20.8,0.0095,,
2.3765,534,233.9,20.8,0.0100,,
2.3840,535,233.7,20.8,0.0095,,
2.3920,536,233.8,20.8,0.0100,,
2.3985,537,234.4,20.8,0.0070,,
2.3995,538,234.2,20.8,0.0010,,
2.4000,539,234.0,20.8,0.0005,,
2.4005,540,234.1,20.8,0.0005,,
2.4015,541,234.2,20.8,0.0010,,
2.4020,542,234.6,20.8,0.0005,,
2.4025,543,234.5,20.8,0.0005,,
2.4030,544,234.1,20.8,0.0005,,
2.4040,545,234.4,20.8,0.0010,,
2.4050,546,234.2,20.8,0.0010,,
2.4060,547,234.6,20.8,0.0010,,
2.4070,548,234.4,20.8,0.0010,,
2.4080,549,234.3,20.8,0.0010,,
2.4085,550,234.5,20.8,0.0005,,
2.4095,551,234.6,20.8,0.0010,,
2.4100,552,234.3,20.8,0.0005,,
2.4105,553,234.5,20.8,0.0005,,
2.4110,554,234.3,20.8,0.0005,,
2.4120,555,234.6,20.8,0.0010,,
2.4135,556,234.7,20.8,0.0015,,
2.4150,557,234.5,20.8,0.0015,,
2.4155,558,234.6,20.8,0.0005,,
2.4160,559,234.4,20.8,0.0005,,
2.4165,560,234.8,20.8,0.0005,,
2.4175,561,234.8,20.8,0.0010,,
2.4180,562,234.6,20.8,0.0005,,
2.4185,563,234.7,20.8,0.0005,,
2.4195,564,234.6,20.8,0.0010,,
2.4195,564,235.0,20.8,0.0000,,
Scope 1/1, Sample 21/60 (T13_12)
Result,TitrationEP1
V,t,E,T,dV/dt,E acc. stat.,Volume acc. stat.
0.0000,0,-77.4,20.7,NaN,,
0.0010,1,-77.3,20.7,0.0010,,
0.0025,2,-77.5,20.7,0.0015,,
0.0050,3,-77.5,20.7,0.0025,,
0.0090,4,-77.3,20.7,0.0035,,
0.0150,5,-76.9,20.7,0.0055,,
0.0235,6,-76.7,20.7,0.0075,,
0.0320,7,-76.1,20.7,0.0075,,
0.0395,8,-75.3,20.7,0.0075,,
0.0480,9,-74.1,20.7,0.0085,,
0.0565,10,-72.8,20.7,0.0075,,
0.0645,11,-71.9,20.7,0.0075,,
0.0730,12,-70.6,20.7,0.0075,,
0.0815,13,-69.0,20.7,0.0075,,
0.0890,14,-67.7,20.7,0.0075,,
0.0975,15,-66.1,20.7,0.0085,,
0.1060,16,-64.7,20.7,0.0075,,
0.1145,17,-63.1,20.7,0.0075,,
0.1230,18,-61.1,20.7,0.0075,,
0.1310,19,-59.3,20.7,0.0075,,
0.1390,20,-57.5,20.7,0.0080,,
0.1470,21,-55.8,20.7,0.0080,,
0.1555,22,-53.8,20.7,0.0075,,
0.1640,23,-51.3,20.7,0.0075,,
0.1725,24,-49.0,20.7,0.0075,,
0.1810,25,-46.8,20.7,0.0075,,
0.1890,26,-44.4,20.7,0.0080,,
0.1970,27,-42.0,20.7,0.0080,,
0.2050,28,-39.2,20.7,0.0075,,
0.2135,29,-36.6,20.7,0.0075,,
0.2220,30,-34.2,20.7,0.0075,,
0.2305,31,-31.5,20.7,0.0075,,
0.2390,32,-29.5,20.7,0.0085,,
0.2465,33,-27.0,20.7,0.0075,,
0.2550,34,-25.1,20.7,0.0075,,
0.2630,35,-23.5,20.7,0.0075,,
0.2715,36,-21.6,20.7,0.0075,,
0.2800,37,-19.9,20.7,0.0075,,
0.2885,38,-18.4,20.7,0.0085,,
0.2960,39,-17.1,20.7,0.0075,,
0.3045,40,-15.9,20.7,0.0075,,
0.3130,41,-14.4,20.7,0.0075,,
0.3215,42,-13.1,20.7,0.0075,,
0.3295,43,-12.1,20.7,0.0075,,
0.3380,44,-10.9,20.7,0.0085,,
0.3455,45,-10.1,20.7,0.0075,,
0.3540,46,-8.8,20.7,0.0075,,
0.3625,47,-7.6,20.7,0.0075,,
0.3710,48,-6.9,20.7,0.0075,,
0.3795,49,-5.9,20.7,0.0075,,
0.3875,50,-5.1,20.7,0.0080,,
0.3955,51,-3.8,20.7,0.0080,,
0.4035,52,-2.8,20.7,0.0075,,
0.4120,53,-2.2,20.7,0.0075,,
0.4205,54,-1.4,20.7,0.0075,,
0.4290,55,-0.3,20.7,0.0075,,
0.4375,56,0.5,20.7,0.0075,,
0.4450,57,1.3,20.7,0.0075,,
0.4535,58,2.0,20.7,0.0085,,
0.4615,59,2.7,20.7,0.0075,,
0.4700,60,3.9,20.7,0.0075,,
0.4785,61,4.7,20.7,0.0075,,
0.4870,62,5.3,20.7,0.0075,,
0.4945,63,6.1,20.7,0.0075,,
0.5030,64,6.9,20.7,0.0085,,
0.5115,65,8.0,20.7,0.0075,,
0.5195,66,8.8,20.7,0.0075,,
0.5280,67,9.3,20.7,0.0075,,
0.5365,68,10.1,20.7,0.0075,,
0.5440,69,10.8,20.7,0.0070,,
0.5525,70,11.8,20.7,0.0085,,
0.5610,71,12.6,20.7,0.0075,,
0.5695,72,13.1,20.7,0.0075,,
0.5780,73,14.1,20.7,0.0075,,
0.5860,74,15.1,20.7,0.0075,,
0.5945,75,15.6,20.7,0.0085,,
0.6020,76,16.5,20.7,0.0075,,
0.6105,77,17.1,20.7,0.0085,,
0.6190,78,17.9,20.7,0.0075,,
0.6275,79,18.9,20.7,0.0075,,
0.6360,80,19.7,20.7,0.0075,,
0.6440,81,20.5,20.7,0.0080,,
0.6515,82,20.9,20.7,0.0075,,
0.6600,83,21.7,20.7,0.0085,,
0.6685,84,22.7,20.7,0.0075,,
0.6770,85,23.6,20.7,0.0075,,
0.6855,86,24.1,20.7,0.0075,,
0.6940,87,25.1,20.7,0.0075,,
0.7015,88,25.7,20.7,0.0075,,
0.7095,89,26.9,20.7,0.0080,,
0.7180,90,27.6,20.7,0.0075,,
0.7265,91,28.3,20.7,0.0075,,
0.7350,92,29.3,20.7,0.0075,,
0.7435,93,30.4,20.7,0.0075,,
0.7510,94,31.2,20.7,0.0075,,
0.7595,95,32.1,20.7,0.0085,,
0.7680,96,32.6,20.7,0.0075,,
0.7760,97,33.6,20.7,0.0075,,
0.7845,98,34.7,20.7,0.0075,,
0.7930,99,35.5,20.7,0.0075,,
0.8005,100,36.4,20.7,0.0075,,
0.8090,101,37.1,20.7,0.0085,,
0.8175,102,38.2,20.7,0.0075,,
0.8260,103,39.3,20.7,0.0075,,
0.8345,104,40.2,20.7,0.0075,,
0.8425,105,41.1,20.7,0.0075,,
0.8500,106,41.9,20.7,0.0075,,
0.8585,107,43.2,20.7,0.0085,,
0.8670,108,44.4,20.7,0.0075,,
0.8755,109,45.1,20.7,0.0075,,
0.8840,110,46.1,20.7,0.0075,,
0.8925,111,47.4,20.7,0.0075,,
0.9000,112,48.2,20.7,0.0075,,
0.9085,113,49.4,20.7,0.0085,,
0.9165,114,50.3,20.7,0.0075,,
0.9250,115,51.4,20.7,0.0075,,
0.9335,116,52.8,20.7,0.0075,,
0.9420,117,53.8,20.7,0.0075,,
0.9495,118,55.1,20.7,0.0075,,
0.9580,119,56.1,20.7,0.0085,,
0.9665,120,57.2,20.7,0.0075,,
0.9745,121,58.7,20.7,0.0075,,
0.9830,122,59.7,20.7,0.0075,,
0.9915,123,60.7,20.7,0.0075,,
0.9990,124,62.0,20.7,0.0075,,
1.0075,125,63.4,20.7,0.0085,,
1.0160,126,65.1,20.7,0.0075,,
1.0245,127,66.4,20.7,0.0075,,
1.0325,128,67.7,20.7,0.0075,,
1.0410,129,69.2,20.7,0.0075,,
1.0495,130,70.9,20.7,0.0075,,
1.0570,131,72.1,20.7,0.0075,,
1.0655,132,73.7,20.7,0.0085,,
1.0740,133,75.0,20.7,0.0075,,
1.0825,134,76.6,20.7,0.0075,,
1.0905,135,78.5,20.7,0.0075,,
1.0990,136,80.0,20.7,0.0075,,
1.1065,137,81.7,20.7,0.0075,,
1.1150,138,83.3,20.7,0.0085,,
1.1235,139,85.2,20.7,0.0075,,
1.1320,140,87.4,20.7,0.0075,,
1.1405,141,89.1,20.8,0.0075,,
1.1490,142,91.1,20.8,0.0085,,
1.1565,143,93.1,20.7,0.0075,,
1.1650,144,95.5,20.7,0.0085,,
1.1730,145,98.1,20.8,0.0075,,
1.1815,146,100.5,20.8,0.0075,,
1.1900,147,102.9,20.8,0.0075,,
1.1985,148,106.0,20.7,0.0075,,
1.2060,149,108.5,20.7,0.0075,,
1.2145,150,111.9,20.7,0.0085,,
1.2230,151,115.2,20.7,0.0075,,
1.2310,152,118.6,20.8,0.0075,,
1.2395,153,122.4,20.8,0.0075,,
1.2480,154,126.4,20.8,0.0075,,
1.2555,155,130.3,20.8,0.0075,,
1.2640,156,134.2,20.8,0.0085,,
1.2725,157,138.3,20.8,0.0075,,
1.2810,158,142.8,20.8,0.0075,,
1.2895,159,147.1,20.8,0.0075,,
1.2975,160,150.8,20.8,0.0075,,
1.3055,161,154.1,20.8,0.0080,,
1.3135,162,157.4,20.8,0.0080,,
1.3220,163,160.9,20.8,0.0075,,
1.3305,164,163.9,20.8,0.0075,,
1.3390,165,166.3,20.8,0.0075,,
1.3475,166,168.4,20.8,0.0085,,
1.3550,167,170.7,20.8,0.0075,,
1.3635,168,173.2,20.8,0.0075,,
1.3720,169,175.0,20.8,0.0075,,
1.3800,170,176.5,20.8,0.0075,,
1.3885,171,178.4,20.8,0.0075,,
1.3970,172,180.2,20.8,0.0075,,
1.4045,173,181.6,20.8,0.0075,,
1.4130,174,182.9,20.8,0.0085,,
1.4215,175,184.2,20.8,0.0075,,
1.4285,176,185.0,20.8,0.0070,,
1.4285,416,187.3,20.8,0.0000,,
1.4290,417,187.5,20.8,0.0005,,
1.4305,418,187.7,20.8,0.0015,,
1.4330,419,187.6,20.8,0.0025,,
1.4370,420,187.8,20.8,0.0035,,
1.4435,421,188.7,20.8,0.0060,,
1.4520,422,189.3,20.8,0.0075,,
1.4595,423,190.4,20.8,0.0075,,
1.4680,424,191.1,20.8,0.0085,,
1.4765,425,192.1,20.8,0.0075,,
1.4845,426,193.3,20.8,0.0075,,
1.4930,427,194.1,20.8,0.0075,,
1.5015,428,194.8,20.8,0.0075,,
1.5090,429,195.8,20.8,0.0075,,
1.5175,430,196.4,20.8,0.0085,,
1.5260,431,197.6,20.8,0.0085,,
1.5345,432,198.3,20.8,0.0075,,
1.5425,433,198.9,20.8,0.0075,,
1.5510,434,199.7,20.8,0.0075,,
1.5585,435,200.2,20.8,0.0075,,
1.5670,436,201.2,20.8,0.0085,,
1.5755,437,201.9,20.8,0.0085,,
1.5840,438,202.4,20.8,0.0075,,
1.5925,439,203.1,20.8,0.0075,,
1.6005,440,203.9,20.8,0.0075,,
1.6085,441,204.4,20.8,0.0080,,
1.6165,442,205.0,20.8,0.0080,,
1.6250,443,205.4,20.8,0.0085,,
1.6335,444,206.1,20.8,0.0075,,
1.6420,445,206.8,20.8,0.0075,,
1.6505,446,207.1,20.8,0.0075,,
1.6580,447,207.7,20.8,0.0075,,
1.6665,448,208.0,20.8,0.0085,,
1.6750,449,208.7,20.8,0.0085,,
1.6830,450,209.3,20.8,0.0075,,
1.6915,451,209.6,20.8,0.0075,,
1.7000,452,210.1,20.8,0.0075,,
1.7085,453,210.6,20.8,0.0085,,
1.7160,454,211.1,20.8,0.0075,,
1.7245,455,211.8,20.8,0.0085,,
1.7330,456,212.0,20.8,0.0075,,
1.7410,457,212.4,20.8,0.0075,,
1.7495,458,213.1,20.8,0.0075,,
1.7580,459,213.4,20.8,0.0085,,
1.7655,460,214.0,20.8,0.0075,,
1.7740,461,214.0,20.8,0.0085,,
1.7825,462,214.4,20.8,0.0075,,
1.7910,463,215.1,20.8,0.0075,,
1.7995,464,215.4,20.8,0.0075,,
1.8070,465,216.0,20.8,0.0075,,
1.8155,466,216.1,20.8,0.0085,,
1.8235,467,216.5,20.8,0.0080,,
1.8320,468,217.1,20.8,0.0075,,
1.8405,469,217.3,20.8,0.0075,,
1.8490,470,217.4,20.8,0.0075,,
1.8575,471,217.8,20.8,0.0085,,
1.8650,472,218.4,20.8,0.0075,,
1.8735,473,219.0,20.8,0.0085,,
1.8815,474,219.1,20.8,0.0075,,
1.8900,475,219.3,20.8,0.0075,,
1.8985,476,219.9,20.8,0.0075,,
1.9070,477,220.0,20.8,0.0085,,
1.9145,478,220.5,20.8,0.0075,,
1.9230,479,220.7,20.8,0.0085,,
1.9315,480,220.7,20.8,0.0075,,
1.9395,481,221.3,20.8,0.0075,,
1.9480,482,221.8,20.8,0.0075,,
1.9565,483,221.8,20.8,0.0075,,
1.9640,484,222.3,20.8,0.0075,,
1.9725,485,222.3,20.8,0.0085,,
1.9810,486,222.7,20.8,0.0085,,
1.9895,487,223.2,20.8,0.0075,,
1.9975,488,223.5,20.8,0.0075,,
2.0060,489,223.5,20.8,0.0075,,
2.0145,490,223.9,20.8,0.0085,,
2.0220,491,224.2,20.8,0.0075,,
2.0305,492,224.7,20.8,0.0085,,
2.0390,493,224.8,20.8,0.0075,,
2.0475,494,224.9,20.8,0.0075,,
2.0555,495,225.3,20.8,0.0075,,
2.0640,496,225.5,20.8,0.0085,,
2.0715,497,226.0,20.8,0.0075,,
2.0800,498,226.2,20.8,0.0085,,
2.0885,499,226.3,20.8,0.0075,,
2.0970,500,226.6,20.8,0.0075,,
2.1055,501,227.1,20.8,0.0075,,
2.1135,502,227.3,20.8,0.0080,,
2.1215,503,227.5,20.8,0.0080,,
2.1295,504,227.5,20.8,0.0080,,
2.1380,505,227.8,20.8,0.0085,,
2.1465,506,228.3,20.8,0.0075,,
2.1550,507,228.4,20.8,0.0075,,
2.1635,508,228.4,20.8,0.0075,,
2.1710,509,228.6,20.8,0.0075,,
2.1795,510,228.9,20.8,0.0085,,
2.1875,511,229.5,20.8,0.0080,,
2.1960,512,229.5,20.8,0.0075,,
2.2045,513,229.6,20.8,0.0075,,
2.2130,514,230.0,20.8,0.0075,,
2.2205,515,230.1,20.8,0.0075,,
2.2290,516,230.5,20.8,0.0085,,
2.2375,517,230.6,20.8,0.0085,,
2.2455,518,230.6,20.8,0.0075,,
2.2540,519,231.1,20.8,0.0075,,
2.2625,520,231.4,20.8,0.0075,,
2.2710,521,231.4,20.8,0.0085,,
2.2785,522,231.6,20.8,0.0075,,
2.2870,523,231.7,20.8,0.0085,,
2.2955,524,231.9,20.8,0.0075,,
2.3035,525,232.3,20.8,0.0075,,
2.3120,526,232.2,20.8,0.0075,,
2.3205,527,232.6,20.8,0.0085,,
2.3280,528,232.5,20.8,0.0075,,
2.3365,529,233.0,20.8,0.0085,,
2.3450,530,233.3,20.8,0.0075,,
2.3535,531,233.2,20.8,0.0075,,
2.3615,532,233.4,20.8,0.0075,,
2.3700,533,233.8,20.8,0.0075,,
2.3770,534,233.9,20.8,0.0070,,
2.3840,535,234.2,20.8,0.0070,,
2.3875,536,234.0,20.8,0.0030,,
2.3880,537,234.2,20.8,0.0005,,
2.3890,538,234.4,20.8,0.0010,,
2.3900,539,234.4,20.8,0.0010,,
2.3905,540,234.5,20.8,0.0005,,
2.3910,541,234.2,20.8,0.0005,,
2.3915,542,234.3,20.8,0.0005,,
2.3915,543,234.6,20.8,0.0000,,
2.3935,544,234.4,20.8,0.0020,,
2.3940,545,234.6,20.8,0.0005,,
2.3950,546,234.4,20.8,0.0010,,
2.3955,547,234.5,20.8,0.0005,,
2.3965,548,234.8,20.8,0.0010,,
2.3970,549,234.7,20.8,0.0005,,
2.3980,550,234.5,20.8,0.0010,,
2.3990,551,234.7,20.8,0.0010,,
2.4000,552,234.6,20.8,0.0010,,
2.4005,553,234.8,20.8,0.0005,,
2.4015,554,234.7,20.8,0.0010,,
2.4020,555,234.5,20.8,0.0005,,
2.4030,556,234.8,20.8,0.0010,,
2.4035,557,234.9,20.8,0.0005,,
2.4040,558,235.0,20.8,0.0005,,
2.4045,559,234.9,20.8,0.0005,,
2.4045,560,234.6,20.8,0.0000,,
2.4055,561,234.8,20.8,0.0010,,
2.4060,562,235.0,20.8,0.0005,,
2.4070,563,234.8,20.8,0.0010,,
2.4080,564,235.0,20.8,0.0010,,
2.4090,564,235.0,20.8,0.0020,,
Scope 1/1, Sample 22/60 (T14_12)
Result,TitrationEP1
V,t,E,T,dV/dt,E acc. stat.,Volume acc. stat.
0.0000,0,-77.6,20.7,NaN,,
0.0010,1,-77.3,20.7,0.0010,,
0.0025,2,-77.5,20.7,0.0015,,
0.0050,3,-77.6,20.7,0.0020,,
0.0085,4,-77.6,20.7,0.0030,,
0.0150,5,-77.2,20.7,0.0060,,
0.0230,6,-76.8,20.7,0.0075,,
0.0315,7,-76.3,20.7,0.0075,,
0.0400,8,-75.5,20.7,0.0075,,
0.0485,9,-74.2,20.7,0.0070,,
0.0560,10,-73.3,20.7,0.0070,,
0.0645,11,-71.9,20.7,0.0075,,
0.0725,12,-70.8,20.7,0.0075,,
0.0810,13,-69.4,20.7,0.0075,,
0.0895,14,-67.9,20.7,0.0075,,
0.0980,15,-66.5,20.7,0.0070,,
0.1055,16,-64.9,20.7,0.0070,,
0.1140,17,-63.6,20.7,0.0075,,
0.1225,18,-61.9,20.7,0.0075,,
0.1305,19,-60.0,20.7,0.0075,,
0.1390,20,-58.1,20.7,0.0075,,
0.1475,21,-56.4,20.7,0.0075,,
0.1560,22,-54.4,20.7,0.0070,,
0.1635,23,-52.7,20.7,0.0070,,
0.1720,24,-50.2,20.7,0.0075,,
0.1805,25,-47.9,20.7,0.0075,,
0.1885,26,-45.8,20.7,0.0075,,
0.1970,27,-43.3,20.7,0.0075,,
0.2055,28,-40.5,20.7,0.0070,,
0.2130,29,-38.1,20.7,0.0070,,
0.2215,30,-35.4,20.7,0.0075,,
0.2300,31,-33.2,20.7,0.0075,,
0.2385,32,-30.6,20.7,0.0075,,
0.2465,33,-28.0,20.7,0.0075,,
0.2550,34,-26.0,20.7,0.0070,,
0.2625,35,-24.2,20.7,0.0070,,
0.2710,36,-22.6,20.7,0.0075,,
0.2795,37,-20.9,20.7,0.0075,,
0.2880,38,-19.1,20.7,0.0075,,
0.2965,39,-17.7,20.7,0.0075,,
0.3050,40,-16.5,20.7,0.0070,,
0.3125,41,-15.2,20.7,0.0070,,
0.3210,42,-13.9,20.7,0.0075,,
0.3290,43,-12.5,20.7,0.0075,,
0.3375,44,-11.4,20.7,0.0075,,
0.3460,45,-10.5,20.7,0.0075,,
0.3545,46,-9.2,20.7,0.0070,,
0.3620,47,-8.3,20.7,0.0070,,
0.3705,48,-7.1,20.7,0.0075,,
0.3790,49,-6.4,20.7,0.0075,,
0.3870,50,-5.5,20.7,0.0075,,
0.3955,51,-4.3,20.7,0.0075,,
0.4040,52,-3.3,20.7,0.0070,,
0.4115,53,-2.3,20.7,0.0070,,
0.4200,54,-1.6,20.7,0.0075,,
0.4285,55,-0.9,20.7,0.0075,,
0.4370,56,0.2,20.7,0.0075,,
0.4450,57,1.0,20.7,0.0075,,
0.4535,58,1.7,20.7,0.0075,,
0.4610,59,2.5,20.7,0.0070,,
0.4695,60,3.2,20.7,0.0075,,
0.4780,61,4.3,20.7,0.0075,,
0.4865,62,5.1,20.7,0.0075,,
0.4950,63,5.7,20.7,0.0075,,
0.5035,64,6.6,20.7,0.0075,,
0.5115,65,7.1,20.7,0.0075,,
0.5195,66,8.1,20.7,0.0075,,
0.5275,67,9.0,20.7,0.0075,,
0.5360,68,9.5,20.7,0.0075,,
0.5445,69,10.4,20.7,0.0075,,
0.5530,70,11.5,20.7,0.0075,,
0.5615,71,12.0,20.7,0.0070,,
0.5690,72,13.0,20.7,0.0070,,
0.5775,73,13.5,20.7,0.0075,,
0.5855,74,14.2,20.7,0.0075,,
0.5940,75,15.2,20.7,0.0075,,
0.6025,76,15.9,20.7,0.0075,,
0.6110,77,16.5,20.7,0.0070,,
0.6185,78,17.3,20.7,0.0070,,
0.6270,79,18.0,20.7,0.0075,,
0.6355,80,19.0,20.7,0.0075,,
0.6435,81,19.8,20.7,0.0075,,
0.6520,82,20.4,20.7,0.0075,,
0.6605,83,21.2,20.7,0.0070,,
0.6680,84,21.9,20.7,0.0070,,
0.6765,85,22.9,20.7,0.0075,,
0.6850,86,23.7,20.7,0.0075,,
0.6935,87,24.3,20.7,0.0075,,
0.7015,88,25.2,20.7,0.0075,,
0.7100,89,26.3,20.7,0.0075,,
0.7175,90,27.1,20.7,0.0070,,
0.7260,91,28.0,20.7,0.0075,,
0.7345,92,28.5,20.7,0.0075,,
0.7430,93,29.2,20.7,0.0075,,
0.7515,94,30.3,20.7,0.0075,,
0.7595,95,31.2,20.7,0.0075,,
0.7680,96,31.8,20.7,0.0070,,
0.7755,97,32.6,20.7,0.0070,,
0.7840,98,33.4,20.7,0.0075,,
0.7925,99,34.6,20.7,0.0075,,
0.8010,100,35.5,20.7,0.0075,,
0.8095,101,36.2,20.7,0.0075,,
0.8175,102,37.2,20.7,0.0065,,
0.8255,103,38.0,20.7,0.0075,,
0.8335,104,39.1,20.7,0.0075,,
0.8420,105,40.2,20.7,0.0075,,
0.8505,106,40.8,20.7,0.0075,,
0.8590,107,41.9,20.7,0.0075,,
0.8675,108,43.1,20.7,0.0070,,
0.8750,109,43.8,20.7,0.0070,,
0.8835,110,45.0,20.7,0.0075,,
0.8915,111,45.7,20.7,0.0075,,
0.9000,112,46.8,20.7,0.0075,,
0.9085,113,48.0,20.7,0.0075,,
0.9170,114,48.7,20.7,0.0070,,
0.9245,115,49.9,20.7,0.0070,,
0.9330,116,50.8,20.7,0.0075,,
0.9415,117,52.1,20.7,0.0075,,
0.9500,118,53.4,20.7,0.0075,,
0.9580,119,54.2,20.7,0.0075,,
0.9665,120,55.3,20.7,0.0070,,
0.9740,121,56.2,20.7,0.0070,,
0.9825,122,57.6,20.7,0.0075,,
0.9910,123,58.8,20.7,0.0075,,
0.9995,124,59.8,20.7,0.0075,,
1.0080,125,61.1,20.8,0.0075,,
1.0165,126,62.6,20.8,0.0070,,
1.0240,127,63.6,20.7,0.0070,,
1.0320,128,65.0,20.8,0.0075,,
1.0405,129,66.1,20.7,0.0075,,
1.0490,130,67.4,20.8,0.0075,,
1.0575,131,69.1,20.7,0.0075,,
1.0660,132,70.5,20.7,0.0070,,
1.0735,133,71.9,20.7,0.0070,,
1.0820,134,73.0,20.7,0.0075,,
1.0905,135,74.6,20.7,0.0075,,
1.0985,136,76.2,20.8,0.0075,,
1.1070,137,77.8,20.8,0.0070,,
1.1155,138,79.3,20.7,0.0070,,
1.1230,139,80.8,20.8,0.0070,,
1.1315,140,82.6,20.8,0.0075,,
1.1400,141,84.6,20.8,0.0075,,
1.1485,142,86.3,20.8,0.0075,,
1.1565,143,87.9,20.8,0.0075,,
1.1650,144,90.0,20.8,0.0075,,
1.1735,145,91.8,20.8,0.0075,,
1.1810,146,94.1,20.8,0.0070,,
1.1895,147,96.4,20.8,0.0075,,
1.1980,148,98.5,20.8,0.0075,,
1.2065,149,101.2,20.8,0.0075,,
1.2145,150,103.9,20.8,0.0075,,
1.2230,151,106.1,20.8,0.0075,,
1.2305,152,109.0,20.8,0.0070,,
1.2390,153,111.7,20.8,0.0075,,
1.2475,154,115.0,20.8,0.0075,,
1.2560,155,118.8,20.8,0.0075,,
1.2645,156,122.4,20.8,0.0075,,
1.2725,157,126.0,20.8,0.0065,,
1.2805,158,129.8,20.8,0.0075,,
1.2885,159,134.1,20.8,0.0075,,
1.2970,160,138.6,20.8,0.0075,,
1.3055,161,142.8,20.8,0.0075,,
1.3140,162,146.6,20.8,0.0075,,
1.3225,163,150.8,20.8,0.0070,,
1.3300,164,154.1,20.8,0.0070,,
1.3385,165,157.8,20.8,0.0075,,
1.3470,166,160.7,20.8,0.0075,,
1.3550,167,163.3,20.8,0.0075,,
1.3635,168,166.3,20.8,0.0075,,
1.3720,169,168.9,20.8,0.0070,,
1.3795,170,170.9,20.8,0.0070,,
1.3880,171,172.8,20.8,0.0075,,
1.3965,172,174.6,20.8,0.0075,,
1.4050,173,176.7,20.8,0.0075,,
1.4130,174,178.5,20.8,0.0075,,
1.4215,175,179.9,20.8,0.0070,,
1.4290,176,181.5,20.8,0.0070,,
1.4375,177,182.6,20.8,0.0075,,
1.4460,178,184.4,20.8,0.0075,,
1.4520,179,185.0,20.8,0.0075,,
1.4520,419,187.4,20.8,0.0000,,
1.4525,420,187.3,20.8,0.0005,,
1.4540,421,187.0,20.8,0.0015,,
1.4565,422,187.4,20.8,0.0025,,
1.4605,423,187.9,20.8,0.0035,,
1.4665,424,188.1,20.8,0.0055,,
1.4750,425,188.9,20.8,0.0075,,
1.4825,426,189.7,20.8,0.0075,,
1.4910,427,190.9,20.8,0.0085,,
1.4990,428,192.1,20.8,0.0080,,
1.5075,429,192.8,20.8,0.0075,,
1.5160,430,193.6,20.8,0.0075,,
1.5245,431,194.8,20.8,0.0075,,
1.5320,432,195.5,20.8,0.0075,,
1.5405,433,196.5,20.8,0.0085,,
1.5490,434,197.1,20.8,0.0085,,
1.5570,435,197.7,20.8,0.0075,,
1.5655,436,198.8,20.8,0.0075,,
1.5740,437,199.7,20.8,0.0075,,
1.5825,438,200.2,20.8,0.0075,,
1.5900,439,200.9,20.8,0.0075,,
1.5985,440,201.4,20.8,0.0085,,
1.6070,441,202.3,20.8,0.0075,,
1.6150,442,203.1,20.8,0.0075,,
1.6235,443,203.4,20.8,0.0075,,
1.6320,444,204.2,20.8,0.0085,,
1.6395,445,204.6,20.8,0.0075,,
1.6480,446,205.4,20.8,0.0085,,
1.6565,447,206.0,20.8,0.0075,,
1.6650,448,206.3,20.8,0.0075,,
1.6735,449,206.9,20.8,0.0075,,
1.6815,450,207.4,20.8,0.0080,,
1.6890,451,208.1,20.8,0.0075,,
1.6975,452,208.8,20.8,0.0085,,
1.7060,453,209.0,20.8,0.0075,,
1.7145,454,209.6,20.8,0.0075,,
1.7230,455,210.3,20.8,0.0075,,
1.7315,456,210.6,20.8,0.0075,,
1.7390,457,211.2,20.8,0.0075,,
1.7475,458,211.4,20.8,0.0085,,
1.7555,459,211.9,20.8,0.0075,,
1.7640,460,212.6,20.8,0.0075,,
1.7725,461,212.8,20.8,0.0075,,
1.7810,462,213.4,20.8,0.0085,,
1.7885,463,213.5,20.8,0.0075,,
1.7970,464,214.2,20.8,0.0085,,
1.8055,465,214.7,20.8,0.0075,,
1.8140,466,214.9,20.8,0.0075,,
1.8220,467,215.3,20.8,0.0075,,
1.8300,468,215.6,20.8,0.0080,,
1.8380,469,216.2,20.8,0.0080,,
1.8465,470,216.7,20.8,0.0085,,
1.8550,471,216.8,20.8,0.0075,,
1.8635,472,217.2,20.8,0.0075,,
1.8720,473,217.8,20.8,0.0075,,
1.8800,474,218.0,20.8,0.0080,,
1.8880,475,218.4,20.8,0.0080,,
1.8960,476,218.5,20.8,0.0080,,
1.9045,477,218.9,20.8,0.0075,,
1.9130,478,219.5,20.8,0.0075,,
1.9215,479,219.7,20.8,0.0075,,
1.9290,480,220.1,20.8,0.0075,,
1.9375,481,220.2,20.8,0.0085,,
1.9460,482,220.6,20.8,0.0085,,
1.9545,483,221.1,20.8,0.0075,,
1.9625,484,221.3,20.8,0.0075,,
1.9710,485,221.4,20.8,0.0075,,
1.9795,486,221.8,20.8,0.0085,,
1.9870,487,222.1,20.8,0.0075,,
1.9955,488,222.5,20.8,0.0085,,
2.0040,489,222.7,20.8,0.0085,,
2.0125,490,222.8,20.8,0.0075,,
2.0205,491,223.2,20.8,0.0075,,
2.0290,492,223.8,20.8,0.0075,,
2.0365,493,223.9,20.8,0.0075,,
2.0450,494,224.2,20.8,0.0085,,
2.0535,495,224.2,20.8,0.0085,,
2.0620,496,224.8,20.8,0.0075,,
2.0705,497,225.2,20.8,0.0075,,
2.0785,498,225.2,20.8,0.0075,,
2.0865,499,225.6,20.8,0.0080,,
2.0945,500,225.6,20.8,0.0080,,
2.1030,501,226.1,20.8,0.0085,,
2.1115,502,226.5,20.8,0.0075,,
2.1200,503,226.5,20.8,0.0075,,
2.1285,504,226.7,20.8,0.0075,,
2.1360,505,226.9,20.8,0.0075,,
2.1445,506,227.4,20.8,0.0085,,
2.1525,507,227.7,20.8,0.0080,,
2.1610,508,227.7,20.8,0.0075,,
2.1695,509,227.8,20.8,0.0075,,
2.1780,510,228.3,20.8,0.0075,,
2.1855,511,228.3,20.8,0.0075,,
2.1940,512,228.8,20.8,0.0085,,
2.2025,513,228.8,20.8,0.0085,,
2.2105,514,228.9,20.8,0.0075,,
2.2190,515,229.3,20.8,0.0075,,
2.2275,516,229.7,20.8,0.0075,,
2.2360,517,229.7,20.8,0.0075,,
2.2435,518,230.2,20.8,0.0075,,
2.2520,519,230.0,20.8,0.0085,,
2.2605,520,230.4,20.8,0.0075,,
2.2685,521,230.8,20.8,0.0075,,
2.2770,522,230.7,20.8,0.0075,,
2.2855,523,230.9,20.8,0.0075,,
2.2930,524,231.2,20.8,0.0075,,
2.3015,525,231.5,20.8,0.0085,,
2.3100,526,232.0,20.8,0.0085,,
2.3185,527,231.9,20.8,0.0075,,
2.3265,528,232.1,20.8,0.0075,,
2.3350,529,232.5,20.8,0.0075,,
2.3425,530,232.5,20.8,0.0075,,
2.3510,531,232.8,20.8,0.0085,,
2.3595,532,232.8,20.8,0.0085,,
2.3680,533,232.9,20.8,0.0075,,
2.3765,534,233.3,20.8,0.0075,,
2.3850,535,233.4,20.8,0.0075,,
2.3925,536,233.7,20.8,0.0075,,
2.4005,537,233.6,20.8,0.0080,,
2.4080,538,233.9,20.8,0.0075,,
2.4140,539,234.3,20.8,0.0055,,
2.4155,540,234.2,20.8,0.0015,,
2.4155,541,234.1,20.8,0.0000,,
2.4160,542,234.2,20.8,0.0005,,
2.4165,543,234.3,20.8,0.0005,,
2.4180,544,234.5,20.8,0.0015,,
2.4190,545,234.2,20.8,0.0010,,
2.4210,546,234.2,20.8,0.0020,,
2.4230,547,234.2,20.8,0.0020,,
2.4245,548,234.5,20.8,0.0015,,
2.4255,549,234.7,20.8,0.0010,,
2.4265,550,234.6,20.8,0.0010,,
2.4270,551,234.4,20.8,0.0005,,
2.4275,552,234.7,20.8,0.0005,,
2.4285,553,234.8,20.8,0.0010,,
2.4290,554,234.9,20.8,0.0005,,
2.4300,555,234.7,20.8,0.0010,,
2.4305,556,234.5,20.8,0.0005,,
2.4310,557,234.7,20.8,0.0005,,
2.4315,558,234.9,20.8,0.0005,,
2.4325,559,234.7,20.8,0.0010,,
2.4335,560,234.9,20.8,0.0010,,
2.4340,561,234.7,20.8,0.0005,,
2.4345,562,234.9,20.8,0.0005,,
2.4355,564,235.1,20.8,0.0005,,
Scope 1/1, Sample 23/60 (T15_12)
Result,TitrationEP1
V,t,E,T,dV/dt,E acc. stat.,Volume acc. stat.
0.0000,0,-77.8,20.7,NaN,,
0.0005,1,-77.7,20.7,0.0005,,
0.0025,2,-77.8,20.7,0.0020,,
0.0050,3,-77.6,20.7,0.0025,,
0.0085,4,-77.5,20.7,0.0030,,
0.0150,5,-77.6,20.7,0.0060,,
0.0230,6,-77.2,20.7,0.0075,,
0.0305,7,-76.8,20.7,0.0075,,
0.0390,8,-75.7,20.7,0.0085,,
0.0475,9,-74.5,20.7,0.0085,,
0.0560,10,-73.7,20.7,0.0075,,
0.0640,11,-72.6,20.7,0.0075,,
0.0725,12,-71.0,20.7,0.0075,,
0.0800,13,-70.0,20.7,0.0075,,
0.0885,14,-68.4,20.7,0.0085,,
0.0970,15,-67.3,20.7,0.0085,,
0.1055,16,-65.9,20.7,0.0075,,
0.1140,17,-64.0,20.7,0.0075,,
0.1220,18,-62.2,20.7,0.0075,,
0.1305,19,-60.6,20.7,0.0085,,
0.1380,20,-59.0,20.7,0.0075,,
0.1465,21,-57.2,20.7,0.0085,,
0.1550,22,-55.1,20.7,0.0075,,
0.1635,23,-52.9,20.7,0.0075,,
0.1720,24,-51.1,20.7,0.0075,,
0.1805,25,-48.9,20.7,0.0085,,
0.1880,26,-46.5,20.7,0.0075,,
0.1965,27,-43.9,20.7,0.0085,,
0.2045,28,-41.4,20.7,0.0075,,
0.2130,29,-39.1,20.7,0.0075,,
0.2215,30,-36.3,20.7,0.0075,,
0.2300,31,-34.0,20.7,0.0085,,
0.2375,32,-31.3,20.7,0.0075,,
0.2460,33,-29.1,20.7,0.0085,,
0.2545,34,-27.2,20.7,0.0075,,
0.2625,35,-25.0,20.7,0.0075,,
0.2710,36,-23.1,20.7,0.0075,,
0.2795,37,-21.5,20.7,0.0085,,
0.2870,38,-20.0,20.7,0.0075,,
0.2955,39,-18.7,20.7,0.0085,,
0.3040,40,-17.1,20.7,0.0075,,
0.3125,41,-15.6,20.7,0.0075,,
0.3210,42,-14.7,20.7,0.0075,,
0.3290,43,-13.5,20.7,0.0080,,
0.3370,44,-12.5,20.7,0.0080,,
0.3450,45,-11.1,20.7,0.0080,,
0.3535,46,-10.0,20.7,0.0075,,
0.3620,47,-9.2,20.7,0.0075,,
0.3705,48,-8.1,20.7,0.0075,,
0.3790,49,-6.8,20.7,0.0075,,
0.3865,50,-6.0,20.7,0.0075,,
0.3950,51,-4.9,20.7,0.0085,,
0.4030,52,-4.2,20.7,0.0075,,
0.4115,53,-3.2,20.7,0.0075,,
0.4200,54,-2.1,20.7,0.0075,,
0.4285,55,-1.5,20.7,0.0085,,
0.4360,56,-0.5,20.7,0.0075,,
0.4445,57,0.1,20.7,0.0085,,
0.4530,58,0.9,20.7,0.0085,,
0.4610,59,1.9,20.7,0.0075,,
0.4695,60,2.8,20.7,0.0075,,
0.4780,61,3.4,20.7,0.0075,,
0.4855,62,4.2,20.7,0.0075,,
0.4940,63,4.8,20.7,0.0085,,
0.5025,64,5.9,20.7,0.0085,,
0.5110,65,6.8,20.7,0.0075,,
0.5195,66,7.3,20.7,0.0075,,
0.5275,67,8.1,20.7,0.0075,,
0.5350,68,8.8,20.7,0.0075,,
0.5435,69,9.8,20.7,0.0085,,
0.5520,70,10.5,20.7,0.0085,,
0.5605,71,11.0,20.8,0.0075,,
0.5690,72,11.9,20.8,0.0075,,
0.5775,73,12.9,20.8,0.0075,,
0.5850,74,13.6,20.7,0.0075,,
0.5935,75,14.4,20.8,0.0085,,
0.6015,76,14.8,20.7,0.0080,,
0.6100,77,15.7,20.8,0.0075,,
0.6185,78,16.7,20.8,0.0075,,
0.6270,79,17.2,20.8,0.0075,,
0.6355,80,18.2,20.8,0.0085,,
0.6430,81,18.7,20.8,0.0075,,
0.6515,82,19.5,20.8,0.0085,,
0.6595,83,20.6,20.8,0.0075,,
0.6680,84,21.2,20.8,0.0075,,
0.6765,85,21.9,20.8,0.0075,,
0.6850,86,22.8,20.8,0.0075,,
0.6925,87,23.4,20.8,0.0075,,
0.7010,88,24.5,20.8,0.0085,,
0.7095,89,25.1,20.8,0.0075,,
0.7180,90,25.7,20.8,0.0075,,
0.7260,91,26.9,20.8,0.0075,,
0.7345,92,27.8,20.8,0.0075,,
0.7420,93,28.5,20.8,0.0075,,
0.7505,94,29.4,20.8,0.0085,,
0.7590,95,29.8,20.8,0.0085,,
0.7675,96,30.9,20.8,0.0075,,
0.7755,97,32.0,20.8,0.0075,,
0.7840,98,32.6,20.8,0.0075,,
0.7915,99,33.5,20.8,0.0075,,
0.8000,100,34.2,20.8,0.0085,,
0.8085,101,35.2,20.8,0.0085,,
0.8170,102,36.3,20.8,0.0075,,
0.8255,103,36.9,20.8,0.0075,,
0.8340,104,37.8,20.8,0.0075,,
0.8415,105,38.6,20.8,0.0075,,
0.8500,106,39.7,20.8,0.0085,,
0.8580,107,40.8,20.8,0.0080,,
0.8665,108,41.5,20.8,0.0075,,
0.8750,109,42.3,20.8,0.0075,,
0.8835,110,43.4,20.8,0.0075,,
0.8910,111,44.2,20.8,0.0075,,
0.8995,112,45.4,20.8,0.0085,,
0.9080,113,46.2,20.8,0.0085,,
0.9160,114,47.1,20.8,0.0075,,
0.9245,115,48.5,20.8,0.0075,,
0.9330,116,49.4,20.8,0.0075,,
0.9405,117,50.5,20.8,0.0075,,
0.9490,118,51.3,20.8,0.0085,,
0.9575,119,52.4,20.8,0.0085,,
0.9660,120,53.8,20.8,0.0075,,
0.9745,121,54.7,20.8,0.0075,,
0.9825,122,55.7,20.8,0.0075,,
0.9905,123,56.8,20.8,0.0080,,
0.9985,124,58.0,20.8,0.0080,,
1.0070,125,59.5,20.8,0.0085,,
1.0155,126,60.5,20.8,0.0075,,
1.0240,127,61.5,20.8,0.0075,,
1.0325,128,63.0,20.8,0.0075,,
1.0400,129,64.0,20.8,0.0075,,
1.0485,130,65.6,20.8,0.0085,,
1.0565,131,66.8,20.8,0.0080,,
1.0650,132,68.0,20.8,0.0075,,
1.0735,133,69.5,20.8,0.0075,,
1.0820,134,71.1,20.8,0.0075,,
1.0895,135,72.4,20.8,0.0075,,
1.0980,136,73.9,20.8,0.0085,,
1.1065,137,75.0,20.8,0.0085,,
1.1145,138,76.8,20.8,0.0075,,
1.1230,139,78.6,20.8,0.0075,,
1.1315,140,79.9,20.8,0.0075,,
1.1390,141,81.5,20.8,0.0075,,
1.1475,142,83.1,20.8,0.0085,,
1.1560,143,85.1,20.8,0.0085,,
1.1645,144,87.1,20.8,0.0075,,
1.1730,145,88.8,20.8,0.0075,,
1.1810,146,90.8,20.8,0.0075,,
1.1895,147,92.7,20.8,0.0085,,
1.1970,148,95.2,20.8,0.0075,,
1.2055,149,97.6,20.8,0.0085,,
1.2140,150,99.7,20.8,0.0075,,
1.2225,151,102.3,20.8,0.0075,,
1.2310,152,105.3,20.8,0.0075,,
1.2390,153,108.0,20.8,0.0075,,
1.2470,154,111.0,20.8,0.0080,,
1.2550,155,114.0,20.8,0.0080,,
1.2635,156,117.2,20.8,0.0075,,
1.2720,157,121.2,20.8,0.0075,,
1.2805,158,125.0,20.8,0.0075,,
1.2890,159,128.8,20.8,0.0075,,
1.2965,160,132.6,20.8,0.0075,,
1.3050,161,136.9,20.8,0.0085,,
1.3130,162,141.5,20.8,0.0080,,
1.3215,163,145.8,20.8,0.0075,,
1.3300,164,149.3,20.8,0.0075,,
1.3385,165,153.3,20.8,0.0075,,
1.3460,166,156.3,20.8,0.0075,,
1.3545,167,159.8,20.8,0.0085,,
1.3630,168,162.5,20.8,0.0085,,
1.3715,169,165.1,20.8,0.0075,,
1.3795,170,167.8,20.8,0.0075,,
1.3880,171,170.2,20.8,0.0075,,
1.3955,172,172.3,20.8,0.0075,,
1.4040,173,174.4,20.8,0.0085,,
1.4125,174,175.9,20.8,0.0085,,
1.4210,175,177.8,20.8,0.0075,,
1.4295,176,179.6,20.8,0.0075,,
1.4375,177,180.9,20.8,0.0075,,
1.4455,178,182.3,20.8,0.0080,,
1.4535,179,183.4,20.8,0.0080,,
1.4620,180,184.9,20.8,0.0085,,
1.4650,180,185.1,20.8,0.0060,,
1.4650,420,187.3,20.8,0.0000,,
1.4655,422,187.6,20.8,0.0005,,
1.4670,422,187.5,20.8,0.0030,,
1.4695,424,187.5,20.8,0.0015,,
1.4735,425,187.9,20.8,0.0065,,
1.4795,426,188.6,20.8,0.0100,,
1.4880,427,189.2,20.8,0.0140,,
1.4955,428,190.1,20.8,0.0150,,
1.5040,428,190.9,20.8,0.0170,,
1.5125,430,192.2,20.8,0.0055,,
1.5205,431,193.3,20.8,0.0135,,
1.5290,432,193.9,20.8,0.0140,,
1.5375,433,194.8,20.8,0.0140,,
1.5450,434,195.5,20.8,0.0150,,
1.5535,434,196.5,20.8,0.0170,,
1.5620,436,197.6,20.8,0.0055,,
1.5705,437,198.2,20.8,0.0140,,
1.5785,438,198.8,20.8,0.0135,,
1.5870,439,199.9,20.8,0.0140,,
1.5945,440,200.4,20.8,0.0150,,
1.6030,440,201.3,20.8,0.0170,,
1.6115,442,201.7,20.8,0.0055,,
1.6200,443,202.3,20.8,0.0140,,
1.6285,444,203.2,20.8,0.0140,,
1.6365,445,203.9,20.8,0.0135,,
1.6445,446,204.5,20.8,0.0160,,
1.6525,446,204.8,20.8,0.0160,,
1.6610,448,205.3,20.8,0.0055,,
1.6695,449,206.2,20.8,0.0140,,
1.6780,450,206.6,20.8,0.0140,,
1.6865,451,207.0,20.8,0.0140,,
1.6940,452,207.6,20.8,0.0150,,
1.7025,452,208.1,20.8,0.0170,,
1.7110,454,208.9,20.8,0.0055,,
1.7190,455,209.3,20.8,0.0135,,
1.7275,456,209.6,20.8,0.0140,,
1.7360,457,210.3,20.8,0.0140,,
1.7435,458,210.6,20.8,0.0150,,
1.7520,458,211.3,20.8,0.0170,,
1.7605,460,211.7,20.8,0.0055,,
1.7690,461,211.9,20.8,0.0140,,
1.7770,462,212.5,20.8,0.0135,,
1.7855,463,213.2,20.8,0.0140,,
1.7940,464,213.4,20.8,0.0170,,
1.8015,464,213.8,20.8,0.0150,,
1.8100,466,214.1,20.8,0.0055,,
1.8185,467,214.7,20.8,0.0140,,
1.8270,468,215.3,20.8,0.0140,,
1.8355,469,215.3,20.8,0.0140,,
1.8435,470,215.8,20.8,0.0160,,
1.8515,470,216.0,20.8,0.0160,,
1.8595,472,216.6,20.8,0.0055,,
1.8680,473,217.1,20.8,0.0140,,
1.8765,474,217.2,20.8,0.0140,,
1.8850,475,217.6,20.8,0.0140,,
1.8935,476,217.8,20.8,0.0170,,
1.9010,476,218.4,20.8,0.0150,,
1.9095,478,218.9,20.8,0.0055,,
1.9175,479,219.0,20.8,0.0135,,
1.9260,480,219.3,20.8,0.0140,,
1.9345,481,219.8,20.8,0.0140,,
1.9430,482,220.0,20.8,0.0170,,
1.9505,482,220.5,20.8,0.0150,,
1.9590,484,220.6,20.8,0.0055,,
1.9675,484,220.8,20.8,0.0170,,
1.9755,486,221.3,20.8,0.0050,,
1.9840,487,221.6,20.8,0.0140,,
1.9925,488,221.6,20.8,0.0140,,
2.0000,488,222.1,20.8,0.0150,,
2.0085,490,222.2,20.8,0.0055,,
2.0170,490,222.7,20.8,0.0170,,
2.0255,492,223.1,20.8,0.0055,,
2.0340,493,223.0,20.8,0.0140,,
2.0420,494,223.5,20.8,0.0135,,
2.0495,494,223.7,20.8,0.0150,,
2.0580,496,224.2,20.8,0.0055,,
2.0665,496,224.5,20.8,0.0170,,
2.0750,498,224.5,20.8,0.0055,,
2.0835,499,224.9,20.8,0.0140,,
2.0920,500,225.4,20.8,0.0140,,
2.0995,500,225.6,20.8,0.0150,,
2.1080,502,225.8,20.8,0.0055,,
2.1160,502,225.9,20.8,0.0160,,
2.1245,504,226.3,20.8,0.0055,,
2.1330,505,226.8,20.8,0.0140,,
2.1415,506,226.8,20.8,0.0140,,
2.1490,506,227.2,20.8,0.0150,,
2.1575,508,227.1,20.8,0.0055,,
2.1660,508,227.5,20.8,0.0170,,
2.1745,510,227.8,20.8,0.0055,,
2.1825,511,227.9,20.8,0.0135,,
2.1910,512,228.0,20.8,0.0140,,
2.1985,512,228.4,20.8,0.0150,,
2.2070,514,228.7,20.8,0.0055,,
2.2155,514,229.2,20.8,0.0170,,
2.2240,516,229.2,20.8,0.0055,,
2.2320,517,229.2,20.8,0.0135,,
2.2405,518,229.8,20.8,0.0140,,
2.2485,518,229.8,20.8,0.0160,,
2.2565,520,230.3,20.8,0.0055,,
2.2650,520,230.2,20.8,0.0170,,
2.2735,522,230.2,20.8,0.0055,,
2.2820,523,230.6,20.8,0.0140,,
2.2905,524,230.9,20.8,0.0140,,
2.2985,524,231.2,20.8,0.0160,,
2.3065,526,231.2,20.8,0.0055,,
2.3145,526,231.3,20.8,0.0160,,
2.3230,528,231.9,20.8,0.0055,,
2.3315,529,231.9,20.8,0.0140,,
2.3400,530,231.9,20.8,0.0140,,
2.3485,530,232.2,20.8,0.0170,,
2.3560,532,232.3,20.8,0.0050,,
2.3645,532,232.8,20.8,0.0170,,
2.3725,534,232.9,20.8,0.0050,,
2.3810,535,232.8,20.8,0.0140,,
2.3895,536,233.3,20.8,0.0140,,
2.3970,536,233.4,20.8,0.0150,,
2.4050,538,233.8,20.8,0.0055,,
2.4120,538,234.0,20.8,0.0140,,
2.4180,540,233.8,20.8,0.0035,,
2.4215,541,234.0,20.8,0.0060,,
2.4220,542,234.3,20.8,0.0010,,
2.4230,543,234.1,20.8,0.0015,,
2.4240,544,234.2,20.8,0.0020,,
2.4255,544,234.0,20.8,0.0030,,
2.4275,546,234.2,20.8,0.0010,,
2.4295,547,234.5,20.8,0.0035,,
2.4300,548,234.3,20.8,0.0010,,
2.4310,549,234.2,20.8,0.0015,,
2.4315,550,234.3,20.8,0.0010,,
2.4320,550,234.5,20.8,0.0010,,
2.4325,552,234.7,20.8,0.0005,,
2.4335,553,234.4,20.8,0.0015,,
2.4345,554,234.4,20.8,0.0015,,
2.4355,555,234.7,20.8,0.0015,,
2.4365,556,234.5,20.8,0.0020,,
2.4375,556,234.6,20.8,0.0020,,
2.4380,558,234.5,20.8,0.0005,,
2.4385,559,234.4,20.8,0.0010,,
2.4400,560,234.6,20.8,0.0025,,
2.4400,561,234.7,20.8,0.0000,,
2.4410,562,234.8,20.8,0.0020,,
2.4415,562,234.5,20.8,0.0010,,
2.4420,564,234.5,20.8,0.0005,,
2.4430,565,234.8,20.8,0.0015,,
2.4435,566,234.8,20.8,0.0010,,
2.4445,567,234.6,20.8,0.0015,,
2.4455,568,234.7,20.8,0.0020,,
2.4460,568,234.7,20.8,0.0010,,
2.4465,569,235.0,20.8,0.0005,,
Scope 1/1, Sample 24/60 (T17_12)
Result,TitrationEP1
V,t,E,T,dV/dt,E acc. stat.,Volume acc. stat.
0.0000,0,-78.6,20.7,NaN,,
0.0010,1,-78.5,20.7,0.0010,,
0.0025,2,-78.3,20.7,0.0015,,
0.0050,3,-78.6,20.7,0.0025,,
0.0090,4,-78.4,20.7,0.0035,,
0.0150,5,-78.5,20.7,0.0055,,
0.0235,6,-78.1,20.8,0.0075,,
0.0320,7,-77.3,20.8,0.0075,,
0.0405,8,-76.7,20.7,0.0075,,
0.0485,9,-75.8,20.8,0.0075,,
0.0565,10,-74.8,20.8,0.0075,,
0.0645,11,-73.5,20.8,0.0075,,
0.0730,12,-72.0,20.8,0.0075,,
0.0815,13,-70.9,20.8,0.0075,,
0.0900,14,-69.7,20.8,0.0075,,
0.0985,15,-68.1,20.8,0.0075,,
0.1065,16,-67.1,20.8,0.0075,,
0.1145,17,-65.2,20.8,0.0075,,
0.1225,18,-63.8,20.8,0.0075,,
0.1310,19,-62.3,20.8,0.0075,,
0.1395,20,-60.2,20.8,0.0075,,
0.1480,21,-58.3,20.8,0.0075,,
0.1565,22,-56.7,20.8,0.0075,,
0.1640,23,-54.8,20.8,0.0070,,
0.1725,24,-52.9,20.8,0.0075,,
0.1805,25,-50.5,20.8,0.0075,,
0.1890,26,-48.1,20.8,0.0075,,
0.1975,27,-46.1,20.8,0.0075,,
0.2060,28,-43.8,20.8,0.0075,,
0.2135,29,-41.5,20.8,0.0070,,
0.2220,30,-38.7,20.8,0.0075,,
0.2305,31,-36.1,20.8,0.0075,,
0.2390,32,-33.9,20.8,0.0075,,
0.2470,33,-31.5,20.8,0.0075,,
0.2555,34,-29.6,20.8,0.0075,,
0.2630,35,-27.4,20.8,0.0070,,
0.2715,36,-25.4,20.8,0.0075,,
0.2800,37,-23.9,20.8,0.0075,,
0.2885,38,-22.2,20.8,0.0075,,
0.2970,39,-20.4,20.8,0.0075,,
0.3055,40,-19.1,20.8,0.0075,,
0.3130,41,-17.9,20.8,0.0070,,
0.3215,42,-16.8,20.8,0.0075,,
0.3295,43,-15.5,20.8,0.0075,,
0.3380,44,-14.1,20.8,0.0075,,
0.3465,45,-13.0,20.8,0.0075,,
0.3550,46,-11.9,20.8,0.0075,,
0.3625,47,-11.1,20.8,0.0070,,
0.3710,48,-9.9,20.8,0.0075,,
0.3795,49,-8.6,20.8,0.0075,,
0.3875,50,-7.8,20.8,0.0075,,
0.3960,51,-7.0,20.8,0.0075,,
0.4045,52,-5.7,20.8,0.0070,,
0.4120,53,-5.1,20.8,0.0070,,
0.4205,54,-4.0,20.8,0.0075,,
0.4290,55,-3.3,20.8,0.0075,,
0.4375,56,-2.7,20.8,0.0075,,
0.4455,57,-1.5,20.8,0.0075,,
0.4540,58,-0.7,20.8,0.0070,,
0.4615,59,0.1,20.8,0.0070,,
0.4700,60,0.7,20.8,0.0075,,
0.4785,61,1.4,20.8,0.0075,,
0.4870,62,2.5,20.8,0.0075,,
0.4955,63,3.5,20.8,0.0075,,
0.5035,64,3.9,20.8,0.0075,,
0.5115,65,4.8,20.8,0.0075,,
0.5195,66,5.4,20.8,0.0075,,
0.5280,67,6.4,20.8,0.0075,,
0.5365,68,7.2,20.8,0.0075,,
0.5450,69,7.7,20.8,0.0075,,
0.5535,70,8.5,20.8,0.0075,,
0.5615,71,9.3,20.8,0.0075,,
0.5695,72,10.2,20.8,0.0075,,
0.5775,73,11.2,20.8,0.0075,,
0.5860,74,11.7,20.8,0.0075,,
0.5945,75,12.4,20.8,0.0075,,
0.6030,76,13.5,20.8,0.0075,,
0.6105,77,14.0,20.8,0.0070,,
0.6190,78,14.9,20.8,0.0075,,
0.6275,79,15.3,20.8,0.0075,,
0.6360,80,16.2,20.8,0.0075,,
0.6440,81,17.2,20.8,0.0075,,
0.6525,82,17.8,20.8,0.0075,,
0.6610,83,18.6,20.8,0.0075,,
0.6685,84,19.1,20.8,0.0070,,
0.6770,85,19.9,20.8,0.0075,,
0.6855,86,21.0,20.8,0.0075,,
0.6940,87,21.8,20.8,0.0075,,
0.7020,88,22.3,20.8,0.0075,,
0.7105,89,23.2,20.8,0.0075,,
0.7180,90,24.0,20.8,0.0070,,
0.7265,91,25.1,20.8,0.0075,,
0.7350,92,25.7,20.8,0.0075,,
0.7435,93,26.4,20.8,0.0075,,
0.7520,94,27.5,20.8,0.0075,,
0.7605,95,28.1,20.8,0.0075,,
0.7680,96,29.2,20.8,0.0070,,
0.7765,97,29.8,20.8,0.0075,,
0.7845,98,30.5,20.8,0.0075,,
0.7930,99,31.6,20.8,0.0075,,
0.8015,100,32.5,20.8,0.0075,,
0.8100,101,33.4,20.8,0.0075,,
0.8175,102,34.1,20.8,0.0070,,
0.8260,103,34.9,20.8,0.0075,,
0.8345,104,36.1,20.8,0.0075,,
0.8425,105,37.1,20.8,0.0075,,
0.8510,106,37.7,20.8,0.0075,,
0.8595,107,38.8,20.8,0.0075,,
0.8670,108,39.5,20.8,0.0070,,
0.8755,109,40.8,20.8,0.0075,,
0.8840,110,41.8,20.8,0.0075,,
0.8925,111,42.5,20.8,0.0075,,
0.9005,112,43.5,20.8,0.0075,,
0.9090,113,44.8,20.8,0.0070,,
0.9165,114,45.6,20.8,0.0070,,
0.9250,115,46.7,20.8,0.0075,,
0.9335,116,47.4,20.8,0.0075,,
0.9420,117,48.6,20.8,0.0075,,
0.9505,118,50.0,20.8,0.0075,,
0.9590,119,50.8,20.8,0.0070,,
0.9665,120,52.1,20.8,0.0070,,
0.9745,121,53.1,20.8,0.0075,,
0.9830,122,54.2,20.8,0.0075,,
0.9915,123,55.7,20.8,0.0075,,
1.0000,124,56.7,20.8,0.0075,,
1.0085,125,57.7,20.8,0.0075,,
1.0160,126,58.9,20.8,0.0070,,
1.0245,127,60.1,20.8,0.0075,,
1.0330,128,61.6,20.8,0.0075,,
1.0410,129,62.7,20.8,0.0075,,
1.0495,130,63.8,20.8,0.0075,,
1.0580,131,65.3,20.8,0.0075,,
1.0655,132,66.5,20.8,0.0070,,
1.0740,133,68.2,20.8,0.0075,,
1.0825,134,69.3,20.8,0.0075,,
1.0910,135,70.6,20.8,0.0075,,
1.0995,136,72.4,20.8,0.0075,,
1.1075,137,73.9,20.8,0.0065,,
1.1150,138,75.4,20.8,0.0070,,
1.1235,139,76.9,20.8,0.0075,,
1.1320,140,78.3,20.8,0.0075,,
1.1405,141,80.3,20.8,0.0075,,
1.1490,142,82.1,20.8,0.0075,,
1.1575,143,83.6,20.8,0.0075,,
1.1650,144,85.4,20.8,0.0070,,
1.1735,145,87.2,20.8,0.0075,,
1.1815,146,89.5,20.8,0.0075,,
1.1900,147,91.7,20.8,0.0075,,
1.1985,148,93.6,20.8,0.0075,,
1.2070,149,96.0,20.8,0.0075,,
1.2155,150,98.1,20.8,0.0075,,
1.2230,151,101.0,20.8,0.0070,,
1.2315,152,103.8,20.8,0.0075,,
1.2395,153,106.4,20.8,0.0075,,
1.2480,154,109.7,20.8,0.0075,,
1.2565,155,113.4,20.8,0.0075,,
1.2650,156,116.4,20.8,0.0075,,
1.2725,157,120.3,20.8,0.0070,,
1.2810,158,124.0,20.8,0.0075,,
1.2895,159,128.0,20.8,0.0075,,
1.2975,160,132.6,20.8,0.0075,,
1.3060,161,136.9,20.8,0.0075,,
1.3145,162,140.9,20.8,0.0070,,
1.3220,163,144.7,20.8,0.0070,,
1.3305,164,148.9,20.8,0.0075,,
1.3390,165,153.2,20.8,0.0075,,
1.3475,166,156.7,20.8,0.0075,,
1.3555,167,159.6,20.8,0.0075,,
1.3640,168,162.5,20.8,0.0075,,
1.3715,169,165.1,20.8,0.0070,,
1.3800,170,167.8,20.8,0.0075,,
1.3885,171,170.3,20.8,0.0075,,
1.3970,172,172.2,20.8,0.0075,,
1.4055,173,174.1,20.8,0.0075,,
1.4135,174,176.2,20.8,0.0075,,
1.4220,175,177.7,20.8,0.0075,,
1.4295,176,179.5,20.8,0.0070,,
1.4380,177,180.8,20.8,0.0075,,
1.4465,178,182.3,20.8,0.0075,,
1.4550,179,183.9,20.8,0.0075,,
1.4635,180,185.0,20.8,0.0075,,
1.4660,180,185.1,20.8,0.0050,,
1.4660,420,187.6,20.8,0.0000,,
1.4665,422,188.0,20.8,0.0005,,
1.4680,422,187.7,20.8,0.0030,,
1.4705,424,187.8,20.8,0.0015,,
1.4745,425,188.3,20.8,0.0065,,
1.4805,426,188.9,20.8,0.0100,,
1.4890,427,189.2,20.8,0.0140,,
1.4965,428,190.1,20.8,0.0150,,
1.5050,428,190.9,20.8,0.0170,,
1.5135,430,192.1,20.8,0.0055,,
1.5215,431,193.2,20.8,0.0135,,
1.5300,432,193.9,20.8,0.0140,,
1.5385,433,194.8,20.8,0.0140,,
1.5460,434,195.6,20.8,0.0150,,
1.5545,434,196.7,20.8,0.0170,,
1.5630,436,197.6,20.8,0.0055,,
1.5715,437,198.2,20.8,0.0140,,
1.5795,438,198.8,20.8,0.0135,,
1.5880,439,199.9,20.8,0.0140,,
1.5955,440,200.5,20.8,0.0150,,
1.6040,440,201.3,20.8,0.0170,,
1.6125,442,201.6,20.8,0.0055,,
1.6210,443,202.3,20.8,0.0140,,
1.6295,444,203.3,20.8,0.0140,,
1.6375,445,203.7,20.8,0.0135,,
1.6460,446,204.2,20.8,0.0140,,
1.6535,446,204.9,20.8,0.0150,,
1.6620,448,205.4,20.8,0.0055,,
1.6705,449,206.2,20.8,0.0140,,
1.6790,450,206.7,20.8,0.0140,,
1.6875,451,206.9,20.8,0.0140,,
1.6960,452,207.5,20.8,0.0170,,
1.7035,452,208.0,20.8,0.0150,,
1.7115,454,208.8,20.8,0.0055,,
1.7200,455,209.2,20.8,0.0140,,
1.7285,456,209.5,20.8,0.0140,,
1.7370,457,210.1,20.8,0.0140,,
1.7455,458,210.5,20.8,0.0170,,
1.7530,458,211.2,20.8,0.0150,,
1.7615,460,211.5,20.8,0.0055,,
1.7700,461,211.8,20.8,0.0140,,
1.7780,462,212.4,20.8,0.0135,,
1.7865,463,213.1,20.8,0.0140,,
1.7950,464,213.3,20.8,0.0140,,
1.8025,464,214.0,20.8,0.0150,,
1.8110,466,214.1,20.8,0.0055,,
1.8195,466,214.6,20.8,0.0170,,
1.8280,468,215.1,20.8,0.0055,,
1.8360,469,215.2,20.8,0.0135,,
1.8445,470,215.8,20.8,0.0170,,
1.8520,470,216.0,20.8,0.0150,,
1.8605,472,216.6,20.8,0.0055,,
1.8690,473,217.2,20.8,0.0140,,
1.8775,474,217.2,20.8,0.0140,,
1.8860,475,217.6,20.8,0.0140,,
1.8945,476,218.2,20.8,0.0140,,
1.9020,476,218.3,20.8,0.0150,,
1.9105,478,218.8,20.8,0.0055,,
1.9185,479,218.9,20.9,0.0135,,
1.9270,480,219.2,20.9,0.0140,,
1.9355,481,219.7,20.9,0.0140,,
1.9440,482,220.0,20.9,0.0140,,
1.9515,482,220.6,20.8,0.0150,,
1.9600,484,220.6,20.9,0.0055,,
1.9685,484,220.9,20.8,0.0170,,
1.9765,486,221.5,20.9,0.0050,,
1.9850,487,221.7,20.9,0.0140,,
1.9935,488,221.8,20.9,0.0140,,
2.0010,488,222.1,20.8,0.0150,,
2.0095,490,222.2,20.9,0.0055,,
2.0180,490,222.8,20.9,0.0170,,
2.0265,492,223.1,20.9,0.0055,,
2.0345,493,223.1,20.9,0.0135,,
2.0430,494,223.5,20.9,0.0140,,
2.0515,494,223.7,20.9,0.0170,,
2.0590,496,224.3,20.9,0.0050,,
2.0675,496,224.6,20.8,0.0170,,
2.0760,498,224.6,20.9,0.0055,,
2.0845,499,224.9,20.9,0.0140,,
2.0925,500,225.4,20.9,0.0135,,
2.1010,500,225.6,20.9,0.0170,,
2.1085,502,225.9,20.9,0.0050,,
2.1170,502,225.9,20.9,0.0170,,
2.1255,504,226.3,20.9,0.0055,,
2.1340,505,226.7,20.9,0.0140,,
2.1425,506,226.7,20.9,0.0140,,
2.1510,506,227.0,20.9,0.0170,,
2.1585,508,227.0,20.9,0.0050,,
2.1670,508,227.4,20.9,0.0170,,
2.1750,510,227.9,20.9,0.0050,,
2.1835,511,227.9,20.9,0.0140,,
2.1920,512,228.0,20.9,0.0140,,
2.2005,512,228.3,20.9,0.0170,,
2.2080,514,228.7,20.9,0.0050,,
2.2165,514,229.2,20.9,0.0170,,
2.2250,516,229.2,20.9,0.0055,,
2.2330,517,229.2,20.9,0.0135,,
2.2415,518,229.7,20.9,0.0140,,
2.2500,519,230.0,20.9,0.0140,,
2.2575,520,230.1,20.9,0.0150,,
2.2660,520,230.1,20.9,0.0170,,
2.2745,522,230.2,20.9,0.0055,,
2.2830,523,230.7,20.9,0.0140,,
2.2910,524,230.9,20.9,0.0135,,
2.2995,525,230.8,20.9,0.0140,,
2.3070,526,231.1,20.9,0.0150,,
2.3155,526,231.2,20.9,0.0170,,
2.3240,528,231.7,20.9,0.0055,,
2.3325,529,232.0,20.9,0.0140,,
2.3410,530,231.9,20.9,0.0140,,
2.3495,530,232.2,20.9,0.0170,,
2.3570,532,232.4,20.9,0.0050,,
2.3655,532,232.9,20.9,0.0170,,
2.3735,534,233.0,20.9,0.0055,,
2.3820,535,232.9,20.9,0.0140,,
2.3905,536,233.2,20.9,0.0140,,
2.3990,537,233.6,20.9,0.0140,,
2.4065,538,233.8,20.9,0.0150,,
2.4145,538,234.0,20.9,0.0160,,
2.4225,540,233.9,20.9,0.0050,,
2.4300,541,234.2,20.9,0.0125,,
2.4330,542,234.5,20.9,0.0050,,
2.4335,543,234.4,20.9,0.0010,,
2.4340,544,234.5,20.9,0.0010,,
2.4345,544,234.3,20.9,0.0010,,
2.4355,546,234.5,20.9,0.0005,,
2.4360,547,234.7,20.9,0.0010,,
2.4370,548,234.4,20.9,0.0015,,
2.4375,548,234.5,20.9,0.0010,,
2.4380,550,234.4,20.9,0.0005,,
2.4390,550,234.6,20.9,0.0020,,
2.4395,552,234.7,20.9,0.0005,,
2.4400,553,234.4,20.9,0.0010,,
2.4405,554,234.5,20.9,0.0010,,
2.4410,554,234.4,20.9,0.0010,,
2.4415,556,234.7,20.9,0.0005,,
2.4425,556,234.8,20.9,0.0020,,
2.4430,558,234.5,20.9,0.0005,,
2.4440,559,234.6,20.9,0.0015,,
2.4450,560,234.8,20.9,0.0015,,
2.4460,561,234.7,20.9,0.0015,,
2.4465,562,234.9,20.9,0.0010,,
2.4470,563,234.5,20.9,0.0010,,
2.4475,564,234.6,20.9,0.0010,,
2.4480,565,234.9,20.9,0.0010,,
2.4480,565,235.0,20.9,NaN,,
Scope 1/1, Sample 25/60 (T18_12)
Result,TitrationEP1
V,t,E,T,dV/dt,E acc. stat.,Volume acc. stat.
0.0000,0,-80.6,20.8,NaN,,
0.0005,1,-80.7,20.8,0.0005,,
0.0025,2,-80.7,20.8,0.0020,,
0.0050,3,-80.5,20.8,0.0025,,
0.0090,4,-80.5,20.8,0.0035,,
0.0150,5,-80.6,20.8,0.0055,,
0.0235,6,-80.1,20.8,0.0075,,
0.0310,7,-79.6,20.8,0.0075,,
0.0395,8,-78.5,20.8,0.0085,,
0.0480,9,-77.7,20.8,0.0085,,
0.0565,10,-76.8,20.8,0.0075,,
0.0645,11,-75.5,20.8,0.0075,,
0.0730,12,-74.3,20.8,0.0075,,
0.0805,13,-73.1,20.8,0.0075,,
0.0890,14,-71.9,20.8,0.0085,,
0.0975,15,-70.7,20.8,0.0075,,
0.1060,16,-68.9,20.8,0.0075,,
0.1145,17,-67.4,20.8,0.0075,,
0.1230,18,-66.1,20.8,0.0075,,
0.1305,19,-64.5,20.8,0.0075,,
0.1390,20,-63.0,20.8,0.0085,,
0.1470,21,-60.8,20.8,0.0080,,
0.1555,22,-59.0,20.8,0.0075,,
0.1640,23,-57.4,20.8,0.0075,,
0.1725,24,-55.2,20.8,0.0075,,
0.1800,25,-53.4,20.8,0.0075,,
0.1885,26,-51.0,20.8,0.0085,,
0.1970,27,-48.8,20.8,0.0075,,
0.2055,28,-46.6,20.8,0.0075,,
0.2135,29,-44.0,20.8,0.0075,,
0.2220,30,-41.3,20.8,0.0075,,
0.2295,31,-38.9,20.8,0.0075,,
0.2380,32,-36.4,20.8,0.0085,,
0.2465,33,-34.2,20.8,0.0075,,
0.2550,34,-31.5,20.8,0.0075,,
0.2635,35,-29.1,20.8,0.0075,,
0.2715,36,-27.2,20.8,0.0075,,
0.2795,37,-25.3,20.8,0.0080,,
0.2875,38,-23.7,20.8,0.0080,,
0.2960,39,-21.9,20.8,0.0075,,
0.3045,40,-20.3,20.8,0.0075,,
0.3130,41,-19.2,20.8,0.0075,,
0.3215,42,-17.7,20.8,0.0075,,
0.3290,43,-16.6,20.8,0.0075,,
0.3375,44,-15.1,20.8,0.0085,,
0.3460,45,-13.7,20.8,0.0075,,
0.3540,46,-12.7,20.8,0.0075,,
0.3625,47,-11.5,20.8,0.0075,,
0.3710,48,-10.2,20.8,0.0075,,
0.3795,49,-9.4,20.8,0.0085,,
0.3870,50,-8.2,20.8,0.0075,,
0.3955,51,-7.4,20.8,0.0085,,
0.4040,52,-6.5,20.8,0.0075,,
0.4120,53,-5.2,20.8,0.0075,,
0.4205,54,-4.2,20.8,0.0075,,
0.4290,55,-3.4,20.8,0.0085,,
0.4365,56,-2.8,20.8,0.0075,,
0.4450,57,-2.0,20.8,0.0085,,
0.4535,58,-0.9,20.8,0.0075,,
0.4620,59,-0.1,20.8,0.0075,,
0.4700,60,0.5,20.8,0.0075,,
0.4785,61,1.3,20.8,0.0085,,
0.4860,62,2.0,20.8,0.0075,,
0.4945,63,3.1,20.8,0.0085,,
0.5030,64,4.1,20.8,0.0075,,
0.5115,65,4.6,20.8,0.0075,,
0.5200,66,5.5,20.8,0.0075,,
0.5280,67,6.5,20.8,0.0075,,
0.5360,68,7.0,20.8,0.0080,,
0.5440,69,8.0,20.8,0.0080,,
0.5525,70,8.6,20.8,0.0075,,
0.5610,71,9.3,20.8,0.0075,,
0.5695,72,10.3,20.8,0.0075,,
0.5780,73,11.0,20.8,0.0075,,
0.5855,74,11.9,20.8,0.0075,,
0.5940,75,12.4,20.8,0.0085,,
0.6020,76,13.3,20.8,0.0075,,
0.6105,77,14.3,20.8,0.0075,,
0.6190,78,15.0,20.8,0.0075,,
0.6275,79,15.6,20.8,0.0075,,
0.6350,80,16.4,20.8,0.0075,,
0.6435,81,17.2,20.8,0.0085,,
0.6520,82,18.3,20.8,0.0085,,
0.6600,83,19.0,20.8,0.0075,,
0.6685,84,19.6,20.8,0.0075,,
0.6770,85,20.7,20.8,0.0075,,
0.6845,86,21.3,20.8,0.0075,,
0.6930,87,22.3,20.8,0.0085,,
0.7015,88,22.9,20.8,0.0075,,
0.7100,89,23.6,20.8,0.0075,,
0.7185,90,24.6,20.8,0.0075,,
0.7265,91,25.5,20.8,0.0075,,
0.7345,92,26.4,20.8,0.0080,,
0.7425,93,27.0,20.8,0.0080,,
0.7510,94,27.8,20.8,0.0075,,
0.7595,95,28.9,20.8,0.0075,,
0.7680,96,29.7,20.8,0.0075,,
0.7765,97,30.4,20.8,0.0075,,
0.7840,98,31.4,20.8,0.0075,,
0.7925,99,32.2,20.8,0.0085,,
0.8005,100,33.3,20.8,0.0080,,
0.8090,101,34.4,20.8,0.0075,,
0.8175,102,35.0,20.8,0.0075,,
0.8260,103,36.0,20.8,0.0075,,
0.8335,104,36.8,20.8,0.0075,,
0.8420,105,38.0,20.8,0.0085,,
0.8505,106,39.0,20.8,0.0085,,
0.8590,107,39.7,20.8,0.0075,,
0.8670,108,40.8,20.8,0.0075,,
0.8755,109,42.0,20.8,0.0075,,
0.8840,110,43.0,20.8,0.0085,,
0.8915,111,44.0,20.8,0.0075,,
0.9000,112,44.6,20.8,0.0085,,
0.9085,113,45.8,20.8,0.0075,,
0.9170,114,47.1,20.8,0.0075,,
0.9250,115,48.2,20.8,0.0075,,
0.9335,116,49.1,20.8,0.0075,,
0.9410,117,50.2,20.8,0.0075,,
0.9495,118,51.3,20.8,0.0085,,
0.9580,119,52.7,20.8,0.0075,,
0.9665,120,53.8,20.8,0.0075,,
0.9750,121,54.8,20.8,0.0075,,
0.9830,122,56.2,20.8,0.0075,,
0.9910,123,57.1,20.8,0.0080,,
0.9990,124,58.7,20.8,0.0080,,
1.0075,125,59.8,20.8,0.0075,,
1.0160,126,60.9,20.8,0.0075,,
1.0245,127,62.4,20.8,0.0075,,
1.0330,128,64.0,20.8,0.0075,,
1.0405,129,65.3,20.8,0.0075,,
1.0490,130,66.6,20.8,0.0085,,
1.0575,131,67.8,20.8,0.0075,,
1.0655,132,69.4,20.8,0.0075,,
1.0740,133,71.1,20.8,0.0075,,
1.0825,134,72.3,20.8,0.0075,,
1.0900,135,73.9,20.8,0.0075,,
1.0985,136,75.4,20.8,0.0085,,
1.1070,137,77.3,20.8,0.0075,,
1.1155,138,79.1,20.8,0.0075,,
1.1240,139,80.5,20.8,0.0075,,
1.1320,140,82.4,20.8,0.0075,,
1.1395,141,84.0,20.8,0.0075,,
1.1480,142,86.4,20.8,0.0085,,
1.1565,143,88.5,20.8,0.0075,,
1.1650,144,90.4,20.8,0.0075,,
1.1735,145,92.8,20.8,0.0075,,
1.1820,146,94.9,20.8,0.0085,,
1.1895,147,97.8,20.8,0.0075,,
1.1980,148,100.3,20.8,0.0085,,
1.2060,149,102.8,20.8,0.0075,,
1.2145,150,106.0,20.8,0.0075,,
1.2230,151,109.2,20.8,0.0075,,
1.2315,152,112.2,20.8,0.0085,,
1.2390,153,115.5,20.8,0.0075,,
1.2475,154,118.9,20.8,0.0085,,
1.2560,155,122.9,20.8,0.0075,,
1.2645,156,127.3,20.8,0.0075,,
1.2725,157,131.4,20.8,0.0075,,
1.2805,158,135.3,20.8,0.0080,,
1.2885,159,139.4,20.8,0.0080,,
1.2970,160,144.2,20.8,0.0085,,
1.3055,161,148.4,20.8,0.0075,,
1.3140,162,152.0,20.8,0.0075,,
1.3225,163,155.7,20.8,0.0075,,
1.3300,164,158.7,20.8,0.0075,,
1.3385,165,162.1,20.8,0.0085,,
1.3470,166,164.9,20.8,0.0085,,
1.3550,167,167.3,20.8,0.0075,,
1.3635,168,169.9,20.8,0.0075,,
1.3720,169,172.1,20.8,0.0075,,
1.3805,170,173.9,20.8,0.0085,,
1.3880,171,175.8,20.8,0.0075,,
1.3965,172,177.3,20.8,0.0085,,
1.4050,173,179.1,20.8,0.0075,,
1.4130,174,180.9,20.8,0.0075,,
1.4215,175,182.1,20.8,0.0075,,
1.4300,176,183.6,20.8,0.0085,,
1.4375,177,184.7,20.8,0.0075,,
1.4405,177,185.2,20.8,0.0075,,
1.4405,418,187.2,20.9,0.0000,,
1.4410,418,187.5,20.9,0.0010,,
1.4425,420,187.6,20.9,0.0010,,
1.4450,420,187.4,20.9,0.0050,,
1.4490,422,187.7,20.9,0.0025,,
1.4555,423,188.5,20.9,0.0110,,
1.4640,424,189.2,20.9,0.0140,,
1.4715,424,190.2,20.9,0.0150,,
1.4800,426,191.0,20.9,0.0055,,
1.4885,426,192.1,20.9,0.0170,,
1.4965,428,193.2,20.9,0.0050,,
1.5050,429,194.0,20.9,0.0140,,
1.5135,430,194.8,20.9,0.0140,,
1.5210,430,195.5,20.9,0.0150,,
1.5295,432,196.4,20.9,0.0055,,
1.5380,432,197.5,20.9,0.0170,,
1.5465,434,198.2,20.9,0.0055,,
1.5545,435,198.9,20.9,0.0135,,
1.5630,436,199.9,20.9,0.0140,,
1.5705,436,200.3,20.9,0.0150,,
1.5790,438,201.2,20.9,0.0055,,
1.5875,438,201.8,20.9,0.0170,,
1.5960,440,202.2,20.9,0.0055,,
1.6045,441,203.2,20.9,0.0140,,
1.6125,442,204.0,20.9,0.0135,,
1.6205,442,204.5,20.9,0.0160,,
1.6285,444,205.1,20.9,0.0055,,
1.6370,444,205.4,20.9,0.0170,,
1.6455,446,206.2,20.9,0.0055,,
1.6540,447,206.9,20.9,0.0140,,
1.6625,448,207.2,20.9,0.0140,,
1.6710,448,207.8,20.9,0.0170,,
1.6785,450,208.1,20.9,0.0050,,
1.6870,450,208.9,20.9,0.0170,,
1.6950,452,209.5,20.9,0.0050,,
1.7035,453,209.8,20.9,0.0140,,
1.7120,454,210.2,20.9,0.0140,,
1.7205,454,210.6,20.9,0.0170,,
1.7280,456,211.4,20.9,0.0050,,
1.7365,456,211.9,20.9,0.0170,,
1.7450,458,212.1,20.9,0.0055,,
1.7530,459,212.6,20.9,0.0135,,
1.7615,460,213.3,20.9,0.0140,,
1.7690,460,213.6,20.9,0.0150,,
1.7775,462,214.0,20.9,0.0055,,
1.7860,462,214.2,20.9,0.0170,,
1.7945,464,214.7,20.9,0.0055,,
1.8030,465,215.3,20.9,0.0140,,
1.8115,466,215.4,20.9,0.0140,,
1.8195,466,216.0,20.9,0.0160,,
1.8270,468,216.0,20.9,0.0050,,
1.8355,468,216.5,20.9,0.0170,,
1.8440,470,217.1,20.9,0.0055,,
1.8525,471,217.3,20.9,0.0140,,
1.8610,472,217.5,20.9,0.0140,,
1.8695,472,218.0,20.9,0.0170,,
1.8770,474,218.3,20.9,0.0050,,
1.8855,474,219.0,20.9,0.0170,,
1.8935,476,219.0,20.9,0.0050,,
1.9020,477,219.2,20.9,0.0140,,
1.9105,478,219.9,20.9,0.0140,,
1.9190,478,219.9,20.9,0.0170,,
1.9265,480,220.6,20.9,0.0050,,
1.9350,480,220.7,20.9,0.0170,,
1.9435,482,220.9,20.9,0.0055,,
1.9515,483,221.4,20.9,0.0135,,
1.9600,484,221.7,20.9,0.0140,,
1.9685,484,222.1,20.9,0.0170,,
1.9760,486,222.1,20.9,0.0050,,
1.9845,486,222.4,20.9,0.0170,,
1.9930,488,222.9,20.9,0.0055,,
2.0015,489,223.2,20.9,0.0140,,
2.0100,490,223.3,20.9,0.0140,,
2.0180,490,223.6,20.9,0.0160,,
2.0260,492,223.9,20.9,0.0055,,
2.0340,492,224.5,20.9,0.0160,,
2.0425,494,224.7,20.9,0.0055,,
2.0510,495,224.8,20.9,0.0140,,
2.0595,496,225.2,20.9,0.0140,,
2.0680,496,225.3,20.9,0.0170,,
2.0755,498,225.8,20.9,0.0050,,
2.0840,498,226.0,20.9,0.0170,,
2.0920,500,226.1,20.9,0.0050,,
2.1005,501,226.4,20.9,0.0140,,
2.1090,502,226.9,20.9,0.0140,,
2.1175,502,227.1,20.9,0.0170,,
2.1250,504,227.2,20.9,0.0050,,
2.1335,504,227.2,20.9,0.0170,,
2.1420,506,227.7,20.9,0.0055,,
2.1505,507,228.2,20.9,0.0140,,
2.1585,508,228.2,20.9,0.0135,,
2.1670,509,228.2,20.9,0.0140,,
2.1745,510,228.5,20.9,0.0150,,
2.1830,510,228.8,20.9,0.0170,,
2.1915,512,229.2,20.9,0.0055,,
2.2000,513,229.1,20.9,0.0140,,
2.2085,514,229.3,20.9,0.0140,,
2.2165,515,229.8,20.9,0.0135,,
2.2245,516,229.9,20.9,0.0160,,
2.2325,516,230.2,20.9,0.0160,,
2.2410,518,230.2,20.9,0.0055,,
2.2495,519,230.4,20.9,0.0140,,
2.2580,520,230.8,20.9,0.0140,,
2.2665,521,231.0,20.9,0.0140,,
2.2740,522,231.3,20.9,0.0150,,
2.2825,522,231.4,20.9,0.0170,,
2.2905,524,231.4,20.9,0.0055,,
2.2990,525,232.0,20.9,0.0140,,
2.3075,526,232.0,20.9,0.0140,,
2.3160,527,232.0,20.9,0.0140,,
2.3235,528,232.2,20.9,0.0150,,
2.3320,528,232.4,20.9,0.0170,,
2.3405,530,233.0,20.9,0.0055,,
2.3490,531,233.1,20.9,0.0140,,
2.3570,532,233.1,20.9,0.0135,,
2.3655,533,233.5,20.9,0.0140,,
2.3730,534,233.6,20.9,0.0150,,
2.3810,534,234.0,20.9,0.0160,,
2.3890,536,234.1,20.9,0.0055,,
2.3925,537,234.1,20.9,0.0060,,
2.3930,538,234.3,20.9,0.0010,,
2.3940,539,234.3,20.9,0.0015,,
2.3950,540,234.5,20.9,0.0020,,
2.3960,540,234.4,20.9,0.0020,,
2.3970,542,234.2,20.9,0.0005,,
2.3975,543,234.4,20.9,0.0010,,
2.3985,544,234.6,20.9,0.0015,,
2.3995,545,234.1,20.9,0.0015,,
2.4010,546,234.4,20.9,0.0030,,
2.4020,546,234.2,20.9,0.0020,,
2.4025,548,234.5,20.9,0.0005,,
2.4030,549,234.5,20.9,0.0010,,
2.4040,550,234.3,20.9,0.0015,,
2.4045,551,234.4,20.9,0.0010,,
2.4050,552,234.3,20.9,0.0010,,
2.4055,552,234.6,20.9,0.0010,,
2.4070,554,234.6,20.9,0.0010,,
2.4075,555,234.4,20.9,0.0010,,
2.4085,556,234.7,20.9,0.0015,,
2.4085,557,234.8,20.9,0.0000,,
2.4105,558,234.7,20.9,0.0040,,
2.4110,558,234.7,20.9,0.0010,,
2.4115,560,234.5,20.9,0.0005,,
2.4130,561,234.5,20.9,0.0025,,
2.4135,562,234.8,20.9,0.0010,,
2.4145,563,234.7,20.9,0.0015,,
2.4155,564,234.8,20.9,0.0020,,
2.4155,564,234.6,20.9,0.0000,,
2.4170,566,234.6,20.9,0.0010,,
2.4175,566,235.1,20.9,-0.0050,,
Scope 1/1, Sample 26/60 (T19_12)
Result,TitrationEP1
V,t,E,T,dV/dt,E acc. stat.,Volume acc. stat.
0.0000,0,-76.7,20.8,NaN,,
0.0005,1,-76.8,20.8,0.0005,,
0.0025,2,-76.5,20.8,0.0020,,
0.0050,3,-76.7,20.8,0.0025,,
0.0085,4,-76.8,20.8,0.0030,,
0.0150,5,-76.4,20.8,0.0060,,
0.0230,6,-76.0,20.8,0.0075,,
0.0305,7,-75.5,20.8,0.0075,,
0.0390,8,-74.8,20.8,0.0085,,
0.0475,9,-73.9,20.8,0.0085,,
0.0560,10,-72.6,20.8,0.0075,,
0.0645,11,-71.3,20.8,0.0075,,
0.0725,12,-70.2,20.8,0.0075,,
0.0810,13,-68.9,20.8,0.0085,,
0.0885,14,-67.7,20.8,0.0075,,
0.0970,15,-66.0,20.8,0.0085,,
0.1055,16,-64.4,20.8,0.0075,,
0.1140,17,-63.0,20.8,0.0075,,
0.1220,18,-61.5,20.8,0.0075,,
0.1305,19,-59.5,20.8,0.0075,,
0.1380,20,-57.9,20.8,0.0075,,
0.1465,21,-55.8,20.8,0.0085,,
0.1550,22,-54.0,20.8,0.0075,,
0.1635,23,-52.0,20.8,0.0075,,
0.1720,24,-49.5,20.8,0.0075,,
0.1805,25,-47.1,20.8,0.0075,,
0.1880,26,-44.9,20.8,0.0075,,
0.1965,27,-42.7,20.8,0.0085,,
0.2045,28,-40.4,20.8,0.0080,,
0.2130,29,-37.7,20.8,0.0075,,
0.2215,30,-34.9,20.8,0.0075,,
0.2300,31,-32.7,20.8,0.0075,,
0.2375,32,-30.5,20.8,0.0075,,
0.2460,33,-28.5,20.8,0.0085,,
0.2545,34,-26.3,20.8,0.0085,,
0.2625,35,-24.4,20.8,0.0075,,
0.2710,36,-23.0,20.8,0.0075,,
0.2795,37,-21.4,20.8,0.0075,,
0.2870,38,-20.1,20.8,0.0075,,
0.2955,39,-18.6,20.8,0.0085,,
0.3040,40,-16.9,20.8,0.0085,,
0.3125,41,-15.9,20.8,0.0075,,
0.3205,42,-14.6,20.8,0.0075,,
0.3290,43,-13.2,20.8,0.0075,,
0.3365,44,-12.3,20.8,0.0075,,
0.3450,45,-11.1,20.8,0.0085,,
0.3535,46,-10.3,20.8,0.0085,,
0.3620,47,-9.2,20.8,0.0075,,
0.3705,48,-8.0,20.8,0.0075,,
0.3790,49,-7.2,20.8,0.0075,,
0.3865,50,-6.2,20.8,0.0075,,
0.3950,51,-5.6,20.8,0.0085,,
0.4030,52,-4.6,20.8,0.0080,,
0.4115,53,-3.4,20.8,0.0075,,
0.4200,54,-2.8,20.8,0.0075,,
0.4285,55,-2.0,20.8,0.0075,,
0.4360,56,-1.3,20.8,0.0075,,
0.4445,57,-0.3,20.8,0.0085,,
0.4530,58,0.6,20.8,0.0085,,
0.4615,59,1.2,20.8,0.0075,,
0.4695,60,2.2,20.8,0.0075,,
0.4780,61,3.3,20.8,0.0075,,
0.4855,62,3.8,20.8,0.0075,,
0.4940,63,4.8,20.8,0.0085,,
0.5025,64,5.4,20.8,0.0085,,
0.5110,65,6.2,20.8,0.0075,,
0.5195,66,7.3,20.8,0.0075,,
0.5275,67,7.9,20.8,0.0075,,
0.5355,68,8.7,20.8,0.0080,,
0.5435,69,9.2,20.8,0.0080,,
0.5520,70,10.1,20.8,0.0085,,
0.5605,71,11.1,20.8,0.0075,,
0.5690,72,11.7,20.8,0.0075,,
0.5775,73,12.3,20.8,0.0075,,
0.5850,74,13.1,20.8,0.0075,,
0.5935,75,13.9,20.8,0.0085,,
0.6015,76,14.9,20.8,0.0080,,
0.6100,77,15.4,20.8,0.0075,,
0.6185,78,16.1,20.8,0.0075,,
0.6270,79,17.1,20.8,0.0075,,
0.6345,80,17.7,20.8,0.0075,,
0.6430,81,18.7,20.8,0.0085,,
0.6515,82,19.5,20.8,0.0085,,
0.6595,83,20.0,20.8,0.0075,,
0.6680,84,20.9,20.8,0.0075,,
0.6765,85,22.0,20.8,0.0075,,
0.6850,86,22.7,20.8,0.0085,,
0.6925,87,23.4,20.8,0.0075,,
0.7010,88,24.0,20.8,0.0085,,
0.7095,89,24.9,20.8,0.0075,,
0.7180,90,25.9,20.8,0.0075,,
0.7260,91,26.6,20.8,0.0075,,
0.7345,92,27.3,20.8,0.0075,,
0.7420,93,28.0,20.8,0.0075,,
0.7505,94,29.0,20.8,0.0085,,
0.7590,95,30.1,20.8,0.0075,,
0.7675,96,30.7,20.8,0.0075,,
0.7760,97,31.5,20.8,0.0075,,
0.7840,98,32.6,20.8,0.0075,,
0.7915,99,33.2,20.8,0.0075,,
0.8000,100,34.3,20.8,0.0085,,
0.8085,101,35.1,20.8,0.0085,,
0.8170,102,35.8,20.8,0.0075,,
0.8255,103,37.0,20.8,0.0075,,
0.8340,104,38.0,20.8,0.0075,,
0.8415,105,38.9,20.8,0.0075,,
0.8500,106,39.7,20.8,0.0085,,
0.8580,107,40.4,20.8,0.0080,,
0.8665,108,41.7,20.8,0.0075,,
0.8750,109,42.8,20.8,0.0075,,
0.8835,110,43.6,20.8,0.0075,,
0.8910,111,44.7,20.8,0.0075,,
0.8995,112,45.5,20.8,0.0085,,
0.9080,113,46.8,20.8,0.0085,,
0.9165,114,47.9,20.8,0.0075,,
0.9245,115,48.6,20.8,0.0075,,
0.9330,116,49.8,20.8,0.0075,,
0.9405,117,50.7,20.8,0.0075,,
0.9490,118,52.0,20.8,0.0085,,
0.9575,119,53.2,20.8,0.0085,,
0.9660,120,54.0,20.8,0.0075,,
0.9745,121,55.4,20.8,0.0075,,
0.9825,122,56.7,20.8,0.0075,,
0.9905,123,57.7,20.8,0.0080,,
0.9985,124,58.9,20.8,0.0080,,
1.0070,125,59.9,20.8,0.0085,,
1.0155,126,61.4,20.8,0.0075,,
1.0240,127,62.9,20.8,0.0075,,
1.0325,128,64.0,20.8,0.0075,,
1.0400,129,65.3,20.8,0.0075,,
1.0485,130,66.5,20.8,0.0085,,
1.0570,131,68.1,20.8,0.0085,,
1.0650,132,69.7,20.8,0.0075,,
1.0735,133,70.8,20.8,0.0075,,
1.0820,134,72.2,20.8,0.0075,,
1.0895,135,73.5,20.8,0.0070,,
1.0980,136,75.2,20.8,0.0085,,
1.1065,137,76.9,20.8,0.0075,,
1.1150,138,78.2,20.8,0.0075,,
1.1230,139,79.9,20.8,0.0075,,
1.1315,140,81.9,20.8,0.0075,,
1.1390,141,83.5,20.8,0.0075,,
1.1475,142,85.5,20.8,0.0085,,
1.1560,143,87.3,20.8,0.0085,,
1.1645,144,89.2,20.8,0.0075,,
1.1730,145,91.6,20.8,0.0075,,
1.1815,146,93.6,20.8,0.0075,,
1.1890,147,95.9,20.8,0.0075,,
1.1970,148,98.0,20.8,0.0080,,
1.2055,149,100.5,20.8,0.0085,,
1.2140,150,103.4,20.8,0.0075,,
1.2225,151,106.2,20.8,0.0075,,
1.2310,152,109.1,20.8,0.0075,,
1.2385,153,112.1,20.8,0.0075,,
1.2470,154,115.4,20.8,0.0085,,
1.2555,155,119.4,20.8,0.0085,,
1.2635,156,123.2,20.8,0.0075,,
1.2720,157,126.8,20.8,0.0075,,
1.2805,158,131.1,20.8,0.0075,,
1.2890,159,135.0,20.8,0.0085,,
1.2965,160,140.0,20.8,0.0075,,
1.3050,161,144.2,20.8,0.0085,,
1.3135,162,148.0,20.8,0.0075,,
1.3215,163,152.1,20.8,0.0075,,
1.3300,164,156.0,20.8,0.0075,,
1.3385,165,159.0,20.8,0.0085,,
1.3460,166,162.1,20.8,0.0075,,
1.3545,167,164.7,20.8,0.0085,,
1.3630,168,167.4,20.8,0.0075,,
1.3715,169,170.0,20.8,0.0075,,
1.3795,170,171.9,20.8,0.0075,,
1.3880,171,173.8,20.8,0.0085,,
1.3955,172,175.5,20.8,0.0075,,
1.4040,173,177.5,20.8,0.0085,,
1.4125,174,179.3,20.8,0.0075,,
1.4210,175,180.7,20.8,0.0075,,
1.4295,176,182.0,20.8,0.0075,,
1.4380,177,183.3,20.8,0.0085,,
1.4455,178,184.8,20.8,0.0075,,
1.4480,178,185.1,20.8,0.0085,,
1.4480,418,187.4,20.9,0.0000,,
1.4485,419,187.6,20.9,0.0005,,
1.4500,420,187.4,20.9,0.0010,,
1.4525,421,187.4,20.9,0.0020,,
1.4565,422,187.9,20.9,0.0025,,
1.4625,424,188.5,20.9,0.0040,,
1.4710,424,188.9,20.9,0.0170,,
1.4785,425,189.9,20.9,0.0055,,
1.4870,426,190.9,20.9,0.0055,,
1.4955,428,192.1,20.9,0.0055,,
1.5040,428,193.1,20.9,0.0170,,
1.5120,430,193.7,20.9,0.0055,,
1.5205,430,194.8,20.9,0.0170,,
1.5280,431,195.5,20.9,0.0055,,
1.5365,432,196.6,20.9,0.0060,,
1.5450,433,197.3,20.9,0.0060,,
1.5535,434,197.9,20.9,0.0055,,
1.5620,436,198.9,20.9,0.0055,,
1.5700,436,199.8,20.9,0.0160,,
1.5780,437,200.4,20.9,0.0055,,
1.5860,438,201.0,20.9,0.0055,,
1.5945,440,201.6,20.9,0.0055,,
1.6030,440,202.5,20.9,0.0170,,
1.6115,442,203.3,20.9,0.0055,,
1.6200,442,203.9,20.9,0.0210,,
1.6275,443,204.3,20.9,0.0055,,
1.6360,444,204.8,20.9,0.0060,,
1.6440,446,205.7,20.9,0.0055,,
1.6525,446,206.3,20.9,0.0170,,
1.6610,448,206.5,20.9,0.0055,,
1.6695,448,207.3,20.9,0.0170,,
1.6770,449,207.6,20.9,0.0055,,
1.6855,450,208.4,20.9,0.0060,,
1.6940,452,209.0,20.9,0.0055,,
1.7025,452,209.1,20.9,0.0170,,
1.7105,454,209.7,20.9,0.0055,,
1.7190,454,210.0,20.9,0.0210,,
1.7265,455,210.8,20.9,0.0055,,
1.7350,456,211.2,20.9,0.0060,,
1.7435,458,211.4,20.9,0.0055,,
1.7520,458,212.1,20.9,0.0170,,
1.7605,460,212.7,20.9,0.0055,,
1.7685,460,212.9,20.9,0.0160,,
1.7765,461,213.4,20.9,0.0055,,
1.7845,462,213.6,20.9,0.0055,,
1.7930,464,214.1,20.9,0.0055,,
1.8015,464,214.8,20.9,0.0170,,
1.8100,466,215.0,20.9,0.0055,,
1.8185,466,215.2,20.9,0.0170,,
1.8260,467,215.7,20.9,0.0055,,
1.8345,468,216.1,20.9,0.0060,,
1.8425,469,216.8,20.9,0.0055,,
1.8510,470,217.0,20.9,0.0055,,
1.8595,472,217.0,20.9,0.0055,,
1.8680,472,217.7,20.9,0.0170,,
1.8755,473,217.9,20.9,0.0055,,
1.8840,474,218.6,20.9,0.0060,,
1.8925,475,218.9,20.9,0.0060,,
1.9005,476,218.9,20.9,0.0055,,
1.9090,478,219.5,20.9,0.0055,,
1.9175,478,220.0,20.9,0.0170,,
1.9260,479,220.3,20.9,0.0060,,
1.9335,480,220.6,20.9,0.0055,,
1.9420,481,220.6,20.9,0.0060,,
1.9505,482,221.1,20.9,0.0055,,
1.9585,484,221.6,20.9,0.0055,,
1.9670,484,221.7,20.9,0.0170,,
1.9755,486,221.7,20.9,0.0055,,
1.9830,486,222.1,20.9,0.0185,,
1.9915,487,222.4,20.9,0.0060,,
2.0000,488,223.0,20.9,0.0060,,
2.0085,490,223.1,20.9,0.0055,,
2.0170,490,223.3,20.9,0.0170,,
2.0250,492,223.8,20.9,0.0055,,
2.0325,492,223.9,20.9,0.0185,,
2.0410,493,224.3,20.9,0.0060,,
2.0495,494,224.6,20.9,0.0060,,
2.0580,496,224.6,20.9,0.0055,,
2.0665,496,225.1,20.9,0.0170,,
2.0750,498,225.5,20.9,0.0055,,
2.0825,498,225.8,20.9,0.0185,,
2.0910,499,226.0,20.9,0.0060,,
2.0990,500,226.0,20.9,0.0055,,
2.1075,502,226.5,20.9,0.0055,,
2.1160,502,226.9,20.9,0.0170,,
2.1245,504,226.9,20.9,0.0055,,
2.1320,504,227.2,20.9,0.0185,,
2.1405,505,227.2,20.9,0.0060,,
2.1490,506,227.7,20.9,0.0060,,
2.1575,508,227.9,20.9,0.0055,,
2.1655,508,227.9,20.9,0.0160,,
2.1740,510,228.2,20.9,0.0055,,
2.1815,510,228.4,20.9,0.0185,,
2.1900,511,228.9,20.9,0.0060,,
2.1985,512,229.2,20.9,0.0060,,
2.2070,514,229.2,20.9,0.0055,,
2.2155,514,229.4,20.9,0.0170,,
2.2235,516,229.9,20.9,0.0055,,
2.2315,516,230.0,20.9,0.0200,,
2.2395,517,230.2,20.9,0.0055,,
2.2480,518,230.3,20.9,0.0060,,
2.2565,520,230.5,20.9,0.0055,,
2.2650,520,230.9,20.9,0.0170,,
2.2735,522,231.0,20.9,0.0055,,
2.2815,522,231.4,20.9,0.0200,,
2.2895,523,231.4,20.9,0.0055,,
2.2975,524,231.5,20.9,0.0055,,
2.3060,526,231.9,20.9,0.0055,,
2.3145,526,232.0,20.9,0.0170,,
2.3230,528,232.0,20.9,0.0055,,
2.3315,528,232.3,20.9,0.0210,,
2.3390,529,232.4,20.9,0.0055,,
2.3475,530,232.9,20.9,0.0060,,
2.3555,532,233.0,20.9,0.0055,,
2.3640,532,233.0,20.9,0.0170,,
2.3725,534,233.4,20.9,0.0055,,
2.3810,534,233.4,20.9,0.0210,,
2.3880,535,233.9,20.9,0.0050,,
2.3955,536,234.1,20.9,0.0055,,
2.3975,537,234.0,20.9,0.0015,,
2.3975,538,234.2,20.9,0.0000,,
2.3985,540,234.4,20.9,0.0005,,
2.4000,540,234.2,20.9,0.0030,,
2.4015,541,234.4,20.9,0.0010,,
2.4030,542,234.2,20.9,0.0010,,
2.4050,543,234.3,20.9,0.0015,,
2.4060,544,234.5,20.9,0.0005,,
2.4075,546,234.4,20.9,0.0010,,
2.4090,546,234.3,20.9,0.0030,,
2.4095,547,234.3,20.9,0.0005,,
2.4110,548,234.4,20.9,0.0010,,
2.4125,550,234.6,20.9,0.0010,,
2.4130,550,234.5,20.9,0.0010,,
2.4140,552,234.3,20.9,0.0005,,
2.4150,552,234.6,20.9,0.0020,,
2.4165,553,234.5,20.9,0.0010,,
2.4175,554,234.8,20.9,0.0005,,
2.4175,555,234.7,20.9,0.0000,,
2.4185,556,234.6,20.9,0.0005,,
2.4185,558,234.8,20.9,0.0000,,
2.4195,558,234.8,20.9,0.0020,,
2.4195,559,234.9,20.9,0.0000,,
2.4210,560,234.7,20.9,0.0010,,
2.4215,561,234.5,20.9,0.0005,,
2.4225,562,234.8,20.9,0.0005,,
2.4230,563,235.0,20.9,0.0005,,
Scope 1/1, Sample 27/60 (T20_12)
Result,TitrationEP1
V,t,E,T,dV/dt,E acc. stat.,Volume acc. stat.
0.0000,0,-74.4,20.8,NaN,,
0.0010,1,-74.5,20.8,0.0010,,
0.0025,2,-74.3,20.8,0.0015,,
0.0050,3,-74.5,20.8,0.0025,,
0.0085,4,-74.2,20.8,0.0030,,
0.0150,5,-74.1,20.8,0.0060,,
0.0230,6,-73.7,20.8,0.0075,,
0.0315,7,-72.7,20.8,0.0075,,
0.0400,8,-71.8,20.8,0.0075,,
0.0485,9,-70.8,20.8,0.0085,,
0.0560,10,-69.8,20.8,0.0070,,
0.0645,11,-68.6,20.8,0.0075,,
0.0725,12,-67.0,20.8,0.0075,,
0.0810,13,-65.5,20.8,0.0075,,
0.0895,14,-64.1,20.8,0.0075,,
0.0980,15,-62.7,20.8,0.0075,,
0.1055,16,-61.1,20.8,0.0070,,
0.1140,17,-59.2,20.8,0.0075,,
0.1225,18,-57.3,20.8,0.0075,,
0.1310,19,-55.5,20.8,0.0075,,
0.1390,20,-53.5,20.8,0.0075,,
0.1475,21,-51.6,20.8,0.0085,,
0.1550,22,-49.1,20.8,0.0070,,
0.1635,23,-46.8,20.8,0.0075,,
0.1720,24,-44.5,20.8,0.0075,,
0.1805,25,-41.7,20.8,0.0075,,
0.1890,26,-39.0,20.8,0.0075,,
0.1970,27,-36.8,20.8,0.0080,,
0.2050,28,-34.2,20.8,0.0075,,
0.2130,29,-31.9,20.8,0.0075,,
0.2215,30,-29.2,20.8,0.0075,,
0.2300,31,-26.8,20.8,0.0075,,
0.2385,32,-25.0,20.8,0.0075,,
0.2460,33,-23.3,20.8,0.0070,,
0.2545,34,-21.8,20.8,0.0075,,
0.2630,35,-20.0,20.8,0.0075,,
0.2715,36,-18.3,20.8,0.0075,,
0.2795,37,-17.0,20.8,0.0075,,
0.2880,38,-15.6,20.8,0.0075,,
0.2965,39,-14.5,20.8,0.0075,,
0.3040,40,-13.0,20.8,0.0070,,
0.3125,41,-11.8,20.8,0.0075,,
0.3210,42,-10.9,20.8,0.0075,,
0.3295,43,-9.8,20.8,0.0075,,
0.3375,44,-8.5,20.8,0.0075,,
0.3460,45,-7.6,20.8,0.0085,,
0.3535,46,-6.5,20.8,0.0070,,
0.3620,47,-5.8,20.8,0.0075,,
0.3705,48,-4.7,20.8,0.0075,,
0.3790,49,-3.5,20.8,0.0075,,
0.3875,50,-2.8,20.8,0.0075,,
0.3960,51,-2.0,20.8,0.0075,,
0.4035,52,-1.3,20.8,0.0070,,
0.4115,53,-0.2,20.8,0.0075,,
0.4200,54,0.8,20.8,0.0075,,
0.4285,55,1.4,20.8,0.0075,,
0.4370,56,2.1,20.8,0.0075,,
0.4455,57,2.9,20.8,0.0085,,
0.4530,58,3.9,20.8,0.0070,,
0.4615,59,4.8,20.8,0.0075,,
0.4700,60,5.6,20.8,0.0075,,
0.4780,61,6.3,20.8,0.0075,,
0.4865,62,7.3,20.8,0.0075,,
0.4950,63,8.2,20.8,0.0075,,
0.5025,64,8.7,20.8,0.0070,,
0.5110,65,9.5,20.8,0.0075,,
0.5195,66,10.1,20.8,0.0075,,
0.5280,67,11.0,20.8,0.0075,,
0.5360,68,11.9,20.8,0.0075,,
0.5445,69,12.5,20.8,0.0075,,
0.5530,70,13.5,20.8,0.0075,,
0.5605,71,14.1,20.8,0.0070,,
0.5690,72,14.9,20.8,0.0075,,
0.5775,73,15.9,20.8,0.0075,,
0.5860,74,16.5,20.8,0.0075,,
0.5940,75,17.1,20.8,0.0075,,
0.6025,76,17.8,20.8,0.0085,,
0.6100,77,18.7,20.8,0.0070,,
0.6185,78,19.6,20.8,0.0075,,
0.6270,79,20.4,20.8,0.0075,,
0.6355,80,21.0,20.8,0.0075,,
0.6440,81,21.9,20.8,0.0075,,
0.6520,82,22.8,20.8,0.0075,,
0.6600,83,23.5,20.8,0.0075,,
0.6680,84,24.2,20.8,0.0075,,
0.6765,85,24.9,20.8,0.0075,,
0.6850,86,25.8,20.8,0.0075,,
0.6935,87,26.8,20.8,0.0075,,
0.7020,88,27.4,20.8,0.0075,,
0.7095,89,28.2,20.8,0.0070,,
0.7180,90,28.9,20.8,0.0075,,
0.7260,91,29.9,20.8,0.0075,,
0.7345,92,30.9,20.8,0.0075,,
0.7430,93,31.5,20.8,0.0075,,
0.7515,94,32.4,20.8,0.0075,,
0.7590,95,33.1,20.8,0.0070,,
0.7675,96,34.2,20.8,0.0075,,
0.7760,97,35.2,20.8,0.0075,,
0.7845,98,35.8,20.8,0.0075,,
0.7925,99,36.9,20.8,0.0075,,
0.8010,100,37.6,20.8,0.0085,,
0.8085,101,38.8,20.8,0.0070,,
0.8170,102,39.7,20.8,0.0075,,
0.8255,103,40.4,20.8,0.0075,,
0.8340,104,41.5,20.8,0.0075,,
0.8425,105,42.7,20.8,0.0075,,
0.8510,106,43.5,20.8,0.0085,,
0.8585,107,44.4,20.8,0.0070,,
0.8670,108,45.2,20.8,0.0075,,
0.8750,109,46.4,20.8,0.0075,,
0.8835,110,47.5,20.8,0.0075,,
0.8920,111,48.4,20.8,0.0075,,
0.9005,112,49.4,20.8,0.0075,,
0.9080,113,50.3,20.8,0.0070,,
0.9165,114,51.5,20.8,0.0075,,
0.9250,115,52.8,20.8,0.0075,,
0.9330,116,53.7,20.8,0.0075,,
0.9415,117,54.7,20.8,0.0075,,
0.9500,118,56.0,20.8,0.0075,,
0.9575,119,56.9,20.8,0.0070,,
0.9660,120,58.2,20.8,0.0075,,
0.9745,121,59.1,20.8,0.0075,,
0.9830,122,60.2,20.8,0.0075,,
0.9915,123,61.6,20.8,0.0075,,
0.9995,124,62.7,20.8,0.0075,,
1.0075,125,63.9,20.8,0.0075,,
1.0155,126,65.1,20.8,0.0075,,
1.0240,127,66.4,20.8,0.0075,,
1.0325,128,68.0,20.8,0.0075,,
1.0410,129,69.2,20.8,0.0075,,
1.0495,130,70.4,20.8,0.0085,,
1.0570,131,71.5,20.8,0.0070,,
1.0655,132,73.0,20.8,0.0075,,
1.0735,133,74.7,20.8,0.0075,,
1.0820,134,76.1,20.8,0.0075,,
1.0905,135,77.6,20.8,0.0075,,
1.0990,136,79.3,20.8,0.0075,,
1.1065,137,80.6,20.8,0.0070,,
1.1150,138,82.4,20.8,0.0075,,
1.1235,139,84.1,20.8,0.0075,,
1.1315,140,85.7,20.8,0.0075,,
1.1400,141,87.7,20.8,0.0075,,
1.1485,142,89.7,20.8,0.0075,,
1.1560,143,91.4,20.8,0.0070,,
1.1645,144,93.5,20.8,0.0075,,
1.1730,145,95.3,20.8,0.0075,,
1.1815,146,97.6,20.8,0.0075,,
1.1900,147,99.9,20.8,0.0075,,
1.1980,148,102.2,20.8,0.0075,,
1.2055,149,104.5,20.8,0.0070,,
1.2140,150,107.1,20.8,0.0075,,
1.2225,151,110.2,20.8,0.0075,,
1.2310,152,113.3,20.8,0.0075,,
1.2395,153,116.5,20.8,0.0075,,
1.2480,154,119.9,20.8,0.0075,,
1.2555,155,123.1,20.8,0.0070,,
1.2640,156,126.8,20.8,0.0075,,
1.2720,157,130.8,20.8,0.0075,,
1.2805,158,134.8,20.8,0.0075,,
1.2890,159,139.1,20.8,0.0075,,
1.2975,160,143.4,20.8,0.0075,,
1.3050,161,147.0,20.8,0.0070,,
1.3135,162,150.8,20.8,0.0075,,
1.3220,163,154.4,20.8,0.0075,,
1.3305,164,157.7,20.8,0.0075,,
1.3385,165,160.9,20.8,0.0075,,
1.3470,166,163.7,20.8,0.0075,,
1.3545,167,166.2,20.8,0.0070,,
1.3630,168,168.5,20.8,0.0075,,
1.3715,169,170.9,20.8,0.0075,,
1.3800,170,173.3,20.8,0.0075,,
1.3885,171,175.0,20.8,0.0075,,
1.3965,172,176.6,20.8,0.0075,,
1.4045,173,178.2,20.8,0.0075,,
1.4125,174,180.0,20.8,0.0075,,
1.4210,175,181.6,20.8,0.0075,,
1.4295,176,183.0,20.9,0.0075,,
1.4380,177,184.2,20.8,0.0075,,
1.4440,178,185.1,20.8,0.0075,,
1.4440,418,187.1,20.9,0.0000,,
1.4445,419,187.2,20.9,0.0005,,
1.4460,420,187.2,20.9,0.0015,,
1.4485,421,187.3,20.9,0.0030,,
1.4525,422,187.6,20.9,0.0040,,
1.4590,423,188.4,20.9,0.0065,,
1.4675,424,189.2,20.9,0.0085,,
1.4750,425,190.1,20.9,0.0085,,
1.4835,426,191.1,20.9,0.0095,,
1.4915,427,191.9,20.9,0.0090,,
1.5000,428,193.1,20.9,0.0085,,
1.5085,429,194.1,20.9,0.0085,,
1.5170,430,194.8,20.9,0.0085,,
1.5255,431,195.9,20.9,0.0095,,
1.5330,432,196.5,20.9,0.0085,,
1.5415,433,197.5,20.9,0.0095,,
1.5495,434,198.3,20.9,0.0080,,
1.5580,435,198.8,20.9,0.0085,,
1.5665,436,199.6,20.9,0.0085,,
1.5750,437,200.2,20.9,0.0095,,
1.5825,438,201.0,20.9,0.0085,,
1.5910,439,201.8,20.9,0.0095,,
1.5995,440,202.3,20.9,0.0085,,
1.6080,441,202.9,20.9,0.0085,,
1.6160,442,203.8,20.9,0.0080,,
1.6245,443,204.3,20.9,0.0095,,
1.6320,444,205.0,20.9,0.0085,,
1.6405,445,205.3,20.9,0.0095,,
1.6490,446,206.0,20.9,0.0085,,
1.6575,447,206.7,20.9,0.0085,,
1.6660,448,207.2,20.9,0.0085,,
1.6740,449,207.6,20.9,0.0080,,
1.6820,450,208.1,20.9,0.0090,,
1.6900,451,208.6,20.9,0.0090,,
1.6985,452,209.3,20.9,0.0095,,
1.7070,453,209.8,20.9,0.0085,,
1.7155,454,210.1,20.9,0.0085,,
1.7240,455,210.8,20.9,0.0085,,
1.7315,456,211.0,20.9,0.0085,,
1.7400,457,211.8,20.9,0.0095,,
1.7480,458,212.1,20.9,0.0090,,
1.7565,459,212.4,20.9,0.0085,,
1.7650,460,212.9,20.9,0.0085,,
1.7735,461,213.5,20.9,0.0085,,
1.7810,462,213.9,20.9,0.0085,,
1.7895,463,214.2,20.9,0.0095,,
1.7980,464,214.4,20.9,0.0095,,
1.8060,465,215.0,20.9,0.0080,,
1.8145,466,215.6,20.9,0.0085,,
1.8230,467,215.8,20.9,0.0085,,
1.8305,468,216.3,20.9,0.0085,,
1.8390,469,216.5,20.9,0.0095,,
1.8475,470,217.0,20.9,0.0095,,
1.8560,471,217.4,20.9,0.0085,,
1.8645,472,217.6,20.9,0.0085,,
1.8725,473,217.8,20.9,0.0080,,
1.8810,474,218.2,20.9,0.0095,,
1.8885,475,218.6,20.9,0.0085,,
1.8970,476,219.1,20.9,0.0095,,
1.9055,477,219.3,20.9,0.0085,,
1.9140,478,219.6,20.9,0.0085,,
1.9225,479,220.2,20.9,0.0085,,
1.9300,480,220.4,20.9,0.0085,,
1.9385,481,220.8,20.9,0.0095,,
1.9465,482,220.9,20.9,0.0090,,
1.9550,483,221.2,20.9,0.0085,,
1.9635,484,221.7,20.9,0.0085,,
1.9720,485,222.0,20.9,0.0085,,
1.9805,486,222.3,20.9,0.0095,,
1.9880,487,222.4,20.9,0.0085,,
1.9965,488,222.7,20.9,0.0095,,
2.0045,489,223.2,20.9,0.0080,,
2.0130,490,223.4,20.9,0.0085,,
2.0215,491,223.6,20.9,0.0085,,
2.0300,492,223.9,20.9,0.0095,,
2.0375,493,224.3,20.9,0.0085,,
2.0460,494,224.7,20.9,0.0095,,
2.0545,495,224.9,20.9,0.0085,,
2.0630,496,225.0,20.9,0.0085,,
2.0710,497,225.4,20.9,0.0080,,
2.0795,498,225.6,20.9,0.0095,,
2.0870,499,226.0,20.9,0.0085,,
2.0955,500,226.3,20.9,0.0095,,
2.1040,501,226.3,20.9,0.0095,,
2.1125,502,226.6,20.9,0.0085,,
2.1205,503,226.9,20.9,0.0080,,
2.1290,504,227.1,20.9,0.0085,,
2.1365,505,227.4,20.9,0.0085,,
2.1450,506,227.5,20.9,0.0095,,
2.1535,507,227.7,20.9,0.0095,,
2.1620,508,228.2,20.9,0.0085,,
2.1705,509,228.3,20.9,0.0085,,
2.1790,510,228.4,20.9,0.0085,,
2.1865,511,228.7,20.9,0.0085,,
2.1950,512,228.9,20.9,0.0095,,
2.2030,513,229.3,20.9,0.0090,,
2.2115,514,229.4,20.9,0.0085,,
2.2200,515,229.6,20.9,0.0085,,
2.2285,516,230.1,20.9,0.0085,,
2.2360,517,230.0,20.9,0.0085,,
2.2445,518,230.4,20.9,0.0095,,
2.2530,519,230.5,20.9,0.0095,,
2.2615,520,230.6,20.9,0.0085,,
2.2695,521,231.1,20.9,0.0080,,
2.2780,522,231.3,20.9,0.0085,,
2.2855,523,231.5,20.9,0.0085,,
2.2940,524,231.6,20.9,0.0095,,
2.3025,525,231.7,20.9,0.0095,,
2.3110,526,232.1,20.9,0.0085,,
2.3195,527,232.3,20.9,0.0085,,
2.3275,528,232.3,20.9,0.0080,,
2.3355,529,232.5,20.9,0.0090,,
2.3435,530,232.6,20.9,0.0090,,
2.3520,531,233.1,20.9,0.0095,,
2.3605,532,233.2,20.9,0.0085,,
2.3690,533,233.3,20.9,0.0085,,
2.3775,534,233.6,20.9,0.0085,,
2.3845,535,233.6,20.9,0.0080,,
2.3930,536,234.0,20.9,0.0095,,
2.4005,537,234.1,20.9,0.0085,,
2.4055,538,234.2,20.9,0.0050,,
2.4060,539,234.4,20.9,0.0005,,
2.4065,540,234.5,20.9,0.0005,,
2.4070,541,234.6,20.9,0.0005,,
2.4085,542,234.5,20.9,0.0015,,
2.4105,543,234.4,20.9,0.0020,,
2.4130,544,234.5,20.9,0.0025,,
2.4140,545,234.8,20.9,0.0010,,
2.4145,546,234.5,20.9,0.0005,,
2.4155,547,234.7,20.9,0.0010,,
2.4175,548,234.5,20.9,0.0020,,
2.4200,549,234.6,20.9,0.0030,,
2.4230,550,234.8,20.9,0.0030,,
2.4240,551,234.7,20.9,0.0010,,
2.4245,551,235.0,20.9,0.0015,,
Scope 1/1, Sample 28/60 (T21_12)
Result,TitrationEP1
V,t,E,T,dV/dt,E acc. stat.,Volume acc. stat.
0.0000,0,-77.8,20.7,NaN,,
0.0010,1,-78.0,20.7,0.0010,,
0.0025,2,-77.9,20.7,0.0015,,
0.0050,3,-77.6,20.7,0.0020,,
0.0085,4,-77.6,20.7,0.0030,,
0.0150,5,-77.5,20.7,0.0060,,
0.0230,6,-77.3,20.7,0.0075,,
0.0315,7,-76.6,20.7,0.0075,,
0.0400,8,-75.5,20.7,0.0075,,
0.0485,9,-74.6,20.7,0.0075,,
0.0560,10,-73.6,20.7,0.0070,,
0.0645,11,-72.7,20.7,0.0075,,
0.0725,12,-71.5,20.7,0.0075,,
0.0810,13,-69.8,20.7,0.0075,,
0.0895,14,-68.7,20.7,0.0075,,
0.0980,15,-67.4,20.7,0.0075,,
0.1055,16,-66.0,20.7,0.0070,,
0.1140,17,-64.4,20.7,0.0075,,
0.1225,18,-62.4,20.7,0.0075,,
0.1305,19,-60.8,20.7,0.0075,,
0.1390,20,-59.3,20.7,0.0075,,
0.1475,21,-57.1,20.7,0.0075,,
0.1550,22,-55.6,20.7,0.0070,,
0.1635,23,-53.2,20.7,0.0075,,
0.1720,24,-51.2,20.7,0.0075,,
0.1805,25,-49.2,20.7,0.0075,,
0.1890,26,-46.5,20.7,0.0075,,
0.1970,27,-44.0,20.7,0.0075,,
0.2050,28,-41.8,20.7,0.0075,,
0.2130,29,-39.6,20.7,0.0075,,
0.2215,30,-37.2,20.7,0.0075,,
0.2300,31,-34.4,20.7,0.0075,,
0.2385,32,-32.0,20.7,0.0075,,
0.2470,33,-30.1,20.7,0.0075,,
0.2545,34,-28.2,20.7,0.0070,,
0.2630,35,-26.4,20.7,0.0075,,
0.2710,36,-24.2,20.7,0.0075,,
0.2795,37,-22.6,20.7,0.0075,,
0.2880,38,-21.3,20.7,0.0075,,
0.2965,39,-19.7,20.7,0.0075,,
0.3040,40,-18.7,20.7,0.0070,,
0.3125,41,-17.1,20.7,0.0075,,
0.3210,42,-15.8,20.7,0.0075,,
0.3295,43,-15.0,20.7,0.0075,,
0.3375,44,-13.6,20.7,0.0075,,
0.3460,45,-12.3,20.7,0.0075,,
0.3535,46,-11.3,20.7,0.0070,,
0.3620,47,-10.3,20.7,0.0075,,
0.3705,48,-9.6,20.7,0.0075,,
0.3790,49,-8.5,20.7,0.0075,,
0.3875,50,-7.3,20.7,0.0075,,
0.3955,51,-6.5,20.7,0.0075,,
0.4035,52,-5.4,20.7,0.0075,,
0.4115,53,-4.8,20.7,0.0075,,
0.4200,54,-3.7,20.7,0.0075,,
0.4285,55,-2.6,20.7,0.0075,,
0.4370,56,-2.2,20.7,0.0075,,
0.4455,57,-1.4,20.7,0.0075,,
0.4530,58,-0.6,20.7,0.0070,,
0.4615,59,0.4,20.7,0.0075,,
0.4695,60,1.4,20.7,0.0075,,
0.4780,61,2.0,20.7,0.0075,,
0.4865,62,2.6,20.7,0.0075,,
0.4950,63,3.9,20.7,0.0075,,
0.5035,64,4.4,20.7,0.0075,,
0.5110,65,5.5,20.7,0.0070,,
0.5195,66,6.1,20.7,0.0075,,
0.5275,67,6.5,20.7,0.0075,,
0.5360,68,7.5,20.7,0.0075,,
0.5445,69,8.4,20.7,0.0075,,
0.5530,70,8.9,20.7,0.0075,,
0.5605,71,9.8,20.7,0.0070,,
0.5690,72,10.3,20.7,0.0075,,
0.5775,73,11.3,20.7,0.0075,,
0.5860,74,12.3,20.7,0.0075,,
0.5940,75,12.7,20.7,0.0075,,
0.6025,76,13.6,20.7,0.0075,,
0.6100,77,14.2,20.7,0.0070,,
0.6185,78,15.3,20.7,0.0075,,
0.6270,79,16.2,20.7,0.0075,,
0.6355,80,16.6,20.7,0.0075,,
0.6440,81,17.4,20.7,0.0075,,
0.6525,82,18.0,20.7,0.0075,,
0.6600,83,19.1,20.7,0.0070,,
0.6685,84,19.9,20.7,0.0075,,
0.6765,85,20.4,20.7,0.0075,,
0.6850,86,21.3,20.7,0.0075,,
0.6935,87,22.5,20.7,0.0075,,
0.7020,88,23.1,20.7,0.0070,,
0.7095,89,23.9,20.7,0.0070,,
0.7180,90,24.4,20.7,0.0075,,
0.7265,91,25.4,20.7,0.0075,,
0.7345,92,26.6,20.7,0.0075,,
0.7430,93,27.3,20.7,0.0075,,
0.7515,94,27.8,20.7,0.0075,,
0.7590,95,28.7,20.7,0.0070,,
0.7675,96,29.7,20.7,0.0075,,
0.7760,97,30.8,20.7,0.0075,,
0.7845,98,31.4,20.7,0.0075,,
0.7930,99,32.2,20.7,0.0075,,
0.8010,100,33.0,20.7,0.0075,,
0.8085,101,34.1,20.7,0.0070,,
0.8170,102,35.2,20.7,0.0075,,
0.8255,103,35.9,20.7,0.0075,,
0.8340,104,36.9,20.7,0.0075,,
0.8425,105,38.2,20.7,0.0075,,
0.8510,106,39.0,20.7,0.0070,,
0.8585,107,40.1,20.7,0.0070,,
0.8670,108,40.7,20.7,0.0075,,
0.8750,109,41.7,20.7,0.0075,,
0.8835,110,43.0,20.7,0.0075,,
0.8920,111,43.9,20.7,0.0075,,
0.9005,112,44.5,20.7,0.0075,,
0.9080,113,45.5,20.7,0.0070,,
0.9165,114,46.6,20.7,0.0075,,
0.9250,115,48.0,20.7,0.0075,,
0.9330,116,49.0,20.7,0.0075,,
0.9415,117,49.8,20.7,0.0075,,
0.9500,118,51.2,20.7,0.0075,,
0.9575,119,52.1,20.7,0.0070,,
0.9660,120,53.6,20.7,0.0075,,
0.9745,121,54.6,20.7,0.0075,,
0.9830,122,55.6,20.7,0.0075,,
0.9915,123,56.9,20.7,0.0070,,
0.9995,124,58.4,20.7,0.0075,,
1.0070,125,59.5,20.7,0.0070,,
1.0155,126,60.7,20.7,0.0075,,
1.0240,127,61.7,20.7,0.0075,,
1.0325,128,63.2,20.7,0.0075,,
1.0410,129,64.9,20.7,0.0075,,
1.0490,130,66.1,20.7,0.0075,,
1.0575,131,67.5,20.7,0.0075,,
1.0650,132,68.5,20.7,0.0070,,
1.0735,133,69.9,20.7,0.0075,,
1.0820,134,71.8,20.7,0.0075,,
1.0905,135,73.2,20.7,0.0075,,
1.0990,136,74.5,20.7,0.0075,,
1.1075,137,76.4,20.7,0.0070,,
1.1150,138,77.9,20.7,0.0070,,
1.1235,139,79.8,20.7,0.0075,,
1.1315,140,81.6,20.7,0.0075,,
1.1400,141,83.2,20.7,0.0075,,
1.1485,142,85.4,20.7,0.0075,,
1.1570,143,87.1,20.7,0.0075,,
1.1645,144,89.4,20.7,0.0070,,
1.1730,145,91.4,20.7,0.0075,,
1.1815,146,93.5,20.7,0.0075,,
1.1895,147,96.3,20.7,0.0075,,
1.1980,148,98.8,20.7,0.0075,,
1.2055,149,101.1,20.7,0.0070,,
1.2140,150,103.6,20.7,0.0075,,
1.2225,151,106.5,20.7,0.0075,,
1.2310,152,109.8,20.7,0.0075,,
1.2395,153,113.1,20.7,0.0075,,
1.2480,154,116.5,20.7,0.0075,,
1.2560,155,120.0,20.7,0.0075,,
1.2640,156,123.8,20.7,0.0075,,
1.2720,157,128.4,20.7,0.0075,,
1.2805,158,132.6,20.7,0.0075,,
1.2890,159,136.8,20.7,0.0075,,
1.2975,160,141.6,20.7,0.0075,,
1.3050,161,145.2,20.7,0.0070,,
1.3135,162,149.6,20.7,0.0075,,
1.3220,163,153.3,20.7,0.0075,,
1.3305,164,156.8,20.7,0.0075,,
1.3385,165,160.3,20.7,0.0075,,
1.3470,166,163.3,20.7,0.0075,,
1.3545,167,165.9,20.7,0.0070,,
1.3630,168,168.1,20.7,0.0075,,
1.3715,169,170.3,20.7,0.0075,,
1.3800,170,172.7,20.7,0.0075,,
1.3885,171,174.8,20.7,0.0075,,
1.3965,172,176.2,20.7,0.0075,,
1.4050,173,178.0,20.7,0.0075,,
1.4125,174,179.5,20.7,0.0070,,
1.4210,175,181.4,20.7,0.0075,,
1.4295,176,183.0,20.7,0.0075,,
1.4380,177,184.0,20.7,0.0075,,
1.4450,178,185.0,20.7,0.0070,,
1.4450,418,187.5,20.8,0.0000,,
1.4455,419,187.3,20.8,0.0005,,
1.4470,420,187.4,20.8,0.0015,,
1.4495,421,187.3,20.8,0.0025,,
1.4535,422,187.5,20.8,0.0035,,
1.4600,423,188.4,20.8,0.0055,,
1.4685,424,189.1,20.8,0.0070,,
1.4760,425,190.1,20.8,0.0070,,
1.4845,426,190.9,20.8,0.0075,,
1.4925,427,191.8,20.8,0.0075,,
1.5010,428,193.0,20.8,0.0070,,
1.5095,429,193.9,20.8,0.0070,,
1.5180,430,194.6,20.8,0.0070,,
1.5265,431,195.7,20.8,0.0075,,
1.5340,432,196.2,20.8,0.0070,,
1.5425,433,197.3,20.8,0.0075,,
1.5510,434,198.1,20.8,0.0070,,
1.5590,435,198.5,20.8,0.0065,,
1.5675,436,199.4,20.8,0.0070,,
1.5760,437,200.0,20.8,0.0075,,
1.5835,438,201.0,20.8,0.0070,,
1.5920,439,201.8,20.8,0.0075,,
1.6005,440,202.0,20.8,0.0070,,
1.6090,441,202.8,20.8,0.0070,,
1.6170,442,203.8,20.8,0.0065,,
1.6250,443,204.3,20.8,0.0075,,
1.6330,444,204.9,20.8,0.0075,,
1.6415,445,205.2,20.8,0.0075,,
1.6500,446,206.0,20.8,0.0070,,
1.6585,447,206.8,20.8,0.0070,,
1.6670,448,207.1,20.8,0.0070,,
1.6750,449,207.7,20.8,0.0075,,
1.6830,450,207.9,20.8,0.0075,,
1.6910,451,208.6,20.8,0.0075,,
1.6995,452,209.4,20.8,0.0070,,
1.7080,453,209.6,20.8,0.0070,,
1.7165,454,209.9,20.8,0.0070,,
1.7250,455,210.3,20.8,0.0075,,
1.7325,456,211.0,20.8,0.0070,,
1.7410,457,211.6,20.8,0.0075,,
1.7495,458,211.9,20.8,0.0070,,
1.7575,459,212.4,20.8,0.0065,,
1.7660,460,213.2,20.8,0.0070,,
1.7735,461,213.4,20.8,0.0070,,
1.7820,462,213.9,20.8,0.0075,,
1.7905,463,214.0,20.8,0.0075,,
1.7990,464,214.4,20.8,0.0070,,
1.8075,465,215.2,20.8,0.0070,,
1.8155,466,215.4,20.8,0.0065,,
1.8235,467,215.9,20.8,0.0075,,
1.8320,468,215.9,20.8,0.0075,,
1.8400,469,216.5,20.8,0.0075,,
1.8485,470,217.1,20.8,0.0070,,
1.8570,471,217.3,20.8,0.0070,,
1.8655,472,217.4,20.8,0.0070,,
1.8740,473,217.8,20.8,0.0075,,
1.8815,474,218.2,20.8,0.0065,,
1.8900,475,218.8,20.8,0.0075,,
1.8980,476,218.9,20.8,0.0065,,
1.9065,477,219.0,20.8,0.0070,,
1.9150,478,219.7,20.8,0.0070,,
1.9235,479,219.9,20.8,0.0075,,
1.9310,480,220.4,20.8,0.0070,,
1.9395,481,220.4,20.8,0.0075,,
1.9480,482,220.6,20.8,0.0070,,
1.9565,483,221.3,20.8,0.0070,,
1.9645,484,221.5,20.8,0.0065,,
1.9720,485,221.9,20.8,0.0070,,
1.9805,486,221.9,20.8,0.0075,,
1.9890,487,222.2,20.8,0.0075,,
1.9975,488,222.8,20.8,0.0070,,
2.0060,489,223.2,20.8,0.0070,,
2.0140,490,223.2,20.8,0.0065,,
2.0225,491,223.6,20.8,0.0070,,
2.0300,492,223.7,20.8,0.0070,,
2.0385,493,224.3,20.8,0.0075,,
2.0470,494,224.5,20.8,0.0070,,
2.0555,495,224.5,20.8,0.0070,,
2.0640,496,224.9,20.8,0.0070,,
2.0725,497,225.4,20.8,0.0070,,
2.0800,498,225.5,20.8,0.0070,,
2.0885,499,225.7,20.8,0.0075,,
2.0965,500,225.7,20.8,0.0065,,
2.1050,501,226.0,20.8,0.0070,,
2.1135,502,226.6,20.8,0.0070,,
2.1220,503,226.7,20.8,0.0070,,
2.1295,504,227.2,20.8,0.0070,,
2.1380,505,227.1,20.8,0.0075,,
2.1465,506,227.4,20.8,0.0075,,
2.1545,507,228.0,20.8,0.0065,,
2.1630,508,228.0,20.8,0.0070,,
2.1715,509,228.0,20.8,0.0070,,
2.1790,510,228.2,20.8,0.0070,,
2.1875,511,228.7,20.8,0.0075,,
2.1960,512,229.1,20.8,0.0075,,
2.2045,513,229.0,20.8,0.0070,,
2.2125,514,229.1,20.8,0.0065,,
2.2210,515,229.6,20.8,0.0070,,
2.2285,516,229.7,20.8,0.0070,,
2.2370,517,230.1,20.8,0.0075,,
2.2455,518,230.0,20.8,0.0075,,
2.2540,519,230.3,20.8,0.0070,,
2.2625,520,230.8,20.8,0.0070,,
2.2710,521,230.9,20.8,0.0075,,
2.2785,522,231.1,20.8,0.0070,,
2.2870,523,231.1,20.8,0.0075,,
2.2950,524,231.3,20.8,0.0075,,
2.3035,525,231.9,20.8,0.0070,,
2.3120,526,231.9,20.8,0.0070,,
2.3205,527,232.2,20.8,0.0075,,
2.3280,528,232.2,20.8,0.0070,,
2.3365,529,232.5,20.8,0.0075,,
2.3450,530,232.9,20.8,0.0070,,
2.3535,531,232.9,20.8,0.0070,,
2.3615,532,233.0,20.8,0.0065,,
2.3700,533,233.1,20.8,0.0075,,
2.3775,534,233.5,20.8,0.0070,,
2.3860,535,233.9,20.8,0.0075,,
2.3940,536,233.8,20.8,0.0065,,
2.4020,537,233.9,20.8,0.0065,,
2.4070,538,234.4,20.8,0.0040,,
2.4085,539,234.3,20.8,0.0015,,
2.4095,540,234.5,20.8,0.0010,,
2.4100,541,234.3,20.8,0.0005,,
2.4100,542,234.1,20.8,0.0000,,
2.4105,543,234.4,20.8,0.0005,,
2.4115,544,234.5,20.8,0.0010,,
2.4115,545,234.1,20.8,0.0000,,
2.4130,546,234.3,20.8,0.0015,,
2.4145,547,234.2,20.8,0.0015,,
2.4150,548,234.6,20.8,0.0005,,
2.4155,549,234.7,20.8,0.0005,,
2.4160,550,234.3,20.8,0.0005,,
2.4160,551,234.5,20.8,0.0000,,
2.4175,552,234.4,20.8,0.0015,,
2.4175,553,234.7,20.8,0.0000,,
2.4185,554,234.7,20.8,0.0010,,
2.4195,555,234.4,20.8,0.0010,,
2.4200,556,234.6,20.8,0.0005,,
2.4205,557,234.8,20.8,0.0005,,
2.4215,558,234.7,20.8,0.0010,,
2.4220,559,234.9,20.8,0.0005,,
2.4225,560,234.5,20.8,0.0005,,
2.4235,561,234.6,20.8,0.0010,,
2.4240,562,235.0,20.8,0.0005,,
2.4250,563,234.8,20.8,0.0010,,
2.4255,564,234.9,20.8,0.0005,,
2.4260,565,234.6,20.8,0.0005,,
2.4265,566,234.6,20.8,0.0005,,
2.4265,566,235.0,20.8,0.0000,,
Scope 1/1, Sample 29/60 (T22_12)
Result,TitrationEP1
V,t,E,T,dV/dt,E acc. stat.,Volume acc. stat.
0.0000,0,-75.2,20.6,NaN,,
0.0005,1,-74.9,20.6,0.0005,,
0.0025,2,-75.3,20.6,0.0020,,
0.0050,3,-75.2,20.6,0.0025,,
0.0090,4,-74.9,20.6,0.0035,,
0.0150,5,-74.9,20.6,0.0055,,
0.0235,6,-74.4,20.6,0.0085,,
0.0310,7,-74.0,20.6,0.0075,,
0.0395,8,-73.0,20.6,0.0085,,
0.0480,9,-71.7,20.6,0.0075,,
0.0565,10,-70.8,20.6,0.0075,,
0.0650,11,-69.6,20.6,0.0075,,
0.0735,12,-68.5,20.6,0.0085,,
0.0810,13,-66.8,20.6,0.0075,,
0.0895,14,-65.0,20.6,0.0085,,
0.0975,15,-63.9,20.6,0.0075,,
0.1060,16,-62.2,20.6,0.0075,,
0.1145,17,-60.2,20.6,0.0075,,
0.1230,18,-58.7,20.6,0.0085,,
0.1305,19,-56.8,20.6,0.0075,,
0.1390,20,-55.2,20.7,0.0085,,
0.1475,21,-53.2,20.6,0.0075,,
0.1555,22,-50.8,20.6,0.0075,,
0.1640,23,-48.5,20.6,0.0075,,
0.1725,24,-46.5,20.6,0.0075,,
0.1800,25,-44.1,20.6,0.0075,,
0.1885,26,-41.6,20.6,0.0085,,
0.1970,27,-38.8,20.6,0.0085,,
0.2055,28,-36.4,20.6,0.0075,,
0.2135,29,-34.0,20.6,0.0075,,
0.2220,30,-31.2,20.7,0.0075,,
0.2295,31,-29.2,20.7,0.0075,,
0.2380,32,-26.6,20.6,0.0085,,
0.2465,33,-24.7,20.6,0.0075,,
0.2550,34,-23.0,20.6,0.0075,,
0.2635,35,-21.2,20.6,0.0075,,
0.2715,36,-19.3,20.7,0.0075,,
0.2795,37,-18.2,20.7,0.0080,,
0.2875,38,-16.7,20.7,0.0080,,
0.2960,39,-15.6,20.7,0.0085,,
0.3045,40,-14.2,20.7,0.0075,,
0.3130,41,-12.7,20.6,0.0075,,
0.3215,42,-11.7,20.7,0.0075,,
0.3290,43,-10.6,20.7,0.0075,,
0.3375,44,-9.7,20.7,0.0085,,
0.3460,45,-8.5,20.6,0.0085,,
0.3540,46,-7.2,20.7,0.0075,,
0.3625,47,-6.5,20.7,0.0075,,
0.3710,48,-5.6,20.7,0.0075,,
0.3785,49,-4.7,20.7,0.0075,,
0.3870,50,-3.5,20.7,0.0085,,
0.3955,51,-2.5,20.7,0.0085,,
0.4040,52,-1.8,20.7,0.0075,,
0.4120,53,-1.1,20.7,0.0075,,
0.4205,54,0.1,20.7,0.0075,,
0.4280,55,0.7,20.7,0.0075,,
0.4365,56,1.7,20.7,0.0085,,
0.4450,57,2.3,20.7,0.0085,,
0.4535,58,3.2,20.7,0.0075,,
0.4620,59,4.3,20.7,0.0075,,
0.4705,60,5.0,20.7,0.0075,,
0.4780,61,5.8,20.7,0.0075,,
0.4865,62,6.4,20.7,0.0085,,
0.4945,63,7.1,20.7,0.0080,,
0.5030,64,8.1,20.7,0.0075,,
0.5115,65,8.9,20.7,0.0075,,
0.5200,66,9.4,20.7,0.0075,,
0.5275,67,10.2,20.7,0.0075,,
0.5360,68,11.0,20.7,0.0085,,
0.5445,69,12.1,20.7,0.0085,,
0.5525,70,12.8,20.7,0.0075,,
0.5610,71,13.4,20.7,0.0075,,
0.5695,72,14.3,20.7,0.0075,,
0.5780,73,14.9,20.7,0.0085,,
0.5855,74,16.0,20.7,0.0075,,
0.5940,75,16.7,20.7,0.0085,,
0.6025,76,17.2,20.7,0.0075,,
0.6110,77,18.1,20.7,0.0075,,
0.6190,78,19.1,20.7,0.0075,,
0.6275,79,19.8,20.7,0.0085,,
0.6350,80,20.6,20.7,0.0075,,
0.6435,81,21.0,20.7,0.0085,,
0.6520,82,22.1,20.7,0.0075,,
0.6605,83,23.0,20.7,0.0075,,
0.6690,84,23.5,20.7,0.0075,,
0.6770,85,24.5,20.7,0.0080,,
0.6850,86,25.1,20.7,0.0080,,
0.6930,87,26.1,20.7,0.0080,,
0.7015,88,27.2,20.7,0.0075,,
0.7100,89,27.8,20.7,0.0075,,
0.7185,90,28.4,20.7,0.0075,,
0.7270,91,29.6,20.7,0.0075,,
0.7345,92,30.1,20.7,0.0075,,
0.7425,93,31.1,20.7,0.0080,,
0.7510,94,31.8,20.7,0.0085,,
0.7595,95,32.5,20.7,0.0075,,
0.7680,96,33.7,20.7,0.0075,,
0.7765,97,34.6,20.7,0.0075,,
0.7840,98,35.6,20.7,0.0075,,
0.7925,99,36.3,20.7,0.0085,,
0.8010,100,37.1,20.7,0.0085,,
0.8090,101,38.2,20.7,0.0075,,
0.8175,102,39.2,20.7,0.0075,,
0.8260,103,39.9,20.7,0.0075,,
0.8335,104,41.0,20.7,0.0075,,
0.8420,105,41.7,20.7,0.0085,,
0.8505,106,42.9,20.7,0.0085,,
0.8590,107,44.0,20.7,0.0075,,
0.8670,108,44.7,20.7,0.0075,,
0.8755,109,45.7,20.7,0.0075,,
0.8840,110,46.6,20.7,0.0085,,
0.8915,111,47.8,20.7,0.0075,,
0.9000,112,48.9,20.7,0.0085,,
0.9085,113,49.7,20.7,0.0075,,
0.9170,114,50.7,20.7,0.0075,,
0.9255,115,52.0,20.7,0.0075,,
0.9335,116,52.9,20.7,0.0080,,
0.9415,117,54.0,20.7,0.0075,,
0.9495,118,54.7,20.7,0.0080,,
0.9580,119,56.0,20.7,0.0075,,
0.9665,120,57.4,20.7,0.0075,,
0.9750,121,58.3,20.7,0.0075,,
0.9825,122,59.5,20.7,0.0075,,
0.9910,123,60.4,20.7,0.0085,,
0.9995,124,61.7,20.7,0.0085,,
1.0075,125,63.1,20.7,0.0075,,
1.0160,126,64.1,20.7,0.0075,,
1.0245,127,65.4,20.7,0.0075,,
1.0320,128,66.5,20.7,0.0075,,
1.0405,129,68.0,20.7,0.0085,,
1.0490,130,69.5,20.7,0.0085,,
1.0575,131,70.6,20.7,0.0075,,
1.0655,132,71.8,20.7,0.0075,,
1.0740,133,73.6,20.7,0.0075,,
1.0825,134,74.8,20.7,0.0085,,
1.0900,135,76.5,20.7,0.0075,,
1.0985,136,77.7,20.7,0.0085,,
1.1070,137,79.2,20.7,0.0075,,
1.1155,138,81.0,20.7,0.0075,,
1.1240,139,82.7,20.7,0.0075,,
1.1320,140,84.2,20.7,0.0080,,
1.1400,141,85.7,20.7,0.0080,,
1.1480,142,87.4,20.7,0.0080,,
1.1565,143,89.3,20.7,0.0075,,
1.1650,144,91.2,20.7,0.0075,,
1.1735,145,92.9,20.7,0.0075,,
1.1820,146,95.0,20.7,0.0085,,
1.1895,147,97.0,20.7,0.0075,,
1.1980,148,99.5,20.7,0.0085,,
1.2060,149,101.8,20.7,0.0075,,
1.2145,150,104.0,20.7,0.0075,,
1.2230,151,107.0,20.7,0.0075,,
1.2315,152,110.0,20.7,0.0075,,
1.2390,153,112.3,20.7,0.0075,,
1.2475,154,115.4,20.7,0.0085,,
1.2560,155,118.5,20.7,0.0085,,
1.2640,156,121.7,20.7,0.0075,,
1.2725,157,125.6,20.7,0.0075,,
1.2810,158,129.6,20.7,0.0075,,
1.2885,159,133.4,20.7,0.0075,,
1.2970,160,137.4,20.7,0.0085,,
1.3055,161,141.3,20.7,0.0085,,
1.3140,162,145.7,20.7,0.0075,,
1.3220,163,149.5,20.7,0.0075,,
1.3305,164,153.1,20.7,0.0075,,
1.3380,165,156.4,20.7,0.0075,,
1.3465,166,159.5,20.7,0.0085,,
1.3550,167,162.9,20.7,0.0085,,
1.3635,168,165.4,20.7,0.0075,,
1.3720,169,167.9,20.7,0.0075,,
1.3805,170,170.3,20.7,0.0075,,
1.3885,171,172.2,20.7,0.0080,,
1.3965,172,174.4,20.7,0.0080,,
1.4045,173,176.3,20.7,0.0080,,
1.4130,174,177.9,20.7,0.0075,,
1.4215,175,179.6,20.7,0.0075,,
1.4300,176,181.4,20.7,0.0075,,
1.4385,177,182.5,20.7,0.0085,,
1.4460,178,184.0,20.7,0.0075,,
1.4555,179,185.3,20.7,0.0075,,
1.4555,419,187.2,20.7,0.0000,,
1.4560,420,187.5,20.7,0.0005,,
1.4575,421,187.3,20.7,0.0010,,
1.4600,422,187.2,20.7,0.0015,,
1.4640,424,187.9,20.7,0.0025,,
1.4700,424,188.3,20.7,0.0120,,
1.4785,426,188.9,20.7,0.0055,,
1.4860,426,190.1,20.7,0.0185,,
1.4945,427,191.0,20.7,0.0060,,
1.5025,428,192.2,20.7,0.0055,,
1.5110,430,193.3,20.7,0.0055,,
1.5195,430,193.8,20.7,0.0170,,
1.5280,432,194.8,20.7,0.0055,,
1.5355,432,195.5,20.7,0.0185,,
1.5440,433,196.6,20.7,0.0060,,
1.5525,434,197.4,20.7,0.0060,,
1.5605,436,198.0,20.7,0.0055,,
1.5690,436,198.8,20.7,0.0170,,
1.5775,438,199.9,20.7,0.0055,,
1.5850,438,200.5,20.7,0.0185,,
1.5935,439,201.1,20.7,0.0060,,
1.6020,440,201.5,20.7,0.0060,,
1.6105,442,202.3,20.7,0.0055,,
1.6190,442,203.1,20.7,0.0170,,
1.6270,444,203.5,20.7,0.0055,,
1.6350,444,204.5,20.7,0.0200,,
1.6430,445,204.7,20.7,0.0055,,
1.6515,446,205.6,20.7,0.0060,,
1.6600,448,206.3,20.7,0.0055,,
1.6685,448,206.6,20.7,0.0170,,
1.6770,450,207.1,20.7,0.0055,,
1.6845,450,207.6,20.7,0.0185,,
1.6930,451,208.3,20.7,0.0060,,
1.7010,452,209.0,20.7,0.0055,,
1.7095,454,209.2,20.7,0.0055,,
1.7180,454,209.6,20.7,0.0170,,
1.7265,456,210.4,20.7,0.0055,,
1.7340,456,210.6,20.7,0.0185,,
1.7425,457,211.3,20.7,0.0060,,
1.7510,458,211.5,20.7,0.0060,,
1.7595,460,211.9,20.7,0.0055,,
1.7675,460,212.7,20.7,0.0160,,
1.7760,462,213.0,20.7,0.0055,,
1.7835,462,213.6,20.7,0.0185,,
1.7920,463,213.6,20.7,0.0060,,
1.8005,464,214.0,20.7,0.0060,,
1.8090,466,214.6,20.7,0.0055,,
1.8170,466,215.0,20.7,0.0160,,
1.8255,468,215.2,20.7,0.0055,,
1.8340,468,215.6,20.7,0.0210,,
1.8415,469,215.9,20.7,0.0055,,
1.8500,470,216.6,20.7,0.0060,,
1.8585,472,217.0,20.7,0.0055,,
1.8670,472,217.2,20.7,0.0170,,
1.8750,474,217.5,20.7,0.0055,,
1.8835,474,218.2,20.7,0.0170,,
1.8910,475,218.4,20.7,0.0055,,
1.8995,476,219.0,20.7,0.0060,,
1.9080,477,219.0,20.7,0.0060,,
1.9165,478,219.3,20.7,0.0055,,
1.9250,480,219.9,20.7,0.0055,,
1.9330,480,220.1,20.7,0.0160,,
1.9410,481,220.4,20.7,0.0055,,
1.9490,482,220.6,20.7,0.0055,,
1.9575,483,220.7,20.7,0.0060,,
1.9660,484,221.4,20.7,0.0055,,
1.9745,486,221.7,20.7,0.0055,,
1.9830,486,221.7,20.7,0.0170,,
1.9905,487,222.1,20.7,0.0055,,
1.9990,488,222.3,20.7,0.0060,,
2.0075,489,222.9,20.7,0.0060,,
2.0155,490,223.1,20.7,0.0055,,
2.0240,492,223.1,20.7,0.0055,,
2.0325,492,223.5,20.7,0.0170,,
2.0410,493,223.9,20.7,0.0060,,
2.0485,494,224.3,20.7,0.0055,,
2.0570,495,224.7,20.7,0.0060,,
2.0655,496,224.6,20.7,0.0055,,
2.0735,498,225.0,20.7,0.0055,,
2.0820,498,225.6,20.7,0.0170,,
2.0905,500,225.7,20.7,0.0055,,
2.0980,500,226.0,20.7,0.0185,,
2.1065,501,226.1,20.7,0.0060,,
2.1150,502,226.2,20.7,0.0060,,
2.1235,504,226.9,20.7,0.0055,,
2.1315,504,227.0,20.7,0.0160,,
2.1400,506,226.9,20.7,0.0055,,
2.1475,506,227.3,20.7,0.0185,,
2.1560,507,227.4,20.7,0.0060,,
2.1645,508,227.9,20.7,0.0060,,
2.1730,510,228.2,20.7,0.0055,,
2.1815,510,228.2,20.7,0.0170,,
2.1895,512,228.4,20.7,0.0055,,
2.1975,512,228.5,20.7,0.0200,,
2.2055,513,229.0,20.7,0.0055,,
2.2140,514,229.2,20.7,0.0060,,
2.2225,516,229.2,20.7,0.0055,,
2.2310,516,229.5,20.7,0.0170,,
2.2395,518,230.1,20.7,0.0055,,
2.2475,518,230.2,20.7,0.0200,,
2.2555,519,230.6,20.7,0.0055,,
2.2635,520,230.5,20.7,0.0055,,
2.2720,522,230.7,20.7,0.0055,,
2.2805,522,231.2,20.7,0.0170,,
2.2890,524,231.2,20.7,0.0055,,
2.2975,524,231.5,20.7,0.0210,,
2.3050,525,231.4,20.7,0.0055,,
2.3135,526,231.7,20.7,0.0060,,
2.3215,528,232.1,20.7,0.0055,,
2.3300,528,232.1,20.7,0.0170,,
2.3385,530,232.2,20.7,0.0055,,
2.3470,530,232.4,20.7,0.0210,,
2.3545,531,232.7,20.7,0.0055,,
2.3630,532,233.2,20.7,0.0060,,
2.3715,533,233.3,20.7,0.0060,,
2.3795,534,233.3,20.7,0.0055,,
2.3880,536,233.5,20.7,0.0055,,
2.3960,536,233.8,20.7,0.0160,,
2.4020,537,233.8,20.7,0.0045,,
2.4025,538,234.0,20.7,0.0005,,
2.4035,539,233.8,20.7,0.0005,,
2.4045,540,234.0,20.7,0.0005,,
2.4065,542,234.2,20.7,0.0015,,
2.4090,542,234.0,20.7,0.0050,,
2.4115,543,234.3,20.7,0.0020,,
2.4145,544,234.1,20.7,0.0020,,
2.4150,545,234.3,20.7,0.0005,,
2.4160,546,234.5,20.7,0.0005,,
2.4165,548,234.3,20.7,0.0005,,
2.4175,548,234.2,20.7,0.0020,,
2.4180,549,234.2,20.7,0.0005,,
2.4190,550,234.4,20.7,0.0005,,
2.4200,551,234.6,20.7,0.0005,,
2.4210,552,234.4,20.7,0.0005,,
2.4225,554,234.4,20.7,0.0010,,
2.4230,554,234.7,20.7,0.0010,,
2.4240,555,234.6,20.7,0.0005,,
2.4245,556,234.8,20.7,0.0005,,
2.4255,557,234.6,20.7,0.0005,,
2.4260,558,234.5,20.7,0.0005,,
2.4265,560,234.8,20.7,0.0005,,
2.4270,560,234.7,20.7,0.0010,,
2.4280,561,234.8,20.7,0.0005,,
2.4285,562,234.5,20.7,0.0005,,
2.4285,563,234.4,20.7,0.0000,,
2.4290,564,234.7,20.7,0.0005,,
2.4300,566,234.8,20.7,0.0005,,
2.4305,566,234.5,20.7,0.0010,,
2.4310,567,234.6,20.7,0.0005,,
2.4320,568,234.6,20.7,0.0005,,
2.4330,569,234.9,20.7,0.0005,,
2.4340,570,234.7,20.7,0.0005,,
2.4345,571,235.0,20.7,0.0005,,
Scope 1/1, Sample 30/60 (T23_12)
Result,TitrationEP1
V,t,E,T,dV/dt,E acc. stat.,Volume acc. stat.
0.0000,0,-79.3,20.6,NaN,,
0.0010,1,-79.3,20.6,0.0010,,
0.0025,2,-79.4,20.6,0.0015,,
0.0050,3,-79.1,20.6,0.0025,,
0.0085,4,-79.3,20.6,0.0030,,
0.0150,5,-79.3,20.6,0.0060,,
0.0230,6,-78.8,20.6,0.0075,,
0.0315,7,-78.0,20.6,0.0075,,
0.0390,8,-77.2,20.6,0.0075,,
0.0475,9,-76.1,20.6,0.0085,,
0.0560,10,-75.4,20.6,0.0075,,
0.0640,11,-74.1,20.6,0.0075,,
0.0725,12,-72.5,20.6,0.0075,,
0.0810,13,-71.5,20.6,0.0075,,
0.0885,14,-70.0,20.6,0.0075,,
0.0970,15,-68.9,20.6,0.0085,,
0.1055,16,-67.4,20.6,0.0075,,
0.1140,17,-65.4,20.6,0.0075,,
0.1225,18,-64.0,20.6,0.0075,,
0.1305,19,-62.6,20.6,0.0075,,
0.1385,20,-61.0,20.6,0.0080,,
0.1465,21,-58.9,20.6,0.0080,,
0.1550,22,-56.8,20.6,0.0075,,
0.1635,23,-55.1,20.6,0.0075,,
0.1720,24,-53.0,20.6,0.0075,,
0.1805,25,-50.5,20.6,0.0075,,
0.1880,26,-48.6,20.6,0.0075,,
0.1965,27,-46.1,20.6,0.0085,,
0.2045,28,-43.9,20.6,0.0075,,
0.2130,29,-41.2,20.6,0.0075,,
0.2215,30,-38.3,20.6,0.0075,,
0.2300,31,-35.9,20.6,0.0075,,
0.2375,32,-33.4,20.6,0.0075,,
0.2460,33,-31.3,20.6,0.0085,,
0.2545,34,-28.9,20.6,0.0075,,
0.2630,35,-26.6,20.6,0.0075,,
0.2710,36,-24.8,20.6,0.0075,,
0.2795,37,-23.1,20.6,0.0075,,
0.2870,38,-21.6,20.6,0.0075,,
0.2955,39,-20.0,20.6,0.0085,,
0.3040,40,-18.2,20.6,0.0075,,
0.3125,41,-16.9,20.6,0.0075,,
0.3210,42,-15.9,20.6,0.0075,,
0.3290,43,-14.4,20.6,0.0075,,
0.3375,44,-13.6,20.6,0.0085,,
0.3450,45,-12.1,20.6,0.0075,,
0.3535,46,-11.0,20.6,0.0075,,
0.3620,47,-10.3,20.6,0.0075,,
0.3705,48,-9.1,20.6,0.0075,,
0.3790,49,-7.8,20.6,0.0075,,
0.3870,50,-7.0,20.6,0.0075,,
0.3950,51,-5.9,20.6,0.0080,,
0.4030,52,-5.2,20.6,0.0075,,
0.4115,53,-4.1,20.6,0.0075,,
0.4200,54,-3.0,20.6,0.0075,,
0.4285,55,-2.3,20.6,0.0075,,
0.4370,56,-1.4,20.6,0.0085,,
0.4445,57,-0.8,20.6,0.0075,,
0.4530,58,0.2,20.6,0.0085,,
0.4610,59,1.3,20.6,0.0075,,
0.4695,60,2.0,20.6,0.0075,,
0.4780,61,2.6,20.6,0.0075,,
0.4865,62,3.7,20.6,0.0075,,
0.4940,63,4.2,20.6,0.0075,,
0.5025,64,5.4,20.6,0.0085,,
0.5110,65,6.0,20.6,0.0075,,
0.5195,66,6.7,20.6,0.0075,,
0.5275,67,7.7,20.6,0.0075,,
0.5360,68,8.5,20.6,0.0075,,
0.5435,69,9.2,20.6,0.0075,,
0.5520,70,9.7,20.6,0.0085,,
0.5605,71,10.4,20.6,0.0075,,
0.5690,72,11.6,20.6,0.0075,,
0.5775,73,12.4,20.6,0.0075,,
0.5860,74,12.8,20.6,0.0075,,
0.5935,75,13.7,20.6,0.0075,,
0.6015,76,14.4,20.6,0.0080,,
0.6100,77,15.6,20.6,0.0075,,
0.6185,78,16.2,20.6,0.0075,,
0.6270,79,16.9,20.6,0.0075,,
0.6355,80,17.9,20.6,0.0075,,
0.6430,81,18.5,20.6,0.0075,,
0.6515,82,19.6,20.6,0.0085,,
0.6600,83,20.2,20.6,0.0075,,
0.6680,84,20.8,20.6,0.0075,,
0.6765,85,21.9,20.6,0.0075,,
0.6850,86,22.9,20.6,0.0075,,
0.6925,87,23.6,20.6,0.0075,,
0.7010,88,24.1,20.6,0.0085,,
0.7095,89,24.7,20.6,0.0075,,
0.7180,90,25.7,20.6,0.0075,,
0.7260,91,26.8,20.6,0.0075,,
0.7345,92,27.4,20.6,0.0075,,
0.7420,93,28.3,20.6,0.0075,,
0.7505,94,29.0,20.6,0.0085,,
0.7590,95,30.1,20.6,0.0075,,
0.7675,96,31.2,20.6,0.0075,,
0.7760,97,32.0,20.6,0.0075,,
0.7840,98,32.6,20.6,0.0075,,
0.7925,99,33.5,20.6,0.0085,,
0.8000,100,34.4,20.6,0.0075,,
0.8085,101,35.6,20.6,0.0075,,
0.8170,102,36.4,20.6,0.0075,,
0.8255,103,37.1,20.6,0.0075,,
0.8340,104,38.4,20.6,0.0075,,
0.8420,105,39.5,20.6,0.0075,,
0.8500,106,40.3,20.7,0.0080,,
0.8580,107,41.2,20.6,0.0080,,
0.8665,108,41.9,20.6,0.0075,,
0.8750,109,43.2,20.6,0.0075,,
0.8835,110,44.3,20.7,0.0075,,
0.8920,111,45.0,20.6,0.0075,,
0.8995,112,46.2,20.7,0.0075,,
0.9080,113,47.2,20.7,0.0085,,
0.9160,114,48.4,20.6,0.0075,,
0.9245,115,49.8,20.7,0.0075,,
0.9330,116,50.6,20.7,0.0075,,
0.9415,117,51.6,20.7,0.0075,,
0.9490,118,52.7,20.6,0.0075,,
0.9575,119,53.9,20.7,0.0085,,
0.9660,120,55.4,20.7,0.0075,,
0.9740,121,56.2,20.7,0.0075,,
0.9825,122,57.4,20.7,0.0075,,
0.9910,123,58.9,20.7,0.0075,,
0.9985,124,59.9,20.7,0.0075,,
1.0070,125,61.4,20.7,0.0085,,
1.0155,126,62.3,20.7,0.0075,,
1.0240,127,63.7,20.7,0.0075,,
1.0325,128,65.4,20.7,0.0075,,
1.0405,129,66.7,20.7,0.0075,,
1.0490,130,68.1,20.7,0.0085,,
1.0565,131,69.5,20.7,0.0075,,
1.0650,132,70.8,20.7,0.0085,,
1.0735,133,72.4,20.7,0.0075,,
1.0820,134,74.2,20.7,0.0075,,
1.0900,135,75.5,20.7,0.0075,,
1.0985,136,77.1,20.7,0.0075,,
1.1060,137,78.4,20.7,0.0075,,
1.1145,138,80.5,20.7,0.0085,,
1.1230,139,82.3,20.7,0.0075,,
1.1315,140,83.7,20.7,0.0075,,
1.1400,141,85.7,20.7,0.0075,,
1.1485,142,88.0,20.7,0.0075,,
1.1560,143,89.6,20.7,0.0075,,
1.1645,144,91.9,20.7,0.0075,,
1.1725,145,93.8,20.7,0.0075,,
1.1810,146,96.5,20.7,0.0075,,
1.1895,147,99.1,20.7,0.0075,,
1.1980,148,101.3,20.7,0.0075,,
1.2055,149,104.1,20.7,0.0075,,
1.2140,150,106.6,20.7,0.0075,,
1.2225,151,109.9,20.7,0.0075,,
1.2310,152,113.3,20.7,0.0075,,
1.2390,153,116.4,20.7,0.0075,,
1.2475,154,119.8,20.7,0.0085,,
1.2550,155,123.2,20.7,0.0075,,
1.2635,156,127.3,20.7,0.0075,,
1.2720,157,131.7,20.7,0.0075,,
1.2805,158,135.9,20.7,0.0075,,
1.2890,159,140.2,20.7,0.0075,,
1.2970,160,144.2,20.7,0.0080,,
1.3050,161,148.5,20.7,0.0080,,
1.3130,162,152.5,20.7,0.0075,,
1.3215,163,155.7,20.7,0.0075,,
1.3300,164,159.1,20.7,0.0075,,
1.3385,165,162.4,20.7,0.0075,,
1.3470,166,165.1,20.7,0.0075,,
1.3545,167,167.7,20.7,0.0075,,
1.3630,168,169.8,20.7,0.0085,,
1.3710,169,171.8,20.7,0.0075,,
1.3795,170,174.1,20.7,0.0075,,
1.3880,171,176.3,20.7,0.0075,,
1.3965,172,177.7,20.7,0.0075,,
1.4050,173,179.2,20.7,0.0085,,
1.4125,174,180.6,20.7,0.0075,,
1.4210,175,182.1,20.7,0.0075,,
1.4290,176,183.8,20.7,0.0075,,
1.4375,177,184.9,20.7,0.0075,,
1.4410,178,185.3,20.7,0.0070,,
1.4410,418,187.5,20.7,0.0000,,
1.4415,419,187.8,20.7,0.0010,,
1.4430,420,187.5,20.7,0.0025,,
1.4455,421,187.4,20.7,0.0035,,
1.4495,422,188.1,20.7,0.0055,,
1.4560,423,188.7,20.7,0.0095,,
1.4645,424,189.5,20.7,0.0140,,
1.4720,425,190.1,20.7,0.0125,,
1.4805,426,191.1,20.7,0.0140,,
1.4885,427,192.4,20.7,0.0115,,
1.4970,428,193.3,20.7,0.0120,,
1.5055,429,194.0,20.7,0.0120,,
1.5140,430,194.9,20.7,0.0120,,
1.5215,431,195.7,20.7,0.0125,,
1.5300,432,196.9,20.7,0.0140,,
1.5385,433,197.7,20.7,0.0120,,
1.5465,434,198.2,20.7,0.0115,,
1.5550,435,198.9,20.7,0.0120,,
1.5635,436,199.9,20.7,0.0120,,
1.5710,437,200.4,20.7,0.0125,,
1.5795,438,201.2,20.7,0.0140,,
1.5880,439,201.6,20.7,0.0140,,
1.5965,440,202.3,20.7,0.0120,,
1.6045,441,203.3,20.7,0.0115,,
1.6130,442,203.8,20.7,0.0120,,
1.6205,443,204.5,20.7,0.0125,,
1.6290,444,204.8,20.7,0.0140,,
1.6375,445,205.4,20.7,0.0140,,
1.6460,446,206.4,20.7,0.0120,,
1.6545,447,206.8,20.7,0.0120,,
1.6625,448,207.1,20.7,0.0115,,
1.6705,449,207.7,20.7,0.0135,,
1.6785,450,208.2,20.7,0.0135,,
1.6870,451,209.0,20.7,0.0140,,
1.6955,452,209.3,20.7,0.0120,,
1.7040,453,209.6,20.7,0.0120,,
1.7125,454,210.4,20.7,0.0120,,
1.7210,455,210.6,20.7,0.0140,,
1.7285,456,211.5,20.7,0.0105,,
1.7365,457,211.8,20.7,0.0135,,
1.7450,458,211.9,20.7,0.0120,,
1.7535,459,212.7,20.7,0.0120,,
1.7620,460,213.3,20.7,0.0120,,
1.7705,461,213.7,20.7,0.0140,,
1.7780,462,213.9,20.7,0.0125,,
1.7865,463,214.2,20.7,0.0140,,
1.7950,464,214.8,20.7,0.0120,,
1.8030,465,215.3,20.7,0.0115,,
1.8115,466,215.2,20.7,0.0120,,
1.8200,467,215.8,20.7,0.0140,,
1.8275,468,216.0,20.7,0.0125,,
1.8360,469,216.8,20.7,0.0140,,
1.8445,470,217.2,20.7,0.0120,,
1.8530,471,217.3,20.7,0.0120,,
1.8610,472,217.7,20.7,0.0115,,
1.8695,473,217.9,20.7,0.0140,,
1.8770,474,218.5,20.7,0.0125,,
1.8855,475,218.9,20.7,0.0140,,
1.8940,476,218.8,20.7,0.0120,,
1.9025,477,219.3,20.7,0.0120,,
1.9110,478,220.0,20.7,0.0120,,
1.9195,479,220.2,20.7,0.0140,,
1.9270,480,220.6,20.7,0.0125,,
1.9355,481,220.6,20.7,0.0140,,
1.9435,482,221.0,20.7,0.0115,,
1.9520,483,221.6,20.7,0.0120,,
1.9605,484,221.5,20.7,0.0120,,
1.9690,485,222.0,20.7,0.0140,,
1.9765,486,222.0,20.7,0.0125,,
1.9850,487,222.5,20.7,0.0140,,
1.9935,488,223.1,20.7,0.0120,,
2.0015,489,223.1,20.7,0.0115,,
2.0100,490,223.2,20.7,0.0120,,
2.0185,491,223.8,20.7,0.0120,,
2.0260,492,223.9,20.7,0.0125,,
2.0345,493,224.5,20.7,0.0140,,
2.0430,494,224.4,20.7,0.0120,,
2.0515,495,224.5,20.7,0.0120,,
2.0600,496,225.2,20.7,0.0120,,
2.0680,497,225.4,20.7,0.0115,,
2.0755,498,225.7,20.7,0.0125,,
2.0840,499,225.8,20.7,0.0140,,
2.0925,500,225.8,20.7,0.0120,,
2.1010,501,226.5,20.7,0.0120,,
2.1095,502,226.7,20.7,0.0120,,
2.1180,503,226.6,20.7,0.0120,,
2.1255,504,227.0,20.7,0.0125,,
2.1340,505,227.1,20.7,0.0140,,
2.1420,506,227.6,20.7,0.0135,,
2.1505,507,228.0,20.7,0.0120,,
2.1590,508,227.8,20.7,0.0120,,
2.1675,509,228.2,20.7,0.0120,,
2.1750,510,228.2,20.7,0.0125,,
2.1835,511,228.9,20.7,0.0140,,
2.1920,512,229.2,20.7,0.0140,,
2.2000,513,229.0,20.7,0.0115,,
2.2085,514,229.3,20.7,0.0120,,
2.2170,515,230.0,20.7,0.0120,,
2.2245,516,230.0,20.7,0.0125,,
2.2330,517,230.3,20.7,0.0140,,
2.2415,518,230.2,20.7,0.0140,,
2.2500,519,230.6,20.7,0.0120,,
2.2585,520,231.1,20.7,0.0120,,
2.2665,521,231.1,20.7,0.0115,,
2.2740,522,231.4,20.7,0.0125,,
2.2825,523,231.2,20.7,0.0140,,
2.2910,524,231.6,20.7,0.0140,,
2.2995,525,232.2,20.7,0.0120,,
2.3080,526,232.1,20.7,0.0120,,
2.3165,527,232.1,20.7,0.0120,,
2.3240,528,232.3,20.7,0.0125,,
2.3325,529,232.6,20.7,0.0140,,
2.3405,530,233.2,20.7,0.0135,,
2.3490,531,233.1,20.7,0.0120,,
2.3575,532,233.1,20.7,0.0120,,
2.3660,533,233.6,20.7,0.0120,,
2.3730,534,233.7,20.7,0.0115,,
2.3815,535,234.0,20.7,0.0140,,
2.3880,536,233.9,20.7,0.0110,,
2.3925,537,233.9,20.7,0.0065,,
2.3940,538,234.3,20.7,0.0020,,
2.3950,539,234.5,20.7,0.0015,,
2.3955,540,234.5,20.7,0.0010,,
2.3960,541,234.3,20.7,0.0010,,
2.3970,542,234.0,20.7,0.0015,,
2.3975,543,234.3,20.7,0.0010,,
2.3985,544,234.5,20.7,0.0015,,
2.3990,545,234.3,20.7,0.0005,,
2.3990,546,234.4,20.7,0.0000,,
2.4005,547,234.2,20.7,0.0025,,
2.4010,548,234.4,20.7,0.0010,,
2.4015,549,234.6,20.7,0.0010,,
2.4025,550,234.2,20.7,0.0015,,
2.4030,551,234.3,20.7,0.0005,,
2.4035,552,234.7,20.7,0.0005,,
2.4040,553,234.6,20.7,0.0010,,
2.4050,554,234.7,20.7,0.0015,,
2.4055,555,234.3,20.7,0.0005,,
2.4060,556,234.5,20.7,0.0005,,
2.4070,557,234.8,20.7,0.0015,,
2.4070,558,234.5,20.7,0.0000,,
2.4080,559,234.8,20.7,0.0015,,
2.4090,560,234.5,20.7,0.0015,,
2.4095,561,234.6,20.7,0.0005,,
2.4105,562,234.8,20.7,0.0015,,
2.4115,563,234.6,20.7,0.0015,,
2.4125,564,234.7,20.7,0.0015,,
2.4130,565,234.4,20.7,0.0010,,
2.4140,566,234.6,20.7,0.0015,,
2.4145,567,234.8,20.7,0.0005,,
2.4150,568,234.5,20.7,0.0005,,
2.4160,568,235.0,20.7,NaN,,
Scope 1/1, Sample 31/60 (T24_12)
Result,TitrationEP1
V,t,E,T,dV/dt,E acc. stat.,Volume acc. stat.
0.0000,0,-79.0,20.6,NaN,,
0.0005,1,-78.7,20.6,0.0005,,
0.0025,2,-79.0,20.6,0.0020,,
0.0050,3,-79.1,20.6,0.0025,,
0.0090,4,-78.7,20.6,0.0035,,
0.0150,5,-78.5,20.6,0.0055,,
0.0235,6,-78.4,20.6,0.0075,,
0.0310,7,-77.6,20.6,0.0075,,
0.0395,8,-76.8,20.6,0.0085,,
0.0480,9,-75.3,20.6,0.0075,,
0.0565,10,-74.3,20.6,0.0075,,
0.0650,11,-73.3,20.6,0.0075,,
0.0735,12,-71.9,20.6,0.0075,,
0.0810,13,-70.9,20.6,0.0075,,
0.0890,14,-69.2,20.6,0.0080,,
0.0975,15,-67.9,20.6,0.0075,,
0.1060,16,-66.6,20.6,0.0075,,
0.1145,17,-64.8,20.6,0.0075,,
0.1230,18,-62.9,20.6,0.0075,,
0.1305,19,-61.3,20.6,0.0075,,
0.1390,20,-59.8,20.6,0.0085,,
0.1475,21,-58.0,20.6,0.0085,,
0.1555,22,-55.8,20.6,0.0075,,
0.1640,23,-53.5,20.6,0.0075,,
0.1725,24,-51.6,20.6,0.0075,,
0.1800,25,-49.3,20.6,0.0075,,
0.1885,26,-47.1,20.6,0.0085,,
0.1970,27,-44.4,20.6,0.0085,,
0.2055,28,-41.6,20.6,0.0075,,
0.2135,29,-39.2,20.6,0.0075,,
0.2220,30,-36.6,20.6,0.0075,,
0.2295,31,-34.2,20.6,0.0075,,
0.2380,32,-31.5,20.6,0.0085,,
0.2465,33,-28.7,20.6,0.0085,,
0.2550,34,-26.7,20.6,0.0075,,
0.2635,35,-24.7,20.6,0.0075,,
0.2715,36,-22.4,20.6,0.0075,,
0.2795,37,-20.9,20.6,0.0080,,
0.2875,38,-18.9,20.6,0.0080,,
0.2960,39,-17.6,20.6,0.0085,,
0.3045,40,-16.2,20.6,0.0075,,
0.3130,41,-14.4,20.6,0.0075,,
0.3215,42,-13.2,20.6,0.0075,,
0.3295,43,-11.8,20.6,0.0080,,
0.3375,44,-10.8,20.6,0.0080,,
0.3455,45,-9.8,20.6,0.0080,,
0.3540,46,-8.5,20.6,0.0075,,
0.3625,47,-7.2,20.6,0.0075,,
0.3710,48,-6.5,20.6,0.0075,,
0.3795,49,-5.4,20.6,0.0075,,
0.3870,50,-4.6,20.6,0.0075,,
0.3955,51,-3.3,20.6,0.0085,,
0.4035,52,-2.1,20.6,0.0075,,
0.4120,53,-1.5,20.6,0.0075,,
0.4205,54,-0.6,20.6,0.0075,,
0.4290,55,0.7,20.6,0.0075,,
0.4365,56,1.3,20.6,0.0075,,
0.4450,57,2.4,20.6,0.0085,,
0.4535,58,3.0,20.6,0.0085,,
0.4615,59,3.8,20.6,0.0075,,
0.4700,60,5.1,20.6,0.0075,,
0.4785,61,5.8,20.6,0.0075,,
0.4860,62,6.8,20.6,0.0075,,
0.4945,63,7.1,20.6,0.0085,,
0.5030,64,8.1,20.6,0.0085,,
0.5115,65,9.2,20.6,0.0075,,
0.5200,66,9.8,20.6,0.0075,,
0.5280,67,10.3,20.6,0.0075,,
0.5360,68,11.1,20.6,0.0080,,
0.5440,69,12.0,20.6,0.0080,,
0.5525,70,13.2,20.6,0.0085,,
0.5610,71,13.8,20.6,0.0075,,
0.5695,72,14.4,20.6,0.0075,,
0.5780,73,15.6,20.6,0.0075,,
0.5855,74,16.0,20.6,0.0075,,
0.5940,75,17.1,20.6,0.0085,,
0.6020,76,17.8,20.6,0.0080,,
0.6105,77,18.4,20.6,0.0075,,
0.6190,78,19.5,20.6,0.0075,,
0.6275,79,20.4,20.6,0.0075,,
0.6350,80,21.2,20.6,0.0075,,
0.6435,81,21.8,20.6,0.0085,,
0.6520,82,22.5,20.6,0.0085,,
0.6605,83,23.8,20.6,0.0075,,
0.6685,84,24.6,20.6,0.0075,,
0.6770,85,25.2,20.6,0.0075,,
0.6845,86,26.2,20.6,0.0075,,
0.6930,87,26.6,20.6,0.0085,,
0.7015,88,27.8,20.6,0.0085,,
0.7100,89,28.9,20.6,0.0075,,
0.7185,90,29.4,20.6,0.0075,,
0.7265,91,30.4,20.6,0.0075,,
0.7350,92,31.0,20.6,0.0085,,
0.7425,93,32.1,20.6,0.0075,,
0.7510,94,33.2,20.6,0.0085,,
0.7595,95,33.6,20.6,0.0075,,
0.7680,96,34.7,20.6,0.0075,,
0.7765,97,35.9,20.6,0.0075,,
0.7850,98,36.7,20.6,0.0085,,
0.7925,99,37.6,20.6,0.0075,,
0.8005,100,38.2,20.6,0.0080,,
0.8090,101,39.2,20.6,0.0075,,
0.8175,102,40.4,20.6,0.0075,,
0.8260,103,41.3,20.6,0.0075,,
0.8345,104,41.9,20.7,0.0075,,
0.8420,105,42.9,20.7,0.0075,,
0.8505,106,44.1,20.7,0.0085,,
0.8590,107,45.3,20.7,0.0075,,
0.8670,108,46.2,20.7,0.0075,,
0.8755,109,47.0,20.7,0.0075,,
0.8840,110,48.3,20.6,0.0075,,
0.8915,111,49.1,20.6,0.0075,,
0.9000,112,50.5,20.6,0.0085,,
0.9085,113,51.3,20.6,0.0075,,
0.9170,114,52.1,20.6,0.0075,,
0.9250,115,53.7,20.6,0.0075,,
0.9335,116,54.5,20.6,0.0085,,
0.9410,117,55.8,20.6,0.0075,,
0.9495,118,56.9,20.7,0.0085,,
0.9580,119,57.8,20.6,0.0075,,
0.9665,120,59.4,20.7,0.0075,,
0.9750,121,60.6,20.7,0.0075,,
0.9835,122,61.6,20.6,0.0075,,
0.9910,123,62.6,20.6,0.0075,,
0.9995,124,63.9,20.6,0.0085,,
1.0075,125,65.4,20.6,0.0075,,
1.0160,126,66.7,20.7,0.0075,,
1.0245,127,67.9,20.7,0.0075,,
1.0330,128,69.3,20.7,0.0075,,
1.0405,129,70.4,20.7,0.0075,,
1.0490,130,72.0,20.7,0.0085,,
1.0575,131,73.6,20.7,0.0075,,
1.0655,132,74.8,20.7,0.0075,,
1.0740,133,76.3,20.7,0.0075,,
1.0825,134,78.2,20.7,0.0075,,
1.0900,135,79.6,20.7,0.0075,,
1.0985,136,81.2,20.7,0.0085,,
1.1070,137,82.6,20.7,0.0085,,
1.1155,138,84.4,20.7,0.0075,,
1.1235,139,86.4,20.7,0.0075,,
1.1320,140,88.2,20.7,0.0075,,
1.1405,141,90.0,20.7,0.0085,,
1.1480,142,91.7,20.7,0.0075,,
1.1565,143,93.7,20.7,0.0085,,
1.1650,144,96.1,20.7,0.0075,,
1.1735,145,98.0,20.7,0.0075,,
1.1815,146,100.1,20.7,0.0075,,
1.1900,147,102.4,20.7,0.0085,,
1.1975,148,105.0,20.7,0.0075,,
1.2060,149,108.0,20.7,0.0085,,
1.2145,150,110.7,20.7,0.0075,,
1.2230,151,113.3,20.7,0.0075,,
1.2315,152,116.7,20.7,0.0075,,
1.2400,153,119.3,20.7,0.0085,,
1.2475,154,123.2,20.7,0.0075,,
1.2555,155,127.0,20.7,0.0080,,
1.2640,156,130.4,20.7,0.0075,,
1.2725,157,134.4,20.7,0.0075,,
1.2810,158,138.6,20.7,0.0075,,
1.2895,159,142.5,20.7,0.0075,,
1.2970,160,146.7,20.7,0.0075,,
1.3055,161,150.3,20.7,0.0085,,
1.3135,162,154.4,20.7,0.0080,,
1.3220,163,158.0,20.7,0.0075,,
1.3305,164,160.9,20.7,0.0075,,
1.3390,165,163.5,20.7,0.0075,,
1.3465,166,165.8,20.7,0.0075,,
1.3550,167,168.5,20.7,0.0085,,
1.3635,168,170.7,20.7,0.0085,,
1.3720,169,172.6,20.7,0.0075,,
1.3800,170,174.6,20.7,0.0075,,
1.3885,171,176.7,20.7,0.0075,,
1.3960,172,178.2,20.7,0.0075,,
1.4045,173,180.1,20.7,0.0085,,
1.4130,174,181.4,20.7,0.0085,,
1.4215,175,182.5,20.7,0.0075,,
1.4300,176,184.2,20.7,0.0075,,
1.4360,177,185.1,20.7,0.0065,,
1.4360,417,186.7,20.7,0.0000,,
1.4365,418,186.7,20.7,0.0005,,
1.4380,419,187.0,20.7,0.0015,,
1.4405,420,186.9,20.7,0.0030,,
1.4445,421,187.3,20.7,0.0040,,
1.4510,422,188.2,20.7,0.0065,,
1.4595,423,189.0,20.7,0.0095,,
1.4670,424,190.0,20.7,0.0085,,
1.4755,425,190.7,20.7,0.0095,,
1.4840,426,191.7,20.7,0.0085,,
1.4920,427,193.0,20.7,0.0080,,
1.5005,428,193.8,20.7,0.0085,,
1.5090,429,194.8,20.7,0.0095,,
1.5165,430,195.3,20.7,0.0085,,
1.5250,431,196.3,20.7,0.0095,,
1.5335,432,197.3,20.7,0.0085,,
1.5420,433,197.9,20.7,0.0085,,
1.5500,434,198.5,20.7,0.0080,,
1.5585,435,199.7,20.7,0.0085,,
1.5660,436,200.1,20.7,0.0085,,
1.5745,437,201.2,20.7,0.0095,,
1.5830,438,201.6,20.7,0.0085,,
1.5915,439,202.1,20.7,0.0085,,
1.6000,440,203.2,20.7,0.0085,,
1.6085,441,203.6,20.7,0.0095,,
1.6160,442,204.4,20.7,0.0085,,
1.6245,443,204.8,20.7,0.0095,,
1.6325,444,205.1,20.7,0.0090,,
1.6410,445,205.9,20.7,0.0085,,
1.6495,446,206.6,20.7,0.0085,,
1.6580,447,206.9,20.7,0.0085,,
1.6655,448,207.5,20.7,0.0085,,
1.6740,449,207.9,20.7,0.0095,,
1.6825,450,208.7,20.7,0.0095,,
1.6905,451,209.2,20.7,0.0080,,
1.6990,452,209.3,20.7,0.0085,,
1.7075,453,210.0,20.7,0.0085,,
1.7150,454,210.3,20.7,0.0085,,
1.7235,455,211.1,20.7,0.0085,,
1.7320,456,211.5,20.7,0.0095,,
1.7405,457,211.7,20.7,0.0085,,
1.7490,458,212.4,20.7,0.0085,,
1.7570,459,213.0,20.7,0.0080,,
1.7645,460,213.3,20.7,0.0085,,
1.7730,461,213.8,20.7,0.0095,,
1.7815,462,213.8,20.7,0.0095,,
1.7900,463,214.4,20.7,0.0085,,
1.7985,464,215.0,20.7,0.0085,,
1.8070,465,215.2,20.7,0.0085,,
1.8145,466,215.7,20.7,0.0085,,
1.8230,467,215.8,20.7,0.0095,,
1.8310,468,216.3,20.7,0.0090,,
1.8395,469,217.0,20.7,0.0085,,
1.8480,470,217.3,20.7,0.0085,,
1.8565,471,217.4,20.7,0.0085,,
1.8650,472,217.9,20.7,0.0095,,
1.8725,473,218.2,20.7,0.0085,,
1.8810,474,218.8,20.7,0.0095,,
1.8890,475,219.0,20.7,0.0080,,
1.8975,476,219.0,20.7,0.0085,,
1.9060,477,219.8,20.7,0.0085,,
1.9145,478,220.3,20.7,0.0085,,
1.9220,479,220.5,20.7,0.0085,,
1.9305,480,220.8,20.7,0.0095,,
1.9390,481,220.8,20.7,0.0095,,
1.9470,482,221.2,20.7,0.0080,,
1.9555,483,222.0,20.7,0.0085,,
1.9640,484,221.8,20.7,0.0085,,
1.9715,485,222.2,20.7,0.0085,,
1.9800,486,222.3,20.7,0.0095,,
1.9885,487,222.7,20.7,0.0095,,
1.9970,488,223.3,20.7,0.0085,,
2.0050,489,223.3,20.7,0.0080,,
2.0135,490,223.5,20.7,0.0085,,
2.0210,491,223.7,20.7,0.0085,,
2.0295,492,224.2,20.7,0.0095,,
2.0380,493,224.6,20.7,0.0085,,
2.0465,494,224.5,20.7,0.0085,,
2.0550,495,224.8,20.7,0.0085,,
2.0635,496,225.3,20.7,0.0085,,
2.0710,497,225.5,20.7,0.0085,,
2.0790,498,225.9,20.7,0.0090,,
2.0875,499,225.8,20.7,0.0095,,
2.0960,500,226.0,20.7,0.0085,,
2.1045,501,226.7,20.7,0.0085,,
2.1130,502,226.7,20.7,0.0085,,
2.1205,503,227.0,20.7,0.0085,,
2.1290,504,227.0,20.7,0.0095,,
2.1375,505,227.3,20.7,0.0095,,
2.1455,506,227.9,20.7,0.0080,,
2.1540,507,227.9,20.7,0.0085,,
2.1625,508,228.0,20.7,0.0085,,
2.1700,509,228.3,20.7,0.0085,,
2.1785,510,228.5,20.7,0.0095,,
2.1870,511,229.2,20.7,0.0095,,
2.1955,512,229.1,20.7,0.0085,,
2.2035,513,229.1,20.7,0.0080,,
2.2120,514,229.6,20.7,0.0085,,
2.2195,515,229.5,20.7,0.0085,,
2.2280,516,230.0,20.7,0.0095,,
2.2365,517,230.3,20.7,0.0095,,
2.2450,518,230.2,20.7,0.0085,,
2.2535,519,230.6,20.7,0.0085,,
2.2615,520,231.1,20.7,0.0080,,
2.2700,521,231.1,20.7,0.0095,,
2.2775,522,231.3,20.7,0.0085,,
2.2860,523,231.2,20.7,0.0095,,
2.2945,524,231.6,20.7,0.0085,,
2.3030,525,232.1,20.7,0.0085,,
2.3115,526,232.0,20.7,0.0085,,
2.3200,527,232.3,20.7,0.0095,,
2.3275,528,232.2,20.7,0.0085,,
2.3360,529,232.8,20.7,0.0095,,
2.3440,530,233.2,20.7,0.0080,,
2.3525,531,233.0,20.7,0.0085,,
2.3610,532,233.3,20.7,0.0085,,
2.3685,533,233.3,20.7,0.0085,,
2.3765,534,233.7,20.7,0.0090,,
2.3840,535,234.1,20.7,0.0085,,
2.3890,536,233.9,20.7,0.0050,,
2.3930,537,234.0,20.7,0.0040,,
2.3940,538,234.4,20.7,0.0010,,
2.3940,539,234.2,20.7,0.0000,,
2.3945,540,234.5,20.7,0.0005,,
2.3950,541,234.1,20.7,0.0005,,
2.3960,542,234.0,20.7,0.0010,,
2.3965,543,234.4,20.7,0.0005,,
2.3975,544,234.3,20.7,0.0010,,
2.3990,545,234.4,20.7,0.0015,,
2.4005,546,234.1,20.7,0.0015,,
2.4010,547,234.1,20.7,0.0005,,
2.4015,548,234.5,20.7,0.0005,,
2.4025,549,234.4,20.7,0.0010,,
2.4035,550,234.1,20.7,0.0010,,
2.4040,551,234.2,20.7,0.0005,,
2.4045,552,234.1,20.7,0.0005,,
2.4050,553,234.6,20.7,0.0005,,
2.4060,554,234.6,20.7,0.0010,,
2.4065,555,234.2,20.7,0.0005,,
2.4070,556,234.5,20.7,0.0005,,
2.4080,557,234.7,20.7,0.0010,,
2.4085,558,234.6,20.7,0.0005,,
2.4090,559,234.6,20.7,0.0005,,
2.4095,560,234.4,20.7,0.0005,,
2.4100,561,234.6,20.7,0.0005,,
2.4100,562,234.9,20.7,0.0000,,
2.4105,563,234.5,20.7,0.0005,,
2.4115,564,234.7,20.7,0.0010,,
2.4120,565,234.5,20.7,0.0005,,
2.4130,566,234.6,20.7,0.0010,,
2.4140,567,234.9,20.7,0.0010,,
2.4145,568,234.6,20.7,0.0005,,
2.4150,569,234.5,20.7,0.0005,,
2.4155,570,234.5,20.7,0.0005,,
2.4160,571,234.8,20.7,0.0005,,
2.4170,572,234.9,20.7,0.0010,,
2.4180,573,235.0,20.7,0.0010,,
Scope 1/1, Sample 32/60 (S1_21)
Result,TitrationEP1
V,t,E,T,dV/dt,E acc. stat.,Volume acc. stat.
0.0000,0,-67.9,20.6,NaN,,
0.0010,1,-67.7,20.6,0.0010,,
0.0025,2,-67.9,20.6,0.0015,,
0.0050,3,-68.2,20.6,0.0025,,
0.0090,4,-67.9,20.6,0.0035,,
0.0150,5,-67.7,20.6,0.0055,,
0.0235,6,-66.9,20.6,0.0075,,
0.0320,7,-66.2,20.6,0.0075,,
0.0405,8,-65.4,20.6,0.0075,,
0.0485,9,-63.9,20.6,0.0075,,
0.0565,10,-62.8,20.6,0.0075,,
0.0645,11,-60.9,20.6,0.0075,,
0.0730,12,-59.5,20.6,0.0075,,
0.0815,13,-58.0,20.6,0.0075,,
0.0900,14,-55.9,20.6,0.0075,,
0.0985,15,-54.2,20.6,0.0070,,
0.1060,16,-52.3,20.6,0.0070,,
0.1145,17,-50.4,20.6,0.0075,,
0.1230,18,-48.3,20.6,0.0075,,
0.1315,19,-45.6,20.6,0.0075,,
0.1395,20,-43.4,20.6,0.0075,,
0.1480,21,-41.1,20.6,0.0075,,
0.1555,22,-38.8,20.6,0.0070,,
0.1640,23,-36.2,20.6,0.0075,,
0.1725,24,-33.2,20.6,0.0075,,
0.1810,25,-31.0,20.6,0.0075,,
0.1895,26,-28.7,20.6,0.0075,,
0.1975,27,-26.2,20.6,0.0065,,
0.2055,28,-24.5,20.6,0.0075,,
0.2135,29,-22.4,20.6,0.0075,,
0.2220,30,-20.8,20.6,0.0075,,
0.2305,31,-19.3,20.6,0.0075,,
0.2390,32,-17.4,20.6,0.0075,,
0.2465,33,-16.2,20.6,0.0070,,
0.2550,34,-14.5,20.6,0.0075,,
0.2635,35,-13.5,20.6,0.0075,,
0.2720,36,-12.4,20.6,0.0075,,
0.2800,37,-10.9,20.6,0.0075,,
0.2885,38,-9.8,20.6,0.0075,,
0.2970,39,-8.5,20.6,0.0075,,
0.3045,40,-7.8,20.6,0.0070,,
0.3130,41,-6.8,20.6,0.0075,,
0.3215,42,-5.4,20.6,0.0075,,
0.3300,43,-4.3,20.6,0.0075,,
0.3380,44,-3.8,20.6,0.0075,,
0.3465,45,-2.9,20.6,0.0075,,
0.3540,46,-2.1,20.6,0.0070,,
0.3625,47,-0.8,20.6,0.0075,,
0.3710,48,-0.1,20.6,0.0075,,
0.3795,49,0.5,20.6,0.0075,,
0.3880,50,1.5,20.6,0.0075,,
0.3965,51,2.2,20.6,0.0075,,
0.4040,52,3.3,20.6,0.0070,,
0.4120,53,4.1,20.6,0.0075,,
0.4205,54,4.7,20.6,0.0075,,
0.4290,55,5.6,20.6,0.0075,,
0.4375,56,6.6,20.6,0.0075,,
0.4460,57,7.4,20.6,0.0075,,
0.4535,58,7.9,20.6,0.0070,,
0.4620,59,8.6,20.6,0.0075,,
0.4705,60,9.6,20.6,0.0075,,
0.4785,61,10.4,20.6,0.0075,,
0.4870,62,11.0,20.6,0.0075,,
0.4955,63,11.8,20.6,0.0075,,
0.5030,64,12.3,20.6,0.0070,,
0.5115,65,13.5,20.6,0.0075,,
0.5200,66,14.2,20.6,0.0075,,
0.5285,67,14.6,20.6,0.0075,,
0.5370,68,15.6,20.6,0.0075,,
0.5450,69,16.0,20.6,0.0075,,
0.5530,70,17.2,20.6,0.0075,,
0.5610,71,17.9,20.6,0.0075,,
0.5695,72,18.3,20.6,0.0075,,
0.5780,73,19.3,20.6,0.0075,,
0.5865,74,20.1,20.6,0.0075,,
0.5940,75,20.9,20.6,0.0070,,
0.6025,76,21.5,20.6,0.0075,,
0.6110,77,22.0,20.6,0.0075,,
0.6195,78,23.1,20.6,0.0075,,
0.6275,79,23.9,20.6,0.0075,,
0.6360,80,24.4,20.6,0.0075,,
0.6435,81,25.3,20.6,0.0070,,
0.6520,82,26.0,20.6,0.0075,,
0.6605,83,27.0,20.6,0.0075,,
0.6690,84,27.8,20.6,0.0075,,
0.6775,85,28.3,20.6,0.0075,,
0.6855,86,29.1,20.6,0.0075,,
0.6935,87,29.6,20.6,0.0075,,
0.7015,88,30.9,20.6,0.0075,,
0.7100,89,31.7,20.6,0.0075,,
0.7185,90,32.1,20.6,0.0075,,
0.7270,91,33.1,20.7,0.0075,,
0.7355,92,34.2,20.6,0.0075,,
0.7430,93,34.8,20.7,0.0070,,
0.7515,94,35.7,20.6,0.0075,,
0.7600,95,36.1,20.6,0.0075,,
0.7680,96,37.2,20.6,0.0075,,
0.7765,97,38.3,20.6,0.0075,,
0.7850,98,39.0,20.6,0.0070,,
0.7925,99,39.9,20.6,0.0070,,
0.8010,100,40.6,20.6,0.0075,,
0.8095,101,41.6,20.6,0.0075,,
0.8180,102,42.9,20.7,0.0075,,
0.8260,103,43.5,20.7,0.0075,,
0.8345,104,44.2,20.7,0.0075,,
0.8430,105,45.0,20.7,0.0075,,
0.8505,106,46.1,20.7,0.0070,,
0.8590,107,47.3,20.6,0.0075,,
0.8675,108,48.1,20.7,0.0075,,
0.8760,109,48.9,20.6,0.0075,,
0.8840,110,50.1,20.7,0.0075,,
0.8925,111,51.2,20.7,0.0070,,
0.9000,112,52.0,20.7,0.0070,,
0.9085,113,52.8,20.7,0.0075,,
0.9170,114,53.6,20.7,0.0075,,
0.9255,115,54.9,20.7,0.0075,,
0.9340,116,56.0,20.7,0.0075,,
0.9420,117,56.8,20.7,0.0065,,
0.9500,118,58.0,20.7,0.0075,,
0.9580,119,58.7,20.7,0.0075,,
0.9665,120,60.1,20.7,0.0075,,
0.9750,121,61.3,20.7,0.0075,,
0.9835,122,62.1,20.7,0.0075,,
0.9920,123,63.1,20.7,0.0075,,
0.9995,124,64.1,20.7,0.0070,,
1.0080,125,65.6,20.7,0.0075,,
1.0160,126,67.1,20.7,0.0075,,
1.0245,127,68.0,20.7,0.0075,,
1.0330,128,69.1,20.7,0.0075,,
1.0415,129,70.6,20.7,0.0075,,
1.0500,130,71.7,20.7,0.0075,,
1.0575,131,73.4,20.7,0.0070,,
1.0660,132,74.3,20.7,0.0075,,
1.0740,133,75.4,20.7,0.0075,,
1.0825,134,77.1,20.7,0.0075,,
1.0910,135,78.3,20.7,0.0075,,
1.0985,136,79.7,20.7,0.0070,,
1.1070,137,80.7,20.7,0.0075,,
1.1155,138,82.1,20.7,0.0075,,
1.1240,139,84.0,20.7,0.0075,,
1.1325,140,85.5,20.7,0.0075,,
1.1405,141,87.0,20.7,0.0075,,
1.1485,142,88.5,20.7,0.0075,,
1.1565,143,90.2,20.7,0.0075,,
1.1650,144,92.5,20.7,0.0075,,
1.1735,145,94.0,20.7,0.0075,,
1.1820,146,95.7,20.7,0.0075,,
1.1905,147,97.9,20.7,0.0075,,
1.1980,148,99.6,20.7,0.0070,,
1.2065,149,102.1,20.7,0.0075,,
1.2150,150,104.1,20.7,0.0075,,
1.2230,151,106.2,20.7,0.0075,,
1.2315,152,109.3,20.7,0.0075,,
1.2400,153,111.8,20.7,0.0075,,
1.2475,154,114.2,20.7,0.0070,,
1.2560,155,117.1,20.7,0.0075,,
1.2645,156,120.2,20.7,0.0075,,
1.2730,157,123.8,20.7,0.0075,,
1.2810,158,127.3,20.7,0.0075,,
1.2895,159,130.8,20.7,0.0075,,
1.2980,160,134.2,20.7,0.0075,,
1.3055,161,137.8,20.7,0.0070,,
1.3140,162,142.1,20.7,0.0075,,
1.3225,163,146.0,20.7,0.0075,,
1.3310,164,149.5,20.7,0.0075,,
1.3390,165,153.2,20.7,0.0075,,
1.3475,166,156.2,20.7,0.0075,,
1.3550,167,159.5,20.7,0.0070,,
1.3635,168,162.4,20.7,0.0075,,
1.3720,169,165.0,20.7,0.0075,,
1.3805,170,167.5,20.7,0.0075,,
1.3890,171,170.1,20.7,0.0075,,
1.3975,172,172.0,20.7,0.0075,,
1.4050,173,174.2,20.7,0.0070,,
1.4135,174,175.9,20.7,0.0075,,
1.4215,175,177.7,20.7,0.0075,,
1.4300,176,179.6,20.7,0.0075,,
1.4385,177,180.8,20.7,0.0075,,
1.4470,178,182.3,20.7,0.0075,,
1.4545,179,183.4,20.7,0.0070,,
1.4630,180,184.9,20.7,0.0075,,
1.4655,180,185.2,20.7,0.0060,,
1.4655,420,187.2,20.7,0.0000,,
1.4660,422,186.7,20.7,0.0005,,
1.4675,422,186.8,20.7,0.0030,,
1.4700,424,187.3,20.7,0.0015,,
1.4740,425,187.5,20.7,0.0065,,
1.4805,426,187.8,20.7,0.0110,,
1.4890,427,188.9,20.7,0.0140,,
1.4965,428,189.8,20.7,0.0150,,
1.5050,428,191.1,20.7,0.0170,,
1.5135,430,192.0,20.7,0.0055,,
1.5215,431,192.7,20.7,0.0135,,
1.5300,432,194.0,20.7,0.0140,,
1.5385,433,195.0,20.7,0.0140,,
1.5460,434,195.9,20.7,0.0150,,
1.5545,434,196.6,20.7,0.0170,,
1.5630,436,197.1,20.7,0.0055,,
1.5715,437,198.0,20.7,0.0140,,
1.5795,438,199.0,20.7,0.0135,,
1.5880,439,199.4,20.7,0.0140,,
1.5955,440,200.3,20.7,0.0150,,
1.6040,440,200.8,20.7,0.0170,,
1.6125,442,201.7,20.7,0.0055,,
1.6210,443,202.6,20.7,0.0140,,
1.6295,444,202.8,20.7,0.0140,,
1.6380,445,203.5,20.7,0.0140,,
1.6455,446,204.0,20.7,0.0150,,
1.6535,446,204.9,20.7,0.0160,,
1.6620,448,205.6,20.7,0.0055,,
1.6705,449,205.7,20.7,0.0140,,
1.6790,450,206.3,20.7,0.0140,,
1.6875,451,207.1,20.7,0.0140,,
1.6950,452,207.6,20.7,0.0150,,
1.7035,452,208.1,20.7,0.0170,,
1.7120,454,208.3,20.7,0.0055,,
1.7200,455,209.0,20.7,0.0135,,
1.7285,456,209.8,20.7,0.0140,,
1.7370,457,209.9,20.7,0.0140,,
1.7445,458,210.5,20.7,0.0150,,
1.7530,458,210.8,20.7,0.0170,,
1.7615,460,211.7,20.7,0.0055,,
1.7700,461,212.1,20.7,0.0140,,
1.7785,462,212.3,20.7,0.0140,,
1.7865,463,212.8,20.7,0.0135,,
1.7945,464,213.0,20.7,0.0160,,
1.8025,464,213.9,20.7,0.0160,,
1.8110,466,214.2,20.7,0.0055,,
1.8195,467,214.3,20.7,0.0140,,
1.8280,468,215.0,20.7,0.0140,,
1.8365,468,215.2,20.7,0.0170,,
1.8440,470,215.9,20.7,0.0050,,
1.8525,470,216.2,20.7,0.0170,,
1.8610,472,216.2,20.7,0.0055,,
1.8690,473,216.8,20.7,0.0135,,
1.8775,474,217.4,20.7,0.0140,,
1.8860,474,217.6,20.7,0.0170,,
1.8935,476,217.9,20.7,0.0050,,
1.9020,476,218.0,20.7,0.0170,,
1.9105,478,218.6,20.7,0.0055,,
1.9190,479,219.1,20.7,0.0140,,
1.9270,480,219.1,20.7,0.0135,,
1.9355,481,219.3,20.7,0.0140,,
1.9430,482,219.8,20.7,0.0150,,
1.9515,482,220.2,20.7,0.0170,,
1.9600,484,220.7,20.7,0.0055,,
1.9685,485,220.8,20.7,0.0140,,
1.9770,486,220.9,20.7,0.0140,,
1.9850,487,221.6,20.7,0.0135,,
1.9930,488,221.6,20.7,0.0160,,
2.0010,488,222.3,20.7,0.0160,,
2.0095,490,222.5,20.7,0.0055,,
2.0180,491,222.5,20.7,0.0140,,
2.0265,492,222.9,20.7,0.0140,,
2.0350,493,223.6,20.7,0.0140,,
2.0430,494,223.7,20.7,0.0160,,
2.0510,494,223.9,20.7,0.0160,,
2.0590,496,223.9,20.7,0.0055,,
2.0675,497,224.4,20.7,0.0140,,
2.0760,498,224.8,20.7,0.0140,,
2.0845,499,224.8,20.7,0.0140,,
2.0930,500,224.8,20.7,0.0140,,
2.1005,500,225.1,20.7,0.0150,,
2.1090,502,225.5,20.7,0.0055,,
2.1170,502,226.1,20.7,0.0160,,
2.1255,504,226.0,20.7,0.0055,,
2.1340,505,226.1,20.7,0.0140,,
2.1425,506,226.6,20.7,0.0140,,
2.1500,506,226.7,20.7,0.0150,,
2.1585,508,227.2,20.7,0.0055,,
2.1670,508,227.3,20.7,0.0170,,
2.1750,510,227.4,20.7,0.0050,,
2.1835,511,227.9,20.7,0.0140,,
2.1920,512,228.3,20.7,0.0140,,
2.1995,512,228.6,20.7,0.0150,,
2.2080,514,228.5,20.7,0.0055,,
2.2165,514,228.5,20.7,0.0170,,
2.2250,516,228.9,20.7,0.0055,,
2.2330,517,229.4,20.7,0.0135,,
2.2415,518,229.3,20.7,0.0140,,
2.2500,518,229.7,20.7,0.0170,,
2.2575,520,229.6,20.7,0.0050,,
2.2660,520,230.2,20.7,0.0170,,
2.2745,522,230.6,20.7,0.0055,,
2.2830,523,230.5,20.7,0.0140,,
2.2915,524,230.8,20.7,0.0140,,
2.2990,524,230.8,20.7,0.0150,,
2.3075,526,231.3,20.7,0.0055,,
2.3155,526,231.6,20.7,0.0160,,
2.3240,528,231.5,20.7,0.0055,,
2.3325,529,231.7,20.7,0.0140,,
2.3410,530,232.2,20.7,0.0140,,
2.3495,530,232.3,20.7,0.0170,,
2.3570,532,232.6,20.7,0.0050,,
2.3655,532,232.6,20.7,0.0170,,
2.3735,534,232.7,20.7,0.0050,,
2.3820,535,233.1,20.7,0.0140,,
2.3900,536,233.3,20.7,0.0135,,
2.3985,537,233.2,20.7,0.0140,,
2.4055,538,233.4,20.7,0.0115,,
2.4130,538,233.5,20.7,0.0150,,
2.4210,540,234.0,20.7,0.0055,,
2.4290,541,234.1,20.7,0.0135,,
2.4360,542,234.1,20.7,0.0115,,
2.4370,543,234.3,20.7,0.0015,,
2.4375,544,234.1,20.7,0.0010,,
2.4380,544,234.5,20.7,0.0010,,
2.4385,546,234.5,20.7,0.0005,,
2.4390,547,234.3,20.7,0.0010,,
2.4400,548,234.5,20.7,0.0015,,
2.4410,549,234.7,20.7,0.0015,,
2.4420,550,234.6,20.7,0.0020,,
2.4425,550,234.8,20.7,0.0010,,
2.4435,552,234.4,20.7,0.0005,,
2.4440,553,234.4,20.7,0.0010,,
2.4450,554,234.8,20.7,0.0015,,
2.4450,555,234.6,20.7,0.0000,,
2.4455,556,234.8,20.7,0.0010,,
2.4460,556,234.4,20.7,0.0010,,
2.4465,558,234.7,20.7,0.0005,,
2.4475,559,234.8,20.7,0.0015,,
2.4475,560,234.5,20.7,0.0000,,
2.4480,561,234.4,20.7,0.0010,,
2.4490,562,234.5,20.7,0.0020,,
2.4500,562,234.7,20.7,0.0020,,
2.4510,564,235.0,20.7,0.0005,,
Scope 1/1, Sample 33/60 (S2_21)
Result,TitrationEP1
V,t,E,T,dV/dt,E acc. stat.,Volume acc. stat.
0.0000,0,-68.8,20.6,NaN,,
0.0005,1,-68.9,20.7,0.0005,,
0.0025,2,-68.7,20.7,0.0020,,
0.0050,3,-68.7,20.7,0.0025,,
0.0090,4,-69.0,20.7,0.0035,,
0.0150,5,-68.6,20.7,0.0055,,
0.0235,6,-67.9,20.7,0.0075,,
0.0310,7,-67.2,20.7,0.0075,,
0.0395,8,-66.3,20.6,0.0085,,
0.0480,9,-65.5,20.7,0.0075,,
0.0565,10,-64.0,20.7,0.0075,,
0.0650,11,-62.4,20.7,0.0075,,
0.0735,12,-61.1,20.7,0.0075,,
0.0810,13,-59.5,20.7,0.0075,,
0.0890,14,-58.1,20.7,0.0080,,
0.0975,15,-56.2,20.7,0.0075,,
0.1060,16,-54.0,20.7,0.0075,,
0.1145,17,-52.3,20.7,0.0075,,
0.1230,18,-50.2,20.7,0.0075,,
0.1305,19,-48.3,20.7,0.0075,,
0.1390,20,-45.7,20.7,0.0085,,
0.1475,21,-43.3,20.7,0.0075,,
0.1555,22,-41.1,20.7,0.0075,,
0.1640,23,-38.8,20.7,0.0075,,
0.1725,24,-35.9,20.7,0.0075,,
0.1800,25,-33.9,20.7,0.0075,,
0.1885,26,-31.2,20.7,0.0085,,
0.1970,27,-29.2,20.7,0.0075,,
0.2055,28,-27.0,20.7,0.0075,,
0.2135,29,-24.8,20.7,0.0075,,
0.2220,30,-23.1,20.7,0.0075,,
0.2305,31,-21.4,20.7,0.0085,,
0.2380,32,-20.2,20.7,0.0075,,
0.2465,33,-18.6,20.7,0.0085,,
0.2550,34,-16.9,20.7,0.0075,,
0.2635,35,-15.8,20.7,0.0075,,
0.2720,36,-14.8,20.7,0.0075,,
0.2795,37,-13.6,20.7,0.0075,,
0.2880,38,-12.3,20.7,0.0085,,
0.2960,39,-10.8,20.7,0.0080,,
0.3045,40,-9.9,20.7,0.0075,,
0.3130,41,-9.1,20.7,0.0075,,
0.3215,42,-7.8,20.7,0.0075,,
0.3300,43,-7.0,20.7,0.0085,,
0.3375,44,-5.8,20.7,0.0075,,
0.3460,45,-5.1,20.7,0.0085,,
0.3540,46,-4.3,20.7,0.0075,,
0.3625,47,-3.0,20.7,0.0075,,
0.3710,48,-2.2,20.7,0.0075,,
0.3795,49,-1.4,20.7,0.0085,,
0.3870,50,-0.8,20.7,0.0075,,
0.3955,51,-0.1,20.7,0.0085,,
0.4040,52,1.0,20.7,0.0075,,
0.4125,53,1.8,20.7,0.0075,,
0.4205,54,2.5,20.7,0.0075,,
0.4280,55,3.3,20.7,0.0075,,
0.4365,56,4.0,20.7,0.0085,,
0.4450,57,5.0,20.7,0.0085,,
0.4535,58,6.0,20.7,0.0075,,
0.4620,59,6.5,20.7,0.0075,,
0.4705,60,7.3,20.7,0.0075,,
0.4785,61,7.9,20.7,0.0080,,
0.4860,62,9.0,20.7,0.0075,,
0.4945,63,9.7,20.7,0.0085,,
0.5030,64,10.2,20.7,0.0075,,
0.5115,65,11.1,20.7,0.0075,,
0.5200,66,12.0,20.7,0.0075,,
0.5285,67,12.7,20.7,0.0075,,
0.5360,68,13.6,20.7,0.0075,,
0.5440,69,14.0,20.7,0.0080,,
0.5525,70,14.8,20.7,0.0075,,
0.5610,71,15.8,20.7,0.0075,,
0.5695,72,16.6,20.7,0.0075,,
0.5780,73,16.9,20.7,0.0075,,
0.5855,74,17.7,20.7,0.0075,,
0.5940,75,18.5,20.7,0.0085,,
0.6025,76,19.6,20.7,0.0075,,
0.6105,77,20.2,20.7,0.0075,,
0.6190,78,20.8,20.7,0.0075,,
0.6275,79,21.8,20.7,0.0075,,
0.6350,80,22.4,20.7,0.0075,,
0.6435,81,23.5,20.7,0.0085,,
0.6520,82,24.2,20.7,0.0085,,
0.6605,83,24.5,20.7,0.0075,,
0.6685,84,25.5,20.7,0.0075,,
0.6770,85,26.5,20.7,0.0075,,
0.6855,86,27.2,20.7,0.0075,,
0.6930,87,28.1,20.7,0.0075,,
0.7015,88,28.6,20.7,0.0085,,
0.7100,89,29.4,20.7,0.0075,,
0.7185,90,30.5,20.7,0.0075,,
0.7265,91,31.1,20.7,0.0075,,
0.7350,92,31.8,20.7,0.0075,,
0.7425,93,32.5,20.7,0.0075,,
0.7510,94,33.5,20.7,0.0085,,
0.7595,95,34.7,20.7,0.0075,,
0.7680,96,35.4,20.7,0.0075,,
0.7765,97,36.0,20.7,0.0075,,
0.7845,98,37.1,20.7,0.0075,,
0.7925,99,37.8,20.7,0.0080,,
0.8005,100,38.9,20.7,0.0080,,
0.8090,101,39.9,20.7,0.0085,,
0.8175,102,40.5,20.7,0.0075,,
0.8260,103,41.5,20.7,0.0075,,
0.8345,104,42.7,20.7,0.0075,,
0.8425,105,43.4,20.7,0.0080,,
0.8505,106,44.5,20.7,0.0080,,
0.8585,107,45.0,20.7,0.0080,,
0.8670,108,46.1,20.7,0.0075,,
0.8755,109,47.2,20.7,0.0075,,
0.8840,110,47.9,20.7,0.0075,,
0.8925,111,49.0,20.7,0.0085,,
0.9000,112,49.8,20.7,0.0075,,
0.9085,113,50.9,20.7,0.0085,,
0.9165,114,52.1,20.7,0.0075,,
0.9250,115,53.0,20.7,0.0075,,
0.9335,116,53.9,20.7,0.0075,,
0.9410,117,54.8,20.7,0.0075,,
0.9495,118,56.1,20.7,0.0085,,
0.9580,119,57.2,20.7,0.0085,,
0.9665,120,58.1,20.7,0.0075,,
0.9750,121,59.0,20.7,0.0075,,
0.9830,122,60.4,20.7,0.0075,,
0.9915,123,61.6,20.7,0.0075,,
0.9990,124,62.7,20.7,0.0075,,
1.0075,125,63.6,20.7,0.0085,,
1.0160,126,64.9,20.7,0.0075,,
1.0245,127,66.3,20.7,0.0075,,
1.0330,128,67.3,20.7,0.0075,,
1.0415,129,68.6,20.7,0.0085,,
1.0490,130,69.6,20.7,0.0075,,
1.0570,131,70.9,20.7,0.0080,,
1.0655,132,72.6,20.7,0.0075,,
1.0740,133,73.7,20.7,0.0075,,
1.0825,134,74.9,20.7,0.0075,,
1.0910,135,76.2,20.7,0.0085,,
1.0985,136,77.7,20.7,0.0075,,
1.1070,137,79.6,20.7,0.0085,,
1.1150,138,81.1,20.7,0.0075,,
1.1235,139,82.3,20.7,0.0075,,
1.1320,140,84.2,20.7,0.0075,,
1.1405,141,85.9,20.7,0.0075,,
1.1480,142,87.5,20.7,0.0075,,
1.1565,143,89.1,20.7,0.0085,,
1.1650,144,90.6,20.7,0.0075,,
1.1735,145,92.9,20.7,0.0075,,
1.1815,146,94.8,20.7,0.0075,,
1.1900,147,96.7,20.7,0.0075,,
1.1975,148,98.6,20.7,0.0075,,
1.2060,149,100.4,20.7,0.0085,,
1.2145,150,103.3,20.7,0.0075,,
1.2230,151,105.8,20.7,0.0075,,
1.2315,152,107.9,20.7,0.0075,,
1.2400,153,110.5,20.7,0.0075,,
1.2475,154,113.1,20.7,0.0075,,
1.2555,155,116.5,20.7,0.0080,,
1.2640,156,119.7,20.7,0.0085,,
1.2725,157,122.7,20.7,0.0075,,
1.2810,158,126.3,20.7,0.0075,,
1.2895,159,130.6,20.7,0.0075,,
1.2970,160,133.9,20.7,0.0075,,
1.3055,161,137.9,20.7,0.0085,,
1.3135,162,141.6,20.7,0.0080,,
1.3220,163,145.5,20.7,0.0075,,
1.3305,164,149.8,20.7,0.0075,,
1.3390,165,153.2,20.7,0.0075,,
1.3475,166,156.7,20.7,0.0085,,
1.3550,167,159.5,20.7,0.0075,,
1.3635,168,162.4,20.7,0.0085,,
1.3720,169,165.5,20.7,0.0075,,
1.3800,170,167.9,20.7,0.0075,,
1.3885,171,169.8,20.7,0.0075,,
1.3970,172,172.0,20.7,0.0085,,
1.4045,173,173.9,20.7,0.0075,,
1.4130,174,176.3,20.7,0.0085,,
1.4215,175,177.8,20.7,0.0075,,
1.4300,176,179.1,20.7,0.0075,,
1.4380,177,180.8,20.7,0.0075,,
1.4465,178,182.1,20.7,0.0085,,
1.4540,179,183.7,20.7,0.0075,,
1.4625,180,185.0,20.7,0.0085,,
1.4665,181,185.3,20.7,0.0065,,
1.4665,421,187.2,20.7,0.0000,,
1.4670,422,187.6,20.7,0.0010,,
1.4685,423,187.5,20.7,0.0025,,
1.4710,424,187.3,20.7,0.0040,,
1.4750,425,188.0,20.7,0.0055,,
1.4810,426,188.7,20.7,0.0085,,
1.4890,427,189.2,20.7,0.0115,,
1.4970,428,190.2,20.7,0.0135,,
1.5050,429,191.0,20.7,0.0135,,
1.5135,430,192.3,20.7,0.0140,,
1.5220,431,193.3,20.7,0.0120,,
1.5305,432,193.9,20.7,0.0120,,
1.5390,433,194.8,20.7,0.0120,,
1.5465,434,195.4,20.7,0.0125,,
1.5550,435,196.5,20.7,0.0140,,
1.5635,436,197.4,20.7,0.0140,,
1.5715,437,197.8,20.7,0.0115,,
1.5800,438,198.6,20.7,0.0120,,
1.5885,439,199.7,20.7,0.0120,,
1.5960,440,200.2,20.7,0.0125,,
1.6045,441,200.9,20.7,0.0140,,
1.6130,442,201.3,20.7,0.0140,,
1.6215,443,202.1,20.7,0.0120,,
1.6295,444,203.1,20.7,0.0115,,
1.6380,445,203.8,20.7,0.0120,,
1.6465,446,204.4,20.7,0.0140,,
1.6540,447,204.7,20.7,0.0125,,
1.6625,448,205.2,20.7,0.0140,,
1.6710,449,206.2,20.7,0.0120,,
1.6795,450,206.4,20.7,0.0120,,
1.6875,451,206.8,20.7,0.0115,,
1.6955,452,207.5,20.7,0.0135,,
1.7035,453,207.9,20.7,0.0135,,
1.7120,454,208.8,20.7,0.0140,,
1.7205,455,209.3,20.7,0.0120,,
1.7290,456,209.4,20.7,0.0120,,
1.7375,457,210.0,20.7,0.0120,,
1.7450,458,210.4,20.7,0.0125,,
1.7535,459,211.1,20.7,0.0140,,
1.7620,460,211.4,20.7,0.0140,,
1.7700,461,211.8,20.7,0.0115,,
1.7785,462,212.4,20.7,0.0120,,
1.7870,463,212.9,20.7,0.0120,,
1.7955,464,213.4,20.7,0.0140,,
1.8030,465,213.7,20.7,0.0125,,
1.8115,466,213.8,20.7,0.0140,,
1.8200,467,214.5,20.7,0.0120,,
1.8280,468,215.1,20.7,0.0115,,
1.8365,469,215.1,20.7,0.0120,,
1.8450,470,215.7,20.7,0.0140,,
1.8525,471,215.8,20.7,0.0125,,
1.8610,472,216.4,20.7,0.0140,,
1.8695,473,216.9,20.7,0.0120,,
1.8780,474,216.9,20.7,0.0120,,
1.8860,475,217.3,20.7,0.0115,,
1.8945,476,217.5,20.7,0.0140,,
1.9020,477,218.1,20.7,0.0125,,
1.9105,478,218.7,20.7,0.0140,,
1.9190,479,218.8,20.7,0.0140,,
1.9275,480,219.1,20.7,0.0120,,
1.9360,481,219.7,20.7,0.0120,,
1.9440,482,220.0,20.7,0.0115,,
1.9520,483,220.3,20.7,0.0135,,
1.9600,484,220.4,20.7,0.0135,,
1.9685,485,220.6,20.7,0.0140,,
1.9770,486,221.2,20.7,0.0120,,
1.9855,487,221.5,20.7,0.0120,,
1.9940,488,221.4,20.7,0.0120,,
2.0015,489,221.8,20.7,0.0125,,
2.0100,490,222.0,20.7,0.0140,,
2.0180,491,222.7,20.7,0.0135,,
2.0265,492,222.9,20.7,0.0120,,
2.0350,493,222.8,20.7,0.0120,,
2.0435,494,223.4,20.7,0.0120,,
2.0510,495,223.5,20.7,0.0125,,
2.0595,496,224.1,20.7,0.0140,,
2.0680,497,224.3,20.7,0.0140,,
2.0765,498,224.2,20.7,0.0120,,
2.0845,499,224.7,20.7,0.0115,,
2.0930,500,225.3,20.7,0.0120,,
2.1005,501,225.4,20.7,0.0125,,
2.1090,502,225.5,20.7,0.0140,,
2.1175,503,225.6,20.7,0.0140,,
2.1260,504,226.1,20.7,0.0120,,
2.1345,505,226.5,20.7,0.0120,,
2.1430,506,226.4,20.7,0.0120,,
2.1505,507,226.8,20.7,0.0125,,
2.1585,508,226.8,20.7,0.0135,,
2.1670,509,227.2,20.7,0.0140,,
2.1755,510,227.7,20.7,0.0120,,
2.1840,511,227.6,20.7,0.0120,,
2.1925,512,227.8,20.7,0.0120,,
2.2000,513,228.0,20.7,0.0125,,
2.2085,514,228.5,20.7,0.0140,,
2.2170,515,229.0,20.7,0.0140,,
2.2250,516,228.9,20.7,0.0115,,
2.2335,517,229.1,20.7,0.0120,,
2.2420,518,229.7,20.7,0.0120,,
2.2495,519,229.8,20.7,0.0125,,
2.2580,520,230.1,20.7,0.0140,,
2.2665,521,230.0,20.7,0.0140,,
2.2750,522,230.1,20.7,0.0120,,
2.2830,523,230.6,20.7,0.0115,,
2.2915,524,230.7,20.7,0.0120,,
2.3000,525,230.7,20.7,0.0120,,
2.3075,526,231.0,20.7,0.0125,,
2.3160,527,231.0,20.7,0.0140,,
2.3245,528,231.6,20.7,0.0120,,
2.3330,529,231.7,20.7,0.0120,,
2.3410,530,231.6,20.7,0.0115,,
2.3495,531,232.0,20.7,0.0120,,
2.3570,532,232.1,20.7,0.0125,,
2.3655,533,232.6,20.7,0.0140,,
2.3740,534,232.8,20.7,0.0140,,
2.3825,535,232.6,20.7,0.0120,,
2.3910,536,233.0,20.7,0.0120,,
2.3990,537,233.4,20.7,0.0115,,
2.4065,538,233.5,20.7,0.0125,,
2.4145,539,233.6,20.7,0.0135,,
2.4230,540,233.5,20.7,0.0140,,
2.4295,541,233.9,20.7,0.0095,,
2.4300,542,234.2,20.7,0.0005,,
2.4305,543,234.0,20.7,0.0005,,
2.4315,544,234.2,20.7,0.0015,,
2.4330,545,233.9,20.7,0.0025,,
2.4345,546,234.1,20.7,0.0020,,
2.4360,547,234.4,20.7,0.0020,,
2.4375,548,234.1,20.7,0.0020,,
2.4380,549,234.1,20.7,0.0005,,
2.4385,550,234.2,20.7,0.0010,,
2.4385,551,234.4,20.7,0.0000,,
2.4395,552,234.6,20.7,0.0015,,
2.4400,553,234.3,20.7,0.0005,,
2.4405,554,234.2,20.7,0.0005,,
2.4410,555,234.6,20.7,0.0005,,
2.4415,556,234.4,20.7,0.0010,,
2.4425,557,234.6,20.7,0.0015,,
2.4435,558,234.3,20.7,0.0015,,
2.4435,559,234.2,20.7,0.0000,,
2.4440,560,234.5,20.7,0.0005,,
2.4445,561,234.5,20.7,0.0005,,
2.4455,562,234.6,20.7,0.0015,,
2.4460,563,234.3,20.7,0.0010,,
2.4465,564,234.3,20.7,0.0010,,
2.4470,565,234.6,20.7,0.0005,,
2.4480,566,234.6,20.7,0.0015,,
2.4485,567,234.4,20.7,0.0005,,
2.4490,568,234.7,20.7,0.0010,,
2.4500,569,234.4,20.7,0.0015,,
2.4510,570,234.8,20.7,0.0015,,
2.4510,571,234.8,20.7,0.0000,,
2.4515,572,234.5,20.7,0.0005,,
2.4520,573,234.7,20.7,0.0005,,
2.4525,574,234.4,20.8,0.0010,,
2.4525,575,234.7,20.7,0.0000,,
2.4535,576,234.8,20.8,0.0015,,
2.4545,577,234.4,20.8,0.0015,,
2.4550,578,234.4,20.8,0.0005,,
2.4555,579,234.8,20.8,0.0005,,
2.4560,580,234.7,20.8,0.0005,,
2.4565,580,235.0,20.7,NaN,,
Scope 1/1, Sample 34/60 (S3_21)
Result,TitrationEP1
V,t,E,T,dV/dt,E acc. stat.,Volume acc. stat.
0.0000,0,-68.7,20.7,NaN,,
0.0005,1,-68.4,20.7,0.0005,,
0.0025,2,-68.6,20.7,0.0020,,
0.0050,3,-68.8,20.7,0.0025,,
0.0090,4,-68.5,20.7,0.0035,,
0.0150,5,-68.2,20.7,0.0055,,
0.0235,6,-67.9,20.7,0.0075,,
0.0310,7,-67.0,20.7,0.0075,,
0.0395,8,-66.2,20.7,0.0085,,
0.0480,9,-64.4,20.7,0.0075,,
0.0565,10,-63.1,20.7,0.0075,,
0.0650,11,-61.9,20.7,0.0075,,
0.0735,12,-60.2,20.7,0.0075,,
0.0810,13,-58.9,20.7,0.0075,,
0.0890,14,-56.7,20.7,0.0080,,
0.0975,15,-54.8,20.7,0.0085,,
0.1060,16,-53.1,20.7,0.0075,,
0.1145,17,-50.9,20.7,0.0075,,
0.1230,18,-48.4,20.7,0.0075,,
0.1305,19,-46.5,20.7,0.0075,,
0.1390,20,-44.1,20.7,0.0085,,
0.1475,21,-41.9,20.7,0.0075,,
0.1555,22,-39.3,20.7,0.0075,,
0.1640,23,-36.4,20.7,0.0075,,
0.1725,24,-33.8,20.7,0.0075,,
0.1800,25,-31.4,20.7,0.0075,,
0.1885,26,-29.2,20.7,0.0085,,
0.1970,27,-26.6,20.7,0.0075,,
0.2055,28,-24.2,20.7,0.0075,,
0.2135,29,-22.5,20.7,0.0075,,
0.2220,30,-20.8,20.7,0.0075,,
0.2305,31,-19.3,20.7,0.0085,,
0.2380,32,-17.5,20.7,0.0075,,
0.2465,33,-15.7,20.7,0.0075,,
0.2550,34,-14.5,20.7,0.0075,,
0.2635,35,-13.3,20.7,0.0075,,
0.2720,36,-11.7,20.7,0.0075,,
0.2795,37,-10.7,20.7,0.0075,,
0.2880,38,-9.3,20.7,0.0085,,
0.2960,39,-8.6,20.7,0.0075,,
0.3045,40,-7.5,20.7,0.0075,,
0.3130,41,-5.9,20.7,0.0075,,
0.3215,42,-5.1,20.7,0.0075,,
0.3290,43,-4.0,20.7,0.0075,,
0.3375,44,-3.5,20.7,0.0085,,
0.3460,45,-2.5,20.7,0.0085,,
0.3540,46,-1.5,20.7,0.0075,,
0.3625,47,-0.5,20.7,0.0075,,
0.3710,48,0.1,20.7,0.0075,,
0.3795,49,1.0,20.7,0.0085,,
0.3870,50,1.8,20.7,0.0075,,
0.3955,51,3.0,20.7,0.0085,,
0.4040,52,3.9,20.7,0.0075,,
0.4120,53,4.4,20.7,0.0075,,
0.4205,54,5.5,20.7,0.0075,,
0.4290,55,6.1,20.7,0.0085,,
0.4365,56,7.2,20.7,0.0075,,
0.4450,57,8.0,20.7,0.0085,,
0.4535,58,8.5,20.7,0.0075,,
0.4620,59,9.4,20.7,0.0075,,
0.4705,60,10.4,20.7,0.0075,,
0.4785,61,11.0,20.7,0.0080,,
0.4865,62,11.9,20.7,0.0080,,
0.4945,63,12.2,20.7,0.0080,,
0.5030,64,13.2,20.7,0.0075,,
0.5115,65,14.2,20.7,0.0075,,
0.5200,66,14.6,20.7,0.0075,,
0.5285,67,15.2,20.7,0.0075,,
0.5360,68,15.9,20.7,0.0075,,
0.5445,69,16.8,20.7,0.0085,,
0.5525,70,17.8,20.7,0.0075,,
0.5610,71,18.4,20.7,0.0075,,
0.5695,72,19.0,20.7,0.0075,,
0.5780,73,19.6,20.7,0.0085,,
0.5855,74,20.6,20.7,0.0075,,
0.5940,75,21.6,20.7,0.0085,,
0.6025,76,22.0,20.7,0.0075,,
0.6110,77,22.8,20.7,0.0075,,
0.6190,78,23.9,20.7,0.0075,,
0.6275,79,24.5,20.7,0.0085,,
0.6350,80,25.4,20.7,0.0075,,
0.6435,81,25.7,20.7,0.0085,,
0.6520,82,26.6,20.7,0.0075,,
0.6605,83,27.7,20.7,0.0075,,
0.6690,84,28.3,20.7,0.0075,,
0.6770,85,28.9,20.7,0.0075,,
0.6850,86,29.7,20.7,0.0080,,
0.6930,87,30.5,20.7,0.0075,,
0.7015,88,31.6,20.7,0.0075,,
0.7100,89,32.2,20.7,0.0075,,
0.7185,90,32.9,20.7,0.0075,,
0.7270,91,34.0,20.7,0.0075,,
0.7345,92,34.7,20.7,0.0075,,
0.7430,93,35.9,20.7,0.0085,,
0.7515,94,36.4,20.7,0.0075,,
0.7595,95,37.1,20.7,0.0075,,
0.7680,96,38.2,20.7,0.0075,,
0.7765,97,39.1,20.7,0.0075,,
0.7840,98,40.0,20.7,0.0075,,
0.7925,99,40.7,20.7,0.0085,,
0.8010,100,41.3,20.7,0.0075,,
0.8095,101,42.5,20.7,0.0075,,
0.8175,102,43.5,20.7,0.0075,,
0.8260,103,44.2,20.7,0.0075,,
0.8335,104,45.2,20.7,0.0075,,
0.8420,105,45.8,20.7,0.0085,,
0.8505,106,47.0,20.7,0.0085,,
0.8590,107,48.2,20.7,0.0075,,
0.8675,108,48.9,20.7,0.0075,,
0.8755,109,49.8,20.7,0.0075,,
0.8840,110,50.7,20.7,0.0085,,
0.8915,111,51.9,20.7,0.0075,,
0.9000,112,53.1,20.7,0.0085,,
0.9085,113,53.9,20.7,0.0075,,
0.9170,114,54.7,20.7,0.0075,,
0.9255,115,56.1,20.7,0.0075,,
0.9335,116,57.2,20.7,0.0075,,
0.9415,117,58.1,20.7,0.0080,,
0.9495,118,58.9,20.7,0.0080,,
0.9580,119,59.8,20.7,0.0075,,
0.9665,120,61.2,20.7,0.0075,,
0.9750,121,62.4,20.7,0.0075,,
0.9835,122,63.2,20.7,0.0075,,
0.9910,123,64.4,20.7,0.0075,,
0.9995,124,65.3,20.7,0.0085,,
1.0075,125,66.8,20.7,0.0075,,
1.0160,126,68.3,20.7,0.0075,,
1.0245,127,69.1,20.7,0.0075,,
1.0330,128,70.3,20.7,0.0075,,
1.0405,129,71.3,20.7,0.0075,,
1.0490,130,72.8,20.7,0.0085,,
1.0575,131,74.2,20.7,0.0085,,
1.0655,132,75.4,20.7,0.0075,,
1.0740,133,76.5,20.7,0.0075,,
1.0825,134,78.1,20.7,0.0075,,
1.0910,135,79.2,20.7,0.0085,,
1.0985,136,80.9,20.7,0.0075,,
1.1070,137,82.1,20.7,0.0085,,
1.1155,138,83.5,20.7,0.0075,,
1.1235,139,85.4,20.7,0.0075,,
1.1320,140,87.0,20.7,0.0075,,
1.1405,141,88.7,20.7,0.0085,,
1.1480,142,90.1,20.7,0.0075,,
1.1565,143,91.9,20.7,0.0085,,
1.1650,144,94.1,20.7,0.0075,,
1.1735,145,95.9,20.7,0.0075,,
1.1815,146,97.6,20.7,0.0075,,
1.1900,147,99.4,20.7,0.0085,,
1.1975,148,101.4,20.7,0.0075,,
1.2060,149,104.1,20.7,0.0085,,
1.2145,150,106.2,20.7,0.0075,,
1.2230,151,108.5,20.7,0.0075,,
1.2315,152,111.3,20.7,0.0075,,
1.2400,153,113.4,20.7,0.0085,,
1.2475,154,116.8,20.7,0.0075,,
1.2560,155,119.9,20.7,0.0085,,
1.2640,156,122.9,20.7,0.0075,,
1.2725,157,126.6,20.7,0.0075,,
1.2810,158,130.3,20.7,0.0075,,
1.2885,159,133.9,20.7,0.0075,,
1.2970,160,137.8,20.7,0.0085,,
1.3055,161,141.1,20.7,0.0085,,
1.3140,162,145.1,20.7,0.0075,,
1.3225,163,148.9,20.7,0.0075,,
1.3305,164,152.4,20.7,0.0075,,
1.3385,165,155.6,20.7,0.0080,,
1.3465,166,158.6,20.7,0.0080,,
1.3550,167,161.9,20.7,0.0085,,
1.3635,168,164.7,20.7,0.0075,,
1.3720,169,166.8,20.7,0.0075,,
1.3805,170,169.4,20.7,0.0075,,
1.3885,171,171.2,20.7,0.0080,,
1.3965,172,173.7,20.7,0.0080,,
1.4045,173,175.5,20.7,0.0075,,
1.4130,174,176.9,20.7,0.0075,,
1.4215,175,178.7,20.7,0.0075,,
1.4300,176,180.7,20.7,0.0075,,
1.4375,177,182.0,20.7,0.0075,,
1.4460,178,183.2,20.7,0.0085,,
1.4545,179,184.2,20.7,0.0085,,
1.4590,180,185.1,20.7,0.0065,,
1.4590,420,186.7,20.7,0.0000,,
1.4595,421,187.1,20.7,0.0005,,
1.4610,422,187.2,20.7,0.0020,,
1.4635,423,187.0,20.7,0.0035,,
1.4675,424,187.3,20.7,0.0050,,
1.4735,425,188.3,20.7,0.0075,,
1.4820,426,189.1,20.7,0.0105,,
1.4895,427,190.1,20.7,0.0105,,
1.4980,428,190.9,20.7,0.0120,,
1.5065,429,191.9,20.7,0.0105,,
1.5150,430,193.2,20.7,0.0105,,
1.5235,431,193.8,20.7,0.0105,,
1.5320,432,194.6,20.7,0.0105,,
1.5395,433,195.4,20.7,0.0105,,
1.5480,434,196.3,20.7,0.0120,,
1.5560,435,197.4,20.7,0.0100,,
1.5645,436,197.8,20.7,0.0105,,
1.5730,437,198.6,20.7,0.0105,,
1.5815,438,199.2,20.7,0.0120,,
1.5890,439,200.2,20.7,0.0105,,
1.5975,440,201.2,20.7,0.0120,,
1.6060,441,201.6,20.7,0.0120,,
1.6140,442,202.1,20.7,0.0100,,
1.6225,443,203.1,20.7,0.0105,,
1.6310,444,203.8,20.7,0.0105,,
1.6385,445,204.4,20.7,0.0105,,
1.6470,446,204.7,20.7,0.0120,,
1.6555,447,205.1,20.7,0.0120,,
1.6640,448,206.1,20.7,0.0105,,
1.6725,449,206.6,20.8,0.0105,,
1.6805,450,206.8,20.8,0.0100,,
1.6885,451,207.4,20.8,0.0115,,
1.6965,452,207.9,20.8,0.0115,,
1.7050,453,208.8,20.8,0.0120,,
1.7135,454,209.1,20.8,0.0105,,
1.7220,455,209.5,20.8,0.0105,,
1.7305,456,210.2,20.8,0.0105,,
1.7380,457,210.4,20.8,0.0105,,
1.7465,458,211.2,20.8,0.0120,,
1.7545,459,211.5,20.8,0.0115,,
1.7630,460,211.7,20.8,0.0105,,
1.7715,461,212.5,20.8,0.0105,,
1.7800,462,213.1,20.7,0.0105,,
1.7875,463,213.5,20.7,0.0105,,
1.7960,464,213.8,20.7,0.0120,,
1.8045,465,214.0,20.7,0.0120,,
1.8130,466,214.6,20.7,0.0105,,
1.8210,467,215.1,20.8,0.0100,,
1.8295,468,215.1,20.8,0.0105,,
1.8370,469,215.6,20.8,0.0105,,
1.8455,470,215.8,20.8,0.0120,,
1.8540,471,216.5,20.8,0.0120,,
1.8625,472,216.8,20.8,0.0105,,
1.8710,473,217.0,20.7,0.0105,,
1.8790,474,217.4,20.8,0.0100,,
1.8875,475,217.6,20.8,0.0120,,
1.8950,476,218.2,20.8,0.0105,,
1.9035,477,218.7,20.8,0.0120,,
1.9120,478,218.9,20.8,0.0105,,
1.9205,479,219.2,20.8,0.0105,,
1.9290,480,220.0,20.8,0.0105,,
1.9365,481,220.0,20.8,0.0105,,
1.9450,482,220.4,20.8,0.0120,,
1.9535,483,220.3,20.8,0.0120,,
1.9615,484,220.7,20.8,0.0100,,
1.9700,485,221.3,20.8,0.0105,,
1.9785,486,221.3,20.8,0.0105,,
1.9860,487,221.7,20.8,0.0105,,
1.9945,488,221.8,20.8,0.0120,,
2.0030,489,222.3,20.8,0.0120,,
2.0115,490,222.8,20.8,0.0105,,
2.0195,491,222.9,20.8,0.0100,,
2.0280,492,223.0,20.8,0.0105,,
2.0365,493,223.4,20.8,0.0120,,
2.0440,494,223.8,20.8,0.0105,,
2.0525,495,224.4,20.8,0.0120,,
2.0610,496,224.3,20.8,0.0105,,
2.0695,497,224.4,20.8,0.0105,,
2.0780,498,225.0,20.8,0.0105,,
2.0855,499,225.1,20.8,0.0105,,
2.0940,500,225.7,20.8,0.0120,,
2.1020,501,225.7,20.8,0.0115,,
2.1105,502,225.8,20.8,0.0105,,
2.1190,503,226.4,20.8,0.0105,,
2.1275,504,226.8,20.8,0.0105,,
2.1360,505,227.0,20.8,0.0120,,
2.1435,506,226.9,20.8,0.0105,,
2.1520,507,227.0,20.8,0.0120,,
2.1600,508,227.7,20.8,0.0100,,
2.1685,509,227.8,20.8,0.0105,,
2.1770,510,227.8,20.8,0.0105,,
2.1855,511,228.2,20.8,0.0120,,
2.1930,512,228.2,20.8,0.0105,,
2.2015,513,228.8,20.8,0.0120,,
2.2100,514,229.1,20.8,0.0105,,
2.2180,515,228.9,20.8,0.0100,,
2.2265,516,229.3,20.8,0.0105,,
2.2350,517,229.8,20.8,0.0105,,
2.2425,518,229.9,20.8,0.0105,,
2.2510,519,230.2,20.8,0.0120,,
2.2595,520,230.0,20.8,0.0120,,
2.2680,521,230.3,20.8,0.0105,,
2.2760,522,230.8,20.8,0.0100,,
2.2845,523,230.7,20.8,0.0105,,
2.2925,524,231.1,20.8,0.0115,,
2.3005,525,230.9,20.8,0.0115,,
2.3090,526,231.4,20.8,0.0120,,
2.3175,527,232.0,20.8,0.0105,,
2.3260,528,231.9,20.8,0.0105,,
2.3345,529,232.0,20.8,0.0105,,
2.3420,530,232.1,20.8,0.0105,,
2.3505,531,232.4,20.8,0.0120,,
2.3585,532,232.9,20.8,0.0115,,
2.3670,533,232.9,20.8,0.0105,,
2.3755,534,232.8,20.8,0.0105,,
2.3840,535,233.3,20.8,0.0105,,
2.3915,536,233.2,20.8,0.0105,,
2.3995,537,233.7,20.8,0.0115,,
2.4060,538,233.7,20.8,0.0095,,
2.4070,539,233.7,20.8,0.0010,,
2.4080,540,234.2,20.8,0.0010,,
2.4100,541,234.0,20.8,0.0025,,
2.4125,542,234.2,20.8,0.0035,,
2.4165,543,233.9,20.8,0.0055,,
2.4215,544,234.1,20.8,0.0060,,
2.4240,545,234.5,20.8,0.0030,,
2.4245,546,234.3,20.8,0.0005,,
2.4250,547,234.2,20.8,0.0005,,
2.4250,548,234.2,20.8,0.0000,,
2.4260,549,234.2,20.8,0.0015,,
2.4270,550,234.6,20.8,0.0010,,
2.4275,551,234.4,20.8,0.0005,,
2.4285,552,234.2,20.8,0.0010,,
2.4290,553,234.5,20.8,0.0005,,
2.4295,554,234.2,20.8,0.0005,,
2.4300,555,234.6,20.8,0.0005,,
2.4310,556,234.5,20.8,0.0015,,
2.4315,557,234.1,20.8,0.0005,,
2.4320,558,234.5,20.8,0.0005,,
2.4330,559,234.7,20.8,0.0010,,
2.4335,560,234.6,20.8,0.0005,,
2.4345,561,234.4,20.8,0.0015,,
2.4345,562,234.2,20.8,0.0000,,
2.4360,563,234.5,20.8,0.0020,,
2.4365,564,234.7,20.8,0.0005,,
2.4375,565,234.3,20.8,0.0010,,
2.4380,566,234.7,20.8,0.0005,,
2.4390,567,234.4,20.8,0.0015,,
2.4400,568,234.7,20.8,0.0015,,
2.4405,569,234.9,20.8,0.0005,,
2.4415,570,234.5,20.8,0.0010,,
2.4415,571,234.6,20.8,0.0000,,
2.4430,572,234.5,20.8,0.0020,,
2.4440,573,234.8,20.8,0.0015,,
2.4445,574,235.0,20.8,0.0010,,
Scope 1/1, Sample 35/60 (S4_21)
Result,TitrationEP1
V,t,E,T,dV/dt,E acc. stat.,Volume acc. stat.
0.0000,0,-69.5,20.7,NaN,,
0.0010,1,-69.5,20.7,0.0010,,
0.0025,2,-69.8,20.7,0.0015,,
0.0050,3,-69.5,20.7,0.0020,,
0.0085,4,-69.6,20.7,0.0030,,
0.0150,5,-69.0,20.7,0.0060,,
0.0230,6,-68.6,20.7,0.0075,,
0.0315,7,-68.1,20.7,0.0075,,
0.0400,8,-66.6,20.7,0.0075,,
0.0485,9,-65.7,20.7,0.0075,,
0.0560,10,-64.0,20.7,0.0070,,
0.0645,11,-62.7,20.7,0.0075,,
0.0725,12,-61.5,20.7,0.0075,,
0.0810,13,-59.7,20.7,0.0075,,
0.0895,14,-57.7,20.7,0.0075,,
0.0980,15,-56.0,20.7,0.0075,,
0.1055,16,-54.2,20.7,0.0070,,
0.1140,17,-52.5,20.7,0.0075,,
0.1225,18,-50.1,20.7,0.0075,,
0.1305,19,-47.5,20.7,0.0075,,
0.1390,20,-45.6,20.7,0.0075,,
0.1475,21,-43.1,20.7,0.0075,,
0.1550,22,-41.0,20.7,0.0070,,
0.1635,23,-38.2,20.7,0.0075,,
0.1720,24,-35.3,20.7,0.0075,,
0.1805,25,-32.9,20.7,0.0075,,
0.1885,26,-30.4,20.7,0.0075,,
0.1970,27,-27.6,20.7,0.0075,,
0.2045,28,-25.8,20.7,0.0070,,
0.2130,29,-23.4,20.7,0.0075,,
0.2215,30,-21.8,20.7,0.0075,,
0.2300,31,-20.2,20.7,0.0075,,
0.2385,32,-18.2,20.7,0.0075,,
0.2470,33,-16.6,20.7,0.0075,,
0.2550,34,-15.1,20.7,0.0075,,
0.2630,35,-13.9,20.7,0.0075,,
0.2710,36,-12.6,20.7,0.0075,,
0.2795,37,-11.1,20.7,0.0075,,
0.2880,38,-10.0,20.7,0.0075,,
0.2965,39,-9.2,20.7,0.0075,,
0.3050,40,-8.1,20.7,0.0075,,
0.3125,41,-7.2,20.7,0.0070,,
0.3210,42,-5.7,20.7,0.0075,,
0.3290,43,-4.7,20.7,0.0075,,
0.3375,44,-3.8,20.7,0.0075,,
0.3460,45,-2.6,20.7,0.0075,,
0.3545,46,-2.2,20.7,0.0075,,
0.3620,47,-1.1,20.7,0.0070,,
0.3705,48,-0.2,20.7,0.0075,,
0.3790,49,0.4,20.7,0.0075,,
0.3870,50,1.5,20.7,0.0075,,
0.3955,51,2.4,20.7,0.0075,,
0.4040,52,3.3,20.7,0.0075,,
0.4115,53,3.9,20.7,0.0070,,
0.4200,54,4.5,20.7,0.0075,,
0.4285,55,5.7,20.7,0.0075,,
0.4370,56,6.6,20.7,0.0075,,
0.4455,57,7.1,20.7,0.0075,,
0.4535,58,8.1,20.7,0.0075,,
0.4615,59,8.7,20.7,0.0075,,
0.4695,60,9.7,20.7,0.0075,,
0.4780,61,10.6,20.7,0.0075,,
0.4865,62,10.9,20.7,0.0075,,
0.4950,63,11.8,20.7,0.0075,,
0.5035,64,13.0,20.7,0.0070,,
0.5110,65,13.5,20.7,0.0070,,
0.5195,66,14.4,20.7,0.0075,,
0.5275,67,14.9,20.7,0.0075,,
0.5360,68,15.6,20.7,0.0075,,
0.5445,69,16.7,20.7,0.0075,,
0.5530,70,17.2,20.7,0.0070,,
0.5605,71,17.9,20.7,0.0070,,
0.5690,72,18.4,20.7,0.0075,,
0.5775,73,19.1,20.7,0.0075,,
0.5860,74,20.2,20.7,0.0075,,
0.5940,75,20.8,20.7,0.0075,,
0.6025,76,21.2,20.7,0.0075,,
0.6100,77,22.0,20.7,0.0070,,
0.6185,78,22.8,20.7,0.0075,,
0.6270,79,24.0,20.7,0.0075,,
0.6355,80,24.6,20.7,0.0075,,
0.6440,81,25.1,20.7,0.0075,,
0.6520,82,26.1,20.7,0.0075,,
0.6595,83,26.6,20.7,0.0070,,
0.6680,84,27.6,20.7,0.0075,,
0.6765,85,28.5,20.7,0.0075,,
0.6850,86,29.0,20.7,0.0075,,
0.6935,87,29.8,20.7,0.0075,,
0.7020,88,30.8,20.7,0.0075,,
0.7100,89,31.5,20.7,0.0075,,
0.7180,90,32.3,20.7,0.0075,,
0.7260,91,32.8,20.7,0.0075,,
0.7345,92,33.8,20.7,0.0075,,
0.7430,93,34.9,20.7,0.0075,,
0.7515,94,35.4,20.7,0.0075,,
0.7600,95,36.4,20.7,0.0075,,
0.7675,96,36.9,20.7,0.0070,,
0.7760,97,38.0,20.7,0.0075,,
0.7840,98,39.2,20.7,0.0075,,
0.7925,99,39.7,20.7,0.0075,,
0.8010,100,40.5,20.7,0.0075,,
0.8095,101,41.2,20.7,0.0075,,
0.8170,102,42.2,20.7,0.0070,,
0.8255,103,43.5,20.7,0.0075,,
0.8340,104,44.0,20.7,0.0075,,
0.8425,105,45.0,20.7,0.0075,,
0.8505,106,46.3,20.7,0.0075,,
0.8585,107,47.0,20.7,0.0075,,
0.8665,108,48.0,20.7,0.0075,,
0.8750,109,48.7,20.7,0.0075,,
0.8835,110,49.6,20.7,0.0075,,
0.8920,111,50.8,20.7,0.0075,,
0.9005,112,51.7,20.7,0.0075,,
0.9085,113,52.5,20.7,0.0065,,
0.9165,114,53.5,20.7,0.0075,,
0.9245,115,54.4,20.7,0.0075,,
0.9330,116,55.8,20.7,0.0075,,
0.9415,117,56.6,20.7,0.0075,,
0.9500,118,57.4,20.7,0.0075,,
0.9585,119,58.8,20.7,0.0070,,
0.9660,120,59.5,20.7,0.0070,,
0.9745,121,60.8,20.7,0.0075,,
0.9825,122,62.0,20.7,0.0075,,
0.9910,123,62.8,20.7,0.0075,,
0.9995,124,64.3,20.7,0.0075,,
1.0080,125,65.6,20.7,0.0070,,
1.0155,126,66.5,20.7,0.0070,,
1.0240,127,67.5,20.7,0.0075,,
1.0325,128,68.4,20.7,0.0075,,
1.0405,129,69.7,20.7,0.0075,,
1.0490,130,71.4,20.7,0.0075,,
1.0575,131,72.2,20.7,0.0075,,
1.0650,132,73.5,20.7,0.0070,,
1.0735,133,74.6,20.7,0.0075,,
1.0820,134,76.1,20.7,0.0075,,
1.0905,135,77.6,20.7,0.0075,,
1.0990,136,78.7,20.7,0.0075,,
1.1070,137,79.9,20.7,0.0075,,
1.1150,138,81.2,20.7,0.0075,,
1.1230,139,82.8,20.7,0.0075,,
1.1315,140,84.5,20.7,0.0075,,
1.1400,141,85.8,20.7,0.0075,,
1.1485,142,87.5,20.7,0.0075,,
1.1570,143,89.5,20.7,0.0075,,
1.1645,144,90.7,20.7,0.0070,,
1.1730,145,92.5,20.7,0.0075,,
1.1810,146,94.1,20.7,0.0075,,
1.1895,147,96.0,20.7,0.0075,,
1.1980,148,98.3,20.7,0.0075,,
1.2065,149,100.2,20.7,0.0075,,
1.2140,150,102.2,20.7,0.0070,,
1.2225,151,104.2,20.7,0.0075,,
1.2310,152,106.6,20.7,0.0075,,
1.2390,153,109.4,20.7,0.0075,,
1.2475,154,111.9,20.7,0.0075,,
1.2560,155,114.5,20.7,0.0075,,
1.2645,156,117.4,20.7,0.0075,,
1.2720,157,120.4,20.7,0.0070,,
1.2805,158,123.8,20.7,0.0075,,
1.2890,159,127.2,20.7,0.0075,,
1.2975,160,130.7,20.7,0.0075,,
1.3055,161,134.6,20.7,0.0075,,
1.3135,162,137.7,20.7,0.0075,,
1.3215,163,142.0,20.7,0.0075,,
1.3300,164,145.6,20.7,0.0075,,
1.3385,165,149.3,20.7,0.0075,,
1.3470,166,153.0,20.7,0.0075,,
1.3555,167,156.5,20.7,0.0075,,
1.3630,168,159.5,20.7,0.0070,,
1.3715,169,162.1,20.7,0.0075,,
1.3800,170,164.8,20.7,0.0075,,
1.3880,171,167.5,20.7,0.0075,,
1.3965,172,169.8,20.7,0.0075,,
1.4050,173,171.7,20.7,0.0075,,
1.4125,174,173.6,20.7,0.0070,,
1.4210,175,175.4,20.7,0.0075,,
1.4295,176,177.5,20.7,0.0075,,
1.4380,177,179.0,20.7,0.0075,,
1.4460,178,180.5,20.7,0.0075,,
1.4545,179,182.1,20.7,0.0075,,
1.4620,180,183.2,20.7,0.0070,,
1.4705,181,184.9,20.7,0.0075,,
1.4750,182,185.0,20.7,0.0075,,
1.4750,422,186.7,20.8,0.0000,,
1.4755,423,187.1,20.8,0.0005,,
1.4770,424,186.8,20.8,0.0020,,
1.4795,425,186.8,20.8,0.0030,,
1.4835,426,187.4,20.8,0.0045,,
1.4895,427,188.2,20.8,0.0065,,
1.4975,428,188.8,20.8,0.0090,,
1.5055,429,190.0,20.8,0.0100,,
1.5135,430,190.7,20.8,0.0100,,
1.5220,431,192.0,20.8,0.0105,,
1.5305,432,193.0,20.8,0.0095,,
1.5390,433,193.6,20.8,0.0095,,
1.5475,434,194.6,20.8,0.0095,,
1.5550,435,195.3,20.8,0.0095,,
1.5635,436,196.4,20.8,0.0105,,
1.5715,437,197.4,20.8,0.0090,,
1.5800,438,197.9,20.8,0.0095,,
1.5885,439,198.6,20.8,0.0095,,
1.5970,440,199.7,20.8,0.0095,,
1.6045,441,200.2,20.8,0.0095,,
1.6130,442,201.1,20.8,0.0105,,
1.6215,443,201.5,20.8,0.0105,,
1.6300,444,202.2,20.8,0.0095,,
1.6380,445,203.2,20.8,0.0090,,
1.6465,446,203.4,20.8,0.0095,,
1.6540,447,204.2,20.8,0.0095,,
1.6625,448,204.3,20.8,0.0105,,
1.6710,449,205.2,20.8,0.0105,,
1.6795,450,205.9,20.8,0.0095,,
1.6880,451,206.3,20.8,0.0095,,
1.6965,452,206.8,20.8,0.0095,,
1.7040,453,207.2,20.8,0.0095,,
1.7125,454,208.0,20.8,0.0105,,
1.7205,455,208.7,20.8,0.0100,,
1.7290,456,208.9,20.8,0.0095,,
1.7375,457,209.5,20.8,0.0095,,
1.7460,458,210.3,20.8,0.0095,,
1.7535,459,210.3,20.8,0.0095,,
1.7620,460,211.0,20.8,0.0105,,
1.7705,461,211.2,20.8,0.0105,,
1.7785,462,211.7,20.8,0.0090,,
1.7870,463,212.4,20.8,0.0095,,
1.7955,464,212.7,20.8,0.0095,,
1.8030,465,213.3,20.8,0.0095,,
1.8115,466,213.3,20.8,0.0105,,
1.8200,467,213.8,20.8,0.0105,,
1.8285,468,214.5,20.8,0.0095,,
1.8370,469,214.7,20.8,0.0095,,
1.8450,470,215.0,20.8,0.0090,,
1.8530,471,215.3,20.8,0.0100,,
1.8610,472,215.9,20.8,0.0100,,
1.8695,473,216.5,20.8,0.0095,,
1.8780,474,216.5,20.8,0.0095,,
1.8865,475,216.7,20.8,0.0095,,
1.8950,476,217.4,20.8,0.0095,,
1.9025,477,217.6,20.8,0.0095,,
1.9110,478,218.4,20.8,0.0105,,
1.9190,479,218.6,20.8,0.0100,,
1.9275,480,218.7,20.8,0.0095,,
1.9360,481,219.2,20.8,0.0095,,
1.9445,482,219.8,20.8,0.0095,,
1.9530,483,220.0,20.8,0.0105,,
1.9605,484,220.3,20.8,0.0095,,
1.9690,485,220.3,20.8,0.0105,,
1.9770,486,220.8,20.8,0.0090,,
1.9855,487,221.4,20.8,0.0095,,
1.9940,488,221.5,20.8,0.0095,,
2.0025,489,221.9,20.8,0.0105,,
2.0100,490,221.9,20.8,0.0095,,
2.0185,491,222.3,20.8,0.0105,,
2.0270,492,222.8,20.8,0.0095,,
2.0350,493,222.8,20.8,0.0090,,
2.0435,494,223.0,20.8,0.0095,,
2.0520,495,223.6,20.8,0.0095,,
2.0595,496,223.5,20.8,0.0095,,
2.0680,497,224.1,20.8,0.0105,,
2.0765,498,224.1,20.8,0.0105,,
2.0850,499,224.3,20.8,0.0095,,
2.0930,500,224.8,20.8,0.0090,,
2.1015,501,225.1,20.8,0.0095,,
2.1090,502,225.5,20.8,0.0095,,
2.1175,503,225.5,20.8,0.0105,,
2.1260,504,225.6,20.8,0.0105,,
2.1345,505,226.2,20.8,0.0095,,
2.1430,506,226.4,20.8,0.0095,,
2.1515,507,226.7,20.8,0.0105,,
2.1590,508,226.7,20.8,0.0095,,
2.1675,509,227.1,20.8,0.0105,,
2.1760,510,227.7,20.8,0.0095,,
2.1840,511,227.6,20.8,0.0090,,
2.1925,512,227.8,20.8,0.0095,,
2.2000,513,227.9,20.8,0.0095,,
2.2085,514,228.4,20.8,0.0105,,
2.2170,515,228.7,20.8,0.0105,,
2.2255,516,228.6,20.8,0.0095,,
2.2340,517,228.8,20.8,0.0095,,
2.2420,518,229.4,20.8,0.0090,,
2.2505,519,229.5,20.8,0.0105,,
2.2580,520,229.9,20.8,0.0095,,
2.2665,521,229.9,20.8,0.0105,,
2.2750,522,230.0,20.8,0.0095,,
2.2835,523,230.6,20.8,0.0095,,
2.2920,524,230.7,20.8,0.0095,,
2.3005,525,230.9,20.8,0.0105,,
2.3080,526,230.8,20.8,0.0095,,
2.3165,527,231.1,20.8,0.0105,,
2.3245,528,231.6,20.8,0.0090,,
2.3330,529,231.8,20.8,0.0095,,
2.3415,530,231.6,20.8,0.0095,,
2.3500,531,231.9,20.8,0.0105,,
2.3575,532,232.0,20.8,0.0095,,
2.3660,533,232.4,20.8,0.0105,,
2.3740,534,232.7,20.8,0.0100,,
2.3825,535,232.5,20.8,0.0095,,
2.3910,536,232.8,20.8,0.0095,,
2.3995,537,233.3,20.8,0.0095,,
2.4070,538,233.4,20.8,0.0095,,
2.4150,539,233.8,20.8,0.0100,,
2.4175,540,233.5,20.8,0.0030,,
2.4180,541,233.6,20.8,0.0005,,
2.4200,542,234.0,20.8,0.0020,,
2.4225,543,233.8,20.8,0.0030,,
2.4255,544,234.0,20.8,0.0035,,
2.4290,545,233.8,20.8,0.0045,,
2.4315,546,233.9,20.8,0.0030,,
2.4325,547,234.1,20.8,0.0010,,
2.4325,548,234.1,20.8,0.0000,,
2.4340,549,233.8,20.8,0.0015,,
2.4350,550,234.0,20.8,0.0010,,
2.4360,551,234.0,20.8,0.0010,,
2.4375,552,234.4,20.8,0.0020,,
2.4390,553,234.3,20.8,0.0015,,
2.4405,554,234.0,20.8,0.0015,,
2.4420,555,234.3,20.8,0.0015,,
2.4435,556,234.6,20.8,0.0015,,
2.4435,557,234.6,20.8,0.0000,,
2.4445,558,234.4,20.8,0.0010,,
2.4455,559,234.2,20.8,0.0010,,
2.4460,560,234.4,20.8,0.0005,,
2.4465,561,234.6,20.8,0.0005,,
2.4475,562,234.4,20.8,0.0010,,
2.4480,563,234.6,20.8,0.0005,,
2.4490,564,234.3,20.8,0.0010,,
2.4490,565,234.3,20.8,0.0000,,
2.4495,566,234.7,20.8,0.0005,,
2.4505,567,234.5,20.8,0.0010,,
2.4510,568,234.3,20.8,0.0005,,
2.4510,569,234.3,20.8,0.0000,,
2.4515,570,234.5,20.8,0.0005,,
2.4530,571,234.7,20.8,0.0020,,
2.4535,572,234.4,20.8,0.0005,,
2.4540,573,234.4,20.8,0.0005,,
2.4550,574,234.8,20.8,0.0010,,
2.4550,575,234.7,20.8,0.0000,,
2.4560,576,234.8,20.8,0.0010,,
2.4565,577,234.4,20.8,0.0005,,
2.4570,578,234.4,20.8,0.0005,,
2.4575,579,234.7,20.8,0.0005,,
2.4580,580,234.5,20.8,0.0005,,
2.4585,581,234.9,20.8,0.0005,,
2.4600,582,234.6,20.8,0.0020,,
2.4610,583,234.4,20.8,0.0010,,
2.4620,584,234.8,20.8,0.0010,,
2.4625,585,235.0,20.8,0.0010,,
Scope 1/1, Sample 36/60 (S5_21)
Result,TitrationEP1
V,t,E,T,dV/dt,E acc. stat.,Volume acc. stat.
0.0000,0,-67.7,20.7,NaN,,
0.0010,1,-67.6,20.7,0.0010,,
0.0025,2,-67.5,20.7,0.0015,,
0.0050,3,-67.7,20.7,0.0025,,
0.0085,4,-67.9,20.7,0.0030,,
0.0150,5,-67.3,20.7,0.0060,,
0.0230,6,-66.7,20.7,0.0075,,
0.0315,7,-66.2,20.7,0.0075,,
0.0400,8,-64.9,20.7,0.0085,,
0.0475,9,-63.9,20.7,0.0075,,
0.0560,10,-62.1,20.7,0.0075,,
0.0645,11,-60.5,20.7,0.0075,,
0.0725,12,-59.1,20.7,0.0075,,
0.0810,13,-57.1,20.7,0.0075,,
0.0895,14,-55.7,20.7,0.0085,,
0.0970,15,-53.4,20.7,0.0070,,
0.1055,16,-51.3,20.7,0.0075,,
0.1140,17,-49.4,20.7,0.0075,,
0.1225,18,-47.0,20.7,0.0075,,
0.1305,19,-44.4,20.7,0.0075,,
0.1390,20,-42.3,20.7,0.0085,,
0.1465,21,-39.7,20.7,0.0075,,
0.1550,22,-37.3,20.7,0.0075,,
0.1635,23,-34.4,20.7,0.0075,,
0.1720,24,-31.6,20.7,0.0075,,
0.1805,25,-29.2,20.7,0.0075,,
0.1885,26,-26.8,20.7,0.0075,,
0.1965,27,-24.6,20.7,0.0080,,
0.2045,28,-22.6,20.7,0.0075,,
0.2130,29,-20.4,20.7,0.0075,,
0.2215,30,-18.9,20.7,0.0075,,
0.2300,31,-17.5,20.7,0.0075,,
0.2385,32,-15.6,20.7,0.0075,,
0.2460,33,-14.4,20.7,0.0075,,
0.2545,34,-12.7,20.7,0.0075,,
0.2630,35,-11.7,20.7,0.0075,,
0.2710,36,-10.5,20.7,0.0075,,
0.2795,37,-9.0,20.7,0.0075,,
0.2880,38,-7.9,20.7,0.0075,,
0.2955,39,-6.7,20.7,0.0075,,
0.3040,40,-5.8,20.7,0.0075,,
0.3125,41,-4.8,20.7,0.0075,,
0.3210,42,-3.5,20.7,0.0075,,
0.3290,43,-2.5,20.7,0.0075,,
0.3375,44,-1.9,20.7,0.0075,,
0.3450,45,-0.9,20.7,0.0070,,
0.3535,46,-0.2,20.7,0.0075,,
0.3620,47,0.9,20.7,0.0075,,
0.3705,48,1.8,20.7,0.0075,,
0.3790,49,2.4,20.7,0.0075,,
0.3870,50,3.4,20.7,0.0075,,
0.3950,51,4.0,20.7,0.0080,,
0.4030,52,5.1,20.7,0.0075,,
0.4115,53,6.1,20.7,0.0075,,
0.4200,54,6.5,20.7,0.0075,,
0.4285,55,7.5,20.7,0.0075,,
0.4370,56,8.5,20.7,0.0075,,
0.4445,57,9.0,20.7,0.0075,,
0.4530,58,9.9,20.7,0.0085,,
0.4610,59,10.5,20.7,0.0075,,
0.4695,60,11.3,20.7,0.0075,,
0.4780,61,12.4,20.7,0.0075,,
0.4865,62,13.0,20.7,0.0075,,
0.4950,63,13.5,20.7,0.0075,,
0.5025,64,14.2,20.7,0.0075,,
0.5110,65,15.0,20.7,0.0075,,
0.5190,66,16.2,20.7,0.0075,,
0.5275,67,16.8,20.7,0.0075,,
0.5360,68,17.2,20.7,0.0075,,
0.5445,69,18.2,20.7,0.0075,,
0.5520,70,18.7,20.7,0.0075,,
0.5605,71,19.7,20.7,0.0075,,
0.5690,72,20.4,20.7,0.0075,,
0.5775,73,20.9,20.7,0.0075,,
0.5855,74,21.9,20.7,0.0075,,
0.5940,75,22.9,20.7,0.0075,,
0.6015,76,23.4,20.7,0.0075,,
0.6100,77,24.2,20.7,0.0075,,
0.6185,78,24.7,20.7,0.0075,,
0.6270,79,25.6,20.7,0.0075,,
0.6355,80,26.6,20.7,0.0075,,
0.6435,81,27.1,20.7,0.0075,,
0.6515,82,28.0,20.7,0.0080,,
0.6595,83,28.6,20.7,0.0075,,
0.6680,84,29.6,20.7,0.0075,,
0.6765,85,30.6,20.7,0.0075,,
0.6850,86,31.2,20.7,0.0075,,
0.6935,87,31.9,20.7,0.0075,,
0.7015,88,32.6,20.7,0.0080,,
0.7095,89,33.5,20.7,0.0075,,
0.7175,90,34.6,20.7,0.0075,,
0.7260,91,35.2,20.7,0.0075,,
0.7345,92,35.9,20.7,0.0075,,
0.7430,93,36.9,20.7,0.0075,,
0.7515,94,37.8,20.7,0.0075,,
0.7590,95,38.6,20.7,0.0075,,
0.7675,96,39.4,20.7,0.0075,,
0.7755,97,40.0,20.7,0.0075,,
0.7840,98,41.2,20.7,0.0075,,
0.7925,99,42.2,20.7,0.0075,,
0.8010,100,42.8,20.7,0.0075,,
0.8085,101,43.7,20.7,0.0075,,
0.8170,102,44.4,20.7,0.0075,,
0.8255,103,45.5,20.7,0.0075,,
0.8335,104,46.6,20.7,0.0075,,
0.8420,105,47.1,20.7,0.0075,,
0.8505,106,48.0,20.7,0.0075,,
0.8580,107,48.8,20.7,0.0075,,
0.8665,108,50.0,20.7,0.0075,,
0.8750,109,51.1,20.7,0.0075,,
0.8835,110,51.7,20.7,0.0075,,
0.8915,111,52.6,20.7,0.0075,,
0.9000,112,53.9,20.7,0.0075,,
0.9085,113,54.5,20.7,0.0085,,
0.9160,114,55.9,20.7,0.0075,,
0.9245,115,56.6,20.7,0.0075,,
0.9330,116,57.4,20.7,0.0075,,
0.9415,117,58.7,20.7,0.0075,,
0.9500,118,59.9,20.7,0.0075,,
0.9580,119,60.8,20.7,0.0080,,
0.9655,120,61.7,20.7,0.0075,,
0.9740,121,62.7,20.7,0.0075,,
0.9825,122,64.0,20.7,0.0075,,
0.9910,123,65.2,20.7,0.0075,,
0.9995,124,66.0,20.7,0.0075,,
1.0080,125,67.3,20.7,0.0075,,
1.0155,126,68.2,20.7,0.0075,,
1.0240,127,69.8,20.7,0.0075,,
1.0320,128,70.9,20.7,0.0075,,
1.0405,129,71.9,20.7,0.0075,,
1.0490,130,73.3,20.7,0.0075,,
1.0575,131,74.3,20.7,0.0085,,
1.0650,132,75.9,20.7,0.0075,,
1.0735,133,77.0,20.7,0.0075,,
1.0820,134,78.1,20.7,0.0075,,
1.0905,135,79.7,20.7,0.0075,,
1.0985,136,81.3,20.7,0.0075,,
1.1065,137,82.7,20.7,0.0080,,
1.1145,138,83.9,20.7,0.0075,,
1.1230,139,85.1,20.7,0.0075,,
1.1315,140,86.8,20.7,0.0075,,
1.1400,141,88.5,20.7,0.0075,,
1.1485,142,89.8,20.7,0.0075,,
1.1565,143,91.5,20.7,0.0080,,
1.1645,144,93.0,20.7,0.0080,,
1.1725,145,95.1,20.7,0.0075,,
1.1810,146,97.0,20.7,0.0075,,
1.1895,147,98.7,20.7,0.0075,,
1.1980,148,101.0,20.7,0.0075,,
1.2065,149,102.8,20.7,0.0085,,
1.2140,150,105.4,20.7,0.0075,,
1.2225,151,107.7,20.7,0.0075,,
1.2305,152,109.7,20.7,0.0075,,
1.2390,153,112.3,20.7,0.0075,,
1.2475,154,115.3,20.7,0.0075,,
1.2560,155,118.1,20.7,0.0075,,
1.2635,156,120.8,20.7,0.0075,,
1.2720,157,123.6,20.7,0.0075,,
1.2805,158,126.9,20.7,0.0075,,
1.2890,159,130.7,20.7,0.0075,,
1.2970,160,134.2,20.7,0.0075,,
1.3055,161,137.5,20.7,0.0075,,
1.3130,162,141.0,20.7,0.0075,,
1.3215,163,144.7,20.7,0.0075,,
1.3300,164,148.7,20.7,0.0075,,
1.3385,165,152.1,20.7,0.0075,,
1.3470,166,155.3,20.7,0.0075,,
1.3550,167,158.7,20.7,0.0075,,
1.3630,168,160.9,20.7,0.0080,,
1.3710,169,163.9,20.7,0.0075,,
1.3795,170,166.8,20.7,0.0075,,
1.3880,171,168.8,20.7,0.0075,,
1.3965,172,171.2,20.7,0.0075,,
1.4050,173,173.4,20.7,0.0075,,
1.4130,174,175.0,20.7,0.0080,,
1.4210,175,176.7,20.7,0.0080,,
1.4290,176,178.1,20.7,0.0075,,
1.4375,177,179.8,20.7,0.0075,,
1.4460,178,181.7,20.7,0.0075,,
1.4545,179,182.8,20.7,0.0075,,
1.4620,180,184.2,20.7,0.0075,,
1.4700,181,185.3,20.7,0.0075,,
1.4700,421,186.5,20.8,0.0000,,
1.4705,422,187.0,20.8,0.0005,,
1.4720,423,186.8,20.8,0.0015,,
1.4745,424,186.9,20.8,0.0025,,
1.4785,425,187.6,20.8,0.0035,,
1.4850,426,188.3,20.8,0.0055,,
1.4930,427,188.8,20.8,0.0065,,
1.5005,428,189.9,20.8,0.0070,,
1.5090,429,190.9,20.8,0.0075,,
1.5175,430,192.4,20.8,0.0075,,
1.5260,431,193.2,20.8,0.0070,,
1.5345,432,193.7,20.8,0.0070,,
1.5430,433,194.8,20.8,0.0070,,
1.5505,434,195.5,20.8,0.0070,,
1.5590,435,196.8,20.8,0.0075,,
1.5670,436,197.3,20.8,0.0075,,
1.5755,437,197.8,20.8,0.0070,,
1.5840,438,198.8,20.8,0.0070,,
1.5925,439,199.8,20.8,0.0070,,
1.6010,440,200.4,20.8,0.0075,,
1.6085,441,201.0,20.8,0.0070,,
1.6170,442,201.4,20.8,0.0075,,
1.6255,443,202.3,20.8,0.0070,,
1.6335,444,203.1,20.8,0.0065,,
1.6420,445,203.4,20.8,0.0070,,
1.6495,446,204.0,20.8,0.0070,,
1.6580,447,204.7,20.8,0.0075,,
1.6665,448,205.6,20.8,0.0070,,
1.6750,449,206.0,20.8,0.0070,,
1.6835,450,206.3,20.8,0.0070,,
1.6920,451,207.3,20.8,0.0070,,
1.6995,452,207.5,20.8,0.0070,,
1.7080,453,208.4,20.8,0.0075,,
1.7160,454,208.7,20.8,0.0065,,
1.7245,455,208.9,20.8,0.0070,,
1.7330,456,209.7,20.8,0.0070,,
1.7415,457,210.3,20.8,0.0070,,
1.7490,458,210.7,20.8,0.0070,,
1.7575,459,211.0,20.8,0.0075,,
1.7660,460,211.1,20.8,0.0075,,
1.7740,461,211.9,20.8,0.0065,,
1.7825,462,212.5,20.8,0.0070,,
1.7910,463,212.6,20.8,0.0070,,
1.7985,464,213.1,20.8,0.0070,,
1.8070,465,213.4,20.8,0.0075,,
1.8155,466,214.1,20.8,0.0075,,
1.8240,467,214.6,20.8,0.0070,,
1.8320,468,214.8,20.8,0.0065,,
1.8405,469,215.2,20.8,0.0070,,
1.8480,470,215.5,20.8,0.0070,,
1.8565,471,216.1,20.8,0.0075,,
1.8650,472,216.7,20.8,0.0075,,
1.8735,473,216.7,20.8,0.0070,,
1.8820,474,216.8,20.8,0.0070,,
1.8900,475,217.5,20.8,0.0065,,
1.8985,476,218.0,20.8,0.0070,,
1.9060,477,218.4,20.8,0.0070,,
1.9145,478,218.5,20.8,0.0075,,
1.9230,479,218.6,20.8,0.0070,,
1.9315,480,219.3,20.8,0.0070,,
1.9400,481,219.6,20.8,0.0070,,
1.9480,482,219.6,20.8,0.0065,,
1.9560,483,220.1,20.8,0.0075,,
1.9640,484,220.2,20.8,0.0075,,
1.9725,485,220.9,20.8,0.0075,,
1.9810,486,221.2,20.8,0.0070,,
1.9895,487,221.4,20.8,0.0070,,
1.9980,488,221.7,20.8,0.0070,,
2.0055,489,221.8,20.8,0.0070,,
2.0140,490,222.4,20.8,0.0075,,
2.0220,491,222.8,20.8,0.0075,,
2.0305,492,222.8,20.8,0.0070,,
2.0390,493,223.1,20.8,0.0070,,
2.0475,494,223.8,20.8,0.0070,,
2.0550,495,223.9,20.8,0.0070,,
2.0635,496,224.3,20.8,0.0075,,
2.0720,497,224.3,20.8,0.0075,,
2.0800,498,224.5,20.8,0.0065,,
2.0885,499,225.1,20.8,0.0070,,
2.0970,500,225.3,20.8,0.0070,,
2.1055,501,225.6,20.8,0.0075,,
2.1130,502,225.6,20.8,0.0070,,
2.1215,503,225.8,20.8,0.0075,,
2.1300,504,226.4,20.8,0.0070,,
2.1385,505,226.5,20.8,0.0070,,
2.1465,506,226.5,20.8,0.0065,,
2.1545,507,226.7,20.8,0.0075,,
2.1625,508,227.1,20.8,0.0075,,
2.1710,509,227.5,20.8,0.0075,,
2.1795,510,227.6,20.8,0.0070,,
2.1880,511,227.6,20.8,0.0070,,
2.1965,512,228.1,20.8,0.0070,,
2.2045,513,228.2,20.8,0.0075,,
2.2125,514,228.7,20.8,0.0075,,
2.2205,515,228.7,20.8,0.0075,,
2.2290,516,228.7,20.8,0.0070,,
2.2375,517,229.3,20.8,0.0070,,
2.2460,518,229.6,20.8,0.0070,,
2.2545,519,229.8,20.8,0.0075,,
2.2620,520,229.8,20.8,0.0070,,
2.2705,521,229.9,20.8,0.0075,,
2.2790,522,230.4,20.8,0.0070,,
2.2870,523,230.7,20.8,0.0065,,
2.2955,524,230.6,20.8,0.0070,,
2.3030,525,230.9,20.8,0.0070,,
2.3115,526,231.0,20.8,0.0075,,
2.3200,527,231.6,20.8,0.0075,,
2.3285,528,231.8,20.8,0.0070,,
2.3370,529,231.8,20.8,0.0070,,
2.3450,530,232.0,20.8,0.0065,,
2.3535,531,232.0,20.8,0.0075,,
2.3610,532,232.5,20.8,0.0070,,
2.3695,533,232.8,20.8,0.0075,,
2.3780,534,232.6,20.8,0.0070,,
2.3865,535,232.8,20.8,0.0070,,
2.3950,536,233.3,20.8,0.0070,,
2.4030,537,233.3,20.8,0.0065,,
2.4105,538,233.6,20.8,0.0070,,
2.4185,539,233.5,20.8,0.0075,,
2.4270,540,233.7,20.8,0.0070,,
2.4345,541,234.3,20.8,0.0060,,
2.4385,542,234.1,20.8,0.0035,,
2.4395,543,234.0,20.8,0.0010,,
2.4400,544,234.1,20.8,0.0005,,
2.4410,545,234.2,20.8,0.0010,,
2.4415,546,234.5,20.8,0.0005,,
2.4420,547,234.5,20.8,0.0005,,
2.4430,548,234.2,20.8,0.0010,,
2.4435,549,234.4,20.8,0.0005,,
2.4445,550,234.3,20.8,0.0010,,
2.4450,551,234.6,20.8,0.0005,,
2.4460,552,234.4,20.8,0.0010,,
2.4460,553,234.3,20.8,0.0000,,
2.4485,554,234.6,20.8,0.0020,,
2.4490,555,234.7,20.8,0.0005,,
2.4495,556,234.7,20.8,0.0005,,
2.4500,557,234.6,20.8,0.0005,,
2.4505,558,234.2,20.8,0.0005,,
2.4510,559,234.6,20.8,0.0005,,
2.4515,560,234.7,20.8,0.0005,,
2.4520,561,234.4,20.8,0.0005,,
2.4530,562,234.7,20.8,0.0010,,
2.4540,563,234.5,20.8,0.0010,,
2.4545,564,234.8,20.8,0.0005,,
2.4545,565,234.8,20.8,0.0000,,
2.4555,566,234.4,20.8,0.0010,,
2.4560,567,234.7,20.8,0.0005,,
2.4570,568,234.6,20.8,0.0010,,
2.4575,569,235.0,20.8,0.0005,,
Scope 1/1, Sample 37/60 (S6_21)
Result,TitrationEP1
V,t,E,T,dV/dt,E acc. stat.,Volume acc. stat.
0.0000,0,-69.6,20.7,NaN,,
0.0005,1,-69.5,20.7,0.0005,,
0.0025,2,-69.5,20.7,0.0020,,
0.0050,3,-69.8,20.7,0.0025,,
0.0090,4,-69.8,20.7,0.0035,,
0.0150,5,-69.2,20.7,0.0055,,
0.0235,6,-68.7,20.7,0.0075,,
0.0310,7,-67.8,20.7,0.0075,,
0.0395,8,-67.0,20.7,0.0085,,
0.0480,9,-65.6,20.7,0.0085,,
0.0565,10,-63.9,20.7,0.0075,,
0.0645,11,-62.7,20.7,0.0075,,
0.0730,12,-61.3,20.7,0.0075,,
0.0805,13,-59.7,20.7,0.0075,,
0.0890,14,-57.8,20.7,0.0085,,
0.0975,15,-55.6,20.7,0.0085,,
0.1060,16,-53.9,20.7,0.0075,,
0.1145,17,-51.9,20.7,0.0075,,
0.1230,18,-49.5,20.7,0.0075,,
0.1305,19,-47.6,20.7,0.0075,,
0.1385,20,-45.0,20.7,0.0080,,
0.1470,21,-42.8,20.7,0.0085,,
0.1555,22,-40.4,20.7,0.0075,,
0.1640,23,-37.5,20.7,0.0075,,
0.1725,24,-34.7,20.7,0.0075,,
0.1810,25,-32.1,20.7,0.0085,,
0.1885,26,-29.7,20.7,0.0075,,
0.1970,27,-27.4,20.7,0.0085,,
0.2050,28,-24.7,20.7,0.0075,,
0.2135,29,-22.6,20.7,0.0075,,
0.2220,30,-21.1,20.7,0.0075,,
0.2305,31,-19.3,20.7,0.0085,,
0.2380,32,-17.8,20.7,0.0075,,
0.2465,33,-15.8,20.7,0.0085,,
0.2550,34,-14.4,20.7,0.0075,,
0.2630,35,-13.2,20.7,0.0075,,
0.2715,36,-11.8,20.7,0.0075,,
0.2800,37,-10.1,20.7,0.0075,,
0.2875,38,-9.3,20.7,0.0075,,
0.2960,39,-8.0,20.7,0.0085,,
0.3045,40,-7.3,20.7,0.0075,,
0.3130,41,-6.1,20.7,0.0075,,
0.3215,42,-4.7,20.7,0.0075,,
0.3295,43,-3.9,20.7,0.0080,,
0.3375,44,-2.8,20.7,0.0080,,
0.3455,45,-2.3,20.7,0.0080,,
0.3540,46,-1.2,20.7,0.0075,,
0.3625,47,0.0,20.7,0.0075,,
0.3710,48,0.6,20.7,0.0075,,
0.3795,49,1.3,20.7,0.0075,,
0.3870,50,2.1,20.7,0.0075,,
0.3955,51,3.2,20.7,0.0085,,
0.4035,52,4.3,20.7,0.0075,,
0.4120,53,4.9,20.7,0.0075,,
0.4205,54,5.6,20.7,0.0075,,
0.4290,55,6.7,20.7,0.0075,,
0.4365,56,7.4,20.7,0.0075,,
0.4450,57,8.4,20.7,0.0085,,
0.4535,58,8.8,20.7,0.0075,,
0.4620,59,9.5,20.7,0.0075,,
0.4700,60,10.6,20.7,0.0075,,
0.4785,61,11.2,20.7,0.0075,,
0.4860,62,12.1,20.7,0.0075,,
0.4945,63,12.5,20.7,0.0085,,
0.5030,64,13.3,20.7,0.0085,,
0.5115,65,14.3,20.7,0.0075,,
0.5200,66,15.1,20.7,0.0075,,
0.5280,67,15.5,20.7,0.0075,,
0.5360,68,16.4,20.7,0.0080,,
0.5440,69,17.0,20.7,0.0080,,
0.5525,70,18.2,20.7,0.0085,,
0.5610,71,19.0,20.7,0.0075,,
0.5695,72,19.5,20.7,0.0075,,
0.5780,73,20.3,20.7,0.0075,,
0.5855,74,20.8,20.7,0.0075,,
0.5940,75,21.8,20.7,0.0085,,
0.6020,76,22.7,20.7,0.0080,,
0.6105,77,23.1,20.7,0.0075,,
0.6190,78,24.1,20.7,0.0075,,
0.6275,79,25.1,20.7,0.0075,,
0.6350,80,25.7,20.7,0.0075,,
0.6435,81,26.5,20.7,0.0085,,
0.6520,82,26.9,20.7,0.0085,,
0.6600,83,27.9,20.7,0.0075,,
0.6685,84,29.0,20.7,0.0075,,
0.6770,85,29.4,20.7,0.0075,,
0.6845,86,30.4,20.7,0.0075,,
0.6930,87,30.9,20.7,0.0085,,
0.7015,88,31.8,20.7,0.0085,,
0.7100,89,32.9,20.7,0.0075,,
0.7180,90,33.4,20.7,0.0075,,
0.7265,91,34.0,20.7,0.0075,,
0.7350,92,34.7,20.7,0.0085,,
0.7425,93,35.7,20.7,0.0075,,
0.7510,94,36.9,20.7,0.0085,,
0.7595,95,37.5,20.7,0.0075,,
0.7680,96,38.1,20.7,0.0075,,
0.7765,97,39.4,20.7,0.0075,,
0.7845,98,40.2,20.7,0.0075,,
0.7920,99,41.1,20.7,0.0075,,
0.8005,100,41.8,20.7,0.0085,,
0.8090,101,42.4,20.7,0.0075,,
0.8175,102,43.7,20.7,0.0075,,
0.8260,103,44.6,20.7,0.0075,,
0.8345,104,45.3,20.7,0.0075,,
0.8420,105,46.2,20.7,0.0075,,
0.8505,106,47.0,20.7,0.0085,,
0.8585,107,48.2,20.7,0.0075,,
0.8670,108,49.2,20.7,0.0075,,
0.8755,109,49.8,20.7,0.0075,,
0.8840,110,50.9,20.7,0.0075,,
0.8915,111,51.7,20.7,0.0075,,
0.9000,112,53.0,20.7,0.0085,,
0.9085,113,54.1,20.7,0.0075,,
0.9170,114,54.7,20.7,0.0075,,
0.9250,115,55.9,20.7,0.0075,,
0.9335,116,57.2,20.7,0.0075,,
0.9410,117,58.2,20.7,0.0075,,
0.9495,118,59.2,20.7,0.0085,,
0.9580,119,59.9,20.7,0.0085,,
0.9665,120,61.2,20.7,0.0075,,
0.9750,121,62.5,20.7,0.0075,,
0.9830,122,63.2,20.7,0.0075,,
0.9910,123,64.5,20.7,0.0080,,
0.9990,124,65.4,20.7,0.0080,,
1.0075,125,66.8,20.7,0.0085,,
1.0160,126,68.3,20.7,0.0075,,
1.0245,127,69.2,20.7,0.0075,,
1.0330,128,70.3,20.7,0.0075,,
1.0405,129,71.4,20.7,0.0075,,
1.0490,130,72.8,20.7,0.0085,,
1.0570,131,74.3,20.7,0.0080,,
1.0655,132,75.3,20.7,0.0075,,
1.0740,133,76.5,20.7,0.0075,,
1.0825,134,78.1,20.7,0.0075,,
1.0900,135,79.3,20.7,0.0075,,
1.0985,136,80.9,20.7,0.0085,,
1.1070,137,82.1,20.7,0.0085,,
1.1155,138,83.5,20.7,0.0075,,
1.1235,139,85.4,20.7,0.0075,,
1.1320,140,86.8,20.7,0.0075,,
1.1395,141,88.4,20.7,0.0075,,
1.1480,142,89.9,20.7,0.0085,,
1.1565,143,91.5,20.7,0.0085,,
1.1650,144,93.6,20.7,0.0075,,
1.1735,145,95.4,20.7,0.0075,,
1.1815,146,97.0,20.7,0.0075,,
1.1895,147,98.9,20.7,0.0080,,
1.1975,148,100.9,20.7,0.0080,,
1.2060,149,103.2,20.7,0.0085,,
1.2145,150,105.3,20.8,0.0075,,
1.2230,151,107.5,20.8,0.0075,,
1.2315,152,110.0,20.8,0.0075,,
1.2395,153,112.0,20.8,0.0080,,
1.2475,154,115.0,20.8,0.0080,,
1.2555,155,117.9,20.8,0.0080,,
1.2640,156,120.9,20.8,0.0075,,
1.2725,157,124.1,20.8,0.0075,,
1.2810,158,128.0,20.8,0.0075,,
1.2895,159,131.3,20.8,0.0075,,
1.2970,160,134.7,20.8,0.0075,,
1.3055,161,138.0,20.8,0.0085,,
1.3135,162,142.1,20.8,0.0080,,
1.3220,163,146.2,20.8,0.0075,,
1.3305,164,149.4,20.8,0.0075,,
1.3390,165,152.8,20.8,0.0075,,
1.3465,166,155.7,20.8,0.0075,,
1.3550,167,159.1,20.8,0.0085,,
1.3635,168,162.2,20.8,0.0085,,
1.3715,169,164.7,20.8,0.0075,,
1.3800,170,167.0,20.8,0.0075,,
1.3885,171,169.7,20.8,0.0075,,
1.3960,172,171.6,20.8,0.0075,,
1.4045,173,173.8,20.8,0.0085,,
1.4130,174,175.3,20.8,0.0085,,
1.4215,175,177.1,20.8,0.0075,,
1.4300,176,179.2,20.8,0.0075,,
1.4380,177,180.7,20.8,0.0075,,
1.4455,178,182.2,20.8,0.0075,,
1.4540,179,183.4,20.8,0.0085,,
1.4625,180,184.5,20.8,0.0085,,
1.4655,180,185.1,20.8,0.0060,,
1.4655,420,186.5,20.8,0.0000,,
1.4660,422,186.2,20.8,0.0005,,
1.4675,423,186.5,20.8,0.0025,,
1.4700,424,186.9,20.8,0.0040,,
1.4740,425,186.9,20.8,0.0055,,
1.4800,426,187.5,20.8,0.0085,,
1.4880,427,188.9,20.8,0.0115,,
1.4960,428,189.6,20.8,0.0135,,
1.5040,429,190.9,20.8,0.0135,,
1.5125,430,191.6,20.8,0.0140,,
1.5210,431,192.5,20.8,0.0120,,
1.5295,432,193.7,20.8,0.0120,,
1.5380,433,194.6,20.8,0.0120,,
1.5455,434,195.5,20.8,0.0125,,
1.5540,435,196.1,20.8,0.0140,,
1.5620,436,196.9,20.8,0.0135,,
1.5705,437,198.0,20.8,0.0120,,
1.5790,438,198.8,20.8,0.0120,,
1.5875,439,199.3,20.8,0.0120,,
1.5960,440,200.1,20.8,0.0140,,
1.6035,441,200.6,20.8,0.0125,,
1.6120,442,201.6,20.8,0.0140,,
1.6200,443,202.4,20.8,0.0115,,
1.6285,444,202.8,20.8,0.0120,,
1.6370,445,203.4,20.8,0.0120,,
1.6455,446,203.8,20.8,0.0140,,
1.6530,447,204.8,20.8,0.0125,,
1.6615,448,205.4,20.8,0.0140,,
1.6700,449,205.6,20.8,0.0120,,
1.6785,450,206.4,20.8,0.0120,,
1.6865,451,207.2,20.8,0.0115,,
1.6950,452,207.6,20.8,0.0140,,
1.7025,453,208.0,20.8,0.0125,,
1.7110,454,208.2,20.8,0.0140,,
1.7195,455,208.8,20.8,0.0140,,
1.7280,456,209.6,20.8,0.0120,,
1.7365,457,209.8,20.8,0.0120,,
1.7445,458,210.1,20.8,0.0115,,
1.7520,459,210.7,20.8,0.0125,,
1.7605,460,211.1,20.8,0.0140,,
1.7690,461,212.0,20.8,0.0120,,
1.7775,462,212.1,20.8,0.0120,,
1.7860,463,212.5,20.8,0.0120,,
1.7945,464,213.1,20.8,0.0120,,
1.8020,465,213.4,20.8,0.0125,,
1.8105,466,214.1,20.8,0.0140,,
1.8185,467,214.2,20.8,0.0135,,
1.8270,468,214.5,20.8,0.0120,,
1.8355,469,215.2,20.8,0.0120,,
1.8440,470,215.6,20.8,0.0120,,
1.8515,471,216.2,20.8,0.0125,,
1.8600,472,216.3,20.8,0.0140,,
1.8685,473,216.6,20.8,0.0140,,
1.8765,474,217.2,20.8,0.0115,,
1.8850,475,217.6,20.8,0.0120,,
1.8935,476,217.7,20.8,0.0120,,
1.9010,477,218.0,20.8,0.0125,,
1.9095,478,218.3,20.8,0.0140,,
1.9180,479,219.0,20.8,0.0140,,
1.9265,480,219.3,20.8,0.0120,,
1.9350,481,219.3,20.8,0.0120,,
1.9430,482,219.8,20.8,0.0115,,
1.9515,483,219.9,20.8,0.0140,,
1.9590,484,220.4,20.8,0.0125,,
1.9675,485,220.9,20.8,0.0140,,
1.9760,486,220.9,20.8,0.0120,,
1.9845,487,221.2,20.8,0.0120,,
1.9930,488,221.9,20.8,0.0120,,
2.0010,489,222.0,20.8,0.0135,,
2.0085,490,222.4,20.8,0.0125,,
2.0170,491,222.4,20.8,0.0140,,
2.0255,492,222.6,20.8,0.0140,,
2.0340,493,223.2,20.8,0.0120,,
2.0425,494,223.5,20.8,0.0120,,
2.0510,495,223.4,20.8,0.0120,,
2.0585,496,223.8,20.8,0.0125,,
2.0665,497,224.0,20.8,0.0135,,
2.0750,498,224.7,20.8,0.0140,,
2.0835,499,224.9,20.8,0.0120,,
2.0920,500,224.8,20.8,0.0120,,
2.1005,501,225.3,20.8,0.0120,,
2.1080,502,225.4,20.8,0.0125,,
2.1165,503,226.0,20.8,0.0140,,
2.1250,504,226.1,20.8,0.0140,,
2.1330,505,226.1,20.8,0.0115,,
2.1415,506,226.7,20.8,0.0120,,
2.1500,507,227.2,20.8,0.0120,,
2.1575,508,227.3,20.8,0.0125,,
2.1660,509,227.6,20.8,0.0140,,
2.1745,510,227.5,20.8,0.0140,,
2.1830,511,227.9,20.8,0.0120,,
2.1910,512,228.5,20.8,0.0115,,
2.1995,513,228.3,20.8,0.0120,,
2.2070,514,228.7,20.8,0.0125,,
2.2155,515,228.6,20.8,0.0140,,
2.2240,516,229.0,20.8,0.0140,,
2.2325,517,229.5,20.8,0.0120,,
2.2410,518,229.4,20.8,0.0120,,
2.2490,519,229.4,20.8,0.0115,,
2.2570,520,229.7,20.8,0.0135,,
2.2650,521,230.1,20.8,0.0135,,
2.2735,522,230.6,20.8,0.0140,,
2.2820,523,230.5,20.8,0.0120,,
2.2905,524,230.7,20.8,0.0120,,
2.2990,525,231.2,20.8,0.0120,,
2.3065,526,231.3,20.8,0.0125,,
2.3150,527,231.7,20.8,0.0140,,
2.3235,528,231.5,20.8,0.0140,,
2.3315,529,231.7,20.8,0.0115,,
2.3400,530,232.3,20.8,0.0120,,
2.3485,531,232.3,20.8,0.0120,,
2.3560,532,232.6,20.8,0.0125,,
2.3645,533,232.3,20.8,0.0140,,
2.3730,534,232.6,20.8,0.0140,,
2.3815,535,233.0,20.8,0.0120,,
2.3895,536,233.2,20.8,0.0115,,
2.3980,537,233.2,20.8,0.0120,,
2.4060,538,233.4,20.8,0.0135,,
2.4135,539,233.6,20.8,0.0125,,
2.4215,540,234.0,20.8,0.0135,,
2.4280,541,234.0,20.8,0.0095,,
2.4345,542,234.0,20.8,0.0095,,
2.4355,543,234.3,20.8,0.0015,,
2.4360,544,234.2,20.8,0.0010,,
2.4370,545,234.5,20.8,0.0015,,
2.4375,546,234.3,20.8,0.0010,,
2.4385,547,234.2,20.8,0.0015,,
2.4390,548,234.5,20.8,0.0005,,
2.4395,549,234.5,20.8,0.0005,,
2.4400,550,234.7,20.8,0.0010,,
2.4405,551,234.5,20.8,0.0010,,
2.4415,552,234.3,20.8,0.0015,,
2.4415,553,234.6,20.8,0.0000,,
2.4420,554,234.6,20.8,0.0005,,
2.4430,555,234.2,20.8,0.0015,,
2.4440,556,234.4,20.8,0.0015,,
2.4445,557,234.4,20.8,0.0010,,
2.4450,558,234.7,20.8,0.0010,,
2.4455,559,234.8,20.8,0.0005,,
2.4460,560,234.5,20.8,0.0005,,
2.4465,561,234.6,20.8,0.0005,,
2.4470,562,234.9,20.8,0.0005,,
2.4475,563,234.8,20.8,0.0010,,
2.4480,564,234.9,20.8,0.0010,,
2.4485,565,234.5,20.8,0.0005,,
2.4495,566,234.7,20.8,0.0015,,
2.4495,567,234.9,20.8,0.0000,,
2.4500,568,234.8,20.8,0.0010,,
2.4505,569,234.7,20.8,0.0010,,
2.4515,570,234.5,20.8,0.0015,,
2.4520,571,234.7,20.8,0.0005,,
2.4525,572,234.9,20.8,0.0005,,
2.4530,573,234.6,20.8,0.0005,,
2.4540,574,234.7,20.8,0.0015,,
2.4545,575,234.6,20.8,0.0010,,
2.4550,576,234.8,20.8,0.0010,,
2.4550,576,235.0,20.8,0.0000,,
Scope 1/1, Sample 38/60 (T1_21)
Result,TitrationEP1
V,t,E,T,dV/dt,E acc. stat.,Volume acc. stat.
0.0000,0,-70.6,20.7,NaN,,
0.0005,1,-70.7,20.7,0.0005,,
0.0025,2,-70.3,20.7,0.0020,,
0.0050,3,-70.4,20.7,0.0025,,
0.0085,4,-70.7,20.7,0.0030,,
0.0150,5,-70.4,20.7,0.0060,,
0.0230,6,-69.6,20.7,0.0075,,
0.0305,7,-69.1,20.7,0.0075,,
0.0390,8,-68.2,20.7,0.0085,,
0.0475,9,-67.4,20.7,0.0085,,
0.0560,10,-65.9,20.7,0.0075,,
0.0640,11,-64.3,20.7,0.0075,,
0.0725,12,-62.8,20.7,0.0075,,
0.0810,13,-61.6,20.7,0.0075,,
0.0885,14,-60.0,20.7,0.0075,,
0.0970,15,-58.3,20.7,0.0085,,
0.1055,16,-56.1,20.7,0.0075,,
0.1140,17,-54.3,20.7,0.0075,,
0.1220,18,-52.5,20.7,0.0075,,
0.1305,19,-50.2,20.7,0.0075,,
0.1380,20,-48.4,20.7,0.0075,,
0.1465,21,-45.8,20.7,0.0085,,
0.1550,22,-43.5,20.7,0.0075,,
0.1635,23,-41.3,20.7,0.0075,,
0.1720,24,-38.3,20.7,0.0075,,
0.1805,25,-35.7,20.7,0.0075,,
0.1880,26,-33.3,20.7,0.0075,,
0.1960,27,-31.1,20.7,0.0080,,
0.2045,28,-29.0,20.7,0.0085,,
0.2130,29,-26.5,20.7,0.0075,,
0.2215,30,-24.3,20.7,0.0075,,
0.2300,31,-22.9,20.7,0.0075,,
0.2375,32,-21.0,20.7,0.0075,,
0.2460,33,-19.7,20.7,0.0085,,
0.2545,34,-17.9,20.7,0.0085,,
0.2625,35,-16.3,20.7,0.0075,,
0.2710,36,-15.2,20.7,0.0075,,
0.2795,37,-14.0,20.7,0.0075,,
0.2880,38,-12.9,20.7,0.0085,,
0.2955,39,-11.5,20.7,0.0075,,
0.3040,40,-10.2,20.7,0.0085,,
0.3125,41,-9.5,20.7,0.0075,,
0.3205,42,-8.3,20.7,0.0075,,
0.3290,43,-7.1,20.7,0.0075,,
0.3365,44,-6.2,20.7,0.0075,,
0.3450,45,-5.1,20.7,0.0085,,
0.3535,46,-4.5,20.7,0.0085,,
0.3620,47,-3.5,20.7,0.0075,,
0.3705,48,-2.2,20.7,0.0075,,
0.3790,49,-1.6,20.7,0.0075,,
0.3865,50,-0.7,20.7,0.0075,,
0.3950,51,-0.2,20.7,0.0085,,
0.4030,52,0.8,20.7,0.0080,,
0.4115,53,1.7,20.7,0.0075,,
0.4200,54,2.3,20.7,0.0075,,
0.4285,55,3.1,20.7,0.0075,,
0.4370,56,3.9,20.7,0.0085,,
0.4445,57,4.8,20.7,0.0075,,
0.4530,58,5.8,20.7,0.0085,,
0.4610,59,6.2,20.7,0.0075,,
0.4695,60,7.0,20.7,0.0075,,
0.4780,61,8.1,20.7,0.0075,,
0.4855,62,8.6,20.7,0.0075,,
0.4940,63,9.7,20.7,0.0085,,
0.5025,64,10.1,20.7,0.0085,,
0.5110,65,10.9,20.7,0.0075,,
0.5190,66,12.1,20.7,0.0075,,
0.5275,67,12.7,20.7,0.0075,,
0.5360,68,13.6,20.7,0.0085,,
0.5435,69,14.1,20.7,0.0075,,
0.5520,70,14.7,20.7,0.0085,,
0.5605,71,15.9,20.7,0.0075,,
0.5690,72,16.6,20.7,0.0075,,
0.5775,73,17.1,20.7,0.0075,,
0.5855,74,17.8,20.7,0.0080,,
0.5935,75,18.6,20.7,0.0080,,
0.6015,76,19.6,20.7,0.0080,,
0.6100,77,20.3,20.7,0.0075,,
0.6185,78,20.8,20.7,0.0075,,
0.6270,79,21.7,20.7,0.0075,,
0.6355,80,22.7,20.7,0.0075,,
0.6430,81,23.3,20.7,0.0075,,
0.6515,82,24.2,20.7,0.0085,,
0.6595,83,24.7,20.7,0.0075,,
0.6680,84,25.7,20.7,0.0075,,
0.6765,85,26.6,20.7,0.0075,,
0.6850,86,27.4,20.7,0.0085,,
0.6925,87,28.0,20.7,0.0075,,
0.7010,88,28.6,20.7,0.0085,,
0.7095,89,29.7,20.7,0.0075,,
0.7175,90,30.6,20.7,0.0075,,
0.7260,91,31.1,20.7,0.0075,,
0.7345,92,32.0,20.7,0.0075,,
0.7420,93,32.6,20.7,0.0075,,
0.7505,94,33.8,20.7,0.0085,,
0.7590,95,34.8,20.7,0.0075,,
0.7675,96,35.3,20.7,0.0075,,
0.7760,97,36.1,20.7,0.0075,,
0.7840,98,37.3,20.7,0.0075,,
0.7920,99,38.0,20.7,0.0080,,
0.8000,100,39.2,20.7,0.0080,,
0.8085,101,39.8,20.7,0.0075,,
0.8170,102,40.6,20.7,0.0075,,
0.8255,103,41.8,20.7,0.0075,,
0.8340,104,42.6,20.7,0.0075,,
0.8415,105,43.7,20.7,0.0075,,
0.8500,106,44.4,20.7,0.0085,,
0.8580,107,45.3,20.7,0.0075,,
0.8665,108,46.6,20.7,0.0075,,
0.8750,109,47.2,20.7,0.0075,,
0.8835,110,48.1,20.7,0.0075,,
0.8910,111,49.0,20.7,0.0075,,
0.8995,112,50.1,20.7,0.0085,,
0.9080,113,51.4,20.7,0.0075,,
0.9165,114,52.2,20.7,0.0075,,
0.9245,115,53.0,20.7,0.0075,,
0.9330,116,54.4,20.7,0.0075,,
0.9405,117,55.2,20.7,0.0075,,
0.9490,118,56.6,20.7,0.0085,,
0.9575,119,57.5,20.7,0.0075,,
0.9660,120,58.4,20.7,0.0075,,
0.9745,121,59.8,20.7,0.0075,,
0.9825,122,61.1,20.7,0.0075,,
0.9910,123,62.2,20.7,0.0085,,
0.9985,124,63.4,20.7,0.0075,,
1.0070,125,64.3,20.7,0.0085,,
1.0155,126,65.7,20.7,0.0075,,
1.0240,127,67.1,20.7,0.0075,,
1.0325,128,68.0,20.7,0.0075,,
1.0405,129,69.4,20.7,0.0080,,
1.0485,130,70.4,20.7,0.0080,,
1.0565,131,72.0,20.7,0.0080,,
1.0650,132,73.6,20.7,0.0075,,
1.0735,133,74.7,20.7,0.0075,,
1.0820,134,76.1,20.7,0.0075,,
1.0905,135,77.9,20.7,0.0075,,
1.0980,136,79.1,20.7,0.0075,,
1.1065,137,81.0,20.7,0.0085,,
1.1145,138,82.5,20.7,0.0075,,
1.1230,139,83.9,20.7,0.0075,,
1.1315,140,86.0,20.7,0.0075,,
1.1400,141,87.8,20.7,0.0075,,
1.1475,142,89.5,20.7,0.0075,,
1.1560,143,90.9,20.7,0.0085,,
1.1645,144,92.9,20.7,0.0075,,
1.1730,145,95.3,20.7,0.0075,,
1.1810,146,97.1,20.7,0.0075,,
1.1895,147,99.3,20.7,0.0085,,
1.1970,148,101.1,20.7,0.0075,,
1.2055,149,103.6,20.7,0.0085,,
1.2140,150,106.3,20.7,0.0075,,
1.2225,151,108.7,20.7,0.0075,,
1.2310,152,111.6,20.7,0.0075,,
1.2390,153,114.8,20.7,0.0075,,
1.2470,154,117.6,20.7,0.0080,,
1.2550,155,121.3,20.7,0.0080,,
1.2635,156,124.7,20.8,0.0075,,
1.2720,157,128.1,20.7,0.0075,,
1.2805,158,132.4,20.8,0.0075,,
1.2890,159,136.9,20.7,0.0075,,
1.2965,160,140.5,20.7,0.0075,,
1.3050,161,144.6,20.8,0.0085,,
1.3130,162,148.4,20.8,0.0080,,
1.3215,163,152.3,20.8,0.0075,,
1.3300,164,155.8,20.8,0.0075,,
1.3385,165,158.7,20.8,0.0075,,
1.3460,166,161.7,20.8,0.0075,,
1.3545,167,164.4,20.8,0.0085,,
1.3630,168,167.2,20.8,0.0075,,
1.3710,169,169.8,20.8,0.0075,,
1.3795,170,171.7,20.8,0.0075,,
1.3880,171,173.7,20.7,0.0075,,
1.3965,172,175.3,20.7,0.0085,,
1.4040,173,177.4,20.8,0.0075,,
1.4125,174,179.4,20.8,0.0085,,
1.4210,175,180.5,20.8,0.0075,,
1.4295,176,182.0,20.8,0.0075,,
1.4375,177,183.5,20.8,0.0075,,
1.4460,178,184.7,20.8,0.0085,,
1.4495,178,185.4,20.8,0.0070,,
1.4495,419,187.2,20.8,0.0000,,
1.4500,420,187.6,20.8,0.0010,,
1.4515,421,187.4,20.8,0.0025,,
1.4540,422,187.3,20.8,0.0040,,
1.4580,423,187.9,20.8,0.0055,,
1.4645,424,188.6,20.8,0.0095,,
1.4725,425,189.1,20.8,0.0115,,
1.4805,426,190.1,20.8,0.0135,,
1.4885,427,191.0,20.8,0.0135,,
1.4970,428,192.4,20.8,0.0140,,
1.5055,429,193.3,20.8,0.0120,,
1.5140,430,193.9,20.8,0.0120,,
1.5225,431,195.0,20.8,0.0120,,
1.5300,432,195.6,20.8,0.0125,,
1.5385,433,196.8,20.8,0.0140,,
1.5470,434,197.5,20.8,0.0140,,
1.5550,435,198.0,20.8,0.0115,,
1.5635,436,198.9,20.8,0.0120,,
1.5720,437,200.0,20.8,0.0120,,
1.5795,438,200.5,20.8,0.0125,,
1.5880,439,201.1,20.8,0.0140,,
1.5965,440,201.4,20.8,0.0140,,
1.6050,441,202.3,20.8,0.0120,,
1.6130,442,203.3,20.8,0.0115,,
1.6215,443,203.6,20.8,0.0120,,
1.6290,444,204.3,20.8,0.0125,,
1.6375,445,204.6,20.8,0.0140,,
1.6460,446,205.5,20.8,0.0140,,
1.6545,447,206.3,20.8,0.0120,,
1.6630,448,206.5,20.8,0.0120,,
1.6715,449,207.1,20.8,0.0120,,
1.6790,450,207.5,20.8,0.0125,,
1.6875,451,208.4,20.8,0.0140,,
1.6955,452,209.0,20.8,0.0135,,
1.7040,453,209.1,20.8,0.0120,,
1.7125,454,209.6,20.8,0.0120,,
1.7210,455,210.4,20.8,0.0120,,
1.7285,456,210.7,20.8,0.0125,,
1.7370,457,211.3,20.8,0.0140,,
1.7455,458,211.5,20.8,0.0140,,
1.7535,459,212.0,20.8,0.0115,,
1.7620,460,212.8,20.8,0.0120,,
1.7705,461,213.0,20.8,0.0120,,
1.7780,462,213.5,20.8,0.0125,,
1.7865,463,213.6,20.8,0.0140,,
1.7950,464,214.0,20.8,0.0140,,
1.8035,465,214.7,20.8,0.0120,,
1.8115,466,215.0,20.8,0.0115,,
1.8200,467,215.2,20.8,0.0120,,
1.8275,468,215.5,20.8,0.0125,,
1.8360,469,216.1,20.8,0.0140,,
1.8445,470,216.7,20.8,0.0140,,
1.8530,471,217.0,20.8,0.0120,,
1.8615,472,217.1,20.8,0.0120,,
1.8700,473,217.8,20.8,0.0120,,
1.8775,474,218.0,20.8,0.0125,,
1.8855,475,218.6,20.8,0.0135,,
1.8940,476,218.8,20.8,0.0140,,
1.9025,477,218.9,20.8,0.0120,,
1.9110,478,219.6,20.8,0.0120,,
1.9195,479,220.0,20.8,0.0120,,
1.9270,480,220.3,20.8,0.0125,,
1.9355,481,220.4,20.8,0.0140,,
1.9440,482,220.6,20.8,0.0140,,
1.9520,483,221.2,20.8,0.0115,,
1.9605,484,221.4,20.8,0.0120,,
1.9690,485,221.5,20.8,0.0120,,
1.9765,486,221.9,20.8,0.0125,,
1.9850,487,222.1,20.8,0.0140,,
1.9935,488,222.8,20.8,0.0140,,
2.0020,489,223.0,20.8,0.0120,,
2.0100,490,223.0,20.8,0.0115,,
2.0185,491,223.4,20.8,0.0120,,
2.0270,492,223.5,20.8,0.0140,,
2.0345,493,224.1,20.8,0.0125,,
2.0430,494,224.4,20.8,0.0140,,
2.0515,495,224.4,20.8,0.0120,,
2.0600,496,224.8,20.8,0.0120,,
2.0685,497,225.4,20.8,0.0120,,
2.0765,498,225.4,20.8,0.0135,,
2.0840,499,225.7,20.8,0.0125,,
2.0925,500,225.6,20.8,0.0140,,
2.1010,501,226.2,20.8,0.0120,,
2.1095,502,226.6,20.8,0.0120,,
2.1180,503,226.5,20.8,0.0120,,
2.1265,504,226.9,20.8,0.0140,,
2.1340,505,226.9,20.8,0.0125,,
2.1425,506,227.4,20.8,0.0140,,
2.1505,507,227.8,20.8,0.0115,,
2.1590,508,227.7,20.8,0.0120,,
2.1675,509,227.9,20.8,0.0120,,
2.1750,510,228.1,20.8,0.0125,,
2.1835,511,228.6,20.8,0.0140,,
2.1920,512,228.8,20.8,0.0140,,
2.2005,513,228.7,20.8,0.0120,,
2.2090,514,229.1,20.8,0.0120,,
2.2170,515,229.7,20.8,0.0115,,
2.2255,516,229.8,20.8,0.0140,,
2.2330,517,230.1,20.8,0.0125,,
2.2415,518,230.0,20.8,0.0140,,
2.2500,519,230.3,20.8,0.0120,,
2.2585,520,230.8,20.8,0.0120,,
2.2670,521,230.7,20.8,0.0120,,
2.2750,522,231.1,20.8,0.0135,,
2.2830,523,231.0,20.8,0.0135,,
2.2910,524,231.1,20.8,0.0135,,
2.2995,525,231.7,20.8,0.0120,,
2.3080,526,231.8,20.8,0.0120,,
2.3165,527,231.7,20.8,0.0120,,
2.3250,528,232.2,20.8,0.0120,,
2.3325,529,232.2,20.8,0.0125,,
2.3410,530,232.8,20.8,0.0140,,
2.3490,531,232.8,20.8,0.0115,,
2.3575,532,232.7,20.8,0.0120,,
2.3660,533,233.2,20.8,0.0120,,
2.3745,534,233.6,20.8,0.0120,,
2.3820,535,233.8,20.8,0.0125,,
2.3900,536,233.8,20.8,0.0135,,
2.3975,537,233.8,20.8,0.0125,,
2.4030,538,234.2,20.8,0.0080,,
2.4080,539,234.5,20.8,0.0070,,
2.4100,540,234.2,20.8,0.0030,,
2.4110,541,234.5,20.8,0.0015,,
2.4120,542,234.3,20.8,0.0015,,
2.4125,543,234.5,20.8,0.0010,,
2.4130,544,234.7,20.8,0.0005,,
2.4135,545,234.4,20.8,0.0005,,
2.4145,546,234.3,20.8,0.0015,,
2.4150,547,234.3,20.8,0.0010,,
2.4160,548,234.6,20.8,0.0015,,
2.4165,549,234.8,20.8,0.0010,,
2.4175,550,234.4,20.8,0.0015,,
2.4185,551,234.3,20.8,0.0015,,
2.4190,552,234.7,20.8,0.0005,,
2.4195,553,234.6,20.8,0.0010,,
2.4200,554,234.7,20.8,0.0010,,
2.4210,555,234.4,20.8,0.0015,,
2.4215,556,234.5,20.8,0.0005,,
2.4215,557,234.8,20.8,0.0000,,
2.4225,558,234.6,20.8,0.0015,,
2.4235,559,234.4,20.8,0.0015,,
2.4250,560,234.7,20.8,0.0025,,
2.4265,561,234.6,20.8,0.0025,,
2.4270,562,235.0,20.8,0.0010,,
Scope 1/1, Sample 39/60 (T2_21)
Result,TitrationEP1
V,t,E,T,dV/dt,E acc. stat.,Volume acc. stat.
0.0000,0,-70.9,20.7,NaN,,
0.0005,1,-71.0,20.7,0.0005,,
0.0025,2,-70.8,20.7,0.0020,,
0.0050,3,-71.2,20.7,0.0025,,
0.0090,4,-71.1,20.7,0.0035,,
0.0150,5,-70.4,20.7,0.0055,,
0.0235,6,-70.0,20.7,0.0075,,
0.0310,7,-69.0,20.7,0.0075,,
0.0395,8,-68.3,20.7,0.0085,,
0.0480,9,-66.9,20.7,0.0075,,
0.0565,10,-65.2,20.7,0.0075,,
0.0650,11,-63.9,20.7,0.0075,,
0.0730,12,-62.5,20.7,0.0075,,
0.0810,13,-60.9,20.7,0.0080,,
0.0890,14,-59.2,20.7,0.0080,,
0.0975,15,-57.1,20.7,0.0075,,
0.1060,16,-55.4,20.7,0.0075,,
0.1145,17,-53.4,20.7,0.0075,,
0.1230,18,-51.0,20.7,0.0075,,
0.1305,19,-49.2,20.7,0.0075,,
0.1390,20,-46.6,20.7,0.0085,,
0.1470,21,-44.3,20.7,0.0080,,
0.1555,22,-42.0,20.7,0.0075,,
0.1640,23,-39.3,20.7,0.0075,,
0.1725,24,-36.4,20.7,0.0075,,
0.1810,25,-34.2,20.7,0.0085,,
0.1885,26,-31.5,20.7,0.0075,,
0.1970,27,-29.3,20.7,0.0085,,
0.2050,28,-26.6,20.7,0.0075,,
0.2135,29,-24.2,20.7,0.0075,,
0.2220,30,-22.4,20.7,0.0075,,
0.2305,31,-20.5,20.7,0.0085,,
0.2380,32,-18.9,20.7,0.0075,,
0.2465,33,-17.0,20.7,0.0085,,
0.2550,34,-15.3,20.7,0.0075,,
0.2630,35,-14.0,20.7,0.0075,,
0.2715,36,-12.8,20.7,0.0075,,
0.2800,37,-11.2,20.7,0.0075,,
0.2875,38,-10.2,20.7,0.0075,,
0.2960,39,-8.8,20.7,0.0085,,
0.3045,40,-8.0,20.7,0.0075,,
0.3130,41,-6.9,20.7,0.0075,,
0.3215,42,-5.5,20.7,0.0075,,
0.3295,43,-4.3,20.7,0.0075,,
0.3375,44,-3.2,20.7,0.0080,,
0.3455,45,-2.5,20.7,0.0080,,
0.3540,46,-1.8,20.7,0.0075,,
0.3625,47,-0.4,20.7,0.0075,,
0.3710,48,0.4,20.7,0.0075,,
0.3795,49,0.9,20.7,0.0075,,
0.3870,50,1.8,20.7,0.0075,,
0.3955,51,2.7,20.7,0.0085,,
0.4035,52,3.9,20.7,0.0080,,
0.4120,53,4.7,20.7,0.0075,,
0.4205,54,5.3,20.7,0.0075,,
0.4290,55,6.4,20.7,0.0075,,
0.4365,56,6.9,20.7,0.0075,,
0.4450,57,8.0,20.7,0.0085,,
0.4535,58,8.7,20.7,0.0085,,
0.4615,59,9.2,20.7,0.0075,,
0.4700,60,10.2,20.7,0.0075,,
0.4785,61,11.2,20.7,0.0075,,
0.4860,62,11.9,20.7,0.0075,,
0.4945,63,12.7,20.7,0.0085,,
0.5030,64,13.1,20.7,0.0085,,
0.5115,65,14.1,20.7,0.0075,,
0.5200,66,15.1,20.7,0.0075,,
0.5280,67,15.5,20.7,0.0075,,
0.5355,68,16.4,20.7,0.0075,,
0.5440,69,16.9,20.7,0.0085,,
0.5525,70,17.9,20.7,0.0085,,
0.5610,71,18.9,20.7,0.0075,,
0.5695,72,19.4,20.7,0.0075,,
0.5780,73,20.1,20.7,0.0075,,
0.5855,74,20.8,20.7,0.0075,,
0.5940,75,21.8,20.7,0.0085,,
0.6020,76,22.9,20.7,0.0080,,
0.6105,77,23.5,20.7,0.0075,,
0.6190,78,24.0,20.7,0.0075,,
0.6275,79,25.1,20.7,0.0075,,
0.6360,80,25.9,20.7,0.0075,,
0.6435,81,26.5,20.7,0.0075,,
0.6520,82,27.2,20.7,0.0085,,
0.6600,83,27.8,20.7,0.0075,,
0.6685,84,28.9,20.7,0.0075,,
0.6770,85,29.8,20.7,0.0075,,
0.6855,86,30.3,20.7,0.0075,,
0.6930,87,31.2,20.7,0.0075,,
0.7015,88,32.0,20.7,0.0085,,
0.7100,89,33.1,20.7,0.0085,,
0.7180,90,34.1,20.7,0.0075,,
0.7265,91,34.6,20.7,0.0075,,
0.7350,92,35.5,20.7,0.0075,,
0.7425,93,36.2,20.7,0.0075,,
0.7510,94,37.3,20.7,0.0085,,
0.7595,95,38.3,20.7,0.0085,,
0.7680,96,38.7,20.7,0.0075,,
0.7760,97,39.7,20.7,0.0075,,
0.7845,98,40.9,20.7,0.0075,,
0.7920,99,41.5,20.7,0.0075,,
0.8005,100,42.6,20.7,0.0085,,
0.8090,101,43.2,20.7,0.0085,,
0.8175,102,44.2,20.7,0.0075,,
0.8260,103,45.5,20.7,0.0075,,
0.8345,104,46.3,20.7,0.0075,,
0.8425,105,47.3,20.7,0.0080,,
0.8500,106,47.9,20.7,0.0075,,
0.8585,107,49.0,20.7,0.0085,,
0.8670,108,50.3,20.7,0.0075,,
0.8755,109,51.0,20.7,0.0075,,
0.8840,110,51.9,20.7,0.0075,,
0.8915,111,52.9,20.7,0.0075,,
0.9000,112,53.8,20.7,0.0085,,
0.9085,113,55.2,20.7,0.0085,,
0.9165,114,56.1,20.7,0.0075,,
0.9250,115,56.9,20.7,0.0075,,
0.9335,116,58.3,20.7,0.0075,,
0.9410,117,59.1,20.7,0.0075,,
0.9495,118,60.5,20.7,0.0085,,
0.9580,119,61.3,20.7,0.0085,,
0.9665,120,62.3,20.7,0.0075,,
0.9750,121,63.7,20.7,0.0075,,
0.9830,122,65.0,20.7,0.0075,,
0.9915,123,66.2,20.7,0.0085,,
0.9990,124,67.2,20.7,0.0075,,
1.0075,125,68.3,20.7,0.0075,,
1.0160,126,69.9,20.7,0.0075,,
1.0245,127,71.1,20.7,0.0075,,
1.0330,128,72.2,20.7,0.0075,,
1.0410,129,73.4,20.7,0.0080,,
1.0490,130,74.6,20.7,0.0080,,
1.0570,131,76.3,20.7,0.0080,,
1.0655,132,77.7,20.7,0.0075,,
1.0740,133,78.7,20.7,0.0075,,
1.0825,134,80.1,20.7,0.0075,,
1.0910,135,81.8,20.7,0.0075,,
1.0985,136,83.1,20.7,0.0075,,
1.1070,137,84.7,20.7,0.0085,,
1.1150,138,86.0,20.8,0.0080,,
1.1235,139,87.6,20.8,0.0075,,
1.1320,140,89.6,20.7,0.0075,,
1.1405,141,91.2,20.7,0.0075,,
1.1480,142,92.9,20.7,0.0075,,
1.1565,143,94.4,20.8,0.0085,,
1.1650,144,96.3,20.8,0.0085,,
1.1730,145,98.7,20.8,0.0075,,
1.1815,146,100.4,20.8,0.0075,,
1.1900,147,102.3,20.8,0.0075,,
1.1975,148,104.4,20.8,0.0075,,
1.2060,149,106.5,20.8,0.0085,,
1.2145,150,109.5,20.8,0.0085,,
1.2230,151,112.1,20.8,0.0075,,
1.2310,152,114.7,20.8,0.0075,,
1.2395,153,117.6,20.8,0.0075,,
1.2480,154,120.7,20.8,0.0075,,
1.2555,155,123.6,20.7,0.0075,,
1.2640,156,127.2,20.7,0.0085,,
1.2725,157,130.5,20.7,0.0075,,
1.2810,158,134.2,20.8,0.0075,,
1.2890,159,138.1,20.8,0.0075,,
1.2975,160,141.8,20.8,0.0075,,
1.3050,161,145.2,20.8,0.0075,,
1.3135,162,148.6,20.8,0.0085,,
1.3220,163,152.3,20.8,0.0075,,
1.3305,164,155.9,20.8,0.0075,,
1.3390,165,158.8,20.8,0.0075,,
1.3470,166,161.5,20.8,0.0075,,
1.3550,167,164.1,20.8,0.0080,,
1.3630,168,166.8,20.8,0.0080,,
1.3715,169,169.5,20.8,0.0085,,
1.3800,170,171.2,20.8,0.0075,,
1.3885,171,173.1,20.8,0.0075,,
1.3970,172,175.3,20.8,0.0075,,
1.4045,173,176.8,20.8,0.0075,,
1.4130,174,178.8,20.8,0.0085,,
1.4215,175,180.0,20.8,0.0085,,
1.4295,176,181.5,20.8,0.0075,,
1.4380,177,183.2,20.8,0.0075,,
1.4465,178,184.6,20.8,0.0075,,
1.4500,178,185.0,20.8,0.0070,,
1.4500,419,186.3,20.8,0.0000,,
1.4505,420,186.6,20.8,0.0010,,
1.4520,421,186.6,20.8,0.0025,,
1.4545,422,186.5,20.8,0.0040,,
1.4585,423,186.9,20.8,0.0055,,
1.4650,424,187.9,20.8,0.0095,,
1.4730,425,188.7,20.8,0.0115,,
1.4805,426,189.9,20.8,0.0125,,
1.4890,427,190.6,20.8,0.0140,,
1.4975,428,191.8,20.8,0.0140,,
1.5060,429,193.1,20.8,0.0120,,
1.5145,430,193.9,20.8,0.0120,,
1.5230,431,194.4,20.8,0.0120,,
1.5305,432,195.4,20.8,0.0125,,
1.5390,433,196.3,20.8,0.0140,,
1.5470,434,197.5,20.8,0.0135,,
1.5555,435,197.9,20.8,0.0120,,
1.5640,436,198.5,20.8,0.0120,,
1.5725,437,199.4,20.8,0.0120,,
1.5810,438,200.3,20.8,0.0120,,
1.5885,439,200.9,20.8,0.0125,,
1.5965,440,201.5,20.8,0.0135,,
1.6050,441,201.9,20.8,0.0120,,
1.6135,442,202.9,20.8,0.0120,,
1.6220,443,203.7,20.8,0.0120,,
1.6305,444,204.1,20.8,0.0120,,
1.6380,445,204.8,20.8,0.0125,,
1.6465,446,205.2,20.8,0.0140,,
1.6550,447,206.1,20.8,0.0120,,
1.6630,448,206.7,20.8,0.0115,,
1.6715,449,206.9,20.8,0.0120,,
1.6800,450,207.6,20.8,0.0120,,
1.6875,451,207.8,20.8,0.0125,,
1.6960,452,208.7,20.8,0.0140,,
1.7045,453,209.3,20.8,0.0120,,
1.7130,454,209.4,20.8,0.0120,,
1.7215,455,210.0,20.8,0.0120,,
1.7295,456,210.4,20.8,0.0135,,
1.7375,457,211.1,20.8,0.0135,,
1.7455,458,211.6,20.8,0.0135,,
1.7540,459,211.6,20.8,0.0120,,
1.7625,460,212.4,20.8,0.0120,,
1.7710,461,212.9,20.8,0.0120,,
1.7795,462,213.3,20.8,0.0140,,
1.7870,463,213.8,20.8,0.0125,,
1.7955,464,213.9,20.8,0.0140,,
1.8035,465,214.5,20.8,0.0115,,
1.8120,466,215.1,20.8,0.0120,,
1.8205,467,215.2,20.8,0.0120,,
1.8290,468,215.6,20.8,0.0140,,
1.8365,469,215.7,20.8,0.0125,,
1.8450,470,216.5,20.8,0.0140,,
1.8535,471,216.9,20.8,0.0120,,
1.8615,472,216.9,20.8,0.0115,,
1.8700,473,217.2,20.8,0.0120,,
1.8785,474,217.9,20.8,0.0120,,
1.8860,475,218.1,20.8,0.0125,,
1.8945,476,218.7,20.8,0.0140,,
1.9030,477,218.7,20.8,0.0120,,
1.9115,478,219.0,20.8,0.0120,,
1.9200,479,219.7,20.8,0.0120,,
1.9280,480,219.9,20.8,0.0115,,
1.9360,481,220.3,20.8,0.0135,,
1.9440,482,220.3,20.8,0.0135,,
1.9525,483,220.6,20.8,0.0140,,
1.9610,484,221.3,20.8,0.0120,,
1.9695,485,221.5,20.8,0.0120,,
1.9780,486,221.6,20.8,0.0120,,
1.9855,487,222.0,20.8,0.0125,,
1.9940,488,222.2,20.8,0.0140,,
2.0020,489,222.9,20.8,0.0135,,
2.0105,490,223.1,20.8,0.0120,,
2.0190,491,223.1,20.8,0.0120,,
2.0275,492,223.6,20.8,0.0120,,
2.0350,493,223.7,20.8,0.0125,,
2.0435,494,224.3,20.8,0.0140,,
2.0520,495,224.6,20.8,0.0140,,
2.0600,496,224.5,20.8,0.0115,,
2.0685,497,224.9,20.8,0.0120,,
2.0770,498,225.4,20.8,0.0120,,
2.0845,499,225.7,20.8,0.0125,,
2.0930,500,225.8,20.8,0.0140,,
2.1015,501,225.9,20.8,0.0140,,
2.1100,502,226.3,20.8,0.0120,,
2.1185,503,226.7,20.8,0.0120,,
2.1265,504,226.7,20.8,0.0115,,
2.1345,505,227.0,20.8,0.0135,,
2.1425,506,226.9,20.8,0.0135,,
2.1510,507,227.3,20.8,0.0140,,
2.1595,508,227.8,20.8,0.0120,,
2.1680,509,227.7,20.8,0.0120,,
2.1765,510,227.9,20.8,0.0120,,
2.1845,511,228.1,20.8,0.0135,,
2.1925,512,228.6,20.8,0.0135,,
2.2005,513,228.9,20.8,0.0135,,
2.2090,514,228.8,20.8,0.0120,,
2.2175,515,229.2,20.8,0.0120,,
2.2260,516,229.7,20.8,0.0120,,
2.2345,517,229.7,20.8,0.0140,,
2.2420,518,230.0,20.8,0.0125,,
2.2505,519,230.0,20.8,0.0140,,
2.2585,520,230.2,20.8,0.0115,,
2.2670,521,230.7,20.8,0.0120,,
2.2755,522,230.8,20.8,0.0120,,
2.2840,523,231.1,20.8,0.0140,,
2.2915,524,231.1,20.8,0.0125,,
2.3000,525,231.2,20.8,0.0140,,
2.3085,526,231.8,20.8,0.0120,,
2.3170,527,231.8,20.8,0.0120,,
2.3250,528,231.8,20.8,0.0115,,
2.3335,529,231.9,20.8,0.0140,,
2.3410,530,232.4,20.8,0.0125,,
2.3495,531,232.9,20.8,0.0140,,
2.3580,532,232.7,20.8,0.0120,,
2.3665,533,232.8,20.8,0.0120,,
2.3750,534,233.4,20.8,0.0120,,
2.3835,535,233.3,20.8,0.0140,,
2.3905,536,233.8,20.8,0.0115,,
2.3985,537,233.7,20.8,0.0135,,
2.4040,538,233.7,20.8,0.0080,,
2.4090,539,234.2,20.8,0.0070,,
2.4145,540,234.3,20.8,0.0080,,
2.4165,541,234.0,20.8,0.0030,,
2.4175,542,234.2,20.8,0.0015,,
2.4180,543,234.0,20.8,0.0010,,
2.4190,544,234.3,20.8,0.0015,,
2.4195,545,234.4,20.8,0.0005,,
2.4200,546,234.1,20.8,0.0005,,
2.4210,547,234.3,20.8,0.0015,,
2.4225,548,234.2,20.8,0.0025,,
2.4235,549,234.6,20.8,0.0015,,
2.4245,550,234.5,20.8,0.0015,,
2.4250,551,234.2,20.8,0.0005,,
2.4260,552,234.4,20.8,0.0015,,
2.4265,553,234.7,20.8,0.0005,,
2.4270,554,234.6,20.8,0.0010,,
2.4275,555,234.5,20.8,0.0010,,
2.4280,556,234.2,20.8,0.0005,,
2.4285,557,234.5,20.8,0.0005,,
2.4290,558,234.7,20.8,0.0005,,
2.4300,559,234.5,20.8,0.0015,,
2.4310,560,234.8,20.8,0.0015,,
2.4315,561,234.4,20.8,0.0010,,
2.4325,562,234.5,20.8,0.0015,,
2.4330,563,234.9,20.8,0.0005,,
2.4335,564,234.6,20.8,0.0005,,
2.4345,565,234.5,20.8,0.0015,,
2.4350,566,234.5,20.8,0.0010,,
2.4355,567,234.6,20.8,0.0010,,
2.4360,568,234.9,20.8,0.0010,,
2.4365,569,234.6,20.8,0.0005,,
2.4375,569,235.0,20.8,0.0050,,
Scope 1/1, Sample 40/60 (T3_21)
Result,TitrationEP1
V,t,E,T,dV/dt,E acc. stat.,Volume acc. stat.
0.0000,0,-70.5,20.7,NaN,,
0.0010,1,-70.4,20.7,0.0010,,
0.0025,2,-70.2,20.7,0.0015,,
0.0050,3,-70.6,20.7,0.0020,,
0.0090,4,-70.4,20.7,0.0035,,
0.0150,5,-70.5,20.7,0.0055,,
0.0230,6,-69.6,20.7,0.0075,,
0.0315,7,-68.6,20.7,0.0075,,
0.0400,8,-68.0,20.7,0.0075,,
0.0485,9,-66.6,20.7,0.0075,,
0.0565,10,-65.0,20.7,0.0065,,
0.0645,11,-63.8,20.7,0.0075,,
0.0725,12,-62.2,20.7,0.0075,,
0.0810,13,-60.9,20.7,0.0075,,
0.0895,14,-59.1,20.7,0.0075,,
0.0980,15,-57.0,20.7,0.0070,,
0.1065,16,-55.4,20.7,0.0075,,
0.1140,17,-53.5,20.7,0.0070,,
0.1225,18,-51.8,20.7,0.0075,,
0.1310,19,-49.4,20.7,0.0075,,
0.1390,20,-46.9,20.7,0.0075,,
0.1475,21,-44.9,20.7,0.0070,,
0.1560,22,-42.4,20.7,0.0075,,
0.1635,23,-40.3,20.7,0.0070,,
0.1720,24,-37.4,20.7,0.0075,,
0.1805,25,-34.7,20.7,0.0075,,
0.1890,26,-32.6,20.7,0.0075,,
0.1970,27,-30.1,20.7,0.0065,,
0.2055,28,-28.0,20.7,0.0075,,
0.2130,29,-25.6,20.7,0.0070,,
0.2215,30,-23.4,20.7,0.0075,,
0.2300,31,-21.9,20.7,0.0075,,
0.2385,32,-20.1,20.7,0.0075,,
0.2470,33,-18.2,20.7,0.0070,,
0.2555,34,-16.8,20.7,0.0070,,
0.2630,35,-15.4,20.7,0.0070,,
0.2710,36,-14.4,20.7,0.0075,,
0.2795,37,-13.0,20.7,0.0075,,
0.2880,38,-11.4,20.7,0.0075,,
0.2965,39,-10.4,20.7,0.0070,,
0.3050,40,-9.5,20.7,0.0070,,
0.3125,41,-8.5,20.7,0.0070,,
0.3210,42,-7.4,20.7,0.0075,,
0.3290,43,-6.1,20.7,0.0075,,
0.3375,44,-5.0,20.7,0.0075,,
0.3460,45,-4.2,20.7,0.0075,,
0.3545,46,-3.0,20.7,0.0070,,
0.3620,47,-2.5,20.7,0.0070,,
0.3705,48,-1.3,20.7,0.0075,,
0.3790,49,-0.7,20.7,0.0075,,
0.3875,50,-0.1,20.7,0.0075,,
0.3955,51,0.9,20.7,0.0075,,
0.4040,52,2.1,20.7,0.0070,,
0.4115,53,2.9,20.7,0.0070,,
0.4200,54,3.6,20.7,0.0075,,
0.4285,55,4.1,20.7,0.0075,,
0.4370,56,5.4,20.7,0.0075,,
0.4455,57,6.3,20.7,0.0075,,
0.4535,58,6.7,20.7,0.0065,,
0.4615,59,7.5,20.7,0.0075,,
0.4695,60,8.0,20.7,0.0075,,
0.4780,61,9.2,20.7,0.0075,,
0.4865,62,10.0,20.7,0.0075,,
0.4950,63,10.5,20.7,0.0075,,
0.5035,64,11.4,20.7,0.0070,,
0.5110,65,11.9,20.7,0.0070,,
0.5195,66,13.0,20.7,0.0075,,
0.5280,67,14.0,20.7,0.0075,,
0.5360,68,14.3,20.7,0.0075,,
0.5445,69,15.1,20.7,0.0075,,
0.5530,70,16.3,20.7,0.0070,,
0.5605,71,16.8,20.7,0.0070,,
0.5690,72,17.7,20.7,0.0075,,
0.5775,73,17.9,20.7,0.0075,,
0.5860,74,18.8,20.7,0.0075,,
0.5945,75,19.9,20.7,0.0075,,
0.6025,76,20.3,20.7,0.0065,,
0.6105,77,21.2,20.7,0.0075,,
0.6185,78,21.8,20.7,0.0075,,
0.6270,79,22.7,20.7,0.0075,,
0.6355,80,23.7,20.7,0.0075,,
0.6440,81,24.1,20.7,0.0075,,
0.6525,82,24.9,20.7,0.0070,,
0.6600,83,25.5,20.7,0.0070,,
0.6685,84,26.5,20.7,0.0075,,
0.6765,85,27.5,20.7,0.0075,,
0.6850,86,28.0,20.7,0.0075,,
0.6935,87,28.8,20.7,0.0075,,
0.7020,88,30.0,20.7,0.0070,,
0.7095,89,30.6,20.7,0.0070,,
0.7180,90,31.6,20.7,0.0075,,
0.7265,91,32.0,20.7,0.0075,,
0.7345,92,32.9,20.7,0.0075,,
0.7430,93,34.2,20.7,0.0075,,
0.7515,94,34.9,20.7,0.0070,,
0.7600,95,35.7,20.7,0.0075,,
0.7675,96,36.2,20.7,0.0070,,
0.7760,97,37.1,20.7,0.0075,,
0.7845,98,38.4,20.7,0.0075,,
0.7930,99,39.0,20.7,0.0075,,
0.8010,100,39.7,20.7,0.0065,,
0.8095,101,40.5,20.7,0.0075,,
0.8170,102,41.5,20.7,0.0070,,
0.8255,103,42.8,20.7,0.0075,,
0.8340,104,43.8,20.7,0.0075,,
0.8425,105,44.4,20.7,0.0075,,
0.8505,106,45.5,20.7,0.0075,,
0.8590,107,46.7,20.7,0.0070,,
0.8665,108,47.6,20.7,0.0070,,
0.8750,109,48.4,20.7,0.0075,,
0.8835,110,49.0,20.7,0.0075,,
0.8920,111,50.4,20.7,0.0075,,
0.9005,112,51.5,20.7,0.0070,,
0.9090,113,52.4,20.7,0.0075,,
0.9165,114,53.3,20.7,0.0070,,
0.9250,115,54.0,20.7,0.0075,,
0.9330,116,55.5,20.7,0.0075,,
0.9415,117,56.6,20.7,0.0075,,
0.9500,118,57.4,20.7,0.0075,,
0.9585,119,58.5,20.7,0.0070,,
0.9660,120,59.4,20.7,0.0070,,
0.9745,121,60.9,20.7,0.0075,,
0.9830,122,62.1,20.7,0.0075,,
0.9910,123,62.9,20.7,0.0075,,
0.9995,124,64.3,20.7,0.0075,,
1.0080,125,65.9,20.7,0.0070,,
1.0155,126,66.8,20.8,0.0070,,
1.0240,127,68.1,20.7,0.0075,,
1.0325,128,68.9,20.8,0.0075,,
1.0410,129,70.3,20.7,0.0075,,
1.0495,130,72.0,20.7,0.0075,,
1.0575,131,73.0,20.7,0.0065,,
1.0655,132,74.4,20.7,0.0075,,
1.0735,133,75.5,20.7,0.0075,,
1.0820,134,77.1,20.7,0.0075,,
1.0905,135,78.6,20.8,0.0075,,
1.0990,136,79.7,20.7,0.0070,,
1.1075,137,81.3,20.8,0.0075,,
1.1150,138,82.7,20.7,0.0070,,
1.1235,139,84.6,20.7,0.0075,,
1.1315,140,86.5,20.8,0.0075,,
1.1400,141,87.8,20.8,0.0075,,
1.1485,142,89.5,20.7,0.0075,,
1.1570,143,91.7,20.8,0.0070,,
1.1645,144,93.2,20.8,0.0070,,
1.1730,145,95.3,20.8,0.0075,,
1.1815,146,97.0,20.8,0.0075,,
1.1900,147,99.1,20.8,0.0075,,
1.1980,148,101.5,20.8,0.0075,,
1.2065,149,103.6,20.8,0.0070,,
1.2140,150,105.9,20.8,0.0070,,
1.2225,151,108.2,20.8,0.0075,,
1.2310,152,110.7,20.8,0.0075,,
1.2395,153,113.9,20.8,0.0075,,
1.2480,154,117.1,20.8,0.0075,,
1.2560,155,120.1,20.8,0.0065,,
1.2645,156,123.3,20.8,0.0075,,
1.2720,157,126.6,20.8,0.0070,,
1.2805,158,130.4,20.8,0.0075,,
1.2890,159,134.3,20.8,0.0075,,
1.2975,160,138.0,20.8,0.0075,,
1.3060,161,141.8,20.8,0.0070,,
1.3140,162,145.1,20.8,0.0075,,
1.3220,163,149.5,20.8,0.0075,,
1.3300,164,153.4,20.8,0.0075,,
1.3385,165,156.4,20.8,0.0075,,
1.3470,166,159.5,20.8,0.0075,,
1.3555,167,162.7,20.8,0.0070,,
1.3640,168,165.0,20.8,0.0075,,
1.3715,169,167.5,20.8,0.0070,,
1.3800,170,169.7,20.8,0.0075,,
1.3880,171,172.0,20.8,0.0075,,
1.3965,172,174.2,20.8,0.0075,,
1.4050,173,175.8,20.8,0.0075,,
1.4135,174,177.5,20.8,0.0070,,
1.4210,175,178.9,20.8,0.0070,,
1.4295,176,180.7,20.8,0.0075,,
1.4380,177,182.5,20.8,0.0075,,
1.4465,178,183.5,20.8,0.0075,,
1.4560,179,185.0,20.8,0.0070,,
1.4560,419,187.1,20.8,0.0000,,
1.4565,420,186.9,20.8,0.0005,,
1.4580,421,186.6,20.8,0.0010,,
1.4605,422,187.1,20.8,0.0020,,
1.4645,424,187.7,20.8,0.0025,,
1.4710,424,187.8,20.8,0.0130,,
1.4790,426,188.8,20.8,0.0055,,
1.4865,426,189.6,20.8,0.0185,,
1.4950,427,191.0,20.8,0.0060,,
1.5035,428,192.3,20.8,0.0060,,
1.5120,430,192.9,20.8,0.0055,,
1.5205,430,193.6,20.8,0.0170,,
1.5290,432,194.9,20.8,0.0055,,
1.5365,432,195.6,20.8,0.0185,,
1.5445,433,196.7,20.8,0.0055,,
1.5530,434,197.0,20.8,0.0060,,
1.5615,436,197.9,20.8,0.0055,,
1.5700,436,199.0,20.8,0.0170,,
1.5785,438,199.6,20.8,0.0055,,
1.5870,438,200.3,20.8,0.0210,,
1.5945,439,200.7,20.8,0.0055,,
1.6030,440,201.3,20.8,0.0060,,
1.6110,442,202.4,20.8,0.0055,,
1.6195,442,203.0,20.8,0.0170,,
1.6280,444,203.3,20.8,0.0055,,
1.6365,444,204.1,20.8,0.0210,,
1.6440,445,204.6,20.8,0.0055,,
1.6525,446,205.5,20.8,0.0060,,
1.6610,448,206.2,20.8,0.0055,,
1.6690,448,206.4,20.8,0.0160,,
1.6775,450,207.1,20.8,0.0055,,
1.6860,450,207.5,20.8,0.0210,,
1.6935,451,208.3,20.8,0.0055,,
1.7020,452,208.7,20.8,0.0060,,
1.7105,453,208.9,20.8,0.0060,,
1.7190,454,209.6,20.8,0.0055,,
1.7270,456,210.4,20.8,0.0055,,
1.7355,456,210.6,20.8,0.0170,,
1.7430,457,211.2,20.8,0.0055,,
1.7515,458,211.3,20.8,0.0060,,
1.7600,459,212.0,20.8,0.0060,,
1.7685,460,212.7,20.8,0.0055,,
1.7770,462,212.8,20.8,0.0055,,
1.7855,462,213.1,20.8,0.0170,,
1.7930,463,213.4,20.8,0.0055,,
1.8015,464,214.2,20.8,0.0060,,
1.8095,465,214.8,20.8,0.0055,,
1.8180,466,214.9,20.8,0.0055,,
1.8265,468,215.2,20.8,0.0055,,
1.8350,468,216.0,20.8,0.0170,,
1.8425,469,216.2,20.8,0.0055,,
1.8510,470,216.6,20.8,0.0060,,
1.8595,471,216.6,20.8,0.0060,,
1.8675,472,217.1,20.8,0.0055,,
1.8760,474,217.6,20.8,0.0055,,
1.8845,474,217.8,20.8,0.0170,,
1.8920,475,218.4,20.8,0.0055,,
1.9005,476,218.4,20.8,0.0060,,
1.9090,478,218.8,20.8,0.0055,,
1.9175,478,219.4,20.8,0.0170,,
1.9260,480,219.6,20.8,0.0055,,
1.9340,480,219.8,20.8,0.0160,,
1.9420,481,220.1,20.8,0.0055,,
1.9500,482,220.6,20.8,0.0055,,
1.9585,483,221.3,20.8,0.0060,,
1.9670,484,221.2,20.8,0.0055,,
1.9755,486,221.4,20.8,0.0055,,
1.9840,486,222.0,20.8,0.0170,,
1.9915,487,222.1,20.8,0.0055,,
2.0000,488,222.8,20.8,0.0060,,
2.0080,489,222.7,20.8,0.0055,,
2.0165,490,222.7,20.8,0.0055,,
2.0250,492,223.4,20.8,0.0055,,
2.0335,492,223.7,20.8,0.0170,,
2.0410,493,224.0,20.8,0.0055,,
2.0495,494,223.9,20.8,0.0060,,
2.0580,495,224.1,20.8,0.0060,,
2.0660,496,224.7,20.8,0.0055,,
2.0745,498,225.1,20.8,0.0055,,
2.0830,498,225.0,20.8,0.0170,,
2.0905,499,225.5,20.8,0.0055,,
2.0990,500,225.5,20.8,0.0060,,
2.1075,501,226.0,20.8,0.0060,,
2.1160,502,226.3,20.8,0.0055,,
2.1245,504,226.2,20.8,0.0055,,
2.1325,504,226.7,20.8,0.0160,,
2.1405,505,226.7,20.8,0.0055,,
2.1485,506,227.3,20.8,0.0055,,
2.1570,507,227.5,20.8,0.0060,,
2.1655,508,227.4,20.8,0.0055,,
2.1740,510,227.8,20.8,0.0055,,
2.1825,510,228.4,20.8,0.0170,,
2.1905,511,228.5,20.8,0.0055,,
2.1985,512,228.7,20.8,0.0055,,
2.2065,513,228.6,20.8,0.0055,,
2.2150,514,229.0,20.8,0.0055,,
2.2235,516,229.7,20.8,0.0055,,
2.2320,516,229.5,20.8,0.0170,,
2.2405,517,230.0,20.8,0.0060,,
2.2480,518,229.8,20.8,0.0055,,
2.2565,519,230.3,20.8,0.0060,,
2.2645,520,230.7,20.8,0.0055,,
2.2730,522,230.4,20.8,0.0055,,
2.2815,522,230.7,20.8,0.0170,,
2.2900,523,230.9,20.8,0.0060,,
2.2975,524,231.4,20.8,0.0055,,
2.3060,525,231.8,20.8,0.0060,,
2.3145,526,231.6,20.8,0.0055,,
2.3230,528,231.7,20.8,0.0055,,
2.3310,528,232.5,20.8,0.0160,,
2.3395,530,232.5,20.8,0.0055,,
2.3470,530,232.8,20.8,0.0185,,
2.3555,531,232.6,20.8,0.0060,,
2.3640,532,232.7,20.8,0.0055,,
2.3725,534,233.3,20.8,0.0055,,
2.3805,534,233.5,20.8,0.0160,,
2.3890,536,233.3,20.8,0.0055,,
2.3960,536,233.6,20.8,0.0175,,
2.4000,537,233.5,20.8,0.0030,,
2.4005,538,234.0,20.8,0.0005,,
2.4020,540,234.0,20.8,0.0010,,
2.4035,540,233.6,20.8,0.0030,,
2.4055,542,233.8,20.8,0.0015,,
2.4075,542,233.7,20.8,0.0050,,
2.4095,543,234.0,20.8,0.0015,,
2.4100,544,234.2,20.8,0.0005,,
2.4105,546,233.7,20.8,0.0005,,
2.4120,546,234.0,20.8,0.0030,,
2.4130,548,234.3,20.8,0.0005,,
2.4135,548,234.2,20.8,0.0010,,
2.4140,549,234.4,20.8,0.0005,,
2.4145,550,234.1,20.8,0.0005,,
2.4155,552,234.0,20.8,0.0005,,
2.4160,552,234.5,20.8,0.0010,,
2.4170,554,234.3,20.8,0.0005,,
2.4180,554,234.0,20.8,0.0020,,
2.4190,555,234.1,20.8,0.0005,,
2.4190,556,234.0,20.8,0.0000,,
2.4195,557,234.4,20.8,0.0005,,
2.4200,558,234.3,20.8,0.0005,,
2.4205,560,234.1,20.8,0.0005,,
2.4215,560,234.2,20.8,0.0020,,
2.4215,561,234.1,20.8,0.0000,,
2.4225,562,234.6,20.8,0.0005,,
2.4235,563,234.7,20.8,0.0005,,
2.4240,564,234.2,20.8,0.0005,,
2.4245,566,234.5,20.8,0.0005,,
2.4255,566,234.8,20.8,0.0020,,
2.4265,567,234.7,20.8,0.0005,,
2.4270,568,234.7,20.8,0.0005,,
2.4285,569,234.3,20.8,0.0010,,
2.4300,570,234.5,20.8,0.0010,,
2.4305,572,234.7,20.8,0.0005,,
2.4320,572,234.6,20.8,0.0030,,
2.4340,574,234.3,20.8,0.0015,,
2.4345,574,234.3,20.8,0.0010,,
2.4350,575,234.3,20.8,0.0005,,
2.4360,576,234.8,20.8,0.0005,,
2.4365,578,234.6,20.8,0.0005,,
2.4370,578,234.4,20.8,0.0010,,
2.4375,580,234.6,20.8,0.0005,,
2.4380,580,234.4,20.8,0.0010,,
2.4385,581,234.8,20.8,0.0005,,
2.4390,582,235.0,20.8,0.0005,,
Scope 1/1, Sample 41/60 (T4_21)
Result,TitrationEP1
V,t,E,T,dV/dt,E acc. stat.,Volume acc. stat.
0.0000,0,-70.5,20.7,NaN,,
0.0010,1,-70.8,20.7,0.0010,,
0.0025,2,-70.6,20.7,0.0015,,
0.0050,3,-70.8,20.7,0.0025,,
0.0090,4,-70.3,20.7,0.0035,,
0.0150,5,-70.1,20.7,0.0055,,
0.0235,6,-70.0,20.7,0.0075,,
0.0320,7,-68.9,20.7,0.0075,,
0.0405,8,-68.2,20.7,0.0085,,
0.0480,9,-66.8,20.7,0.0075,,
0.0565,10,-65.6,20.7,0.0075,,
0.0645,11,-64.6,20.7,0.0075,,
0.0730,12,-62.7,20.7,0.0075,,
0.0815,13,-60.9,20.7,0.0075,,
0.0900,14,-59.3,20.7,0.0085,,
0.0975,15,-57.8,20.7,0.0070,,
0.1060,16,-56.2,20.7,0.0075,,
0.1145,17,-53.9,20.7,0.0075,,
0.1230,18,-51.8,20.7,0.0075,,
0.1310,19,-50.2,20.7,0.0075,,
0.1395,20,-48.0,20.7,0.0085,,
0.1470,21,-45.8,20.7,0.0070,,
0.1555,22,-42.9,20.7,0.0075,,
0.1640,23,-40.8,20.7,0.0075,,
0.1725,24,-38.5,20.7,0.0075,,
0.1810,25,-35.7,20.7,0.0075,,
0.1895,26,-33.8,20.7,0.0085,,
0.1970,27,-30.8,20.7,0.0070,,
0.2055,28,-28.7,20.7,0.0075,,
0.2135,29,-26.8,20.7,0.0075,,
0.2220,30,-24.4,20.7,0.0075,,
0.2305,31,-22.5,20.7,0.0075,,
0.2380,32,-20.8,20.7,0.0075,,
0.2465,33,-19.2,20.7,0.0075,,
0.2550,34,-18.1,20.7,0.0075,,
0.2635,35,-16.2,20.7,0.0075,,
0.2715,36,-14.8,20.7,0.0075,,
0.2800,37,-13.9,20.7,0.0075,,
0.2885,38,-12.7,20.7,0.0075,,
0.2960,39,-11.7,20.7,0.0075,,
0.3045,40,-10.3,20.7,0.0075,,
0.3130,41,-9.0,20.7,0.0075,,
0.3215,42,-8.4,20.7,0.0075,,
0.3295,43,-7.3,20.7,0.0075,,
0.3380,44,-5.9,20.7,0.0075,,
0.3455,45,-5.3,20.7,0.0070,,
0.3540,46,-4.0,20.7,0.0075,,
0.3625,47,-3.6,20.7,0.0075,,
0.3710,48,-2.7,20.7,0.0075,,
0.3795,49,-1.4,20.7,0.0075,,
0.3880,50,-0.7,20.7,0.0075,,
0.3955,51,0.3,20.7,0.0075,,
0.4035,52,0.6,20.7,0.0075,,
0.4120,53,1.3,20.7,0.0075,,
0.4205,54,2.5,20.7,0.0075,,
0.4290,55,3.5,20.7,0.0075,,
0.4375,56,3.9,20.7,0.0075,,
0.4450,57,4.8,20.7,0.0075,,
0.4535,58,5.4,20.7,0.0075,,
0.4615,59,6.6,20.7,0.0075,,
0.4700,60,7.4,20.7,0.0075,,
0.4785,61,7.7,20.7,0.0075,,
0.4870,62,8.6,20.7,0.0075,,
0.4955,63,9.3,20.7,0.0085,,
0.5030,64,10.4,20.7,0.0075,,
0.5115,65,11.1,20.7,0.0075,,
0.5200,66,11.5,20.7,0.0075,,
0.5280,67,12.4,20.7,0.0075,,
0.5365,68,13.5,20.7,0.0075,,
0.5450,69,14.2,20.7,0.0085,,
0.5525,70,14.9,20.7,0.0070,,
0.5610,71,15.2,20.7,0.0075,,
0.5695,72,16.3,20.7,0.0075,,
0.5780,73,17.1,20.7,0.0075,,
0.5865,74,17.5,20.7,0.0075,,
0.5940,75,18.3,20.7,0.0075,,
0.6025,76,19.0,20.7,0.0075,,
0.6105,77,20.2,20.7,0.0075,,
0.6190,78,20.8,20.7,0.0075,,
0.6275,79,21.2,20.7,0.0075,,
0.6360,80,22.2,20.7,0.0075,,
0.6435,81,22.8,20.7,0.0075,,
0.6520,82,24.0,20.7,0.0075,,
0.6605,83,24.6,20.7,0.0075,,
0.6685,84,25.1,20.7,0.0075,,
0.6770,85,26.2,20.7,0.0075,,
0.6855,86,27.2,20.7,0.0075,,
0.6930,87,27.9,20.7,0.0075,,
0.7015,88,28.5,20.7,0.0075,,
0.7100,89,29.1,20.7,0.0075,,
0.7185,90,30.3,20.7,0.0075,,
0.7270,91,31.2,20.7,0.0075,,
0.7350,92,31.5,20.7,0.0075,,
0.7430,93,32.6,20.7,0.0080,,
0.7510,94,33.0,20.7,0.0075,,
0.7595,95,34.1,20.7,0.0075,,
0.7680,96,35.1,20.7,0.0075,,
0.7765,97,35.6,20.7,0.0075,,
0.7850,98,36.5,20.7,0.0075,,
0.7925,99,37.2,20.7,0.0075,,
0.8010,100,38.4,20.7,0.0075,,
0.8090,101,39.5,20.7,0.0075,,
0.8175,102,40.2,20.7,0.0075,,
0.8260,103,40.9,20.7,0.0075,,
0.8345,104,42.3,20.7,0.0075,,
0.8430,105,42.9,20.7,0.0085,,
0.8505,106,44.0,20.7,0.0070,,
0.8590,107,44.6,20.7,0.0075,,
0.8670,108,45.5,20.7,0.0075,,
0.8755,109,47.0,20.7,0.0075,,
0.8840,110,47.8,20.7,0.0075,,
0.8925,111,48.9,20.7,0.0085,,
0.9000,112,49.5,20.7,0.0075,,
0.9085,113,50.3,20.7,0.0075,,
0.9170,114,51.8,20.7,0.0075,,
0.9250,115,52.7,20.7,0.0075,,
0.9335,116,53.4,20.7,0.0075,,
0.9420,117,54.7,20.7,0.0075,,
0.9495,118,55.4,20.7,0.0075,,
0.9580,119,56.9,20.7,0.0075,,
0.9665,120,57.9,20.7,0.0075,,
0.9750,121,58.7,20.7,0.0075,,
0.9835,122,60.0,20.7,0.0075,,
0.9915,123,61.4,20.7,0.0075,,
0.9990,124,62.4,20.7,0.0075,,
1.0075,125,63.5,20.7,0.0075,,
1.0160,126,64.3,20.7,0.0075,,
1.0245,127,65.9,20.7,0.0075,,
1.0330,128,67.3,20.7,0.0075,,
1.0415,129,68.2,20.7,0.0075,,
1.0490,130,69.5,20.7,0.0075,,
1.0575,131,70.5,20.7,0.0075,,
1.0655,132,72.0,20.7,0.0075,,
1.0740,133,73.7,20.7,0.0075,,
1.0825,134,74.7,20.7,0.0075,,
1.0910,135,76.2,20.7,0.0075,,
1.0985,136,77.3,20.7,0.0075,,
1.1070,137,79.0,20.7,0.0075,,
1.1155,138,80.6,20.7,0.0075,,
1.1235,139,81.8,20.7,0.0075,,
1.1320,140,83.5,20.7,0.0075,,
1.1405,141,85.5,20.7,0.0075,,
1.1480,142,87.0,20.7,0.0075,,
1.1565,143,88.8,20.7,0.0075,,
1.1650,144,90.0,20.7,0.0075,,
1.1735,145,92.0,20.7,0.0075,,
1.1820,146,94.4,20.7,0.0075,,
1.1900,147,96.3,20.7,0.0075,,
1.1980,148,98.5,20.7,0.0080,,
1.2060,149,100.4,20.7,0.0075,,
1.2145,150,102.5,20.7,0.0075,,
1.2230,151,105.3,20.7,0.0075,,
1.2315,152,107.7,20.7,0.0075,,
1.2400,153,109.9,20.7,0.0075,,
1.2480,154,112.5,20.8,0.0080,,
1.2560,155,115.4,20.7,0.0080,,
1.2640,156,118.9,20.8,0.0075,,
1.2725,157,122.3,20.7,0.0075,,
1.2810,158,125.8,20.7,0.0075,,
1.2895,159,129.8,20.7,0.0075,,
1.2980,160,134.0,20.7,0.0075,,
1.3055,161,137.7,20.7,0.0075,,
1.3140,162,141.5,20.7,0.0075,,
1.3220,163,145.1,20.7,0.0075,,
1.3305,164,149.3,20.8,0.0075,,
1.3390,165,153.4,20.8,0.0075,,
1.3475,166,156.3,20.7,0.0075,,
1.3550,167,159.4,20.7,0.0075,,
1.3635,168,162.4,20.8,0.0075,,
1.3720,169,165.3,20.7,0.0075,,
1.3805,170,168.0,20.7,0.0075,,
1.3885,171,169.8,20.7,0.0075,,
1.3970,172,171.9,20.7,0.0075,,
1.4045,173,173.6,20.8,0.0075,,
1.4130,174,175.6,20.8,0.0075,,
1.4215,175,177.6,20.8,0.0075,,
1.4300,176,179.0,20.7,0.0075,,
1.4385,177,180.4,20.8,0.0075,,
1.4465,178,182.4,20.8,0.0075,,
1.4540,179,183.4,20.8,0.0075,,
1.4625,180,184.9,20.8,0.0075,,
1.4665,181,185.1,20.8,0.0065,,
1.4665,421,186.9,20.8,0.0000,,
1.4670,422,187.3,20.8,0.0010,,
1.4685,423,187.4,20.8,0.0025,,
1.4710,424,187.2,20.8,0.0035,,
1.4750,425,187.7,20.8,0.0055,,
1.4815,426,188.6,20.8,0.0095,,
1.4900,427,189.4,20.8,0.0140,,
1.4975,428,190.3,20.8,0.0125,,
1.5055,429,190.9,20.8,0.0135,,
1.5140,430,192.1,20.8,0.0140,,
1.5225,431,193.3,20.8,0.0120,,
1.5310,432,193.8,20.8,0.0120,,
1.5395,433,194.5,20.8,0.0120,,
1.5470,434,195.4,20.8,0.0125,,
1.5555,435,196.2,20.8,0.0140,,
1.5635,436,197.5,20.8,0.0135,,
1.5720,437,198.0,20.8,0.0120,,
1.5805,438,198.6,20.8,0.0120,,
1.5890,439,199.6,20.8,0.0120,,
1.5965,440,200.0,20.8,0.0125,,
1.6050,441,201.2,20.8,0.0140,,
1.6135,442,201.6,20.8,0.0140,,
1.6220,443,202.2,20.8,0.0120,,
1.6300,444,203.2,20.8,0.0115,,
1.6385,445,203.8,20.8,0.0120,,
1.6460,446,204.5,20.8,0.0125,,
1.6545,447,204.7,20.8,0.0140,,
1.6630,448,205.1,20.8,0.0140,,
1.6715,449,206.0,20.8,0.0120,,
1.6800,450,206.8,20.8,0.0120,,
1.6880,451,206.9,20.8,0.0115,,
1.6960,452,207.5,20.8,0.0135,,
1.7040,453,207.8,20.8,0.0135,,
1.7125,454,208.9,20.8,0.0140,,
1.7210,455,209.3,20.8,0.0120,,
1.7295,456,209.5,20.8,0.0120,,
1.7380,457,210.1,20.8,0.0120,,
1.7455,458,210.4,20.8,0.0125,,
1.7540,459,211.3,20.8,0.0140,,
1.7625,460,211.6,20.8,0.0140,,
1.7705,461,211.6,20.8,0.0115,,
1.7790,462,212.4,20.8,0.0120,,
1.7875,463,213.1,20.8,0.0120,,
1.7950,464,213.4,20.8,0.0125,,
1.8035,465,213.7,20.8,0.0140,,
1.8120,466,213.8,20.8,0.0140,,
1.8205,467,214.5,20.8,0.0120,,
1.8285,468,215.1,20.8,0.0115,,
1.8370,469,215.2,20.8,0.0120,,
1.8445,470,215.6,20.8,0.0125,,
1.8530,471,215.9,20.8,0.0140,,
1.8615,472,216.7,20.8,0.0140,,
1.8700,473,217.0,20.8,0.0120,,
1.8785,474,217.0,20.8,0.0120,,
1.8870,475,217.5,20.8,0.0120,,
1.8945,476,217.7,20.8,0.0125,,
1.9030,477,218.5,20.8,0.0140,,
1.9110,478,218.5,20.8,0.0115,,
1.9195,479,218.6,20.8,0.0120,,
1.9280,480,219.4,20.8,0.0120,,
1.9365,481,219.9,20.8,0.0120,,
1.9440,482,220.2,20.8,0.0125,,
1.9525,483,220.3,20.8,0.0140,,
1.9610,484,220.3,20.8,0.0140,,
1.9690,485,221.0,20.8,0.0115,,
1.9775,486,221.5,20.8,0.0120,,
1.9860,487,221.3,20.8,0.0120,,
1.9935,488,221.8,20.8,0.0125,,
2.0020,489,221.8,20.8,0.0140,,
2.0105,490,222.5,20.8,0.0140,,
2.0190,491,223.0,20.8,0.0120,,
2.0275,492,222.7,20.8,0.0120,,
2.0355,493,223.2,20.8,0.0115,,
2.0435,494,223.2,20.8,0.0135,,
2.0515,495,223.9,20.8,0.0135,,
2.0600,496,224.3,20.8,0.0140,,
2.0685,497,224.1,20.8,0.0120,,
2.0770,498,224.4,20.8,0.0120,,
2.0855,499,225.1,20.8,0.0120,,
2.0935,500,225.1,20.8,0.0135,,
2.1015,501,225.7,20.8,0.0135,,
2.1095,502,225.5,20.8,0.0115,,
2.1180,503,225.7,20.8,0.0120,,
2.1265,504,226.4,20.8,0.0120,,
2.1350,505,226.5,20.8,0.0120,,
2.1435,506,226.9,20.8,0.0140,,
2.1510,507,226.8,20.8,0.0125,,
2.1595,508,226.9,20.8,0.0140,,
2.1675,509,227.6,20.8,0.0115,,
2.1760,510,227.7,20.8,0.0120,,
2.1845,511,227.7,20.8,0.0120,,
2.1930,512,228.0,20.8,0.0140,,
2.2005,513,228.2,20.8,0.0125,,
2.2090,514,228.8,20.8,0.0140,,
2.2175,515,228.8,20.8,0.0120,,
2.2255,516,229.0,20.8,0.0115,,
2.2340,517,229.4,20.8,0.0120,,
2.2425,518,229.9,20.8,0.0120,,
2.2500,519,230.0,20.8,0.0125,,
2.2585,520,230.2,20.8,0.0140,,
2.2670,521,229.9,20.8,0.0140,,
2.2755,522,230.5,20.8,0.0120,,
2.2840,523,230.8,20.8,0.0120,,
2.2920,524,230.7,20.8,0.0115,,
2.3000,525,231.1,20.8,0.0135,,
2.3080,526,230.9,20.8,0.0135,,
2.3165,527,231.5,20.8,0.0140,,
2.3250,528,231.9,20.8,0.0120,,
2.3335,529,231.5,20.8,0.0120,,
2.3420,530,231.9,20.8,0.0120,,
2.3495,531,231.9,20.8,0.0125,,
2.3580,532,232.5,20.8,0.0140,,
2.3660,533,232.9,20.8,0.0135,,
2.3745,534,232.8,20.8,0.0120,,
2.3825,535,232.9,20.8,0.0115,,
2.3910,536,233.5,20.8,0.0120,,
2.3985,537,233.5,20.8,0.0125,,
2.4070,538,233.9,20.8,0.0140,,
2.4150,539,233.6,20.8,0.0135,,
2.4200,540,233.8,20.8,0.0070,,
2.4210,541,234.3,20.8,0.0015,,
2.4215,542,234.1,20.8,0.0005,,
2.4225,543,234.4,20.8,0.0015,,
2.4230,544,233.9,20.8,0.0010,,
2.4240,545,234.1,20.8,0.0015,,
2.4245,546,234.5,20.8,0.0005,,
2.4250,547,234.1,20.8,0.0005,,
2.4260,548,233.8,20.8,0.0015,,
2.4265,549,233.8,20.8,0.0010,,
2.4270,550,234.2,20.8,0.0010,,
2.4280,551,234.5,20.8,0.0015,,
2.4285,552,234.2,20.8,0.0005,,
2.4295,553,234.1,20.8,0.0015,,
2.4300,554,234.4,20.8,0.0005,,
2.4305,555,234.2,20.8,0.0010,,
2.4315,556,234.5,20.8,0.0015,,
2.4325,557,234.0,20.8,0.0015,,
2.4330,558,234.0,20.8,0.0005,,
2.4340,559,234.5,20.8,0.0015,,
2.4340,560,234.4,20.8,0.0000,,
2.4345,561,234.7,20.8,0.0010,,
2.4360,562,234.3,20.8,0.0025,,
2.4365,563,234.2,20.8,0.0010,,
2.4375,564,234.7,20.8,0.0015,,
2.4375,565,234.6,20.8,0.0000,,
2.4385,566,234.1,20.8,0.0015,,
2.4395,567,234.4,20.8,0.0015,,
2.4400,568,234.3,20.8,0.0010,,
2.4405,569,234.8,20.8,0.0010,,
2.4420,570,234.8,20.8,0.0025,,
2.4430,571,234.4,20.8,0.0015,,
2.4445,572,234.4,20.8,0.0020,,
2.4455,573,234.9,20.8,0.0015,,
2.4460,574,234.7,20.8,0.0010,,
2.4470,575,234.9,20.8,0.0015,,
2.4475,575,235.0,20.8,NaN,,
Scope 1/1, Sample 42/60 (T5_21)
Result,TitrationEP1
V,t,E,T,dV/dt,E acc. stat.,Volume acc. stat.
0.0000,0,-70.0,20.7,NaN,,
0.0005,1,-69.8,20.7,0.0005,,
0.0025,2,-69.8,20.7,0.0020,,
0.0050,3,-70.2,20.7,0.0025,,
0.0090,4,-70.0,20.7,0.0035,,
0.0150,5,-69.5,20.7,0.0055,,
0.0235,6,-69.4,20.7,0.0075,,
0.0310,7,-68.6,20.7,0.0075,,
0.0395,8,-68.0,20.7,0.0085,,
0.0480,9,-66.7,20.7,0.0085,,
0.0565,10,-65.0,20.7,0.0075,,
0.0650,11,-63.9,20.7,0.0075,,
0.0730,12,-62.5,20.7,0.0075,,
0.0810,13,-61.0,20.7,0.0080,,
0.0890,14,-59.1,20.7,0.0080,,
0.0975,15,-57.1,20.7,0.0085,,
0.1060,16,-55.5,20.7,0.0075,,
0.1145,17,-53.7,20.7,0.0075,,
0.1230,18,-51.3,20.7,0.0075,,
0.1305,19,-49.6,20.7,0.0075,,
0.1390,20,-47.1,20.7,0.0085,,
0.1470,21,-44.9,20.7,0.0080,,
0.1555,22,-42.6,20.7,0.0075,,
0.1640,23,-39.7,20.7,0.0075,,
0.1725,24,-37.3,20.7,0.0075,,
0.1810,25,-35.1,20.7,0.0075,,
0.1885,26,-32.7,20.7,0.0075,,
0.1970,27,-30.4,20.7,0.0085,,
0.2050,28,-27.9,20.7,0.0075,,
0.2135,29,-25.6,20.7,0.0075,,
0.2220,30,-24.0,20.7,0.0075,,
0.2305,31,-22.2,20.7,0.0075,,
0.2380,32,-20.8,20.7,0.0075,,
0.2465,33,-18.8,20.7,0.0085,,
0.2550,34,-17.2,20.7,0.0085,,
0.2630,35,-16.2,20.7,0.0075,,
0.2715,36,-15.0,20.7,0.0075,,
0.2800,37,-13.3,20.7,0.0075,,
0.2875,38,-12.3,20.7,0.0075,,
0.2960,39,-10.9,20.7,0.0085,,
0.3045,40,-10.0,20.7,0.0085,,
0.3130,41,-9.0,20.7,0.0075,,
0.3210,42,-7.6,20.7,0.0075,,
0.3295,43,-6.5,20.7,0.0075,,
0.3380,44,-5.5,20.7,0.0085,,
0.3455,45,-4.7,20.7,0.0075,,
0.3540,46,-4.0,20.7,0.0085,,
0.3625,47,-2.7,20.7,0.0075,,
0.3710,48,-2.0,20.7,0.0075,,
0.3795,49,-1.5,20.7,0.0075,,
0.3875,50,-0.6,20.7,0.0080,,
0.3950,51,0.3,20.7,0.0075,,
0.4035,52,1.3,20.7,0.0085,,
0.4120,53,2.1,20.7,0.0075,,
0.4205,54,2.7,20.7,0.0075,,
0.4290,55,3.8,20.7,0.0075,,
0.4375,56,4.4,20.7,0.0085,,
0.4450,57,5.5,20.7,0.0075,,
0.4535,58,6.1,20.7,0.0085,,
0.4615,59,6.6,20.7,0.0075,,
0.4700,60,7.7,20.7,0.0075,,
0.4785,61,8.6,20.7,0.0075,,
0.4870,62,9.3,20.7,0.0085,,
0.4945,63,10.0,20.7,0.0075,,
0.5030,64,10.4,20.7,0.0085,,
0.5115,65,11.5,20.7,0.0075,,
0.5195,66,12.3,20.7,0.0075,,
0.5280,67,12.7,20.7,0.0075,,
0.5365,68,13.5,20.7,0.0085,,
0.5440,69,14.1,20.7,0.0075,,
0.5525,70,15.3,20.7,0.0085,,
0.5610,71,16.0,20.7,0.0075,,
0.5695,72,16.4,20.7,0.0075,,
0.5775,73,17.1,20.7,0.0075,,
0.5860,74,18.3,20.7,0.0075,,
0.5935,75,18.8,20.7,0.0075,,
0.6020,76,19.6,20.7,0.0085,,
0.6105,77,20.0,20.7,0.0085,,
0.6190,78,20.8,20.7,0.0075,,
0.6275,79,22.0,20.7,0.0075,,
0.6360,80,22.6,20.7,0.0075,,
0.6435,81,23.6,20.7,0.0075,,
0.6515,82,24.1,20.7,0.0080,,
0.6600,83,24.7,20.7,0.0085,,
0.6685,84,25.9,20.7,0.0075,,
0.6770,85,26.7,20.7,0.0075,,
0.6855,86,27.1,20.7,0.0075,,
0.6930,87,27.9,20.7,0.0075,,
0.7015,88,28.6,20.7,0.0085,,
0.7095,89,29.6,20.7,0.0080,,
0.7180,90,30.5,20.7,0.0075,,
0.7265,91,31.1,20.7,0.0075,,
0.7350,92,32.1,20.7,0.0075,,
0.7435,93,32.7,20.7,0.0085,,
0.7510,94,33.9,20.7,0.0075,,
0.7595,95,34.6,20.7,0.0085,,
0.7680,96,35.1,20.7,0.0075,,
0.7760,97,36.1,20.7,0.0075,,
0.7845,98,37.3,20.7,0.0075,,
0.7930,99,38.0,20.7,0.0085,,
0.8005,100,38.9,20.7,0.0075,,
0.8090,101,39.5,20.7,0.0085,,
0.8175,102,40.7,20.7,0.0075,,
0.8260,103,41.8,20.7,0.0075,,
0.8340,104,42.4,20.7,0.0075,,
0.8425,105,43.2,20.7,0.0075,,
0.8500,106,44.0,20.7,0.0075,,
0.8585,107,45.2,20.7,0.0085,,
0.8670,108,46.4,20.7,0.0075,,
0.8755,109,47.0,20.7,0.0075,,
0.8840,110,48.0,20.7,0.0075,,
0.8925,111,49.4,20.7,0.0075,,
0.9000,112,50.2,20.7,0.0075,,
0.9080,113,51.4,20.7,0.0080,,
0.9165,114,52.2,20.7,0.0085,,
0.9250,115,53.1,20.7,0.0075,,
0.9335,116,54.5,20.7,0.0075,,
0.9420,117,55.6,20.7,0.0075,,
0.9495,118,56.7,20.7,0.0075,,
0.9580,119,57.4,20.7,0.0085,,
0.9665,120,58.5,20.7,0.0085,,
0.9745,121,60.0,20.7,0.0075,,
0.9830,122,61.1,20.7,0.0075,,
0.9915,123,61.8,20.7,0.0075,,
0.9990,124,63.0,20.7,0.0075,,
1.0075,125,64.0,20.7,0.0085,,
1.0160,126,65.6,20.7,0.0085,,
1.0245,127,66.8,20.7,0.0075,,
1.0325,128,67.7,20.7,0.0075,,
1.0410,129,69.4,20.7,0.0075,,
1.0485,130,70.3,20.7,0.0075,,
1.0570,131,72.1,20.7,0.0085,,
1.0655,132,73.1,20.7,0.0085,,
1.0740,133,74.1,20.7,0.0075,,
1.0825,134,75.9,20.7,0.0075,,
1.0910,135,77.6,20.7,0.0075,,
1.0985,136,78.9,20.7,0.0075,,
1.1070,137,80.2,20.7,0.0085,,
1.1150,138,81.7,20.7,0.0075,,
1.1235,139,83.7,20.7,0.0075,,
1.1320,140,85.1,20.7,0.0075,,
1.1405,141,86.6,20.7,0.0075,,
1.1480,142,88.4,20.7,0.0075,,
1.1565,143,90.1,20.7,0.0085,,
1.1650,144,92.3,20.7,0.0085,,
1.1730,145,94.3,20.7,0.0075,,
1.1815,146,96.1,20.7,0.0075,,
1.1900,147,98.4,20.7,0.0075,,
1.1975,148,100.3,20.7,0.0075,,
1.2060,149,103.1,20.7,0.0085,,
1.2145,150,105.6,20.7,0.0085,,
1.2230,151,107.8,20.7,0.0075,,
1.2310,152,110.6,20.7,0.0075,,
1.2395,153,113.8,20.7,0.0075,,
1.2480,154,116.6,20.7,0.0085,,
1.2555,155,120.1,20.7,0.0075,,
1.2640,156,123.4,20.7,0.0085,,
1.2725,157,127.0,20.7,0.0075,,
1.2810,158,131.1,20.7,0.0075,,
1.2895,159,134.9,20.7,0.0075,,
1.2975,160,138.7,20.7,0.0080,,
1.3050,161,142.4,20.7,0.0075,,
1.3135,162,146.6,20.7,0.0085,,
1.3220,163,150.8,20.7,0.0075,,
1.3305,164,154.0,20.7,0.0075,,
1.3390,165,157.4,20.7,0.0075,,
1.3475,166,160.6,20.7,0.0075,,
1.3550,167,162.7,20.7,0.0075,,
1.3630,168,165.7,20.7,0.0080,,
1.3715,169,168.3,20.8,0.0085,,
1.3800,170,170.2,20.7,0.0075,,
1.3885,171,172.6,20.7,0.0075,,
1.3970,172,174.6,20.7,0.0075,,
1.4045,173,176.4,20.7,0.0075,,
1.4130,174,177.9,20.7,0.0085,,
1.4215,175,179.4,20.7,0.0075,,
1.4295,176,181.3,20.7,0.0075,,
1.4380,177,182.7,20.7,0.0075,,
1.4465,178,183.8,20.7,0.0075,,
1.4550,179,185.1,20.8,0.0075,,
1.4550,419,187.4,20.8,0.0000,,
1.4555,420,187.0,20.8,0.0005,,
1.4570,421,187.0,20.8,0.0015,,
1.4595,422,187.6,20.8,0.0025,,
1.4635,423,187.9,20.8,0.0035,,
1.4700,424,188.1,20.8,0.0055,,
1.4780,425,189.2,20.8,0.0065,,
1.4860,426,189.8,20.8,0.0075,,
1.4940,427,191.3,20.8,0.0075,,
1.5025,428,192.2,20.8,0.0075,,
1.5110,429,192.8,20.8,0.0070,,
1.5195,430,194.0,20.8,0.0070,,
1.5280,431,195.1,20.8,0.0070,,
1.5355,432,195.7,20.8,0.0070,,
1.5440,433,196.4,20.8,0.0075,,
1.5520,434,196.9,20.8,0.0075,,
1.5605,435,197.9,20.8,0.0070,,
1.5690,436,199.0,20.8,0.0070,,
1.5775,437,199.4,20.8,0.0070,,
1.5850,438,200.3,20.8,0.0070,,
1.5935,439,200.7,20.8,0.0075,,
1.6020,440,201.7,20.8,0.0075,,
1.6105,441,202.6,20.8,0.0070,,
1.6185,442,202.8,20.8,0.0065,,
1.6270,443,203.6,20.8,0.0070,,
1.6345,444,204.1,20.8,0.0070,,
1.6430,445,205.1,20.8,0.0075,,
1.6515,446,205.6,20.8,0.0075,,
1.6600,447,205.7,20.8,0.0070,,
1.6685,448,206.6,20.8,0.0070,,
1.6765,449,207.4,20.8,0.0065,,
1.6845,450,207.8,20.8,0.0075,,
1.6925,451,208.2,20.8,0.0075,,
1.7010,452,208.5,20.8,0.0075,,
1.7095,453,209.2,20.8,0.0070,,
1.7180,454,209.8,20.8,0.0070,,
1.7265,455,209.8,20.8,0.0070,,
1.7340,456,210.5,20.8,0.0070,,
1.7425,457,210.8,20.8,0.0075,,
1.7510,458,211.6,20.8,0.0075,,
1.7590,459,212.2,20.8,0.0065,,
1.7675,460,212.3,20.8,0.0070,,
1.7760,461,212.7,20.8,0.0070,,
1.7835,462,213.0,20.8,0.0070,,
1.7920,463,213.7,20.8,0.0075,,
1.8005,464,214.2,20.8,0.0075,,
1.8090,465,214.3,20.8,0.0070,,
1.8170,466,214.9,20.8,0.0065,,
1.8255,467,215.6,20.8,0.0070,,
1.8330,468,215.8,20.8,0.0070,,
1.8415,469,216.2,20.8,0.0070,,
1.8500,470,216.3,20.8,0.0075,,
1.8585,471,216.8,20.8,0.0070,,
1.8670,472,217.4,20.8,0.0070,,
1.8755,473,217.6,20.8,0.0070,,
1.8835,474,218.0,20.8,0.0075,,
1.8910,475,218.1,20.8,0.0070,,
1.8995,476,218.3,20.8,0.0075,,
1.9080,477,219.0,20.8,0.0070,,
1.9165,478,219.3,20.8,0.0070,,
1.9250,479,219.3,20.8,0.0070,,
1.9335,480,219.8,20.8,0.0075,,
1.9410,481,220.1,20.8,0.0070,,
1.9495,482,220.9,20.8,0.0075,,
1.9575,483,220.9,20.8,0.0065,,
1.9660,484,221.0,20.8,0.0070,,
1.9745,485,221.7,20.8,0.0070,,
1.9830,486,221.8,20.8,0.0075,,
1.9905,487,222.4,20.8,0.0070,,
1.9990,488,222.4,20.8,0.0075,,
2.0075,489,222.6,20.8,0.0070,,
2.0155,490,223.2,20.8,0.0065,,
2.0240,491,223.5,20.8,0.0070,,
2.0325,492,223.4,20.8,0.0070,,
2.0400,493,223.9,20.8,0.0070,,
2.0485,494,223.9,20.8,0.0075,,
2.0570,495,224.6,20.8,0.0070,,
2.0655,496,224.8,20.8,0.0070,,
2.0740,497,224.6,20.8,0.0070,,
2.0820,498,225.0,20.8,0.0075,,
2.0900,499,225.2,20.8,0.0075,,
2.0980,500,225.8,20.8,0.0075,,
2.1065,501,225.9,20.8,0.0070,,
2.1150,502,225.8,20.8,0.0070,,
2.1235,503,226.4,20.8,0.0070,,
2.1320,504,226.5,20.8,0.0075,,
2.1395,505,227.1,20.8,0.0070,,
2.1480,506,227.1,20.8,0.0075,,
2.1560,507,227.1,20.8,0.0065,,
2.1645,508,227.7,20.8,0.0070,,
2.1730,509,228.0,20.8,0.0070,,
2.1815,510,227.9,20.8,0.0070,,
2.1890,511,228.3,20.8,0.0070,,
2.1975,512,228.4,20.8,0.0075,,
2.2060,513,228.9,20.8,0.0075,,
2.2140,514,229.3,20.8,0.0065,,
2.2225,515,229.3,20.8,0.0070,,
2.2310,516,229.5,20.8,0.0070,,
2.2385,517,229.6,20.8,0.0070,,
2.2470,518,230.0,20.8,0.0075,,
2.2555,519,230.5,20.8,0.0075,,
2.2640,520,230.3,20.8,0.0070,,
2.2720,521,230.4,20.8,0.0065,,
2.2805,522,231.1,20.8,0.0070,,
2.2880,523,231.0,20.8,0.0070,,
2.2965,524,231.4,20.8,0.0075,,
2.3050,525,231.2,20.8,0.0075,,
2.3135,526,231.4,20.8,0.0070,,
2.3220,527,231.9,20.8,0.0070,,
2.3305,528,232.0,20.8,0.0070,,
2.3380,529,232.4,20.8,0.0070,,
2.3465,530,232.2,20.8,0.0075,,
2.3545,531,232.4,20.8,0.0075,,
2.3630,532,232.9,20.8,0.0070,,
2.3715,533,233.0,20.8,0.0070,,
2.3800,534,232.9,20.8,0.0070,,
2.3875,535,233.2,20.8,0.0070,,
2.3950,536,233.4,20.8,0.0070,,
2.4030,537,233.8,20.8,0.0075,,
2.4085,538,233.8,20.8,0.0045,,
2.4150,539,233.7,20.8,0.0055,,
2.4190,540,234.2,20.8,0.0035,,
2.4195,541,234.1,20.8,0.0005,,
2.4200,542,234.4,20.8,0.0005,,
2.4210,543,234.3,20.8,0.0010,,
2.4220,544,234.0,20.8,0.0010,,
2.4225,545,234.4,20.8,0.0005,,
2.4230,546,234.5,20.8,0.0005,,
2.4240,547,234.5,20.8,0.0010,,
2.4250,548,234.4,20.8,0.0010,,
2.4260,549,234.2,20.8,0.0010,,
2.4265,550,234.4,20.8,0.0005,,
2.4275,551,234.6,20.8,0.0010,,
2.4280,552,234.2,20.8,0.0005,,
2.4280,553,234.5,20.8,0.0000,,
2.4290,554,234.2,20.8,0.0010,,
2.4295,555,234.6,20.8,0.0005,,
2.4305,556,234.7,20.8,0.0010,,
2.4310,557,234.3,20.8,0.0005,,
2.4320,558,234.5,20.8,0.0010,,
2.4325,559,234.3,20.8,0.0005,,
2.4330,560,234.7,20.8,0.0005,,
2.4335,561,234.7,20.8,0.0005,,
2.4340,562,234.4,20.8,0.0005,,
2.4350,563,234.7,20.8,0.0010,,
2.4355,564,234.8,20.8,0.0005,,
2.4360,565,235.0,20.8,0.0005,,
2.4370,566,234.7,20.8,0.0010,,
2.4380,567,234.4,20.8,0.0010,,
2.4385,568,234.7,20.8,0.0005,,
2.4390,569,235.0,20.8,0.0005,,
Scope 1/1, Sample 43/60 (T6_21)
Result,TitrationEP1
V,t,E,T,dV/dt,E acc. stat.,Volume acc. stat.
0.0000,0,-70.1,20.7,NaN,,
0.0005,1,-70.3,20.7,0.0005,,
0.0025,2,-70.0,20.7,0.0020,,
0.0050,3,-69.9,20.7,0.0025,,
0.0085,4,-70.4,20.7,0.0030,,
0.0150,5,-69.9,20.7,0.0060,,
0.0230,6,-69.8,20.7,0.0080,,
0.0305,7,-68.8,20.7,0.0075,,
0.0390,8,-68.0,20.7,0.0085,,
0.0475,9,-67.2,20.7,0.0075,,
0.0560,10,-65.7,20.7,0.0075,,
0.0645,11,-64.2,20.7,0.0075,,
0.0725,12,-63.0,20.7,0.0075,,
0.0805,13,-61.4,20.7,0.0080,,
0.0885,14,-60.1,20.7,0.0080,,
0.0970,15,-58.0,20.7,0.0075,,
0.1055,16,-56.1,20.7,0.0075,,
0.1140,17,-54.4,20.7,0.0075,,
0.1225,18,-52.4,20.7,0.0075,,
0.1300,19,-50.7,20.7,0.0075,,
0.1385,20,-48.3,20.7,0.0085,,
0.1465,21,-45.8,20.7,0.0080,,
0.1550,22,-43.8,20.7,0.0075,,
0.1635,23,-41.5,20.7,0.0075,,
0.1720,24,-38.7,20.7,0.0075,,
0.1795,25,-36.7,20.7,0.0075,,
0.1880,26,-34.1,20.7,0.0085,,
0.1965,27,-32.0,20.7,0.0085,,
0.2045,28,-29.8,20.7,0.0075,,
0.2130,29,-27.3,20.7,0.0075,,
0.2215,30,-25.3,20.7,0.0075,,
0.2290,31,-23.6,20.7,0.0075,,
0.2375,32,-22.3,20.7,0.0085,,
0.2460,33,-20.8,20.7,0.0085,,
0.2545,34,-18.8,20.7,0.0075,,
0.2625,35,-17.5,20.7,0.0075,,
0.2710,36,-16.4,20.7,0.0075,,
0.2795,37,-15.1,20.7,0.0085,,
0.2870,38,-14.1,20.7,0.0075,,
0.2955,39,-12.6,20.7,0.0085,,
0.3040,40,-11.4,20.7,0.0075,,
0.3125,41,-10.8,20.7,0.0075,,
0.3210,42,-9.6,20.7,0.0075,,
0.3290,43,-8.3,20.7,0.0075,,
0.3370,44,-7.4,20.7,0.0080,,
0.3450,45,-6.6,20.7,0.0080,,
0.3535,46,-6.0,20.7,0.0075,,
0.3620,47,-4.9,20.7,0.0075,,
0.3705,48,-3.7,20.7,0.0075,,
0.3790,49,-3.1,20.7,0.0075,,
0.3865,50,-2.2,20.7,0.0075,,
0.3950,51,-1.7,20.7,0.0085,,
0.4030,52,-0.6,20.7,0.0075,,
0.4115,53,0.5,20.7,0.0075,,
0.4200,54,0.9,20.7,0.0075,,
0.4285,55,1.5,20.7,0.0075,,
0.4360,56,2.2,20.7,0.0075,,
0.4445,57,3.5,20.7,0.0085,,
0.4530,58,4.4,20.7,0.0075,,
0.4615,59,4.8,20.7,0.0075,,
0.4695,60,5.8,20.7,0.0075,,
0.4775,61,6.4,20.7,0.0080,,
0.4855,62,7.5,20.7,0.0080,,
0.4940,63,8.1,20.7,0.0085,,
0.5025,64,8.6,20.7,0.0075,,
0.5110,65,9.8,20.7,0.0075,,
0.5195,66,10.5,20.7,0.0075,,
0.5270,67,11.3,20.7,0.0075,,
0.5355,68,11.8,20.7,0.0085,,
0.5440,69,12.4,20.7,0.0085,,
0.5520,70,13.3,20.7,0.0075,,
0.5605,71,14.2,20.7,0.0075,,
0.5690,72,14.6,20.7,0.0075,,
0.5775,73,15.5,20.7,0.0085,,
0.5850,74,15.9,20.7,0.0075,,
0.5935,75,17.0,20.7,0.0085,,
0.6020,76,17.8,20.7,0.0075,,
0.6100,77,18.3,20.7,0.0075,,
0.6185,78,19.1,20.7,0.0075,,
0.6270,79,19.8,20.7,0.0085,,
0.6345,80,20.8,20.7,0.0075,,
0.6430,81,21.7,20.7,0.0085,,
0.6515,82,22.0,20.7,0.0075,,
0.6600,83,23.0,20.7,0.0075,,
0.6680,84,24.1,20.7,0.0075,,
0.6765,85,24.8,20.7,0.0085,,
0.6840,86,25.6,20.7,0.0075,,
0.6925,87,25.9,20.7,0.0085,,
0.7010,88,26.8,20.7,0.0085,,
0.7095,89,27.9,20.7,0.0075,,
0.7180,90,28.5,20.7,0.0075,,
0.7260,91,29.1,20.7,0.0075,,
0.7340,92,29.9,20.7,0.0080,,
0.7420,93,30.9,20.7,0.0080,,
0.7505,94,32.1,20.7,0.0075,,
0.7590,95,32.5,20.7,0.0075,,
0.7675,96,33.2,20.7,0.0075,,
0.7760,97,34.4,20.7,0.0075,,
0.7835,98,34.9,20.7,0.0075,,
0.7920,99,36.2,20.7,0.0085,,
0.8005,100,36.8,20.7,0.0085,,
0.8085,101,37.5,20.7,0.0075,,
0.8170,102,38.8,20.7,0.0075,,
0.8255,103,39.7,20.7,0.0075,,
0.8330,104,40.7,20.7,0.0075,,
0.8415,105,41.3,20.7,0.0085,,
0.8500,106,42.1,20.7,0.0085,,
0.8585,107,43.4,20.7,0.0075,,
0.8665,108,44.4,20.7,0.0075,,
0.8750,109,44.9,20.7,0.0075,,
0.8825,110,45.9,20.7,0.0075,,
0.8910,111,46.8,20.7,0.0085,,
0.8995,112,48.2,20.7,0.0085,,
0.9080,113,49.2,20.7,0.0075,,
0.9165,114,49.8,20.7,0.0075,,
0.9250,115,51.1,20.7,0.0075,,
0.9325,116,51.8,20.7,0.0075,,
0.9405,117,53.3,20.7,0.0080,,
0.9490,118,54.2,20.7,0.0085,,
0.9575,119,55.1,20.7,0.0075,,
0.9660,120,56.6,20.7,0.0075,,
0.9745,121,57.7,20.7,0.0075,,
0.9820,122,58.9,20.7,0.0075,,
0.9905,123,60.0,20.7,0.0085,,
0.9990,124,60.8,20.7,0.0085,,
1.0070,125,62.2,20.7,0.0075,,
1.0155,126,63.5,20.7,0.0075,,
1.0240,127,64.3,20.7,0.0075,,
1.0315,128,65.7,20.7,0.0075,,
1.0400,129,66.8,20.7,0.0085,,
1.0485,130,68.5,20.7,0.0085,,
1.0570,131,69.9,20.7,0.0075,,
1.0650,132,70.8,20.7,0.0075,,
1.0735,133,72.3,20.7,0.0075,,
1.0820,134,73.6,20.7,0.0085,,
1.0895,135,75.4,20.7,0.0075,,
1.0980,136,77.0,20.7,0.0085,,
1.1065,137,78.1,20.7,0.0075,,
1.1150,138,79.7,20.7,0.0075,,
1.1235,139,81.6,20.7,0.0075,,
1.1315,140,83.0,20.7,0.0080,,
1.1395,141,84.8,20.7,0.0080,,
1.1475,142,86.2,20.7,0.0080,,
1.1560,143,88.2,20.7,0.0075,,
1.1645,144,90.5,20.7,0.0075,,
1.1730,145,92.2,20.7,0.0075,,
1.1815,146,94.2,20.7,0.0085,,
1.1890,147,95.8,20.7,0.0075,,
1.1975,148,98.2,20.7,0.0085,,
1.2055,149,100.9,20.7,0.0075,,
1.2140,150,103.3,20.7,0.0075,,
1.2225,151,106.0,20.7,0.0075,,
1.2310,152,109.2,20.7,0.0075,,
1.2385,153,111.7,20.7,0.0075,,
1.2470,154,115.4,20.7,0.0085,,
1.2555,155,118.5,20.7,0.0075,,
1.2635,156,121.9,20.7,0.0075,,
1.2720,157,125.8,20.7,0.0075,,
1.2805,158,129.8,20.7,0.0075,,
1.2880,159,133.3,20.7,0.0075,,
1.2965,160,137.2,20.7,0.0085,,
1.3050,161,141.2,20.7,0.0085,,
1.3130,162,145.6,20.7,0.0075,,
1.3215,163,149.7,20.7,0.0075,,
1.3300,164,153.3,20.7,0.0075,,
1.3385,165,156.4,20.7,0.0085,,
1.3460,166,159.5,20.7,0.0075,,
1.3545,167,162.6,20.7,0.0085,,
1.3630,168,165.6,20.7,0.0075,,
1.3715,169,167.8,20.7,0.0075,,
1.3795,170,170.1,20.7,0.0075,,
1.3880,171,171.9,20.7,0.0085,,
1.3955,172,174.3,20.7,0.0075,,
1.4040,173,176.4,20.7,0.0085,,
1.4125,174,177.6,20.7,0.0075,,
1.4210,175,179.2,20.7,0.0075,,
1.4295,176,181.0,20.7,0.0075,,
1.4375,177,182.6,20.7,0.0075,,
1.4455,178,183.9,20.7,0.0080,,
1.4555,179,185.0,20.7,0.0085,,
1.4555,419,187.6,20.8,0.0000,,
1.4560,420,187.5,20.8,0.0005,,
1.4575,421,187.2,20.8,0.0010,,
1.4600,422,187.5,20.8,0.0015,,
1.4640,424,188.1,20.8,0.0025,,
1.4700,424,188.3,20.8,0.0120,,
1.4780,426,188.9,20.8,0.0055,,
1.4855,426,189.6,20.8,0.0185,,
1.4940,427,190.8,20.8,0.0060,,
1.5025,428,192.1,20.8,0.0060,,
1.5110,430,192.7,20.8,0.0055,,
1.5195,430,193.5,20.8,0.0170,,
1.5280,432,194.8,20.8,0.0055,,
1.5355,432,195.4,20.8,0.0185,,
1.5435,433,196.7,20.8,0.0055,,
1.5520,434,197.2,20.8,0.0060,,
1.5605,436,197.8,20.8,0.0055,,
1.5690,436,198.8,20.8,0.0170,,
1.5775,438,199.5,20.8,0.0055,,
1.5850,438,200.3,20.8,0.0185,,
1.5935,439,200.7,20.8,0.0060,,
1.6020,440,201.2,20.8,0.0060,,
1.6100,442,202.3,20.8,0.0055,,
1.6185,442,203.0,20.8,0.0170,,
1.6270,444,203.2,20.8,0.0055,,
1.6345,444,204.0,20.8,0.0185,,
1.6430,445,204.5,20.8,0.0060,,
1.6515,446,205.5,20.8,0.0060,,
1.6600,448,205.9,20.8,0.0055,,
1.6685,448,206.2,20.8,0.0170,,
1.6765,450,207.1,20.8,0.0055,,
1.6840,450,207.3,20.8,0.0185,,
1.6925,451,208.1,20.8,0.0060,,
1.7010,452,208.5,20.8,0.0060,,
1.7095,454,208.7,20.8,0.0055,,
1.7180,454,209.6,20.8,0.0170,,
1.7265,456,210.2,20.8,0.0055,,
1.7340,456,210.8,20.8,0.0185,,
1.7425,457,210.8,20.8,0.0060,,
1.7505,458,211.1,20.8,0.0055,,
1.7590,460,212.0,20.8,0.0055,,
1.7675,460,212.4,20.8,0.0170,,
1.7760,462,212.5,20.8,0.0055,,
1.7835,462,212.9,20.8,0.0185,,
1.7920,463,213.3,20.8,0.0060,,
1.8005,464,214.2,20.8,0.0060,,
1.8090,466,214.4,20.8,0.0055,,
1.8170,466,214.5,20.8,0.0160,,
1.8255,468,215.2,20.8,0.0055,,
1.8330,468,215.5,20.8,0.0185,,
1.8415,469,216.1,20.8,0.0060,,
1.8500,470,216.7,20.8,0.0060,,
1.8585,472,216.6,20.8,0.0055,,
1.8665,472,217.1,20.8,0.0160,,
1.8750,474,217.7,20.8,0.0055,,
1.8835,474,217.9,20.8,0.0210,,
1.8910,475,218.3,20.8,0.0055,,
1.8995,476,218.2,20.8,0.0060,,
1.9080,478,218.8,20.8,0.0055,,
1.9165,478,219.4,20.8,0.0170,,
1.9250,480,219.4,20.8,0.0055,,
1.9330,480,219.9,20.8,0.0200,,
1.9410,481,219.8,20.8,0.0055,,
1.9490,482,220.4,20.8,0.0055,,
1.9575,484,221.0,20.8,0.0055,,
1.9660,484,221.0,20.8,0.0170,,
1.9745,486,221.2,20.8,0.0055,,
1.9830,486,221.9,20.8,0.0170,,
1.9905,487,221.9,20.8,0.0055,,
1.9990,488,222.6,20.8,0.0060,,
2.0070,489,222.6,20.8,0.0055,,
2.0155,490,222.7,20.8,0.0055,,
2.0240,492,223.4,20.8,0.0055,,
2.0325,492,223.6,20.8,0.0170,,
2.0400,493,224.1,20.8,0.0055,,
2.0485,494,224.0,20.8,0.0060,,
2.0570,495,224.2,20.8,0.0060,,
2.0655,496,224.8,20.8,0.0055,,
2.0735,498,225.0,20.8,0.0055,,
2.0820,498,224.9,20.8,0.0170,,
2.0895,499,225.3,20.8,0.0055,,
2.0980,500,225.6,20.8,0.0060,,
2.1065,501,226.1,20.8,0.0060,,
2.1150,502,226.3,20.8,0.0055,,
2.1235,504,226.2,20.8,0.0055,,
2.1315,504,226.7,20.8,0.0160,,
2.1390,505,226.7,20.8,0.0055,,
2.1475,506,227.3,20.8,0.0060,,
2.1560,507,227.5,20.8,0.0060,,
2.1645,508,227.4,20.8,0.0055,,
2.1730,510,228.0,20.8,0.0055,,
2.1815,510,228.4,20.8,0.0170,,
2.1890,511,228.7,20.8,0.0055,,
2.1975,512,228.7,20.8,0.0060,,
2.2055,513,228.6,20.8,0.0055,,
2.2140,514,229.2,20.8,0.0055,,
2.2225,516,229.6,20.8,0.0055,,
2.2310,516,229.3,20.8,0.0170,,
2.2385,517,229.7,20.8,0.0055,,
2.2470,518,229.7,20.8,0.0060,,
2.2555,519,230.3,20.8,0.0060,,
2.2635,520,230.7,20.8,0.0055,,
2.2720,522,230.5,20.8,0.0055,,
2.2805,522,230.7,20.8,0.0170,,
2.2880,523,230.8,20.8,0.0055,,
2.2965,524,231.4,20.8,0.0060,,
2.3050,525,231.6,20.8,0.0060,,
2.3135,526,231.4,20.8,0.0055,,
2.3220,528,231.8,20.8,0.0055,,
2.3300,528,232.4,20.8,0.0160,,
2.3385,529,232.4,20.8,0.0060,,
2.3460,530,232.6,20.8,0.0055,,
2.3545,531,232.5,20.8,0.0060,,
2.3630,532,232.8,20.8,0.0055,,
2.3715,534,233.2,20.8,0.0055,,
2.3800,534,233.0,20.8,0.0170,,
2.3875,535,233.5,20.8,0.0055,,
2.3955,536,233.4,20.8,0.0055,,
2.4035,537,233.7,20.8,0.0055,,
2.4065,538,234.2,20.8,0.0020,,
2.4065,540,233.9,20.8,0.0000,,
2.4075,540,233.7,20.8,0.0020,,
2.4080,542,234.1,20.8,0.0005,,
2.4095,542,233.8,20.8,0.0035,,
2.4110,543,234.3,20.8,0.0010,,
2.4120,544,234.0,20.8,0.0005,,
2.4130,546,233.9,20.8,0.0005,,
2.4140,546,234.2,20.8,0.0020,,
2.4150,548,234.2,20.8,0.0005,,
2.4155,548,234.4,20.8,0.0010,,
2.4165,549,234.2,20.8,0.0005,,
2.4175,550,233.9,20.8,0.0005,,
2.4180,552,234.2,20.8,0.0005,,
2.4190,552,234.4,20.8,0.0020,,
2.4190,554,234.0,20.8,0.0000,,
2.4205,554,234.4,20.8,0.0035,,
2.4215,555,234.1,20.8,0.0005,,
2.4225,556,234.4,20.8,0.0005,,
2.4230,558,234.5,20.8,0.0005,,
2.4235,558,234.1,20.8,0.0010,,
2.4245,560,234.2,20.8,0.0005,,
2.4250,560,234.1,20.8,0.0010,,
2.4250,561,234.5,20.8,0.0000,,
2.4255,562,234.6,20.8,0.0005,,
2.4270,564,234.1,20.8,0.0010,,
2.4280,564,234.3,20.8,0.0020,,
2.4285,566,234.7,20.8,0.0005,,
2.4290,566,234.6,20.8,0.0010,,
2.4300,567,234.6,20.8,0.0005,,
2.4310,568,234.2,20.8,0.0005,,
2.4315,570,234.5,20.8,0.0005,,
2.4320,570,234.7,20.8,0.0010,,
2.4325,572,234.4,20.8,0.0005,,
2.4330,572,234.8,20.8,0.0010,,
2.4340,573,234.4,20.8,0.0005,,
2.4350,574,234.6,20.8,0.0005,,
2.4360,576,235.0,20.8,0.0005,,
2.4370,576,234.7,20.8,0.0020,,
2.4385,578,234.5,20.8,0.0010,,
2.4385,578,235.1,20.8,0.0000,,
Scope 1/1, Sample 44/60 (T7_21)
Result,TitrationEP1
V,t,E,T,dV/dt,E acc. stat.,Volume acc. stat.
0.0000,0,-70.8,20.7,NaN,,
0.0010,1,-71.0,20.7,0.0010,,
0.0025,2,-70.8,20.7,0.0015,,
0.0050,3,-70.5,20.7,0.0020,,
0.0085,4,-70.6,20.7,0.0030,,
0.0150,5,-70.6,20.7,0.0060,,
0.0230,6,-70.5,20.7,0.0075,,
0.0315,7,-69.5,20.7,0.0075,,
0.0400,8,-68.5,20.7,0.0075,,
0.0485,9,-67.8,20.7,0.0070,,
0.0560,10,-66.6,20.7,0.0070,,
0.0645,11,-65.5,20.7,0.0075,,
0.0725,12,-63.7,20.7,0.0075,,
0.0810,13,-62.0,20.7,0.0075,,
0.0895,14,-60.8,20.7,0.0075,,
0.0980,15,-59.0,20.7,0.0075,,
0.1055,16,-57.4,20.7,0.0070,,
0.1140,17,-55.2,20.7,0.0075,,
0.1225,18,-53.1,20.7,0.0075,,
0.1305,19,-51.4,20.7,0.0075,,
0.1390,20,-49.3,20.7,0.0075,,
0.1475,21,-46.6,20.7,0.0075,,
0.1550,22,-44.7,20.7,0.0070,,
0.1635,23,-42.3,20.7,0.0075,,
0.1720,24,-40.3,20.7,0.0075,,
0.1805,25,-37.6,20.7,0.0075,,
0.1890,26,-34.7,20.7,0.0075,,
0.1970,27,-32.5,20.7,0.0075,,
0.2045,28,-30.2,20.7,0.0070,,
0.2130,29,-28.5,20.7,0.0075,,
0.2215,30,-26.4,20.7,0.0075,,
0.2300,31,-24.3,20.7,0.0075,,
0.2385,32,-22.9,20.7,0.0075,,
0.2470,33,-21.5,20.7,0.0075,,
0.2545,34,-20.1,20.7,0.0070,,
0.2630,35,-18.6,20.7,0.0075,,
0.2710,36,-16.9,20.7,0.0075,,
0.2795,37,-15.9,20.7,0.0075,,
0.2880,38,-14.9,20.7,0.0075,,
0.2965,39,-13.3,20.7,0.0075,,
0.3050,40,-12.5,20.7,0.0075,,
0.3125,41,-11.3,20.7,0.0070,,
0.3210,42,-10.5,20.7,0.0075,,
0.3290,43,-9.5,20.7,0.0075,,
0.3375,44,-8.1,20.7,0.0075,,
0.3460,45,-7.3,20.7,0.0075,,
0.3535,46,-6.2,20.7,0.0070,,
0.3620,47,-5.7,20.7,0.0075,,
0.3705,48,-4.6,20.7,0.0075,,
0.3790,49,-3.4,20.7,0.0075,,
0.3875,50,-2.9,20.7,0.0075,,
0.3955,51,-2.1,20.7,0.0075,,
0.4035,52,-1.4,20.7,0.0075,,
0.4115,53,-0.6,20.7,0.0075,,
0.4200,54,0.5,20.7,0.0075,,
0.4285,55,1.0,20.7,0.0075,,
0.4370,56,1.6,20.7,0.0075,,
0.4455,57,2.9,20.7,0.0075,,
0.4535,58,3.4,20.7,0.0075,,
0.4615,59,4.5,20.7,0.0075,,
0.4695,60,5.0,20.7,0.0075,,
0.4780,61,5.6,20.7,0.0075,,
0.4865,62,6.7,20.7,0.0075,,
0.4950,63,7.5,20.7,0.0075,,
0.5035,64,8.3,20.7,0.0075,,
0.5110,65,8.8,20.7,0.0070,,
0.5195,66,9.5,20.7,0.0075,,
0.5280,67,10.6,20.7,0.0075,,
0.5360,68,11.2,20.7,0.0075,,
0.5445,69,11.6,20.7,0.0075,,
0.5530,70,12.4,20.7,0.0070,,
0.5605,71,12.9,20.7,0.0070,,
0.5690,72,14.0,20.7,0.0075,,
0.5775,73,14.8,20.7,0.0075,,
0.5860,74,15.2,20.7,0.0075,,
0.5940,75,16.1,20.7,0.0075,,
0.6025,76,17.2,20.7,0.0070,,
0.6100,77,17.8,20.7,0.0070,,
0.6185,78,18.5,20.7,0.0075,,
0.6270,79,18.9,20.7,0.0075,,
0.6355,80,19.8,20.7,0.0075,,
0.6440,81,20.9,20.7,0.0075,,
0.6520,82,21.3,20.7,0.0065,,
0.6600,83,22.2,20.7,0.0075,,
0.6680,84,22.6,20.7,0.0075,,
0.6765,85,23.8,20.7,0.0075,,
0.6850,86,24.7,20.7,0.0075,,
0.6935,87,25.1,20.7,0.0075,,
0.7020,88,25.9,20.7,0.0070,,
0.7095,89,26.7,20.7,0.0070,,
0.7180,90,27.8,20.7,0.0075,,
0.7260,91,28.8,20.7,0.0075,,
0.7345,92,29.4,20.7,0.0075,,
0.7430,93,30.0,20.7,0.0075,,
0.7515,94,31.3,20.7,0.0075,,
0.7590,95,31.9,20.7,0.0070,,
0.7675,96,33.0,20.7,0.0075,,
0.7760,97,33.5,20.7,0.0075,,
0.7845,98,34.3,20.7,0.0075,,
0.7925,99,35.5,20.7,0.0075,,
0.8010,100,36.3,20.7,0.0075,,
0.8085,101,37.3,20.7,0.0070,,
0.8170,102,37.7,20.7,0.0075,,
0.8255,103,38.7,20.7,0.0075,,
0.8340,104,40.0,20.7,0.0075,,
0.8425,105,40.8,20.7,0.0075,,
0.8505,106,41.5,20.7,0.0075,,
0.8590,107,42.5,20.7,0.0075,,
0.8665,108,43.4,20.7,0.0070,,
0.8750,109,44.7,20.7,0.0075,,
0.8835,110,45.5,20.7,0.0075,,
0.8920,111,46.3,20.7,0.0075,,
0.9005,112,47.6,20.7,0.0075,,
0.9080,113,48.5,20.7,0.0070,,
0.9165,114,49.8,20.7,0.0075,,
0.9245,115,50.7,20.7,0.0075,,
0.9330,116,51.5,20.7,0.0075,,
0.9415,117,53.0,20.7,0.0075,,
0.9500,118,54.1,20.7,0.0075,,
0.9575,119,55.2,20.7,0.0070,,
0.9660,120,56.1,20.7,0.0075,,
0.9745,121,57.0,20.7,0.0075,,
0.9830,122,58.5,20.7,0.0075,,
0.9910,123,59.7,20.7,0.0075,,
0.9995,124,60.5,20.7,0.0075,,
1.0080,125,61.9,20.7,0.0075,,
1.0155,126,62.8,20.7,0.0070,,
1.0240,127,64.5,20.7,0.0075,,
1.0325,128,65.8,20.7,0.0075,,
1.0410,129,66.7,20.7,0.0075,,
1.0490,130,68.1,20.7,0.0075,,
1.0575,131,69.2,20.7,0.0075,,
1.0650,132,71.0,20.7,0.0070,,
1.0735,133,72.4,20.7,0.0075,,
1.0820,134,73.5,20.7,0.0075,,
1.0905,135,75.2,20.7,0.0075,,
1.0990,136,76.9,20.7,0.0075,,
1.1075,137,78.3,20.7,0.0075,,
1.1150,138,80.0,20.7,0.0070,,
1.1230,139,81.3,20.7,0.0075,,
1.1315,140,83.0,20.7,0.0075,,
1.1400,141,85.1,20.7,0.0075,,
1.1485,142,86.8,20.7,0.0075,,
1.1570,143,88.5,20.7,0.0075,,
1.1645,144,90.3,20.7,0.0070,,
1.1730,145,92.5,20.7,0.0075,,
1.1810,146,95.0,20.7,0.0075,,
1.1895,147,97.1,20.7,0.0075,,
1.1980,148,99.0,20.7,0.0075,,
1.2065,149,101.8,20.7,0.0075,,
1.2140,150,104.0,20.7,0.0070,,
1.2225,151,107.2,20.7,0.0075,,
1.2310,152,110.0,20.7,0.0075,,
1.2390,153,112.8,20.7,0.0075,,
1.2475,154,116.4,20.7,0.0075,,
1.2560,155,120.2,20.7,0.0075,,
1.2645,156,123.5,20.7,0.0075,,
1.2720,157,127.4,20.7,0.0070,,
1.2805,158,131.3,20.7,0.0075,,
1.2890,159,135.7,20.7,0.0075,,
1.2970,160,140.2,20.7,0.0075,,
1.3055,161,144.0,20.7,0.0075,,
1.3140,162,148.0,20.7,0.0075,,
1.3215,163,151.8,20.7,0.0070,,
1.3300,164,155.6,20.7,0.0075,,
1.3385,165,159.3,20.7,0.0075,,
1.3470,166,161.9,20.7,0.0075,,
1.3555,167,164.9,20.7,0.0075,,
1.3640,168,167.1,20.7,0.0075,,
1.3715,169,169.8,20.7,0.0070,,
1.3795,170,171.9,20.7,0.0075,,
1.3880,171,173.6,20.7,0.0075,,
1.3965,172,175.7,20.7,0.0075,,
1.4050,173,177.7,20.7,0.0075,,
1.4125,174,179.2,20.7,0.0070,,
1.4210,175,180.7,20.7,0.0075,,
1.4295,176,181.9,20.7,0.0075,,
1.4380,177,183.5,20.7,0.0075,,
1.4480,178,185.2,20.7,0.0075,,
1.4480,418,187.2,20.8,0.0000,,
1.4485,420,187.6,20.8,0.0005,,
1.4500,420,187.5,20.8,0.0030,,
1.4525,422,187.2,20.8,0.0015,,
1.4565,423,187.8,20.8,0.0065,,
1.4625,424,188.5,20.8,0.0100,,
1.4710,425,188.9,20.8,0.0140,,
1.4785,426,190.1,20.8,0.0150,,
1.4870,426,190.8,20.8,0.0170,,
1.4955,428,192.2,20.8,0.0055,,
1.5035,429,193.2,20.8,0.0135,,
1.5120,430,193.7,20.8,0.0140,,
1.5205,430,194.6,20.8,0.0170,,
1.5280,432,195.5,20.8,0.0050,,
1.5365,432,196.6,20.8,0.0170,,
1.5450,434,197.5,20.8,0.0055,,
1.5535,435,197.9,20.8,0.0140,,
1.5620,436,198.8,20.8,0.0140,,
1.5700,436,199.4,20.8,0.0160,,
1.5780,438,200.5,20.8,0.0055,,
1.5860,438,201.1,20.8,0.0160,,
1.5945,440,201.5,20.8,0.0055,,
1.6030,441,202.5,20.8,0.0140,,
1.6115,442,203.3,20.8,0.0140,,
1.6200,442,203.9,20.8,0.0170,,
1.6275,444,204.4,20.8,0.0050,,
1.6360,444,204.7,20.8,0.0170,,
1.6440,446,205.6,20.8,0.0050,,
1.6525,447,206.3,20.8,0.0140,,
1.6610,448,206.5,20.8,0.0140,,
1.6695,448,207.1,20.8,0.0170,,
1.6770,450,207.5,20.8,0.0050,,
1.6855,450,208.4,20.8,0.0170,,
1.6940,452,208.9,20.8,0.0055,,
1.7025,453,209.0,20.8,0.0140,,
1.7105,454,209.7,20.8,0.0135,,
1.7190,454,210.0,20.8,0.0170,,
1.7265,456,210.9,20.8,0.0050,,
1.7350,456,211.2,20.8,0.0170,,
1.7435,458,211.4,20.8,0.0055,,
1.7520,459,212.2,20.8,0.0140,,
1.7605,460,212.8,20.8,0.0140,,
1.7690,460,213.2,20.8,0.0170,,
1.7765,462,213.4,20.8,0.0050,,
1.7850,462,213.6,20.8,0.0170,,
1.7930,464,214.4,20.8,0.0050,,
1.8015,465,214.7,20.8,0.0140,,
1.8100,466,214.9,20.8,0.0140,,
1.8185,467,215.4,20.8,0.0140,,
1.8260,468,215.6,20.8,0.0150,,
1.8345,468,216.3,20.8,0.0170,,
1.8430,470,216.8,20.8,0.0055,,
1.8510,471,216.8,20.8,0.0135,,
1.8595,472,217.2,20.8,0.0140,,
1.8680,472,217.5,20.8,0.0170,,
1.8755,474,218.2,20.8,0.0050,,
1.8840,474,218.6,20.8,0.0170,,
1.8925,476,218.5,20.8,0.0055,,
1.9010,477,219.0,20.8,0.0140,,
1.9090,478,219.7,20.8,0.0135,,
1.9175,479,219.7,20.8,0.0140,,
1.9250,480,220.2,20.8,0.0150,,
1.9335,480,220.2,20.8,0.0170,,
1.9420,482,220.6,20.8,0.0055,,
1.9505,483,221.2,20.8,0.0140,,
1.9590,484,221.3,20.8,0.0140,,
1.9670,485,221.3,20.8,0.0135,,
1.9750,486,221.7,20.8,0.0160,,
1.9830,486,222.2,20.8,0.0160,,
1.9915,488,222.9,20.8,0.0055,,
2.0000,489,222.9,20.8,0.0140,,
2.0085,490,223.0,20.8,0.0140,,
2.0170,491,223.7,20.8,0.0140,,
2.0245,492,223.8,20.8,0.0150,,
2.0330,492,224.3,20.8,0.0170,,
2.0415,494,224.2,20.8,0.0055,,
2.0495,495,224.4,20.8,0.0135,,
2.0580,496,225.0,20.8,0.0140,,
2.0665,497,225.2,20.8,0.0140,,
2.0740,498,225.5,20.8,0.0150,,
2.0825,498,225.3,20.8,0.0170,,
2.0910,500,225.8,20.8,0.0055,,
2.0995,501,226.4,20.8,0.0140,,
2.1080,502,226.4,20.8,0.0140,,
2.1160,503,226.4,20.8,0.0135,,
2.1240,504,226.7,20.8,0.0160,,
2.1320,504,227.1,20.8,0.0160,,
2.1405,506,227.5,20.8,0.0055,,
2.1490,507,227.4,20.8,0.0140,,
2.1575,508,227.7,20.8,0.0140,,
2.1660,508,227.7,20.8,0.0170,,
2.1735,510,228.3,20.8,0.0050,,
2.1820,510,228.7,20.8,0.0170,,
2.1900,512,228.5,20.8,0.0050,,
2.1985,513,228.8,20.8,0.0140,,
2.2070,514,229.4,20.8,0.0140,,
2.2155,515,229.5,20.8,0.0140,,
2.2230,516,229.9,20.8,0.0150,,
2.2315,516,229.7,20.8,0.0170,,
2.2400,518,229.9,20.8,0.0055,,
2.2485,519,230.5,20.8,0.0140,,
2.2565,520,230.7,20.8,0.0135,,
2.2650,521,230.5,20.8,0.0140,,
2.2725,522,230.9,20.8,0.0150,,
2.2810,523,231.0,20.8,0.0140,,
2.2895,524,231.5,20.8,0.0170,,
2.2980,525,231.6,20.8,0.0140,,
2.3065,526,231.5,20.8,0.0140,,
2.3145,527,232.0,20.8,0.0135,,
2.3225,528,232.0,20.8,0.0160,,
2.3305,528,232.6,20.8,0.0160,,
2.3390,530,232.6,20.8,0.0055,,
2.3475,531,232.5,20.8,0.0140,,
2.3560,532,233.2,20.8,0.0140,,
2.3645,533,233.4,20.8,0.0140,,
2.3720,534,233.7,20.8,0.0150,,
2.3800,534,233.5,20.8,0.0160,,
2.3880,536,233.4,20.8,0.0055,,
2.3930,537,234.0,20.8,0.0085,,
2.3935,538,234.2,20.8,0.0010,,
2.3940,539,233.9,20.8,0.0010,,
2.3945,540,234.1,20.8,0.0010,,
2.3950,540,233.8,20.8,0.0010,,
2.3960,542,234.1,20.8,0.0005,,
2.3970,543,234.3,20.8,0.0015,,
2.3975,544,233.9,20.8,0.0010,,
2.3985,545,233.9,20.8,0.0015,,
2.3990,546,233.9,20.8,0.0010,,
2.4000,546,234.2,20.8,0.0020,,
2.4010,548,234.4,20.8,0.0005,,
2.4015,549,234.1,20.8,0.0010,,
2.4020,550,234.1,20.8,0.0010,,
2.4025,551,234.4,20.8,0.0010,,
2.4035,552,234.4,20.8,0.0020,,
2.4045,552,234.5,20.8,0.0020,,
2.4055,554,234.1,20.8,0.0005,,
2.4065,555,234.2,20.8,0.0015,,
2.4065,556,234.6,20.8,0.0000,,
2.4070,557,234.4,20.8,0.0010,,
2.4075,558,234.5,20.8,0.0010,,
2.4080,558,234.2,20.8,0.0010,,
2.4085,560,234.6,20.8,0.0005,,
2.4100,561,234.7,20.8,0.0025,,
2.4105,562,234.4,20.8,0.0010,,
2.4115,563,234.5,20.8,0.0015,,
2.4120,564,234.4,20.8,0.0010,,
2.4120,564,234.7,20.8,0.0000,,
2.4135,566,234.8,20.8,0.0010,,
2.4135,567,234.4,20.8,0.0000,,
2.4140,568,234.5,20.8,0.0010,,
2.4140,569,234.7,20.8,0.0000,,
2.4145,570,234.7,20.8,0.0010,,
2.4150,570,234.7,20.8,0.0010,,
2.4160,572,234.2,20.8,0.0005,,
2.4165,573,234.5,20.8,0.0010,,
2.4175,574,234.8,20.8,0.0015,,
2.4180,575,234.5,20.8,0.0010,,
2.4185,576,234.7,20.8,0.0010,,
2.4185,576,234.4,20.8,0.0000,,
2.4190,578,234.8,20.8,0.0005,,
2.4190,579,234.9,20.8,0.0000,,
2.4205,580,234.6,20.8,0.0025,,
2.4210,581,234.5,20.8,0.0010,,
2.4210,581,235.1,20.8,0.0000,,
Scope 1/1, Sample 45/60 (T8_21)
Result,TitrationEP1
V,t,E,T,dV/dt,E acc. stat.,Volume acc. stat.
0.0000,0,-69.3,20.7,NaN,,
0.0005,1,-69.2,20.7,0.0005,,
0.0025,2,-69.0,20.7,0.0020,,
0.0050,3,-69.4,20.7,0.0025,,
0.0085,4,-69.3,20.7,0.0030,,
0.0150,5,-68.9,20.7,0.0060,,
0.0230,6,-68.8,20.7,0.0075,,
0.0305,7,-67.9,20.7,0.0075,,
0.0390,8,-67.4,20.7,0.0085,,
0.0475,9,-66.2,20.7,0.0075,,
0.0560,10,-64.6,20.7,0.0075,,
0.0645,11,-63.7,20.7,0.0075,,
0.0725,12,-62.3,20.7,0.0075,,
0.0805,13,-60.9,20.7,0.0080,,
0.0885,14,-59.1,20.7,0.0080,,
0.0970,15,-57.3,20.7,0.0075,,
0.1055,16,-55.7,20.7,0.0075,,
0.1140,17,-53.8,20.7,0.0075,,
0.1225,18,-51.6,20.7,0.0075,,
0.1300,19,-49.8,20.7,0.0075,,
0.1385,20,-47.5,20.7,0.0085,,
0.1465,21,-45.6,20.7,0.0080,,
0.1550,22,-43.4,20.7,0.0075,,
0.1635,23,-40.8,20.7,0.0075,,
0.1720,24,-38.3,20.7,0.0075,,
0.1795,25,-36.1,20.7,0.0075,,
0.1880,26,-34.0,20.7,0.0085,,
0.1965,27,-31.8,20.7,0.0085,,
0.2050,28,-29.1,20.7,0.0075,,
0.2130,29,-27.2,20.7,0.0075,,
0.2215,30,-25.6,20.7,0.0075,,
0.2290,31,-24.0,20.7,0.0075,,
0.2375,32,-22.3,20.7,0.0085,,
0.2460,33,-20.5,20.7,0.0085,,
0.2545,34,-19.2,20.7,0.0075,,
0.2630,35,-18.1,20.7,0.0075,,
0.2710,36,-16.5,20.7,0.0075,,
0.2790,37,-15.6,20.7,0.0080,,
0.2870,38,-14.1,20.7,0.0080,,
0.2955,39,-13.0,20.7,0.0085,,
0.3040,40,-12.2,20.7,0.0075,,
0.3125,41,-10.9,20.7,0.0075,,
0.3210,42,-9.8,20.7,0.0075,,
0.3285,43,-8.8,20.7,0.0075,,
0.3370,44,-8.1,20.7,0.0085,,
0.3450,45,-7.4,20.7,0.0080,,
0.3535,46,-6.2,20.7,0.0075,,
0.3620,47,-5.1,20.7,0.0075,,
0.3705,48,-4.6,20.7,0.0075,,
0.3780,49,-3.6,20.7,0.0075,,
0.3865,50,-3.0,20.7,0.0085,,
0.3950,51,-1.9,20.7,0.0085,,
0.4030,52,-1.0,20.7,0.0075,,
0.4115,53,-0.5,20.7,0.0075,,
0.4200,54,0.3,20.7,0.0075,,
0.4285,55,1.4,20.7,0.0075,,
0.4360,56,2.0,20.7,0.0075,,
0.4445,57,2.8,20.7,0.0085,,
0.4530,58,3.3,20.7,0.0075,,
0.4615,59,4.2,20.7,0.0075,,
0.4695,60,5.2,20.7,0.0075,,
0.4780,61,5.8,20.7,0.0085,,
0.4855,62,6.7,20.7,0.0075,,
0.4940,63,7.1,20.7,0.0085,,
0.5025,64,8.0,20.7,0.0075,,
0.5110,65,9.0,20.7,0.0075,,
0.5195,66,9.4,20.7,0.0075,,
0.5280,67,10.4,20.7,0.0085,,
0.5355,68,10.8,20.7,0.0075,,
0.5435,69,11.6,20.7,0.0080,,
0.5520,70,12.7,20.7,0.0075,,
0.5605,71,13.1,20.7,0.0075,,
0.5690,72,13.7,20.7,0.0075,,
0.5775,73,14.9,20.7,0.0075,,
0.5850,74,15.5,20.7,0.0075,,
0.5935,75,16.4,20.7,0.0085,,
0.6020,76,16.8,20.7,0.0075,,
0.6100,77,17.6,20.7,0.0075,,
0.6185,78,18.7,20.7,0.0075,,
0.6270,79,19.2,20.7,0.0085,,
0.6345,80,20.1,20.7,0.0075,,
0.6430,81,20.5,20.7,0.0085,,
0.6515,82,21.3,20.7,0.0075,,
0.6600,83,22.4,20.7,0.0075,,
0.6680,84,23.0,20.7,0.0075,,
0.6765,85,23.5,20.7,0.0075,,
0.6840,86,24.3,20.7,0.0075,,
0.6925,87,25.0,20.7,0.0085,,
0.7010,88,26.2,20.7,0.0075,,
0.7095,89,26.8,20.7,0.0075,,
0.7180,90,27.4,20.7,0.0075,,
0.7260,91,28.4,20.7,0.0075,,
0.7340,92,29.0,20.7,0.0080,,
0.7420,93,30.1,20.7,0.0080,,
0.7505,94,30.9,20.7,0.0085,,
0.7590,95,31.4,20.7,0.0075,,
0.7675,96,32.5,20.7,0.0075,,
0.7760,97,33.7,20.7,0.0075,,
0.7835,98,34.4,20.7,0.0075,,
0.7920,99,35.2,20.7,0.0085,,
0.8005,100,35.7,20.7,0.0085,,
0.8085,101,37.0,20.7,0.0075,,
0.8170,102,38.1,20.7,0.0075,,
0.8255,103,38.6,20.7,0.0075,,
0.8340,104,39.6,20.7,0.0085,,
0.8415,105,40.2,20.7,0.0075,,
0.8500,106,41.3,20.7,0.0085,,
0.8580,107,42.6,20.7,0.0075,,
0.8665,108,43.3,20.7,0.0075,,
0.8750,109,44.2,20.7,0.0075,,
0.8835,110,45.5,20.7,0.0075,,
0.8910,111,46.2,20.7,0.0075,,
0.8995,112,47.5,20.7,0.0085,,
0.9080,113,48.2,20.7,0.0075,,
0.9165,114,49.1,20.7,0.0075,,
0.9245,115,50.5,20.7,0.0075,,
0.9330,116,51.4,20.7,0.0075,,
0.9405,117,52.5,20.7,0.0075,,
0.9490,118,53.2,20.7,0.0085,,
0.9575,119,54.3,20.7,0.0075,,
0.9660,120,55.7,20.7,0.0075,,
0.9745,121,56.7,20.7,0.0075,,
0.9825,122,57.6,20.7,0.0075,,
0.9905,123,58.8,20.7,0.0080,,
0.9985,124,59.9,20.7,0.0080,,
1.0070,125,61.4,20.7,0.0075,,
1.0155,126,62.3,20.7,0.0075,,
1.0240,127,63.5,20.7,0.0075,,
1.0325,128,64.6,20.7,0.0085,,
1.0400,129,66.1,20.7,0.0075,,
1.0485,130,67.6,20.7,0.0085,,
1.0570,131,68.7,20.7,0.0075,,
1.0650,132,69.9,20.7,0.0075,,
1.0735,133,71.5,20.7,0.0075,,
1.0820,134,72.9,20.7,0.0075,,
1.0895,135,74.5,20.7,0.0075,,
1.0980,136,75.7,20.7,0.0085,,
1.1065,137,77.1,20.7,0.0085,,
1.1150,138,78.9,20.7,0.0075,,
1.1230,139,80.8,20.7,0.0075,,
1.1315,140,82.1,20.7,0.0075,,
1.1390,141,83.9,20.7,0.0075,,
1.1475,142,85.5,20.7,0.0085,,
1.1560,143,87.7,20.7,0.0085,,
1.1645,144,89.6,20.7,0.0075,,
1.1730,145,91.4,20.7,0.0075,,
1.1810,146,93.5,20.7,0.0075,,
1.1890,147,95.2,20.7,0.0080,,
1.1970,148,97.7,20.7,0.0080,,
1.2055,149,100.1,20.7,0.0085,,
1.2140,150,102.2,20.7,0.0075,,
1.2225,151,105.1,20.7,0.0075,,
1.2310,152,108.2,20.7,0.0075,,
1.2390,153,110.8,20.7,0.0080,,
1.2470,154,114.0,20.7,0.0080,,
1.2550,155,117.2,20.7,0.0080,,
1.2635,156,120.7,20.7,0.0075,,
1.2720,157,124.9,20.7,0.0075,,
1.2805,158,128.7,20.7,0.0075,,
1.2890,159,132.8,20.7,0.0085,,
1.2965,160,136.8,20.7,0.0075,,
1.3050,161,140.8,20.7,0.0085,,
1.3130,162,145.4,20.7,0.0075,,
1.3215,163,149.2,20.7,0.0075,,
1.3300,164,152.7,20.7,0.0075,,
1.3385,165,155.9,20.7,0.0085,,
1.3460,166,159.3,20.7,0.0075,,
1.3545,167,162.6,20.7,0.0085,,
1.3630,168,165.2,20.7,0.0075,,
1.3715,169,167.5,20.7,0.0075,,
1.3795,170,170.2,20.7,0.0075,,
1.3880,171,172.5,20.7,0.0075,,
1.3955,172,174.4,20.7,0.0075,,
1.4040,173,176.2,20.7,0.0085,,
1.4125,174,177.7,20.7,0.0085,,
1.4210,175,179.6,20.7,0.0075,,
1.4290,176,181.2,20.7,0.0075,,
1.4375,177,182.4,20.7,0.0075,,
1.4460,178,184.0,20.7,0.0085,,
1.4545,179,185.1,20.7,0.0070,,
1.4545,419,187.5,20.8,0.0000,,
1.4550,420,187.2,20.8,0.0005,,
1.4565,421,187.4,20.8,0.0010,,
1.4595,422,187.5,20.8,0.0025,,
1.4630,423,187.5,20.8,0.0025,,
1.4690,424,188.2,20.8,0.0045,,
1.4775,425,189.2,20.8,0.0060,,
1.4850,426,190.1,20.8,0.0060,,
1.4935,427,191.0,20.8,0.0065,,
1.5015,428,191.6,20.8,0.0060,,
1.5100,429,193.0,20.8,0.0060,,
1.5185,430,194.0,20.8,0.0060,,
1.5270,431,194.7,20.8,0.0060,,
1.5345,432,195.6,20.8,0.0060,,
1.5430,433,196.1,20.8,0.0065,,
1.5515,434,196.9,20.8,0.0065,,
1.5595,435,198.0,20.8,0.0055,,
1.5680,436,198.6,20.8,0.0060,,
1.5765,437,199.1,20.8,0.0060,,
1.5840,438,199.9,20.8,0.0060,,
1.5925,439,200.8,20.8,0.0065,,
1.6010,440,201.8,20.8,0.0065,,
1.6095,441,202.1,20.8,0.0060,,
1.6180,442,202.7,20.8,0.0060,,
1.6260,443,203.8,20.8,0.0055,,
1.6335,444,204.2,20.8,0.0060,,
1.6420,445,205.0,20.8,0.0065,,
1.6505,446,205.2,20.8,0.0065,,
1.6590,447,205.9,20.8,0.0060,,
1.6675,448,206.6,20.8,0.0060,,
1.6760,449,206.9,20.8,0.0060,,
1.6835,450,207.6,20.8,0.0060,,
1.6920,451,207.8,20.8,0.0065,,
1.7000,452,208.5,20.8,0.0060,,
1.7085,453,209.3,20.8,0.0060,,
1.7170,454,209.5,20.8,0.0060,,
1.7255,455,210.0,20.8,0.0060,,
1.7330,456,210.4,20.8,0.0060,,
1.7415,457,211.0,20.8,0.0065,,
1.7500,458,211.7,20.8,0.0065,,
1.7580,459,211.9,20.8,0.0055,,
1.7665,460,212.2,20.8,0.0060,,
1.7750,461,212.9,20.8,0.0060,,
1.7835,462,213.1,20.8,0.0065,,
1.7910,463,214.0,20.8,0.0060,,
1.7995,464,214.1,20.8,0.0065,,
1.8080,465,214.4,20.8,0.0060,,
1.8165,466,215.1,20.8,0.0060,,
1.8245,467,215.5,20.8,0.0055,,
1.8330,468,215.8,20.8,0.0065,,
1.8405,469,216.0,20.8,0.0060,,
1.8490,470,216.1,20.8,0.0065,,
1.8575,471,216.9,20.8,0.0060,,
1.8660,472,217.3,20.8,0.0060,,
1.8745,473,217.4,20.8,0.0060,,
1.8825,474,217.9,20.8,0.0060,,
1.8905,475,218.1,20.8,0.0060,,
1.8985,476,218.8,20.8,0.0060,,
1.9070,477,219.1,20.8,0.0060,,
1.9155,478,219.0,20.8,0.0060,,
1.9240,479,219.6,20.8,0.0060,,
1.9325,480,220.1,20.8,0.0060,,
1.9400,481,220.3,20.8,0.0060,,
1.9485,482,220.5,20.8,0.0065,,
1.9565,483,220.6,20.8,0.0060,,
1.9650,484,221.0,20.8,0.0060,,
1.9735,485,221.6,20.8,0.0060,,
1.9820,486,221.6,20.8,0.0060,,
1.9895,487,222.2,20.8,0.0060,,
1.9980,488,222.2,20.8,0.0065,,
2.0065,489,222.6,20.8,0.0065,,
2.0145,490,223.2,20.8,0.0055,,
2.0230,491,223.1,20.8,0.0060,,
2.0315,492,223.4,20.8,0.0060,,
2.0390,493,223.5,20.8,0.0060,,
2.0475,494,224.1,20.8,0.0065,,
2.0560,495,224.6,20.8,0.0065,,
2.0645,496,224.5,20.8,0.0060,,
2.0730,497,224.7,20.8,0.0060,,
2.0810,498,225.3,20.8,0.0055,,
2.0890,499,225.4,20.8,0.0060,,
2.0970,500,225.8,20.8,0.0060,,
2.1055,501,225.8,20.8,0.0065,,
2.1140,502,225.9,20.8,0.0060,,
2.1225,503,226.6,20.8,0.0060,,
2.1310,504,226.7,20.8,0.0060,,
2.1385,505,227.0,20.8,0.0060,,
2.1470,506,227.1,20.8,0.0065,,
2.1550,507,227.5,20.8,0.0060,,
2.1635,508,228.0,20.8,0.0060,,
2.1720,509,227.9,20.8,0.0060,,
2.1805,510,228.1,20.8,0.0060,,
2.1880,511,228.2,20.8,0.0060,,
2.1965,512,228.5,20.8,0.0065,,
2.2050,513,229.0,20.8,0.0065,,
2.2130,514,229.1,20.8,0.0055,,
2.2215,515,229.0,20.8,0.0060,,
2.2300,516,229.6,20.8,0.0060,,
2.2385,517,229.7,20.8,0.0065,,
2.2460,518,230.1,20.8,0.0060,,
2.2545,519,230.1,20.8,0.0065,,
2.2630,520,230.2,20.8,0.0060,,
2.2710,521,230.6,20.8,0.0055,,
2.2795,522,230.9,20.8,0.0060,,
2.2880,523,230.8,20.8,0.0060,,
2.2955,524,231.2,20.8,0.0060,,
2.3040,525,231.2,20.8,0.0065,,
2.3125,526,231.6,20.8,0.0060,,
2.3210,527,231.9,20.8,0.0060,,
2.3295,528,231.8,20.8,0.0060,,
2.3375,529,232.1,20.8,0.0055,,
2.3455,530,232.2,20.8,0.0060,,
2.3535,531,232.8,20.8,0.0060,,
2.3620,532,233.0,20.8,0.0060,,
2.3705,533,232.8,20.8,0.0060,,
2.3790,534,233.2,20.8,0.0060,,
2.3870,535,233.3,20.8,0.0060,,
2.3945,536,233.8,20.8,0.0060,,
2.4025,537,234.0,20.8,0.0060,,
2.4050,538,233.9,20.8,0.0020,,
2.4055,539,234.0,20.8,0.0005,,
2.4065,540,234.4,20.8,0.0005,,
2.4070,541,234.1,20.8,0.0005,,
2.4085,542,234.3,20.8,0.0010,,
2.4100,543,234.0,20.8,0.0010,,
2.4110,544,234.2,20.8,0.0005,,
2.4130,545,234.4,20.8,0.0015,,
2.4135,546,234.3,20.8,0.0005,,
2.4140,547,234.2,20.8,0.0005,,
2.4150,548,234.2,20.8,0.0010,,
2.4155,549,234.3,20.8,0.0005,,
2.4160,550,234.6,20.8,0.0005,,
2.4165,551,234.2,20.8,0.0005,,
2.4185,552,234.2,20.8,0.0015,,
2.4190,553,234.5,20.8,0.0005,,
2.4195,554,234.5,20.8,0.0005,,
2.4205,555,234.7,20.8,0.0010,,
2.4210,556,234.4,20.8,0.0005,,
2.4215,557,234.3,20.8,0.0005,,
2.4225,558,234.7,20.8,0.0005,,
2.4235,559,234.6,20.8,0.0005,,
2.4240,560,234.8,20.8,0.0005,,
2.4250,561,234.4,20.8,0.0010,,
2.4250,562,234.4,20.8,0.0000,,
2.4255,563,234.8,20.8,0.0005,,
2.4260,564,234.6,20.8,0.0005,,
2.4270,565,234.4,20.8,0.0005,,
2.4275,566,234.5,20.8,0.0005,,
2.4280,567,234.6,20.8,0.0005,,
2.4295,568,234.8,20.8,0.0010,,
2.4305,569,234.5,20.8,0.0005,,
2.4310,570,234.6,20.8,0.0005,,
2.4320,571,234.8,20.8,0.0005,,
2.4325,572,234.6,20.8,0.0005,,
2.4335,573,234.9,20.8,0.0010,,
2.4345,574,234.7,20.8,0.0010,,
2.4350,575,234.6,20.8,0.0005,,
2.4350,576,234.9,20.8,0.0000,,
2.4355,577,234.9,20.8,0.0005,,
2.4360,578,235.0,20.8,0.0005,,
2.4370,579,235.0,20.8,0.0010,,
Scope 1/1, Sample 46/60 (T9_21)
Result,TitrationEP1
V,t,E,T,dV/dt,E acc. stat.,Volume acc. stat.
0.0000,0,-70.4,20.7,NaN,,
0.0010,1,-70.6,20.7,0.0010,,
0.0025,2,-70.3,20.7,0.0015,,
0.0050,3,-70.6,20.7,0.0025,,
0.0090,4,-70.1,20.7,0.0035,,
0.0150,5,-70.2,20.7,0.0055,,
0.0235,6,-70.0,20.7,0.0075,,
0.0320,7,-68.9,20.7,0.0075,,
0.0405,8,-68.1,20.7,0.0075,,
0.0480,9,-67.1,20.7,0.0075,,
0.0565,10,-66.2,20.7,0.0075,,
0.0645,11,-65.1,20.7,0.0075,,
0.0730,12,-63.2,20.7,0.0075,,
0.0815,13,-61.6,20.7,0.0075,,
0.0900,14,-60.4,20.7,0.0075,,
0.0975,15,-58.9,20.7,0.0075,,
0.1060,16,-57.3,20.7,0.0075,,
0.1145,17,-55.1,20.7,0.0075,,
0.1230,18,-53.1,20.7,0.0075,,
0.1310,19,-51.4,20.7,0.0075,,
0.1395,20,-49.3,20.7,0.0075,,
0.1470,21,-47.5,20.7,0.0075,,
0.1555,22,-44.8,20.7,0.0075,,
0.1640,23,-42.5,20.7,0.0075,,
0.1725,24,-40.4,20.7,0.0075,,
0.1810,25,-37.6,20.7,0.0075,,
0.1890,26,-35.0,20.7,0.0075,,
0.1970,27,-32.7,20.7,0.0080,,
0.2050,28,-30.6,20.7,0.0075,,
0.2135,29,-28.7,20.7,0.0075,,
0.2220,30,-26.5,20.7,0.0075,,
0.2305,31,-24.4,20.7,0.0075,,
0.2390,32,-23.1,20.7,0.0075,,
0.2465,33,-21.4,20.7,0.0075,,
0.2550,34,-20.3,20.7,0.0075,,
0.2630,35,-18.7,20.7,0.0075,,
0.2715,36,-17.1,20.7,0.0075,,
0.2800,37,-16.2,20.7,0.0075,,
0.2885,38,-15.1,20.7,0.0075,,
0.2970,39,-13.6,20.7,0.0075,,
0.3045,40,-12.8,20.7,0.0075,,
0.3125,41,-11.3,20.7,0.0075,,
0.3210,42,-10.4,20.7,0.0075,,
0.3295,43,-9.7,20.7,0.0075,,
0.3380,44,-8.4,20.7,0.0075,,
0.3465,45,-7.3,20.7,0.0075,,
0.3540,46,-6.5,20.7,0.0075,,
0.3625,47,-5.6,20.7,0.0075,,
0.3710,48,-5.0,20.7,0.0075,,
0.3790,49,-3.7,20.7,0.0075,,
0.3875,50,-2.8,20.7,0.0075,,
0.3960,51,-2.4,20.7,0.0075,,
0.4035,52,-1.4,20.7,0.0075,,
0.4120,53,-0.9,20.7,0.0075,,
0.4205,54,0.3,20.7,0.0075,,
0.4290,55,1.0,20.7,0.0075,,
0.4375,56,1.3,20.7,0.0075,,
0.4455,57,2.4,20.7,0.0075,,
0.4535,58,3.0,20.7,0.0080,,
0.4615,59,4.1,20.7,0.0075,,
0.4700,60,4.8,20.7,0.0075,,
0.4785,61,5.2,20.7,0.0075,,
0.4870,62,6.3,20.7,0.0075,,
0.4955,63,7.2,20.7,0.0075,,
0.5030,64,7.9,20.7,0.0075,,
0.5115,65,8.5,20.7,0.0075,,
0.5195,66,8.9,20.7,0.0075,,
0.5280,67,10.0,20.7,0.0075,,
0.5365,68,10.9,20.7,0.0075,,
0.5450,69,11.2,20.7,0.0075,,
0.5525,70,12.3,20.7,0.0075,,
0.5610,71,12.6,20.7,0.0075,,
0.5695,72,13.7,20.7,0.0075,,
0.5780,73,14.7,20.7,0.0075,,
0.5860,74,15.0,20.7,0.0075,,
0.5945,75,15.8,20.7,0.0075,,
0.6020,76,16.4,20.7,0.0075,,
0.6105,77,17.5,20.7,0.0075,,
0.6190,78,18.3,20.7,0.0075,,
0.6275,79,18.6,20.7,0.0075,,
0.6360,80,19.5,20.7,0.0075,,
0.6440,81,20.6,20.7,0.0075,,
0.6520,82,21.1,20.7,0.0080,,
0.6600,83,21.9,20.7,0.0075,,
0.6685,84,22.2,20.7,0.0075,,
0.6770,85,23.2,20.7,0.0075,,
0.6855,86,24.3,20.7,0.0075,,
0.6940,87,24.8,20.7,0.0075,,
0.7020,88,25.8,20.7,0.0080,,
0.7100,89,26.2,20.7,0.0075,,
0.7180,90,27.1,20.7,0.0075,,
0.7265,91,28.2,20.7,0.0075,,
0.7350,92,28.7,20.7,0.0075,,
0.7435,93,29.3,20.7,0.0075,,
0.7520,94,30.0,20.7,0.0085,,
0.7595,95,31.1,20.7,0.0070,,
0.7680,96,32.2,20.7,0.0075,,
0.7760,97,32.8,20.7,0.0075,,
0.7845,98,33.4,20.7,0.0075,,
0.7930,99,34.7,20.7,0.0075,,
0.8015,100,35.2,20.7,0.0075,,
0.8090,101,36.4,20.7,0.0070,,
0.8175,102,36.9,20.7,0.0075,,
0.8260,103,37.8,20.7,0.0075,,
0.8345,104,39.1,20.7,0.0075,,
0.8425,105,40.0,20.7,0.0075,,
0.8510,106,40.5,20.7,0.0075,,
0.8585,107,41.8,20.7,0.0075,,
0.8670,108,42.4,20.7,0.0075,,
0.8755,109,43.7,20.7,0.0075,,
0.8840,110,44.7,20.7,0.0075,,
0.8925,111,45.2,20.7,0.0075,,
0.9005,112,46.4,20.7,0.0075,,
0.9085,113,47.0,20.7,0.0080,,
0.9165,114,48.6,20.7,0.0075,,
0.9250,115,49.6,20.7,0.0075,,
0.9335,116,50.3,20.7,0.0075,,
0.9420,117,51.4,20.7,0.0075,,
0.9505,118,52.8,20.7,0.0075,,
0.9580,119,53.7,20.7,0.0075,,
0.9665,120,54.8,20.7,0.0075,,
0.9745,121,55.4,20.7,0.0075,,
0.9830,122,56.8,20.7,0.0075,,
0.9915,123,58.3,20.7,0.0075,,
1.0000,124,59.2,20.7,0.0075,,
1.0085,125,60.6,20.7,0.0085,,
1.0160,126,61.3,20.7,0.0070,,
1.0245,127,62.6,20.7,0.0075,,
1.0325,128,64.2,20.7,0.0075,,
1.0410,129,65.1,20.7,0.0075,,
1.0495,130,66.2,20.7,0.0075,,
1.0580,131,67.4,20.7,0.0085,,
1.0655,132,69.0,20.7,0.0070,,
1.0740,133,70.6,20.7,0.0075,,
1.0825,134,71.8,20.7,0.0075,,
1.0910,135,73.0,20.7,0.0075,,
1.0990,136,74.8,20.7,0.0075,,
1.1075,137,76.0,20.7,0.0085,,
1.1150,138,77.7,20.7,0.0070,,
1.1235,139,78.9,20.7,0.0075,,
1.1320,140,80.5,20.7,0.0075,,
1.1405,141,82.6,20.7,0.0075,,
1.1490,142,84.1,20.7,0.0075,,
1.1570,143,85.8,20.7,0.0080,,
1.1650,144,87.3,20.7,0.0075,,
1.1730,145,89.3,20.7,0.0075,,
1.1815,146,91.6,20.7,0.0075,,
1.1900,147,93.3,20.7,0.0075,,
1.1985,148,95.2,20.7,0.0075,,
1.2070,149,97.3,20.7,0.0085,,
1.2145,150,99.9,20.7,0.0070,,
1.2230,151,102.6,20.7,0.0075,,
1.2310,152,104.9,20.7,0.0075,,
1.2395,153,107.4,20.7,0.0075,,
1.2480,154,110.7,20.7,0.0075,,
1.2565,155,114.1,20.7,0.0075,,
1.2640,156,117.2,20.7,0.0070,,
1.2725,157,120.6,20.7,0.0075,,
1.2810,158,124.0,20.7,0.0075,,
1.2895,159,128.3,20.7,0.0075,,
1.2975,160,132.5,20.7,0.0075,,
1.3060,161,136.4,20.7,0.0075,,
1.3135,162,140.6,20.7,0.0075,,
1.3220,163,144.2,20.7,0.0075,,
1.3305,164,148.5,20.7,0.0075,,
1.3390,165,152.6,20.7,0.0075,,
1.3475,166,155.9,20.7,0.0075,,
1.3555,167,159.1,20.8,0.0075,,
1.3635,168,161.8,20.8,0.0080,,
1.3715,169,164.8,20.8,0.0075,,
1.3800,170,167.6,20.7,0.0075,,
1.3885,171,169.5,20.8,0.0075,,
1.3970,172,171.6,20.8,0.0075,,
1.4055,173,174.1,20.8,0.0075,,
1.4130,174,175.6,20.8,0.0075,,
1.4215,175,177.6,20.8,0.0075,,
1.4295,176,179.0,20.7,0.0075,,
1.4380,177,180.3,20.7,0.0075,,
1.4465,178,182.3,20.8,0.0075,,
1.4550,179,183.7,20.8,0.0075,,
1.4645,180,185.0,20.8,0.0075,,
1.4645,420,187.3,20.8,0.0000,,
1.4650,421,187.0,20.8,0.0005,,
1.4665,422,186.7,20.8,0.0010,,
1.4690,423,187.3,20.8,0.0020,,
1.4730,424,187.6,20.8,0.0025,,
1.4790,426,187.7,20.8,0.0040,,
1.4875,426,188.8,20.8,0.0170,,
1.4950,427,189.5,20.8,0.0055,,
1.5035,428,190.9,20.8,0.0060,,
1.5120,430,191.7,20.8,0.0055,,
1.5200,430,192.4,20.8,0.0160,,
1.5285,432,193.4,20.8,0.0055,,
1.5370,432,194.7,20.8,0.0170,,
1.5445,433,195.4,20.8,0.0055,,
1.5530,434,196.3,20.8,0.0060,,
1.5615,435,196.8,20.8,0.0060,,
1.5700,436,197.6,20.8,0.0055,,
1.5780,438,198.8,20.8,0.0055,,
1.5865,438,199.2,20.8,0.0170,,
1.5940,439,199.9,20.8,0.0055,,
1.6025,440,200.3,20.8,0.0060,,
1.6110,441,201.3,20.8,0.0060,,
1.6195,442,202.3,20.8,0.0055,,
1.6280,444,202.6,20.8,0.0055,,
1.6360,444,203.2,20.8,0.0160,,
1.6440,445,203.7,20.8,0.0055,,
1.6525,446,204.5,20.8,0.0060,,
1.6605,447,205.4,20.8,0.0055,,
1.6690,448,205.6,20.8,0.0055,,
1.6775,450,206.2,20.8,0.0055,,
1.6860,450,207.1,20.8,0.0170,,
1.6940,451,207.1,20.8,0.0055,,
1.7020,452,208.1,20.8,0.0055,,
1.7100,453,208.4,20.8,0.0055,,
1.7185,454,208.7,20.8,0.0055,,
1.7270,456,209.6,20.8,0.0055,,
1.7355,456,210.0,20.8,0.0170,,
1.7440,457,210.6,20.8,0.0060,,
1.7515,458,210.6,20.8,0.0055,,
1.7600,459,211.0,20.8,0.0060,,
1.7685,460,211.9,20.8,0.0055,,
1.7765,462,212.3,20.8,0.0055,,
1.7850,462,212.4,20.8,0.0170,,
1.7935,463,212.8,20.8,0.0060,,
1.8010,464,213.3,20.8,0.0055,,
1.8095,465,214.1,20.8,0.0060,,
1.8180,466,214.3,20.8,0.0055,,
1.8265,468,214.4,20.8,0.0055,,
1.8350,468,215.2,20.8,0.0170,,
1.8430,469,215.3,20.8,0.0055,,
1.8505,470,216.1,20.8,0.0055,,
1.8590,471,216.2,20.8,0.0060,,
1.8675,472,216.3,20.8,0.0055,,
1.8760,474,217.1,20.8,0.0055,,
1.8845,474,217.4,20.8,0.0170,,
1.8930,475,217.9,20.8,0.0060,,
1.9005,476,217.9,20.8,0.0055,,
1.9090,477,218.1,20.8,0.0060,,
1.9170,478,218.9,20.8,0.0055,,
1.9255,480,219.1,20.8,0.0055,,
1.9340,480,219.1,20.8,0.0170,,
1.9425,481,219.6,20.8,0.0060,,
1.9500,482,219.8,20.8,0.0055,,
1.9585,483,220.4,20.8,0.0060,,
1.9670,484,220.8,20.8,0.0055,,
1.9750,486,220.6,20.8,0.0055,,
1.9835,486,221.2,20.8,0.0170,,
1.9920,488,221.8,20.8,0.0055,,
1.9995,488,222.0,20.8,0.0185,,
2.0080,489,222.4,20.8,0.0060,,
2.0165,490,222.2,20.8,0.0055,,
2.0250,492,222.8,20.8,0.0055,,
2.0335,492,223.3,20.8,0.0170,,
2.0415,494,223.2,20.8,0.0055,,
2.0495,494,223.6,20.8,0.0200,,
2.0575,495,223.6,20.8,0.0055,,
2.0660,496,224.2,20.8,0.0055,,
2.0745,498,224.7,20.8,0.0055,,
2.0830,498,224.6,20.8,0.0170,,
2.0915,499,224.9,20.8,0.0060,,
2.0990,500,224.9,20.8,0.0055,,
2.1075,501,225.6,20.8,0.0060,,
2.1155,502,226.0,20.8,0.0055,,
2.1240,504,226.0,20.8,0.0055,,
2.1325,504,226.2,20.8,0.0170,,
2.1410,506,226.8,20.8,0.0055,,
2.1485,506,226.8,20.8,0.0185,,
2.1570,507,227.3,20.8,0.0060,,
2.1655,508,227.2,20.8,0.0060,,
2.1735,510,227.4,20.8,0.0055,,
2.1820,510,228.0,20.8,0.0170,,
2.1905,512,228.0,20.8,0.0055,,
2.1980,512,228.4,20.8,0.0185,,
2.2065,513,228.3,20.8,0.0060,,
2.2150,514,228.4,20.8,0.0060,,
2.2235,516,229.1,20.8,0.0055,,
2.2320,516,229.1,20.8,0.0170,,
2.2400,518,229.1,20.8,0.0055,,
2.2475,518,229.4,20.8,0.0185,,
2.2560,519,229.6,20.8,0.0060,,
2.2645,520,230.2,20.8,0.0060,,
2.2730,522,230.3,20.8,0.0055,,
2.2815,522,230.1,20.8,0.0170,,
2.2900,524,230.6,20.8,0.0055,,
2.2980,524,230.7,20.8,0.0200,,
2.3060,525,231.3,20.8,0.0055,,
2.3140,526,231.3,20.8,0.0055,,
2.3225,528,231.3,20.8,0.0055,,
2.3310,528,231.9,20.8,0.0170,,
2.3395,530,232.1,20.8,0.0055,,
2.3470,530,232.4,20.8,0.0185,,
2.3555,531,232.3,20.8,0.0060,,
2.3640,532,232.4,20.8,0.0060,,
2.3720,534,233.0,20.8,0.0055,,
2.3805,534,233.0,20.8,0.0170,,
2.3890,536,232.8,20.8,0.0055,,
2.3965,536,233.2,20.8,0.0185,,
2.4045,537,233.4,20.8,0.0055,,
2.4125,538,233.9,20.8,0.0055,,
2.4195,540,233.9,20.8,0.0045,,
2.4235,540,233.7,20.8,0.0080,,
2.4235,542,234.1,20.8,0.0000,,
2.4245,542,234.0,20.8,0.0025,,
2.4255,543,234.4,20.8,0.0005,,
2.4270,544,234.2,20.8,0.0010,,
2.4275,546,233.9,20.8,0.0005,,
2.4280,546,234.2,20.8,0.0010,,
2.4290,548,234.4,20.8,0.0005,,
2.4290,548,234.5,20.8,0.0000,,
2.4295,549,234.2,20.8,0.0005,,
2.4305,550,234.0,20.8,0.0005,,
2.4310,552,234.4,20.8,0.0005,,
2.4320,552,234.4,20.8,0.0020,,
2.4330,554,234.0,20.8,0.0005,,
2.4340,554,234.4,20.8,0.0025,,
2.4350,555,234.0,20.8,0.0005,,
2.4350,556,234.4,20.8,0.0000,,
2.4355,558,234.4,20.8,0.0005,,
2.4360,558,234.0,20.8,0.0010,,
2.4365,560,234.3,20.8,0.0005,,
2.4370,560,234.2,20.8,0.0010,,
2.4375,561,234.5,20.8,0.0005,,
2.4380,562,234.4,20.8,0.0005,,
2.4385,564,234.1,20.8,0.0005,,
2.4395,564,234.4,20.8,0.0020,,
2.4400,566,234.6,20.8,0.0005,,
2.4410,566,234.6,20.8,0.0025,,
2.4415,567,234.5,20.8,0.0005,,
2.4425,568,234.2,20.8,0.0005,,
2.4430,570,234.6,20.8,0.0005,,
2.4440,570,234.8,20.8,0.0020,,
2.4445,572,234.3,20.8,0.0005,,
2.4455,572,234.5,20.8,0.0025,,
2.4455,573,234.3,20.8,0.0000,,
2.4470,574,234.6,20.8,0.0010,,
2.4470,576,234.8,20.8,0.0000,,
2.4475,576,234.4,20.8,0.0010,,
2.4480,578,234.6,20.8,0.0005,,
2.4480,578,234.5,20.8,0.0000,,
2.4490,579,234.8,20.8,0.0005,,
2.4495,580,234.9,20.8,0.0005,,
2.4500,581,235.0,20.8,0.0005,,
Scope 1/1, Sample 47/60 (T10_21)
Result,TitrationEP1
V,t,E,T,dV/dt,E acc. stat.,Volume acc. stat.
0.0000,0,-70.4,20.7,NaN,,
0.0010,1,-70.1,20.7,0.0010,,
0.0025,2,-70.5,20.7,0.0015,,
0.0050,3,-70.7,20.7,0.0025,,
0.0090,4,-70.7,20.7,0.0035,,
0.0150,5,-70.3,20.7,0.0055,,
0.0235,6,-69.7,20.7,0.0075,,
0.0320,7,-69.5,20.7,0.0075,,
0.0405,8,-68.7,20.7,0.0075,,
0.0490,9,-67.1,20.7,0.0070,,
0.0565,10,-66.2,20.7,0.0070,,
0.0650,11,-64.9,20.7,0.0075,,
0.0730,12,-63.9,20.7,0.0075,,
0.0815,13,-62.2,20.8,0.0075,,
0.0900,14,-60.4,20.7,0.0075,,
0.0985,15,-59.1,20.8,0.0075,,
0.1060,16,-57.4,20.7,0.0070,,
0.1145,17,-55.8,20.7,0.0075,,
0.1230,18,-53.9,20.7,0.0075,,
0.1310,19,-51.5,20.7,0.0075,,
0.1395,20,-49.6,20.7,0.0075,,
0.1480,21,-47.8,20.7,0.0075,,
0.1555,22,-45.8,20.7,0.0070,,
0.1640,23,-43.4,20.7,0.0075,,
0.1725,24,-40.6,20.7,0.0075,,
0.1810,25,-38.5,20.8,0.0075,,
0.1890,26,-36.4,20.7,0.0075,,
0.1975,27,-33.8,20.8,0.0075,,
0.2060,28,-31.9,20.7,0.0075,,
0.2135,29,-29.4,20.8,0.0070,,
0.2220,30,-27.8,20.8,0.0075,,
0.2305,31,-26.3,20.8,0.0075,,
0.2390,32,-24.2,20.8,0.0075,,
0.2470,33,-22.6,20.8,0.0075,,
0.2555,34,-21.1,20.8,0.0075,,
0.2630,35,-20.1,20.8,0.0070,,
0.2715,36,-18.9,20.8,0.0075,,
0.2800,37,-17.2,20.8,0.0075,,
0.2885,38,-16.1,20.8,0.0075,,
0.2970,39,-15.2,20.8,0.0075,,
0.3045,40,-14.2,20.8,0.0070,,
0.3130,41,-13.0,20.8,0.0075,,
0.3215,42,-11.6,20.8,0.0075,,
0.3295,43,-10.8,20.8,0.0075,,
0.3380,44,-10.1,20.8,0.0075,,
0.3465,45,-8.8,20.8,0.0075,,
0.3550,46,-8.1,20.8,0.0075,,
0.3625,47,-6.8,20.8,0.0070,,
0.3710,48,-6.1,20.8,0.0075,,
0.3795,49,-5.5,20.8,0.0075,,
0.3875,50,-4.3,20.8,0.0075,,
0.3960,51,-3.2,20.8,0.0075,,
0.4045,52,-2.8,20.8,0.0070,,
0.4120,53,-1.9,20.8,0.0070,,
0.4205,54,-1.5,20.8,0.0075,,
0.4290,55,-0.5,20.8,0.0075,,
0.4375,56,0.4,20.8,0.0075,,
0.4455,57,0.8,20.8,0.0075,,
0.4540,58,1.5,20.8,0.0070,,
0.4615,59,2.2,20.8,0.0070,,
0.4700,60,3.3,20.8,0.0075,,
0.4785,61,4.2,20.8,0.0075,,
0.4870,62,4.7,20.8,0.0075,,
0.4955,63,5.4,20.8,0.0075,,
0.5040,64,6.8,20.8,0.0070,,
0.5115,65,7.3,20.8,0.0070,,
0.5200,66,8.1,20.8,0.0075,,
0.5280,67,8.4,20.8,0.0075,,
0.5365,68,9.1,20.8,0.0075,,
0.5450,69,10.2,20.8,0.0075,,
0.5535,70,10.8,20.8,0.0075,,
0.5610,71,11.6,20.8,0.0070,,
0.5695,72,11.9,20.8,0.0075,,
0.5780,73,12.7,20.8,0.0075,,
0.5860,74,13.8,20.8,0.0075,,
0.5945,75,14.4,20.8,0.0075,,
0.6030,76,14.8,20.8,0.0075,,
0.6105,77,15.5,20.8,0.0070,,
0.6190,78,16.3,20.8,0.0075,,
0.6275,79,17.5,20.8,0.0075,,
0.6360,80,18.0,20.8,0.0075,,
0.6440,81,18.5,20.8,0.0075,,
0.6525,82,19.8,20.8,0.0075,,
0.6600,83,20.2,20.8,0.0070,,
0.6685,84,21.2,20.8,0.0075,,
0.6770,85,21.7,20.8,0.0075,,
0.6855,86,22.4,20.8,0.0075,,
0.6940,87,23.5,20.8,0.0075,,
0.7025,88,24.4,20.8,0.0075,,
0.7100,89,25.2,20.8,0.0070,,
0.7185,90,25.5,20.8,0.0075,,
0.7265,91,26.3,20.8,0.0075,,
0.7350,92,27.6,20.8,0.0075,,
0.7435,93,28.2,20.8,0.0075,,
0.7520,94,28.7,20.8,0.0075,,
0.7595,95,29.6,20.8,0.0070,,
0.7680,96,30.4,20.8,0.0075,,
0.7765,97,31.6,20.8,0.0075,,
0.7845,98,32.4,20.8,0.0075,,
0.7930,99,32.9,20.8,0.0075,,
0.8015,100,34.0,20.8,0.0075,,
0.8100,101,34.6,20.8,0.0075,,
0.8175,102,35.9,20.8,0.0070,,
0.8260,103,36.8,20.8,0.0075,,
0.8345,104,37.2,20.8,0.0075,,
0.8425,105,38.4,20.8,0.0075,,
0.8510,106,39.6,20.8,0.0075,,
0.8595,107,40.1,20.8,0.0070,,
0.8670,108,41.2,20.8,0.0070,,
0.8755,109,41.8,20.8,0.0075,,
0.8840,110,43.1,20.8,0.0075,,
0.8925,111,44.3,20.8,0.0075,,
0.9005,112,44.8,20.8,0.0075,,
0.9090,113,45.7,20.8,0.0070,,
0.9165,114,46.6,20.8,0.0070,,
0.9250,115,47.9,20.8,0.0075,,
0.9335,116,49.1,20.8,0.0075,,
0.9420,117,49.8,20.8,0.0075,,
0.9505,118,51.0,20.8,0.0075,,
0.9590,119,52.4,20.8,0.0070,,
0.9665,120,53.0,20.8,0.0070,,
0.9745,121,54.3,20.8,0.0075,,
0.9830,122,55.1,20.8,0.0075,,
0.9915,123,56.2,20.8,0.0075,,
1.0000,124,57.8,20.8,0.0075,,
1.0085,125,58.9,20.8,0.0075,,
1.0160,126,60.1,20.8,0.0070,,
1.0245,127,60.9,20.8,0.0075,,
1.0330,128,62.2,20.8,0.0075,,
1.0410,129,63.8,20.8,0.0075,,
1.0495,130,64.8,20.8,0.0075,,
1.0580,131,66.0,20.8,0.0075,,
1.0655,132,67.2,20.8,0.0070,,
1.0740,133,68.8,20.8,0.0075,,
1.0825,134,70.5,20.8,0.0075,,
1.0910,135,71.5,20.8,0.0075,,
1.0995,136,73.1,20.8,0.0075,,
1.1075,137,74.8,20.8,0.0065,,
1.1155,138,76.0,20.8,0.0075,,
1.1235,139,77.8,20.8,0.0075,,
1.1320,140,79.1,20.8,0.0075,,
1.1405,141,80.9,20.8,0.0075,,
1.1490,142,83.0,20.8,0.0075,,
1.1575,143,84.4,20.8,0.0070,,
1.1650,144,86.3,20.8,0.0070,,
1.1735,145,87.9,20.8,0.0075,,
1.1815,146,90.1,20.8,0.0075,,
1.1900,147,92.6,20.8,0.0075,,
1.1985,148,94.5,20.8,0.0075,,
1.2070,149,96.6,20.8,0.0070,,
1.2145,150,98.9,20.8,0.0070,,
1.2230,151,101.7,20.8,0.0075,,
1.2315,152,104.7,20.8,0.0075,,
1.2400,153,107.2,20.8,0.0075,,
1.2480,154,110.3,20.8,0.0075,,
1.2565,155,114.0,20.8,0.0075,,
1.2640,156,116.9,20.8,0.0070,,
1.2725,157,121.1,20.8,0.0075,,
1.2810,158,124.6,20.8,0.0075,,
1.2895,159,128.7,20.8,0.0075,,
1.2980,160,133.5,20.8,0.0075,,
1.3060,161,137.8,20.8,0.0075,,
1.3140,162,141.7,20.8,0.0075,,
1.3220,163,145.6,20.8,0.0075,,
1.3305,164,149.5,20.8,0.0075,,
1.3390,165,153.8,20.8,0.0075,,
1.3475,166,157.4,20.8,0.0075,,
1.3560,167,160.1,20.8,0.0075,,
1.3635,168,162.9,20.8,0.0070,,
1.3720,169,165.5,20.8,0.0075,,
1.3800,170,168.5,20.8,0.0075,,
1.3885,171,170.6,20.8,0.0075,,
1.3970,172,172.3,20.8,0.0075,,
1.4055,173,174.6,20.8,0.0075,,
1.4140,174,176.1,20.8,0.0075,,
1.4215,175,178.2,20.8,0.0070,,
1.4300,176,179.8,20.8,0.0075,,
1.4380,177,180.9,20.8,0.0075,,
1.4465,178,182.6,20.8,0.0075,,
1.4550,179,184.4,20.8,0.0075,,
1.4630,180,185.2,20.8,0.0065,,
1.4630,420,187.2,20.8,0.0000,,
1.4635,421,187.7,20.8,0.0005,,
1.4650,422,187.4,20.8,0.0010,,
1.4675,423,187.6,20.8,0.0020,,
1.4715,424,188.2,20.8,0.0030,,
1.4775,425,188.3,20.8,0.0045,,
1.4855,426,188.8,20.8,0.0055,,
1.4935,427,189.8,20.8,0.0060,,
1.5015,428,190.8,20.8,0.0060,,
1.5100,429,192.2,20.8,0.0065,,
1.5185,430,192.9,20.8,0.0060,,
1.5270,431,193.5,20.8,0.0060,,
1.5355,432,194.8,20.8,0.0060,,
1.5430,433,195.4,20.8,0.0060,,
1.5515,434,196.6,20.8,0.0065,,
1.5595,435,197.1,20.8,0.0060,,
1.5680,436,197.8,20.8,0.0060,,
1.5765,437,199.0,20.8,0.0060,,
1.5850,438,199.6,20.8,0.0060,,
1.5925,439,200.5,20.8,0.0060,,
1.6010,440,200.7,20.8,0.0065,,
1.6095,441,201.4,20.8,0.0065,,
1.6180,442,202.5,20.8,0.0060,,
1.6260,443,202.9,20.8,0.0055,,
1.6345,444,203.3,20.8,0.0060,,
1.6420,445,203.9,20.8,0.0060,,
1.6505,446,204.6,20.8,0.0065,,
1.6590,447,205.6,20.8,0.0065,,
1.6675,448,205.8,20.8,0.0060,,
1.6760,449,206.4,20.8,0.0060,,
1.6845,450,207.3,20.8,0.0060,,
1.6920,451,207.6,20.8,0.0060,,
1.7005,452,208.2,20.8,0.0065,,
1.7085,453,208.5,20.8,0.0060,,
1.7170,454,209.1,20.8,0.0060,,
1.7255,455,210.0,20.8,0.0060,,
1.7340,456,210.3,20.8,0.0065,,
1.7415,457,210.8,20.8,0.0060,,
1.7500,458,210.9,20.8,0.0065,,
1.7585,459,211.6,20.8,0.0060,,
1.7670,460,212.4,20.8,0.0060,,
1.7750,461,212.4,20.8,0.0055,,
1.7835,462,212.7,20.8,0.0060,,
1.7910,463,213.0,20.8,0.0060,,
1.7995,464,213.7,20.8,0.0065,,
1.8080,465,214.3,20.8,0.0060,,
1.8165,466,214.3,20.8,0.0060,,
1.8250,467,214.8,20.8,0.0060,,
1.8330,468,215.6,20.8,0.0055,,
1.8410,469,215.7,20.8,0.0060,,
1.8490,470,216.2,20.8,0.0060,,
1.8575,471,216.2,20.8,0.0060,,
1.8660,472,216.9,20.8,0.0060,,
1.8745,473,217.5,20.8,0.0060,,
1.8820,474,217.8,20.8,0.0060,,
1.8905,475,217.9,20.8,0.0065,,
1.8990,476,217.9,20.8,0.0065,,
1.9075,477,218.6,20.8,0.0060,,
1.9155,478,219.1,20.8,0.0055,,
1.9240,479,219.1,20.8,0.0060,,
1.9325,480,219.9,20.8,0.0065,,
1.9400,481,219.8,20.8,0.0060,,
1.9485,482,220.4,20.8,0.0065,,
1.9570,483,220.9,20.8,0.0060,,
1.9655,484,220.8,20.8,0.0060,,
1.9735,485,221.1,20.8,0.0055,,
1.9820,486,221.4,20.8,0.0065,,
1.9895,487,221.9,20.8,0.0060,,
1.9980,488,222.5,20.8,0.0065,,
2.0065,489,222.3,20.8,0.0060,,
2.0150,490,222.6,20.8,0.0060,,
2.0235,491,223.3,20.8,0.0060,,
2.0320,492,223.4,20.8,0.0060,,
2.0395,493,223.8,20.8,0.0060,,
2.0475,494,223.7,20.8,0.0060,,
2.0560,495,223.9,20.8,0.0065,,
2.0645,496,224.6,20.8,0.0060,,
2.0730,497,224.8,20.8,0.0060,,
2.0815,498,224.7,20.8,0.0060,,
2.0890,499,225.1,20.8,0.0060,,
2.0975,500,225.5,20.8,0.0065,,
2.1060,501,226.2,20.8,0.0065,,
2.1140,502,226.1,20.8,0.0055,,
2.1225,503,226.1,20.8,0.0060,,
2.1310,504,226.8,20.8,0.0060,,
2.1385,505,226.7,20.8,0.0060,,
2.1470,506,227.4,20.8,0.0065,,
2.1555,507,227.2,20.8,0.0065,,
2.1640,508,227.4,20.8,0.0060,,
2.1720,509,228.1,20.8,0.0055,,
2.1805,510,228.2,20.8,0.0060,,
2.1880,511,228.4,20.8,0.0060,,
2.1965,512,228.5,20.8,0.0065,,
2.2050,513,228.5,20.8,0.0065,,
2.2135,514,229.1,20.8,0.0060,,
2.2220,515,229.4,20.8,0.0060,,
2.2300,516,229.2,20.8,0.0055,,
2.2380,517,229.6,20.8,0.0060,,
2.2465,518,229.7,20.8,0.0065,,
2.2545,519,230.3,20.8,0.0060,,
2.2630,520,230.4,20.8,0.0060,,
2.2715,521,230.2,20.8,0.0060,,
2.2800,522,230.6,20.8,0.0060,,
2.2885,523,230.5,20.8,0.0065,,
2.2960,524,231.2,20.8,0.0060,,
2.3045,525,231.4,20.8,0.0065,,
2.3125,526,231.1,20.8,0.0055,,
2.3210,527,231.7,20.8,0.0060,,
2.3295,528,232.2,20.8,0.0060,,
2.3380,529,232.3,20.8,0.0065,,
2.3455,530,232.5,20.8,0.0060,,
2.3540,531,232.4,20.8,0.0065,,
2.3625,532,232.6,20.8,0.0060,,
2.3705,533,233.1,20.8,0.0055,,
2.3790,534,233.1,20.8,0.0060,,
2.3875,535,233.0,20.8,0.0060,,
2.3945,536,233.2,20.8,0.0055,,
2.4025,537,233.7,20.8,0.0060,,
2.4105,538,234.0,20.8,0.0055,,
2.4110,539,233.8,20.8,0.0005,,
2.4115,540,233.8,20.8,0.0005,,
2.4125,541,234.2,20.8,0.0005,,
2.4130,542,234.1,20.8,0.0005,,
2.4140,543,234.2,20.8,0.0010,,
2.4145,544,233.9,20.8,0.0005,,
2.4155,545,234.0,20.8,0.0005,,
2.4165,546,234.4,20.8,0.0005,,
2.4175,547,234.2,20.8,0.0005,,
2.4175,548,234.4,20.8,0.0000,,
2.4180,549,234.0,20.8,0.0005,,
2.4190,550,234.1,20.8,0.0010,,
2.4200,551,234.5,20.8,0.0005,,
2.4205,552,234.3,20.8,0.0005,,
2.4210,553,234.1,20.8,0.0005,,
2.4215,554,234.1,20.8,0.0005,,
2.4225,555,234.2,20.8,0.0010,,
2.4235,556,234.7,20.8,0.0010,,
2.4240,557,234.5,20.8,0.0005,,
2.4255,558,234.1,20.8,0.0010,,
2.4260,559,234.6,20.8,0.0005,,
2.4265,560,234.3,20.8,0.0005,,
2.4275,561,234.8,20.8,0.0010,,
2.4285,562,234.4,20.8,0.0010,,
2.4290,563,234.3,20.8,0.0005,,
2.4295,564,234.7,20.8,0.0005,,
2.4305,565,234.8,20.8,0.0005,,
2.4310,566,234.8,20.8,0.0005,,
2.4315,567,234.5,20.8,0.0005,,
2.4320,568,234.3,20.8,0.0005,,
2.4325,569,234.9,20.8,0.0005,,
2.4335,570,234.8,20.8,0.0005,,
2.4335,571,234.4,20.8,0.0000,,
2.4340,572,234.5,20.8,0.0005,,
2.4350,573,234.5,20.8,0.0010,,
2.4355,574,234.9,20.8,0.0005,,
2.4355,575,234.7,20.8,0.0000,,
2.4360,576,234.4,20.8,0.0005,,
2.4370,577,234.7,20.8,0.0005,,
2.4375,578,234.6,20.8,0.0005,,
2.4380,579,234.9,20.8,0.0005,,
2.4390,580,234.5,20.8,0.0005,,
2.4395,581,235.0,20.8,0.0005,,
Scope 1/1, Sample 48/60 (T11_21)
Result,TitrationEP1
V,t,E,T,dV/dt,E acc. stat.,Volume acc. stat.
0.0000,0,-70.6,20.8,NaN,,
0.0010,1,-70.5,20.8,0.0010,,
0.0025,2,-70.5,20.8,0.0015,,
0.0050,3,-70.8,20.8,0.0020,,
0.0090,4,-70.6,20.8,0.0035,,
0.0150,5,-70.6,20.8,0.0055,,
0.0230,6,-70.0,20.8,0.0075,,
0.0315,7,-69.3,20.8,0.0075,,
0.0400,8,-68.7,20.8,0.0075,,
0.0485,9,-67.5,20.8,0.0075,,
0.0565,10,-66.6,20.8,0.0075,,
0.0645,11,-64.9,20.8,0.0075,,
0.0725,12,-63.6,20.8,0.0075,,
0.0810,13,-62.3,20.8,0.0075,,
0.0895,14,-60.5,20.8,0.0075,,
0.0980,15,-58.8,20.8,0.0070,,
0.1065,16,-57.3,20.8,0.0070,,
0.1140,17,-55.6,20.8,0.0070,,
0.1225,18,-54.0,20.8,0.0075,,
0.1305,19,-51.8,20.8,0.0075,,
0.1390,20,-49.6,20.8,0.0075,,
0.1475,21,-47.8,20.8,0.0075,,
0.1560,22,-45.5,20.8,0.0070,,
0.1635,23,-43.4,20.8,0.0070,,
0.1720,24,-40.9,20.8,0.0075,,
0.1805,25,-38.3,20.8,0.0075,,
0.1885,26,-36.0,20.8,0.0075,,
0.1970,27,-33.7,20.8,0.0075,,
0.2055,28,-31.1,20.8,0.0070,,
0.2130,29,-29.3,20.8,0.0070,,
0.2215,30,-27.2,20.8,0.0075,,
0.2300,31,-25.5,20.8,0.0075,,
0.2385,32,-23.9,20.8,0.0075,,
0.2465,33,-22.0,20.8,0.0075,,
0.2550,34,-20.7,20.8,0.0070,,
0.2625,35,-19.2,20.8,0.0070,,
0.2710,36,-18.1,20.8,0.0075,,
0.2795,37,-16.8,20.8,0.0075,,
0.2880,38,-15.4,20.8,0.0075,,
0.2965,39,-14.3,20.8,0.0075,,
0.3050,40,-13.4,20.8,0.0070,,
0.3125,41,-12.4,20.8,0.0070,,
0.3210,42,-11.2,20.8,0.0075,,
0.3290,43,-9.9,20.8,0.0075,,
0.3375,44,-9.1,20.8,0.0075,,
0.3460,45,-8.3,20.8,0.0075,,
0.3545,46,-7.0,20.8,0.0070,,
0.3620,47,-6.4,20.8,0.0070,,
0.3705,48,-5.1,20.8,0.0075,,
0.3790,49,-4.3,20.8,0.0075,,
0.3875,50,-3.5,20.8,0.0075,,
0.3955,51,-2.4,20.8,0.0075,,
0.4040,52,-1.8,20.8,0.0070,,
0.4115,53,-1.0,20.8,0.0070,,
0.4200,54,-0.5,20.8,0.0075,,
0.4285,55,0.2,20.8,0.0075,,
0.4370,56,1.3,20.8,0.0075,,
0.4455,57,2.0,20.8,0.0075,,
0.4535,58,2.6,20.8,0.0065,,
0.4615,59,3.4,20.8,0.0075,,
0.4695,60,4.3,20.8,0.0075,,
0.4780,61,5.4,20.8,0.0075,,
0.4865,62,6.0,20.8,0.0075,,
0.4950,63,6.6,20.8,0.0075,,
0.5035,64,7.6,20.8,0.0070,,
0.5110,65,8.2,20.8,0.0070,,
0.5195,66,9.2,20.8,0.0075,,
0.5275,67,9.8,20.8,0.0075,,
0.5360,68,10.4,20.8,0.0075,,
0.5445,69,11.4,20.8,0.0075,,
0.5530,70,12.2,20.8,0.0070,,
0.5605,71,13.0,20.8,0.0070,,
0.5690,72,13.5,20.8,0.0075,,
0.5775,73,14.1,20.8,0.0075,,
0.5860,74,15.2,20.8,0.0075,,
0.5940,75,15.8,20.8,0.0075,,
0.6025,76,16.3,20.8,0.0070,,
0.6110,77,17.2,20.8,0.0075,,
0.6185,78,17.8,20.8,0.0070,,
0.6270,79,18.8,20.8,0.0075,,
0.6355,80,19.6,20.8,0.0075,,
0.6440,81,20.2,20.8,0.0075,,
0.6520,82,21.1,20.8,0.0065,,
0.6605,83,21.7,20.8,0.0075,,
0.6680,84,22.6,20.8,0.0070,,
0.6765,85,23.4,20.8,0.0075,,
0.6850,86,24.0,20.8,0.0075,,
0.6935,87,24.9,20.8,0.0075,,
0.7020,88,25.8,20.8,0.0070,,
0.7105,89,26.5,20.8,0.0075,,
0.7180,90,27.2,20.8,0.0070,,
0.7260,91,27.8,20.8,0.0075,,
0.7345,92,28.8,20.8,0.0075,,
0.7430,93,29.6,20.8,0.0075,,
0.7515,94,30.2,20.8,0.0075,,
0.7600,95,31.2,20.8,0.0070,,
0.7675,96,31.9,20.8,0.0070,,
0.7760,97,32.8,20.8,0.0075,,
0.7840,98,33.9,20.8,0.0075,,
0.7925,99,34.5,20.8,0.0075,,
0.8010,100,35.4,20.8,0.0075,,
0.8095,101,36.5,20.8,0.0070,,
0.8170,102,37.2,20.8,0.0070,,
0.8255,103,38.2,20.8,0.0075,,
0.8340,104,38.9,20.8,0.0075,,
0.8425,105,39.7,20.8,0.0075,,
0.8505,106,40.9,20.8,0.0075,,
0.8590,107,41.8,20.8,0.0070,,
0.8665,108,42.6,20.8,0.0070,,
0.8750,109,43.4,20.8,0.0075,,
0.8835,110,44.5,20.8,0.0075,,
0.8920,111,45.6,20.8,0.0075,,
0.9005,112,46.5,20.8,0.0075,,
0.9085,113,47.5,20.8,0.0065,,
0.9165,114,48.4,20.8,0.0075,,
0.9245,115,49.5,20.8,0.0075,,
0.9330,116,50.8,20.8,0.0075,,
0.9415,117,51.6,20.8,0.0075,,
0.9500,118,52.5,20.8,0.0075,,
0.9585,119,53.9,20.8,0.0070,,
0.9660,120,54.7,20.8,0.0070,,
0.9745,121,56.0,20.8,0.0075,,
0.9830,122,56.9,20.8,0.0075,,
0.9910,123,57.9,20.8,0.0075,,
0.9995,124,59.3,20.8,0.0075,,
1.0080,125,60.4,20.8,0.0070,,
1.0155,126,61.6,20.8,0.0070,,
1.0240,127,62.6,20.8,0.0075,,
1.0325,128,63.7,20.8,0.0075,,
1.0410,129,65.3,20.8,0.0075,,
1.0490,130,66.6,20.8,0.0075,,
1.0575,131,67.6,20.8,0.0070,,
1.0660,132,68.9,20.8,0.0075,,
1.0735,133,70.3,20.8,0.0070,,
1.0820,134,71.9,20.8,0.0075,,
1.0905,135,73.1,20.8,0.0075,,
1.0990,136,74.4,20.8,0.0075,,
1.1070,137,76.0,20.8,0.0065,,
1.1155,138,77.1,20.8,0.0075,,
1.1230,139,78.8,20.8,0.0070,,
1.1315,140,80.4,20.8,0.0075,,
1.1400,141,82.0,20.8,0.0075,,
1.1485,142,83.7,20.8,0.0075,,
1.1570,143,85.7,20.8,0.0075,,
1.1655,144,87.4,20.8,0.0075,,
1.1730,145,89.1,20.8,0.0070,,
1.1810,146,90.9,20.8,0.0075,,
1.1895,147,93.1,20.8,0.0075,,
1.1980,148,95.3,20.8,0.0075,,
1.2065,149,97.3,20.8,0.0075,,
1.2150,150,99.5,20.8,0.0070,,
1.2225,151,101.7,20.8,0.0070,,
1.2310,152,104.5,20.8,0.0075,,
1.2390,153,107.5,20.8,0.0075,,
1.2475,154,110.1,20.8,0.0075,,
1.2560,155,113.0,20.8,0.0075,,
1.2645,156,116.6,20.8,0.0070,,
1.2720,157,119.4,20.8,0.0070,,
1.2805,158,123.2,20.8,0.0075,,
1.2890,159,126.8,20.8,0.0075,,
1.2975,160,130.6,20.8,0.0075,,
1.3055,161,135.3,20.8,0.0075,,
1.3140,162,139.4,20.8,0.0070,,
1.3215,163,143.3,20.8,0.0070,,
1.3300,164,147.1,20.8,0.0075,,
1.3385,165,151.2,20.8,0.0075,,
1.3470,166,154.9,20.8,0.0075,,
1.3555,167,158.3,20.8,0.0075,,
1.3635,168,161.4,20.8,0.0065,,
1.3715,169,164.0,20.8,0.0075,,
1.3795,170,166.8,20.8,0.0075,,
1.3880,171,169.4,20.8,0.0075,,
1.3965,172,171.2,20.8,0.0075,,
1.4050,173,173.1,20.8,0.0075,,
1.4135,174,175.4,20.8,0.0070,,
1.4210,175,177.0,20.8,0.0070,,
1.4295,176,178.8,20.8,0.0075,,
1.4380,177,180.1,20.8,0.0075,,
1.4460,178,181.7,20.8,0.0075,,
1.4545,179,183.4,20.8,0.0075,,
1.4630,180,184.5,20.8,0.0070,,
1.4685,181,185.2,20.8,0.0060,,
1.4685,421,187.7,20.8,0.0000,,
1.4690,422,187.4,20.8,0.0005,,
1.4705,423,187.4,20.8,0.0015,,
1.4730,424,187.8,20.8,0.0025,,
1.4770,425,187.7,20.8,0.0035,,
1.4830,426,188.2,20.8,0.0055,,
1.4910,427,188.9,20.8,0.0080,,
1.4990,428,190.0,20.8,0.0080,,
1.5070,429,191.1,20.8,0.0080,,
1.5155,430,191.9,20.9,0.0075,,
1.5240,431,192.9,20.8,0.0075,,
1.5325,432,194.0,20.8,0.0075,,
1.5410,433,194.8,20.8,0.0075,,
1.5485,434,195.7,20.8,0.0075,,
1.5570,435,196.3,20.9,0.0085,,
1.5650,436,197.1,20.8,0.0080,,
1.5735,437,198.1,20.8,0.0075,,
1.5820,438,198.8,20.8,0.0075,,
1.5905,439,199.4,20.8,0.0075,,
1.5980,440,200.1,20.8,0.0075,,
1.6065,441,200.8,20.8,0.0085,,
1.6150,442,201.7,20.8,0.0085,,
1.6235,443,202.3,20.9,0.0075,,
1.6315,444,202.8,20.9,0.0075,,
1.6400,445,203.6,20.8,0.0075,,
1.6475,446,204.1,20.8,0.0075,,
1.6560,447,205.0,20.8,0.0085,,
1.6645,448,205.5,20.8,0.0085,,
1.6730,449,205.9,20.8,0.0075,,
1.6815,450,206.7,20.8,0.0075,,
1.6895,451,207.3,20.8,0.0075,,
1.6980,452,207.8,20.8,0.0085,,
1.7055,453,208.3,20.8,0.0075,,
1.7140,454,208.6,20.8,0.0085,,
1.7225,455,209.2,20.8,0.0075,,
1.7310,456,209.8,20.8,0.0075,,
1.7395,457,210.0,20.8,0.0075,,
1.7475,458,210.6,20.9,0.0075,,
1.7555,459,210.9,20.9,0.0080,,
1.7635,460,211.6,20.8,0.0080,,
1.7720,461,212.2,20.9,0.0075,,
1.7805,462,212.4,20.8,0.0075,,
1.7890,463,212.8,20.9,0.0075,,
1.7975,464,213.4,20.8,0.0075,,
1.8050,465,213.6,20.8,0.0075,,
1.8135,466,214.3,20.8,0.0085,,
1.8215,467,214.5,20.8,0.0075,,
1.8300,468,214.9,20.8,0.0075,,
1.8385,469,215.5,20.8,0.0075,,
1.8470,470,215.9,20.8,0.0085,,
1.8545,471,216.1,20.9,0.0075,,
1.8630,472,216.3,20.9,0.0085,,
1.8715,473,216.7,20.9,0.0075,,
1.8800,474,217.3,20.9,0.0075,,
1.8880,475,217.4,20.9,0.0075,,
1.8965,476,217.8,20.9,0.0075,,
1.9040,477,218.1,20.8,0.0075,,
1.9125,478,218.7,20.8,0.0085,,
1.9210,479,219.1,20.8,0.0075,,
1.9295,480,219.3,20.9,0.0075,,
1.9380,481,219.5,20.9,0.0075,,
1.9460,482,220.1,20.9,0.0075,,
1.9540,483,220.3,20.9,0.0080,,
1.9620,484,220.8,20.9,0.0080,,
1.9705,485,220.9,20.9,0.0085,,
1.9790,486,221.1,20.8,0.0075,,
1.9875,487,221.8,20.8,0.0075,,
1.9960,488,222.0,20.9,0.0075,,
2.0035,489,222.3,20.9,0.0075,,
2.0120,490,222.4,20.9,0.0085,,
2.0205,491,222.7,20.9,0.0075,,
2.0285,492,223.2,20.9,0.0075,,
2.0370,493,223.2,20.9,0.0075,,
2.0455,494,223.7,20.9,0.0085,,
2.0530,495,223.6,20.9,0.0075,,
2.0615,496,224.1,20.9,0.0085,,
2.0700,497,224.5,20.9,0.0075,,
2.0785,498,224.5,20.9,0.0075,,
2.0870,499,224.8,20.9,0.0075,,
2.0950,500,225.0,20.8,0.0080,,
2.1025,501,225.6,20.9,0.0075,,
2.1110,502,225.8,20.9,0.0085,,
2.1195,503,225.8,20.9,0.0075,,
2.1280,504,226.2,20.9,0.0075,,
2.1365,505,226.8,20.8,0.0075,,
2.1445,506,226.9,20.9,0.0075,,
2.1525,507,227.1,20.9,0.0080,,
2.1605,508,227.2,20.9,0.0080,,
2.1690,509,227.4,20.9,0.0085,,
2.1775,510,227.7,20.9,0.0075,,
2.1860,511,228.1,20.9,0.0075,,
2.1945,512,228.0,20.9,0.0075,,
2.2020,513,228.5,20.8,0.0075,,
2.2105,514,228.6,20.8,0.0085,,
2.2185,515,229.0,20.9,0.0080,,
2.2270,516,229.3,20.9,0.0075,,
2.2355,517,229.3,20.9,0.0075,,
2.2440,518,229.5,20.9,0.0075,,
2.2525,519,229.6,20.9,0.0085,,
2.2600,520,230.1,20.9,0.0075,,
2.2685,521,230.2,20.9,0.0085,,
2.2770,522,230.3,20.9,0.0075,,
2.2850,523,230.7,20.9,0.0075,,
2.2935,524,231.1,20.9,0.0075,,
2.3020,525,231.1,20.9,0.0075,,
2.3095,526,231.5,20.9,0.0075,,
2.3180,527,231.4,20.9,0.0085,,
2.3265,528,231.7,20.8,0.0075,,
2.3350,529,232.1,20.9,0.0075,,
2.3430,530,232.1,20.9,0.0075,,
2.3515,531,232.4,20.9,0.0085,,
2.3590,532,232.4,20.9,0.0075,,
2.3675,533,232.6,20.9,0.0085,,
2.3760,534,233.0,20.9,0.0085,,
2.3845,535,232.9,20.9,0.0075,,
2.3930,536,233.0,20.9,0.0075,,
2.4010,537,233.4,20.9,0.0075,,
2.4090,538,233.6,20.9,0.0080,,
2.4170,539,234.0,20.9,0.0080,,
2.4180,540,233.9,20.9,0.0010,,
2.4190,541,233.9,20.9,0.0010,,
2.4195,542,234.2,20.9,0.0005,,
2.4210,543,234.2,20.9,0.0015,,
2.4230,544,234.3,20.9,0.0020,,
2.4250,545,234.1,20.9,0.0020,,
2.4270,546,234.0,20.9,0.0020,,
2.4295,547,234.3,20.9,0.0025,,
2.4320,548,234.4,20.9,0.0025,,
2.4345,549,234.3,20.9,0.0025,,
2.4375,550,234.3,20.9,0.0030,,
2.4400,551,234.3,20.9,0.0025,,
2.4410,552,234.6,20.9,0.0010,,
2.4415,553,234.5,20.9,0.0005,,
2.4425,554,234.3,20.9,0.0010,,
2.4430,555,234.5,20.9,0.0005,,
2.4440,556,234.4,20.9,0.0010,,
2.4445,557,234.7,20.9,0.0005,,
2.4455,558,234.6,20.9,0.0010,,
2.4460,559,234.5,20.9,0.0005,,
2.4470,560,234.6,20.9,0.0010,,
2.4475,561,234.7,20.9,0.0005,,
2.4480,562,234.7,20.9,0.0005,,
2.4485,563,234.8,20.9,0.0005,,
2.4490,564,234.5,20.9,0.0005,,
2.4500,565,234.6,20.9,0.0010,,
2.4505,566,234.9,20.9,0.0005,,
2.4515,567,234.7,20.9,0.0010,,
2.4525,568,235.0,20.9,0.0010,,
Scope 1/1, Sample 49/60 (T12_21)
Result,TitrationEP1
V,t,E,T,dV/dt,E acc. stat.,Volume acc. stat.
0.0000,0,-70.1,20.8,NaN,,
0.0010,1,-69.9,20.8,0.0010,,
0.0025,2,-70.2,20.8,0.0015,,
0.0050,3,-70.3,20.8,0.0025,,
0.0090,4,-70.3,20.8,0.0035,,
0.0150,5,-70.1,20.8,0.0055,,
0.0235,6,-69.4,20.8,0.0075,,
0.0320,7,-68.9,20.8,0.0075,,
0.0405,8,-68.2,20.8,0.0075,,
0.0490,9,-66.8,20.8,0.0075,,
0.0565,10,-65.8,20.8,0.0070,,
0.0645,11,-64.3,20.8,0.0075,,
0.0730,12,-63.1,20.8,0.0075,,
0.0815,13,-61.5,20.8,0.0075,,
0.0900,14,-59.7,20.8,0.0075,,
0.0985,15,-58.1,20.8,0.0075,,
0.1060,16,-56.3,20.8,0.0070,,
0.1145,17,-54.6,20.8,0.0075,,
0.1230,18,-52.6,20.8,0.0075,,
0.1310,19,-50.4,20.8,0.0075,,
0.1395,20,-48.3,20.8,0.0075,,
0.1480,21,-46.3,20.8,0.0075,,
0.1555,22,-44.1,20.8,0.0070,,
0.1640,23,-41.7,20.8,0.0075,,
0.1725,24,-39.1,20.8,0.0075,,
0.1810,25,-36.9,20.8,0.0075,,
0.1890,26,-34.5,20.8,0.0075,,
0.1975,27,-31.9,20.8,0.0075,,
0.2050,28,-30.1,20.8,0.0070,,
0.2135,29,-27.8,20.8,0.0075,,
0.2220,30,-26.1,20.8,0.0075,,
0.2305,31,-24.3,20.8,0.0075,,
0.2390,32,-22.4,20.8,0.0075,,
0.2475,33,-21.0,20.8,0.0085,,
0.2550,34,-19.6,20.8,0.0070,,
0.2635,35,-18.5,20.8,0.0075,,
0.2715,36,-16.9,20.8,0.0075,,
0.2800,37,-15.4,20.8,0.0075,,
0.2885,38,-14.5,20.8,0.0075,,
0.2970,39,-13.3,20.8,0.0075,,
0.3045,40,-12.4,20.8,0.0070,,
0.3130,41,-11.2,20.8,0.0075,,
0.3215,42,-10.1,20.8,0.0075,,
0.3300,43,-9.3,20.8,0.0075,,
0.3380,44,-8.2,20.8,0.0075,,
0.3465,45,-7.5,20.8,0.0075,,
0.3540,46,-6.2,20.8,0.0070,,
0.3625,47,-5.2,20.8,0.0075,,
0.3710,48,-4.5,20.8,0.0075,,
0.3795,49,-3.6,20.8,0.0075,,
0.3880,50,-2.7,20.8,0.0075,,
0.3965,51,-1.9,20.8,0.0075,,
0.4040,52,-1.1,20.8,0.0070,,
0.4125,53,-0.5,20.8,0.0075,,
0.4205,54,0.4,20.8,0.0075,,
0.4290,55,1.3,20.8,0.0075,,
0.4375,56,2.0,20.8,0.0075,,
0.4460,57,2.6,20.8,0.0075,,
0.4535,58,3.4,20.8,0.0070,,
0.4620,59,4.3,20.8,0.0075,,
0.4705,60,5.4,20.8,0.0075,,
0.4785,61,5.9,20.8,0.0075,,
0.4870,62,6.6,20.8,0.0075,,
0.4955,63,7.6,20.8,0.0075,,
0.5030,64,8.1,20.8,0.0070,,
0.5115,65,9.1,20.8,0.0075,,
0.5200,66,9.7,20.8,0.0075,,
0.5285,67,10.3,20.8,0.0075,,
0.5365,68,11.3,20.8,0.0075,,
0.5450,69,12.1,20.8,0.0075,,
0.5525,70,12.9,20.8,0.0070,,
0.5610,71,13.4,20.8,0.0075,,
0.5695,72,14.1,20.8,0.0075,,
0.5780,73,15.1,20.8,0.0075,,
0.5865,74,15.7,20.8,0.0075,,
0.5950,75,16.2,20.8,0.0075,,
0.6025,76,17.0,20.8,0.0070,,
0.6110,77,17.7,20.8,0.0075,,
0.6190,78,18.7,20.8,0.0075,,
0.6275,79,19.4,20.8,0.0075,,
0.6360,80,19.9,20.8,0.0075,,
0.6445,81,21.0,20.8,0.0070,,
0.6520,82,21.5,20.8,0.0070,,
0.6605,83,22.4,20.8,0.0075,,
0.6690,84,23.0,20.8,0.0075,,
0.6770,85,23.7,20.8,0.0075,,
0.6855,86,24.9,20.8,0.0075,,
0.6940,87,25.7,20.8,0.0075,,
0.7015,88,26.5,20.8,0.0070,,
0.7100,89,27.2,20.8,0.0075,,
0.7185,90,27.8,20.8,0.0075,,
0.7270,91,28.8,20.8,0.0075,,
0.7355,92,29.5,20.8,0.0075,,
0.7435,93,30.1,20.8,0.0075,,
0.7515,94,30.9,20.8,0.0075,,
0.7595,95,31.9,20.8,0.0075,,
0.7680,96,33.0,20.8,0.0075,,
0.7765,97,33.8,20.8,0.0075,,
0.7850,98,34.5,20.8,0.0075,,
0.7935,99,35.6,20.8,0.0075,,
0.8010,100,36.2,20.8,0.0070,,
0.8095,101,37.4,20.8,0.0075,,
0.8175,102,38.1,20.8,0.0075,,
0.8260,103,38.9,20.8,0.0075,,
0.8345,104,40.0,20.8,0.0075,,
0.8430,105,40.9,20.8,0.0075,,
0.8505,106,41.9,20.8,0.0070,,
0.8590,107,42.6,20.8,0.0075,,
0.8675,108,43.5,20.8,0.0075,,
0.8760,109,44.8,20.8,0.0075,,
0.8840,110,45.8,20.8,0.0075,,
0.8925,111,46.6,20.8,0.0075,,
0.9000,112,47.5,20.8,0.0070,,
0.9085,113,48.5,20.8,0.0075,,
0.9170,114,49.7,20.8,0.0075,,
0.9255,115,50.7,20.8,0.0075,,
0.9340,116,51.6,20.8,0.0075,,
0.9420,117,52.7,20.8,0.0075,,
0.9500,118,53.7,20.8,0.0075,,
0.9580,119,55.1,20.8,0.0075,,
0.9665,120,56.3,20.8,0.0075,,
0.9750,121,57.3,20.8,0.0075,,
0.9835,122,58.5,20.8,0.0075,,
0.9920,123,59.9,20.8,0.0075,,
1.0000,124,60.8,20.8,0.0075,,
1.0080,125,62.1,20.8,0.0075,,
1.0160,126,62.9,20.8,0.0075,,
1.0245,127,64.4,20.8,0.0075,,
1.0330,128,66.0,20.8,0.0075,,
1.0415,129,67.0,20.8,0.0075,,
1.0500,130,68.3,20.8,0.0075,,
1.0575,131,69.5,20.8,0.0070,,
1.0660,132,71.1,20.8,0.0075,,
1.0740,133,72.6,20.8,0.0075,,
1.0825,134,73.8,20.8,0.0075,,
1.0910,135,75.3,20.8,0.0075,,
1.0995,136,76.6,20.8,0.0075,,
1.1070,137,78.3,20.8,0.0070,,
1.1155,138,80.1,20.8,0.0075,,
1.1240,139,81.5,20.8,0.0075,,
1.1325,140,83.2,20.8,0.0075,,
1.1405,141,85.0,20.8,0.0075,,
1.1485,142,86.5,20.8,0.0075,,
1.1565,143,88.4,20.8,0.0075,,
1.1650,144,90.1,20.8,0.0075,,
1.1735,145,92.2,20.8,0.0075,,
1.1820,146,94.4,20.8,0.0075,,
1.1905,147,96.3,20.8,0.0075,,
1.1980,148,98.6,20.8,0.0070,,
1.2065,149,100.9,20.8,0.0075,,
1.2150,150,103.9,20.8,0.0075,,
1.2230,151,106.4,20.8,0.0075,,
1.2315,152,109.0,20.8,0.0075,,
1.2400,153,112.2,20.8,0.0070,,
1.2475,154,115.0,20.8,0.0070,,
1.2560,155,118.7,20.8,0.0075,,
1.2645,156,122.3,20.8,0.0075,,
1.2730,157,126.0,20.8,0.0075,,
1.2815,158,130.2,20.8,0.0075,,
1.2895,159,134.6,20.8,0.0075,,
1.2975,160,138.2,20.8,0.0075,,
1.3055,161,142.4,20.8,0.0075,,
1.3140,162,146.4,20.8,0.0075,,
1.3225,163,150.6,20.8,0.0075,,
1.3310,164,154.5,20.8,0.0075,,
1.3395,165,157.6,20.8,0.0075,,
1.3470,166,160.7,20.8,0.0070,,
1.3555,167,163.4,20.8,0.0075,,
1.3635,168,166.3,20.8,0.0075,,
1.3720,169,168.8,20.8,0.0075,,
1.3805,170,170.8,20.8,0.0075,,
1.3890,171,172.9,20.8,0.0075,,
1.3975,172,174.7,20.8,0.0075,,
1.4050,173,176.8,20.8,0.0070,,
1.4135,174,178.5,20.8,0.0075,,
1.4215,175,179.9,20.8,0.0075,,
1.4300,176,181.5,20.8,0.0075,,
1.4385,177,183.0,20.8,0.0075,,
1.4470,178,184.3,20.8,0.0075,,
1.4520,179,185.2,20.8,0.0060,,
1.4520,419,187.5,20.8,0.0000,,
1.4525,420,187.2,20.8,0.0005,,
1.4540,421,187.4,20.8,0.0015,,
1.4570,422,187.7,20.8,0.0030,,
1.4610,423,187.7,20.8,0.0040,,
1.4670,424,188.1,20.8,0.0060,,
1.4755,425,189.1,20.8,0.0085,,
1.4830,426,189.8,20.8,0.0085,,
1.4915,427,191.1,20.8,0.0095,,
1.5000,428,192.0,20.8,0.0095,,
1.5085,429,192.9,20.8,0.0085,,
1.5165,430,193.9,20.8,0.0080,,
1.5250,431,194.9,20.8,0.0085,,
1.5325,432,195.7,20.8,0.0085,,
1.5410,433,196.3,20.8,0.0095,,
1.5495,434,197.1,20.8,0.0095,,
1.5580,435,198.1,20.8,0.0085,,
1.5665,436,198.9,20.8,0.0085,,
1.5745,437,199.4,20.8,0.0080,,
1.5825,438,200.2,20.8,0.0090,,
1.5905,439,200.8,20.8,0.0090,,
1.5990,440,201.8,20.8,0.0095,,
1.6075,441,202.4,20.8,0.0085,,
1.6160,442,202.8,20.8,0.0085,,
1.6245,443,203.6,20.8,0.0085,,
1.6320,444,204.2,20.8,0.0085,,
1.6405,445,205.1,20.8,0.0095,,
1.6485,446,205.5,20.8,0.0090,,
1.6570,447,205.9,20.8,0.0085,,
1.6655,448,206.8,20.8,0.0085,,
1.6740,449,207.3,20.8,0.0085,,
1.6815,450,207.9,20.8,0.0085,,
1.6900,451,208.2,20.8,0.0095,,
1.6985,452,208.6,20.8,0.0095,,
1.7070,453,209.3,20.8,0.0085,,
1.7150,454,209.9,20.8,0.0080,,
1.7235,455,210.2,20.8,0.0085,,
1.7320,456,210.7,20.8,0.0095,,
1.7395,457,211.1,20.8,0.0085,,
1.7480,458,211.7,20.8,0.0095,,
1.7565,459,212.2,20.8,0.0085,,
1.7650,460,212.3,20.8,0.0085,,
1.7730,461,212.8,20.8,0.0080,,
1.7815,462,213.2,20.8,0.0095,,
1.7890,463,213.8,20.8,0.0085,,
1.7975,464,214.3,20.8,0.0095,,
1.8060,465,214.6,20.8,0.0085,,
1.8145,466,215.1,20.8,0.0085,,
1.8230,467,215.7,20.8,0.0085,,
1.8310,468,215.9,20.8,0.0090,,
1.8390,469,216.3,20.8,0.0090,,
1.8470,470,216.4,20.8,0.0090,,
1.8555,471,216.8,20.8,0.0085,,
1.8640,472,217.4,20.8,0.0085,,
1.8725,473,217.5,20.8,0.0085,,
1.8810,474,218.0,20.8,0.0095,,
1.8885,475,218.1,20.8,0.0085,,
1.8970,476,218.6,20.8,0.0095,,
1.9055,477,219.2,20.8,0.0095,,
1.9135,478,219.4,20.8,0.0080,,
1.9220,479,219.7,20.8,0.0085,,
1.9305,480,220.3,20.8,0.0085,,
1.9380,481,220.4,20.8,0.0085,,
1.9465,482,221.0,20.8,0.0095,,
1.9550,483,221.1,20.8,0.0095,,
1.9635,484,221.3,20.8,0.0085,,
1.9715,485,221.8,20.8,0.0080,,
1.9800,486,222.1,20.8,0.0085,,
1.9875,487,222.4,20.8,0.0085,,
1.9960,488,222.5,20.8,0.0095,,
2.0045,489,222.8,20.8,0.0095,,
2.0130,490,223.4,20.8,0.0085,,
2.0215,491,223.4,20.8,0.0085,,
2.0300,492,223.6,20.8,0.0085,,
2.0375,493,223.8,20.8,0.0085,,
2.0455,494,224.3,20.8,0.0090,,
2.0540,495,224.8,20.8,0.0095,,
2.0625,496,224.9,20.8,0.0085,,
2.0710,497,225.0,20.8,0.0085,,
2.0795,498,225.5,20.8,0.0085,,
2.0870,499,225.6,20.8,0.0085,,
2.0955,500,226.1,20.8,0.0095,,
2.1040,501,226.2,20.8,0.0095,,
2.1120,502,226.3,20.8,0.0080,,
2.1205,503,226.8,20.8,0.0085,,
2.1290,504,227.1,20.8,0.0085,,
2.1365,505,227.3,20.8,0.0085,,
2.1450,506,227.4,20.8,0.0095,,
2.1535,507,227.6,20.8,0.0095,,
2.1620,508,228.0,20.8,0.0085,,
2.1700,509,228.2,20.8,0.0080,,
2.1785,510,228.2,20.8,0.0085,,
2.1860,511,228.5,20.8,0.0085,,
2.1945,512,228.7,20.8,0.0095,,
2.2030,513,229.1,20.8,0.0095,,
2.2115,514,229.3,20.8,0.0085,,
2.2200,515,229.2,20.8,0.0085,,
2.2280,516,229.6,20.8,0.0080,,
2.2365,517,229.7,20.8,0.0095,,
2.2440,518,230.2,20.8,0.0085,,
2.2525,519,230.4,20.8,0.0095,,
2.2610,520,230.4,20.8,0.0085,,
2.2695,521,230.6,20.8,0.0085,,
2.2780,522,231.1,20.8,0.0085,,
2.2865,523,231.2,20.8,0.0095,,
2.2940,524,231.5,20.8,0.0085,,
2.3020,525,231.4,20.8,0.0080,,
2.3105,526,231.8,20.8,0.0085,,
2.3190,527,232.2,20.8,0.0085,,
2.3275,528,232.2,20.8,0.0085,,
2.3360,529,232.2,20.8,0.0085,,
2.3435,530,232.4,20.8,0.0085,,
2.3520,531,232.7,20.8,0.0095,,
2.3600,532,233.2,20.8,0.0090,,
2.3685,533,233.2,20.8,0.0085,,
2.3770,534,233.2,20.8,0.0085,,
2.3855,535,233.7,20.8,0.0085,,
2.3930,536,233.8,20.8,0.0085,,
2.4010,537,234.0,20.8,0.0090,,
2.4085,538,234.0,20.8,0.0075,,
2.4090,539,234.1,20.8,0.0005,,
2.4095,540,234.5,20.8,0.0005,,
2.4105,541,234.3,20.8,0.0010,,
2.4115,542,234.4,20.8,0.0010,,
2.4130,543,234.2,20.8,0.0015,,
2.4150,544,234.4,20.8,0.0020,,
2.4170,545,234.6,20.8,0.0020,,
2.4175,546,234.5,20.8,0.0005,,
2.4180,547,234.4,20.8,0.0005,,
2.4185,548,234.5,20.8,0.0005,,
2.4190,549,234.6,20.8,0.0005,,
2.4195,550,234.8,20.8,0.0005,,
2.4205,551,234.7,20.8,0.0010,,
2.4210,552,234.5,20.8,0.0005,,
2.4220,553,234.7,20.8,0.0010,,
2.4230,554,234.6,20.8,0.0010,,
2.4240,555,234.8,20.8,0.0010,,
2.4250,556,234.6,20.8,0.0010,,
2.4255,557,234.6,20.8,0.0005,,
2.4260,558,234.8,20.8,0.0005,,
2.4270,559,234.8,20.8,0.0010,,
2.4275,560,234.9,20.8,0.0005,,
2.4280,561,234.6,20.8,0.0005,,
2.4290,562,235.0,20.8,0.0015,,
Scope 1/1, Sample 50/60 (T13_21)
Result,TitrationEP1
V,t,E,T,dV/dt,E acc. stat.,Volume acc. stat.
0.0000,0,-69.6,20.7,NaN,,
0.0005,1,-69.5,20.7,0.0005,,
0.0025,2,-69.6,20.7,0.0020,,
0.0050,3,-69.4,20.7,0.0025,,
0.0085,4,-69.3,20.7,0.0030,,
0.0150,5,-69.4,20.7,0.0060,,
0.0230,6,-68.8,20.7,0.0075,,
0.0305,7,-68.4,20.7,0.0075,,
0.0390,8,-67.1,20.7,0.0085,,
0.0475,9,-66.1,20.7,0.0075,,
0.0560,10,-65.0,20.7,0.0075,,
0.0645,11,-63.5,20.7,0.0075,,
0.0730,12,-62.0,20.7,0.0075,,
0.0805,13,-60.5,20.7,0.0075,,
0.0890,14,-59.2,20.7,0.0085,,
0.0970,15,-57.4,20.7,0.0075,,
0.1055,16,-55.3,20.7,0.0075,,
0.1140,17,-53.6,20.7,0.0075,,
0.1225,18,-51.7,20.7,0.0075,,
0.1300,19,-49.6,20.7,0.0075,,
0.1385,20,-47.5,20.7,0.0085,,
0.1470,21,-45.0,20.7,0.0075,,
0.1550,22,-42.8,20.7,0.0075,,
0.1635,23,-40.7,20.7,0.0075,,
0.1720,24,-37.9,20.7,0.0075,,
0.1795,25,-35.8,20.7,0.0075,,
0.1880,26,-33.1,20.7,0.0085,,
0.1965,27,-30.9,20.7,0.0085,,
0.2050,28,-28.9,20.7,0.0075,,
0.2130,29,-26.7,20.7,0.0075,,
0.2215,30,-24.5,20.7,0.0075,,
0.2300,31,-23.0,20.7,0.0085,,
0.2375,32,-21.3,20.7,0.0075,,
0.2460,33,-20.0,20.7,0.0085,,
0.2545,34,-18.5,20.7,0.0075,,
0.2630,35,-16.9,20.7,0.0075,,
0.2710,36,-15.9,20.7,0.0075,,
0.2795,37,-14.6,20.7,0.0085,,
0.2870,38,-13.6,20.7,0.0075,,
0.2955,39,-12.3,20.7,0.0085,,
0.3040,40,-11.2,20.7,0.0075,,
0.3125,41,-10.3,20.7,0.0075,,
0.3210,42,-9.2,20.7,0.0075,,
0.3285,43,-8.4,20.7,0.0075,,
0.3370,44,-7.0,20.7,0.0085,,
0.3450,45,-6.1,20.7,0.0080,,
0.3535,46,-5.2,20.7,0.0075,,
0.3620,47,-4.3,20.7,0.0075,,
0.3705,48,-3.1,20.7,0.0075,,
0.3790,49,-2.1,20.7,0.0075,,
0.3865,50,-1.4,20.7,0.0075,,
0.3950,51,-0.7,20.7,0.0085,,
0.4030,52,0.0,20.7,0.0075,,
0.4115,53,0.9,20.7,0.0075,,
0.4200,54,1.7,20.7,0.0075,,
0.4285,55,2.3,20.7,0.0075,,
0.4360,56,3.3,20.8,0.0075,,
0.4445,57,4.0,20.8,0.0085,,
0.4530,58,5.1,20.7,0.0085,,
0.4615,59,5.8,20.7,0.0075,,
0.4695,60,6.3,20.7,0.0075,,
0.4780,61,7.3,20.7,0.0075,,
0.4855,62,7.8,20.8,0.0075,,
0.4940,63,8.9,20.7,0.0085,,
0.5025,64,9.6,20.7,0.0085,,
0.5110,65,10.2,20.7,0.0075,,
0.5195,66,11.2,20.8,0.0075,,
0.5275,67,12.0,20.8,0.0075,,
0.5360,68,12.7,20.8,0.0085,,
0.5435,69,13.4,20.8,0.0075,,
0.5520,70,13.9,20.7,0.0085,,
0.5605,71,14.9,20.7,0.0075,,
0.5690,72,15.8,20.8,0.0075,,
0.5775,73,16.3,20.8,0.0075,,
0.5855,74,17.0,20.8,0.0080,,
0.5935,75,17.7,20.8,0.0080,,
0.6015,76,18.7,20.8,0.0080,,
0.6100,77,19.7,20.8,0.0075,,
0.6185,78,20.0,20.8,0.0075,,
0.6270,79,21.0,20.8,0.0075,,
0.6355,80,21.9,20.8,0.0075,,
0.6430,81,22.4,20.8,0.0075,,
0.6515,82,23.3,20.8,0.0085,,
0.6595,83,23.9,20.8,0.0075,,
0.6680,84,24.7,20.8,0.0075,,
0.6765,85,25.9,20.8,0.0075,,
0.6850,86,26.5,20.8,0.0075,,
0.6925,87,27.4,20.8,0.0075,,
0.7010,88,28.0,20.8,0.0085,,
0.7095,89,28.9,20.8,0.0075,,
0.7180,90,29.9,20.8,0.0075,,
0.7260,91,30.6,20.8,0.0075,,
0.7345,92,31.4,20.8,0.0075,,
0.7420,93,32.1,20.8,0.0075,,
0.7505,94,32.9,20.8,0.0085,,
0.7590,95,34.1,20.8,0.0075,,
0.7675,96,34.7,20.8,0.0075,,
0.7760,97,35.5,20.8,0.0075,,
0.7840,98,36.5,20.8,0.0075,,
0.7925,99,37.3,20.8,0.0085,,
0.8000,100,38.5,20.8,0.0075,,
0.8085,101,39.3,20.8,0.0085,,
0.8170,102,39.9,20.8,0.0075,,
0.8255,103,41.1,20.8,0.0075,,
0.8340,104,42.2,20.8,0.0075,,
0.8420,105,42.9,20.8,0.0080,,
0.8495,106,43.7,20.8,0.0075,,
0.8580,107,44.6,20.8,0.0085,,
0.8665,108,45.9,20.8,0.0075,,
0.8750,109,46.9,20.8,0.0075,,
0.8835,110,47.6,20.8,0.0075,,
0.8920,111,48.6,20.8,0.0085,,
0.8995,112,49.6,20.8,0.0075,,
0.9080,113,50.7,20.8,0.0085,,
0.9160,114,51.8,20.8,0.0075,,
0.9245,115,52.7,20.8,0.0075,,
0.9330,116,53.8,20.8,0.0075,,
0.9415,117,55.2,20.8,0.0075,,
0.9490,118,56.1,20.8,0.0075,,
0.9575,119,57.4,20.8,0.0085,,
0.9660,120,58.3,20.8,0.0075,,
0.9740,121,59.5,20.8,0.0075,,
0.9825,122,60.8,20.8,0.0075,,
0.9910,123,61.8,20.8,0.0075,,
0.9985,124,63.0,20.8,0.0075,,
1.0070,125,64.0,20.8,0.0085,,
1.0155,126,65.4,20.8,0.0075,,
1.0240,127,66.9,20.8,0.0075,,
1.0325,128,68.1,20.8,0.0075,,
1.0405,129,69.3,20.8,0.0075,,
1.0485,130,70.3,20.8,0.0080,,
1.0565,131,71.9,20.8,0.0080,,
1.0650,132,73.5,20.8,0.0075,,
1.0735,133,74.6,20.8,0.0075,,
1.0820,134,76.0,20.8,0.0075,,
1.0905,135,77.8,20.8,0.0075,,
1.0980,136,79.0,20.8,0.0075,,
1.1065,137,80.7,20.8,0.0085,,
1.1145,138,82.1,20.8,0.0075,,
1.1230,139,83.8,20.8,0.0075,,
1.1315,140,85.8,20.8,0.0075,,
1.1400,141,87.4,20.8,0.0075,,
1.1475,142,89.1,20.8,0.0075,,
1.1560,143,90.8,20.8,0.0085,,
1.1645,144,92.8,20.8,0.0075,,
1.1730,145,95.0,20.8,0.0075,,
1.1810,146,97.2,20.8,0.0075,,
1.1895,147,99.3,20.8,0.0075,,
1.1970,148,101.4,20.8,0.0075,,
1.2055,149,104.0,20.8,0.0085,,
1.2140,150,106.8,20.8,0.0075,,
1.2225,151,109.4,20.8,0.0075,,
1.2310,152,112.3,20.8,0.0075,,
1.2390,153,115.6,20.8,0.0075,,
1.2475,154,118.3,20.8,0.0085,,
1.2550,155,122.0,20.8,0.0075,,
1.2635,156,125.5,20.8,0.0085,,
1.2720,157,129.4,20.8,0.0075,,
1.2805,158,133.6,20.8,0.0075,,
1.2890,159,137.7,20.8,0.0075,,
1.2970,160,141.2,20.8,0.0080,,
1.3050,161,145.0,20.8,0.0080,,
1.3130,162,149.1,20.8,0.0080,,
1.3215,163,153.0,20.8,0.0075,,
1.3300,164,156.2,20.8,0.0075,,
1.3385,165,159.4,20.8,0.0075,,
1.3470,166,162.1,20.8,0.0085,,
1.3545,167,165.0,20.8,0.0075,,
1.3630,168,167.8,20.8,0.0085,,
1.3710,169,170.0,20.8,0.0075,,
1.3795,170,171.9,20.8,0.0075,,
1.3880,171,174.0,20.8,0.0075,,
1.3965,172,176.0,20.8,0.0075,,
1.4040,173,177.6,20.8,0.0075,,
1.4125,174,179.3,20.8,0.0085,,
1.4210,175,180.6,20.8,0.0075,,
1.4290,176,182.3,20.8,0.0075,,
1.4375,177,183.7,20.8,0.0075,,
1.4460,178,184.9,20.8,0.0075,,
1.4495,178,185.3,20.8,0.0070,,
1.4495,418,187.8,20.8,0.0000,,
1.4500,420,187.7,20.8,0.0005,,
1.4515,421,187.5,20.8,0.0025,,
1.4540,422,187.7,20.8,0.0035,,
1.4580,423,188.2,20.8,0.0055,,
1.4645,424,188.4,20.8,0.0095,,
1.4730,425,189.3,20.8,0.0120,,
1.4805,426,190.2,20.8,0.0125,,
1.4890,427,191.3,20.8,0.0140,,
1.4975,428,192.4,20.8,0.0140,,
1.5055,429,193.1,20.8,0.0115,,
1.5140,430,194.0,20.8,0.0120,,
1.5225,431,195.1,20.8,0.0120,,
1.5300,432,195.8,20.8,0.0125,,
1.5385,433,196.7,20.8,0.0140,,
1.5470,434,197.3,20.8,0.0140,,
1.5555,435,198.1,20.8,0.0120,,
1.5640,436,199.1,20.8,0.0120,,
1.5720,437,199.7,20.8,0.0115,,
1.5800,438,200.4,20.8,0.0135,,
1.5880,439,201.0,20.8,0.0135,,
1.5965,440,201.7,20.8,0.0140,,
1.6050,441,202.6,20.8,0.0120,,
1.6135,442,203.0,20.8,0.0120,,
1.6220,443,203.5,20.8,0.0120,,
1.6295,444,204.1,20.8,0.0125,,
1.6380,445,204.8,20.8,0.0140,,
1.6460,446,205.7,20.8,0.0135,,
1.6545,447,206.1,20.8,0.0120,,
1.6630,448,206.4,20.8,0.0120,,
1.6715,449,207.2,20.8,0.0120,,
1.6800,450,207.7,20.8,0.0140,,
1.6875,451,208.3,20.8,0.0125,,
1.6960,452,208.7,20.8,0.0140,,
1.7040,453,209.1,20.8,0.0115,,
1.7125,454,209.8,20.8,0.0120,,
1.7210,455,210.4,20.8,0.0120,,
1.7285,456,210.7,20.8,0.0125,,
1.7370,457,210.9,20.8,0.0140,,
1.7455,458,211.5,20.8,0.0140,,
1.7540,459,212.2,20.8,0.0120,,
1.7625,460,212.7,20.8,0.0120,,
1.7705,461,212.9,20.8,0.0115,,
1.7790,462,213.4,20.8,0.0140,,
1.7865,463,213.7,20.8,0.0125,,
1.7950,464,214.3,20.8,0.0140,,
1.8035,465,214.7,20.8,0.0120,,
1.8120,466,214.9,20.8,0.0120,,
1.8205,467,215.5,20.8,0.0120,,
1.8285,468,216.0,20.8,0.0115,,
1.8360,469,216.3,20.8,0.0125,,
1.8445,470,216.6,20.8,0.0140,,
1.8530,471,216.8,20.8,0.0140,,
1.8615,472,217.3,20.8,0.0120,,
1.8700,473,217.7,20.8,0.0120,,
1.8785,474,217.9,20.8,0.0120,,
1.8860,475,218.4,20.8,0.0125,,
1.8945,476,218.6,20.8,0.0140,,
1.9025,477,219.2,20.8,0.0135,,
1.9110,478,219.5,20.8,0.0120,,
1.9195,479,219.6,20.8,0.0120,,
1.9280,480,219.9,20.8,0.0120,,
1.9355,481,220.2,20.8,0.0125,,
1.9440,482,220.7,20.8,0.0140,,
1.9525,483,221.2,20.8,0.0140,,
1.9605,484,221.2,20.8,0.0115,,
1.9690,485,221.6,20.8,0.0120,,
1.9775,486,222.2,20.8,0.0120,,
1.9850,487,222.3,20.8,0.0125,,
1.9935,488,222.5,20.8,0.0140,,
2.0020,489,222.6,20.8,0.0140,,
2.0105,490,223.0,20.8,0.0120,,
2.0190,491,223.5,20.8,0.0120,,
2.0270,492,223.5,20.8,0.0115,,
2.0350,493,223.9,20.8,0.0135,,
2.0430,494,224.0,20.8,0.0135,,
2.0515,495,224.4,20.8,0.0140,,
2.0600,496,224.9,20.8,0.0120,,
2.0685,497,224.9,20.8,0.0120,,
2.0770,498,225.2,20.8,0.0120,,
2.0845,499,225.5,20.8,0.0125,,
2.0930,500,225.9,20.8,0.0140,,
2.1010,501,226.2,20.8,0.0135,,
2.1095,502,226.2,20.8,0.0120,,
2.1180,503,226.4,20.8,0.0120,,
2.1265,504,226.9,20.8,0.0120,,
2.1340,505,227.1,20.8,0.0125,,
2.1425,506,227.5,20.8,0.0140,,
2.1510,507,227.3,20.8,0.0140,,
2.1595,508,227.7,20.8,0.0120,,
2.1675,509,228.2,20.8,0.0115,,
2.1760,510,228.2,20.8,0.0120,,
2.1835,511,228.7,20.8,0.0125,,
2.1920,512,228.5,20.8,0.0140,,
2.2005,513,228.9,20.8,0.0140,,
2.2090,514,229.5,20.8,0.0120,,
2.2175,515,229.5,20.8,0.0120,,
2.2255,516,229.5,20.8,0.0115,,
2.2335,517,229.7,20.8,0.0135,,
2.2415,518,230.1,20.8,0.0135,,
2.2500,519,230.5,20.8,0.0140,,
2.2585,520,230.5,20.8,0.0120,,
2.2670,521,230.7,20.8,0.0120,,
2.2755,522,231.1,20.8,0.0120,,
2.2835,523,231.2,20.8,0.0135,,
2.2915,524,231.6,20.8,0.0135,,
2.2995,525,231.6,20.8,0.0135,,
2.3080,526,231.7,20.8,0.0120,,
2.3165,527,232.2,20.8,0.0120,,
2.3250,528,232.3,20.8,0.0120,,
2.3335,529,232.6,20.8,0.0140,,
2.3410,530,232.5,20.8,0.0125,,
2.3495,531,232.6,20.8,0.0140,,
2.3575,532,233.1,20.8,0.0115,,
2.3660,533,233.1,20.8,0.0120,,
2.3745,534,233.2,20.8,0.0120,,
2.3820,535,233.4,20.8,0.0125,,
2.3905,536,233.7,20.8,0.0140,,
2.3985,537,234.1,20.8,0.0135,,
2.4055,538,234.1,20.8,0.0100,,
2.4125,539,234.1,20.8,0.0100,,
2.4160,540,234.3,20.8,0.0050,,
2.4170,541,234.3,20.8,0.0015,,
2.4175,542,234.4,20.8,0.0010,,
2.4185,543,234.4,20.8,0.0015,,
2.4195,544,234.3,20.8,0.0015,,
2.4210,545,234.6,20.8,0.0020,,
2.4215,546,234.6,20.8,0.0005,,
2.4220,547,234.7,20.8,0.0010,,
2.4230,548,234.4,20.8,0.0015,,
2.4230,549,234.4,20.8,0.0000,,
2.4235,550,234.7,20.8,0.0005,,
2.4240,551,234.6,20.8,0.0005,,
2.4255,552,234.4,20.8,0.0020,,
2.4260,553,234.5,20.8,0.0010,,
2.4270,554,234.5,20.8,0.0015,,
2.4280,555,234.8,20.8,0.0015,,
2.4285,556,234.8,20.8,0.0005,,
2.4295,557,234.5,20.8,0.0015,,
2.4300,558,234.6,20.8,0.0005,,
2.4300,558,235.1,20.8,0.0000,,
Scope 1/1, Sample 51/60 (T14_21)
Result,TitrationEP1
V,t,E,T,dV/dt,E acc. stat.,Volume acc. stat.
0.0000,0,-70.7,20.7,NaN,,
0.0010,1,-70.4,20.7,0.0010,,
0.0025,2,-70.7,20.7,0.0015,,
0.0050,3,-70.7,20.7,0.0020,,
0.0090,4,-70.8,20.7,0.0035,,
0.0150,5,-70.3,20.7,0.0055,,
0.0235,6,-69.8,20.7,0.0075,,
0.0320,7,-69.5,20.7,0.0075,,
0.0405,8,-68.4,20.7,0.0075,,
0.0490,9,-67.4,20.7,0.0075,,
0.0565,10,-65.9,20.7,0.0070,,
0.0650,11,-64.9,20.7,0.0075,,
0.0735,12,-63.6,20.7,0.0075,,
0.0815,13,-61.8,20.7,0.0075,,
0.0900,14,-60.1,20.7,0.0075,,
0.0985,15,-58.5,20.7,0.0075,,
0.1060,16,-56.9,20.7,0.0070,,
0.1145,17,-55.2,20.7,0.0075,,
0.1230,18,-52.9,20.7,0.0075,,
0.1315,19,-51.0,20.7,0.0075,,
0.1400,20,-49.1,20.7,0.0075,,
0.1475,21,-47.1,20.7,0.0070,,
0.1555,22,-44.8,20.7,0.0075,,
0.1640,23,-42.0,20.7,0.0075,,
0.1725,24,-39.7,20.7,0.0075,,
0.1810,25,-37.5,20.7,0.0075,,
0.1895,26,-34.7,20.7,0.0075,,
0.1970,27,-32.7,20.7,0.0070,,
0.2055,28,-30.2,20.7,0.0075,,
0.2140,29,-28.3,20.7,0.0075,,
0.2220,30,-26.4,20.7,0.0075,,
0.2305,31,-24.3,20.7,0.0075,,
0.2390,32,-22.6,20.7,0.0075,,
0.2475,33,-21.0,20.7,0.0075,,
0.2550,34,-19.7,20.7,0.0070,,
0.2635,35,-18.5,20.7,0.0075,,
0.2720,36,-16.7,20.7,0.0075,,
0.2800,37,-15.6,20.7,0.0075,,
0.2885,38,-14.6,20.7,0.0075,,
0.2970,39,-13.3,20.7,0.0075,,
0.3045,40,-12.3,20.7,0.0070,,
0.3130,41,-11.0,20.7,0.0075,,
0.3215,42,-9.9,20.7,0.0075,,
0.3300,43,-9.0,20.7,0.0075,,
0.3385,44,-7.8,20.7,0.0075,,
0.3465,45,-7.0,20.7,0.0075,,
0.3545,46,-5.8,20.7,0.0075,,
0.3625,47,-4.8,20.7,0.0075,,
0.3710,48,-4.2,20.7,0.0075,,
0.3795,49,-3.0,20.7,0.0075,,
0.3880,50,-2.2,20.7,0.0075,,
0.3965,51,-1.6,20.7,0.0070,,
0.4040,52,-0.7,20.7,0.0070,,
0.4120,53,-0.1,20.7,0.0075,,
0.4205,54,0.8,20.7,0.0075,,
0.4290,55,1.8,20.7,0.0075,,
0.4375,56,2.2,20.7,0.0075,,
0.4460,57,3.1,20.7,0.0075,,
0.4535,58,3.8,20.7,0.0070,,
0.4620,59,4.8,20.7,0.0075,,
0.4705,60,5.8,20.7,0.0075,,
0.4785,61,6.4,20.7,0.0075,,
0.4870,62,7.1,20.7,0.0075,,
0.4955,63,8.2,20.7,0.0075,,
0.5030,64,8.7,20.7,0.0070,,
0.5115,65,9.6,20.7,0.0075,,
0.5200,66,10.1,20.7,0.0075,,
0.5285,67,11.0,20.7,0.0075,,
0.5365,68,12.0,20.7,0.0075,,
0.5450,69,12.6,20.7,0.0075,,
0.5525,70,13.4,20.7,0.0070,,
0.5610,71,13.9,20.7,0.0075,,
0.5695,72,14.7,20.7,0.0075,,
0.5780,73,15.8,20.7,0.0075,,
0.5865,74,16.4,20.7,0.0075,,
0.5950,75,16.8,20.7,0.0075,,
0.6025,76,17.7,20.7,0.0070,,
0.6105,77,18.4,20.7,0.0075,,
0.6190,78,19.5,20.7,0.0075,,
0.6275,79,20.1,20.7,0.0075,,
0.6360,80,20.7,20.7,0.0075,,
0.6445,81,21.7,20.7,0.0075,,
0.6520,82,22.3,20.7,0.0070,,
0.6605,83,23.3,20.7,0.0075,,
0.6690,84,23.8,20.7,0.0075,,
0.6770,85,24.6,20.7,0.0075,,
0.6855,86,25.6,20.7,0.0075,,
0.6940,87,26.3,20.7,0.0075,,
0.7015,88,27.2,20.7,0.0070,,
0.7100,89,27.7,20.7,0.0075,,
0.7185,90,28.6,20.7,0.0075,,
0.7270,91,29.6,20.7,0.0075,,
0.7355,92,30.3,20.7,0.0075,,
0.7435,93,31.0,20.7,0.0075,,
0.7510,94,31.9,20.7,0.0070,,
0.7595,95,32.7,20.7,0.0075,,
0.7680,96,33.7,20.7,0.0075,,
0.7765,97,34.5,20.7,0.0075,,
0.7850,98,35.1,20.7,0.0075,,
0.7935,99,36.2,20.7,0.0075,,
0.8015,100,36.8,20.7,0.0075,,
0.8095,101,38.0,20.7,0.0075,,
0.8175,102,38.8,20.7,0.0075,,
0.8260,103,39.4,20.7,0.0075,,
0.8345,104,40.5,20.7,0.0075,,
0.8430,105,41.6,20.7,0.0075,,
0.8515,106,42.3,20.7,0.0070,,
0.8590,107,43.4,20.7,0.0070,,
0.8675,108,44.1,20.7,0.0075,,
0.8755,109,45.2,20.7,0.0075,,
0.8840,110,46.4,20.7,0.0075,,
0.8925,111,46.9,20.7,0.0075,,
0.9010,112,47.9,20.7,0.0070,,
0.9085,113,48.8,20.7,0.0070,,
0.9170,114,50.1,20.7,0.0075,,
0.9255,115,51.1,20.7,0.0075,,
0.9335,116,51.8,20.7,0.0075,,
0.9420,117,53.0,20.7,0.0075,,
0.9505,118,54.4,20.7,0.0075,,
0.9580,119,55.3,20.7,0.0070,,
0.9665,120,56.3,20.7,0.0075,,
0.9750,121,57.2,20.7,0.0075,,
0.9835,122,58.4,20.7,0.0075,,
0.9920,123,59.8,20.7,0.0075,,
1.0000,124,60.8,20.7,0.0065,,
1.0080,125,61.9,20.8,0.0075,,
1.0160,126,62.8,20.7,0.0075,,
1.0245,127,64.3,20.7,0.0075,,
1.0330,128,65.7,20.8,0.0075,,
1.0415,129,66.8,20.8,0.0075,,
1.0500,130,68.0,20.7,0.0075,,
1.0575,131,69.2,20.7,0.0070,,
1.0660,132,70.7,20.8,0.0075,,
1.0740,133,72.2,20.8,0.0075,,
1.0825,134,73.3,20.8,0.0075,,
1.0910,135,74.7,20.8,0.0075,,
1.0995,136,76.4,20.7,0.0075,,
1.1080,137,77.5,20.8,0.0075,,
1.1155,138,79.4,20.7,0.0070,,
1.1240,139,80.7,20.7,0.0075,,
1.1320,140,82.2,20.7,0.0075,,
1.1405,141,84.0,20.8,0.0075,,
1.1490,142,85.6,20.8,0.0075,,
1.1565,143,87.3,20.7,0.0070,,
1.1650,144,88.9,20.8,0.0075,,
1.1735,145,90.7,20.7,0.0075,,
1.1820,146,93.0,20.8,0.0075,,
1.1900,147,94.9,20.8,0.0075,,
1.1985,148,96.7,20.8,0.0075,,
1.2070,149,98.8,20.8,0.0075,,
1.2145,150,101.1,20.8,0.0070,,
1.2230,151,103.7,20.8,0.0075,,
1.2315,152,106.2,20.8,0.0075,,
1.2400,153,108.9,20.8,0.0075,,
1.2485,154,111.8,20.8,0.0075,,
1.2565,155,115.1,20.8,0.0065,,
1.2640,156,117.9,20.8,0.0070,,
1.2725,157,121.3,20.8,0.0075,,
1.2810,158,124.6,20.8,0.0075,,
1.2895,159,128.6,20.8,0.0075,,
1.2980,160,132.7,20.8,0.0075,,
1.3065,161,136.7,20.8,0.0070,,
1.3140,162,140.3,20.8,0.0070,,
1.3225,163,144.4,20.8,0.0075,,
1.3305,164,148.6,20.8,0.0075,,
1.3390,165,152.4,20.8,0.0075,,
1.3475,166,155.7,20.8,0.0070,,
1.3560,167,159.1,20.8,0.0075,,
1.3635,168,161.6,20.8,0.0070,,
1.3720,169,164.8,20.8,0.0075,,
1.3805,170,167.4,20.8,0.0075,,
1.3885,171,169.4,20.8,0.0075,,
1.3970,172,171.6,20.8,0.0075,,
1.4055,173,174.0,20.8,0.0075,,
1.4130,174,175.5,20.8,0.0070,,
1.4215,175,177.5,20.8,0.0075,,
1.4300,176,178.8,20.8,0.0075,,
1.4385,177,180.4,20.8,0.0075,,
1.4465,178,182.2,20.8,0.0075,,
1.4550,179,183.5,20.8,0.0075,,
1.4635,180,184.8,20.8,0.0075,,
1.4665,181,185.1,20.8,0.0050,,
1.4665,421,187.2,20.8,0.0000,,
1.4670,422,187.2,20.8,0.0010,,
1.4685,423,187.4,20.8,0.0025,,
1.4710,424,187.3,20.8,0.0035,,
1.4750,425,187.6,20.8,0.0055,,
1.4815,426,188.4,20.8,0.0095,,
1.4895,427,189.2,20.8,0.0115,,
1.4975,428,190.1,20.8,0.0135,,
1.5055,429,191.1,20.8,0.0135,,
1.5140,430,191.9,20.8,0.0140,,
1.5225,431,193.2,20.8,0.0120,,
1.5310,432,194.0,20.8,0.0120,,
1.5395,433,194.6,20.8,0.0120,,
1.5470,434,195.6,20.8,0.0125,,
1.5555,435,196.3,20.8,0.0140,,
1.5635,436,197.4,20.8,0.0135,,
1.5720,437,198.2,20.8,0.0120,,
1.5805,438,198.7,20.8,0.0120,,
1.5890,439,199.3,20.8,0.0120,,
1.5965,440,200.0,20.8,0.0125,,
1.6050,441,200.9,20.8,0.0140,,
1.6135,442,201.7,20.8,0.0140,,
1.6215,443,202.2,20.8,0.0115,,
1.6300,444,202.8,20.8,0.0120,,
1.6385,445,203.8,20.8,0.0120,,
1.6470,446,204.4,20.8,0.0120,,
1.6545,447,205.0,20.8,0.0125,,
1.6630,448,205.3,20.8,0.0140,,
1.6715,449,205.7,20.8,0.0120,,
1.6795,450,206.7,20.8,0.0115,,
1.6880,451,207.2,20.8,0.0120,,
1.6965,452,207.4,20.8,0.0120,,
1.7040,453,208.0,20.8,0.0125,,
1.7125,454,208.5,20.8,0.0140,,
1.7210,455,209.1,20.8,0.0140,,
1.7295,456,209.6,20.8,0.0120,,
1.7375,457,209.8,20.8,0.0115,,
1.7460,458,210.5,20.8,0.0120,,
1.7535,459,210.7,20.8,0.0125,,
1.7620,460,211.6,20.8,0.0140,,
1.7705,461,211.9,20.8,0.0140,,
1.7790,462,212.1,20.8,0.0120,,
1.7875,463,212.7,20.8,0.0120,,
1.7955,464,213.5,20.8,0.0115,,
1.8040,465,213.8,20.8,0.0140,,
1.8115,466,214.2,20.8,0.0125,,
1.8200,467,214.3,20.8,0.0140,,
1.8285,468,215.0,20.8,0.0120,,
1.8370,469,215.5,20.8,0.0120,,
1.8455,470,215.4,20.8,0.0120,,
1.8530,471,215.9,20.8,0.0125,,
1.8615,472,216.3,20.8,0.0140,,
1.8700,473,216.9,20.8,0.0140,,
1.8780,474,217.3,20.8,0.0115,,
1.8865,475,217.3,20.8,0.0120,,
1.8950,476,217.7,20.8,0.0120,,
1.9035,477,217.9,20.8,0.0140,,
1.9110,478,218.6,20.8,0.0125,,
1.9195,479,218.9,20.8,0.0140,,
1.9280,480,219.0,20.8,0.0120,,
1.9360,481,219.5,20.8,0.0115,,
1.9445,482,220.0,20.8,0.0120,,
1.9530,483,220.3,20.8,0.0140,,
1.9605,484,220.6,20.8,0.0125,,
1.9690,485,220.6,20.8,0.0140,,
1.9775,486,221.2,20.8,0.0120,,
1.9860,487,221.6,20.8,0.0120,,
1.9945,488,221.6,20.8,0.0120,,
2.0025,489,222.0,20.8,0.0135,,
2.0105,490,222.1,20.8,0.0135,,
2.0185,491,222.6,20.8,0.0135,,
2.0270,492,223.0,20.8,0.0120,,
2.0355,493,223.0,20.8,0.0120,,
2.0440,494,223.5,20.8,0.0120,,
2.0515,495,223.7,20.8,0.0125,,
2.0600,496,224.2,20.8,0.0140,,
2.0685,497,224.4,20.8,0.0140,,
2.0770,498,224.3,20.8,0.0120,,
2.0850,499,224.8,20.8,0.0115,,
2.0935,500,225.3,20.8,0.0120,,
2.1010,501,225.5,20.8,0.0125,,
2.1095,502,225.6,20.8,0.0140,,
2.1180,503,225.7,20.8,0.0140,,
2.1265,504,226.3,20.8,0.0120,,
2.1350,505,226.5,20.8,0.0120,,
2.1435,506,226.5,20.8,0.0120,,
2.1510,507,226.8,20.8,0.0125,,
2.1595,508,226.9,20.8,0.0140,,
2.1675,509,227.4,20.8,0.0135,,
2.1760,510,227.6,20.8,0.0120,,
2.1845,511,227.7,20.8,0.0120,,
2.1930,512,228.0,20.8,0.0120,,
2.2010,513,228.1,20.8,0.0135,,
2.2090,514,228.7,20.8,0.0135,,
2.2170,515,229.1,20.8,0.0135,,
2.2255,516,229.0,20.8,0.0120,,
2.2340,517,229.2,20.8,0.0120,,
2.2425,518,229.6,20.8,0.0120,,
2.2510,519,229.9,20.8,0.0140,,
2.2585,520,230.2,20.8,0.0125,,
2.2670,521,230.1,20.8,0.0140,,
2.2755,522,230.4,20.8,0.0120,,
2.2835,523,230.8,20.8,0.0115,,
2.2920,524,230.8,20.8,0.0120,,
2.3005,525,231.2,20.8,0.0140,,
2.3080,526,231.1,20.8,0.0125,,
2.3165,527,231.5,20.8,0.0140,,
2.3250,528,231.9,20.8,0.0120,,
2.3335,529,231.8,20.8,0.0120,,
2.3420,530,232.1,20.8,0.0120,,
2.3500,531,232.2,20.8,0.0135,,
2.3575,532,232.5,20.8,0.0125,,
2.3660,533,232.9,20.8,0.0140,,
2.3745,534,232.7,20.8,0.0140,,
2.3830,535,232.9,20.8,0.0120,,
2.3915,536,233.4,20.8,0.0120,,
2.4000,537,233.4,20.8,0.0120,,
2.4075,538,233.7,20.8,0.0125,,
2.4155,539,233.6,20.8,0.0135,,
2.4235,540,233.8,20.8,0.0135,,
2.4250,541,234.4,20.8,0.0020,,
2.4255,542,234.3,20.8,0.0005,,
2.4260,543,234.0,20.8,0.0005,,
2.4270,544,234.1,20.8,0.0015,,
2.4285,545,234.2,20.8,0.0025,,
2.4295,546,234.5,20.8,0.0015,,
2.4300,547,234.3,20.8,0.0005,,
2.4315,548,234.2,20.8,0.0020,,
2.4330,549,234.4,20.8,0.0020,,
2.4335,550,234.4,20.8,0.0010,,
2.4340,551,234.6,20.8,0.0010,,
2.4345,552,234.5,20.8,0.0010,,
2.4350,553,234.2,20.8,0.0005,,
2.4360,554,234.5,20.8,0.0015,,
2.4365,555,234.4,20.8,0.0005,,
2.4370,556,234.5,20.8,0.0010,,
2.4380,557,234.3,20.8,0.0015,,
2.4380,558,234.3,20.8,0.0000,,
2.4395,559,234.6,20.8,0.0020,,
2.4405,560,234.6,20.8,0.0015,,
2.4415,561,234.3,20.8,0.0015,,
2.4420,562,234.4,20.8,0.0010,,
2.4425,563,234.4,20.8,0.0010,,
2.4435,564,234.8,20.8,0.0015,,
2.4445,565,234.6,20.8,0.0015,,
2.4450,566,234.3,20.8,0.0005,,
2.4455,567,234.6,20.8,0.0005,,
2.4465,568,234.5,20.8,0.0015,,
2.4470,569,234.8,20.8,0.0010,,
2.4475,570,234.7,20.8,0.0010,,
2.4485,571,234.5,20.8,0.0015,,
2.4490,572,234.8,20.8,0.0005,,
2.4505,573,235.0,20.8,0.0020,,
Scope 1/1, Sample 52/60 (T15_21)
Result,TitrationEP1
V,t,E,T,dV/dt,E acc. stat.,Volume acc. stat.
0.0000,0,-70.7,20.7,NaN,,
0.0005,1,-70.8,20.7,0.0005,,
0.0025,2,-70.7,20.7,0.0020,,
0.0050,3,-70.5,20.7,0.0025,,
0.0090,4,-70.7,20.7,0.0035,,
0.0150,5,-70.7,20.7,0.0055,,
0.0235,6,-70.1,20.7,0.0075,,
0.0320,7,-69.7,20.7,0.0085,,
0.0395,8,-68.5,20.7,0.0075,,
0.0480,9,-67.6,20.7,0.0085,,
0.0565,10,-66.5,20.7,0.0075,,
0.0645,11,-64.8,20.7,0.0075,,
0.0730,12,-63.4,20.7,0.0075,,
0.0815,13,-62.0,20.7,0.0085,,
0.0890,14,-60.5,20.7,0.0075,,
0.0975,15,-59.0,20.7,0.0085,,
0.1060,16,-57.0,20.7,0.0075,,
0.1145,17,-55.1,20.7,0.0075,,
0.1230,18,-53.4,20.7,0.0075,,
0.1310,19,-51.5,20.7,0.0080,,
0.1385,20,-49.5,20.7,0.0075,,
0.1470,21,-47.1,20.7,0.0085,,
0.1555,22,-44.8,20.7,0.0075,,
0.1640,23,-42.5,20.7,0.0075,,
0.1725,24,-40.0,20.7,0.0075,,
0.1810,25,-37.4,20.7,0.0075,,
0.1885,26,-35.1,20.7,0.0075,,
0.1965,27,-32.6,20.7,0.0080,,
0.2050,28,-30.5,20.7,0.0075,,
0.2135,29,-28.1,20.7,0.0075,,
0.2220,30,-25.8,20.7,0.0075,,
0.2305,31,-24.1,20.7,0.0075,,
0.2380,32,-22.3,20.7,0.0075,,
0.2465,33,-21.0,20.7,0.0085,,
0.2550,34,-19.3,20.7,0.0085,,
0.2630,35,-17.8,20.7,0.0075,,
0.2715,36,-16.5,20.7,0.0075,,
0.2800,37,-15.4,20.7,0.0075,,
0.2875,38,-14.4,20.7,0.0075,,
0.2960,39,-13.1,20.7,0.0085,,
0.3045,40,-11.7,20.7,0.0085,,
0.3130,41,-10.8,20.7,0.0075,,
0.3210,42,-9.8,20.7,0.0075,,
0.3295,43,-8.5,20.7,0.0075,,
0.3370,44,-7.7,20.7,0.0075,,
0.3455,45,-6.6,20.7,0.0085,,
0.3540,46,-5.9,20.7,0.0085,,
0.3625,47,-4.8,20.7,0.0075,,
0.3710,48,-3.6,20.7,0.0075,,
0.3790,49,-2.9,20.7,0.0075,,
0.3870,50,-2.1,20.7,0.0080,,
0.3955,51,-1.6,20.7,0.0085,,
0.4035,52,-0.7,20.7,0.0080,,
0.4120,53,0.3,20.7,0.0075,,
0.4205,54,0.7,20.7,0.0075,,
0.4290,55,1.6,20.7,0.0075,,
0.4365,56,2.4,20.7,0.0075,,
0.4450,57,3.3,20.7,0.0085,,
0.4535,58,4.3,20.7,0.0085,,
0.4615,59,4.7,20.7,0.0075,,
0.4700,60,5.7,20.7,0.0075,,
0.4785,61,6.2,20.7,0.0085,,
0.4860,62,7.4,20.7,0.0075,,
0.4945,63,8.1,20.7,0.0085,,
0.5030,64,8.5,20.7,0.0075,,
0.5115,65,9.5,20.7,0.0075,,
0.5200,66,10.3,20.7,0.0075,,
0.5280,67,10.9,20.7,0.0075,,
0.5360,68,11.7,20.7,0.0080,,
0.5440,69,12.2,20.7,0.0080,,
0.5525,70,13.2,20.7,0.0075,,
0.5610,71,14.2,20.7,0.0075,,
0.5695,72,14.6,20.7,0.0075,,
0.5780,73,15.3,20.7,0.0075,,
0.5855,74,15.8,20.7,0.0075,,
0.5940,75,16.9,20.7,0.0085,,
0.6020,76,17.8,20.7,0.0080,,
0.6105,77,18.2,20.7,0.0075,,
0.6190,78,19.0,20.7,0.0075,,
0.6275,79,20.0,20.7,0.0075,,
0.6350,80,20.7,20.7,0.0075,,
0.6435,81,21.5,20.7,0.0085,,
0.6520,82,22.0,20.7,0.0085,,
0.6600,83,22.9,20.7,0.0075,,
0.6685,84,23.8,20.7,0.0075,,
0.6770,85,24.3,20.7,0.0075,,
0.6845,86,25.1,20.7,0.0075,,
0.6930,87,25.8,20.7,0.0085,,
0.7015,88,26.7,20.7,0.0085,,
0.7100,89,27.7,20.7,0.0075,,
0.7185,90,28.3,20.7,0.0075,,
0.7265,91,29.0,20.7,0.0075,,
0.7345,92,29.7,20.7,0.0080,,
0.7425,93,30.8,20.7,0.0080,,
0.7510,94,31.8,20.7,0.0085,,
0.7595,95,32.3,20.7,0.0075,,
0.7680,96,33.1,20.7,0.0075,,
0.7765,97,34.1,20.7,0.0075,,
0.7840,98,34.7,20.7,0.0075,,
0.7925,99,35.7,20.7,0.0085,,
0.8005,100,36.4,20.7,0.0080,,
0.8090,101,37.2,20.7,0.0075,,
0.8175,102,38.4,20.7,0.0075,,
0.8260,103,39.2,20.7,0.0075,,
0.8335,104,40.1,20.7,0.0075,,
0.8420,105,40.8,20.7,0.0085,,
0.8505,106,41.8,20.7,0.0085,,
0.8590,107,42.9,20.7,0.0075,,
0.8670,108,43.8,20.7,0.0075,,
0.8755,109,44.6,20.7,0.0075,,
0.8840,110,45.5,20.7,0.0085,,
0.8915,111,46.6,20.7,0.0075,,
0.9000,112,47.9,20.7,0.0085,,
0.9085,113,48.6,20.7,0.0075,,
0.9170,114,49.6,20.7,0.0075,,
0.9255,115,50.8,20.7,0.0075,,
0.9330,116,51.6,20.7,0.0075,,
0.9410,117,52.8,20.7,0.0080,,
0.9495,118,53.6,20.7,0.0085,,
0.9580,119,54.7,20.7,0.0075,,
0.9665,120,56.0,20.7,0.0075,,
0.9750,121,56.8,20.7,0.0075,,
0.9825,122,58.1,20.7,0.0075,,
0.9910,123,58.8,20.7,0.0085,,
0.9995,124,60.2,20.7,0.0085,,
1.0075,125,61.5,20.7,0.0075,,
1.0160,126,62.5,20.7,0.0075,,
1.0245,127,63.7,20.8,0.0075,,
1.0320,128,64.8,20.7,0.0075,,
1.0405,129,66.1,20.7,0.0085,,
1.0490,130,67.6,20.7,0.0085,,
1.0575,131,68.7,20.7,0.0075,,
1.0660,132,70.1,20.7,0.0075,,
1.0740,133,71.6,20.7,0.0075,,
1.0820,134,72.7,20.7,0.0080,,
1.0900,135,74.0,20.8,0.0080,,
1.0985,136,75.4,20.8,0.0085,,
1.1070,137,76.9,20.7,0.0075,,
1.1155,138,78.6,20.7,0.0075,,
1.1240,139,80.1,20.8,0.0075,,
1.1315,140,81.6,20.7,0.0075,,
1.1400,141,82.9,20.8,0.0085,,
1.1480,142,84.6,20.8,0.0080,,
1.1565,143,86.6,20.8,0.0075,,
1.1650,144,88.2,20.8,0.0075,,
1.1735,145,89.8,20.8,0.0075,,
1.1810,146,91.6,20.8,0.0075,,
1.1895,147,93.7,20.8,0.0085,,
1.1980,148,96.0,20.8,0.0085,,
1.2065,149,97.9,20.8,0.0075,,
1.2145,150,100.0,20.8,0.0075,,
1.2230,151,102.6,20.8,0.0075,,
1.2305,152,104.8,20.8,0.0075,,
1.2390,153,107.5,20.8,0.0085,,
1.2475,154,110.1,20.8,0.0085,,
1.2560,155,113.0,20.8,0.0075,,
1.2645,156,116.6,20.8,0.0075,,
1.2725,157,120.0,20.8,0.0075,,
1.2805,158,123.2,20.8,0.0080,,
1.2885,159,126.8,20.8,0.0080,,
1.2970,160,130.7,20.8,0.0085,,
1.3055,161,135.2,20.8,0.0075,,
1.3140,162,139.3,20.8,0.0075,,
1.3225,163,143.1,20.8,0.0075,,
1.3305,164,146.9,20.8,0.0080,,
1.3385,165,151.0,20.8,0.0080,,
1.3465,166,154.8,20.8,0.0080,,
1.3550,167,158.0,20.8,0.0075,,
1.3635,168,160.9,20.8,0.0075,,
1.3720,169,163.8,20.8,0.0075,,
1.3805,170,166.6,20.8,0.0075,,
1.3880,171,168.8,20.8,0.0075,,
1.3965,172,170.9,20.8,0.0085,,
1.4045,173,172.7,20.8,0.0075,,
1.4130,174,175.0,20.8,0.0075,,
1.4215,175,177.0,20.8,0.0075,,
1.4300,176,178.3,20.8,0.0075,,
1.4375,177,179.8,20.8,0.0075,,
1.4460,178,181.2,20.8,0.0085,,
1.4545,179,182.9,20.8,0.0085,,
1.4625,180,184.4,20.8,0.0075,,
1.4705,181,185.3,20.8,0.0080,,
1.4705,421,187.3,20.8,0.0000,,
1.4710,422,187.4,20.8,0.0005,,
1.4725,423,187.4,20.8,0.0015,,
1.4750,424,187.4,20.8,0.0020,,
1.4790,425,187.9,20.8,0.0035,,
1.4855,426,188.6,20.8,0.0055,,
1.4940,427,189.2,20.8,0.0070,,
1.5015,428,190.2,20.8,0.0070,,
1.5095,429,190.9,20.8,0.0075,,
1.5180,430,192.0,20.8,0.0075,,
1.5265,431,193.1,20.8,0.0070,,
1.5350,432,193.7,20.8,0.0070,,
1.5435,433,194.8,20.8,0.0070,,
1.5510,434,195.5,20.8,0.0070,,
1.5595,435,196.8,20.8,0.0075,,
1.5680,436,197.4,20.8,0.0070,,
1.5760,437,198.0,20.8,0.0065,,
1.5845,438,198.9,20.8,0.0070,,
1.5930,439,199.5,20.8,0.0075,,
1.6005,440,200.5,20.8,0.0070,,
1.6090,441,201.1,20.8,0.0075,,
1.6175,442,201.6,20.8,0.0070,,
1.6260,443,202.6,20.8,0.0070,,
1.6345,444,203.3,20.8,0.0070,,
1.6425,445,203.6,20.8,0.0065,,
1.6500,446,204.3,20.8,0.0070,,
1.6585,447,204.6,20.8,0.0075,,
1.6670,448,205.4,20.8,0.0075,,
1.6755,449,206.2,20.8,0.0070,,
1.6840,450,206.5,20.8,0.0070,,
1.6925,451,207.1,20.8,0.0070,,
1.7000,452,207.5,20.8,0.0070,,
1.7085,453,208.3,20.8,0.0075,,
1.7165,454,208.9,20.8,0.0075,,
1.7250,455,209.1,20.8,0.0070,,
1.7335,456,209.8,20.8,0.0070,,
1.7420,457,210.4,20.8,0.0070,,
1.7495,458,210.8,20.8,0.0070,,
1.7580,459,211.1,20.8,0.0075,,
1.7665,460,211.4,20.8,0.0070,,
1.7750,461,212.1,20.8,0.0070,,
1.7830,462,212.6,20.8,0.0065,,
1.7915,463,212.9,20.8,0.0070,,
1.7990,464,213.4,20.8,0.0070,,
1.8075,465,213.5,20.8,0.0075,,
1.8160,466,214.1,20.8,0.0075,,
1.8245,467,214.6,20.8,0.0070,,
1.8330,468,214.9,20.8,0.0070,,
1.8410,469,215.2,20.8,0.0065,,
1.8490,470,215.5,20.8,0.0075,,
1.8570,471,216.2,20.8,0.0075,,
1.8655,472,216.6,20.8,0.0075,,
1.8740,473,216.6,20.8,0.0070,,
1.8825,474,217.1,20.8,0.0070,,
1.8910,475,217.6,20.8,0.0070,,
1.8985,476,218.0,20.8,0.0070,,
1.9070,477,218.3,20.8,0.0075,,
1.9150,478,218.5,20.8,0.0075,,
1.9235,479,218.9,20.8,0.0070,,
1.9320,480,219.4,20.8,0.0070,,
1.9405,481,219.5,20.8,0.0070,,
1.9480,482,219.9,20.8,0.0070,,
1.9565,483,220.0,20.8,0.0075,,
1.9650,484,220.6,20.8,0.0075,,
1.9735,485,221.0,20.8,0.0070,,
1.9815,486,221.1,20.8,0.0065,,
1.9900,487,221.5,20.8,0.0070,,
1.9975,488,221.6,20.8,0.0070,,
2.0060,489,222.2,20.8,0.0075,,
2.0145,490,222.5,20.8,0.0070,,
2.0230,491,222.6,20.8,0.0070,,
2.0315,492,223.0,20.8,0.0070,,
2.0400,493,223.5,20.8,0.0070,,
2.0475,494,223.7,20.8,0.0070,,
2.0555,495,223.9,20.8,0.0075,,
2.0640,496,223.9,20.8,0.0075,,
2.0725,497,224.4,20.8,0.0070,,
2.0810,498,224.8,20.8,0.0070,,
2.0895,499,224.8,20.8,0.0070,,
2.0970,500,225.3,20.8,0.0070,,
2.1055,501,225.3,20.8,0.0075,,
2.1135,502,225.6,20.8,0.0075,,
2.1220,503,226.1,20.8,0.0070,,
2.1305,504,226.0,20.8,0.0070,,
2.1390,505,226.3,20.8,0.0070,,
2.1465,506,226.5,20.8,0.0070,,
2.1550,507,226.9,20.8,0.0075,,
2.1635,508,227.3,20.8,0.0075,,
2.1720,509,227.3,20.8,0.0070,,
2.1800,510,227.6,20.8,0.0065,,
2.1885,511,228.1,20.8,0.0070,,
2.1960,512,228.1,20.8,0.0070,,
2.2045,513,228.5,20.8,0.0075,,
2.2130,514,228.5,20.8,0.0075,,
2.2215,515,228.7,20.8,0.0070,,
2.2300,516,229.2,20.8,0.0070,,
2.2380,517,229.3,20.8,0.0065,,
2.2460,518,229.7,20.8,0.0075,,
2.2540,519,229.6,20.8,0.0075,,
2.2625,520,229.9,20.8,0.0075,,
2.2710,521,230.4,20.8,0.0070,,
2.2795,522,230.3,20.8,0.0070,,
2.2880,523,230.4,20.8,0.0070,,
2.2955,524,230.7,20.8,0.0070,,
2.3040,525,231.1,20.8,0.0075,,
2.3125,526,231.4,20.8,0.0075,,
2.3205,527,231.3,20.8,0.0065,,
2.3290,528,231.6,20.8,0.0070,,
2.3375,529,232.0,20.8,0.0070,,
2.3450,530,232.2,20.8,0.0070,,
2.3535,531,232.5,20.8,0.0075,,
2.3620,532,232.4,20.8,0.0075,,
2.3705,533,232.6,20.8,0.0070,,
2.3785,534,233.1,20.8,0.0065,,
2.3870,535,233.1,20.8,0.0070,,
2.3945,536,233.4,20.8,0.0070,,
2.4030,537,233.3,20.8,0.0075,,
2.4115,538,233.7,20.8,0.0075,,
2.4195,539,234.1,20.8,0.0065,,
2.4270,540,233.9,20.8,0.0060,,
2.4350,541,234.0,20.8,0.0065,,
2.4365,542,234.1,20.8,0.0015,,
2.4365,543,234.4,20.8,0.0000,,
2.4370,544,234.5,20.8,0.0005,,
2.4375,545,234.2,20.8,0.0005,,
2.4385,546,234.3,20.8,0.0010,,
2.4400,547,234.4,20.8,0.0010,,
2.4420,548,234.5,20.8,0.0020,,
2.4425,549,234.5,20.8,0.0005,,
2.4430,550,234.2,20.8,0.0005,,
2.4435,551,234.5,20.8,0.0005,,
2.4440,552,234.6,20.8,0.0005,,
2.4455,553,234.4,20.8,0.0010,,
2.4470,554,234.5,20.8,0.0015,,
2.4490,555,234.4,20.8,0.0020,,
2.4510,556,234.7,20.8,0.0020,,
2.4520,557,234.8,20.8,0.0010,,
2.4525,558,234.5,20.8,0.0005,,
2.4535,559,234.6,20.8,0.0010,,
2.4540,560,234.6,20.8,0.0005,,
2.4550,561,234.9,20.8,0.0010,,
2.4555,562,235.0,20.8,0.0005,,
2.4565,563,235.0,20.8,0.0010,,
Scope 1/1, Sample 53/60 (T17_21)
Result,TitrationEP1
V,t,E,T,dV/dt,E acc. stat.,Volume acc. stat.
0.0000,0,-70.2,20.7,NaN,,
0.0010,1,-70.2,20.7,0.0010,,
0.0025,2,-70.3,20.7,0.0015,,
0.0050,3,-70.4,20.7,0.0025,,
0.0090,4,-70.3,20.7,0.0035,,
0.0150,5,-69.7,20.7,0.0055,,
0.0235,6,-69.6,20.7,0.0075,,
0.0320,7,-68.9,20.7,0.0075,,
0.0405,8,-67.6,20.7,0.0075,,
0.0490,9,-66.7,20.7,0.0085,,
0.0565,10,-65.2,20.7,0.0070,,
0.0645,11,-64.2,20.7,0.0075,,
0.0730,12,-62.8,20.7,0.0075,,
0.0815,13,-60.9,20.7,0.0075,,
0.0900,14,-59.4,20.7,0.0075,,
0.0985,15,-58.0,20.7,0.0075,,
0.1060,16,-56.2,20.7,0.0070,,
0.1145,17,-54.3,20.7,0.0075,,
0.1230,18,-52.0,20.7,0.0075,,
0.1310,19,-50.0,20.7,0.0075,,
0.1395,20,-48.2,20.7,0.0075,,
0.1480,21,-45.6,20.7,0.0075,,
0.1555,22,-43.8,20.7,0.0070,,
0.1640,23,-41.1,20.8,0.0075,,
0.1725,24,-38.7,20.7,0.0075,,
0.1810,25,-36.2,20.7,0.0075,,
0.1890,26,-33.4,20.7,0.0075,,
0.1975,27,-31.2,20.7,0.0085,,
0.2050,28,-28.6,20.8,0.0070,,
0.2135,29,-26.7,20.8,0.0075,,
0.2220,30,-24.8,20.7,0.0075,,
0.2305,31,-22.6,20.8,0.0075,,
0.2390,32,-20.9,20.8,0.0075,,
0.2470,33,-19.5,20.8,0.0075,,
0.2550,34,-18.0,20.8,0.0075,,
0.2630,35,-16.8,20.8,0.0075,,
0.2715,36,-15.0,20.8,0.0075,,
0.2800,37,-13.8,20.8,0.0075,,
0.2885,38,-12.9,20.8,0.0075,,
0.2970,39,-11.5,20.8,0.0075,,
0.3045,40,-10.6,20.8,0.0070,,
0.3130,41,-9.2,20.8,0.0075,,
0.3215,42,-8.2,20.8,0.0075,,
0.3295,43,-7.3,20.8,0.0075,,
0.3380,44,-6.1,20.8,0.0075,,
0.3465,45,-5.0,20.8,0.0075,,
0.3540,46,-4.0,20.7,0.0070,,
0.3625,47,-3.1,20.8,0.0075,,
0.3710,48,-2.6,20.8,0.0075,,
0.3795,49,-1.6,20.8,0.0075,,
0.3875,50,-0.6,20.8,0.0075,,
0.3960,51,0.1,20.8,0.0075,,
0.4045,52,0.9,20.8,0.0085,,
0.4120,53,1.5,20.8,0.0070,,
0.4205,54,2.6,20.8,0.0075,,
0.4290,55,3.6,20.8,0.0075,,
0.4375,56,4.2,20.8,0.0075,,
0.4455,57,4.9,20.8,0.0075,,
0.4540,58,6.1,20.8,0.0075,,
0.4615,59,6.6,20.8,0.0070,,
0.4700,60,7.6,20.8,0.0075,,
0.4785,61,8.2,20.8,0.0075,,
0.4870,62,9.0,20.8,0.0075,,
0.4955,63,10.1,20.8,0.0075,,
0.5040,64,10.6,20.8,0.0085,,
0.5115,65,11.3,20.8,0.0070,,
0.5200,66,11.9,20.8,0.0075,,
0.5280,67,12.9,20.8,0.0075,,
0.5365,68,13.8,20.8,0.0075,,
0.5450,69,14.2,20.8,0.0075,,
0.5525,70,15.0,20.8,0.0070,,
0.5610,71,15.7,20.8,0.0075,,
0.5695,72,16.6,20.8,0.0075,,
0.5780,73,17.4,20.8,0.0075,,
0.5865,74,17.9,20.8,0.0075,,
0.5945,75,18.8,20.8,0.0075,,
0.6025,76,19.4,20.8,0.0075,,
0.6105,77,20.5,20.8,0.0075,,
0.6190,78,21.2,20.8,0.0075,,
0.6275,79,21.7,20.8,0.0075,,
0.6360,80,22.8,20.8,0.0075,,
0.6445,81,23.7,20.8,0.0075,,
0.6525,82,24.2,20.8,0.0075,,
0.6605,83,25.1,20.8,0.0075,,
0.6685,84,25.5,20.8,0.0075,,
0.6770,85,26.4,20.8,0.0075,,
0.6855,86,27.4,20.8,0.0075,,
0.6940,87,28.0,20.8,0.0075,,
0.7025,88,28.8,20.8,0.0075,,
0.7100,89,29.3,20.8,0.0070,,
0.7185,90,30.4,20.8,0.0075,,
0.7265,91,31.5,20.8,0.0075,,
0.7350,92,32.1,20.8,0.0075,,
0.7435,93,32.9,20.8,0.0075,,
0.7520,94,33.7,20.8,0.0075,,
0.7595,95,34.7,20.8,0.0070,,
0.7680,96,35.6,20.8,0.0075,,
0.7765,97,36.2,20.8,0.0075,,
0.7850,98,37.2,20.8,0.0075,,
0.7930,99,38.2,20.8,0.0075,,
0.8015,100,38.9,20.8,0.0075,,
0.8090,101,39.9,20.8,0.0070,,
0.8175,102,40.5,20.8,0.0075,,
0.8260,103,41.4,20.8,0.0075,,
0.8345,104,42.5,20.8,0.0075,,
0.8425,105,43.6,20.8,0.0075,,
0.8510,106,44.2,20.8,0.0075,,
0.8585,107,45.2,20.8,0.0070,,
0.8670,108,46.0,20.8,0.0075,,
0.8755,109,47.2,20.8,0.0075,,
0.8840,110,48.1,20.8,0.0075,,
0.8925,111,48.8,20.8,0.0075,,
0.9005,112,49.8,20.8,0.0075,,
0.9090,113,50.6,20.8,0.0075,,
0.9165,114,52.0,20.8,0.0070,,
0.9250,115,52.9,20.8,0.0075,,
0.9335,116,53.7,20.8,0.0075,,
0.9420,117,55.0,20.8,0.0075,,
0.9505,118,56.3,20.8,0.0075,,
0.9590,119,57.3,20.8,0.0085,,
0.9665,120,58.3,20.8,0.0070,,
0.9750,121,59.2,20.8,0.0075,,
0.9830,122,60.6,20.8,0.0075,,
0.9915,123,61.9,20.8,0.0075,,
1.0000,124,62.8,20.8,0.0075,,
1.0085,125,64.0,20.8,0.0085,,
1.0160,126,65.0,20.8,0.0070,,
1.0245,127,66.4,20.8,0.0075,,
1.0330,128,67.7,20.8,0.0075,,
1.0410,129,68.7,20.8,0.0075,,
1.0495,130,70.1,20.8,0.0075,,
1.0580,131,71.3,20.8,0.0075,,
1.0655,132,72.9,20.8,0.0070,,
1.0740,133,74.1,20.8,0.0075,,
1.0825,134,75.2,20.8,0.0075,,
1.0910,135,76.6,20.8,0.0075,,
1.0995,136,78.3,20.8,0.0075,,
1.1075,137,79.6,20.8,0.0075,,
1.1155,138,81.0,20.8,0.0075,,
1.1235,139,82.3,20.8,0.0075,,
1.1320,140,84.2,20.8,0.0075,,
1.1405,141,86.0,20.8,0.0075,,
1.1490,142,87.4,20.8,0.0075,,
1.1565,143,89.0,20.8,0.0070,,
1.1650,144,90.7,20.8,0.0075,,
1.1735,145,92.8,20.8,0.0075,,
1.1815,146,94.8,20.8,0.0075,,
1.1900,147,96.4,20.8,0.0075,,
1.1985,148,98.4,20.8,0.0075,,
1.2060,149,100.2,20.8,0.0070,,
1.2145,150,102.7,20.8,0.0075,,
1.2230,151,105.1,20.8,0.0075,,
1.2315,152,107.4,20.8,0.0075,,
1.2400,153,110.2,20.8,0.0075,,
1.2480,154,113.1,20.8,0.0075,,
1.2565,155,115.8,20.8,0.0085,,
1.2640,156,119.0,20.8,0.0070,,
1.2725,157,122.1,20.8,0.0075,,
1.2810,158,125.6,20.8,0.0075,,
1.2895,159,129.3,20.8,0.0075,,
1.2980,160,132.6,20.8,0.0075,,
1.3060,161,136.6,20.8,0.0080,,
1.3140,162,140.4,20.8,0.0075,,
1.3220,163,144.7,20.8,0.0075,,
1.3305,164,148.2,20.8,0.0075,,
1.3390,165,151.8,20.8,0.0075,,
1.3475,166,155.3,20.8,0.0075,,
1.3560,167,158.1,20.8,0.0085,,
1.3635,168,161.4,20.8,0.0070,,
1.3720,169,164.2,20.8,0.0075,,
1.3800,170,166.7,20.8,0.0075,,
1.3885,171,169.1,20.8,0.0075,,
1.3970,172,171.4,20.8,0.0075,,
1.4055,173,173.3,20.8,0.0075,,
1.4130,174,175.2,20.8,0.0070,,
1.4215,175,176.8,20.8,0.0075,,
1.4300,176,178.6,20.8,0.0075,,
1.4385,177,180.3,20.8,0.0075,,
1.4465,178,181.6,20.8,0.0075,,
1.4550,179,183.1,20.8,0.0075,,
1.4625,180,184.2,20.8,0.0070,,
1.4695,181,185.3,20.8,0.0080,,
1.4695,421,187.3,20.8,0.0000,,
1.4700,422,187.4,20.8,0.0005,,
1.4715,423,187.3,20.8,0.0015,,
1.4740,424,187.3,20.8,0.0025,,
1.4780,425,187.9,20.8,0.0035,,
1.4845,426,188.5,20.8,0.0060,,
1.4925,427,189.2,20.8,0.0075,,
1.5000,428,190.1,20.8,0.0075,,
1.5085,429,190.8,20.8,0.0085,,
1.5170,430,192.2,20.8,0.0085,,
1.5255,431,193.1,20.8,0.0075,,
1.5340,432,193.9,20.8,0.0075,,
1.5425,433,194.9,20.8,0.0075,,
1.5500,434,195.6,20.8,0.0075,,
1.5585,435,196.7,20.8,0.0085,,
1.5665,436,197.4,20.8,0.0080,,
1.5750,437,198.0,20.8,0.0075,,
1.5835,438,198.8,20.8,0.0075,,
1.5920,439,199.7,20.8,0.0075,,
1.5995,440,200.4,20.8,0.0075,,
1.6080,441,201.0,20.8,0.0085,,
1.6165,442,201.5,20.8,0.0085,,
1.6245,443,202.3,20.8,0.0075,,
1.6330,444,203.2,20.8,0.0075,,
1.6415,445,203.5,20.8,0.0075,,
1.6500,446,204.3,20.8,0.0085,,
1.6575,447,204.8,20.8,0.0075,,
1.6660,448,205.5,20.8,0.0085,,
1.6745,449,206.2,20.8,0.0075,,
1.6830,450,206.4,20.8,0.0075,,
1.6910,451,207.0,20.8,0.0075,,
1.6995,452,207.4,20.8,0.0085,,
1.7070,453,208.1,20.8,0.0075,,
1.7155,454,208.8,20.8,0.0085,,
1.7240,455,208.9,20.8,0.0075,,
1.7325,456,209.5,20.8,0.0075,,
1.7410,457,210.2,20.8,0.0075,,
1.7490,458,210.7,20.8,0.0080,,
1.7570,459,211.2,20.8,0.0080,,
1.7650,460,211.3,20.8,0.0080,,
1.7735,461,212.0,20.8,0.0075,,
1.7820,462,212.5,20.8,0.0075,,
1.7905,463,213.1,20.8,0.0075,,
1.7990,464,213.3,20.8,0.0075,,
1.8065,465,213.6,20.8,0.0075,,
1.8150,466,214.0,20.8,0.0085,,
1.8230,467,214.8,20.8,0.0080,,
1.8315,468,215.0,20.8,0.0075,,
1.8400,469,215.2,20.8,0.0075,,
1.8485,470,215.9,20.8,0.0075,,
1.8560,471,216.1,20.8,0.0075,,
1.8645,472,216.7,20.8,0.0085,,
1.8730,473,216.8,20.8,0.0085,,
1.8810,474,217.0,20.8,0.0075,,
1.8895,475,217.6,20.8,0.0075,,
1.8980,476,218.0,20.8,0.0075,,
1.9055,477,218.4,20.8,0.0075,,
1.9140,478,218.5,20.8,0.0085,,
1.9225,479,218.7,20.8,0.0085,,
1.9310,480,219.3,20.8,0.0075,,
1.9395,481,219.8,20.8,0.0075,,
1.9475,482,219.7,20.8,0.0075,,
1.9550,483,220.3,20.8,0.0075,,
1.9635,484,220.4,20.8,0.0085,,
1.9720,485,221.1,20.8,0.0085,,
1.9805,486,221.3,20.8,0.0075,,
1.9890,487,221.3,20.8,0.0075,,
1.9975,488,221.8,20.8,0.0075,,
2.0055,489,222.1,20.8,0.0080,,
2.0130,490,222.6,20.8,0.0075,,
2.0215,491,223.0,20.8,0.0085,,
2.0300,492,222.9,20.8,0.0075,,
2.0385,493,223.4,20.8,0.0075,,
2.0470,494,223.8,20.8,0.0075,,
2.0555,495,224.1,20.8,0.0085,,
2.0630,496,224.2,20.8,0.0075,,
2.0715,497,224.3,20.8,0.0085,,
2.0795,498,224.8,20.8,0.0075,,
2.0880,499,225.3,20.8,0.0075,,
2.0965,500,225.2,20.8,0.0075,,
2.1050,501,225.6,20.8,0.0085,,
2.1125,502,225.7,20.8,0.0075,,
2.1210,503,226.2,20.8,0.0085,,
2.1295,504,226.5,20.8,0.0075,,
2.1380,505,226.4,20.8,0.0075,,
2.1460,506,226.8,20.8,0.0075,,
2.1545,507,227.2,20.8,0.0075,,
2.1620,508,227.2,20.8,0.0075,,
2.1705,509,227.6,20.8,0.0085,,
2.1790,510,227.7,20.8,0.0085,,
2.1875,511,227.8,20.8,0.0075,,
2.1955,512,228.4,20.8,0.0075,,
2.2040,513,228.4,20.8,0.0075,,
2.2120,514,228.8,20.8,0.0080,,
2.2200,515,228.8,20.8,0.0080,,
2.2285,516,229.1,20.8,0.0085,,
2.2370,517,229.6,20.8,0.0075,,
2.2455,518,229.7,20.8,0.0075,,
2.2540,519,229.8,20.8,0.0075,,
2.2615,520,230.0,20.8,0.0075,,
2.2700,521,230.3,20.8,0.0085,,
2.2780,522,230.7,20.8,0.0080,,
2.2865,523,230.7,20.8,0.0075,,
2.2950,524,230.9,20.8,0.0075,,
2.3035,525,231.4,20.8,0.0075,,
2.3110,526,231.4,20.8,0.0075,,
2.3195,527,231.8,20.8,0.0085,,
2.3280,528,231.7,20.8,0.0085,,
2.3365,529,231.9,20.8,0.0075,,
2.3445,530,232.4,20.8,0.0075,,
2.3530,531,232.4,20.8,0.0075,,
2.3605,532,232.8,20.8,0.0075,,
2.3690,533,232.5,20.8,0.0085,,
2.3775,534,232.7,20.8,0.0085,,
2.3860,535,233.2,20.8,0.0075,,
2.3945,536,233.3,20.8,0.0075,,
2.4025,537,233.2,20.8,0.0075,,
2.4100,538,233.5,20.8,0.0075,,
2.4175,539,233.6,20.8,0.0075,,
2.4240,540,234.0,20.8,0.0065,,
2.4250,541,234.0,20.8,0.0010,,
2.4260,542,233.8,20.8,0.0010,,
2.4275,543,234.1,20.8,0.0015,,
2.4285,544,234.3,20.8,0.0010,,
2.4285,545,234.3,20.8,0.0000,,
2.4300,546,234.2,20.8,0.0015,,
2.4315,547,234.0,20.8,0.0015,,
2.4335,548,234.3,20.8,0.0020,,
2.4355,549,234.4,20.8,0.0020,,
2.4365,550,234.4,20.8,0.0010,,
2.4375,551,234.4,20.8,0.0010,,
2.4380,552,234.2,20.8,0.0005,,
2.4385,553,234.4,20.8,0.0005,,
2.4395,554,234.6,20.8,0.0010,,
2.4400,555,234.2,20.8,0.0005,,
2.4415,556,234.4,20.8,0.0015,,
2.4425,557,234.3,20.8,0.0010,,
2.4430,558,234.6,20.8,0.0005,,
2.4440,559,234.5,20.8,0.0010,,
2.4445,560,234.3,20.8,0.0005,,
2.4455,561,234.5,20.8,0.0010,,
2.4460,562,234.4,20.8,0.0005,,
2.4470,563,234.7,20.8,0.0010,,
2.4480,564,234.5,20.8,0.0010,,
2.4485,565,234.5,20.8,0.0005,,
2.4485,566,234.8,20.8,0.0000,,
2.4490,567,234.8,20.8,0.0005,,
2.4495,568,234.8,20.8,0.0005,,
2.4505,569,234.7,20.8,0.0010,,
2.4510,570,234.6,20.8,0.0005,,
2.4515,571,234.9,20.8,0.0005,,
2.4525,572,234.9,20.8,0.0010,,
2.4525,573,235.0,20.8,0.0000,,
Scope 1/1, Sample 54/60 (T18_21)
Result,TitrationEP1
V,t,E,T,dV/dt,E acc. stat.,Volume acc. stat.
0.0000,0,-69.9,20.7,NaN,,
0.0010,1,-69.7,20.7,0.0010,,
0.0025,2,-70.1,20.7,0.0015,,
0.0050,3,-69.8,20.7,0.0020,,
0.0085,4,-69.8,20.7,0.0030,,
0.0150,5,-69.5,20.7,0.0060,,
0.0230,6,-69.1,20.7,0.0075,,
0.0315,7,-68.7,20.7,0.0075,,
0.0400,8,-67.6,20.7,0.0075,,
0.0485,9,-66.4,20.7,0.0075,,
0.0560,10,-65.2,20.7,0.0070,,
0.0645,11,-64.0,20.7,0.0075,,
0.0725,12,-62.7,20.7,0.0075,,
0.0810,13,-60.9,20.7,0.0075,,
0.0895,14,-59.2,20.7,0.0075,,
0.0980,15,-57.7,20.7,0.0075,,
0.1055,16,-55.9,20.7,0.0070,,
0.1140,17,-54.3,20.7,0.0075,,
0.1225,18,-52.0,20.8,0.0075,,
0.1305,19,-49.9,20.8,0.0075,,
0.1390,20,-48.0,20.8,0.0075,,
0.1475,21,-45.7,20.8,0.0075,,
0.1550,22,-43.6,20.8,0.0070,,
0.1635,23,-41.0,20.8,0.0075,,
0.1720,24,-38.3,20.8,0.0075,,
0.1805,25,-36.0,20.8,0.0075,,
0.1885,26,-33.3,20.7,0.0075,,
0.1970,27,-30.7,20.7,0.0075,,
0.2045,28,-28.6,20.8,0.0070,,
0.2130,29,-26.6,20.8,0.0075,,
0.2215,30,-24.8,20.8,0.0075,,
0.2300,31,-22.8,20.8,0.0075,,
0.2385,32,-20.9,20.8,0.0075,,
0.2470,33,-19.6,20.8,0.0075,,
0.2545,34,-18.1,20.8,0.0070,,
0.2630,35,-16.8,20.8,0.0075,,
0.2715,36,-15.3,20.8,0.0075,,
0.2795,37,-14.1,20.8,0.0075,,
0.2880,38,-13.1,20.8,0.0075,,
0.2965,39,-11.8,20.8,0.0075,,
0.3040,40,-11.0,20.7,0.0070,,
0.3125,41,-9.7,20.8,0.0075,,
0.3210,42,-8.6,20.8,0.0075,,
0.3295,43,-7.8,20.8,0.0075,,
0.3375,44,-6.7,20.8,0.0075,,
0.3460,45,-5.5,20.8,0.0075,,
0.3535,46,-4.6,20.8,0.0070,,
0.3620,47,-3.7,20.8,0.0075,,
0.3705,48,-3.1,20.8,0.0075,,
0.3790,49,-2.2,20.8,0.0075,,
0.3875,50,-1.2,20.8,0.0075,,
0.3955,51,-0.6,20.8,0.0075,,
0.4035,52,0.3,20.8,0.0075,,
0.4115,53,0.8,20.8,0.0075,,
0.4200,54,1.9,20.8,0.0075,,
0.4285,55,2.8,20.8,0.0075,,
0.4370,56,3.5,20.8,0.0075,,
0.4455,57,4.3,20.8,0.0075,,
0.4535,58,5.0,20.8,0.0075,,
0.4615,59,6.0,20.8,0.0075,,
0.4695,60,6.9,20.8,0.0075,,
0.4780,61,7.5,20.8,0.0075,,
0.4865,62,8.3,20.8,0.0075,,
0.4950,63,9.4,20.8,0.0075,,
0.5025,64,9.9,20.8,0.0070,,
0.5110,65,10.7,20.8,0.0075,,
0.5195,66,11.1,20.8,0.0075,,
0.5280,67,12.0,20.8,0.0075,,
0.5360,68,13.0,20.8,0.0075,,
0.5445,69,13.7,20.8,0.0075,,
0.5520,70,14.5,20.8,0.0070,,
0.5605,71,14.9,20.8,0.0075,,
0.5690,72,15.8,20.8,0.0075,,
0.5775,73,16.7,20.8,0.0075,,
0.5860,74,17.3,20.8,0.0075,,
0.5940,75,17.9,20.8,0.0075,,
0.6025,76,18.7,20.8,0.0075,,
0.6100,77,19.5,20.8,0.0070,,
0.6185,78,20.6,20.8,0.0075,,
0.6270,79,21.1,20.8,0.0075,,
0.6355,80,21.7,20.8,0.0075,,
0.6440,81,22.8,20.8,0.0075,,
0.6520,82,23.7,20.8,0.0065,,
0.6600,83,24.5,20.8,0.0075,,
0.6680,84,25.0,20.8,0.0075,,
0.6765,85,25.7,20.8,0.0075,,
0.6850,86,26.7,20.8,0.0075,,
0.6935,87,27.5,20.8,0.0075,,
0.7020,88,28.3,20.8,0.0075,,
0.7095,89,28.9,20.8,0.0070,,
0.7180,90,29.8,20.8,0.0075,,
0.7260,91,30.9,20.8,0.0075,,
0.7345,92,31.7,20.8,0.0075,,
0.7430,93,32.3,20.8,0.0075,,
0.7515,94,33.3,20.8,0.0075,,
0.7590,95,34.0,20.8,0.0070,,
0.7675,96,35.1,20.8,0.0075,,
0.7760,97,35.8,20.8,0.0075,,
0.7845,98,36.4,20.8,0.0075,,
0.7925,99,37.6,20.8,0.0075,,
0.8010,100,38.6,20.8,0.0075,,
0.8085,101,39.4,20.8,0.0070,,
0.8170,102,40.2,20.8,0.0075,,
0.8255,103,41.0,20.8,0.0075,,
0.8340,104,42.1,20.8,0.0075,,
0.8425,105,43.1,20.8,0.0075,,
0.8510,106,43.7,20.8,0.0075,,
0.8585,107,44.7,20.8,0.0070,,
0.8665,108,45.7,20.8,0.0075,,
0.8750,109,46.8,20.8,0.0075,,
0.8835,110,47.9,20.8,0.0075,,
0.8920,111,48.7,20.8,0.0075,,
0.9005,112,49.8,20.8,0.0075,,
0.9080,113,50.7,20.8,0.0070,,
0.9165,114,51.9,20.8,0.0075,,
0.9250,115,52.7,20.8,0.0075,,
0.9330,116,53.7,20.8,0.0075,,
0.9415,117,54.9,20.8,0.0075,,
0.9500,118,56.1,20.8,0.0075,,
0.9575,119,57.1,20.8,0.0070,,
0.9660,120,58.1,20.8,0.0075,,
0.9745,121,59.1,20.8,0.0075,,
0.9830,122,60.6,20.8,0.0075,,
0.9915,123,61.8,20.8,0.0075,,
0.9995,124,62.7,20.8,0.0075,,
1.0070,125,63.8,20.8,0.0070,,
1.0155,126,64.9,20.8,0.0075,,
1.0240,127,66.5,20.8,0.0075,,
1.0325,128,67.7,20.8,0.0075,,
1.0410,129,68.7,20.8,0.0075,,
1.0495,130,70.2,20.8,0.0075,,
1.0570,131,71.3,20.8,0.0070,,
1.0655,132,73.0,20.8,0.0075,,
1.0735,133,74.2,20.8,0.0075,,
1.0820,134,75.4,20.8,0.0075,,
1.0905,135,77.1,20.8,0.0075,,
1.0990,136,78.7,20.8,0.0075,,
1.1065,137,80.0,20.8,0.0070,,
1.1150,138,81.5,20.8,0.0075,,
1.1235,139,82.9,20.8,0.0075,,
1.1315,140,84.9,20.8,0.0075,,
1.1400,141,86.8,20.8,0.0075,,
1.1485,142,88.1,20.8,0.0075,,
1.1560,143,90.0,20.8,0.0070,,
1.1645,144,91.5,20.8,0.0075,,
1.1730,145,93.5,20.8,0.0075,,
1.1815,146,95.6,20.8,0.0075,,
1.1895,147,97.4,20.8,0.0075,,
1.1980,148,99.7,20.8,0.0075,,
1.2065,149,101.7,20.8,0.0075,,
1.2140,150,104.3,20.8,0.0070,,
1.2225,151,107.4,20.8,0.0075,,
1.2310,152,110.0,20.8,0.0075,,
1.2395,153,112.8,20.8,0.0075,,
1.2475,154,116.0,20.8,0.0075,,
1.2560,155,119.1,20.8,0.0075,,
1.2635,156,122.3,20.8,0.0070,,
1.2720,157,125.7,20.8,0.0075,,
1.2805,158,129.5,20.8,0.0075,,
1.2890,159,133.5,20.8,0.0075,,
1.2975,160,137.5,20.8,0.0075,,
1.3060,161,141.7,20.8,0.0075,,
1.3135,162,145.3,20.8,0.0070,,
1.3215,163,148.9,20.8,0.0075,,
1.3300,164,152.8,20.8,0.0075,,
1.3385,165,156.3,20.8,0.0075,,
1.3470,166,159.5,20.8,0.0075,,
1.3555,167,162.7,20.8,0.0075,,
1.3630,168,165.0,20.8,0.0070,,
1.3715,169,167.9,20.8,0.0075,,
1.3800,170,170.0,20.8,0.0075,,
1.3880,171,171.9,20.8,0.0075,,
1.3965,172,174.1,20.8,0.0075,,
1.4050,173,176.2,20.8,0.0075,,
1.4125,174,177.9,20.8,0.0070,,
1.4210,175,179.1,20.8,0.0075,,
1.4295,176,180.7,20.8,0.0075,,
1.4380,177,182.4,20.8,0.0075,,
1.4460,178,183.8,20.8,0.0075,,
1.4555,179,185.0,20.8,0.0080,,
1.4555,419,186.8,20.8,0.0000,,
1.4560,420,186.9,20.8,0.0005,,
1.4575,421,187.1,20.8,0.0010,,
1.4600,422,187.1,20.8,0.0020,,
1.4640,424,187.3,20.8,0.0025,,
1.4700,424,188.0,20.8,0.0120,,
1.4785,426,188.9,20.8,0.0055,,
1.4860,426,189.8,20.8,0.0185,,
1.4945,427,190.7,20.8,0.0060,,
1.5025,428,191.6,20.8,0.0055,,
1.5110,430,192.8,20.8,0.0055,,
1.5195,430,193.7,20.8,0.0170,,
1.5280,432,194.4,20.8,0.0055,,
1.5355,432,195.2,20.8,0.0185,,
1.5440,433,196.2,20.8,0.0060,,
1.5525,434,197.3,20.8,0.0060,,
1.5605,436,197.9,20.8,0.0055,,
1.5690,436,198.7,20.8,0.0170,,
1.5775,438,199.7,20.8,0.0055,,
1.5850,438,200.1,20.8,0.0185,,
1.5935,439,201.0,20.8,0.0060,,
1.6020,440,201.5,20.8,0.0055,,
1.6105,442,202.0,20.8,0.0055,,
1.6185,442,202.8,20.8,0.0160,,
1.6270,444,203.7,20.8,0.0055,,
1.6345,444,204.2,20.8,0.0185,,
1.6430,445,204.6,20.8,0.0060,,
1.6515,446,205.1,20.8,0.0060,,
1.6600,448,206.0,20.8,0.0055,,
1.6685,448,206.5,20.8,0.0170,,
1.6770,450,206.8,20.8,0.0055,,
1.6845,450,207.4,20.8,0.0185,,
1.6930,451,207.8,20.8,0.0060,,
1.7010,452,208.7,20.8,0.0055,,
1.7095,454,209.2,20.8,0.0055,,
1.7180,454,209.5,20.8,0.0170,,
1.7265,456,210.2,20.8,0.0055,,
1.7340,456,210.4,20.8,0.0185,,
1.7425,457,211.2,20.8,0.0060,,
1.7510,458,211.6,20.8,0.0060,,
1.7590,460,211.8,20.8,0.0055,,
1.7675,460,212.5,20.8,0.0170,,
1.7760,462,213.0,20.8,0.0055,,
1.7835,462,213.4,20.8,0.0185,,
1.7920,463,213.7,20.8,0.0060,,
1.8005,464,213.9,20.8,0.0060,,
1.8090,466,214.4,20.8,0.0055,,
1.8170,466,214.9,20.8,0.0160,,
1.8255,468,215.1,20.8,0.0055,,
1.8340,468,215.5,20.8,0.0210,,
1.8415,469,215.8,20.8,0.0055,,
1.8500,470,216.3,20.8,0.0060,,
1.8585,472,216.9,20.8,0.0055,,
1.8670,472,217.0,20.8,0.0170,,
1.8755,474,217.4,20.8,0.0055,,
1.8830,474,217.7,20.8,0.0185,,
1.8915,475,218.3,20.8,0.0060,,
1.8995,476,218.6,20.8,0.0055,,
1.9080,478,218.8,20.8,0.0055,,
1.9165,478,219.4,20.8,0.0170,,
1.9250,480,219.8,20.8,0.0055,,
1.9325,480,220.2,20.8,0.0185,,
1.9410,481,220.3,20.8,0.0060,,
1.9495,482,220.5,20.8,0.0060,,
1.9575,484,220.9,20.8,0.0055,,
1.9660,484,221.3,20.8,0.0170,,
1.9745,486,221.5,20.8,0.0055,,
1.9830,486,221.8,20.8,0.0210,,
1.9905,487,221.9,20.8,0.0055,,
1.9990,488,222.5,20.8,0.0060,,
2.0075,490,222.9,20.8,0.0055,,
2.0160,490,223.0,20.8,0.0170,,
2.0240,492,223.3,20.8,0.0055,,
2.0320,492,223.5,20.8,0.0200,,
2.0400,493,224.0,20.8,0.0055,,
2.0485,494,224.1,20.8,0.0060,,
2.0570,496,224.2,20.8,0.0055,,
2.0655,496,224.8,20.8,0.0170,,
2.0740,498,225.0,20.8,0.0055,,
2.0815,498,225.4,20.8,0.0185,,
2.0900,499,225.5,20.8,0.0060,,
2.0985,500,225.6,20.8,0.0060,,
2.1065,502,226.0,20.8,0.0055,,
2.1150,502,226.4,20.8,0.0170,,
2.1235,504,226.3,20.8,0.0055,,
2.1310,504,226.7,20.8,0.0185,,
2.1395,505,226.8,20.8,0.0060,,
2.1480,506,227.3,20.8,0.0060,,
2.1565,508,227.6,20.8,0.0055,,
2.1645,508,227.5,20.8,0.0160,,
2.1730,510,227.9,20.8,0.0055,,
2.1815,510,228.1,20.8,0.0210,,
2.1890,511,228.5,20.8,0.0055,,
2.1975,512,228.8,20.8,0.0060,,
2.2060,514,228.8,20.8,0.0055,,
2.2145,514,229.1,20.8,0.0170,,
2.2225,516,229.5,20.8,0.0055,,
2.2310,516,229.6,20.8,0.0170,,
2.2385,517,229.8,20.8,0.0055,,
2.2470,518,229.8,20.8,0.0060,,
2.2555,519,230.0,20.8,0.0060,,
2.2640,520,230.4,20.8,0.0055,,
2.2725,522,230.6,20.8,0.0055,,
2.2805,522,230.7,20.8,0.0160,,
2.2885,523,230.8,20.8,0.0055,,
2.2965,524,231.2,20.8,0.0055,,
2.3050,525,231.6,20.8,0.0060,,
2.3135,526,231.7,20.8,0.0055,,
2.3220,528,231.8,20.8,0.0055,,
2.3305,528,232.2,20.8,0.0170,,
2.3380,529,232.1,20.8,0.0055,,
2.3465,530,232.6,20.8,0.0060,,
2.3550,531,232.7,20.8,0.0060,,
2.3630,532,232.7,20.8,0.0055,,
2.3715,534,233.2,20.8,0.0055,,
2.3800,534,233.4,20.8,0.0170,,
2.3875,535,233.5,20.8,0.0055,,
2.3955,536,233.4,20.8,0.0055,,
2.4040,537,233.5,20.8,0.0060,,
2.4120,538,234.0,20.8,0.0055,,
2.4195,540,234.2,20.8,0.0050,,
2.4235,540,234.0,20.8,0.0080,,
2.4240,541,234.2,20.8,0.0005,,
2.4250,542,234.3,20.8,0.0005,,
2.4250,543,234.5,20.8,0.0000,,
2.4265,544,234.5,20.8,0.0010,,
2.4270,546,234.3,20.8,0.0005,,
2.4280,546,234.4,20.8,0.0020,,
2.4300,547,234.4,20.8,0.0015,,
2.4320,548,234.7,20.8,0.0015,,
2.4345,549,234.5,20.8,0.0020,,
2.4365,550,234.5,20.8,0.0015,,
2.4375,552,234.8,20.8,0.0005,,
2.4385,552,234.9,20.8,0.0020,,
2.4385,553,235.0,20.8,0.0000,,
2.4395,554,234.8,20.8,0.0005,,
2.4400,555,234.7,20.8,0.0005,,
2.4410,556,235.0,20.8,0.0005,,
2.4420,558,234.9,20.8,0.0005,,
2.4430,559,235.0,20.8,0.0015,,
Scope 1/1, Sample 55/60 (T19_21)
Result,TitrationEP1
V,t,E,T,dV/dt,E acc. stat.,Volume acc. stat.
0.0000,0,-69.7,20.7,NaN,,
0.0010,1,-70.0,20.7,0.0010,,
0.0025,2,-69.6,20.7,0.0015,,
0.0050,3,-69.6,20.7,0.0025,,
0.0090,4,-69.6,20.7,0.0035,,
0.0150,5,-69.5,20.7,0.0055,,
0.0235,6,-69.2,20.7,0.0075,,
0.0320,7,-68.2,20.7,0.0075,,
0.0405,8,-67.1,20.7,0.0075,,
0.0485,9,-66.2,20.7,0.0075,,
0.0565,10,-64.8,20.7,0.0075,,
0.0645,11,-63.6,20.7,0.0075,,
0.0730,12,-61.8,20.7,0.0075,,
0.0815,13,-60.0,20.7,0.0075,,
0.0900,14,-58.7,20.7,0.0075,,
0.0985,15,-56.7,20.7,0.0075,,
0.1060,16,-55.1,20.7,0.0070,,
0.1145,17,-52.9,20.7,0.0075,,
0.1225,18,-50.7,20.7,0.0075,,
0.1310,19,-49.0,20.7,0.0075,,
0.1395,20,-46.5,20.7,0.0075,,
0.1480,21,-44.0,20.7,0.0075,,
0.1555,22,-41.8,20.7,0.0070,,
0.1640,23,-39.4,20.7,0.0075,,
0.1725,24,-37.1,20.7,0.0075,,
0.1810,25,-34.2,20.7,0.0075,,
0.1890,26,-31.5,20.7,0.0075,,
0.1975,27,-29.2,20.7,0.0075,,
0.2060,28,-27.0,20.7,0.0075,,
0.2135,29,-24.9,20.7,0.0070,,
0.2220,30,-22.7,20.7,0.0075,,
0.2305,31,-20.7,20.7,0.0075,,
0.2390,32,-19.4,20.7,0.0075,,
0.2470,33,-17.8,20.7,0.0075,,
0.2555,34,-16.4,20.7,0.0075,,
0.2630,35,-14.8,20.7,0.0070,,
0.2715,36,-13.3,20.7,0.0075,,
0.2800,37,-12.4,20.7,0.0075,,
0.2885,38,-11.2,20.7,0.0075,,
0.2970,39,-9.8,20.7,0.0075,,
0.3050,40,-8.7,20.7,0.0075,,
0.3130,41,-7.6,20.7,0.0075,,
0.3210,42,-6.8,20.7,0.0075,,
0.3295,43,-5.6,20.7,0.0075,,
0.3380,44,-4.4,20.7,0.0075,,
0.3465,45,-3.6,20.7,0.0075,,
0.3550,46,-2.9,20.7,0.0070,,
0.3625,47,-2.1,20.7,0.0070,,
0.3710,48,-1.2,20.7,0.0075,,
0.3790,49,0.0,20.7,0.0075,,
0.3875,50,0.5,20.7,0.0075,,
0.3960,51,1.3,20.7,0.0075,,
0.4045,52,2.4,20.7,0.0070,,
0.4120,53,3.0,20.7,0.0070,,
0.4205,54,3.9,20.7,0.0075,,
0.4290,55,4.7,20.7,0.0075,,
0.4375,56,5.3,20.7,0.0075,,
0.4455,57,6.4,20.7,0.0075,,
0.4540,58,7.2,20.7,0.0075,,
0.4615,59,7.9,20.7,0.0070,,
0.4700,60,8.5,20.7,0.0075,,
0.4785,61,9.3,20.7,0.0075,,
0.4870,62,10.3,20.7,0.0075,,
0.4955,63,10.9,20.7,0.0075,,
0.5035,64,11.5,20.7,0.0075,,
0.5115,65,12.2,20.7,0.0075,,
0.5195,66,13.0,20.7,0.0075,,
0.5280,67,14.1,20.7,0.0075,,
0.5365,68,14.8,20.7,0.0075,,
0.5450,69,15.3,20.7,0.0075,,
0.5535,70,16.3,20.7,0.0075,,
0.5610,71,16.8,20.7,0.0070,,
0.5695,72,17.9,20.7,0.0075,,
0.5780,73,18.5,20.7,0.0075,,
0.5860,74,19.0,20.7,0.0075,,
0.5945,75,20.0,20.7,0.0075,,
0.6030,76,21.0,20.7,0.0075,,
0.6105,77,21.6,20.7,0.0070,,
0.6190,78,22.2,20.7,0.0075,,
0.6275,79,22.9,20.7,0.0075,,
0.6360,80,23.8,20.7,0.0075,,
0.6440,81,24.7,20.7,0.0075,,
0.6525,82,25.1,20.7,0.0075,,
0.6600,83,25.9,20.7,0.0070,,
0.6685,84,26.5,20.8,0.0075,,
0.6770,85,27.7,20.8,0.0075,,
0.6855,86,28.5,20.7,0.0075,,
0.6940,87,29.0,20.7,0.0075,,
0.7025,88,30.0,20.7,0.0075,,
0.7100,89,30.7,20.7,0.0070,,
0.7180,90,31.7,20.8,0.0075,,
0.7265,91,32.4,20.7,0.0075,,
0.7350,92,32.9,20.8,0.0075,,
0.7435,93,33.9,20.8,0.0075,,
0.7520,94,34.9,20.7,0.0075,,
0.7605,95,35.7,20.8,0.0075,,
0.7680,96,36.4,20.8,0.0070,,
0.7765,97,37.1,20.8,0.0075,,
0.7845,98,38.2,20.8,0.0075,,
0.7930,99,39.1,20.8,0.0075,,
0.8015,100,39.8,20.8,0.0075,,
0.8100,101,40.7,20.8,0.0070,,
0.8175,102,41.6,20.8,0.0070,,
0.8260,103,42.7,20.8,0.0075,,
0.8345,104,43.7,20.8,0.0075,,
0.8425,105,44.4,20.8,0.0075,,
0.8510,106,45.4,20.8,0.0075,,
0.8595,107,46.6,20.8,0.0075,,
0.8670,108,47.5,20.7,0.0070,,
0.8755,109,48.6,20.7,0.0075,,
0.8840,110,49.3,20.8,0.0075,,
0.8925,111,50.3,20.8,0.0075,,
0.9005,112,51.5,20.8,0.0075,,
0.9090,113,52.5,20.8,0.0075,,
0.9165,114,53.4,20.7,0.0070,,
0.9250,115,54.3,20.8,0.0075,,
0.9335,116,55.2,20.8,0.0075,,
0.9420,117,56.6,20.8,0.0075,,
0.9505,118,57.6,20.8,0.0075,,
0.9585,119,58.5,20.8,0.0075,,
0.9665,120,59.5,20.8,0.0075,,
0.9745,121,60.6,20.8,0.0075,,
0.9830,122,62.2,20.8,0.0075,,
0.9915,123,63.1,20.8,0.0075,,
1.0000,124,63.9,20.8,0.0075,,
1.0085,125,65.3,20.8,0.0075,,
1.0165,126,66.3,20.8,0.0075,,
1.0245,127,67.7,20.8,0.0075,,
1.0325,128,68.8,20.8,0.0075,,
1.0410,129,69.8,20.8,0.0075,,
1.0495,130,71.4,20.8,0.0075,,
1.0580,131,72.7,20.8,0.0075,,
1.0655,132,74.0,20.8,0.0070,,
1.0740,133,75.2,20.8,0.0075,,
1.0825,134,76.4,20.8,0.0075,,
1.0910,135,78.1,20.8,0.0075,,
1.0990,136,79.7,20.8,0.0075,,
1.1075,137,80.8,20.8,0.0075,,
1.1160,138,82.3,20.8,0.0075,,
1.1235,139,83.8,20.8,0.0070,,
1.1320,140,85.7,20.8,0.0075,,
1.1405,141,87.3,20.8,0.0075,,
1.1490,142,88.7,20.8,0.0075,,
1.1570,143,90.6,20.8,0.0075,,
1.1655,144,92.0,20.8,0.0075,,
1.1730,145,94.3,20.8,0.0070,,
1.1815,146,96.0,20.8,0.0075,,
1.1900,147,97.9,20.8,0.0075,,
1.1985,148,100.1,20.8,0.0075,,
1.2070,149,102.3,20.8,0.0075,,
1.2155,150,104.5,20.8,0.0075,,
1.2230,151,106.8,20.8,0.0070,,
1.2310,152,109.2,20.8,0.0075,,
1.2395,153,112.1,20.8,0.0075,,
1.2480,154,115.2,20.8,0.0075,,
1.2565,155,117.9,20.8,0.0075,,
1.2650,156,121.4,20.8,0.0070,,
1.2725,157,124.5,20.8,0.0070,,
1.2810,158,128.1,20.8,0.0075,,
1.2895,159,132.0,20.8,0.0075,,
1.2975,160,135.8,20.8,0.0075,,
1.3060,161,139.5,20.8,0.0075,,
1.3145,162,143.7,20.8,0.0075,,
1.3220,163,146.9,20.8,0.0070,,
1.3305,164,150.8,20.8,0.0075,,
1.3390,165,154.1,20.8,0.0075,,
1.3475,166,157.5,20.8,0.0075,,
1.3555,167,160.8,20.8,0.0075,,
1.3640,168,163.6,20.8,0.0075,,
1.3725,169,166.2,20.8,0.0075,,
1.3800,170,168.5,20.8,0.0070,,
1.3885,171,170.6,20.8,0.0075,,
1.3970,172,173.0,20.8,0.0075,,
1.4055,173,174.9,20.8,0.0075,,
1.4135,174,176.4,20.8,0.0075,,
1.4220,175,178.2,20.8,0.0075,,
1.4295,176,179.6,20.8,0.0070,,
1.4380,177,181.5,20.8,0.0075,,
1.4465,178,182.8,20.8,0.0075,,
1.4550,179,183.9,20.8,0.0075,,
1.4635,180,185.0,20.8,0.0075,,
1.4635,420,187.2,20.8,0.0000,,
1.4640,421,187.1,20.8,0.0005,,
1.4655,422,186.9,20.8,0.0010,,
1.4680,423,187.2,20.8,0.0020,,
1.4720,424,187.8,20.8,0.0030,,
1.4780,425,188.0,20.8,0.0045,,
1.4860,426,188.9,20.8,0.0060,,
1.4940,427,189.8,20.8,0.0065,,
1.5020,428,190.9,20.8,0.0065,,
1.5105,429,192.1,20.8,0.0070,,
1.5190,430,192.7,20.8,0.0065,,
1.5275,431,193.7,20.8,0.0065,,
1.5360,432,195.0,20.8,0.0065,,
1.5435,433,195.7,20.8,0.0060,,
1.5520,434,196.7,20.8,0.0070,,
1.5600,435,197.2,20.8,0.0065,,
1.5685,436,198.0,20.8,0.0065,,
1.5770,437,199.0,20.8,0.0065,,
1.5855,438,199.7,20.8,0.0065,,
1.5930,439,200.3,20.8,0.0060,,
1.6015,440,200.7,20.8,0.0070,,
1.6100,441,201.5,20.8,0.0070,,
1.6185,442,202.5,20.8,0.0065,,
1.6265,443,202.9,20.8,0.0060,,
1.6350,444,203.4,20.8,0.0065,,
1.6435,445,204.1,20.8,0.0070,,
1.6510,446,204.7,20.8,0.0060,,
1.6595,447,205.5,20.8,0.0070,,
1.6680,448,206.1,20.8,0.0065,,
1.6765,449,206.5,20.8,0.0065,,
1.6845,450,207.2,20.8,0.0060,,
1.6930,451,207.9,20.8,0.0065,,
1.7005,452,208.3,20.8,0.0060,,
1.7090,453,208.8,20.8,0.0070,,
1.7175,454,209.1,20.8,0.0065,,
1.7260,455,209.8,20.8,0.0065,,
1.7345,456,210.3,20.8,0.0065,,
1.7420,457,210.8,20.8,0.0060,,
1.7505,458,211.1,20.8,0.0070,,
1.7585,459,211.5,20.8,0.0065,,
1.7670,460,212.2,20.8,0.0065,,
1.7755,461,212.7,20.8,0.0065,,
1.7840,462,212.8,20.8,0.0065,,
1.7915,463,213.3,20.8,0.0060,,
1.8000,464,213.7,20.8,0.0070,,
1.8085,465,214.3,20.8,0.0065,,
1.8170,466,214.6,20.8,0.0065,,
1.8250,467,214.9,20.8,0.0060,,
1.8335,468,215.5,20.8,0.0065,,
1.8410,469,215.7,20.8,0.0060,,
1.8495,470,216.3,20.8,0.0070,,
1.8580,471,216.5,20.8,0.0070,,
1.8665,472,216.8,20.8,0.0065,,
1.8750,473,217.4,20.8,0.0065,,
1.8835,474,217.7,20.8,0.0065,,
1.8910,475,218.1,20.8,0.0060,,
1.8995,476,218.2,20.8,0.0070,,
1.9075,477,218.5,20.8,0.0065,,
1.9160,478,219.2,20.8,0.0065,,
1.9245,479,219.3,20.8,0.0065,,
1.9330,480,219.5,20.8,0.0065,,
1.9405,481,219.9,20.8,0.0065,,
1.9490,482,220.3,20.8,0.0070,,
1.9575,483,220.9,20.8,0.0070,,
1.9655,484,221.0,20.8,0.0060,,
1.9740,485,221.0,20.8,0.0065,,
1.9825,486,221.5,20.8,0.0065,,
1.9910,487,222.0,20.8,0.0065,,
1.9985,488,222.4,20.8,0.0060,,
2.0070,489,222.5,20.8,0.0070,,
2.0155,490,222.6,20.8,0.0065,,
2.0235,491,223.0,20.8,0.0060,,
2.0320,492,223.4,20.8,0.0065,,
2.0405,493,223.4,20.8,0.0065,,
2.0480,494,223.8,20.8,0.0060,,
2.0565,495,223.9,20.8,0.0070,,
2.0650,496,224.5,20.8,0.0070,,
2.0735,497,224.8,20.8,0.0065,,
2.0815,498,224.8,20.8,0.0060,,
2.0900,499,225.1,20.8,0.0065,,
2.0975,500,225.3,20.8,0.0060,,
2.1060,501,225.8,20.8,0.0070,,
2.1145,502,226.0,20.8,0.0070,,
2.1230,503,226.1,20.8,0.0065,,
2.1315,504,226.5,20.8,0.0065,,
2.1400,505,227.0,20.8,0.0065,,
2.1475,506,227.2,20.8,0.0060,,
2.1555,507,227.4,20.8,0.0065,,
2.1640,508,227.3,20.8,0.0070,,
2.1725,509,227.7,20.8,0.0065,,
2.1810,510,228.2,20.8,0.0065,,
2.1895,511,228.2,20.8,0.0065,,
2.1970,512,228.5,20.8,0.0060,,
2.2055,513,228.6,20.8,0.0070,,
2.2140,514,229.0,20.8,0.0070,,
2.2220,515,229.3,20.8,0.0060,,
2.2305,516,229.2,20.8,0.0065,,
2.2390,517,229.6,20.8,0.0065,,
2.2465,518,229.7,20.8,0.0060,,
2.2550,519,230.2,20.8,0.0070,,
2.2635,520,230.4,20.8,0.0065,,
2.2720,521,230.3,20.8,0.0065,,
2.2805,522,230.8,20.8,0.0065,,
2.2885,523,230.7,20.8,0.0065,,
2.2965,524,231.3,20.8,0.0065,,
2.3045,525,231.4,20.8,0.0065,,
2.3130,526,231.4,20.8,0.0065,,
2.3215,527,231.9,20.8,0.0065,,
2.3300,528,232.2,20.8,0.0065,,
2.3385,529,232.1,20.8,0.0065,,
2.3460,530,232.4,20.8,0.0060,,
2.3545,531,232.3,20.8,0.0070,,
2.3625,532,232.6,20.8,0.0065,,
2.3710,533,233.1,20.8,0.0065,,
2.3795,534,233.0,20.8,0.0065,,
2.3880,535,233.2,20.8,0.0065,,
2.3955,536,233.3,20.8,0.0060,,
2.4020,537,233.6,20.8,0.0055,,
2.4025,538,233.8,20.8,0.0005,,
2.4040,539,233.7,20.8,0.0010,,
2.4050,540,233.5,20.8,0.0010,,
2.4070,541,233.8,20.8,0.0015,,
2.4100,542,233.8,20.8,0.0025,,
2.4130,543,234.0,20.8,0.0025,,
2.4180,544,233.9,20.8,0.0040,,
2.4240,545,234.0,20.8,0.0045,,
2.4300,546,234.3,20.8,0.0045,,
2.4305,547,234.4,20.8,0.0005,,
2.4310,548,234.2,20.8,0.0005,,
2.4315,549,234.4,20.8,0.0005,,
2.4325,550,234.3,20.8,0.0010,,
2.4335,551,234.5,20.8,0.0010,,
2.4345,552,234.5,20.8,0.0010,,
2.4355,553,234.2,20.8,0.0010,,
2.4360,554,234.6,20.8,0.0005,,
2.4370,555,234.5,20.8,0.0010,,
2.4375,556,234.7,20.8,0.0005,,
2.4385,557,234.7,20.8,0.0010,,
2.4385,558,234.4,20.8,0.0000,,
2.4395,559,234.6,20.8,0.0010,,
2.4400,560,234.8,20.8,0.0005,,
2.4405,561,234.8,20.8,0.0005,,
2.4415,562,234.7,20.8,0.0010,,
2.4420,563,234.4,20.8,0.0005,,
2.4430,564,234.7,20.8,0.0010,,
2.4435,565,234.8,20.8,0.0005,,
2.4440,566,234.6,20.8,0.0005,,
2.4450,567,234.7,20.8,0.0010,,
2.4455,568,234.6,20.8,0.0005,,
2.4470,569,235.0,20.8,0.0010,,
2.4480,570,235.0,20.8,0.0010,,
2.4480,570,235.1,20.8,0.0000,,
Scope 1/1, Sample 56/60 (T20_21)
Result,TitrationEP1
V,t,E,T,dV/dt,E acc. stat.,Volume acc. stat.
0.0000,0,-68.8,20.7,NaN,,
0.0010,1,-68.9,20.7,0.0010,,
0.0025,2,-68.9,20.7,0.0015,,
0.0050,3,-69.0,20.7,0.0025,,
0.0090,4,-68.8,20.7,0.0035,,
0.0150,5,-68.6,20.7,0.0055,,
0.0235,6,-68.4,20.7,0.0075,,
0.0320,7,-67.7,20.7,0.0075,,
0.0405,8,-66.4,20.7,0.0075,,
0.0485,9,-65.3,20.7,0.0075,,
0.0565,10,-64.0,20.7,0.0075,,
0.0645,11,-62.8,20.7,0.0075,,
0.0730,12,-61.4,20.7,0.0075,,
0.0815,13,-59.6,20.7,0.0075,,
0.0900,14,-58.0,20.7,0.0075,,
0.0985,15,-56.4,20.7,0.0075,,
0.1060,16,-54.6,20.7,0.0070,,
0.1145,17,-52.7,20.7,0.0075,,
0.1225,18,-50.3,20.7,0.0075,,
0.1310,19,-48.4,20.8,0.0075,,
0.1395,20,-46.3,20.7,0.0075,,
0.1480,21,-43.8,20.7,0.0075,,
0.1555,22,-41.7,20.7,0.0070,,
0.1640,23,-39.0,20.7,0.0075,,
0.1725,24,-36.7,20.7,0.0075,,
0.1810,25,-34.2,20.7,0.0075,,
0.1890,26,-31.5,20.7,0.0075,,
0.1975,27,-29.3,20.7,0.0075,,
0.2050,28,-27.1,20.7,0.0070,,
0.2135,29,-25.3,20.7,0.0075,,
0.2220,30,-23.5,20.7,0.0075,,
0.2305,31,-21.5,20.7,0.0075,,
0.2390,32,-19.9,20.7,0.0075,,
0.2470,33,-18.7,20.7,0.0075,,
0.2550,34,-17.3,20.8,0.0080,,
0.2630,35,-16.0,20.7,0.0075,,
0.2715,36,-14.4,20.8,0.0075,,
0.2800,37,-13.3,20.7,0.0075,,
0.2885,38,-12.2,20.7,0.0075,,
0.2970,39,-10.9,20.7,0.0075,,
0.3045,40,-10.1,20.8,0.0075,,
0.3130,41,-8.9,20.7,0.0075,,
0.3215,42,-8.0,20.8,0.0075,,
0.3295,43,-7.2,20.8,0.0075,,
0.3380,44,-5.9,20.7,0.0075,,
0.3465,45,-4.9,20.8,0.0075,,
0.3540,46,-3.9,20.8,0.0075,,
0.3625,47,-3.3,20.8,0.0075,,
0.3710,48,-2.5,20.8,0.0075,,
0.3795,49,-1.4,20.8,0.0075,,
0.3875,50,-0.6,20.8,0.0075,,
0.3960,51,0.0,20.8,0.0075,,
0.4035,52,0.8,20.8,0.0070,,
0.4120,53,1.5,20.8,0.0075,,
0.4205,54,2.5,20.8,0.0075,,
0.4290,55,3.1,20.8,0.0075,,
0.4375,56,4.0,20.8,0.0075,,
0.4460,57,5.0,20.8,0.0075,,
0.4535,58,5.7,20.8,0.0070,,
0.4620,59,6.7,20.8,0.0075,,
0.4700,60,7.3,20.8,0.0075,,
0.4785,61,7.9,20.8,0.0075,,
0.4870,62,9.0,20.8,0.0075,,
0.4955,63,9.7,20.8,0.0075,,
0.5030,64,10.5,20.8,0.0070,,
0.5115,65,11.0,20.8,0.0075,,
0.5200,66,11.7,20.8,0.0075,,
0.5285,67,12.8,20.8,0.0075,,
0.5365,68,13.5,20.8,0.0075,,
0.5450,69,14.0,20.8,0.0075,,
0.5525,70,14.7,20.8,0.0070,,
0.5610,71,15.5,20.8,0.0075,,
0.5695,72,16.4,20.8,0.0075,,
0.5780,73,17.1,20.8,0.0075,,
0.5865,74,17.7,20.8,0.0075,,
0.5945,75,18.8,20.8,0.0075,,
0.6025,76,19.3,20.8,0.0080,,
0.6105,77,20.2,20.8,0.0075,,
0.6190,78,20.8,20.8,0.0075,,
0.6275,79,21.4,20.8,0.0075,,
0.6360,80,22.4,20.8,0.0075,,
0.6445,81,23.3,20.8,0.0075,,
0.6520,82,24.1,20.8,0.0075,,
0.6605,83,24.8,20.8,0.0075,,
0.6685,84,25.5,20.8,0.0075,,
0.6770,85,26.4,20.8,0.0075,,
0.6855,86,27.3,20.8,0.0075,,
0.6940,87,27.8,20.8,0.0075,,
0.7025,88,28.6,20.8,0.0085,,
0.7100,89,29.3,20.8,0.0070,,
0.7185,90,30.4,20.8,0.0075,,
0.7265,91,31.2,20.8,0.0075,,
0.7350,92,31.8,20.8,0.0075,,
0.7435,93,32.7,20.8,0.0075,,
0.7520,94,33.8,20.8,0.0075,,
0.7595,95,34.4,20.8,0.0070,,
0.7680,96,35.4,20.8,0.0075,,
0.7765,97,36.1,20.8,0.0075,,
0.7850,98,37.1,20.8,0.0075,,
0.7930,99,38.1,20.8,0.0075,,
0.8015,100,38.9,20.8,0.0075,,
0.8090,101,39.8,20.8,0.0070,,
0.8175,102,40.4,20.8,0.0075,,
0.8260,103,41.7,20.8,0.0075,,
0.8345,104,42.8,20.8,0.0075,,
0.8430,105,43.4,20.8,0.0075,,
0.8510,106,44.4,20.8,0.0075,,
0.8590,107,45.2,20.8,0.0075,,
0.8670,108,46.5,20.8,0.0075,,
0.8755,109,47.5,20.8,0.0075,,
0.8840,110,48.2,20.8,0.0075,,
0.8925,111,49.3,20.8,0.0075,,
0.9010,112,50.2,20.8,0.0085,,
0.9085,113,51.4,20.8,0.0070,,
0.9170,114,52.4,20.8,0.0075,,
0.9255,115,53.1,20.8,0.0075,,
0.9335,116,54.4,20.8,0.0075,,
0.9420,117,55.8,20.8,0.0075,,
0.9505,118,56.6,20.8,0.0075,,
0.9580,119,57.8,20.8,0.0070,,
0.9665,120,58.7,20.8,0.0075,,
0.9750,121,60.0,20.8,0.0075,,
0.9835,122,61.3,20.8,0.0075,,
0.9915,123,62.3,20.8,0.0075,,
1.0000,124,63.3,20.8,0.0075,,
1.0075,125,64.3,20.8,0.0070,,
1.0160,126,65.7,20.8,0.0075,,
1.0245,127,67.3,20.8,0.0075,,
1.0330,128,68.2,20.8,0.0075,,
1.0415,129,69.5,20.8,0.0075,,
1.0495,130,71.0,20.8,0.0075,,
1.0570,131,72.1,20.8,0.0075,,
1.0655,132,73.7,20.8,0.0075,,
1.0740,133,74.9,20.8,0.0075,,
1.0825,134,76.2,20.8,0.0075,,
1.0910,135,77.8,20.8,0.0075,,
1.0995,136,79.3,20.8,0.0075,,
1.1075,137,80.5,20.8,0.0075,,
1.1150,138,82.4,20.8,0.0070,,
1.1235,139,83.9,20.8,0.0075,,
1.1320,140,85.6,20.8,0.0075,,
1.1405,141,87.5,20.8,0.0075,,
1.1490,142,89.0,20.8,0.0075,,
1.1570,143,90.9,20.8,0.0075,,
1.1650,144,92.7,20.8,0.0080,,
1.1730,145,95.0,20.8,0.0075,,
1.1815,146,97.2,20.8,0.0075,,
1.1900,147,99.2,20.8,0.0075,,
1.1985,148,101.4,20.8,0.0075,,
1.2070,149,104.1,20.8,0.0075,,
1.2145,150,106.3,20.8,0.0075,,
1.2230,151,109.2,20.8,0.0075,,
1.2315,152,111.8,20.8,0.0075,,
1.2395,153,114.9,20.8,0.0075,,
1.2480,154,118.5,20.8,0.0075,,
1.2565,155,121.9,20.8,0.0075,,
1.2650,156,125.4,20.8,0.0075,,
1.2725,157,128.8,20.8,0.0070,,
1.2810,158,132.5,20.8,0.0075,,
1.2895,159,137.0,20.8,0.0075,,
1.2975,160,141.1,20.8,0.0075,,
1.3060,161,145.1,20.8,0.0075,,
1.3145,162,149.3,20.8,0.0075,,
1.3220,163,152.3,20.8,0.0070,,
1.3305,164,156.1,20.8,0.0075,,
1.3390,165,159.3,20.8,0.0075,,
1.3475,166,162.2,20.8,0.0075,,
1.3555,167,165.3,20.8,0.0075,,
1.3640,168,167.9,20.8,0.0075,,
1.3715,169,170.0,20.8,0.0070,,
1.3800,170,171.9,20.8,0.0075,,
1.3885,171,173.9,20.8,0.0075,,
1.3970,172,176.0,20.8,0.0075,,
1.4055,173,177.7,20.8,0.0075,,
1.4140,174,179.4,20.8,0.0085,,
1.4215,175,180.8,20.8,0.0070,,
1.4300,176,182.2,20.8,0.0075,,
1.4380,177,183.9,20.8,0.0075,,
1.4475,178,185.0,20.8,0.0080,,
1.4475,418,187.2,20.8,0.0000,,
1.4480,419,187.1,20.8,0.0005,,
1.4495,420,186.9,20.8,0.0010,,
1.4520,421,187.3,20.8,0.0020,,
1.4560,422,187.6,20.8,0.0030,,
1.4620,423,188.0,20.8,0.0045,,
1.4705,424,188.8,20.8,0.0060,,
1.4780,425,189.5,20.8,0.0060,,
1.4865,426,190.9,20.8,0.0065,,
1.4950,427,192.0,20.8,0.0065,,
1.5035,428,192.7,20.8,0.0060,,
1.5115,429,193.8,20.8,0.0055,,
1.5200,430,194.6,20.8,0.0065,,
1.5275,431,195.8,20.8,0.0060,,
1.5360,432,196.4,20.8,0.0065,,
1.5445,433,197.0,20.8,0.0060,,
1.5530,434,198.0,20.8,0.0060,,
1.5615,435,199.0,20.8,0.0060,,
1.5695,436,199.6,20.8,0.0060,,
1.5775,437,200.1,20.8,0.0060,,
1.5855,438,200.8,20.8,0.0060,,
1.5940,439,201.7,20.8,0.0060,,
1.6025,440,202.4,20.8,0.0060,,
1.6110,441,202.8,20.8,0.0060,,
1.6195,442,203.5,20.8,0.0060,,
1.6270,443,204.0,20.8,0.0060,,
1.6355,444,204.8,20.8,0.0065,,
1.6435,445,205.5,20.8,0.0060,,
1.6520,446,205.9,20.8,0.0060,,
1.6605,447,206.4,20.8,0.0060,,
1.6690,448,207.2,20.8,0.0060,,
1.6765,449,207.7,20.8,0.0060,,
1.6850,450,208.3,20.8,0.0065,,
1.6935,451,208.6,20.8,0.0065,,
1.7015,452,209.1,20.8,0.0055,,
1.7100,453,209.9,20.8,0.0060,,
1.7185,454,210.4,20.8,0.0060,,
1.7260,455,210.8,20.8,0.0060,,
1.7345,456,211.0,20.8,0.0065,,
1.7430,457,211.6,20.8,0.0065,,
1.7515,458,212.2,20.8,0.0060,,
1.7600,459,212.4,20.8,0.0060,,
1.7680,460,212.7,20.8,0.0055,,
1.7765,461,213.3,20.8,0.0060,,
1.7840,462,213.5,20.8,0.0060,,
1.7925,463,214.2,20.8,0.0065,,
1.8010,464,214.6,20.8,0.0065,,
1.8095,465,214.8,20.8,0.0060,,
1.8180,466,215.3,20.8,0.0060,,
1.8260,467,215.9,20.8,0.0055,,
1.8335,468,216.3,20.8,0.0060,,
1.8420,469,216.7,20.8,0.0065,,
1.8505,470,216.7,20.8,0.0065,,
1.8590,471,217.3,20.8,0.0060,,
1.8675,472,217.9,20.8,0.0060,,
1.8760,473,218.0,20.8,0.0060,,
1.8835,474,218.5,20.8,0.0060,,
1.8920,475,218.5,20.8,0.0065,,
1.9000,476,219.2,20.8,0.0060,,
1.9085,477,219.6,20.8,0.0060,,
1.9170,478,219.7,20.8,0.0060,,
1.9255,479,220.1,20.8,0.0060,,
1.9330,480,220.1,20.8,0.0060,,
1.9415,481,220.8,20.8,0.0065,,
1.9500,482,221.2,20.8,0.0065,,
1.9580,483,221.3,20.8,0.0055,,
1.9665,484,221.6,20.8,0.0060,,
1.9750,485,222.1,20.8,0.0060,,
1.9825,486,222.3,20.8,0.0060,,
1.9910,487,222.6,20.8,0.0065,,
1.9995,488,222.6,20.8,0.0065,,
2.0080,489,223.0,20.8,0.0060,,
2.0160,490,223.5,20.8,0.0055,,
2.0245,491,223.7,20.8,0.0060,,
2.0320,492,223.9,20.8,0.0060,,
2.0405,493,224.0,20.8,0.0065,,
2.0490,494,224.6,20.8,0.0065,,
2.0575,495,224.9,20.8,0.0060,,
2.0660,496,225.0,20.8,0.0060,,
2.0745,497,225.2,20.8,0.0060,,
2.0820,498,225.5,20.8,0.0060,,
2.0905,499,225.8,20.8,0.0065,,
2.0985,500,226.1,20.8,0.0060,,
2.1070,501,226.3,20.8,0.0060,,
2.1155,502,226.5,20.8,0.0060,,
2.1240,503,227.1,20.8,0.0060,,
2.1325,504,227.1,20.8,0.0065,,
2.1400,505,227.5,20.8,0.0060,,
2.1485,506,227.4,20.8,0.0065,,
2.1565,507,227.7,20.8,0.0055,,
2.1650,508,228.2,20.8,0.0060,,
2.1735,509,228.2,20.8,0.0060,,
2.1820,510,228.6,20.8,0.0065,,
2.1895,511,228.6,20.8,0.0060,,
2.1980,512,228.9,20.8,0.0065,,
2.2065,513,229.4,20.8,0.0060,,
2.2145,514,229.5,20.8,0.0055,,
2.2230,515,229.5,20.8,0.0060,,
2.2315,516,230.1,20.8,0.0060,,
2.2390,517,230.1,20.8,0.0060,,
2.2475,518,230.6,20.8,0.0065,,
2.2560,519,230.5,20.8,0.0060,,
2.2645,520,230.7,20.8,0.0060,,
2.2730,521,231.2,20.8,0.0060,,
2.2810,522,231.4,20.8,0.0055,,
2.2890,523,231.6,20.8,0.0060,,
2.2970,524,231.6,20.8,0.0060,,
2.3055,525,231.8,20.8,0.0065,,
2.3140,526,232.3,20.8,0.0060,,
2.3225,527,232.3,20.8,0.0060,,
2.3310,528,232.3,20.8,0.0060,,
2.3385,529,232.6,20.8,0.0060,,
2.3470,530,232.7,20.8,0.0065,,
2.3550,531,233.1,20.8,0.0060,,
2.3635,532,233.3,20.8,0.0060,,
2.3720,533,233.2,20.8,0.0060,,
2.3800,534,233.5,20.8,0.0055,,
2.3880,535,233.5,20.8,0.0060,,
2.3955,536,233.9,20.8,0.0060,,
2.4025,537,234.2,20.8,0.0055,,
2.4035,538,234.0,20.8,0.0005,,
2.4040,539,234.2,20.8,0.0005,,
2.4055,540,234.4,20.8,0.0010,,
2.4070,541,234.4,20.8,0.0010,,
2.4095,542,234.4,20.8,0.0020,,
2.4120,543,234.2,20.8,0.0020,,
2.4155,544,234.7,20.8,0.0025,,
2.4175,545,234.7,20.8,0.0015,,
2.4185,546,234.5,20.8,0.0005,,
2.4190,547,234.6,20.8,0.0005,,
2.4200,548,234.6,20.8,0.0010,,
2.4205,549,234.9,20.8,0.0005,,
2.4210,550,234.8,20.8,0.0005,,
2.4215,551,234.6,20.8,0.0005,,
2.4225,552,234.7,20.8,0.0005,,
2.4230,553,234.8,20.8,0.0005,,
2.4240,554,234.9,20.8,0.0010,,
2.4250,556,235.0,20.8,0.0005,,
Scope 1/1, Sample 57/60 (T21_21)
Result,TitrationEP1
V,t,E,T,dV/dt,E acc. stat.,Volume acc. stat.
0.0000,0,-69.3,20.7,NaN,,
0.0010,1,-69.3,20.7,0.0010,,
0.0025,2,-69.3,20.7,0.0015,,
0.0050,3,-69.2,20.7,0.0025,,
0.0090,4,-69.3,20.7,0.0035,,
0.0150,5,-69.3,20.7,0.0055,,
0.0235,6,-68.6,20.7,0.0075,,
0.0320,7,-68.0,20.7,0.0075,,
0.0395,8,-66.9,20.7,0.0075,,
0.0480,9,-66.0,20.7,0.0085,,
0.0565,10,-64.8,20.7,0.0075,,
0.0645,11,-63.0,20.7,0.0075,,
0.0730,12,-61.7,20.7,0.0075,,
0.0815,13,-60.2,20.7,0.0075,,
0.0890,14,-58.6,20.7,0.0075,,
0.0975,15,-56.8,20.7,0.0085,,
0.1060,16,-54.7,20.7,0.0075,,
0.1145,17,-53.0,20.7,0.0075,,
0.1230,18,-51.0,20.7,0.0075,,
0.1310,19,-48.6,20.7,0.0075,,
0.1385,20,-46.9,20.7,0.0075,,
0.1470,21,-44.2,20.7,0.0085,,
0.1555,22,-41.9,20.7,0.0075,,
0.1640,23,-39.4,20.7,0.0075,,
0.1725,24,-36.6,20.7,0.0075,,
0.1810,25,-34.3,20.7,0.0075,,
0.1885,26,-31.8,20.7,0.0075,,
0.1970,27,-29.6,20.7,0.0085,,
0.2050,28,-27.3,20.7,0.0075,,
0.2135,29,-24.9,20.7,0.0075,,
0.2220,30,-23.2,20.7,0.0075,,
0.2305,31,-21.6,20.7,0.0075,,
0.2380,32,-20.0,20.7,0.0075,,
0.2465,33,-18.5,20.7,0.0085,,
0.2550,34,-16.8,20.7,0.0075,,
0.2635,35,-15.6,20.7,0.0075,,
0.2715,36,-14.4,20.7,0.0075,,
0.2800,37,-12.9,20.7,0.0075,,
0.2875,38,-11.8,20.7,0.0075,,
0.2960,39,-10.5,20.7,0.0085,,
0.3045,40,-9.6,20.7,0.0075,,
0.3130,41,-8.6,20.7,0.0075,,
0.3215,42,-7.3,20.7,0.0075,,
0.3295,43,-6.5,20.7,0.0075,,
0.3375,44,-5.3,20.7,0.0080,,
0.3455,45,-4.6,20.7,0.0080,,
0.3540,46,-3.6,20.7,0.0075,,
0.3625,47,-2.4,20.8,0.0075,,
0.3710,48,-1.7,20.7,0.0075,,
0.3795,49,-1.0,20.7,0.0075,,
0.3870,50,-0.2,20.8,0.0075,,
0.3955,51,0.6,20.7,0.0085,,
0.4035,52,1.7,20.7,0.0075,,
0.4120,53,2.3,20.7,0.0075,,
0.4205,54,3.0,20.8,0.0075,,
0.4290,55,4.0,20.8,0.0075,,
0.4375,56,4.6,20.7,0.0085,,
0.4450,57,5.8,20.8,0.0075,,
0.4535,58,6.4,20.8,0.0075,,
0.4620,59,7.1,20.8,0.0075,,
0.4700,60,8.1,20.8,0.0075,,
0.4785,61,8.8,20.8,0.0075,,
0.4870,62,9.6,20.8,0.0085,,
0.4945,63,10.1,20.7,0.0075,,
0.5030,64,10.8,20.8,0.0075,,
0.5115,65,11.7,20.8,0.0075,,
0.5200,66,12.5,20.8,0.0075,,
0.5280,67,13.2,20.7,0.0075,,
0.5365,68,13.9,20.8,0.0085,,
0.5440,69,14.7,20.8,0.0075,,
0.5525,70,15.7,20.8,0.0075,,
0.5610,71,16.3,20.8,0.0075,,
0.5695,72,16.8,20.8,0.0075,,
0.5780,73,17.7,20.8,0.0075,,
0.5860,74,18.2,20.8,0.0080,,
0.5940,75,19.3,20.8,0.0080,,
0.6025,76,19.9,20.8,0.0075,,
0.6105,77,20.5,20.8,0.0075,,
0.6190,78,21.5,20.8,0.0075,,
0.6275,79,22.3,20.8,0.0075,,
0.6360,80,23.0,20.8,0.0085,,
0.6435,81,23.5,20.8,0.0075,,
0.6520,82,24.2,20.8,0.0075,,
0.6605,83,25.3,20.8,0.0075,,
0.6685,84,26.1,20.8,0.0075,,
0.6770,85,26.7,20.8,0.0075,,
0.6855,86,27.4,20.8,0.0085,,
0.6930,87,28.2,20.8,0.0075,,
0.7015,88,29.3,20.8,0.0075,,
0.7100,89,29.9,20.8,0.0075,,
0.7185,90,30.5,20.8,0.0075,,
0.7270,91,31.7,20.8,0.0075,,
0.7350,92,32.2,20.8,0.0080,,
0.7430,93,33.2,20.8,0.0080,,
0.7510,94,34.0,20.8,0.0075,,
0.7595,95,34.7,20.8,0.0075,,
0.7680,96,35.8,20.8,0.0075,,
0.7765,97,36.7,20.8,0.0075,,
0.7850,98,37.4,20.8,0.0075,,
0.7925,99,38.4,20.8,0.0075,,
0.8010,100,39.1,20.8,0.0075,,
0.8090,101,40.3,20.8,0.0075,,
0.8175,102,41.1,20.8,0.0075,,
0.8260,103,41.8,20.8,0.0075,,
0.8345,104,42.7,20.8,0.0085,,
0.8420,105,43.6,20.8,0.0075,,
0.8505,106,44.7,20.8,0.0075,,
0.8590,107,45.7,20.8,0.0075,,
0.8670,108,46.3,20.8,0.0075,,
0.8755,109,47.3,20.8,0.0075,,
0.8840,110,48.4,20.8,0.0075,,
0.8915,111,49.2,20.8,0.0075,,
0.9000,112,50.3,20.8,0.0085,,
0.9085,113,51.1,20.8,0.0075,,
0.9170,114,52.2,20.8,0.0075,,
0.9250,115,53.4,20.8,0.0075,,
0.9335,116,54.2,20.8,0.0075,,
0.9410,117,55.2,20.8,0.0075,,
0.9495,118,56.1,20.8,0.0085,,
0.9580,119,57.3,20.8,0.0075,,
0.9665,120,58.6,20.8,0.0075,,
0.9750,121,59.5,20.8,0.0075,,
0.9835,122,60.6,20.8,0.0075,,
0.9910,123,61.4,20.8,0.0075,,
0.9990,124,62.7,20.8,0.0080,,
1.0075,125,64.1,20.8,0.0075,,
1.0160,126,65.1,20.8,0.0075,,
1.0245,127,66.3,20.8,0.0075,,
1.0330,128,67.8,20.8,0.0075,,
1.0415,129,68.9,20.8,0.0085,,
1.0490,130,70.5,20.8,0.0075,,
1.0570,131,71.5,20.8,0.0080,,
1.0655,132,72.8,20.8,0.0075,,
1.0740,133,74.3,20.8,0.0075,,
1.0825,134,75.8,20.8,0.0075,,
1.0910,135,76.9,20.8,0.0075,,
1.0985,136,78.3,20.8,0.0075,,
1.1070,137,79.7,20.8,0.0085,,
1.1155,138,81.6,20.8,0.0075,,
1.1235,139,83.0,20.8,0.0075,,
1.1320,140,84.4,20.8,0.0075,,
1.1405,141,86.2,20.8,0.0075,,
1.1480,142,87.6,20.8,0.0075,,
1.1565,143,89.5,20.8,0.0085,,
1.1650,144,91.3,20.8,0.0075,,
1.1730,145,92.9,20.8,0.0075,,
1.1815,146,94.7,20.8,0.0075,,
1.1900,147,97.1,20.8,0.0075,,
1.1985,148,98.9,20.8,0.0085,,
1.2060,149,101.4,20.8,0.0075,,
1.2145,150,103.4,20.8,0.0075,,
1.2230,151,105.9,20.8,0.0075,,
1.2315,152,108.8,20.8,0.0075,,
1.2395,153,111.3,20.8,0.0075,,
1.2475,154,114.0,20.8,0.0080,,
1.2555,155,116.7,20.8,0.0080,,
1.2640,156,120.2,20.8,0.0075,,
1.2725,157,124.0,20.8,0.0075,,
1.2810,158,127.1,20.8,0.0075,,
1.2895,159,130.7,20.8,0.0075,,
1.2975,160,134.2,20.8,0.0080,,
1.3055,161,138.6,20.8,0.0080,,
1.3135,162,142.8,20.8,0.0075,,
1.3220,163,146.4,20.8,0.0075,,
1.3305,164,150.3,20.8,0.0075,,
1.3390,165,154.2,20.8,0.0075,,
1.3475,166,157.3,20.8,0.0085,,
1.3550,167,160.2,20.8,0.0075,,
1.3635,168,162.8,20.8,0.0075,,
1.3720,169,165.7,20.8,0.0075,,
1.3800,170,168.1,20.8,0.0075,,
1.3885,171,170.5,20.8,0.0075,,
1.3970,172,172.5,20.8,0.0085,,
1.4045,173,174.1,20.8,0.0075,,
1.4130,174,176.2,20.8,0.0075,,
1.4215,175,178.1,20.8,0.0075,,
1.4300,176,179.6,20.8,0.0075,,
1.4380,177,180.8,20.8,0.0075,,
1.4465,178,182.5,20.8,0.0075,,
1.4540,179,183.5,20.8,0.0075,,
1.4630,180,185.0,20.8,0.0075,,
1.4630,420,186.9,20.8,0.0000,,
1.4635,421,186.7,20.8,0.0005,,
1.4650,422,186.9,20.8,0.0010,,
1.4675,423,187.3,20.8,0.0020,,
1.4715,424,187.4,20.8,0.0030,,
1.4775,425,187.8,20.8,0.0045,,
1.4855,426,188.9,20.8,0.0060,,
1.4935,427,189.8,20.8,0.0065,,
1.5015,428,191.0,20.8,0.0065,,
1.5100,429,191.7,20.8,0.0070,,
1.5185,430,192.7,20.8,0.0065,,
1.5270,431,193.9,20.8,0.0065,,
1.5355,432,194.8,20.8,0.0065,,
1.5430,433,195.7,20.8,0.0060,,
1.5515,434,196.2,20.8,0.0070,,
1.5595,435,197.1,20.8,0.0065,,
1.5680,436,198.2,20.8,0.0065,,
1.5765,437,198.7,20.8,0.0065,,
1.5850,438,199.4,20.8,0.0065,,
1.5925,439,200.0,20.8,0.0060,,
1.6010,440,200.8,20.8,0.0070,,
1.6095,441,201.6,20.8,0.0070,,
1.6180,442,202.1,20.8,0.0065,,
1.6260,443,202.6,20.8,0.0060,,
1.6345,444,203.5,20.8,0.0065,,
1.6430,445,203.9,20.8,0.0070,,
1.6505,446,204.7,20.8,0.0060,,
1.6590,447,205.1,20.8,0.0070,,
1.6675,448,205.6,20.8,0.0065,,
1.6760,449,206.4,20.8,0.0065,,
1.6840,450,207.0,20.8,0.0060,,
1.6925,451,207.6,20.8,0.0070,,
1.7000,452,207.8,20.8,0.0060,,
1.7085,453,208.3,20.8,0.0070,,
1.7170,454,209.1,20.8,0.0065,,
1.7255,455,209.6,20.8,0.0065,,
1.7340,456,209.9,20.8,0.0065,,
1.7420,457,210.3,20.8,0.0065,,
1.7500,458,210.8,20.8,0.0065,,
1.7580,459,211.5,20.8,0.0065,,
1.7665,460,211.9,20.8,0.0065,,
1.7750,461,212.2,20.8,0.0065,,
1.7835,462,212.9,20.8,0.0065,,
1.7920,463,213.2,20.8,0.0070,,
1.7995,464,213.7,20.8,0.0060,,
1.8080,465,213.8,20.8,0.0070,,
1.8165,466,214.2,20.8,0.0065,,
1.8245,467,214.8,20.8,0.0060,,
1.8330,468,215.2,20.8,0.0065,,
1.8415,469,215.4,20.8,0.0065,,
1.8490,470,215.9,20.8,0.0060,,
1.8575,471,216.1,20.8,0.0070,,
1.8660,472,216.8,20.8,0.0065,,
1.8745,473,217.1,20.8,0.0065,,
1.8825,474,217.2,20.8,0.0060,,
1.8910,475,217.7,20.8,0.0065,,
1.8985,476,218.0,20.8,0.0060,,
1.9070,477,218.6,20.8,0.0070,,
1.9155,478,218.8,20.8,0.0065,,
1.9240,479,219.0,20.8,0.0065,,
1.9325,480,219.7,20.8,0.0065,,
1.9410,481,219.9,20.8,0.0070,,
1.9485,482,220.3,20.8,0.0060,,
1.9570,483,220.5,20.8,0.0070,,
1.9650,484,220.7,20.8,0.0060,,
1.9735,485,221.3,20.8,0.0065,,
1.9820,486,221.7,20.8,0.0065,,
1.9905,487,221.9,20.8,0.0070,,
1.9980,488,221.9,20.8,0.0060,,
2.0065,489,222.3,20.8,0.0070,,
2.0150,490,222.8,20.8,0.0065,,
2.0235,491,223.0,20.8,0.0065,,
2.0315,492,223.0,20.8,0.0060,,
2.0400,493,223.3,20.8,0.0070,,
2.0475,494,223.6,20.8,0.0060,,
2.0560,495,224.1,20.8,0.0070,,
2.0645,496,224.3,20.8,0.0065,,
2.0730,497,224.3,20.8,0.0065,,
2.0815,498,224.9,20.8,0.0065,,
2.0895,499,225.1,20.8,0.0060,,
2.0975,500,225.5,20.8,0.0065,,
2.1055,501,225.5,20.8,0.0065,,
2.1140,502,225.7,20.8,0.0065,,
2.1225,503,226.2,20.8,0.0065,,
2.1310,504,226.5,20.8,0.0065,,
2.1395,505,226.5,20.8,0.0065,,
2.1470,506,226.9,20.8,0.0060,,
2.1555,507,226.9,20.8,0.0070,,
2.1635,508,227.4,20.8,0.0060,,
2.1720,509,227.7,20.8,0.0065,,
2.1805,510,227.7,20.8,0.0065,,
2.1890,511,228.1,20.8,0.0065,,
2.1965,512,228.2,20.8,0.0060,,
2.2050,513,228.7,20.8,0.0070,,
2.2135,514,228.8,20.8,0.0065,,
2.2220,515,228.8,20.8,0.0065,,
2.2300,516,229.3,20.8,0.0060,,
2.2385,517,229.7,20.8,0.0065,,
2.2460,518,229.9,20.8,0.0060,,
2.2545,519,230.1,20.8,0.0070,,
2.2630,520,230.0,20.8,0.0070,,
2.2715,521,230.4,20.8,0.0065,,
2.2800,522,230.8,20.8,0.0065,,
2.2880,523,230.7,20.8,0.0060,,
2.2960,524,231.1,20.8,0.0065,,
2.3040,525,231.0,20.8,0.0065,,
2.3125,526,231.5,20.8,0.0070,,
2.3210,527,231.9,20.8,0.0065,,
2.3295,528,231.8,20.8,0.0065,,
2.3380,529,231.9,20.8,0.0065,,
2.3460,530,232.1,20.8,0.0065,,
2.3540,531,232.5,20.8,0.0065,,
2.3620,532,232.8,20.8,0.0065,,
2.3705,533,232.8,20.8,0.0065,,
2.3790,534,233.0,20.8,0.0065,,
2.3875,535,233.4,20.8,0.0065,,
2.3960,536,233.5,20.8,0.0070,,
2.4035,537,233.7,20.8,0.0060,,
2.4115,538,233.7,20.8,0.0065,,
2.4195,539,233.8,20.8,0.0060,,
2.4270,540,234.3,20.8,0.0060,,
2.4340,541,234.3,20.8,0.0055,,
2.4360,542,234.5,20.8,0.0015,,
2.4360,543,234.2,20.8,0.0000,,
2.4370,544,234.4,20.8,0.0010,,
2.4380,545,234.5,20.8,0.0010,,
2.4385,546,234.3,20.8,0.0005,,
2.4395,547,234.2,20.8,0.0010,,
2.4400,548,234.3,20.8,0.0005,,
2.4405,549,234.4,20.8,0.0005,,
2.4410,550,234.6,20.8,0.0005,,
2.4420,551,234.4,20.8,0.0010,,
2.4430,552,234.3,20.8,0.0010,,
2.4435,553,234.6,20.8,0.0005,,
2.4440,554,234.6,20.8,0.0005,,
2.4445,555,234.7,20.8,0.0005,,
2.4460,556,234.4,20.8,0.0010,,
2.4470,557,234.5,20.8,0.0010,,
2.4480,558,234.8,20.8,0.0010,,
2.4485,559,234.6,20.8,0.0005,,
2.4495,560,234.7,20.8,0.0010,,
2.4500,561,234.4,20.8,0.0005,,
2.4505,562,234.7,20.8,0.0005,,
2.4515,563,234.8,20.8,0.0010,,
2.4520,564,234.7,20.8,0.0005,,
2.4530,565,235.0,20.8,0.0010,,
Scope 1/1, Sample 58/60 (T22_21)
Result,TitrationEP1
V,t,E,T,dV/dt,E acc. stat.,Volume acc. stat.
0.0000,0,-70.0,20.7,NaN,,
0.0005,1,-70.0,20.7,0.0005,,
0.0025,2,-70.0,20.7,0.0020,,
0.0050,3,-69.8,20.7,0.0025,,
0.0085,4,-69.8,20.7,0.0030,,
0.0150,5,-69.9,20.7,0.0060,,
0.0230,6,-69.4,20.7,0.0075,,
0.0305,7,-68.9,20.7,0.0075,,
0.0390,8,-67.8,20.7,0.0085,,
0.0475,9,-67.0,20.7,0.0075,,
0.0560,10,-65.8,20.7,0.0075,,
0.0645,11,-64.2,20.7,0.0075,,
0.0725,12,-62.8,20.7,0.0075,,
0.0805,13,-61.3,20.7,0.0080,,
0.0885,14,-60.1,20.7,0.0080,,
0.0970,15,-58.4,20.7,0.0075,,
0.1055,16,-56.3,20.7,0.0075,,
0.1140,17,-54.6,20.7,0.0075,,
0.1225,18,-53.0,20.7,0.0075,,
0.1300,19,-51.1,20.7,0.0075,,
0.1385,20,-48.7,20.7,0.0085,,
0.1470,21,-46.2,20.7,0.0075,,
0.1550,22,-44.1,20.7,0.0075,,
0.1635,23,-41.9,20.7,0.0075,,
0.1720,24,-39.3,20.7,0.0075,,
0.1795,25,-37.2,20.8,0.0075,,
0.1880,26,-34.5,20.7,0.0085,,
0.1965,27,-32.1,20.8,0.0075,,
0.2050,28,-30.1,20.8,0.0075,,
0.2130,29,-27.8,20.8,0.0075,,
0.2215,30,-25.5,20.8,0.0075,,
0.2300,31,-24.0,20.8,0.0085,,
0.2375,32,-22.2,20.8,0.0075,,
0.2460,33,-20.8,20.8,0.0085,,
0.2545,34,-19.3,20.8,0.0075,,
0.2630,35,-17.6,20.8,0.0075,,
0.2710,36,-16.5,20.8,0.0075,,
0.2795,37,-15.4,20.8,0.0075,,
0.2870,38,-14.3,20.8,0.0075,,
0.2955,39,-12.9,20.8,0.0085,,
0.3040,40,-11.8,20.8,0.0075,,
0.3125,41,-10.9,20.8,0.0075,,
0.3210,42,-9.8,20.8,0.0075,,
0.3290,43,-9.1,20.8,0.0080,,
0.3370,44,-7.8,20.8,0.0080,,
0.3450,45,-6.6,20.8,0.0080,,
0.3535,46,-6.0,20.8,0.0075,,
0.3620,47,-5.0,20.8,0.0075,,
0.3705,48,-3.7,20.8,0.0075,,
0.3790,49,-2.9,20.8,0.0075,,
0.3865,50,-2.1,20.8,0.0075,,
0.3950,51,-1.6,20.8,0.0085,,
0.4030,52,-0.7,20.8,0.0075,,
0.4115,53,0.3,20.8,0.0075,,
0.4200,54,0.9,20.8,0.0075,,
0.4285,55,1.5,20.8,0.0075,,
0.4360,56,2.3,20.8,0.0075,,
0.4445,57,3.1,20.8,0.0085,,
0.4530,58,4.4,20.8,0.0085,,
0.4610,59,5.0,20.8,0.0075,,
0.4695,60,5.6,20.8,0.0075,,
0.4780,61,6.5,20.8,0.0075,,
0.4855,62,7.1,20.8,0.0075,,
0.4940,63,8.1,20.8,0.0085,,
0.5025,64,8.7,20.8,0.0085,,
0.5110,65,9.2,20.8,0.0075,,
0.5195,66,10.3,20.8,0.0075,,
0.5275,67,11.1,20.8,0.0075,,
0.5355,68,11.9,20.8,0.0080,,
0.5435,69,12.3,20.8,0.0080,,
0.5520,70,13.0,20.8,0.0075,,
0.5605,71,13.9,20.8,0.0075,,
0.5690,72,14.4,20.8,0.0075,,
0.5775,73,15.1,20.8,0.0075,,
0.5850,74,15.9,20.8,0.0075,,
0.5935,75,16.9,20.8,0.0085,,
0.6020,76,17.8,20.8,0.0075,,
0.6100,77,18.4,20.8,0.0075,,
0.6185,78,19.0,20.8,0.0075,,
0.6270,79,20.0,20.8,0.0075,,
0.6345,80,20.6,20.8,0.0075,,
0.6430,81,21.5,20.8,0.0085,,
0.6515,82,22.1,20.8,0.0075,,
0.6600,83,22.8,20.8,0.0075,,
0.6680,84,23.9,20.8,0.0075,,
0.6765,85,24.6,20.8,0.0075,,
0.6840,86,25.4,20.8,0.0075,,
0.6925,87,26.0,20.8,0.0085,,
0.7010,88,26.8,20.8,0.0075,,
0.7095,89,27.9,20.8,0.0075,,
0.7180,90,28.5,20.8,0.0075,,
0.7265,91,29.0,20.8,0.0075,,
0.7340,92,29.9,20.8,0.0075,,
0.7425,93,30.8,20.8,0.0085,,
0.7505,94,32.0,20.8,0.0075,,
0.7590,95,32.6,20.8,0.0075,,
0.7675,96,33.2,20.8,0.0075,,
0.7760,97,34.5,20.8,0.0075,,
0.7835,98,35.2,20.8,0.0075,,
0.7920,99,36.2,20.8,0.0085,,
0.8005,100,36.9,20.8,0.0075,,
0.8085,101,37.7,20.8,0.0075,,
0.8170,102,38.8,20.8,0.0075,,
0.8255,103,39.7,20.8,0.0075,,
0.8330,104,40.6,20.8,0.0075,,
0.8415,105,41.1,20.8,0.0085,,
0.8500,106,42.2,20.8,0.0075,,
0.8585,107,43.3,20.8,0.0075,,
0.8670,108,44.3,20.8,0.0075,,
0.8750,109,44.9,20.8,0.0075,,
0.8830,110,45.8,20.8,0.0080,,
0.8910,111,46.7,20.8,0.0080,,
0.8995,112,48.0,20.8,0.0075,,
0.9080,113,48.8,20.8,0.0075,,
0.9165,114,49.6,20.8,0.0075,,
0.9250,115,50.9,20.8,0.0075,,
0.9325,116,51.7,20.8,0.0075,,
0.9410,117,53.1,20.8,0.0085,,
0.9490,118,54.0,20.8,0.0080,,
0.9575,119,54.9,20.8,0.0075,,
0.9660,120,56.2,20.8,0.0075,,
0.9745,121,57.3,20.8,0.0075,,
0.9830,122,58.5,20.8,0.0085,,
0.9905,123,59.4,20.8,0.0075,,
0.9990,124,60.4,20.8,0.0085,,
1.0070,125,61.8,20.8,0.0075,,
1.0155,126,63.0,20.8,0.0075,,
1.0240,127,64.0,20.8,0.0075,,
1.0315,128,65.2,20.8,0.0075,,
1.0400,129,66.4,20.8,0.0085,,
1.0485,130,68.0,20.8,0.0075,,
1.0570,131,69.0,20.8,0.0075,,
1.0655,132,70.2,20.8,0.0075,,
1.0735,133,71.9,20.8,0.0075,,
1.0815,134,73.0,20.8,0.0080,,
1.0895,135,74.6,20.8,0.0080,,
1.0980,136,75.8,20.8,0.0075,,
1.1065,137,77.2,20.8,0.0075,,
1.1150,138,79.1,20.8,0.0075,,
1.1235,139,80.6,20.8,0.0075,,
1.1310,140,82.1,20.8,0.0075,,
1.1395,141,83.5,20.8,0.0085,,
1.1480,142,85.0,20.8,0.0075,,
1.1560,143,87.1,20.8,0.0075,,
1.1645,144,88.8,20.8,0.0075,,
1.1730,145,90.4,20.8,0.0075,,
1.1805,146,92.4,20.8,0.0075,,
1.1890,147,94.4,20.8,0.0085,,
1.1975,148,96.8,20.8,0.0075,,
1.2060,149,98.9,20.8,0.0075,,
1.2140,150,101.1,20.8,0.0075,,
1.2225,151,103.9,20.8,0.0075,,
1.2310,152,106.3,20.8,0.0085,,
1.2385,153,109.0,20.8,0.0075,,
1.2470,154,111.8,20.8,0.0085,,
1.2555,155,114.6,20.8,0.0075,,
1.2640,156,118.1,20.8,0.0075,,
1.2720,157,121.8,20.8,0.0075,,
1.2800,158,125.2,20.8,0.0080,,
1.2880,159,129.2,20.8,0.0080,,
1.2965,160,133.0,20.8,0.0085,,
1.3050,161,137.6,20.8,0.0075,,
1.3135,162,141.9,20.8,0.0075,,
1.3220,163,145.5,20.8,0.0075,,
1.3305,164,149.2,20.8,0.0085,,
1.3380,165,152.8,20.8,0.0075,,
1.3465,166,156.5,20.8,0.0085,,
1.3545,167,159.9,20.8,0.0075,,
1.3630,168,162.6,20.8,0.0075,,
1.3715,169,165.2,20.8,0.0075,,
1.3800,170,168.1,20.8,0.0075,,
1.3875,171,169.9,20.8,0.0075,,
1.3960,172,172.3,20.8,0.0085,,
1.4040,173,174.0,20.8,0.0080,,
1.4125,174,175.8,20.8,0.0075,,
1.4210,175,177.8,20.8,0.0075,,
1.4295,176,179.4,20.8,0.0075,,
1.4370,177,180.9,20.8,0.0075,,
1.4455,178,182.1,20.8,0.0085,,
1.4540,179,183.6,20.8,0.0075,,
1.4640,180,185.1,20.8,0.0075,,
1.4640,420,187.2,20.8,0.0000,,
1.4645,421,187.4,20.8,0.0005,,
1.4660,422,187.6,20.8,0.0010,,
1.4685,423,187.4,20.8,0.0020,,
1.4725,424,187.7,20.8,0.0030,,
1.4790,425,188.6,20.8,0.0045,,
1.4875,426,189.2,20.8,0.0060,,
1.4950,427,190.3,20.8,0.0060,,
1.5035,428,190.9,20.8,0.0065,,
1.5120,429,192.0,20.8,0.0065,,
1.5200,430,193.1,20.8,0.0055,,
1.5285,431,193.9,20.8,0.0060,,
1.5370,432,194.6,20.8,0.0060,,
1.5445,433,195.4,20.8,0.0060,,
1.5530,434,196.4,20.8,0.0065,,
1.5615,435,197.4,20.8,0.0065,,
1.5700,436,198.0,20.8,0.0060,,
1.5780,437,198.7,20.8,0.0055,,
1.5865,438,199.7,20.8,0.0060,,
1.5950,439,200.2,20.8,0.0065,,
1.6025,440,201.2,20.8,0.0060,,
1.6110,441,201.7,20.8,0.0065,,
1.6195,442,202.1,20.8,0.0060,,
1.6280,443,203.1,20.8,0.0060,,
1.6365,444,203.8,20.8,0.0060,,
1.6440,445,204.5,20.8,0.0060,,
1.6520,446,204.7,20.8,0.0060,,
1.6605,447,205.2,20.8,0.0065,,
1.6690,448,206.1,20.8,0.0060,,
1.6775,449,206.6,20.8,0.0060,,
1.6860,450,207.0,20.8,0.0060,,
1.6945,451,207.4,20.8,0.0065,,
1.7020,452,208.0,20.8,0.0060,,
1.7105,453,208.9,20.8,0.0065,,
1.7185,454,209.3,20.8,0.0055,,
1.7270,455,209.6,20.8,0.0060,,
1.7355,456,210.2,20.8,0.0060,,
1.7440,457,210.5,20.8,0.0065,,
1.7515,458,211.4,20.8,0.0060,,
1.7600,459,211.6,20.8,0.0065,,
1.7685,460,211.9,20.8,0.0060,,
1.7770,461,212.8,20.8,0.0060,,
1.7850,462,213.0,20.8,0.0055,,
1.7935,463,213.4,20.8,0.0065,,
1.8010,464,213.6,20.8,0.0060,,
1.8095,465,214.0,20.8,0.0065,,
1.8180,466,214.6,20.8,0.0060,,
1.8265,467,215.0,20.8,0.0060,,
1.8350,468,215.1,20.8,0.0060,,
1.8430,469,215.6,20.8,0.0060,,
1.8510,470,216.0,20.8,0.0060,,
1.8590,471,216.7,20.8,0.0060,,
1.8675,472,217.0,20.8,0.0060,,
1.8760,473,217.2,20.8,0.0060,,
1.8845,474,217.7,20.8,0.0060,,
1.8930,475,218.2,20.8,0.0060,,
1.9005,476,218.6,20.8,0.0060,,
1.9090,477,218.7,20.8,0.0065,,
1.9170,478,218.9,20.8,0.0055,,
1.9255,479,219.4,20.8,0.0060,,
1.9340,480,219.8,20.8,0.0060,,
1.9425,481,219.9,20.8,0.0060,,
1.9500,482,220.4,20.8,0.0060,,
1.9585,483,220.5,20.8,0.0065,,
1.9670,484,221.0,20.8,0.0065,,
1.9750,485,221.5,20.8,0.0055,,
1.9835,486,221.5,20.8,0.0060,,
1.9920,487,221.8,20.8,0.0060,,
1.9995,488,222.0,20.8,0.0060,,
2.0080,489,222.6,20.8,0.0065,,
2.0165,490,223.1,20.8,0.0065,,
2.0250,491,223.1,20.8,0.0060,,
2.0330,492,223.2,20.8,0.0055,,
2.0415,493,223.9,20.8,0.0060,,
2.0490,494,224.0,20.8,0.0060,,
2.0575,495,224.4,20.8,0.0065,,
2.0660,496,224.4,20.8,0.0065,,
2.0745,497,224.6,20.8,0.0060,,
2.0830,498,225.3,20.8,0.0060,,
2.0915,499,225.4,20.8,0.0060,,
2.0990,500,225.7,20.8,0.0060,,
2.1070,501,225.6,20.8,0.0060,,
2.1155,502,225.8,20.8,0.0065,,
2.1240,503,226.4,20.8,0.0060,,
2.1325,504,226.6,20.8,0.0060,,
2.1410,505,226.6,20.8,0.0060,,
2.1495,506,226.9,20.8,0.0065,,
2.1570,507,227.2,20.8,0.0060,,
2.1650,508,227.8,20.8,0.0060,,
2.1735,509,228.0,20.8,0.0065,,
2.1820,510,227.9,20.8,0.0060,,
2.1905,511,228.4,20.8,0.0060,,
2.1990,512,228.7,20.8,0.0060,,
2.2065,513,228.9,20.8,0.0060,,
2.2150,514,229.0,20.8,0.0065,,
2.2235,515,229.2,20.8,0.0060,,
2.2315,516,229.6,20.8,0.0055,,
2.2400,517,229.8,20.8,0.0060,,
2.2485,518,230.1,20.8,0.0065,,
2.2560,519,230.1,20.8,0.0060,,
2.2645,520,230.2,20.8,0.0065,,
2.2730,521,230.7,20.8,0.0060,,
2.2815,522,230.7,20.8,0.0060,,
2.2900,523,230.7,20.8,0.0060,,
2.2980,524,231.0,20.8,0.0060,,
2.3055,525,231.3,20.8,0.0060,,
2.3140,526,231.8,20.8,0.0065,,
2.3225,527,231.8,20.8,0.0065,,
2.3310,528,231.8,20.8,0.0060,,
2.3395,529,232.3,20.8,0.0060,,
2.3480,530,232.5,20.8,0.0060,,
2.3555,531,232.8,20.8,0.0060,,
2.3640,532,232.7,20.8,0.0065,,
2.3720,533,232.9,20.8,0.0055,,
2.3805,534,233.4,20.8,0.0060,,
2.3890,535,233.5,20.8,0.0060,,
2.3975,536,233.5,20.8,0.0060,,
2.4040,537,233.7,20.8,0.0050,,
2.4115,538,233.7,20.8,0.0060,,
2.4185,539,234.2,20.8,0.0050,,
2.4265,540,234.3,20.8,0.0055,,
2.4300,541,234.2,20.8,0.0025,,
2.4305,542,234.3,20.8,0.0005,,
2.4320,543,234.3,20.8,0.0010,,
2.4325,544,234.6,20.8,0.0005,,
2.4335,545,234.5,20.8,0.0010,,
2.4345,546,234.4,20.8,0.0005,,
2.4350,547,234.5,20.8,0.0005,,
2.4355,548,234.6,20.8,0.0005,,
2.4365,549,234.6,20.8,0.0010,,
2.4375,550,234.6,20.8,0.0010,,
2.4385,551,234.4,20.8,0.0010,,
2.4390,552,234.6,20.8,0.0005,,
2.4395,553,234.8,20.8,0.0005,,
2.4410,554,234.6,20.8,0.0010,,
2.4415,555,234.7,20.8,0.0005,,
2.4420,556,234.6,20.8,0.0005,,
2.4425,557,234.9,20.8,0.0005,,
2.4435,558,234.9,20.8,0.0005,,
2.4440,559,234.7,20.8,0.0005,,
2.4450,560,234.7,20.8,0.0005,,
2.4455,561,235.1,20.8,0.0005,,
Scope 1/1, Sample 59/60 (T23_21)
Result,TitrationEP1
V,t,E,T,dV/dt,E acc. stat.,Volume acc. stat.
0.0000,0,-69.0,20.7,NaN,,
0.0005,1,-69.1,20.7,0.0005,,
0.0025,2,-69.0,20.7,0.0020,,
0.0050,3,-68.8,20.7,0.0025,,
0.0090,4,-69.2,20.7,0.0035,,
0.0150,5,-69.0,20.7,0.0055,,
0.0235,6,-68.8,20.7,0.0085,,
0.0310,7,-67.9,20.7,0.0075,,
0.0395,8,-67.0,20.7,0.0085,,
0.0480,9,-66.3,20.7,0.0075,,
0.0565,10,-65.0,20.7,0.0075,,
0.0650,11,-63.5,20.7,0.0075,,
0.0735,12,-62.1,20.7,0.0085,,
0.0810,13,-60.8,20.7,0.0075,,
0.0895,14,-59.4,20.7,0.0085,,
0.0975,15,-57.4,20.7,0.0075,,
0.1060,16,-55.6,20.7,0.0075,,
0.1145,17,-54.0,20.7,0.0075,,
0.1230,18,-52.0,20.7,0.0085,,
0.1305,19,-50.1,20.7,0.0075,,
0.1390,20,-47.7,20.7,0.0085,,
0.1475,21,-45.4,20.7,0.0075,,
0.1555,22,-43.4,20.7,0.0075,,
0.1640,23,-40.9,20.7,0.0075,,
0.1725,24,-38.8,20.7,0.0085,,
0.1800,25,-36.1,20.7,0.0075,,
0.1885,26,-33.9,20.7,0.0085,,
0.1970,27,-31.8,20.7,0.0085,,
0.2055,28,-29.8,20.7,0.0075,,
0.2135,29,-27.4,20.7,0.0075,,
0.2220,30,-25.7,20.7,0.0075,,
0.2295,31,-24.0,20.7,0.0075,,
0.2380,32,-22.6,20.7,0.0085,,
0.2465,33,-20.9,20.7,0.0085,,
0.2550,34,-19.2,20.7,0.0075,,
0.2635,35,-18.0,20.7,0.0075,,
0.2715,36,-17.0,20.7,0.0075,,
0.2795,37,-15.8,20.7,0.0080,,
0.2875,38,-14.6,20.7,0.0080,,
0.2960,39,-13.2,20.7,0.0085,,
0.3045,40,-12.5,20.8,0.0075,,
0.3130,41,-11.5,20.7,0.0075,,
0.3215,42,-10.2,20.7,0.0075,,
0.3295,43,-9.6,20.7,0.0080,,
0.3375,44,-8.3,20.7,0.0080,,
0.3455,45,-7.3,20.7,0.0080,,
0.3540,46,-6.7,20.7,0.0075,,
0.3625,47,-5.6,20.7,0.0075,,
0.3710,48,-4.6,20.7,0.0075,,
0.3795,49,-3.7,20.7,0.0085,,
0.3870,50,-3.0,20.7,0.0075,,
0.3955,51,-2.5,20.7,0.0085,,
0.4035,52,-1.5,20.7,0.0075,,
0.4120,53,-0.5,20.8,0.0075,,
0.4205,54,-0.1,20.8,0.0075,,
0.4290,55,0.7,20.7,0.0085,,
0.4365,56,1.4,20.8,0.0075,,
0.4450,57,2.5,20.8,0.0085,,
0.4535,58,3.2,20.8,0.0075,,
0.4620,59,3.9,20.8,0.0075,,
0.4700,60,4.8,20.8,0.0075,,
0.4785,61,5.3,20.8,0.0085,,
0.4860,62,6.4,20.8,0.0075,,
0.4945,63,7.2,20.8,0.0085,,
0.5030,64,7.8,20.8,0.0075,,
0.5115,65,8.7,20.8,0.0075,,
0.5200,66,9.5,20.8,0.0075,,
0.5280,67,10.3,20.8,0.0080,,
0.5360,68,10.7,20.8,0.0080,,
0.5440,69,11.4,20.8,0.0080,,
0.5525,70,12.3,20.8,0.0075,,
0.5610,71,13.1,20.8,0.0075,,
0.5695,72,13.5,20.8,0.0075,,
0.5780,73,14.4,20.7,0.0085,,
0.5855,74,15.1,20.8,0.0075,,
0.5940,75,16.1,20.8,0.0085,,
0.6025,76,16.7,20.8,0.0075,,
0.6105,77,17.2,20.8,0.0075,,
0.6190,78,18.3,20.8,0.0075,,
0.6265,79,18.8,20.8,0.0075,,
0.6350,80,19.8,20.8,0.0085,,
0.6435,81,20.5,20.8,0.0085,,
0.6520,82,21.1,20.8,0.0075,,
0.6605,83,22.1,20.8,0.0075,,
0.6690,84,22.9,20.8,0.0075,,
0.6770,85,23.8,20.8,0.0080,,
0.6850,86,24.3,20.8,0.0080,,
0.6930,87,25.0,20.8,0.0080,,
0.7015,88,26.1,20.8,0.0075,,
0.7100,89,26.8,20.8,0.0075,,
0.7185,90,27.3,20.8,0.0075,,
0.7270,91,28.3,20.8,0.0085,,
0.7345,92,28.9,20.8,0.0075,,
0.7430,93,30.1,20.8,0.0085,,
0.7510,94,30.9,20.8,0.0075,,
0.7595,95,31.4,20.8,0.0075,,
0.7680,96,32.6,20.8,0.0075,,
0.7765,97,33.5,20.8,0.0075,,
0.7840,98,34.2,20.8,0.0075,,
0.7925,99,35.1,20.8,0.0085,,
0.8010,100,35.5,20.8,0.0085,,
0.8090,101,36.6,20.8,0.0075,,
0.8175,102,37.8,20.8,0.0075,,
0.8260,103,38.4,20.8,0.0075,,
0.8335,104,39.3,20.8,0.0075,,
0.8420,105,39.9,20.8,0.0085,,
0.8505,106,41.1,20.8,0.0085,,
0.8590,107,42.4,20.8,0.0075,,
0.8670,108,42.8,20.8,0.0075,,
0.8755,109,43.8,20.8,0.0075,,
0.8830,110,44.7,20.8,0.0075,,
0.8915,111,45.8,20.8,0.0085,,
0.9000,112,47.1,20.8,0.0085,,
0.9085,113,47.9,20.8,0.0075,,
0.9170,114,48.9,20.8,0.0075,,
0.9255,115,50.3,20.8,0.0075,,
0.9330,116,51.1,20.8,0.0075,,
0.9410,117,52.3,20.8,0.0080,,
0.9495,118,52.9,20.8,0.0085,,
0.9580,119,54.2,20.8,0.0075,,
0.9665,120,55.7,20.8,0.0075,,
0.9750,121,56.5,20.8,0.0075,,
0.9825,122,57.6,20.8,0.0075,,
0.9910,123,58.5,20.8,0.0085,,
0.9995,124,60.1,20.8,0.0075,,
1.0080,125,61.3,20.8,0.0075,,
1.0160,126,62.3,20.8,0.0075,,
1.0245,127,63.5,20.8,0.0075,,
1.0320,128,64.5,20.8,0.0075,,
1.0405,129,66.1,20.8,0.0085,,
1.0490,130,67.4,20.8,0.0075,,
1.0575,131,68.4,20.8,0.0075,,
1.0660,132,69.9,20.8,0.0075,,
1.0740,133,71.5,20.8,0.0075,,
1.0820,134,72.7,20.8,0.0080,,
1.0900,135,73.9,20.8,0.0080,,
1.0985,136,75.2,20.8,0.0075,,
1.1070,137,77.0,20.8,0.0075,,
1.1155,138,78.6,20.8,0.0075,,
1.1240,139,79.9,20.8,0.0075,,
1.1315,140,81.5,20.8,0.0075,,
1.1400,141,83.0,20.8,0.0085,,
1.1480,142,85.0,20.8,0.0080,,
1.1565,143,86.9,20.8,0.0075,,
1.1650,144,88.5,20.8,0.0075,,
1.1735,145,90.5,20.8,0.0075,,
1.1810,146,92.3,20.8,0.0075,,
1.1895,147,94.6,20.8,0.0085,,
1.1980,148,97.2,20.8,0.0085,,
1.2060,149,99.2,20.8,0.0075,,
1.2145,150,101.6,20.8,0.0075,,
1.2230,151,104.5,20.8,0.0075,,
1.2305,152,107.0,20.8,0.0075,,
1.2390,153,110.1,20.8,0.0085,,
1.2475,154,112.9,20.8,0.0085,,
1.2560,155,116.3,20.8,0.0075,,
1.2645,156,120.1,20.8,0.0075,,
1.2725,157,123.5,20.8,0.0075,,
1.2805,158,127.0,20.8,0.0080,,
1.2885,159,130.7,20.8,0.0080,,
1.2970,160,135.0,20.8,0.0085,,
1.3055,161,139.8,20.8,0.0075,,
1.3140,162,144.0,20.8,0.0075,,
1.3225,163,147.8,20.8,0.0075,,
1.3305,164,151.3,20.8,0.0080,,
1.3385,165,154.9,20.8,0.0080,,
1.3465,166,158.7,20.8,0.0080,,
1.3550,167,161.6,20.8,0.0075,,
1.3635,168,164.2,20.8,0.0075,,
1.3720,169,167.2,20.8,0.0075,,
1.3805,170,169.4,20.8,0.0085,,
1.3880,171,171.8,20.8,0.0075,,
1.3965,172,173.3,20.8,0.0085,,
1.4050,173,175.2,20.8,0.0075,,
1.4130,174,177.3,20.8,0.0075,,
1.4215,175,178.8,20.8,0.0075,,
1.4300,176,180.5,20.8,0.0085,,
1.4375,177,181.6,20.8,0.0075,,
1.4460,178,183.1,20.8,0.0085,,
1.4545,179,184.9,20.8,0.0075,,
1.4580,180,185.2,20.8,0.0070,,
1.4580,420,187.4,20.8,0.0000,,
1.4585,421,187.2,20.8,0.0010,,
1.4600,422,187.4,20.8,0.0025,,
1.4625,423,187.6,20.8,0.0040,,
1.4665,424,187.6,20.8,0.0055,,
1.4725,425,188.2,20.8,0.0085,,
1.4810,426,189.2,20.8,0.0120,,
1.4885,427,190.0,20.8,0.0125,,
1.4970,428,191.1,20.8,0.0140,,
1.5055,429,191.9,20.8,0.0140,,
1.5135,430,192.9,20.8,0.0115,,
1.5220,431,194.1,20.8,0.0120,,
1.5305,432,194.8,20.8,0.0120,,
1.5380,433,195.7,20.8,0.0125,,
1.5465,434,196.2,20.8,0.0140,,
1.5550,435,197.1,20.8,0.0140,,
1.5635,436,198.2,20.8,0.0120,,
1.5715,437,198.7,20.8,0.0115,,
1.5800,438,199.3,20.8,0.0120,,
1.5875,439,199.9,20.8,0.0125,,
1.5960,440,200.9,20.8,0.0140,,
1.6045,441,201.8,20.8,0.0140,,
1.6130,442,202.2,20.8,0.0120,,
1.6215,443,202.8,20.8,0.0120,,
1.6295,444,203.6,20.8,0.0115,,
1.6380,445,204.0,20.8,0.0140,,
1.6455,446,204.9,20.8,0.0125,,
1.6540,447,205.3,20.8,0.0140,,
1.6625,448,205.7,20.8,0.0120,,
1.6710,449,206.7,20.8,0.0120,,
1.6795,450,207.1,20.8,0.0120,,
1.6880,451,207.7,20.8,0.0140,,
1.6955,452,207.8,20.8,0.0125,,
1.7040,453,208.5,20.8,0.0140,,
1.7120,454,209.2,20.8,0.0115,,
1.7205,455,209.6,20.8,0.0120,,
1.7290,456,210.0,20.8,0.0120,,
1.7365,457,210.4,20.8,0.0125,,
1.7450,458,211.1,20.8,0.0140,,
1.7535,459,211.8,20.8,0.0140,,
1.7620,460,211.9,20.8,0.0120,,
1.7705,461,212.3,20.8,0.0120,,
1.7785,462,213.1,20.8,0.0115,,
1.7860,463,213.3,20.8,0.0125,,
1.7945,464,213.9,20.8,0.0140,,
1.8030,465,214.1,20.8,0.0140,,
1.8115,466,214.4,20.8,0.0120,,
1.8200,467,215.1,20.8,0.0120,,
1.8285,468,215.4,20.8,0.0120,,
1.8365,469,215.9,20.8,0.0135,,
1.8445,470,215.9,20.8,0.0135,,
1.8525,471,216.3,20.8,0.0135,,
1.8610,472,217.0,20.8,0.0120,,
1.8695,473,217.2,20.8,0.0120,,
1.8780,474,217.3,20.8,0.0120,,
1.8865,475,217.7,20.8,0.0140,,
1.8940,476,218.2,20.8,0.0125,,
1.9025,477,218.7,20.8,0.0140,,
1.9105,478,219.0,20.8,0.0115,,
1.9190,479,219.0,20.8,0.0120,,
1.9275,480,219.7,20.8,0.0120,,
1.9360,481,220.0,20.8,0.0120,,
1.9435,482,220.4,20.8,0.0125,,
1.9520,483,220.5,20.8,0.0140,,
1.9605,484,220.6,20.8,0.0120,,
1.9690,485,221.2,20.8,0.0120,,
1.9770,486,221.5,20.8,0.0115,,
1.9855,487,222.0,20.8,0.0140,,
1.9930,488,222.2,20.8,0.0125,,
2.0015,489,222.3,20.8,0.0140,,
2.0100,490,222.9,20.8,0.0140,,
2.0185,491,223.3,20.8,0.0120,,
2.0265,492,223.2,20.8,0.0115,,
2.0350,493,223.5,20.8,0.0120,,
2.0425,494,223.7,20.8,0.0125,,
2.0510,495,224.3,20.8,0.0140,,
2.0595,496,224.5,20.8,0.0140,,
2.0680,497,224.5,20.8,0.0120,,
2.0765,498,224.9,20.8,0.0120,,
2.0850,499,225.3,20.8,0.0120,,
2.0925,500,225.6,20.8,0.0125,,
2.1010,501,225.7,20.8,0.0140,,
2.1090,502,225.7,20.8,0.0115,,
2.1175,503,226.2,20.8,0.0120,,
2.1260,504,226.6,20.8,0.0120,,
2.1345,505,226.6,20.8,0.0120,,
2.1420,506,227.1,20.8,0.0125,,
2.1505,507,227.1,20.8,0.0140,,
2.1590,508,227.6,20.8,0.0140,,
2.1670,509,228.0,20.8,0.0115,,
2.1755,510,227.9,20.8,0.0120,,
2.1840,511,228.3,20.8,0.0120,,
2.1915,512,228.3,20.8,0.0125,,
2.2000,513,228.8,20.8,0.0140,,
2.2085,514,229.1,20.8,0.0140,,
2.2170,515,229.0,20.8,0.0120,,
2.2255,516,229.4,20.8,0.0120,,
2.2335,517,229.8,20.8,0.0115,,
2.2415,518,230.0,20.8,0.0135,,
2.2495,519,230.1,20.8,0.0135,,
2.2580,520,230.1,20.8,0.0140,,
2.2665,521,230.5,20.8,0.0120,,
2.2750,522,231.0,20.8,0.0120,,
2.2835,523,230.8,20.8,0.0120,,
2.2910,524,231.2,20.8,0.0125,,
2.2995,525,231.2,20.8,0.0140,,
2.3075,526,231.6,20.8,0.0135,,
2.3160,527,232.0,20.8,0.0120,,
2.3245,528,231.8,20.8,0.0120,,
2.3330,529,232.1,20.8,0.0120,,
2.3405,530,232.1,20.8,0.0125,,
2.3490,531,232.7,20.8,0.0140,,
2.3575,532,232.9,20.8,0.0140,,
2.3655,533,232.8,20.8,0.0115,,
2.3740,534,233.0,20.8,0.0120,,
2.3825,535,233.4,20.8,0.0120,,
2.3905,536,233.6,20.8,0.0135,,
2.3980,537,233.8,20.8,0.0125,,
2.4060,538,233.6,20.8,0.0135,,
2.4130,539,233.8,20.8,0.0100,,
2.4190,540,234.3,20.8,0.0085,,
2.4200,541,234.3,20.8,0.0015,,
2.4205,542,234.2,20.8,0.0005,,
2.4210,543,234.4,20.8,0.0010,,
2.4215,544,234.2,20.8,0.0010,,
2.4220,545,234.6,20.8,0.0005,,
2.4235,546,234.5,20.8,0.0020,,
2.4240,547,234.3,20.8,0.0005,,
2.4250,548,234.5,20.8,0.0015,,
2.4255,549,234.4,20.8,0.0010,,
2.4260,550,234.7,20.8,0.0010,,
2.4270,551,234.6,20.8,0.0015,,
2.4275,552,234.3,20.8,0.0005,,
2.4285,553,234.6,20.8,0.0015,,
2.4285,554,234.6,20.8,0.0000,,
2.4290,555,234.6,20.8,0.0010,,
2.4300,556,234.7,20.8,0.0015,,
2.4300,557,234.3,20.8,0.0000,,
2.4310,558,234.6,20.8,0.0015,,
2.4315,559,234.8,20.8,0.0005,,
2.4320,560,234.5,20.8,0.0005,,
2.4325,561,234.6,20.8,0.0010,,
2.4330,562,234.3,20.8,0.0010,,
2.4340,563,234.5,20.8,0.0015,,
2.4345,564,234.7,20.8,0.0005,,
2.4355,565,234.4,20.8,0.0015,,
2.4360,566,234.5,20.8,0.0005,,
2.4370,567,234.4,20.8,0.0015,,
2.4375,568,234.7,20.8,0.0010,,
2.4380,568,235.0,20.8,NaN,,
Scope 1/1, Sample 60/60 (T24_21)
Result,TitrationEP1
V,t,E,T,dV/dt,E acc. stat.,Volume acc. stat.
0.0000,0,-69.7,20.7,NaN,,
0.0010,1,-69.6,20.7,0.0010,,
0.0025,2,-69.7,20.7,0.0015,,
0.0050,3,-69.7,20.7,0.0025,,
0.0085,4,-69.7,20.7,0.0030,,
0.0150,5,-69.3,20.7,0.0060,,
0.0230,6,-69.1,20.7,0.0075,,
0.0315,7,-68.7,20.7,0.0075,,
0.0400,8,-67.4,20.7,0.0075,,
0.0485,9,-66.5,20.7,0.0085,,
0.0560,10,-65.0,20.7,0.0070,,
0.0645,11,-63.9,20.7,0.0075,,
0.0725,12,-62.6,20.7,0.0075,,
0.0810,13,-60.8,20.7,0.0075,,
0.0895,14,-59.1,20.7,0.0075,,
0.0980,15,-57.5,20.7,0.0085,,
0.1055,16,-55.8,20.7,0.0070,,
0.1140,17,-54.0,20.7,0.0075,,
0.1225,18,-51.8,20.7,0.0075,,
0.1305,19,-49.6,20.7,0.0075,,
0.1390,20,-47.7,20.7,0.0075,,
0.1475,21,-45.5,20.7,0.0075,,
0.1550,22,-43.1,20.7,0.0070,,
0.1635,23,-40.4,20.7,0.0075,,
0.1720,24,-38.0,20.7,0.0075,,
0.1805,25,-35.6,20.7,0.0075,,
0.1890,26,-32.9,20.7,0.0075,,
0.1970,27,-30.9,20.7,0.0075,,
0.2050,28,-28.2,20.7,0.0075,,
0.2130,29,-26.4,20.7,0.0075,,
0.2215,30,-24.7,20.7,0.0075,,
0.2300,31,-22.6,20.7,0.0075,,
0.2385,32,-21.0,20.7,0.0075,,
0.2470,33,-19.4,20.7,0.0085,,
0.2545,34,-18.1,20.7,0.0070,,
0.2630,35,-16.9,20.7,0.0075,,
0.2710,36,-15.3,20.7,0.0075,,
0.2795,37,-14.0,20.7,0.0075,,
0.2880,38,-13.2,20.7,0.0075,,
0.2965,39,-12.1,20.7,0.0085,,
0.3040,40,-11.1,20.7,0.0070,,
0.3125,41,-9.7,20.7,0.0075,,
0.3210,42,-8.7,20.7,0.0075,,
0.3295,43,-7.9,20.7,0.0075,,
0.3375,44,-6.7,20.7,0.0075,,
0.3460,45,-5.5,20.7,0.0075,,
0.3535,46,-4.7,20.7,0.0070,,
0.3620,47,-3.7,20.7,0.0075,,
0.3705,48,-3.1,20.7,0.0075,,
0.3790,49,-2.1,20.7,0.0075,,
0.3875,50,-1.0,20.7,0.0075,,
0.3955,51,-0.4,20.7,0.0075,,
0.4030,52,0.4,20.7,0.0070,,
0.4115,53,0.9,20.7,0.0075,,
0.4200,54,1.7,20.7,0.0075,,
0.4285,55,2.9,20.7,0.0075,,
0.4370,56,3.5,20.7,0.0075,,
0.4455,57,4.2,20.7,0.0075,,
0.4530,58,4.8,20.7,0.0070,,
0.4615,59,5.8,20.7,0.0075,,
0.4695,60,6.7,20.7,0.0075,,
0.4780,61,7.2,20.7,0.0075,,
0.4865,62,7.9,20.7,0.0075,,
0.4950,63,8.9,20.7,0.0075,,
0.5025,64,9.5,20.7,0.0070,,
0.5110,65,10.4,20.7,0.0075,,
0.5195,66,10.8,20.7,0.0075,,
0.5280,67,11.6,20.7,0.0075,,
0.5360,68,12.6,20.7,0.0075,,
0.5445,69,13.1,20.7,0.0075,,
0.5530,70,14.0,20.7,0.0085,,
0.5605,71,14.5,20.7,0.0070,,
0.5690,72,15.3,20.7,0.0075,,
0.5775,73,16.3,20.7,0.0075,,
0.5855,74,16.9,20.7,0.0075,,
0.5940,75,17.5,20.7,0.0075,,
0.6025,76,18.5,20.7,0.0075,,
0.6100,77,19.0,20.7,0.0070,,
0.6185,78,20.1,20.7,0.0075,,
0.6270,79,20.8,20.7,0.0075,,
0.6355,80,21.4,20.7,0.0075,,
0.6440,81,22.3,20.7,0.0075,,
0.6520,82,23.2,20.7,0.0075,,
0.6600,83,23.9,20.7,0.0075,,
0.6680,84,24.6,20.7,0.0075,,
0.6765,85,25.2,20.7,0.0075,,
0.6850,86,26.2,20.7,0.0075,,
0.6935,87,27.0,20.7,0.0075,,
0.7020,88,27.6,20.7,0.0075,,
0.7095,89,28.3,20.7,0.0070,,
0.7180,90,29.0,20.7,0.0075,,
0.7260,91,30.2,20.7,0.0075,,
0.7345,92,30.9,20.7,0.0075,,
0.7430,93,31.5,20.7,0.0075,,
0.7515,94,32.5,20.7,0.0075,,
0.7590,95,33.1,20.7,0.0070,,
0.7675,96,34.2,20.7,0.0075,,
0.7760,97,35.0,20.7,0.0075,,
0.7845,98,35.6,20.7,0.0075,,
0.7925,99,36.7,20.7,0.0075,,
0.8010,100,37.7,20.7,0.0075,,
0.8085,101,38.4,20.7,0.0070,,
0.8170,102,39.3,20.7,0.0075,,
0.8255,103,39.9,20.7,0.0075,,
0.8340,104,41.1,20.7,0.0075,,
0.8425,105,42.1,20.7,0.0075,,
0.8505,106,42.8,20.7,0.0075,,
0.8580,107,43.8,20.7,0.0070,,
0.8665,108,44.5,20.7,0.0075,,
0.8750,109,45.8,20.7,0.0075,,
0.8835,110,46.8,20.7,0.0075,,
0.8920,111,47.6,20.7,0.0075,,
0.9005,112,48.7,20.7,0.0075,,
0.9080,113,49.5,20.7,0.0070,,
0.9165,114,50.7,20.7,0.0075,,
0.9245,115,52.0,20.7,0.0075,,
0.9330,116,52.7,20.7,0.0075,,
0.9415,117,54.0,20.7,0.0075,,
0.9500,118,55.2,20.7,0.0075,,
0.9585,119,56.1,20.7,0.0085,,
0.9660,120,57.3,20.7,0.0070,,
0.9745,121,58.1,20.7,0.0075,,
0.9825,122,59.3,20.7,0.0075,,
0.9910,123,60.6,20.7,0.0075,,
0.9995,124,61.6,20.7,0.0075,,
1.0080,125,62.5,20.7,0.0075,,
1.0155,126,63.7,20.7,0.0070,,
1.0240,127,64.9,20.7,0.0075,,
1.0325,128,66.3,20.7,0.0075,,
1.0405,129,67.5,20.7,0.0075,,
1.0490,130,68.7,20.7,0.0075,,
1.0575,131,70.2,20.7,0.0075,,
1.0650,132,71.4,20.7,0.0070,,
1.0735,133,73.1,20.7,0.0075,,
1.0820,134,74.3,20.7,0.0075,,
1.0905,135,75.5,20.7,0.0075,,
1.0985,136,77.2,20.7,0.0075,,
1.1070,137,78.8,20.7,0.0075,,
1.1145,138,80.2,20.7,0.0070,,
1.1230,139,81.7,20.7,0.0075,,
1.1315,140,83.2,20.8,0.0075,,
1.1400,141,85.0,20.7,0.0075,,
1.1485,142,86.9,20.8,0.0075,,
1.1565,143,88.4,20.7,0.0075,,
1.1650,144,90.4,20.7,0.0085,,
1.1725,145,92.1,20.7,0.0070,,
1.1810,146,94.4,20.7,0.0075,,
1.1895,147,96.5,20.8,0.0075,,
1.1980,148,98.5,20.7,0.0075,,
1.2065,149,100.8,20.7,0.0075,,
1.2145,150,103.6,20.7,0.0075,,
1.2225,151,105.9,20.7,0.0075,,
1.2305,152,108.6,20.7,0.0075,,
1.2390,153,111.2,20.7,0.0075,,
1.2475,154,114.2,20.7,0.0075,,
1.2560,155,117.5,20.7,0.0075,,
1.2645,156,121.1,20.7,0.0075,,
1.2720,157,124.6,20.8,0.0070,,
1.2805,158,128.3,20.8,0.0075,,
1.2885,159,132.1,20.7,0.0075,,
1.2970,160,136.5,20.8,0.0075,,
1.3055,161,140.7,20.7,0.0075,,
1.3140,162,144.5,20.8,0.0075,,
1.3215,163,148.0,20.8,0.0070,,
1.3300,164,151.9,20.7,0.0075,,
1.3385,165,155.9,20.8,0.0075,,
1.3470,166,159.1,20.8,0.0075,,
1.3550,167,161.9,20.7,0.0075,,
1.3635,168,164.9,20.8,0.0075,,
1.3710,169,167.0,20.8,0.0070,,
1.3795,170,169.6,20.7,0.0075,,
1.3880,171,171.5,20.7,0.0075,,
1.3965,172,173.5,20.8,0.0075,,
1.4050,173,175.7,20.7,0.0075,,
1.4130,174,177.4,20.8,0.0075,,
1.4215,175,178.9,20.8,0.0075,,
1.4290,176,180.3,20.7,0.0070,,
1.4375,177,181.8,20.8,0.0075,,
1.4460,178,183.3,20.8,0.0075,,
1.4545,179,184.9,20.8,0.0075,,
1.4580,180,185.3,20.8,0.0070,,
1.4580,420,187.3,20.8,0.0000,,
1.4585,421,187.4,20.8,0.0010,,
1.4600,422,187.3,20.8,0.0025,,
1.4625,423,187.2,20.8,0.0040,,
1.4665,424,187.8,20.8,0.0055,,
1.4725,425,188.4,20.8,0.0085,,
1.4810,426,188.9,20.8,0.0120,,
1.4885,427,189.9,20.8,0.0125,,
1.4970,428,190.9,20.8,0.0140,,
1.5055,429,192.1,20.8,0.0140,,
1.5135,430,192.9,20.8,0.0115,,
1.5220,431,193.7,20.8,0.0120,,
1.5305,432,194.5,20.8,0.0140,,
1.5380,433,195.4,20.8,0.0125,,
1.5465,434,196.5,20.8,0.0140,,
1.5550,435,197.2,20.8,0.0120,,
1.5635,436,197.9,20.8,0.0120,,
1.5720,437,198.9,20.8,0.0120,,
1.5800,438,199.3,20.8,0.0135,,
1.5880,439,200.3,20.8,0.0135,,
1.5960,440,200.9,20.8,0.0135,,
1.6045,441,201.4,20.8,0.0140,,
1.6130,442,202.3,20.8,0.0120,,
1.6215,443,202.9,20.8,0.0120,,
1.6300,444,203.3,20.8,0.0120,,
1.6375,445,204.0,20.8,0.0125,,
1.6460,446,204.5,20.8,0.0140,,
1.6540,447,205.4,20.8,0.0135,,
1.6625,448,206.1,20.8,0.0120,,
1.6710,449,206.5,20.8,0.0120,,
1.6795,450,207.0,20.8,0.0120,,
1.6870,451,207.4,20.8,0.0125,,
1.6955,452,208.1,20.8,0.0140,,
1.7040,453,208.7,20.8,0.0140,,
1.7120,454,208.9,20.8,0.0115,,
1.7205,455,209.6,20.8,0.0120,,
1.7290,456,210.3,20.8,0.0120,,
1.7365,457,210.6,20.8,0.0125,,
1.7450,458,211.1,20.8,0.0140,,
1.7535,459,211.4,20.8,0.0140,,
1.7620,460,212.1,20.8,0.0120,,
1.7705,461,212.6,20.8,0.0120,,
1.7785,462,212.7,20.8,0.0115,,
1.7865,463,213.3,20.8,0.0135,,
1.7945,464,213.6,20.8,0.0135,,
1.8030,465,214.1,20.8,0.0140,,
1.8115,466,214.7,20.8,0.0120,,
1.8200,467,214.9,20.8,0.0120,,
1.8285,468,215.1,20.8,0.0120,,
1.8360,469,215.5,20.8,0.0125,,
1.8445,470,216.1,20.8,0.0140,,
1.8525,471,216.6,20.8,0.0135,,
1.8610,472,216.7,20.8,0.0120,,
1.8695,473,217.1,20.8,0.0120,,
1.8780,474,217.7,20.8,0.0120,,
1.8865,475,217.8,20.8,0.0140,,
1.8940,476,218.3,20.8,0.0125,,
1.9025,477,218.4,20.8,0.0140,,
1.9105,478,218.7,20.8,0.0115,,
1.9190,479,219.4,20.8,0.0120,,
1.9275,480,219.6,20.8,0.0120,,
1.9360,481,220.0,20.8,0.0140,,
1.9435,482,220.0,20.8,0.0125,,
1.9520,483,220.4,20.8,0.0140,,
1.9605,484,221.0,20.8,0.0120,,
1.9690,485,221.1,20.8,0.0120,,
1.9770,486,221.3,20.8,0.0115,,
1.9855,487,221.6,20.8,0.0140,,
1.9930,488,222.1,20.8,0.0125,,
2.0015,489,222.5,20.8,0.0140,,
2.0100,490,222.6,20.8,0.0120,,
2.0185,491,222.8,20.8,0.0120,,
2.0270,492,223.3,20.8,0.0120,,
2.0350,493,223.4,20.8,0.0135,,
2.0430,494,223.9,20.8,0.0135,,
2.0510,495,223.9,20.8,0.0135,,
2.0595,496,224.2,20.8,0.0120,,
2.0680,497,224.7,20.8,0.0120,,
2.0765,498,224.9,20.8,0.0120,,
2.0850,499,225.2,20.8,0.0140,,
2.0925,500,225.2,20.8,0.0125,,
2.1010,501,225.5,20.8,0.0140,,
2.1095,502,226.1,20.8,0.0120,,
2.1175,503,226.3,20.8,0.0115,,
2.1260,504,226.3,20.8,0.0120,,
2.1345,505,226.8,20.8,0.0120,,
2.1420,506,227.0,20.8,0.0125,,
2.1505,507,227.4,20.8,0.0140,,
2.1590,508,227.6,20.8,0.0140,,
2.1675,509,227.7,20.8,0.0120,,
2.1755,510,228.0,20.8,0.0115,,
2.1840,511,228.3,20.8,0.0120,,
2.1915,512,228.6,20.8,0.0125,,
2.2000,513,228.7,20.8,0.0140,,
2.2085,514,228.6,20.8,0.0140,,
2.2170,515,229.2,20.8,0.0120,,
2.2255,516,229.5,20.8,0.0120,,
2.2335,517,229.5,20.8,0.0115,,
2.2415,518,229.8,20.8,0.0135,,
2.2495,519,229.8,20.8,0.0135,,
2.2580,520,230.3,20.8,0.0140,,
2.2665,521,230.6,20.8,0.0120,,
2.2750,522,230.5,20.8,0.0120,,
2.2835,523,230.8,20.8,0.0120,,
2.2915,524,230.7,20.8,0.0135,,
2.2995,525,231.3,20.8,0.0135,,
2.3075,526,231.6,20.8,0.0135,,
2.3160,527,231.6,20.8,0.0120,,
2.3245,528,231.8,20.8,0.0120,,
2.3330,529,232.3,20.8,0.0120,,
2.3415,530,232.4,20.8,0.0140,,
2.3490,531,232.7,20.8,0.0125,,
2.3575,532,232.6,20.8,0.0140,,
2.3655,533,232.9,20.8,0.0115,,
2.3740,534,233.3,20.8,0.0120,,
2.3825,535,233.2,20.8,0.0120,,
2.3905,536,233.3,20.8,0.0115,,
2.3980,537,233.4,20.8,0.0125,,
2.4060,538,233.6,20.8,0.0135,,
2.4140,539,234.0,20.8,0.0135,,
2.4195,540,234.1,20.8,0.0080,,
2.4200,541,234.0,20.8,0.0005,,
2.4205,542,234.3,20.8,0.0005,,
2.4220,543,234.2,20.8,0.0025,,
2.4240,544,234.4,20.8,0.0035,,
2.4255,545,234.3,20.8,0.0025,,
2.4255,546,234.2,20.8,0.0000,,
2.4275,547,234.4,20.8,0.0030,,
2.4280,548,234.5,20.8,0.0005,,
2.4295,549,234.5,20.8,0.0025,,
2.4295,550,234.4,20.8,0.0000,,
2.4320,551,234.4,20.8,0.0040,,
2.4325,552,234.5,20.8,0.0005,,
2.4340,553,234.5,20.8,0.0020,,
2.4345,554,234.3,20.8,0.0005,,
2.4350,555,234.4,20.8,0.0010,,
2.4360,556,234.4,20.8,0.0015,,
2.4370,557,234.7,20.8,0.0015,,
2.4380,558,234.6,20.8,0.0015,,
2.4390,559,234.5,20.8,0.0015,,
2.4405,560,234.9,20.8,0.0020,,
2.4405,561,234.6,20.8,0.0000,,
2.4415,562,234.8,20.8,0.0015,,
2.4420,563,234.6,20.8,0.0010,,
2.4425,564,234.5,20.8,0.0005,,
2.4430,565,234.8,20.8,0.0005,,
2.4435,566,234.9,20.8,0.0005,,
2.4435,566,235.0,20.8,NaN,,
