"SampleID","TA","Mass","Sample.Index","TA_evap"
"junk1",2337.32850685852,59.8478,1,2337.32850685852
"junk2",2327.62949947442,60.1056,2,2326.30018508294
"CSEEP_A_filteredbottle_RF",2134.41980607729,59.6358,3,2131.98325378725
"Tet_Site2_Control_H",2405.98712039465,60.2259,4,2401.86962960105
"Tet_Site2_Control_E",2355.56188623569,59.78,5,2350.19002332523
"Tet_Site2_Control_F",2319.84513111891,59.8909,6,2313.23588573111
"Tet_Site2_Control_G",2384.13575900803,60.1674,7,2375.98950926199
"Tet_Site2_Control_D",2356.70010829108,59.7281,8,2347.31086483176
"CRM",2248.82131937359,59.5855,9,2238.58777525812
