"SampleID","TA","Mass","Sample.Index"
"junk1",2258.8188464518,60.1815,1
"junk2",2364.26070306704,59.9947,2
"crm",2091.32236590917,60.1506,3
