"SampleID","TA","Mass","Sample.Index"
"junk1",2222.14481043658,60.2217,1
"junk2",2221.2714667681,60.3665,2
"junk3",2215.35977842036,60.2303,3
"crm",2208.56176074779,60.1014,4
