SampleID,TA,Mass,Sample.Index
Junk1,2403.573099,59.9889,1
Junk2.2,2357.757902,60.2503,2
Junk3.2,2374.511324,60.3625,3
CRM_2,2221.7583,60.2684,4
