"SampleID","TA","Mass","Sample.Index"
"junk",2315.74221663725,60.0278,1
"CRM",2218.47418840536,60.3213,2
