SampleID,TA,Mass,Sample.Index
Junk1,2147.819593,60.3466,1
Junk2,2470.837732,60.2012,2
Junk3,2366.639718,60.1908,3
CRM2,2239.661404,60.0943,4
