SampleID,TA,Mass,Sample.Index,,
CRM1,2283.768923,59.7783,1,,
CRM2,2258.73019,59.6412,2,,2207
CRM3,2089.861887,67.1835,3,,
CRM4,2282.61408,60.9532,4,,
CRM5,2241.971986,61.9062,5,,
