"SampleID","TA","Mass","Sample.Index"
"junk1",2239.30849702152,60.1167,1
"junk2",2244.34590344607,60.121,2
"junk3",2258.92723131488,60.212,3
"CRM",2211.89630770888,60.2743,4
