"SampleID","TA","Mass","Sample.Index","TA_evap"
"junk",2420.9114604946,59.6287,1,2420.9114604946
"CRM",2240.1143773029,60.4203,2,2238.83504299262
