"SampleID","TA","Mass","Sample.Index"
"Junk",2302.40962081189,59.9722,1
"CRM",2219.4055706963,59.991,2
