"SampleID","TA","Mass","Sample.Index"
"junk1",2298.59716092905,60.2879,1
"junk2",2288.66416695879,60.21,2
"junk3",2296.55128630122,60.1831,3
"crm",2204.31656065918,60.1517,4
