"SampleID","TA","Mass","Sample.Index","TA_evap"
"junk1",2335.00527424545,59.9362,1,2335.00527424545
"junk2",2333.68755616884,60.2159,2,2332.35478200769
"junk3",2335.34122535838,60.1713,3,2332.67531071756
"crm",2250.79045167291,59.7494,4,2246.93855700377
