"SampleID","TA","Mass","Sample.Index"
"junk1",2221.44187420683,60.2399,1
"junk2",2288.16521740827,59.8406,2
"CRM",2209.36173169182,59.968,3
