"SampleID","TA","Mass","Sample.Index"
"junk1",1993.66063987812,60.2705,1
"junk2",1972.62020060064,59.7573,2
"crm",2230.18801681576,60.039,3
