"SampleID","TA","Mass","Sample.Index"
"junk1",2223.75004238784,60.2144,1
"junk2",2218.36013990577,60.1111,2
"junk3",2216.44345715063,60.0763,3
"crm",2200.14634933166,60.4799,4
