"SampleID","TA","Mass","Sample.Index"
"junk1",2255.75927971141,59.767,1
"junk2",2247.66940018163,59.7974,2
"junk3",2284.80310331661,60.0461,3
"crm",2231.17683410509,59.8008,4
