"SampleID","TA","Mass","Sample.Index"
"junk1",2293.84885217531,60.0707,1
"junk2",2281.23232163224,60.0424,2
"junk3",2265.77909241659,60.013,3
"crm",2161.31535851683,60.1671,4
