Task,T1948
Scope 1/1, Sample 1/32 (junk1)
Result,TitrationEP1
V,t,E,T,dV/dt,E acc. stat.,Volume acc. stat.
0.0000,0,-67.7,21.5,NaN,,
0.0010,1,-67.7,21.5,0.0010,,
0.0025,2,-67.8,21.5,0.0015,,
0.0050,3,-67.7,21.5,0.0025,,
0.0085,4,-67.7,21.5,0.0030,,
0.0150,5,-67.6,21.5,0.0060,,
0.0230,6,-67.5,21.5,0.0075,,
0.0315,7,-67.0,21.5,0.0085,,
0.0390,8,-66.2,21.5,0.0075,,
0.0475,9,-65.4,21.5,0.0075,,
0.0560,10,-64.5,21.5,0.0075,,
0.0645,11,-63.4,21.5,0.0075,,
0.0725,12,-62.3,21.5,0.0075,,
0.0810,13,-61.2,21.5,0.0085,,
0.0885,14,-59.9,21.5,0.0075,,
0.0970,15,-58.7,21.5,0.0075,,
0.1055,16,-57.2,21.5,0.0075,,
0.1140,17,-55.7,21.5,0.0075,,
0.1225,18,-54.2,21.5,0.0075,,
0.1310,19,-52.7,21.5,0.0085,,
0.1385,20,-51.2,21.5,0.0075,,
0.1470,21,-49.3,21.5,0.0075,,
0.1550,22,-47.4,21.5,0.0075,,
0.1635,23,-45.6,21.5,0.0075,,
0.1720,24,-43.5,21.5,0.0075,,
0.1795,25,-41.4,21.5,0.0075,,
0.1880,26,-39.0,21.5,0.0085,,
0.1965,27,-36.6,21.5,0.0075,,
0.2050,28,-34.1,21.5,0.0075,,
0.2135,29,-31.4,21.5,0.0075,,
0.2215,30,-28.6,21.5,0.0075,,
0.2295,31,-26.1,21.5,0.0080,,
0.2375,32,-23.4,21.5,0.0080,,
0.2460,33,-20.7,21.5,0.0075,,
0.2545,34,-17.9,21.5,0.0075,,
0.2630,35,-15.5,21.5,0.0075,,
0.2715,36,-13.3,21.5,0.0075,,
0.2790,37,-11.5,21.5,0.0075,,
0.2875,38,-9.5,21.5,0.0085,,
0.2960,39,-7.5,21.5,0.0075,,
0.3040,40,-6.0,21.5,0.0075,,
0.3125,41,-4.3,21.5,0.0075,,
0.3210,42,-2.7,21.5,0.0075,,
0.3285,43,-1.5,21.5,0.0075,,
0.3370,44,-0.1,21.5,0.0075,,
0.3455,45,0.9,21.5,0.0075,,
0.3540,46,2.2,21.5,0.0075,,
0.3625,47,3.5,21.5,0.0075,,
0.3705,48,4.6,21.5,0.0080,,
0.3785,49,5.6,21.5,0.0080,,
0.3865,50,6.6,21.5,0.0075,,
0.3950,51,7.8,21.5,0.0075,,
0.4035,52,8.9,21.5,0.0075,,
0.4120,53,9.8,21.5,0.0075,,
0.4195,54,10.7,21.5,0.0075,,
0.4280,55,11.7,21.5,0.0085,,
0.4365,56,12.7,21.5,0.0075,,
0.4450,57,13.7,21.5,0.0075,,
0.4530,58,14.7,21.5,0.0075,,
0.4615,59,15.7,21.5,0.0075,,
0.4690,60,16.6,21.5,0.0075,,
0.4775,61,17.6,21.5,0.0085,,
0.4860,62,18.4,21.5,0.0075,,
0.4945,63,19.3,21.5,0.0075,,
0.5030,64,20.4,21.5,0.0075,,
0.5115,65,21.1,21.5,0.0085,,
0.5190,66,22.1,21.5,0.0075,,
0.5275,67,22.9,21.5,0.0075,,
0.5355,68,23.8,21.5,0.0075,,
0.5440,69,24.8,21.5,0.0075,,
0.5525,70,25.5,21.5,0.0075,,
0.5610,71,26.4,21.5,0.0085,,
0.5685,72,27.2,21.5,0.0075,,
0.5770,73,28.1,21.5,0.0075,,
0.5855,74,29.0,21.5,0.0075,,
0.5940,75,29.8,21.5,0.0075,,
0.6020,76,30.7,21.5,0.0075,,
0.6100,77,31.4,21.5,0.0080,,
0.6180,78,32.4,21.5,0.0080,,
0.6265,79,33.3,21.5,0.0075,,
0.6350,80,34.0,21.5,0.0075,,
0.6435,81,34.9,21.5,0.0075,,
0.6520,82,35.9,21.5,0.0075,,
0.6595,83,36.7,21.5,0.0075,,
0.6680,84,37.6,21.5,0.0085,,
0.6765,85,38.4,21.5,0.0075,,
0.6845,86,39.3,21.5,0.0075,,
0.6930,87,40.2,21.5,0.0075,,
0.7015,88,40.9,21.5,0.0075,,
0.7090,89,41.7,21.5,0.0075,,
0.7175,90,42.6,21.5,0.0085,,
0.7260,91,43.6,21.5,0.0075,,
0.7345,92,44.4,21.5,0.0075,,
0.7430,93,45.3,21.5,0.0075,,
0.7510,94,46.1,21.5,0.0080,,
0.7590,95,47.1,21.5,0.0080,,
0.7675,96,48.2,21.5,0.0075,,
0.7755,97,49.1,21.5,0.0075,,
0.7840,98,50.0,21.5,0.0075,,
0.7925,99,51.0,21.5,0.0075,,
0.8000,100,51.7,21.5,0.0075,,
0.8085,101,52.6,21.5,0.0085,,
0.8170,102,53.4,21.5,0.0075,,
0.8255,103,54.5,21.5,0.0075,,
0.8340,104,55.5,21.5,0.0075,,
0.8420,105,56.4,21.5,0.0075,,
0.8500,106,57.3,21.5,0.0080,,
0.8580,107,58.1,21.5,0.0080,,
0.8665,108,59.1,21.5,0.0075,,
0.8750,109,60.0,21.5,0.0075,,
0.8835,110,60.8,21.5,0.0075,,
0.8920,111,61.7,21.5,0.0085,,
0.8995,112,62.5,21.5,0.0075,,
0.9080,113,63.6,21.5,0.0075,,
0.9165,114,64.5,21.5,0.0075,,
0.9245,115,65.3,21.5,0.0075,,
0.9330,116,66.4,21.5,0.0075,,
0.9405,117,67.1,21.5,0.0075,,
0.9490,118,68.3,21.5,0.0085,,
0.9575,119,69.1,21.5,0.0075,,
0.9660,120,70.2,21.5,0.0075,,
0.9745,121,71.3,21.5,0.0075,,
0.9830,122,72.2,21.5,0.0075,,
0.9905,123,73.1,21.5,0.0075,,
0.9990,124,74.0,21.5,0.0085,,
1.0070,125,75.0,21.5,0.0075,,
1.0155,126,76.1,21.5,0.0075,,
1.0240,127,77.0,21.5,0.0075,,
1.0325,128,78.0,21.5,0.0075,,
1.0400,129,78.9,21.5,0.0075,,
1.0485,130,80.1,21.5,0.0085,,
1.0570,131,81.3,21.5,0.0075,,
1.0655,132,82.3,21.5,0.0075,,
1.0735,133,83.4,21.5,0.0075,,
1.0820,134,84.5,21.5,0.0075,,
1.0895,135,85.5,21.5,0.0075,,
1.0980,136,86.8,21.5,0.0085,,
1.1065,137,87.8,21.5,0.0075,,
1.1150,138,89.0,21.5,0.0075,,
1.1235,139,90.4,21.5,0.0075,,
1.1315,140,91.5,21.5,0.0075,,
1.1395,141,92.7,21.5,0.0080,,
1.1475,142,93.8,21.5,0.0080,,
1.1560,143,95.3,21.5,0.0075,,
1.1645,144,96.6,21.5,0.0075,,
1.1730,145,97.9,21.5,0.0075,,
1.1815,146,99.6,21.5,0.0075,,
1.1890,147,100.9,21.5,0.0075,,
1.1975,148,102.6,21.5,0.0085,,
1.2060,149,104.2,21.5,0.0075,,
1.2140,150,105.8,21.5,0.0075,,
1.2225,151,107.6,21.5,0.0075,,
1.2310,152,109.3,21.5,0.0085,,
1.2385,153,111.4,21.5,0.0075,,
1.2470,154,113.5,21.5,0.0075,,
1.2555,155,115.7,21.5,0.0075,,
1.2640,156,118.0,21.5,0.0075,,
1.2725,157,120.6,21.5,0.0075,,
1.2800,158,122.8,21.5,0.0075,,
1.2885,159,125.5,21.5,0.0085,,
1.2965,160,128.4,21.5,0.0075,,
1.3050,161,131.5,21.5,0.0075,,
1.3135,162,134.7,21.5,0.0075,,
1.3220,163,138.1,21.5,0.0075,,
1.3295,164,141.3,21.5,0.0075,,
1.3380,165,145.1,21.5,0.0085,,
1.3465,166,148.9,21.5,0.0075,,
1.3550,167,152.7,21.5,0.0075,,
1.3630,168,156.4,21.5,0.0075,,
1.3715,169,160.0,21.5,0.0075,,
1.3790,170,163.1,21.5,0.0075,,
1.3875,171,166.4,21.5,0.0085,,
1.3960,172,169.3,21.5,0.0075,,
1.4045,173,172.3,21.5,0.0075,,
1.4130,174,174.9,21.5,0.0075,,
1.4215,175,177.1,21.5,0.0075,,
1.4290,176,179.3,21.5,0.0075,,
1.4375,177,181.3,21.5,0.0075,,
1.4455,178,183.4,21.5,0.0075,,
1.4560,179,185.4,21.5,0.0080,,
1.4560,419,188.4,21.5,0.0000,,
1.4565,420,188.4,21.5,0.0005,,
1.4580,421,188.3,21.5,0.0010,,
1.4605,422,188.6,21.5,0.0020,,
1.4645,424,189.0,21.5,0.0025,,
1.4710,424,189.6,21.5,0.0130,,
1.4790,426,190.5,21.5,0.0055,,
1.4870,426,191.7,21.5,0.0200,,
1.4950,427,193.2,21.5,0.0055,,
1.5035,428,194.5,21.5,0.0060,,
1.5120,430,195.7,21.5,0.0055,,
1.5205,430,196.9,21.5,0.0170,,
1.5290,432,198.1,21.5,0.0055,,
1.5365,432,199.1,21.5,0.0185,,
1.5450,433,200.1,21.5,0.0060,,
1.5530,434,201.0,21.5,0.0055,,
1.5615,436,202.0,21.5,0.0055,,
1.5700,436,203.0,21.5,0.0170,,
1.5785,438,203.7,21.5,0.0055,,
1.5860,438,204.6,21.5,0.0185,,
1.5945,439,205.2,21.5,0.0060,,
1.6030,440,206.2,21.5,0.0060,,
1.6110,442,207.0,21.5,0.0055,,
1.6195,442,207.7,21.5,0.0170,,
1.6280,444,208.4,21.5,0.0055,,
1.6355,444,209.1,21.5,0.0185,,
1.6440,445,209.9,21.5,0.0060,,
1.6525,446,210.6,21.5,0.0060,,
1.6610,448,211.3,21.5,0.0055,,
1.6690,448,211.9,21.5,0.0160,,
1.6775,450,212.8,21.5,0.0055,,
1.6860,450,213.2,21.5,0.0210,,
1.6935,451,214.0,21.5,0.0055,,
1.7020,452,214.5,21.5,0.0060,,
1.7105,454,215.0,21.5,0.0055,,
1.7190,454,215.6,21.5,0.0170,,
1.7275,456,216.2,21.5,0.0055,,
1.7355,456,216.7,21.5,0.0200,,
1.7430,457,217.0,21.5,0.0055,,
1.7515,458,217.5,21.5,0.0060,,
1.7600,460,218.3,21.5,0.0055,,
1.7685,460,218.7,21.5,0.0170,,
1.7770,462,219.1,21.5,0.0055,,
1.7845,462,219.5,21.5,0.0185,,
1.7930,463,220.1,21.5,0.0060,,
1.8015,464,220.6,21.5,0.0060,,
1.8095,466,220.9,21.5,0.0055,,
1.8180,466,221.2,21.5,0.0170,,
1.8265,468,221.8,21.5,0.0055,,
1.8350,468,222.1,21.5,0.0210,,
1.8425,469,222.7,21.5,0.0055,,
1.8510,470,223.0,21.5,0.0060,,
1.8595,472,223.3,21.5,0.0055,,
1.8680,472,223.9,21.5,0.0170,,
1.8760,474,224.3,21.5,0.0055,,
1.8845,474,224.9,21.5,0.0210,,
1.8920,475,225.1,21.5,0.0055,,
1.9005,476,225.4,21.5,0.0060,,
1.9090,478,225.9,21.5,0.0055,,
1.9175,478,226.4,21.5,0.0170,,
1.9260,480,226.5,21.5,0.0055,,
1.9340,480,227.0,21.5,0.0160,,
1.9415,481,227.2,21.5,0.0055,,
1.9500,482,227.7,21.5,0.0060,,
1.9585,483,228.0,21.5,0.0060,,
1.9670,484,228.2,21.5,0.0055,,
1.9755,486,228.6,21.5,0.0055,,
1.9840,486,229.0,21.5,0.0170,,
1.9915,487,229.2,21.5,0.0055,,
2.0000,488,229.5,21.5,0.0060,,
2.0080,489,229.7,21.5,0.0055,,
2.0165,490,230.1,21.5,0.0055,,
2.0250,492,230.6,21.5,0.0055,,
2.0335,492,230.9,21.5,0.0170,,
2.0420,493,231.3,21.5,0.0060,,
2.0495,494,231.4,21.5,0.0055,,
2.0575,495,231.6,21.5,0.0055,,
2.0660,496,232.0,21.5,0.0055,,
2.0745,498,232.3,21.5,0.0055,,
2.0830,498,232.4,21.5,0.0170,,
2.0915,500,232.8,21.5,0.0055,,
2.0990,500,232.9,21.5,0.0185,,
2.1070,501,233.4,21.5,0.0055,,
2.1155,502,233.6,21.5,0.0060,,
2.1235,504,233.7,21.5,0.0055,,
2.1285,504,234.1,21.5,0.0100,,
2.1290,506,234.4,21.5,0.0005,,
2.1300,506,234.5,21.5,0.0025,,
2.1305,507,234.5,21.5,0.0005,,
2.1320,508,234.4,21.5,0.0010,,
2.1340,510,234.4,21.5,0.0015,,
2.1360,510,234.7,21.5,0.0040,,
2.1370,512,234.7,21.5,0.0005,,
2.1380,512,234.8,21.5,0.0025,,
2.1385,513,234.6,21.5,0.0005,,
2.1400,514,234.8,21.5,0.0010,,
2.1415,516,234.9,21.5,0.0010,,
2.1430,516,234.8,21.5,0.0030,,
2.1455,518,235.0,21.5,0.0015,,
Scope 1/1, Sample 2/32 (junk2)
Result,TitrationEP1
V,t,E,T,dV/dt,E acc. stat.,Volume acc. stat.
0.0000,0,-68.1,21.2,NaN,,
0.0005,1,-68.1,21.2,0.0005,,
0.0025,2,-68.2,21.2,0.0020,,
0.0050,3,-68.1,21.2,0.0025,,
0.0085,4,-67.9,21.2,0.0030,,
0.0150,5,-67.7,21.2,0.0060,,
0.0230,6,-67.3,21.2,0.0075,,
0.0305,7,-66.9,21.2,0.0075,,
0.0390,8,-65.9,21.2,0.0085,,
0.0475,9,-64.8,21.2,0.0085,,
0.0560,10,-63.8,21.2,0.0075,,
0.0645,11,-62.7,21.2,0.0075,,
0.0725,12,-61.4,21.2,0.0075,,
0.0805,13,-60.3,21.2,0.0080,,
0.0885,14,-58.9,21.2,0.0080,,
0.0970,15,-57.5,21.2,0.0085,,
0.1055,16,-55.9,21.2,0.0075,,
0.1140,17,-54.3,21.2,0.0075,,
0.1225,18,-52.8,21.2,0.0075,,
0.1300,19,-51.2,21.2,0.0075,,
0.1385,20,-49.4,21.2,0.0085,,
0.1465,21,-47.3,21.2,0.0080,,
0.1550,22,-45.3,21.2,0.0075,,
0.1635,23,-43.2,21.2,0.0075,,
0.1720,24,-40.9,21.2,0.0075,,
0.1795,25,-38.8,21.2,0.0075,,
0.1880,26,-36.2,21.2,0.0085,,
0.1965,27,-33.4,21.2,0.0085,,
0.2050,28,-30.8,21.2,0.0075,,
0.2130,29,-27.7,21.2,0.0075,,
0.2215,30,-24.7,21.2,0.0075,,
0.2300,31,-22.0,21.2,0.0085,,
0.2375,32,-19.1,21.2,0.0075,,
0.2460,33,-16.4,21.2,0.0085,,
0.2545,34,-13.8,21.2,0.0075,,
0.2630,35,-11.3,21.2,0.0075,,
0.2710,36,-9.1,21.2,0.0075,,
0.2795,37,-7.3,21.2,0.0085,,
0.2870,38,-5.4,21.2,0.0075,,
0.2955,39,-3.5,21.2,0.0085,,
0.3040,40,-1.9,21.2,0.0075,,
0.3125,41,-0.6,21.2,0.0075,,
0.3210,42,0.9,21.2,0.0075,,
0.3285,43,2.1,21.2,0.0075,,
0.3370,44,3.6,21.2,0.0085,,
0.3455,45,4.8,21.2,0.0085,,
0.3535,46,6.0,21.2,0.0075,,
0.3620,47,7.2,21.2,0.0075,,
0.3705,48,8.5,21.2,0.0075,,
0.3790,49,9.3,21.2,0.0085,,
0.3865,50,10.5,21.2,0.0075,,
0.3950,51,11.5,21.2,0.0085,,
0.4035,52,12.7,21.2,0.0075,,
0.4115,53,13.8,21.2,0.0075,,
0.4200,54,14.7,21.2,0.0075,,
0.4275,55,15.7,21.2,0.0075,,
0.4360,56,16.5,21.2,0.0085,,
0.4445,57,17.6,21.2,0.0085,,
0.4530,58,18.6,21.2,0.0075,,
0.4615,59,19.4,21.2,0.0075,,
0.4700,60,20.4,21.2,0.0075,,
0.4780,61,21.1,21.2,0.0080,,
0.4855,62,22.1,21.2,0.0075,,
0.4940,63,23.1,21.2,0.0085,,
0.5025,64,23.9,21.2,0.0075,,
0.5110,65,24.8,21.2,0.0075,,
0.5195,66,25.7,21.2,0.0075,,
0.5280,67,26.6,21.2,0.0075,,
0.5355,68,27.3,21.2,0.0075,,
0.5435,69,28.2,21.2,0.0080,,
0.5520,70,29.2,21.2,0.0075,,
0.5605,71,30.2,21.2,0.0075,,
0.5690,72,31.0,21.2,0.0075,,
0.5775,73,31.8,21.2,0.0075,,
0.5850,74,32.5,21.2,0.0075,,
0.5935,75,33.4,21.2,0.0085,,
0.6020,76,34.4,21.2,0.0085,,
0.6100,77,35.3,21.2,0.0075,,
0.6185,78,36.1,21.2,0.0075,,
0.6270,79,37.1,21.2,0.0075,,
0.6345,80,37.8,21.2,0.0075,,
0.6430,81,38.7,21.2,0.0085,,
0.6515,82,39.5,21.2,0.0085,,
0.6600,83,40.3,21.2,0.0075,,
0.6680,84,41.3,21.2,0.0075,,
0.6765,85,42.2,21.2,0.0075,,
0.6840,86,43.0,21.2,0.0075,,
0.6925,87,43.8,21.2,0.0085,,
0.7010,88,44.7,21.2,0.0075,,
0.7095,89,45.7,21.2,0.0075,,
0.7180,90,46.5,21.2,0.0075,,
0.7265,91,47.3,21.2,0.0075,,
0.7340,92,48.1,21.2,0.0075,,
0.7425,93,49.0,21.2,0.0085,,
0.7505,94,50.0,21.2,0.0075,,
0.7590,95,50.9,21.2,0.0075,,
0.7675,96,51.7,21.2,0.0075,,
0.7760,97,52.6,21.2,0.0075,,
0.7835,98,53.4,21.2,0.0075,,
0.7920,99,54.3,21.2,0.0085,,
0.8005,100,55.1,21.3,0.0085,,
0.8085,101,56.0,21.2,0.0075,,
0.8170,102,57.0,21.3,0.0075,,
0.8255,103,57.9,21.3,0.0075,,
0.8330,104,58.7,21.2,0.0075,,
0.8415,105,59.7,21.2,0.0085,,
0.8500,106,60.5,21.3,0.0085,,
0.8585,107,61.5,21.3,0.0075,,
0.8665,108,62.3,21.3,0.0075,,
0.8750,109,63.1,21.3,0.0075,,
0.8825,110,64.0,21.3,0.0075,,
0.8910,111,64.9,21.3,0.0085,,
0.8995,112,66.0,21.3,0.0085,,
0.9080,113,66.9,21.2,0.0075,,
0.9165,114,67.8,21.3,0.0075,,
0.9250,115,68.9,21.2,0.0075,,
0.9325,116,69.6,21.3,0.0075,,
0.9410,117,70.6,21.3,0.0085,,
0.9490,118,71.7,21.2,0.0080,,
0.9575,119,72.4,21.3,0.0075,,
0.9660,120,73.4,21.3,0.0075,,
0.9745,121,74.4,21.3,0.0075,,
0.9820,122,75.2,21.3,0.0075,,
0.9905,123,76.3,21.2,0.0085,,
0.9990,124,77.2,21.3,0.0085,,
1.0070,125,78.4,21.3,0.0075,,
1.0155,126,79.4,21.3,0.0075,,
1.0240,127,80.4,21.3,0.0075,,
1.0325,128,81.4,21.3,0.0085,,
1.0400,129,82.3,21.3,0.0070,,
1.0485,130,83.4,21.3,0.0085,,
1.0570,131,84.4,21.3,0.0075,,
1.0650,132,85.3,21.3,0.0075,,
1.0735,133,86.4,21.3,0.0075,,
1.0820,134,87.8,21.3,0.0075,,
1.0895,135,88.9,21.3,0.0075,,
1.0980,136,90.2,21.3,0.0085,,
1.1065,137,91.3,21.3,0.0085,,
1.1150,138,92.5,21.3,0.0075,,
1.1230,139,93.8,21.3,0.0075,,
1.1315,140,95.0,21.3,0.0075,,
1.1390,141,96.4,21.3,0.0075,,
1.1475,142,97.5,21.3,0.0085,,
1.1560,143,98.7,21.3,0.0085,,
1.1645,144,100.3,21.3,0.0075,,
1.1730,145,102.0,21.3,0.0075,,
1.1810,146,103.3,21.3,0.0075,,
1.1890,147,104.8,21.3,0.0080,,
1.1970,148,106.3,21.3,0.0080,,
1.2055,149,108.3,21.3,0.0085,,
1.2140,150,110.1,21.3,0.0075,,
1.2225,151,111.9,21.3,0.0075,,
1.2310,152,113.9,21.3,0.0075,,
1.2385,153,115.8,21.3,0.0075,,
1.2470,154,118.0,21.3,0.0085,,
1.2555,155,120.3,21.3,0.0085,,
1.2635,156,122.7,21.3,0.0075,,
1.2720,157,125.2,21.3,0.0075,,
1.2805,158,128.1,21.3,0.0075,,
1.2880,159,130.8,21.3,0.0075,,
1.2965,160,133.8,21.3,0.0085,,
1.3050,161,136.7,21.3,0.0085,,
1.3135,162,140.1,21.3,0.0075,,
1.3215,163,143.7,21.3,0.0075,,
1.3300,164,147.0,21.3,0.0075,,
1.3385,165,150.7,21.3,0.0075,,
1.3460,166,153.7,21.3,0.0075,,
1.3545,167,157.6,21.3,0.0085,,
1.3630,168,161.3,21.3,0.0075,,
1.3715,169,164.4,21.3,0.0075,,
1.3800,170,167.7,21.3,0.0075,,
1.3880,171,170.2,21.3,0.0080,,
1.3955,172,173.0,21.3,0.0075,,
1.4040,173,175.5,21.3,0.0085,,
1.4125,174,177.7,21.3,0.0075,,
1.4210,175,180.1,21.3,0.0075,,
1.4295,176,182.1,21.3,0.0075,,
1.4380,177,183.8,21.3,0.0085,,
1.4455,178,185.0,21.3,0.0075,,
1.4455,418,188.1,21.3,0.0000,,
1.4460,419,188.1,21.3,0.0005,,
1.4475,420,188.0,21.3,0.0015,,
1.4500,421,188.3,21.3,0.0025,,
1.4540,422,188.8,21.3,0.0035,,
1.4605,423,189.5,21.3,0.0055,,
1.4685,424,190.5,21.3,0.0065,,
1.4760,425,191.8,21.3,0.0070,,
1.4845,426,193.2,21.3,0.0075,,
1.4930,427,194.5,21.3,0.0075,,
1.5015,428,195.7,21.3,0.0070,,
1.5100,429,196.9,21.3,0.0070,,
1.5185,430,198.1,21.3,0.0070,,
1.5260,431,199.0,21.3,0.0070,,
1.5345,432,200.1,21.3,0.0075,,
1.5425,433,201.1,21.3,0.0075,,
1.5510,434,202.0,21.3,0.0070,,
1.5595,435,203.0,21.3,0.0070,,
1.5680,436,203.9,21.3,0.0070,,
1.5755,437,204.7,21.3,0.0070,,
1.5840,438,205.3,21.3,0.0075,,
1.5925,439,206.1,21.3,0.0075,,
1.6005,440,207.0,21.3,0.0065,,
1.6090,441,207.8,21.3,0.0070,,
1.6175,442,208.6,21.3,0.0070,,
1.6250,443,209.2,21.3,0.0070,,
1.6335,444,209.8,21.3,0.0075,,
1.6420,445,210.6,21.3,0.0075,,
1.6505,446,211.2,21.3,0.0070,,
1.6585,447,211.8,21.3,0.0065,,
1.6670,448,212.6,21.3,0.0070,,
1.6755,449,213.2,21.3,0.0075,,
1.6830,450,213.9,21.3,0.0070,,
1.6915,451,214.5,21.3,0.0075,,
1.7000,452,215.0,21.3,0.0070,,
1.7085,453,215.6,21.3,0.0070,,
1.7170,454,216.1,21.3,0.0070,,
1.7250,455,216.7,21.3,0.0075,,
1.7330,456,217.1,21.3,0.0075,,
1.7410,457,217.6,21.3,0.0075,,
1.7495,458,218.2,21.3,0.0070,,
1.7580,459,218.7,21.3,0.0070,,
1.7665,460,219.1,21.3,0.0070,,
1.7750,461,219.6,21.3,0.0075,,
1.7825,462,220.0,21.3,0.0070,,
1.7910,463,220.6,21.3,0.0075,,
1.7990,464,221.1,21.3,0.0065,,
1.8075,465,221.5,21.3,0.0070,,
1.8160,466,221.9,21.3,0.0070,,
1.8245,467,222.4,21.3,0.0070,,
1.8320,468,222.8,21.3,0.0070,,
1.8405,469,223.2,21.3,0.0075,,
1.8490,470,223.5,21.3,0.0075,,
1.8570,471,223.8,21.3,0.0065,,
1.8655,472,224.4,21.3,0.0070,,
1.8740,473,224.7,21.3,0.0070,,
1.8815,474,225.1,21.3,0.0070,,
1.8900,475,225.4,21.3,0.0075,,
1.8985,476,225.8,21.3,0.0075,,
1.9070,477,226.3,21.3,0.0070,,
1.9155,478,226.5,21.3,0.0070,,
1.9235,479,226.9,21.3,0.0065,,
1.9315,480,227.3,21.3,0.0075,,
1.9395,481,227.7,21.3,0.0075,,
1.9480,482,228.1,21.3,0.0075,,
1.9565,483,228.3,21.3,0.0070,,
1.9650,484,228.6,21.3,0.0070,,
1.9735,485,229.0,21.3,0.0070,,
1.9810,486,229.4,21.3,0.0070,,
1.9895,487,229.7,21.3,0.0075,,
1.9975,488,229.8,21.3,0.0075,,
2.0060,489,230.2,21.3,0.0070,,
2.0145,490,230.6,21.3,0.0070,,
2.0230,491,230.8,21.3,0.0070,,
2.0305,492,231.1,21.3,0.0070,,
2.0390,493,231.2,21.3,0.0075,,
2.0475,494,231.6,21.3,0.0070,,
2.0560,495,232.1,21.3,0.0070,,
2.0640,496,232.2,21.3,0.0065,,
2.0725,497,232.5,21.3,0.0070,,
2.0800,498,232.8,21.3,0.0070,,
2.0885,499,233.1,21.3,0.0075,,
2.0970,500,233.4,21.3,0.0075,,
2.1050,501,233.5,21.3,0.0065,,
2.1130,502,233.7,21.3,0.0065,,
2.1195,503,234.1,21.3,0.0055,,
2.1200,504,234.2,21.3,0.0005,,
2.1205,505,234.3,21.3,0.0005,,
2.1220,506,234.3,21.3,0.0015,,
2.1235,507,234.3,21.3,0.0010,,
2.1255,508,234.5,21.3,0.0015,,
2.1285,509,234.5,21.3,0.0025,,
2.1305,510,234.6,21.3,0.0020,,
2.1315,511,234.5,21.3,0.0010,,
2.1325,512,234.6,21.3,0.0010,,
2.1340,513,234.8,21.3,0.0010,,
2.1365,514,234.8,21.3,0.0020,,
2.1395,515,234.8,21.3,0.0025,,
2.1410,516,235.1,21.3,0.0025,,
Scope 1/1, Sample 3/32 (S1)
Result,TitrationEP1
V,t,E,T,dV/dt,E acc. stat.,Volume acc. stat.
0.0000,0,-60.9,20.5,NaN,,
0.0010,1,-60.8,20.5,0.0010,,
0.0025,2,-60.7,20.5,0.0015,,
0.0050,3,-60.9,20.5,0.0020,,
0.0085,4,-60.6,20.5,0.0030,,
0.0150,5,-60.4,20.5,0.0060,,
0.0230,6,-59.9,20.5,0.0075,,
0.0315,7,-59.1,20.5,0.0075,,
0.0400,8,-58.2,20.5,0.0075,,
0.0485,9,-56.8,20.5,0.0075,,
0.0560,10,-55.6,20.5,0.0070,,
0.0645,11,-54.0,20.5,0.0075,,
0.0725,12,-52.4,20.5,0.0075,,
0.0810,13,-50.8,20.5,0.0075,,
0.0895,14,-49.0,20.5,0.0075,,
0.0980,15,-47.0,20.5,0.0075,,
0.1055,16,-45.2,20.5,0.0070,,
0.1140,17,-43.1,20.5,0.0075,,
0.1225,18,-40.9,20.5,0.0075,,
0.1305,19,-38.4,20.5,0.0075,,
0.1390,20,-35.7,20.5,0.0075,,
0.1475,21,-33.1,20.5,0.0075,,
0.1550,22,-30.4,20.5,0.0070,,
0.1635,23,-27.5,20.5,0.0075,,
0.1720,24,-24.3,20.5,0.0075,,
0.1805,25,-21.3,20.5,0.0075,,
0.1890,26,-18.3,20.5,0.0075,,
0.1970,27,-15.6,20.5,0.0075,,
0.2045,28,-13.3,20.5,0.0070,,
0.2130,29,-10.9,20.5,0.0075,,
0.2215,30,-8.7,20.5,0.0075,,
0.2300,31,-6.9,20.5,0.0075,,
0.2385,32,-5.1,20.5,0.0075,,
0.2470,33,-3.3,20.5,0.0075,,
0.2545,34,-1.9,20.5,0.0070,,
0.2630,35,-0.3,20.5,0.0075,,
0.2710,36,1.0,20.5,0.0075,,
0.2795,37,2.4,20.5,0.0075,,
0.2880,38,3.8,20.5,0.0075,,
0.2965,39,5.1,20.5,0.0070,,
0.3040,40,6.2,20.5,0.0070,,
0.3125,41,7.3,20.5,0.0075,,
0.3210,42,8.6,20.5,0.0075,,
0.3295,43,9.8,20.5,0.0075,,
0.3380,44,10.8,20.5,0.0075,,
0.3460,45,12.0,20.5,0.0065,,
0.3535,46,12.8,20.5,0.0070,,
0.3620,47,13.9,20.5,0.0075,,
0.3705,48,15.0,20.5,0.0075,,
0.3790,49,16.0,20.5,0.0075,,
0.3875,50,17.0,20.5,0.0075,,
0.3960,51,18.1,20.5,0.0070,,
0.4035,52,18.8,20.5,0.0070,,
0.4115,53,19.8,20.5,0.0075,,
0.4200,54,20.6,20.5,0.0075,,
0.4285,55,21.6,20.5,0.0075,,
0.4370,56,22.6,20.5,0.0070,,
0.4455,57,23.4,20.5,0.0075,,
0.4530,58,24.3,20.5,0.0070,,
0.4615,59,25.0,20.5,0.0075,,
0.4700,60,26.0,20.5,0.0075,,
0.4780,61,26.9,20.5,0.0075,,
0.4865,62,27.7,20.5,0.0075,,
0.4950,63,28.6,20.5,0.0075,,
0.5035,64,29.8,20.5,0.0070,,
0.5110,65,30.5,20.5,0.0070,,
0.5195,66,31.5,20.5,0.0075,,
0.5275,67,32.3,20.5,0.0075,,
0.5360,68,33.1,20.5,0.0075,,
0.5445,69,34.1,20.5,0.0075,,
0.5530,70,35.0,20.5,0.0070,,
0.5605,71,35.8,20.5,0.0070,,
0.5690,72,36.5,20.5,0.0075,,
0.5775,73,37.4,20.5,0.0075,,
0.5860,74,38.5,20.5,0.0075,,
0.5940,75,39.3,20.5,0.0075,,
0.6025,76,40.0,20.5,0.0070,,
0.6100,77,40.8,20.5,0.0070,,
0.6185,78,41.7,20.5,0.0075,,
0.6270,79,42.6,20.5,0.0075,,
0.6355,80,43.4,20.5,0.0075,,
0.6440,81,44.2,20.5,0.0075,,
0.6520,82,45.1,20.5,0.0065,,
0.6600,83,45.9,20.5,0.0075,,
0.6680,84,46.8,20.5,0.0075,,
0.6765,85,47.6,20.5,0.0075,,
0.6850,86,48.4,20.5,0.0075,,
0.6935,87,49.4,20.5,0.0075,,
0.7020,88,50.2,20.5,0.0070,,
0.7095,89,51.0,20.5,0.0070,,
0.7180,90,51.8,20.5,0.0075,,
0.7265,91,52.7,20.5,0.0075,,
0.7345,92,53.7,20.5,0.0075,,
0.7430,93,54.5,20.5,0.0075,,
0.7515,94,55.4,20.5,0.0075,,
0.7590,95,56.1,20.5,0.0070,,
0.7675,96,57.1,20.5,0.0075,,
0.7760,97,58.1,20.5,0.0075,,
0.7845,98,58.9,20.5,0.0075,,
0.7930,99,59.8,20.5,0.0075,,
0.8010,100,60.6,20.5,0.0075,,
0.8090,101,61.5,20.5,0.0075,,
0.8170,102,62.4,20.5,0.0075,,
0.8255,103,63.2,20.5,0.0075,,
0.8340,104,64.2,20.5,0.0075,,
0.8425,105,65.2,20.5,0.0075,,
0.8510,106,66.0,20.5,0.0075,,
0.8585,107,67.0,20.5,0.0070,,
0.8670,108,67.9,20.5,0.0075,,
0.8750,109,68.7,20.5,0.0075,,
0.8835,110,69.8,20.5,0.0075,,
0.8920,111,70.7,20.5,0.0075,,
0.9005,112,71.4,20.5,0.0075,,
0.9080,113,72.2,20.5,0.0070,,
0.9165,114,73.2,20.5,0.0075,,
0.9250,115,74.4,20.5,0.0075,,
0.9330,116,75.3,20.5,0.0075,,
0.9415,117,76.1,20.5,0.0075,,
0.9500,118,77.2,20.5,0.0075,,
0.9575,119,78.1,20.5,0.0070,,
0.9660,120,79.4,20.5,0.0075,,
0.9745,121,80.4,20.5,0.0075,,
0.9830,122,81.3,20.5,0.0075,,
0.9910,123,82.5,20.5,0.0075,,
0.9995,124,83.7,20.5,0.0075,,
1.0070,125,84.6,20.5,0.0070,,
1.0155,126,85.8,20.5,0.0075,,
1.0240,127,86.7,20.5,0.0075,,
1.0325,128,88.0,20.5,0.0075,,
1.0410,129,89.2,20.5,0.0075,,
1.0495,130,90.2,20.5,0.0075,,
1.0570,131,91.5,20.5,0.0070,,
1.0650,132,92.6,20.5,0.0075,,
1.0735,133,93.8,20.5,0.0075,,
1.0820,134,95.2,20.5,0.0075,,
1.0905,135,96.4,20.5,0.0075,,
1.0990,136,97.8,20.5,0.0075,,
1.1075,137,99.0,20.5,0.0075,,
1.1150,138,100.6,20.5,0.0070,,
1.1235,139,102.1,20.5,0.0075,,
1.1315,140,103.7,20.5,0.0075,,
1.1400,141,105.3,20.5,0.0075,,
1.1485,142,107.0,20.5,0.0075,,
1.1570,143,108.5,20.5,0.0075,,
1.1645,144,110.3,20.5,0.0070,,
1.1730,145,112.2,20.5,0.0075,,
1.1815,146,114.1,20.5,0.0075,,
1.1895,147,116.3,20.5,0.0075,,
1.1980,148,118.4,20.5,0.0075,,
1.2065,149,120.6,20.5,0.0075,,
1.2140,150,122.8,20.5,0.0070,,
1.2225,151,125.2,20.5,0.0075,,
1.2310,152,127.8,20.5,0.0075,,
1.2395,153,130.7,20.5,0.0075,,
1.2475,154,133.7,20.5,0.0075,,
1.2560,155,137.1,20.5,0.0070,,
1.2635,156,140.1,20.5,0.0070,,
1.2720,157,143.6,20.5,0.0075,,
1.2805,158,147.2,20.5,0.0075,,
1.2890,159,150.6,20.5,0.0075,,
1.2975,160,154.1,20.6,0.0075,,
1.3060,161,157.5,20.6,0.0075,,
1.3135,162,160.9,20.6,0.0070,,
1.3220,163,164.2,20.6,0.0075,,
1.3300,164,167.1,20.6,0.0075,,
1.3385,165,170.2,20.6,0.0075,,
1.3470,166,173.0,20.6,0.0075,,
1.3555,167,175.3,20.6,0.0075,,
1.3630,168,177.5,20.6,0.0070,,
1.3715,169,179.7,20.6,0.0075,,
1.3800,170,181.8,20.6,0.0075,,
1.3885,171,183.6,20.6,0.0075,,
1.3960,172,185.1,20.6,0.0075,,
1.3960,412,187.9,20.6,0.0000,,
1.3965,413,187.7,20.6,0.0005,,
1.3980,414,187.8,20.6,0.0015,,
1.4005,415,188.1,20.6,0.0025,,
1.4045,416,188.5,20.6,0.0035,,
1.4105,417,189.1,20.6,0.0050,,
1.4185,418,190.4,20.6,0.0065,,
1.4265,419,191.6,20.6,0.0075,,
1.4345,420,193.0,20.6,0.0075,,
1.4430,421,194.1,20.6,0.0075,,
1.4515,422,195.2,20.6,0.0070,,
1.4600,423,196.5,20.6,0.0070,,
1.4685,424,197.7,20.6,0.0070,,
1.4760,425,198.6,20.6,0.0070,,
1.4845,426,199.7,20.6,0.0075,,
1.4925,427,200.6,20.6,0.0075,,
1.5010,428,201.7,20.6,0.0070,,
1.5095,429,202.6,20.6,0.0070,,
1.5180,430,203.3,20.6,0.0070,,
1.5255,431,204.1,20.6,0.0070,,
1.5340,432,204.9,20.6,0.0075,,
1.5425,433,205.8,20.6,0.0075,,
1.5505,434,206.6,20.6,0.0065,,
1.5590,435,207.3,20.6,0.0070,,
1.5675,436,208.1,20.6,0.0070,,
1.5750,437,208.6,20.6,0.0070,,
1.5835,438,209.6,20.6,0.0075,,
1.5920,439,210.3,20.6,0.0075,,
1.6005,440,210.9,20.6,0.0075,,
1.6085,441,211.5,20.6,0.0065,,
1.6170,442,212.3,20.6,0.0070,,
1.6255,443,212.8,20.6,0.0070,,
1.6330,444,213.4,20.6,0.0070,,
1.6415,445,213.9,20.6,0.0075,,
1.6500,446,214.4,20.6,0.0075,,
1.6585,447,215.2,20.6,0.0070,,
1.6665,448,215.5,20.6,0.0065,,
1.6750,449,216.0,20.6,0.0070,,
1.6825,450,216.4,20.6,0.0070,,
1.6910,451,217.0,20.6,0.0075,,
1.6995,452,217.6,20.6,0.0075,,
1.7080,453,218.0,20.7,0.0070,,
1.7165,454,218.5,20.6,0.0070,,
1.7250,455,219.1,20.7,0.0070,,
1.7325,456,219.4,20.6,0.0070,,
1.7410,457,219.9,20.6,0.0075,,
1.7490,458,220.3,20.7,0.0075,,
1.7575,459,220.8,20.6,0.0070,,
1.7660,460,221.3,20.7,0.0070,,
1.7745,461,221.7,20.7,0.0070,,
1.7820,462,222.1,20.7,0.0070,,
1.7905,463,222.4,20.7,0.0075,,
1.7990,464,222.8,20.7,0.0075,,
1.8070,465,223.4,20.7,0.0065,,
1.8155,466,223.9,20.6,0.0070,,
1.8240,467,224.1,20.7,0.0070,,
1.8325,468,224.6,20.6,0.0075,,
1.8400,469,224.9,20.6,0.0070,,
1.8485,470,225.4,20.7,0.0075,,
1.8570,471,225.7,20.7,0.0070,,
1.8650,472,226.0,20.7,0.0065,,
1.8735,473,226.4,20.7,0.0070,,
1.8820,474,226.7,20.7,0.0075,,
1.8895,475,227.1,20.7,0.0070,,
1.8980,476,227.5,20.7,0.0075,,
1.9065,477,227.7,20.7,0.0070,,
1.9150,478,228.1,20.7,0.0070,,
1.9230,479,228.5,20.7,0.0065,,
1.9315,480,228.8,20.7,0.0070,,
1.9390,481,229.1,20.7,0.0070,,
1.9475,482,229.3,20.7,0.0075,,
1.9560,483,229.8,20.7,0.0070,,
1.9645,484,230.1,20.7,0.0070,,
1.9730,485,230.3,20.7,0.0070,,
1.9815,486,230.6,20.7,0.0070,,
1.9890,487,230.9,20.7,0.0070,,
1.9970,488,231.2,20.7,0.0075,,
2.0055,489,231.6,20.7,0.0070,,
2.0140,490,231.8,20.7,0.0070,,
2.0225,491,232.1,20.7,0.0070,,
2.0310,492,232.4,20.7,0.0070,,
2.0385,493,232.6,20.7,0.0070,,
2.0470,494,232.9,20.7,0.0075,,
2.0550,495,233.1,20.7,0.0075,,
2.0635,496,233.4,20.7,0.0070,,
2.0720,497,233.8,20.7,0.0070,,
2.0800,498,234.0,20.7,0.0065,,
2.0870,499,234.3,20.7,0.0065,,
2.0925,500,234.4,20.7,0.0050,,
2.0940,501,234.6,20.7,0.0015,,
2.0945,502,234.6,20.7,0.0005,,
2.0950,503,234.7,20.7,0.0005,,
2.0960,504,234.6,20.7,0.0010,,
2.0975,505,234.6,20.7,0.0015,,
2.0990,506,234.7,20.7,0.0015,,
2.1000,507,234.8,20.7,0.0010,,
2.1015,508,234.8,20.7,0.0010,,
2.1030,509,234.8,20.7,0.0010,,
2.1040,510,234.8,20.7,0.0010,,
2.1045,511,234.7,20.7,0.0005,,
2.1055,512,234.9,20.7,0.0010,,
2.1070,513,234.8,20.7,0.0015,,
2.1085,514,235.1,20.7,0.0015,,
Scope 1/1, Sample 4/32 (S2)
Result,TitrationEP1
V,t,E,T,dV/dt,E acc. stat.,Volume acc. stat.
0.0000,0,-61.3,20.5,NaN,,
0.0010,1,-61.2,20.5,0.0010,,
0.0025,2,-61.3,20.5,0.0015,,
0.0050,3,-61.4,20.5,0.0025,,
0.0090,4,-61.2,20.5,0.0035,,
0.0150,5,-60.9,20.5,0.0055,,
0.0235,6,-60.4,20.5,0.0075,,
0.0320,7,-59.7,20.5,0.0085,,
0.0395,8,-58.8,20.5,0.0075,,
0.0480,9,-57.5,20.5,0.0085,,
0.0565,10,-56.3,20.5,0.0075,,
0.0650,11,-55.0,20.5,0.0075,,
0.0730,12,-53.3,20.5,0.0075,,
0.0815,13,-51.9,20.5,0.0085,,
0.0890,14,-50.2,20.5,0.0075,,
0.0975,15,-48.5,20.5,0.0085,,
0.1060,16,-46.6,20.5,0.0075,,
0.1145,17,-44.5,20.5,0.0075,,
0.1230,18,-42.3,20.5,0.0075,,
0.1315,19,-40.2,20.5,0.0085,,
0.1390,20,-37.8,20.5,0.0075,,
0.1470,21,-35.2,20.5,0.0080,,
0.1555,22,-32.2,20.5,0.0075,,
0.1640,23,-29.4,20.5,0.0075,,
0.1725,24,-26.5,20.5,0.0075,,
0.1810,25,-23.5,20.5,0.0075,,
0.1885,26,-21.0,20.5,0.0075,,
0.1970,27,-18.2,20.5,0.0085,,
0.2055,28,-15.7,20.5,0.0075,,
0.2135,29,-13.4,20.5,0.0075,,
0.2220,30,-11.1,20.5,0.0075,,
0.2305,31,-9.3,20.5,0.0085,,
0.2380,32,-7.4,20.5,0.0075,,
0.2465,33,-5.8,20.5,0.0085,,
0.2550,34,-4.1,20.5,0.0075,,
0.2635,35,-2.5,20.5,0.0075,,
0.2720,36,-1.1,20.5,0.0075,,
0.2800,37,0.3,20.5,0.0075,,
0.2875,38,1.5,20.5,0.0075,,
0.2960,39,2.7,20.5,0.0085,,
0.3045,40,4.2,20.5,0.0075,,
0.3130,41,5.4,20.5,0.0075,,
0.3215,42,6.4,20.5,0.0075,,
0.3295,43,7.4,20.5,0.0075,,
0.3380,44,8.4,20.5,0.0085,,
0.3455,45,9.5,20.5,0.0075,,
0.3540,46,10.6,20.5,0.0075,,
0.3625,47,11.7,20.5,0.0075,,
0.3710,48,12.6,20.5,0.0075,,
0.3795,49,13.8,20.5,0.0075,,
0.3875,50,14.6,20.5,0.0080,,
0.3955,51,15.8,20.5,0.0080,,
0.4035,52,16.6,20.5,0.0080,,
0.4120,53,17.5,20.5,0.0075,,
0.4205,54,18.5,20.5,0.0075,,
0.4290,55,19.4,20.5,0.0075,,
0.4375,56,20.3,20.5,0.0085,,
0.4450,57,21.0,20.5,0.0075,,
0.4535,58,21.9,20.5,0.0085,,
0.4620,59,22.9,20.5,0.0075,,
0.4700,60,23.8,20.5,0.0075,,
0.4785,61,24.6,20.5,0.0075,,
0.4870,62,25.6,20.5,0.0075,,
0.4945,63,26.2,20.5,0.0070,,
0.5030,64,27.2,20.5,0.0085,,
0.5115,65,28.0,20.5,0.0075,,
0.5200,66,28.9,20.5,0.0075,,
0.5280,67,29.8,20.5,0.0075,,
0.5365,68,30.6,20.5,0.0075,,
0.5440,69,31.4,20.5,0.0075,,
0.5525,70,32.2,20.5,0.0085,,
0.5610,71,33.1,20.5,0.0075,,
0.5695,72,34.1,20.5,0.0075,,
0.5780,73,35.0,20.5,0.0075,,
0.5855,74,35.7,20.5,0.0075,,
0.5940,75,36.5,20.5,0.0085,,
0.6025,76,37.5,20.5,0.0075,,
0.6105,77,38.4,20.5,0.0075,,
0.6190,78,39.1,20.5,0.0075,,
0.6275,79,39.9,20.5,0.0075,,
0.6350,80,40.7,20.5,0.0075,,
0.6435,81,41.7,20.5,0.0085,,
0.6520,82,42.5,20.5,0.0075,,
0.6605,83,43.2,20.5,0.0075,,
0.6690,84,44.3,20.5,0.0075,,
0.6770,85,45.3,20.5,0.0075,,
0.6850,86,46.1,20.5,0.0080,,
0.6930,87,47.0,20.5,0.0080,,
0.7015,88,47.8,20.5,0.0075,,
0.7100,89,48.6,20.5,0.0075,,
0.7185,90,49.6,20.5,0.0075,,
0.7270,91,50.4,20.5,0.0075,,
0.7345,92,51.2,20.5,0.0075,,
0.7430,93,52.0,20.5,0.0085,,
0.7510,94,52.9,20.5,0.0075,,
0.7595,95,53.8,20.5,0.0075,,
0.7680,96,54.6,20.5,0.0075,,
0.7765,97,55.4,20.6,0.0075,,
0.7850,98,56.2,20.5,0.0085,,
0.7925,99,57.2,20.5,0.0075,,
0.8010,100,58.2,20.6,0.0075,,
0.8090,101,59.1,20.6,0.0075,,
0.8175,102,60.0,20.5,0.0075,,
0.8260,103,61.0,20.5,0.0075,,
0.8345,104,61.9,20.6,0.0075,,
0.8420,105,62.8,20.6,0.0075,,
0.8505,106,63.6,20.6,0.0085,,
0.8590,107,64.5,20.6,0.0075,,
0.8675,108,65.6,20.6,0.0075,,
0.8755,109,66.4,20.6,0.0075,,
0.8840,110,67.3,20.6,0.0085,,
0.8915,111,68.1,20.6,0.0075,,
0.9000,112,68.9,20.6,0.0085,,
0.9085,113,70.0,20.6,0.0075,,
0.9170,114,71.0,20.6,0.0075,,
0.9250,115,71.8,20.6,0.0075,,
0.9335,116,72.7,20.6,0.0075,,
0.9410,117,73.5,20.6,0.0075,,
0.9495,118,74.7,20.6,0.0085,,
0.9580,119,75.7,20.6,0.0075,,
0.9665,120,76.5,20.6,0.0075,,
0.9750,121,77.7,20.6,0.0075,,
0.9835,122,78.8,20.6,0.0075,,
0.9910,123,79.8,20.6,0.0075,,
0.9995,124,80.8,20.6,0.0085,,
1.0075,125,81.8,20.6,0.0075,,
1.0160,126,83.1,20.6,0.0075,,
1.0245,127,84.1,20.6,0.0075,,
1.0330,128,85.1,20.6,0.0075,,
1.0405,129,86.5,20.6,0.0075,,
1.0490,130,87.6,20.6,0.0085,,
1.0575,131,88.9,20.6,0.0075,,
1.0655,132,90.2,20.6,0.0075,,
1.0740,133,91.2,20.6,0.0075,,
1.0825,134,92.4,20.6,0.0075,,
1.0900,135,93.6,20.6,0.0075,,
1.0985,136,95.2,20.6,0.0085,,
1.1070,137,96.6,20.6,0.0075,,
1.1155,138,97.7,20.6,0.0075,,
1.1240,139,99.2,20.6,0.0075,,
1.1320,140,100.6,20.6,0.0075,,
1.1405,141,102.0,20.6,0.0085,,
1.1480,142,103.5,20.6,0.0075,,
1.1565,143,105.1,20.6,0.0085,,
1.1650,144,107.0,20.6,0.0075,,
1.1735,145,108.9,20.6,0.0075,,
1.1820,146,110.9,20.6,0.0075,,
1.1900,147,113.0,20.6,0.0075,,
1.1980,148,114.9,20.6,0.0080,,
1.2060,149,117.0,20.6,0.0080,,
1.2145,150,119.4,20.6,0.0075,,
1.2230,151,121.8,20.6,0.0075,,
1.2315,152,124.5,20.6,0.0075,,
1.2400,153,127.4,20.6,0.0075,,
1.2475,154,130.1,20.6,0.0075,,
1.2560,155,133.2,20.6,0.0085,,
1.2640,156,136.5,20.6,0.0075,,
1.2725,157,139.8,20.6,0.0075,,
1.2810,158,143.5,20.6,0.0075,,
1.2895,159,147.5,20.6,0.0075,,
1.2970,160,150.6,20.6,0.0075,,
1.3055,161,154.1,20.6,0.0085,,
1.3140,162,157.8,20.6,0.0075,,
1.3225,163,161.4,20.6,0.0075,,
1.3305,164,164.6,20.6,0.0075,,
1.3390,165,167.4,20.6,0.0075,,
1.3465,166,170.1,20.6,0.0075,,
1.3550,167,172.7,20.6,0.0085,,
1.3635,168,175.1,20.6,0.0075,,
1.3720,169,177.4,20.6,0.0075,,
1.3805,170,179.6,20.6,0.0075,,
1.3885,171,181.7,20.6,0.0075,,
1.3965,172,183.3,20.6,0.0080,,
1.4065,173,185.0,20.6,0.0075,,
1.4065,413,188.3,20.7,0.0000,,
1.4070,414,188.3,20.6,0.0005,,
1.4085,415,188.2,20.6,0.0010,,
1.4110,416,188.5,20.6,0.0020,,
1.4150,417,188.9,20.6,0.0030,,
1.4215,418,189.6,20.6,0.0045,,
1.4295,419,190.6,20.7,0.0055,,
1.4375,420,191.7,20.7,0.0060,,
1.4455,421,192.8,20.7,0.0060,,
1.4540,422,194.2,20.7,0.0065,,
1.4625,423,195.3,20.7,0.0060,,
1.4710,424,196.4,20.7,0.0060,,
1.4795,425,197.7,20.7,0.0060,,
1.4870,426,198.6,20.7,0.0060,,
1.4955,427,199.7,20.7,0.0065,,
1.5035,428,200.7,20.7,0.0060,,
1.5120,429,201.6,20.7,0.0060,,
1.5205,430,202.5,20.7,0.0060,,
1.5290,431,203.3,20.7,0.0060,,
1.5365,432,204.2,20.7,0.0060,,
1.5450,433,205.0,20.7,0.0065,,
1.5535,434,205.8,20.7,0.0065,,
1.5620,435,206.8,20.7,0.0060,,
1.5700,436,207.4,20.7,0.0055,,
1.5785,437,207.9,20.7,0.0060,,
1.5870,438,208.6,20.7,0.0065,,
1.5945,439,209.3,20.7,0.0060,,
1.6030,440,210.1,20.7,0.0065,,
1.6115,441,210.7,20.7,0.0060,,
1.6200,442,211.2,20.7,0.0060,,
1.6280,443,211.9,20.7,0.0055,,
1.6365,444,212.3,20.7,0.0065,,
1.6440,445,213.1,20.7,0.0060,,
1.6525,446,213.6,20.7,0.0065,,
1.6610,447,214.1,20.7,0.0060,,
1.6695,448,214.8,20.7,0.0060,,
1.6780,449,215.4,20.7,0.0060,,
1.6855,450,215.9,20.7,0.0060,,
1.6940,451,216.3,20.7,0.0065,,
1.7025,452,216.7,20.7,0.0065,,
1.7105,453,217.4,20.7,0.0055,,
1.7190,454,218.0,20.7,0.0060,,
1.7275,455,218.3,20.7,0.0060,,
1.7360,456,218.9,20.7,0.0065,,
1.7435,457,219.2,20.7,0.0060,,
1.7520,458,219.8,20.7,0.0065,,
1.7605,459,220.2,20.7,0.0060,,
1.7685,460,220.5,20.7,0.0055,,
1.7770,461,221.1,20.7,0.0060,,
1.7855,462,221.5,20.7,0.0065,,
1.7930,463,222.0,20.7,0.0060,,
1.8015,464,222.4,20.7,0.0065,,
1.8100,465,222.7,20.7,0.0060,,
1.8185,466,223.2,20.7,0.0060,,
1.8270,467,223.6,20.7,0.0060,,
1.8350,468,224.1,20.7,0.0060,,
1.8425,469,224.3,20.7,0.0060,,
1.8510,470,224.7,20.7,0.0065,,
1.8595,471,225.1,20.7,0.0060,,
1.8680,472,225.5,20.7,0.0060,,
1.8765,473,225.8,20.7,0.0060,,
1.8850,474,226.1,20.7,0.0065,,
1.8925,475,226.4,20.7,0.0060,,
1.9010,476,227.0,20.7,0.0065,,
1.9090,477,227.2,20.7,0.0055,,
1.9175,478,227.5,20.7,0.0060,,
1.9260,479,227.9,20.7,0.0060,,
1.9345,480,228.1,20.7,0.0065,,
1.9420,481,228.5,20.7,0.0060,,
1.9505,482,228.8,20.7,0.0065,,
1.9590,483,229.1,20.7,0.0060,,
1.9675,484,229.5,20.7,0.0060,,
1.9755,485,229.8,20.7,0.0055,,
1.9840,486,230.1,20.7,0.0065,,
1.9915,487,230.2,20.7,0.0060,,
2.0000,488,230.3,20.7,0.0065,,
2.0085,489,230.8,20.7,0.0065,,
2.0170,490,231.2,20.7,0.0060,,
2.0250,491,231.4,20.7,0.0055,,
2.0335,492,231.6,20.7,0.0060,,
2.0410,493,231.8,20.7,0.0060,,
2.0495,494,232.2,20.7,0.0065,,
2.0580,495,232.7,20.7,0.0065,,
2.0665,496,232.9,20.7,0.0060,,
2.0750,497,233.1,20.7,0.0060,,
2.0830,498,233.5,20.7,0.0055,,
2.0910,499,233.7,20.7,0.0060,,
2.0990,500,233.9,20.7,0.0060,,
2.1070,501,234.0,20.7,0.0060,,
2.1125,502,234.2,20.7,0.0040,,
2.1140,503,234.4,20.7,0.0010,,
2.1145,504,234.4,20.7,0.0005,,
2.1155,505,234.7,20.7,0.0010,,
2.1165,506,234.6,20.7,0.0010,,
2.1165,507,234.5,20.7,0.0000,,
2.1170,508,234.6,20.7,0.0005,,
2.1180,509,234.6,20.7,0.0005,,
2.1190,510,234.6,20.7,0.0005,,
2.1205,511,234.6,20.7,0.0010,,
2.1230,512,234.8,20.7,0.0020,,
2.1260,513,234.9,20.7,0.0025,,
2.1290,514,234.8,20.7,0.0020,,
2.1305,515,235.1,20.7,0.0015,,
Scope 1/1, Sample 5/32 (S3)
Result,TitrationEP1
V,t,E,T,dV/dt,E acc. stat.,Volume acc. stat.
0.0000,0,-62.1,20.6,NaN,,
0.0010,1,-62.1,20.6,0.0010,,
0.0025,2,-62.1,20.6,0.0015,,
0.0050,3,-62.2,20.6,0.0025,,
0.0095,4,-61.9,20.6,0.0035,,
0.0160,5,-61.6,20.6,0.0055,,
0.0245,6,-61.1,20.6,0.0070,,
0.0320,7,-60.3,20.6,0.0070,,
0.0405,8,-59.3,20.6,0.0075,,
0.0485,9,-58.0,20.6,0.0075,,
0.0570,10,-56.6,20.6,0.0070,,
0.0655,11,-55.2,20.6,0.0070,,
0.0740,12,-53.7,20.6,0.0070,,
0.0815,13,-52.3,20.6,0.0070,,
0.0900,14,-50.4,20.6,0.0075,,
0.0985,15,-48.5,20.6,0.0075,,
0.1070,16,-46.6,20.6,0.0070,,
0.1150,17,-44.4,20.6,0.0065,,
0.1235,18,-42.5,20.6,0.0075,,
0.1310,19,-40.0,20.6,0.0070,,
0.1395,20,-37.5,20.6,0.0075,,
0.1480,21,-35.0,20.6,0.0075,,
0.1565,22,-32.1,20.6,0.0070,,
0.1650,23,-29.0,20.6,0.0070,,
0.1730,24,-25.9,20.6,0.0065,,
0.1810,25,-23.0,20.6,0.0075,,
0.1890,26,-20.1,20.6,0.0075,,
0.1975,27,-17.1,20.6,0.0075,,
0.2060,28,-14.4,20.6,0.0070,,
0.2145,29,-12.2,20.6,0.0070,,
0.2230,30,-10.0,20.6,0.0070,,
0.2305,31,-8.2,20.6,0.0070,,
0.2390,32,-5.9,20.6,0.0075,,
0.2470,33,-4.0,20.6,0.0075,,
0.2555,34,-2.6,20.6,0.0070,,
0.2640,35,-1.0,20.6,0.0070,,
0.2725,36,0.7,20.6,0.0070,,
0.2800,37,1.9,20.6,0.0070,,
0.2885,38,3.3,20.6,0.0075,,
0.2970,39,4.6,20.6,0.0075,,
0.3050,40,5.9,20.6,0.0075,,
0.3135,41,7.2,20.6,0.0070,,
0.3220,42,8.3,20.6,0.0070,,
0.3305,43,9.4,20.6,0.0075,,
0.3380,44,10.4,20.6,0.0070,,
0.3465,45,11.4,20.6,0.0075,,
0.3550,46,12.6,20.6,0.0075,,
0.3635,47,13.6,20.6,0.0070,,
0.3715,48,14.5,20.6,0.0065,,
0.3800,49,15.6,20.6,0.0070,,
0.3875,50,16.4,20.6,0.0070,,
0.3960,51,17.6,20.6,0.0075,,
0.4045,52,18.4,20.6,0.0075,,
0.4130,53,19.3,20.6,0.0070,,
0.4215,54,20.3,20.6,0.0070,,
0.4295,55,21.4,20.6,0.0065,,
0.4370,56,22.3,20.6,0.0070,,
0.4455,57,23.3,20.6,0.0075,,
0.4540,58,24.1,20.6,0.0075,,
0.4625,59,25.1,20.6,0.0070,,
0.4710,60,26.1,20.6,0.0070,,
0.4795,61,26.8,20.6,0.0070,,
0.4870,62,27.7,20.6,0.0070,,
0.4955,63,28.2,20.6,0.0075,,
0.5035,64,29.2,20.6,0.0075,,
0.5120,65,30.2,20.6,0.0070,,
0.5205,66,30.9,20.6,0.0070,,
0.5290,67,31.7,20.6,0.0070,,
0.5375,68,32.6,20.6,0.0075,,
0.5450,69,33.5,20.6,0.0070,,
0.5535,70,34.4,20.6,0.0075,,
0.5615,71,35.1,20.6,0.0065,,
0.5700,72,36.0,20.6,0.0070,,
0.5785,73,37.0,20.6,0.0070,,
0.5870,74,37.7,20.6,0.0075,,
0.5945,75,38.6,20.6,0.0070,,
0.6030,76,39.3,20.6,0.0075,,
0.6115,77,40.2,20.6,0.0070,,
0.6200,78,41.1,20.6,0.0070,,
0.6280,79,42.0,20.6,0.0065,,
0.6360,80,42.8,20.6,0.0075,,
0.6440,81,43.6,20.6,0.0075,,
0.6525,82,44.6,20.6,0.0075,,
0.6610,83,45.5,20.6,0.0070,,
0.6695,84,46.3,20.6,0.0070,,
0.6780,85,47.2,20.6,0.0070,,
0.6855,86,48.0,20.6,0.0070,,
0.6940,87,49.0,20.6,0.0075,,
0.7020,88,49.9,20.6,0.0075,,
0.7105,89,50.6,20.6,0.0070,,
0.7190,90,51.5,20.6,0.0070,,
0.7275,91,52.5,20.6,0.0070,,
0.7350,92,53.2,20.6,0.0070,,
0.7435,93,54.1,20.6,0.0075,,
0.7520,94,54.9,20.6,0.0075,,
0.7605,95,55.8,20.6,0.0070,,
0.7685,96,56.9,20.6,0.0065,,
0.7770,97,57.6,20.6,0.0070,,
0.7855,98,58.4,20.6,0.0075,,
0.7930,99,59.2,20.6,0.0070,,
0.8015,100,60.1,20.6,0.0075,,
0.8100,101,61.2,20.6,0.0070,,
0.8185,102,62.0,20.6,0.0070,,
0.8265,103,62.9,20.6,0.0065,,
0.8350,104,63.7,20.6,0.0075,,
0.8425,105,64.6,20.6,0.0070,,
0.8510,106,65.7,20.6,0.0075,,
0.8595,107,66.4,20.6,0.0070,,
0.8680,108,67.3,20.6,0.0070,,
0.8765,109,68.4,20.6,0.0070,,
0.8850,110,69.2,20.6,0.0075,,
0.8925,111,70.3,20.6,0.0070,,
0.9005,112,71.1,20.6,0.0075,,
0.9090,113,72.1,20.6,0.0075,,
0.9175,114,73.2,20.6,0.0070,,
0.9260,115,74.0,20.6,0.0070,,
0.9345,116,75.0,20.6,0.0075,,
0.9420,117,75.8,20.6,0.0070,,
0.9505,118,76.8,20.6,0.0075,,
0.9590,119,78.0,20.6,0.0075,,
0.9670,120,79.0,20.6,0.0065,,
0.9755,121,79.9,20.6,0.0070,,
0.9840,122,80.8,20.6,0.0075,,
0.9915,123,81.8,20.6,0.0070,,
1.0000,124,82.9,20.6,0.0075,,
1.0085,125,84.1,20.6,0.0075,,
1.0170,126,85.0,20.6,0.0070,,
1.0250,127,86.3,20.6,0.0065,,
1.0335,128,87.2,20.6,0.0075,,
1.0410,129,88.3,20.6,0.0070,,
1.0495,130,89.3,20.6,0.0075,,
1.0580,131,90.6,20.6,0.0075,,
1.0665,132,92.2,20.6,0.0070,,
1.0750,133,93.3,20.6,0.0070,,
1.0835,134,94.5,20.6,0.0075,,
1.0910,135,95.7,20.6,0.0070,,
1.0995,136,97.0,20.6,0.0075,,
1.1075,137,98.4,20.6,0.0065,,
1.1160,138,99.7,20.6,0.0070,,
1.1245,139,101.1,20.6,0.0070,,
1.1320,140,102.7,20.6,0.0070,,
1.1405,141,104.5,20.6,0.0075,,
1.1490,142,106.2,20.6,0.0075,,
1.1575,143,107.9,20.6,0.0075,,
1.1660,144,109.8,20.6,0.0070,,
1.1740,145,112.1,20.6,0.0065,,
1.1820,146,113.7,20.6,0.0075,,
1.1900,147,115.9,20.6,0.0075,,
1.1985,148,117.9,20.6,0.0075,,
1.2070,149,119.9,20.6,0.0070,,
1.2155,150,122.7,20.6,0.0070,,
1.2240,151,125.1,20.6,0.0070,,
1.2315,152,127.7,20.6,0.0070,,
1.2400,153,130.5,20.6,0.0075,,
1.2480,154,133.6,20.6,0.0075,,
1.2565,155,136.7,20.6,0.0070,,
1.2650,156,139.7,20.6,0.0070,,
1.2735,157,143.0,20.6,0.0070,,
1.2810,158,146.5,20.6,0.0070,,
1.2895,159,150.1,20.6,0.0075,,
1.2980,160,154.0,20.6,0.0075,,
1.3065,161,157.4,20.6,0.0075,,
1.3145,162,160.5,20.6,0.0065,,
1.3230,163,164.0,20.6,0.0070,,
1.3315,164,166.7,20.6,0.0075,,
1.3390,165,169.8,20.6,0.0070,,
1.3475,166,172.4,20.6,0.0075,,
1.3560,167,174.9,20.6,0.0075,,
1.3645,168,177.4,20.6,0.0070,,
1.3725,169,179.5,20.6,0.0065,,
1.3810,170,181.3,20.6,0.0075,,
1.3885,171,183.2,20.6,0.0060,,
1.3990,172,185.1,20.6,0.0080,,
1.3990,412,187.7,20.7,0.0000,,
1.3995,413,187.8,20.7,0.0005,,
1.4010,414,187.9,20.7,0.0010,,
1.4035,415,187.9,20.7,0.0020,,
1.4075,416,188.5,20.7,0.0025,,
1.4140,418,189.5,20.7,0.0045,,
1.4220,418,190.5,20.7,0.0160,,
1.4295,419,191.7,20.7,0.0055,,
1.4380,420,192.9,20.7,0.0060,,
1.4465,421,194.2,20.7,0.0060,,
1.4550,422,195.6,20.7,0.0055,,
1.4635,424,196.6,20.7,0.0055,,
1.4720,424,197.6,20.7,0.0170,,
1.4795,425,198.5,20.7,0.0055,,
1.4875,426,199.5,20.7,0.0055,,
1.4960,427,200.7,20.7,0.0060,,
1.5045,428,201.6,20.7,0.0055,,
1.5130,430,202.4,20.7,0.0055,,
1.5215,430,203.4,20.7,0.0170,,
1.5300,432,204.4,20.7,0.0055,,
1.5375,432,205.3,20.7,0.0185,,
1.5455,433,206.0,20.7,0.0055,,
1.5540,434,206.7,20.7,0.0060,,
1.5625,436,207.6,20.7,0.0055,,
1.5710,436,208.4,20.7,0.0170,,
1.5795,438,209.0,20.7,0.0055,,
1.5870,438,209.6,20.7,0.0185,,
1.5955,439,210.2,20.7,0.0060,,
1.6035,440,210.9,20.7,0.0055,,
1.6120,442,211.8,20.7,0.0055,,
1.6205,442,212.2,20.7,0.0170,,
1.6290,444,212.8,20.7,0.0055,,
1.6365,444,213.3,20.7,0.0185,,
1.6450,445,214.0,20.7,0.0060,,
1.6535,446,214.7,20.7,0.0060,,
1.6620,448,215.1,20.7,0.0055,,
1.6700,448,215.6,20.7,0.0160,,
1.6785,450,216.4,20.7,0.0055,,
1.6860,450,216.7,20.7,0.0185,,
1.6945,451,217.3,20.7,0.0060,,
1.7030,452,217.6,20.7,0.0060,,
1.7115,454,218.1,20.7,0.0055,,
1.7200,454,218.8,20.7,0.0170,,
1.7280,456,219.2,20.7,0.0055,,
1.7360,456,219.7,20.7,0.0200,,
1.7440,457,220.0,20.7,0.0055,,
1.7525,458,220.6,20.7,0.0060,,
1.7610,460,221.1,20.7,0.0055,,
1.7695,460,221.4,20.7,0.0170,,
1.7780,462,221.8,20.7,0.0055,,
1.7855,462,222.2,20.7,0.0185,,
1.7940,463,222.7,20.7,0.0060,,
1.8025,464,223.1,20.7,0.0060,,
1.8105,466,223.4,20.7,0.0055,,
1.8190,466,223.8,20.7,0.0170,,
1.8275,468,224.3,20.7,0.0055,,
1.8350,468,224.6,20.7,0.0185,,
1.8435,469,225.1,20.7,0.0060,,
1.8520,470,225.3,20.7,0.0060,,
1.8605,472,225.7,20.7,0.0055,,
1.8690,472,226.2,20.7,0.0170,,
1.8770,474,226.4,20.7,0.0055,,
1.8845,474,226.8,20.7,0.0185,,
1.8930,475,227.0,20.7,0.0060,,
1.9015,476,227.4,20.7,0.0060,,
1.9100,478,227.9,20.7,0.0055,,
1.9185,478,228.1,20.7,0.0170,,
1.9270,480,228.4,20.7,0.0055,,
1.9345,480,228.7,20.7,0.0185,,
1.9430,481,229.0,20.7,0.0060,,
1.9510,482,229.5,20.7,0.0055,,
1.9595,484,229.7,20.7,0.0055,,
1.9680,484,229.9,20.7,0.0170,,
1.9765,486,230.4,20.7,0.0055,,
1.9850,486,230.7,20.7,0.0170,,
1.9925,487,231.0,20.7,0.0055,,
2.0005,488,231.2,20.7,0.0055,,
2.0090,490,231.3,20.7,0.0055,,
2.0175,490,231.8,20.7,0.0170,,
2.0260,492,232.1,20.7,0.0055,,
2.0345,492,232.2,20.7,0.0170,,
2.0420,493,232.5,20.7,0.0055,,
2.0505,494,232.6,20.7,0.0060,,
2.0590,495,233.1,20.7,0.0060,,
2.0670,496,233.4,20.7,0.0055,,
2.0755,498,233.5,20.7,0.0055,,
2.0835,498,233.9,20.7,0.0160,,
2.0895,499,234.0,20.7,0.0045,,
2.0940,500,234.3,20.7,0.0030,,
2.0950,501,234.4,20.7,0.0005,,
2.0960,502,234.3,20.7,0.0005,,
2.0965,504,234.5,20.7,0.0005,,
2.0980,504,234.5,20.7,0.0030,,
2.0990,505,234.6,20.7,0.0005,,
2.1005,506,234.6,20.7,0.0010,,
2.1025,507,234.6,20.7,0.0015,,
2.1040,508,234.8,20.7,0.0010,,
2.1050,510,234.9,20.7,0.0005,,
2.1060,510,234.8,20.7,0.0020,,
2.1070,511,234.8,20.7,0.0005,,
2.1075,512,234.8,20.7,0.0005,,
2.1090,513,235.0,20.7,0.0010,,
2.1105,514,234.9,20.7,0.0010,,
2.1125,516,235.0,20.7,0.0015,,
Scope 1/1, Sample 6/32 (S4)
Result,TitrationEP1
V,t,E,T,dV/dt,E acc. stat.,Volume acc. stat.
0.0000,0,-61.6,20.5,NaN,,
0.0005,1,-61.7,20.5,0.0005,,
0.0025,2,-61.6,20.5,0.0020,,
0.0050,3,-61.7,20.5,0.0025,,
0.0090,4,-61.6,20.5,0.0035,,
0.0150,5,-61.0,20.5,0.0055,,
0.0235,6,-60.6,20.5,0.0075,,
0.0310,7,-59.7,20.5,0.0075,,
0.0395,8,-58.9,20.5,0.0085,,
0.0480,9,-57.6,20.5,0.0075,,
0.0565,10,-56.2,20.5,0.0075,,
0.0650,11,-54.7,20.5,0.0075,,
0.0730,12,-53.2,20.5,0.0075,,
0.0815,13,-51.5,20.5,0.0085,,
0.0890,14,-49.7,20.5,0.0075,,
0.0975,15,-47.6,20.5,0.0085,,
0.1060,16,-45.6,20.5,0.0075,,
0.1145,17,-43.7,20.5,0.0075,,
0.1230,18,-41.3,20.5,0.0075,,
0.1310,19,-39.2,20.5,0.0080,,
0.1390,20,-36.4,20.5,0.0080,,
0.1470,21,-33.8,20.5,0.0080,,
0.1555,22,-31.1,20.5,0.0075,,
0.1640,23,-28.0,20.5,0.0075,,
0.1725,24,-24.9,20.5,0.0075,,
0.1810,25,-21.8,20.5,0.0075,,
0.1885,26,-19.0,20.5,0.0075,,
0.1970,27,-16.3,20.5,0.0085,,
0.2050,28,-13.5,20.5,0.0075,,
0.2135,29,-11.0,20.5,0.0075,,
0.2220,30,-8.8,20.5,0.0075,,
0.2305,31,-6.8,20.5,0.0075,,
0.2380,32,-5.1,20.5,0.0075,,
0.2465,33,-3.2,20.5,0.0085,,
0.2550,34,-1.5,20.5,0.0085,,
0.2630,35,-0.1,20.5,0.0075,,
0.2715,36,1.3,20.5,0.0075,,
0.2800,37,2.9,20.5,0.0075,,
0.2875,38,4.2,20.5,0.0075,,
0.2960,39,5.6,20.5,0.0085,,
0.3045,40,6.7,20.5,0.0085,,
0.3130,41,7.9,20.5,0.0075,,
0.3215,42,9.2,20.5,0.0075,,
0.3295,43,10.2,20.5,0.0075,,
0.3375,44,11.4,20.5,0.0080,,
0.3455,45,12.1,20.5,0.0080,,
0.3540,46,13.4,20.5,0.0075,,
0.3625,47,14.7,20.5,0.0075,,
0.3710,48,15.6,20.5,0.0075,,
0.3795,49,16.6,20.5,0.0075,,
0.3870,50,17.5,20.5,0.0075,,
0.3955,51,18.6,20.5,0.0085,,
0.4040,52,19.7,20.5,0.0075,,
0.4120,53,20.4,20.5,0.0075,,
0.4205,54,21.3,20.5,0.0075,,
0.4290,55,22.5,20.5,0.0075,,
0.4365,56,23.4,20.5,0.0075,,
0.4450,57,24.3,20.5,0.0085,,
0.4535,58,25.1,20.5,0.0075,,
0.4620,59,25.9,20.5,0.0075,,
0.4700,60,27.1,20.5,0.0075,,
0.4785,61,27.9,20.5,0.0075,,
0.4860,62,28.8,20.5,0.0075,,
0.4945,63,29.5,20.5,0.0085,,
0.5030,64,30.5,20.5,0.0085,,
0.5115,65,31.6,20.5,0.0075,,
0.5200,66,32.4,20.5,0.0075,,
0.5280,67,33.1,20.5,0.0075,,
0.5365,68,34.0,20.5,0.0085,,
0.5440,69,34.9,20.5,0.0075,,
0.5525,70,35.9,20.5,0.0085,,
0.5610,71,36.6,20.5,0.0075,,
0.5695,72,37.3,20.5,0.0075,,
0.5780,73,38.3,20.5,0.0075,,
0.5860,74,39.2,20.5,0.0075,,
0.5940,75,40.1,20.5,0.0080,,
0.6020,76,40.9,20.5,0.0080,,
0.6105,77,41.5,20.5,0.0075,,
0.6190,78,42.5,20.5,0.0075,,
0.6275,79,43.4,20.5,0.0075,,
0.6360,80,44.2,20.5,0.0085,,
0.6435,81,44.9,20.5,0.0075,,
0.6520,82,45.7,20.5,0.0085,,
0.6600,83,46.6,20.5,0.0075,,
0.6685,84,47.6,20.5,0.0075,,
0.6770,85,48.2,20.5,0.0075,,
0.6855,86,49.1,20.5,0.0075,,
0.6930,87,49.9,20.5,0.0075,,
0.7015,88,50.8,20.5,0.0085,,
0.7100,89,51.6,20.5,0.0075,,
0.7185,90,52.3,20.5,0.0075,,
0.7265,91,53.3,20.5,0.0075,,
0.7350,92,54.3,20.5,0.0075,,
0.7425,93,55.0,20.5,0.0075,,
0.7510,94,55.9,20.5,0.0085,,
0.7595,95,56.6,20.5,0.0075,,
0.7680,96,57.8,20.5,0.0075,,
0.7765,97,58.7,20.5,0.0075,,
0.7850,98,59.4,20.5,0.0085,,
0.7925,99,60.2,20.5,0.0075,,
0.8010,100,60.9,20.5,0.0085,,
0.8090,101,62.0,20.5,0.0075,,
0.8175,102,63.0,20.5,0.0075,,
0.8260,103,63.7,20.5,0.0075,,
0.8345,104,64.6,20.5,0.0075,,
0.8420,105,65.3,20.5,0.0075,,
0.8505,106,66.5,20.5,0.0085,,
0.8590,107,67.5,20.5,0.0075,,
0.8670,108,68.3,20.5,0.0075,,
0.8755,109,69.4,20.5,0.0075,,
0.8840,110,70.1,20.5,0.0085,,
0.8915,111,71.2,20.5,0.0075,,
0.9000,112,72.0,20.5,0.0085,,
0.9085,113,72.8,20.5,0.0075,,
0.9170,114,74.0,20.5,0.0075,,
0.9255,115,74.9,20.5,0.0075,,
0.9335,116,75.7,20.5,0.0075,,
0.9410,117,76.8,20.5,0.0075,,
0.9495,118,77.5,20.5,0.0085,,
0.9580,119,78.7,20.5,0.0075,,
0.9665,120,79.8,20.5,0.0075,,
0.9750,121,80.5,20.5,0.0075,,
0.9835,122,81.6,20.5,0.0075,,
0.9910,123,82.4,20.5,0.0075,,
0.9995,124,83.5,20.5,0.0085,,
1.0075,125,84.6,20.5,0.0075,,
1.0160,126,85.6,20.5,0.0075,,
1.0245,127,86.9,20.5,0.0075,,
1.0330,128,88.2,20.6,0.0075,,
1.0405,129,89.2,20.6,0.0075,,
1.0490,130,90.4,20.6,0.0085,,
1.0575,131,91.4,20.6,0.0075,,
1.0655,132,92.7,20.6,0.0075,,
1.0740,133,94.0,20.6,0.0075,,
1.0825,134,95.2,20.6,0.0075,,
1.0900,135,96.5,20.6,0.0075,,
1.0985,136,97.5,20.6,0.0085,,
1.1070,137,99.0,20.6,0.0075,,
1.1155,138,100.4,20.6,0.0075,,
1.1240,139,101.8,20.6,0.0075,,
1.1320,140,103.2,20.6,0.0075,,
1.1400,141,104.4,20.6,0.0080,,
1.1480,142,106.2,20.6,0.0080,,
1.1565,143,108.0,20.6,0.0075,,
1.1650,144,109.5,20.6,0.0075,,
1.1735,145,111.4,20.6,0.0075,,
1.1820,146,113.5,20.6,0.0075,,
1.1895,147,115.3,20.6,0.0075,,
1.1980,148,117.5,20.6,0.0085,,
1.2060,149,119.5,20.6,0.0075,,
1.2145,150,121.8,20.6,0.0075,,
1.2230,151,124.4,20.6,0.0075,,
1.2315,152,126.8,20.6,0.0075,,
1.2400,153,129.2,20.6,0.0085,,
1.2475,154,132.0,20.6,0.0075,,
1.2560,155,135.3,20.6,0.0085,,
1.2640,156,138.5,20.6,0.0075,,
1.2725,157,141.7,20.6,0.0075,,
1.2810,158,145.0,20.6,0.0075,,
1.2895,159,148.2,20.6,0.0085,,
1.2970,160,151.7,20.6,0.0075,,
1.3055,161,155.3,20.6,0.0085,,
1.3140,162,158.7,20.6,0.0075,,
1.3225,163,162.0,20.6,0.0075,,
1.3305,164,165.0,20.6,0.0075,,
1.3390,165,167.8,20.6,0.0085,,
1.3465,166,170.9,20.6,0.0075,,
1.3550,167,173.4,20.6,0.0085,,
1.3635,168,175.8,20.6,0.0075,,
1.3720,169,178.2,20.6,0.0075,,
1.3805,170,180.1,20.6,0.0075,,
1.3885,171,182.0,20.6,0.0080,,
1.3965,172,183.8,20.6,0.0080,,
1.4035,173,185.1,20.6,0.0070,,
1.4035,413,187.4,20.6,0.0000,,
1.4040,414,187.5,20.6,0.0005,,
1.4055,415,187.5,20.6,0.0015,,
1.4080,416,187.7,20.6,0.0025,,
1.4120,417,188.1,20.6,0.0035,,
1.4185,418,189.2,20.6,0.0060,,
1.4265,419,190.3,20.6,0.0075,,
1.4345,420,191.6,20.6,0.0080,,
1.4425,421,192.8,20.6,0.0080,,
1.4510,422,194.1,20.6,0.0075,,
1.4595,423,195.4,20.6,0.0075,,
1.4680,424,196.6,20.6,0.0075,,
1.4765,425,197.6,20.6,0.0075,,
1.4840,426,198.7,20.6,0.0075,,
1.4925,427,199.7,20.6,0.0085,,
1.5005,428,200.9,20.6,0.0080,,
1.5090,429,201.7,20.6,0.0075,,
1.5175,430,202.5,20.6,0.0075,,
1.5260,431,203.5,20.6,0.0075,,
1.5335,432,204.3,20.6,0.0075,,
1.5420,433,205.3,20.6,0.0085,,
1.5505,434,205.9,20.6,0.0085,,
1.5585,435,206.7,20.6,0.0075,,
1.5670,436,207.6,20.6,0.0075,,
1.5755,437,208.3,20.6,0.0075,,
1.5830,438,209.1,20.6,0.0075,,
1.5915,439,209.5,20.6,0.0085,,
1.6000,440,210.1,20.6,0.0085,,
1.6085,441,210.9,20.7,0.0075,,
1.6165,442,211.6,20.6,0.0075,,
1.6250,443,212.0,20.6,0.0075,,
1.6325,444,212.7,20.7,0.0075,,
1.6410,445,213.3,20.6,0.0085,,
1.6495,446,214.1,20.6,0.0085,,
1.6580,447,214.6,20.6,0.0075,,
1.6665,448,215.0,20.7,0.0075,,
1.6750,449,215.7,20.6,0.0075,,
1.6825,450,216.1,20.7,0.0075,,
1.6910,451,216.7,20.7,0.0085,,
1.6990,452,217.2,20.7,0.0080,,
1.7075,453,217.6,20.7,0.0075,,
1.7160,454,218.2,20.7,0.0075,,
1.7245,455,218.8,20.7,0.0075,,
1.7330,456,219.2,20.7,0.0085,,
1.7405,457,219.5,20.7,0.0075,,
1.7490,458,219.8,20.7,0.0085,,
1.7570,459,220.4,20.7,0.0075,,
1.7655,460,221.0,20.7,0.0075,,
1.7740,461,221.2,20.7,0.0075,,
1.7825,462,221.7,20.7,0.0085,,
1.7900,463,221.9,20.7,0.0075,,
1.7985,464,222.6,20.7,0.0085,,
1.8070,465,223.0,20.7,0.0075,,
1.8155,466,223.2,20.7,0.0075,,
1.8235,467,223.6,20.7,0.0075,,
1.8320,468,223.9,20.7,0.0085,,
1.8395,469,224.5,20.7,0.0075,,
1.8480,470,224.8,20.7,0.0085,,
1.8565,471,225.1,20.7,0.0075,,
1.8650,472,225.8,20.7,0.0075,,
1.8735,473,226.2,20.7,0.0075,,
1.8810,474,226.4,20.7,0.0075,,
1.8895,475,226.7,20.7,0.0085,,
1.8975,476,226.9,20.7,0.0080,,
1.9060,477,227.5,20.7,0.0075,,
1.9145,478,227.9,20.7,0.0075,,
1.9230,479,227.9,20.7,0.0075,,
1.9305,480,228.3,20.7,0.0075,,
1.9390,481,228.6,20.7,0.0085,,
1.9475,482,229.2,20.7,0.0085,,
1.9560,483,229.4,20.7,0.0075,,
1.9640,484,229.5,20.7,0.0075,,
1.9725,485,229.9,20.7,0.0075,,
1.9800,486,230.2,20.7,0.0075,,
1.9885,487,230.6,20.7,0.0085,,
1.9970,488,230.8,20.7,0.0085,,
2.0055,489,231.0,20.7,0.0075,,
2.0140,490,231.6,20.7,0.0075,,
2.0220,491,231.9,20.7,0.0075,,
2.0300,492,232.2,20.7,0.0080,,
2.0380,493,232.3,20.7,0.0080,,
2.0465,494,232.4,20.7,0.0085,,
2.0550,495,232.8,20.7,0.0075,,
2.0635,496,233.1,20.7,0.0075,,
2.0720,497,233.2,20.7,0.0075,,
2.0805,498,233.5,20.7,0.0085,,
2.0875,499,233.6,20.7,0.0070,,
2.0940,500,234.0,20.7,0.0065,,
2.0945,501,234.1,20.7,0.0005,,
2.0955,502,234.0,20.7,0.0010,,
2.0965,503,234.1,20.7,0.0010,,
2.0985,504,234.1,20.7,0.0020,,
2.1010,505,234.4,20.7,0.0025,,
2.1040,506,234.4,20.7,0.0030,,
2.1060,507,234.3,20.7,0.0020,,
2.1060,508,234.4,20.7,0.0000,,
2.1080,509,234.7,20.7,0.0020,,
2.1085,510,234.5,20.7,0.0005,,
2.1090,511,234.6,20.7,0.0005,,
2.1100,512,234.4,20.7,0.0010,,
2.1110,513,234.6,20.7,0.0010,,
2.1125,514,234.8,20.7,0.0015,,
2.1140,515,234.7,20.7,0.0015,,
2.1145,516,235.1,20.7,0.0005,,
Scope 1/1, Sample 7/32 (S5)
Result,TitrationEP1
V,t,E,T,dV/dt,E acc. stat.,Volume acc. stat.
0.0000,0,-61.2,20.6,NaN,,
0.0005,1,-61.4,20.6,0.0005,,
0.0025,2,-61.2,20.6,0.0020,,
0.0050,3,-61.2,20.6,0.0025,,
0.0090,4,-61.2,20.6,0.0035,,
0.0150,5,-60.8,20.6,0.0055,,
0.0235,6,-60.2,20.6,0.0075,,
0.0320,7,-59.5,20.6,0.0075,,
0.0395,8,-58.5,20.6,0.0075,,
0.0480,9,-57.4,20.6,0.0085,,
0.0565,10,-56.0,20.6,0.0075,,
0.0645,11,-54.5,20.6,0.0075,,
0.0730,12,-53.1,20.6,0.0075,,
0.0815,13,-51.5,20.6,0.0085,,
0.0890,14,-49.7,20.6,0.0075,,
0.0975,15,-47.8,20.6,0.0085,,
0.1060,16,-45.8,20.6,0.0075,,
0.1145,17,-43.8,20.6,0.0075,,
0.1230,18,-41.5,20.6,0.0075,,
0.1305,19,-39.4,20.6,0.0075,,
0.1390,20,-36.6,20.6,0.0085,,
0.1470,21,-34.0,20.6,0.0080,,
0.1555,22,-31.2,20.6,0.0075,,
0.1640,23,-28.0,20.6,0.0075,,
0.1725,24,-24.9,20.6,0.0075,,
0.1810,25,-22.1,20.6,0.0085,,
0.1885,26,-19.3,20.6,0.0075,,
0.1970,27,-16.7,20.6,0.0075,,
0.2050,28,-14.0,20.6,0.0075,,
0.2135,29,-11.7,20.6,0.0075,,
0.2220,30,-9.8,20.6,0.0075,,
0.2295,31,-7.8,20.6,0.0075,,
0.2380,32,-6.1,20.6,0.0085,,
0.2465,33,-4.2,20.6,0.0075,,
0.2550,34,-2.6,20.6,0.0075,,
0.2635,35,-1.2,20.6,0.0075,,
0.2715,36,0.3,20.6,0.0075,,
0.2795,37,1.3,20.6,0.0080,,
0.2875,38,2.9,20.6,0.0080,,
0.2960,39,4.2,20.6,0.0085,,
0.3045,40,5.1,20.6,0.0075,,
0.3130,41,6.5,20.6,0.0075,,
0.3215,42,7.7,20.6,0.0075,,
0.3290,43,8.7,20.6,0.0075,,
0.3375,44,9.7,20.6,0.0085,,
0.3460,45,10.5,20.6,0.0075,,
0.3540,46,11.8,20.6,0.0075,,
0.3625,47,12.9,20.6,0.0075,,
0.3710,48,13.7,20.6,0.0075,,
0.3785,49,14.8,20.6,0.0075,,
0.3870,50,15.6,20.6,0.0085,,
0.3955,51,16.7,20.6,0.0085,,
0.4040,52,17.5,20.6,0.0075,,
0.4120,53,18.3,20.6,0.0075,,
0.4205,54,19.4,20.6,0.0075,,
0.4280,55,20.1,20.6,0.0075,,
0.4365,56,21.2,20.6,0.0085,,
0.4450,57,22.0,20.6,0.0085,,
0.4535,58,22.9,20.6,0.0075,,
0.4620,59,23.9,20.6,0.0075,,
0.4705,60,24.7,20.6,0.0075,,
0.4780,61,25.6,20.6,0.0075,,
0.4860,62,26.4,20.6,0.0080,,
0.4945,63,27.1,20.6,0.0085,,
0.5030,64,28.2,20.6,0.0075,,
0.5115,65,29.1,20.6,0.0075,,
0.5200,66,29.8,20.6,0.0075,,
0.5275,67,30.6,20.6,0.0075,,
0.5360,68,31.4,20.6,0.0085,,
0.5445,69,32.5,20.6,0.0085,,
0.5525,70,33.2,20.6,0.0075,,
0.5610,71,34.0,20.6,0.0075,,
0.5695,72,35.0,20.6,0.0075,,
0.5780,73,35.7,20.6,0.0085,,
0.5855,74,36.7,20.6,0.0075,,
0.5940,75,37.6,20.6,0.0085,,
0.6025,76,38.3,20.6,0.0075,,
0.6105,77,39.3,20.6,0.0075,,
0.6190,78,40.1,20.6,0.0075,,
0.6265,79,40.9,20.6,0.0075,,
0.6350,80,41.7,20.6,0.0085,,
0.6435,81,42.4,20.6,0.0085,,
0.6520,82,43.4,20.6,0.0075,,
0.6605,83,44.4,20.6,0.0075,,
0.6690,84,45.2,20.6,0.0075,,
0.6770,85,46.1,20.6,0.0080,,
0.6850,86,46.8,20.6,0.0080,,
0.6930,87,47.9,20.6,0.0080,,
0.7015,88,48.6,20.6,0.0075,,
0.7100,89,49.4,20.6,0.0075,,
0.7185,90,50.1,20.6,0.0075,,
0.7270,91,51.1,20.6,0.0075,,
0.7345,92,51.8,20.6,0.0075,,
0.7430,93,52.7,20.6,0.0085,,
0.7510,94,53.5,20.6,0.0075,,
0.7595,95,54.3,20.6,0.0075,,
0.7680,96,55.4,20.6,0.0075,,
0.7765,97,56.2,20.6,0.0075,,
0.7840,98,57.2,20.6,0.0075,,
0.7925,99,57.8,20.6,0.0085,,
0.8010,100,58.8,20.6,0.0075,,
0.8090,101,59.9,20.6,0.0075,,
0.8175,102,60.7,20.6,0.0075,,
0.8260,103,61.4,20.6,0.0075,,
0.8335,104,62.4,20.6,0.0075,,
0.8420,105,63.4,20.6,0.0085,,
0.8505,106,64.5,20.6,0.0075,,
0.8590,107,65.3,20.6,0.0075,,
0.8675,108,66.1,20.6,0.0075,,
0.8755,109,67.2,20.6,0.0075,,
0.8830,110,67.9,20.6,0.0075,,
0.8915,111,69.1,20.6,0.0085,,
0.9000,112,69.9,20.6,0.0075,,
0.9085,113,70.8,20.6,0.0075,,
0.9170,114,72.0,20.6,0.0075,,
0.9255,115,72.8,20.6,0.0075,,
0.9330,116,73.7,20.6,0.0075,,
0.9415,117,74.5,20.6,0.0085,,
0.9495,118,75.5,20.6,0.0080,,
0.9580,119,76.6,20.6,0.0075,,
0.9665,120,77.7,20.6,0.0075,,
0.9750,121,78.6,20.6,0.0075,,
0.9825,122,79.5,20.6,0.0075,,
0.9910,123,80.6,20.6,0.0085,,
0.9995,124,81.8,20.6,0.0085,,
1.0075,125,82.8,20.6,0.0075,,
1.0160,126,83.9,20.6,0.0075,,
1.0245,127,85.3,20.6,0.0075,,
1.0330,128,86.3,20.6,0.0085,,
1.0405,129,87.5,20.6,0.0075,,
1.0490,130,88.4,20.6,0.0085,,
1.0575,131,89.6,20.6,0.0075,,
1.0660,132,90.9,20.6,0.0075,,
1.0740,133,92.1,20.6,0.0075,,
1.0820,134,93.2,20.6,0.0080,,
1.0900,135,94.5,20.6,0.0080,,
1.0985,136,95.9,20.6,0.0085,,
1.1070,137,97.3,20.6,0.0075,,
1.1155,138,98.8,20.6,0.0075,,
1.1240,139,100.1,20.6,0.0075,,
1.1315,140,101.6,20.6,0.0075,,
1.1400,141,103.3,20.6,0.0085,,
1.1480,142,105.2,20.6,0.0080,,
1.1565,143,107.0,20.6,0.0075,,
1.1650,144,108.5,20.6,0.0075,,
1.1735,145,110.5,20.6,0.0075,,
1.1810,146,112.3,20.6,0.0075,,
1.1895,147,114.7,20.6,0.0085,,
1.1980,148,116.8,20.6,0.0075,,
1.2065,149,118.7,20.6,0.0075,,
1.2145,150,121.2,20.6,0.0075,,
1.2230,151,123.8,20.6,0.0075,,
1.2305,152,126.3,20.6,0.0075,,
1.2390,153,129.4,20.6,0.0085,,
1.2475,154,132.5,20.6,0.0085,,
1.2560,155,135.9,20.6,0.0075,,
1.2645,156,139.2,20.6,0.0075,,
1.2725,157,142.5,20.6,0.0075,,
1.2805,158,145.7,20.6,0.0080,,
1.2885,159,149.3,20.6,0.0080,,
1.2970,160,153.2,20.6,0.0075,,
1.3055,161,156.4,20.6,0.0075,,
1.3140,162,159.7,20.6,0.0075,,
1.3225,163,163.3,20.6,0.0075,,
1.3300,164,166.0,20.6,0.0075,,
1.3385,165,169.3,20.6,0.0085,,
1.3470,166,171.9,20.6,0.0085,,
1.3550,167,174.4,20.6,0.0075,,
1.3635,168,176.8,20.6,0.0075,,
1.3720,169,179.1,20.6,0.0075,,
1.3805,170,181.0,20.6,0.0085,,
1.3880,171,183.0,20.6,0.0075,,
1.3965,172,184.8,20.6,0.0075,,
1.3990,172,185.1,20.6,0.0060,,
1.3990,412,187.9,20.7,0.0000,,
1.3995,414,187.8,20.7,0.0005,,
1.4010,414,187.7,20.7,0.0030,,
1.4035,416,188.1,20.7,0.0015,,
1.4075,417,188.4,20.7,0.0065,,
1.4140,418,189.1,20.7,0.0110,,
1.4225,418,190.1,20.7,0.0170,,
1.4300,420,191.6,20.7,0.0050,,
1.4385,420,193.0,20.7,0.0170,,
1.4470,422,194.0,20.7,0.0055,,
1.4550,423,195.3,20.7,0.0135,,
1.4635,424,196.6,20.7,0.0140,,
1.4720,425,197.7,20.7,0.0140,,
1.4795,426,198.7,20.7,0.0150,,
1.4880,426,199.7,20.7,0.0170,,
1.4965,428,200.8,20.7,0.0055,,
1.5050,429,201.7,20.7,0.0140,,
1.5130,430,202.5,20.7,0.0135,,
1.5215,431,203.2,20.7,0.0140,,
1.5300,432,204.1,20.7,0.0170,,
1.5375,432,204.8,20.7,0.0150,,
1.5460,434,205.8,20.7,0.0055,,
1.5545,435,206.6,20.7,0.0140,,
1.5630,436,207.2,20.7,0.0140,,
1.5715,437,208.1,20.7,0.0140,,
1.5795,438,208.6,20.7,0.0160,,
1.5870,438,209.4,20.7,0.0150,,
1.5955,440,210.1,20.7,0.0055,,
1.6040,441,210.7,20.7,0.0140,,
1.6125,442,211.3,20.7,0.0140,,
1.6210,443,212.1,20.7,0.0140,,
1.6285,444,212.6,20.7,0.0150,,
1.6370,444,213.2,20.7,0.0170,,
1.6455,446,213.7,20.7,0.0055,,
1.6535,446,214.4,20.7,0.0160,,
1.6620,448,215.1,20.7,0.0055,,
1.6705,449,215.5,20.7,0.0140,,
1.6790,450,216.0,20.7,0.0140,,
1.6865,450,216.5,20.7,0.0150,,
1.6950,452,217.1,20.7,0.0055,,
1.7035,453,217.6,20.7,0.0140,,
1.7115,454,218.0,20.7,0.0135,,
1.7200,455,218.4,20.7,0.0140,,
1.7285,456,219.1,20.7,0.0140,,
1.7360,456,219.6,20.7,0.0150,,
1.7445,458,220.0,20.7,0.0055,,
1.7530,459,220.4,20.7,0.0140,,
1.7615,460,220.8,20.7,0.0140,,
1.7700,461,221.4,20.7,0.0140,,
1.7780,462,221.8,20.7,0.0160,,
1.7855,462,222.3,20.7,0.0150,,
1.7940,464,222.5,20.7,0.0055,,
1.8025,464,222.9,20.7,0.0170,,
1.8110,466,223.5,20.7,0.0055,,
1.8195,467,223.8,20.7,0.0140,,
1.8280,468,224.2,20.7,0.0170,,
1.8355,468,224.5,20.7,0.0150,,
1.8440,470,224.9,20.7,0.0055,,
1.8525,471,225.3,20.7,0.0140,,
1.8605,472,225.5,20.7,0.0135,,
1.8690,473,225.8,20.7,0.0140,,
1.8775,474,226.2,20.7,0.0170,,
1.8850,474,226.6,20.7,0.0150,,
1.8935,476,227.0,20.7,0.0055,,
1.9020,477,227.4,20.7,0.0140,,
1.9100,478,227.6,20.7,0.0135,,
1.9185,479,228.1,20.7,0.0140,,
1.9270,480,228.3,20.7,0.0140,,
1.9345,480,228.8,20.7,0.0150,,
1.9430,482,228.9,20.7,0.0055,,
1.9515,482,229.3,20.7,0.0170,,
1.9600,484,229.8,20.7,0.0055,,
1.9685,485,229.9,20.7,0.0140,,
1.9765,486,230.1,20.7,0.0135,,
1.9845,486,230.5,20.7,0.0160,,
1.9925,488,230.8,20.7,0.0055,,
2.0010,489,231.1,20.7,0.0140,,
2.0095,490,231.4,20.8,0.0140,,
2.0180,491,231.5,20.8,0.0140,,
2.0265,492,232.0,20.8,0.0140,,
2.0340,492,232.3,20.8,0.0150,,
2.0425,494,232.6,20.7,0.0055,,
2.0505,494,232.8,20.8,0.0160,,
2.0590,496,233.0,20.8,0.0055,,
2.0675,497,233.5,20.8,0.0140,,
2.0760,498,233.7,20.8,0.0140,,
2.0825,498,233.9,20.8,0.0130,,
2.0865,500,234.0,20.8,0.0025,,
2.0870,500,234.0,20.8,0.0010,,
2.0885,502,234.2,20.8,0.0010,,
2.0900,503,234.3,20.8,0.0025,,
2.0930,504,234.3,20.8,0.0050,,
2.0960,504,234.3,20.8,0.0060,,
2.0985,506,234.4,20.8,0.0015,,
2.0990,506,234.7,20.8,0.0010,,
2.0995,508,234.7,20.8,0.0005,,
2.1005,509,234.5,20.8,0.0015,,
2.1015,510,234.6,20.8,0.0015,,
2.1025,510,234.5,20.8,0.0020,,
2.1030,512,234.6,20.8,0.0005,,
2.1035,512,234.6,20.8,0.0010,,
2.1040,514,234.5,20.8,0.0005,,
2.1055,515,234.7,20.8,0.0025,,
2.1080,516,234.8,20.8,0.0040,,
2.1085,516,234.8,20.8,0.0010,,
2.1090,518,234.8,20.8,0.0005,,
2.1100,518,235.0,20.8,0.0020,,
Scope 1/1, Sample 8/32 (S6)
Result,TitrationEP1
V,t,E,T,dV/dt,E acc. stat.,Volume acc. stat.
0.0000,0,-60.6,20.8,NaN,,
0.0010,1,-60.6,20.8,0.0010,,
0.0025,2,-60.7,20.8,0.0015,,
0.0050,3,-60.6,20.8,0.0025,,
0.0085,4,-60.5,20.8,0.0030,,
0.0150,5,-60.1,20.8,0.0060,,
0.0230,6,-59.7,20.8,0.0075,,
0.0315,7,-58.9,20.8,0.0075,,
0.0400,8,-57.7,20.8,0.0075,,
0.0475,9,-56.6,20.8,0.0075,,
0.0560,10,-55.1,20.8,0.0075,,
0.0645,11,-53.7,20.8,0.0075,,
0.0725,12,-52.1,20.8,0.0075,,
0.0810,13,-50.3,20.8,0.0075,,
0.0895,14,-48.4,20.8,0.0075,,
0.0970,15,-46.7,20.8,0.0075,,
0.1055,16,-44.6,20.8,0.0075,,
0.1140,17,-42.5,20.8,0.0075,,
0.1225,18,-40.1,20.8,0.0075,,
0.1310,19,-37.6,20.8,0.0075,,
0.1390,20,-35.1,20.8,0.0075,,
0.1465,21,-32.5,20.8,0.0075,,
0.1550,22,-29.5,20.8,0.0075,,
0.1635,23,-26.5,20.8,0.0075,,
0.1720,24,-23.3,20.8,0.0075,,
0.1805,25,-20.5,20.8,0.0075,,
0.1890,26,-17.6,20.8,0.0075,,
0.1965,27,-15.2,20.8,0.0075,,
0.2050,28,-12.6,20.8,0.0075,,
0.2130,29,-10.4,20.8,0.0075,,
0.2215,30,-8.3,20.8,0.0075,,
0.2300,31,-6.3,20.8,0.0075,,
0.2385,32,-4.3,20.8,0.0075,,
0.2470,33,-2.8,20.8,0.0085,,
0.2545,34,-1.4,20.8,0.0070,,
0.2630,35,0.1,20.8,0.0075,,
0.2710,36,1.5,20.8,0.0075,,
0.2795,37,3.1,20.8,0.0075,,
0.2880,38,4.3,20.8,0.0075,,
0.2965,39,5.5,20.8,0.0085,,
0.3040,40,6.6,20.8,0.0070,,
0.3125,41,7.9,20.8,0.0075,,
0.3210,42,9.0,20.8,0.0075,,
0.3295,43,10.0,20.8,0.0075,,
0.3375,44,11.2,20.8,0.0075,,
0.3460,45,12.2,20.8,0.0085,,
0.3535,46,13.3,20.8,0.0070,,
0.3620,47,14.4,20.8,0.0075,,
0.3705,48,15.3,20.8,0.0075,,
0.3790,49,16.3,20.8,0.0075,,
0.3875,50,17.4,20.8,0.0075,,
0.3955,51,18.2,20.8,0.0080,,
0.4035,52,19.2,20.8,0.0075,,
0.4115,53,20.0,20.8,0.0075,,
0.4200,54,21.0,20.8,0.0075,,
0.4285,55,21.9,20.8,0.0075,,
0.4370,56,22.8,20.8,0.0075,,
0.4455,57,23.6,20.8,0.0075,,
0.4530,58,24.3,20.8,0.0070,,
0.4615,59,25.3,20.8,0.0075,,
0.4700,60,26.3,20.8,0.0075,,
0.4780,61,27.2,20.8,0.0075,,
0.4865,62,28.1,20.8,0.0075,,
0.4950,63,28.7,20.8,0.0085,,
0.5025,64,29.6,20.8,0.0070,,
0.5110,65,30.5,20.8,0.0075,,
0.5195,66,31.3,20.8,0.0075,,
0.5280,67,32.3,20.8,0.0075,,
0.5360,68,33.2,20.8,0.0075,,
0.5445,69,34.0,20.8,0.0075,,
0.5520,70,34.9,20.8,0.0070,,
0.5605,71,35.7,20.8,0.0075,,
0.5690,72,36.6,20.8,0.0075,,
0.5775,73,37.5,20.8,0.0075,,
0.5860,74,38.4,20.8,0.0075,,
0.5940,75,39.1,20.8,0.0075,,
0.6020,76,40.1,20.8,0.0075,,
0.6100,77,40.9,20.8,0.0075,,
0.6185,78,41.8,20.8,0.0075,,
0.6270,79,42.5,20.8,0.0075,,
0.6355,80,43.5,20.8,0.0075,,
0.6440,81,44.4,20.8,0.0075,,
0.6515,82,45.2,20.8,0.0070,,
0.6600,83,46.1,20.8,0.0075,,
0.6680,84,46.8,20.8,0.0075,,
0.6765,85,47.6,20.8,0.0075,,
0.6850,86,48.6,20.8,0.0075,,
0.6935,87,49.5,20.8,0.0075,,
0.7010,88,50.3,20.8,0.0075,,
0.7095,89,51.1,20.8,0.0075,,
0.7180,90,51.9,20.8,0.0075,,
0.7265,91,53.0,20.8,0.0075,,
0.7345,92,53.9,20.8,0.0075,,
0.7430,93,54.6,20.8,0.0075,,
0.7505,94,55.5,20.9,0.0070,,
0.7590,95,56.4,20.8,0.0075,,
0.7675,96,57.4,20.9,0.0075,,
0.7760,97,58.3,20.8,0.0075,,
0.7845,98,59.0,20.8,0.0075,,
0.7930,99,59.9,20.9,0.0075,,
0.8005,100,60.6,20.9,0.0075,,
0.8085,101,61.7,20.9,0.0075,,
0.8170,102,62.5,20.9,0.0075,,
0.8255,103,63.4,20.9,0.0075,,
0.8340,104,64.4,20.9,0.0075,,
0.8425,105,65.4,20.9,0.0075,,
0.8500,106,66.0,20.9,0.0075,,
0.8585,107,66.9,20.9,0.0075,,
0.8670,108,67.7,20.9,0.0075,,
0.8750,109,68.7,20.9,0.0075,,
0.8835,110,69.7,20.9,0.0075,,
0.8920,111,70.5,20.9,0.0075,,
0.8995,112,71.5,20.9,0.0075,,
0.9080,113,72.4,20.9,0.0075,,
0.9165,114,73.5,20.9,0.0075,,
0.9250,115,74.6,20.9,0.0075,,
0.9330,116,75.5,20.9,0.0075,,
0.9415,117,76.6,20.9,0.0075,,
0.9500,118,77.4,20.9,0.0085,,
0.9575,119,78.5,20.9,0.0070,,
0.9660,120,79.3,20.9,0.0075,,
0.9745,121,80.3,20.9,0.0075,,
0.9830,122,81.4,20.9,0.0075,,
0.9915,123,82.7,20.9,0.0075,,
0.9990,124,83.7,20.9,0.0075,,
1.0075,125,84.7,20.9,0.0075,,
1.0155,126,85.8,20.9,0.0075,,
1.0240,127,87.0,20.9,0.0075,,
1.0325,128,88.2,20.9,0.0075,,
1.0410,129,89.3,20.9,0.0075,,
1.0495,130,90.4,20.9,0.0085,,
1.0570,131,91.6,20.9,0.0070,,
1.0655,132,92.9,20.9,0.0075,,
1.0735,133,94.2,20.9,0.0075,,
1.0820,134,95.4,20.9,0.0075,,
1.0905,135,96.6,20.9,0.0075,,
1.0990,136,98.2,20.9,0.0075,,
1.1065,137,99.6,20.9,0.0070,,
1.1150,138,101.1,20.9,0.0075,,
1.1235,139,102.4,20.9,0.0075,,
1.1315,140,104.0,20.9,0.0075,,
1.1400,141,105.9,20.9,0.0075,,
1.1485,142,107.5,20.9,0.0075,,
1.1560,143,109.1,20.9,0.0070,,
1.1645,144,110.8,20.9,0.0075,,
1.1730,145,112.7,20.9,0.0075,,
1.1815,146,114.8,20.9,0.0075,,
1.1900,147,117.0,20.9,0.0075,,
1.1980,148,119.0,20.9,0.0080,,
1.2060,149,121.3,20.9,0.0075,,
1.2140,150,124.0,20.9,0.0075,,
1.2225,151,126.7,20.9,0.0075,,
1.2310,152,129.4,20.9,0.0075,,
1.2395,153,132.4,20.9,0.0075,,
1.2480,154,135.7,20.9,0.0075,,
1.2555,155,138.4,20.9,0.0070,,
1.2640,156,142.0,20.9,0.0075,,
1.2720,157,145.5,20.9,0.0075,,
1.2805,158,149.3,20.9,0.0075,,
1.2890,159,153.0,20.9,0.0075,,
1.2975,160,156.4,20.9,0.0075,,
1.3050,161,159.7,20.9,0.0075,,
1.3135,162,162.8,20.9,0.0075,,
1.3220,163,166.1,20.9,0.0075,,
1.3300,164,169.2,20.9,0.0075,,
1.3385,165,172.0,20.9,0.0075,,
1.3470,166,174.5,20.9,0.0075,,
1.3545,167,176.7,20.9,0.0075,,
1.3630,168,178.7,20.9,0.0075,,
1.3715,169,181.0,20.9,0.0075,,
1.3800,170,182.8,20.9,0.0075,,
1.3885,171,184.9,20.9,0.0075,,
1.3910,171,185.2,20.9,0.0060,,
1.3910,412,187.8,21.0,0.0000,,
1.3915,412,187.8,20.9,0.0010,,
1.3930,414,187.7,20.9,0.0010,,
1.3955,414,187.9,21.0,0.0050,,
1.3995,416,188.5,21.0,0.0025,,
1.4055,417,189.2,21.0,0.0100,,
1.4140,418,190.3,20.9,0.0140,,
1.4215,418,191.6,20.9,0.0150,,
1.4300,420,193.1,20.9,0.0055,,
1.4385,420,194.4,20.9,0.0170,,
1.4470,422,195.6,20.9,0.0055,,
1.4555,423,196.8,21.0,0.0140,,
1.4640,424,198.0,20.9,0.0140,,
1.4720,424,198.8,21.0,0.0160,,
1.4795,426,199.9,21.0,0.0050,,
1.4880,426,200.8,21.0,0.0170,,
1.4965,428,201.8,20.9,0.0055,,
1.5050,429,202.9,21.0,0.0140,,
1.5135,430,203.8,21.0,0.0140,,
1.5220,430,204.4,21.0,0.0170,,
1.5295,432,205.3,21.0,0.0050,,
1.5380,432,206.1,21.0,0.0170,,
1.5460,434,206.9,21.0,0.0050,,
1.5545,435,207.7,21.0,0.0140,,
1.5630,436,208.3,21.0,0.0140,,
1.5715,436,209.0,21.0,0.0170,,
1.5790,438,209.8,21.0,0.0050,,
1.5875,438,210.5,21.0,0.0170,,
1.5960,440,211.2,21.0,0.0055,,
1.6040,441,211.7,21.0,0.0135,,
1.6125,442,212.4,21.0,0.0140,,
1.6210,442,213.0,21.0,0.0170,,
1.6285,444,213.6,21.0,0.0050,,
1.6370,444,214.3,21.0,0.0170,,
1.6455,446,214.7,21.0,0.0055,,
1.6540,447,215.2,21.0,0.0140,,
1.6625,448,215.9,21.0,0.0140,,
1.6705,449,216.2,21.0,0.0135,,
1.6780,450,216.7,21.0,0.0150,,
1.6865,450,217.2,21.0,0.0170,,
1.6950,452,217.8,21.0,0.0055,,
1.7035,453,218.4,21.0,0.0140,,
1.7120,454,218.9,21.0,0.0140,,
1.7205,455,219.3,21.0,0.0140,,
1.7280,456,219.8,21.0,0.0150,,
1.7360,456,220.3,21.0,0.0160,,
1.7445,458,220.8,21.0,0.0055,,
1.7530,459,221.2,21.0,0.0140,,
1.7615,460,221.6,21.0,0.0140,,
1.7700,461,222.1,21.0,0.0140,,
1.7775,462,222.4,21.0,0.0150,,
1.7860,462,222.9,21.0,0.0170,,
1.7945,464,223.3,21.0,0.0055,,
1.8025,465,223.6,21.0,0.0135,,
1.8110,466,224.1,21.0,0.0140,,
1.8195,467,224.6,21.0,0.0140,,
1.8270,468,224.9,21.0,0.0150,,
1.8355,468,225.2,21.0,0.0170,,
1.8440,470,225.6,21.0,0.0055,,
1.8525,471,226.1,21.0,0.0140,,
1.8610,472,226.3,21.0,0.0140,,
1.8690,473,226.6,21.0,0.0135,,
1.8765,474,226.9,21.0,0.0150,,
1.8850,474,227.3,21.0,0.0170,,
1.8935,476,227.7,21.0,0.0055,,
1.9020,477,228.0,21.0,0.0140,,
1.9105,478,228.2,21.0,0.0140,,
1.9185,479,228.6,21.0,0.0135,,
1.9270,480,228.8,21.0,0.0170,,
1.9345,480,229.3,21.0,0.0150,,
1.9430,482,229.5,21.0,0.0055,,
1.9515,483,229.7,21.0,0.0140,,
1.9600,484,230.1,21.0,0.0140,,
1.9685,485,230.5,21.0,0.0140,,
1.9770,486,230.8,21.0,0.0140,,
1.9845,486,231.1,21.0,0.0150,,
1.9925,488,231.4,21.0,0.0055,,
2.0010,488,231.7,21.0,0.0170,,
2.0095,490,232.0,21.0,0.0055,,
2.0180,491,232.2,21.0,0.0140,,
2.0265,492,232.6,21.0,0.0140,,
2.0340,492,232.9,21.0,0.0150,,
2.0425,494,233.1,21.0,0.0055,,
2.0510,494,233.5,21.0,0.0170,,
2.0590,496,233.6,21.0,0.0050,,
2.0655,497,234.0,21.0,0.0110,,
2.0715,498,234.2,21.0,0.0100,,
2.0765,498,234.4,21.0,0.0100,,
2.0820,500,234.5,21.0,0.0035,,
2.0845,500,234.5,21.0,0.0050,,
2.0855,502,234.7,21.0,0.0005,,
2.0870,503,234.8,21.0,0.0025,,
2.0875,504,234.8,21.0,0.0010,,
2.0890,504,234.8,21.0,0.0030,,
2.0910,506,234.7,21.0,0.0015,,
2.0935,506,234.8,21.0,0.0050,,
2.0970,508,235.0,21.0,0.0020,,
Scope 1/1, Sample 9/32 (1)
Result,TitrationEP1
V,t,E,T,dV/dt,E acc. stat.,Volume acc. stat.
0.0000,0,-61.4,21.0,NaN,,
0.0010,1,-61.4,20.9,0.0010,,
0.0025,2,-61.5,21.0,0.0015,,
0.0050,3,-61.4,20.9,0.0025,,
0.0085,4,-61.3,21.0,0.0030,,
0.0150,5,-61.0,21.0,0.0060,,
0.0230,6,-60.6,21.0,0.0075,,
0.0315,7,-59.8,21.0,0.0075,,
0.0400,8,-58.7,21.0,0.0075,,
0.0475,9,-57.6,21.0,0.0070,,
0.0560,10,-56.2,21.0,0.0075,,
0.0645,11,-54.9,21.0,0.0075,,
0.0725,12,-53.2,21.0,0.0075,,
0.0810,13,-51.4,21.0,0.0075,,
0.0895,14,-49.8,21.0,0.0075,,
0.0970,15,-47.9,21.0,0.0070,,
0.1055,16,-46.2,21.0,0.0075,,
0.1140,17,-44.0,21.0,0.0075,,
0.1225,18,-41.7,21.0,0.0075,,
0.1310,19,-39.6,21.0,0.0075,,
0.1390,20,-37.2,21.0,0.0075,,
0.1470,21,-34.6,21.0,0.0075,,
0.1550,22,-31.7,21.0,0.0075,,
0.1635,23,-28.7,21.0,0.0075,,
0.1720,24,-25.6,21.0,0.0075,,
0.1805,25,-22.7,21.0,0.0075,,
0.1890,26,-19.6,21.0,0.0075,,
0.1965,27,-17.2,21.0,0.0070,,
0.2050,28,-14.6,21.0,0.0075,,
0.2130,29,-12.3,21.0,0.0075,,
0.2215,30,-10.1,21.0,0.0075,,
0.2300,31,-8.0,21.0,0.0075,,
0.2385,32,-6.2,21.0,0.0075,,
0.2470,33,-4.6,21.0,0.0085,,
0.2545,34,-3.1,21.0,0.0070,,
0.2630,35,-1.6,21.0,0.0075,,
0.2710,36,-0.1,21.0,0.0075,,
0.2795,37,1.2,21.0,0.0075,,
0.2880,38,2.7,21.0,0.0075,,
0.2965,39,4.0,21.0,0.0075,,
0.3040,40,5.1,21.0,0.0070,,
0.3125,41,6.3,21.0,0.0075,,
0.3210,42,7.4,21.0,0.0075,,
0.3295,43,8.4,21.0,0.0075,,
0.3375,44,9.6,21.0,0.0075,,
0.3460,45,10.7,21.0,0.0075,,
0.3535,46,11.7,21.0,0.0070,,
0.3620,47,12.7,21.0,0.0075,,
0.3705,48,13.6,21.0,0.0075,,
0.3790,49,14.6,21.0,0.0075,,
0.3875,50,15.7,21.0,0.0070,,
0.3955,51,16.5,21.0,0.0075,,
0.4035,52,17.4,21.0,0.0075,,
0.4115,53,18.2,21.0,0.0075,,
0.4200,54,19.2,21.0,0.0075,,
0.4285,55,20.3,21.0,0.0075,,
0.4370,56,21.1,21.0,0.0075,,
0.4455,57,21.9,21.0,0.0075,,
0.4530,58,22.8,21.0,0.0070,,
0.4615,59,23.7,21.0,0.0075,,
0.4700,60,24.6,21.0,0.0075,,
0.4780,61,25.4,21.0,0.0075,,
0.4865,62,26.3,21.0,0.0075,,
0.4950,63,27.3,21.0,0.0075,,
0.5025,64,28.2,21.0,0.0070,,
0.5110,65,29.1,21.0,0.0075,,
0.5195,66,29.8,21.0,0.0075,,
0.5280,67,30.8,21.0,0.0075,,
0.5360,68,31.7,21.0,0.0075,,
0.5445,69,32.5,21.0,0.0075,,
0.5520,70,33.3,21.0,0.0070,,
0.5605,71,34.1,21.0,0.0075,,
0.5690,72,35.0,21.0,0.0075,,
0.5775,73,36.0,21.0,0.0075,,
0.5860,74,36.8,21.0,0.0075,,
0.5940,75,37.6,21.0,0.0075,,
0.6020,76,38.4,21.0,0.0075,,
0.6100,77,39.4,21.0,0.0075,,
0.6185,78,40.2,21.0,0.0075,,
0.6270,79,41.0,21.0,0.0075,,
0.6355,80,42.0,21.0,0.0075,,
0.6440,81,43.0,21.0,0.0075,,
0.6515,82,43.7,21.0,0.0070,,
0.6600,83,44.6,21.0,0.0075,,
0.6680,84,45.4,21.0,0.0075,,
0.6765,85,46.3,21.0,0.0075,,
0.6850,86,47.3,21.0,0.0075,,
0.6935,87,48.1,21.0,0.0075,,
0.7010,88,49.0,21.0,0.0070,,
0.7095,89,49.6,21.0,0.0075,,
0.7180,90,50.4,21.0,0.0075,,
0.7260,91,51.5,21.0,0.0075,,
0.7345,92,52.4,21.0,0.0075,,
0.7430,93,53.1,21.0,0.0075,,
0.7515,94,54.0,21.0,0.0085,,
0.7590,95,54.9,21.0,0.0070,,
0.7675,96,55.9,21.0,0.0075,,
0.7760,97,56.7,21.0,0.0075,,
0.7845,98,57.5,21.0,0.0075,,
0.7925,99,58.5,21.0,0.0075,,
0.8010,100,59.4,21.0,0.0075,,
0.8085,101,60.2,21.0,0.0070,,
0.8170,102,61.1,21.0,0.0075,,
0.8255,103,61.9,21.0,0.0075,,
0.8340,104,62.8,21.0,0.0075,,
0.8425,105,63.8,21.0,0.0075,,
0.8505,106,64.6,21.0,0.0075,,
0.8585,107,65.6,21.0,0.0075,,
0.8665,108,66.5,21.0,0.0075,,
0.8750,109,67.5,21.0,0.0075,,
0.8835,110,68.5,21.0,0.0075,,
0.8920,111,69.3,21.0,0.0075,,
0.9005,112,70.4,21.0,0.0075,,
0.9080,113,71.2,21.0,0.0070,,
0.9165,114,72.2,21.0,0.0075,,
0.9245,115,73.2,21.0,0.0075,,
0.9330,116,74.2,21.0,0.0075,,
0.9415,117,75.2,21.0,0.0075,,
0.9500,118,76.3,21.0,0.0075,,
0.9575,119,77.2,21.0,0.0070,,
0.9660,120,78.4,21.0,0.0075,,
0.9745,121,79.4,21.0,0.0075,,
0.9825,122,80.4,21.0,0.0075,,
0.9910,123,81.7,21.0,0.0075,,
0.9995,124,82.7,21.0,0.0075,,
1.0070,125,83.8,21.0,0.0070,,
1.0155,126,84.9,21.0,0.0075,,
1.0240,127,86.0,21.0,0.0075,,
1.0325,128,87.2,21.0,0.0075,,
1.0410,129,88.3,21.0,0.0075,,
1.0490,130,89.3,21.0,0.0075,,
1.0575,131,90.6,21.0,0.0075,,
1.0650,132,91.7,21.0,0.0070,,
1.0735,133,93.1,21.0,0.0075,,
1.0820,134,94.4,21.0,0.0075,,
1.0905,135,95.7,21.0,0.0075,,
1.0990,136,97.3,21.0,0.0075,,
1.1070,137,98.9,21.0,0.0075,,
1.1150,138,100.3,21.0,0.0075,,
1.1230,139,101.8,21.0,0.0075,,
1.1315,140,103.4,21.0,0.0075,,
1.1400,141,105.2,21.0,0.0075,,
1.1485,142,106.7,21.0,0.0075,,
1.1570,143,108.4,21.0,0.0085,,
1.1645,144,110.1,21.0,0.0070,,
1.1730,145,112.0,21.0,0.0075,,
1.1810,146,114.0,21.0,0.0075,,
1.1895,147,116.1,21.0,0.0075,,
1.1980,148,118.3,21.0,0.0075,,
1.2065,149,120.8,21.0,0.0075,,
1.2140,150,123.1,21.0,0.0070,,
1.2225,151,126.1,21.0,0.0075,,
1.2310,152,128.9,21.0,0.0075,,
1.2390,153,132.0,21.0,0.0075,,
1.2475,154,135.4,21.0,0.0075,,
1.2560,155,138.6,21.0,0.0075,,
1.2635,156,141.6,21.0,0.0070,,
1.2720,157,145.3,21.0,0.0075,,
1.2805,158,149.0,21.0,0.0075,,
1.2890,159,152.8,21.0,0.0075,,
1.2975,160,156.4,21.0,0.0075,,
1.3055,161,159.9,21.0,0.0075,,
1.3135,162,162.8,21.0,0.0075,,
1.3215,163,165.8,21.0,0.0075,,
1.3300,164,169.1,21.0,0.0075,,
1.3385,165,171.8,21.0,0.0075,,
1.3470,166,174.3,21.0,0.0075,,
1.3555,167,176.8,21.0,0.0075,,
1.3630,168,178.9,21.0,0.0070,,
1.3715,169,180.7,21.0,0.0075,,
1.3795,170,182.8,21.0,0.0075,,
1.3880,171,184.6,21.0,0.0075,,
1.3915,172,185.1,21.0,0.0070,,
1.3915,412,188.2,21.1,0.0000,,
1.3920,412,188.1,21.1,0.0010,,
1.3935,414,188.0,21.1,0.0010,,
1.3960,415,188.3,21.1,0.0040,,
1.4000,416,188.9,21.1,0.0065,,
1.4060,417,189.3,21.1,0.0100,,
1.4145,418,190.4,21.1,0.0140,,
1.4220,418,191.6,21.1,0.0150,,
1.4300,420,193.0,21.1,0.0055,,
1.4385,420,194.4,21.1,0.0170,,
1.4470,422,195.4,21.1,0.0055,,
1.4555,423,196.4,21.1,0.0140,,
1.4640,424,197.8,21.1,0.0140,,
1.4715,424,198.8,21.1,0.0150,,
1.4800,426,200.0,21.1,0.0055,,
1.4880,426,200.8,21.1,0.0160,,
1.4965,428,201.7,21.1,0.0055,,
1.5050,429,202.9,21.1,0.0140,,
1.5135,430,203.7,21.1,0.0140,,
1.5210,430,204.5,21.1,0.0150,,
1.5295,432,205.2,21.1,0.0055,,
1.5380,432,206.0,21.1,0.0170,,
1.5465,434,206.9,21.1,0.0055,,
1.5545,435,207.6,21.1,0.0135,,
1.5630,436,208.2,21.1,0.0140,,
1.5705,436,209.0,21.1,0.0150,,
1.5790,438,209.6,21.1,0.0055,,
1.5875,438,210.5,21.1,0.0170,,
1.5960,440,211.1,21.1,0.0055,,
1.6045,441,211.6,21.1,0.0140,,
1.6130,442,212.4,21.1,0.0140,,
1.6205,442,212.9,21.1,0.0150,,
1.6285,444,213.6,21.1,0.0055,,
1.6370,444,214.1,21.1,0.0170,,
1.6455,446,214.6,21.1,0.0055,,
1.6540,447,215.3,21.1,0.0140,,
1.6625,448,215.9,21.1,0.0140,,
1.6700,448,216.4,21.1,0.0150,,
1.6785,450,216.8,21.1,0.0055,,
1.6870,450,217.2,21.1,0.0170,,
1.6950,452,217.9,21.1,0.0050,,
1.7035,453,218.3,21.1,0.0140,,
1.7120,454,218.7,21.1,0.0140,,
1.7205,454,219.0,21.1,0.0170,,
1.7280,456,219.5,21.1,0.0050,,
1.7365,456,220.1,21.1,0.0170,,
1.7450,458,220.5,21.1,0.0055,,
1.7530,459,220.9,21.1,0.0135,,
1.7615,460,221.4,21.1,0.0140,,
1.7700,461,221.9,21.1,0.0140,,
1.7775,462,222.4,21.1,0.0150,,
1.7860,462,222.7,21.1,0.0170,,
1.7945,464,223.0,21.1,0.0055,,
1.8030,465,223.5,21.1,0.0140,,
1.8115,466,224.0,21.1,0.0140,,
1.8195,466,224.3,21.1,0.0160,,
1.8270,468,224.6,21.1,0.0050,,
1.8355,468,224.9,21.1,0.0170,,
1.8440,470,225.3,21.1,0.0055,,
1.8525,471,225.8,21.1,0.0140,,
1.8610,472,226.0,21.1,0.0140,,
1.8695,472,226.4,21.1,0.0170,,
1.8770,474,226.8,21.1,0.0050,,
1.8855,474,227.3,21.1,0.0170,,
1.8935,476,227.7,21.1,0.0050,,
1.9020,477,227.9,21.1,0.0140,,
1.9105,478,228.3,21.1,0.0140,,
1.9190,478,228.5,21.1,0.0170,,
1.9265,480,228.9,21.1,0.0050,,
1.9350,480,229.3,21.1,0.0170,,
1.9435,482,229.5,21.1,0.0055,,
1.9515,483,229.9,21.1,0.0135,,
1.9600,484,230.4,21.1,0.0140,,
1.9685,484,230.5,21.1,0.0170,,
1.9760,486,230.8,21.1,0.0050,,
1.9845,486,231.0,21.1,0.0170,,
1.9930,488,231.3,21.1,0.0055,,
2.0015,489,231.8,21.1,0.0140,,
2.0100,490,232.0,21.1,0.0140,,
2.0180,491,232.2,21.1,0.0135,,
2.0260,492,232.5,21.1,0.0160,,
2.0340,492,232.9,21.1,0.0160,,
2.0425,494,233.2,21.1,0.0055,,
2.0510,495,233.3,21.1,0.0140,,
2.0595,496,233.5,21.1,0.0140,,
2.0680,496,233.8,21.1,0.0170,,
2.0735,498,234.1,21.1,0.0035,,
2.0795,498,234.4,21.1,0.0120,,
2.0810,500,234.3,21.1,0.0010,,
2.0815,501,234.4,21.1,0.0010,,
2.0820,502,234.6,21.1,0.0010,,
2.0825,503,234.5,21.1,0.0010,,
2.0840,504,234.7,21.1,0.0030,,
2.0850,504,234.6,21.1,0.0020,,
2.0860,506,234.7,21.1,0.0005,,
2.0870,507,234.8,21.1,0.0015,,
2.0875,508,234.8,21.1,0.0010,,
2.0890,509,234.7,21.1,0.0025,,
2.0910,510,234.7,21.1,0.0040,,
2.0930,510,234.8,21.1,0.0040,,
2.0950,512,235.0,21.1,0.0015,,
2.0960,513,234.9,21.1,0.0015,,
2.0965,513,235.1,21.1,-0.0015,,
Scope 1/1, Sample 10/32 (2)
Result,TitrationEP1
V,t,E,T,dV/dt,E acc. stat.,Volume acc. stat.
0.0000,0,-61.8,21.1,NaN,,
0.0005,1,-61.8,21.1,0.0005,,
0.0025,2,-61.8,21.1,0.0020,,
0.0050,3,-61.9,21.1,0.0025,,
0.0090,4,-61.6,21.1,0.0035,,
0.0150,5,-61.1,21.1,0.0055,,
0.0235,6,-60.6,21.1,0.0085,,
0.0310,7,-60.0,21.1,0.0075,,
0.0395,8,-59.0,21.1,0.0085,,
0.0480,9,-57.5,21.1,0.0075,,
0.0565,10,-56.2,21.1,0.0075,,
0.0650,11,-54.9,21.1,0.0075,,
0.0735,12,-53.2,21.1,0.0075,,
0.0810,13,-51.8,21.1,0.0075,,
0.0890,14,-49.7,21.1,0.0080,,
0.0975,15,-47.9,21.1,0.0075,,
0.1060,16,-46.1,21.1,0.0075,,
0.1145,17,-43.8,21.1,0.0075,,
0.1230,18,-41.9,21.1,0.0085,,
0.1305,19,-39.2,21.1,0.0075,,
0.1390,20,-36.6,21.1,0.0085,,
0.1475,21,-34.2,21.1,0.0075,,
0.1555,22,-31.2,21.1,0.0075,,
0.1640,23,-28.2,21.1,0.0075,,
0.1725,24,-25.4,21.1,0.0085,,
0.1800,25,-22.4,21.1,0.0075,,
0.1885,26,-19.4,21.1,0.0085,,
0.1970,27,-16.5,21.1,0.0085,,
0.2055,28,-13.6,21.1,0.0075,,
0.2135,29,-11.3,21.1,0.0075,,
0.2220,30,-9.3,21.1,0.0075,,
0.2295,31,-7.4,21.1,0.0075,,
0.2380,32,-5.2,21.1,0.0085,,
0.2465,33,-3.4,21.1,0.0085,,
0.2550,34,-1.8,21.1,0.0075,,
0.2635,35,-0.4,21.1,0.0075,,
0.2715,36,1.2,21.1,0.0075,,
0.2795,37,2.4,21.1,0.0080,,
0.2875,38,4.0,21.1,0.0080,,
0.2960,39,5.2,21.1,0.0085,,
0.3045,40,6.4,21.1,0.0075,,
0.3130,41,7.8,21.1,0.0075,,
0.3215,42,8.9,21.1,0.0075,,
0.3290,43,10.0,21.1,0.0075,,
0.3375,44,10.9,21.1,0.0085,,
0.3455,45,12.0,21.1,0.0080,,
0.3540,46,13.2,21.1,0.0075,,
0.3625,47,14.2,21.1,0.0075,,
0.3710,48,15.2,21.1,0.0075,,
0.3795,49,16.3,21.1,0.0075,,
0.3870,50,17.2,21.1,0.0075,,
0.3955,51,18.5,21.1,0.0085,,
0.4040,52,19.4,21.1,0.0075,,
0.4120,53,20.2,21.1,0.0075,,
0.4205,54,21.3,21.1,0.0075,,
0.4290,55,22.0,21.1,0.0085,,
0.4365,56,23.2,21.1,0.0075,,
0.4450,57,24.0,21.1,0.0085,,
0.4535,58,24.7,21.1,0.0075,,
0.4620,59,25.8,21.1,0.0075,,
0.4705,60,26.8,21.1,0.0075,,
0.4785,61,27.6,21.1,0.0080,,
0.4860,62,28.6,21.1,0.0075,,
0.4945,63,29.3,21.1,0.0085,,
0.5030,64,30.4,21.1,0.0075,,
0.5115,65,31.4,21.1,0.0075,,
0.5200,66,32.0,21.1,0.0075,,
0.5285,67,32.9,21.1,0.0085,,
0.5360,68,33.6,21.1,0.0075,,
0.5445,69,34.7,21.1,0.0085,,
0.5525,70,35.6,21.1,0.0075,,
0.5610,71,36.3,21.1,0.0075,,
0.5695,72,37.3,21.1,0.0075,,
0.5780,73,38.4,21.1,0.0075,,
0.5855,74,39.0,21.1,0.0075,,
0.5940,75,40.0,21.1,0.0085,,
0.6025,76,40.7,21.1,0.0075,,
0.6105,77,41.7,21.1,0.0075,,
0.6190,78,42.5,21.1,0.0075,,
0.6275,79,43.3,21.1,0.0075,,
0.6350,80,44.3,21.1,0.0075,,
0.6435,81,45.0,21.1,0.0085,,
0.6520,82,46.0,21.1,0.0075,,
0.6605,83,46.9,21.1,0.0075,,
0.6690,84,47.6,21.1,0.0075,,
0.6770,85,48.4,21.1,0.0080,,
0.6850,86,49.3,21.1,0.0080,,
0.6930,87,50.4,21.1,0.0080,,
0.7015,88,51.3,21.1,0.0075,,
0.7100,89,52.0,21.1,0.0075,,
0.7185,90,52.9,21.1,0.0075,,
0.7270,91,54.0,21.1,0.0075,,
0.7345,92,54.7,21.1,0.0075,,
0.7430,93,55.6,21.1,0.0085,,
0.7510,94,56.3,21.1,0.0075,,
0.7595,95,57.2,21.1,0.0075,,
0.7680,96,58.4,21.1,0.0075,,
0.7765,97,59.2,21.1,0.0075,,
0.7840,98,60.3,21.1,0.0075,,
0.7925,99,61.0,21.1,0.0085,,
0.8010,100,61.9,21.1,0.0085,,
0.8090,101,63.1,21.1,0.0075,,
0.8175,102,63.8,21.1,0.0075,,
0.8260,103,64.6,21.1,0.0075,,
0.8335,104,65.5,21.1,0.0075,,
0.8420,105,66.5,21.1,0.0085,,
0.8505,106,67.6,21.1,0.0085,,
0.8590,107,68.5,21.1,0.0075,,
0.8670,108,69.4,21.1,0.0075,,
0.8755,109,70.5,21.1,0.0075,,
0.8830,110,71.2,21.1,0.0075,,
0.8915,111,72.4,21.1,0.0085,,
0.9000,112,73.1,21.1,0.0085,,
0.9085,113,73.9,21.1,0.0075,,
0.9170,114,75.0,21.1,0.0075,,
0.9250,115,76.0,21.1,0.0075,,
0.9335,116,76.8,21.1,0.0075,,
0.9410,117,77.9,21.1,0.0075,,
0.9495,118,78.7,21.1,0.0085,,
0.9580,119,79.9,21.1,0.0075,,
0.9665,120,81.0,21.1,0.0075,,
0.9750,121,81.9,21.1,0.0075,,
0.9835,122,83.0,21.1,0.0085,,
0.9910,123,84.1,21.1,0.0075,,
0.9995,124,85.4,21.1,0.0085,,
1.0075,125,86.5,21.1,0.0075,,
1.0160,126,87.5,21.1,0.0075,,
1.0245,127,88.7,21.1,0.0075,,
1.0330,128,89.9,21.1,0.0075,,
1.0405,129,90.9,21.1,0.0075,,
1.0490,130,92.2,21.1,0.0085,,
1.0575,131,93.2,21.1,0.0075,,
1.0655,132,94.6,21.1,0.0075,,
1.0740,133,96.1,21.1,0.0075,,
1.0825,134,97.3,21.1,0.0075,,
1.0900,135,98.6,21.1,0.0075,,
1.0985,136,100.0,21.1,0.0085,,
1.1070,137,101.8,21.1,0.0075,,
1.1155,138,103.4,21.1,0.0075,,
1.1240,139,104.6,21.1,0.0075,,
1.1320,140,106.4,21.1,0.0080,,
1.1400,141,108.1,21.1,0.0080,,
1.1480,142,109.9,21.1,0.0080,,
1.1565,143,111.7,21.1,0.0075,,
1.1650,144,113.6,21.1,0.0075,,
1.1735,145,115.9,21.1,0.0075,,
1.1820,146,117.7,21.1,0.0085,,
1.1895,147,120.2,21.1,0.0075,,
1.1980,148,122.7,21.1,0.0085,,
1.2060,149,125.0,21.1,0.0080,,
1.2145,150,127.5,21.1,0.0075,,
1.2230,151,130.3,21.1,0.0075,,
1.2315,152,133.2,21.1,0.0075,,
1.2390,153,136.1,21.1,0.0075,,
1.2475,154,139.2,21.1,0.0085,,
1.2560,155,142.6,21.1,0.0085,,
1.2640,156,146.5,21.1,0.0075,,
1.2725,157,149.9,21.1,0.0075,,
1.2810,158,153.4,21.1,0.0075,,
1.2885,159,156.8,21.1,0.0075,,
1.2970,160,160.1,21.1,0.0085,,
1.3055,161,163.6,21.1,0.0085,,
1.3140,162,166.7,21.1,0.0075,,
1.3225,163,169.5,21.1,0.0075,,
1.3305,164,172.4,21.1,0.0075,,
1.3385,165,174.7,21.1,0.0080,,
1.3465,166,177.2,21.1,0.0080,,
1.3550,167,179.3,21.1,0.0085,,
1.3635,168,181.3,21.1,0.0075,,
1.3720,169,183.3,21.1,0.0075,,
1.3820,170,185.1,21.1,0.0075,,
1.3820,410,187.6,21.2,0.0000,,
1.3825,411,187.5,21.2,0.0005,,
1.3840,412,187.7,21.2,0.0010,,
1.3865,413,188.0,21.2,0.0020,,
1.3905,414,188.4,21.2,0.0025,,
1.3965,416,189.2,21.2,0.0040,,
1.4050,416,190.5,21.2,0.0170,,
1.4125,417,191.7,21.2,0.0055,,
1.4205,418,192.9,21.2,0.0055,,
1.4290,419,194.1,21.2,0.0060,,
1.4375,420,195.3,21.2,0.0055,,
1.4460,422,196.7,21.2,0.0055,,
1.4545,422,197.7,21.2,0.0170,,
1.4620,423,198.7,21.2,0.0055,,
1.4705,424,199.6,21.2,0.0060,,
1.4785,425,200.7,21.2,0.0055,,
1.4870,426,201.9,21.2,0.0055,,
1.4955,428,202.5,21.2,0.0055,,
1.5040,428,203.4,21.2,0.0170,,
1.5125,429,204.2,21.2,0.0060,,
1.5200,430,205.1,21.2,0.0055,,
1.5285,431,206.1,21.2,0.0060,,
1.5370,432,206.8,21.2,0.0055,,
1.5450,434,207.5,21.2,0.0055,,
1.5535,434,208.3,21.2,0.0170,,
1.5620,435,209.0,21.2,0.0060,,
1.5695,436,209.9,21.2,0.0055,,
1.5780,437,210.6,21.2,0.0060,,
1.5865,438,211.0,21.2,0.0060,,
1.5945,440,211.7,21.2,0.0055,,
1.6030,440,212.5,21.2,0.0170,,
1.6115,442,212.9,21.2,0.0055,,
1.6190,442,213.7,21.2,0.0185,,
1.6275,443,214.1,21.2,0.0060,,
1.6360,444,214.8,21.2,0.0060,,
1.6445,446,215.5,21.2,0.0055,,
1.6530,446,215.8,21.2,0.0170,,
1.6610,448,216.4,21.2,0.0055,,
1.6685,448,216.7,21.2,0.0185,,
1.6770,449,217.4,21.2,0.0060,,
1.6855,450,218.1,21.2,0.0060,,
1.6940,452,218.4,21.2,0.0055,,
1.7025,452,218.9,21.2,0.0170,,
1.7110,454,219.6,21.2,0.0055,,
1.7185,454,219.9,21.2,0.0185,,
1.7270,455,220.4,21.2,0.0060,,
1.7350,456,220.7,21.2,0.0055,,
1.7435,458,221.2,21.2,0.0055,,
1.7520,458,221.9,21.2,0.0170,,
1.7605,460,222.1,21.2,0.0055,,
1.7680,460,222.6,21.2,0.0185,,
1.7765,461,222.8,21.2,0.0060,,
1.7850,462,223.3,21.2,0.0060,,
1.7930,464,223.8,21.2,0.0055,,
1.8015,464,224.1,21.2,0.0170,,
1.8100,466,224.4,21.2,0.0055,,
1.8185,466,224.7,21.2,0.0210,,
1.8260,467,225.1,21.2,0.0055,,
1.8345,468,225.7,21.2,0.0060,,
1.8430,470,225.9,21.2,0.0055,,
1.8515,470,226.1,21.2,0.0170,,
1.8595,472,226.7,21.2,0.0055,,
1.8680,472,227.0,21.2,0.0170,,
1.8755,473,227.4,21.2,0.0055,,
1.8840,474,227.6,21.2,0.0060,,
1.8925,475,227.9,21.2,0.0060,,
1.9010,476,228.5,21.2,0.0055,,
1.9095,478,228.8,21.2,0.0055,,
1.9175,478,229.0,21.2,0.0160,,
1.9250,479,229.3,21.2,0.0055,,
1.9335,480,229.6,21.2,0.0060,,
1.9420,481,230.1,21.2,0.0060,,
1.9505,482,230.5,21.2,0.0055,,
1.9590,484,230.6,21.2,0.0055,,
1.9675,484,231.0,21.2,0.0170,,
1.9750,485,231.2,21.2,0.0055,,
1.9835,486,231.6,21.2,0.0060,,
1.9915,487,232.0,21.2,0.0055,,
2.0000,488,232.1,21.2,0.0055,,
2.0085,490,232.5,21.2,0.0055,,
2.0170,490,232.8,21.2,0.0170,,
2.0245,491,233.0,21.2,0.0055,,
2.0330,492,233.3,21.2,0.0060,,
2.0410,493,233.3,21.2,0.0055,,
2.0490,494,233.6,21.2,0.0055,,
2.0565,496,234.1,21.2,0.0050,,
2.0635,496,234.2,21.2,0.0140,,
2.0665,497,234.5,21.2,0.0020,,
2.0665,498,234.3,21.2,0.0000,,
2.0670,499,234.4,21.2,0.0005,,
2.0685,500,234.6,21.2,0.0010,,
2.0695,502,234.4,21.2,0.0005,,
2.0700,502,234.3,21.2,0.0010,,
2.0705,503,234.4,21.2,0.0005,,
2.0715,504,234.5,21.2,0.0005,,
2.0720,505,234.6,21.2,0.0005,,
2.0735,506,234.6,21.2,0.0010,,
2.0755,508,234.6,21.2,0.0015,,
2.0765,508,234.9,21.2,0.0020,,
2.0770,510,234.9,21.2,0.0005,,
2.0775,510,235.1,21.2,0.0015,,
Scope 1/1, Sample 11/32 (3)
Result,TitrationEP1
V,t,E,T,dV/dt,E acc. stat.,Volume acc. stat.
0.0000,0,-60.5,21.1,NaN,,
0.0010,1,-60.5,21.1,0.0010,,
0.0025,2,-60.4,21.1,0.0015,,
0.0050,3,-60.6,21.1,0.0025,,
0.0085,4,-60.4,21.1,0.0030,,
0.0150,5,-59.9,21.1,0.0060,,
0.0230,6,-59.4,21.1,0.0075,,
0.0315,7,-58.7,21.1,0.0075,,
0.0400,8,-57.4,21.1,0.0075,,
0.0475,9,-56.5,21.1,0.0075,,
0.0560,10,-55.0,21.1,0.0075,,
0.0645,11,-53.6,21.1,0.0075,,
0.0725,12,-52.0,21.1,0.0075,,
0.0810,13,-50.0,21.1,0.0075,,
0.0895,14,-48.2,21.1,0.0075,,
0.0970,15,-46.3,21.1,0.0075,,
0.1055,16,-44.4,21.1,0.0075,,
0.1140,17,-42.3,21.1,0.0075,,
0.1225,18,-39.8,21.1,0.0075,,
0.1305,19,-37.2,21.1,0.0075,,
0.1390,20,-34.7,21.1,0.0075,,
0.1465,21,-32.0,21.1,0.0075,,
0.1550,22,-29.2,21.1,0.0075,,
0.1635,23,-26.0,21.1,0.0075,,
0.1720,24,-22.9,21.1,0.0075,,
0.1805,25,-19.9,21.1,0.0075,,
0.1885,26,-17.0,21.1,0.0075,,
0.1970,27,-14.7,21.1,0.0085,,
0.2045,28,-12.0,21.1,0.0075,,
0.2130,29,-9.8,21.1,0.0075,,
0.2215,30,-7.7,21.1,0.0075,,
0.2300,31,-5.7,21.1,0.0075,,
0.2385,32,-3.7,21.1,0.0075,,
0.2465,33,-2.2,21.1,0.0080,,
0.2545,34,-0.7,21.1,0.0080,,
0.2625,35,0.7,21.1,0.0075,,
0.2710,36,2.3,21.1,0.0075,,
0.2795,37,3.8,21.1,0.0075,,
0.2880,38,5.0,21.1,0.0075,,
0.2965,39,6.2,21.1,0.0085,,
0.3040,40,7.4,21.1,0.0075,,
0.3125,41,8.7,21.1,0.0075,,
0.3210,42,9.9,21.1,0.0075,,
0.3290,43,10.9,21.1,0.0075,,
0.3375,44,12.0,21.1,0.0075,,
0.3460,45,13.1,21.1,0.0075,,
0.3535,46,13.8,21.1,0.0075,,
0.3620,47,15.1,21.1,0.0075,,
0.3705,48,16.0,21.1,0.0075,,
0.3790,49,17.1,21.1,0.0075,,
0.3870,50,18.2,21.1,0.0075,,
0.3955,51,19.1,21.1,0.0075,,
0.4030,52,19.9,21.1,0.0075,,
0.4115,53,20.7,21.1,0.0075,,
0.4200,54,21.6,21.1,0.0075,,
0.4285,55,22.6,21.1,0.0075,,
0.4370,56,23.5,21.1,0.0075,,
0.4450,57,24.4,21.1,0.0075,,
0.4530,58,25.2,21.1,0.0080,,
0.4610,59,26.1,21.1,0.0075,,
0.4695,60,27.2,21.1,0.0075,,
0.4780,61,28.0,21.1,0.0075,,
0.4865,62,28.8,21.1,0.0075,,
0.4950,63,29.8,21.1,0.0075,,
0.5025,64,30.6,21.1,0.0075,,
0.5110,65,31.7,21.1,0.0075,,
0.5190,66,32.5,21.1,0.0075,,
0.5275,67,33.2,21.1,0.0075,,
0.5360,68,34.1,21.1,0.0075,,
0.5445,69,35.1,21.1,0.0075,,
0.5520,70,35.9,21.1,0.0075,,
0.5605,71,36.7,21.1,0.0075,,
0.5690,72,37.5,21.1,0.0075,,
0.5775,73,38.6,21.1,0.0075,,
0.5855,74,39.5,21.1,0.0075,,
0.5940,75,40.2,21.1,0.0075,,
0.6015,76,41.0,21.1,0.0075,,
0.6100,77,41.8,21.1,0.0075,,
0.6185,78,42.9,21.1,0.0075,,
0.6270,79,43.8,21.1,0.0075,,
0.6355,80,44.5,21.1,0.0075,,
0.6435,81,45.4,21.1,0.0075,,
0.6520,82,46.3,21.1,0.0085,,
0.6595,83,47.2,21.1,0.0075,,
0.6680,84,48.1,21.1,0.0075,,
0.6765,85,48.7,21.1,0.0075,,
0.6850,86,49.6,21.1,0.0075,,
0.6935,87,50.7,21.1,0.0075,,
0.7020,88,51.5,21.1,0.0085,,
0.7095,89,52.3,21.1,0.0075,,
0.7175,90,53.2,21.1,0.0075,,
0.7260,91,54.1,21.1,0.0075,,
0.7345,92,55.0,21.1,0.0075,,
0.7430,93,55.8,21.1,0.0075,,
0.7515,94,56.7,21.1,0.0085,,
0.7590,95,57.5,21.1,0.0075,,
0.7675,96,58.5,21.1,0.0075,,
0.7760,97,59.5,21.1,0.0075,,
0.7840,98,60.4,21.1,0.0075,,
0.7925,99,61.3,21.1,0.0075,,
0.8010,100,62.1,21.1,0.0085,,
0.8085,101,63.2,21.1,0.0075,,
0.8170,102,64.2,21.1,0.0075,,
0.8255,103,65.1,21.1,0.0075,,
0.8340,104,66.0,21.1,0.0075,,
0.8425,105,67.2,21.1,0.0075,,
0.8505,106,67.9,21.1,0.0080,,
0.8585,107,68.8,21.1,0.0075,,
0.8665,108,69.6,21.1,0.0075,,
0.8750,109,70.7,21.1,0.0075,,
0.8835,110,71.7,21.1,0.0075,,
0.8920,111,72.3,21.1,0.0075,,
0.8995,112,73.4,21.1,0.0075,,
0.9080,113,74.3,21.1,0.0085,,
0.9165,114,75.4,21.1,0.0075,,
0.9245,115,76.5,21.1,0.0075,,
0.9330,116,77.5,21.1,0.0075,,
0.9415,117,78.5,21.1,0.0075,,
0.9500,118,79.4,21.1,0.0085,,
0.9575,119,80.4,21.1,0.0070,,
0.9660,120,81.6,21.1,0.0075,,
0.9745,121,82.5,21.1,0.0075,,
0.9830,122,83.6,21.1,0.0075,,
0.9910,123,84.9,21.1,0.0075,,
0.9995,124,85.8,21.1,0.0085,,
1.0070,125,87.1,21.1,0.0075,,
1.0155,126,88.0,21.1,0.0075,,
1.0240,127,89.3,21.1,0.0075,,
1.0325,128,90.7,21.1,0.0075,,
1.0410,129,91.8,21.1,0.0075,,
1.0490,130,92.8,21.1,0.0075,,
1.0570,131,94.1,21.1,0.0080,,
1.0650,132,95.4,21.1,0.0075,,
1.0735,133,96.7,21.1,0.0075,,
1.0820,134,98.2,21.1,0.0075,,
1.0905,135,99.4,21.1,0.0075,,
1.0985,136,101.0,21.1,0.0075,,
1.1065,137,102.4,21.1,0.0080,,
1.1145,138,104.0,21.1,0.0075,,
1.1230,139,105.9,21.1,0.0075,,
1.1315,140,107.3,21.1,0.0075,,
1.1400,141,109.1,21.1,0.0075,,
1.1485,142,111.1,21.1,0.0075,,
1.1570,143,112.8,21.1,0.0085,,
1.1645,144,114.7,21.1,0.0070,,
1.1730,145,116.7,21.1,0.0075,,
1.1810,146,119.1,21.1,0.0075,,
1.1895,147,121.7,21.1,0.0075,,
1.1980,148,124.1,21.1,0.0075,,
1.2065,149,126.7,21.1,0.0085,,
1.2140,150,129.3,21.1,0.0075,,
1.2225,151,132.1,21.1,0.0075,,
1.2310,152,135.6,21.1,0.0075,,
1.2390,153,138.9,21.1,0.0075,,
1.2475,154,142.4,21.1,0.0075,,
1.2560,155,145.8,21.1,0.0075,,
1.2635,156,148.8,21.1,0.0075,,
1.2720,157,152.8,21.1,0.0075,,
1.2805,158,156.3,21.1,0.0075,,
1.2890,159,159.5,21.1,0.0075,,
1.2970,160,163.0,21.1,0.0075,,
1.3055,161,166.2,21.1,0.0075,,
1.3130,162,168.9,21.1,0.0075,,
1.3215,163,171.6,21.1,0.0075,,
1.3300,164,174.3,21.1,0.0075,,
1.3385,165,176.9,21.1,0.0075,,
1.3470,166,179.1,21.1,0.0075,,
1.3555,167,181.1,21.1,0.0075,,
1.3630,168,182.8,21.1,0.0075,,
1.3710,169,184.5,21.1,0.0075,,
1.3755,170,185.4,21.1,0.0075,,
1.3755,410,188.0,21.2,0.0000,,
1.3760,411,187.9,21.2,0.0010,,
1.3775,412,187.7,21.2,0.0025,,
1.3800,413,188.1,21.2,0.0040,,
1.3840,414,188.7,21.2,0.0055,,
1.3900,415,189.4,21.2,0.0085,,
1.3980,416,190.5,21.2,0.0115,,
1.4060,417,191.8,21.2,0.0135,,
1.4140,418,193.3,21.2,0.0135,,
1.4225,419,194.5,21.2,0.0140,,
1.4310,420,195.7,21.2,0.0120,,
1.4395,421,196.7,21.2,0.0120,,
1.4480,422,198.0,21.2,0.0120,,
1.4560,423,198.8,21.2,0.0135,,
1.4640,424,200.0,21.2,0.0135,,
1.4720,425,200.9,21.2,0.0135,,
1.4805,426,201.8,21.2,0.0120,,
1.4890,427,202.9,21.2,0.0120,,
1.4975,428,203.8,21.2,0.0120,,
1.5060,429,204.7,21.2,0.0140,,
1.5135,430,205.3,21.2,0.0125,,
1.5220,431,206.2,21.2,0.0140,,
1.5300,432,207.1,21.2,0.0115,,
1.5385,433,207.8,21.2,0.0120,,
1.5470,434,208.4,21.2,0.0120,,
1.5555,435,209.1,21.2,0.0140,,
1.5630,436,209.7,21.2,0.0125,,
1.5715,437,210.6,21.2,0.0140,,
1.5800,438,211.2,21.2,0.0120,,
1.5885,439,211.7,21.2,0.0120,,
1.5965,440,212.3,21.2,0.0115,,
1.6050,441,212.9,21.2,0.0140,,
1.6125,442,213.7,21.2,0.0125,,
1.6210,443,214.3,21.2,0.0140,,
1.6295,444,214.7,21.2,0.0120,,
1.6380,445,215.4,21.2,0.0120,,
1.6465,446,216.0,21.2,0.0120,,
1.6545,447,216.4,21.2,0.0115,,
1.6625,448,217.0,21.2,0.0135,,
1.6705,449,217.4,21.2,0.0135,,
1.6790,450,218.0,21.2,0.0120,,
1.6875,451,218.5,21.2,0.0120,,
1.6960,452,218.8,21.2,0.0120,,
1.7035,453,219.3,21.2,0.0125,,
1.7120,454,219.7,21.2,0.0140,,
1.7205,455,220.4,21.2,0.0140,,
1.7290,456,220.8,21.2,0.0120,,
1.7375,457,221.1,21.2,0.0120,,
1.7455,458,221.8,21.2,0.0115,,
1.7535,459,222.1,21.2,0.0135,,
1.7615,460,222.7,21.2,0.0135,,
1.7700,461,223.0,21.2,0.0140,,
1.7785,462,223.4,21.2,0.0120,,
1.7870,463,223.9,21.2,0.0120,,
1.7955,464,224.3,21.2,0.0120,,
1.8030,465,224.7,21.2,0.0125,,
1.8115,466,224.8,21.2,0.0140,,
1.8195,467,225.1,21.2,0.0135,,
1.8280,468,225.6,21.2,0.0120,,
1.8365,469,226.2,21.2,0.0120,,
1.8450,470,226.5,21.2,0.0120,,
1.8525,471,226.8,21.2,0.0125,,
1.8610,472,227.0,21.2,0.0140,,
1.8695,473,227.5,21.2,0.0140,,
1.8775,474,227.8,21.2,0.0115,,
1.8860,475,228.0,21.2,0.0120,,
1.8945,476,228.3,21.2,0.0120,,
1.9030,477,228.9,21.2,0.0120,,
1.9105,478,229.0,21.2,0.0125,,
1.9190,479,229.5,21.2,0.0140,,
1.9275,480,229.6,21.2,0.0120,,
1.9355,481,230.0,21.2,0.0115,,
1.9440,482,230.4,21.2,0.0120,,
1.9525,483,230.6,21.2,0.0120,,
1.9600,484,230.9,21.2,0.0125,,
1.9685,485,231.1,21.2,0.0140,,
1.9770,486,231.5,21.2,0.0120,,
1.9855,487,232.0,21.2,0.0120,,
1.9940,488,232.1,21.2,0.0120,,
2.0020,489,232.4,21.2,0.0115,,
2.0100,490,232.6,21.2,0.0135,,
2.0180,491,232.9,21.2,0.0135,,
2.0265,492,233.3,21.2,0.0140,,
2.0345,493,233.4,21.2,0.0115,,
2.0430,494,233.5,21.2,0.0120,,
2.0495,495,234.0,21.2,0.0095,,
2.0500,496,234.0,21.2,0.0010,,
2.0505,497,234.2,21.2,0.0010,,
2.0505,498,234.1,21.2,0.0000,,
2.0525,499,234.2,21.2,0.0030,,
2.0535,500,234.4,21.2,0.0015,,
2.0545,501,234.5,21.2,0.0015,,
2.0555,502,234.5,21.2,0.0015,,
2.0570,503,234.4,21.2,0.0025,,
2.0590,504,234.4,21.2,0.0035,,
2.0615,505,234.6,21.2,0.0035,,
2.0640,506,234.5,21.2,0.0035,,
2.0670,507,234.5,21.2,0.0045,,
2.0700,508,234.7,21.2,0.0050,,
2.0710,509,234.6,21.2,0.0015,,
2.0720,510,234.9,21.2,0.0015,,
2.0730,511,235.1,21.2,0.0015,,
Scope 1/1, Sample 12/32 (4)
Result,TitrationEP1
V,t,E,T,dV/dt,E acc. stat.,Volume acc. stat.
0.0000,0,-61.0,21.0,NaN,,
0.0010,1,-61.2,21.0,0.0010,,
0.0025,2,-61.1,21.0,0.0015,,
0.0050,3,-61.1,21.0,0.0025,,
0.0090,4,-60.7,21.0,0.0035,,
0.0150,5,-60.5,21.0,0.0055,,
0.0235,6,-59.9,21.0,0.0075,,
0.0320,7,-58.8,21.0,0.0075,,
0.0405,8,-57.9,21.0,0.0085,,
0.0480,9,-56.4,21.0,0.0070,,
0.0565,10,-55.2,21.0,0.0075,,
0.0650,11,-53.6,21.0,0.0075,,
0.0730,12,-51.8,21.0,0.0075,,
0.0815,13,-50.1,21.0,0.0075,,
0.0900,14,-48.3,21.0,0.0085,,
0.0975,15,-46.4,21.0,0.0070,,
0.1060,16,-44.3,21.0,0.0075,,
0.1145,17,-41.9,21.0,0.0075,,
0.1230,18,-39.6,21.0,0.0075,,
0.1315,19,-37.1,21.0,0.0075,,
0.1395,20,-34.7,21.0,0.0080,,
0.1475,21,-31.8,21.0,0.0075,,
0.1555,22,-28.8,21.0,0.0075,,
0.1640,23,-25.9,21.0,0.0075,,
0.1725,24,-22.8,21.0,0.0075,,
0.1810,25,-19.5,21.0,0.0075,,
0.1895,26,-17.1,21.0,0.0085,,
0.1970,27,-14.2,21.0,0.0075,,
0.2055,28,-11.8,21.0,0.0075,,
0.2135,29,-9.6,21.0,0.0075,,
0.2220,30,-7.3,21.0,0.0075,,
0.2305,31,-5.4,21.0,0.0075,,
0.2390,32,-3.7,21.0,0.0075,,
0.2465,33,-2.2,21.0,0.0075,,
0.2550,34,-0.8,21.0,0.0075,,
0.2635,35,0.8,21.0,0.0075,,
0.2715,36,2.2,21.0,0.0075,,
0.2800,37,3.6,21.0,0.0075,,
0.2885,38,4.9,21.0,0.0075,,
0.2960,39,6.0,21.0,0.0075,,
0.3045,40,7.4,21.0,0.0075,,
0.3130,41,8.7,21.0,0.0075,,
0.3215,42,9.8,21.0,0.0075,,
0.3295,43,11.0,21.0,0.0075,,
0.3380,44,12.2,21.0,0.0075,,
0.3465,45,13.2,21.0,0.0085,,
0.3540,46,14.2,21.0,0.0070,,
0.3625,47,15.0,21.0,0.0075,,
0.3710,48,16.2,21.0,0.0075,,
0.3795,49,17.4,21.0,0.0075,,
0.3880,50,18.1,21.0,0.0075,,
0.3955,51,19.0,21.0,0.0075,,
0.4040,52,19.9,21.0,0.0075,,
0.4120,53,20.9,21.0,0.0075,,
0.4205,54,22.0,21.0,0.0075,,
0.4290,55,22.8,21.0,0.0075,,
0.4375,56,23.7,21.0,0.0075,,
0.4450,57,24.6,21.0,0.0075,,
0.4535,58,25.7,21.0,0.0075,,
0.4620,59,26.6,21.0,0.0075,,
0.4700,60,27.3,21.0,0.0075,,
0.4785,61,28.2,21.0,0.0075,,
0.4870,62,29.3,21.0,0.0075,,
0.4945,63,30.0,21.0,0.0075,,
0.5030,64,31.0,21.0,0.0075,,
0.5115,65,31.7,21.0,0.0075,,
0.5200,66,32.6,21.0,0.0075,,
0.5285,67,33.7,21.0,0.0075,,
0.5365,68,34.5,21.0,0.0075,,
0.5450,69,35.4,21.0,0.0085,,
0.5525,70,36.1,21.0,0.0070,,
0.5610,71,37.1,21.0,0.0075,,
0.5695,72,38.1,21.0,0.0075,,
0.5780,73,38.9,21.0,0.0075,,
0.5865,74,39.7,21.0,0.0075,,
0.5940,75,40.4,21.0,0.0075,,
0.6025,76,41.4,21.0,0.0075,,
0.6105,77,42.3,21.0,0.0075,,
0.6190,78,43.1,21.0,0.0075,,
0.6275,79,43.9,21.0,0.0075,,
0.6360,80,44.9,21.0,0.0075,,
0.6445,81,45.5,21.0,0.0085,,
0.6520,82,46.6,21.0,0.0070,,
0.6605,83,47.4,21.0,0.0075,,
0.6685,84,48.2,21.0,0.0075,,
0.6770,85,49.3,21.0,0.0075,,
0.6855,86,50.1,21.0,0.0075,,
0.6940,87,50.8,21.0,0.0075,,
0.7015,88,51.6,21.0,0.0075,,
0.7100,89,52.5,21.0,0.0075,,
0.7185,90,53.6,21.0,0.0075,,
0.7270,91,54.5,21.0,0.0075,,
0.7350,92,55.2,21.0,0.0075,,
0.7435,93,56.1,21.0,0.0075,,
0.7510,94,56.7,21.0,0.0075,,
0.7595,95,57.7,21.0,0.0075,,
0.7680,96,58.7,21.0,0.0075,,
0.7765,97,59.5,21.0,0.0075,,
0.7850,98,60.4,21.0,0.0075,,
0.7930,99,61.5,21.0,0.0075,,
0.8010,100,62.3,21.0,0.0080,,
0.8090,101,63.3,21.0,0.0075,,
0.8175,102,64.2,21.0,0.0075,,
0.8260,103,65.2,21.0,0.0075,,
0.8345,104,66.2,21.0,0.0075,,
0.8430,105,66.8,21.0,0.0075,,
0.8505,106,67.7,21.0,0.0075,,
0.8590,107,68.5,21.0,0.0075,,
0.8675,108,69.5,21.0,0.0075,,
0.8755,109,70.4,21.0,0.0075,,
0.8840,110,71.3,21.0,0.0075,,
0.8925,111,72.3,21.0,0.0075,,
0.9000,112,73.1,21.0,0.0070,,
0.9085,113,74.3,21.0,0.0075,,
0.9170,114,75.2,21.0,0.0075,,
0.9255,115,76.1,21.0,0.0075,,
0.9340,116,77.3,21.0,0.0075,,
0.9420,117,78.1,21.0,0.0080,,
0.9500,118,79.2,21.0,0.0075,,
0.9580,119,80.0,21.0,0.0075,,
0.9665,120,80.9,21.0,0.0075,,
0.9750,121,82.1,21.0,0.0075,,
0.9835,122,83.4,21.0,0.0075,,
0.9920,123,84.5,21.0,0.0085,,
0.9995,124,85.3,21.0,0.0070,,
1.0080,125,86.4,21.0,0.0075,,
1.0160,126,87.8,21.0,0.0075,,
1.0245,127,88.9,21.0,0.0075,,
1.0330,128,89.9,21.0,0.0075,,
1.0415,129,90.8,21.0,0.0085,,
1.0490,130,92.1,21.0,0.0070,,
1.0575,131,93.4,21.0,0.0075,,
1.0660,132,94.9,21.0,0.0075,,
1.0740,133,96.1,21.0,0.0075,,
1.0825,134,97.4,21.0,0.0075,,
1.0910,135,98.5,21.0,0.0085,,
1.0985,136,100.1,21.0,0.0070,,
1.1070,137,101.5,21.0,0.0075,,
1.1155,138,103.0,21.0,0.0075,,
1.1240,139,104.7,21.0,0.0075,,
1.1325,140,106.3,21.0,0.0075,,
1.1405,141,108.0,21.0,0.0075,,
1.1485,142,109.7,21.0,0.0080,,
1.1565,143,111.4,21.0,0.0075,,
1.1650,144,113.3,21.0,0.0075,,
1.1735,145,115.6,21.0,0.0075,,
1.1820,146,117.6,21.0,0.0075,,
1.1905,147,119.6,21.0,0.0075,,
1.1980,148,121.7,21.0,0.0075,,
1.2060,149,124.6,21.0,0.0075,,
1.2145,150,127.4,21.0,0.0075,,
1.2230,151,130.0,21.0,0.0075,,
1.2315,152,132.7,21.0,0.0075,,
1.2400,153,135.8,21.0,0.0075,,
1.2475,154,138.8,21.0,0.0075,,
1.2560,155,142.1,21.0,0.0075,,
1.2645,156,145.1,21.0,0.0075,,
1.2725,157,148.6,21.0,0.0075,,
1.2810,158,152.5,21.0,0.0075,,
1.2895,159,156.1,21.0,0.0075,,
1.2970,160,159.3,21.0,0.0075,,
1.3055,161,162.5,21.0,0.0075,,
1.3140,162,165.6,21.0,0.0075,,
1.3225,163,168.7,21.0,0.0075,,
1.3305,164,171.2,21.0,0.0075,,
1.3390,165,173.6,21.0,0.0075,,
1.3475,166,175.8,21.0,0.0085,,
1.3550,167,178.1,21.0,0.0070,,
1.3635,168,180.5,21.0,0.0075,,
1.3720,169,182.4,21.0,0.0075,,
1.3805,170,184.2,21.0,0.0075,,
1.3855,171,185.0,21.0,0.0070,,
1.3855,411,187.3,21.1,0.0000,,
1.3860,412,187.5,21.1,0.0005,,
1.3875,413,187.4,21.1,0.0020,,
1.3900,414,187.6,21.1,0.0030,,
1.3940,415,188.3,21.1,0.0045,,
1.4005,416,189.2,21.1,0.0070,,
1.4085,417,190.3,21.1,0.0090,,
1.4165,418,191.6,21.1,0.0100,,
1.4245,419,192.8,21.1,0.0100,,
1.4330,420,194.1,21.1,0.0105,,
1.4415,421,195.6,21.1,0.0095,,
1.4500,422,196.5,21.1,0.0095,,
1.4585,423,197.6,21.1,0.0095,,
1.4660,424,198.6,21.1,0.0095,,
1.4740,425,199.7,21.1,0.0100,,
1.4825,426,200.8,21.1,0.0105,,
1.4910,427,201.6,21.1,0.0095,,
1.4995,428,202.5,21.1,0.0095,,
1.5080,429,203.5,21.1,0.0095,,
1.5155,430,204.3,21.1,0.0095,,
1.5240,431,205.2,21.1,0.0105,,
1.5325,432,205.8,21.1,0.0105,,
1.5405,433,206.7,21.1,0.0090,,
1.5490,434,207.6,21.1,0.0095,,
1.5575,435,208.3,21.1,0.0095,,
1.5650,436,208.9,21.1,0.0095,,
1.5735,437,209.4,21.1,0.0105,,
1.5820,438,210.2,21.1,0.0105,,
1.5905,439,211.2,21.1,0.0095,,
1.5985,440,211.6,21.1,0.0090,,
1.6070,441,212.2,21.1,0.0095,,
1.6155,442,212.8,21.1,0.0105,,
1.6230,443,213.6,21.1,0.0095,,
1.6315,444,214.2,21.1,0.0105,,
1.6400,445,214.6,21.1,0.0095,,
1.6485,446,215.2,21.1,0.0095,,
1.6570,447,215.9,21.1,0.0095,,
1.6650,448,216.4,21.1,0.0100,,
1.6730,449,217.0,21.1,0.0100,,
1.6810,450,217.3,21.1,0.0100,,
1.6895,451,217.8,21.1,0.0095,,
1.6980,452,218.4,21.1,0.0095,,
1.7065,453,219.0,21.1,0.0095,,
1.7150,454,219.3,21.1,0.0105,,
1.7225,455,219.5,21.1,0.0095,,
1.7310,456,220.0,21.1,0.0105,,
1.7390,457,220.6,21.1,0.0100,,
1.7475,458,221.0,21.1,0.0095,,
1.7560,459,221.4,21.1,0.0095,,
1.7645,460,221.9,21.1,0.0105,,
1.7720,461,222.3,21.1,0.0095,,
1.7805,462,222.9,21.1,0.0105,,
1.7890,463,223.2,21.1,0.0095,,
1.7970,464,223.4,21.1,0.0090,,
1.8055,465,223.8,21.1,0.0095,,
1.8140,466,224.4,21.1,0.0095,,
1.8215,467,224.7,21.1,0.0095,,
1.8300,468,225.0,21.1,0.0095,,
1.8385,469,225.3,21.1,0.0105,,
1.8470,470,225.7,21.1,0.0095,,
1.8550,471,226.2,21.1,0.0090,,
1.8635,472,226.4,21.1,0.0095,,
1.8710,473,227.0,21.1,0.0095,,
1.8795,474,227.2,21.1,0.0105,,
1.8880,475,227.6,21.1,0.0105,,
1.8965,476,228.0,21.1,0.0095,,
1.9050,477,228.3,21.1,0.0095,,
1.9130,478,228.6,21.1,0.0090,,
1.9215,479,228.9,21.1,0.0105,,
1.9290,480,229.2,21.1,0.0095,,
1.9375,481,229.7,21.1,0.0105,,
1.9460,482,230.0,21.1,0.0095,,
1.9545,483,230.2,21.1,0.0095,,
1.9630,484,230.5,21.1,0.0095,,
1.9715,485,230.8,21.1,0.0105,,
1.9790,486,231.3,21.1,0.0095,,
1.9875,487,231.4,21.1,0.0105,,
1.9955,488,231.5,21.1,0.0090,,
2.0040,489,232.0,21.1,0.0095,,
2.0125,490,232.4,21.1,0.0095,,
2.0210,491,232.5,21.1,0.0095,,
2.0285,492,232.8,21.1,0.0095,,
2.0370,493,233.0,21.1,0.0105,,
2.0455,494,233.4,21.1,0.0105,,
2.0535,495,233.8,21.1,0.0090,,
2.0615,496,233.8,21.1,0.0090,,
2.0685,497,234.1,21.1,0.0080,,
2.0715,498,234.2,21.1,0.0035,,
2.0720,499,234.4,21.1,0.0005,,
2.0725,500,234.5,21.1,0.0005,,
2.0740,501,234.3,21.1,0.0015,,
2.0755,502,234.3,21.1,0.0015,,
2.0770,503,234.6,21.1,0.0015,,
2.0790,504,234.6,21.1,0.0025,,
2.0820,505,234.7,21.1,0.0035,,
2.0835,506,234.7,21.1,0.0020,,
2.0845,507,234.8,21.1,0.0010,,
2.0850,508,234.9,21.1,0.0005,,
2.0860,509,234.7,21.1,0.0010,,
2.0865,510,234.8,21.1,0.0005,,
2.0875,511,234.7,21.1,0.0010,,
2.0890,512,234.8,21.1,0.0020,,
2.0900,513,235.1,21.1,0.0015,,
Scope 1/1, Sample 13/32 (5)
Result,TitrationEP1
V,t,E,T,dV/dt,E acc. stat.,Volume acc. stat.
0.0000,0,-61.6,21.0,NaN,,
0.0010,1,-61.6,21.0,0.0010,,
0.0025,2,-61.8,21.0,0.0015,,
0.0050,3,-61.7,21.0,0.0025,,
0.0085,4,-61.4,21.0,0.0030,,
0.0150,5,-61.1,21.0,0.0060,,
0.0230,6,-60.5,21.0,0.0075,,
0.0315,7,-59.6,21.0,0.0085,,
0.0390,8,-58.6,21.0,0.0075,,
0.0475,9,-57.3,21.0,0.0085,,
0.0560,10,-55.9,21.0,0.0075,,
0.0645,11,-54.5,21.0,0.0075,,
0.0725,12,-52.8,21.0,0.0075,,
0.0810,13,-51.5,21.0,0.0085,,
0.0885,14,-49.5,21.0,0.0075,,
0.0970,15,-47.7,21.0,0.0085,,
0.1055,16,-45.8,21.0,0.0075,,
0.1140,17,-43.6,21.0,0.0075,,
0.1225,18,-41.2,21.0,0.0075,,
0.1305,19,-39.0,21.0,0.0080,,
0.1385,20,-36.5,21.0,0.0080,,
0.1465,21,-33.7,21.0,0.0080,,
0.1550,22,-30.8,21.0,0.0075,,
0.1635,23,-27.8,21.0,0.0075,,
0.1720,24,-24.7,21.0,0.0075,,
0.1805,25,-21.6,21.0,0.0075,,
0.1880,26,-18.8,21.0,0.0075,,
0.1965,27,-15.9,21.0,0.0085,,
0.2045,28,-13.3,21.0,0.0075,,
0.2130,29,-11.0,21.0,0.0075,,
0.2215,30,-8.9,21.0,0.0075,,
0.2300,31,-6.7,21.0,0.0075,,
0.2375,32,-4.9,21.0,0.0075,,
0.2460,33,-3.2,21.0,0.0085,,
0.2545,34,-1.7,21.0,0.0075,,
0.2630,35,0.0,21.0,0.0075,,
0.2710,36,1.4,21.0,0.0075,,
0.2795,37,2.8,21.0,0.0085,,
0.2870,38,4.2,21.0,0.0075,,
0.2955,39,5.4,21.0,0.0085,,
0.3040,40,6.7,21.0,0.0075,,
0.3125,41,8.0,21.0,0.0075,,
0.3210,42,9.1,21.0,0.0075,,
0.3290,43,10.1,21.0,0.0075,,
0.3370,44,11.3,21.0,0.0080,,
0.3450,45,12.5,21.0,0.0080,,
0.3535,46,13.7,21.0,0.0075,,
0.3620,47,14.7,21.0,0.0075,,
0.3705,48,15.7,21.0,0.0075,,
0.3790,49,16.8,21.0,0.0075,,
0.3865,50,17.6,21.0,0.0075,,
0.3950,51,18.7,21.0,0.0085,,
0.4030,52,19.6,21.0,0.0075,,
0.4115,53,20.5,21.0,0.0075,,
0.4200,54,21.6,21.0,0.0075,,
0.4285,55,22.6,21.0,0.0075,,
0.4360,56,23.3,21.0,0.0075,,
0.4445,57,24.1,21.0,0.0085,,
0.4530,58,25.1,21.0,0.0085,,
0.4615,59,26.2,21.0,0.0075,,
0.4695,60,27.1,21.0,0.0075,,
0.4780,61,27.9,21.0,0.0075,,
0.4865,62,28.9,21.0,0.0085,,
0.4940,63,29.7,21.0,0.0075,,
0.5025,64,30.7,21.0,0.0085,,
0.5110,65,31.5,21.0,0.0075,,
0.5195,66,32.2,21.0,0.0075,,
0.5275,67,33.2,21.0,0.0075,,
0.5360,68,34.1,21.0,0.0085,,
0.5435,69,35.0,21.0,0.0075,,
0.5520,70,35.8,21.0,0.0085,,
0.5605,71,36.6,21.0,0.0075,,
0.5690,72,37.6,21.0,0.0075,,
0.5775,73,38.6,21.0,0.0075,,
0.5850,74,39.5,21.0,0.0075,,
0.5935,75,40.2,21.0,0.0085,,
0.6020,76,41.0,21.0,0.0085,,
0.6100,77,42.1,21.0,0.0075,,
0.6185,78,42.9,21.0,0.0075,,
0.6270,79,43.7,21.0,0.0075,,
0.6345,80,44.5,21.0,0.0075,,
0.6430,81,45.4,21.0,0.0085,,
0.6515,82,46.3,21.0,0.0075,,
0.6600,83,47.3,21.0,0.0075,,
0.6680,84,48.1,21.0,0.0075,,
0.6765,85,49.0,21.0,0.0075,,
0.6850,86,49.8,21.0,0.0085,,
0.6925,87,50.8,21.0,0.0075,,
0.7010,88,51.6,21.0,0.0085,,
0.7095,89,52.3,21.0,0.0075,,
0.7180,90,53.4,21.0,0.0075,,
0.7265,91,54.4,21.0,0.0075,,
0.7345,92,55.2,21.0,0.0080,,
0.7425,93,55.9,21.0,0.0080,,
0.7505,94,56.8,21.0,0.0080,,
0.7590,95,57.8,21.0,0.0075,,
0.7675,96,58.8,21.0,0.0075,,
0.7760,97,59.6,21.0,0.0075,,
0.7845,98,60.4,21.0,0.0085,,
0.7920,99,61.2,21.0,0.0075,,
0.8005,100,62.3,21.0,0.0085,,
0.8085,101,63.2,21.0,0.0075,,
0.8170,102,64.1,21.0,0.0075,,
0.8255,103,65.0,21.0,0.0075,,
0.8340,104,65.8,21.0,0.0085,,
0.8415,105,66.9,21.0,0.0075,,
0.8500,106,67.7,21.0,0.0085,,
0.8585,107,68.6,21.0,0.0075,,
0.8670,108,69.6,21.0,0.0075,,
0.8750,109,70.7,21.0,0.0075,,
0.8835,110,71.6,21.0,0.0085,,
0.8910,111,72.6,21.0,0.0075,,
0.8995,112,73.5,21.0,0.0085,,
0.9080,113,74.4,21.0,0.0075,,
0.9165,114,75.5,21.0,0.0075,,
0.9250,115,76.3,21.0,0.0075,,
0.9330,116,77.4,21.0,0.0080,,
0.9410,117,78.4,21.0,0.0080,,
0.9490,118,79.5,21.0,0.0080,,
0.9575,119,80.5,21.0,0.0075,,
0.9660,120,81.5,21.0,0.0075,,
0.9745,121,82.5,21.0,0.0075,,
0.9830,122,83.7,21.0,0.0075,,
0.9905,123,84.6,21.0,0.0075,,
0.9990,124,85.7,21.0,0.0085,,
1.0070,125,86.7,21.0,0.0075,,
1.0155,126,87.8,21.0,0.0075,,
1.0240,127,89.0,21.0,0.0075,,
1.0325,128,90.0,21.0,0.0075,,
1.0400,129,91.2,21.0,0.0075,,
1.0485,130,92.4,21.0,0.0085,,
1.0570,131,93.7,21.0,0.0075,,
1.0650,132,95.1,21.0,0.0075,,
1.0735,133,96.4,21.0,0.0075,,
1.0820,134,97.6,21.0,0.0075,,
1.0895,135,98.8,21.0,0.0075,,
1.0980,136,100.4,21.0,0.0085,,
1.1065,137,101.9,21.0,0.0075,,
1.1150,138,103.5,21.0,0.0075,,
1.1235,139,105.0,21.0,0.0075,,
1.1315,140,106.7,21.0,0.0075,,
1.1395,141,108.3,21.0,0.0080,,
1.1475,142,110.0,21.0,0.0080,,
1.1560,143,111.7,21.0,0.0075,,
1.1645,144,113.9,21.0,0.0075,,
1.1730,145,116.2,21.0,0.0075,,
1.1815,146,118.2,21.0,0.0075,,
1.1890,147,120.3,21.0,0.0075,,
1.1975,148,122.5,21.0,0.0085,,
1.2055,149,125.1,21.0,0.0075,,
1.2140,150,127.9,21.0,0.0075,,
1.2225,151,130.7,21.0,0.0075,,
1.2310,152,133.6,21.0,0.0075,,
1.2385,153,136.4,21.0,0.0075,,
1.2470,154,139.7,21.0,0.0085,,
1.2555,155,143.1,21.0,0.0075,,
1.2640,156,146.6,21.0,0.0075,,
1.2720,157,150.0,21.0,0.0075,,
1.2805,158,153.9,21.0,0.0075,,
1.2880,159,157.1,21.0,0.0075,,
1.2965,160,160.5,21.0,0.0085,,
1.3050,161,163.6,21.0,0.0075,,
1.3135,162,166.8,21.0,0.0075,,
1.3220,163,170.0,21.0,0.0075,,
1.3300,164,172.7,21.0,0.0075,,
1.3385,165,175.0,21.0,0.0085,,
1.3460,166,177.3,21.0,0.0075,,
1.3545,167,179.5,21.0,0.0085,,
1.3630,168,181.6,21.0,0.0075,,
1.3715,169,183.6,21.0,0.0075,,
1.3810,170,185.0,21.0,0.0075,,
1.3810,410,187.7,21.1,0.0000,,
1.3815,411,187.6,21.1,0.0005,,
1.3830,412,187.6,21.1,0.0010,,
1.3855,414,188.1,21.1,0.0015,,
1.3895,414,188.5,21.1,0.0080,,
1.3960,416,189.3,21.1,0.0045,,
1.4045,416,190.5,21.1,0.0210,,
1.4120,417,191.9,21.1,0.0055,,
1.4200,418,193.3,21.1,0.0055,,
1.4285,420,194.4,21.1,0.0055,,
1.4370,420,195.7,21.1,0.0170,,
1.4455,422,196.9,21.1,0.0055,,
1.4540,422,198.0,21.1,0.0170,,
1.4615,423,199.0,21.1,0.0055,,
1.4700,424,200.0,21.1,0.0060,,
1.4785,426,201.0,21.1,0.0055,,
1.4865,426,202.0,21.1,0.0160,,
1.4950,428,202.9,21.1,0.0055,,
1.5035,428,203.8,21.1,0.0170,,
1.5110,429,204.6,21.1,0.0055,,
1.5195,430,205.4,21.1,0.0060,,
1.5280,431,206.3,21.1,0.0060,,
1.5365,432,207.0,21.1,0.0055,,
1.5445,434,207.7,21.1,0.0055,,
1.5530,434,208.4,21.1,0.0170,,
1.5605,435,209.0,21.1,0.0055,,
1.5690,436,209.7,21.1,0.0060,,
1.5775,437,210.5,21.1,0.0060,,
1.5860,438,211.0,21.1,0.0055,,
1.5945,440,211.7,21.1,0.0055,,
1.6025,440,212.4,21.1,0.0160,,
1.6105,441,212.9,21.1,0.0055,,
1.6185,442,213.6,21.1,0.0055,,
1.6270,443,214.2,21.1,0.0060,,
1.6355,444,214.7,21.1,0.0055,,
1.6440,446,215.4,21.1,0.0055,,
1.6525,446,215.9,21.1,0.0170,,
1.6605,447,216.6,21.1,0.0055,,
1.6685,448,216.9,21.1,0.0055,,
1.6765,449,217.4,21.1,0.0055,,
1.6850,450,218.1,21.1,0.0055,,
1.6935,452,218.6,21.1,0.0055,,
1.7020,452,219.0,21.1,0.0170,,
1.7105,454,219.5,21.1,0.0055,,
1.7180,454,219.7,21.1,0.0185,,
1.7265,455,220.4,21.1,0.0060,,
1.7345,456,220.8,21.1,0.0055,,
1.7430,458,221.2,21.1,0.0055,,
1.7515,458,221.6,21.1,0.0170,,
1.7600,460,222.2,21.1,0.0055,,
1.7675,460,222.5,21.1,0.0185,,
1.7760,461,222.9,21.1,0.0060,,
1.7845,462,223.3,21.1,0.0060,,
1.7930,464,223.8,21.1,0.0055,,
1.8010,464,224.3,21.1,0.0160,,
1.8095,465,224.7,21.1,0.0060,,
1.8170,466,225.0,21.1,0.0055,,
1.8255,467,225.3,21.1,0.0060,,
1.8340,468,225.7,21.1,0.0060,,
1.8425,470,226.2,21.1,0.0055,,
1.8510,470,226.4,21.1,0.0170,,
1.8590,472,226.7,21.1,0.0055,,
1.8670,472,226.9,21.1,0.0200,,
1.8750,473,227.5,21.1,0.0055,,
1.8835,474,227.8,21.1,0.0060,,
1.8920,476,228.1,21.1,0.0055,,
1.9005,476,228.5,21.1,0.0170,,
1.9090,478,228.9,21.1,0.0055,,
1.9165,478,229.1,21.1,0.0185,,
1.9250,479,229.4,21.1,0.0060,,
1.9335,480,229.5,21.1,0.0060,,
1.9415,482,229.9,21.1,0.0055,,
1.9500,482,230.3,21.1,0.0170,,
1.9585,484,230.6,21.1,0.0055,,
1.9660,484,230.8,21.1,0.0185,,
1.9745,485,231.1,21.1,0.0060,,
1.9830,486,231.4,21.1,0.0060,,
1.9915,488,231.8,21.1,0.0055,,
1.9995,488,232.0,21.1,0.0160,,
2.0080,490,232.2,21.1,0.0055,,
2.0165,490,232.6,21.1,0.0210,,
2.0240,491,232.9,21.1,0.0055,,
2.0325,492,233.3,21.1,0.0060,,
2.0410,494,233.5,21.1,0.0055,,
2.0495,494,233.6,21.1,0.0170,,
2.0575,496,233.9,21.1,0.0055,,
2.0625,496,234.2,21.1,0.0125,,
2.0660,497,234.4,21.1,0.0025,,
2.0670,498,234.4,21.1,0.0005,,
2.0680,500,234.4,21.1,0.0005,,
2.0690,500,234.5,21.1,0.0020,,
2.0705,502,234.5,21.1,0.0010,,
2.0725,502,234.7,21.1,0.0050,,
2.0740,503,234.6,21.1,0.0010,,
2.0745,504,234.6,21.1,0.0005,,
2.0755,505,234.9,21.1,0.0005,,
2.0760,506,234.9,21.1,0.0005,,
2.0770,508,234.8,21.1,0.0005,,
2.0780,508,234.8,21.1,0.0020,,
2.0785,509,234.9,21.1,0.0005,,
2.0795,510,235.0,21.1,0.0010,,
Scope 1/1, Sample 14/32 (6)
Result,TitrationEP1
V,t,E,T,dV/dt,E acc. stat.,Volume acc. stat.
0.0000,0,-61.6,21.0,NaN,,
0.0010,1,-61.6,21.0,0.0010,,
0.0025,2,-61.8,21.0,0.0015,,
0.0050,3,-61.5,21.0,0.0025,,
0.0085,4,-61.4,21.0,0.0030,,
0.0150,5,-61.3,21.0,0.0060,,
0.0230,6,-60.7,21.0,0.0075,,
0.0315,7,-59.6,21.0,0.0075,,
0.0390,8,-58.7,21.0,0.0075,,
0.0475,9,-57.5,21.0,0.0085,,
0.0560,10,-56.3,21.0,0.0075,,
0.0640,11,-54.6,21.0,0.0075,,
0.0725,12,-52.9,21.0,0.0075,,
0.0810,13,-51.4,21.0,0.0075,,
0.0885,14,-49.4,21.0,0.0075,,
0.0970,15,-47.6,21.0,0.0085,,
0.1055,16,-45.6,21.0,0.0075,,
0.1140,17,-43.2,21.0,0.0075,,
0.1225,18,-41.1,21.0,0.0075,,
0.1305,19,-38.7,21.0,0.0075,,
0.1390,20,-36.4,21.0,0.0085,,
0.1465,21,-33.5,21.0,0.0075,,
0.1550,22,-30.4,21.0,0.0075,,
0.1635,23,-27.6,21.0,0.0075,,
0.1720,24,-24.7,21.0,0.0075,,
0.1805,25,-21.6,21.0,0.0075,,
0.1885,26,-18.6,21.0,0.0075,,
0.1960,27,-16.1,21.0,0.0075,,
0.2045,28,-13.6,21.0,0.0085,,
0.2130,29,-11.4,21.0,0.0075,,
0.2215,30,-9.1,21.0,0.0075,,
0.2300,31,-6.9,21.0,0.0075,,
0.2385,32,-5.1,21.0,0.0075,,
0.2460,33,-3.4,21.0,0.0075,,
0.2545,34,-2.0,21.0,0.0085,,
0.2625,35,-0.1,21.0,0.0075,,
0.2710,36,1.3,21.0,0.0075,,
0.2795,37,2.5,21.0,0.0075,,
0.2880,38,4.0,21.0,0.0075,,
0.2955,39,5.1,21.0,0.0075,,
0.3040,40,6.6,21.0,0.0085,,
0.3125,41,7.8,21.0,0.0075,,
0.3205,42,8.9,21.0,0.0075,,
0.3290,43,10.1,21.0,0.0075,,
0.3375,44,11.3,21.0,0.0075,,
0.3450,45,12.3,21.0,0.0075,,
0.3535,46,13.3,21.0,0.0085,,
0.3620,47,14.3,21.0,0.0075,,
0.3705,48,15.3,21.0,0.0075,,
0.3790,49,16.3,21.0,0.0075,,
0.3870,50,17.2,21.0,0.0075,,
0.3950,51,18.2,21.0,0.0080,,
0.4030,52,19.1,21.0,0.0075,,
0.4115,53,20.2,21.0,0.0075,,
0.4200,54,21.2,21.0,0.0075,,
0.4285,55,22.0,21.0,0.0075,,
0.4370,56,22.9,21.0,0.0085,,
0.4445,57,23.6,21.0,0.0075,,
0.4530,58,24.9,21.0,0.0075,,
0.4615,59,25.9,21.0,0.0075,,
0.4695,60,26.7,21.0,0.0075,,
0.4780,61,27.6,21.0,0.0075,,
0.4865,62,28.6,21.0,0.0075,,
0.4940,63,29.3,21.0,0.0075,,
0.5025,64,30.2,21.0,0.0075,,
0.5110,65,31.0,21.0,0.0075,,
0.5195,66,31.9,21.0,0.0075,,
0.5275,67,32.9,21.0,0.0075,,
0.5360,68,33.6,21.0,0.0075,,
0.5435,69,34.4,21.0,0.0075,,
0.5520,70,35.1,21.0,0.0085,,
0.5605,71,36.1,21.0,0.0075,,
0.5690,72,37.1,21.0,0.0075,,
0.5775,73,37.9,21.0,0.0075,,
0.5855,74,38.7,21.0,0.0075,,
0.5935,75,39.6,21.0,0.0080,,
0.6015,76,40.5,21.0,0.0080,,
0.6100,77,41.6,21.0,0.0075,,
0.6185,78,42.4,21.0,0.0075,,
0.6270,79,43.2,21.0,0.0075,,
0.6355,80,44.3,21.0,0.0075,,
0.6430,81,45.0,21.0,0.0075,,
0.6515,82,46.0,21.0,0.0085,,
0.6595,83,46.8,21.0,0.0075,,
0.6680,84,47.6,21.0,0.0075,,
0.6765,85,48.7,21.0,0.0075,,
0.6850,86,49.6,21.0,0.0075,,
0.6935,87,50.4,21.0,0.0085,,
0.7010,88,51.2,21.0,0.0075,,
0.7095,89,52.0,21.0,0.0075,,
0.7180,90,53.1,21.0,0.0075,,
0.7260,91,54.0,21.0,0.0075,,
0.7345,92,54.7,21.0,0.0075,,
0.7430,93,55.6,21.0,0.0075,,
0.7505,94,56.4,21.0,0.0075,,
0.7590,95,57.4,21.0,0.0075,,
0.7675,96,58.3,21.0,0.0075,,
0.7760,97,59.1,21.0,0.0075,,
0.7840,98,60.0,21.0,0.0075,,
0.7925,99,61.2,21.0,0.0075,,
0.8000,100,61.9,21.0,0.0075,,
0.8085,101,62.8,21.0,0.0085,,
0.8170,102,63.5,21.0,0.0075,,
0.8255,103,64.5,21.0,0.0075,,
0.8340,104,65.7,21.0,0.0075,,
0.8420,105,66.5,21.0,0.0075,,
0.8500,106,67.3,21.0,0.0080,,
0.8580,107,68.2,21.0,0.0075,,
0.8665,108,69.2,21.0,0.0075,,
0.8750,109,70.4,21.0,0.0075,,
0.8835,110,71.1,21.0,0.0075,,
0.8920,111,71.9,21.0,0.0075,,
0.8995,112,72.8,21.0,0.0075,,
0.9080,113,73.9,21.0,0.0085,,
0.9165,114,75.0,21.0,0.0075,,
0.9245,115,75.8,21.0,0.0075,,
0.9330,116,76.9,21.0,0.0075,,
0.9415,117,77.8,21.0,0.0085,,
0.9490,118,79.1,21.0,0.0075,,
0.9575,119,80.0,21.0,0.0075,,
0.9660,120,80.9,21.0,0.0075,,
0.9745,121,82.1,21.0,0.0075,,
0.9825,122,83.3,21.1,0.0075,,
0.9910,123,84.3,21.0,0.0085,,
0.9985,124,85.3,21.0,0.0075,,
1.0070,125,86.3,21.0,0.0075,,
1.0155,126,87.4,21.0,0.0075,,
1.0240,127,88.9,21.0,0.0075,,
1.0325,128,89.9,21.1,0.0075,,
1.0410,129,91.0,21.0,0.0075,,
1.0485,130,92.2,21.0,0.0075,,
1.0570,131,93.6,21.0,0.0085,,
1.0650,132,95.1,21.0,0.0075,,
1.0735,133,96.4,21.0,0.0075,,
1.0820,134,97.6,21.0,0.0075,,
1.0905,135,99.2,21.0,0.0075,,
1.0980,136,100.4,21.0,0.0075,,
1.1065,137,102.1,21.1,0.0085,,
1.1150,138,103.4,21.1,0.0075,,
1.1230,139,104.9,21.1,0.0075,,
1.1315,140,106.9,21.1,0.0075,,
1.1400,141,108.7,21.1,0.0075,,
1.1475,142,110.4,21.1,0.0075,,
1.1560,143,112.2,21.1,0.0085,,
1.1645,144,114.1,21.1,0.0075,,
1.1730,145,116.3,21.1,0.0075,,
1.1810,146,118.4,21.1,0.0075,,
1.1895,147,120.4,21.1,0.0075,,
1.1980,148,123.1,21.1,0.0085,,
1.2055,149,125.6,21.1,0.0075,,
1.2140,150,128.4,21.1,0.0075,,
1.2225,151,131.2,21.1,0.0075,,
1.2310,152,134.1,21.1,0.0075,,
1.2390,153,137.2,21.1,0.0075,,
1.2475,154,141.0,21.1,0.0075,,
1.2550,155,143.9,21.1,0.0075,,
1.2635,156,147.2,21.1,0.0075,,
1.2720,157,150.8,21.1,0.0075,,
1.2805,158,154.5,21.1,0.0075,,
1.2890,159,158.2,21.1,0.0075,,
1.2975,160,161.5,21.1,0.0075,,
1.3050,161,164.5,21.1,0.0075,,
1.3135,162,167.4,21.1,0.0075,,
1.3215,163,170.7,21.1,0.0075,,
1.3300,164,173.3,21.1,0.0075,,
1.3385,165,175.6,21.1,0.0075,,
1.3470,166,178.0,21.1,0.0075,,
1.3545,167,179.8,21.1,0.0075,,
1.3630,168,182.0,21.1,0.0075,,
1.3715,169,184.0,21.1,0.0075,,
1.3790,170,185.3,21.1,0.0075,,
1.3790,410,187.8,21.1,0.0000,,
1.3795,411,187.6,21.1,0.0005,,
1.3810,412,187.7,21.1,0.0015,,
1.3835,413,188.0,21.1,0.0020,,
1.3875,414,188.4,21.1,0.0035,,
1.3935,415,189.3,21.1,0.0050,,
1.4015,416,190.7,21.1,0.0065,,
1.4095,417,191.8,21.1,0.0075,,
1.4175,418,193.2,21.1,0.0075,,
1.4260,419,194.3,21.1,0.0070,,
1.4345,420,195.6,21.1,0.0070,,
1.4430,421,196.9,21.1,0.0070,,
1.4515,422,197.9,21.1,0.0075,,
1.4590,423,199.0,21.1,0.0070,,
1.4675,424,199.9,21.1,0.0075,,
1.4755,425,200.9,21.1,0.0075,,
1.4840,426,202.1,21.1,0.0070,,
1.4925,427,203.0,21.1,0.0070,,
1.5010,428,203.7,21.1,0.0070,,
1.5085,429,204.5,21.1,0.0070,,
1.5170,430,205.4,21.1,0.0075,,
1.5255,431,206.3,21.1,0.0075,,
1.5340,432,207.1,21.1,0.0070,,
1.5420,433,207.7,21.1,0.0065,,
1.5505,434,208.4,21.1,0.0070,,
1.5580,435,209.0,21.1,0.0070,,
1.5665,436,209.8,21.1,0.0075,,
1.5750,437,210.5,21.1,0.0075,,
1.5835,438,211.1,21.1,0.0070,,
1.5920,439,211.8,21.1,0.0070,,
1.6000,440,212.5,21.1,0.0065,,
1.6080,441,213.0,21.1,0.0075,,
1.6160,442,213.6,21.1,0.0075,,
1.6245,443,214.1,21.1,0.0075,,
1.6330,444,214.9,21.1,0.0070,,
1.6415,445,215.5,21.1,0.0070,,
1.6500,446,216.0,21.1,0.0070,,
1.6580,447,216.6,21.1,0.0075,,
1.6660,448,216.9,21.1,0.0075,,
1.6740,449,217.6,21.1,0.0075,,
1.6825,450,218.1,21.1,0.0070,,
1.6910,451,218.6,21.1,0.0070,,
1.6995,452,219.0,21.1,0.0070,,
1.7080,453,219.6,21.1,0.0070,,
1.7155,454,220.0,21.1,0.0070,,
1.7240,455,220.5,21.1,0.0075,,
1.7320,456,220.8,21.1,0.0065,,
1.7405,457,221.1,21.1,0.0070,,
1.7490,458,221.6,21.1,0.0070,,
1.7575,459,222.1,21.1,0.0075,,
1.7650,460,222.6,21.1,0.0070,,
1.7735,461,222.7,21.1,0.0075,,
1.7820,462,223.2,21.1,0.0070,,
1.7905,463,223.9,21.1,0.0070,,
1.7985,464,224.1,21.1,0.0065,,
1.8070,465,224.4,21.1,0.0070,,
1.8145,466,224.7,21.1,0.0070,,
1.8230,467,225.2,21.1,0.0075,,
1.8315,468,225.9,21.1,0.0075,,
1.8400,469,226.1,21.1,0.0070,,
1.8485,470,226.4,21.1,0.0070,,
1.8565,471,226.8,21.1,0.0065,,
1.8645,472,227.1,21.1,0.0075,,
1.8725,473,227.6,21.1,0.0075,,
1.8810,474,227.8,21.1,0.0075,,
1.8895,475,228.1,21.1,0.0070,,
1.8980,476,228.6,21.1,0.0070,,
1.9065,477,229.0,21.1,0.0070,,
1.9140,478,229.2,21.1,0.0070,,
1.9225,479,229.5,21.1,0.0075,,
1.9305,480,229.6,21.1,0.0075,,
1.9390,481,230.1,21.1,0.0070,,
1.9475,482,230.5,21.1,0.0070,,
1.9560,483,230.6,21.1,0.0070,,
1.9635,484,231.0,21.1,0.0070,,
1.9720,485,231.2,21.1,0.0075,,
1.9805,486,231.6,21.1,0.0075,,
1.9890,487,232.0,21.1,0.0070,,
1.9970,488,232.1,21.1,0.0065,,
2.0055,489,232.5,21.1,0.0070,,
2.0130,490,232.7,21.1,0.0070,,
2.0215,491,233.1,21.1,0.0075,,
2.0300,492,233.3,21.1,0.0075,,
2.0385,493,233.5,21.1,0.0070,,
2.0465,494,233.9,21.1,0.0065,,
2.0540,495,234.2,21.1,0.0060,,
2.0565,496,234.4,21.1,0.0025,,
2.0565,497,234.3,21.1,0.0000,,
2.0575,498,234.3,21.1,0.0010,,
2.0590,499,234.4,21.1,0.0010,,
2.0615,500,234.6,21.1,0.0020,,
2.0625,501,234.5,21.1,0.0010,,
2.0630,502,234.6,21.2,0.0005,,
2.0640,503,234.5,21.2,0.0010,,
2.0650,504,234.6,21.1,0.0010,,
2.0655,505,234.7,21.2,0.0005,,
2.0660,506,234.6,21.2,0.0005,,
2.0675,507,234.6,21.1,0.0010,,
2.0690,508,234.6,21.2,0.0015,,
2.0705,509,234.7,21.2,0.0015,,
2.0725,510,234.8,21.2,0.0020,,
2.0750,511,234.8,21.2,0.0020,,
2.0765,512,234.9,21.2,0.0010,,
2.0770,512,235.1,21.2,0.0010,,
Scope 1/1, Sample 15/32 (7)
Result,TitrationEP1
V,t,E,T,dV/dt,E acc. stat.,Volume acc. stat.
0.0000,0,-61.1,21.0,NaN,,
0.0005,1,-61.1,21.0,0.0005,,
0.0025,2,-61.1,21.0,0.0020,,
0.0050,3,-61.0,21.0,0.0025,,
0.0085,4,-60.9,21.0,0.0030,,
0.0150,5,-60.7,21.0,0.0060,,
0.0230,6,-60.0,21.0,0.0075,,
0.0305,7,-59.3,21.0,0.0075,,
0.0390,8,-58.1,21.0,0.0085,,
0.0475,9,-56.9,21.0,0.0075,,
0.0560,10,-55.5,21.0,0.0075,,
0.0645,11,-53.8,21.0,0.0075,,
0.0725,12,-52.3,21.0,0.0075,,
0.0805,13,-50.8,21.0,0.0080,,
0.0885,14,-49.1,21.0,0.0080,,
0.0970,15,-47.0,21.0,0.0075,,
0.1055,16,-44.7,21.0,0.0075,,
0.1140,17,-42.6,21.0,0.0075,,
0.1225,18,-40.2,21.0,0.0075,,
0.1300,19,-38.1,21.0,0.0075,,
0.1385,20,-35.4,21.0,0.0085,,
0.1470,21,-32.6,21.0,0.0075,,
0.1550,22,-29.8,21.0,0.0075,,
0.1635,23,-26.7,21.0,0.0075,,
0.1720,24,-23.5,21.0,0.0075,,
0.1795,25,-20.8,21.0,0.0075,,
0.1880,26,-17.7,21.0,0.0085,,
0.1965,27,-15.0,21.0,0.0075,,
0.2050,28,-12.6,21.0,0.0075,,
0.2130,29,-10.1,21.0,0.0075,,
0.2215,30,-7.9,21.0,0.0075,,
0.2290,31,-6.0,21.0,0.0075,,
0.2375,32,-4.1,21.0,0.0085,,
0.2460,33,-2.5,21.0,0.0075,,
0.2545,34,-0.8,21.0,0.0075,,
0.2630,35,0.6,21.0,0.0075,,
0.2715,36,1.9,21.0,0.0075,,
0.2790,37,3.3,21.0,0.0075,,
0.2870,38,4.7,21.0,0.0080,,
0.2955,39,6.2,21.0,0.0085,,
0.3040,40,7.4,21.0,0.0075,,
0.3125,41,8.5,21.0,0.0075,,
0.3210,42,9.8,21.0,0.0075,,
0.3285,43,10.7,21.0,0.0075,,
0.3370,44,12.0,21.0,0.0085,,
0.3455,45,13.1,21.0,0.0085,,
0.3535,46,14.1,21.0,0.0075,,
0.3620,47,15.3,21.0,0.0075,,
0.3705,48,16.4,21.0,0.0075,,
0.3780,49,17.3,21.0,0.0075,,
0.3865,50,18.3,21.0,0.0085,,
0.3950,51,19.2,21.0,0.0075,,
0.4035,52,20.3,21.0,0.0075,,
0.4120,53,21.2,21.0,0.0075,,
0.4200,54,22.0,21.0,0.0075,,
0.4275,55,22.9,21.0,0.0075,,
0.4360,56,23.8,21.0,0.0085,,
0.4445,57,24.9,21.0,0.0085,,
0.4530,58,25.8,21.0,0.0075,,
0.4615,59,26.5,21.0,0.0075,,
0.4700,60,27.5,21.0,0.0075,,
0.4775,61,28.1,21.0,0.0075,,
0.4860,62,29.2,21.0,0.0085,,
0.4940,63,30.2,21.0,0.0080,,
0.5025,64,31.0,21.0,0.0075,,
0.5110,65,31.9,21.0,0.0075,,
0.5195,66,32.9,21.0,0.0075,,
0.5270,67,33.8,21.0,0.0075,,
0.5355,68,34.6,21.0,0.0085,,
0.5440,69,35.5,21.0,0.0085,,
0.5520,70,36.4,21.0,0.0075,,
0.5605,71,37.1,21.0,0.0075,,
0.5690,72,37.9,21.0,0.0075,,
0.5775,73,38.7,21.0,0.0085,,
0.5850,74,39.4,21.0,0.0075,,
0.5935,75,40.4,21.1,0.0085,,
0.6020,76,41.4,21.1,0.0075,,
0.6105,77,42.2,21.1,0.0075,,
0.6185,78,43.1,21.1,0.0075,,
0.6270,79,43.8,21.1,0.0085,,
0.6345,80,44.8,21.1,0.0075,,
0.6430,81,45.7,21.1,0.0085,,
0.6515,82,46.4,21.1,0.0075,,
0.6600,83,47.3,21.0,0.0075,,
0.6685,84,48.4,21.1,0.0075,,
0.6765,85,49.2,21.0,0.0080,,
0.6845,86,50.1,21.1,0.0080,,
0.6925,87,50.9,21.0,0.0080,,
0.7010,88,51.7,21.1,0.0075,,
0.7095,89,52.7,21.0,0.0075,,
0.7180,90,53.6,21.0,0.0075,,
0.7265,91,54.3,21.1,0.0075,,
0.7340,92,55.1,21.1,0.0075,,
0.7425,93,55.9,21.1,0.0085,,
0.7505,94,57.0,21.1,0.0075,,
0.7590,95,57.8,21.1,0.0075,,
0.7675,96,58.6,21.1,0.0075,,
0.7760,97,59.5,21.1,0.0075,,
0.7835,98,60.3,21.1,0.0075,,
0.7920,99,61.3,21.1,0.0085,,
0.8005,100,62.2,21.1,0.0085,,
0.8085,101,63.0,21.1,0.0075,,
0.8170,102,64.0,21.1,0.0075,,
0.8255,103,64.9,21.1,0.0075,,
0.8330,104,65.7,21.1,0.0075,,
0.8415,105,66.5,21.1,0.0085,,
0.8500,106,67.3,21.1,0.0085,,
0.8585,107,68.5,21.1,0.0075,,
0.8665,108,69.6,21.1,0.0075,,
0.8750,109,70.5,21.1,0.0075,,
0.8835,110,71.3,21.1,0.0075,,
0.8910,111,72.2,21.1,0.0075,,
0.8995,112,73.1,21.1,0.0085,,
0.9080,113,74.3,21.1,0.0075,,
0.9165,114,75.2,21.1,0.0075,,
0.9250,115,76.0,21.1,0.0075,,
0.9330,116,77.1,21.1,0.0075,,
0.9405,117,77.7,21.1,0.0075,,
0.9490,118,79.0,21.1,0.0085,,
0.9575,119,79.9,21.1,0.0075,,
0.9660,120,80.9,21.1,0.0075,,
0.9745,121,82.1,21.1,0.0075,,
0.9830,122,82.8,21.1,0.0085,,
0.9905,123,84.0,21.1,0.0075,,
0.9990,124,84.9,21.1,0.0085,,
1.0070,125,85.9,21.1,0.0075,,
1.0155,126,87.2,21.1,0.0075,,
1.0240,127,88.3,21.1,0.0075,,
1.0325,128,89.3,21.1,0.0085,,
1.0400,129,90.3,21.1,0.0075,,
1.0485,130,91.7,21.1,0.0085,,
1.0570,131,93.0,21.1,0.0075,,
1.0655,132,94.4,21.1,0.0075,,
1.0735,133,95.5,21.1,0.0075,,
1.0820,134,96.7,21.1,0.0085,,
1.0895,135,98.1,21.1,0.0075,,
1.0980,136,99.6,21.1,0.0085,,
1.1065,137,100.9,21.1,0.0075,,
1.1150,138,102.2,21.1,0.0075,,
1.1235,139,104.0,21.1,0.0075,,
1.1310,140,105.5,21.1,0.0075,,
1.1395,141,107.1,21.1,0.0085,,
1.1475,142,108.7,21.1,0.0080,,
1.1560,143,110.6,21.1,0.0075,,
1.1645,144,112.5,21.1,0.0075,,
1.1730,145,114.2,21.1,0.0075,,
1.1815,146,116.0,21.1,0.0075,,
1.1890,147,118.1,21.1,0.0075,,
1.1975,148,120.3,21.1,0.0085,,
1.2055,149,123.0,21.1,0.0075,,
1.2140,150,125.6,21.1,0.0075,,
1.2225,151,128.0,21.1,0.0075,,
1.2310,152,130.6,21.1,0.0075,,
1.2385,153,133.2,21.1,0.0075,,
1.2470,154,136.3,21.1,0.0085,,
1.2555,155,139.5,21.1,0.0085,,
1.2635,156,142.7,21.1,0.0075,,
1.2720,157,146.1,21.1,0.0075,,
1.2805,158,149.9,21.1,0.0075,,
1.2880,159,152.9,21.1,0.0075,,
1.2965,160,156.3,21.1,0.0085,,
1.3050,161,159.7,21.1,0.0085,,
1.3135,162,163.0,21.1,0.0075,,
1.3215,163,166.2,21.1,0.0075,,
1.3300,164,169.1,21.1,0.0075,,
1.3385,165,171.7,21.1,0.0085,,
1.3460,166,174.1,21.1,0.0075,,
1.3545,167,176.5,21.1,0.0085,,
1.3630,168,178.9,21.1,0.0075,,
1.3715,169,180.9,21.1,0.0075,,
1.3800,170,182.6,21.1,0.0075,,
1.3880,171,184.4,21.1,0.0080,,
1.3925,172,185.2,21.1,0.0075,,
1.3925,412,187.5,21.1,0.0000,,
1.3930,413,187.5,21.1,0.0005,,
1.3945,414,187.7,21.1,0.0020,,
1.3970,415,187.8,21.1,0.0030,,
1.4010,416,188.3,21.1,0.0050,,
1.4075,417,189.3,21.1,0.0080,,
1.4160,418,190.4,21.1,0.0120,,
1.4235,419,191.8,21.1,0.0105,,
1.4320,420,193.1,21.1,0.0120,,
1.4400,421,194.4,21.1,0.0100,,
1.4485,422,195.7,21.1,0.0105,,
1.4570,423,196.8,21.1,0.0105,,
1.4655,424,197.8,21.1,0.0105,,
1.4730,425,198.8,21.1,0.0105,,
1.4815,426,199.8,21.1,0.0120,,
1.4900,427,201.0,21.1,0.0120,,
1.4980,428,201.9,21.1,0.0100,,
1.5065,429,202.8,21.1,0.0105,,
1.5150,430,203.7,21.1,0.0105,,
1.5225,431,204.4,21.1,0.0105,,
1.5310,432,205.5,21.1,0.0120,,
1.5395,433,206.1,21.1,0.0120,,
1.5480,434,206.8,21.1,0.0105,,
1.5560,435,207.7,21.1,0.0100,,
1.5645,436,208.5,21.1,0.0105,,
1.5720,437,209.2,21.1,0.0105,,
1.5805,438,209.9,21.1,0.0120,,
1.5890,439,210.4,21.1,0.0120,,
1.5975,440,211.2,21.1,0.0105,,
1.6060,441,211.9,21.1,0.0105,,
1.6145,442,212.4,21.1,0.0105,,
1.6220,443,213.1,21.1,0.0105,,
1.6300,444,213.5,21.1,0.0115,,
1.6385,445,214.1,21.2,0.0120,,
1.6470,446,214.7,21.2,0.0105,,
1.6555,447,215.2,21.1,0.0105,,
1.6640,448,215.7,21.2,0.0105,,
1.6720,449,216.4,21.2,0.0100,,
1.6800,450,216.9,21.2,0.0115,,
1.6880,451,217.5,21.2,0.0115,,
1.6965,452,217.9,21.2,0.0105,,
1.7050,453,218.2,21.2,0.0105,,
1.7135,454,219.1,21.1,0.0105,,
1.7220,455,219.4,21.2,0.0105,,
1.7295,456,219.9,21.2,0.0105,,
1.7380,457,220.2,21.2,0.0120,,
1.7465,458,220.5,21.2,0.0105,,
1.7545,459,221.2,21.2,0.0100,,
1.7630,460,221.5,21.2,0.0105,,
1.7715,461,221.8,21.2,0.0105,,
1.7790,462,222.4,21.2,0.0105,,
1.7875,463,222.8,21.2,0.0120,,
1.7960,464,223.3,21.2,0.0120,,
1.8045,465,223.7,21.2,0.0105,,
1.8125,466,224.0,21.2,0.0100,,
1.8210,467,224.5,21.2,0.0105,,
1.8285,468,224.8,21.2,0.0105,,
1.8370,469,225.3,21.2,0.0120,,
1.8455,470,225.6,21.2,0.0105,,
1.8540,471,225.8,21.2,0.0105,,
1.8625,472,226.3,21.2,0.0105,,
1.8705,473,226.7,21.2,0.0100,,
1.8785,474,226.9,21.2,0.0115,,
1.8865,475,227.2,21.2,0.0115,,
1.8950,476,227.4,21.2,0.0120,,
1.9035,477,227.9,21.2,0.0105,,
1.9120,478,228.3,21.2,0.0105,,
1.9205,479,228.6,21.2,0.0105,,
1.9280,480,228.9,21.2,0.0105,,
1.9365,481,229.1,21.2,0.0120,,
1.9445,482,229.4,21.2,0.0115,,
1.9530,483,229.9,21.2,0.0105,,
1.9615,484,230.1,21.2,0.0105,,
1.9700,485,230.5,21.2,0.0105,,
1.9775,486,230.6,21.2,0.0105,,
1.9860,487,231.1,21.2,0.0120,,
1.9945,488,231.4,21.2,0.0120,,
2.0030,489,231.5,21.2,0.0105,,
2.0110,490,231.8,21.2,0.0100,,
2.0195,491,232.3,21.2,0.0105,,
2.0280,492,232.4,21.2,0.0120,,
2.0355,493,232.9,21.2,0.0105,,
2.0440,494,232.9,21.2,0.0120,,
2.0525,495,233.2,21.2,0.0105,,
2.0610,496,233.7,21.2,0.0105,,
2.0685,497,233.9,21.2,0.0095,,
2.0740,498,234.0,21.2,0.0070,,
2.0775,499,234.3,21.2,0.0050,,
2.0800,500,234.3,21.2,0.0035,,
2.0820,501,234.5,21.2,0.0025,,
2.0845,502,234.5,21.2,0.0030,,
2.0885,503,234.4,21.2,0.0050,,
2.0920,504,234.6,21.2,0.0050,,
2.0950,505,234.7,21.2,0.0045,,
2.0965,506,234.8,21.2,0.0020,,
2.0980,507,235.0,21.2,0.0020,,
Scope 1/1, Sample 16/32 (8)
Result,TitrationEP1
V,t,E,T,dV/dt,E acc. stat.,Volume acc. stat.
0.0000,0,-60.6,21.0,NaN,,
0.0010,1,-60.8,21.0,0.0010,,
0.0025,2,-60.6,21.0,0.0015,,
0.0050,3,-60.7,21.0,0.0025,,
0.0085,4,-60.4,21.0,0.0030,,
0.0150,5,-60.1,21.0,0.0060,,
0.0235,6,-59.7,21.0,0.0075,,
0.0320,7,-58.9,21.0,0.0075,,
0.0395,8,-58.0,21.0,0.0075,,
0.0475,9,-56.6,21.0,0.0080,,
0.0560,10,-55.3,21.0,0.0075,,
0.0645,11,-54.0,21.0,0.0075,,
0.0730,12,-52.4,21.0,0.0075,,
0.0815,13,-50.6,21.0,0.0075,,
0.0890,14,-49.0,21.0,0.0075,,
0.0975,15,-47.2,21.0,0.0085,,
0.1060,16,-45.3,21.0,0.0075,,
0.1140,17,-43.0,21.0,0.0075,,
0.1225,18,-40.5,21.0,0.0075,,
0.1310,19,-38.3,21.0,0.0075,,
0.1385,20,-35.9,21.0,0.0075,,
0.1470,21,-33.3,21.0,0.0085,,
0.1555,22,-30.6,21.0,0.0075,,
0.1640,23,-27.5,21.0,0.0075,,
0.1720,24,-24.6,21.0,0.0075,,
0.1805,25,-21.8,21.0,0.0075,,
0.1890,26,-19.4,21.0,0.0085,,
0.1965,27,-16.6,21.0,0.0075,,
0.2050,28,-14.1,21.0,0.0075,,
0.2135,29,-11.9,21.0,0.0075,,
0.2220,30,-10.0,21.0,0.0075,,
0.2305,31,-7.9,21.0,0.0075,,
0.2380,32,-6.3,21.0,0.0075,,
0.2465,33,-4.4,21.0,0.0085,,
0.2545,34,-3.0,21.0,0.0075,,
0.2630,35,-1.6,21.0,0.0075,,
0.2715,36,-0.2,21.0,0.0075,,
0.2800,37,1.0,21.0,0.0075,,
0.2875,38,2.2,21.0,0.0075,,
0.2960,39,3.4,21.0,0.0085,,
0.3045,40,4.7,21.0,0.0075,,
0.3125,41,6.0,21.0,0.0075,,
0.3210,42,7.1,21.0,0.0075,,
0.3295,43,8.1,21.0,0.0075,,
0.3380,44,9.0,21.0,0.0085,,
0.3455,45,10.0,21.0,0.0075,,
0.3540,46,11.1,21.0,0.0075,,
0.3625,47,12.1,21.1,0.0075,,
0.3705,48,13.0,21.0,0.0075,,
0.3790,49,14.1,21.1,0.0075,,
0.3875,50,14.9,21.0,0.0085,,
0.3950,51,16.0,21.0,0.0075,,
0.4035,52,17.0,21.0,0.0075,,
0.4120,53,17.9,21.0,0.0075,,
0.4205,54,18.9,21.0,0.0075,,
0.4285,55,20.0,21.1,0.0075,,
0.4370,56,20.7,21.1,0.0075,,
0.4445,57,21.5,21.1,0.0075,,
0.4530,58,22.3,21.1,0.0085,,
0.4615,59,23.2,21.1,0.0075,,
0.4700,60,24.2,21.1,0.0075,,
0.4785,61,25.0,21.1,0.0075,,
0.4865,62,25.8,21.1,0.0075,,
0.4945,63,26.5,21.1,0.0080,,
0.5025,64,27.5,21.1,0.0080,,
0.5110,65,28.5,21.1,0.0075,,
0.5195,66,29.3,21.1,0.0075,,
0.5280,67,30.1,21.1,0.0075,,
0.5365,68,31.2,21.1,0.0075,,
0.5440,69,31.9,21.1,0.0075,,
0.5525,70,32.7,21.1,0.0085,,
0.5610,71,33.4,21.1,0.0075,,
0.5690,72,34.3,21.1,0.0075,,
0.5775,73,35.4,21.1,0.0075,,
0.5860,74,36.2,21.1,0.0075,,
0.5945,75,37.0,21.1,0.0085,,
0.6020,76,37.8,21.1,0.0075,,
0.6105,77,38.6,21.1,0.0075,,
0.6190,78,39.7,21.1,0.0075,,
0.6270,79,40.5,21.1,0.0075,,
0.6355,80,41.3,21.1,0.0075,,
0.6440,81,42.1,21.1,0.0085,,
0.6515,82,42.9,21.1,0.0075,,
0.6600,83,44.0,21.1,0.0075,,
0.6685,84,44.8,21.1,0.0075,,
0.6770,85,45.4,21.1,0.0075,,
0.6855,86,46.5,21.1,0.0075,,
0.6935,87,47.2,21.1,0.0080,,
0.7010,88,48.2,21.1,0.0075,,
0.7095,89,48.9,21.1,0.0075,,
0.7180,90,49.8,21.1,0.0075,,
0.7265,91,50.8,21.1,0.0075,,
0.7350,92,51.8,21.1,0.0075,,
0.7425,93,52.7,21.1,0.0075,,
0.7510,94,53.4,21.1,0.0085,,
0.7595,95,54.4,21.1,0.0075,,
0.7675,96,55.3,21.1,0.0075,,
0.7760,97,56.1,21.1,0.0075,,
0.7845,98,57.0,21.1,0.0075,,
0.7920,99,57.9,21.1,0.0075,,
0.8005,100,58.8,21.1,0.0085,,
0.8090,101,59.9,21.1,0.0075,,
0.8175,102,60.6,21.1,0.0075,,
0.8260,103,61.5,21.1,0.0075,,
0.8340,104,62.6,21.1,0.0075,,
0.8420,105,63.3,21.1,0.0080,,
0.8500,106,64.4,21.1,0.0080,,
0.8585,107,65.2,21.1,0.0075,,
0.8670,108,66.2,21.1,0.0075,,
0.8755,109,67.1,21.1,0.0075,,
0.8840,110,68.0,21.1,0.0075,,
0.8915,111,69.0,21.1,0.0075,,
0.9000,112,69.8,21.1,0.0085,,
0.9080,113,70.8,21.1,0.0075,,
0.9165,114,71.9,21.1,0.0075,,
0.9250,115,72.8,21.1,0.0075,,
0.9335,116,73.8,21.1,0.0075,,
0.9410,117,74.6,21.1,0.0075,,
0.9495,118,75.6,21.1,0.0085,,
0.9580,119,76.8,21.1,0.0075,,
0.9665,120,77.9,21.1,0.0075,,
0.9745,121,78.8,21.1,0.0075,,
0.9830,122,79.9,21.1,0.0075,,
0.9905,123,80.7,21.1,0.0075,,
0.9990,124,82.0,21.1,0.0085,,
1.0075,125,83.0,21.1,0.0075,,
1.0160,126,84.0,21.1,0.0075,,
1.0245,127,85.2,21.1,0.0075,,
1.0325,128,86.5,21.1,0.0075,,
1.0405,129,87.6,21.1,0.0080,,
1.0485,130,88.7,21.1,0.0080,,
1.0570,131,89.9,21.1,0.0075,,
1.0655,132,91.4,21.1,0.0075,,
1.0740,133,92.6,21.1,0.0075,,
1.0825,134,93.8,21.1,0.0075,,
1.0900,135,95.1,21.1,0.0075,,
1.0985,136,96.4,21.1,0.0085,,
1.1070,137,98.0,21.1,0.0075,,
1.1150,138,99.5,21.1,0.0075,,
1.1235,139,101.0,21.1,0.0075,,
1.1320,140,102.9,21.1,0.0075,,
1.1405,141,104.3,21.1,0.0085,,
1.1480,142,106.1,21.1,0.0075,,
1.1565,143,107.9,21.1,0.0075,,
1.1650,144,109.8,21.1,0.0075,,
1.1735,145,111.9,21.1,0.0075,,
1.1815,146,113.9,21.1,0.0075,,
1.1890,147,116.0,21.1,0.0075,,
1.1975,148,118.0,21.1,0.0085,,
1.2060,149,120.2,21.1,0.0075,,
1.2145,150,122.9,21.1,0.0075,,
1.2230,151,125.8,21.1,0.0075,,
1.2315,152,128.4,21.1,0.0075,,
1.2395,153,131.1,21.1,0.0080,,
1.2475,154,134.4,21.1,0.0080,,
1.2555,155,138.0,21.1,0.0075,,
1.2640,156,141.4,21.1,0.0075,,
1.2725,157,144.9,21.1,0.0075,,
1.2810,158,148.6,21.1,0.0075,,
1.2895,159,151.9,21.1,0.0085,,
1.2970,160,155.8,21.1,0.0075,,
1.3055,161,159.2,21.1,0.0075,,
1.3140,162,162.6,21.1,0.0075,,
1.3220,163,165.9,21.1,0.0075,,
1.3305,164,168.9,21.1,0.0075,,
1.3390,165,171.4,21.1,0.0085,,
1.3465,166,174.0,21.1,0.0075,,
1.3550,167,176.3,21.1,0.0075,,
1.3635,168,178.6,21.1,0.0075,,
1.3720,169,180.8,21.1,0.0075,,
1.3800,170,182.7,21.1,0.0075,,
1.3885,171,184.4,21.1,0.0085,,
1.3920,172,185.0,21.1,0.0070,,
1.3920,412,188.1,21.2,0.0000,,
1.3925,413,187.9,21.2,0.0010,,
1.3940,414,188.0,21.2,0.0025,,
1.3970,415,188.3,21.2,0.0045,,
1.4005,416,188.6,21.2,0.0050,,
1.4065,417,189.3,21.2,0.0085,,
1.4150,418,190.6,21.2,0.0120,,
1.4225,419,191.7,21.2,0.0125,,
1.4310,420,193.1,21.2,0.0140,,
1.4390,421,194.1,21.2,0.0115,,
1.4475,422,195.4,21.2,0.0120,,
1.4560,423,196.6,21.2,0.0120,,
1.4645,424,197.6,21.2,0.0140,,
1.4720,425,198.7,21.2,0.0125,,
1.4805,426,199.6,21.2,0.0140,,
1.4890,427,200.7,21.2,0.0120,,
1.4970,428,201.6,21.2,0.0115,,
1.5055,429,202.4,21.2,0.0120,,
1.5140,430,203.3,21.2,0.0120,,
1.5215,431,204.1,21.2,0.0125,,
1.5300,432,205.0,21.2,0.0140,,
1.5385,433,205.8,21.2,0.0120,,
1.5470,434,206.5,21.2,0.0120,,
1.5555,435,207.3,21.2,0.0120,,
1.5635,436,208.2,21.2,0.0115,,
1.5715,437,208.9,21.2,0.0135,,
1.5795,438,209.7,21.2,0.0135,,
1.5880,439,210.3,21.2,0.0120,,
1.5965,440,210.9,21.2,0.0120,,
1.6050,441,211.7,21.2,0.0120,,
1.6135,442,212.2,21.2,0.0120,,
1.6210,443,212.9,21.2,0.0125,,
1.6295,444,213.5,21.2,0.0140,,
1.6375,445,214.0,21.2,0.0135,,
1.6460,446,214.7,21.2,0.0120,,
1.6545,447,215.2,21.2,0.0120,,
1.6630,448,215.6,21.2,0.0120,,
1.6705,449,216.1,21.2,0.0125,,
1.6790,450,216.7,21.2,0.0140,,
1.6875,451,217.3,21.2,0.0140,,
1.6955,452,217.8,21.2,0.0115,,
1.7040,453,218.2,21.2,0.0120,,
1.7125,454,218.7,21.2,0.0120,,
1.7200,455,219.0,21.2,0.0125,,
1.7285,456,219.8,21.2,0.0140,,
1.7370,457,220.1,21.2,0.0140,,
1.7455,458,220.6,21.2,0.0120,,
1.7540,459,221.1,21.2,0.0120,,
1.7620,460,221.6,21.2,0.0115,,
1.7700,461,222.1,21.2,0.0135,,
1.7780,462,222.3,21.2,0.0135,,
1.7865,463,222.7,21.2,0.0140,,
1.7950,464,223.2,21.2,0.0120,,
1.8035,465,223.7,21.2,0.0120,,
1.8120,466,223.9,21.2,0.0120,,
1.8195,467,224.3,21.2,0.0125,,
1.8280,468,224.6,21.2,0.0140,,
1.8360,469,225.1,21.2,0.0135,,
1.8445,470,225.5,21.2,0.0120,,
1.8530,471,225.8,21.2,0.0120,,
1.8615,472,226.1,21.2,0.0120,,
1.8690,473,226.5,21.2,0.0125,,
1.8775,474,227.0,21.2,0.0140,,
1.8860,475,227.3,21.2,0.0140,,
1.8945,476,227.5,21.2,0.0120,,
1.9025,477,227.9,21.2,0.0115,,
1.9110,478,228.4,21.2,0.0120,,
1.9195,479,228.6,21.2,0.0120,,
1.9270,480,228.9,21.2,0.0125,,
1.9355,481,229.1,21.2,0.0140,,
1.9440,482,229.4,21.2,0.0140,,
1.9520,483,229.9,21.2,0.0115,,
1.9605,484,230.2,21.2,0.0120,,
1.9690,485,230.4,21.2,0.0120,,
1.9765,486,230.7,21.2,0.0125,,
1.9850,487,231.1,21.2,0.0140,,
1.9935,488,231.5,21.2,0.0140,,
2.0020,489,231.6,21.2,0.0120,,
2.0105,490,231.8,21.2,0.0120,,
2.0185,491,232.3,21.2,0.0115,,
2.0265,492,232.4,21.2,0.0135,,
2.0345,493,232.7,21.2,0.0135,,
2.0430,494,232.9,21.2,0.0140,,
2.0515,495,233.2,21.2,0.0120,,
2.0600,496,233.7,21.2,0.0120,,
2.0660,497,233.8,21.2,0.0085,,
2.0665,498,233.9,21.2,0.0010,,
2.0675,499,233.8,21.2,0.0015,,
2.0690,500,233.8,21.2,0.0020,,
2.0710,501,234.2,21.2,0.0030,,
2.0745,502,234.2,21.2,0.0050,,
2.0795,503,234.4,21.2,0.0085,,
2.0855,504,234.3,21.2,0.0100,,
2.0865,505,234.6,21.2,0.0015,,
2.0875,506,234.8,21.2,0.0015,,
2.0880,507,234.7,21.2,0.0005,,
2.0890,508,234.6,21.2,0.0015,,
2.0895,509,234.8,21.2,0.0005,,
2.0905,510,234.7,21.2,0.0015,,
2.0915,511,234.9,21.2,0.0015,,
2.0930,512,234.8,21.2,0.0020,,
2.0940,513,234.8,21.2,0.0015,,
2.0945,514,234.9,21.2,0.0005,,
2.0950,514,235.1,21.2,-0.0050,,
Scope 1/1, Sample 17/32 (9)
Result,TitrationEP1
V,t,E,T,dV/dt,E acc. stat.,Volume acc. stat.
0.0000,0,-62.2,21.1,NaN,,
0.0010,1,-62.3,21.1,0.0010,,
0.0025,2,-62.3,21.1,0.0015,,
0.0050,3,-62.4,21.1,0.0025,,
0.0090,4,-62.2,21.1,0.0035,,
0.0150,5,-61.8,21.1,0.0055,,
0.0235,6,-61.2,21.1,0.0075,,
0.0310,7,-60.4,21.1,0.0075,,
0.0395,8,-59.5,21.1,0.0085,,
0.0480,9,-58.2,21.1,0.0085,,
0.0565,10,-56.8,21.1,0.0075,,
0.0645,11,-55.3,21.1,0.0075,,
0.0730,12,-53.8,21.1,0.0075,,
0.0815,13,-52.1,21.1,0.0075,,
0.0890,14,-50.6,21.1,0.0075,,
0.0975,15,-48.5,21.1,0.0085,,
0.1060,16,-46.7,21.1,0.0075,,
0.1145,17,-44.8,21.1,0.0075,,
0.1225,18,-42.3,21.1,0.0075,,
0.1310,19,-39.9,21.1,0.0075,,
0.1385,20,-37.6,21.1,0.0075,,
0.1470,21,-35.1,21.1,0.0085,,
0.1555,22,-32.4,21.1,0.0075,,
0.1640,23,-29.3,21.1,0.0075,,
0.1725,24,-26.3,21.1,0.0075,,
0.1810,25,-23.3,21.1,0.0075,,
0.1885,26,-20.7,21.1,0.0075,,
0.1965,27,-17.9,21.1,0.0080,,
0.2050,28,-15.2,21.1,0.0085,,
0.2135,29,-12.6,21.1,0.0075,,
0.2220,30,-10.4,21.1,0.0075,,
0.2305,31,-8.3,21.1,0.0075,,
0.2385,32,-6.2,21.1,0.0075,,
0.2465,33,-4.6,21.1,0.0080,,
0.2545,34,-2.8,21.1,0.0080,,
0.2630,35,-1.3,21.1,0.0075,,
0.2715,36,0.1,21.1,0.0075,,
0.2800,37,1.7,21.1,0.0075,,
0.2885,38,3.1,21.1,0.0075,,
0.2960,39,4.3,21.1,0.0075,,
0.3045,40,5.5,21.1,0.0085,,
0.3125,41,6.7,21.1,0.0075,,
0.3210,42,7.9,21.1,0.0075,,
0.3295,43,9.1,21.1,0.0075,,
0.3380,44,10.0,21.1,0.0075,,
0.3455,45,11.2,21.1,0.0075,,
0.3540,46,12.2,21.1,0.0085,,
0.3625,47,13.4,21.1,0.0075,,
0.3710,48,14.4,21.1,0.0075,,
0.3790,49,15.3,21.1,0.0075,,
0.3875,50,16.3,21.1,0.0075,,
0.3950,51,17.1,21.1,0.0075,,
0.4035,52,18.2,21.1,0.0085,,
0.4120,53,18.9,21.1,0.0075,,
0.4205,54,19.9,21.1,0.0075,,
0.4290,55,21.0,21.1,0.0075,,
0.4370,56,21.9,21.1,0.0075,,
0.4450,57,22.9,21.1,0.0080,,
0.4530,58,23.7,21.1,0.0080,,
0.4615,59,24.6,21.1,0.0075,,
0.4700,60,25.7,21.1,0.0075,,
0.4785,61,26.6,21.1,0.0075,,
0.4870,62,27.3,21.1,0.0075,,
0.4945,63,28.3,21.1,0.0075,,
0.5030,64,29.1,21.1,0.0085,,
0.5115,65,30.0,21.1,0.0075,,
0.5195,66,30.9,21.1,0.0075,,
0.5280,67,31.6,21.1,0.0075,,
0.5365,68,32.6,21.1,0.0075,,
0.5440,69,33.4,21.1,0.0075,,
0.5525,70,34.4,21.1,0.0085,,
0.5610,71,35.2,21.1,0.0075,,
0.5695,72,36.0,21.1,0.0075,,
0.5775,73,36.9,21.1,0.0075,,
0.5860,74,37.9,21.1,0.0075,,
0.5935,75,38.6,21.1,0.0075,,
0.6020,76,39.5,21.1,0.0085,,
0.6105,77,40.3,21.1,0.0075,,
0.6190,78,41.4,21.1,0.0075,,
0.6275,79,42.3,21.1,0.0075,,
0.6360,80,43.1,21.1,0.0075,,
0.6435,81,43.7,21.1,0.0075,,
0.6515,82,44.6,21.1,0.0080,,
0.6600,83,45.5,21.1,0.0085,,
0.6685,84,46.5,21.1,0.0075,,
0.6770,85,47.4,21.1,0.0075,,
0.6855,86,48.1,21.1,0.0075,,
0.6935,87,48.9,21.1,0.0080,,
0.7015,88,49.8,21.1,0.0080,,
0.7095,89,50.9,21.1,0.0080,,
0.7180,90,51.6,21.1,0.0075,,
0.7265,91,52.5,21.1,0.0075,,
0.7350,92,53.6,21.1,0.0075,,
0.7435,93,54.3,21.1,0.0085,,
0.7510,94,55.4,21.1,0.0070,,
0.7595,95,56.2,21.1,0.0085,,
0.7680,96,57.0,21.1,0.0075,,
0.7760,97,58.1,21.1,0.0075,,
0.7845,98,59.0,21.1,0.0075,,
0.7930,99,59.7,21.1,0.0075,,
0.8005,100,60.6,21.1,0.0075,,
0.8090,101,61.3,21.1,0.0085,,
0.8175,102,62.4,21.1,0.0075,,
0.8260,103,63.3,21.1,0.0075,,
0.8340,104,64.2,21.1,0.0075,,
0.8425,105,65.3,21.1,0.0075,,
0.8500,106,65.9,21.1,0.0075,,
0.8585,107,67.1,21.1,0.0085,,
0.8670,108,68.1,21.1,0.0075,,
0.8755,109,69.0,21.1,0.0075,,
0.8840,110,70.2,21.1,0.0075,,
0.8915,111,70.9,21.1,0.0075,,
0.9000,112,72.1,21.1,0.0085,,
0.9085,113,72.9,21.1,0.0075,,
0.9165,114,73.8,21.1,0.0075,,
0.9250,115,75.0,21.1,0.0075,,
0.9335,116,76.0,21.1,0.0075,,
0.9420,117,77.0,21.1,0.0085,,
0.9495,118,77.9,21.1,0.0075,,
0.9580,119,78.8,21.1,0.0085,,
0.9665,120,80.0,21.1,0.0075,,
0.9745,121,81.1,21.1,0.0075,,
0.9830,122,82.1,21.1,0.0075,,
0.9915,123,83.2,21.1,0.0085,,
0.9990,124,84.2,21.1,0.0075,,
1.0075,125,85.6,21.1,0.0085,,
1.0160,126,86.6,21.1,0.0075,,
1.0245,127,87.7,21.1,0.0075,,
1.0330,128,88.9,21.1,0.0075,,
1.0405,129,90.0,21.1,0.0075,,
1.0490,130,91.3,21.1,0.0085,,
1.0570,131,92.4,21.1,0.0075,,
1.0655,132,93.8,21.1,0.0075,,
1.0740,133,95.3,21.1,0.0075,,
1.0825,134,96.6,21.1,0.0075,,
1.0910,135,98.1,21.1,0.0085,,
1.0985,136,99.4,21.1,0.0075,,
1.1070,137,100.8,21.1,0.0085,,
1.1155,138,102.5,21.1,0.0075,,
1.1235,139,104.1,21.1,0.0075,,
1.1320,140,105.6,21.1,0.0075,,
1.1405,141,107.2,21.1,0.0085,,
1.1480,142,108.9,21.1,0.0075,,
1.1565,143,110.9,21.1,0.0085,,
1.1650,144,112.9,21.1,0.0075,,
1.1735,145,115.0,21.1,0.0075,,
1.1815,146,117.2,21.1,0.0075,,
1.1900,147,119.1,21.1,0.0085,,
1.1975,148,121.7,21.1,0.0075,,
1.2060,149,124.2,21.1,0.0085,,
1.2145,150,126.6,21.1,0.0075,,
1.2230,151,129.6,21.1,0.0075,,
1.2315,152,132.8,21.1,0.0075,,
1.2395,153,135.7,21.1,0.0075,,
1.2470,154,139.0,21.1,0.0075,,
1.2555,155,142.0,21.1,0.0085,,
1.2640,156,145.6,21.1,0.0075,,
1.2725,157,149.5,21.1,0.0075,,
1.2810,158,153.1,21.2,0.0075,,
1.2895,159,156.9,21.1,0.0075,,
1.2970,160,160.0,21.1,0.0075,,
1.3055,161,163.4,21.1,0.0085,,
1.3135,162,166.7,21.1,0.0080,,
1.3220,163,169.7,21.1,0.0075,,
1.3305,164,172.2,21.1,0.0075,,
1.3390,165,174.9,21.1,0.0075,,
1.3465,166,176.9,21.1,0.0075,,
1.3550,167,179.3,21.2,0.0085,,
1.3635,168,181.4,21.1,0.0085,,
1.3715,169,183.1,21.1,0.0075,,
1.3820,170,185.1,21.1,0.0080,,
1.3820,410,187.7,21.2,0.0000,,
1.3825,411,187.7,21.2,0.0005,,
1.3840,412,187.9,21.2,0.0010,,
1.3865,413,188.2,21.2,0.0020,,
1.3905,414,188.5,21.2,0.0030,,
1.3970,415,189.4,21.2,0.0045,,
1.4050,416,190.7,21.2,0.0055,,
1.4130,417,191.9,21.2,0.0060,,
1.4210,418,193.2,21.2,0.0060,,
1.4295,419,194.3,21.2,0.0065,,
1.4380,420,195.6,21.2,0.0060,,
1.4465,421,196.9,21.2,0.0060,,
1.4550,422,197.9,21.2,0.0060,,
1.4625,423,199.1,21.2,0.0060,,
1.4710,424,200.1,21.2,0.0065,,
1.4790,425,201.1,21.2,0.0060,,
1.4875,426,202.1,21.2,0.0060,,
1.4960,427,202.8,21.2,0.0060,,
1.5045,428,203.7,21.2,0.0060,,
1.5120,429,204.5,21.2,0.0060,,
1.5205,430,205.4,21.2,0.0065,,
1.5290,431,206.2,21.2,0.0065,,
1.5370,432,206.8,21.2,0.0055,,
1.5455,433,207.6,21.2,0.0060,,
1.5540,434,208.5,21.2,0.0060,,
1.5615,435,209.1,21.2,0.0060,,
1.5700,436,209.8,21.2,0.0065,,
1.5785,437,210.4,21.2,0.0065,,
1.5870,438,211.2,21.2,0.0060,,
1.5955,439,211.9,21.2,0.0060,,
1.6035,440,212.4,21.2,0.0055,,
1.6115,441,213.0,21.2,0.0060,,
1.6195,442,213.5,21.2,0.0060,,
1.6280,443,214.3,21.2,0.0065,,
1.6365,444,214.9,21.2,0.0060,,
1.6450,445,215.3,21.2,0.0060,,
1.6535,446,215.8,21.2,0.0060,,
1.6610,447,216.3,21.2,0.0060,,
1.6695,448,216.9,21.2,0.0065,,
1.6775,449,217.5,21.2,0.0060,,
1.6860,450,218.0,21.2,0.0060,,
1.6945,451,218.5,21.2,0.0060,,
1.7030,452,219.1,21.2,0.0060,,
1.7115,453,219.5,21.2,0.0065,,
1.7190,454,220.0,21.2,0.0060,,
1.7275,455,220.5,21.2,0.0065,,
1.7355,456,221.0,21.2,0.0055,,
1.7440,457,221.5,21.2,0.0060,,
1.7525,458,221.9,21.2,0.0060,,
1.7610,459,222.3,21.2,0.0060,,
1.7685,460,222.6,21.2,0.0060,,
1.7770,461,222.8,21.2,0.0065,,
1.7855,462,223.3,21.2,0.0060,,
1.7935,463,223.9,21.2,0.0055,,
1.8020,464,224.1,21.2,0.0060,,
1.8105,465,224.4,21.2,0.0060,,
1.8180,466,224.8,21.2,0.0060,,
1.8265,467,225.2,21.2,0.0065,,
1.8350,468,225.7,21.2,0.0065,,
1.8435,469,226.0,21.2,0.0060,,
1.8515,470,226.3,21.2,0.0055,,
1.8600,471,226.8,21.2,0.0060,,
1.8675,472,227.1,21.2,0.0060,,
1.8760,473,227.5,21.2,0.0065,,
1.8845,474,227.8,21.2,0.0065,,
1.8930,475,228.1,21.2,0.0060,,
1.9015,476,228.5,21.2,0.0060,,
1.9095,477,228.8,21.2,0.0055,,
1.9180,478,229.1,21.2,0.0065,,
1.9255,479,229.3,21.2,0.0060,,
1.9340,480,229.6,21.2,0.0065,,
1.9425,481,230.1,21.2,0.0060,,
1.9510,482,230.3,21.2,0.0060,,
1.9595,483,230.5,21.2,0.0060,,
1.9680,484,230.9,21.2,0.0065,,
1.9755,485,231.2,21.2,0.0060,,
1.9840,486,231.6,21.2,0.0065,,
1.9920,487,231.7,21.2,0.0055,,
2.0005,488,232.0,21.2,0.0060,,
2.0090,489,232.5,21.2,0.0060,,
2.0165,490,232.6,21.2,0.0060,,
2.0250,491,233.0,21.2,0.0065,,
2.0335,492,233.2,21.2,0.0065,,
2.0420,493,233.4,21.2,0.0060,,
2.0485,494,233.8,21.2,0.0045,,
2.0490,495,234.0,21.2,0.0005,,
2.0500,496,234.0,21.2,0.0010,,
2.0520,497,234.0,21.2,0.0015,,
2.0545,498,234.1,21.2,0.0020,,
2.0585,499,234.4,21.2,0.0030,,
2.0640,500,234.5,21.2,0.0040,,
2.0690,501,234.5,21.2,0.0035,,
2.0700,502,234.7,21.2,0.0010,,
2.0705,503,234.7,21.2,0.0005,,
2.0715,504,234.8,21.2,0.0010,,
2.0730,505,234.7,21.2,0.0010,,
2.0745,506,234.6,21.2,0.0010,,
2.0760,507,234.7,21.2,0.0010,,
2.0775,508,234.7,21.2,0.0010,,
2.0790,509,235.0,21.2,0.0015,,
Scope 1/1, Sample 18/32 (10)
Result,TitrationEP1
V,t,E,T,dV/dt,E acc. stat.,Volume acc. stat.
0.0000,0,-60.8,21.1,NaN,,
0.0010,1,-60.9,21.1,0.0010,,
0.0025,2,-60.9,21.1,0.0015,,
0.0050,3,-60.9,21.1,0.0025,,
0.0085,4,-60.7,21.1,0.0030,,
0.0150,5,-60.6,21.1,0.0060,,
0.0230,6,-60.1,21.1,0.0075,,
0.0315,7,-59.2,21.1,0.0075,,
0.0400,8,-58.3,21.1,0.0075,,
0.0485,9,-57.1,21.1,0.0075,,
0.0560,10,-55.8,21.1,0.0070,,
0.0640,11,-54.4,21.1,0.0075,,
0.0725,12,-52.7,21.1,0.0075,,
0.0810,13,-51.1,21.1,0.0075,,
0.0895,14,-49.3,21.1,0.0075,,
0.0980,15,-47.6,21.1,0.0085,,
0.1055,16,-45.6,21.1,0.0070,,
0.1140,17,-43.4,21.1,0.0075,,
0.1225,18,-41.2,21.1,0.0075,,
0.1305,19,-38.9,21.1,0.0075,,
0.1390,20,-36.0,21.1,0.0075,,
0.1475,21,-33.3,21.1,0.0075,,
0.1550,22,-30.7,21.1,0.0070,,
0.1635,23,-28.0,21.1,0.0075,,
0.1720,24,-25.1,21.1,0.0075,,
0.1805,25,-21.9,21.1,0.0075,,
0.1885,26,-19.0,21.1,0.0075,,
0.1970,27,-16.3,21.1,0.0075,,
0.2045,28,-14.1,21.1,0.0070,,
0.2130,29,-11.7,21.1,0.0075,,
0.2215,30,-9.5,21.1,0.0075,,
0.2300,31,-7.6,21.1,0.0075,,
0.2385,32,-5.9,21.1,0.0075,,
0.2470,33,-4.1,21.2,0.0075,,
0.2545,34,-2.7,21.2,0.0070,,
0.2630,35,-1.1,21.2,0.0075,,
0.2710,36,0.3,21.2,0.0075,,
0.2795,37,1.5,21.2,0.0075,,
0.2880,38,3.0,21.2,0.0075,,
0.2965,39,4.4,21.2,0.0075,,
0.3040,40,5.5,21.2,0.0070,,
0.3125,41,6.5,21.2,0.0075,,
0.3210,42,7.6,21.2,0.0075,,
0.3290,43,8.9,21.2,0.0075,,
0.3375,44,10.0,21.2,0.0075,,
0.3460,45,11.0,21.2,0.0075,,
0.3535,46,12.1,21.2,0.0070,,
0.3620,47,13.0,21.2,0.0075,,
0.3705,48,14.1,21.2,0.0075,,
0.3790,49,15.1,21.2,0.0075,,
0.3870,50,16.0,21.2,0.0075,,
0.3955,51,16.9,21.2,0.0075,,
0.4040,52,17.7,21.2,0.0085,,
0.4115,53,18.7,21.2,0.0070,,
0.4200,54,19.6,21.2,0.0075,,
0.4285,55,20.4,21.2,0.0075,,
0.4370,56,21.4,21.2,0.0075,,
0.4450,57,22.4,21.2,0.0075,,
0.4535,58,23.1,21.2,0.0085,,
0.4610,59,24.1,21.2,0.0070,,
0.4695,60,24.9,21.2,0.0075,,
0.4780,61,25.6,21.2,0.0075,,
0.4865,62,26.6,21.2,0.0075,,
0.4950,63,27.6,21.2,0.0075,,
0.5030,64,28.4,21.2,0.0075,,
0.5110,65,29.3,21.2,0.0075,,
0.5190,66,30.1,21.2,0.0075,,
0.5275,67,31.1,21.2,0.0075,,
0.5360,68,32.0,21.2,0.0075,,
0.5445,69,32.9,21.2,0.0075,,
0.5530,70,33.7,21.2,0.0075,,
0.5610,71,34.4,21.2,0.0080,,
0.5690,72,35.4,21.2,0.0075,,
0.5770,73,36.4,21.2,0.0075,,
0.5855,74,37.1,21.2,0.0075,,
0.5940,75,37.9,21.2,0.0075,,
0.6025,76,38.9,21.2,0.0075,,
0.6110,77,39.7,21.2,0.0085,,
0.6185,78,40.6,21.2,0.0070,,
0.6270,79,41.2,21.2,0.0075,,
0.6350,80,42.1,21.2,0.0075,,
0.6435,81,43.2,21.2,0.0075,,
0.6520,82,44.0,21.2,0.0075,,
0.6605,83,44.9,21.2,0.0085,,
0.6680,84,45.6,21.2,0.0070,,
0.6765,85,46.6,21.2,0.0075,,
0.6850,86,47.6,21.2,0.0075,,
0.6935,87,48.4,21.2,0.0075,,
0.7015,88,49.2,21.2,0.0075,,
0.7100,89,50.1,21.2,0.0085,,
0.7175,90,51.0,21.2,0.0070,,
0.7260,91,52.1,21.2,0.0075,,
0.7345,92,53.0,21.2,0.0075,,
0.7430,93,53.9,21.2,0.0075,,
0.7515,94,55.0,21.2,0.0075,,
0.7600,95,55.7,21.2,0.0075,,
0.7675,96,56.6,21.2,0.0070,,
0.7760,97,57.4,21.2,0.0075,,
0.7840,98,58.3,21.2,0.0075,,
0.7925,99,59.3,21.2,0.0075,,
0.8010,100,60.1,21.2,0.0075,,
0.8095,101,61.0,21.2,0.0085,,
0.8170,102,61.9,21.2,0.0070,,
0.8255,103,62.8,21.2,0.0075,,
0.8340,104,63.9,21.2,0.0075,,
0.8420,105,64.7,21.2,0.0075,,
0.8505,106,65.6,21.2,0.0075,,
0.8580,107,66.4,21.2,0.0070,,
0.8665,108,67.4,21.2,0.0075,,
0.8750,109,68.5,21.2,0.0075,,
0.8835,110,69.5,21.2,0.0075,,
0.8920,111,70.5,21.2,0.0075,,
0.9005,112,71.5,21.2,0.0075,,
0.9080,113,72.1,21.2,0.0070,,
0.9165,114,73.2,21.2,0.0075,,
0.9245,115,74.0,21.2,0.0075,,
0.9330,116,75.0,21.2,0.0075,,
0.9415,117,76.2,21.2,0.0075,,
0.9500,118,77.3,21.2,0.0075,,
0.9585,119,78.3,21.2,0.0085,,
0.9660,120,79.3,21.2,0.0070,,
0.9745,121,80.2,21.2,0.0075,,
0.9825,122,81.6,21.2,0.0075,,
0.9910,123,82.8,21.2,0.0075,,
0.9995,124,83.7,21.2,0.0075,,
1.0080,125,84.7,21.2,0.0075,,
1.0155,126,85.6,21.2,0.0070,,
1.0240,127,87.0,21.2,0.0075,,
1.0325,128,88.3,21.2,0.0075,,
1.0405,129,89.4,21.2,0.0075,,
1.0490,130,90.7,21.2,0.0075,,
1.0575,131,92.0,21.2,0.0075,,
1.0650,132,93.0,21.2,0.0070,,
1.0735,133,94.4,21.2,0.0075,,
1.0820,134,95.8,21.2,0.0075,,
1.0905,135,97.3,21.2,0.0075,,
1.0990,136,99.0,21.2,0.0075,,
1.1070,137,100.3,21.2,0.0075,,
1.1150,138,101.8,21.2,0.0075,,
1.1230,139,103.3,21.2,0.0075,,
1.1315,140,105.0,21.2,0.0075,,
1.1400,141,106.7,21.2,0.0075,,
1.1485,142,108.4,21.2,0.0075,,
1.1570,143,110.2,21.2,0.0075,,
1.1645,144,112.0,21.2,0.0070,,
1.1730,145,114.3,21.2,0.0075,,
1.1810,146,116.6,21.2,0.0075,,
1.1895,147,118.9,21.2,0.0075,,
1.1980,148,121.2,21.2,0.0075,,
1.2065,149,124.0,21.2,0.0075,,
1.2140,150,126.2,21.2,0.0070,,
1.2225,151,129.1,21.2,0.0075,,
1.2310,152,132.0,21.2,0.0075,,
1.2395,153,135.2,21.2,0.0075,,
1.2475,154,139.0,21.2,0.0075,,
1.2560,155,142.4,21.2,0.0075,,
1.2635,156,145.6,21.2,0.0070,,
1.2720,157,149.1,21.2,0.0075,,
1.2805,158,153.1,21.2,0.0075,,
1.2890,159,157.0,21.2,0.0075,,
1.2975,160,160.4,21.2,0.0075,,
1.3055,161,163.7,21.2,0.0075,,
1.3135,162,166.6,21.2,0.0075,,
1.3215,163,169.7,21.2,0.0075,,
1.3300,164,172.5,21.2,0.0075,,
1.3385,165,175.0,21.2,0.0075,,
1.3470,166,177.3,21.2,0.0075,,
1.3555,167,179.5,21.2,0.0075,,
1.3630,168,181.4,21.2,0.0070,,
1.3715,169,183.3,21.2,0.0075,,
1.3795,170,184.9,21.2,0.0075,,
1.3835,171,185.2,21.2,0.0065,,
1.3835,411,188.3,21.3,0.0000,,
1.3840,412,188.3,21.3,0.0005,,
1.3855,413,188.4,21.3,0.0020,,
1.3880,414,188.6,21.3,0.0035,,
1.3920,415,188.9,21.3,0.0050,,
1.3985,416,189.7,21.3,0.0080,,
1.4065,417,191.0,21.3,0.0100,,
1.4140,418,192.1,21.3,0.0105,,
1.4225,419,193.4,21.3,0.0120,,
1.4310,420,194.6,21.3,0.0120,,
1.4395,421,195.8,21.3,0.0105,,
1.4480,422,197.2,21.3,0.0105,,
1.4560,423,198.1,21.3,0.0100,,
1.4645,424,199.2,21.3,0.0120,,
1.4720,425,200.0,21.3,0.0105,,
1.4805,426,201.1,21.3,0.0120,,
1.4890,427,202.1,21.3,0.0105,,
1.4975,428,202.9,21.3,0.0105,,
1.5060,429,203.8,21.3,0.0105,,
1.5145,430,204.7,21.3,0.0120,,
1.5220,431,205.6,21.3,0.0105,,
1.5305,432,206.6,21.3,0.0120,,
1.5385,433,207.3,21.3,0.0100,,
1.5470,434,208.0,21.3,0.0105,,
1.5555,435,208.8,21.3,0.0105,,
1.5630,436,209.4,21.3,0.0105,,
1.5715,437,210.2,21.3,0.0120,,
1.5800,438,210.8,21.3,0.0120,,
1.5885,439,211.4,21.3,0.0105,,
1.5965,440,212.2,21.3,0.0100,,
1.6050,441,212.8,21.3,0.0105,,
1.6135,442,213.4,21.3,0.0120,,
1.6210,443,213.8,21.3,0.0105,,
1.6295,444,214.4,21.3,0.0120,,
1.6380,445,215.2,21.3,0.0105,,
1.6465,446,215.7,21.3,0.0105,,
1.6550,447,216.1,21.3,0.0105,,
1.6630,448,216.6,21.3,0.0115,,
1.6710,449,217.1,21.3,0.0115,,
1.6790,450,217.8,21.3,0.0100,,
1.6875,451,218.3,21.3,0.0105,,
1.6960,452,218.6,21.3,0.0105,,
1.7045,453,219.3,21.3,0.0105,,
1.7130,454,219.7,21.3,0.0120,,
1.7205,455,220.2,21.3,0.0105,,
1.7290,456,220.6,21.3,0.0120,,
1.7370,457,221.0,21.3,0.0100,,
1.7455,458,221.5,21.3,0.0105,,
1.7540,459,222.0,21.3,0.0105,,
1.7625,460,222.3,21.3,0.0120,,
1.7700,461,222.6,21.3,0.0105,,
1.7785,462,223.1,21.3,0.0120,,
1.7870,463,223.6,21.3,0.0105,,
1.7955,464,224.0,21.3,0.0105,,
1.8035,465,224.2,21.3,0.0100,,
1.8120,466,224.5,21.3,0.0120,,
1.8195,467,224.8,21.3,0.0105,,
1.8280,468,225.5,21.3,0.0120,,
1.8365,469,225.8,21.3,0.0105,,
1.8450,470,226.1,21.3,0.0105,,
1.8535,471,226.5,21.3,0.0105,,
1.8620,472,226.8,21.3,0.0120,,
1.8695,473,227.2,21.3,0.0105,,
1.8775,474,227.5,21.3,0.0115,,
1.8860,475,227.7,21.3,0.0105,,
1.8945,476,228.1,21.3,0.0105,,
1.9030,477,228.7,21.3,0.0105,,
1.9115,478,228.8,21.3,0.0105,,
1.9190,479,229.2,21.3,0.0105,,
1.9275,480,229.4,21.3,0.0120,,
1.9355,481,229.8,21.3,0.0115,,
1.9440,482,230.2,21.3,0.0105,,
1.9525,483,230.3,21.3,0.0105,,
1.9610,484,230.6,21.3,0.0105,,
1.9685,485,230.9,21.3,0.0105,,
1.9770,486,231.3,21.3,0.0120,,
1.9855,487,231.6,21.3,0.0120,,
1.9940,488,231.8,21.3,0.0105,,
2.0020,489,232.1,21.3,0.0100,,
2.0105,490,232.5,21.3,0.0105,,
2.0180,491,232.6,21.3,0.0105,,
2.0265,492,233.0,21.3,0.0120,,
2.0350,493,233.2,21.3,0.0120,,
2.0435,494,233.5,21.3,0.0105,,
2.0515,495,234.1,21.3,0.0100,,
2.0585,496,234.1,21.3,0.0100,,
2.0610,497,234.3,21.3,0.0035,,
2.0615,498,234.2,21.3,0.0005,,
2.0620,499,234.3,21.3,0.0005,,
2.0635,500,234.4,21.3,0.0020,,
2.0650,501,234.4,21.3,0.0020,,
2.0665,502,234.4,21.3,0.0020,,
2.0665,503,234.4,21.3,0.0000,,
2.0685,504,234.5,21.3,0.0030,,
2.0695,505,234.6,21.3,0.0010,,
2.0705,506,234.6,21.3,0.0010,,
2.0720,507,234.6,21.3,0.0020,,
2.0730,508,234.7,21.3,0.0010,,
2.0740,509,234.8,21.3,0.0015,,
2.0750,509,235.0,21.3,0.0025,,
Scope 1/1, Sample 19/32 (11)
Result,TitrationEP1
V,t,E,T,dV/dt,E acc. stat.,Volume acc. stat.
0.0000,0,-61.6,21.2,NaN,,
0.0010,1,-61.6,21.2,0.0010,,
0.0025,2,-61.6,21.2,0.0015,,
0.0050,3,-61.4,21.2,0.0025,,
0.0090,4,-61.3,21.2,0.0035,,
0.0150,5,-61.1,21.2,0.0055,,
0.0235,6,-60.4,21.2,0.0075,,
0.0320,7,-59.6,21.2,0.0075,,
0.0405,8,-58.6,21.2,0.0075,,
0.0480,9,-57.3,21.2,0.0075,,
0.0565,10,-56.1,21.2,0.0075,,
0.0645,11,-54.6,21.2,0.0075,,
0.0730,12,-52.8,21.2,0.0075,,
0.0815,13,-51.3,21.2,0.0075,,
0.0900,14,-49.5,21.2,0.0075,,
0.0975,15,-47.7,21.2,0.0075,,
0.1060,16,-45.6,21.2,0.0075,,
0.1145,17,-43.4,21.2,0.0075,,
0.1225,18,-41.3,21.2,0.0075,,
0.1310,19,-38.9,21.2,0.0075,,
0.1395,20,-36.2,21.2,0.0075,,
0.1480,21,-33.8,21.2,0.0085,,
0.1555,22,-30.8,21.2,0.0070,,
0.1640,23,-27.9,21.2,0.0075,,
0.1725,24,-24.7,21.2,0.0075,,
0.1810,25,-21.6,21.2,0.0075,,
0.1890,26,-18.6,21.2,0.0075,,
0.1975,27,-15.7,21.2,0.0075,,
0.2050,28,-13.4,21.2,0.0070,,
0.2135,29,-11.1,21.2,0.0075,,
0.2220,30,-8.8,21.2,0.0075,,
0.2305,31,-6.8,21.2,0.0075,,
0.2390,32,-5.0,21.2,0.0075,,
0.2470,33,-3.3,21.2,0.0080,,
0.2550,34,-1.7,21.2,0.0075,,
0.2630,35,-0.1,21.2,0.0075,,
0.2715,36,1.4,21.2,0.0075,,
0.2800,37,2.7,21.2,0.0075,,
0.2885,38,4.2,21.2,0.0075,,
0.2970,39,5.2,21.2,0.0085,,
0.3045,40,6.6,21.2,0.0070,,
0.3130,41,7.8,21.2,0.0075,,
0.3210,42,8.9,21.2,0.0075,,
0.3295,43,10.1,21.2,0.0075,,
0.3380,44,11.2,21.2,0.0075,,
0.3465,45,12.2,21.2,0.0075,,
0.3540,46,13.1,21.2,0.0075,,
0.3625,47,14.0,21.2,0.0075,,
0.3710,48,15.1,21.2,0.0075,,
0.3790,49,16.2,21.2,0.0075,,
0.3875,50,17.2,21.2,0.0075,,
0.3960,51,18.3,21.2,0.0075,,
0.4035,52,19.2,21.2,0.0070,,
0.4120,53,20.1,21.2,0.0075,,
0.4205,54,21.1,21.2,0.0075,,
0.4290,55,21.9,21.2,0.0075,,
0.4375,56,22.8,21.2,0.0075,,
0.4455,57,23.8,21.2,0.0075,,
0.4535,58,24.6,21.2,0.0080,,
0.4615,59,25.6,21.2,0.0075,,
0.4700,60,26.4,21.2,0.0075,,
0.4785,61,27.5,21.2,0.0075,,
0.4870,62,28.4,21.2,0.0075,,
0.4955,63,29.2,21.2,0.0075,,
0.5030,64,30.1,21.2,0.0075,,
0.5115,65,30.8,21.2,0.0075,,
0.5200,66,31.8,21.2,0.0075,,
0.5280,67,32.8,21.2,0.0075,,
0.5365,68,33.5,21.2,0.0075,,
0.5450,69,34.3,21.2,0.0075,,
0.5525,70,35.0,21.2,0.0075,,
0.5610,71,36.0,21.2,0.0075,,
0.5695,72,36.9,21.2,0.0075,,
0.5780,73,37.8,21.2,0.0075,,
0.5860,74,38.7,21.2,0.0075,,
0.5945,75,39.7,21.2,0.0075,,
0.6020,76,40.4,21.2,0.0070,,
0.6105,77,41.3,21.2,0.0075,,
0.6190,78,42.0,21.2,0.0075,,
0.6275,79,42.8,21.2,0.0075,,
0.6360,80,43.7,21.2,0.0075,,
0.6440,81,44.6,21.2,0.0075,,
0.6520,82,45.5,21.2,0.0080,,
0.6600,83,46.3,21.2,0.0075,,
0.6685,84,47.1,21.2,0.0075,,
0.6770,85,48.2,21.2,0.0075,,
0.6855,86,49.0,21.2,0.0075,,
0.6940,87,49.7,21.2,0.0075,,
0.7015,88,50.5,21.2,0.0075,,
0.7100,89,51.4,21.2,0.0075,,
0.7185,90,52.5,21.2,0.0075,,
0.7265,91,53.3,21.2,0.0075,,
0.7350,92,54.1,21.2,0.0075,,
0.7435,93,55.1,21.2,0.0075,,
0.7510,94,55.8,21.2,0.0075,,
0.7595,95,56.8,21.2,0.0075,,
0.7680,96,57.6,21.2,0.0075,,
0.7765,97,58.4,21.2,0.0075,,
0.7845,98,59.4,21.2,0.0075,,
0.7930,99,60.4,21.2,0.0075,,
0.8005,100,61.2,21.2,0.0075,,
0.8090,101,62.2,21.2,0.0075,,
0.8175,102,62.9,21.2,0.0075,,
0.8260,103,64.0,21.2,0.0075,,
0.8345,104,64.9,21.2,0.0075,,
0.8430,105,65.7,21.2,0.0075,,
0.8505,106,66.7,21.2,0.0075,,
0.8590,107,67.7,21.2,0.0075,,
0.8670,108,68.8,21.2,0.0075,,
0.8755,109,69.6,21.2,0.0075,,
0.8840,110,70.5,21.2,0.0075,,
0.8925,111,71.7,21.2,0.0075,,
0.9000,112,72.4,21.2,0.0075,,
0.9085,113,73.5,21.2,0.0075,,
0.9170,114,74.5,21.2,0.0075,,
0.9250,115,75.3,21.2,0.0075,,
0.9335,116,76.5,21.2,0.0075,,
0.9420,117,77.6,21.2,0.0075,,
0.9495,118,78.6,21.2,0.0075,,
0.9580,119,79.5,21.2,0.0075,,
0.9665,120,80.6,21.2,0.0075,,
0.9750,121,81.7,21.2,0.0075,,
0.9835,122,82.8,21.2,0.0075,,
0.9915,123,83.7,21.2,0.0075,,
0.9995,124,84.7,21.2,0.0080,,
1.0075,125,85.8,21.2,0.0075,,
1.0160,126,87.1,21.2,0.0075,,
1.0245,127,88.2,21.2,0.0075,,
1.0330,128,89.2,21.2,0.0075,,
1.0415,129,90.6,21.2,0.0075,,
1.0495,130,91.7,21.2,0.0080,,
1.0575,131,93.2,21.2,0.0075,,
1.0655,132,94.4,21.2,0.0075,,
1.0740,133,95.8,21.2,0.0075,,
1.0825,134,97.1,21.2,0.0075,,
1.0910,135,98.5,21.2,0.0075,,
1.0995,136,99.8,21.2,0.0085,,
1.1070,137,101.3,21.2,0.0070,,
1.1155,138,102.8,21.2,0.0075,,
1.1235,139,104.4,21.2,0.0075,,
1.1320,140,106.2,21.2,0.0075,,
1.1405,141,108.0,21.2,0.0075,,
1.1490,142,109.7,21.2,0.0085,,
1.1565,143,111.3,21.2,0.0070,,
1.1650,144,113.2,21.2,0.0075,,
1.1735,145,115.5,21.2,0.0075,,
1.1820,146,117.6,21.2,0.0075,,
1.1900,147,119.8,21.2,0.0075,,
1.1985,148,122.5,21.2,0.0075,,
1.2060,149,124.7,21.2,0.0075,,
1.2145,150,127.4,21.2,0.0075,,
1.2230,151,130.2,21.2,0.0075,,
1.2315,152,133.4,21.2,0.0075,,
1.2395,153,136.4,21.2,0.0075,,
1.2480,154,139.8,21.2,0.0075,,
1.2555,155,142.9,21.2,0.0075,,
1.2640,156,146.1,21.2,0.0075,,
1.2725,157,149.7,21.2,0.0075,,
1.2810,158,153.5,21.2,0.0075,,
1.2895,159,157.1,21.2,0.0075,,
1.2980,160,160.5,21.2,0.0075,,
1.3060,161,163.5,21.2,0.0080,,
1.3135,162,166.7,21.2,0.0070,,
1.3220,163,169.7,21.2,0.0075,,
1.3305,164,172.5,21.2,0.0075,,
1.3390,165,175.1,21.2,0.0075,,
1.3475,166,177.4,21.2,0.0075,,
1.3560,167,179.8,21.2,0.0075,,
1.3635,168,181.5,21.2,0.0075,,
1.3720,169,183.6,21.2,0.0075,,
1.3815,170,185.2,21.2,0.0075,,
1.3815,410,187.8,21.3,0.0000,,
1.3820,411,187.7,21.3,0.0005,,
1.3835,412,187.7,21.3,0.0010,,
1.3860,414,188.0,21.3,0.0015,,
1.3900,414,188.7,21.3,0.0080,,
1.3965,416,189.5,21.3,0.0045,,
1.4045,416,190.5,21.3,0.0160,,
1.4125,417,191.7,21.3,0.0055,,
1.4205,418,193.3,21.3,0.0055,,
1.4290,420,194.8,21.3,0.0055,,
1.4375,420,195.9,21.3,0.0170,,
1.4460,422,196.8,21.3,0.0055,,
1.4545,422,198.3,21.3,0.0170,,
1.4620,423,199.1,21.3,0.0055,,
1.4705,424,200.2,21.3,0.0060,,
1.4790,425,201.2,21.3,0.0060,,
1.4870,426,202.0,21.3,0.0055,,
1.4955,428,203.1,21.3,0.0055,,
1.5040,428,203.9,21.3,0.0170,,
1.5115,429,204.9,21.3,0.0055,,
1.5200,430,205.5,21.3,0.0060,,
1.5285,431,206.2,21.3,0.0060,,
1.5370,432,207.1,21.3,0.0055,,
1.5450,434,207.8,21.3,0.0055,,
1.5535,434,208.6,21.3,0.0170,,
1.5610,435,209.2,21.3,0.0055,,
1.5695,436,209.9,21.3,0.0060,,
1.5780,438,210.8,21.3,0.0055,,
1.5865,438,211.4,21.3,0.0170,,
1.5950,440,211.9,21.3,0.0055,,
1.6035,440,212.6,21.3,0.0170,,
1.6110,441,213.1,21.3,0.0055,,
1.6195,442,213.8,21.3,0.0060,,
1.6275,443,214.2,21.3,0.0055,,
1.6360,444,214.7,21.3,0.0055,,
1.6445,446,215.5,21.3,0.0055,,
1.6530,446,216.0,21.3,0.0170,,
1.6605,447,216.5,21.3,0.0055,,
1.6690,448,216.9,21.3,0.0060,,
1.6775,449,217.5,21.3,0.0060,,
1.6855,450,218.2,21.3,0.0055,,
1.6940,452,218.6,21.3,0.0055,,
1.7025,452,218.9,21.3,0.0170,,
1.7100,453,219.5,21.3,0.0055,,
1.7185,454,219.9,21.3,0.0060,,
1.7270,456,220.4,21.3,0.0055,,
1.7355,456,220.8,21.3,0.0170,,
1.7440,458,221.3,21.3,0.0055,,
1.7520,458,221.9,21.3,0.0160,,
1.7595,459,222.2,21.3,0.0055,,
1.7680,460,222.8,21.3,0.0060,,
1.7765,461,223.2,21.3,0.0060,,
1.7850,462,223.5,21.3,0.0055,,
1.7935,464,224.0,21.3,0.0055,,
1.8020,464,224.5,21.3,0.0170,,
1.8095,465,224.8,21.3,0.0055,,
1.8180,466,225.0,21.3,0.0060,,
1.8260,467,225.3,21.3,0.0055,,
1.8345,468,225.8,21.3,0.0055,,
1.8430,470,226.2,21.3,0.0055,,
1.8515,470,226.4,21.3,0.0170,,
1.8600,471,226.7,21.3,0.0060,,
1.8675,472,227.0,21.3,0.0055,,
1.8760,473,227.5,21.3,0.0060,,
1.8840,474,227.9,21.3,0.0055,,
1.8925,476,228.1,21.3,0.0055,,
1.9010,476,228.6,21.3,0.0170,,
1.9095,477,228.9,21.3,0.0060,,
1.9170,478,229.3,21.3,0.0055,,
1.9255,479,229.7,21.3,0.0060,,
1.9340,480,229.9,21.3,0.0060,,
1.9420,482,230.2,21.3,0.0055,,
1.9505,482,230.6,21.3,0.0170,,
1.9590,484,230.8,21.3,0.0055,,
1.9665,484,231.2,21.3,0.0185,,
1.9750,485,231.4,21.3,0.0060,,
1.9835,486,231.6,21.3,0.0055,,
1.9920,488,232.1,21.3,0.0055,,
2.0005,488,232.3,21.3,0.0170,,
2.0085,489,232.6,21.3,0.0055,,
2.0165,490,232.8,21.3,0.0055,,
2.0245,491,233.1,21.3,0.0055,,
2.0330,492,233.6,21.3,0.0055,,
2.0410,494,233.7,21.3,0.0055,,
2.0475,494,233.8,21.3,0.0130,,
2.0510,496,234.0,21.3,0.0025,,
2.0535,496,234.0,21.3,0.0060,,
2.0555,497,234.2,21.3,0.0015,,
2.0585,498,234.2,21.3,0.0020,,
2.0615,500,234.2,21.3,0.0020,,
2.0620,500,234.4,21.3,0.0010,,
2.0630,502,234.4,21.3,0.0005,,
2.0645,502,234.6,21.3,0.0035,,
2.0650,503,234.5,21.3,0.0005,,
2.0660,504,234.5,21.3,0.0005,,
2.0670,506,234.7,21.3,0.0005,,
2.0680,506,234.7,21.3,0.0020,,
2.0695,508,234.6,21.3,0.0010,,
2.0710,508,234.7,21.3,0.0035,,
2.0735,509,234.7,21.3,0.0020,,
2.0760,510,235.0,21.3,0.0020,,
Scope 1/1, Sample 20/32 (12)
Result,TitrationEP1
V,t,E,T,dV/dt,E acc. stat.,Volume acc. stat.
0.0000,0,-61.2,21.2,NaN,,
0.0010,1,-61.3,21.2,0.0010,,
0.0025,2,-61.4,21.2,0.0015,,
0.0050,3,-61.4,21.2,0.0025,,
0.0090,4,-61.2,21.2,0.0035,,
0.0150,5,-60.7,21.2,0.0055,,
0.0235,6,-60.2,21.2,0.0075,,
0.0320,7,-59.4,21.2,0.0075,,
0.0405,8,-58.1,21.2,0.0075,,
0.0480,9,-57.2,21.2,0.0075,,
0.0565,10,-55.9,21.2,0.0075,,
0.0645,11,-54.5,21.2,0.0075,,
0.0730,12,-52.9,21.2,0.0075,,
0.0815,13,-51.0,21.2,0.0075,,
0.0900,14,-49.2,21.2,0.0075,,
0.0975,15,-47.5,21.2,0.0075,,
0.1060,16,-45.6,21.2,0.0075,,
0.1145,17,-43.5,21.2,0.0075,,
0.1230,18,-41.1,21.2,0.0075,,
0.1310,19,-38.7,21.2,0.0075,,
0.1395,20,-36.2,21.2,0.0075,,
0.1470,21,-33.6,21.2,0.0070,,
0.1555,22,-30.8,21.2,0.0075,,
0.1640,23,-27.6,21.2,0.0075,,
0.1725,24,-24.7,21.2,0.0075,,
0.1810,25,-21.6,21.2,0.0075,,
0.1895,26,-18.6,21.2,0.0075,,
0.1970,27,-16.3,21.2,0.0075,,
0.2050,28,-13.4,21.2,0.0075,,
0.2135,29,-11.1,21.2,0.0075,,
0.2220,30,-9.1,21.2,0.0075,,
0.2305,31,-6.9,21.2,0.0075,,
0.2390,32,-5.0,21.2,0.0075,,
0.2465,33,-3.4,21.2,0.0070,,
0.2550,34,-1.9,21.2,0.0075,,
0.2635,35,-0.4,21.2,0.0075,,
0.2715,36,1.3,21.2,0.0075,,
0.2800,37,2.6,21.2,0.0075,,
0.2885,38,3.9,21.2,0.0075,,
0.2960,39,5.2,21.2,0.0075,,
0.3045,40,6.3,21.2,0.0075,,
0.3130,41,7.7,21.2,0.0075,,
0.3215,42,8.7,21.2,0.0075,,
0.3295,43,9.8,21.2,0.0075,,
0.3380,44,11.1,21.2,0.0075,,
0.3465,45,11.8,21.2,0.0085,,
0.3540,46,13.1,21.2,0.0070,,
0.3625,47,14.1,21.2,0.0075,,
0.3710,48,15.0,21.2,0.0075,,
0.3795,49,16.0,21.2,0.0075,,
0.3875,50,17.1,21.2,0.0075,,
0.3960,51,17.9,21.2,0.0085,,
0.4035,52,18.9,21.2,0.0070,,
0.4120,53,19.7,21.2,0.0075,,
0.4205,54,20.6,21.2,0.0075,,
0.4290,55,21.7,21.2,0.0075,,
0.4375,56,22.7,21.2,0.0075,,
0.4460,57,23.5,21.2,0.0075,,
0.4535,58,24.3,21.2,0.0070,,
0.4620,59,25.3,21.2,0.0075,,
0.4700,60,26.3,21.2,0.0075,,
0.4785,61,27.1,21.2,0.0075,,
0.4870,62,28.1,21.2,0.0075,,
0.4955,63,29.2,21.2,0.0075,,
0.5030,64,29.9,21.2,0.0075,,
0.5115,65,30.9,21.2,0.0075,,
0.5200,66,31.7,21.2,0.0075,,
0.5280,67,32.4,21.2,0.0075,,
0.5365,68,33.4,21.2,0.0075,,
0.5450,69,34.4,21.2,0.0075,,
0.5525,70,35.2,21.2,0.0075,,
0.5610,71,35.9,21.2,0.0075,,
0.5695,72,36.8,21.2,0.0075,,
0.5780,73,37.7,21.2,0.0075,,
0.5865,74,38.4,21.2,0.0075,,
0.5945,75,39.1,21.2,0.0075,,
0.6025,76,39.9,21.2,0.0075,,
0.6105,77,40.8,21.2,0.0075,,
0.6190,78,41.9,21.2,0.0075,,
0.6275,79,42.6,21.2,0.0075,,
0.6360,80,43.4,21.2,0.0075,,
0.6445,81,44.4,21.2,0.0075,,
0.6520,82,45.2,21.2,0.0070,,
0.6605,83,46.1,21.2,0.0075,,
0.6685,84,46.9,21.2,0.0075,,
0.6770,85,47.7,21.2,0.0075,,
0.6855,86,48.8,21.2,0.0075,,
0.6940,87,49.6,21.2,0.0075,,
0.7015,88,50.4,21.2,0.0070,,
0.7100,89,51.1,21.2,0.0075,,
0.7185,90,51.8,21.2,0.0075,,
0.7265,91,52.9,21.2,0.0075,,
0.7350,92,53.8,21.2,0.0075,,
0.7435,93,54.5,21.2,0.0075,,
0.7510,94,55.3,21.2,0.0070,,
0.7595,95,56.1,21.2,0.0075,,
0.7680,96,57.2,21.2,0.0075,,
0.7765,97,58.1,21.2,0.0075,,
0.7850,98,58.8,21.2,0.0075,,
0.7930,99,59.7,21.2,0.0075,,
0.8005,100,60.6,21.2,0.0075,,
0.8090,101,61.6,21.2,0.0075,,
0.8175,102,62.5,21.2,0.0075,,
0.8260,103,63.3,21.2,0.0075,,
0.8345,104,64.3,21.2,0.0075,,
0.8430,105,65.3,21.2,0.0075,,
0.8505,106,66.2,21.2,0.0075,,
0.8590,107,67.1,21.2,0.0075,,
0.8670,108,68.0,21.2,0.0075,,
0.8755,109,69.0,21.2,0.0075,,
0.8840,110,70.1,21.2,0.0075,,
0.8925,111,70.9,21.2,0.0075,,
0.9010,112,71.8,21.2,0.0085,,
0.9085,113,72.6,21.2,0.0070,,
0.9170,114,73.6,21.2,0.0075,,
0.9250,115,74.7,21.2,0.0075,,
0.9335,116,75.5,21.2,0.0075,,
0.9420,117,76.5,21.2,0.0075,,
0.9505,118,77.4,21.2,0.0085,,
0.9580,119,78.6,21.2,0.0070,,
0.9665,120,79.6,21.2,0.0075,,
0.9750,121,80.6,21.2,0.0075,,
0.9835,122,81.5,21.2,0.0075,,
0.9915,123,82.6,21.2,0.0075,,
1.0000,124,83.6,21.2,0.0085,,
1.0075,125,84.7,21.2,0.0070,,
1.0160,126,85.7,21.2,0.0075,,
1.0245,127,87.0,21.2,0.0075,,
1.0330,128,88.2,21.2,0.0075,,
1.0415,129,89.2,21.2,0.0075,,
1.0495,130,90.4,21.2,0.0080,,
1.0575,131,91.6,21.2,0.0075,,
1.0655,132,92.8,21.2,0.0075,,
1.0740,133,94.3,21.2,0.0075,,
1.0825,134,95.5,21.2,0.0075,,
1.0910,135,96.7,21.2,0.0075,,
1.0995,136,98.0,21.2,0.0085,,
1.1070,137,99.5,21.2,0.0070,,
1.1155,138,100.9,21.2,0.0075,,
1.1240,139,102.3,21.2,0.0075,,
1.1320,140,103.8,21.2,0.0075,,
1.1405,141,105.6,21.2,0.0075,,
1.1490,142,106.8,21.2,0.0085,,
1.1565,143,108.6,21.2,0.0070,,
1.1650,144,110.3,21.2,0.0075,,
1.1735,145,112.3,21.2,0.0075,,
1.1820,146,114.5,21.2,0.0075,,
1.1900,147,116.5,21.2,0.0075,,
1.1985,148,118.5,21.2,0.0085,,
1.2060,149,120.6,21.2,0.0070,,
1.2145,150,123.1,21.2,0.0075,,
1.2230,151,125.8,21.2,0.0075,,
1.2315,152,128.6,21.2,0.0075,,
1.2400,153,131.5,21.2,0.0075,,
1.2480,154,134.6,21.2,0.0075,,
1.2565,155,137.2,21.2,0.0085,,
1.2640,156,140.5,21.2,0.0070,,
1.2725,157,144.1,21.2,0.0075,,
1.2810,158,147.4,21.2,0.0075,,
1.2895,159,150.9,21.2,0.0075,,
1.2980,160,154.6,21.2,0.0075,,
1.3060,161,157.8,21.2,0.0080,,
1.3140,162,161.1,21.2,0.0075,,
1.3220,163,164.5,21.2,0.0075,,
1.3305,164,167.4,21.2,0.0075,,
1.3390,165,170.4,21.2,0.0075,,
1.3475,166,173.1,21.2,0.0075,,
1.3560,167,175.6,21.2,0.0075,,
1.3635,168,177.8,21.2,0.0070,,
1.3720,169,180.0,21.2,0.0075,,
1.3800,170,182.0,21.2,0.0075,,
1.3885,171,184.0,21.2,0.0075,,
1.3965,172,185.2,21.2,0.0075,,
1.3965,412,187.5,21.3,0.0000,,
1.3970,413,187.4,21.3,0.0005,,
1.3985,414,187.5,21.3,0.0010,,
1.4010,415,188.1,21.3,0.0020,,
1.4050,416,188.4,21.3,0.0030,,
1.4115,417,189.3,21.3,0.0050,,
1.4200,418,190.6,21.3,0.0065,,
1.4275,419,191.7,21.3,0.0060,,
1.4355,420,193.1,21.3,0.0065,,
1.4440,421,194.3,21.3,0.0070,,
1.4525,422,195.3,21.3,0.0065,,
1.4610,423,196.6,21.3,0.0065,,
1.4695,424,197.8,21.3,0.0065,,
1.4770,425,198.8,21.3,0.0060,,
1.4855,426,199.7,21.3,0.0070,,
1.4940,427,200.8,21.3,0.0070,,
1.5020,428,201.9,21.3,0.0060,,
1.5105,429,202.7,21.3,0.0065,,
1.5190,430,203.4,21.3,0.0065,,
1.5275,431,204.3,21.3,0.0070,,
1.5350,432,205.1,21.3,0.0060,,
1.5435,433,206.1,21.3,0.0070,,
1.5515,434,206.9,21.3,0.0060,,
1.5600,435,207.5,21.3,0.0065,,
1.5685,436,208.3,21.3,0.0065,,
1.5770,437,209.0,21.3,0.0070,,
1.5845,438,209.9,21.3,0.0060,,
1.5930,439,210.6,21.3,0.0070,,
1.6015,440,211.1,21.3,0.0070,,
1.6095,441,211.7,21.3,0.0060,,
1.6180,442,212.5,21.3,0.0065,,
1.6265,443,213.0,21.3,0.0065,,
1.6340,444,213.6,21.3,0.0060,,
1.6425,445,214.1,21.3,0.0070,,
1.6510,446,214.7,21.3,0.0070,,
1.6595,447,215.5,21.3,0.0065,,
1.6680,448,215.9,21.3,0.0065,,
1.6760,449,216.4,21.3,0.0060,,
1.6840,450,216.8,21.3,0.0065,,
1.6920,451,217.4,21.3,0.0065,,
1.7005,452,218.1,21.3,0.0070,,
1.7090,453,218.4,21.3,0.0065,,
1.7175,454,218.8,21.3,0.0065,,
1.7260,455,219.4,21.3,0.0065,,
1.7335,456,219.8,21.3,0.0065,,
1.7420,457,220.3,21.3,0.0070,,
1.7500,458,220.7,21.3,0.0065,,
1.7585,459,221.1,21.3,0.0065,,
1.7670,460,221.7,21.3,0.0065,,
1.7755,461,222.1,21.3,0.0065,,
1.7830,462,222.6,21.3,0.0060,,
1.7915,463,222.8,21.3,0.0070,,
1.8000,464,223.2,21.3,0.0070,,
1.8085,465,223.6,21.3,0.0065,,
1.8165,466,224.1,21.3,0.0060,,
1.8250,467,224.5,21.3,0.0065,,
1.8335,468,224.9,21.3,0.0070,,
1.8410,469,225.2,21.3,0.0060,,
1.8495,470,225.7,21.3,0.0070,,
1.8580,471,226.1,21.3,0.0065,,
1.8665,472,226.3,21.3,0.0065,,
1.8745,473,226.7,21.3,0.0060,,
1.8830,474,227.1,21.3,0.0065,,
1.8905,475,227.4,21.3,0.0060,,
1.8990,476,227.8,21.3,0.0070,,
1.9075,477,228.0,21.3,0.0070,,
1.9160,478,228.3,21.3,0.0065,,
1.9240,479,228.8,21.3,0.0060,,
1.9325,480,229.1,21.3,0.0065,,
1.9400,481,229.4,21.3,0.0060,,
1.9485,482,229.5,21.3,0.0070,,
1.9570,483,229.8,21.3,0.0070,,
1.9655,484,230.3,21.3,0.0065,,
1.9740,485,230.5,21.3,0.0065,,
1.9825,486,230.7,21.3,0.0065,,
1.9900,487,231.0,21.3,0.0065,,
1.9985,488,231.3,21.3,0.0070,,
2.0065,489,231.7,21.3,0.0065,,
2.0150,490,232.0,21.3,0.0065,,
2.0235,491,232.1,21.3,0.0065,,
2.0320,492,232.4,21.3,0.0065,,
2.0395,493,232.6,21.3,0.0060,,
2.0480,494,233.1,21.3,0.0070,,
2.0565,495,233.3,21.3,0.0070,,
2.0645,496,233.5,21.3,0.0060,,
2.0725,497,234.0,21.3,0.0060,,
2.0800,498,234.3,21.3,0.0060,,
2.0830,499,234.5,21.3,0.0025,,
2.0840,500,234.4,21.3,0.0010,,
2.0850,501,234.4,21.3,0.0010,,
2.0860,502,234.5,21.3,0.0010,,
2.0870,503,234.4,21.3,0.0010,,
2.0890,504,234.3,21.3,0.0015,,
2.0910,505,234.5,21.3,0.0015,,
2.0915,506,234.5,21.3,0.0005,,
2.0930,507,234.7,21.3,0.0010,,
2.0945,508,234.6,21.3,0.0010,,
2.0965,509,234.6,21.3,0.0015,,
2.0980,510,235.0,21.3,0.0015,,
Scope 1/1, Sample 21/32 (13)
Result,TitrationEP1
V,t,E,T,dV/dt,E acc. stat.,Volume acc. stat.
0.0000,0,-58.2,21.2,NaN,,
0.0005,1,-58.3,21.2,0.0005,,
0.0025,2,-58.1,21.2,0.0020,,
0.0050,3,-58.3,21.2,0.0025,,
0.0085,4,-58.1,21.2,0.0030,,
0.0150,5,-57.6,21.2,0.0060,,
0.0230,6,-57.2,21.2,0.0075,,
0.0305,7,-56.5,21.2,0.0075,,
0.0390,8,-55.6,21.2,0.0085,,
0.0475,9,-54.3,21.2,0.0075,,
0.0560,10,-52.7,21.2,0.0075,,
0.0645,11,-51.3,21.2,0.0075,,
0.0725,12,-49.6,21.2,0.0080,,
0.0805,13,-47.9,21.2,0.0080,,
0.0885,14,-45.8,21.2,0.0080,,
0.0970,15,-43.7,21.2,0.0075,,
0.1055,16,-41.7,21.2,0.0075,,
0.1140,17,-39.4,21.2,0.0075,,
0.1225,18,-36.7,21.2,0.0075,,
0.1300,19,-34.3,21.2,0.0075,,
0.1385,20,-31.4,21.2,0.0085,,
0.1465,21,-28.6,21.2,0.0075,,
0.1550,22,-25.7,21.2,0.0075,,
0.1635,23,-22.6,21.2,0.0075,,
0.1720,24,-19.7,21.2,0.0075,,
0.1795,25,-17.2,21.2,0.0075,,
0.1880,26,-14.7,21.2,0.0085,,
0.1965,27,-12.3,21.2,0.0085,,
0.2050,28,-10.0,21.2,0.0075,,
0.2130,29,-8.1,21.2,0.0075,,
0.2215,30,-6.4,21.2,0.0075,,
0.2290,31,-4.7,21.2,0.0075,,
0.2375,32,-3.0,21.2,0.0085,,
0.2460,33,-1.4,21.2,0.0075,,
0.2545,34,0.1,21.2,0.0075,,
0.2630,35,1.3,21.2,0.0075,,
0.2715,36,2.8,21.2,0.0075,,
0.2790,37,4.0,21.2,0.0075,,
0.2875,38,5.3,21.2,0.0085,,
0.2955,39,6.4,21.2,0.0075,,
0.3040,40,7.6,21.2,0.0075,,
0.3125,41,8.9,21.2,0.0075,,
0.3210,42,10.0,21.2,0.0075,,
0.3285,43,10.9,21.2,0.0075,,
0.3370,44,11.9,21.2,0.0085,,
0.3455,45,12.9,21.2,0.0075,,
0.3535,46,14.1,21.2,0.0075,,
0.3620,47,15.1,21.2,0.0075,,
0.3705,48,16.0,21.2,0.0075,,
0.3780,49,16.8,21.2,0.0075,,
0.3865,50,17.8,21.2,0.0085,,
0.3950,51,18.9,21.2,0.0075,,
0.4035,52,19.8,21.2,0.0075,,
0.4115,53,20.6,21.2,0.0075,,
0.4200,54,21.6,21.2,0.0075,,
0.4275,55,22.3,21.2,0.0075,,
0.4360,56,23.4,21.2,0.0085,,
0.4445,57,24.2,21.2,0.0085,,
0.4530,58,25.1,21.2,0.0075,,
0.4615,59,26.1,21.2,0.0075,,
0.4700,60,27.0,21.2,0.0075,,
0.4775,61,27.9,21.2,0.0075,,
0.4860,62,28.6,21.2,0.0085,,
0.4940,63,29.4,21.2,0.0080,,
0.5025,64,30.4,21.2,0.0075,,
0.5110,65,31.3,21.2,0.0075,,
0.5195,66,32.0,21.2,0.0075,,
0.5270,67,32.8,21.2,0.0075,,
0.5355,68,33.7,21.2,0.0085,,
0.5440,69,34.7,21.2,0.0075,,
0.5520,70,35.5,21.2,0.0075,,
0.5605,71,36.2,21.2,0.0075,,
0.5690,72,37.2,21.2,0.0075,,
0.5765,73,37.8,21.2,0.0075,,
0.5850,74,38.8,21.2,0.0085,,
0.5935,75,39.7,21.2,0.0085,,
0.6020,76,40.5,21.2,0.0075,,
0.6105,77,41.5,21.2,0.0075,,
0.6185,78,42.5,21.2,0.0075,,
0.6265,79,43.1,21.2,0.0080,,
0.6345,80,44.0,21.2,0.0080,,
0.6430,81,44.8,21.2,0.0085,,
0.6515,82,45.6,21.2,0.0075,,
0.6600,83,46.7,21.2,0.0075,,
0.6685,84,47.5,21.2,0.0075,,
0.6760,85,48.3,21.2,0.0075,,
0.6845,86,49.1,21.2,0.0085,,
0.6925,87,50.0,21.2,0.0080,,
0.7010,88,51.0,21.2,0.0075,,
0.7095,89,52.0,21.2,0.0075,,
0.7180,90,52.7,21.2,0.0075,,
0.7265,91,53.6,21.2,0.0085,,
0.7340,92,54.5,21.2,0.0075,,
0.7425,93,55.4,21.2,0.0085,,
0.7505,94,56.2,21.2,0.0075,,
0.7590,95,57.0,21.2,0.0075,,
0.7675,96,58.1,21.2,0.0075,,
0.7760,97,59.1,21.2,0.0075,,
0.7835,98,60.1,21.2,0.0075,,
0.7920,99,60.8,21.2,0.0085,,
0.8005,100,61.7,21.2,0.0085,,
0.8085,101,62.6,21.2,0.0075,,
0.8170,102,63.6,21.2,0.0075,,
0.8255,103,64.5,21.2,0.0075,,
0.8330,104,65.5,21.2,0.0075,,
0.8415,105,66.2,21.2,0.0085,,
0.8500,106,67.3,21.2,0.0085,,
0.8585,107,68.4,21.2,0.0075,,
0.8665,108,69.1,21.2,0.0075,,
0.8750,109,70.2,21.2,0.0075,,
0.8825,110,71.0,21.2,0.0075,,
0.8910,111,72.0,21.2,0.0085,,
0.8995,112,73.1,21.2,0.0085,,
0.9080,113,74.0,21.2,0.0075,,
0.9165,114,75.0,21.2,0.0075,,
0.9250,115,76.2,21.2,0.0075,,
0.9325,116,77.2,21.2,0.0075,,
0.9405,117,78.4,21.2,0.0080,,
0.9490,118,79.3,21.2,0.0085,,
0.9575,119,80.3,21.2,0.0075,,
0.9660,120,81.4,21.2,0.0075,,
0.9745,121,82.4,21.2,0.0075,,
0.9820,122,83.4,21.2,0.0075,,
0.9905,123,84.5,21.2,0.0085,,
0.9990,124,85.6,21.2,0.0085,,
1.0070,125,87.0,21.2,0.0075,,
1.0155,126,88.2,21.2,0.0075,,
1.0240,127,89.4,21.2,0.0075,,
1.0325,128,90.5,21.2,0.0085,,
1.0400,129,91.9,21.2,0.0075,,
1.0485,130,93.1,21.2,0.0085,,
1.0570,131,94.3,21.2,0.0075,,
1.0655,132,95.8,21.2,0.0075,,
1.0735,133,97.3,21.2,0.0075,,
1.0820,134,98.6,21.2,0.0085,,
1.0895,135,100.1,21.2,0.0075,,
1.0980,136,101.5,21.2,0.0085,,
1.1065,137,103.1,21.3,0.0075,,
1.1150,138,104.9,21.3,0.0075,,
1.1235,139,106.7,21.3,0.0075,,
1.1315,140,108.4,21.2,0.0080,,
1.1390,141,110.2,21.3,0.0075,,
1.1475,142,112.2,21.3,0.0085,,
1.1560,143,114.4,21.3,0.0075,,
1.1645,144,116.5,21.3,0.0075,,
1.1730,145,118.9,21.3,0.0075,,
1.1815,146,121.2,21.3,0.0085,,
1.1890,147,123.6,21.3,0.0075,,
1.1975,148,126.4,21.3,0.0085,,
1.2055,149,129.2,21.3,0.0075,,
1.2140,150,132.1,21.3,0.0075,,
1.2225,151,135.5,21.3,0.0075,,
1.2310,152,138.6,21.3,0.0085,,
1.2385,153,142.3,21.3,0.0075,,
1.2470,154,146.0,21.3,0.0085,,
1.2555,155,149.2,21.3,0.0075,,
1.2640,156,153.0,21.3,0.0075,,
1.2720,157,156.6,21.3,0.0075,,
1.2805,158,160.0,21.3,0.0075,,
1.2880,159,163.5,21.3,0.0075,,
1.2965,160,166.6,21.3,0.0085,,
1.3050,161,169.4,21.3,0.0085,,
1.3135,162,172.4,21.3,0.0075,,
1.3220,163,175.0,21.3,0.0075,,
1.3300,164,177.2,21.3,0.0075,,
1.3380,165,179.3,21.3,0.0080,,
1.3460,166,181.4,21.3,0.0080,,
1.3545,167,183.4,21.3,0.0085,,
1.3640,168,185.0,21.3,0.0080,,
1.3640,408,187.8,21.3,0.0000,,
1.3645,409,187.8,21.3,0.0005,,
1.3660,410,187.8,21.3,0.0010,,
1.3685,411,187.9,21.3,0.0020,,
1.3725,412,188.5,21.3,0.0030,,
1.3790,413,189.2,21.3,0.0050,,
1.3870,414,190.3,21.3,0.0060,,
1.3945,415,191.6,21.3,0.0060,,
1.4030,416,192.9,21.3,0.0070,,
1.4115,417,194.3,21.3,0.0070,,
1.4200,418,195.5,21.3,0.0065,,
1.4285,419,196.7,21.3,0.0065,,
1.4370,420,197.9,21.3,0.0065,,
1.4445,421,198.8,21.3,0.0060,,
1.4530,422,199.9,21.3,0.0070,,
1.4610,423,200.9,21.3,0.0065,,
1.4695,424,201.7,21.3,0.0065,,
1.4780,425,202.7,21.3,0.0065,,
1.4865,426,203.7,21.3,0.0065,,
1.4940,427,204.5,21.3,0.0060,,
1.5025,428,205.3,21.3,0.0070,,
1.5110,429,206.0,21.3,0.0070,,
1.5195,430,207.0,21.3,0.0065,,
1.5275,431,207.7,21.3,0.0060,,
1.5360,432,208.3,21.3,0.0065,,
1.5435,433,209.1,21.3,0.0060,,
1.5520,434,209.7,21.3,0.0070,,
1.5605,435,210.5,21.3,0.0070,,
1.5690,436,211.2,21.3,0.0065,,
1.5775,437,211.8,21.3,0.0065,,
1.5855,438,212.4,21.3,0.0060,,
1.5935,439,212.9,21.3,0.0065,,
1.6015,440,213.7,21.3,0.0065,,
1.6100,441,214.3,21.3,0.0070,,
1.6185,442,214.8,21.3,0.0065,,
1.6270,443,215.4,21.3,0.0065,,
1.6355,444,216.0,21.3,0.0065,,
1.6430,445,216.5,21.3,0.0060,,
1.6515,446,216.9,21.3,0.0070,,
1.6600,447,217.3,21.3,0.0070,,
1.6680,448,218.1,21.3,0.0060,,
1.6765,449,218.5,21.3,0.0065,,
1.6850,450,219.0,21.3,0.0065,,
1.6925,451,219.4,21.3,0.0060,,
1.7010,452,219.8,21.3,0.0070,,
1.7095,453,220.4,21.3,0.0065,,
1.7180,454,220.9,21.3,0.0065,,
1.7260,455,221.1,21.3,0.0060,,
1.7345,456,221.6,21.3,0.0070,,
1.7420,457,222.0,21.3,0.0060,,
1.7505,458,222.6,21.3,0.0070,,
1.7590,459,222.9,21.3,0.0065,,
1.7675,460,223.2,21.3,0.0065,,
1.7760,461,223.7,21.3,0.0065,,
1.7845,462,224.1,21.3,0.0065,,
1.7920,463,224.6,21.3,0.0060,,
1.8005,464,224.9,21.3,0.0070,,
1.8085,465,225.1,21.3,0.0065,,
1.8170,466,225.6,21.3,0.0065,,
1.8255,467,226.0,21.3,0.0065,,
1.8340,468,226.2,21.3,0.0065,,
1.8415,469,226.6,21.3,0.0060,,
1.8500,470,227.0,21.3,0.0070,,
1.8585,471,227.5,21.3,0.0070,,
1.8665,472,227.9,21.3,0.0060,,
1.8750,473,228.2,21.3,0.0065,,
1.8835,474,228.4,21.3,0.0065,,
1.8910,475,228.6,21.3,0.0060,,
1.8995,476,229.0,21.3,0.0070,,
1.9080,477,229.5,21.3,0.0070,,
1.9165,478,229.7,21.3,0.0065,,
1.9245,479,229.9,21.3,0.0060,,
1.9330,480,230.4,21.3,0.0065,,
1.9405,481,230.5,21.3,0.0065,,
1.9490,482,230.9,21.3,0.0070,,
1.9575,483,231.1,21.3,0.0070,,
1.9660,484,231.4,21.3,0.0065,,
1.9745,485,232.0,21.3,0.0065,,
1.9830,486,232.2,21.3,0.0065,,
1.9905,487,232.4,21.4,0.0060,,
1.9990,488,232.5,21.4,0.0070,,
2.0070,489,232.7,21.4,0.0065,,
2.0155,490,233.2,21.4,0.0065,,
2.0240,491,233.4,21.4,0.0065,,
2.0325,492,233.6,21.4,0.0065,,
2.0395,493,233.8,21.4,0.0060,,
2.0460,494,234.0,21.4,0.0055,,
2.0465,495,234.4,21.4,0.0005,,
2.0470,496,234.3,21.4,0.0005,,
2.0480,497,234.2,21.4,0.0010,,
2.0490,498,234.4,21.4,0.0010,,
2.0510,499,234.3,21.4,0.0015,,
2.0535,500,234.5,21.4,0.0020,,
2.0540,501,234.5,21.4,0.0005,,
2.0545,502,234.4,21.4,0.0005,,
2.0560,503,234.7,21.4,0.0010,,
2.0575,504,234.7,21.4,0.0010,,
2.0575,505,234.8,21.4,0.0000,,
2.0595,506,235.0,21.4,0.0015,,
2.0605,507,235.0,21.4,0.0010,,
Scope 1/1, Sample 22/32 (14)
Result,TitrationEP1
V,t,E,T,dV/dt,E acc. stat.,Volume acc. stat.
0.0000,0,-61.4,21.2,NaN,,
0.0010,1,-61.4,21.2,0.0010,,
0.0025,2,-61.5,21.2,0.0015,,
0.0050,3,-61.5,21.2,0.0025,,
0.0095,4,-61.2,21.2,0.0035,,
0.0150,5,-60.9,21.2,0.0050,,
0.0235,6,-60.5,21.2,0.0075,,
0.0320,7,-59.8,21.2,0.0075,,
0.0400,8,-58.6,21.2,0.0075,,
0.0485,9,-57.3,21.2,0.0075,,
0.0570,10,-56.1,21.2,0.0070,,
0.0655,11,-54.8,21.2,0.0075,,
0.0730,12,-53.3,21.2,0.0070,,
0.0815,13,-51.6,21.2,0.0075,,
0.0900,14,-49.7,21.2,0.0075,,
0.0985,15,-48.0,21.2,0.0075,,
0.1065,16,-46.0,21.2,0.0065,,
0.1150,17,-44.1,21.2,0.0075,,
0.1225,18,-41.7,21.2,0.0070,,
0.1310,19,-39.3,21.2,0.0075,,
0.1395,20,-36.9,21.2,0.0075,,
0.1480,21,-34.2,21.2,0.0075,,
0.1565,22,-31.2,21.2,0.0070,,
0.1645,23,-28.7,21.2,0.0075,,
0.1725,24,-25.7,21.3,0.0075,,
0.1805,25,-22.8,21.3,0.0075,,
0.1890,26,-20.1,21.3,0.0075,,
0.1975,27,-17.2,21.3,0.0075,,
0.2060,28,-14.6,21.3,0.0070,,
0.2145,29,-12.3,21.3,0.0070,,
0.2220,30,-10.2,21.3,0.0070,,
0.2300,31,-8.3,21.3,0.0075,,
0.2385,32,-6.3,21.3,0.0075,,
0.2470,33,-4.5,21.3,0.0075,,
0.2555,34,-3.0,21.3,0.0070,,
0.2640,35,-1.5,21.3,0.0070,,
0.2715,36,-0.2,21.3,0.0070,,
0.2800,37,1.3,21.3,0.0075,,
0.2885,38,2.7,21.3,0.0075,,
0.2965,39,3.8,21.3,0.0075,,
0.3050,40,5.0,21.3,0.0070,,
0.3135,41,6.4,21.3,0.0070,,
0.3210,42,7.5,21.3,0.0070,,
0.3295,43,8.6,21.3,0.0075,,
0.3380,44,9.6,21.3,0.0075,,
0.3465,45,10.7,21.3,0.0075,,
0.3545,46,12.0,21.3,0.0075,,
0.3630,47,12.9,21.3,0.0070,,
0.3715,48,13.8,21.3,0.0070,,
0.3790,49,14.6,21.3,0.0070,,
0.3875,50,15.6,21.3,0.0075,,
0.3960,51,16.8,21.3,0.0075,,
0.4045,52,17.6,21.3,0.0075,,
0.4130,53,18.6,21.3,0.0070,,
0.4210,54,19.3,21.3,0.0075,,
0.4285,55,20.2,21.3,0.0070,,
0.4370,56,21.3,21.3,0.0075,,
0.4455,57,22.1,21.3,0.0075,,
0.4540,58,22.9,21.3,0.0075,,
0.4625,59,24.1,21.3,0.0070,,
0.4710,60,24.8,21.3,0.0075,,
0.4785,61,25.8,21.3,0.0070,,
0.4870,62,26.6,21.3,0.0075,,
0.4950,63,27.5,21.3,0.0075,,
0.5035,64,28.6,21.3,0.0075,,
0.5120,65,29.4,21.3,0.0070,,
0.5205,66,30.2,21.3,0.0075,,
0.5280,67,31.0,21.3,0.0070,,
0.5365,68,32.0,21.3,0.0075,,
0.5450,69,33.0,21.3,0.0075,,
0.5530,70,33.7,21.3,0.0075,,
0.5615,71,34.4,21.3,0.0070,,
0.5700,72,35.4,21.3,0.0070,,
0.5775,73,36.1,21.3,0.0070,,
0.5860,74,37.2,21.3,0.0075,,
0.5945,75,38.0,21.3,0.0075,,
0.6030,76,38.8,21.3,0.0075,,
0.6115,77,39.8,21.3,0.0070,,
0.6195,78,40.7,21.3,0.0065,,
0.6270,79,41.5,21.3,0.0070,,
0.6355,80,42.2,21.3,0.0075,,
0.6440,81,42.9,21.3,0.0075,,
0.6525,82,43.8,21.3,0.0075,,
0.6610,83,44.8,21.3,0.0075,,
0.6690,84,45.6,21.3,0.0065,,
0.6770,85,46.4,21.3,0.0075,,
0.6850,86,47.2,21.3,0.0075,,
0.6935,87,48.2,21.3,0.0075,,
0.7020,88,49.2,21.3,0.0075,,
0.7105,89,49.9,21.3,0.0070,,
0.7190,90,50.8,21.3,0.0070,,
0.7265,91,51.5,21.3,0.0070,,
0.7350,92,52.7,21.3,0.0075,,
0.7435,93,53.6,21.3,0.0075,,
0.7515,94,54.4,21.3,0.0075,,
0.7600,95,55.3,21.3,0.0070,,
0.7685,96,56.4,21.3,0.0070,,
0.7760,97,57.1,21.3,0.0070,,
0.7845,98,58.0,21.3,0.0075,,
0.7930,99,58.8,21.3,0.0075,,
0.8015,100,59.9,21.3,0.0075,,
0.8095,101,61.0,21.3,0.0075,,
0.8180,102,61.7,21.3,0.0070,,
0.8255,103,62.6,21.3,0.0070,,
0.8340,104,63.4,21.3,0.0075,,
0.8425,105,64.4,21.3,0.0075,,
0.8510,106,65.5,21.3,0.0075,,
0.8595,107,66.3,21.3,0.0075,,
0.8680,108,67.2,21.3,0.0070,,
0.8760,109,67.9,21.3,0.0075,,
0.8835,110,68.8,21.3,0.0070,,
0.8920,111,70.0,21.3,0.0075,,
0.9005,112,70.9,21.3,0.0075,,
0.9090,113,71.9,21.3,0.0075,,
0.9175,114,73.0,21.3,0.0070,,
0.9250,115,73.8,21.3,0.0070,,
0.9335,116,74.9,21.3,0.0075,,
0.9420,117,75.6,21.3,0.0075,,
0.9500,118,76.4,21.3,0.0075,,
0.9585,119,77.7,21.3,0.0075,,
0.9670,120,78.8,21.3,0.0070,,
0.9755,121,79.8,21.3,0.0075,,
0.9830,122,80.8,21.3,0.0070,,
0.9915,123,81.8,21.3,0.0075,,
1.0000,124,83.0,21.3,0.0075,,
1.0085,125,84.1,21.3,0.0075,,
1.0165,126,85.0,21.3,0.0065,,
1.0250,127,86.2,21.3,0.0075,,
1.0325,128,87.3,21.3,0.0070,,
1.0410,129,88.5,21.3,0.0075,,
1.0495,130,89.6,21.3,0.0075,,
1.0580,131,90.8,21.3,0.0075,,
1.0665,132,92.3,21.3,0.0070,,
1.0745,133,93.3,21.3,0.0075,,
1.0825,134,94.8,21.3,0.0075,,
1.0905,135,96.2,21.3,0.0075,,
1.0990,136,97.5,21.3,0.0075,,
1.1075,137,99.0,21.3,0.0075,,
1.1160,138,100.5,21.3,0.0070,,
1.1245,139,102.0,21.3,0.0075,,
1.1320,140,103.5,21.3,0.0070,,
1.1405,141,105.1,21.3,0.0075,,
1.1485,142,106.7,21.3,0.0075,,
1.1570,143,108.7,21.3,0.0075,,
1.1655,144,110.4,21.3,0.0070,,
1.1740,145,112.5,21.3,0.0070,,
1.1815,146,114.2,21.3,0.0070,,
1.1900,147,116.5,21.3,0.0075,,
1.1985,148,118.7,21.3,0.0075,,
1.2070,149,121.1,21.3,0.0075,,
1.2150,150,123.8,21.3,0.0065,,
1.2235,151,126.9,21.3,0.0070,,
1.2310,152,129.6,21.3,0.0070,,
1.2395,153,133.0,21.3,0.0075,,
1.2480,154,135.9,21.3,0.0070,,
1.2565,155,139.2,21.3,0.0075,,
1.2650,156,142.9,21.3,0.0070,,
1.2730,157,146.4,21.3,0.0065,,
1.2810,158,149.8,21.3,0.0075,,
1.2890,159,153.3,21.3,0.0075,,
1.2975,160,156.7,21.3,0.0075,,
1.3060,161,160.3,21.3,0.0075,,
1.3145,162,163.8,21.3,0.0070,,
1.3230,163,166.9,21.3,0.0070,,
1.3305,164,169.4,21.3,0.0070,,
1.3390,165,172.4,21.3,0.0075,,
1.3475,166,174.8,21.3,0.0075,,
1.3555,167,177.0,21.3,0.0075,,
1.3640,168,179.5,21.3,0.0070,,
1.3725,169,181.6,21.3,0.0070,,
1.3800,170,183.2,21.3,0.0070,,
1.3905,171,185.1,21.3,0.0075,,
1.3905,411,188.2,21.4,0.0000,,
1.3910,412,188.1,21.4,0.0005,,
1.3925,413,188.0,21.4,0.0010,,
1.3950,414,188.4,21.4,0.0020,,
1.3990,416,188.9,21.4,0.0025,,
1.4055,416,189.4,21.4,0.0130,,
1.4135,418,190.7,21.4,0.0055,,
1.4210,418,191.7,21.4,0.0185,,
1.4295,419,193.2,21.4,0.0060,,
1.4380,420,194.6,21.4,0.0060,,
1.4465,422,195.6,21.4,0.0055,,
1.4550,422,196.6,21.4,0.0170,,
1.4630,424,197.9,21.4,0.0055,,
1.4715,424,198.8,21.4,0.0210,,
1.4790,425,200.0,21.4,0.0055,,
1.4875,426,200.8,21.4,0.0060,,
1.4960,428,201.9,21.4,0.0055,,
1.5045,428,203.0,21.4,0.0170,,
1.5130,430,203.6,21.4,0.0055,,
1.5215,430,204.5,21.4,0.0210,,
1.5290,431,205.1,21.4,0.0055,,
1.5370,432,205.9,21.4,0.0055,,
1.5455,434,206.9,21.4,0.0055,,
1.5540,434,207.6,21.4,0.0170,,
1.5625,436,208.4,21.4,0.0055,,
1.5710,436,209.0,21.4,0.0210,,
1.5785,437,209.8,21.4,0.0055,,
1.5870,438,210.5,21.4,0.0060,,
1.5955,440,211.0,21.4,0.0055,,
1.6035,440,211.6,21.4,0.0160,,
1.6120,442,212.4,21.4,0.0055,,
1.6195,442,212.9,21.4,0.0185,,
1.6280,443,213.5,21.4,0.0060,,
1.6365,444,214.1,21.4,0.0060,,
1.6450,446,214.8,21.4,0.0055,,
1.6535,446,215.4,21.4,0.0170,,
1.6620,448,215.8,21.4,0.0055,,
1.6695,448,216.3,21.4,0.0185,,
1.6780,449,216.7,21.4,0.0060,,
1.6860,450,217.2,21.4,0.0055,,
1.6945,452,217.9,21.4,0.0055,,
1.7030,452,218.3,21.4,0.0170,,
1.7115,454,218.7,21.4,0.0055,,
1.7200,454,219.2,21.4,0.0210,,
1.7275,455,219.6,21.4,0.0055,,
1.7360,456,220.3,21.4,0.0060,,
1.7440,458,220.6,21.4,0.0055,,
1.7525,458,220.9,21.4,0.0170,,
1.7610,460,221.6,21.4,0.0055,,
1.7695,460,221.9,21.4,0.0210,,
1.7770,461,222.4,21.4,0.0055,,
1.7855,462,222.7,21.4,0.0060,,
1.7940,464,223.0,21.4,0.0055,,
1.8025,464,223.6,21.4,0.0170,,
1.8105,466,224.0,21.4,0.0055,,
1.8190,466,224.2,21.4,0.0170,,
1.8265,467,224.8,21.4,0.0055,,
1.8350,468,225.0,21.4,0.0060,,
1.8435,470,225.6,21.4,0.0055,,
1.8520,470,225.9,21.4,0.0170,,
1.8605,472,226.0,21.4,0.0055,,
1.8685,472,226.6,21.4,0.0160,,
1.8765,473,227.0,21.4,0.0055,,
1.8845,474,227.4,21.4,0.0055,,
1.8930,475,227.7,21.4,0.0060,,
1.9015,476,227.9,21.4,0.0055,,
1.9100,478,228.1,21.4,0.0055,,
1.9185,478,228.7,21.4,0.0170,,
1.9260,479,228.8,21.4,0.0055,,
1.9345,480,229.3,21.4,0.0060,,
1.9425,481,229.5,21.4,0.0055,,
1.9510,482,229.7,21.4,0.0055,,
1.9595,484,230.2,21.4,0.0055,,
1.9680,484,230.5,21.4,0.0170,,
1.9755,485,230.8,21.4,0.0055,,
1.9840,486,230.9,21.4,0.0060,,
1.9925,487,231.3,21.4,0.0060,,
2.0005,488,231.8,21.4,0.0055,,
2.0090,490,231.9,21.4,0.0055,,
2.0175,490,232.1,21.4,0.0170,,
2.0260,491,232.5,21.4,0.0060,,
2.0335,492,232.8,21.4,0.0055,,
2.0420,493,233.3,21.4,0.0060,,
2.0500,494,233.5,21.4,0.0055,,
2.0585,496,233.6,21.4,0.0055,,
2.0665,496,234.0,21.4,0.0160,,
2.0725,497,234.1,21.4,0.0045,,
2.0740,498,234.5,21.4,0.0010,,
2.0750,499,234.5,21.4,0.0005,,
2.0755,500,234.4,21.4,0.0005,,
2.0770,502,234.6,21.4,0.0010,,
2.0785,502,234.6,21.4,0.0030,,
2.0795,503,234.6,21.4,0.0005,,
2.0800,504,234.6,21.4,0.0005,,
2.0810,505,234.6,21.4,0.0005,,
2.0825,506,234.8,21.4,0.0010,,
2.0840,508,234.5,21.4,0.0010,,
2.0865,508,234.5,21.4,0.0050,,
2.0880,509,234.7,21.4,0.0010,,
2.0890,510,234.7,21.4,0.0005,,
2.0900,511,234.9,21.4,0.0005,,
2.0910,512,235.1,21.4,0.0005,,
Scope 1/1, Sample 23/32 (15)
Result,TitrationEP1
V,t,E,T,dV/dt,E acc. stat.,Volume acc. stat.
0.0000,0,-62.2,21.3,NaN,,
0.0010,1,-62.3,21.3,0.0010,,
0.0025,2,-62.1,21.3,0.0015,,
0.0050,3,-62.3,21.3,0.0020,,
0.0085,4,-62.2,21.3,0.0030,,
0.0150,5,-62.2,21.3,0.0060,,
0.0230,6,-61.6,21.3,0.0075,,
0.0315,7,-60.9,21.3,0.0075,,
0.0400,8,-60.2,21.3,0.0075,,
0.0485,9,-59.3,21.3,0.0075,,
0.0560,10,-58.2,21.3,0.0070,,
0.0645,11,-56.8,21.3,0.0075,,
0.0725,12,-55.3,21.3,0.0075,,
0.0810,13,-53.9,21.3,0.0075,,
0.0895,14,-52.2,21.3,0.0075,,
0.0980,15,-50.7,21.3,0.0075,,
0.1055,16,-48.6,21.3,0.0070,,
0.1140,17,-46.7,21.3,0.0075,,
0.1225,18,-44.8,21.3,0.0075,,
0.1310,19,-42.6,21.3,0.0075,,
0.1390,20,-40.3,21.3,0.0075,,
0.1475,21,-37.9,21.3,0.0075,,
0.1550,22,-35.3,21.3,0.0070,,
0.1635,23,-32.9,21.3,0.0075,,
0.1720,24,-30.1,21.3,0.0075,,
0.1805,25,-27.1,21.3,0.0075,,
0.1890,26,-24.4,21.3,0.0075,,
0.1970,27,-21.7,21.3,0.0065,,
0.2050,28,-19.3,21.3,0.0075,,
0.2130,29,-16.9,21.3,0.0075,,
0.2215,30,-14.7,21.3,0.0075,,
0.2300,31,-12.8,21.3,0.0075,,
0.2385,32,-11.0,21.3,0.0075,,
0.2470,33,-9.5,21.3,0.0075,,
0.2545,34,-7.8,21.3,0.0070,,
0.2630,35,-6.2,21.3,0.0075,,
0.2715,36,-4.7,21.3,0.0075,,
0.2795,37,-3.3,21.3,0.0075,,
0.2880,38,-1.9,21.3,0.0075,,
0.2965,39,-0.8,21.3,0.0075,,
0.3040,40,0.4,21.3,0.0070,,
0.3125,41,1.4,21.3,0.0075,,
0.3210,42,2.6,21.3,0.0075,,
0.3295,43,3.9,21.3,0.0075,,
0.3380,44,5.0,21.3,0.0075,,
0.3460,45,6.0,21.3,0.0075,,
0.3540,46,6.9,21.3,0.0075,,
0.3620,47,8.0,21.3,0.0075,,
0.3705,48,9.1,21.3,0.0075,,
0.3790,49,9.9,21.3,0.0075,,
0.3875,50,10.9,21.3,0.0075,,
0.3960,51,11.7,21.3,0.0075,,
0.4035,52,12.7,21.3,0.0070,,
0.4120,53,13.6,21.3,0.0075,,
0.4200,54,14.5,21.3,0.0075,,
0.4285,55,15.5,21.3,0.0075,,
0.4370,56,16.6,21.3,0.0075,,
0.4455,57,17.4,21.3,0.0075,,
0.4530,58,18.3,21.3,0.0070,,
0.4615,59,19.0,21.3,0.0075,,
0.4700,60,19.8,21.3,0.0075,,
0.4780,61,20.9,21.3,0.0075,,
0.4865,62,21.7,21.3,0.0075,,
0.4950,63,22.6,21.3,0.0070,,
0.5025,64,23.5,21.3,0.0070,,
0.5110,65,24.4,21.3,0.0075,,
0.5195,66,25.4,21.3,0.0075,,
0.5280,67,26.2,21.3,0.0075,,
0.5365,68,26.9,21.3,0.0075,,
0.5445,69,27.8,21.3,0.0075,,
0.5525,70,28.7,21.3,0.0075,,
0.5605,71,29.7,21.3,0.0075,,
0.5690,72,30.5,21.3,0.0075,,
0.5775,73,31.3,21.3,0.0075,,
0.5860,74,32.4,21.3,0.0075,,
0.5945,75,33.1,21.3,0.0075,,
0.6020,76,34.0,21.3,0.0070,,
0.6105,77,34.8,21.3,0.0075,,
0.6185,78,35.5,21.3,0.0075,,
0.6270,79,36.5,21.3,0.0075,,
0.6355,80,37.4,21.3,0.0075,,
0.6440,81,38.1,21.3,0.0070,,
0.6515,82,39.0,21.3,0.0070,,
0.6600,83,39.8,21.3,0.0075,,
0.6685,84,40.8,21.3,0.0075,,
0.6770,85,41.7,21.3,0.0075,,
0.6850,86,42.4,21.3,0.0075,,
0.6935,87,43.4,21.3,0.0075,,
0.7010,88,44.1,21.3,0.0070,,
0.7095,89,45.2,21.3,0.0075,,
0.7180,90,46.0,21.3,0.0075,,
0.7265,91,46.9,21.3,0.0075,,
0.7350,92,47.9,21.3,0.0075,,
0.7430,93,48.9,21.3,0.0075,,
0.7510,94,49.7,21.3,0.0075,,
0.7590,95,50.7,21.3,0.0075,,
0.7675,96,51.5,21.3,0.0075,,
0.7760,97,52.5,21.3,0.0075,,
0.7845,98,53.6,21.3,0.0075,,
0.7930,99,54.3,21.3,0.0075,,
0.8005,100,55.3,21.3,0.0070,,
0.8090,101,56.1,21.3,0.0075,,
0.8175,102,57.2,21.3,0.0075,,
0.8255,103,58.3,21.3,0.0075,,
0.8340,104,59.1,21.3,0.0075,,
0.8425,105,60.1,21.3,0.0075,,
0.8500,106,60.9,21.3,0.0070,,
0.8585,107,62.1,21.3,0.0075,,
0.8670,108,63.0,21.3,0.0075,,
0.8755,109,63.9,21.3,0.0075,,
0.8835,110,64.9,21.3,0.0075,,
0.8920,111,65.9,21.3,0.0075,,
0.8995,112,66.7,21.3,0.0070,,
0.9080,113,67.8,21.3,0.0075,,
0.9165,114,68.7,21.3,0.0075,,
0.9250,115,69.8,21.3,0.0075,,
0.9335,116,70.9,21.3,0.0075,,
0.9420,117,71.9,21.3,0.0070,,
0.9495,118,72.8,21.3,0.0070,,
0.9580,119,73.8,21.3,0.0075,,
0.9660,120,74.8,21.3,0.0075,,
0.9745,121,75.8,21.3,0.0075,,
0.9830,122,76.9,21.3,0.0075,,
0.9915,123,77.8,21.3,0.0075,,
0.9990,124,78.8,21.3,0.0070,,
1.0075,125,79.9,21.3,0.0075,,
1.0160,126,81.2,21.3,0.0075,,
1.0240,127,82.3,21.3,0.0075,,
1.0325,128,83.4,21.3,0.0075,,
1.0410,129,84.7,21.3,0.0075,,
1.0495,130,85.8,21.3,0.0075,,
1.0570,131,87.2,21.3,0.0070,,
1.0655,132,88.3,21.3,0.0075,,
1.0740,133,89.4,21.3,0.0075,,
1.0820,134,90.9,21.3,0.0075,,
1.0905,135,92.3,21.3,0.0075,,
1.0980,136,93.6,21.3,0.0070,,
1.1065,137,95.0,21.3,0.0075,,
1.1150,138,96.5,21.3,0.0075,,
1.1235,139,98.2,21.3,0.0075,,
1.1320,140,99.8,21.3,0.0075,,
1.1405,141,101.4,21.3,0.0075,,
1.1480,142,102.9,21.3,0.0070,,
1.1565,143,104.7,21.3,0.0075,,
1.1645,144,106.9,21.3,0.0075,,
1.1730,145,109.1,21.3,0.0075,,
1.1815,146,110.9,21.3,0.0075,,
1.1900,147,113.1,21.3,0.0075,,
1.1985,148,115.6,21.3,0.0070,,
1.2060,149,117.8,21.3,0.0070,,
1.2145,150,120.6,21.3,0.0075,,
1.2225,151,123.3,21.3,0.0075,,
1.2310,152,126.4,21.3,0.0075,,
1.2395,153,129.9,21.3,0.0075,,
1.2480,154,132.9,21.3,0.0075,,
1.2555,155,136.5,21.3,0.0070,,
1.2640,156,140.2,21.3,0.0075,,
1.2725,157,144.2,21.3,0.0075,,
1.2810,158,148.1,21.3,0.0075,,
1.2890,159,152.1,21.3,0.0075,,
1.2975,160,155.5,21.3,0.0075,,
1.3050,161,159.1,21.3,0.0070,,
1.3135,162,162.6,21.3,0.0075,,
1.3220,163,165.8,21.3,0.0075,,
1.3305,164,169.0,21.3,0.0075,,
1.3390,165,171.8,21.3,0.0075,,
1.3470,166,174.5,21.3,0.0075,,
1.3545,167,176.7,21.3,0.0070,,
1.3630,168,179.0,21.3,0.0075,,
1.3715,169,181.0,21.3,0.0075,,
1.3800,170,182.9,21.3,0.0075,,
1.3885,171,184.8,21.3,0.0075,,
1.3920,172,185.0,21.3,0.0070,,
1.3920,412,189.0,21.4,0.0000,,
1.3925,413,188.9,21.4,0.0005,,
1.3945,414,188.9,21.4,0.0025,,
1.3965,415,189.0,21.4,0.0030,,
1.4005,416,189.5,21.4,0.0055,,
1.4065,417,190.1,21.4,0.0085,,
1.4145,418,190.9,21.4,0.0100,,
1.4230,419,192.3,21.4,0.0105,,
1.4315,420,193.5,21.4,0.0105,,
1.4400,421,194.7,21.4,0.0120,,
1.4475,422,195.9,21.4,0.0105,,
1.4560,423,196.9,21.4,0.0120,,
1.4645,424,198.2,21.4,0.0105,,
1.4725,425,199.3,21.4,0.0100,,
1.4810,426,200.2,21.4,0.0105,,
1.4895,427,201.1,21.4,0.0120,,
1.4970,428,202.0,21.4,0.0105,,
1.5055,429,203.1,21.4,0.0120,,
1.5140,430,204.0,21.4,0.0105,,
1.5225,431,204.8,21.4,0.0105,,
1.5305,432,205.6,21.4,0.0100,,
1.5390,433,206.5,21.4,0.0105,,
1.5465,434,207.2,21.4,0.0105,,
1.5550,435,207.9,21.4,0.0120,,
1.5635,436,208.5,21.4,0.0120,,
1.5720,437,209.2,21.4,0.0105,,
1.5805,438,210.1,21.4,0.0105,,
1.5890,439,210.6,21.4,0.0105,,
1.5965,440,211.3,21.4,0.0105,,
1.6050,441,211.9,21.4,0.0120,,
1.6130,442,212.6,21.4,0.0100,,
1.6215,443,213.3,21.4,0.0105,,
1.6300,444,213.7,21.4,0.0105,,
1.6385,445,214.3,21.4,0.0105,,
1.6460,446,214.7,21.4,0.0105,,
1.6545,447,215.3,21.4,0.0120,,
1.6630,448,216.0,21.4,0.0120,,
1.6710,449,216.5,21.4,0.0100,,
1.6795,450,217.1,21.4,0.0105,,
1.6880,451,217.7,21.4,0.0105,,
1.6955,452,218.0,21.4,0.0105,,
1.7040,453,218.6,21.4,0.0120,,
1.7125,454,218.9,21.4,0.0120,,
1.7210,455,219.4,21.4,0.0105,,
1.7290,456,220.1,21.4,0.0100,,
1.7375,457,220.5,21.4,0.0105,,
1.7455,458,221.1,21.4,0.0115,,
1.7535,459,221.4,21.4,0.0115,,
1.7620,460,221.8,21.4,0.0120,,
1.7705,461,222.3,21.4,0.0105,,
1.7790,462,222.6,21.4,0.0105,,
1.7875,463,223.1,21.4,0.0105,,
1.7950,464,223.3,21.4,0.0105,,
1.8035,465,223.9,21.4,0.0120,,
1.8115,466,224.4,21.4,0.0100,,
1.8200,467,224.6,21.4,0.0105,,
1.8285,468,225.0,21.4,0.0105,,
1.8370,469,225.4,21.4,0.0120,,
1.8445,470,225.9,21.4,0.0105,,
1.8530,471,226.3,21.4,0.0120,,
1.8615,472,226.5,21.4,0.0120,,
1.8700,473,226.7,21.4,0.0105,,
1.8780,474,227.2,21.4,0.0100,,
1.8865,475,227.7,21.4,0.0105,,
1.8940,476,227.8,21.4,0.0105,,
1.9025,477,228.1,21.4,0.0120,,
1.9110,478,228.4,21.4,0.0120,,
1.9195,479,228.8,21.4,0.0105,,
1.9280,480,229.2,21.4,0.0105,,
1.9360,481,229.3,21.4,0.0100,,
1.9435,482,229.8,21.4,0.0105,,
1.9520,483,230.0,21.4,0.0120,,
1.9605,484,230.3,21.4,0.0120,,
1.9690,485,230.7,21.4,0.0105,,
1.9775,486,231.0,21.4,0.0105,,
1.9860,487,231.3,21.4,0.0105,,
1.9940,488,231.6,21.4,0.0115,,
2.0020,489,232.0,21.4,0.0115,,
2.0100,490,232.3,21.4,0.0115,,
2.0185,491,232.5,21.4,0.0105,,
2.0270,492,232.8,21.4,0.0105,,
2.0355,493,233.3,21.4,0.0105,,
2.0440,494,233.4,21.4,0.0105,,
2.0515,495,233.7,21.4,0.0105,,
2.0595,496,233.9,21.4,0.0115,,
2.0650,497,234.1,21.4,0.0080,,
2.0670,498,234.5,21.4,0.0025,,
2.0675,499,234.4,21.4,0.0005,,
2.0680,500,234.4,21.4,0.0005,,
2.0690,501,234.5,21.4,0.0015,,
2.0705,502,234.5,21.4,0.0020,,
2.0720,503,234.7,21.4,0.0020,,
2.0745,504,234.7,21.4,0.0030,,
2.0780,505,234.7,21.4,0.0045,,
2.0810,506,234.9,21.4,0.0035,,
2.0820,507,234.9,21.4,0.0015,,
2.0820,507,235.1,21.4,0.0000,,
Scope 1/1, Sample 24/32 (16)
Result,TitrationEP1
V,t,E,T,dV/dt,E acc. stat.,Volume acc. stat.
0.0000,0,-61.5,21.3,NaN,,
0.0010,1,-61.6,21.3,0.0010,,
0.0025,2,-61.6,21.3,0.0015,,
0.0050,3,-61.5,21.3,0.0020,,
0.0085,4,-61.4,21.3,0.0030,,
0.0150,5,-61.1,21.3,0.0060,,
0.0230,6,-60.6,21.3,0.0075,,
0.0315,7,-59.7,21.3,0.0075,,
0.0400,8,-58.8,21.3,0.0075,,
0.0485,9,-57.8,21.3,0.0070,,
0.0560,10,-56.6,21.3,0.0070,,
0.0645,11,-55.1,21.3,0.0075,,
0.0725,12,-53.6,21.3,0.0075,,
0.0810,13,-51.9,21.3,0.0075,,
0.0895,14,-50.1,21.3,0.0075,,
0.0980,15,-48.2,21.3,0.0070,,
0.1055,16,-46.5,21.3,0.0070,,
0.1140,17,-44.3,21.3,0.0075,,
0.1225,18,-42.1,21.3,0.0075,,
0.1305,19,-39.9,21.3,0.0075,,
0.1390,20,-37.4,21.3,0.0075,,
0.1475,21,-34.6,21.3,0.0070,,
0.1550,22,-32.1,21.3,0.0070,,
0.1635,23,-29.4,21.3,0.0075,,
0.1720,24,-26.5,21.3,0.0075,,
0.1805,25,-23.5,21.3,0.0075,,
0.1890,26,-20.8,21.3,0.0075,,
0.1970,27,-18.1,21.3,0.0075,,
0.2055,28,-15.6,21.3,0.0070,,
0.2130,29,-13.5,21.3,0.0070,,
0.2215,30,-11.3,21.3,0.0075,,
0.2300,31,-9.3,21.3,0.0075,,
0.2385,32,-7.5,21.3,0.0075,,
0.2470,33,-5.7,21.3,0.0075,,
0.2550,34,-3.9,21.3,0.0065,,
0.2630,35,-2.7,21.3,0.0075,,
0.2710,36,-1.2,21.3,0.0075,,
0.2795,37,0.2,21.3,0.0075,,
0.2880,38,1.4,21.3,0.0075,,
0.2965,39,2.7,21.3,0.0075,,
0.3050,40,4.1,21.3,0.0070,,
0.3125,41,5.2,21.3,0.0070,,
0.3210,42,6.4,21.3,0.0075,,
0.3290,43,7.5,21.3,0.0075,,
0.3375,44,8.6,21.3,0.0075,,
0.3460,45,9.7,21.3,0.0075,,
0.3545,46,10.7,21.3,0.0070,,
0.3620,47,11.8,21.3,0.0070,,
0.3705,48,12.8,21.3,0.0075,,
0.3790,49,13.8,21.3,0.0075,,
0.3870,50,14.7,21.3,0.0075,,
0.3955,51,15.8,21.3,0.0075,,
0.4040,52,16.8,21.3,0.0070,,
0.4115,53,17.7,21.3,0.0070,,
0.4200,54,18.6,21.3,0.0075,,
0.4285,55,19.6,21.3,0.0075,,
0.4370,56,20.6,21.3,0.0075,,
0.4455,57,21.5,21.3,0.0075,,
0.4535,58,22.4,21.3,0.0065,,
0.4615,59,23.3,21.3,0.0075,,
0.4695,60,24.1,21.3,0.0075,,
0.4780,61,24.9,21.4,0.0075,,
0.4865,62,25.9,21.4,0.0075,,
0.4950,63,26.8,21.4,0.0075,,
0.5035,64,27.7,21.4,0.0070,,
0.5110,65,28.6,21.4,0.0070,,
0.5195,66,29.4,21.4,0.0075,,
0.5275,67,30.3,21.4,0.0075,,
0.5360,68,31.2,21.4,0.0075,,
0.5445,69,32.0,21.4,0.0075,,
0.5530,70,33.0,21.4,0.0070,,
0.5605,71,33.8,21.3,0.0070,,
0.5690,72,34.7,21.4,0.0075,,
0.5775,73,35.7,21.4,0.0075,,
0.5855,74,36.5,21.4,0.0075,,
0.5940,75,37.4,21.4,0.0075,,
0.6025,76,38.3,21.4,0.0075,,
0.6110,77,39.1,21.4,0.0075,,
0.6185,78,40.1,21.4,0.0070,,
0.6270,79,41.0,21.4,0.0075,,
0.6355,80,41.8,21.4,0.0075,,
0.6435,81,42.6,21.4,0.0075,,
0.6520,82,43.5,21.4,0.0075,,
0.6605,83,44.4,21.4,0.0070,,
0.6680,84,45.2,21.4,0.0070,,
0.6765,85,46.1,21.4,0.0075,,
0.6850,86,47.1,21.4,0.0075,,
0.6935,87,47.9,21.4,0.0075,,
0.7020,88,48.8,21.4,0.0075,,
0.7100,89,49.7,21.4,0.0065,,
0.7175,90,50.6,21.4,0.0070,,
0.7260,91,51.7,21.4,0.0075,,
0.7345,92,52.6,21.4,0.0075,,
0.7430,93,53.4,21.4,0.0075,,
0.7515,94,54.3,21.4,0.0075,,
0.7600,95,55.3,21.4,0.0070,,
0.7675,96,56.2,21.4,0.0070,,
0.7755,97,57.1,21.4,0.0075,,
0.7840,98,58.1,21.4,0.0075,,
0.7925,99,59.0,21.4,0.0075,,
0.8010,100,60.0,21.4,0.0075,,
0.8095,101,60.9,21.4,0.0070,,
0.8180,102,61.7,21.4,0.0075,,
0.8255,103,62.6,21.4,0.0070,,
0.8340,104,63.5,21.4,0.0075,,
0.8420,105,64.4,21.4,0.0075,,
0.8505,106,65.5,21.4,0.0075,,
0.8590,107,66.4,21.4,0.0075,,
0.8675,108,67.3,21.4,0.0075,,
0.8750,109,68.2,21.4,0.0070,,
0.8835,110,69.3,21.4,0.0075,,
0.8920,111,70.2,21.4,0.0075,,
0.9005,112,71.2,21.4,0.0075,,
0.9085,113,72.3,21.4,0.0075,,
0.9170,114,73.2,21.4,0.0075,,
0.9245,115,74.3,21.4,0.0070,,
0.9330,116,75.2,21.4,0.0075,,
0.9415,117,76.3,21.4,0.0075,,
0.9500,118,77.3,21.4,0.0075,,
0.9585,119,78.4,21.4,0.0075,,
0.9665,120,79.3,21.4,0.0075,,
0.9745,121,80.2,21.4,0.0075,,
0.9825,122,81.3,21.4,0.0075,,
0.9910,123,82.6,21.4,0.0075,,
0.9995,124,83.8,21.4,0.0075,,
1.0080,125,85.0,21.4,0.0075,,
1.0165,126,85.9,21.4,0.0075,,
1.0240,127,87.2,21.4,0.0070,,
1.0325,128,88.5,21.4,0.0075,,
1.0405,129,89.7,21.4,0.0075,,
1.0490,130,90.9,21.4,0.0075,,
1.0575,131,92.2,21.4,0.0075,,
1.0660,132,93.5,21.4,0.0070,,
1.0735,133,94.7,21.4,0.0070,,
1.0820,134,96.2,21.4,0.0075,,
1.0905,135,97.6,21.4,0.0075,,
1.0985,136,99.2,21.4,0.0075,,
1.1070,137,100.6,21.4,0.0075,,
1.1155,138,102.1,21.4,0.0075,,
1.1230,139,103.5,21.4,0.0070,,
1.1315,140,105.2,21.4,0.0075,,
1.1400,141,107.1,21.4,0.0075,,
1.1485,142,109.1,21.4,0.0075,,
1.1565,143,111.0,21.4,0.0075,,
1.1650,144,113.2,21.4,0.0075,,
1.1735,145,115.3,21.4,0.0070,,
1.1810,146,117.4,21.4,0.0070,,
1.1895,147,119.8,21.4,0.0075,,
1.1980,148,122.4,21.4,0.0075,,
1.2065,149,125.1,21.4,0.0075,,
1.2145,150,127.7,21.4,0.0075,,
1.2230,151,130.5,21.4,0.0070,,
1.2305,152,133.6,21.4,0.0070,,
1.2390,153,137.0,21.4,0.0075,,
1.2475,154,140.5,21.4,0.0075,,
1.2560,155,144.1,21.4,0.0075,,
1.2645,156,147.8,21.4,0.0075,,
1.2725,157,151.6,21.4,0.0065,,
1.2805,158,155.1,21.4,0.0075,,
1.2885,159,158.8,21.4,0.0075,,
1.2970,160,162.1,21.4,0.0075,,
1.3055,161,165.5,21.4,0.0075,,
1.3140,162,168.3,21.4,0.0075,,
1.3225,163,171.4,21.4,0.0075,,
1.3305,164,173.9,21.4,0.0075,,
1.3385,165,176.3,21.4,0.0075,,
1.3465,166,178.6,21.4,0.0075,,
1.3550,167,180.6,21.4,0.0075,,
1.3635,168,182.7,21.4,0.0075,,
1.3720,169,184.6,21.4,0.0075,,
1.3765,170,185.0,21.4,0.0055,,
1.3765,410,188.1,21.5,0.0000,,
1.3770,411,188.2,21.5,0.0005,,
1.3785,412,188.3,21.5,0.0020,,
1.3810,413,188.5,21.5,0.0030,,
1.3850,414,188.8,21.5,0.0045,,
1.3915,415,189.7,21.4,0.0070,,
1.3995,416,190.8,21.5,0.0100,,
1.4075,417,192.1,21.5,0.0100,,
1.4155,418,193.4,21.5,0.0100,,
1.4240,419,194.6,21.5,0.0095,,
1.4325,420,195.9,21.5,0.0095,,
1.4410,421,196.9,21.5,0.0095,,
1.4495,422,198.1,21.5,0.0105,,
1.4570,423,199.2,21.5,0.0095,,
1.4655,424,200.2,21.5,0.0105,,
1.4735,425,201.3,21.5,0.0100,,
1.4820,426,202.1,21.5,0.0095,,
1.4905,427,203.0,21.5,0.0095,,
1.4990,428,204.0,21.5,0.0095,,
1.5065,429,204.8,21.5,0.0095,,
1.5150,430,205.7,21.5,0.0105,,
1.5235,431,206.4,21.5,0.0105,,
1.5315,432,207.3,21.5,0.0090,,
1.5400,433,208.1,21.5,0.0095,,
1.5485,434,208.8,21.5,0.0095,,
1.5560,435,209.4,21.5,0.0095,,
1.5645,436,210.1,21.5,0.0105,,
1.5730,437,210.8,21.5,0.0105,,
1.5815,438,211.5,21.5,0.0095,,
1.5900,439,212.0,21.5,0.0095,,
1.5980,440,212.6,21.5,0.0090,,
1.6060,441,213.1,21.5,0.0100,,
1.6140,442,213.7,21.5,0.0100,,
1.6225,443,214.4,21.5,0.0105,,
1.6310,444,214.9,21.5,0.0095,,
1.6395,445,215.5,21.5,0.0095,,
1.6480,446,216.1,21.5,0.0095,,
1.6555,447,216.5,21.5,0.0095,,
1.6640,448,217.1,21.5,0.0105,,
1.6725,449,217.5,21.5,0.0105,,
1.6805,450,218.1,21.5,0.0090,,
1.6890,451,218.6,21.5,0.0095,,
1.6975,452,219.1,21.5,0.0095,,
1.7050,453,219.6,21.5,0.0095,,
1.7135,454,220.0,21.5,0.0105,,
1.7220,455,220.5,21.5,0.0105,,
1.7305,456,220.9,21.5,0.0095,,
1.7385,457,221.5,21.5,0.0090,,
1.7470,458,222.0,21.5,0.0095,,
1.7545,459,222.4,21.5,0.0095,,
1.7630,460,222.7,21.5,0.0105,,
1.7715,461,223.1,21.5,0.0105,,
1.7800,462,223.6,21.5,0.0095,,
1.7885,463,224.0,21.5,0.0095,,
1.7965,464,224.3,21.5,0.0090,,
1.8045,465,224.8,21.5,0.0100,,
1.8125,466,225.1,21.5,0.0100,,
1.8210,467,225.5,21.5,0.0105,,
1.8295,468,225.8,21.5,0.0095,,
1.8380,469,226.2,21.5,0.0095,,
1.8465,470,226.6,21.5,0.0095,,
1.8540,471,226.9,21.5,0.0095,,
1.8625,472,227.2,21.5,0.0105,,
1.8710,473,227.6,21.5,0.0105,,
1.8790,474,228.1,21.5,0.0090,,
1.8875,475,228.3,21.5,0.0095,,
1.8960,476,228.7,21.5,0.0095,,
1.9035,477,229.0,21.5,0.0095,,
1.9120,478,229.4,21.5,0.0105,,
1.9205,479,229.7,21.5,0.0105,,
1.9290,480,230.0,21.5,0.0095,,
1.9375,481,230.3,21.5,0.0095,,
1.9455,482,230.7,21.5,0.0090,,
1.9530,483,230.9,21.5,0.0095,,
1.9615,484,231.2,21.5,0.0105,,
1.9700,485,231.5,21.5,0.0105,,
1.9785,486,231.8,21.5,0.0095,,
1.9870,487,232.1,21.5,0.0095,,
1.9955,488,232.4,21.5,0.0095,,
2.0030,489,232.6,21.5,0.0095,,
2.0115,490,232.8,21.5,0.0105,,
2.0195,491,233.1,21.5,0.0100,,
2.0280,492,233.5,21.5,0.0095,,
2.0365,493,233.7,21.5,0.0095,,
2.0435,494,233.9,21.5,0.0080,,
2.0465,495,234.0,21.5,0.0035,,
2.0480,496,234.1,21.5,0.0020,,
2.0495,497,234.3,21.5,0.0020,,
2.0520,498,234.3,21.5,0.0030,,
2.0550,499,234.4,21.5,0.0035,,
2.0585,500,234.5,21.5,0.0040,,
2.0615,501,234.6,21.5,0.0035,,
2.0645,502,234.7,21.5,0.0035,,
2.0675,503,234.9,21.5,0.0035,,
2.0690,504,235.0,21.5,0.0025,,
Scope 1/1, Sample 25/32 (17)
Result,TitrationEP1
V,t,E,T,dV/dt,E acc. stat.,Volume acc. stat.
0.0000,0,-61.4,21.4,NaN,,
0.0005,1,-61.3,21.4,0.0005,,
0.0025,2,-61.3,21.4,0.0020,,
0.0050,3,-61.5,21.4,0.0025,,
0.0085,4,-61.3,21.4,0.0030,,
0.0150,5,-60.9,21.4,0.0060,,
0.0230,6,-60.5,21.4,0.0075,,
0.0305,7,-59.7,21.4,0.0075,,
0.0390,8,-59.0,21.4,0.0085,,
0.0475,9,-57.7,21.4,0.0085,,
0.0560,10,-56.3,21.4,0.0075,,
0.0645,11,-55.0,21.4,0.0075,,
0.0725,12,-53.6,21.4,0.0075,,
0.0810,13,-52.1,21.4,0.0085,,
0.0885,14,-50.4,21.4,0.0075,,
0.0970,15,-48.4,21.4,0.0085,,
0.1055,16,-46.5,21.4,0.0075,,
0.1140,17,-44.4,21.4,0.0075,,
0.1225,18,-42.1,21.4,0.0075,,
0.1305,19,-40.0,21.4,0.0080,,
0.1385,20,-37.6,21.4,0.0080,,
0.1465,21,-35.2,21.4,0.0080,,
0.1550,22,-32.5,21.4,0.0075,,
0.1635,23,-29.5,21.4,0.0075,,
0.1720,24,-26.7,21.4,0.0075,,
0.1805,25,-23.8,21.4,0.0085,,
0.1880,26,-21.2,21.4,0.0075,,
0.1965,27,-18.3,21.4,0.0085,,
0.2050,28,-15.6,21.4,0.0075,,
0.2130,29,-13.5,21.4,0.0075,,
0.2215,30,-11.4,21.4,0.0075,,
0.2290,31,-9.6,21.4,0.0075,,
0.2375,32,-7.6,21.4,0.0085,,
0.2460,33,-5.7,21.4,0.0085,,
0.2545,34,-4.1,21.4,0.0075,,
0.2630,35,-2.6,21.4,0.0075,,
0.2715,36,-1.1,21.4,0.0075,,
0.2790,37,0.3,21.4,0.0075,,
0.2870,38,1.6,21.4,0.0080,,
0.2955,39,2.7,21.4,0.0075,,
0.3040,40,4.0,21.4,0.0075,,
0.3125,41,5.3,21.4,0.0075,,
0.3210,42,6.3,21.4,0.0075,,
0.3285,43,7.5,21.4,0.0075,,
0.3370,44,8.4,21.4,0.0085,,
0.3455,45,9.6,21.4,0.0085,,
0.3535,46,10.9,21.4,0.0075,,
0.3620,47,11.7,21.4,0.0075,,
0.3705,48,12.6,21.4,0.0075,,
0.3780,49,13.5,21.4,0.0075,,
0.3865,50,14.6,21.4,0.0085,,
0.3950,51,15.8,21.4,0.0085,,
0.4035,52,16.7,21.4,0.0075,,
0.4115,53,17.5,21.4,0.0075,,
0.4200,54,18.6,21.4,0.0075,,
0.4285,55,19.3,21.4,0.0085,,
0.4360,56,20.3,21.4,0.0075,,
0.4445,57,21.1,21.4,0.0085,,
0.4530,58,22.0,21.4,0.0075,,
0.4615,59,23.0,21.4,0.0075,,
0.4700,60,23.7,21.4,0.0075,,
0.4775,61,24.7,21.4,0.0075,,
0.4860,62,25.5,21.4,0.0085,,
0.4940,63,26.3,21.4,0.0080,,
0.5025,64,27.4,21.4,0.0075,,
0.5110,65,28.2,21.4,0.0075,,
0.5195,66,28.9,21.4,0.0075,,
0.5280,67,29.8,21.4,0.0085,,
0.5355,68,30.6,21.4,0.0075,,
0.5440,69,31.7,21.4,0.0085,,
0.5520,70,32.5,21.4,0.0075,,
0.5605,71,33.3,21.4,0.0075,,
0.5690,72,34.2,21.4,0.0075,,
0.5775,73,35.2,21.4,0.0075,,
0.5850,74,35.9,21.4,0.0075,,
0.5935,75,36.9,21.4,0.0085,,
0.6020,76,37.6,21.4,0.0075,,
0.6100,77,38.6,21.4,0.0075,,
0.6185,78,39.6,21.4,0.0075,,
0.6270,79,40.3,21.4,0.0075,,
0.6345,80,41.1,21.4,0.0075,,
0.6430,81,41.9,21.4,0.0085,,
0.6515,82,42.8,21.4,0.0075,,
0.6600,83,43.7,21.4,0.0075,,
0.6685,84,44.5,21.4,0.0075,,
0.6765,85,45.4,21.4,0.0075,,
0.6845,86,46.3,21.4,0.0080,,
0.6925,87,47.4,21.4,0.0080,,
0.7010,88,48.2,21.4,0.0075,,
0.7095,89,49.0,21.4,0.0075,,
0.7180,90,49.9,21.4,0.0075,,
0.7265,91,50.9,21.4,0.0075,,
0.7340,92,51.7,21.4,0.0075,,
0.7425,93,52.6,21.4,0.0085,,
0.7505,94,53.3,21.4,0.0075,,
0.7590,95,54.1,21.4,0.0075,,
0.7675,96,55.2,21.4,0.0075,,
0.7760,97,56.1,21.4,0.0075,,
0.7835,98,57.0,21.4,0.0070,,
0.7920,99,57.8,21.4,0.0085,,
0.8005,100,58.8,21.4,0.0075,,
0.8090,101,59.9,21.4,0.0075,,
0.8170,102,60.7,21.4,0.0075,,
0.8255,103,61.5,21.4,0.0075,,
0.8330,104,62.4,21.4,0.0075,,
0.8415,105,63.4,21.4,0.0085,,
0.8500,106,64.4,21.4,0.0075,,
0.8585,107,65.3,21.4,0.0075,,
0.8670,108,66.2,21.4,0.0075,,
0.8750,109,67.3,21.4,0.0075,,
0.8830,110,68.1,21.4,0.0080,,
0.8910,111,69.2,21.4,0.0080,,
0.8995,112,70.1,21.4,0.0085,,
0.9080,113,70.9,21.4,0.0075,,
0.9165,114,72.1,21.4,0.0075,,
0.9250,115,73.0,21.4,0.0075,,
0.9325,116,73.9,21.4,0.0075,,
0.9410,117,74.8,21.4,0.0085,,
0.9490,118,75.7,21.4,0.0075,,
0.9575,119,76.9,21.4,0.0075,,
0.9660,120,77.8,21.4,0.0075,,
0.9745,121,78.8,21.4,0.0075,,
0.9830,122,79.8,21.4,0.0085,,
0.9905,123,81.0,21.4,0.0075,,
0.9990,124,82.2,21.4,0.0085,,
1.0070,125,83.3,21.4,0.0075,,
1.0155,126,84.4,21.4,0.0075,,
1.0240,127,85.6,21.4,0.0075,,
1.0315,128,86.5,21.4,0.0075,,
1.0400,129,87.8,21.4,0.0085,,
1.0485,130,88.9,21.4,0.0085,,
1.0570,131,90.0,21.4,0.0075,,
1.0655,132,91.5,21.4,0.0075,,
1.0735,133,92.8,21.4,0.0075,,
1.0820,134,94.0,21.4,0.0085,,
1.0895,135,95.4,21.4,0.0075,,
1.0980,136,96.7,21.4,0.0085,,
1.1065,137,98.3,21.4,0.0075,,
1.1150,138,99.8,21.4,0.0075,,
1.1235,139,101.3,21.4,0.0075,,
1.1315,140,102.7,21.4,0.0075,,
1.1395,141,104.2,21.4,0.0080,,
1.1475,142,106.0,21.4,0.0075,,
1.1560,143,108.0,21.4,0.0075,,
1.1645,144,109.7,21.4,0.0075,,
1.1730,145,111.5,21.4,0.0075,,
1.1815,146,114.0,21.4,0.0075,,
1.1890,147,115.9,21.4,0.0075,,
1.1975,148,118.2,21.4,0.0085,,
1.2060,149,120.7,21.4,0.0075,,
1.2140,150,123.1,21.4,0.0075,,
1.2225,151,126.0,21.4,0.0075,,
1.2300,152,128.4,21.4,0.0075,,
1.2385,153,131.4,21.4,0.0085,,
1.2470,154,134.5,21.4,0.0085,,
1.2555,155,137.8,21.4,0.0075,,
1.2640,156,141.5,21.4,0.0075,,
1.2725,157,145.1,21.4,0.0075,,
1.2800,158,148.4,21.4,0.0075,,
1.2885,159,152.2,21.4,0.0085,,
1.2965,160,156.2,21.4,0.0075,,
1.3050,161,159.7,21.4,0.0075,,
1.3135,162,162.8,21.4,0.0075,,
1.3220,163,166.0,21.4,0.0075,,
1.3295,164,168.8,21.4,0.0075,,
1.3380,165,171.7,21.4,0.0085,,
1.3465,166,174.1,21.4,0.0085,,
1.3545,167,176.6,21.4,0.0075,,
1.3630,168,178.8,21.4,0.0075,,
1.3715,169,181.1,21.4,0.0075,,
1.3790,170,182.9,21.4,0.0075,,
1.3875,171,184.6,21.4,0.0085,,
1.3910,171,185.1,21.4,0.0085,,
1.3910,412,188.1,21.5,0.0000,,
1.3915,413,188.2,21.5,0.0010,,
1.3930,414,188.3,21.5,0.0030,,
1.3955,414,188.5,21.5,0.0050,,
1.3995,416,188.8,21.5,0.0025,,
1.4060,417,189.7,21.5,0.0110,,
1.4140,418,190.8,21.5,0.0135,,
1.4215,418,192.0,21.5,0.0150,,
1.4300,420,193.2,21.5,0.0055,,
1.4385,420,194.5,21.5,0.0170,,
1.4470,422,195.9,21.5,0.0055,,
1.4555,423,196.9,21.5,0.0140,,
1.4640,424,197.9,21.5,0.0140,,
1.4715,424,199.0,21.5,0.0150,,
1.4800,426,200.1,21.5,0.0055,,
1.4880,426,201.1,21.5,0.0160,,
1.4965,428,201.8,21.5,0.0055,,
1.5050,429,202.8,21.5,0.0140,,
1.5135,430,203.9,21.5,0.0140,,
1.5210,430,204.6,21.5,0.0150,,
1.5295,432,205.5,21.5,0.0055,,
1.5380,433,206.1,21.5,0.0140,,
1.5465,434,207.0,21.5,0.0140,,
1.5545,435,207.8,21.5,0.0135,,
1.5630,436,208.5,21.5,0.0170,,
1.5705,436,209.3,21.5,0.0150,,
1.5790,438,209.8,21.5,0.0055,,
1.5875,439,210.5,21.5,0.0140,,
1.5960,440,211.2,21.5,0.0140,,
1.6045,441,211.7,21.5,0.0140,,
1.6130,442,212.4,21.5,0.0170,,
1.6205,442,213.0,21.5,0.0150,,
1.6290,444,213.7,21.5,0.0055,,
1.6370,444,214.4,21.5,0.0160,,
1.6455,446,214.9,21.5,0.0055,,
1.6540,447,215.4,21.5,0.0140,,
1.6625,448,216.1,21.5,0.0140,,
1.6700,448,216.4,21.5,0.0150,,
1.6785,450,217.1,21.5,0.0055,,
1.6870,450,217.5,21.5,0.0170,,
1.6950,452,217.9,21.5,0.0050,,
1.7035,453,218.5,21.5,0.0140,,
1.7120,454,219.0,21.5,0.0140,,
1.7195,454,219.5,21.5,0.0150,,
1.7280,456,219.9,21.5,0.0055,,
1.7365,456,220.3,21.5,0.0170,,
1.7450,458,220.8,21.5,0.0055,,
1.7530,459,221.2,21.5,0.0135,,
1.7615,460,221.6,21.5,0.0140,,
1.7700,460,222.2,21.5,0.0170,,
1.7775,462,222.6,21.5,0.0050,,
1.7860,462,223.1,21.5,0.0170,,
1.7945,464,223.5,21.5,0.0055,,
1.8030,465,223.8,21.5,0.0140,,
1.8110,466,224.1,21.5,0.0135,,
1.8195,466,224.4,21.5,0.0170,,
1.8270,468,225.0,21.5,0.0050,,
1.8355,468,225.4,21.5,0.0170,,
1.8440,470,225.6,21.5,0.0055,,
1.8525,471,225.9,21.5,0.0140,,
1.8610,472,226.5,21.5,0.0140,,
1.8690,472,226.7,21.5,0.0160,,
1.8770,474,227.1,21.5,0.0055,,
1.8850,474,227.3,21.5,0.0160,,
1.8935,476,227.6,21.5,0.0055,,
1.9020,477,228.1,21.5,0.0140,,
1.9105,478,228.4,21.5,0.0140,,
1.9190,479,228.7,21.5,0.0140,,
1.9265,480,229.2,21.5,0.0150,,
1.9350,480,229.4,21.5,0.0170,,
1.9430,482,230.0,21.5,0.0055,,
1.9515,483,230.2,21.5,0.0140,,
1.9600,484,230.4,21.5,0.0140,,
1.9685,485,230.9,21.5,0.0140,,
1.9760,486,231.0,21.5,0.0150,,
1.9845,486,231.4,21.5,0.0170,,
1.9930,488,231.5,21.5,0.0055,,
2.0015,489,231.6,21.5,0.0140,,
2.0095,490,232.2,21.5,0.0135,,
2.0180,491,232.5,21.5,0.0140,,
2.0255,492,232.7,21.5,0.0150,,
2.0340,492,232.9,21.5,0.0170,,
2.0425,494,233.1,21.5,0.0055,,
2.0510,495,233.5,21.5,0.0140,,
2.0590,496,233.7,21.5,0.0135,,
2.0655,497,233.9,21.5,0.0110,,
2.0685,498,234.2,21.5,0.0060,,
2.0690,498,234.1,21.5,0.0010,,
2.0700,500,234.3,21.5,0.0005,,
2.0710,501,234.4,21.5,0.0015,,
2.0725,502,234.2,21.5,0.0025,,
2.0745,503,234.3,21.5,0.0035,,
2.0760,504,234.4,21.5,0.0030,,
2.0770,504,234.5,21.5,0.0020,,
2.0785,506,234.6,21.5,0.0010,,
2.0805,507,234.5,21.5,0.0035,,
2.0825,508,234.6,21.5,0.0035,,
2.0855,509,234.8,21.5,0.0050,,
2.0880,510,234.8,21.5,0.0050,,
2.0900,510,235.1,21.5,0.0065,,
Scope 1/1, Sample 26/32 (18)
Result,TitrationEP1
V,t,E,T,dV/dt,E acc. stat.,Volume acc. stat.
0.0000,0,-61.0,21.4,NaN,,
0.0005,1,-61.1,21.4,0.0005,,
0.0025,2,-60.8,21.4,0.0020,,
0.0050,3,-60.9,21.4,0.0025,,
0.0090,4,-60.8,21.4,0.0035,,
0.0150,5,-60.4,21.4,0.0055,,
0.0235,6,-59.8,21.4,0.0075,,
0.0310,7,-59.2,21.4,0.0075,,
0.0395,8,-58.1,21.4,0.0085,,
0.0480,9,-57.1,21.4,0.0085,,
0.0565,10,-55.6,21.4,0.0075,,
0.0650,11,-54.2,21.4,0.0075,,
0.0730,12,-52.8,21.4,0.0075,,
0.0810,13,-51.2,21.4,0.0080,,
0.0890,14,-49.5,21.4,0.0080,,
0.0975,15,-47.5,21.4,0.0085,,
0.1060,16,-45.5,21.4,0.0075,,
0.1145,17,-43.6,21.4,0.0075,,
0.1230,18,-41.2,21.4,0.0075,,
0.1305,19,-39.1,21.4,0.0075,,
0.1390,20,-36.5,21.4,0.0085,,
0.1470,21,-33.8,21.4,0.0080,,
0.1555,22,-31.2,21.4,0.0075,,
0.1640,23,-28.2,21.4,0.0075,,
0.1725,24,-25.1,21.4,0.0075,,
0.1800,25,-22.5,21.4,0.0075,,
0.1885,26,-19.6,21.4,0.0085,,
0.1970,27,-16.9,21.4,0.0085,,
0.2055,28,-14.3,21.4,0.0075,,
0.2135,29,-11.9,21.4,0.0075,,
0.2220,30,-9.9,21.4,0.0075,,
0.2295,31,-8.0,21.4,0.0075,,
0.2380,32,-6.4,21.4,0.0085,,
0.2465,33,-4.5,21.4,0.0085,,
0.2550,34,-2.8,21.5,0.0075,,
0.2635,35,-1.4,21.5,0.0075,,
0.2715,36,-0.1,21.4,0.0075,,
0.2800,37,1.1,21.4,0.0085,,
0.2875,38,2.5,21.4,0.0075,,
0.2960,39,4.1,21.4,0.0085,,
0.3045,40,5.2,21.4,0.0075,,
0.3130,41,6.4,21.4,0.0075,,
0.3215,42,7.7,21.5,0.0075,,
0.3295,43,8.6,21.4,0.0080,,
0.3375,44,9.9,21.4,0.0080,,
0.3455,45,10.8,21.5,0.0080,,
0.3540,46,11.8,21.4,0.0075,,
0.3625,47,13.1,21.5,0.0075,,
0.3710,48,14.0,21.5,0.0075,,
0.3795,49,15.0,21.5,0.0085,,
0.3870,50,15.8,21.5,0.0075,,
0.3955,51,16.7,21.5,0.0085,,
0.4040,52,17.9,21.5,0.0075,,
0.4120,53,18.8,21.5,0.0075,,
0.4205,54,19.5,21.5,0.0075,,
0.4280,55,20.5,21.5,0.0075,,
0.4365,56,21.5,21.5,0.0085,,
0.4450,57,22.5,21.5,0.0085,,
0.4535,58,23.3,21.5,0.0075,,
0.4620,59,24.1,21.5,0.0075,,
0.4705,60,25.2,21.5,0.0075,,
0.4780,61,25.9,21.5,0.0075,,
0.4865,62,26.9,21.5,0.0085,,
0.4945,63,27.7,21.5,0.0080,,
0.5030,64,28.6,21.5,0.0075,,
0.5115,65,29.6,21.5,0.0075,,
0.5200,66,30.4,21.5,0.0075,,
0.5275,67,31.2,21.5,0.0075,,
0.5360,68,32.1,21.5,0.0085,,
0.5445,69,32.9,21.5,0.0085,,
0.5525,70,33.8,21.5,0.0075,,
0.5610,71,34.8,21.5,0.0075,,
0.5695,72,35.5,21.5,0.0075,,
0.5780,73,36.3,21.5,0.0085,,
0.5855,74,37.0,21.5,0.0075,,
0.5940,75,38.0,21.5,0.0085,,
0.6025,76,39.0,21.5,0.0075,,
0.6105,77,39.9,21.5,0.0075,,
0.6190,78,40.8,21.5,0.0075,,
0.6275,79,41.6,21.5,0.0085,,
0.6350,80,42.7,21.5,0.0075,,
0.6435,81,43.5,21.5,0.0085,,
0.6520,82,44.3,21.5,0.0075,,
0.6605,83,45.2,21.5,0.0075,,
0.6690,84,46.0,21.5,0.0075,,
0.6770,85,46.9,21.5,0.0075,,
0.6850,86,47.7,21.5,0.0080,,
0.6930,87,48.6,21.5,0.0080,,
0.7015,88,49.6,21.5,0.0075,,
0.7100,89,50.6,21.5,0.0075,,
0.7185,90,51.4,21.5,0.0075,,
0.7270,91,52.2,21.5,0.0075,,
0.7345,92,52.9,21.5,0.0075,,
0.7430,93,53.9,21.5,0.0085,,
0.7510,94,54.8,21.5,0.0080,,
0.7595,95,55.5,21.5,0.0075,,
0.7680,96,56.5,21.5,0.0075,,
0.7765,97,57.6,21.5,0.0075,,
0.7840,98,58.3,21.5,0.0075,,
0.7925,99,59.3,21.5,0.0085,,
0.8010,100,60.1,21.5,0.0085,,
0.8095,101,61.0,21.5,0.0075,,
0.8175,102,62.2,21.5,0.0075,,
0.8260,103,63.1,21.5,0.0075,,
0.8335,104,64.0,21.5,0.0075,,
0.8420,105,64.9,21.5,0.0075,,
0.8505,106,65.8,21.5,0.0075,,
0.8590,107,66.9,21.5,0.0075,,
0.8675,108,67.7,21.5,0.0075,,
0.8755,109,68.6,21.5,0.0075,,
0.8835,110,69.5,21.5,0.0080,,
0.8915,111,70.6,21.5,0.0080,,
0.9000,112,71.6,21.5,0.0075,,
0.9085,113,72.5,21.5,0.0075,,
0.9170,114,73.5,21.5,0.0075,,
0.9255,115,74.3,21.5,0.0085,,
0.9330,116,75.4,21.5,0.0075,,
0.9415,117,76.4,21.5,0.0085,,
0.9500,118,77.3,21.5,0.0075,,
0.9580,119,78.3,21.5,0.0075,,
0.9665,120,79.5,21.5,0.0075,,
0.9750,121,80.4,21.5,0.0085,,
0.9825,122,81.4,21.5,0.0075,,
0.9910,123,82.5,21.5,0.0085,,
0.9995,124,83.6,21.5,0.0075,,
1.0080,125,84.8,21.5,0.0075,,
1.0165,126,85.8,21.5,0.0075,,
1.0245,127,87.1,21.5,0.0080,,
1.0320,128,88.2,21.5,0.0075,,
1.0405,129,89.5,21.5,0.0085,,
1.0490,130,90.8,21.5,0.0075,,
1.0575,131,91.7,21.5,0.0075,,
1.0660,132,93.1,21.5,0.0075,,
1.0735,133,94.3,21.5,0.0075,,
1.0820,134,95.7,21.5,0.0085,,
1.0905,135,97.2,21.5,0.0085,,
1.0985,136,98.4,21.5,0.0075,,
1.1070,137,99.8,21.5,0.0075,,
1.1155,138,101.4,21.5,0.0075,,
1.1240,139,102.9,21.5,0.0085,,
1.1315,140,104.6,21.5,0.0075,,
1.1400,141,106.2,21.5,0.0085,,
1.1485,142,107.9,21.5,0.0075,,
1.1565,143,109.8,21.5,0.0075,,
1.1650,144,111.7,21.5,0.0075,,
1.1735,145,113.6,21.5,0.0075,,
1.1810,146,115.3,21.5,0.0075,,
1.1895,147,117.4,21.5,0.0085,,
1.1980,148,119.9,21.5,0.0085,,
1.2065,149,122.5,21.5,0.0075,,
1.2150,150,125.1,21.5,0.0075,,
1.2230,151,128.0,21.5,0.0075,,
1.2305,152,130.5,21.5,0.0075,,
1.2390,153,133.8,21.5,0.0085,,
1.2475,154,137.3,21.5,0.0085,,
1.2560,155,140.3,21.5,0.0075,,
1.2645,156,143.8,21.5,0.0075,,
1.2730,157,147.5,21.5,0.0075,,
1.2805,158,150.9,21.5,0.0075,,
1.2890,159,154.5,21.5,0.0085,,
1.2970,160,157.8,21.5,0.0080,,
1.3055,161,161.5,21.5,0.0075,,
1.3140,162,164.7,21.5,0.0075,,
1.3225,163,167.8,21.5,0.0075,,
1.3300,164,170.5,21.5,0.0075,,
1.3385,165,173.1,21.5,0.0085,,
1.3470,166,175.6,21.5,0.0085,,
1.3550,167,178.0,21.5,0.0075,,
1.3635,168,180.0,21.5,0.0075,,
1.3720,169,182.2,21.5,0.0075,,
1.3795,170,183.8,21.5,0.0075,,
1.3875,171,185.1,21.5,0.0090,,
1.3875,411,188.2,21.6,0.0000,,
1.3880,412,188.0,21.6,0.0005,,
1.3895,413,188.1,21.6,0.0015,,
1.3920,414,188.4,21.6,0.0025,,
1.3960,415,188.7,21.6,0.0035,,
1.4025,416,189.5,21.6,0.0060,,
1.4105,417,190.8,21.6,0.0075,,
1.4180,418,191.9,21.6,0.0075,,
1.4265,419,193.3,21.6,0.0085,,
1.4350,420,194.4,21.6,0.0085,,
1.4435,421,195.6,21.6,0.0075,,
1.4520,422,196.9,21.6,0.0075,,
1.4605,423,197.9,21.6,0.0075,,
1.4680,424,199.0,21.6,0.0075,,
1.4765,425,200.0,21.6,0.0085,,
1.4845,426,201.0,21.6,0.0080,,
1.4930,427,202.1,21.6,0.0075,,
1.5015,428,202.9,21.6,0.0075,,
1.5100,429,203.7,21.6,0.0075,,
1.5175,430,204.4,21.6,0.0075,,
1.5260,431,205.5,21.6,0.0085,,
1.5345,432,206.4,21.6,0.0085,,
1.5425,433,207.2,21.6,0.0075,,
1.5510,434,207.8,21.6,0.0075,,
1.5595,435,208.6,21.6,0.0075,,
1.5670,436,209.2,21.6,0.0075,,
1.5755,437,210.0,21.6,0.0085,,
1.5840,438,210.5,21.6,0.0085,,
1.5925,439,211.3,21.6,0.0075,,
1.6005,440,212.1,21.6,0.0075,,
1.6090,441,212.7,21.6,0.0075,,
1.6165,442,213.3,21.6,0.0075,,
1.6250,443,213.9,21.6,0.0085,,
1.6335,444,214.4,21.6,0.0085,,
1.6420,445,215.0,21.6,0.0075,,
1.6505,446,215.7,21.6,0.0075,,
1.6590,447,216.1,21.6,0.0075,,
1.6665,448,216.6,21.6,0.0075,,
1.6750,449,217.1,21.6,0.0085,,
1.6830,450,217.7,21.6,0.0080,,
1.6915,451,218.2,21.6,0.0075,,
1.7000,452,218.6,21.6,0.0075,,
1.7085,453,219.2,21.6,0.0075,,
1.7160,454,219.5,21.6,0.0075,,
1.7245,455,220.2,21.6,0.0085,,
1.7330,456,220.5,21.6,0.0085,,
1.7410,457,220.8,21.6,0.0075,,
1.7495,458,221.3,21.6,0.0075,,
1.7580,459,221.8,21.6,0.0075,,
1.7665,460,222.2,21.6,0.0075,,
1.7740,461,222.7,21.6,0.0075,,
1.7825,462,222.9,21.6,0.0085,,
1.7910,463,223.4,21.6,0.0085,,
1.7990,464,224.0,21.6,0.0075,,
1.8075,465,224.2,21.6,0.0075,,
1.8160,466,224.5,21.6,0.0075,,
1.8235,467,224.9,21.6,0.0075,,
1.8320,468,225.4,21.6,0.0085,,
1.8405,469,225.8,21.6,0.0085,,
1.8490,470,226.1,21.6,0.0075,,
1.8570,471,226.4,21.6,0.0075,,
1.8655,472,226.8,21.6,0.0075,,
1.8730,473,227.1,21.6,0.0075,,
1.8815,474,227.5,21.6,0.0085,,
1.8900,475,227.9,21.6,0.0085,,
1.8985,476,228.2,21.6,0.0075,,
1.9070,477,228.6,21.6,0.0075,,
1.9155,478,228.9,21.6,0.0075,,
1.9230,479,229.2,21.6,0.0075,,
1.9315,480,229.5,21.6,0.0085,,
1.9395,481,229.7,21.6,0.0080,,
1.9480,482,230.2,21.6,0.0075,,
1.9565,483,230.5,21.6,0.0075,,
1.9650,484,230.7,21.6,0.0075,,
1.9725,485,231.1,21.6,0.0075,,
1.9810,486,231.3,21.6,0.0085,,
1.9895,487,231.8,21.6,0.0085,,
1.9975,488,232.0,21.6,0.0075,,
2.0060,489,232.1,21.6,0.0075,,
2.0145,490,232.5,21.6,0.0075,,
2.0220,491,232.7,21.6,0.0075,,
2.0305,492,233.1,21.6,0.0085,,
2.0390,493,233.3,21.6,0.0085,,
2.0465,494,233.4,21.6,0.0070,,
2.0545,495,233.9,21.6,0.0075,,
2.0615,496,234.1,21.6,0.0065,,
2.0625,497,234.3,21.6,0.0010,,
2.0625,498,234.2,21.6,0.0000,,
2.0635,499,234.1,21.6,0.0010,,
2.0650,500,234.3,21.6,0.0015,,
2.0665,501,234.4,21.6,0.0015,,
2.0670,502,234.2,21.6,0.0005,,
2.0680,503,234.5,21.6,0.0010,,
2.0685,504,234.5,21.6,0.0005,,
2.0690,505,234.7,21.6,0.0005,,
2.0705,506,234.7,21.6,0.0015,,
2.0715,507,234.6,21.6,0.0010,,
2.0720,508,234.7,21.6,0.0005,,
2.0730,509,234.6,21.6,0.0010,,
2.0740,510,234.7,21.6,0.0010,,
2.0745,511,234.7,21.6,0.0005,,
2.0750,512,234.6,21.6,0.0005,,
2.0755,513,234.6,21.6,0.0005,,
2.0760,514,234.8,21.6,0.0005,,
2.0770,515,234.7,21.6,0.0010,,
2.0780,516,234.8,21.6,0.0010,,
2.0795,517,234.7,21.6,0.0015,,
2.0805,518,235.0,21.6,0.0015,,
Scope 1/1, Sample 27/32 (19)
Result,TitrationEP1
V,t,E,T,dV/dt,E acc. stat.,Volume acc. stat.
0.0000,0,-61.3,21.5,NaN,,
0.0010,1,-61.4,21.5,0.0010,,
0.0025,2,-61.4,21.5,0.0015,,
0.0050,3,-61.3,21.5,0.0025,,
0.0085,4,-61.2,21.5,0.0030,,
0.0150,5,-61.1,21.5,0.0060,,
0.0230,6,-60.6,21.5,0.0075,,
0.0315,7,-59.8,21.5,0.0075,,
0.0390,8,-59.1,21.5,0.0075,,
0.0475,9,-58.1,21.5,0.0085,,
0.0560,10,-57.0,21.5,0.0075,,
0.0645,11,-55.6,21.5,0.0075,,
0.0725,12,-54.1,21.5,0.0075,,
0.0810,13,-52.7,21.5,0.0075,,
0.0885,14,-51.1,21.5,0.0075,,
0.0970,15,-49.3,21.5,0.0075,,
0.1055,16,-47.4,21.5,0.0075,,
0.1140,17,-45.4,21.5,0.0075,,
0.1225,18,-43.4,21.5,0.0075,,
0.1305,19,-41.2,21.5,0.0075,,
0.1385,20,-39.3,21.5,0.0080,,
0.1465,21,-36.8,21.5,0.0080,,
0.1550,22,-34.1,21.5,0.0075,,
0.1635,23,-31.7,21.5,0.0075,,
0.1720,24,-28.8,21.5,0.0075,,
0.1805,25,-25.8,21.5,0.0075,,
0.1880,26,-23.5,21.5,0.0075,,
0.1965,27,-20.8,21.5,0.0085,,
0.2045,28,-18.4,21.5,0.0075,,
0.2130,29,-16.1,21.5,0.0075,,
0.2215,30,-13.7,21.5,0.0075,,
0.2300,31,-11.8,21.5,0.0075,,
0.2375,32,-10.1,21.5,0.0075,,
0.2460,33,-8.5,21.5,0.0085,,
0.2545,34,-6.8,21.5,0.0075,,
0.2630,35,-5.1,21.5,0.0075,,
0.2710,36,-3.7,21.5,0.0075,,
0.2795,37,-2.6,21.5,0.0075,,
0.2880,38,-1.5,21.5,0.0085,,
0.2955,39,-0.2,21.5,0.0075,,
0.3040,40,1.1,21.5,0.0085,,
0.3125,41,2.2,21.5,0.0075,,
0.3210,42,3.3,21.5,0.0075,,
0.3290,43,4.6,21.5,0.0075,,
0.3375,44,5.6,21.5,0.0085,,
0.3450,45,6.8,21.5,0.0075,,
0.3535,46,7.8,21.5,0.0085,,
0.3620,47,8.8,21.5,0.0075,,
0.3705,48,9.9,21.5,0.0075,,
0.3790,49,10.7,21.5,0.0075,,
0.3865,50,11.7,21.5,0.0075,,
0.3950,51,12.5,21.5,0.0085,,
0.4035,52,13.6,21.5,0.0075,,
0.4115,53,14.6,21.5,0.0075,,
0.4200,54,15.5,21.5,0.0075,,
0.4285,55,16.4,21.5,0.0075,,
0.4370,56,17.4,21.5,0.0085,,
0.4445,57,18.2,21.5,0.0075,,
0.4530,58,19.3,21.5,0.0085,,
0.4615,59,20.2,21.5,0.0075,,
0.4695,60,20.9,21.5,0.0075,,
0.4780,61,21.8,21.5,0.0075,,
0.4865,62,22.6,21.5,0.0085,,
0.4940,63,23.7,21.5,0.0075,,
0.5025,64,24.5,21.5,0.0085,,
0.5110,65,25.2,21.5,0.0075,,
0.5195,66,26.2,21.5,0.0075,,
0.5275,67,27.2,21.5,0.0075,,
0.5360,68,28.0,21.5,0.0085,,
0.5435,69,28.7,21.5,0.0075,,
0.5520,70,29.4,21.5,0.0085,,
0.5605,71,30.4,21.5,0.0075,,
0.5690,72,31.4,21.5,0.0075,,
0.5775,73,32.1,21.5,0.0075,,
0.5860,74,32.9,21.5,0.0075,,
0.5935,75,33.9,21.5,0.0075,,
0.6020,76,34.7,21.5,0.0085,,
0.6100,77,35.7,21.5,0.0075,,
0.6185,78,36.5,21.5,0.0075,,
0.6270,79,37.4,21.5,0.0075,,
0.6355,80,38.4,21.5,0.0075,,
0.6430,81,39.3,21.5,0.0075,,
0.6515,82,40.2,21.5,0.0085,,
0.6600,83,40.9,21.5,0.0075,,
0.6680,84,41.9,21.5,0.0075,,
0.6765,85,42.9,21.5,0.0075,,
0.6850,86,43.6,21.5,0.0075,,
0.6925,87,44.6,21.5,0.0075,,
0.7010,88,45.4,21.5,0.0085,,
0.7095,89,46.4,21.5,0.0075,,
0.7180,90,47.4,21.5,0.0075,,
0.7265,91,48.2,21.5,0.0075,,
0.7345,92,49.0,21.5,0.0075,,
0.7425,93,49.9,21.5,0.0080,,
0.7505,94,50.9,21.5,0.0080,,
0.7590,95,52.0,21.5,0.0075,,
0.7675,96,52.7,21.5,0.0075,,
0.7760,97,53.6,21.5,0.0075,,
0.7845,98,54.7,21.5,0.0075,,
0.7920,99,55.4,21.5,0.0075,,
0.8005,100,56.5,21.5,0.0085,,
0.8085,101,57.2,21.5,0.0075,,
0.8170,102,58.0,21.5,0.0075,,
0.8255,103,59.2,21.5,0.0075,,
0.8340,104,59.9,21.5,0.0075,,
0.8415,105,61.0,21.5,0.0075,,
0.8500,106,61.7,21.5,0.0085,,
0.8585,107,62.7,21.5,0.0075,,
0.8665,108,63.9,21.5,0.0075,,
0.8750,109,64.8,21.5,0.0075,,
0.8835,110,65.6,21.5,0.0075,,
0.8910,111,66.6,21.5,0.0075,,
0.8995,112,67.5,21.5,0.0085,,
0.9080,113,68.7,21.5,0.0075,,
0.9165,114,69.5,21.5,0.0075,,
0.9250,115,70.3,21.5,0.0075,,
0.9330,116,71.5,21.5,0.0075,,
0.9410,117,72.3,21.5,0.0080,,
0.9490,118,73.5,21.5,0.0080,,
0.9575,119,74.4,21.5,0.0075,,
0.9660,120,75.4,21.5,0.0075,,
0.9745,121,76.6,21.5,0.0075,,
0.9830,122,77.6,21.5,0.0075,,
0.9905,123,78.7,21.5,0.0075,,
0.9990,124,79.6,21.5,0.0085,,
1.0070,125,80.5,21.5,0.0075,,
1.0155,126,81.8,21.5,0.0075,,
1.0240,127,82.9,21.5,0.0075,,
1.0325,128,84.0,21.5,0.0075,,
1.0400,129,85.1,21.5,0.0075,,
1.0485,130,86.2,21.5,0.0085,,
1.0570,131,87.6,21.5,0.0075,,
1.0655,132,88.8,21.5,0.0075,,
1.0735,133,89.8,21.5,0.0075,,
1.0820,134,91.2,21.5,0.0075,,
1.0905,135,92.3,21.5,0.0085,,
1.0980,136,93.9,21.5,0.0075,,
1.1065,137,95.4,21.5,0.0085,,
1.1150,138,96.6,21.5,0.0075,,
1.1235,139,98.2,21.5,0.0075,,
1.1315,140,99.9,21.5,0.0075,,
1.1400,141,101.5,21.5,0.0075,,
1.1475,142,103.1,21.5,0.0075,,
1.1560,143,104.7,21.5,0.0085,,
1.1645,144,106.6,21.5,0.0075,,
1.1730,145,108.7,21.5,0.0075,,
1.1815,146,110.7,21.5,0.0075,,
1.1895,147,112.6,21.5,0.0075,,
1.1975,148,114.6,21.5,0.0080,,
1.2055,149,117.0,21.5,0.0080,,
1.2140,150,119.6,21.5,0.0075,,
1.2225,151,122.2,21.5,0.0075,,
1.2310,152,124.9,21.5,0.0075,,
1.2395,153,128.0,21.5,0.0075,,
1.2470,154,130.7,21.5,0.0075,,
1.2555,155,134.2,21.5,0.0085,,
1.2635,156,137.3,21.5,0.0075,,
1.2720,157,140.9,21.5,0.0075,,
1.2805,158,144.8,21.5,0.0075,,
1.2890,159,148.9,21.5,0.0075,,
1.2975,160,152.5,21.5,0.0085,,
1.3050,161,156.3,21.5,0.0075,,
1.3135,162,159.8,21.5,0.0085,,
1.3215,163,163.2,21.6,0.0075,,
1.3300,164,166.6,21.6,0.0075,,
1.3385,165,169.5,21.5,0.0075,,
1.3470,166,172.3,21.6,0.0075,,
1.3545,167,174.5,21.5,0.0075,,
1.3630,168,177.1,21.6,0.0085,,
1.3715,169,179.6,21.5,0.0075,,
1.3795,170,181.5,21.6,0.0075,,
1.3880,171,183.2,21.6,0.0075,,
1.3970,172,185.0,21.6,0.0075,,
1.3970,412,188.4,21.6,0.0000,,
1.3975,413,188.2,21.6,0.0005,,
1.3990,414,188.3,21.6,0.0010,,
1.4015,415,188.6,21.6,0.0020,,
1.4055,416,188.8,21.6,0.0030,,
1.4115,417,189.4,21.6,0.0045,,
1.4195,418,190.6,21.6,0.0055,,
1.4275,419,191.7,21.6,0.0060,,
1.4355,420,193.1,21.6,0.0060,,
1.4440,421,194.1,21.6,0.0065,,
1.4525,422,195.5,21.6,0.0060,,
1.4610,423,196.9,21.6,0.0060,,
1.4695,424,197.9,21.6,0.0060,,
1.4770,425,199.0,21.6,0.0060,,
1.4855,426,199.8,21.6,0.0065,,
1.4940,427,200.8,21.6,0.0065,,
1.5020,428,202.0,21.6,0.0055,,
1.5105,429,202.8,21.6,0.0060,,
1.5190,430,203.5,21.6,0.0060,,
1.5265,431,204.3,21.6,0.0060,,
1.5350,432,205.3,21.6,0.0065,,
1.5435,433,206.2,21.6,0.0065,,
1.5520,434,206.8,21.6,0.0060,,
1.5600,435,207.5,21.6,0.0055,,
1.5685,436,208.5,21.6,0.0060,,
1.5760,437,209.1,21.6,0.0060,,
1.5845,438,209.9,21.6,0.0065,,
1.5930,439,210.4,21.6,0.0065,,
1.6015,440,211.0,21.6,0.0060,,
1.6100,441,211.9,21.6,0.0060,,
1.6185,442,212.4,21.6,0.0060,,
1.6260,443,213.1,21.6,0.0060,,
1.6345,444,213.5,21.6,0.0065,,
1.6425,445,214.2,21.6,0.0060,,
1.6510,446,215.0,21.6,0.0060,,
1.6595,447,215.4,21.6,0.0060,,
1.6680,448,215.9,21.6,0.0060,,
1.6755,449,216.5,21.6,0.0060,,
1.6840,450,217.0,21.6,0.0065,,
1.6925,451,217.6,21.6,0.0060,,
1.7005,452,218.0,21.6,0.0055,,
1.7090,453,218.3,21.6,0.0060,,
1.7175,454,219.1,21.6,0.0060,,
1.7250,455,219.4,21.6,0.0060,,
1.7335,456,220.1,21.6,0.0065,,
1.7420,457,220.5,21.6,0.0065,,
1.7505,458,220.8,21.6,0.0060,,
1.7585,459,221.3,21.6,0.0055,,
1.7670,460,221.8,21.6,0.0060,,
1.7745,461,222.3,21.6,0.0060,,
1.7830,462,222.5,21.6,0.0065,,
1.7915,463,222.8,21.6,0.0065,,
1.8000,464,223.5,21.6,0.0060,,
1.8085,465,223.9,21.6,0.0060,,
1.8165,466,224.1,21.6,0.0055,,
1.8250,467,224.5,21.6,0.0060,,
1.8325,468,224.7,21.6,0.0060,,
1.8410,469,225.3,21.6,0.0065,,
1.8495,470,225.7,21.6,0.0060,,
1.8580,471,225.9,21.6,0.0060,,
1.8665,472,226.4,21.6,0.0060,,
1.8750,473,226.6,21.6,0.0065,,
1.8825,474,227.1,21.6,0.0060,,
1.8910,475,227.4,21.6,0.0065,,
1.8990,476,227.6,21.6,0.0055,,
1.9075,477,228.0,21.6,0.0060,,
1.9160,478,228.4,21.6,0.0060,,
1.9245,479,228.8,21.6,0.0065,,
1.9320,480,229.1,21.6,0.0060,,
1.9405,481,229.3,21.6,0.0065,,
1.9490,482,229.7,21.6,0.0060,,
1.9570,483,230.2,21.6,0.0055,,
1.9655,484,230.3,21.6,0.0060,,
1.9740,485,230.5,21.6,0.0060,,
1.9815,486,230.8,21.6,0.0060,,
1.9900,487,231.2,21.6,0.0065,,
1.9985,488,231.6,21.6,0.0065,,
2.0070,489,231.8,21.6,0.0060,,
2.0155,490,232.0,21.6,0.0060,,
2.0235,491,232.4,21.6,0.0055,,
2.0310,492,232.6,21.6,0.0060,,
2.0395,493,233.0,21.6,0.0065,,
2.0480,494,233.1,21.6,0.0060,,
2.0565,495,233.3,21.6,0.0060,,
2.0645,496,233.9,21.6,0.0055,,
2.0705,497,234.1,21.6,0.0045,,
2.0715,498,234.3,21.6,0.0010,,
2.0720,499,234.2,21.6,0.0005,,
2.0725,500,234.2,21.6,0.0005,,
2.0735,501,234.4,21.6,0.0005,,
2.0740,502,234.5,21.6,0.0005,,
2.0750,503,234.3,21.6,0.0005,,
2.0760,504,234.3,21.6,0.0010,,
2.0770,505,234.3,21.6,0.0010,,
2.0790,506,234.6,21.6,0.0015,,
2.0805,507,234.4,21.6,0.0010,,
2.0825,508,234.5,21.6,0.0015,,
2.0835,509,234.7,21.6,0.0005,,
2.0840,510,234.7,21.6,0.0005,,
2.0850,511,234.8,21.6,0.0010,,
2.0860,512,234.8,21.6,0.0010,,
2.0865,513,234.6,21.6,0.0005,,
2.0875,514,234.8,21.6,0.0005,,
2.0885,515,235.0,21.6,0.0010,,
Scope 1/1, Sample 28/32 (20)
Result,TitrationEP1
V,t,E,T,dV/dt,E acc. stat.,Volume acc. stat.
0.0000,0,-59.6,21.5,NaN,,
0.0005,1,-59.8,21.5,0.0005,,
0.0025,2,-59.7,21.5,0.0020,,
0.0050,3,-59.8,21.5,0.0025,,
0.0085,4,-59.6,21.5,0.0030,,
0.0150,5,-59.3,21.5,0.0060,,
0.0230,6,-58.8,21.5,0.0075,,
0.0305,7,-58.0,21.5,0.0075,,
0.0390,8,-57.1,21.5,0.0085,,
0.0475,9,-56.1,21.5,0.0075,,
0.0560,10,-54.7,21.5,0.0075,,
0.0645,11,-53.3,21.5,0.0075,,
0.0725,12,-51.9,21.5,0.0075,,
0.0805,13,-50.5,21.5,0.0080,,
0.0885,14,-48.7,21.5,0.0075,,
0.0970,15,-46.6,21.5,0.0075,,
0.1055,16,-44.6,21.5,0.0075,,
0.1140,17,-42.7,21.5,0.0075,,
0.1225,18,-40.4,21.5,0.0075,,
0.1300,19,-38.4,21.5,0.0075,,
0.1385,20,-35.8,21.5,0.0085,,
0.1465,21,-33.1,21.5,0.0080,,
0.1550,22,-30.5,21.5,0.0075,,
0.1635,23,-27.6,21.5,0.0075,,
0.1720,24,-24.9,21.5,0.0075,,
0.1795,25,-22.2,21.5,0.0075,,
0.1880,26,-19.6,21.5,0.0085,,
0.1965,27,-17.1,21.5,0.0085,,
0.2050,28,-14.7,21.5,0.0075,,
0.2130,29,-12.5,21.5,0.0075,,
0.2215,30,-10.7,21.5,0.0075,,
0.2290,31,-9.0,21.5,0.0075,,
0.2375,32,-7.3,21.5,0.0085,,
0.2460,33,-5.5,21.5,0.0085,,
0.2545,34,-4.0,21.5,0.0075,,
0.2630,35,-2.7,21.5,0.0075,,
0.2710,36,-1.2,21.5,0.0075,,
0.2790,37,-0.2,21.5,0.0080,,
0.2870,38,1.2,21.5,0.0080,,
0.2955,39,2.4,21.5,0.0085,,
0.3040,40,3.5,21.5,0.0075,,
0.3125,41,4.7,21.5,0.0075,,
0.3210,42,5.9,21.5,0.0075,,
0.3285,43,7.0,21.5,0.0075,,
0.3370,44,7.9,21.5,0.0085,,
0.3455,45,8.7,21.5,0.0085,,
0.3535,46,10.0,21.5,0.0075,,
0.3620,47,11.0,21.5,0.0075,,
0.3705,48,12.0,21.5,0.0075,,
0.3780,49,13.0,21.5,0.0075,,
0.3865,50,13.9,21.5,0.0085,,
0.3950,51,15.0,21.5,0.0085,,
0.4035,52,15.9,21.5,0.0075,,
0.4115,53,16.8,21.5,0.0075,,
0.4200,54,17.8,21.5,0.0075,,
0.4275,55,18.5,21.5,0.0075,,
0.4360,56,19.5,21.5,0.0085,,
0.4445,57,20.5,21.5,0.0085,,
0.4530,58,21.4,21.5,0.0075,,
0.4615,59,22.2,21.5,0.0075,,
0.4700,60,23.2,21.5,0.0075,,
0.4775,61,24.1,21.5,0.0075,,
0.4860,62,24.9,21.5,0.0085,,
0.4940,63,25.7,21.5,0.0080,,
0.5025,64,26.8,21.5,0.0075,,
0.5110,65,27.8,21.5,0.0075,,
0.5195,66,28.5,21.5,0.0075,,
0.5270,67,29.3,21.5,0.0075,,
0.5355,68,30.2,21.5,0.0085,,
0.5440,69,31.2,21.5,0.0075,,
0.5525,70,32.0,21.5,0.0075,,
0.5605,71,32.8,21.5,0.0075,,
0.5690,72,33.8,21.5,0.0075,,
0.5765,73,34.5,21.5,0.0075,,
0.5850,74,35.4,21.5,0.0085,,
0.5935,75,36.2,21.5,0.0075,,
0.6020,76,37.0,21.5,0.0075,,
0.6105,77,38.0,21.5,0.0075,,
0.6190,78,38.8,21.5,0.0075,,
0.6265,79,39.8,21.5,0.0075,,
0.6345,80,40.7,21.5,0.0080,,
0.6430,81,41.5,21.5,0.0085,,
0.6515,82,42.5,21.5,0.0075,,
0.6600,83,43.5,21.5,0.0075,,
0.6685,84,44.2,21.5,0.0075,,
0.6760,85,45.1,21.5,0.0075,,
0.6845,86,46.0,21.5,0.0085,,
0.6925,87,46.9,21.5,0.0080,,
0.7010,88,47.8,21.5,0.0075,,
0.7095,89,48.8,21.5,0.0075,,
0.7180,90,49.6,21.5,0.0075,,
0.7255,91,50.3,21.5,0.0075,,
0.7340,92,51.3,21.5,0.0085,,
0.7425,93,52.3,21.5,0.0085,,
0.7510,94,53.1,21.5,0.0075,,
0.7590,95,53.9,21.5,0.0075,,
0.7675,96,55.0,21.5,0.0075,,
0.7760,97,55.7,21.5,0.0085,,
0.7835,98,56.6,21.5,0.0075,,
0.7920,99,57.5,21.5,0.0085,,
0.8005,100,58.4,21.5,0.0075,,
0.8090,101,59.4,21.5,0.0075,,
0.8170,102,60.3,21.5,0.0075,,
0.8255,103,61.3,21.5,0.0085,,
0.8330,104,62.2,21.5,0.0075,,
0.8415,105,63.1,21.5,0.0085,,
0.8500,106,64.1,21.5,0.0075,,
0.8585,107,65.2,21.5,0.0075,,
0.8670,108,66.0,21.5,0.0075,,
0.8750,109,66.9,21.5,0.0080,,
0.8830,110,67.9,21.5,0.0080,,
0.8910,111,69.1,21.5,0.0080,,
0.8995,112,69.9,21.5,0.0075,,
0.9080,113,70.8,21.5,0.0075,,
0.9165,114,72.0,21.5,0.0075,,
0.9250,115,73.0,21.5,0.0075,,
0.9325,116,73.8,21.5,0.0075,,
0.9410,117,74.9,21.5,0.0085,,
0.9495,118,75.9,21.5,0.0075,,
0.9575,119,77.0,21.5,0.0075,,
0.9660,120,78.1,21.5,0.0075,,
0.9745,121,79.1,21.5,0.0085,,
0.9820,122,80.1,21.5,0.0075,,
0.9905,123,81.1,21.5,0.0085,,
0.9990,124,82.4,21.5,0.0075,,
1.0075,125,83.5,21.5,0.0075,,
1.0155,126,84.6,21.5,0.0075,,
1.0240,127,85.7,21.5,0.0075,,
1.0315,128,86.8,21.5,0.0075,,
1.0400,129,88.2,21.5,0.0085,,
1.0485,130,89.5,21.5,0.0075,,
1.0570,131,90.7,21.5,0.0075,,
1.0655,132,92.1,21.5,0.0075,,
1.0735,133,93.5,21.5,0.0075,,
1.0815,134,94.7,21.5,0.0080,,
1.0895,135,96.2,21.5,0.0080,,
1.0980,136,97.5,21.5,0.0085,,
1.1065,137,99.0,21.5,0.0075,,
1.1150,138,100.7,21.5,0.0075,,
1.1235,139,102.2,21.5,0.0075,,
1.1310,140,103.8,21.5,0.0075,,
1.1395,141,105.5,21.5,0.0085,,
1.1480,142,107.5,21.5,0.0085,,
1.1560,143,109.5,21.5,0.0075,,
1.1645,144,111.3,21.5,0.0075,,
1.1730,145,113.2,21.5,0.0075,,
1.1805,146,115.1,21.5,0.0075,,
1.1890,147,117.4,21.5,0.0085,,
1.1975,148,119.8,21.5,0.0075,,
1.2060,149,122.2,21.5,0.0075,,
1.2140,150,124.9,21.5,0.0075,,
1.2225,151,127.6,21.5,0.0075,,
1.2300,152,130.5,21.5,0.0075,,
1.2385,153,134.0,21.5,0.0085,,
1.2470,154,137.5,21.5,0.0085,,
1.2555,155,141.0,21.5,0.0075,,
1.2640,156,144.9,21.5,0.0075,,
1.2720,157,148.7,21.5,0.0075,,
1.2800,158,151.9,21.5,0.0080,,
1.2880,159,155.5,21.5,0.0080,,
1.2965,160,159.3,21.5,0.0085,,
1.3050,161,162.8,21.5,0.0075,,
1.3135,162,166.0,21.5,0.0075,,
1.3220,163,169.2,21.5,0.0075,,
1.3305,164,171.6,21.5,0.0085,,
1.3380,165,174.2,21.5,0.0075,,
1.3465,166,176.7,21.5,0.0085,,
1.3545,167,179.1,21.5,0.0075,,
1.3630,168,181.0,21.5,0.0075,,
1.3715,169,182.9,21.5,0.0075,,
1.3790,170,184.6,21.5,0.0075,,
1.3835,170,185.2,21.5,0.0090,,
1.3835,411,188.7,21.5,0.0000,,
1.3840,412,188.6,21.5,0.0010,,
1.3855,413,188.6,21.6,0.0025,,
1.3880,414,188.8,21.5,0.0035,,
1.3920,415,189.0,21.6,0.0055,,
1.3985,416,189.7,21.5,0.0095,,
1.4070,417,190.9,21.5,0.0120,,
1.4145,418,192.1,21.6,0.0125,,
1.4225,419,193.5,21.6,0.0135,,
1.4310,420,194.8,21.5,0.0140,,
1.4395,421,195.9,21.5,0.0120,,
1.4480,422,197.3,21.5,0.0120,,
1.4565,423,198.3,21.5,0.0120,,
1.4640,424,199.3,21.5,0.0125,,
1.4725,425,200.1,21.6,0.0140,,
1.4810,426,201.1,21.5,0.0140,,
1.4890,427,202.3,21.5,0.0115,,
1.4975,428,203.1,21.5,0.0120,,
1.5060,429,204.0,21.5,0.0120,,
1.5135,430,204.8,21.6,0.0125,,
1.5220,431,205.5,21.5,0.0120,,
1.5305,432,206.5,21.5,0.0140,,
1.5390,433,207.3,21.5,0.0120,,
1.5470,434,207.9,21.5,0.0115,,
1.5555,435,208.7,21.6,0.0120,,
1.5630,436,209.2,21.6,0.0125,,
1.5715,437,209.9,21.6,0.0140,,
1.5800,438,210.6,21.6,0.0140,,
1.5885,439,211.3,21.6,0.0120,,
1.5970,440,211.9,21.6,0.0120,,
1.6050,441,212.6,21.6,0.0115,,
1.6135,442,213.1,21.6,0.0140,,
1.6210,443,213.8,21.6,0.0125,,
1.6295,444,214.2,21.6,0.0140,,
1.6380,445,214.9,21.6,0.0120,,
1.6465,446,215.6,21.6,0.0120,,
1.6550,447,216.0,21.6,0.0120,,
1.6630,448,216.5,21.6,0.0115,,
1.6710,449,217.0,21.6,0.0135,,
1.6790,450,217.7,21.6,0.0135,,
1.6875,451,218.2,21.6,0.0120,,
1.6960,452,218.6,21.6,0.0120,,
1.7045,453,219.1,21.6,0.0120,,
1.7130,454,219.5,21.6,0.0140,,
1.7205,455,220.0,21.6,0.0125,,
1.7290,456,220.5,21.6,0.0140,,
1.7375,457,221.0,21.6,0.0120,,
1.7455,458,221.3,21.6,0.0115,,
1.7540,459,222.0,21.6,0.0120,,
1.7625,460,222.4,21.6,0.0140,,
1.7700,461,222.8,21.6,0.0125,,
1.7785,462,223.0,21.6,0.0140,,
1.7870,463,223.4,21.6,0.0140,,
1.7955,464,223.9,21.6,0.0120,,
1.8035,465,224.2,21.6,0.0115,,
1.8120,466,224.7,21.6,0.0140,,
1.8195,467,224.9,21.6,0.0125,,
1.8280,468,225.3,21.6,0.0140,,
1.8365,469,225.8,21.6,0.0120,,
1.8450,470,226.1,21.6,0.0120,,
1.8535,471,226.4,21.6,0.0120,,
1.8620,472,226.7,21.6,0.0140,,
1.8695,473,227.1,21.6,0.0125,,
1.8780,474,227.6,21.6,0.0140,,
1.8860,475,227.9,21.6,0.0135,,
1.8945,476,228.2,21.6,0.0120,,
1.9030,477,228.7,21.6,0.0120,,
1.9115,478,228.9,21.6,0.0120,,
1.9190,479,229.4,21.6,0.0125,,
1.9275,480,229.7,21.6,0.0140,,
1.9360,481,229.8,21.6,0.0140,,
1.9440,482,230.3,21.6,0.0115,,
1.9525,483,230.6,21.6,0.0120,,
1.9610,484,230.8,21.6,0.0120,,
1.9685,485,231.1,21.6,0.0125,,
1.9770,486,231.4,21.6,0.0140,,
1.9855,487,231.8,21.6,0.0140,,
1.9940,488,232.1,21.6,0.0120,,
2.0020,489,232.3,21.6,0.0115,,
2.0105,490,232.6,21.6,0.0120,,
2.0190,491,232.7,21.6,0.0140,,
2.0265,492,233.1,21.6,0.0125,,
2.0350,493,233.4,21.6,0.0140,,
2.0435,494,233.7,21.6,0.0120,,
2.0510,495,233.9,21.6,0.0105,,
2.0575,496,234.3,21.6,0.0095,,
2.0610,497,234.3,21.6,0.0060,,
2.0620,498,234.4,21.6,0.0015,,
2.0625,499,234.4,21.6,0.0010,,
2.0630,500,234.4,21.6,0.0005,,
2.0640,501,234.6,21.6,0.0015,,
2.0645,502,234.6,21.6,0.0005,,
2.0660,503,234.7,21.6,0.0025,,
2.0680,504,234.7,21.6,0.0035,,
2.0705,505,234.7,21.6,0.0040,,
2.0735,506,234.9,21.6,0.0045,,
2.0750,507,234.9,21.6,0.0020,,
2.0755,507,235.0,21.6,-0.0025,,
Scope 1/1, Sample 29/32 (21)
Result,TitrationEP1
V,t,E,T,dV/dt,E acc. stat.,Volume acc. stat.
0.0000,0,-60.4,21.4,NaN,,
0.0010,1,-60.5,21.4,0.0010,,
0.0025,2,-60.5,21.4,0.0015,,
0.0050,3,-60.5,21.4,0.0025,,
0.0095,4,-60.5,21.4,0.0035,,
0.0160,5,-60.2,21.4,0.0055,,
0.0235,6,-59.8,21.4,0.0070,,
0.0320,7,-59.0,21.4,0.0075,,
0.0405,8,-58.1,21.4,0.0075,,
0.0485,9,-56.9,21.4,0.0075,,
0.0570,10,-55.7,21.4,0.0070,,
0.0655,11,-54.3,21.4,0.0070,,
0.0740,12,-52.9,21.4,0.0075,,
0.0815,13,-51.2,21.4,0.0070,,
0.0900,14,-49.6,21.4,0.0075,,
0.0985,15,-47.7,21.4,0.0075,,
0.1070,16,-45.7,21.4,0.0070,,
0.1150,17,-43.5,21.4,0.0065,,
0.1235,18,-41.3,21.4,0.0070,,
0.1310,19,-39.3,21.4,0.0070,,
0.1395,20,-36.6,21.4,0.0075,,
0.1480,21,-33.9,21.4,0.0070,,
0.1565,22,-31.3,21.4,0.0070,,
0.1650,23,-28.6,21.4,0.0070,,
0.1730,24,-25.9,21.4,0.0075,,
0.1810,25,-23.0,21.4,0.0075,,
0.1890,26,-20.1,21.4,0.0075,,
0.1975,27,-17.7,21.4,0.0075,,
0.2060,28,-15.3,21.4,0.0070,,
0.2145,29,-13.0,21.4,0.0070,,
0.2230,30,-10.9,21.4,0.0070,,
0.2305,31,-9.2,21.4,0.0070,,
0.2390,32,-7.5,21.4,0.0075,,
0.2470,33,-5.8,21.4,0.0075,,
0.2555,34,-4.1,21.4,0.0070,,
0.2640,35,-2.7,21.4,0.0070,,
0.2725,36,-1.4,21.4,0.0070,,
0.2800,37,-0.2,21.4,0.0070,,
0.2885,38,0.8,21.4,0.0075,,
0.2970,39,2.2,21.4,0.0075,,
0.3055,40,3.6,21.4,0.0070,,
0.3135,41,4.6,21.4,0.0065,,
0.3220,42,5.7,21.4,0.0070,,
0.3295,43,6.9,21.4,0.0070,,
0.3380,44,8.1,21.4,0.0075,,
0.3465,45,9.1,21.4,0.0075,,
0.3550,46,10.2,21.4,0.0075,,
0.3630,47,11.2,21.4,0.0065,,
0.3715,48,12.2,21.4,0.0070,,
0.3800,49,13.1,21.4,0.0070,,
0.3875,50,14.1,21.4,0.0070,,
0.3960,51,14.9,21.4,0.0075,,
0.4045,52,15.7,21.4,0.0075,,
0.4130,53,16.8,21.4,0.0070,,
0.4210,54,17.8,21.4,0.0065,,
0.4295,55,18.6,21.4,0.0070,,
0.4370,56,19.4,21.4,0.0070,,
0.4455,57,20.3,21.4,0.0075,,
0.4540,58,21.4,21.4,0.0075,,
0.4625,59,22.2,21.4,0.0070,,
0.4710,60,23.0,21.4,0.0070,,
0.4790,61,24.0,21.4,0.0065,,
0.4875,62,24.9,21.4,0.0075,,
0.4950,63,25.8,21.4,0.0070,,
0.5035,64,26.8,21.4,0.0075,,
0.5120,65,27.7,21.4,0.0075,,
0.5205,66,28.5,21.4,0.0070,,
0.5290,67,29.4,21.4,0.0070,,
0.5370,68,30.3,21.4,0.0065,,
0.5450,69,31.2,21.4,0.0075,,
0.5530,70,31.9,21.4,0.0075,,
0.5615,71,32.7,21.4,0.0075,,
0.5700,72,33.8,21.4,0.0070,,
0.5785,73,34.6,21.4,0.0070,,
0.5870,74,35.4,21.4,0.0070,,
0.5945,75,36.2,21.4,0.0070,,
0.6030,76,37.2,21.4,0.0075,,
0.6115,77,38.2,21.4,0.0075,,
0.6195,78,39.0,21.4,0.0065,,
0.6280,79,39.9,21.4,0.0070,,
0.6365,80,40.9,21.4,0.0070,,
0.6440,81,41.7,21.4,0.0070,,
0.6525,82,42.6,21.4,0.0075,,
0.6610,83,43.4,21.4,0.0075,,
0.6695,84,44.4,21.4,0.0070,,
0.6775,85,45.4,21.4,0.0065,,
0.6860,86,46.1,21.4,0.0070,,
0.6935,87,47.0,21.4,0.0070,,
0.7020,88,47.8,21.4,0.0075,,
0.7105,89,48.8,21.4,0.0075,,
0.7190,90,49.7,21.4,0.0070,,
0.7275,91,50.6,21.4,0.0070,,
0.7360,92,51.5,21.4,0.0075,,
0.7435,93,52.2,21.4,0.0070,,
0.7520,94,53.2,21.4,0.0075,,
0.7600,95,54.3,21.4,0.0075,,
0.7685,96,55.2,21.4,0.0070,,
0.7770,97,55.9,21.4,0.0070,,
0.7855,98,56.8,21.4,0.0070,,
0.7930,99,57.6,21.4,0.0070,,
0.8015,100,58.6,21.4,0.0075,,
0.8100,101,59.6,21.4,0.0070,,
0.8180,102,60.5,21.4,0.0065,,
0.8265,103,61.6,21.4,0.0070,,
0.8350,104,62.6,21.4,0.0070,,
0.8425,105,63.4,21.4,0.0070,,
0.8510,106,64.3,21.4,0.0075,,
0.8595,107,65.2,21.4,0.0075,,
0.8680,108,66.3,21.4,0.0070,,
0.8765,109,67.2,21.4,0.0070,,
0.8845,110,68.2,21.4,0.0075,,
0.8925,111,69.1,21.4,0.0075,,
0.9005,112,70.0,21.4,0.0075,,
0.9090,113,71.1,21.4,0.0075,,
0.9175,114,72.1,21.4,0.0070,,
0.9260,115,73.1,21.4,0.0070,,
0.9345,116,74.0,21.4,0.0070,,
0.9420,117,74.8,21.4,0.0070,,
0.9505,118,76.0,21.4,0.0075,,
0.9585,119,76.9,21.4,0.0075,,
0.9670,120,77.9,21.4,0.0070,,
0.9755,121,79.1,21.4,0.0070,,
0.9840,122,80.3,21.4,0.0070,,
0.9915,123,81.2,21.4,0.0070,,
1.0000,124,82.4,21.4,0.0075,,
1.0085,125,83.6,21.4,0.0075,,
1.0170,126,84.9,21.4,0.0070,,
1.0250,127,86.0,21.4,0.0065,,
1.0335,128,87.0,21.4,0.0070,,
1.0410,129,88.1,21.4,0.0070,,
1.0495,130,89.3,21.4,0.0075,,
1.0580,131,90.6,21.4,0.0075,,
1.0665,132,91.9,21.4,0.0070,,
1.0750,133,93.2,21.5,0.0070,,
1.0830,134,94.6,21.5,0.0065,,
1.0910,135,95.7,21.5,0.0075,,
1.0990,136,97.3,21.5,0.0075,,
1.1075,137,98.9,21.5,0.0075,,
1.1160,138,100.4,21.5,0.0070,,
1.1245,139,102.0,21.5,0.0070,,
1.1330,140,103.9,21.5,0.0070,,
1.1405,141,105.6,21.5,0.0070,,
1.1490,142,107.2,21.5,0.0075,,
1.1570,143,109.1,21.5,0.0075,,
1.1655,144,111.2,21.5,0.0070,,
1.1740,145,113.4,21.5,0.0070,,
1.1825,146,115.2,21.5,0.0070,,
1.1900,147,117.3,21.5,0.0070,,
1.1985,148,119.7,21.5,0.0075,,
1.2070,149,122.4,21.5,0.0075,,
1.2155,150,125.3,21.5,0.0070,,
1.2235,151,128.0,21.5,0.0065,,
1.2320,152,131.2,21.5,0.0070,,
1.2395,153,134.3,21.5,0.0070,,
1.2480,154,137.6,21.5,0.0075,,
1.2565,155,141.4,21.5,0.0075,,
1.2650,156,144.9,21.5,0.0070,,
1.2735,157,148.5,21.5,0.0070,,
1.2820,158,152.6,21.5,0.0070,,
1.2895,159,156.1,21.5,0.0070,,
1.2975,160,159.6,21.5,0.0075,,
1.3060,161,163.0,21.5,0.0075,,
1.3145,162,166.2,21.5,0.0070,,
1.3230,163,169.5,21.5,0.0070,,
1.3315,164,172.2,21.5,0.0070,,
1.3390,165,174.4,21.5,0.0070,,
1.3475,166,176.9,21.5,0.0075,,
1.3560,167,179.1,21.5,0.0075,,
1.3640,168,181.2,21.5,0.0065,,
1.3725,169,182.9,21.5,0.0070,,
1.3810,170,184.7,21.5,0.0070,,
1.3845,171,185.1,21.5,0.0060,,
1.3845,411,188.6,21.5,0.0000,,
1.3850,412,188.6,21.5,0.0005,,
1.3865,413,188.5,21.5,0.0020,,
1.3890,414,188.8,21.5,0.0035,,
1.3930,415,189.3,21.5,0.0050,,
1.3995,416,190.0,21.5,0.0080,,
1.4080,417,191.0,21.5,0.0105,,
1.4155,418,192.1,21.5,0.0105,,
1.4240,419,193.5,21.5,0.0120,,
1.4320,420,194.8,21.5,0.0115,,
1.4405,421,195.8,21.5,0.0105,,
1.4490,422,197.0,21.5,0.0105,,
1.4575,423,198.3,21.5,0.0105,,
1.4650,424,199.2,21.5,0.0105,,
1.4735,425,200.3,21.5,0.0120,,
1.4820,426,201.2,21.5,0.0120,,
1.4905,427,202.2,21.5,0.0105,,
1.4985,428,203.0,21.5,0.0100,,
1.5070,429,203.7,21.5,0.0105,,
1.5145,430,204.8,21.5,0.0105,,
1.5230,431,205.5,21.5,0.0120,,
1.5315,432,206.3,21.5,0.0120,,
1.5400,433,207.3,21.5,0.0105,,
1.5485,434,207.9,21.5,0.0105,,
1.5565,435,208.6,21.5,0.0100,,
1.5645,436,209.3,21.5,0.0115,,
1.5725,437,210.1,21.5,0.0115,,
1.5810,438,210.7,21.5,0.0120,,
1.5895,439,211.4,21.5,0.0105,,
1.5980,440,212.0,21.5,0.0105,,
1.6065,441,212.7,21.5,0.0105,,
1.6140,442,213.1,21.5,0.0105,,
1.6225,443,214.0,21.5,0.0120,,
1.6305,444,214.4,21.5,0.0115,,
1.6390,445,214.9,21.5,0.0105,,
1.6475,446,215.6,21.5,0.0105,,
1.6560,447,216.2,21.5,0.0105,,
1.6645,448,216.7,21.5,0.0120,,
1.6720,449,217.1,21.5,0.0105,,
1.6805,450,217.6,21.5,0.0120,,
1.6885,451,218.1,21.5,0.0100,,
1.6970,452,218.7,21.5,0.0105,,
1.7055,453,219.1,21.5,0.0105,,
1.7140,454,219.6,21.5,0.0120,,
1.7215,455,220.0,21.5,0.0105,,
1.7300,456,220.6,21.5,0.0120,,
1.7385,457,221.0,21.5,0.0105,,
1.7470,458,221.4,21.5,0.0105,,
1.7550,459,221.8,21.5,0.0100,,
1.7635,460,222.4,21.5,0.0105,,
1.7710,461,222.6,21.5,0.0105,,
1.7795,462,223.1,21.5,0.0120,,
1.7880,463,223.5,21.5,0.0120,,
1.7965,464,223.9,21.5,0.0105,,
1.8050,465,224.3,21.5,0.0105,,
1.8130,466,224.7,21.5,0.0100,,
1.8210,467,225.0,21.5,0.0115,,
1.8290,468,225.2,21.5,0.0115,,
1.8375,469,225.6,21.5,0.0120,,
1.8460,470,226.2,21.5,0.0105,,
1.8545,471,226.4,21.5,0.0105,,
1.8630,472,226.8,21.5,0.0105,,
1.8705,473,227.1,21.5,0.0105,,
1.8790,474,227.6,21.5,0.0120,,
1.8875,475,227.9,21.5,0.0120,,
1.8955,476,228.1,21.5,0.0100,,
1.9040,477,228.6,21.5,0.0105,,
1.9125,478,229.0,21.5,0.0105,,
1.9200,479,229.2,21.5,0.0105,,
1.9285,480,229.6,21.5,0.0120,,
1.9370,481,229.9,21.5,0.0120,,
1.9455,482,230.2,21.5,0.0105,,
1.9540,483,230.5,21.5,0.0105,,
1.9620,484,230.8,21.5,0.0100,,
1.9695,485,231.1,21.5,0.0105,,
1.9780,486,231.2,21.5,0.0120,,
1.9865,487,231.6,21.5,0.0120,,
1.9950,488,232.0,21.5,0.0105,,
2.0035,489,232.0,21.5,0.0105,,
2.0120,490,232.5,21.5,0.0120,,
2.0195,491,232.7,21.5,0.0105,,
2.0280,492,233.0,21.5,0.0120,,
2.0360,493,233.3,21.5,0.0115,,
2.0445,494,233.5,21.5,0.0105,,
2.0525,495,233.8,21.5,0.0100,,
2.0600,496,234.0,21.5,0.0095,,
2.0610,497,234.2,21.5,0.0015,,
2.0615,498,234.3,21.5,0.0005,,
2.0620,499,234.2,21.5,0.0005,,
2.0630,500,234.3,21.5,0.0010,,
2.0645,501,234.4,21.5,0.0020,,
2.0660,502,234.4,21.5,0.0020,,
2.0670,503,234.5,21.5,0.0015,,
2.0675,504,234.5,21.5,0.0005,,
2.0680,505,234.5,21.5,0.0005,,
2.0690,506,234.5,21.5,0.0010,,
2.0705,507,234.5,21.5,0.0020,,
2.0720,508,234.7,21.5,0.0020,,
2.0735,509,234.5,21.5,0.0020,,
2.0755,510,234.7,21.5,0.0030,,
2.0770,511,234.8,21.5,0.0020,,
2.0775,511,235.0,21.5,0.0025,,
Scope 1/1, Sample 30/32 (22)
Result,TitrationEP1
V,t,E,T,dV/dt,E acc. stat.,Volume acc. stat.
0.0000,0,-60.6,21.4,NaN,,
0.0010,1,-60.7,21.4,0.0010,,
0.0025,2,-60.8,21.4,0.0015,,
0.0050,3,-60.8,21.4,0.0025,,
0.0090,4,-60.5,21.4,0.0035,,
0.0150,5,-60.4,21.4,0.0055,,
0.0235,6,-59.9,21.4,0.0075,,
0.0320,7,-59.2,21.4,0.0085,,
0.0395,8,-58.2,21.4,0.0075,,
0.0480,9,-57.0,21.4,0.0075,,
0.0565,10,-55.7,21.4,0.0075,,
0.0650,11,-54.3,21.4,0.0075,,
0.0730,12,-52.5,21.4,0.0075,,
0.0815,13,-51.2,21.4,0.0085,,
0.0890,14,-49.4,21.4,0.0075,,
0.0975,15,-47.6,21.4,0.0075,,
0.1060,16,-45.6,21.4,0.0075,,
0.1145,17,-43.3,21.4,0.0075,,
0.1230,18,-41.1,21.4,0.0075,,
0.1305,19,-38.8,21.4,0.0075,,
0.1390,20,-36.5,21.4,0.0085,,
0.1475,21,-33.9,21.4,0.0075,,
0.1555,22,-31.1,21.4,0.0075,,
0.1640,23,-28.2,21.4,0.0075,,
0.1725,24,-25.4,21.4,0.0075,,
0.1810,25,-22.7,21.4,0.0085,,
0.1885,26,-19.8,21.4,0.0075,,
0.1970,27,-17.0,21.4,0.0085,,
0.2055,28,-14.4,21.4,0.0075,,
0.2135,29,-12.2,21.4,0.0075,,
0.2220,30,-10.1,21.4,0.0075,,
0.2305,31,-8.4,21.4,0.0085,,
0.2380,32,-6.4,21.4,0.0075,,
0.2465,33,-4.7,21.4,0.0085,,
0.2550,34,-3.1,21.4,0.0075,,
0.2635,35,-1.6,21.4,0.0075,,
0.2720,36,-0.1,21.4,0.0075,,
0.2800,37,1.0,21.4,0.0080,,
0.2880,38,2.3,21.4,0.0080,,
0.2960,39,3.7,21.4,0.0080,,
0.3045,40,5.0,21.4,0.0075,,
0.3130,41,6.3,21.4,0.0075,,
0.3215,42,7.3,21.4,0.0075,,
0.3300,43,8.4,21.4,0.0075,,
0.3375,44,9.5,21.4,0.0075,,
0.3460,45,10.6,21.4,0.0085,,
0.3540,46,11.6,21.4,0.0075,,
0.3625,47,12.5,21.4,0.0075,,
0.3710,48,13.5,21.4,0.0075,,
0.3795,49,14.4,21.4,0.0085,,
0.3870,50,15.4,21.4,0.0075,,
0.3955,51,16.2,21.4,0.0075,,
0.4040,52,17.2,21.4,0.0075,,
0.4125,53,18.1,21.4,0.0075,,
0.4205,54,19.1,21.4,0.0075,,
0.4285,55,20.0,21.4,0.0080,,
0.4365,56,20.8,21.4,0.0080,,
0.4450,57,21.7,21.4,0.0075,,
0.4535,58,22.7,21.4,0.0075,,
0.4620,59,23.6,21.4,0.0075,,
0.4705,60,24.5,21.4,0.0075,,
0.4780,61,25.4,21.4,0.0075,,
0.4865,62,26.4,21.4,0.0085,,
0.4950,63,27.3,21.4,0.0075,,
0.5030,64,28.1,21.4,0.0075,,
0.5115,65,28.9,21.4,0.0075,,
0.5200,66,29.9,21.4,0.0075,,
0.5275,67,30.7,21.4,0.0075,,
0.5360,68,31.6,21.4,0.0085,,
0.5445,69,32.4,21.4,0.0075,,
0.5530,70,33.3,21.4,0.0075,,
0.5615,71,34.3,21.4,0.0075,,
0.5695,72,35.1,21.4,0.0075,,
0.5770,73,35.8,21.4,0.0075,,
0.5855,74,36.5,21.4,0.0085,,
0.5940,75,37.3,21.4,0.0075,,
0.6025,76,38.3,21.4,0.0075,,
0.6110,77,39.2,21.4,0.0075,,
0.6195,78,40.0,21.4,0.0075,,
0.6270,79,40.7,21.4,0.0075,,
0.6355,80,41.7,21.4,0.0085,,
0.6435,81,42.7,21.4,0.0075,,
0.6520,82,43.5,21.4,0.0075,,
0.6605,83,44.3,21.4,0.0075,,
0.6690,84,45.3,21.4,0.0075,,
0.6765,85,46.1,21.4,0.0075,,
0.6850,86,47.0,21.4,0.0085,,
0.6935,87,48.0,21.4,0.0075,,
0.7015,88,48.7,21.4,0.0075,,
0.7100,89,49.6,21.4,0.0075,,
0.7185,90,50.6,21.4,0.0075,,
0.7270,91,51.4,21.4,0.0085,,
0.7345,92,52.3,21.4,0.0075,,
0.7430,93,53.1,21.4,0.0085,,
0.7515,94,54.0,21.4,0.0075,,
0.7595,95,54.8,21.4,0.0075,,
0.7680,96,55.6,21.4,0.0075,,
0.7765,97,56.5,21.4,0.0085,,
0.7840,98,57.3,21.4,0.0075,,
0.7925,99,58.3,21.4,0.0085,,
0.8010,100,59.3,21.4,0.0075,,
0.8095,101,60.1,21.4,0.0075,,
0.8180,102,61.0,21.4,0.0075,,
0.8260,103,61.9,21.4,0.0080,,
0.8340,104,62.9,21.4,0.0080,,
0.8420,105,63.8,21.4,0.0080,,
0.8505,106,64.6,21.4,0.0075,,
0.8590,107,65.5,21.4,0.0075,,
0.8675,108,66.6,21.4,0.0075,,
0.8760,109,67.4,21.4,0.0075,,
0.8835,110,68.5,21.4,0.0075,,
0.8920,111,69.3,21.4,0.0085,,
0.9000,112,70.4,21.4,0.0075,,
0.9085,113,71.4,21.4,0.0075,,
0.9170,114,72.3,21.4,0.0075,,
0.9255,115,73.2,21.4,0.0085,,
0.9330,116,74.1,21.4,0.0075,,
0.9415,117,75.3,21.4,0.0085,,
0.9500,118,76.4,21.4,0.0075,,
0.9580,119,77.4,21.4,0.0075,,
0.9665,120,78.3,21.4,0.0075,,
0.9750,121,79.3,21.4,0.0070,,
0.9825,122,80.2,21.4,0.0075,,
0.9910,123,81.3,21.4,0.0085,,
0.9995,124,82.3,21.4,0.0075,,
1.0080,125,83.4,21.4,0.0075,,
1.0165,126,84.6,21.4,0.0075,,
1.0245,127,85.7,21.4,0.0075,,
1.0325,128,86.9,21.4,0.0080,,
1.0405,129,88.0,21.4,0.0080,,
1.0490,130,89.3,21.4,0.0075,,
1.0575,131,90.5,21.4,0.0075,,
1.0660,132,91.7,21.4,0.0075,,
1.0745,133,92.9,21.4,0.0075,,
1.0820,134,94.1,21.4,0.0075,,
1.0905,135,95.4,21.4,0.0085,,
1.0985,136,96.9,21.4,0.0075,,
1.1070,137,98.3,21.4,0.0075,,
1.1155,138,99.6,21.4,0.0075,,
1.1240,139,101.1,21.4,0.0075,,
1.1315,140,102.4,21.4,0.0075,,
1.1400,141,104.2,21.4,0.0085,,
1.1485,142,105.8,21.4,0.0075,,
1.1565,143,107.7,21.4,0.0075,,
1.1650,144,109.6,21.4,0.0075,,
1.1735,145,111.5,21.4,0.0075,,
1.1820,146,113.4,21.4,0.0085,,
1.1895,147,115.2,21.4,0.0075,,
1.1980,148,117.4,21.4,0.0085,,
1.2065,149,119.8,21.4,0.0075,,
1.2145,150,122.2,21.4,0.0075,,
1.2230,151,125.0,21.4,0.0075,,
1.2315,152,127.6,21.4,0.0085,,
1.2390,153,130.3,21.4,0.0075,,
1.2475,154,133.4,21.4,0.0075,,
1.2560,155,136.8,21.4,0.0075,,
1.2645,156,140.0,21.4,0.0075,,
1.2730,157,143.5,21.4,0.0075,,
1.2810,158,146.8,21.4,0.0080,,
1.2890,159,150.9,21.4,0.0080,,
1.2970,160,154.6,21.4,0.0080,,
1.3055,161,158.0,21.4,0.0075,,
1.3140,162,161.4,21.4,0.0075,,
1.3225,163,164.9,21.4,0.0075,,
1.3310,164,167.9,21.4,0.0075,,
1.3385,165,170.5,21.4,0.0075,,
1.3470,166,172.9,21.4,0.0075,,
1.3555,167,175.6,21.4,0.0075,,
1.3635,168,177.9,21.5,0.0075,,
1.3720,169,180.1,21.4,0.0075,,
1.3805,170,181.9,21.4,0.0085,,
1.3880,171,183.7,21.4,0.0075,,
1.3960,172,185.0,21.4,0.0065,,
1.3960,412,188.1,21.5,0.0000,,
1.3965,413,188.0,21.5,0.0005,,
1.3980,414,188.2,21.5,0.0010,,
1.4005,415,188.4,21.5,0.0020,,
1.4045,416,188.7,21.5,0.0030,,
1.4105,417,189.4,21.5,0.0045,,
1.4185,418,190.7,21.5,0.0060,,
1.4265,419,191.8,21.5,0.0065,,
1.4345,420,193.1,21.5,0.0065,,
1.4430,421,194.4,21.5,0.0070,,
1.4515,422,195.6,21.5,0.0065,,
1.4600,423,196.9,21.5,0.0065,,
1.4685,424,197.9,21.5,0.0065,,
1.4760,425,198.9,21.5,0.0060,,
1.4845,426,199.7,21.5,0.0070,,
1.4930,427,201.0,21.5,0.0070,,
1.5010,428,202.0,21.5,0.0060,,
1.5095,429,202.8,21.5,0.0065,,
1.5180,430,203.7,21.5,0.0065,,
1.5255,431,204.3,21.5,0.0060,,
1.5340,432,205.2,21.5,0.0070,,
1.5425,433,206.1,21.5,0.0070,,
1.5510,434,206.7,21.5,0.0065,,
1.5590,435,207.5,21.5,0.0060,,
1.5675,436,208.3,21.5,0.0065,,
1.5750,437,209.0,21.5,0.0060,,
1.5835,438,209.7,21.5,0.0070,,
1.5920,439,210.3,21.5,0.0070,,
1.6005,440,211.0,21.5,0.0065,,
1.6090,441,211.7,21.5,0.0065,,
1.6175,442,212.4,21.5,0.0065,,
1.6255,443,213.1,21.5,0.0065,,
1.6330,444,213.6,21.5,0.0060,,
1.6415,445,214.2,21.5,0.0070,,
1.6500,446,214.9,21.5,0.0065,,
1.6585,447,215.4,21.5,0.0065,,
1.6670,448,215.9,21.5,0.0065,,
1.6755,449,216.5,21.5,0.0065,,
1.6830,450,216.8,21.5,0.0060,,
1.6910,451,217.4,21.5,0.0065,,
1.6995,452,217.8,21.5,0.0070,,
1.7080,453,218.2,21.5,0.0065,,
1.7165,454,218.8,21.5,0.0065,,
1.7250,455,219.4,21.5,0.0065,,
1.7325,456,219.7,21.5,0.0060,,
1.7410,457,220.2,21.5,0.0070,,
1.7490,458,220.6,21.5,0.0065,,
1.7575,459,221.1,21.5,0.0065,,
1.7660,460,221.6,21.5,0.0065,,
1.7745,461,222.0,21.5,0.0065,,
1.7820,462,222.4,21.5,0.0060,,
1.7905,463,222.9,21.5,0.0070,,
1.7990,464,223.4,21.5,0.0070,,
1.8075,465,223.9,21.5,0.0065,,
1.8155,466,224.2,21.5,0.0060,,
1.8240,467,224.5,21.5,0.0065,,
1.8325,468,224.9,21.5,0.0070,,
1.8400,469,225.3,21.5,0.0060,,
1.8485,470,225.8,21.5,0.0070,,
1.8570,471,226.0,21.5,0.0065,,
1.8655,472,226.4,21.5,0.0065,,
1.8740,473,226.8,21.5,0.0065,,
1.8815,474,227.2,21.5,0.0065,,
1.8895,475,227.5,21.5,0.0065,,
1.8980,476,227.8,21.5,0.0070,,
1.9065,477,228.1,21.5,0.0065,,
1.9150,478,228.5,21.5,0.0065,,
1.9235,479,228.8,21.5,0.0065,,
1.9310,480,229.1,21.5,0.0060,,
1.9395,481,229.3,21.5,0.0070,,
1.9480,482,229.7,21.5,0.0070,,
1.9560,483,230.1,21.5,0.0060,,
1.9645,484,230.3,21.5,0.0065,,
1.9730,485,230.6,21.5,0.0065,,
1.9805,486,230.9,21.5,0.0060,,
1.9890,487,231.3,21.5,0.0070,,
1.9975,488,231.6,21.5,0.0070,,
2.0060,489,231.8,21.5,0.0065,,
2.0145,490,232.1,21.5,0.0065,,
2.0225,491,232.5,21.5,0.0060,,
2.0300,492,232.8,21.5,0.0060,,
2.0385,493,233.1,21.5,0.0070,,
2.0470,494,233.2,21.5,0.0070,,
2.0555,495,233.5,21.5,0.0065,,
2.0640,496,233.9,21.5,0.0065,,
2.0715,497,234.0,21.5,0.0060,,
2.0775,498,234.3,21.5,0.0050,,
2.0795,499,234.4,21.5,0.0015,,
2.0800,500,234.5,21.5,0.0005,,
2.0810,501,234.6,21.5,0.0010,,
2.0825,502,234.6,21.5,0.0010,,
2.0835,503,234.5,21.5,0.0010,,
2.0845,504,234.5,21.5,0.0010,,
2.0860,505,234.7,21.5,0.0010,,
2.0875,506,234.8,21.5,0.0010,,
2.0900,507,234.8,21.5,0.0020,,
2.0930,508,234.8,21.5,0.0025,,
2.0965,510,235.0,21.5,0.0020,,
Scope 1/1, Sample 31/32 (23)
Result,TitrationEP1
V,t,E,T,dV/dt,E acc. stat.,Volume acc. stat.
0.0000,0,-60.8,21.4,NaN,,
0.0010,1,-61.0,21.4,0.0010,,
0.0025,2,-60.8,21.4,0.0015,,
0.0050,3,-60.7,21.4,0.0025,,
0.0090,4,-60.6,21.4,0.0035,,
0.0150,5,-60.4,21.4,0.0055,,
0.0235,6,-59.9,21.4,0.0075,,
0.0320,7,-58.9,21.4,0.0075,,
0.0405,8,-57.9,21.4,0.0075,,
0.0490,9,-56.8,21.4,0.0075,,
0.0565,10,-55.6,21.4,0.0070,,
0.0645,11,-54.2,21.4,0.0075,,
0.0730,12,-52.4,21.4,0.0075,,
0.0815,13,-50.8,21.4,0.0075,,
0.0900,14,-49.1,21.4,0.0075,,
0.0985,15,-47.0,21.4,0.0070,,
0.1060,16,-45.2,21.4,0.0070,,
0.1145,17,-43.0,21.4,0.0075,,
0.1230,18,-40.8,21.4,0.0075,,
0.1310,19,-38.5,21.4,0.0075,,
0.1395,20,-35.7,21.4,0.0075,,
0.1480,21,-33.0,21.4,0.0075,,
0.1555,22,-30.5,21.4,0.0070,,
0.1640,23,-27.7,21.4,0.0075,,
0.1725,24,-24.6,21.4,0.0075,,
0.1810,25,-21.5,21.4,0.0075,,
0.1890,26,-18.6,21.4,0.0075,,
0.1975,27,-16.0,21.4,0.0075,,
0.2050,28,-13.7,21.4,0.0070,,
0.2135,29,-11.5,21.4,0.0075,,
0.2220,30,-9.2,21.4,0.0075,,
0.2305,31,-7.2,21.4,0.0075,,
0.2390,32,-5.4,21.4,0.0075,,
0.2475,33,-3.6,21.4,0.0075,,
0.2550,34,-2.2,21.4,0.0070,,
0.2635,35,-0.7,21.4,0.0075,,
0.2715,36,0.5,21.4,0.0075,,
0.2800,37,1.8,21.4,0.0075,,
0.2885,38,3.3,21.4,0.0075,,
0.2970,39,4.7,21.4,0.0075,,
0.3055,40,5.8,21.4,0.0075,,
0.3130,41,6.9,21.4,0.0070,,
0.3215,42,8.2,21.4,0.0075,,
0.3295,43,9.4,21.4,0.0075,,
0.3380,44,10.6,21.4,0.0075,,
0.3465,45,11.5,21.4,0.0075,,
0.3550,46,12.4,21.4,0.0075,,
0.3625,47,13.4,21.4,0.0070,,
0.3710,48,14.4,21.4,0.0075,,
0.3795,49,15.5,21.4,0.0075,,
0.3875,50,16.3,21.4,0.0075,,
0.3960,51,17.3,21.4,0.0075,,
0.4035,52,18.2,21.4,0.0070,,
0.4120,53,19.2,21.4,0.0075,,
0.4205,54,20.1,21.4,0.0075,,
0.4290,55,21.0,21.4,0.0075,,
0.4375,56,22.0,21.4,0.0075,,
0.4460,57,22.9,21.4,0.0075,,
0.4535,58,23.8,21.4,0.0070,,
0.4620,59,24.6,21.4,0.0075,,
0.4700,60,25.4,21.4,0.0075,,
0.4785,61,26.3,21.4,0.0075,,
0.4870,62,27.3,21.4,0.0075,,
0.4955,63,28.1,21.4,0.0075,,
0.5030,64,29.1,21.4,0.0070,,
0.5115,65,29.9,21.4,0.0075,,
0.5200,66,30.9,21.4,0.0075,,
0.5285,67,31.8,21.4,0.0075,,
0.5365,68,32.6,21.4,0.0075,,
0.5450,69,33.5,21.4,0.0075,,
0.5525,70,34.3,21.4,0.0070,,
0.5610,71,35.3,21.4,0.0075,,
0.5695,72,36.0,21.4,0.0075,,
0.5780,73,36.8,21.4,0.0075,,
0.5865,74,37.7,21.4,0.0075,,
0.5945,75,38.7,21.4,0.0075,,
0.6030,76,39.4,21.4,0.0075,,
0.6105,77,40.2,21.4,0.0070,,
0.6190,78,40.9,21.4,0.0075,,
0.6275,79,41.9,21.4,0.0075,,
0.6360,80,43.0,21.4,0.0075,,
0.6445,81,43.8,21.4,0.0075,,
0.6525,82,44.7,21.4,0.0075,,
0.6605,83,45.5,21.4,0.0075,,
0.6685,84,46.4,21.4,0.0075,,
0.6770,85,47.3,21.4,0.0075,,
0.6855,86,48.2,21.4,0.0075,,
0.6940,87,48.9,21.4,0.0075,,
0.7025,88,49.8,21.4,0.0075,,
0.7105,89,50.4,21.5,0.0075,,
0.7180,90,51.5,21.5,0.0070,,
0.7265,91,52.3,21.5,0.0075,,
0.7350,92,53.0,21.4,0.0075,,
0.7435,93,54.0,21.5,0.0075,,
0.7520,94,55.0,21.5,0.0075,,
0.7605,95,55.9,21.5,0.0075,,
0.7680,96,56.8,21.5,0.0070,,
0.7765,97,57.6,21.5,0.0075,,
0.7845,98,58.5,21.5,0.0075,,
0.7930,99,59.6,21.5,0.0075,,
0.8015,100,60.5,21.5,0.0075,,
0.8100,101,61.2,21.5,0.0075,,
0.8175,102,62.1,21.5,0.0070,,
0.8260,103,63.1,21.5,0.0075,,
0.8345,104,64.1,21.5,0.0075,,
0.8425,105,64.8,21.5,0.0075,,
0.8510,106,65.8,21.5,0.0075,,
0.8595,107,66.8,21.4,0.0070,,
0.8670,108,67.8,21.4,0.0070,,
0.8755,109,68.7,21.5,0.0075,,
0.8840,110,69.6,21.4,0.0075,,
0.8925,111,70.5,21.5,0.0075,,
0.9010,112,71.6,21.5,0.0075,,
0.9090,113,72.5,21.5,0.0065,,
0.9170,114,73.5,21.5,0.0075,,
0.9250,115,74.4,21.5,0.0075,,
0.9335,116,75.4,21.5,0.0075,,
0.9420,117,76.5,21.5,0.0075,,
0.9505,118,77.6,21.4,0.0075,,
0.9590,119,78.5,21.5,0.0075,,
0.9665,120,79.5,21.5,0.0070,,
0.9745,121,80.6,21.5,0.0075,,
0.9830,122,81.9,21.5,0.0075,,
0.9915,123,82.9,21.5,0.0075,,
1.0000,124,83.9,21.5,0.0075,,
1.0085,125,85.0,21.5,0.0075,,
1.0160,126,85.9,21.5,0.0070,,
1.0245,127,87.2,21.5,0.0075,,
1.0330,128,88.3,21.5,0.0075,,
1.0410,129,89.4,21.5,0.0075,,
1.0495,130,90.7,21.5,0.0075,,
1.0580,131,91.9,21.5,0.0075,,
1.0655,132,93.2,21.5,0.0070,,
1.0740,133,94.4,21.5,0.0075,,
1.0825,134,95.5,21.5,0.0075,,
1.0910,135,97.1,21.5,0.0075,,
1.0995,136,98.6,21.5,0.0075,,
1.1075,137,100.0,21.5,0.0075,,
1.1155,138,101.4,21.5,0.0075,,
1.1235,139,103.0,21.5,0.0075,,
1.1320,140,104.8,21.5,0.0075,,
1.1405,141,106.5,21.5,0.0075,,
1.1490,142,108.2,21.5,0.0075,,
1.1575,143,110.0,21.5,0.0075,,
1.1650,144,111.7,21.5,0.0070,,
1.1735,145,113.8,21.5,0.0075,,
1.1815,146,116.0,21.5,0.0075,,
1.1900,147,118.1,21.5,0.0075,,
1.1985,148,120.6,21.5,0.0075,,
1.2070,149,123.1,21.5,0.0075,,
1.2155,150,125.3,21.5,0.0075,,
1.2230,151,128.2,21.5,0.0070,,
1.2315,152,130.9,21.5,0.0075,,
1.2395,153,134.2,21.5,0.0075,,
1.2480,154,137.5,21.5,0.0075,,
1.2565,155,141.0,21.5,0.0075,,
1.2650,156,144.3,21.5,0.0075,,
1.2725,157,147.6,21.5,0.0070,,
1.2810,158,151.3,21.5,0.0075,,
1.2895,159,155.3,21.5,0.0075,,
1.2980,160,158.7,21.5,0.0075,,
1.3060,161,162.1,21.5,0.0075,,
1.3145,162,164.8,21.5,0.0075,,
1.3220,163,167.9,21.5,0.0070,,
1.3305,164,171.0,21.5,0.0075,,
1.3390,165,173.8,21.5,0.0075,,
1.3475,166,176.2,21.5,0.0075,,
1.3560,167,178.5,21.5,0.0075,,
1.3640,168,180.4,21.5,0.0075,,
1.3720,169,182.5,21.5,0.0075,,
1.3800,170,184.3,21.5,0.0075,,
1.3855,171,185.1,21.5,0.0080,,
1.3855,411,188.0,21.5,0.0000,,
1.3860,412,187.8,21.5,0.0005,,
1.3875,413,187.9,21.5,0.0020,,
1.3900,414,188.2,21.5,0.0035,,
1.3940,415,188.7,21.5,0.0050,,
1.4000,416,189.4,21.5,0.0075,,
1.4085,417,190.6,21.5,0.0105,,
1.4170,418,191.6,21.5,0.0120,,
1.4245,419,193.1,21.5,0.0105,,
1.4330,420,194.4,21.5,0.0120,,
1.4415,421,195.4,21.5,0.0105,,
1.4500,422,196.8,21.5,0.0105,,
1.4585,423,197.8,21.5,0.0105,,
1.4665,424,198.9,21.5,0.0115,,
1.4740,425,200.0,21.5,0.0105,,
1.4825,426,200.7,21.5,0.0120,,
1.4910,427,201.9,21.5,0.0105,,
1.4995,428,203.0,21.5,0.0105,,
1.5080,429,203.8,21.5,0.0105,,
1.5155,430,204.6,21.5,0.0105,,
1.5240,431,205.2,21.5,0.0120,,
1.5325,432,206.1,21.5,0.0120,,
1.5405,433,207.0,21.5,0.0100,,
1.5490,434,207.6,21.5,0.0105,,
1.5575,435,208.4,21.5,0.0105,,
1.5650,436,209.0,21.5,0.0105,,
1.5735,437,209.8,21.5,0.0120,,
1.5820,438,210.6,21.5,0.0120,,
1.5905,439,211.2,21.5,0.0105,,
1.5990,440,211.7,21.5,0.0105,,
1.6070,441,212.6,21.5,0.0100,,
1.6150,442,213.0,21.5,0.0115,,
1.6230,443,213.6,21.5,0.0115,,
1.6315,444,214.2,21.5,0.0120,,
1.6400,445,214.9,21.5,0.0105,,
1.6485,446,215.6,21.5,0.0105,,
1.6570,447,216.0,21.5,0.0105,,
1.6645,448,216.6,21.5,0.0105,,
1.6730,449,216.9,21.5,0.0120,,
1.6810,450,217.6,21.5,0.0115,,
1.6895,451,218.2,21.5,0.0105,,
1.6980,452,218.5,21.5,0.0105,,
1.7065,453,219.0,21.5,0.0105,,
1.7140,454,219.4,21.5,0.0105,,
1.7225,455,220.1,21.5,0.0120,,
1.7310,456,220.4,21.5,0.0120,,
1.7395,457,220.7,21.5,0.0105,,
1.7475,458,221.2,21.5,0.0100,,
1.7560,459,221.7,21.5,0.0105,,
1.7635,460,222.1,21.5,0.0105,,
1.7720,461,222.5,21.5,0.0120,,
1.7805,462,222.8,21.5,0.0120,,
1.7890,463,223.3,21.5,0.0105,,
1.7975,464,223.8,21.5,0.0105,,
1.8055,465,224.2,21.5,0.0100,,
1.8140,466,224.6,21.5,0.0120,,
1.8215,467,224.9,21.5,0.0105,,
1.8300,468,225.3,21.5,0.0120,,
1.8385,469,225.8,21.5,0.0105,,
1.8470,470,226.2,21.5,0.0105,,
1.8555,471,226.5,21.5,0.0105,,
1.8640,472,226.7,21.5,0.0120,,
1.8715,473,227.1,21.5,0.0105,,
1.8795,474,227.6,21.5,0.0115,,
1.8880,475,227.9,21.5,0.0120,,
1.8965,476,228.1,21.5,0.0105,,
1.9050,477,228.6,21.5,0.0105,,
1.9135,478,229.0,21.5,0.0105,,
1.9210,479,229.2,21.5,0.0105,,
1.9295,480,229.5,21.5,0.0120,,
1.9375,481,229.7,21.5,0.0115,,
1.9460,482,230.0,21.5,0.0105,,
1.9545,483,230.4,21.5,0.0105,,
1.9630,484,230.6,21.5,0.0105,,
1.9715,485,231.1,21.5,0.0120,,
1.9790,486,231.3,21.5,0.0105,,
1.9875,487,231.7,21.5,0.0120,,
1.9955,488,232.0,21.5,0.0100,,
2.0040,489,232.3,21.5,0.0105,,
2.0125,490,232.5,21.5,0.0105,,
2.0210,491,232.7,21.5,0.0120,,
2.0285,492,233.1,21.5,0.0105,,
2.0370,493,233.4,21.5,0.0120,,
2.0455,494,233.6,21.5,0.0105,,
2.0535,495,233.9,21.5,0.0100,,
2.0565,496,234.2,21.5,0.0035,,
2.0570,497,234.2,21.5,0.0005,,
2.0580,498,234.3,21.5,0.0015,,
2.0595,499,234.1,21.5,0.0020,,
2.0625,500,234.2,21.5,0.0035,,
2.0660,501,234.4,21.5,0.0045,,
2.0700,502,234.5,21.5,0.0050,,
2.0710,503,234.5,21.5,0.0010,,
2.0715,504,234.6,21.5,0.0005,,
2.0730,505,234.5,21.5,0.0020,,
2.0755,506,234.7,21.5,0.0035,,
2.0780,507,234.6,21.5,0.0030,,
2.0815,508,234.7,21.5,0.0045,,
2.0850,509,235.1,21.5,0.0050,,
Scope 1/1, Sample 32/32 (24)
Result,TitrationEP1
V,t,E,T,dV/dt,E acc. stat.,Volume acc. stat.
0.0000,0,-61.1,21.5,NaN,,
0.0010,1,-61.2,21.5,0.0010,,
0.0025,2,-61.3,21.5,0.0015,,
0.0050,3,-61.2,21.5,0.0020,,
0.0085,4,-61.0,21.5,0.0030,,
0.0150,5,-60.8,21.5,0.0060,,
0.0230,6,-60.4,21.5,0.0075,,
0.0315,7,-59.7,21.5,0.0075,,
0.0400,8,-58.7,21.5,0.0075,,
0.0485,9,-57.5,21.5,0.0070,,
0.0560,10,-56.3,21.5,0.0070,,
0.0645,11,-54.9,21.5,0.0075,,
0.0725,12,-53.3,21.5,0.0075,,
0.0810,13,-51.8,21.5,0.0075,,
0.0895,14,-50.1,21.5,0.0075,,
0.0980,15,-48.3,21.5,0.0070,,
0.1055,16,-46.4,21.5,0.0070,,
0.1140,17,-44.3,21.5,0.0075,,
0.1225,18,-42.0,21.5,0.0075,,
0.1310,19,-39.8,21.5,0.0075,,
0.1390,20,-37.4,21.5,0.0075,,
0.1475,21,-34.7,21.5,0.0075,,
0.1550,22,-32.2,21.5,0.0070,,
0.1635,23,-29.4,21.5,0.0075,,
0.1720,24,-26.6,21.5,0.0075,,
0.1805,25,-23.7,21.5,0.0075,,
0.1890,26,-20.7,21.5,0.0075,,
0.1970,27,-18.0,21.5,0.0075,,
0.2050,28,-15.6,21.5,0.0075,,
0.2130,29,-13.4,21.5,0.0075,,
0.2215,30,-11.3,21.5,0.0075,,
0.2300,31,-9.2,21.5,0.0075,,
0.2385,32,-7.3,21.5,0.0075,,
0.2470,33,-5.6,21.5,0.0075,,
0.2545,34,-4.0,21.5,0.0070,,
0.2630,35,-2.5,21.5,0.0075,,
0.2710,36,-1.1,21.5,0.0075,,
0.2795,37,0.2,21.5,0.0075,,
0.2880,38,1.5,21.5,0.0075,,
0.2965,39,2.8,21.5,0.0075,,
0.3050,40,3.9,21.5,0.0075,,
0.3125,41,5.3,21.5,0.0070,,
0.3210,42,6.6,21.5,0.0075,,
0.3295,43,7.6,21.5,0.0075,,
0.3375,44,8.8,21.5,0.0075,,
0.3460,45,9.8,21.5,0.0075,,
0.3535,46,10.8,21.5,0.0070,,
0.3620,47,11.9,21.5,0.0075,,
0.3705,48,12.8,21.5,0.0075,,
0.3790,49,13.8,21.5,0.0075,,
0.3875,50,14.7,21.5,0.0075,,
0.3960,51,15.7,21.5,0.0075,,
0.4035,52,16.5,21.5,0.0070,,
0.4115,53,17.5,21.5,0.0075,,
0.4200,54,18.5,21.5,0.0075,,
0.4285,55,19.4,21.5,0.0075,,
0.4370,56,20.3,21.5,0.0075,,
0.4455,57,21.3,21.5,0.0075,,
0.4530,58,22.1,21.5,0.0070,,
0.4615,59,23.0,21.5,0.0075,,
0.4700,60,23.9,21.5,0.0075,,
0.4780,61,24.7,21.5,0.0075,,
0.4865,62,25.6,21.5,0.0075,,
0.4950,63,26.5,21.5,0.0075,,
0.5025,64,27.3,21.5,0.0070,,
0.5110,65,28.1,21.5,0.0075,,
0.5195,66,29.1,21.5,0.0075,,
0.5280,67,30.1,21.5,0.0075,,
0.5365,68,31.0,21.5,0.0075,,
0.5445,69,31.8,21.5,0.0075,,
0.5520,70,32.5,21.5,0.0070,,
0.5605,71,33.3,21.5,0.0075,,
0.5690,72,34.2,21.5,0.0075,,
0.5775,73,35.2,21.5,0.0075,,
0.5860,74,36.0,21.5,0.0075,,
0.5940,75,36.9,21.5,0.0075,,
0.6025,76,37.8,21.5,0.0075,,
0.6100,77,38.7,21.5,0.0070,,
0.6185,78,39.5,21.5,0.0075,,
0.6270,79,40.3,21.5,0.0075,,
0.6355,80,41.1,21.5,0.0075,,
0.6440,81,42.1,21.5,0.0075,,
0.6525,82,43.0,21.5,0.0075,,
0.6600,83,43.8,21.5,0.0070,,
0.6685,84,44.6,21.5,0.0075,,
0.6765,85,45.5,21.5,0.0075,,
0.6850,86,46.5,21.5,0.0075,,
0.6935,87,47.3,21.5,0.0075,,
0.7020,88,48.2,21.5,0.0075,,
0.7095,89,49.1,21.5,0.0070,,
0.7180,90,50.0,21.5,0.0075,,
0.7260,91,51.0,21.5,0.0075,,
0.7345,92,51.8,21.5,0.0075,,
0.7430,93,52.7,21.5,0.0075,,
0.7515,94,53.6,21.5,0.0075,,
0.7590,95,54.4,21.5,0.0070,,
0.7675,96,55.3,21.5,0.0075,,
0.7760,97,56.1,21.5,0.0075,,
0.7845,98,57.1,21.5,0.0075,,
0.7925,99,58.1,21.5,0.0075,,
0.8010,100,58.9,21.5,0.0075,,
0.8085,101,59.8,21.5,0.0070,,
0.8170,102,60.5,21.5,0.0075,,
0.8255,103,61.5,21.5,0.0075,,
0.8340,104,62.6,21.5,0.0075,,
0.8425,105,63.5,21.5,0.0075,,
0.8510,106,64.3,21.5,0.0075,,
0.8585,107,65.2,21.5,0.0070,,
0.8665,108,66.2,21.5,0.0075,,
0.8750,109,67.3,21.5,0.0075,,
0.8835,110,68.2,21.5,0.0075,,
0.8920,111,69.0,21.5,0.0075,,
0.9005,112,70.1,21.5,0.0075,,
0.9080,113,70.8,21.5,0.0070,,
0.9165,114,71.7,21.5,0.0075,,
0.9250,115,72.7,21.5,0.0075,,
0.9330,116,73.6,21.5,0.0075,,
0.9415,117,74.7,21.5,0.0075,,
0.9500,118,75.6,21.5,0.0075,,
0.9575,119,76.5,21.5,0.0070,,
0.9660,120,77.6,21.5,0.0075,,
0.9745,121,78.7,21.5,0.0075,,
0.9830,122,79.7,21.5,0.0075,,
0.9910,123,80.8,21.5,0.0075,,
0.9995,124,81.8,21.5,0.0075,,
1.0070,125,82.8,21.5,0.0070,,
1.0155,126,83.9,21.5,0.0075,,
1.0240,127,85.2,21.5,0.0075,,
1.0325,128,86.3,21.5,0.0075,,
1.0410,129,87.5,21.5,0.0075,,
1.0495,130,88.8,21.5,0.0075,,
1.0570,131,90.1,21.5,0.0070,,
1.0655,132,91.3,21.5,0.0075,,
1.0735,133,92.5,21.5,0.0075,,
1.0820,134,93.8,21.5,0.0075,,
1.0905,135,95.2,21.5,0.0070,,
1.0990,136,96.6,21.5,0.0075,,
1.1065,137,97.9,21.5,0.0070,,
1.1150,138,99.4,21.5,0.0075,,
1.1235,139,100.9,21.5,0.0075,,
1.1315,140,102.5,21.5,0.0075,,
1.1400,141,104.2,21.5,0.0075,,
1.1485,142,105.8,21.5,0.0075,,
1.1570,143,107.6,21.5,0.0070,,
1.1645,144,109.2,21.5,0.0070,,
1.1730,145,111.3,21.5,0.0075,,
1.1815,146,113.3,21.5,0.0075,,
1.1895,147,115.3,21.5,0.0075,,
1.1980,148,117.7,21.5,0.0075,,
1.2065,149,119.6,21.5,0.0075,,
1.2140,150,122.0,21.5,0.0070,,
1.2225,151,124.7,21.5,0.0075,,
1.2310,152,127.4,21.5,0.0075,,
1.2395,153,130.4,21.5,0.0075,,
1.2480,154,133.7,21.5,0.0075,,
1.2560,155,136.7,21.5,0.0075,,
1.2640,156,140.2,21.5,0.0075,,
1.2720,157,143.8,21.5,0.0075,,
1.2805,158,147.5,21.5,0.0075,,
1.2890,159,151.1,21.5,0.0075,,
1.2975,160,154.9,21.5,0.0075,,
1.3060,161,158.3,21.5,0.0075,,
1.3135,162,161.3,21.5,0.0070,,
1.3220,163,164.7,21.5,0.0075,,
1.3300,164,167.9,21.5,0.0075,,
1.3385,165,170.6,21.5,0.0075,,
1.3470,166,173.2,21.5,0.0075,,
1.3555,167,175.8,21.5,0.0070,,
1.3630,168,177.9,21.5,0.0070,,
1.3715,169,180.1,21.5,0.0075,,
1.3800,170,182.1,21.5,0.0075,,
1.3880,171,183.9,21.5,0.0075,,
1.3960,172,185.1,21.5,0.0080,,
1.3960,412,189.0,21.5,0.0000,,
1.3965,413,188.5,21.5,0.0005,,
1.3980,414,188.4,21.5,0.0015,,
1.4005,415,188.6,21.5,0.0025,,
1.4045,416,188.9,21.5,0.0035,,
1.4105,417,189.5,21.5,0.0050,,
1.4185,418,190.4,21.5,0.0075,,
1.4265,419,191.6,21.5,0.0075,,
1.4345,420,193.2,21.5,0.0075,,
1.4430,421,194.3,21.5,0.0070,,
1.4515,422,195.5,21.5,0.0070,,
1.4600,423,196.8,21.5,0.0070,,
1.4685,424,197.7,21.5,0.0075,,
1.4760,425,198.8,21.5,0.0070,,
1.4845,426,199.6,21.5,0.0075,,
1.4925,427,200.6,21.5,0.0075,,
1.5010,428,201.5,21.5,0.0070,,
1.5095,429,172.3,21.5,0.0070,,
1.5150,430,236.6,21.5,0.0055,,
