Task,T2216
Scope 1/1, Sample 1/33 (junk1)
Result,TitrationEP1
V,t,E,T,dV/dt,E acc. stat.,Volume acc. stat.
0.0000,0,-74.1,21.7,NaN,,
0.0010,1,-74.0,21.7,0.0010,,
0.0025,2,-74.1,21.7,0.0015,,
0.0050,3,-74.1,21.7,0.0025,,
0.0090,4,-74.1,21.7,0.0035,,
0.0150,5,-73.8,21.7,0.0055,,
0.0235,6,-73.0,21.7,0.0075,,
0.0320,7,-72.3,21.7,0.0075,,
0.0395,8,-71.4,21.7,0.0075,,
0.0480,9,-70.3,21.7,0.0075,,
0.0565,10,-69.0,21.7,0.0075,,
0.0650,11,-67.6,21.7,0.0075,,
0.0735,12,-66.5,21.7,0.0075,,
0.0815,13,-65.3,21.7,0.0075,,
0.0890,14,-64.0,21.7,0.0075,,
0.0975,15,-62.3,21.7,0.0075,,
0.1060,16,-60.5,21.7,0.0075,,
0.1145,17,-59.2,21.7,0.0075,,
0.1230,18,-57.4,21.7,0.0075,,
0.1315,19,-55.4,21.7,0.0075,,
0.1390,20,-53.7,21.7,0.0075,,
0.1475,21,-51.6,21.7,0.0075,,
0.1555,22,-49.5,21.7,0.0075,,
0.1640,23,-47.1,21.7,0.0075,,
0.1725,24,-44.5,21.7,0.0075,,
0.1810,25,-42.0,21.7,0.0075,,
0.1885,26,-39.4,21.7,0.0075,,
0.1970,27,-36.7,21.7,0.0085,,
0.2055,28,-33.7,21.7,0.0075,,
0.2135,29,-30.3,21.7,0.0075,,
0.2220,30,-27.0,21.7,0.0075,,
0.2305,31,-23.8,21.7,0.0075,,
0.2380,32,-20.9,21.7,0.0075,,
0.2465,33,-17.7,21.7,0.0085,,
0.2550,34,-14.6,21.7,0.0075,,
0.2635,35,-12.1,21.7,0.0075,,
0.2715,36,-9.8,21.7,0.0075,,
0.2800,37,-7.5,21.7,0.0075,,
0.2875,38,-5.9,21.7,0.0075,,
0.2960,39,-3.7,21.7,0.0085,,
0.3045,40,-2.0,21.7,0.0075,,
0.3130,41,-0.6,21.7,0.0075,,
0.3215,42,0.8,21.7,0.0075,,
0.3295,43,2.2,21.7,0.0075,,
0.3380,44,3.5,21.7,0.0075,,
0.3455,45,4.7,21.7,0.0075,,
0.3540,46,5.7,21.7,0.0085,,
0.3625,47,6.9,21.7,0.0075,,
0.3710,48,8.2,21.7,0.0075,,
0.3795,49,9.2,21.7,0.0075,,
0.3875,50,10.2,21.7,0.0075,,
0.3955,51,11.2,21.7,0.0080,,
0.4035,52,12.2,21.7,0.0080,,
0.4120,53,13.3,21.7,0.0075,,
0.4205,54,14.2,21.7,0.0075,,
0.4290,55,15.0,21.7,0.0075,,
0.4375,56,16.2,21.7,0.0075,,
0.4450,57,16.9,21.7,0.0075,,
0.4535,58,18.0,21.7,0.0085,,
0.4615,59,18.8,21.7,0.0075,,
0.4700,60,19.6,21.7,0.0075,,
0.4785,61,20.6,21.7,0.0075,,
0.4870,62,21.4,21.7,0.0075,,
0.4945,63,22.4,21.7,0.0075,,
0.5030,64,23.0,21.7,0.0085,,
0.5115,65,23.8,21.7,0.0075,,
0.5200,66,24.8,21.7,0.0075,,
0.5280,67,25.5,21.7,0.0075,,
0.5365,68,26.2,21.7,0.0075,,
0.5440,69,27.0,21.7,0.0075,,
0.5525,70,28.0,21.7,0.0075,,
0.5610,71,28.9,21.7,0.0075,,
0.5695,72,29.5,21.7,0.0075,,
0.5780,73,30.3,21.7,0.0075,,
0.5865,74,31.2,21.7,0.0075,,
0.5940,75,31.7,21.7,0.0075,,
0.6020,76,32.7,21.7,0.0080,,
0.6105,77,33.3,21.7,0.0075,,
0.6190,78,33.9,21.7,0.0075,,
0.6275,79,34.9,21.7,0.0075,,
0.6360,80,35.7,21.7,0.0075,,
0.6435,81,36.5,21.7,0.0075,,
0.6520,82,37.1,21.7,0.0085,,
0.6605,83,37.7,21.7,0.0075,,
0.6685,84,38.9,21.7,0.0075,,
0.6770,85,39.7,21.7,0.0075,,
0.6855,86,40.2,21.7,0.0075,,
0.6930,87,41.0,21.7,0.0075,,
0.7015,88,41.8,21.7,0.0075,,
0.7100,89,42.8,21.7,0.0075,,
0.7185,90,43.4,21.7,0.0075,,
0.7265,91,44.3,21.7,0.0075,,
0.7350,92,45.2,21.7,0.0075,,
0.7425,93,45.9,21.7,0.0075,,
0.7510,94,46.8,21.7,0.0085,,
0.7595,95,47.6,21.7,0.0075,,
0.7680,96,48.2,21.7,0.0075,,
0.7765,97,49.0,21.7,0.0075,,
0.7845,98,49.9,21.7,0.0075,,
0.7930,99,50.7,21.7,0.0085,,
0.8005,100,51.5,21.7,0.0075,,
0.8090,101,52.2,21.7,0.0075,,
0.8175,102,53.2,21.7,0.0075,,
0.8260,103,54.1,21.7,0.0075,,
0.8345,104,54.8,21.7,0.0075,,
0.8420,105,55.6,21.7,0.0075,,
0.8505,106,56.3,21.7,0.0085,,
0.8590,107,57.3,21.7,0.0075,,
0.8670,108,58.2,21.7,0.0075,,
0.8755,109,58.9,21.7,0.0075,,
0.8840,110,59.7,21.7,0.0075,,
0.8925,111,60.5,21.7,0.0085,,
0.9000,112,61.6,21.7,0.0075,,
0.9085,113,62.6,21.7,0.0075,,
0.9170,114,63.4,21.7,0.0075,,
0.9250,115,64.3,21.7,0.0075,,
0.9335,116,65.4,21.7,0.0075,,
0.9420,117,66.2,21.7,0.0085,,
0.9495,118,67.1,21.7,0.0075,,
0.9580,119,67.8,21.7,0.0075,,
0.9665,120,68.8,21.7,0.0075,,
0.9750,121,69.9,21.7,0.0075,,
0.9835,122,70.7,21.7,0.0075,,
0.9910,123,71.6,21.7,0.0075,,
0.9995,124,72.5,21.7,0.0085,,
1.0075,125,73.5,21.7,0.0075,,
1.0160,126,74.6,21.7,0.0075,,
1.0245,127,75.5,21.7,0.0075,,
1.0330,128,76.5,21.7,0.0075,,
1.0405,129,77.4,21.7,0.0075,,
1.0490,130,78.7,21.7,0.0085,,
1.0575,131,79.8,21.7,0.0075,,
1.0660,132,80.6,21.7,0.0075,,
1.0740,133,81.8,21.7,0.0075,,
1.0825,134,83.1,21.7,0.0075,,
1.0900,135,84.2,21.7,0.0075,,
1.0985,136,85.3,21.7,0.0085,,
1.1070,137,86.2,21.7,0.0075,,
1.1155,138,87.4,21.7,0.0075,,
1.1240,139,88.7,21.7,0.0075,,
1.1320,140,89.8,21.7,0.0075,,
1.1395,141,91.0,21.7,0.0075,,
1.1480,142,92.1,21.7,0.0085,,
1.1565,143,93.3,21.7,0.0075,,
1.1650,144,94.9,21.7,0.0075,,
1.1735,145,96.3,21.7,0.0075,,
1.1820,146,97.8,21.7,0.0075,,
1.1900,147,99.4,21.7,0.0080,,
1.1980,148,101.1,21.7,0.0080,,
1.2060,149,103.0,21.7,0.0075,,
1.2145,150,104.6,21.7,0.0075,,
1.2230,151,106.4,21.7,0.0075,,
1.2315,152,108.5,21.7,0.0075,,
1.2390,153,110.3,21.7,0.0075,,
1.2475,154,112.7,21.7,0.0085,,
1.2560,155,114.7,21.7,0.0075,,
1.2640,156,117.0,21.7,0.0075,,
1.2725,157,119.5,21.7,0.0075,,
1.2810,158,121.8,21.7,0.0075,,
1.2885,159,124.3,21.7,0.0075,,
1.2970,160,126.9,21.7,0.0085,,
1.3055,161,130.0,21.7,0.0075,,
1.3140,162,133.6,21.7,0.0075,,
1.3225,163,136.6,21.7,0.0075,,
1.3305,164,140.0,21.7,0.0075,,
1.3390,165,143.3,21.7,0.0085,,
1.3465,166,147.1,21.7,0.0075,,
1.3550,167,151.1,21.7,0.0075,,
1.3635,168,154.4,21.7,0.0075,,
1.3720,169,157.5,21.7,0.0075,,
1.3805,170,161.0,21.7,0.0075,,
1.3885,171,163.6,21.7,0.0080,,
1.3965,172,166.6,21.7,0.0080,,
1.4045,173,169.1,21.7,0.0075,,
1.4130,174,171.4,21.7,0.0075,,
1.4215,175,173.9,21.7,0.0075,,
1.4300,176,176.0,21.7,0.0075,,
1.4385,177,177.8,21.7,0.0085,,
1.4460,178,179.6,21.7,0.0075,,
1.4545,179,181.3,21.7,0.0075,,
1.4630,180,183.2,21.7,0.0075,,
1.4710,181,184.6,21.7,0.0075,,
1.4750,182,185.0,21.7,0.0065,,
1.4750,422,186.7,21.7,0.0000,,
1.4755,423,186.8,21.7,0.0005,,
1.4770,424,186.8,21.7,0.0020,,
1.4795,425,186.9,21.7,0.0035,,
1.4835,426,187.4,21.7,0.0050,,
1.4900,427,188.4,21.7,0.0080,,
1.4980,428,189.4,21.7,0.0100,,
1.5055,429,190.5,21.7,0.0105,,
1.5140,430,191.6,21.7,0.0120,,
1.5225,431,192.9,21.7,0.0120,,
1.5310,432,194.1,21.7,0.0105,,
1.5395,433,195.0,21.7,0.0105,,
1.5480,434,196.1,21.7,0.0105,,
1.5555,435,196.9,21.7,0.0105,,
1.5640,436,198.1,21.7,0.0120,,
1.5720,437,199.1,21.7,0.0115,,
1.5805,438,199.7,21.7,0.0105,,
1.5890,439,200.6,21.7,0.0105,,
1.5975,440,201.7,21.7,0.0105,,
1.6050,441,202.2,21.7,0.0105,,
1.6135,442,203.1,21.7,0.0120,,
1.6220,443,203.6,21.7,0.0120,,
1.6300,444,204.4,21.7,0.0100,,
1.6385,445,205.3,21.7,0.0105,,
1.6470,446,205.8,21.7,0.0105,,
1.6545,447,206.4,21.7,0.0105,,
1.6630,448,206.8,21.7,0.0120,,
1.6715,449,207.5,21.7,0.0120,,
1.6800,450,208.4,21.7,0.0105,,
1.6885,451,208.8,21.7,0.0105,,
1.6965,452,209.3,21.7,0.0100,,
1.7045,453,209.8,21.7,0.0115,,
1.7125,454,210.6,21.7,0.0115,,
1.7210,455,211.3,21.7,0.0120,,
1.7295,456,211.6,21.7,0.0105,,
1.7380,457,212.1,21.7,0.0105,,
1.7465,458,212.9,21.7,0.0105,,
1.7540,459,213.2,21.7,0.0105,,
1.7625,460,213.9,21.7,0.0120,,
1.7710,461,214.2,21.7,0.0120,,
1.7790,462,214.8,21.7,0.0100,,
1.7875,463,215.4,21.7,0.0105,,
1.7960,464,215.8,21.7,0.0105,,
1.8035,465,216.1,21.7,0.0105,,
1.8120,466,216.4,21.7,0.0120,,
1.8205,467,216.9,21.7,0.0120,,
1.8290,468,217.6,21.7,0.0105,,
1.8370,469,217.9,21.7,0.0100,,
1.8455,470,218.3,21.7,0.0105,,
1.8530,471,218.6,21.7,0.0105,,
1.8615,472,219.2,21.7,0.0120,,
1.8700,473,219.7,21.7,0.0105,,
1.8785,474,219.8,21.7,0.0105,,
1.8870,475,220.1,21.7,0.0105,,
1.8950,476,220.7,21.7,0.0100,,
1.9030,477,221.0,21.7,0.0115,,
1.9110,478,221.5,21.7,0.0115,,
1.9195,479,221.8,21.7,0.0120,,
1.9280,480,222.1,21.7,0.0105,,
1.9365,481,222.7,21.7,0.0105,,
1.9450,482,223.0,21.7,0.0105,,
1.9525,483,223.4,21.7,0.0105,,
1.9610,484,223.4,21.7,0.0120,,
1.9690,485,223.6,21.7,0.0115,,
1.9775,486,224.1,21.7,0.0105,,
1.9860,487,224.5,21.7,0.0105,,
1.9945,488,224.6,21.7,0.0105,,
2.0030,489,225.0,21.7,0.0120,,
2.0105,490,225.2,21.7,0.0105,,
2.0190,491,225.7,21.7,0.0120,,
2.0270,492,226.0,21.7,0.0100,,
2.0355,493,226.1,21.7,0.0105,,
2.0440,494,226.6,21.7,0.0105,,
2.0525,495,227.0,21.7,0.0105,,
2.0600,496,227.3,21.7,0.0105,,
2.0685,497,227.6,21.7,0.0120,,
2.0770,498,227.6,21.7,0.0105,,
2.0855,499,228.1,21.7,0.0105,,
2.0935,500,228.5,21.7,0.0100,,
2.1020,501,228.6,21.7,0.0105,,
2.1095,502,229.1,21.7,0.0105,,
2.1180,503,229.0,21.7,0.0120,,
2.1265,504,229.4,21.7,0.0105,,
2.1350,505,229.9,21.7,0.0105,,
2.1435,506,230.0,21.7,0.0105,,
2.1515,507,230.2,21.7,0.0100,,
2.1595,508,230.4,21.7,0.0115,,
2.1675,509,230.8,21.7,0.0115,,
2.1760,510,231.2,21.7,0.0120,,
2.1845,511,231.2,21.7,0.0105,,
2.1930,512,231.4,21.7,0.0105,,
2.2015,513,231.9,21.7,0.0105,,
2.2090,514,232.0,21.7,0.0105,,
2.2175,515,232.4,21.7,0.0120,,
2.2255,516,232.4,21.7,0.0115,,
2.2340,517,232.6,21.7,0.0105,,
2.2425,518,233.0,21.7,0.0105,,
2.2510,519,233.1,21.7,0.0105,,
2.2585,520,233.4,21.7,0.0105,,
2.2670,521,233.4,21.7,0.0120,,
2.2750,522,233.6,21.7,0.0115,,
2.2830,523,234.1,21.7,0.0100,,
2.2870,524,234.1,21.7,0.0050,,
2.2875,525,234.0,21.7,0.0005,,
2.2880,526,234.0,21.7,0.0005,,
2.2895,527,234.0,21.7,0.0020,,
2.2915,528,234.3,21.7,0.0030,,
2.2925,529,234.2,21.7,0.0010,,
2.2935,530,234.1,21.7,0.0010,,
2.2945,531,234.4,21.7,0.0010,,
2.2960,532,234.4,21.7,0.0020,,
2.2985,533,234.6,21.7,0.0035,,
2.3000,534,234.5,21.7,0.0020,,
2.3010,535,234.4,21.7,0.0010,,
2.3015,536,234.6,21.7,0.0005,,
2.3025,537,234.6,21.7,0.0010,,
2.3030,538,234.7,21.7,0.0005,,
2.3040,539,234.5,21.7,0.0015,,
2.3050,540,234.6,21.7,0.0010,,
2.3065,541,234.8,21.7,0.0020,,
2.3080,542,234.8,21.7,0.0020,,
2.3085,543,234.9,21.7,0.0005,,
2.3095,544,235.0,21.7,0.0020,,
Scope 1/1, Sample 2/33 (junk2)
Result,TitrationEP1
V,t,E,T,dV/dt,E acc. stat.,Volume acc. stat.
0.0000,0,-73.2,21.7,NaN,,
0.0010,1,-73.4,21.7,0.0010,,
0.0025,2,-73.2,21.7,0.0015,,
0.0050,3,-73.1,21.7,0.0025,,
0.0095,4,-73.0,21.7,0.0035,,
0.0150,5,-72.6,21.7,0.0050,,
0.0235,6,-72.2,21.7,0.0075,,
0.0320,7,-71.3,21.7,0.0075,,
0.0405,8,-70.1,21.7,0.0075,,
0.0490,9,-69.1,21.7,0.0070,,
0.0570,10,-67.8,21.7,0.0065,,
0.0645,11,-66.7,21.7,0.0070,,
0.0730,12,-65.3,21.7,0.0075,,
0.0815,13,-63.9,21.7,0.0075,,
0.0900,14,-62.5,21.7,0.0075,,
0.0985,15,-60.8,21.7,0.0070,,
0.1070,16,-59.1,21.7,0.0070,,
0.1145,17,-57.6,21.7,0.0070,,
0.1230,18,-55.7,21.7,0.0075,,
0.1310,19,-53.8,21.7,0.0075,,
0.1395,20,-51.8,21.7,0.0075,,
0.1480,21,-49.5,21.7,0.0075,,
0.1565,22,-47.3,21.7,0.0070,,
0.1640,23,-45.2,21.7,0.0070,,
0.1725,24,-42.8,21.7,0.0075,,
0.1810,25,-40.0,21.7,0.0075,,
0.1890,26,-37.0,21.7,0.0075,,
0.1975,27,-34.3,21.7,0.0075,,
0.2060,28,-31.2,21.7,0.0070,,
0.2145,29,-28.3,21.7,0.0075,,
0.2220,30,-25.0,21.7,0.0070,,
0.2305,31,-21.6,21.7,0.0075,,
0.2390,32,-18.7,21.7,0.0075,,
0.2475,33,-15.8,21.7,0.0075,,
0.2555,34,-13.1,21.7,0.0065,,
0.2635,35,-10.9,21.7,0.0075,,
0.2715,36,-8.6,21.7,0.0075,,
0.2800,37,-6.9,21.7,0.0075,,
0.2885,38,-5.0,21.7,0.0075,,
0.2970,39,-3.0,21.7,0.0075,,
0.3055,40,-1.6,21.7,0.0070,,
0.3130,41,-0.2,21.7,0.0070,,
0.3215,42,1.0,21.7,0.0075,,
0.3295,43,2.3,21.7,0.0075,,
0.3380,44,3.8,21.7,0.0075,,
0.3465,45,5.0,21.7,0.0070,,
0.3550,46,6.2,21.7,0.0070,,
0.3625,47,7.2,21.7,0.0070,,
0.3710,48,8.4,21.7,0.0075,,
0.3795,49,9.6,21.7,0.0075,,
0.3880,50,10.6,21.7,0.0075,,
0.3960,51,11.5,21.7,0.0065,,
0.4045,52,12.6,21.7,0.0070,,
0.4120,53,13.4,21.7,0.0070,,
0.4205,54,14.5,21.7,0.0075,,
0.4290,55,15.2,21.7,0.0075,,
0.4375,56,16.1,21.7,0.0075,,
0.4460,57,17.1,21.7,0.0075,,
0.4540,58,18.1,21.7,0.0065,,
0.4620,59,18.9,21.7,0.0075,,
0.4700,60,19.7,21.7,0.0075,,
0.4785,61,20.6,21.7,0.0075,,
0.4870,62,21.6,21.7,0.0075,,
0.4955,63,22.5,21.7,0.0075,,
0.5040,64,23.3,21.7,0.0070,,
0.5115,65,24.0,21.7,0.0070,,
0.5200,66,24.9,21.7,0.0075,,
0.5285,67,25.9,21.7,0.0075,,
0.5365,68,26.8,21.7,0.0075,,
0.5450,69,27.4,21.7,0.0075,,
0.5535,70,28.4,21.7,0.0070,,
0.5620,71,29.1,21.7,0.0075,,
0.5695,72,30.1,21.7,0.0070,,
0.5780,73,30.9,21.7,0.0075,,
0.5865,74,31.6,21.7,0.0075,,
0.5945,75,32.6,21.7,0.0075,,
0.6030,76,33.5,21.7,0.0070,,
0.6105,77,34.3,21.7,0.0070,,
0.6190,78,35.0,21.7,0.0075,,
0.6275,79,35.7,21.7,0.0075,,
0.6360,80,36.7,21.7,0.0075,,
0.6445,81,37.5,21.7,0.0070,,
0.6530,82,38.2,21.7,0.0070,,
0.6605,83,38.9,21.7,0.0070,,
0.6690,84,39.8,21.7,0.0075,,
0.6770,85,40.8,21.7,0.0075,,
0.6855,86,41.5,21.7,0.0075,,
0.6940,87,42.2,21.7,0.0075,,
0.7025,88,43.1,21.7,0.0070,,
0.7110,89,43.6,21.7,0.0075,,
0.7185,90,44.6,21.7,0.0070,,
0.7270,91,45.5,21.7,0.0075,,
0.7355,92,46.2,21.7,0.0075,,
0.7435,93,47.2,21.7,0.0065,,
0.7520,94,48.0,21.7,0.0070,,
0.7595,95,48.9,21.7,0.0070,,
0.7680,96,49.5,21.7,0.0075,,
0.7765,97,50.3,21.7,0.0075,,
0.7850,98,51.2,21.7,0.0075,,
0.7935,99,51.9,21.7,0.0070,,
0.8015,100,52.7,21.7,0.0065,,
0.8095,101,53.5,21.7,0.0075,,
0.8175,102,54.3,21.7,0.0075,,
0.8260,103,55.3,21.7,0.0075,,
0.8345,104,56.2,21.7,0.0075,,
0.8430,105,57.0,21.7,0.0070,,
0.8515,106,57.9,21.7,0.0070,,
0.8590,107,58.6,21.7,0.0070,,
0.8675,108,59.6,21.7,0.0075,,
0.8760,109,60.3,21.7,0.0075,,
0.8840,110,61.2,21.7,0.0075,,
0.8925,111,62.2,21.7,0.0070,,
0.9010,112,63.1,21.7,0.0070,,
0.9085,113,63.9,21.7,0.0070,,
0.9170,114,64.7,21.7,0.0075,,
0.9255,115,65.7,21.7,0.0075,,
0.9340,116,66.8,21.7,0.0075,,
0.9425,117,67.7,21.7,0.0070,,
0.9505,118,68.6,21.7,0.0075,,
0.9580,119,69.4,21.7,0.0070,,
0.9665,120,70.2,21.7,0.0075,,
0.9750,121,71.3,21.7,0.0075,,
0.9835,122,72.2,21.7,0.0075,,
0.9920,123,73.0,21.7,0.0070,,
1.0005,124,74.1,21.7,0.0070,,
1.0080,125,74.9,21.7,0.0070,,
1.0160,126,76.2,21.7,0.0075,,
1.0245,127,77.1,21.7,0.0075,,
1.0330,128,78.0,21.7,0.0075,,
1.0415,129,79.1,21.7,0.0070,,
1.0500,130,80.3,21.7,0.0070,,
1.0575,131,81.3,21.7,0.0070,,
1.0660,132,82.3,21.7,0.0075,,
1.0745,133,83.4,21.7,0.0075,,
1.0825,134,84.4,21.7,0.0075,,
1.0910,135,85.8,21.7,0.0075,,
1.0995,136,86.9,21.7,0.0070,,
1.1070,137,88.1,21.7,0.0070,,
1.1155,138,89.4,21.7,0.0075,,
1.1240,139,90.8,21.7,0.0075,,
1.1325,140,92.0,21.7,0.0075,,
1.1405,141,93.3,21.7,0.0075,,
1.1490,142,94.8,21.7,0.0070,,
1.1565,143,96.1,21.7,0.0070,,
1.1650,144,97.8,21.7,0.0075,,
1.1735,145,99.5,21.7,0.0075,,
1.1820,146,101.0,21.7,0.0075,,
1.1905,147,102.7,21.7,0.0070,,
1.1990,148,104.4,21.7,0.0070,,
1.2065,149,106.0,21.7,0.0070,,
1.2150,150,108.0,21.7,0.0075,,
1.2230,151,109.8,21.7,0.0075,,
1.2315,152,111.9,21.7,0.0075,,
1.2400,153,114.1,21.7,0.0070,,
1.2485,154,116.0,21.7,0.0070,,
1.2560,155,118.3,21.7,0.0070,,
1.2645,156,120.9,21.7,0.0075,,
1.2730,157,123.7,21.7,0.0075,,
1.2815,158,126.5,21.7,0.0075,,
1.2895,159,129.2,21.7,0.0065,,
1.2980,160,132.4,21.7,0.0070,,
1.3055,161,135.6,21.7,0.0070,,
1.3140,162,139.3,21.7,0.0075,,
1.3225,163,142.8,21.7,0.0075,,
1.3310,164,146.3,21.7,0.0075,,
1.3395,165,150.0,21.7,0.0070,,
1.3475,166,153.6,21.7,0.0065,,
1.3555,167,156.8,21.7,0.0075,,
1.3635,168,159.7,21.7,0.0075,,
1.3720,169,162.8,21.7,0.0075,,
1.3805,170,165.7,21.7,0.0075,,
1.3890,171,168.8,21.7,0.0070,,
1.3975,172,171.0,21.7,0.0070,,
1.4050,173,173.3,21.7,0.0070,,
1.4135,174,175.1,21.7,0.0075,,
1.4215,175,177.5,21.7,0.0075,,
1.4300,176,179.4,21.7,0.0075,,
1.4385,177,181.0,21.7,0.0070,,
1.4470,178,182.6,21.7,0.0070,,
1.4545,179,184.1,21.7,0.0070,,
1.4605,180,185.0,21.7,0.0075,,
1.4605,420,186.7,21.7,0.0000,,
1.4610,421,186.9,21.7,0.0005,,
1.4625,422,186.9,21.7,0.0015,,
1.4650,423,187.0,21.7,0.0030,,
1.4690,424,187.5,21.7,0.0040,,
1.4750,425,188.3,21.7,0.0060,,
1.4830,426,189.3,21.7,0.0080,,
1.4910,427,190.5,21.7,0.0090,,
1.4990,428,191.6,21.7,0.0090,,
1.5075,429,193.0,21.7,0.0095,,
1.5160,430,194.0,21.7,0.0085,,
1.5245,431,194.9,21.7,0.0085,,
1.5330,432,196.0,21.7,0.0085,,
1.5405,433,196.7,21.7,0.0085,,
1.5490,434,197.8,21.7,0.0095,,
1.5575,435,198.9,21.7,0.0085,,
1.5655,436,199.5,21.7,0.0080,,
1.5740,437,200.4,21.7,0.0085,,
1.5825,438,201.4,21.7,0.0085,,
1.5900,439,202.1,21.7,0.0085,,
1.5985,440,202.8,21.7,0.0095,,
1.6070,441,203.5,21.7,0.0095,,
1.6155,442,204.2,21.7,0.0085,,
1.6240,443,205.1,21.7,0.0085,,
1.6320,444,205.7,21.7,0.0090,,
1.6400,445,206.4,21.7,0.0090,,
1.6480,446,207.0,21.7,0.0090,,
1.6565,447,207.9,21.7,0.0085,,
1.6650,448,208.5,21.7,0.0085,,
1.6735,449,208.9,21.7,0.0085,,
1.6820,450,209.5,21.7,0.0095,,
1.6895,451,210.0,21.7,0.0085,,
1.6980,452,210.6,21.7,0.0095,,
1.7060,453,211.2,21.7,0.0080,,
1.7145,454,211.6,21.7,0.0085,,
1.7230,455,212.2,21.7,0.0085,,
1.7315,456,212.6,21.7,0.0095,,
1.7390,457,213.3,21.7,0.0085,,
1.7475,458,213.8,21.7,0.0095,,
1.7560,459,214.1,21.7,0.0085,,
1.7645,460,214.7,21.7,0.0085,,
1.7725,461,215.4,21.7,0.0080,,
1.7810,462,215.8,21.7,0.0095,,
1.7885,463,216.3,21.7,0.0085,,
1.7970,464,216.6,21.7,0.0095,,
1.8055,465,217.1,21.7,0.0085,,
1.8140,466,217.7,21.7,0.0085,,
1.8225,467,217.9,21.7,0.0085,,
1.8310,468,218.5,21.7,0.0095,,
1.8385,469,218.7,21.7,0.0085,,
1.8465,470,219.2,21.7,0.0090,,
1.8550,471,219.7,21.7,0.0085,,
1.8635,472,219.9,21.7,0.0085,,
1.8720,473,220.3,21.7,0.0085,,
1.8805,474,220.6,21.7,0.0095,,
1.8880,475,221.1,21.7,0.0085,,
1.8965,476,221.5,21.7,0.0095,,
1.9050,477,221.7,21.7,0.0085,,
1.9130,478,222.1,21.7,0.0080,,
1.9215,479,222.6,21.7,0.0085,,
1.9300,480,222.8,21.7,0.0095,,
1.9375,481,223.2,21.8,0.0085,,
1.9460,482,223.4,21.7,0.0095,,
1.9545,483,223.7,21.8,0.0085,,
1.9630,484,224.2,21.8,0.0085,,
1.9710,485,224.5,21.8,0.0080,,
1.9795,486,224.6,21.8,0.0085,,
1.9870,487,225.0,21.8,0.0085,,
1.9955,488,225.3,21.8,0.0095,,
2.0040,489,225.8,21.8,0.0085,,
2.0125,490,226.0,21.8,0.0085,,
2.0210,491,226.2,21.8,0.0085,,
2.0295,492,226.7,21.8,0.0085,,
2.0370,493,226.9,21.7,0.0085,,
2.0450,494,227.4,21.7,0.0090,,
2.0535,495,227.7,21.7,0.0095,,
2.0620,496,227.8,21.7,0.0085,,
2.0705,497,228.2,21.7,0.0085,,
2.0790,498,228.4,21.7,0.0085,,
2.0865,499,228.7,21.7,0.0085,,
2.0950,500,228.9,21.7,0.0095,,
2.1035,501,229.2,21.8,0.0095,,
2.1115,502,229.6,21.7,0.0080,,
2.1200,503,229.9,21.7,0.0085,,
2.1285,504,230.0,21.7,0.0085,,
2.1360,505,230.3,21.8,0.0085,,
2.1445,506,230.5,21.7,0.0095,,
2.1530,507,230.9,21.7,0.0095,,
2.1615,508,231.2,21.8,0.0085,,
2.1695,509,231.3,21.7,0.0080,,
2.1780,510,231.6,21.8,0.0085,,
2.1855,511,231.7,21.8,0.0085,,
2.1940,512,232.0,21.8,0.0095,,
2.2025,513,232.2,21.8,0.0095,,
2.2110,514,232.3,21.8,0.0085,,
2.2195,515,232.6,21.8,0.0085,,
2.2275,516,233.0,21.8,0.0080,,
2.2355,517,233.2,21.8,0.0090,,
2.2435,518,233.4,21.8,0.0090,,
2.2520,519,233.4,21.8,0.0095,,
2.2605,520,233.8,21.8,0.0085,,
2.2680,521,234.2,21.8,0.0075,,
2.2700,522,234.1,21.8,0.0020,,
2.2705,523,234.3,21.8,0.0005,,
2.2720,524,234.2,21.8,0.0015,,
2.2745,525,234.3,21.8,0.0030,,
2.2765,526,234.6,21.8,0.0020,,
2.2785,527,234.5,21.8,0.0020,,
2.2805,528,234.5,21.8,0.0020,,
2.2820,529,234.6,21.8,0.0015,,
2.2830,530,234.5,21.8,0.0010,,
2.2845,531,234.6,21.8,0.0015,,
2.2860,532,234.6,21.8,0.0015,,
2.2875,533,234.5,21.8,0.0015,,
2.2900,534,234.7,21.8,0.0025,,
2.2920,535,234.9,21.8,0.0020,,
2.2930,536,234.8,21.8,0.0010,,
2.2935,537,234.7,21.8,0.0005,,
2.2945,537,235.1,21.8,0.0025,,
Scope 1/1, Sample 3/33 (T7_031026_1200)
Result,TitrationEP1
V,t,E,T,dV/dt,E acc. stat.,Volume acc. stat.
0.0000,0,-66.6,21.4,NaN,,
0.0010,1,-66.7,21.4,0.0010,,
0.0025,2,-66.8,21.4,0.0015,,
0.0050,3,-66.6,21.4,0.0025,,
0.0085,4,-66.4,21.4,0.0030,,
0.0150,5,-66.3,21.4,0.0060,,
0.0230,6,-65.7,21.4,0.0075,,
0.0315,7,-64.5,21.4,0.0075,,
0.0400,8,-63.4,21.4,0.0085,,
0.0475,9,-62.0,21.4,0.0075,,
0.0560,10,-60.8,21.4,0.0075,,
0.0645,11,-59.3,21.4,0.0075,,
0.0725,12,-57.5,21.4,0.0075,,
0.0810,13,-55.8,21.4,0.0075,,
0.0895,14,-54.1,21.4,0.0085,,
0.0970,15,-52.2,21.4,0.0075,,
0.1055,16,-50.1,21.4,0.0075,,
0.1140,17,-47.7,21.4,0.0075,,
0.1225,18,-45.3,21.4,0.0075,,
0.1305,19,-43.0,21.4,0.0075,,
0.1390,20,-40.3,21.4,0.0075,,
0.1465,21,-38.0,21.4,0.0075,,
0.1550,22,-35.0,21.4,0.0075,,
0.1635,23,-32.1,21.4,0.0075,,
0.1720,24,-29.1,21.4,0.0075,,
0.1805,25,-25.8,21.4,0.0075,,
0.1885,26,-22.6,21.4,0.0075,,
0.1965,27,-19.9,21.4,0.0080,,
0.2045,28,-17.0,21.4,0.0075,,
0.2130,29,-14.5,21.4,0.0075,,
0.2215,30,-12.0,21.4,0.0075,,
0.2300,31,-9.7,21.4,0.0075,,
0.2385,32,-7.8,21.4,0.0075,,
0.2460,33,-5.9,21.4,0.0075,,
0.2545,34,-4.4,21.4,0.0075,,
0.2625,35,-2.8,21.4,0.0075,,
0.2710,36,-1.3,21.4,0.0075,,
0.2795,37,-0.1,21.4,0.0075,,
0.2880,38,1.1,21.4,0.0075,,
0.2955,39,2.3,21.4,0.0075,,
0.3040,40,3.9,21.4,0.0075,,
0.3125,41,5.1,21.4,0.0075,,
0.3210,42,6.1,21.4,0.0075,,
0.3290,43,7.2,21.4,0.0075,,
0.3375,44,8.5,21.4,0.0075,,
0.3450,45,9.4,21.4,0.0075,,
0.3535,46,10.4,21.4,0.0075,,
0.3620,47,11.1,21.4,0.0075,,
0.3705,48,12.1,21.4,0.0075,,
0.3790,49,13.2,21.4,0.0075,,
0.3875,50,14.0,21.4,0.0075,,
0.3950,51,14.9,21.4,0.0075,,
0.4035,52,15.7,21.4,0.0075,,
0.4115,53,16.8,21.4,0.0075,,
0.4200,54,17.7,21.4,0.0075,,
0.4285,55,18.4,21.4,0.0075,,
0.4370,56,19.3,21.4,0.0075,,
0.4445,57,20.1,21.4,0.0075,,
0.4530,58,21.1,21.4,0.0075,,
0.4615,59,22.0,21.4,0.0075,,
0.4695,60,22.6,21.4,0.0075,,
0.4780,61,23.5,21.4,0.0075,,
0.4865,62,24.4,21.4,0.0075,,
0.4940,63,25.0,21.4,0.0075,,
0.5025,64,25.9,21.4,0.0075,,
0.5110,65,26.6,21.4,0.0075,,
0.5195,66,27.5,21.4,0.0075,,
0.5280,67,28.5,21.4,0.0075,,
0.5360,68,29.2,21.4,0.0075,,
0.5440,69,29.8,21.4,0.0080,,
0.5520,70,30.5,21.4,0.0075,,
0.5605,71,31.3,21.4,0.0075,,
0.5690,72,32.3,21.4,0.0075,,
0.5775,73,32.9,21.4,0.0075,,
0.5860,74,33.7,21.4,0.0075,,
0.5935,75,34.3,21.4,0.0075,,
0.6020,76,35.2,21.4,0.0075,,
0.6100,77,36.1,21.4,0.0075,,
0.6185,78,36.7,21.4,0.0075,,
0.6270,79,37.5,21.4,0.0075,,
0.6355,80,38.4,21.4,0.0075,,
0.6430,81,39.0,21.4,0.0075,,
0.6515,82,39.9,21.4,0.0075,,
0.6600,83,40.5,21.4,0.0075,,
0.6680,84,41.2,21.4,0.0075,,
0.6765,85,42.1,21.4,0.0075,,
0.6850,86,42.9,21.4,0.0075,,
0.6925,87,43.7,21.4,0.0075,,
0.7010,88,44.3,21.4,0.0075,,
0.7095,89,45.1,21.4,0.0075,,
0.7180,90,46.1,21.4,0.0075,,
0.7265,91,46.9,21.4,0.0075,,
0.7345,92,47.6,21.4,0.0075,,
0.7425,93,48.4,21.4,0.0080,,
0.7505,94,49.2,21.4,0.0075,,
0.7590,95,50.2,21.4,0.0075,,
0.7675,96,50.9,21.4,0.0075,,
0.7760,97,51.6,21.4,0.0075,,
0.7845,98,52.5,21.4,0.0070,,
0.7920,99,53.2,21.4,0.0075,,
0.8005,100,54.2,21.4,0.0075,,
0.8090,101,54.9,21.4,0.0075,,
0.8170,102,55.6,21.4,0.0075,,
0.8255,103,56.7,21.4,0.0075,,
0.8340,104,57.6,21.4,0.0075,,
0.8415,105,58.4,21.4,0.0075,,
0.8500,106,59.0,21.4,0.0075,,
0.8585,107,60.0,21.4,0.0075,,
0.8670,108,61.1,21.4,0.0075,,
0.8755,109,61.8,21.4,0.0075,,
0.8835,110,62.7,21.4,0.0080,,
0.8915,111,63.4,21.4,0.0075,,
0.8995,112,64.4,21.4,0.0075,,
0.9080,113,65.3,21.4,0.0075,,
0.9165,114,66.0,21.4,0.0075,,
0.9250,115,66.9,21.4,0.0075,,
0.9335,116,68.0,21.4,0.0075,,
0.9410,117,68.6,21.4,0.0075,,
0.9495,118,69.7,21.4,0.0075,,
0.9575,119,70.6,21.4,0.0075,,
0.9660,120,71.5,21.4,0.0075,,
0.9745,121,72.7,21.4,0.0075,,
0.9830,122,73.7,21.4,0.0075,,
0.9905,123,74.6,21.4,0.0075,,
0.9990,124,75.5,21.4,0.0075,,
1.0075,125,76.4,21.4,0.0075,,
1.0155,126,77.6,21.4,0.0075,,
1.0240,127,78.7,21.4,0.0075,,
1.0325,128,79.6,21.4,0.0075,,
1.0400,129,80.7,21.4,0.0075,,
1.0485,130,81.9,21.4,0.0075,,
1.0570,131,83.1,21.4,0.0075,,
1.0655,132,84.3,21.4,0.0075,,
1.0740,133,85.3,21.4,0.0075,,
1.0820,134,86.7,21.4,0.0075,,
1.0900,135,87.9,21.4,0.0080,,
1.0980,136,89.3,21.4,0.0075,,
1.1065,137,90.6,21.4,0.0075,,
1.1150,138,91.7,21.4,0.0075,,
1.1235,139,93.1,21.4,0.0075,,
1.1315,140,94.7,21.4,0.0075,,
1.1400,141,95.9,21.4,0.0085,,
1.1475,142,97.6,21.4,0.0075,,
1.1560,143,98.9,21.4,0.0075,,
1.1645,144,100.7,21.4,0.0075,,
1.1730,145,102.6,21.4,0.0075,,
1.1815,146,104.2,21.4,0.0075,,
1.1900,147,106.3,21.4,0.0075,,
1.1975,148,108.2,21.4,0.0075,,
1.2055,149,110.3,21.4,0.0075,,
1.2140,150,112.7,21.4,0.0075,,
1.2225,151,115.0,21.4,0.0075,,
1.2310,152,117.2,21.4,0.0075,,
1.2395,153,120.0,21.4,0.0075,,
1.2470,154,122.5,21.4,0.0075,,
1.2555,155,125.6,21.4,0.0075,,
1.2635,156,128.6,21.4,0.0075,,
1.2720,157,131.6,21.4,0.0075,,
1.2805,158,135.1,21.4,0.0075,,
1.2890,159,138.7,21.4,0.0075,,
1.2965,160,141.9,21.5,0.0075,,
1.3050,161,145.4,21.5,0.0075,,
1.3135,162,149.0,21.5,0.0075,,
1.3220,163,153.0,21.5,0.0075,,
1.3300,164,156.4,21.4,0.0075,,
1.3385,165,159.4,21.5,0.0075,,
1.3460,166,162.5,21.5,0.0075,,
1.3545,167,165.4,21.5,0.0075,,
1.3630,168,168.1,21.5,0.0075,,
1.3715,169,170.5,21.5,0.0075,,
1.3800,170,172.9,21.5,0.0075,,
1.3885,171,174.7,21.5,0.0085,,
1.3960,172,176.9,21.5,0.0075,,
1.4045,173,179.1,21.5,0.0075,,
1.4125,174,180.7,21.5,0.0075,,
1.4210,175,182.3,21.5,0.0075,,
1.4295,176,184.1,21.5,0.0075,,
1.4375,177,185.1,21.5,0.0075,,
1.4375,417,186.9,21.5,0.0000,,
1.4380,418,187.1,21.5,0.0005,,
1.4395,419,187.1,21.5,0.0010,,
1.4420,420,187.2,21.5,0.0020,,
1.4460,421,187.7,21.5,0.0030,,
1.4525,422,188.6,21.5,0.0050,,
1.4605,423,189.7,21.5,0.0060,,
1.4680,424,190.8,21.5,0.0060,,
1.4765,425,191.8,21.5,0.0070,,
1.4850,426,193.0,21.5,0.0070,,
1.4935,427,194.4,21.5,0.0065,,
1.5020,428,195.1,21.5,0.0065,,
1.5105,429,196.1,21.5,0.0065,,
1.5180,430,197.0,21.5,0.0060,,
1.5265,431,197.8,21.5,0.0070,,
1.5345,432,198.9,21.5,0.0065,,
1.5430,433,199.6,21.5,0.0065,,
1.5515,434,200.3,21.5,0.0065,,
1.5600,435,201.4,21.5,0.0065,,
1.5675,436,202.1,21.5,0.0060,,
1.5760,437,202.9,21.5,0.0070,,
1.5845,438,203.6,21.5,0.0070,,
1.5925,439,204.3,21.5,0.0060,,
1.6010,440,205.2,21.5,0.0065,,
1.6095,441,205.9,21.5,0.0065,,
1.6180,442,206.3,21.5,0.0065,,
1.6255,443,207.0,21.5,0.0060,,
1.6340,444,207.5,21.5,0.0070,,
1.6420,445,208.3,21.5,0.0065,,
1.6505,446,209.0,21.5,0.0065,,
1.6590,447,209.4,21.5,0.0065,,
1.6675,448,210.1,21.5,0.0065,,
1.6750,449,210.6,21.5,0.0060,,
1.6835,450,211.2,21.5,0.0070,,
1.6920,451,211.9,21.5,0.0070,,
1.7005,452,212.2,21.5,0.0065,,
1.7085,453,212.7,21.5,0.0060,,
1.7170,454,213.5,21.5,0.0065,,
1.7245,455,213.9,21.5,0.0060,,
1.7330,456,214.3,21.5,0.0070,,
1.7415,457,214.7,21.5,0.0070,,
1.7500,458,215.2,21.5,0.0065,,
1.7585,459,215.8,21.5,0.0065,,
1.7670,460,216.2,21.5,0.0065,,
1.7745,461,216.6,21.5,0.0060,,
1.7830,462,216.9,21.5,0.0070,,
1.7910,463,217.3,21.5,0.0065,,
1.7995,464,218.0,21.5,0.0065,,
1.8080,465,218.3,21.5,0.0065,,
1.8165,466,218.6,21.5,0.0065,,
1.8240,467,218.9,21.5,0.0060,,
1.8325,468,219.3,21.5,0.0070,,
1.8410,469,219.9,21.5,0.0070,,
1.8490,470,220.2,21.5,0.0060,,
1.8575,471,220.5,21.5,0.0065,,
1.8660,472,221.1,21.5,0.0065,,
1.8735,473,221.2,21.5,0.0060,,
1.8820,474,221.6,21.5,0.0070,,
1.8905,475,221.8,21.5,0.0070,,
1.8990,476,222.2,21.5,0.0065,,
1.9070,477,222.7,21.5,0.0060,,
1.9155,478,223.0,21.5,0.0065,,
1.9230,479,223.4,21.5,0.0060,,
1.9315,480,223.5,21.5,0.0070,,
1.9400,481,223.9,21.5,0.0070,,
1.9485,482,224.5,21.5,0.0065,,
1.9570,483,224.7,21.5,0.0065,,
1.9655,484,225.1,21.5,0.0070,,
1.9730,485,225.2,21.5,0.0060,,
1.9815,486,225.7,21.5,0.0070,,
1.9900,487,226.1,21.5,0.0065,,
1.9980,488,226.2,21.5,0.0060,,
2.0065,489,226.6,21.5,0.0065,,
2.0150,490,226.6,21.5,0.0070,,
2.0225,491,227.1,21.5,0.0060,,
2.0310,492,227.5,21.5,0.0070,,
2.0395,493,227.7,21.5,0.0070,,
2.0480,494,227.9,21.5,0.0065,,
2.0560,495,228.4,21.5,0.0060,,
2.0645,496,228.6,21.5,0.0065,,
2.0720,497,229.0,21.5,0.0060,,
2.0805,498,229.0,21.5,0.0070,,
2.0890,499,229.3,21.5,0.0065,,
2.0975,500,229.8,21.5,0.0065,,
2.1060,501,230.0,21.5,0.0065,,
2.1140,502,230.1,21.5,0.0060,,
2.1220,503,230.3,21.5,0.0065,,
2.1300,504,230.6,21.5,0.0065,,
2.1385,505,231.0,21.5,0.0070,,
2.1470,506,231.2,21.5,0.0065,,
2.1555,507,231.3,21.5,0.0065,,
2.1640,508,231.7,21.5,0.0065,,
2.1715,509,231.7,21.5,0.0060,,
2.1800,510,232.1,21.5,0.0070,,
2.1880,511,232.3,21.5,0.0065,,
2.1965,512,232.3,21.5,0.0065,,
2.2050,513,232.7,21.5,0.0065,,
2.2135,514,233.0,21.5,0.0065,,
2.2210,515,233.3,21.5,0.0060,,
2.2295,516,233.5,21.5,0.0070,,
2.2380,517,233.6,21.5,0.0070,,
2.2460,518,234.0,21.5,0.0060,,
2.2530,519,234.3,21.5,0.0055,,
2.2550,520,234.3,21.5,0.0015,,
2.2555,521,234.4,21.5,0.0005,,
2.2565,522,234.2,21.5,0.0010,,
2.2580,523,234.4,21.5,0.0010,,
2.2595,524,234.5,21.5,0.0010,,
2.2610,525,234.4,21.5,0.0010,,
2.2630,526,234.3,21.5,0.0015,,
2.2640,527,234.5,21.5,0.0010,,
2.2645,528,234.4,21.5,0.0005,,
2.2655,529,234.6,21.5,0.0010,,
2.2665,530,234.4,21.5,0.0010,,
2.2675,531,234.3,21.5,0.0010,,
2.2685,532,234.6,21.5,0.0010,,
2.2695,533,234.6,21.5,0.0010,,
2.2710,534,234.7,21.5,0.0010,,
2.2715,535,234.5,21.5,0.0005,,
2.2725,536,234.6,21.5,0.0010,,
2.2730,537,234.8,21.5,0.0005,,
2.2740,538,234.7,21.5,0.0010,,
2.2745,539,234.9,21.5,0.0005,,
2.2750,540,234.7,21.5,0.0005,,
2.2760,541,235.0,21.5,0.0010,,
Scope 1/1, Sample 4/33 (S1)
Result,TitrationEP1
V,t,E,T,dV/dt,E acc. stat.,Volume acc. stat.
0.0000,0,-67.3,21.1,NaN,,
0.0005,1,-67.1,21.1,0.0005,,
0.0025,2,-67.3,21.1,0.0020,,
0.0050,3,-67.2,21.1,0.0025,,
0.0090,4,-66.8,21.1,0.0035,,
0.0150,5,-66.6,21.1,0.0055,,
0.0235,6,-65.9,21.1,0.0075,,
0.0310,7,-64.9,21.1,0.0075,,
0.0395,8,-63.6,21.1,0.0085,,
0.0480,9,-62.0,21.1,0.0075,,
0.0565,10,-60.5,21.1,0.0075,,
0.0650,11,-58.8,21.1,0.0075,,
0.0730,12,-57.0,21.1,0.0075,,
0.0815,13,-55.5,21.1,0.0085,,
0.0890,14,-53.4,21.1,0.0075,,
0.0975,15,-51.3,21.1,0.0085,,
0.1060,16,-49.1,21.1,0.0075,,
0.1145,17,-46.5,21.1,0.0075,,
0.1230,18,-43.8,21.1,0.0075,,
0.1310,19,-41.5,21.1,0.0080,,
0.1390,20,-38.6,21.1,0.0080,,
0.1470,21,-35.7,21.1,0.0080,,
0.1555,22,-32.4,21.1,0.0075,,
0.1640,23,-28.9,21.1,0.0075,,
0.1725,24,-25.7,21.1,0.0075,,
0.1810,25,-22.3,21.1,0.0075,,
0.1885,26,-19.4,21.1,0.0075,,
0.1970,27,-16.3,21.1,0.0085,,
0.2050,28,-13.4,21.1,0.0075,,
0.2135,29,-11.2,21.1,0.0075,,
0.2220,30,-9.2,21.1,0.0075,,
0.2305,31,-7.0,21.1,0.0075,,
0.2380,32,-5.4,21.1,0.0075,,
0.2465,33,-3.5,21.1,0.0085,,
0.2550,34,-2.1,21.1,0.0085,,
0.2630,35,-0.7,21.1,0.0075,,
0.2715,36,0.9,21.1,0.0075,,
0.2800,37,2.1,21.1,0.0075,,
0.2875,38,3.4,21.1,0.0075,,
0.2960,39,4.5,21.1,0.0085,,
0.3045,40,5.7,21.1,0.0085,,
0.3130,41,7.1,21.1,0.0075,,
0.3215,42,8.2,21.1,0.0075,,
0.3295,43,9.1,21.2,0.0075,,
0.3375,44,10.1,21.2,0.0080,,
0.3455,45,11.3,21.1,0.0080,,
0.3540,46,12.6,21.1,0.0075,,
0.3625,47,13.4,21.1,0.0075,,
0.3710,48,14.2,21.2,0.0075,,
0.3795,49,15.3,21.2,0.0075,,
0.3870,50,16.1,21.2,0.0075,,
0.3955,51,17.1,21.2,0.0085,,
0.4035,52,17.9,21.2,0.0075,,
0.4120,53,18.7,21.2,0.0075,,
0.4205,54,20.0,21.2,0.0075,,
0.4290,55,20.8,21.2,0.0075,,
0.4365,56,21.6,21.2,0.0075,,
0.4450,57,22.4,21.2,0.0085,,
0.4535,58,23.3,21.2,0.0075,,
0.4620,59,24.3,21.2,0.0075,,
0.4700,60,25.1,21.2,0.0075,,
0.4785,61,25.8,21.2,0.0075,,
0.4860,62,26.5,21.2,0.0075,,
0.4945,63,27.5,21.2,0.0085,,
0.5030,64,28.4,21.2,0.0075,,
0.5115,65,29.2,21.2,0.0075,,
0.5200,66,29.9,21.2,0.0075,,
0.5280,67,31.0,21.2,0.0075,,
0.5365,68,31.6,21.2,0.0085,,
0.5440,69,32.6,21.2,0.0075,,
0.5525,70,33.5,21.2,0.0085,,
0.5610,71,34.1,21.2,0.0075,,
0.5695,72,35.0,21.2,0.0075,,
0.5780,73,36.0,21.2,0.0075,,
0.5860,74,36.6,21.2,0.0080,,
0.5940,75,37.4,21.2,0.0080,,
0.6020,76,38.1,21.2,0.0080,,
0.6105,77,39.1,21.2,0.0075,,
0.6190,78,40.0,21.2,0.0075,,
0.6275,79,40.7,21.2,0.0075,,
0.6360,80,41.6,21.2,0.0085,,
0.6435,81,42.2,21.2,0.0075,,
0.6520,82,43.1,21.2,0.0085,,
0.6600,83,44.1,21.2,0.0075,,
0.6685,84,44.9,21.2,0.0075,,
0.6770,85,45.7,21.2,0.0075,,
0.6855,86,46.6,21.2,0.0075,,
0.6930,87,47.3,21.2,0.0075,,
0.7015,88,48.4,21.2,0.0085,,
0.7100,89,49.0,21.2,0.0075,,
0.7185,90,49.7,21.2,0.0075,,
0.7265,91,50.9,21.2,0.0075,,
0.7350,92,51.6,21.2,0.0075,,
0.7425,93,52.6,21.2,0.0075,,
0.7510,94,53.2,21.2,0.0085,,
0.7595,95,54.1,21.2,0.0075,,
0.7680,96,55.1,21.2,0.0075,,
0.7765,97,55.9,21.2,0.0075,,
0.7850,98,56.8,21.2,0.0085,,
0.7925,99,57.4,21.2,0.0075,,
0.8010,100,58.4,21.2,0.0085,,
0.8090,101,59.5,21.2,0.0075,,
0.8175,102,60.2,21.2,0.0075,,
0.8260,103,61.0,21.2,0.0075,,
0.8335,104,61.8,21.2,0.0075,,
0.8420,105,63.0,21.2,0.0085,,
0.8505,106,64.0,21.2,0.0075,,
0.8590,107,64.6,21.2,0.0075,,
0.8675,108,65.7,21.2,0.0075,,
0.8755,109,66.9,21.2,0.0075,,
0.8830,110,67.7,21.2,0.0075,,
0.8915,111,68.8,21.2,0.0085,,
0.9000,112,69.6,21.2,0.0085,,
0.9085,113,70.6,21.2,0.0075,,
0.9170,114,71.7,21.2,0.0075,,
0.9255,115,72.6,21.2,0.0075,,
0.9335,116,73.7,21.2,0.0080,,
0.9415,117,74.5,21.2,0.0080,,
0.9495,118,75.6,21.2,0.0080,,
0.9580,119,76.8,21.2,0.0075,,
0.9665,120,77.8,21.2,0.0075,,
0.9750,121,78.8,21.2,0.0075,,
0.9835,122,79.7,21.2,0.0085,,
0.9910,123,80.9,21.2,0.0075,,
0.9995,124,82.2,21.2,0.0085,,
1.0075,125,83.2,21.2,0.0075,,
1.0160,126,84.4,21.2,0.0075,,
1.0245,127,85.9,21.2,0.0075,,
1.0330,128,87.1,21.2,0.0085,,
1.0405,129,88.5,21.2,0.0070,,
1.0490,130,89.5,21.2,0.0085,,
1.0575,131,90.9,21.2,0.0075,,
1.0660,132,92.4,21.2,0.0075,,
1.0740,133,93.9,21.2,0.0075,,
1.0825,134,95.1,21.2,0.0075,,
1.0900,135,96.5,21.2,0.0075,,
1.0985,136,97.8,21.2,0.0085,,
1.1070,137,99.6,21.2,0.0075,,
1.1155,138,101.5,21.2,0.0075,,
1.1240,139,102.9,21.2,0.0075,,
1.1320,140,104.9,21.2,0.0075,,
1.1395,141,106.5,21.2,0.0075,,
1.1480,142,108.5,21.2,0.0085,,
1.1565,143,110.6,21.2,0.0075,,
1.1650,144,112.8,21.2,0.0075,,
1.1735,145,115.0,21.2,0.0075,,
1.1820,146,117.5,21.2,0.0075,,
1.1895,147,119.7,21.2,0.0075,,
1.1980,148,122.5,21.2,0.0085,,
1.2060,149,125.1,21.2,0.0080,,
1.2145,150,128.1,21.2,0.0075,,
1.2230,151,131.6,21.2,0.0075,,
1.2315,152,134.8,21.2,0.0075,,
1.2400,153,138.0,21.2,0.0085,,
1.2475,154,141.3,21.2,0.0075,,
1.2560,155,145.0,21.2,0.0085,,
1.2640,156,148.8,21.2,0.0075,,
1.2725,157,152.3,21.2,0.0075,,
1.2810,158,155.8,21.2,0.0075,,
1.2885,159,158.7,21.2,0.0075,,
1.2970,160,162.0,21.2,0.0085,,
1.3055,161,165.1,21.2,0.0075,,
1.3140,162,167.5,21.2,0.0075,,
1.3225,163,170.0,21.2,0.0075,,
1.3305,164,172.6,21.2,0.0075,,
1.3385,165,174.6,21.2,0.0080,,
1.3465,166,176.8,21.2,0.0080,,
1.3550,167,178.4,21.2,0.0075,,
1.3635,168,180.3,21.2,0.0075,,
1.3720,169,182.2,21.2,0.0075,,
1.3805,170,183.6,21.2,0.0075,,
1.3900,171,185.1,21.2,0.0075,,
1.3900,411,186.8,21.3,0.0000,,
1.3905,412,186.9,21.3,0.0005,,
1.3920,414,187.0,21.3,0.0010,,
1.3945,414,186.9,21.3,0.0050,,
1.3985,416,187.5,21.3,0.0025,,
1.4050,417,188.6,21.3,0.0110,,
1.4130,418,189.6,21.3,0.0135,,
1.4205,418,190.9,21.3,0.0150,,
1.4290,420,192.0,21.3,0.0055,,
1.4375,420,193.0,21.3,0.0170,,
1.4460,422,194.4,21.3,0.0055,,
1.4545,423,195.3,21.3,0.0140,,
1.4630,424,196.2,21.3,0.0140,,
1.4705,424,197.0,21.3,0.0150,,
1.4790,426,198.0,21.3,0.0055,,
1.4870,426,199.0,21.3,0.0160,,
1.4955,428,199.7,21.3,0.0055,,
1.5040,429,200.4,21.3,0.0140,,
1.5125,430,201.4,21.3,0.0140,,
1.5200,430,201.9,21.3,0.0150,,
1.5285,432,203.0,21.3,0.0055,,
1.5370,433,203.5,21.3,0.0140,,
1.5450,434,204.1,21.3,0.0135,,
1.5535,435,205.1,21.3,0.0140,,
1.5620,436,205.8,21.3,0.0140,,
1.5695,436,206.4,21.3,0.0150,,
1.5780,438,206.9,21.3,0.0055,,
1.5865,438,207.4,21.3,0.0170,,
1.5950,440,208.3,21.3,0.0055,,
1.6030,441,209.0,21.3,0.0135,,
1.6115,442,209.4,21.3,0.0140,,
1.6190,442,210.0,21.3,0.0150,,
1.6275,444,210.5,21.3,0.0055,,
1.6360,444,211.3,21.3,0.0170,,
1.6445,446,211.8,21.3,0.0055,,
1.6530,447,212.1,21.3,0.0140,,
1.6615,448,212.8,21.3,0.0140,,
1.6695,448,213.2,21.3,0.0160,,
1.6775,450,213.9,21.3,0.0055,,
1.6855,450,214.3,21.3,0.0160,,
1.6940,452,214.6,21.3,0.0055,,
1.7025,453,215.1,21.3,0.0140,,
1.7110,454,215.7,21.3,0.0140,,
1.7185,454,216.3,21.3,0.0150,,
1.7270,456,216.7,21.3,0.0055,,
1.7355,456,216.8,21.3,0.0170,,
1.7435,458,217.4,21.3,0.0050,,
1.7520,459,218.0,21.3,0.0140,,
1.7605,460,218.2,21.3,0.0140,,
1.7690,460,218.7,21.3,0.0170,,
1.7765,462,218.9,21.3,0.0050,,
1.7850,462,219.5,21.3,0.0170,,
1.7935,464,220.0,21.3,0.0055,,
1.8020,465,220.1,21.3,0.0140,,
1.8100,466,220.6,21.3,0.0135,,
1.8180,466,220.9,21.3,0.0160,,
1.8260,468,221.4,21.3,0.0055,,
1.8345,468,221.8,21.3,0.0170,,
1.8430,470,222.0,21.3,0.0055,,
1.8515,471,222.3,21.3,0.0140,,
1.8600,472,222.8,21.3,0.0140,,
1.8680,472,223.0,21.3,0.0160,,
1.8760,474,223.4,21.3,0.0055,,
1.8840,474,223.5,21.3,0.0160,,
1.8925,476,223.9,21.3,0.0055,,
1.9010,477,224.3,21.3,0.0140,,
1.9095,478,224.6,21.3,0.0140,,
1.9180,478,224.9,21.3,0.0170,,
1.9255,480,225.0,21.3,0.0050,,
1.9340,480,225.5,21.3,0.0170,,
1.9425,482,226.0,21.3,0.0055,,
1.9505,483,226.0,21.3,0.0135,,
1.9590,484,226.3,21.3,0.0140,,
1.9675,484,226.6,21.3,0.0170,,
1.9750,486,227.0,21.3,0.0050,,
1.9835,486,227.5,21.3,0.0170,,
1.9920,488,227.6,21.3,0.0055,,
2.0005,489,227.9,21.3,0.0140,,
2.0085,490,228.4,21.3,0.0135,,
2.0170,491,228.6,21.3,0.0140,,
2.0245,492,229.0,21.3,0.0150,,
2.0330,492,229.0,21.3,0.0170,,
2.0415,494,229.2,21.3,0.0055,,
2.0500,495,229.8,21.3,0.0140,,
2.0585,496,229.9,21.3,0.0140,,
2.0670,496,230.2,21.3,0.0170,,
2.0745,498,230.2,21.3,0.0050,,
2.0830,498,230.5,21.3,0.0170,,
2.0910,500,230.9,21.3,0.0050,,
2.0995,501,231.1,21.3,0.0140,,
2.1080,502,231.2,21.3,0.0140,,
2.1165,502,231.5,21.3,0.0170,,
2.1240,504,231.8,21.3,0.0050,,
2.1325,504,232.2,21.3,0.0170,,
2.1410,506,232.3,21.3,0.0055,,
2.1490,507,232.4,21.3,0.0135,,
2.1575,508,232.9,21.3,0.0140,,
2.1660,509,233.2,21.3,0.0140,,
2.1735,510,233.4,21.3,0.0150,,
2.1820,510,233.5,21.3,0.0170,,
2.1905,512,233.6,21.3,0.0055,,
2.1985,513,234.0,21.3,0.0135,,
2.2020,514,234.2,21.3,0.0060,,
2.2025,515,234.0,21.3,0.0010,,
2.2040,516,234.1,21.3,0.0030,,
2.2060,516,234.1,21.3,0.0040,,
2.2085,518,234.4,21.3,0.0015,,
2.2120,519,234.5,21.3,0.0060,,
2.2135,520,234.2,21.3,0.0025,,
2.2145,521,234.4,21.3,0.0015,,
2.2155,522,234.3,21.3,0.0020,,
2.2165,522,234.6,21.3,0.0020,,
2.2175,524,234.6,21.3,0.0005,,
2.2185,525,234.4,21.3,0.0015,,
2.2190,526,234.5,21.3,0.0010,,
2.2200,527,234.7,21.3,0.0015,,
2.2210,528,234.6,21.3,0.0020,,
2.2220,528,234.6,21.3,0.0020,,
2.2230,530,234.4,21.3,0.0005,,
2.2240,531,234.5,21.3,0.0015,,
2.2245,532,234.7,21.3,0.0010,,
2.2255,533,234.5,21.3,0.0015,,
2.2260,534,234.8,21.3,0.0010,,
2.2270,534,234.6,21.3,0.0020,,
2.2275,536,234.7,21.3,0.0005,,
2.2280,537,234.9,21.3,0.0010,,
2.2295,538,234.9,21.3,0.0025,,
2.2300,539,234.7,21.3,0.0010,,
2.2305,540,234.8,21.3,0.0010,,
2.2310,540,234.8,21.3,0.0010,,
2.2320,541,235.0,21.3,0.0010,,
Scope 1/1, Sample 5/33 (S2)
Result,TitrationEP1
V,t,E,T,dV/dt,E acc. stat.,Volume acc. stat.
0.0000,0,-66.9,21.2,NaN,,
0.0010,1,-66.9,21.2,0.0010,,
0.0025,2,-67.0,21.2,0.0015,,
0.0050,3,-67.0,21.2,0.0025,,
0.0090,4,-66.7,21.2,0.0035,,
0.0150,5,-66.1,21.2,0.0055,,
0.0235,6,-65.6,21.2,0.0075,,
0.0320,7,-64.6,21.2,0.0075,,
0.0405,8,-63.2,21.2,0.0075,,
0.0490,9,-62.0,21.2,0.0075,,
0.0565,10,-60.3,21.2,0.0070,,
0.0650,11,-58.8,21.2,0.0075,,
0.0735,12,-57.2,21.2,0.0075,,
0.0815,13,-55.0,21.2,0.0075,,
0.0900,14,-53.2,21.2,0.0075,,
0.0985,15,-51.1,21.2,0.0075,,
0.1060,16,-49.1,21.2,0.0070,,
0.1145,17,-46.7,21.2,0.0075,,
0.1230,18,-43.9,21.2,0.0075,,
0.1315,19,-41.3,21.2,0.0075,,
0.1395,20,-38.6,21.2,0.0075,,
0.1480,21,-35.4,21.2,0.0070,,
0.1555,22,-32.7,21.2,0.0070,,
0.1640,23,-29.3,21.2,0.0075,,
0.1725,24,-26.0,21.2,0.0075,,
0.1810,25,-22.9,21.2,0.0075,,
0.1895,26,-19.7,21.2,0.0075,,
0.1980,27,-17.2,21.2,0.0075,,
0.2055,28,-14.4,21.2,0.0070,,
0.2140,29,-12.3,21.2,0.0075,,
0.2220,30,-10.3,21.2,0.0075,,
0.2305,31,-8.1,21.2,0.0075,,
0.2390,32,-6.1,21.2,0.0075,,
0.2475,33,-4.5,21.2,0.0075,,
0.2550,34,-3.2,21.2,0.0070,,
0.2635,35,-1.8,21.2,0.0075,,
0.2720,36,-0.2,21.2,0.0075,,
0.2800,37,0.9,21.2,0.0075,,
0.2885,38,2.0,21.2,0.0075,,
0.2970,39,3.3,21.2,0.0075,,
0.3045,40,4.5,21.2,0.0070,,
0.3130,41,5.8,21.2,0.0075,,
0.3215,42,6.9,21.2,0.0075,,
0.3300,43,7.8,21.2,0.0075,,
0.3380,44,8.9,21.2,0.0075,,
0.3465,45,10.1,21.2,0.0070,,
0.3540,46,10.9,21.2,0.0070,,
0.3625,47,11.8,21.2,0.0075,,
0.3710,48,12.6,21.2,0.0075,,
0.3795,49,13.6,21.2,0.0075,,
0.3880,50,14.6,21.2,0.0075,,
0.3965,51,15.5,21.2,0.0075,,
0.4040,52,16.1,21.2,0.0070,,
0.4125,53,16.9,21.2,0.0075,,
0.4210,54,18.0,21.2,0.0075,,
0.4290,55,18.8,21.2,0.0075,,
0.4375,56,19.5,21.2,0.0075,,
0.4450,57,20.4,21.2,0.0070,,
0.4535,58,21.3,21.2,0.0075,,
0.4620,59,22.5,21.2,0.0075,,
0.4705,60,23.3,21.2,0.0075,,
0.4790,61,23.9,21.2,0.0075,,
0.4870,62,24.9,21.2,0.0075,,
0.4955,63,25.6,21.2,0.0075,,
0.5030,64,26.6,21.2,0.0070,,
0.5115,65,27.2,21.2,0.0075,,
0.5200,66,27.9,21.2,0.0075,,
0.5285,67,29.0,21.2,0.0075,,
0.5370,68,29.9,21.2,0.0075,,
0.5455,69,30.7,21.2,0.0075,,
0.5530,70,31.3,21.2,0.0070,,
0.5615,71,32.0,21.2,0.0075,,
0.5695,72,33.0,21.2,0.0075,,
0.5780,73,33.9,21.2,0.0075,,
0.5865,74,34.4,21.2,0.0075,,
0.5950,75,35.4,21.2,0.0075,,
0.6025,76,36.2,21.2,0.0070,,
0.6110,77,37.1,21.2,0.0075,,
0.6190,78,38.1,21.2,0.0075,,
0.6275,79,38.8,21.2,0.0075,,
0.6360,80,39.5,21.2,0.0075,,
0.6445,81,40.6,21.2,0.0075,,
0.6520,82,41.2,21.2,0.0070,,
0.6605,83,42.2,21.2,0.0075,,
0.6690,84,42.8,21.2,0.0075,,
0.6775,85,43.6,21.2,0.0075,,
0.6855,86,44.7,21.2,0.0075,,
0.6940,87,45.3,21.2,0.0070,,
0.7015,88,46.2,21.2,0.0070,,
0.7100,89,46.8,21.2,0.0075,,
0.7185,90,47.7,21.2,0.0075,,
0.7270,91,48.7,21.2,0.0075,,
0.7355,92,49.4,21.2,0.0075,,
0.7435,93,50.1,21.2,0.0075,,
0.7515,94,50.9,21.2,0.0075,,
0.7595,95,51.8,21.2,0.0075,,
0.7680,96,52.8,21.2,0.0075,,
0.7765,97,53.7,21.2,0.0075,,
0.7850,98,54.5,21.2,0.0075,,
0.7935,99,55.6,21.2,0.0070,,
0.8010,100,56.3,21.2,0.0070,,
0.8095,101,57.4,21.2,0.0075,,
0.8180,102,58.1,21.2,0.0075,,
0.8260,103,58.8,21.2,0.0075,,
0.8345,104,59.9,21.2,0.0075,,
0.8430,105,60.7,21.2,0.0075,,
0.8505,106,61.6,21.2,0.0070,,
0.8590,107,62.3,21.2,0.0075,,
0.8675,108,63.3,21.2,0.0075,,
0.8760,109,64.4,21.2,0.0075,,
0.8845,110,65.2,21.2,0.0075,,
0.8925,111,66.0,21.2,0.0075,,
0.9000,112,67.0,21.2,0.0070,,
0.9085,113,68.0,21.2,0.0075,,
0.9170,114,69.2,21.2,0.0075,,
0.9255,115,70.1,21.2,0.0075,,
0.9340,116,71.0,21.2,0.0075,,
0.9425,117,72.2,21.2,0.0075,,
0.9500,118,73.0,21.2,0.0070,,
0.9585,119,74.2,21.2,0.0075,,
0.9665,120,75.2,21.2,0.0075,,
0.9750,121,76.0,21.2,0.0075,,
0.9835,122,77.3,21.2,0.0075,,
0.9920,123,78.4,21.2,0.0070,,
0.9995,124,79.4,21.2,0.0070,,
1.0080,125,80.4,21.2,0.0075,,
1.0165,126,81.6,21.2,0.0075,,
1.0250,127,83.1,21.2,0.0075,,
1.0330,128,84.1,21.2,0.0075,,
1.0415,129,85.1,21.2,0.0075,,
1.0490,130,86.4,21.2,0.0070,,
1.0575,131,87.6,21.2,0.0075,,
1.0660,132,89.1,21.2,0.0075,,
1.0745,133,90.5,21.2,0.0075,,
1.0825,134,91.6,21.3,0.0075,,
1.0910,135,93.3,21.3,0.0075,,
1.0985,136,94.6,21.3,0.0070,,
1.1070,137,96.3,21.3,0.0075,,
1.1155,138,98.0,21.2,0.0075,,
1.1240,139,99.4,21.3,0.0075,,
1.1325,140,101.3,21.2,0.0075,,
1.1410,141,103.2,21.3,0.0075,,
1.1485,142,104.8,21.3,0.0070,,
1.1570,143,106.7,21.3,0.0075,,
1.1650,144,108.5,21.3,0.0075,,
1.1735,145,110.7,21.3,0.0075,,
1.1820,146,113.2,21.3,0.0075,,
1.1905,147,115.4,21.3,0.0075,,
1.1990,148,117.6,21.3,0.0075,,
1.2065,149,120.1,21.3,0.0070,,
1.2150,150,122.8,21.3,0.0075,,
1.2230,151,126.1,21.3,0.0075,,
1.2315,152,129.2,21.3,0.0075,,
1.2400,153,132.6,21.3,0.0075,,
1.2475,154,135.5,21.3,0.0070,,
1.2560,155,139.1,21.3,0.0075,,
1.2645,156,143.1,21.3,0.0075,,
1.2730,157,146.6,21.3,0.0075,,
1.2810,158,150.3,21.3,0.0075,,
1.2895,159,154.0,21.3,0.0075,,
1.2980,160,157.0,21.3,0.0075,,
1.3055,161,160.6,21.3,0.0070,,
1.3140,162,163.3,21.3,0.0075,,
1.3225,163,166.2,21.3,0.0075,,
1.3310,164,168.9,21.3,0.0075,,
1.3395,165,171.4,21.3,0.0075,,
1.3475,166,173.7,21.3,0.0075,,
1.3555,167,175.5,21.3,0.0075,,
1.3635,168,177.4,21.3,0.0075,,
1.3720,169,179.5,21.3,0.0075,,
1.3805,170,181.1,21.3,0.0075,,
1.3890,171,182.7,21.3,0.0075,,
1.3975,172,184.1,21.3,0.0075,,
1.4020,173,185.0,21.3,0.0055,,
1.4020,413,187.0,21.3,0.0000,,
1.4025,414,186.9,21.3,0.0005,,
1.4040,415,187.1,21.3,0.0020,,
1.4065,416,187.4,21.3,0.0030,,
1.4105,417,187.7,21.3,0.0045,,
1.4170,418,188.5,21.3,0.0070,,
1.4255,419,189.8,21.3,0.0095,,
1.4330,420,190.8,21.3,0.0095,,
1.4415,421,191.9,21.3,0.0105,,
1.4495,422,192.8,21.3,0.0100,,
1.4580,423,194.2,21.3,0.0095,,
1.4665,424,195.3,21.3,0.0095,,
1.4750,425,196.1,21.3,0.0095,,
1.4825,426,197.1,21.3,0.0095,,
1.4910,427,197.7,21.3,0.0105,,
1.4995,428,198.8,21.3,0.0105,,
1.5080,429,199.8,21.3,0.0095,,
1.5160,430,200.4,21.3,0.0090,,
1.5245,431,201.1,21.3,0.0095,,
1.5320,432,201.9,21.3,0.0095,,
1.5405,433,202.7,21.3,0.0105,,
1.5490,434,203.6,21.3,0.0105,,
1.5575,435,204.1,21.3,0.0095,,
1.5660,436,204.8,21.3,0.0095,,
1.5740,437,205.8,21.3,0.0090,,
1.5825,438,206.2,21.3,0.0105,,
1.5900,439,207.0,21.3,0.0095,,
1.5985,440,207.4,21.3,0.0105,,
1.6070,441,208.0,21.3,0.0095,,
1.6155,442,208.8,21.3,0.0095,,
1.6240,443,209.4,21.3,0.0095,,
1.6320,444,209.9,21.3,0.0100,,
1.6400,445,210.4,21.3,0.0100,,
1.6480,446,210.8,21.3,0.0100,,
1.6565,447,211.7,21.3,0.0095,,
1.6650,448,212.1,21.3,0.0095,,
1.6735,449,212.5,21.3,0.0095,,
1.6820,450,212.9,21.3,0.0105,,
1.6895,451,213.4,21.3,0.0095,,
1.6980,452,214.0,21.3,0.0105,,
1.7060,453,214.5,21.3,0.0090,,
1.7145,454,214.7,21.3,0.0095,,
1.7230,455,215.4,21.3,0.0095,,
1.7315,456,215.7,21.3,0.0105,,
1.7390,457,216.4,21.3,0.0095,,
1.7475,458,216.7,21.3,0.0105,,
1.7560,459,217.0,21.3,0.0095,,
1.7645,460,217.5,21.3,0.0095,,
1.7725,461,218.0,21.3,0.0090,,
1.7810,462,218.5,21.3,0.0105,,
1.7885,463,218.7,21.3,0.0095,,
1.7970,464,219.0,21.3,0.0105,,
1.8055,465,219.6,21.3,0.0095,,
1.8140,466,220.0,21.3,0.0095,,
1.8225,467,220.2,21.3,0.0095,,
1.8310,468,220.7,21.3,0.0105,,
1.8385,469,221.0,21.3,0.0095,,
1.8470,470,221.6,21.3,0.0105,,
1.8550,471,222.0,21.3,0.0090,,
1.8635,472,222.1,21.3,0.0095,,
1.8720,473,222.5,21.3,0.0095,,
1.8805,474,222.7,21.3,0.0105,,
1.8880,475,223.3,21.3,0.0095,,
1.8965,476,223.7,21.3,0.0105,,
1.9050,477,223.8,21.3,0.0095,,
1.9130,478,224.2,21.3,0.0090,,
1.9215,479,224.7,21.3,0.0095,,
1.9300,480,224.9,21.3,0.0095,,
1.9375,481,225.3,21.3,0.0095,,
1.9460,482,225.4,21.3,0.0105,,
1.9545,483,225.8,21.3,0.0095,,
1.9630,484,226.2,21.3,0.0095,,
1.9710,485,226.3,21.3,0.0090,,
1.9795,486,226.4,21.3,0.0095,,
1.9870,487,226.7,21.3,0.0095,,
1.9955,488,227.0,21.3,0.0105,,
2.0040,489,227.5,21.3,0.0105,,
2.0125,490,227.7,21.3,0.0095,,
2.0210,491,227.8,21.3,0.0095,,
2.0290,492,228.2,21.3,0.0090,,
2.0370,493,228.4,21.3,0.0100,,
2.0450,494,229.0,21.3,0.0100,,
2.0535,495,229.2,21.3,0.0105,,
2.0620,496,229.3,21.3,0.0095,,
2.0705,497,229.7,21.3,0.0095,,
2.0790,498,230.1,21.3,0.0095,,
2.0870,499,230.3,21.3,0.0100,,
2.0950,500,230.5,21.3,0.0100,,
2.1030,501,230.6,21.3,0.0100,,
2.1115,502,231.0,21.3,0.0095,,
2.1200,503,231.3,21.4,0.0095,,
2.1285,504,231.3,21.4,0.0095,,
2.1370,505,231.4,21.4,0.0095,,
2.1445,506,231.6,21.4,0.0095,,
2.1530,507,232.0,21.4,0.0105,,
2.1610,508,232.4,21.4,0.0100,,
2.1695,509,232.5,21.4,0.0095,,
2.1780,510,232.6,21.4,0.0095,,
2.1865,511,233.2,21.4,0.0095,,
2.1940,512,233.2,21.4,0.0095,,
2.2025,513,233.5,21.4,0.0105,,
2.2105,514,233.5,21.4,0.0100,,
2.2190,515,233.7,21.4,0.0095,,
2.2265,516,234.3,21.4,0.0085,,
2.2300,517,234.3,21.4,0.0045,,
2.2310,518,234.4,21.4,0.0010,,
2.2315,519,234.2,21.4,0.0005,,
2.2325,520,234.2,21.4,0.0010,,
2.2330,521,234.4,21.4,0.0005,,
2.2340,522,234.3,21.4,0.0010,,
2.2350,523,234.2,21.4,0.0010,,
2.2360,524,234.1,21.4,0.0010,,
2.2375,525,234.4,21.4,0.0020,,
2.2390,526,234.6,21.4,0.0015,,
2.2410,527,234.5,21.4,0.0020,,
2.2435,528,234.5,21.4,0.0030,,
2.2450,529,234.7,21.4,0.0015,,
2.2460,530,234.5,21.4,0.0010,,
2.2465,531,234.7,21.4,0.0005,,
2.2475,532,234.6,21.4,0.0010,,
2.2490,533,234.6,21.4,0.0015,,
2.2505,534,235.0,21.4,0.0015,,
2.2520,535,234.9,21.4,0.0020,,
2.2530,535,235.0,21.4,0.0035,,
Scope 1/1, Sample 6/33 (S3)
Result,TitrationEP1
V,t,E,T,dV/dt,E acc. stat.,Volume acc. stat.
0.0000,0,-68.2,21.2,NaN,,
0.0005,1,-68.4,21.2,0.0005,,
0.0025,2,-68.3,21.2,0.0020,,
0.0050,3,-68.0,21.2,0.0025,,
0.0090,4,-68.1,21.2,0.0035,,
0.0150,5,-67.8,21.2,0.0055,,
0.0235,6,-66.9,21.2,0.0075,,
0.0310,7,-66.1,21.2,0.0075,,
0.0395,8,-64.7,21.2,0.0085,,
0.0480,9,-63.6,21.2,0.0085,,
0.0565,10,-62.1,21.2,0.0075,,
0.0650,11,-60.2,21.2,0.0075,,
0.0730,12,-58.5,21.2,0.0075,,
0.0810,13,-56.7,21.2,0.0080,,
0.0890,14,-55.0,21.2,0.0080,,
0.0975,15,-53.2,21.2,0.0085,,
0.1060,16,-50.7,21.2,0.0075,,
0.1145,17,-48.6,21.2,0.0075,,
0.1230,18,-46.4,21.2,0.0075,,
0.1305,19,-43.9,21.2,0.0075,,
0.1390,20,-41.2,21.2,0.0085,,
0.1470,21,-38.2,21.2,0.0080,,
0.1555,22,-35.3,21.2,0.0075,,
0.1640,23,-32.4,21.2,0.0075,,
0.1725,24,-29.1,21.2,0.0075,,
0.1800,25,-26.3,21.2,0.0075,,
0.1885,26,-22.8,21.2,0.0085,,
0.1970,27,-19.9,21.2,0.0085,,
0.2055,28,-17.2,21.2,0.0075,,
0.2135,29,-14.5,21.2,0.0075,,
0.2220,30,-12.0,21.2,0.0075,,
0.2305,31,-10.1,21.2,0.0085,,
0.2380,32,-8.1,21.2,0.0075,,
0.2465,33,-6.6,21.2,0.0085,,
0.2550,34,-4.7,21.2,0.0075,,
0.2635,35,-3.0,21.2,0.0075,,
0.2715,36,-1.7,21.2,0.0075,,
0.2800,37,-0.4,21.2,0.0085,,
0.2875,38,0.7,21.2,0.0075,,
0.2960,39,2.1,21.2,0.0085,,
0.3045,40,3.6,21.2,0.0075,,
0.3130,41,4.7,21.2,0.0075,,
0.3215,42,5.9,21.2,0.0075,,
0.3290,43,6.9,21.2,0.0075,,
0.3375,44,8.3,21.2,0.0085,,
0.3460,45,9.3,21.2,0.0085,,
0.3540,46,10.1,21.2,0.0075,,
0.3625,47,11.2,21.2,0.0075,,
0.3710,48,12.4,21.2,0.0075,,
0.3795,49,13.2,21.2,0.0085,,
0.3870,50,14.2,21.2,0.0075,,
0.3955,51,15.0,21.2,0.0085,,
0.4040,52,16.0,21.2,0.0075,,
0.4120,53,17.1,21.2,0.0075,,
0.4205,54,17.8,21.2,0.0075,,
0.4290,55,18.8,21.2,0.0085,,
0.4365,56,19.5,21.2,0.0075,,
0.4450,57,20.5,21.2,0.0085,,
0.4535,58,21.5,21.2,0.0075,,
0.4620,59,22.3,21.2,0.0075,,
0.4705,60,22.9,21.2,0.0075,,
0.4780,61,23.7,21.2,0.0075,,
0.4865,62,24.8,21.2,0.0085,,
0.4945,63,25.7,21.2,0.0080,,
0.5030,64,26.3,21.2,0.0075,,
0.5115,65,27.3,21.2,0.0075,,
0.5200,66,28.4,21.2,0.0075,,
0.5275,67,29.1,21.2,0.0075,,
0.5360,68,29.9,21.2,0.0085,,
0.5445,69,30.6,21.2,0.0085,,
0.5530,70,31.6,21.2,0.0075,,
0.5610,71,32.5,21.2,0.0075,,
0.5695,72,33.2,21.2,0.0075,,
0.5770,73,34.0,21.2,0.0075,,
0.5855,74,34.6,21.2,0.0085,,
0.5940,75,35.5,21.2,0.0085,,
0.6025,76,36.6,21.2,0.0075,,
0.6110,77,37.3,21.2,0.0075,,
0.6190,78,38.1,21.2,0.0075,,
0.6270,79,38.9,21.2,0.0080,,
0.6350,80,39.8,21.2,0.0080,,
0.6435,81,40.8,21.2,0.0085,,
0.6520,82,41.4,21.2,0.0075,,
0.6605,83,42.2,21.2,0.0075,,
0.6690,84,43.4,21.2,0.0075,,
0.6765,85,44.0,21.2,0.0075,,
0.6850,86,44.9,21.2,0.0085,,
0.6930,87,45.5,21.2,0.0080,,
0.7015,88,46.4,21.2,0.0075,,
0.7100,89,47.4,21.2,0.0075,,
0.7185,90,48.0,21.2,0.0075,,
0.7260,91,48.9,21.2,0.0075,,
0.7345,92,49.6,21.2,0.0085,,
0.7430,93,50.5,21.2,0.0085,,
0.7515,94,51.5,21.2,0.0075,,
0.7595,95,52.3,21.2,0.0075,,
0.7680,96,53.0,21.2,0.0075,,
0.7765,97,54.0,21.2,0.0085,,
0.7840,98,54.8,21.2,0.0075,,
0.7925,99,56.0,21.2,0.0085,,
0.8010,100,56.7,21.2,0.0075,,
0.8095,101,57.4,21.2,0.0075,,
0.8175,102,58.4,21.2,0.0075,,
0.8260,103,59.2,21.2,0.0085,,
0.8335,104,60.2,21.2,0.0075,,
0.8420,105,61.0,21.2,0.0085,,
0.8505,106,61.8,21.2,0.0075,,
0.8590,107,63.0,21.2,0.0075,,
0.8675,108,64.0,21.2,0.0075,,
0.8755,109,64.6,21.3,0.0075,,
0.8835,110,65.6,21.3,0.0080,,
0.8915,111,66.4,21.2,0.0080,,
0.9000,112,67.7,21.3,0.0075,,
0.9085,113,68.7,21.3,0.0075,,
0.9170,114,69.4,21.3,0.0075,,
0.9255,115,70.5,21.3,0.0075,,
0.9330,116,71.3,21.3,0.0075,,
0.9415,117,72.5,21.3,0.0085,,
0.9500,118,73.6,21.3,0.0075,,
0.9580,119,74.5,21.3,0.0075,,
0.9665,120,75.7,21.3,0.0075,,
0.9750,121,76.6,21.3,0.0085,,
0.9825,122,77.9,21.3,0.0075,,
0.9910,123,79.0,21.3,0.0085,,
0.9995,124,79.8,21.3,0.0075,,
1.0080,125,81.1,21.3,0.0075,,
1.0160,126,82.5,21.3,0.0075,,
1.0245,127,83.4,21.3,0.0075,,
1.0320,128,84.6,21.3,0.0075,,
1.0405,129,85.6,21.3,0.0085,,
1.0490,130,87.1,21.3,0.0075,,
1.0575,131,88.6,21.3,0.0075,,
1.0660,132,89.7,21.3,0.0075,,
1.0745,133,91.1,21.3,0.0075,,
1.0820,134,92.3,21.3,0.0075,,
1.0900,135,93.9,21.3,0.0080,,
1.0985,136,95.4,21.3,0.0085,,
1.1070,137,96.7,21.3,0.0075,,
1.1155,138,98.2,21.3,0.0075,,
1.1240,139,100.2,21.3,0.0075,,
1.1315,140,101.8,21.3,0.0075,,
1.1400,141,103.7,21.3,0.0085,,
1.1480,142,105.3,21.3,0.0080,,
1.1565,143,107.0,21.3,0.0075,,
1.1650,144,109.4,21.3,0.0075,,
1.1735,145,111.5,21.3,0.0075,,
1.1810,146,113.6,21.3,0.0075,,
1.1895,147,115.7,21.3,0.0085,,
1.1980,148,118.2,21.3,0.0085,,
1.2065,149,121.1,21.3,0.0075,,
1.2145,150,123.8,21.3,0.0075,,
1.2230,151,126.6,21.3,0.0075,,
1.2315,152,129.4,21.3,0.0085,,
1.2390,153,132.6,21.3,0.0075,,
1.2475,154,136.2,21.3,0.0085,,
1.2560,155,139.6,21.3,0.0075,,
1.2645,156,143.1,21.3,0.0075,,
1.2730,157,147.0,21.3,0.0075,,
1.2805,158,150.1,21.3,0.0075,,
1.2885,159,153.8,21.3,0.0080,,
1.2970,160,157.2,21.3,0.0085,,
1.3055,161,160.2,21.3,0.0075,,
1.3140,162,163.6,21.3,0.0075,,
1.3225,163,166.6,21.3,0.0075,,
1.3300,164,169.1,21.3,0.0075,,
1.3385,165,171.4,21.3,0.0085,,
1.3470,166,173.6,21.3,0.0085,,
1.3550,167,175.9,21.3,0.0075,,
1.3635,168,178.0,21.3,0.0075,,
1.3720,169,179.5,21.3,0.0075,,
1.3805,170,181.2,21.3,0.0085,,
1.3880,171,182.9,21.3,0.0075,,
1.3965,172,184.6,21.3,0.0085,,
1.4010,173,185.0,21.3,0.0065,,
1.4010,413,186.6,21.3,0.0000,,
1.4015,414,186.8,21.3,0.0005,,
1.4030,415,187.0,21.3,0.0020,,
1.4055,416,187.0,21.3,0.0030,,
1.4095,417,187.4,21.3,0.0050,,
1.4160,418,188.3,21.3,0.0080,,
1.4240,419,189.4,21.3,0.0100,,
1.4320,420,190.6,21.3,0.0115,,
1.4400,421,191.7,21.3,0.0115,,
1.4485,422,192.7,21.3,0.0105,,
1.4570,423,193.9,21.3,0.0105,,
1.4655,424,194.9,21.3,0.0105,,
1.4740,425,195.7,21.3,0.0105,,
1.4815,426,196.8,21.3,0.0105,,
1.4900,427,197.7,21.3,0.0120,,
1.4980,428,198.9,21.3,0.0115,,
1.5065,429,199.8,21.3,0.0105,,
1.5150,430,200.3,21.3,0.0105,,
1.5235,431,201.3,21.3,0.0105,,
1.5310,432,201.9,21.3,0.0105,,
1.5395,433,202.9,21.3,0.0120,,
1.5480,434,203.6,21.3,0.0120,,
1.5565,435,204.1,21.3,0.0105,,
1.5645,436,204.9,21.3,0.0100,,
1.5730,437,205.8,21.3,0.0105,,
1.5805,438,206.3,21.3,0.0105,,
1.5890,439,206.9,21.3,0.0120,,
1.5975,440,207.4,21.3,0.0120,,
1.6060,441,208.2,21.3,0.0105,,
1.6145,442,208.9,21.3,0.0105,,
1.6225,443,209.3,21.3,0.0100,,
1.6305,444,209.9,21.3,0.0115,,
1.6385,445,210.2,21.3,0.0115,,
1.6470,446,210.9,21.3,0.0120,,
1.6555,447,211.5,21.3,0.0105,,
1.6640,448,211.8,21.3,0.0105,,
1.6725,449,212.3,21.3,0.0105,,
1.6800,450,212.7,21.3,0.0105,,
1.6885,451,213.4,21.3,0.0120,,
1.6970,452,214.0,21.3,0.0120,,
1.7050,453,214.3,21.3,0.0100,,
1.7135,454,214.7,21.3,0.0105,,
1.7220,455,215.5,21.3,0.0105,,
1.7295,456,215.8,21.3,0.0105,,
1.7380,457,216.3,21.3,0.0120,,
1.7465,458,216.5,21.3,0.0120,,
1.7550,459,217.1,21.3,0.0105,,
1.7630,460,217.6,21.3,0.0100,,
1.7715,461,217.8,21.3,0.0105,,
1.7790,462,218.4,21.3,0.0105,,
1.7875,463,218.5,21.3,0.0120,,
1.7960,464,219.1,21.3,0.0120,,
1.8045,465,219.6,21.3,0.0105,,
1.8130,466,219.8,21.3,0.0105,,
1.8215,467,220.2,21.3,0.0105,,
1.8290,468,220.4,21.3,0.0105,,
1.8375,469,221.1,21.3,0.0120,,
1.8455,470,221.5,21.3,0.0115,,
1.8540,471,221.6,21.3,0.0105,,
1.8625,472,222.0,21.4,0.0105,,
1.8710,473,222.6,21.3,0.0105,,
1.8785,474,222.9,21.3,0.0105,,
1.8870,475,223.2,21.3,0.0120,,
1.8955,476,223.3,21.3,0.0120,,
1.9040,477,223.7,21.4,0.0105,,
1.9120,478,224.3,21.3,0.0100,,
1.9205,479,224.5,21.3,0.0105,,
1.9280,480,225.0,21.3,0.0105,,
1.9365,481,225.0,21.4,0.0120,,
1.9450,482,225.4,21.3,0.0120,,
1.9535,483,225.9,21.3,0.0105,,
1.9620,484,226.1,21.4,0.0105,,
1.9700,485,226.3,21.4,0.0100,,
1.9780,486,226.5,21.4,0.0115,,
1.9860,487,226.9,21.4,0.0115,,
1.9945,488,227.3,21.4,0.0120,,
2.0030,489,227.4,21.4,0.0105,,
2.0115,490,227.5,21.4,0.0105,,
2.0200,491,228.1,21.4,0.0105,,
2.0280,492,228.2,21.4,0.0115,,
2.0360,493,228.7,21.4,0.0115,,
2.0440,494,228.9,21.4,0.0115,,
2.0525,495,229.0,21.4,0.0105,,
2.0610,496,229.4,21.4,0.0105,,
2.0695,497,229.8,21.4,0.0105,,
2.0780,498,229.9,21.4,0.0105,,
2.0855,499,230.2,21.4,0.0105,,
2.0940,500,230.4,21.4,0.0120,,
2.1020,501,230.8,21.4,0.0100,,
2.1105,502,231.1,21.4,0.0105,,
2.1190,503,231.1,21.4,0.0105,,
2.1275,504,231.3,21.4,0.0105,,
2.1350,505,231.4,21.4,0.0105,,
2.1435,506,231.8,21.4,0.0120,,
2.1520,507,232.2,21.4,0.0120,,
2.1600,508,232.1,21.4,0.0100,,
2.1685,509,232.3,21.4,0.0105,,
2.1770,510,232.9,21.4,0.0105,,
2.1845,511,232.9,21.4,0.0105,,
2.1930,512,233.3,21.4,0.0120,,
2.2015,513,233.2,21.4,0.0120,,
2.2095,514,233.5,21.4,0.0100,,
2.2175,515,234.0,21.4,0.0100,,
2.2235,516,234.2,21.4,0.0075,,
2.2260,517,234.3,21.4,0.0035,,
2.2265,518,234.0,21.4,0.0005,,
2.2280,519,234.2,21.4,0.0020,,
2.2295,520,234.4,21.4,0.0020,,
2.2305,521,234.2,21.4,0.0010,,
2.2320,522,234.2,21.4,0.0020,,
2.2330,523,234.4,21.4,0.0015,,
2.2335,524,234.4,21.4,0.0005,,
2.2340,525,234.6,21.4,0.0005,,
2.2355,526,234.5,21.4,0.0020,,
2.2370,527,234.3,21.4,0.0020,,
2.2385,528,234.5,21.4,0.0020,,
2.2400,529,234.4,21.4,0.0020,,
2.2415,530,234.6,21.4,0.0020,,
2.2425,531,234.5,21.4,0.0015,,
2.2425,532,234.4,21.4,0.0000,,
2.2440,533,234.7,21.4,0.0020,,
2.2450,534,234.7,21.4,0.0010,,
2.2465,535,234.8,21.4,0.0020,,
2.2475,536,234.6,21.4,0.0015,,
2.2485,537,234.8,21.4,0.0010,,
2.2495,538,235.1,21.4,0.0010,,
Scope 1/1, Sample 7/33 (S4)
Result,TitrationEP1
V,t,E,T,dV/dt,E acc. stat.,Volume acc. stat.
0.0000,0,-67.8,21.3,NaN,,
0.0010,1,-68.0,21.3,0.0010,,
0.0025,2,-67.9,21.3,0.0015,,
0.0050,3,-68.0,21.3,0.0025,,
0.0090,4,-67.7,21.3,0.0035,,
0.0150,5,-67.2,21.3,0.0055,,
0.0235,6,-66.8,21.3,0.0075,,
0.0320,7,-65.8,21.3,0.0075,,
0.0405,8,-64.8,21.3,0.0085,,
0.0480,9,-63.5,21.3,0.0075,,
0.0565,10,-61.8,21.3,0.0075,,
0.0645,11,-60.4,21.3,0.0075,,
0.0730,12,-58.7,21.3,0.0075,,
0.0815,13,-56.6,21.3,0.0075,,
0.0900,14,-54.7,21.3,0.0075,,
0.0975,15,-52.9,21.3,0.0075,,
0.1060,16,-50.8,21.3,0.0075,,
0.1145,17,-48.7,21.3,0.0075,,
0.1225,18,-46.2,21.3,0.0075,,
0.1310,19,-43.6,21.3,0.0075,,
0.1395,20,-41.1,21.3,0.0075,,
0.1470,21,-38.4,21.3,0.0075,,
0.1555,22,-35.6,21.3,0.0075,,
0.1640,23,-32.4,21.3,0.0075,,
0.1725,24,-29.3,21.3,0.0075,,
0.1805,25,-26.3,21.3,0.0075,,
0.1890,26,-23.3,21.3,0.0075,,
0.1965,27,-20.7,21.3,0.0075,,
0.2050,28,-17.7,21.3,0.0075,,
0.2135,29,-15.2,21.3,0.0075,,
0.2220,30,-13.0,21.3,0.0075,,
0.2305,31,-10.9,21.3,0.0075,,
0.2390,32,-8.8,21.3,0.0075,,
0.2465,33,-7.2,21.3,0.0075,,
0.2550,34,-5.5,21.3,0.0075,,
0.2630,35,-4.0,21.3,0.0075,,
0.2715,36,-2.5,21.3,0.0075,,
0.2800,37,-1.2,21.3,0.0075,,
0.2885,38,-0.1,21.3,0.0075,,
0.2970,39,0.9,21.3,0.0085,,
0.3045,40,1.9,21.3,0.0075,,
0.3130,41,3.5,21.3,0.0075,,
0.3210,42,4.8,21.3,0.0075,,
0.3295,43,5.7,21.3,0.0075,,
0.3380,44,6.8,21.3,0.0075,,
0.3455,45,7.7,21.3,0.0075,,
0.3540,46,8.9,21.3,0.0075,,
0.3625,47,9.9,21.3,0.0075,,
0.3710,48,10.6,21.3,0.0075,,
0.3795,49,11.7,21.3,0.0075,,
0.3875,50,12.7,21.3,0.0075,,
0.3955,51,13.5,21.3,0.0080,,
0.4035,52,14.4,21.3,0.0075,,
0.4120,53,15.1,21.3,0.0075,,
0.4205,54,16.2,21.3,0.0075,,
0.4290,55,17.1,21.3,0.0075,,
0.4375,56,17.7,21.3,0.0075,,
0.4450,57,18.7,21.3,0.0075,,
0.4535,58,19.4,21.3,0.0075,,
0.4620,59,20.5,21.3,0.0075,,
0.4700,60,21.4,21.3,0.0075,,
0.4785,61,22.0,21.3,0.0075,,
0.4870,62,23.0,21.3,0.0075,,
0.4945,63,23.7,21.3,0.0075,,
0.5030,64,24.8,21.3,0.0075,,
0.5115,65,25.7,21.3,0.0075,,
0.5200,66,26.3,21.3,0.0075,,
0.5280,67,27.2,21.3,0.0075,,
0.5365,68,28.2,21.3,0.0075,,
0.5440,69,29.0,21.3,0.0075,,
0.5525,70,29.8,21.3,0.0075,,
0.5610,71,30.5,21.3,0.0075,,
0.5695,72,31.4,21.3,0.0075,,
0.5780,73,32.4,21.3,0.0075,,
0.5865,74,33.1,21.3,0.0075,,
0.5940,75,34.0,21.3,0.0075,,
0.6020,76,34.5,21.3,0.0075,,
0.6105,77,35.5,21.3,0.0075,,
0.6190,78,36.5,21.3,0.0075,,
0.6275,79,37.2,21.3,0.0075,,
0.6360,80,37.8,21.3,0.0075,,
0.6440,81,38.8,21.3,0.0075,,
0.6520,82,39.4,21.3,0.0080,,
0.6600,83,40.4,21.3,0.0075,,
0.6685,84,41.3,21.3,0.0075,,
0.6770,85,42.0,21.3,0.0075,,
0.6855,86,43.1,21.3,0.0075,,
0.6940,87,43.7,21.3,0.0085,,
0.7015,88,44.8,21.3,0.0075,,
0.7100,89,45.5,21.3,0.0075,,
0.7185,90,46.2,21.3,0.0075,,
0.7265,91,47.2,21.3,0.0075,,
0.7350,92,48.1,21.3,0.0075,,
0.7435,93,48.9,21.3,0.0085,,
0.7510,94,49.6,21.3,0.0075,,
0.7595,95,50.5,21.3,0.0075,,
0.7680,96,51.6,21.3,0.0075,,
0.7765,97,52.5,21.3,0.0075,,
0.7845,98,53.1,21.3,0.0075,,
0.7930,99,54.1,21.3,0.0075,,
0.8005,100,54.8,21.3,0.0075,,
0.8090,101,56.0,21.3,0.0075,,
0.8175,102,56.9,21.3,0.0075,,
0.8260,103,57.7,21.3,0.0075,,
0.8345,104,58.7,21.3,0.0075,,
0.8420,105,59.4,21.3,0.0075,,
0.8505,106,60.4,21.3,0.0075,,
0.8590,107,61.1,21.3,0.0075,,
0.8670,108,61.9,21.3,0.0075,,
0.8755,109,62.9,21.3,0.0075,,
0.8840,110,63.8,21.3,0.0075,,
0.8915,111,64.9,21.3,0.0075,,
0.9000,112,65.7,21.3,0.0075,,
0.9085,113,66.6,21.3,0.0075,,
0.9170,114,67.8,21.3,0.0075,,
0.9255,115,68.9,21.3,0.0075,,
0.9335,116,69.7,21.3,0.0075,,
0.9420,117,70.8,21.3,0.0085,,
0.9495,118,71.8,21.3,0.0070,,
0.9580,119,73.1,21.3,0.0075,,
0.9665,120,74.1,21.3,0.0075,,
0.9750,121,75.0,21.3,0.0075,,
0.9835,122,76.2,21.3,0.0075,,
0.9915,123,76.9,21.3,0.0080,,
0.9995,124,78.3,21.3,0.0075,,
1.0075,125,79.4,21.3,0.0075,,
1.0160,126,80.5,21.3,0.0075,,
1.0245,127,81.9,21.3,0.0075,,
1.0330,128,83.2,21.3,0.0075,,
1.0405,129,84.3,21.3,0.0075,,
1.0490,130,85.4,21.3,0.0075,,
1.0575,131,86.6,21.3,0.0075,,
1.0655,132,88.0,21.3,0.0075,,
1.0740,133,89.5,21.3,0.0075,,
1.0825,134,90.6,21.3,0.0075,,
1.0910,135,91.9,21.3,0.0070,,
1.0985,136,93.3,21.3,0.0075,,
1.1070,137,94.9,21.3,0.0075,,
1.1155,138,96.7,21.3,0.0075,,
1.1240,139,98.1,21.3,0.0075,,
1.1320,140,99.7,21.3,0.0075,,
1.1405,141,101.6,21.3,0.0075,,
1.1480,142,103.2,21.3,0.0075,,
1.1565,143,105.2,21.3,0.0075,,
1.1650,144,107.2,21.3,0.0075,,
1.1735,145,109.1,21.3,0.0075,,
1.1820,146,111.4,21.3,0.0075,,
1.1900,147,113.5,21.3,0.0080,,
1.1980,148,116.1,21.3,0.0080,,
1.2060,149,118.5,21.3,0.0075,,
1.2145,150,121.3,21.3,0.0075,,
1.2230,151,124.5,21.3,0.0075,,
1.2315,152,127.6,21.3,0.0075,,
1.2400,153,130.9,21.3,0.0085,,
1.2475,154,134.0,21.3,0.0075,,
1.2560,155,137.7,21.3,0.0075,,
1.2645,156,141.6,21.3,0.0075,,
1.2725,157,145.2,21.3,0.0075,,
1.2810,158,149.1,21.3,0.0075,,
1.2895,159,152.1,21.3,0.0085,,
1.2970,160,155.7,21.3,0.0075,,
1.3055,161,159.1,21.3,0.0075,,
1.3140,162,162.3,21.3,0.0075,,
1.3225,163,165.3,21.3,0.0075,,
1.3310,164,168.2,21.3,0.0075,,
1.3385,165,170.4,21.3,0.0075,,
1.3470,166,172.7,21.3,0.0085,,
1.3550,167,174.8,21.3,0.0075,,
1.3635,168,176.8,21.3,0.0075,,
1.3720,169,178.9,21.3,0.0075,,
1.3805,170,180.5,21.3,0.0075,,
1.3880,171,182.2,21.3,0.0075,,
1.3965,172,183.6,21.3,0.0075,,
1.4070,173,185.2,21.3,0.0075,,
1.4070,413,187.5,21.4,0.0000,,
1.4075,414,187.3,21.4,0.0005,,
1.4090,416,187.2,21.4,0.0010,,
1.4115,416,187.7,21.4,0.0050,,
1.4155,418,188.1,21.4,0.0025,,
1.4215,419,188.5,21.4,0.0100,,
1.4295,420,189.7,21.4,0.0135,,
1.4375,420,190.6,21.4,0.0160,,
1.4455,422,191.9,21.4,0.0055,,
1.4540,422,193.0,21.4,0.0170,,
1.4625,424,193.9,21.4,0.0055,,
1.4710,425,195.1,21.4,0.0140,,
1.4795,426,196.1,21.4,0.0140,,
1.4870,426,197.1,21.4,0.0150,,
1.4955,428,197.9,21.4,0.0055,,
1.5040,429,198.6,21.4,0.0140,,
1.5120,430,199.6,21.4,0.0135,,
1.5205,431,200.5,21.4,0.0140,,
1.5290,432,201.2,21.4,0.0140,,
1.5365,432,202.0,21.4,0.0150,,
1.5450,434,202.5,21.4,0.0055,,
1.5535,434,203.4,21.4,0.0170,,
1.5620,436,204.3,21.4,0.0055,,
1.5700,437,204.9,21.4,0.0135,,
1.5785,438,205.5,21.4,0.0140,,
1.5860,438,206.0,21.4,0.0150,,
1.5945,440,206.8,21.4,0.0055,,
1.6030,440,207.6,21.4,0.0170,,
1.6115,442,208.0,21.4,0.0055,,
1.6200,443,208.8,21.4,0.0140,,
1.6280,444,209.5,21.4,0.0135,,
1.6360,444,210.0,21.4,0.0160,,
1.6440,446,210.7,21.4,0.0055,,
1.6525,446,211.1,21.4,0.0170,,
1.6610,448,211.5,21.4,0.0055,,
1.6695,449,212.3,21.4,0.0140,,
1.6780,450,212.7,21.4,0.0140,,
1.6860,450,213.1,21.4,0.0160,,
1.6940,452,213.5,21.4,0.0055,,
1.7020,452,213.8,21.4,0.0160,,
1.7105,454,214.6,21.4,0.0055,,
1.7190,455,215.1,21.4,0.0140,,
1.7275,456,215.4,21.4,0.0140,,
1.7360,457,215.9,21.4,0.0140,,
1.7435,458,216.3,21.4,0.0150,,
1.7520,458,216.9,21.4,0.0170,,
1.7600,460,217.4,21.4,0.0055,,
1.7685,461,217.6,21.4,0.0140,,
1.7770,462,218.1,21.4,0.0140,,
1.7855,463,218.7,21.4,0.0140,,
1.7930,464,218.9,21.4,0.0150,,
1.8015,464,219.4,21.4,0.0170,,
1.8100,466,219.6,21.4,0.0055,,
1.8185,467,220.1,21.4,0.0140,,
1.8265,468,220.6,21.4,0.0135,,
1.8350,469,220.7,21.4,0.0140,,
1.8425,470,221.2,21.4,0.0150,,
1.8510,470,221.3,21.4,0.0170,,
1.8595,472,221.6,21.4,0.0055,,
1.8680,473,222.3,21.4,0.0140,,
1.8765,474,222.5,21.4,0.0140,,
1.8845,475,222.7,21.4,0.0135,,
1.8925,476,223.0,21.4,0.0160,,
1.9005,476,223.5,21.4,0.0160,,
1.9090,478,224.0,21.4,0.0055,,
1.9175,479,224.1,21.4,0.0140,,
1.9260,480,224.3,21.4,0.0140,,
1.9345,481,224.9,21.4,0.0140,,
1.9420,482,225.1,21.4,0.0150,,
1.9505,482,225.5,21.4,0.0170,,
1.9585,484,225.6,21.4,0.0055,,
1.9670,485,225.9,21.4,0.0140,,
1.9755,486,226.4,21.4,0.0140,,
1.9840,487,226.6,21.4,0.0140,,
1.9915,488,226.9,21.4,0.0150,,
2.0000,488,227.0,21.4,0.0170,,
2.0085,490,227.3,21.4,0.0055,,
2.0170,491,227.8,21.4,0.0140,,
2.0250,492,227.9,21.4,0.0135,,
2.0335,493,228.1,21.4,0.0140,,
2.0410,494,228.3,21.4,0.0150,,
2.0495,494,228.7,21.4,0.0170,,
2.0580,496,229.2,21.4,0.0055,,
2.0665,497,229.2,21.4,0.0140,,
2.0750,498,229.5,21.4,0.0140,,
2.0835,498,229.7,21.4,0.0170,,
2.0910,500,230.2,21.4,0.0050,,
2.0995,500,230.6,21.4,0.0170,,
2.1075,502,230.6,21.4,0.0050,,
2.1160,503,230.9,21.4,0.0140,,
2.1245,504,231.3,21.4,0.0140,,
2.1330,504,231.4,21.4,0.0170,,
2.1405,506,231.7,21.4,0.0050,,
2.1490,506,231.7,21.4,0.0170,,
2.1575,508,232.0,21.4,0.0055,,
2.1660,509,232.4,21.4,0.0140,,
2.1740,510,232.5,21.4,0.0135,,
2.1825,510,232.8,21.4,0.0170,,
2.1900,512,232.8,21.4,0.0050,,
2.1985,512,233.1,21.4,0.0170,,
2.2065,514,233.6,21.4,0.0055,,
2.2150,515,233.8,21.4,0.0140,,
2.2220,516,233.8,21.4,0.0115,,
2.2300,517,234.1,21.4,0.0135,,
2.2360,518,234.2,21.4,0.0120,,
2.2395,518,234.5,21.4,0.0070,,
2.2405,520,234.5,21.4,0.0005,,
2.2410,521,234.3,21.4,0.0010,,
2.2420,522,234.3,21.4,0.0015,,
2.2425,523,234.6,21.4,0.0010,,
2.2430,524,234.5,21.4,0.0010,,
2.2435,524,234.5,21.4,0.0010,,
2.2450,526,234.4,21.4,0.0010,,
2.2465,527,234.6,21.4,0.0025,,
2.2480,528,234.8,21.4,0.0025,,
2.2495,529,234.5,21.4,0.0025,,
2.2505,530,234.7,21.4,0.0020,,
2.2505,530,234.5,21.4,0.0000,,
2.2510,532,234.6,21.4,0.0005,,
2.2520,533,234.8,21.4,0.0015,,
2.2525,534,234.6,21.4,0.0010,,
2.2535,535,234.6,21.4,0.0015,,
2.2545,535,235.0,21.4,0.0025,,
Scope 1/1, Sample 8/33 (S5)
Result,TitrationEP1
V,t,E,T,dV/dt,E acc. stat.,Volume acc. stat.
0.0000,0,-67.0,21.4,NaN,,
0.0005,1,-67.1,21.4,0.0005,,
0.0025,2,-67.0,21.4,0.0020,,
0.0050,3,-66.8,21.4,0.0025,,
0.0085,4,-66.8,21.4,0.0030,,
0.0150,5,-66.7,21.4,0.0060,,
0.0230,6,-65.7,21.4,0.0075,,
0.0305,7,-64.9,21.4,0.0075,,
0.0390,8,-63.4,21.4,0.0085,,
0.0475,9,-62.1,21.4,0.0075,,
0.0560,10,-60.7,21.4,0.0075,,
0.0645,11,-58.9,21.4,0.0075,,
0.0725,12,-57.1,21.4,0.0075,,
0.0800,13,-55.4,21.4,0.0075,,
0.0885,14,-53.5,21.4,0.0085,,
0.0970,15,-51.6,21.4,0.0085,,
0.1055,16,-49.4,21.4,0.0075,,
0.1140,17,-46.9,21.4,0.0075,,
0.1225,18,-44.7,21.4,0.0075,,
0.1300,19,-42.1,21.4,0.0075,,
0.1385,20,-39.4,21.4,0.0085,,
0.1465,21,-36.3,21.4,0.0080,,
0.1550,22,-33.2,21.4,0.0075,,
0.1635,23,-30.1,21.4,0.0075,,
0.1720,24,-26.9,21.4,0.0075,,
0.1795,25,-24.0,21.4,0.0075,,
0.1880,26,-20.7,21.4,0.0085,,
0.1965,27,-17.7,21.4,0.0085,,
0.2045,28,-15.2,21.4,0.0075,,
0.2130,29,-12.7,21.4,0.0075,,
0.2215,30,-10.3,21.4,0.0075,,
0.2300,31,-8.5,21.4,0.0085,,
0.2375,32,-6.5,21.4,0.0075,,
0.2460,33,-5.0,21.4,0.0085,,
0.2545,34,-3.3,21.4,0.0075,,
0.2625,35,-1.6,21.4,0.0075,,
0.2710,36,-0.4,21.4,0.0075,,
0.2795,37,0.7,21.4,0.0075,,
0.2870,38,1.9,21.4,0.0075,,
0.2955,39,3.4,21.4,0.0085,,
0.3040,40,4.8,21.4,0.0075,,
0.3125,41,5.8,21.4,0.0075,,
0.3210,42,6.8,21.4,0.0075,,
0.3290,43,8.1,21.4,0.0075,,
0.3370,44,8.9,21.4,0.0080,,
0.3450,45,10.2,21.4,0.0080,,
0.3535,46,11.1,21.4,0.0085,,
0.3620,47,12.1,21.4,0.0075,,
0.3705,48,13.2,21.4,0.0075,,
0.3790,49,14.2,21.4,0.0075,,
0.3865,50,15.0,21.5,0.0075,,
0.3950,51,16.0,21.5,0.0085,,
0.4030,52,16.7,21.5,0.0080,,
0.4115,53,17.9,21.5,0.0075,,
0.4200,54,18.7,21.5,0.0075,,
0.4285,55,19.5,21.4,0.0075,,
0.4360,56,20.3,21.5,0.0075,,
0.4445,57,21.1,21.5,0.0085,,
0.4530,58,22.2,21.5,0.0085,,
0.4610,59,23.0,21.5,0.0075,,
0.4695,60,23.6,21.5,0.0075,,
0.4780,61,24.7,21.5,0.0075,,
0.4855,62,25.4,21.5,0.0075,,
0.4940,63,26.5,21.5,0.0085,,
0.5025,64,27.3,21.5,0.0075,,
0.5110,65,28.0,21.5,0.0075,,
0.5195,66,28.9,21.5,0.0075,,
0.5275,67,29.9,21.5,0.0075,,
0.5350,68,30.6,21.5,0.0075,,
0.5435,69,31.5,21.5,0.0085,,
0.5520,70,32.0,21.5,0.0085,,
0.5605,71,33.0,21.5,0.0075,,
0.5690,72,34.1,21.5,0.0075,,
0.5775,73,34.7,21.5,0.0075,,
0.5850,74,35.5,21.5,0.0075,,
0.5935,75,36.1,21.5,0.0085,,
0.6015,76,37.1,21.5,0.0080,,
0.6100,77,38.1,21.5,0.0075,,
0.6185,78,38.7,21.5,0.0075,,
0.6270,79,39.5,21.5,0.0075,,
0.6345,80,40.2,21.5,0.0075,,
0.6430,81,41.3,21.5,0.0085,,
0.6515,82,42.2,21.5,0.0085,,
0.6595,83,42.8,21.5,0.0075,,
0.6680,84,43.6,21.5,0.0075,,
0.6765,85,44.7,21.5,0.0075,,
0.6840,86,45.4,21.5,0.0075,,
0.6925,87,46.4,21.5,0.0085,,
0.7010,88,46.9,21.5,0.0085,,
0.7095,89,47.8,21.5,0.0075,,
0.7180,90,49.0,21.5,0.0075,,
0.7260,91,49.7,21.5,0.0075,,
0.7340,92,50.6,21.5,0.0080,,
0.7420,93,51.1,21.5,0.0080,,
0.7505,94,52.0,21.5,0.0085,,
0.7590,95,53.0,21.5,0.0075,,
0.7675,96,53.7,21.5,0.0075,,
0.7760,97,54.4,21.5,0.0075,,
0.7835,98,55.3,21.5,0.0075,,
0.7920,99,56.3,21.5,0.0085,,
0.8005,100,57.3,21.5,0.0085,,
0.8085,101,58.0,21.5,0.0075,,
0.8170,102,58.8,21.5,0.0075,,
0.8255,103,59.9,21.5,0.0075,,
0.8330,104,60.7,21.5,0.0075,,
0.8415,105,61.8,21.5,0.0085,,
0.8500,106,62.4,21.5,0.0085,,
0.8585,107,63.4,21.5,0.0075,,
0.8665,108,64.6,21.5,0.0075,,
0.8750,109,65.5,21.5,0.0075,,
0.8835,110,66.4,21.5,0.0085,,
0.8910,111,67.2,21.5,0.0075,,
0.8995,112,68.2,21.5,0.0085,,
0.9080,113,69.4,21.5,0.0075,,
0.9165,114,70.3,21.5,0.0075,,
0.9245,115,71.1,21.5,0.0075,,
0.9325,116,72.2,21.5,0.0080,,
0.9405,117,73.1,21.5,0.0080,,
0.9490,118,74.4,21.5,0.0085,,
0.9575,119,75.5,21.5,0.0075,,
0.9660,120,76.3,21.5,0.0075,,
0.9745,121,77.5,21.5,0.0075,,
0.9820,122,78.5,21.5,0.0075,,
0.9905,123,79.8,21.5,0.0085,,
0.9990,124,80.7,21.5,0.0085,,
1.0070,125,81.7,21.5,0.0075,,
1.0155,126,83.2,21.5,0.0075,,
1.0240,127,84.5,21.5,0.0075,,
1.0325,128,85.6,21.5,0.0085,,
1.0400,129,86.7,21.5,0.0075,,
1.0485,130,87.9,21.5,0.0085,,
1.0570,131,89.4,21.5,0.0075,,
1.0650,132,90.7,21.5,0.0075,,
1.0735,133,91.8,21.5,0.0075,,
1.0810,134,93.3,21.5,0.0075,,
1.0895,135,94.7,21.5,0.0085,,
1.0980,136,96.4,21.5,0.0085,,
1.1065,137,97.9,21.5,0.0075,,
1.1150,138,99.2,21.5,0.0075,,
1.1235,139,100.7,21.5,0.0075,,
1.1310,140,102.3,21.5,0.0075,,
1.1395,141,104.5,21.5,0.0085,,
1.1475,142,106.3,21.5,0.0080,,
1.1560,143,108.2,21.5,0.0075,,
1.1645,144,110.4,21.5,0.0075,,
1.1730,145,112.4,21.5,0.0075,,
1.1805,146,114.2,21.5,0.0075,,
1.1890,147,116.6,21.5,0.0085,,
1.1975,148,118.7,21.5,0.0085,,
1.2060,149,121.5,21.5,0.0075,,
1.2140,150,124.5,21.5,0.0075,,
1.2225,151,127.3,21.5,0.0075,,
1.2310,152,130.3,21.5,0.0085,,
1.2385,153,133.6,21.5,0.0075,,
1.2470,154,136.9,21.5,0.0085,,
1.2555,155,140.3,21.5,0.0075,,
1.2640,156,143.6,21.5,0.0075,,
1.2720,157,147.2,21.5,0.0075,,
1.2805,158,150.5,21.5,0.0085,,
1.2880,159,154.1,21.5,0.0075,,
1.2965,160,157.8,21.5,0.0085,,
1.3050,161,160.5,21.5,0.0075,,
1.3135,162,163.8,21.5,0.0075,,
1.3220,163,166.9,21.5,0.0075,,
1.3295,164,169.1,21.5,0.0075,,
1.3380,165,171.7,21.5,0.0085,,
1.3465,166,173.6,21.5,0.0085,,
1.3545,167,176.1,21.5,0.0075,,
1.3630,168,178.3,21.5,0.0075,,
1.3715,169,179.9,21.5,0.0075,,
1.3800,170,181.3,21.5,0.0085,,
1.3875,171,182.7,21.5,0.0075,,
1.3960,172,184.6,21.5,0.0085,,
1.4005,173,185.2,21.5,0.0065,,
1.4005,413,186.7,21.5,0.0000,,
1.4010,414,186.4,21.5,0.0005,,
1.4025,415,186.6,21.5,0.0020,,
1.4050,416,187.1,21.5,0.0030,,
1.4090,417,187.4,21.5,0.0045,,
1.4155,418,188.3,21.5,0.0070,,
1.4240,419,189.2,21.5,0.0105,,
1.4315,420,190.6,21.5,0.0095,,
1.4395,421,192.0,21.5,0.0100,,
1.4480,422,192.9,21.5,0.0095,,
1.4565,423,193.9,21.5,0.0095,,
1.4650,424,195.2,21.5,0.0095,,
1.4735,425,196.0,21.5,0.0105,,
1.4810,426,197.0,21.5,0.0095,,
1.4895,427,197.7,21.5,0.0105,,
1.4980,428,198.8,21.5,0.0095,,
1.5060,429,199.8,21.5,0.0090,,
1.5145,430,200.4,21.5,0.0095,,
1.5230,431,201.1,21.5,0.0095,,
1.5305,432,201.8,21.5,0.0095,,
1.5390,433,202.6,21.5,0.0095,,
1.5475,434,203.5,21.5,0.0095,,
1.5560,435,204.2,21.5,0.0095,,
1.5640,436,204.7,21.5,0.0090,,
1.5725,437,205.6,21.5,0.0095,,
1.5800,438,206.0,21.5,0.0095,,
1.5885,439,206.9,21.5,0.0105,,
1.5970,440,207.5,21.5,0.0105,,
1.6055,441,207.9,21.5,0.0095,,
1.6140,442,208.8,21.5,0.0095,,
1.6225,443,209.5,21.5,0.0095,,
1.6300,444,210.0,21.5,0.0095,,
1.6385,445,210.4,21.5,0.0105,,
1.6465,446,210.9,21.5,0.0100,,
1.6550,447,211.7,21.5,0.0095,,
1.6635,448,212.2,21.5,0.0095,,
1.6720,449,212.8,21.5,0.0105,,
1.6795,450,213.0,21.5,0.0095,,
1.6880,451,213.5,21.5,0.0105,,
1.6965,452,214.1,21.5,0.0095,,
1.7050,453,214.5,21.5,0.0095,,
1.7130,454,214.8,21.5,0.0090,,
1.7215,455,215.4,21.5,0.0105,,
1.7290,456,215.9,21.5,0.0095,,
1.7375,457,216.5,21.5,0.0105,,
1.7460,458,216.8,21.5,0.0095,,
1.7545,459,217.1,21.5,0.0095,,
1.7630,460,217.7,21.5,0.0095,,
1.7705,461,217.9,21.5,0.0095,,
1.7790,462,218.5,21.5,0.0105,,
1.7875,463,218.7,21.5,0.0105,,
1.7955,464,219.0,21.5,0.0090,,
1.8040,465,219.7,21.5,0.0095,,
1.8125,466,220.0,21.5,0.0095,,
1.8210,467,220.4,21.5,0.0105,,
1.8285,468,220.6,21.5,0.0095,,
1.8370,469,221.0,21.5,0.0105,,
1.8455,470,221.6,21.5,0.0095,,
1.8535,471,221.9,21.5,0.0090,,
1.8620,472,222.1,21.5,0.0095,,
1.8705,473,222.4,21.5,0.0105,,
1.8780,474,222.7,21.5,0.0095,,
1.8865,475,223.4,21.5,0.0105,,
1.8950,476,223.6,21.5,0.0095,,
1.9035,477,223.8,21.5,0.0095,,
1.9120,478,224.4,21.5,0.0095,,
1.9195,479,224.5,21.5,0.0095,,
1.9275,480,225.1,21.5,0.0100,,
1.9360,481,225.2,21.5,0.0105,,
1.9445,482,225.3,21.5,0.0095,,
1.9530,483,225.9,21.5,0.0095,,
1.9615,484,226.2,21.5,0.0095,,
1.9690,485,226.5,21.5,0.0095,,
1.9775,486,226.7,21.5,0.0105,,
1.9860,487,226.8,21.5,0.0105,,
1.9940,488,227.3,21.5,0.0090,,
2.0025,489,227.7,21.5,0.0095,,
2.0110,490,227.7,21.5,0.0095,,
2.0195,491,228.1,21.5,0.0105,,
2.0270,492,228.3,21.5,0.0095,,
2.0355,493,228.8,21.5,0.0105,,
2.0440,494,229.0,21.5,0.0095,,
2.0520,495,229.0,21.5,0.0090,,
2.0605,496,229.3,21.5,0.0095,,
2.0690,497,229.6,21.5,0.0105,,
2.0765,498,230.0,21.5,0.0095,,
2.0850,499,230.3,21.5,0.0105,,
2.0935,500,230.4,21.5,0.0105,,
2.1020,501,230.7,21.5,0.0095,,
2.1100,502,231.1,21.5,0.0090,,
2.1185,503,231.2,21.5,0.0095,,
2.1260,504,231.5,21.5,0.0095,,
2.1345,505,231.6,21.5,0.0105,,
2.1430,506,231.9,21.5,0.0105,,
2.1515,507,232.4,21.5,0.0095,,
2.1600,508,232.4,21.5,0.0095,,
2.1685,509,232.5,21.5,0.0095,,
2.1760,510,232.8,21.5,0.0095,,
2.1845,511,233.0,21.5,0.0105,,
2.1925,512,233.4,21.5,0.0100,,
2.2010,513,233.4,21.5,0.0095,,
2.2090,514,233.5,21.5,0.0090,,
2.2175,515,233.9,21.5,0.0095,,
2.2225,516,234.0,21.5,0.0060,,
2.2270,517,234.3,21.5,0.0055,,
2.2295,518,234.1,21.5,0.0030,,
2.2315,519,234.3,21.5,0.0020,,
2.2325,520,234.6,21.5,0.0010,,
2.2335,521,234.6,21.5,0.0010,,
2.2345,522,234.6,21.5,0.0010,,
2.2360,523,234.4,21.5,0.0020,,
2.2370,524,234.6,21.5,0.0010,,
2.2375,525,234.8,21.5,0.0005,,
2.2385,526,234.6,21.5,0.0010,,
2.2395,527,234.8,21.5,0.0010,,
2.2400,528,234.6,21.5,0.0005,,
2.2410,529,234.7,21.5,0.0010,,
2.2425,530,234.8,21.5,0.0015,,
2.2430,531,234.7,21.5,0.0005,,
2.2440,532,234.5,21.5,0.0010,,
2.2445,533,234.6,21.5,0.0005,,
2.2450,534,234.8,21.5,0.0005,,
2.2460,535,234.9,21.5,0.0010,,
2.2460,536,234.8,21.5,0.0000,,
2.2475,537,234.6,21.5,0.0015,,
2.2485,538,234.8,21.6,0.0010,,
2.2500,539,235.0,21.5,0.0015,,
Scope 1/1, Sample 9/33 (S6)
Result,TitrationEP1
V,t,E,T,dV/dt,E acc. stat.,Volume acc. stat.
0.0000,0,-69.1,21.6,NaN,,
0.0005,1,-69.0,21.6,0.0005,,
0.0025,2,-69.1,21.6,0.0020,,
0.0050,3,-69.1,21.6,0.0025,,
0.0090,4,-68.8,21.6,0.0035,,
0.0150,5,-68.4,21.6,0.0055,,
0.0235,6,-67.9,21.6,0.0075,,
0.0310,7,-66.9,21.6,0.0075,,
0.0395,8,-65.7,21.6,0.0085,,
0.0480,9,-64.2,21.6,0.0085,,
0.0565,10,-62.7,21.6,0.0075,,
0.0645,11,-61.3,21.6,0.0075,,
0.0730,12,-59.5,21.6,0.0075,,
0.0815,13,-57.6,21.6,0.0075,,
0.0890,14,-56.0,21.6,0.0075,,
0.0975,15,-53.9,21.6,0.0085,,
0.1060,16,-52.1,21.6,0.0075,,
0.1145,17,-49.9,21.6,0.0075,,
0.1230,18,-47.4,21.6,0.0075,,
0.1310,19,-45.2,21.6,0.0080,,
0.1390,20,-42.7,21.6,0.0080,,
0.1470,21,-40.2,21.6,0.0080,,
0.1555,22,-37.2,21.6,0.0075,,
0.1640,23,-34.0,21.6,0.0075,,
0.1725,24,-30.9,21.6,0.0075,,
0.1810,25,-27.9,21.6,0.0085,,
0.1885,26,-24.8,21.6,0.0075,,
0.1970,27,-21.4,21.6,0.0085,,
0.2050,28,-18.4,21.6,0.0075,,
0.2135,29,-15.9,21.6,0.0075,,
0.2220,30,-13.3,21.6,0.0075,,
0.2305,31,-11.3,21.6,0.0085,,
0.2380,32,-9.1,21.6,0.0075,,
0.2465,33,-7.0,21.6,0.0085,,
0.2550,34,-5.4,21.6,0.0075,,
0.2635,35,-3.6,21.6,0.0075,,
0.2715,36,-2.0,21.6,0.0075,,
0.2800,37,-0.7,21.6,0.0085,,
0.2875,38,0.6,21.6,0.0075,,
0.2960,39,1.8,21.6,0.0085,,
0.3045,40,3.2,21.6,0.0075,,
0.3130,41,4.6,21.6,0.0075,,
0.3215,42,5.5,21.6,0.0075,,
0.3290,43,6.7,21.6,0.0075,,
0.3375,44,7.6,21.6,0.0085,,
0.3460,45,8.8,21.6,0.0085,,
0.3540,46,10.0,21.6,0.0075,,
0.3625,47,10.8,21.6,0.0075,,
0.3710,48,11.9,21.6,0.0075,,
0.3785,49,12.8,21.6,0.0075,,
0.3870,50,14.1,21.6,0.0085,,
0.3955,51,15.1,21.6,0.0075,,
0.4040,52,15.9,21.6,0.0075,,
0.4120,53,16.9,21.6,0.0075,,
0.4205,54,18.0,21.6,0.0075,,
0.4280,55,18.7,21.6,0.0075,,
0.4365,56,19.6,21.6,0.0085,,
0.4450,57,20.3,21.6,0.0085,,
0.4535,58,21.4,21.6,0.0075,,
0.4620,59,22.5,21.6,0.0075,,
0.4705,60,23.2,21.6,0.0075,,
0.4785,61,24.0,21.6,0.0080,,
0.4860,62,24.5,21.6,0.0075,,
0.4945,63,25.4,21.6,0.0085,,
0.5030,64,26.5,21.6,0.0075,,
0.5115,65,27.3,21.6,0.0075,,
0.5200,66,27.9,21.6,0.0075,,
0.5285,67,29.0,21.6,0.0075,,
0.5360,68,29.6,21.6,0.0075,,
0.5440,69,30.6,21.6,0.0080,,
0.5525,70,31.4,21.6,0.0075,,
0.5610,71,32.2,21.6,0.0075,,
0.5695,72,33.2,21.6,0.0075,,
0.5780,73,34.0,21.6,0.0075,,
0.5855,74,34.8,21.6,0.0075,,
0.5940,75,35.6,21.6,0.0085,,
0.6020,76,36.2,21.6,0.0075,,
0.6105,77,37.3,21.6,0.0075,,
0.6190,78,38.2,21.6,0.0075,,
0.6275,79,38.9,21.6,0.0075,,
0.6360,80,39.9,21.6,0.0085,,
0.6435,81,40.6,21.6,0.0075,,
0.6520,82,41.3,21.6,0.0085,,
0.6600,83,42.4,21.6,0.0075,,
0.6685,84,43.1,21.6,0.0075,,
0.6770,85,43.7,21.6,0.0075,,
0.6855,86,44.6,21.6,0.0085,,
0.6930,87,45.5,21.6,0.0075,,
0.7015,88,46.5,21.6,0.0085,,
0.7100,89,47.1,21.6,0.0075,,
0.7185,90,47.9,21.6,0.0075,,
0.7265,91,49.1,21.6,0.0075,,
0.7350,92,49.6,21.6,0.0085,,
0.7425,93,50.8,21.6,0.0075,,
0.7510,94,51.5,21.6,0.0085,,
0.7595,95,52.4,21.6,0.0075,,
0.7680,96,53.4,21.6,0.0075,,
0.7765,97,54.2,21.6,0.0075,,
0.7850,98,55.0,21.6,0.0085,,
0.7925,99,55.8,21.6,0.0075,,
0.8010,100,56.8,21.6,0.0085,,
0.8090,101,57.9,21.6,0.0075,,
0.8175,102,58.7,21.6,0.0075,,
0.8260,103,59.4,21.6,0.0075,,
0.8335,104,60.2,21.6,0.0075,,
0.8420,105,61.3,21.6,0.0085,,
0.8505,106,62.4,21.6,0.0075,,
0.8590,107,63.3,21.6,0.0075,,
0.8670,108,64.1,21.6,0.0075,,
0.8755,109,65.2,21.6,0.0075,,
0.8830,110,65.9,21.6,0.0075,,
0.8915,111,67.0,21.6,0.0085,,
0.9000,112,67.7,21.6,0.0075,,
0.9085,113,68.7,21.6,0.0075,,
0.9170,114,69.9,21.6,0.0075,,
0.9255,115,70.8,21.6,0.0075,,
0.9330,116,71.9,21.6,0.0075,,
0.9415,117,72.6,21.6,0.0085,,
0.9495,118,73.6,21.6,0.0075,,
0.9580,119,74.9,21.6,0.0075,,
0.9665,120,75.8,21.6,0.0075,,
0.9750,121,76.7,21.6,0.0075,,
0.9825,122,77.8,21.6,0.0075,,
0.9910,123,78.9,21.6,0.0085,,
0.9995,124,80.3,21.6,0.0085,,
1.0075,125,81.4,21.6,0.0075,,
1.0160,126,82.4,21.6,0.0075,,
1.0245,127,83.7,21.6,0.0075,,
1.0330,128,84.7,21.6,0.0085,,
1.0405,129,86.2,21.6,0.0075,,
1.0490,130,87.4,21.6,0.0085,,
1.0575,131,88.7,21.6,0.0075,,
1.0655,132,90.1,21.6,0.0075,,
1.0740,133,91.6,21.6,0.0075,,
1.0825,134,92.9,21.6,0.0085,,
1.0900,135,94.2,21.6,0.0075,,
1.0985,136,95.6,21.6,0.0085,,
1.1070,137,97.4,21.6,0.0075,,
1.1155,138,99.1,21.6,0.0075,,
1.1240,139,100.5,21.6,0.0075,,
1.1320,140,102.2,21.6,0.0080,,
1.1400,141,103.8,21.6,0.0080,,
1.1480,142,105.7,21.6,0.0080,,
1.1565,143,107.7,21.6,0.0075,,
1.1650,144,109.6,21.6,0.0075,,
1.1735,145,111.7,21.6,0.0075,,
1.1820,146,113.7,21.6,0.0085,,
1.1895,147,116.4,21.6,0.0075,,
1.1980,148,118.9,21.6,0.0085,,
1.2065,149,121.3,21.6,0.0075,,
1.2145,150,123.9,21.6,0.0075,,
1.2230,151,126.9,21.6,0.0075,,
1.2315,152,129.6,21.6,0.0085,,
1.2390,153,133.3,21.6,0.0075,,
1.2475,154,136.2,21.6,0.0085,,
1.2560,155,139.8,21.6,0.0075,,
1.2645,156,143.5,21.6,0.0075,,
1.2730,157,146.9,21.6,0.0075,,
1.2805,158,150.7,21.6,0.0075,,
1.2885,159,153.7,21.6,0.0080,,
1.2970,160,157.2,21.6,0.0075,,
1.3055,161,160.5,21.6,0.0075,,
1.3140,162,163.6,21.6,0.0075,,
1.3225,163,166.4,21.6,0.0075,,
1.3300,164,168.7,21.6,0.0075,,
1.3385,165,171.4,21.6,0.0085,,
1.3470,166,173.7,21.6,0.0075,,
1.3550,167,175.4,21.6,0.0075,,
1.3635,168,177.6,21.6,0.0075,,
1.3720,169,179.6,21.6,0.0075,,
1.3795,170,181.1,21.6,0.0075,,
1.3880,171,182.9,21.6,0.0085,,
1.3965,172,184.2,21.6,0.0085,,
1.4010,173,185.0,21.6,0.0065,,
1.4010,413,186.6,21.7,0.0000,,
1.4015,414,186.5,21.7,0.0005,,
1.4030,415,186.3,21.7,0.0020,,
1.4055,416,186.8,21.7,0.0030,,
1.4095,417,187.4,21.7,0.0045,,
1.4160,418,188.0,21.7,0.0070,,
1.4240,419,189.2,21.7,0.0090,,
1.4315,420,190.3,21.7,0.0095,,
1.4400,421,191.7,21.7,0.0095,,
1.4485,422,192.9,21.7,0.0105,,
1.4570,423,193.6,21.7,0.0095,,
1.4655,424,194.8,21.7,0.0095,,
1.4740,425,196.0,21.7,0.0095,,
1.4815,426,196.8,21.7,0.0095,,
1.4900,427,197.8,21.7,0.0105,,
1.4980,428,198.5,21.7,0.0100,,
1.5065,429,199.5,21.7,0.0095,,
1.5150,430,200.5,21.7,0.0095,,
1.5235,431,201.1,21.7,0.0095,,
1.5310,432,202.0,21.7,0.0095,,
1.5395,433,202.6,21.7,0.0105,,
1.5480,434,203.5,21.7,0.0105,,
1.5565,435,204.3,21.7,0.0095,,
1.5645,436,204.8,21.7,0.0090,,
1.5730,437,205.5,21.7,0.0095,,
1.5805,438,205.9,21.7,0.0095,,
1.5890,439,206.9,21.7,0.0105,,
1.5975,440,207.6,21.7,0.0095,,
1.6060,441,208.0,21.7,0.0095,,
1.6145,442,208.8,21.7,0.0095,,
1.6230,443,209.2,21.7,0.0105,,
1.6305,444,210.0,21.7,0.0095,,
1.6385,445,210.6,21.7,0.0100,,
1.6470,446,210.9,21.7,0.0095,,
1.6555,447,211.5,21.7,0.0095,,
1.6640,448,212.3,21.7,0.0095,,
1.6725,449,212.7,21.7,0.0105,,
1.6800,450,213.1,21.7,0.0095,,
1.6885,451,213.5,21.7,0.0105,,
1.6970,452,214.2,21.7,0.0095,,
1.7050,453,214.6,21.7,0.0090,,
1.7135,454,214.9,21.7,0.0095,,
1.7220,455,215.6,21.7,0.0105,,
1.7295,456,215.8,21.7,0.0095,,
1.7380,457,216.4,21.7,0.0105,,
1.7465,458,216.9,21.7,0.0095,,
1.7550,459,217.1,21.7,0.0095,,
1.7630,460,217.5,21.7,0.0090,,
1.7715,461,218.2,21.7,0.0095,,
1.7790,462,218.5,21.7,0.0095,,
1.7875,463,219.0,21.7,0.0105,,
1.7960,464,219.2,21.7,0.0105,,
1.8045,465,219.6,21.7,0.0095,,
1.8130,466,220.2,21.7,0.0095,,
1.8210,467,220.5,21.7,0.0090,,
1.8290,468,220.9,21.7,0.0100,,
1.8370,469,221.0,21.7,0.0100,,
1.8455,470,221.2,21.7,0.0105,,
1.8540,471,221.8,21.7,0.0095,,
1.8625,472,222.3,21.7,0.0095,,
1.8710,473,222.5,21.7,0.0095,,
1.8785,474,222.8,21.7,0.0095,,
1.8870,475,223.1,21.7,0.0105,,
1.8955,476,223.7,21.7,0.0105,,
1.9035,477,224.0,21.7,0.0090,,
1.9120,478,224.1,21.7,0.0095,,
1.9205,479,224.5,21.7,0.0095,,
1.9280,480,224.6,21.7,0.0095,,
1.9365,481,225.2,21.7,0.0105,,
1.9450,482,225.5,21.7,0.0105,,
1.9535,483,225.6,21.7,0.0095,,
1.9615,484,226.0,21.7,0.0090,,
1.9700,485,226.4,21.7,0.0095,,
1.9785,486,226.6,21.7,0.0105,,
1.9860,487,227.0,21.7,0.0095,,
1.9945,488,227.0,21.7,0.0105,,
2.0030,489,227.5,21.7,0.0095,,
2.0115,490,227.8,21.7,0.0095,,
2.0195,491,227.9,21.7,0.0090,,
2.0280,492,228.4,21.7,0.0105,,
2.0355,493,228.5,21.7,0.0095,,
2.0440,494,228.8,21.7,0.0105,,
2.0525,495,229.2,21.7,0.0095,,
2.0610,496,229.3,21.7,0.0095,,
2.0695,497,229.5,21.7,0.0095,,
2.0770,498,229.6,21.7,0.0095,,
2.0855,499,230.1,21.7,0.0105,,
2.0940,500,230.5,21.7,0.0105,,
2.1020,501,230.5,21.7,0.0090,,
2.1105,502,230.8,21.7,0.0095,,
2.1190,503,231.3,21.7,0.0095,,
2.1265,504,231.5,21.7,0.0095,,
2.1350,505,231.8,21.7,0.0105,,
2.1435,506,231.7,21.7,0.0105,,
2.1520,507,232.1,21.7,0.0095,,
2.1605,508,232.6,21.7,0.0095,,
2.1685,509,232.7,21.7,0.0090,,
2.1760,510,232.9,21.7,0.0095,,
2.1845,511,232.9,21.7,0.0105,,
2.1930,512,233.2,21.7,0.0105,,
2.2015,513,233.7,21.7,0.0095,,
2.2095,514,233.7,21.7,0.0090,,
2.2175,515,233.9,21.7,0.0090,,
2.2245,516,234.0,21.7,0.0085,,
2.2310,517,234.4,21.7,0.0080,,
2.2320,518,234.6,21.7,0.0010,,
2.2325,519,234.4,21.7,0.0005,,
2.2335,520,234.4,21.7,0.0010,,
2.2345,521,234.6,21.7,0.0010,,
2.2350,522,234.5,21.7,0.0005,,
2.2355,523,234.6,21.7,0.0005,,
2.2360,524,234.4,21.7,0.0005,,
2.2370,525,234.4,21.7,0.0010,,
2.2375,526,234.7,21.7,0.0005,,
2.2385,527,234.6,21.7,0.0010,,
2.2400,528,234.7,21.7,0.0020,,
2.2410,529,234.5,21.7,0.0010,,
2.2415,530,234.4,21.7,0.0005,,
2.2425,531,234.6,21.7,0.0010,,
2.2430,532,234.6,21.7,0.0005,,
2.2435,533,234.5,21.7,0.0005,,
2.2440,534,234.5,21.7,0.0005,,
2.2450,535,234.5,21.7,0.0010,,
2.2455,536,234.8,21.7,0.0005,,
2.2465,537,234.7,21.7,0.0010,,
2.2475,538,234.6,21.7,0.0010,,
2.2480,538,235.0,21.7,0.0010,,
Scope 1/1, Sample 10/33 (T1)
Result,TitrationEP1
V,t,E,T,dV/dt,E acc. stat.,Volume acc. stat.
0.0000,0,-70.4,21.6,NaN,,
0.0010,1,-70.2,21.6,0.0010,,
0.0025,2,-70.4,21.6,0.0015,,
0.0050,3,-70.3,21.6,0.0025,,
0.0090,4,-70.4,21.6,0.0035,,
0.0150,5,-69.9,21.6,0.0055,,
0.0235,6,-68.9,21.6,0.0075,,
0.0320,7,-68.0,21.6,0.0075,,
0.0405,8,-67.0,21.6,0.0075,,
0.0490,9,-65.5,21.6,0.0075,,
0.0565,10,-64.3,21.6,0.0070,,
0.0650,11,-62.5,21.6,0.0075,,
0.0730,12,-60.9,21.6,0.0075,,
0.0815,13,-59.4,21.6,0.0075,,
0.0900,14,-57.5,21.6,0.0075,,
0.0985,15,-55.4,21.6,0.0075,,
0.1060,16,-53.6,21.6,0.0070,,
0.1145,17,-51.6,21.6,0.0075,,
0.1230,18,-49.3,21.6,0.0075,,
0.1310,19,-46.7,21.6,0.0075,,
0.1395,20,-44.1,21.6,0.0075,,
0.1480,21,-41.7,21.6,0.0075,,
0.1555,22,-39.1,21.6,0.0070,,
0.1640,23,-36.1,21.6,0.0075,,
0.1725,24,-32.7,21.6,0.0075,,
0.1810,25,-29.4,21.6,0.0075,,
0.1895,26,-26.3,21.6,0.0075,,
0.1975,27,-23.1,21.6,0.0075,,
0.2055,28,-20.4,21.6,0.0075,,
0.2135,29,-17.4,21.6,0.0075,,
0.2220,30,-14.9,21.6,0.0075,,
0.2305,31,-12.8,21.6,0.0075,,
0.2390,32,-10.5,21.6,0.0075,,
0.2475,33,-8.8,21.6,0.0085,,
0.2550,34,-6.7,21.6,0.0070,,
0.2635,35,-5.0,21.6,0.0075,,
0.2720,36,-3.5,21.6,0.0075,,
0.2800,37,-1.9,21.6,0.0075,,
0.2885,38,-0.3,21.6,0.0075,,
0.2970,39,0.7,21.6,0.0075,,
0.3045,40,1.9,21.6,0.0070,,
0.3130,41,3.1,21.6,0.0075,,
0.3215,42,4.6,21.6,0.0075,,
0.3300,43,5.8,21.6,0.0075,,
0.3380,44,6.7,21.6,0.0075,,
0.3465,45,7.9,21.6,0.0075,,
0.3540,46,8.9,21.6,0.0070,,
0.3625,47,10.1,21.6,0.0075,,
0.3710,48,11.2,21.6,0.0075,,
0.3795,49,12.0,21.6,0.0075,,
0.3880,50,13.0,21.6,0.0075,,
0.3965,51,14.2,21.6,0.0075,,
0.4040,52,15.1,21.6,0.0070,,
0.4120,53,16.1,21.6,0.0075,,
0.4205,54,16.8,21.6,0.0075,,
0.4290,55,17.9,21.6,0.0075,,
0.4375,56,19.0,21.6,0.0075,,
0.4460,57,19.7,21.6,0.0075,,
0.4535,58,20.7,21.6,0.0070,,
0.4620,59,21.5,21.6,0.0075,,
0.4700,60,22.4,21.6,0.0075,,
0.4785,61,23.6,21.6,0.0075,,
0.4870,62,24.5,21.6,0.0075,,
0.4955,63,25.2,21.6,0.0075,,
0.5040,64,26.0,21.6,0.0075,,
0.5115,65,26.9,21.6,0.0070,,
0.5200,66,28.0,21.6,0.0075,,
0.5285,67,28.7,21.6,0.0075,,
0.5365,68,29.4,21.6,0.0075,,
0.5450,69,30.5,21.6,0.0075,,
0.5525,70,31.2,21.6,0.0070,,
0.5610,71,32.2,21.6,0.0075,,
0.5695,72,33.1,21.6,0.0075,,
0.5780,73,33.8,21.6,0.0075,,
0.5865,74,34.8,21.6,0.0075,,
0.5945,75,35.8,21.6,0.0075,,
0.6025,76,36.7,21.6,0.0075,,
0.6105,77,37.5,21.6,0.0075,,
0.6190,78,38.2,21.6,0.0075,,
0.6275,79,39.3,21.6,0.0075,,
0.6360,80,40.3,21.6,0.0075,,
0.6445,81,40.9,21.6,0.0075,,
0.6530,82,41.8,21.6,0.0075,,
0.6605,83,42.5,21.6,0.0070,,
0.6690,84,43.6,21.6,0.0075,,
0.6770,85,44.4,21.6,0.0075,,
0.6855,86,45.1,21.6,0.0075,,
0.6940,87,46.1,21.6,0.0075,,
0.7025,88,46.9,21.6,0.0075,,
0.7100,89,47.9,21.6,0.0070,,
0.7185,90,48.8,21.6,0.0075,,
0.7270,91,49.5,21.6,0.0075,,
0.7355,92,50.5,21.6,0.0075,,
0.7435,93,51.5,21.6,0.0075,,
0.7510,94,52.4,21.6,0.0070,,
0.7595,95,53.1,21.6,0.0075,,
0.7680,96,53.9,21.6,0.0075,,
0.7765,97,55.0,21.6,0.0075,,
0.7850,98,56.1,21.6,0.0075,,
0.7935,99,56.8,21.6,0.0075,,
0.8015,100,57.8,21.6,0.0075,,
0.8095,101,58.6,21.6,0.0075,,
0.8175,102,59.7,21.6,0.0075,,
0.8260,103,60.6,21.6,0.0075,,
0.8345,104,61.4,21.6,0.0075,,
0.8430,105,62.2,21.6,0.0075,,
0.8515,106,63.0,21.6,0.0085,,
0.8590,107,64.2,21.6,0.0070,,
0.8675,108,65.3,21.6,0.0075,,
0.8755,109,66.1,21.6,0.0075,,
0.8840,110,67.1,21.6,0.0075,,
0.8925,111,68.4,21.6,0.0075,,
0.9010,112,69.3,21.6,0.0070,,
0.9085,113,70.4,21.6,0.0070,,
0.9170,114,71.2,21.6,0.0075,,
0.9255,115,72.3,21.6,0.0075,,
0.9335,116,73.6,21.6,0.0075,,
0.9420,117,74.8,21.6,0.0075,,
0.9505,118,75.7,21.6,0.0075,,
0.9580,119,76.8,21.6,0.0070,,
0.9665,120,78.0,21.6,0.0075,,
0.9750,121,79.3,21.6,0.0075,,
0.9835,122,80.5,21.6,0.0075,,
0.9920,123,81.6,21.6,0.0075,,
1.0000,124,83.0,21.6,0.0075,,
1.0075,125,83.9,21.6,0.0070,,
1.0160,126,85.4,21.6,0.0075,,
1.0245,127,86.5,21.6,0.0075,,
1.0330,128,87.6,21.6,0.0075,,
1.0415,129,89.1,21.6,0.0075,,
1.0500,130,90.7,21.6,0.0075,,
1.0575,131,92.1,21.6,0.0070,,
1.0660,132,93.3,21.6,0.0075,,
1.0740,133,94.6,21.6,0.0075,,
1.0825,134,96.4,21.6,0.0075,,
1.0910,135,98.1,21.6,0.0075,,
1.0995,136,99.6,21.6,0.0075,,
1.1070,137,101.2,21.6,0.0070,,
1.1155,138,102.8,21.6,0.0075,,
1.1240,139,105.0,21.6,0.0075,,
1.1325,140,106.8,21.6,0.0075,,
1.1405,141,108.4,21.6,0.0075,,
1.1490,142,110.7,21.6,0.0070,,
1.1565,143,112.7,21.6,0.0070,,
1.1650,144,115.4,21.6,0.0075,,
1.1735,145,117.7,21.6,0.0075,,
1.1820,146,120.1,21.6,0.0075,,
1.1905,147,123.0,21.6,0.0075,,
1.1985,148,126.1,21.6,0.0075,,
1.2065,149,129.0,21.6,0.0075,,
1.2145,150,132.3,21.6,0.0075,,
1.2230,151,135.4,21.6,0.0075,,
1.2315,152,139.4,21.6,0.0075,,
1.2400,153,143.1,21.6,0.0075,,
1.2485,154,146.5,21.6,0.0075,,
1.2560,155,149.9,21.6,0.0070,,
1.2645,156,153.3,21.6,0.0075,,
1.2725,157,157.0,21.6,0.0075,,
1.2810,158,160.4,21.6,0.0075,,
1.2895,159,163.1,21.6,0.0075,,
1.2980,160,166.0,21.6,0.0075,,
1.3055,161,168.5,21.6,0.0070,,
1.3140,162,171.3,21.6,0.0075,,
1.3225,163,173.7,21.6,0.0075,,
1.3310,164,175.6,21.6,0.0075,,
1.3390,165,177.7,21.6,0.0075,,
1.3475,166,179.7,21.6,0.0075,,
1.3550,167,181.4,21.6,0.0070,,
1.3635,168,183.0,21.6,0.0075,,
1.3720,169,184.4,21.6,0.0075,,
1.3775,170,185.0,21.6,0.0070,,
1.3775,410,186.7,21.6,0.0000,,
1.3780,411,186.5,21.6,0.0005,,
1.3795,412,186.6,21.6,0.0015,,
1.3820,413,187.0,21.6,0.0030,,
1.3860,414,187.6,21.6,0.0040,,
1.3920,415,188.3,21.6,0.0060,,
1.4000,416,189.5,21.6,0.0080,,
1.4080,417,190.3,21.6,0.0090,,
1.4160,418,191.6,21.6,0.0090,,
1.4245,419,192.9,21.6,0.0095,,
1.4330,420,193.8,21.6,0.0085,,
1.4415,421,195.0,21.6,0.0085,,
1.4500,422,196.2,21.6,0.0085,,
1.4575,423,197.0,21.6,0.0085,,
1.4660,424,198.1,21.6,0.0095,,
1.4740,425,198.6,21.6,0.0090,,
1.4825,426,199.6,21.6,0.0085,,
1.4910,427,200.8,21.6,0.0085,,
1.4995,428,201.5,21.6,0.0085,,
1.5080,429,202.2,21.6,0.0095,,
1.5155,430,202.7,21.6,0.0085,,
1.5240,431,203.6,21.6,0.0095,,
1.5320,432,204.5,21.6,0.0080,,
1.5405,433,205.1,21.6,0.0085,,
1.5490,434,205.6,21.7,0.0085,,
1.5575,435,206.1,21.7,0.0095,,
1.5650,436,206.8,21.7,0.0085,,
1.5735,437,207.7,21.6,0.0095,,
1.5820,438,208.3,21.6,0.0085,,
1.5905,439,208.7,21.6,0.0085,,
1.5985,440,209.6,21.6,0.0080,,
1.6070,441,209.9,21.7,0.0095,,
1.6145,442,210.8,21.6,0.0085,,
1.6230,443,211.2,21.6,0.0095,,
1.6315,444,211.6,21.6,0.0085,,
1.6400,445,212.4,21.6,0.0085,,
1.6485,446,212.8,21.6,0.0085,,
1.6565,447,213.4,21.6,0.0090,,
1.6645,448,213.6,21.7,0.0090,,
1.6725,449,214.0,21.7,0.0090,,
1.6810,450,214.7,21.6,0.0085,,
1.6895,451,215.1,21.7,0.0085,,
1.6980,452,215.4,21.7,0.0085,,
1.7065,453,216.0,21.7,0.0095,,
1.7140,454,216.4,21.6,0.0085,,
1.7225,455,217.0,21.7,0.0095,,
1.7310,456,217.5,21.6,0.0085,,
1.7390,457,217.7,21.7,0.0080,,
1.7475,458,218.3,21.7,0.0085,,
1.7560,459,218.5,21.7,0.0095,,
1.7635,460,219.1,21.6,0.0085,,
1.7720,461,219.4,21.7,0.0095,,
1.7805,462,219.6,21.7,0.0085,,
1.7890,463,220.2,21.7,0.0085,,
1.7970,464,220.7,21.7,0.0080,,
1.8055,465,221.0,21.7,0.0095,,
1.8130,466,221.4,21.7,0.0085,,
1.8215,467,221.5,21.7,0.0095,,
1.8300,468,222.1,21.7,0.0085,,
1.8385,469,222.5,21.7,0.0085,,
1.8470,470,222.5,21.7,0.0085,,
1.8550,471,222.9,21.7,0.0080,,
1.8630,472,223.2,21.7,0.0090,,
1.8710,473,223.6,21.7,0.0090,,
1.8795,474,224.1,21.7,0.0095,,
1.8880,475,224.3,21.7,0.0085,,
1.8965,476,224.5,21.7,0.0085,,
1.9050,477,225.1,21.7,0.0085,,
1.9125,478,225.3,21.7,0.0085,,
1.9210,479,225.7,21.7,0.0095,,
1.9295,480,225.8,21.7,0.0095,,
1.9375,481,226.1,21.7,0.0080,,
1.9460,482,226.6,21.7,0.0085,,
1.9545,483,226.8,21.7,0.0085,,
1.9620,484,227.3,21.7,0.0085,,
1.9705,485,227.2,21.7,0.0095,,
1.9790,486,227.5,21.7,0.0095,,
1.9875,487,228.0,21.7,0.0085,,
1.9955,488,228.2,21.7,0.0080,,
2.0040,489,228.3,21.7,0.0085,,
2.0115,490,228.6,21.7,0.0085,,
2.0200,491,228.9,21.7,0.0095,,
2.0285,492,229.4,21.7,0.0095,,
2.0370,493,229.6,21.7,0.0085,,
2.0455,494,229.7,21.7,0.0085,,
2.0535,495,230.2,21.7,0.0080,,
2.0615,496,230.2,21.7,0.0090,,
2.0695,497,230.7,21.7,0.0090,,
2.0780,498,230.7,21.7,0.0095,,
2.0865,499,230.9,21.7,0.0085,,
2.0950,500,231.3,21.7,0.0085,,
2.1035,501,231.6,21.7,0.0085,,
2.1110,502,231.9,21.7,0.0085,,
2.1195,503,232.0,21.7,0.0095,,
2.1280,504,232.1,21.7,0.0095,,
2.1360,505,232.5,21.7,0.0080,,
2.1445,506,232.7,21.7,0.0085,,
2.1530,507,232.7,21.7,0.0085,,
2.1605,508,233.2,21.7,0.0085,,
2.1690,509,233.3,21.7,0.0095,,
2.1770,510,233.7,21.7,0.0090,,
2.1855,511,233.8,21.7,0.0085,,
2.1935,512,233.9,21.7,0.0080,,
2.1980,513,234.2,21.7,0.0045,,
2.2010,514,234.2,21.7,0.0035,,
2.2020,515,234.5,21.7,0.0010,,
2.2025,516,234.5,21.7,0.0005,,
2.2030,517,234.3,21.7,0.0005,,
2.2045,518,234.4,21.7,0.0015,,
2.2060,519,234.5,21.7,0.0015,,
2.2075,520,234.6,21.7,0.0015,,
2.2095,521,234.5,21.7,0.0020,,
2.2105,522,234.4,21.7,0.0010,,
2.2110,523,234.5,21.7,0.0005,,
2.2120,524,234.8,21.7,0.0010,,
2.2130,525,234.5,21.7,0.0010,,
2.2140,526,234.6,21.7,0.0010,,
2.2150,527,234.5,21.7,0.0010,,
2.2165,528,234.8,21.7,0.0015,,
2.2170,529,234.8,21.7,0.0005,,
2.2180,530,234.6,21.7,0.0010,,
2.2185,530,235.0,21.7,0.0010,,
Scope 1/1, Sample 11/33 (T2)
Result,TitrationEP1
V,t,E,T,dV/dt,E acc. stat.,Volume acc. stat.
0.0000,0,-70.3,21.6,NaN,,
0.0010,1,-70.4,21.6,0.0010,,
0.0025,2,-70.3,21.6,0.0015,,
0.0050,3,-70.3,21.6,0.0025,,
0.0090,4,-69.9,21.6,0.0035,,
0.0150,5,-69.6,21.6,0.0055,,
0.0235,6,-69.0,21.6,0.0075,,
0.0320,7,-68.1,21.6,0.0085,,
0.0395,8,-66.8,21.6,0.0075,,
0.0480,9,-65.4,21.6,0.0075,,
0.0565,10,-64.1,21.6,0.0075,,
0.0650,11,-62.6,21.6,0.0075,,
0.0735,12,-60.8,21.6,0.0075,,
0.0810,13,-59.4,21.6,0.0075,,
0.0895,14,-57.5,21.6,0.0085,,
0.0975,15,-55.8,21.6,0.0075,,
0.1060,16,-53.9,21.6,0.0075,,
0.1145,17,-51.6,21.6,0.0075,,
0.1230,18,-49.4,21.6,0.0075,,
0.1315,19,-47.2,21.6,0.0085,,
0.1390,20,-45.1,21.6,0.0075,,
0.1475,21,-42.3,21.6,0.0075,,
0.1560,22,-39.2,21.6,0.0075,,
0.1640,23,-36.3,21.6,0.0075,,
0.1725,24,-33.3,21.6,0.0075,,
0.1800,25,-30.6,21.6,0.0075,,
0.1885,26,-27.2,21.6,0.0085,,
0.1970,27,-23.8,21.6,0.0075,,
0.2055,28,-20.9,21.6,0.0075,,
0.2140,29,-18.0,21.6,0.0075,,
0.2220,30,-15.2,21.6,0.0075,,
0.2300,31,-13.1,21.6,0.0080,,
0.2380,32,-10.8,21.6,0.0080,,
0.2465,33,-9.1,21.6,0.0075,,
0.2550,34,-7.1,21.6,0.0075,,
0.2635,35,-5.0,21.6,0.0075,,
0.2720,36,-3.5,21.6,0.0075,,
0.2800,37,-2.1,21.6,0.0080,,
0.2880,38,-0.8,21.6,0.0080,,
0.2965,39,0.6,21.6,0.0075,,
0.3045,40,2.1,21.6,0.0075,,
0.3130,41,3.3,21.6,0.0075,,
0.3215,42,4.5,21.6,0.0075,,
0.3290,43,5.6,21.6,0.0075,,
0.3375,44,6.8,21.6,0.0085,,
0.3460,45,8.0,21.6,0.0075,,
0.3545,46,9.0,21.6,0.0075,,
0.3625,47,10.0,21.6,0.0075,,
0.3710,48,11.2,21.6,0.0075,,
0.3785,49,12.1,21.6,0.0075,,
0.3870,50,13.4,21.6,0.0085,,
0.3955,51,14.2,21.6,0.0075,,
0.4040,52,15.1,21.6,0.0075,,
0.4125,53,16.3,21.6,0.0075,,
0.4210,54,17.2,21.6,0.0075,,
0.4290,55,18.2,21.6,0.0080,,
0.4365,56,18.8,21.6,0.0075,,
0.4450,57,19.7,21.6,0.0075,,
0.4535,58,20.9,21.6,0.0075,,
0.4620,59,21.7,21.6,0.0075,,
0.4705,60,22.4,21.6,0.0075,,
0.4780,61,23.4,21.6,0.0075,,
0.4865,62,24.3,21.6,0.0085,,
0.4950,63,25.4,21.6,0.0075,,
0.5030,64,26.2,21.6,0.0075,,
0.5115,65,26.9,21.6,0.0075,,
0.5200,66,28.0,21.6,0.0075,,
0.5285,67,28.8,21.6,0.0085,,
0.5360,68,30.0,21.6,0.0075,,
0.5445,69,30.8,21.6,0.0075,,
0.5530,70,31.3,21.6,0.0075,,
0.5610,71,32.4,21.6,0.0075,,
0.5695,72,33.3,21.6,0.0075,,
0.5770,73,34.2,21.6,0.0075,,
0.5855,74,34.9,21.6,0.0085,,
0.5940,75,35.6,21.6,0.0075,,
0.6025,76,36.8,21.6,0.0075,,
0.6110,77,37.6,21.6,0.0075,,
0.6195,78,38.3,21.6,0.0075,,
0.6270,79,39.2,21.6,0.0075,,
0.6355,80,40.0,21.6,0.0085,,
0.6435,81,41.2,21.6,0.0075,,
0.6520,82,42.0,21.6,0.0075,,
0.6605,83,42.6,21.6,0.0075,,
0.6690,84,43.6,21.6,0.0075,,
0.6765,85,44.3,21.6,0.0075,,
0.6850,86,45.5,21.6,0.0085,,
0.6935,87,46.4,21.6,0.0075,,
0.7020,88,47.1,21.6,0.0075,,
0.7100,89,48.1,21.6,0.0075,,
0.7185,90,49.2,21.6,0.0075,,
0.7260,91,49.9,21.6,0.0075,,
0.7345,92,50.8,21.6,0.0085,,
0.7430,93,51.5,21.6,0.0075,,
0.7515,94,52.6,21.6,0.0075,,
0.7600,95,53.6,21.6,0.0075,,
0.7680,96,54.4,21.6,0.0075,,
0.7760,97,55.3,21.6,0.0080,,
0.7840,98,56.0,21.6,0.0080,,
0.7925,99,57.1,21.6,0.0075,,
0.8010,100,58.1,21.6,0.0075,,
0.8095,101,58.8,21.6,0.0075,,
0.8180,102,59.7,21.6,0.0075,,
0.8260,103,60.5,21.6,0.0080,,
0.8340,104,61.7,21.6,0.0080,,
0.8420,105,62.8,21.6,0.0075,,
0.8505,106,63.5,21.6,0.0075,,
0.8590,107,64.4,21.6,0.0075,,
0.8675,108,65.7,21.6,0.0075,,
0.8760,109,66.6,21.6,0.0085,,
0.8835,110,67.6,21.6,0.0075,,
0.8920,111,68.4,21.6,0.0075,,
0.9005,112,69.3,21.6,0.0075,,
0.9085,113,70.6,21.6,0.0075,,
0.9170,114,71.5,21.6,0.0075,,
0.9255,115,72.5,21.6,0.0085,,
0.9330,116,73.4,21.6,0.0075,,
0.9415,117,74.6,21.6,0.0075,,
0.9500,118,75.9,21.6,0.0075,,
0.9585,119,76.8,21.6,0.0075,,
0.9665,120,77.7,21.6,0.0075,,
0.9750,121,79.0,21.6,0.0075,,
0.9825,122,80.0,21.6,0.0070,,
0.9910,123,81.4,21.6,0.0075,,
0.9995,124,82.4,21.6,0.0075,,
1.0080,125,83.5,21.6,0.0075,,
1.0165,126,85.0,21.6,0.0075,,
1.0250,127,86.0,21.6,0.0085,,
1.0325,128,87.6,21.6,0.0075,,
1.0410,129,88.9,21.6,0.0075,,
1.0490,130,90.0,21.6,0.0075,,
1.0575,131,91.7,21.6,0.0075,,
1.0660,132,93.0,21.6,0.0075,,
1.0745,133,94.3,21.6,0.0075,,
1.0820,134,95.7,21.6,0.0075,,
1.0905,135,97.2,21.6,0.0075,,
1.0990,136,99.1,21.6,0.0075,,
1.1070,137,100.8,21.6,0.0075,,
1.1155,138,102.3,21.6,0.0075,,
1.1240,139,104.0,21.6,0.0075,,
1.1315,140,105.9,21.6,0.0075,,
1.1400,141,108.0,21.6,0.0075,,
1.1485,142,110.0,21.6,0.0075,,
1.1570,143,111.9,21.6,0.0075,,
1.1650,144,114.1,21.6,0.0075,,
1.1735,145,116.7,21.6,0.0075,,
1.1810,146,118.8,21.6,0.0075,,
1.1895,147,121.4,21.6,0.0075,,
1.1980,148,124.3,21.6,0.0075,,
1.2065,149,127.5,21.6,0.0075,,
1.2150,150,130.9,21.6,0.0075,,
1.2235,151,134.0,21.6,0.0085,,
1.2310,152,137.5,21.6,0.0075,,
1.2395,153,140.9,21.6,0.0075,,
1.2475,154,144.5,21.6,0.0075,,
1.2560,155,147.9,21.6,0.0075,,
1.2645,156,151.4,21.6,0.0075,,
1.2730,157,155.0,21.6,0.0075,,
1.2805,158,158.0,21.6,0.0075,,
1.2890,159,161.4,21.6,0.0075,,
1.2975,160,164.5,21.6,0.0075,,
1.3055,161,167.1,21.6,0.0075,,
1.3140,162,169.6,21.6,0.0075,,
1.3225,163,172.2,21.6,0.0075,,
1.3300,164,174.0,21.6,0.0075,,
1.3385,165,176.3,21.6,0.0075,,
1.3470,166,178.0,21.6,0.0075,,
1.3555,167,180.0,21.6,0.0075,,
1.3640,168,181.8,21.6,0.0075,,
1.3720,169,183.3,21.6,0.0075,,
1.3795,170,184.8,21.6,0.0075,,
1.3835,170,185.1,21.6,0.0080,,
1.3835,411,186.8,21.6,0.0000,,
1.3840,412,186.6,21.6,0.0010,,
1.3855,413,186.5,21.6,0.0025,,
1.3880,414,187.0,21.6,0.0040,,
1.3920,415,187.5,21.6,0.0055,,
1.3980,416,188.1,21.6,0.0085,,
1.4060,417,189.1,21.6,0.0135,,
1.4140,418,190.4,21.6,0.0135,,
1.4220,419,191.7,21.6,0.0135,,
1.4305,420,192.9,21.6,0.0120,,
1.4390,421,193.8,21.6,0.0120,,
1.4475,422,194.9,21.6,0.0120,,
1.4560,423,195.7,21.6,0.0140,,
1.4635,424,196.8,21.6,0.0125,,
1.4720,425,197.7,21.6,0.0140,,
1.4805,426,198.5,21.6,0.0120,,
1.4885,427,199.5,21.6,0.0115,,
1.4970,428,200.6,21.6,0.0120,,
1.5055,429,201.2,21.6,0.0140,,
1.5130,430,201.8,21.6,0.0125,,
1.5215,431,202.5,21.6,0.0140,,
1.5300,432,203.3,21.6,0.0120,,
1.5385,433,204.3,21.6,0.0120,,
1.5465,434,204.7,21.6,0.0115,,
1.5550,435,205.5,21.6,0.0140,,
1.5625,436,205.9,21.6,0.0125,,
1.5710,437,206.8,21.6,0.0140,,
1.5795,438,207.5,21.6,0.0120,,
1.5880,439,208.1,21.6,0.0120,,
1.5965,440,208.6,21.6,0.0120,,
1.6050,441,209.4,21.6,0.0120,,
1.6125,442,209.9,21.6,0.0125,,
1.6205,443,210.6,21.6,0.0135,,
1.6290,444,210.9,21.6,0.0140,,
1.6375,445,211.5,21.6,0.0120,,
1.6460,446,212.3,21.6,0.0120,,
1.6545,447,212.6,21.6,0.0120,,
1.6620,448,213.2,21.6,0.0125,,
1.6705,449,213.5,21.6,0.0140,,
1.6790,450,214.0,21.6,0.0140,,
1.6870,451,214.7,21.6,0.0115,,
1.6955,452,215.0,21.6,0.0120,,
1.7040,453,215.4,21.6,0.0120,,
1.7115,454,215.8,21.6,0.0125,,
1.7200,455,216.2,21.6,0.0140,,
1.7285,456,216.9,21.6,0.0140,,
1.7370,457,217.3,21.6,0.0120,,
1.7450,458,217.4,21.6,0.0115,,
1.7535,459,217.9,21.6,0.0120,,
1.7620,460,218.1,21.6,0.0140,,
1.7695,461,218.8,21.6,0.0125,,
1.7780,462,219.2,21.6,0.0140,,
1.7865,463,219.4,21.6,0.0120,,
1.7950,464,220.0,21.6,0.0120,,
1.8030,465,220.5,21.6,0.0115,,
1.8115,466,220.6,21.6,0.0140,,
1.8190,467,221.1,21.6,0.0125,,
1.8275,468,221.2,21.6,0.0140,,
1.8360,469,221.6,21.6,0.0120,,
1.8445,470,222.1,21.6,0.0120,,
1.8530,471,222.4,21.6,0.0120,,
1.8610,472,222.6,21.6,0.0115,,
1.8690,473,222.9,21.6,0.0135,,
1.8770,474,223.4,21.6,0.0135,,
1.8855,475,224.0,21.6,0.0140,,
1.8940,476,224.3,21.6,0.0120,,
1.9025,477,224.4,21.6,0.0120,,
1.9110,478,224.8,21.6,0.0120,,
1.9185,479,225.0,21.6,0.0125,,
1.9270,480,225.6,21.6,0.0140,,
1.9350,481,225.7,21.6,0.0135,,
1.9435,482,225.9,21.6,0.0120,,
1.9520,483,226.4,21.6,0.0120,,
1.9605,484,226.8,21.6,0.0120,,
1.9680,485,227.1,21.6,0.0125,,
1.9765,486,227.2,21.6,0.0140,,
1.9850,487,227.4,21.6,0.0140,,
1.9935,488,227.8,21.6,0.0120,,
2.0015,489,228.0,21.6,0.0115,,
2.0100,490,228.4,21.7,0.0140,,
2.0175,491,228.5,21.6,0.0125,,
2.0260,492,228.8,21.6,0.0140,,
2.0345,493,229.3,21.6,0.0120,,
2.0430,494,229.5,21.6,0.0120,,
2.0515,495,229.5,21.6,0.0120,,
2.0600,496,229.9,21.6,0.0120,,
2.0675,497,230.1,21.6,0.0125,,
2.0760,498,230.6,21.7,0.0140,,
2.0840,499,230.7,21.7,0.0135,,
2.0925,500,230.7,21.6,0.0120,,
2.1010,501,231.2,21.6,0.0120,,
2.1095,502,231.6,21.6,0.0120,,
2.1170,503,231.7,21.6,0.0125,,
2.1255,504,232.0,21.6,0.0120,,
2.1340,505,232.0,21.7,0.0140,,
2.1420,506,232.3,21.6,0.0115,,
2.1505,507,232.8,21.6,0.0120,,
2.1590,508,232.8,21.6,0.0120,,
2.1665,509,233.1,21.7,0.0125,,
2.1745,510,233.0,21.7,0.0135,,
2.1830,511,233.3,21.7,0.0140,,
2.1915,512,233.8,21.7,0.0120,,
2.1995,513,233.8,21.7,0.0115,,
2.2070,514,234.0,21.6,0.0105,,
2.2125,515,234.1,21.7,0.0090,,
2.2160,516,234.5,21.7,0.0060,,
2.2165,517,234.6,21.7,0.0010,,
2.2180,518,234.4,21.7,0.0020,,
2.2190,519,234.4,21.7,0.0015,,
2.2200,520,234.6,21.7,0.0015,,
2.2210,521,234.4,21.7,0.0015,,
2.2215,522,234.6,21.7,0.0010,,
2.2220,523,234.4,21.7,0.0010,,
2.2230,524,234.4,21.7,0.0015,,
2.2240,525,234.6,21.7,0.0015,,
2.2245,526,234.5,21.7,0.0005,,
2.2250,527,234.7,21.7,0.0010,,
2.2255,528,234.5,21.7,0.0010,,
2.2265,529,234.5,21.7,0.0015,,
2.2280,530,234.7,21.7,0.0020,,
2.2290,531,234.6,21.7,0.0015,,
2.2295,532,234.5,21.7,0.0005,,
2.2295,533,234.5,21.7,0.0000,,
2.2315,534,234.6,21.7,0.0035,,
2.2320,534,235.0,21.7,0.0050,,
Scope 1/1, Sample 12/33 (T3)
Result,TitrationEP1
V,t,E,T,dV/dt,E acc. stat.,Volume acc. stat.
0.0000,0,-69.4,21.6,NaN,,
0.0010,1,-69.4,21.6,0.0010,,
0.0025,2,-69.5,21.6,0.0015,,
0.0050,3,-69.3,21.6,0.0025,,
0.0090,4,-69.2,21.6,0.0035,,
0.0150,5,-68.6,21.6,0.0055,,
0.0235,6,-68.1,21.6,0.0075,,
0.0320,7,-67.1,21.6,0.0075,,
0.0405,8,-65.6,21.6,0.0075,,
0.0490,9,-64.2,21.6,0.0075,,
0.0565,10,-62.9,21.6,0.0070,,
0.0645,11,-61.3,21.6,0.0075,,
0.0730,12,-59.9,21.6,0.0075,,
0.0815,13,-57.9,21.6,0.0075,,
0.0900,14,-56.1,21.6,0.0075,,
0.0985,15,-54.3,21.6,0.0070,,
0.1060,16,-52.3,21.6,0.0070,,
0.1145,17,-50.2,21.6,0.0075,,
0.1230,18,-47.8,21.6,0.0075,,
0.1310,19,-45.2,21.6,0.0075,,
0.1395,20,-42.8,21.6,0.0075,,
0.1480,21,-39.9,21.6,0.0075,,
0.1555,22,-37.4,21.6,0.0070,,
0.1640,23,-34.0,21.6,0.0075,,
0.1725,24,-30.9,21.6,0.0075,,
0.1810,25,-27.9,21.6,0.0075,,
0.1890,26,-24.5,21.6,0.0075,,
0.1975,27,-21.2,21.6,0.0075,,
0.2050,28,-18.6,21.6,0.0070,,
0.2135,29,-16.0,21.6,0.0075,,
0.2220,30,-13.8,21.6,0.0075,,
0.2305,31,-11.4,21.6,0.0075,,
0.2390,32,-9.2,21.6,0.0075,,
0.2475,33,-7.6,21.6,0.0075,,
0.2550,34,-5.8,21.6,0.0070,,
0.2635,35,-4.2,21.6,0.0075,,
0.2715,36,-2.5,21.6,0.0075,,
0.2800,37,-1.1,21.6,0.0075,,
0.2885,38,0.1,21.6,0.0075,,
0.2970,39,1.4,21.6,0.0075,,
0.3045,40,2.5,21.6,0.0070,,
0.3130,41,4.0,21.6,0.0075,,
0.3215,42,5.3,21.6,0.0075,,
0.3295,43,6.2,21.6,0.0075,,
0.3380,44,7.3,21.6,0.0075,,
0.3465,45,8.6,21.6,0.0075,,
0.3540,46,9.4,21.6,0.0070,,
0.3625,47,10.6,21.6,0.0075,,
0.3710,48,11.5,21.6,0.0075,,
0.3795,49,12.6,21.6,0.0075,,
0.3880,50,13.8,21.6,0.0075,,
0.3960,51,14.6,21.6,0.0065,,
0.4040,52,15.5,21.6,0.0075,,
0.4120,53,16.2,21.6,0.0075,,
0.4205,54,17.3,21.6,0.0075,,
0.4290,55,18.5,21.6,0.0075,,
0.4375,56,19.2,21.6,0.0075,,
0.4460,57,20.1,21.6,0.0075,,
0.4535,58,20.8,21.6,0.0070,,
0.4620,59,22.0,21.6,0.0075,,
0.4705,60,22.9,21.6,0.0075,,
0.4785,61,23.5,21.6,0.0075,,
0.4870,62,24.5,21.6,0.0075,,
0.4955,63,25.2,21.6,0.0075,,
0.5030,64,26.2,21.6,0.0070,,
0.5115,65,27.0,21.6,0.0075,,
0.5200,66,27.7,21.6,0.0075,,
0.5285,67,28.7,21.6,0.0075,,
0.5365,68,29.7,21.6,0.0075,,
0.5450,69,30.4,21.6,0.0075,,
0.5525,70,31.3,21.6,0.0070,,
0.5610,71,32.0,21.6,0.0075,,
0.5695,72,33.0,21.6,0.0075,,
0.5780,73,33.9,21.6,0.0075,,
0.5865,74,34.6,21.6,0.0075,,
0.5950,75,35.5,21.6,0.0070,,
0.6025,76,36.2,21.6,0.0070,,
0.6110,77,37.3,21.6,0.0075,,
0.6190,78,38.2,21.6,0.0075,,
0.6275,79,39.0,21.6,0.0075,,
0.6360,80,39.7,21.6,0.0075,,
0.6445,81,40.5,21.6,0.0075,,
0.6520,82,41.6,21.6,0.0070,,
0.6605,83,42.5,21.6,0.0075,,
0.6690,84,43.2,21.6,0.0075,,
0.6770,85,44.1,21.6,0.0075,,
0.6855,86,45.1,21.6,0.0075,,
0.6940,87,45.9,21.6,0.0075,,
0.7015,88,46.7,21.6,0.0070,,
0.7100,89,47.3,21.6,0.0075,,
0.7185,90,48.2,21.6,0.0075,,
0.7270,91,49.3,21.6,0.0075,,
0.7355,92,50.2,21.6,0.0075,,
0.7435,93,50.9,21.6,0.0075,,
0.7510,94,51.7,21.6,0.0070,,
0.7595,95,52.6,21.6,0.0075,,
0.7680,96,53.7,21.6,0.0075,,
0.7765,97,54.5,21.6,0.0075,,
0.7850,98,55.3,21.6,0.0075,,
0.7935,99,56.4,21.6,0.0075,,
0.8010,100,57.1,21.6,0.0070,,
0.8095,101,58.3,21.6,0.0075,,
0.8175,102,59.1,21.6,0.0075,,
0.8260,103,59.9,21.6,0.0075,,
0.8345,104,61.0,21.6,0.0075,,
0.8430,105,61.9,21.6,0.0075,,
0.8505,106,62.8,21.6,0.0070,,
0.8590,107,63.7,21.6,0.0075,,
0.8675,108,64.5,21.6,0.0075,,
0.8760,109,65.7,21.6,0.0075,,
0.8840,110,66.7,21.6,0.0075,,
0.8925,111,67.4,21.6,0.0070,,
0.9000,112,68.4,21.6,0.0070,,
0.9085,113,69.4,21.6,0.0075,,
0.9170,114,70.5,21.6,0.0075,,
0.9255,115,71.5,21.6,0.0075,,
0.9340,116,72.3,21.6,0.0075,,
0.9420,117,73.5,21.6,0.0075,,
0.9500,118,74.4,21.6,0.0075,,
0.9580,119,75.6,21.6,0.0075,,
0.9665,120,76.6,21.6,0.0075,,
0.9750,121,77.5,21.6,0.0075,,
0.9835,122,78.9,21.6,0.0075,,
0.9920,123,80.2,21.6,0.0075,,
0.9995,124,81.2,21.6,0.0070,,
1.0080,125,82.4,21.6,0.0075,,
1.0160,126,83.5,21.6,0.0075,,
1.0245,127,84.8,21.6,0.0075,,
1.0330,128,86.1,21.6,0.0075,,
1.0415,129,87.2,21.6,0.0075,,
1.0490,130,88.6,21.6,0.0070,,
1.0575,131,89.7,21.6,0.0075,,
1.0660,132,91.0,21.6,0.0075,,
1.0745,133,92.6,21.6,0.0075,,
1.0825,134,93.8,21.6,0.0075,,
1.0910,135,95.1,21.6,0.0075,,
1.0985,136,96.6,21.6,0.0070,,
1.1070,137,98.2,21.6,0.0075,,
1.1155,138,100.1,21.6,0.0075,,
1.1240,139,101.7,21.6,0.0075,,
1.1325,140,103.5,21.6,0.0075,,
1.1405,141,105.5,21.6,0.0075,,
1.1485,142,107.2,21.6,0.0075,,
1.1565,143,109.4,21.6,0.0075,,
1.1650,144,111.3,21.6,0.0075,,
1.1735,145,113.2,21.6,0.0075,,
1.1820,146,115.6,21.6,0.0075,,
1.1905,147,118.2,21.6,0.0075,,
1.1985,148,120.6,21.6,0.0075,,
1.2065,149,123.2,21.6,0.0075,,
1.2145,150,125.9,21.6,0.0075,,
1.2230,151,129.1,21.6,0.0075,,
1.2315,152,132.2,21.6,0.0075,,
1.2400,153,135.5,21.6,0.0075,,
1.2475,154,138.8,21.6,0.0070,,
1.2560,155,142.5,21.6,0.0075,,
1.2645,156,146.3,21.6,0.0075,,
1.2730,157,149.6,21.6,0.0075,,
1.2810,158,153.0,21.6,0.0075,,
1.2895,159,156.6,21.6,0.0075,,
1.2970,160,159.6,21.6,0.0070,,
1.3055,161,162.7,21.6,0.0075,,
1.3140,162,165.4,21.6,0.0075,,
1.3225,163,168.0,21.6,0.0075,,
1.3310,164,170.7,21.6,0.0075,,
1.3395,165,173.1,21.6,0.0075,,
1.3470,166,175.1,21.6,0.0070,,
1.3550,167,177.2,21.6,0.0075,,
1.3635,168,179.0,21.6,0.0075,,
1.3720,169,180.9,21.6,0.0075,,
1.3805,170,182.5,21.6,0.0075,,
1.3890,171,183.9,21.6,0.0075,,
1.3960,172,185.1,21.6,0.0065,,
1.3960,412,186.4,21.7,0.0000,,
1.3965,413,186.5,21.7,0.0005,,
1.3980,414,186.7,21.7,0.0010,,
1.4005,415,186.8,21.7,0.0020,,
1.4045,416,187.3,21.7,0.0030,,
1.4110,417,188.4,21.7,0.0050,,
1.4195,418,189.4,21.7,0.0070,,
1.4270,419,190.8,21.7,0.0060,,
1.4355,420,191.6,21.7,0.0070,,
1.4435,421,192.8,21.7,0.0060,,
1.4520,422,194.1,21.7,0.0065,,
1.4605,423,195.1,21.7,0.0065,,
1.4690,424,195.9,21.7,0.0065,,
1.4765,425,196.7,21.7,0.0060,,
1.4850,426,197.5,21.7,0.0070,,
1.4935,427,198.8,21.7,0.0065,,
1.5015,428,199.5,21.7,0.0060,,
1.5100,429,200.1,21.7,0.0065,,
1.5185,430,201.2,21.7,0.0065,,
1.5260,431,201.8,21.7,0.0060,,
1.5345,432,202.8,21.7,0.0070,,
1.5430,433,203.3,21.7,0.0065,,
1.5515,434,203.8,21.7,0.0065,,
1.5600,435,204.8,21.7,0.0065,,
1.5680,436,205.3,21.7,0.0065,,
1.5755,437,206.2,21.7,0.0060,,
1.5840,438,206.7,21.7,0.0070,,
1.5925,439,207.1,21.7,0.0065,,
1.6010,440,208.0,21.7,0.0065,,
1.6095,441,208.6,21.7,0.0065,,
1.6180,442,209.0,21.7,0.0065,,
1.6255,443,209.7,21.7,0.0060,,
1.6340,444,210.1,21.7,0.0070,,
1.6420,445,210.9,21.7,0.0060,,
1.6505,446,211.5,21.7,0.0065,,
1.6590,447,211.7,21.7,0.0065,,
1.6675,448,212.3,21.7,0.0065,,
1.6750,449,212.7,21.7,0.0060,,
1.6835,450,213.4,21.7,0.0070,,
1.6920,451,214.0,21.7,0.0070,,
1.7000,452,214.2,21.7,0.0060,,
1.7085,453,214.7,21.7,0.0065,,
1.7170,454,215.4,21.7,0.0065,,
1.7245,455,215.9,21.7,0.0060,,
1.7330,456,216.5,21.7,0.0070,,
1.7415,457,216.7,21.7,0.0070,,
1.7500,458,217.0,21.7,0.0065,,
1.7580,459,217.8,21.7,0.0060,,
1.7665,460,218.1,21.7,0.0065,,
1.7750,461,218.5,21.7,0.0070,,
1.7825,462,218.7,21.7,0.0060,,
1.7910,463,219.1,21.7,0.0070,,
1.7995,464,219.8,21.7,0.0065,,
1.8080,465,220.1,21.7,0.0065,,
1.8165,466,220.2,21.7,0.0065,,
1.8245,467,220.6,21.7,0.0065,,
1.8320,468,221.0,21.7,0.0060,,
1.8405,469,221.5,21.7,0.0070,,
1.8490,470,221.8,21.7,0.0065,,
1.8575,471,222.0,21.7,0.0065,,
1.8660,472,222.5,21.7,0.0065,,
1.8745,473,223.1,21.7,0.0065,,
1.8820,474,223.2,21.7,0.0060,,
1.8900,475,223.6,21.7,0.0065,,
1.8985,476,223.7,21.7,0.0070,,
1.9070,477,224.2,21.7,0.0065,,
1.9155,478,224.6,21.7,0.0065,,
1.9240,479,224.9,21.7,0.0070,,
1.9315,480,225.0,21.7,0.0060,,
1.9400,481,225.3,21.7,0.0070,,
1.9485,482,225.8,21.7,0.0065,,
1.9565,483,226.1,21.7,0.0060,,
1.9650,484,226.2,21.7,0.0065,,
1.9735,485,226.5,21.7,0.0065,,
1.9810,486,226.7,21.7,0.0060,,
1.9895,487,227.2,21.7,0.0070,,
1.9980,488,227.5,21.7,0.0065,,
2.0065,489,227.6,21.7,0.0065,,
2.0150,490,227.9,21.7,0.0065,,
2.0230,491,228.0,21.7,0.0065,,
2.0305,492,228.4,21.7,0.0060,,
2.0390,493,228.8,21.7,0.0070,,
2.0475,494,228.8,21.7,0.0065,,
2.0560,495,229.2,21.7,0.0065,,
2.0645,496,229.6,21.7,0.0065,,
2.0730,497,229.7,21.7,0.0065,,
2.0805,498,230.1,21.7,0.0060,,
2.0890,499,230.1,21.7,0.0070,,
2.0970,500,230.4,21.7,0.0060,,
2.1055,501,230.9,21.7,0.0065,,
2.1140,502,231.0,21.7,0.0065,,
2.1225,503,231.1,21.7,0.0065,,
2.1300,504,231.4,21.7,0.0060,,
2.1385,505,231.6,21.7,0.0070,,
2.1470,506,232.2,21.7,0.0070,,
2.1550,507,232.3,21.7,0.0060,,
2.1635,508,232.3,21.7,0.0065,,
2.1720,509,232.7,21.7,0.0065,,
2.1795,510,232.9,21.7,0.0060,,
2.1880,511,233.3,21.7,0.0070,,
2.1965,512,233.6,21.7,0.0070,,
2.2045,513,233.5,21.7,0.0060,,
2.2130,514,233.8,21.7,0.0065,,
2.2210,515,234.1,21.7,0.0060,,
2.2265,516,234.3,21.7,0.0045,,
2.2300,517,234.3,21.7,0.0030,,
2.2325,518,234.3,21.7,0.0020,,
2.2335,519,234.5,21.7,0.0010,,
2.2340,520,234.6,21.7,0.0005,,
2.2345,521,234.5,21.7,0.0005,,
2.2355,522,234.6,21.7,0.0010,,
2.2365,523,234.4,21.7,0.0010,,
2.2375,524,234.7,21.7,0.0010,,
2.2385,525,234.8,21.7,0.0010,,
2.2385,526,234.6,21.7,0.0000,,
2.2390,527,234.6,21.7,0.0005,,
2.2395,528,234.4,21.7,0.0005,,
2.2410,529,234.6,21.7,0.0010,,
2.2415,530,234.7,21.7,0.0005,,
2.2420,531,234.5,21.7,0.0005,,
2.2430,532,234.5,21.7,0.0010,,
2.2435,533,234.9,21.7,0.0005,,
2.2440,534,234.7,21.7,0.0005,,
2.2445,535,234.9,21.7,0.0005,,
2.2460,536,234.7,21.7,0.0010,,
2.2470,537,234.8,21.7,0.0010,,
2.2480,539,235.0,21.7,0.0005,,
Scope 1/1, Sample 13/33 (T4)
Result,TitrationEP1
V,t,E,T,dV/dt,E acc. stat.,Volume acc. stat.
0.0000,0,-70.9,21.6,NaN,,
0.0010,1,-71.0,21.6,0.0010,,
0.0025,2,-71.1,21.6,0.0015,,
0.0050,3,-71.0,21.6,0.0025,,
0.0090,4,-70.9,21.6,0.0035,,
0.0150,5,-70.4,21.6,0.0055,,
0.0235,6,-69.7,21.6,0.0075,,
0.0320,7,-68.9,21.6,0.0075,,
0.0405,8,-67.6,21.6,0.0075,,
0.0490,9,-66.5,21.6,0.0075,,
0.0565,10,-65.0,21.6,0.0070,,
0.0650,11,-63.5,21.6,0.0075,,
0.0730,12,-62.0,21.6,0.0075,,
0.0815,13,-60.4,21.6,0.0075,,
0.0900,14,-58.6,21.6,0.0075,,
0.0985,15,-56.8,21.6,0.0075,,
0.1060,16,-55.1,21.6,0.0070,,
0.1145,17,-53.0,21.6,0.0075,,
0.1230,18,-50.7,21.6,0.0075,,
0.1315,19,-48.5,21.6,0.0075,,
0.1395,20,-46.3,21.6,0.0075,,
0.1480,21,-43.8,21.6,0.0075,,
0.1555,22,-41.2,21.6,0.0070,,
0.1640,23,-38.3,21.6,0.0075,,
0.1725,24,-35.3,21.6,0.0075,,
0.1810,25,-32.4,21.6,0.0075,,
0.1895,26,-29.2,21.6,0.0075,,
0.1980,27,-26.3,21.6,0.0075,,
0.2055,28,-23.1,21.6,0.0070,,
0.2140,29,-20.2,21.6,0.0075,,
0.2220,30,-17.7,21.6,0.0075,,
0.2305,31,-15.1,21.6,0.0075,,
0.2390,32,-12.8,21.6,0.0075,,
0.2465,33,-10.9,21.6,0.0070,,
0.2550,34,-9.1,21.6,0.0075,,
0.2635,35,-7.4,21.6,0.0075,,
0.2720,36,-5.7,21.6,0.0075,,
0.2805,37,-3.9,21.6,0.0075,,
0.2885,38,-2.6,21.6,0.0075,,
0.2960,39,-1.2,21.6,0.0070,,
0.3045,40,0.1,21.6,0.0075,,
0.3130,41,1.5,21.6,0.0075,,
0.3215,42,2.8,21.6,0.0075,,
0.3300,43,3.9,21.6,0.0075,,
0.3385,44,5.1,21.6,0.0075,,
0.3460,45,6.1,21.6,0.0070,,
0.3545,46,7.4,21.6,0.0075,,
0.3625,47,8.4,21.6,0.0075,,
0.3710,48,9.3,21.6,0.0075,,
0.3795,49,10.3,21.6,0.0075,,
0.3880,50,11.5,21.6,0.0075,,
0.3955,51,12.3,21.6,0.0070,,
0.4040,52,13.3,21.6,0.0075,,
0.4125,53,14.1,21.6,0.0075,,
0.4205,54,15.1,21.6,0.0075,,
0.4290,55,16.2,21.6,0.0075,,
0.4375,56,17.0,21.6,0.0075,,
0.4460,57,18.1,21.6,0.0075,,
0.4535,58,18.9,21.6,0.0070,,
0.4620,59,19.9,21.6,0.0075,,
0.4705,60,20.9,21.6,0.0075,,
0.4790,61,21.7,21.6,0.0075,,
0.4870,62,22.5,21.6,0.0075,,
0.4955,63,23.5,21.6,0.0075,,
0.5030,64,24.1,21.6,0.0070,,
0.5115,65,25.0,21.6,0.0075,,
0.5200,66,25.8,21.6,0.0075,,
0.5285,67,26.6,21.6,0.0075,,
0.5370,68,27.6,21.6,0.0075,,
0.5450,69,28.5,21.6,0.0065,,
0.5530,70,29.3,21.6,0.0075,,
0.5610,71,30.0,21.6,0.0075,,
0.5695,72,30.8,21.6,0.0075,,
0.5780,73,31.9,21.6,0.0075,,
0.5865,74,32.9,21.6,0.0075,,
0.5950,75,33.5,21.6,0.0075,,
0.6025,76,34.4,21.6,0.0070,,
0.6110,77,35.2,21.6,0.0075,,
0.6195,78,36.2,21.6,0.0075,,
0.6275,79,37.0,21.6,0.0075,,
0.6360,80,37.7,21.6,0.0075,,
0.6445,81,38.5,21.6,0.0075,,
0.6520,82,39.4,21.6,0.0070,,
0.6605,83,40.4,21.6,0.0075,,
0.6690,84,41.2,21.6,0.0075,,
0.6775,85,42.1,21.6,0.0075,,
0.6860,86,43.1,21.6,0.0075,,
0.6935,87,43.9,21.6,0.0070,,
0.7020,88,44.8,21.6,0.0075,,
0.7100,89,45.5,21.6,0.0075,,
0.7185,90,46.3,21.6,0.0075,,
0.7270,91,47.5,21.6,0.0075,,
0.7355,92,48.2,21.6,0.0070,,
0.7430,93,49.0,21.6,0.0070,,
0.7515,94,49.8,21.6,0.0075,,
0.7600,95,50.8,21.6,0.0075,,
0.7680,96,51.8,21.6,0.0075,,
0.7765,97,52.7,21.6,0.0075,,
0.7850,98,53.5,21.6,0.0075,,
0.7925,99,54.2,21.6,0.0070,,
0.8010,100,55.2,21.6,0.0075,,
0.8095,101,56.2,21.6,0.0075,,
0.8180,102,57.1,21.6,0.0075,,
0.8265,103,57.9,21.6,0.0075,,
0.8345,104,59.0,21.6,0.0075,,
0.8425,105,59.9,21.6,0.0075,,
0.8505,106,61.0,21.6,0.0075,,
0.8590,107,61.9,21.6,0.0075,,
0.8675,108,62.7,21.6,0.0075,,
0.8760,109,63.8,21.6,0.0075,,
0.8845,110,64.7,21.6,0.0075,,
0.8920,111,65.7,21.6,0.0070,,
0.9005,112,66.6,21.6,0.0075,,
0.9085,113,67.6,21.6,0.0075,,
0.9170,114,68.8,21.6,0.0075,,
0.9255,115,69.9,21.6,0.0075,,
0.9340,116,70.8,21.6,0.0075,,
0.9415,117,71.9,21.6,0.0070,,
0.9500,118,72.9,21.6,0.0075,,
0.9585,119,74.0,21.6,0.0075,,
0.9670,120,75.1,21.6,0.0075,,
0.9750,121,76.1,21.6,0.0075,,
0.9835,122,77.3,21.6,0.0075,,
0.9910,123,78.2,21.6,0.0070,,
0.9995,124,79.6,21.6,0.0075,,
1.0080,125,80.7,21.6,0.0075,,
1.0165,126,81.8,21.6,0.0075,,
1.0250,127,83.1,21.6,0.0075,,
1.0335,128,84.3,21.6,0.0075,,
1.0410,129,85.4,21.6,0.0070,,
1.0495,130,86.6,21.6,0.0075,,
1.0575,131,87.7,21.6,0.0075,,
1.0660,132,89.3,21.6,0.0075,,
1.0745,133,90.8,21.6,0.0075,,
1.0830,134,92.1,21.6,0.0075,,
1.0905,135,93.5,21.6,0.0070,,
1.0990,136,94.9,21.6,0.0075,,
1.1075,137,96.6,21.6,0.0075,,
1.1160,138,98.1,21.6,0.0075,,
1.1240,139,99.6,21.6,0.0075,,
1.1325,140,101.4,21.6,0.0075,,
1.1400,141,102.9,21.6,0.0070,,
1.1485,142,104.9,21.6,0.0075,,
1.1570,143,106.9,21.6,0.0075,,
1.1655,144,108.8,21.6,0.0075,,
1.1740,145,111.0,21.6,0.0075,,
1.1820,146,113.4,21.6,0.0065,,
1.1900,147,115.5,21.6,0.0075,,
1.1980,148,118.0,21.6,0.0075,,
1.2065,149,120.5,21.6,0.0075,,
1.2150,150,123.3,21.6,0.0075,,
1.2235,151,126.4,21.6,0.0075,,
1.2320,152,129.3,21.6,0.0075,,
1.2395,153,132.6,21.6,0.0070,,
1.2480,154,135.8,21.6,0.0075,,
1.2565,155,139.5,21.6,0.0075,,
1.2645,156,143.1,21.6,0.0075,,
1.2730,157,146.8,21.6,0.0075,,
1.2815,158,150.5,21.6,0.0070,,
1.2890,159,153.7,21.6,0.0070,,
1.2975,160,157.3,21.6,0.0075,,
1.3060,161,160.5,21.6,0.0075,,
1.3145,162,163.5,21.6,0.0075,,
1.3225,163,166.2,21.6,0.0075,,
1.3310,164,169.0,21.6,0.0070,,
1.3385,165,171.2,21.6,0.0070,,
1.3470,166,173.6,21.6,0.0075,,
1.3555,167,175.9,21.6,0.0075,,
1.3640,168,177.9,21.6,0.0075,,
1.3725,169,179.6,21.6,0.0075,,
1.3805,170,181.3,21.6,0.0075,,
1.3885,171,182.9,21.6,0.0075,,
1.3965,172,184.2,21.6,0.0075,,
1.4020,173,185.1,21.6,0.0080,,
1.4020,413,186.7,21.7,0.0000,,
1.4025,414,186.8,21.7,0.0005,,
1.4040,415,186.8,21.7,0.0020,,
1.4065,416,186.9,21.7,0.0030,,
1.4105,417,187.6,21.7,0.0045,,
1.4170,418,188.3,21.7,0.0070,,
1.4250,419,189.5,21.7,0.0090,,
1.4325,420,190.7,21.7,0.0095,,
1.4410,421,191.8,21.7,0.0105,,
1.4495,422,192.9,21.7,0.0105,,
1.4580,423,194.0,21.7,0.0095,,
1.4665,424,194.9,21.7,0.0095,,
1.4750,425,196.0,21.7,0.0095,,
1.4825,426,196.8,21.7,0.0095,,
1.4910,427,197.8,21.7,0.0105,,
1.4990,428,198.7,21.7,0.0100,,
1.5075,429,199.5,21.7,0.0095,,
1.5160,430,200.3,21.7,0.0095,,
1.5245,431,201.3,21.7,0.0095,,
1.5320,432,201.9,21.7,0.0095,,
1.5405,433,202.8,21.7,0.0105,,
1.5490,434,203.4,21.7,0.0095,,
1.5575,435,204.2,21.7,0.0095,,
1.5655,436,205.0,21.7,0.0090,,
1.5740,437,205.6,21.7,0.0095,,
1.5815,438,206.3,21.7,0.0095,,
1.5900,439,206.8,21.7,0.0105,,
1.5985,440,207.5,21.7,0.0095,,
1.6070,441,208.2,21.7,0.0095,,
1.6155,442,208.7,21.7,0.0095,,
1.6235,443,209.2,21.7,0.0090,,
1.6315,444,209.8,21.7,0.0100,,
1.6395,445,210.4,21.7,0.0100,,
1.6480,446,211.0,21.7,0.0095,,
1.6565,447,211.4,21.7,0.0095,,
1.6650,448,211.8,21.7,0.0095,,
1.6735,449,212.5,21.7,0.0095,,
1.6810,450,213.0,21.7,0.0095,,
1.6895,451,213.6,21.7,0.0105,,
1.6980,452,214.1,21.7,0.0105,,
1.7060,453,214.4,21.7,0.0090,,
1.7145,454,215.0,21.7,0.0095,,
1.7230,455,215.6,21.7,0.0095,,
1.7305,456,216.0,21.7,0.0095,,
1.7390,457,216.3,21.7,0.0105,,
1.7475,458,216.6,21.7,0.0105,,
1.7560,459,217.2,21.7,0.0095,,
1.7640,460,217.7,21.7,0.0090,,
1.7725,461,217.9,21.7,0.0095,,
1.7800,462,218.4,21.7,0.0095,,
1.7885,463,218.7,21.7,0.0105,,
1.7970,464,219.3,21.7,0.0105,,
1.8055,465,219.7,21.7,0.0095,,
1.8140,466,219.9,21.7,0.0095,,
1.8225,467,220.3,21.7,0.0095,,
1.8300,468,220.5,21.7,0.0095,,
1.8380,469,221.0,21.7,0.0100,,
1.8465,470,221.4,21.7,0.0105,,
1.8550,471,221.6,21.7,0.0095,,
1.8635,472,222.0,21.7,0.0095,,
1.8720,473,222.5,21.7,0.0095,,
1.8795,474,222.7,21.7,0.0095,,
1.8880,475,223.0,21.7,0.0105,,
1.8965,476,223.3,21.7,0.0105,,
1.9045,477,223.6,21.7,0.0090,,
1.9130,478,224.1,21.7,0.0095,,
1.9215,479,224.3,21.7,0.0095,,
1.9290,480,224.7,21.7,0.0095,,
1.9375,481,224.9,21.7,0.0095,,
1.9460,482,225.2,21.7,0.0105,,
1.9545,483,225.6,21.7,0.0095,,
1.9625,484,225.9,21.7,0.0090,,
1.9710,485,226.1,21.7,0.0095,,
1.9795,486,226.4,21.7,0.0105,,
1.9870,487,226.7,21.7,0.0095,,
1.9955,488,227.1,21.7,0.0105,,
2.0040,489,227.3,21.7,0.0095,,
2.0125,490,227.6,21.7,0.0095,,
2.0210,491,228.1,21.7,0.0095,,
2.0285,492,228.3,21.7,0.0095,,
2.0370,493,228.7,21.7,0.0105,,
2.0450,494,228.8,21.7,0.0100,,
2.0535,495,229.1,21.7,0.0095,,
2.0620,496,229.5,21.7,0.0095,,
2.0705,497,229.7,21.7,0.0095,,
2.0780,498,230.0,21.7,0.0095,,
2.0865,499,230.1,21.7,0.0105,,
2.0950,500,230.3,21.7,0.0105,,
2.1030,501,230.7,21.7,0.0090,,
2.1115,502,230.9,21.7,0.0095,,
2.1200,503,231.1,21.7,0.0095,,
2.1275,504,231.3,21.7,0.0095,,
2.1360,505,231.6,21.7,0.0105,,
2.1445,506,232.0,21.7,0.0105,,
2.1530,507,232.1,21.7,0.0095,,
2.1615,508,232.3,21.7,0.0095,,
2.1695,509,232.6,21.7,0.0090,,
2.1775,510,232.7,21.7,0.0100,,
2.1855,511,233.0,21.7,0.0100,,
2.1940,512,233.1,21.7,0.0105,,
2.2025,513,233.2,21.7,0.0095,,
2.2105,514,233.6,21.7,0.0090,,
2.2190,515,233.8,21.7,0.0095,,
2.2270,516,234.0,21.7,0.0100,,
2.2325,517,234.1,21.7,0.0070,,
2.2380,518,234.3,21.7,0.0070,,
2.2420,519,234.6,21.7,0.0045,,
2.2445,520,234.6,21.7,0.0030,,
2.2450,521,234.5,21.7,0.0005,,
2.2460,522,234.5,21.7,0.0010,,
2.2470,523,234.4,21.7,0.0010,,
2.2485,524,234.6,21.7,0.0020,,
2.2500,525,234.7,21.7,0.0015,,
2.2530,526,234.6,21.7,0.0035,,
2.2560,527,234.7,21.7,0.0035,,
2.2585,528,234.9,21.7,0.0030,,
2.2590,528,235.0,21.7,0.0050,,
Scope 1/1, Sample 14/33 (T5)
Result,TitrationEP1
V,t,E,T,dV/dt,E acc. stat.,Volume acc. stat.
0.0000,0,-70.2,21.5,NaN,,
0.0005,1,-70.2,21.5,0.0005,,
0.0025,2,-70.2,21.5,0.0020,,
0.0050,3,-70.2,21.5,0.0025,,
0.0090,4,-70.1,21.5,0.0035,,
0.0150,5,-69.5,21.5,0.0055,,
0.0235,6,-68.8,21.5,0.0075,,
0.0320,7,-67.8,21.5,0.0085,,
0.0395,8,-66.8,21.5,0.0075,,
0.0480,9,-65.4,21.5,0.0085,,
0.0565,10,-63.8,21.5,0.0075,,
0.0645,11,-62.3,21.5,0.0075,,
0.0730,12,-60.9,21.5,0.0075,,
0.0815,13,-59.1,21.5,0.0085,,
0.0890,14,-57.3,21.5,0.0075,,
0.0975,15,-55.3,21.5,0.0085,,
0.1060,16,-53.3,21.5,0.0075,,
0.1145,17,-51.1,21.5,0.0075,,
0.1230,18,-48.6,21.5,0.0075,,
0.1305,19,-46.5,21.5,0.0075,,
0.1390,20,-43.9,21.5,0.0085,,
0.1470,21,-41.4,21.5,0.0080,,
0.1555,22,-38.4,21.5,0.0075,,
0.1640,23,-35.2,21.5,0.0075,,
0.1725,24,-32.0,21.5,0.0075,,
0.1810,25,-29.1,21.5,0.0085,,
0.1885,26,-26.0,21.5,0.0075,,
0.1970,27,-22.8,21.5,0.0085,,
0.2050,28,-19.6,21.6,0.0075,,
0.2135,29,-16.9,21.5,0.0075,,
0.2220,30,-14.6,21.5,0.0075,,
0.2305,31,-12.4,21.5,0.0085,,
0.2380,32,-10.5,21.5,0.0075,,
0.2465,33,-8.4,21.5,0.0085,,
0.2550,34,-6.7,21.5,0.0075,,
0.2635,35,-5.2,21.6,0.0075,,
0.2715,36,-3.4,21.5,0.0075,,
0.2800,37,-2.2,21.5,0.0085,,
0.2875,38,-0.6,21.5,0.0075,,
0.2960,39,0.7,21.6,0.0085,,
0.3045,40,1.8,21.6,0.0075,,
0.3130,41,3.3,21.5,0.0075,,
0.3215,42,4.6,21.5,0.0075,,
0.3295,43,5.6,21.6,0.0075,,
0.3375,44,6.8,21.6,0.0080,,
0.3455,45,7.6,21.6,0.0080,,
0.3540,46,8.7,21.6,0.0075,,
0.3625,47,9.9,21.6,0.0075,,
0.3710,48,10.8,21.6,0.0075,,
0.3795,49,11.8,21.6,0.0075,,
0.3870,50,12.7,21.5,0.0075,,
0.3955,51,13.7,21.6,0.0085,,
0.4035,52,14.9,21.6,0.0075,,
0.4120,53,15.7,21.6,0.0075,,
0.4205,54,16.6,21.6,0.0075,,
0.4290,55,17.7,21.6,0.0075,,
0.4365,56,18.4,21.6,0.0075,,
0.4450,57,19.5,21.6,0.0085,,
0.4535,58,20.3,21.6,0.0085,,
0.4615,59,21.1,21.6,0.0075,,
0.4700,60,22.2,21.6,0.0075,,
0.4785,61,23.1,21.6,0.0075,,
0.4860,62,23.9,21.6,0.0075,,
0.4945,63,24.6,21.6,0.0085,,
0.5030,64,25.5,21.6,0.0085,,
0.5115,65,26.5,21.6,0.0075,,
0.5200,66,27.4,21.6,0.0075,,
0.5280,67,28.1,21.6,0.0075,,
0.5360,68,28.9,21.6,0.0080,,
0.5440,69,29.7,21.6,0.0080,,
0.5525,70,30.8,21.6,0.0075,,
0.5610,71,31.6,21.6,0.0075,,
0.5695,72,32.4,21.6,0.0075,,
0.5780,73,33.3,21.6,0.0075,,
0.5855,74,34.0,21.6,0.0075,,
0.5940,75,35.1,21.6,0.0085,,
0.6020,76,35.9,21.6,0.0080,,
0.6105,77,36.5,21.6,0.0075,,
0.6190,78,37.6,21.6,0.0075,,
0.6275,79,38.5,21.6,0.0075,,
0.6350,80,39.3,21.6,0.0075,,
0.6435,81,40.1,21.6,0.0085,,
0.6520,82,40.8,21.6,0.0075,,
0.6605,83,41.9,21.6,0.0075,,
0.6685,84,42.8,21.6,0.0075,,
0.6770,85,43.5,21.6,0.0075,,
0.6845,86,44.4,21.6,0.0075,,
0.6930,87,45.2,21.6,0.0085,,
0.7015,88,46.3,21.6,0.0075,,
0.7100,89,47.3,21.6,0.0075,,
0.7185,90,47.9,21.6,0.0075,,
0.7270,91,48.9,21.6,0.0075,,
0.7345,92,49.8,21.6,0.0075,,
0.7425,93,50.8,21.6,0.0080,,
0.7510,94,51.8,21.6,0.0075,,
0.7595,95,52.5,21.6,0.0075,,
0.7680,96,53.5,21.6,0.0075,,
0.7765,97,54.7,21.6,0.0075,,
0.7840,98,55.5,21.6,0.0075,,
0.7925,99,56.5,21.6,0.0085,,
0.8005,100,57.4,21.6,0.0080,,
0.8090,101,58.3,21.6,0.0075,,
0.8175,102,59.5,21.6,0.0075,,
0.8260,103,60.4,21.6,0.0075,,
0.8345,104,61.3,21.6,0.0085,,
0.8420,105,62.1,21.6,0.0075,,
0.8505,106,63.0,21.6,0.0085,,
0.8590,107,64.1,21.6,0.0075,,
0.8670,108,65.1,21.6,0.0075,,
0.8755,109,65.9,21.6,0.0075,,
0.8840,110,67.0,21.6,0.0075,,
0.8915,111,67.8,21.6,0.0075,,
0.9000,112,69.0,21.6,0.0085,,
0.9085,113,70.2,21.6,0.0075,,
0.9170,114,71.1,21.6,0.0075,,
0.9250,115,72.1,21.6,0.0075,,
0.9335,116,73.5,21.6,0.0075,,
0.9410,117,74.4,21.6,0.0075,,
0.9495,118,75.5,21.6,0.0085,,
0.9580,119,76.4,21.6,0.0075,,
0.9665,120,77.6,21.6,0.0075,,
0.9750,121,78.8,21.6,0.0075,,
0.9835,122,79.9,21.6,0.0075,,
0.9910,123,81.0,21.6,0.0075,,
0.9990,124,82.0,21.6,0.0080,,
1.0075,125,83.3,21.6,0.0075,,
1.0160,126,84.8,21.6,0.0075,,
1.0245,127,86.1,21.6,0.0075,,
1.0330,128,87.4,21.6,0.0075,,
1.0405,129,88.6,21.6,0.0075,,
1.0490,130,90.0,21.6,0.0085,,
1.0575,131,91.6,21.6,0.0075,,
1.0655,132,92.8,21.6,0.0075,,
1.0740,133,94.3,21.6,0.0075,,
1.0825,134,96.2,21.6,0.0075,,
1.0900,135,97.7,21.6,0.0075,,
1.0985,136,99.5,21.6,0.0085,,
1.1070,137,101.1,21.6,0.0075,,
1.1155,138,103.1,21.6,0.0075,,
1.1240,139,105.2,21.6,0.0075,,
1.1320,140,107.1,21.6,0.0075,,
1.1395,141,109.0,21.6,0.0075,,
1.1480,142,111.0,21.6,0.0085,,
1.1565,143,113.5,21.6,0.0075,,
1.1650,144,116.1,21.6,0.0075,,
1.1735,145,118.6,21.6,0.0075,,
1.1820,146,121.2,21.6,0.0075,,
1.1895,147,123.9,21.6,0.0075,,
1.1980,148,127.1,21.6,0.0085,,
1.2060,149,130.4,21.6,0.0075,,
1.2145,150,133.6,21.6,0.0075,,
1.2230,151,136.8,21.6,0.0075,,
1.2315,152,140.9,21.6,0.0075,,
1.2390,153,144.3,21.6,0.0075,,
1.2475,154,147.8,21.6,0.0085,,
1.2560,155,151.3,21.6,0.0075,,
1.2645,156,154.8,21.6,0.0075,,
1.2725,157,158.3,21.6,0.0075,,
1.2810,158,161.6,21.6,0.0075,,
1.2885,159,164.5,21.6,0.0075,,
1.2970,160,167.0,21.6,0.0085,,
1.3055,161,169.6,21.6,0.0075,,
1.3140,162,172.2,21.6,0.0075,,
1.3225,163,174.3,21.6,0.0075,,
1.3305,164,176.4,21.6,0.0075,,
1.3385,165,178.2,21.6,0.0080,,
1.3465,166,179.9,21.6,0.0080,,
1.3550,167,181.9,21.6,0.0075,,
1.3635,168,183.4,21.6,0.0075,,
1.3720,169,184.8,21.6,0.0075,,
1.3745,169,185.2,21.6,0.0060,,
1.3745,410,186.8,21.6,0.0000,,
1.3750,410,187.0,21.6,0.0010,,
1.3770,412,186.9,21.6,0.0015,,
1.3795,413,186.9,21.6,0.0040,,
1.3830,414,187.6,21.6,0.0060,,
1.3895,415,188.5,21.6,0.0110,,
1.3980,416,189.5,21.6,0.0140,,
1.4055,416,190.9,21.6,0.0150,,
1.4140,418,191.9,21.6,0.0055,,
1.4220,418,193.1,21.6,0.0160,,
1.4305,420,194.3,21.6,0.0055,,
1.4390,421,195.1,21.6,0.0140,,
1.4475,422,196.1,21.6,0.0140,,
1.4550,422,197.0,21.6,0.0150,,
1.4635,424,198.1,21.6,0.0055,,
1.4720,424,199.1,21.6,0.0170,,
1.4800,426,199.8,21.6,0.0050,,
1.4885,427,200.6,21.6,0.0140,,
1.4970,428,201.5,21.6,0.0140,,
1.5055,428,202.2,21.6,0.0170,,
1.5130,430,203.1,21.6,0.0050,,
1.5215,430,203.7,21.6,0.0170,,
1.5300,432,204.3,21.6,0.0055,,
1.5380,433,205.2,21.6,0.0135,,
1.5465,434,205.9,21.6,0.0140,,
1.5540,434,206.6,21.6,0.0150,,
1.5625,436,207.1,21.6,0.0055,,
1.5710,436,207.6,21.6,0.0170,,
1.5795,438,208.4,21.6,0.0055,,
1.5880,439,209.0,21.6,0.0140,,
1.5965,440,209.3,21.6,0.0140,,
1.6040,440,210.1,21.6,0.0150,,
1.6125,442,210.6,21.6,0.0055,,
1.6205,442,211.3,21.6,0.0160,,
1.6290,444,211.9,21.6,0.0055,,
1.6375,445,212.2,21.6,0.0140,,
1.6460,446,212.7,21.6,0.0140,,
1.6545,447,213.4,21.6,0.0140,,
1.6620,448,213.8,21.6,0.0150,,
1.6705,448,214.3,21.6,0.0170,,
1.6785,450,214.7,21.6,0.0050,,
1.6870,451,215.1,21.6,0.0140,,
1.6955,452,215.8,21.6,0.0140,,
1.7040,453,216.1,21.6,0.0140,,
1.7115,454,216.6,21.6,0.0150,,
1.7200,454,216.9,21.6,0.0170,,
1.7285,456,217.3,21.6,0.0055,,
1.7365,457,217.9,21.6,0.0135,,
1.7450,458,218.3,21.6,0.0140,,
1.7535,459,218.5,21.6,0.0140,,
1.7610,460,219.0,21.6,0.0150,,
1.7695,460,219.3,21.6,0.0170,,
1.7780,462,219.9,21.6,0.0055,,
1.7865,463,220.2,21.6,0.0140,,
1.7950,464,220.5,21.6,0.0140,,
1.8030,465,221.0,21.6,0.0135,,
1.8105,466,221.3,21.6,0.0150,,
1.8190,466,221.8,21.6,0.0170,,
1.8275,468,222.1,21.6,0.0055,,
1.8360,469,222.3,21.6,0.0140,,
1.8445,470,222.8,21.6,0.0140,,
1.8530,471,223.2,21.6,0.0140,,
1.8605,472,223.5,21.6,0.0150,,
1.8690,472,223.7,21.6,0.0170,,
1.8770,474,224.0,21.6,0.0055,,
1.8855,475,224.4,21.6,0.0140,,
1.8940,476,224.7,21.6,0.0140,,
1.9025,477,224.9,21.6,0.0140,,
1.9100,478,225.3,21.6,0.0150,,
1.9185,478,225.5,21.6,0.0170,,
1.9270,480,225.9,21.6,0.0055,,
1.9355,481,226.2,21.6,0.0140,,
1.9435,482,226.3,21.6,0.0135,,
1.9520,482,226.6,21.6,0.0170,,
1.9595,484,226.9,21.6,0.0050,,
1.9680,484,227.4,21.6,0.0170,,
1.9765,486,227.5,21.6,0.0055,,
1.9850,487,227.8,21.6,0.0140,,
1.9935,488,228.1,21.6,0.0140,,
2.0020,488,228.4,21.6,0.0170,,
2.0095,490,228.8,21.6,0.0050,,
2.0175,490,228.9,21.6,0.0160,,
2.0260,492,229.1,21.6,0.0055,,
2.0345,493,229.5,21.6,0.0140,,
2.0430,494,229.8,21.6,0.0140,,
2.0515,495,229.9,21.6,0.0140,,
2.0590,496,230.3,21.6,0.0150,,
2.0675,496,230.4,21.6,0.0170,,
2.0760,498,230.8,21.6,0.0055,,
2.0840,499,231.1,21.6,0.0135,,
2.0925,500,231.1,21.6,0.0140,,
2.1010,500,231.4,21.6,0.0170,,
2.1085,502,231.5,21.6,0.0050,,
2.1170,502,232.0,21.6,0.0170,,
2.1255,504,232.2,21.6,0.0055,,
2.1340,505,232.3,21.6,0.0140,,
2.1420,506,232.6,21.6,0.0135,,
2.1505,507,233.0,21.6,0.0140,,
2.1580,508,233.2,21.6,0.0150,,
2.1665,508,233.4,21.6,0.0170,,
2.1750,510,233.4,21.6,0.0055,,
2.1830,511,233.7,21.6,0.0135,,
2.1900,512,234.2,21.6,0.0115,,
2.1910,513,234.2,21.6,0.0015,,
2.1915,514,234.3,21.6,0.0010,,
2.1930,514,234.2,21.6,0.0030,,
2.1950,516,234.2,21.6,0.0015,,
2.1975,517,234.5,21.6,0.0040,,
2.2000,518,234.5,21.6,0.0040,,
2.2005,519,234.4,21.6,0.0010,,
2.2015,520,234.4,21.6,0.0020,,
2.2030,520,234.4,21.6,0.0030,,
2.2035,522,234.6,21.6,0.0005,,
2.2045,523,234.6,21.6,0.0015,,
2.2065,524,234.5,21.6,0.0035,,
2.2085,525,234.7,21.6,0.0035,,
2.2110,526,234.6,21.6,0.0050,,
2.2135,526,234.9,21.6,0.0050,,
2.2165,528,234.8,21.6,0.0020,,
2.2190,529,234.9,21.6,0.0040,,
2.2200,529,235.0,21.6,NaN,,
Scope 1/1, Sample 15/33 (T6)
Result,TitrationEP1
V,t,E,T,dV/dt,E acc. stat.,Volume acc. stat.
0.0000,0,-70.3,21.6,NaN,,
0.0010,1,-70.2,21.6,0.0010,,
0.0025,2,-70.4,21.6,0.0015,,
0.0050,3,-70.4,21.6,0.0025,,
0.0090,4,-70.3,21.6,0.0035,,
0.0150,5,-69.6,21.6,0.0055,,
0.0235,6,-68.9,21.6,0.0075,,
0.0320,7,-68.1,21.6,0.0075,,
0.0405,8,-66.8,21.6,0.0075,,
0.0485,9,-65.3,21.6,0.0075,,
0.0570,10,-63.9,21.6,0.0070,,
0.0645,11,-62.5,21.6,0.0070,,
0.0730,12,-61.0,21.6,0.0075,,
0.0815,13,-59.4,21.6,0.0075,,
0.0900,14,-57.3,21.6,0.0075,,
0.0985,15,-55.5,21.6,0.0075,,
0.1070,16,-53.7,21.6,0.0075,,
0.1145,17,-51.8,21.6,0.0070,,
0.1230,18,-49.5,21.6,0.0075,,
0.1310,19,-46.9,21.6,0.0075,,
0.1395,20,-44.7,21.6,0.0075,,
0.1480,21,-42.2,21.6,0.0075,,
0.1555,22,-39.6,21.6,0.0070,,
0.1640,23,-36.6,21.6,0.0075,,
0.1725,24,-33.6,21.6,0.0075,,
0.1810,25,-30.7,21.6,0.0075,,
0.1890,26,-27.5,21.6,0.0075,,
0.1975,27,-24.2,21.6,0.0075,,
0.2060,28,-21.5,21.6,0.0075,,
0.2135,29,-18.6,21.6,0.0070,,
0.2220,30,-16.2,21.6,0.0075,,
0.2305,31,-13.7,21.6,0.0075,,
0.2390,32,-11.3,21.6,0.0075,,
0.2475,33,-9.5,21.6,0.0070,,
0.2550,34,-7.7,21.6,0.0070,,
0.2635,35,-6.0,21.6,0.0075,,
0.2720,36,-4.1,21.6,0.0075,,
0.2800,37,-2.5,21.6,0.0075,,
0.2885,38,-1.3,21.6,0.0075,,
0.2970,39,0.1,21.6,0.0070,,
0.3045,40,1.2,21.6,0.0070,,
0.3130,41,2.6,21.6,0.0075,,
0.3215,42,3.9,21.6,0.0075,,
0.3300,43,5.1,21.6,0.0075,,
0.3380,44,6.2,21.6,0.0075,,
0.3465,45,7.5,21.6,0.0070,,
0.3540,46,8.3,21.6,0.0070,,
0.3625,47,9.5,21.6,0.0075,,
0.3710,48,10.4,21.6,0.0075,,
0.3795,49,11.3,21.6,0.0075,,
0.3880,50,12.6,21.6,0.0075,,
0.3960,51,13.5,21.6,0.0075,,
0.4040,52,14.5,21.6,0.0075,,
0.4120,53,15.3,21.6,0.0075,,
0.4205,54,16.2,21.6,0.0075,,
0.4290,55,17.3,21.6,0.0075,,
0.4375,56,18.2,21.6,0.0070,,
0.4460,57,18.9,21.6,0.0075,,
0.4540,58,19.8,21.6,0.0075,,
0.4620,59,20.8,21.6,0.0075,,
0.4700,60,21.8,21.6,0.0075,,
0.4785,61,22.7,21.6,0.0075,,
0.4870,62,23.3,21.6,0.0075,,
0.4955,63,24.1,21.6,0.0075,,
0.5040,64,25.3,21.6,0.0070,,
0.5115,65,25.9,21.6,0.0070,,
0.5200,66,26.9,21.6,0.0075,,
0.5280,67,27.6,21.6,0.0075,,
0.5365,68,28.6,21.6,0.0075,,
0.5450,69,29.6,21.6,0.0075,,
0.5535,70,30.3,21.6,0.0070,,
0.5610,71,31.1,21.6,0.0070,,
0.5695,72,31.8,21.6,0.0075,,
0.5780,73,32.7,21.6,0.0075,,
0.5860,74,33.8,21.6,0.0075,,
0.5945,75,34.6,21.6,0.0075,,
0.6030,76,35.4,21.6,0.0070,,
0.6105,77,36.3,21.6,0.0070,,
0.6190,78,37.1,21.6,0.0075,,
0.6275,79,38.0,21.6,0.0075,,
0.6360,80,38.8,21.6,0.0075,,
0.6445,81,39.5,21.6,0.0075,,
0.6525,82,40.5,21.6,0.0065,,
0.6605,83,41.2,21.6,0.0075,,
0.6685,84,42.3,21.6,0.0075,,
0.6770,85,43.0,21.6,0.0075,,
0.6855,86,43.8,21.6,0.0075,,
0.6940,87,44.8,21.6,0.0075,,
0.7025,88,45.7,21.6,0.0075,,
0.7100,89,46.5,21.6,0.0070,,
0.7185,90,47.2,21.6,0.0075,,
0.7265,91,48.1,21.6,0.0075,,
0.7350,92,49.2,21.6,0.0075,,
0.7435,93,50.1,21.6,0.0075,,
0.7520,94,50.8,21.6,0.0070,,
0.7595,95,51.7,21.6,0.0070,,
0.7680,96,52.4,21.6,0.0075,,
0.7765,97,53.4,21.6,0.0075,,
0.7850,98,54.3,21.6,0.0075,,
0.7930,99,55.1,21.6,0.0075,,
0.8015,100,56.1,21.6,0.0070,,
0.8090,101,56.8,21.6,0.0070,,
0.8175,102,58.1,21.6,0.0075,,
0.8260,103,59.0,21.6,0.0075,,
0.8345,104,59.6,21.6,0.0075,,
0.8430,105,60.6,21.6,0.0075,,
0.8515,106,61.7,21.6,0.0070,,
0.8590,107,62.6,21.6,0.0070,,
0.8670,108,63.4,21.6,0.0075,,
0.8755,109,64.2,21.6,0.0075,,
0.8840,110,65.5,21.6,0.0075,,
0.8925,111,66.6,21.6,0.0075,,
0.9010,112,67.3,21.6,0.0070,,
0.9085,113,68.3,21.6,0.0070,,
0.9170,114,69.0,21.6,0.0075,,
0.9255,115,70.1,21.6,0.0075,,
0.9335,116,71.3,21.6,0.0075,,
0.9420,117,72.1,21.6,0.0075,,
0.9505,118,73.1,21.6,0.0070,,
0.9580,119,74.1,21.6,0.0070,,
0.9665,120,75.3,21.6,0.0075,,
0.9750,121,76.6,21.6,0.0075,,
0.9835,122,77.5,21.6,0.0075,,
0.9915,123,78.6,21.6,0.0075,,
1.0000,124,79.9,21.6,0.0075,,
1.0075,125,80.9,21.6,0.0070,,
1.0160,126,82.3,21.6,0.0075,,
1.0245,127,83.4,21.6,0.0075,,
1.0330,128,84.5,21.6,0.0075,,
1.0415,129,85.9,21.6,0.0075,,
1.0495,130,87.2,21.6,0.0075,,
1.0580,131,88.2,21.6,0.0070,,
1.0655,132,89.4,21.6,0.0070,,
1.0740,133,90.6,21.6,0.0075,,
1.0825,134,92.3,21.6,0.0075,,
1.0910,135,93.9,21.6,0.0075,,
1.0995,136,95.2,21.6,0.0075,,
1.1075,137,96.9,21.6,0.0065,,
1.1155,138,98.3,21.6,0.0075,,
1.1235,139,100.2,21.6,0.0075,,
1.1320,140,102.1,21.6,0.0075,,
1.1405,141,103.6,21.6,0.0075,,
1.1490,142,105.6,21.6,0.0075,,
1.1575,143,107.7,21.6,0.0070,,
1.1650,144,109.4,21.6,0.0070,,
1.1735,145,111.7,21.6,0.0075,,
1.1815,146,113.5,21.6,0.0075,,
1.1900,147,115.9,21.6,0.0075,,
1.1985,148,118.8,21.6,0.0075,,
1.2070,149,121.4,21.6,0.0075,,
1.2155,150,123.8,21.6,0.0075,,
1.2230,151,126.4,21.6,0.0070,,
1.2315,152,129.7,21.6,0.0075,,
1.2400,153,133.3,21.6,0.0075,,
1.2480,154,136.6,21.6,0.0075,,
1.2565,155,139.6,21.6,0.0070,,
1.2640,156,142.8,21.6,0.0070,,
1.2725,157,146.6,21.6,0.0075,,
1.2810,158,150.5,21.6,0.0075,,
1.2895,159,153.7,21.6,0.0075,,
1.2980,160,157.1,21.6,0.0075,,
1.3060,161,160.5,21.6,0.0065,,
1.3140,162,163.2,21.6,0.0075,,
1.3220,163,166.4,21.6,0.0075,,
1.3305,164,168.9,21.6,0.0075,,
1.3390,165,171.0,21.6,0.0075,,
1.3475,166,173.5,21.6,0.0075,,
1.3560,167,175.8,21.6,0.0075,,
1.3645,168,177.6,21.6,0.0075,,
1.3720,169,179.4,21.6,0.0070,,
1.3800,170,180.9,21.6,0.0075,,
1.3885,171,182.7,21.6,0.0075,,
1.3970,172,184.4,21.6,0.0075,,
1.4030,173,185.0,21.6,0.0075,,
1.4030,413,186.6,21.6,0.0000,,
1.4035,414,186.5,21.6,0.0005,,
1.4050,415,186.5,21.6,0.0015,,
1.4075,416,187.0,21.6,0.0030,,
1.4115,417,187.6,21.6,0.0040,,
1.4180,418,188.2,21.6,0.0065,,
1.4260,419,189.3,21.6,0.0080,,
1.4335,420,190.5,21.6,0.0085,,
1.4420,421,191.8,21.6,0.0095,,
1.4505,422,193.1,21.6,0.0095,,
1.4590,423,193.9,21.6,0.0085,,
1.4675,424,195.0,21.6,0.0085,,
1.4760,425,196.1,21.6,0.0085,,
1.4835,426,196.8,21.6,0.0085,,
1.4920,427,197.9,21.6,0.0095,,
1.5000,428,198.6,21.6,0.0090,,
1.5085,429,199.4,21.6,0.0085,,
1.5170,430,200.5,21.6,0.0085,,
1.5255,431,201.2,21.6,0.0085,,
1.5330,432,201.9,21.6,0.0085,,
1.5415,433,202.6,21.6,0.0095,,
1.5500,434,203.3,21.6,0.0095,,
1.5585,435,204.2,21.6,0.0085,,
1.5665,436,204.8,21.6,0.0080,,
1.5750,437,205.3,21.6,0.0085,,
1.5825,438,206.0,21.6,0.0085,,
1.5910,439,206.7,21.6,0.0095,,
1.5995,440,207.5,21.6,0.0095,,
1.6080,441,208.1,21.6,0.0085,,
1.6165,442,208.5,21.6,0.0085,,
1.6245,443,209.3,21.7,0.0080,,
1.6325,444,209.7,21.6,0.0090,,
1.6405,445,210.4,21.6,0.0090,,
1.6490,446,210.9,21.6,0.0095,,
1.6575,447,211.3,21.6,0.0085,,
1.6660,448,212.1,21.6,0.0085,,
1.6745,449,212.6,21.6,0.0085,,
1.6820,450,213.2,21.7,0.0085,,
1.6905,451,213.5,21.6,0.0095,,
1.6990,452,213.9,21.6,0.0095,,
1.7070,453,214.4,21.7,0.0080,,
1.7155,454,214.9,21.6,0.0085,,
1.7240,455,215.2,21.7,0.0085,,
1.7325,456,215.6,21.7,0.0095,,
1.7400,457,215.9,21.7,0.0085,,
1.7485,458,216.6,21.7,0.0095,,
1.7570,459,217.0,21.6,0.0085,,
1.7650,460,217.3,21.7,0.0080,,
1.7735,461,217.8,21.7,0.0085,,
1.7810,462,218.1,21.7,0.0085,,
1.7895,463,218.7,21.7,0.0095,,
1.7980,464,219.1,21.7,0.0095,,
1.8065,465,219.2,21.7,0.0085,,
1.8150,466,219.9,21.7,0.0085,,
1.8235,467,220.3,21.7,0.0085,,
1.8310,468,220.7,21.7,0.0085,,
1.8395,469,221.1,21.6,0.0095,,
1.8475,470,221.2,21.7,0.0090,,
1.8560,471,221.7,21.7,0.0085,,
1.8645,472,222.3,21.7,0.0085,,
1.8730,473,222.5,21.7,0.0085,,
1.8815,474,222.9,21.7,0.0095,,
1.8890,475,223.0,21.7,0.0085,,
1.8975,476,223.4,21.6,0.0095,,
1.9055,477,223.9,21.7,0.0080,,
1.9140,478,224.0,21.7,0.0085,,
1.9225,479,224.2,21.7,0.0085,,
1.9310,480,224.5,21.7,0.0095,,
1.9385,481,224.9,21.7,0.0085,,
1.9470,482,225.5,21.7,0.0095,,
1.9555,483,225.6,21.7,0.0085,,
1.9635,484,225.8,21.7,0.0080,,
1.9720,485,226.3,21.7,0.0085,,
1.9805,486,226.7,21.7,0.0085,,
1.9880,487,226.9,21.7,0.0085,,
1.9965,488,227.1,21.7,0.0095,,
2.0050,489,227.2,21.7,0.0085,,
2.0135,490,227.7,21.7,0.0085,,
2.0215,491,228.0,21.7,0.0080,,
2.0300,492,228.1,21.7,0.0085,,
2.0380,493,228.4,21.7,0.0090,,
2.0460,494,228.6,21.7,0.0090,,
2.0545,495,229.0,21.7,0.0095,,
2.0630,496,229.3,21.7,0.0085,,
2.0715,497,229.4,21.7,0.0085,,
2.0800,498,229.7,21.7,0.0085,,
2.0875,499,229.9,21.7,0.0085,,
2.0960,500,230.3,21.7,0.0095,,
2.1040,501,230.6,21.7,0.0090,,
2.1125,502,230.6,21.7,0.0085,,
2.1210,503,230.9,21.7,0.0085,,
2.1295,504,231.4,21.7,0.0085,,
2.1370,505,231.6,21.7,0.0085,,
2.1455,506,231.9,21.7,0.0095,,
2.1540,507,231.8,21.7,0.0095,,
2.1620,508,232.1,21.7,0.0080,,
2.1705,509,232.5,21.7,0.0085,,
2.1790,510,232.6,21.7,0.0085,,
2.1865,511,232.9,21.7,0.0085,,
2.1950,512,232.9,21.7,0.0095,,
2.2035,513,233.2,21.7,0.0095,,
2.2120,514,233.8,21.7,0.0085,,
2.2200,515,233.8,21.7,0.0080,,
2.2285,516,234.0,21.7,0.0085,,
2.2340,517,234.1,21.7,0.0060,,
2.2400,518,234.4,21.7,0.0065,,
2.2425,519,234.7,21.7,0.0025,,
2.2425,520,234.5,21.7,0.0000,,
2.2435,521,234.4,21.7,0.0010,,
2.2445,522,234.7,21.7,0.0010,,
2.2455,523,234.5,21.7,0.0010,,
2.2460,524,234.7,21.7,0.0005,,
2.2465,525,234.5,21.7,0.0005,,
2.2480,526,234.5,21.7,0.0015,,
2.2485,527,234.8,21.7,0.0005,,
2.2495,528,234.8,21.7,0.0010,,
2.2500,529,234.8,21.7,0.0005,,
2.2510,530,234.6,21.7,0.0010,,
2.2515,531,234.6,21.7,0.0005,,
2.2530,532,234.9,21.7,0.0015,,
2.2545,533,234.9,21.7,0.0015,,
2.2560,534,234.7,21.7,0.0015,,
2.2575,535,235.0,21.7,0.0015,,
Scope 1/1, Sample 16/33 (T7)
Result,TitrationEP1
V,t,E,T,dV/dt,E acc. stat.,Volume acc. stat.
0.0000,0,-70.0,21.6,NaN,,
0.0005,1,-70.2,21.6,0.0005,,
0.0025,2,-70.1,21.6,0.0020,,
0.0050,3,-69.9,21.6,0.0025,,
0.0085,4,-70.1,21.6,0.0030,,
0.0150,5,-69.7,21.6,0.0060,,
0.0230,6,-68.8,21.6,0.0075,,
0.0305,7,-68.0,21.6,0.0075,,
0.0390,8,-66.8,21.6,0.0085,,
0.0475,9,-65.8,21.6,0.0085,,
0.0560,10,-64.3,21.6,0.0075,,
0.0645,11,-62.6,21.6,0.0075,,
0.0725,12,-61.1,21.6,0.0075,,
0.0810,13,-59.4,21.6,0.0085,,
0.0885,14,-57.8,21.6,0.0075,,
0.0970,15,-55.8,21.6,0.0085,,
0.1055,16,-53.6,21.6,0.0075,,
0.1140,17,-51.6,21.6,0.0075,,
0.1225,18,-49.4,21.6,0.0075,,
0.1305,19,-47.2,21.6,0.0080,,
0.1385,20,-44.6,21.6,0.0080,,
0.1465,21,-41.8,21.6,0.0080,,
0.1550,22,-39.2,21.6,0.0075,,
0.1635,23,-36.3,21.6,0.0075,,
0.1720,24,-32.9,21.6,0.0075,,
0.1805,25,-30.4,21.6,0.0085,,
0.1880,26,-27.0,21.6,0.0075,,
0.1965,27,-24.1,21.6,0.0085,,
0.2050,28,-21.3,21.6,0.0075,,
0.2130,29,-18.5,21.6,0.0075,,
0.2215,30,-16.1,21.6,0.0075,,
0.2300,31,-14.1,21.6,0.0075,,
0.2375,32,-12.1,21.6,0.0075,,
0.2460,33,-10.3,21.6,0.0085,,
0.2545,34,-8.3,21.6,0.0075,,
0.2630,35,-6.7,21.6,0.0075,,
0.2710,36,-5.4,21.6,0.0075,,
0.2795,37,-4.0,21.6,0.0085,,
0.2870,38,-2.6,21.6,0.0075,,
0.2955,39,-1.2,21.6,0.0085,,
0.3040,40,0.0,21.6,0.0075,,
0.3125,41,1.0,21.6,0.0075,,
0.3210,42,2.3,21.6,0.0075,,
0.3295,43,3.2,21.6,0.0085,,
0.3370,44,4.6,21.6,0.0075,,
0.3455,45,5.7,21.6,0.0085,,
0.3535,46,6.5,21.6,0.0075,,
0.3620,47,7.7,21.6,0.0075,,
0.3705,48,8.8,21.6,0.0075,,
0.3790,49,9.6,21.6,0.0075,,
0.3865,50,10.6,21.6,0.0075,,
0.3950,51,11.3,21.6,0.0085,,
0.4035,52,12.4,21.6,0.0075,,
0.4115,53,13.6,21.6,0.0075,,
0.4200,54,14.3,21.6,0.0075,,
0.4285,55,15.3,21.6,0.0085,,
0.4360,56,16.0,21.6,0.0075,,
0.4445,57,17.0,21.6,0.0085,,
0.4530,58,18.0,21.6,0.0075,,
0.4615,59,18.6,21.6,0.0075,,
0.4700,60,19.5,21.6,0.0075,,
0.4775,61,20.1,21.6,0.0075,,
0.4860,62,21.2,21.6,0.0085,,
0.4940,63,22.2,21.6,0.0080,,
0.5025,64,22.9,21.6,0.0075,,
0.5110,65,23.7,21.6,0.0075,,
0.5195,66,24.8,21.6,0.0075,,
0.5280,67,25.5,21.6,0.0085,,
0.5355,68,26.5,21.6,0.0075,,
0.5440,69,27.1,21.6,0.0085,,
0.5520,70,28.0,21.6,0.0075,,
0.5605,71,29.1,21.6,0.0075,,
0.5690,72,29.9,21.6,0.0075,,
0.5775,73,30.8,21.6,0.0085,,
0.5850,74,31.4,21.6,0.0075,,
0.5935,75,32.3,21.6,0.0085,,
0.6020,76,33.2,21.6,0.0075,,
0.6105,77,34.0,21.6,0.0075,,
0.6185,78,34.7,21.6,0.0075,,
0.6270,79,35.5,21.6,0.0085,,
0.6345,80,36.4,21.6,0.0075,,
0.6430,81,37.5,21.6,0.0085,,
0.6515,82,38.3,21.6,0.0075,,
0.6600,83,39.0,21.6,0.0075,,
0.6685,84,40.1,21.6,0.0075,,
0.6765,85,41.1,21.6,0.0075,,
0.6840,86,41.9,21.6,0.0075,,
0.6925,87,42.7,21.6,0.0085,,
0.7010,88,43.4,21.6,0.0075,,
0.7095,89,44.4,21.6,0.0075,,
0.7180,90,45.4,21.6,0.0075,,
0.7265,91,46.0,21.6,0.0075,,
0.7340,92,47.0,21.6,0.0075,,
0.7425,93,47.7,21.6,0.0085,,
0.7505,94,48.7,21.6,0.0075,,
0.7590,95,49.7,21.6,0.0075,,
0.7675,96,50.5,21.6,0.0075,,
0.7760,97,51.2,21.6,0.0075,,
0.7835,98,52.0,21.6,0.0075,,
0.7920,99,53.0,21.6,0.0085,,
0.8005,100,54.1,21.6,0.0085,,
0.8085,101,54.9,21.6,0.0075,,
0.8170,102,55.8,21.6,0.0075,,
0.8255,103,56.9,21.6,0.0075,,
0.8330,104,57.7,21.6,0.0075,,
0.8415,105,58.8,21.6,0.0085,,
0.8500,106,59.5,21.6,0.0075,,
0.8585,107,60.4,21.6,0.0075,,
0.8670,108,61.6,21.6,0.0075,,
0.8750,109,62.6,21.6,0.0075,,
0.8830,110,63.6,21.6,0.0080,,
0.8910,111,64.3,21.6,0.0080,,
0.8995,112,65.3,21.6,0.0075,,
0.9080,113,66.6,21.6,0.0075,,
0.9165,114,67.4,21.6,0.0075,,
0.9250,115,68.3,21.6,0.0075,,
0.9325,116,69.3,21.6,0.0075,,
0.9410,117,70.5,21.6,0.0085,,
0.9495,118,71.7,21.6,0.0075,,
0.9575,119,72.6,21.6,0.0075,,
0.9660,120,73.6,21.6,0.0075,,
0.9745,121,75.0,21.6,0.0075,,
0.9820,122,75.9,21.6,0.0075,,
0.9905,123,77.3,21.6,0.0085,,
0.9990,124,78.3,21.6,0.0075,,
1.0075,125,79.3,21.6,0.0075,,
1.0155,126,80.9,21.6,0.0075,,
1.0240,127,82.1,21.6,0.0075,,
1.0315,128,83.3,21.6,0.0075,,
1.0400,129,84.4,21.6,0.0085,,
1.0485,130,85.6,21.6,0.0075,,
1.0570,131,87.1,21.6,0.0075,,
1.0655,132,88.4,21.6,0.0075,,
1.0740,133,89.5,21.6,0.0075,,
1.0815,134,90.9,21.6,0.0075,,
1.0895,135,92.4,21.6,0.0080,,
1.0980,136,94.2,21.6,0.0075,,
1.1065,137,95.9,21.6,0.0075,,
1.1150,138,97.2,21.6,0.0075,,
1.1235,139,99.1,21.6,0.0075,,
1.1310,140,100.7,21.6,0.0075,,
1.1395,141,102.6,21.6,0.0085,,
1.1480,142,104.6,21.6,0.0075,,
1.1560,143,106.6,21.6,0.0075,,
1.1645,144,108.9,21.6,0.0075,,
1.1730,145,111.3,21.6,0.0075,,
1.1805,146,113.4,21.6,0.0075,,
1.1890,147,115.8,21.6,0.0085,,
1.1975,148,118.3,21.6,0.0075,,
1.2060,149,121.2,21.6,0.0075,,
1.2140,150,124.2,21.6,0.0075,,
1.2225,151,127.0,21.6,0.0075,,
1.2300,152,130.2,21.6,0.0075,,
1.2385,153,133.7,21.6,0.0085,,
1.2470,154,137.4,21.6,0.0075,,
1.2555,155,141.2,21.6,0.0075,,
1.2640,156,144.9,21.6,0.0075,,
1.2725,157,148.4,21.6,0.0075,,
1.2800,158,151.8,21.6,0.0075,,
1.2885,159,155.4,21.6,0.0085,,
1.2965,160,158.9,21.6,0.0080,,
1.3050,161,162.0,21.6,0.0075,,
1.3135,162,164.7,21.6,0.0075,,
1.3220,163,167.8,21.6,0.0075,,
1.3295,164,170.1,21.6,0.0075,,
1.3380,165,172.6,21.6,0.0085,,
1.3465,166,174.7,21.6,0.0085,,
1.3545,167,176.6,21.6,0.0075,,
1.3630,168,178.9,21.6,0.0075,,
1.3715,169,180.6,21.6,0.0075,,
1.3790,170,182.1,21.6,0.0075,,
1.3875,171,183.6,21.6,0.0085,,
1.3960,172,185.0,21.6,0.0075,,
1.3960,412,186.9,21.6,0.0000,,
1.3965,413,187.1,21.6,0.0005,,
1.3980,414,187.0,21.6,0.0015,,
1.4010,415,187.1,21.6,0.0025,,
1.4045,416,187.8,21.6,0.0030,,
1.4110,417,188.5,21.6,0.0055,,
1.4195,418,189.3,21.6,0.0070,,
1.4270,419,190.5,21.6,0.0070,,
1.4350,420,191.6,21.6,0.0075,,
1.4435,421,192.9,21.6,0.0075,,
1.4520,422,194.1,21.6,0.0070,,
1.4605,423,194.8,21.6,0.0070,,
1.4690,424,195.9,21.6,0.0070,,
1.4765,425,196.8,21.6,0.0070,,
1.4850,426,197.9,21.6,0.0075,,
1.4935,427,198.7,21.6,0.0075,,
1.5015,428,199.4,21.6,0.0065,,
1.5100,429,200.3,21.6,0.0070,,
1.5185,430,201.4,21.6,0.0070,,
1.5260,431,202.0,21.6,0.0070,,
1.5345,432,202.9,21.6,0.0075,,
1.5430,433,203.3,21.6,0.0075,,
1.5515,434,204.1,21.6,0.0070,,
1.5595,435,205.0,21.6,0.0065,,
1.5680,436,205.5,21.6,0.0070,,
1.5755,437,206.4,21.6,0.0070,,
1.5840,438,206.8,21.6,0.0075,,
1.5925,439,207.5,21.6,0.0075,,
1.6010,440,208.2,21.6,0.0070,,
1.6095,441,208.7,21.6,0.0070,,
1.6180,442,209.2,21.6,0.0070,,
1.6255,443,209.7,21.7,0.0070,,
1.6335,444,210.3,21.7,0.0075,,
1.6420,445,211.1,21.7,0.0075,,
1.6505,446,211.5,21.7,0.0070,,
1.6590,447,211.9,21.7,0.0070,,
1.6675,448,212.6,21.7,0.0070,,
1.6750,449,213.0,21.7,0.0070,,
1.6835,450,213.6,21.7,0.0075,,
1.6920,451,214.0,21.7,0.0075,,
1.7000,452,214.4,21.7,0.0065,,
1.7085,453,215.1,21.7,0.0070,,
1.7170,454,215.5,21.6,0.0070,,
1.7245,455,215.8,21.7,0.0070,,
1.7330,456,216.2,21.7,0.0075,,
1.7415,457,216.5,21.7,0.0075,,
1.7500,458,217.1,21.7,0.0070,,
1.7580,459,217.6,21.7,0.0065,,
1.7665,460,217.9,21.7,0.0070,,
1.7740,461,218.3,21.7,0.0070,,
1.7825,462,218.6,21.7,0.0075,,
1.7910,463,219.3,21.7,0.0075,,
1.7995,464,219.6,21.7,0.0070,,
1.8080,465,219.8,21.7,0.0070,,
1.8165,466,220.2,21.7,0.0070,,
1.8240,467,220.4,21.7,0.0070,,
1.8325,468,221.0,21.7,0.0075,,
1.8405,469,221.4,21.7,0.0075,,
1.8490,470,221.6,21.7,0.0070,,
1.8575,471,222.0,21.7,0.0070,,
1.8660,472,222.5,21.7,0.0070,,
1.8745,473,222.9,21.7,0.0075,,
1.8820,474,223.2,21.7,0.0070,,
1.8905,475,223.2,21.7,0.0075,,
1.8985,476,223.7,21.7,0.0065,,
1.9070,477,224.2,21.7,0.0070,,
1.9155,478,224.4,21.7,0.0070,,
1.9230,479,224.8,21.7,0.0070,,
1.9315,480,224.9,21.7,0.0075,,
1.9400,481,225.3,21.7,0.0075,,
1.9485,482,225.7,21.7,0.0070,,
1.9570,483,225.8,21.7,0.0070,,
1.9650,484,226.1,21.7,0.0065,,
1.9730,485,226.4,21.7,0.0075,,
1.9810,486,226.8,21.7,0.0075,,
1.9895,487,227.3,21.7,0.0075,,
1.9980,488,227.4,21.7,0.0070,,
2.0065,489,227.6,21.7,0.0070,,
2.0150,490,228.0,21.7,0.0070,,
2.0230,491,228.1,21.7,0.0075,,
2.0310,492,228.6,21.7,0.0075,,
2.0390,493,228.6,21.7,0.0075,,
2.0475,494,228.8,21.7,0.0070,,
2.0560,495,229.4,21.7,0.0070,,
2.0645,496,229.6,21.7,0.0070,,
2.0720,497,229.9,21.7,0.0070,,
2.0805,498,229.9,21.7,0.0075,,
2.0890,499,230.4,21.7,0.0075,,
2.0975,500,230.8,21.7,0.0070,,
2.1055,501,230.8,21.7,0.0065,,
2.1140,502,231.1,21.7,0.0070,,
2.1215,503,231.3,21.7,0.0070,,
2.1300,504,231.6,21.7,0.0075,,
2.1385,505,232.0,21.7,0.0075,,
2.1470,506,232.0,21.7,0.0070,,
2.1555,507,232.0,21.7,0.0070,,
2.1635,508,232.5,21.7,0.0065,,
2.1715,509,232.6,21.7,0.0075,,
2.1795,510,233.1,21.7,0.0075,,
2.1880,511,233.2,21.7,0.0075,,
2.1965,512,233.3,21.7,0.0070,,
2.2050,513,233.9,21.7,0.0070,,
2.2130,514,234.0,21.7,0.0065,,
2.2190,515,234.2,21.7,0.0055,,
2.2225,516,234.2,21.7,0.0030,,
2.2240,517,234.1,21.7,0.0015,,
2.2255,518,234.3,21.7,0.0010,,
2.2270,519,234.4,21.7,0.0010,,
2.2270,520,234.2,21.7,0.0000,,
2.2285,521,234.3,21.7,0.0015,,
2.2300,522,234.2,21.7,0.0015,,
2.2305,523,234.5,21.7,0.0005,,
2.2310,524,234.7,21.7,0.0005,,
2.2315,525,234.4,21.7,0.0005,,
2.2325,526,234.5,21.7,0.0010,,
2.2330,527,234.4,21.7,0.0005,,
2.2340,528,234.6,21.7,0.0010,,
2.2345,529,234.8,21.7,0.0005,,
2.2355,530,234.5,21.7,0.0010,,
2.2370,531,234.6,21.7,0.0010,,
2.2390,532,234.9,21.7,0.0015,,
2.2405,533,234.8,21.7,0.0015,,
2.2410,534,234.9,21.7,0.0005,,
2.2420,535,234.7,21.7,0.0010,,
2.2425,536,234.8,21.7,0.0005,,
2.2435,537,235.1,21.7,0.0005,,
Scope 1/1, Sample 17/33 (T8)
Result,TitrationEP1
V,t,E,T,dV/dt,E acc. stat.,Volume acc. stat.
0.0000,0,-69.6,21.6,NaN,,
0.0010,1,-69.6,21.6,0.0010,,
0.0025,2,-69.8,21.6,0.0015,,
0.0050,3,-69.6,21.6,0.0020,,
0.0095,4,-69.5,21.6,0.0035,,
0.0150,5,-69.1,21.6,0.0050,,
0.0235,6,-68.4,21.6,0.0075,,
0.0320,7,-67.5,21.6,0.0075,,
0.0405,8,-66.1,21.6,0.0075,,
0.0490,9,-64.6,21.6,0.0070,,
0.0570,10,-63.4,21.6,0.0065,,
0.0650,11,-61.9,21.6,0.0075,,
0.0730,12,-60.4,21.6,0.0075,,
0.0815,13,-58.5,21.6,0.0075,,
0.0900,14,-56.5,21.6,0.0075,,
0.0985,15,-54.6,21.6,0.0075,,
0.1070,16,-52.6,21.6,0.0070,,
0.1150,17,-50.3,21.6,0.0065,,
0.1230,18,-48.4,21.6,0.0075,,
0.1310,19,-45.7,21.6,0.0075,,
0.1395,20,-43.2,21.6,0.0075,,
0.1480,21,-40.5,21.6,0.0075,,
0.1565,22,-37.4,21.6,0.0070,,
0.1650,23,-34.3,21.6,0.0070,,
0.1725,24,-31.5,21.6,0.0070,,
0.1810,25,-28.5,21.6,0.0075,,
0.1890,26,-25.4,21.6,0.0075,,
0.1975,27,-22.0,21.6,0.0075,,
0.2060,28,-19.0,21.6,0.0070,,
0.2145,29,-16.5,21.6,0.0070,,
0.2220,30,-14.3,21.6,0.0070,,
0.2305,31,-12.1,21.6,0.0075,,
0.2390,32,-9.9,21.6,0.0075,,
0.2475,33,-7.9,21.6,0.0075,,
0.2555,34,-6.4,21.6,0.0065,,
0.2640,35,-4.6,21.6,0.0070,,
0.2715,36,-3.3,21.6,0.0070,,
0.2800,37,-1.7,21.6,0.0075,,
0.2885,38,-0.4,21.6,0.0075,,
0.2970,39,0.7,21.6,0.0075,,
0.3055,40,2.2,21.6,0.0070,,
0.3140,41,3.6,21.6,0.0070,,
0.3215,42,4.8,21.6,0.0070,,
0.3300,43,5.8,21.6,0.0075,,
0.3380,44,6.8,21.6,0.0065,,
0.3465,45,8.1,21.6,0.0075,,
0.3550,46,9.2,21.6,0.0070,,
0.3635,47,10.1,21.6,0.0070,,
0.3710,48,11.2,21.6,0.0070,,
0.3795,49,12.0,21.6,0.0075,,
0.3880,50,13.1,21.6,0.0075,,
0.3960,51,14.2,21.6,0.0075,,
0.4045,52,15.0,21.6,0.0070,,
0.4130,53,15.9,21.6,0.0070,,
0.4205,54,16.7,21.6,0.0070,,
0.4290,55,18.0,21.6,0.0075,,
0.4375,56,18.9,21.6,0.0075,,
0.4460,57,19.7,21.6,0.0075,,
0.4545,58,20.6,21.6,0.0070,,
0.4625,59,21.8,21.6,0.0065,,
0.4700,60,22.5,21.6,0.0070,,
0.4785,61,23.4,21.6,0.0075,,
0.4870,62,24.2,21.6,0.0075,,
0.4955,63,25.1,21.6,0.0075,,
0.5040,64,26.2,21.6,0.0070,,
0.5125,65,26.9,21.6,0.0070,,
0.5200,66,27.7,21.6,0.0070,,
0.5285,67,28.4,21.6,0.0075,,
0.5365,68,29.3,21.6,0.0075,,
0.5450,69,30.5,21.6,0.0075,,
0.5535,70,31.2,21.6,0.0070,,
0.5620,71,31.9,21.6,0.0070,,
0.5695,72,32.8,21.6,0.0070,,
0.5780,73,33.7,21.6,0.0075,,
0.5865,74,34.7,21.6,0.0075,,
0.5945,75,35.5,21.6,0.0075,,
0.6030,76,36.2,21.6,0.0070,,
0.6115,77,37.3,21.6,0.0070,,
0.6190,78,37.9,21.6,0.0070,,
0.6275,79,39.1,21.6,0.0075,,
0.6360,80,39.8,21.6,0.0075,,
0.6445,81,40.5,21.6,0.0075,,
0.6530,82,41.6,21.6,0.0070,,
0.6610,83,42.5,21.6,0.0065,,
0.6685,84,43.3,21.6,0.0070,,
0.6770,85,44.1,21.6,0.0075,,
0.6855,86,44.8,21.6,0.0075,,
0.6940,87,45.8,21.6,0.0075,,
0.7025,88,46.8,21.6,0.0070,,
0.7110,89,47.4,21.6,0.0070,,
0.7190,90,48.3,21.6,0.0075,,
0.7270,91,49.0,21.6,0.0075,,
0.7350,92,50.1,21.6,0.0075,,
0.7435,93,51.0,21.6,0.0075,,
0.7520,94,51.7,21.6,0.0070,,
0.7605,95,52.7,21.6,0.0070,,
0.7680,96,53.4,21.6,0.0070,,
0.7765,97,54.6,21.6,0.0075,,
0.7850,98,55.4,21.6,0.0075,,
0.7935,99,56.2,21.6,0.0075,,
0.8015,100,57.3,21.6,0.0065,,
0.8100,101,58.3,21.6,0.0070,,
0.8175,102,59.1,21.6,0.0070,,
0.8260,103,60.0,21.6,0.0075,,
0.8345,104,60.8,21.6,0.0075,,
0.8430,105,61.9,21.6,0.0075,,
0.8515,106,63.1,21.6,0.0070,,
0.8600,107,63.9,21.6,0.0070,,
0.8675,108,64.8,21.6,0.0070,,
0.8755,109,65.5,21.6,0.0075,,
0.8840,110,66.7,21.6,0.0075,,
0.8925,111,67.8,21.6,0.0075,,
0.9010,112,68.7,21.6,0.0070,,
0.9095,113,69.8,21.6,0.0070,,
0.9170,114,70.6,21.6,0.0070,,
0.9255,115,71.7,21.6,0.0075,,
0.9340,116,73.0,21.6,0.0075,,
0.9420,117,73.9,21.6,0.0075,,
0.9505,118,75.0,21.6,0.0070,,
0.9590,119,76.3,21.6,0.0070,,
0.9675,120,77.1,21.6,0.0075,,
0.9750,121,78.4,21.6,0.0070,,
0.9835,122,79.4,21.6,0.0075,,
0.9920,123,80.5,21.6,0.0075,,
1.0000,124,81.9,21.6,0.0075,,
1.0085,125,83.2,21.6,0.0070,,
1.0170,126,84.3,21.6,0.0075,,
1.0245,127,85.5,21.6,0.0070,,
1.0330,128,86.7,21.6,0.0075,,
1.0415,129,88.1,21.6,0.0075,,
1.0500,130,89.6,21.6,0.0075,,
1.0580,131,90.7,21.6,0.0065,,
1.0665,132,92.2,21.6,0.0070,,
1.0740,133,93.4,21.6,0.0070,,
1.0825,134,95.1,21.6,0.0075,,
1.0910,135,96.8,21.6,0.0075,,
1.0995,136,98.3,21.6,0.0075,,
1.1080,137,99.8,21.6,0.0070,,
1.1160,138,101.7,21.6,0.0065,,
1.1240,139,103.2,21.6,0.0075,,
1.1320,140,105.3,21.6,0.0075,,
1.1405,141,107.0,21.6,0.0075,,
1.1490,142,109.1,21.6,0.0075,,
1.1575,143,111.4,21.6,0.0070,,
1.1660,144,113.5,21.6,0.0070,,
1.1735,145,115.8,21.6,0.0070,,
1.1820,146,118.1,21.6,0.0075,,
1.1905,147,120.8,21.6,0.0075,,
1.1985,148,123.9,21.6,0.0075,,
1.2070,149,126.7,21.6,0.0070,,
1.2155,150,129.5,21.6,0.0075,,
1.2230,151,132.6,21.6,0.0070,,
1.2315,152,136.2,21.6,0.0075,,
1.2400,153,139.8,21.6,0.0075,,
1.2485,154,143.4,21.6,0.0070,,
1.2570,155,147.2,21.6,0.0070,,
1.2645,156,150.3,21.6,0.0070,,
1.2730,157,154.3,21.6,0.0075,,
1.2815,158,157.8,21.6,0.0075,,
1.2895,159,160.8,21.6,0.0075,,
1.2980,160,163.7,21.6,0.0070,,
1.3065,161,166.8,21.6,0.0070,,
1.3140,162,169.2,21.6,0.0070,,
1.3225,163,171.7,21.6,0.0075,,
1.3310,164,173.7,21.6,0.0075,,
1.3395,165,176.0,21.6,0.0075,,
1.3475,166,178.0,21.6,0.0065,,
1.3560,167,179.7,21.6,0.0070,,
1.3635,168,181.4,21.6,0.0070,,
1.3720,169,182.9,21.6,0.0075,,
1.3805,170,184.5,21.6,0.0075,,
1.3850,171,185.2,21.6,0.0065,,
1.3850,411,186.9,21.7,0.0000,,
1.3855,412,186.9,21.7,0.0005,,
1.3870,413,186.8,21.7,0.0020,,
1.3895,414,187.1,21.7,0.0030,,
1.3935,415,187.8,21.7,0.0045,,
1.4000,416,188.5,21.7,0.0070,,
1.4080,417,189.4,21.7,0.0090,,
1.4160,418,190.6,21.7,0.0100,,
1.4240,419,191.7,21.7,0.0100,,
1.4325,420,193.1,21.7,0.0105,,
1.4410,421,194.1,21.7,0.0095,,
1.4495,422,195.1,21.7,0.0095,,
1.4580,423,196.2,21.7,0.0095,,
1.4655,424,197.0,21.7,0.0095,,
1.4740,425,198.1,21.7,0.0105,,
1.4820,426,198.9,21.7,0.0100,,
1.4905,427,199.5,21.7,0.0095,,
1.4990,428,200.6,21.7,0.0095,,
1.5075,429,201.4,21.7,0.0095,,
1.5150,430,202.1,21.7,0.0095,,
1.5235,431,202.8,21.7,0.0105,,
1.5320,432,203.5,21.7,0.0105,,
1.5400,433,204.4,21.7,0.0090,,
1.5485,434,205.2,21.7,0.0095,,
1.5570,435,205.5,21.7,0.0095,,
1.5645,436,206.3,21.7,0.0095,,
1.5730,437,206.8,21.7,0.0105,,
1.5815,438,207.6,21.7,0.0105,,
1.5900,439,208.3,21.7,0.0095,,
1.5985,440,208.7,21.7,0.0095,,
1.6065,441,209.2,21.7,0.0090,,
1.6145,442,209.8,21.7,0.0100,,
1.6225,443,210.6,21.7,0.0100,,
1.6310,444,211.2,21.7,0.0105,,
1.6395,445,211.6,21.7,0.0095,,
1.6480,446,212.2,21.7,0.0095,,
1.6565,447,212.9,21.7,0.0095,,
1.6640,448,213.3,21.7,0.0095,,
1.6725,449,213.8,21.7,0.0105,,
1.6810,450,214.1,21.7,0.0105,,
1.6890,451,214.7,21.7,0.0090,,
1.6975,452,215.3,21.7,0.0095,,
1.7060,453,215.6,21.7,0.0095,,
1.7135,454,216.1,21.7,0.0095,,
1.7220,455,216.4,21.7,0.0105,,
1.7305,456,216.9,21.7,0.0105,,
1.7390,457,217.5,21.7,0.0095,,
1.7470,458,217.8,21.7,0.0090,,
1.7555,459,218.1,21.7,0.0095,,
1.7630,460,218.5,21.7,0.0095,,
1.7715,461,219.0,21.7,0.0105,,
1.7800,462,219.5,21.7,0.0105,,
1.7885,463,219.8,21.7,0.0095,,
1.7970,464,220.1,21.7,0.0095,,
1.8055,465,220.7,21.7,0.0095,,
1.8130,466,220.9,21.7,0.0095,,
1.8215,467,221.4,21.7,0.0105,,
1.8295,468,221.3,21.7,0.0090,,
1.8380,469,221.8,21.7,0.0095,,
1.8465,470,222.3,21.7,0.0095,,
1.8550,471,222.6,21.7,0.0095,,
1.8625,472,223.0,21.7,0.0095,,
1.8710,473,223.2,21.7,0.0105,,
1.8795,474,223.4,21.7,0.0105,,
1.8875,475,224.0,21.7,0.0090,,
1.8960,476,224.2,21.7,0.0095,,
1.9045,477,224.4,21.7,0.0095,,
1.9120,478,224.7,21.7,0.0095,,
1.9205,479,225.1,21.7,0.0105,,
1.9290,480,225.7,21.7,0.0105,,
1.9375,481,225.8,21.7,0.0095,,
1.9460,482,226.1,21.7,0.0095,,
1.9540,483,226.6,21.7,0.0090,,
1.9620,484,226.8,21.7,0.0100,,
1.9700,485,227.3,21.7,0.0100,,
1.9785,486,227.4,21.7,0.0105,,
1.9870,487,227.6,21.7,0.0095,,
1.9955,488,228.0,21.7,0.0095,,
2.0040,489,228.4,21.7,0.0095,,
2.0115,490,228.6,21.7,0.0095,,
2.0200,491,228.8,21.7,0.0105,,
2.0280,492,228.9,21.7,0.0100,,
2.0365,493,229.3,21.7,0.0095,,
2.0450,494,229.7,21.7,0.0095,,
2.0535,495,229.7,21.7,0.0095,,
2.0610,496,230.1,21.7,0.0095,,
2.0695,497,230.1,21.7,0.0105,,
2.0780,498,230.6,21.7,0.0105,,
2.0865,499,231.0,21.7,0.0095,,
2.0945,500,231.0,21.7,0.0090,,
2.1030,501,231.3,21.7,0.0095,,
2.1105,502,231.5,21.7,0.0095,,
2.1190,503,231.9,21.7,0.0105,,
2.1275,504,232.1,21.7,0.0105,,
2.1360,505,232.1,21.7,0.0095,,
2.1445,506,232.4,21.7,0.0095,,
2.1530,507,232.8,21.7,0.0095,,
2.1605,508,233.1,21.7,0.0095,,
2.1685,509,233.3,21.7,0.0100,,
2.1770,510,233.3,21.7,0.0105,,
2.1855,511,233.6,21.7,0.0095,,
2.1935,512,234.0,21.7,0.0090,,
2.2015,513,234.0,21.7,0.0090,,
2.2080,514,234.4,21.7,0.0080,,
2.2100,515,234.3,21.7,0.0025,,
2.2100,516,234.3,21.7,0.0000,,
2.2110,517,234.4,21.7,0.0010,,
2.2115,518,234.3,21.7,0.0005,,
2.2130,519,234.3,21.7,0.0015,,
2.2145,520,234.2,21.7,0.0020,,
2.2160,521,234.3,21.7,0.0020,,
2.2165,522,234.6,21.7,0.0005,,
2.2175,523,234.4,21.7,0.0010,,
2.2190,524,234.3,21.7,0.0015,,
2.2195,525,234.5,21.7,0.0005,,
2.2200,526,234.5,21.7,0.0005,,
2.2210,527,234.7,21.7,0.0010,,
2.2215,528,234.7,21.7,0.0005,,
2.2220,529,234.3,21.7,0.0005,,
2.2235,530,234.6,21.7,0.0015,,
2.2250,531,234.7,21.7,0.0015,,
2.2255,532,234.8,21.7,0.0005,,
2.2260,533,234.7,21.7,0.0005,,
2.2270,534,234.5,21.7,0.0010,,
2.2280,535,235.0,21.7,0.0010,,
Scope 1/1, Sample 18/33 (T9)
Result,TitrationEP1
V,t,E,T,dV/dt,E acc. stat.,Volume acc. stat.
0.0000,0,-71.0,21.6,NaN,,
0.0010,1,-71.1,21.6,0.0010,,
0.0025,2,-70.9,21.6,0.0015,,
0.0050,3,-70.9,21.6,0.0025,,
0.0085,4,-70.8,21.6,0.0030,,
0.0150,5,-70.6,21.6,0.0060,,
0.0230,6,-69.7,21.6,0.0075,,
0.0315,7,-68.7,21.6,0.0075,,
0.0400,8,-67.7,21.6,0.0075,,
0.0475,9,-66.4,21.6,0.0070,,
0.0560,10,-65.1,21.6,0.0075,,
0.0645,11,-63.4,21.6,0.0075,,
0.0730,12,-61.6,21.6,0.0075,,
0.0810,13,-60.2,21.6,0.0075,,
0.0895,14,-58.3,21.6,0.0075,,
0.0970,15,-56.8,21.6,0.0070,,
0.1055,16,-54.5,21.6,0.0075,,
0.1140,17,-52.3,21.6,0.0075,,
0.1225,18,-50.3,21.6,0.0075,,
0.1310,19,-47.9,21.6,0.0075,,
0.1390,20,-45.2,21.6,0.0075,,
0.1470,21,-42.9,21.6,0.0075,,
0.1550,22,-40.1,21.6,0.0075,,
0.1635,23,-37.4,21.6,0.0075,,
0.1720,24,-34.4,21.6,0.0075,,
0.1805,25,-31.0,21.6,0.0075,,
0.1890,26,-27.8,21.6,0.0075,,
0.1965,27,-24.7,21.6,0.0070,,
0.2050,28,-21.8,21.6,0.0075,,
0.2135,29,-18.9,21.6,0.0075,,
0.2215,30,-16.2,21.6,0.0075,,
0.2300,31,-14.0,21.6,0.0075,,
0.2385,32,-12.0,21.6,0.0075,,
0.2460,33,-10.3,21.6,0.0070,,
0.2545,34,-8.4,21.6,0.0075,,
0.2630,35,-6.5,21.6,0.0075,,
0.2715,36,-5.0,21.6,0.0075,,
0.2795,37,-3.5,21.6,0.0075,,
0.2880,38,-1.9,21.6,0.0075,,
0.2955,39,-0.9,21.6,0.0070,,
0.3040,40,0.5,21.6,0.0075,,
0.3125,41,1.5,21.6,0.0075,,
0.3210,42,2.7,21.6,0.0075,,
0.3295,43,4.1,21.6,0.0075,,
0.3380,44,5.3,21.6,0.0075,,
0.3455,45,6.4,21.6,0.0070,,
0.3535,46,7.3,21.6,0.0075,,
0.3620,47,8.4,21.6,0.0075,,
0.3705,48,9.6,21.6,0.0075,,
0.3790,49,10.7,21.6,0.0075,,
0.3875,50,11.4,21.6,0.0075,,
0.3950,51,12.4,21.6,0.0070,,
0.4035,52,13.3,21.6,0.0075,,
0.4120,53,14.5,21.6,0.0075,,
0.4200,54,15.3,21.6,0.0075,,
0.4285,55,16.0,21.6,0.0075,,
0.4370,56,17.2,21.6,0.0075,,
0.4445,57,17.9,21.6,0.0070,,
0.4530,58,19.0,21.6,0.0075,,
0.4615,59,19.9,21.6,0.0075,,
0.4700,60,20.6,21.6,0.0075,,
0.4780,61,21.6,21.6,0.0075,,
0.4865,62,22.6,21.6,0.0075,,
0.4940,63,23.4,21.6,0.0070,,
0.5025,64,24.2,21.6,0.0075,,
0.5110,65,25.0,21.6,0.0075,,
0.5195,66,25.9,21.6,0.0075,,
0.5280,67,26.9,21.6,0.0075,,
0.5365,68,27.7,21.6,0.0075,,
0.5445,69,28.5,21.6,0.0080,,
0.5520,70,29.2,21.6,0.0070,,
0.5605,71,30.1,21.6,0.0075,,
0.5690,72,31.2,21.6,0.0075,,
0.5775,73,31.9,21.6,0.0075,,
0.5860,74,32.6,21.6,0.0075,,
0.5945,75,33.6,21.6,0.0075,,
0.6020,76,34.3,21.6,0.0070,,
0.6105,77,35.4,21.6,0.0075,,
0.6185,78,36.2,21.6,0.0075,,
0.6270,79,36.9,21.6,0.0075,,
0.6355,80,37.9,21.6,0.0075,,
0.6440,81,38.9,21.6,0.0075,,
0.6515,82,39.8,21.6,0.0070,,
0.6600,83,40.5,21.6,0.0075,,
0.6685,84,41.1,21.6,0.0075,,
0.6765,85,42.1,21.6,0.0075,,
0.6850,86,43.1,21.6,0.0075,,
0.6935,87,43.9,21.6,0.0075,,
0.7010,88,44.8,21.6,0.0070,,
0.7095,89,45.5,21.6,0.0075,,
0.7180,90,46.6,21.6,0.0075,,
0.7265,91,47.6,21.6,0.0075,,
0.7350,92,48.3,21.6,0.0075,,
0.7430,93,49.2,21.6,0.0075,,
0.7510,94,49.9,21.6,0.0075,,
0.7590,95,51.0,21.6,0.0075,,
0.7675,96,52.0,21.6,0.0075,,
0.7760,97,52.7,21.6,0.0075,,
0.7845,98,53.8,21.6,0.0075,,
0.7930,99,54.5,21.6,0.0085,,
0.8005,100,55.7,21.6,0.0070,,
0.8090,101,56.6,21.6,0.0075,,
0.8170,102,57.3,21.6,0.0075,,
0.8255,103,58.2,21.6,0.0075,,
0.8340,104,59.5,21.6,0.0075,,
0.8425,105,60.2,21.6,0.0075,,
0.8500,106,61.2,21.6,0.0070,,
0.8585,107,61.9,21.6,0.0075,,
0.8670,108,63.2,21.6,0.0075,,
0.8755,109,64.3,21.6,0.0075,,
0.8835,110,65.1,21.6,0.0075,,
0.8920,111,66.1,21.6,0.0075,,
0.8995,112,67.0,21.6,0.0070,,
0.9080,113,68.0,21.6,0.0075,,
0.9165,114,69.2,21.6,0.0075,,
0.9250,115,70.2,21.6,0.0075,,
0.9335,116,71.1,21.6,0.0075,,
0.9415,117,72.4,21.6,0.0075,,
0.9495,118,73.2,21.6,0.0075,,
0.9575,119,74.5,21.6,0.0075,,
0.9660,120,75.6,21.6,0.0075,,
0.9745,121,76.5,21.6,0.0075,,
0.9830,122,77.9,21.6,0.0075,,
0.9915,123,79.3,21.6,0.0075,,
0.9990,124,80.3,21.6,0.0070,,
1.0075,125,81.4,21.6,0.0075,,
1.0155,126,82.6,21.6,0.0075,,
1.0240,127,84.0,21.6,0.0075,,
1.0325,128,85.3,21.6,0.0075,,
1.0410,129,86.4,21.6,0.0075,,
1.0495,130,87.8,21.6,0.0085,,
1.0570,131,89.1,21.6,0.0070,,
1.0655,132,90.6,21.6,0.0075,,
1.0735,133,92.2,21.6,0.0075,,
1.0820,134,93.5,21.6,0.0075,,
1.0905,135,95.0,21.6,0.0075,,
1.0990,136,97.0,21.6,0.0075,,
1.1065,137,98.2,21.6,0.0070,,
1.1150,138,100.1,21.6,0.0075,,
1.1235,139,101.9,21.6,0.0075,,
1.1315,140,103.9,21.6,0.0075,,
1.1400,141,106.2,21.6,0.0075,,
1.1485,142,108.2,21.6,0.0075,,
1.1560,143,110.2,21.6,0.0070,,
1.1645,144,112.4,21.6,0.0075,,
1.1730,145,114.9,21.6,0.0075,,
1.1815,146,117.3,21.6,0.0075,,
1.1900,147,120.0,21.6,0.0075,,
1.1980,148,122.8,21.6,0.0075,,
1.2060,149,125.6,21.6,0.0075,,
1.2140,150,128.8,21.6,0.0075,,
1.2225,151,132.4,21.6,0.0075,,
1.2310,152,135.6,21.6,0.0075,,
1.2395,153,139.1,21.6,0.0075,,
1.2480,154,143.0,21.6,0.0075,,
1.2555,155,146.0,21.6,0.0070,,
1.2640,156,150.0,21.6,0.0075,,
1.2720,157,154.1,21.6,0.0075,,
1.2805,158,157.4,21.6,0.0075,,
1.2890,159,160.5,21.6,0.0075,,
1.2975,160,163.6,21.6,0.0075,,
1.3050,161,166.2,21.6,0.0070,,
1.3135,162,168.9,21.6,0.0075,,
1.3220,163,171.2,21.6,0.0075,,
1.3300,164,173.6,21.6,0.0075,,
1.3385,165,175.9,21.6,0.0075,,
1.3470,166,177.7,21.6,0.0075,,
1.3555,167,179.5,21.7,0.0085,,
1.3630,168,181.1,21.6,0.0070,,
1.3715,169,182.8,21.6,0.0075,,
1.3800,170,184.7,21.6,0.0075,,
1.3860,171,185.2,21.6,0.0065,,
1.3860,411,187.0,21.7,0.0000,,
1.3865,412,186.9,21.7,0.0005,,
1.3880,413,187.2,21.7,0.0015,,
1.3905,414,187.6,21.7,0.0025,,
1.3945,415,187.7,21.7,0.0035,,
1.4005,416,188.5,21.7,0.0055,,
1.4090,417,189.9,21.7,0.0075,,
1.4165,418,190.9,21.7,0.0075,,
1.4250,419,192.2,21.7,0.0085,,
1.4335,420,193.0,21.7,0.0085,,
1.4420,421,194.2,21.7,0.0075,,
1.4505,422,195.4,21.7,0.0075,,
1.4590,423,196.3,21.7,0.0075,,
1.4665,424,197.3,21.7,0.0075,,
1.4750,425,198.0,21.7,0.0085,,
1.4830,426,198.9,21.7,0.0080,,
1.4915,427,199.9,21.7,0.0075,,
1.5000,428,200.7,21.7,0.0075,,
1.5085,429,201.3,21.7,0.0075,,
1.5160,430,202.0,21.7,0.0075,,
1.5245,431,202.8,21.7,0.0085,,
1.5330,432,203.7,21.7,0.0085,,
1.5410,433,204.3,21.7,0.0075,,
1.5495,434,204.9,21.7,0.0075,,
1.5580,435,205.9,21.7,0.0075,,
1.5655,436,206.3,21.7,0.0075,,
1.5740,437,207.1,21.7,0.0085,,
1.5825,438,207.5,21.7,0.0085,,
1.5910,439,208.0,21.7,0.0075,,
1.5995,440,208.8,21.7,0.0075,,
1.6075,441,209.5,21.7,0.0075,,
1.6150,442,210.1,21.7,0.0075,,
1.6235,443,210.7,21.7,0.0085,,
1.6320,444,211.0,21.7,0.0085,,
1.6405,445,211.7,21.7,0.0075,,
1.6490,446,212.3,21.7,0.0075,,
1.6575,447,212.7,21.7,0.0075,,
1.6655,448,213.4,21.7,0.0080,,
1.6735,449,213.6,21.7,0.0080,,
1.6815,450,214.2,21.7,0.0080,,
1.6900,451,214.6,21.7,0.0075,,
1.6985,452,214.9,21.7,0.0075,,
1.7070,453,215.5,21.7,0.0075,,
1.7145,454,215.8,21.7,0.0075,,
1.7230,455,216.5,21.7,0.0085,,
1.7315,456,216.9,21.7,0.0085,,
1.7400,457,217.1,21.7,0.0075,,
1.7480,458,217.7,21.7,0.0075,,
1.7565,459,218.2,21.7,0.0075,,
1.7640,460,218.6,21.7,0.0075,,
1.7725,461,219.1,21.7,0.0085,,
1.7810,462,219.3,21.7,0.0085,,
1.7895,463,219.8,21.7,0.0075,,
1.7980,464,220.3,21.7,0.0075,,
1.8060,465,220.6,21.7,0.0075,,
1.8140,466,221.0,21.7,0.0080,,
1.8220,467,221.1,21.7,0.0080,,
1.8305,468,221.6,21.7,0.0085,,
1.8390,469,222.1,21.7,0.0075,,
1.8475,470,222.3,21.7,0.0075,,
1.8560,471,222.6,21.7,0.0075,,
1.8645,472,222.9,21.7,0.0085,,
1.8720,473,223.4,21.7,0.0075,,
1.8805,474,223.8,21.7,0.0085,,
1.8885,475,223.9,21.7,0.0075,,
1.8970,476,224.2,21.7,0.0075,,
1.9055,477,224.8,21.7,0.0075,,
1.9140,478,224.9,21.7,0.0085,,
1.9215,479,225.3,21.7,0.0075,,
1.9300,480,225.5,21.7,0.0085,,
1.9380,481,225.6,21.7,0.0075,,
1.9465,482,226.1,21.7,0.0075,,
1.9550,483,226.6,21.7,0.0075,,
1.9635,484,226.6,21.7,0.0075,,
1.9710,485,226.9,21.7,0.0075,,
1.9795,486,227.1,21.7,0.0085,,
1.9880,487,227.6,21.7,0.0075,,
1.9965,488,228.0,21.7,0.0075,,
2.0045,489,228.0,21.7,0.0075,,
2.0130,490,228.3,21.7,0.0075,,
2.0205,491,228.7,21.7,0.0075,,
2.0290,492,229.1,21.7,0.0085,,
2.0375,493,229.5,21.7,0.0085,,
2.0460,494,229.5,21.7,0.0075,,
2.0545,495,229.8,21.7,0.0075,,
2.0625,496,230.2,21.7,0.0075,,
2.0705,497,230.2,21.7,0.0080,,
2.0785,498,230.7,21.7,0.0080,,
2.0870,499,230.8,21.7,0.0085,,
2.0955,500,230.9,21.7,0.0075,,
2.1040,501,231.5,21.7,0.0075,,
2.1125,502,231.6,21.7,0.0075,,
2.1200,503,231.9,21.7,0.0075,,
2.1285,504,231.9,21.7,0.0085,,
2.1370,505,232.2,21.7,0.0085,,
2.1450,506,232.6,21.7,0.0075,,
2.1535,507,232.7,21.7,0.0075,,
2.1620,508,232.7,21.7,0.0075,,
2.1695,509,233.0,21.7,0.0075,,
2.1780,510,233.2,21.7,0.0085,,
2.1865,511,233.7,21.7,0.0085,,
2.1945,512,233.8,21.7,0.0075,,
2.2020,513,233.8,21.7,0.0070,,
2.2055,514,234.1,21.7,0.0030,,
2.2065,515,234.1,21.7,0.0010,,
2.2070,516,234.3,21.7,0.0005,,
2.2085,517,234.3,21.7,0.0015,,
2.2100,518,234.1,21.7,0.0015,,
2.2125,519,234.3,21.7,0.0025,,
2.2155,520,234.6,21.7,0.0025,,
2.2190,521,234.5,21.7,0.0035,,
2.2220,522,234.6,21.7,0.0030,,
2.2225,523,234.5,21.7,0.0005,,
2.2230,524,234.6,21.7,0.0005,,
2.2240,525,234.7,21.7,0.0010,,
2.2250,526,234.5,21.7,0.0010,,
2.2260,527,234.8,21.7,0.0010,,
2.2265,528,234.6,21.7,0.0005,,
2.2270,529,234.7,21.7,0.0005,,
2.2285,530,234.9,21.7,0.0015,,
2.2290,531,235.0,21.7,0.0005,,
Scope 1/1, Sample 19/33 (T10)
Result,TitrationEP1
V,t,E,T,dV/dt,E acc. stat.,Volume acc. stat.
0.0000,0,-71.2,21.6,NaN,,
0.0010,1,-71.1,21.6,0.0010,,
0.0025,2,-71.3,21.6,0.0015,,
0.0050,3,-71.2,21.6,0.0025,,
0.0090,4,-71.2,21.6,0.0035,,
0.0150,5,-70.6,21.6,0.0055,,
0.0235,6,-69.9,21.6,0.0075,,
0.0320,7,-69.1,21.6,0.0075,,
0.0405,8,-67.9,21.6,0.0075,,
0.0485,9,-66.5,21.6,0.0075,,
0.0565,10,-65.2,21.6,0.0075,,
0.0645,11,-63.6,21.6,0.0075,,
0.0730,12,-62.3,21.6,0.0075,,
0.0815,13,-60.5,21.6,0.0075,,
0.0900,14,-58.5,21.6,0.0075,,
0.0985,15,-56.8,21.6,0.0075,,
0.1060,16,-54.9,21.6,0.0070,,
0.1145,17,-53.1,21.6,0.0075,,
0.1230,18,-50.7,21.6,0.0075,,
0.1310,19,-48.2,21.6,0.0075,,
0.1395,20,-45.8,21.6,0.0075,,
0.1480,21,-43.4,21.6,0.0075,,
0.1555,22,-40.7,21.6,0.0070,,
0.1640,23,-37.5,21.6,0.0075,,
0.1725,24,-34.5,21.6,0.0075,,
0.1810,25,-31.6,21.6,0.0075,,
0.1895,26,-28.3,21.6,0.0075,,
0.1975,27,-25.5,21.6,0.0075,,
0.2055,28,-22.2,21.6,0.0075,,
0.2135,29,-19.4,21.6,0.0075,,
0.2220,30,-17.0,21.6,0.0075,,
0.2305,31,-14.5,21.6,0.0075,,
0.2390,32,-12.2,21.6,0.0075,,
0.2465,33,-10.5,21.6,0.0070,,
0.2550,34,-8.9,21.6,0.0075,,
0.2635,35,-7.2,21.6,0.0075,,
0.2720,36,-5.3,21.6,0.0075,,
0.2800,37,-3.6,21.6,0.0075,,
0.2885,38,-2.5,21.6,0.0075,,
0.2960,39,-1.3,21.6,0.0070,,
0.3045,40,-0.1,21.6,0.0075,,
0.3130,41,1.2,21.6,0.0075,,
0.3215,42,2.4,21.6,0.0075,,
0.3300,43,3.4,21.6,0.0075,,
0.3380,44,4.6,21.6,0.0075,,
0.3465,45,5.6,21.6,0.0075,,
0.3540,46,6.8,21.6,0.0070,,
0.3625,47,8.0,21.6,0.0075,,
0.3710,48,8.8,21.6,0.0075,,
0.3795,49,9.9,21.6,0.0075,,
0.3880,50,11.0,21.6,0.0075,,
0.3965,51,11.9,21.6,0.0075,,
0.4040,52,12.9,21.6,0.0070,,
0.4120,53,13.7,21.6,0.0075,,
0.4205,54,14.6,21.6,0.0075,,
0.4290,55,15.8,21.6,0.0075,,
0.4375,56,16.6,21.6,0.0075,,
0.4460,57,17.3,21.6,0.0070,,
0.4535,58,18.2,21.6,0.0070,,
0.4620,59,19.1,21.6,0.0075,,
0.4700,60,20.3,21.6,0.0075,,
0.4785,61,21.1,21.6,0.0075,,
0.4870,62,21.8,21.6,0.0075,,
0.4955,63,22.8,21.6,0.0075,,
0.5030,64,23.5,21.6,0.0070,,
0.5115,65,24.6,21.6,0.0075,,
0.5200,66,25.4,21.6,0.0075,,
0.5285,67,26.0,21.6,0.0075,,
0.5365,68,27.0,21.6,0.0075,,
0.5450,69,28.0,21.6,0.0070,,
0.5525,70,28.8,21.6,0.0070,,
0.5610,71,29.5,21.6,0.0075,,
0.5695,72,30.2,21.6,0.0075,,
0.5780,73,31.2,21.6,0.0075,,
0.5865,74,32.2,21.6,0.0075,,
0.5950,75,32.8,21.6,0.0070,,
0.6025,76,33.8,21.6,0.0070,,
0.6110,77,34.4,21.6,0.0075,,
0.6190,78,35.4,21.6,0.0075,,
0.6275,79,36.4,21.6,0.0075,,
0.6360,80,37.1,21.6,0.0075,,
0.6445,81,37.9,21.6,0.0075,,
0.6520,82,38.7,21.6,0.0070,,
0.6605,83,39.9,21.6,0.0075,,
0.6690,84,40.6,21.6,0.0075,,
0.6775,85,41.4,21.6,0.0075,,
0.6855,86,42.4,21.6,0.0075,,
0.6940,87,43.0,21.6,0.0075,,
0.7015,88,44.1,21.6,0.0070,,
0.7100,89,45.0,21.6,0.0075,,
0.7185,90,45.7,21.6,0.0075,,
0.7270,91,46.9,21.6,0.0075,,
0.7355,92,47.9,21.6,0.0075,,
0.7430,93,48.7,21.6,0.0070,,
0.7515,94,49.5,21.6,0.0075,,
0.7595,95,50.4,21.6,0.0075,,
0.7680,96,51.5,21.6,0.0075,,
0.7765,97,52.4,21.6,0.0070,,
0.7850,98,53.2,21.6,0.0075,,
0.7925,99,54.2,21.6,0.0070,,
0.8010,100,55.0,21.6,0.0075,,
0.8095,101,56.1,21.6,0.0075,,
0.8180,102,57.1,21.6,0.0075,,
0.8260,103,57.8,21.6,0.0075,,
0.8345,104,58.8,21.6,0.0075,,
0.8430,105,59.6,21.6,0.0075,,
0.8505,106,60.7,21.6,0.0070,,
0.8590,107,61.9,21.6,0.0075,,
0.8675,108,62.7,21.6,0.0075,,
0.8760,109,63.6,21.6,0.0075,,
0.8840,110,64.8,21.6,0.0075,,
0.8925,111,65.7,21.6,0.0075,,
0.9000,112,66.7,21.6,0.0070,,
0.9085,113,67.5,21.6,0.0075,,
0.9170,114,68.5,21.6,0.0075,,
0.9255,115,69.7,21.6,0.0075,,
0.9340,116,70.8,21.6,0.0075,,
0.9420,117,71.7,21.6,0.0075,,
0.9500,118,72.8,21.6,0.0075,,
0.9580,119,73.9,21.6,0.0075,,
0.9665,120,75.3,21.6,0.0075,,
0.9750,121,76.4,21.6,0.0075,,
0.9835,122,77.4,21.6,0.0075,,
0.9920,123,78.7,21.6,0.0075,,
0.9995,124,79.6,21.6,0.0070,,
1.0080,125,81.0,21.6,0.0075,,
1.0165,126,82.1,21.6,0.0075,,
1.0245,127,83.3,21.6,0.0075,,
1.0330,128,84.7,21.6,0.0075,,
1.0415,129,86.2,21.6,0.0075,,
1.0490,130,87.5,21.6,0.0070,,
1.0575,131,88.9,21.6,0.0075,,
1.0660,132,90.1,21.6,0.0075,,
1.0745,133,91.9,21.6,0.0075,,
1.0825,134,93.5,21.6,0.0075,,
1.0910,135,94.9,21.6,0.0070,,
1.0985,136,96.5,21.6,0.0070,,
1.1070,137,97.8,21.6,0.0075,,
1.1155,138,99.8,21.6,0.0075,,
1.1240,139,101.8,21.6,0.0075,,
1.1325,140,103.5,21.6,0.0075,,
1.1410,141,105.6,21.6,0.0070,,
1.1485,142,107.3,21.6,0.0070,,
1.1570,143,109.8,21.6,0.0075,,
1.1650,144,112.2,21.6,0.0075,,
1.1735,145,114.4,21.6,0.0075,,
1.1820,146,116.9,21.6,0.0075,,
1.1905,147,119.9,21.6,0.0070,,
1.1980,148,122.6,21.6,0.0070,,
1.2065,149,125.4,21.6,0.0075,,
1.2150,150,128.6,21.6,0.0075,,
1.2230,151,131.9,21.6,0.0075,,
1.2315,152,135.4,21.6,0.0075,,
1.2400,153,138.7,21.6,0.0070,,
1.2475,154,142.4,21.7,0.0070,,
1.2560,155,145.9,21.6,0.0075,,
1.2645,156,149.9,21.6,0.0075,,
1.2730,157,153.6,21.6,0.0075,,
1.2815,158,156.9,21.6,0.0075,,
1.2895,159,159.9,21.6,0.0075,,
1.2975,160,162.8,21.6,0.0075,,
1.3055,161,165.9,21.7,0.0075,,
1.3140,162,168.7,21.6,0.0075,,
1.3225,163,171.0,21.6,0.0075,,
1.3310,164,173.2,21.7,0.0075,,
1.3395,165,175.6,21.7,0.0070,,
1.3470,166,177.5,21.6,0.0070,,
1.3555,167,179.5,21.6,0.0075,,
1.3635,168,181.1,21.6,0.0075,,
1.3720,169,182.6,21.7,0.0075,,
1.3805,170,184.4,21.7,0.0075,,
1.3885,171,185.5,21.7,0.0065,,
1.3885,411,187.1,21.7,0.0000,,
1.3890,412,187.3,21.7,0.0005,,
1.3905,413,187.3,21.7,0.0010,,
1.3930,414,187.5,21.7,0.0020,,
1.3970,415,187.9,21.7,0.0030,,
1.4035,416,188.8,21.7,0.0050,,
1.4115,417,189.7,21.7,0.0060,,
1.4190,418,190.9,21.7,0.0060,,
1.4275,419,191.9,21.7,0.0070,,
1.4360,420,193.1,21.7,0.0070,,
1.4445,421,194.3,21.7,0.0065,,
1.4530,422,195.1,21.7,0.0065,,
1.4615,423,196.1,21.7,0.0065,,
1.4690,424,197.0,21.7,0.0060,,
1.4770,425,198.0,21.7,0.0065,,
1.4855,426,199.0,21.7,0.0070,,
1.4940,427,199.7,21.7,0.0065,,
1.5025,428,200.4,21.7,0.0065,,
1.5110,429,201.4,21.7,0.0065,,
1.5185,430,202.0,21.7,0.0060,,
1.5270,431,203.0,21.7,0.0070,,
1.5355,432,203.7,21.7,0.0070,,
1.5435,433,204.2,21.7,0.0060,,
1.5520,434,205.1,21.7,0.0065,,
1.5605,435,205.9,21.7,0.0065,,
1.5690,436,206.5,21.7,0.0070,,
1.5765,437,207.1,21.7,0.0060,,
1.5850,438,207.5,21.7,0.0070,,
1.5935,439,208.2,21.7,0.0065,,
1.6015,440,209.0,21.7,0.0060,,
1.6100,441,209.4,21.7,0.0065,,
1.6185,442,210.0,21.7,0.0065,,
1.6260,443,210.5,21.7,0.0060,,
1.6345,444,211.1,21.7,0.0070,,
1.6430,445,211.8,21.7,0.0070,,
1.6515,446,212.1,21.7,0.0065,,
1.6595,447,212.5,21.7,0.0060,,
1.6680,448,213.0,21.7,0.0070,,
1.6755,449,213.6,21.7,0.0060,,
1.6840,450,214.1,21.7,0.0070,,
1.6925,451,214.4,21.7,0.0065,,
1.7010,452,214.9,21.7,0.0065,,
1.7095,453,215.7,21.7,0.0065,,
1.7170,454,216.0,21.7,0.0065,,
1.7255,455,216.5,21.7,0.0070,,
1.7340,456,216.7,21.7,0.0070,,
1.7425,457,217.2,21.7,0.0065,,
1.7505,458,217.8,21.7,0.0060,,
1.7590,459,218.0,21.7,0.0065,,
1.7665,460,218.5,21.7,0.0060,,
1.7750,461,218.6,21.7,0.0070,,
1.7835,462,219.2,21.7,0.0070,,
1.7920,463,219.8,21.7,0.0065,,
1.8005,464,220.0,21.7,0.0065,,
1.8085,465,220.4,21.7,0.0060,,
1.8165,466,220.5,21.7,0.0065,,
1.8245,467,221.1,21.7,0.0065,,
1.8330,468,221.5,21.7,0.0070,,
1.8415,469,221.6,21.7,0.0065,,
1.8500,470,222.0,21.7,0.0065,,
1.8585,471,222.6,21.7,0.0065,,
1.8660,472,222.8,21.7,0.0060,,
1.8745,473,223.2,21.7,0.0070,,
1.8825,474,223.4,21.7,0.0065,,
1.8910,475,223.7,21.7,0.0065,,
1.8995,476,224.3,21.7,0.0065,,
1.9080,477,224.5,21.7,0.0065,,
1.9155,478,225.0,21.7,0.0060,,
1.9240,479,225.1,21.7,0.0070,,
1.9325,480,225.3,21.7,0.0070,,
1.9410,481,225.9,21.7,0.0065,,
1.9490,482,226.1,21.7,0.0060,,
1.9575,483,226.2,21.7,0.0065,,
1.9650,484,226.6,21.7,0.0060,,
1.9735,485,226.9,21.7,0.0070,,
1.9820,486,227.4,21.7,0.0070,,
1.9905,487,227.6,21.7,0.0065,,
1.9990,488,227.7,21.7,0.0065,,
2.0070,489,228.2,21.7,0.0060,,
2.0150,490,228.4,21.7,0.0065,,
2.0230,491,228.8,21.7,0.0065,,
2.0315,492,228.8,21.7,0.0070,,
2.0400,493,229.1,21.7,0.0065,,
2.0485,494,229.5,21.7,0.0065,,
2.0570,495,229.7,21.7,0.0065,,
2.0645,496,230.1,21.7,0.0060,,
2.0730,497,230.0,21.7,0.0070,,
2.0815,498,230.3,21.7,0.0070,,
2.0900,499,230.7,21.7,0.0065,,
2.0980,500,231.0,21.7,0.0060,,
2.1065,501,231.0,21.7,0.0065,,
2.1140,502,231.4,21.7,0.0060,,
2.1225,503,231.6,21.7,0.0070,,
2.1310,504,232.0,21.7,0.0070,,
2.1395,505,232.1,21.7,0.0065,,
2.1480,506,232.1,21.7,0.0065,,
2.1560,507,232.5,21.7,0.0060,,
2.1640,508,232.6,21.7,0.0065,,
2.1720,509,233.0,21.7,0.0065,,
2.1805,510,233.2,21.7,0.0070,,
2.1890,511,233.2,21.7,0.0065,,
2.1970,512,233.7,21.7,0.0060,,
2.2050,513,234.0,21.7,0.0060,,
2.2110,514,234.2,21.7,0.0050,,
2.2155,515,234.1,21.7,0.0035,,
2.2200,516,234.1,21.7,0.0035,,
2.2245,517,234.5,21.7,0.0035,,
2.2250,518,234.5,21.7,0.0005,,
2.2260,519,234.3,21.7,0.0010,,
2.2265,520,234.5,21.7,0.0005,,
2.2270,521,234.4,21.7,0.0005,,
2.2285,522,234.7,21.7,0.0010,,
2.2300,523,234.6,21.7,0.0010,,
2.2315,524,234.5,21.7,0.0010,,
2.2325,525,234.7,21.7,0.0010,,
2.2330,526,234.6,21.7,0.0005,,
2.2335,527,234.8,21.7,0.0005,,
2.2345,528,234.8,21.7,0.0010,,
2.2350,529,234.6,21.7,0.0005,,
2.2355,530,234.7,21.7,0.0005,,
2.2365,531,235.0,21.7,0.0010,,
Scope 1/1, Sample 20/33 (T11)
Result,TitrationEP1
V,t,E,T,dV/dt,E acc. stat.,Volume acc. stat.
0.0000,0,-70.0,21.6,NaN,,
0.0010,1,-69.9,21.6,0.0010,,
0.0025,2,-69.9,21.6,0.0015,,
0.0050,3,-69.9,21.6,0.0025,,
0.0085,4,-70.0,21.6,0.0030,,
0.0150,5,-69.7,21.6,0.0060,,
0.0230,6,-68.9,21.6,0.0075,,
0.0315,7,-68.1,21.6,0.0075,,
0.0400,8,-66.9,21.6,0.0085,,
0.0475,9,-65.9,21.6,0.0075,,
0.0560,10,-64.5,21.6,0.0075,,
0.0645,11,-62.9,21.6,0.0075,,
0.0725,12,-61.5,21.6,0.0075,,
0.0810,13,-59.9,21.6,0.0075,,
0.0895,14,-58.3,21.6,0.0085,,
0.0970,15,-56.4,21.6,0.0075,,
0.1055,16,-54.3,21.6,0.0075,,
0.1140,17,-52.3,21.6,0.0075,,
0.1225,18,-50.1,21.6,0.0075,,
0.1310,19,-47.5,21.6,0.0075,,
0.1385,20,-45.4,21.6,0.0075,,
0.1470,21,-42.9,21.6,0.0075,,
0.1550,22,-40.2,21.6,0.0075,,
0.1635,23,-37.3,21.6,0.0075,,
0.1720,24,-34.1,21.6,0.0075,,
0.1805,25,-31.3,21.6,0.0075,,
0.1880,26,-28.3,21.6,0.0075,,
0.1965,27,-25.3,21.6,0.0075,,
0.2050,28,-22.3,21.6,0.0075,,
0.2135,29,-19.5,21.6,0.0075,,
0.2215,30,-17.1,21.6,0.0075,,
0.2300,31,-14.9,21.6,0.0075,,
0.2375,32,-13.0,21.6,0.0075,,
0.2460,33,-11.1,21.6,0.0075,,
0.2545,34,-9.0,21.6,0.0075,,
0.2630,35,-7.6,21.6,0.0075,,
0.2715,36,-6.1,21.6,0.0075,,
0.2795,37,-4.3,21.6,0.0075,,
0.2875,38,-3.2,21.6,0.0080,,
0.2955,39,-1.8,21.6,0.0075,,
0.3040,40,-0.6,21.6,0.0075,,
0.3125,41,0.5,21.6,0.0075,,
0.3210,42,2.0,21.6,0.0075,,
0.3295,43,3.1,21.6,0.0075,,
0.3370,44,4.1,21.6,0.0075,,
0.3455,45,5.1,21.6,0.0075,,
0.3535,46,6.0,21.6,0.0075,,
0.3620,47,7.3,21.6,0.0075,,
0.3705,48,8.2,21.6,0.0075,,
0.3790,49,9.0,21.6,0.0075,,
0.3865,50,9.9,21.6,0.0075,,
0.3950,51,10.8,21.6,0.0075,,
0.4035,52,12.0,21.6,0.0075,,
0.4120,53,12.9,21.6,0.0075,,
0.4200,54,13.7,21.6,0.0075,,
0.4285,55,14.7,21.6,0.0075,,
0.4370,56,15.6,21.6,0.0085,,
0.4445,57,16.7,21.6,0.0075,,
0.4530,58,17.6,21.6,0.0075,,
0.4615,59,18.3,21.6,0.0075,,
0.4700,60,19.2,21.6,0.0075,,
0.4780,61,20.3,21.6,0.0075,,
0.4865,62,21.1,21.6,0.0075,,
0.4940,63,21.9,21.6,0.0075,,
0.5025,64,22.7,21.6,0.0075,,
0.5110,65,23.6,21.6,0.0075,,
0.5195,66,24.6,21.6,0.0075,,
0.5280,67,25.3,21.6,0.0075,,
0.5365,68,26.2,21.6,0.0085,,
0.5440,69,26.8,21.6,0.0075,,
0.5525,70,27.7,21.6,0.0075,,
0.5605,71,28.6,21.6,0.0075,,
0.5690,72,29.3,21.6,0.0075,,
0.5775,73,30.2,21.6,0.0075,,
0.5850,74,30.9,21.6,0.0075,,
0.5935,75,31.9,21.6,0.0075,,
0.6020,76,32.8,21.6,0.0075,,
0.6105,77,33.5,21.6,0.0075,,
0.6190,78,34.6,21.6,0.0075,,
0.6270,79,35.5,21.6,0.0075,,
0.6350,80,36.2,21.6,0.0080,,
0.6430,81,37.0,21.6,0.0075,,
0.6515,82,37.7,21.6,0.0075,,
0.6600,83,38.7,21.6,0.0075,,
0.6685,84,39.6,21.6,0.0075,,
0.6770,85,40.3,21.6,0.0075,,
0.6845,86,41.2,21.6,0.0075,,
0.6930,87,42.0,21.6,0.0075,,
0.7010,88,43.0,21.6,0.0075,,
0.7095,89,44.0,21.6,0.0075,,
0.7180,90,44.7,21.6,0.0075,,
0.7265,91,45.6,21.6,0.0075,,
0.7340,92,46.3,21.6,0.0075,,
0.7425,93,47.4,21.6,0.0075,,
0.7510,94,48.3,21.6,0.0075,,
0.7595,95,49.0,21.6,0.0075,,
0.7675,96,50.0,21.6,0.0075,,
0.7760,97,51.0,21.6,0.0075,,
0.7835,98,51.8,21.6,0.0075,,
0.7920,99,52.9,21.6,0.0075,,
0.8005,100,53.7,21.6,0.0075,,
0.8090,101,54.5,21.6,0.0075,,
0.8175,102,55.7,21.6,0.0075,,
0.8255,103,56.5,21.6,0.0075,,
0.8335,104,57.5,21.6,0.0080,,
0.8415,105,58.3,21.6,0.0075,,
0.8500,106,59.2,21.6,0.0075,,
0.8585,107,60.5,21.6,0.0075,,
0.8670,108,61.3,21.6,0.0075,,
0.8755,109,62.1,21.6,0.0075,,
0.8830,110,63.1,21.6,0.0070,,
0.8915,111,64.0,21.6,0.0075,,
0.8995,112,65.2,21.6,0.0075,,
0.9080,113,66.3,21.6,0.0075,,
0.9165,114,67.2,21.6,0.0075,,
0.9250,115,68.3,21.6,0.0075,,
0.9335,116,69.2,21.6,0.0085,,
0.9410,117,70.4,21.6,0.0075,,
0.9495,118,71.5,21.7,0.0075,,
0.9580,119,72.4,21.6,0.0075,,
0.9660,120,73.6,21.6,0.0075,,
0.9745,121,74.8,21.6,0.0075,,
0.9830,122,75.7,21.6,0.0085,,
0.9905,123,76.9,21.6,0.0075,,
0.9990,124,77.9,21.7,0.0075,,
1.0075,125,79.2,21.7,0.0075,,
1.0160,126,80.6,21.7,0.0075,,
1.0240,127,81.7,21.6,0.0075,,
1.0325,128,82.8,21.7,0.0075,,
1.0400,129,83.9,21.7,0.0075,,
1.0485,130,85.3,21.7,0.0075,,
1.0570,131,86.6,21.6,0.0075,,
1.0655,132,87.7,21.7,0.0075,,
1.0740,133,89.0,21.7,0.0075,,
1.0820,134,90.6,21.7,0.0075,,
1.0900,135,91.8,21.7,0.0080,,
1.0980,136,93.8,21.7,0.0075,,
1.1065,137,95.1,21.7,0.0075,,
1.1150,138,96.7,21.7,0.0075,,
1.1235,139,98.5,21.7,0.0075,,
1.1320,140,100.0,21.7,0.0085,,
1.1395,141,102.0,21.7,0.0075,,
1.1480,142,103.7,21.7,0.0075,,
1.1565,143,105.8,21.7,0.0075,,
1.1645,144,108.1,21.7,0.0075,,
1.1730,145,110.0,21.7,0.0075,,
1.1815,146,112.0,21.7,0.0085,,
1.1890,147,114.2,21.7,0.0075,,
1.1975,148,116.8,21.7,0.0075,,
1.2060,149,119.7,21.7,0.0075,,
1.2145,150,122.4,21.7,0.0075,,
1.2225,151,125.1,21.7,0.0075,,
1.2310,152,128.3,21.7,0.0075,,
1.2385,153,131.3,21.7,0.0075,,
1.2470,154,135.1,21.7,0.0075,,
1.2555,155,138.5,21.7,0.0075,,
1.2640,156,142.1,21.7,0.0075,,
1.2725,157,146.4,21.7,0.0075,,
1.2805,158,150.2,21.7,0.0075,,
1.2885,159,153.4,21.7,0.0080,,
1.2965,160,156.6,21.7,0.0075,,
1.3050,161,159.8,21.7,0.0075,,
1.3135,162,163.3,21.7,0.0075,,
1.3220,163,166.3,21.7,0.0075,,
1.3305,164,168.8,21.7,0.0075,,
1.3380,165,171.1,21.7,0.0075,,
1.3465,166,173.2,21.7,0.0075,,
1.3550,167,175.6,21.7,0.0075,,
1.3630,168,177.6,21.7,0.0075,,
1.3715,169,179.5,21.7,0.0075,,
1.3800,170,181.1,21.7,0.0075,,
1.3875,171,182.5,21.7,0.0075,,
1.3960,172,184.3,21.7,0.0075,,
1.4020,173,185.2,21.7,0.0075,,
1.4020,413,187.0,21.7,0.0000,,
1.4025,414,186.8,21.7,0.0005,,
1.4040,415,186.8,21.7,0.0015,,
1.4065,416,187.3,21.7,0.0025,,
1.4105,417,187.8,21.7,0.0040,,
1.4165,418,188.2,21.7,0.0060,,
1.4245,419,189.5,21.7,0.0080,,
1.4325,420,190.3,21.7,0.0090,,
1.4405,421,191.8,21.7,0.0090,,
1.4490,422,192.7,21.7,0.0095,,
1.4575,423,193.7,21.7,0.0085,,
1.4660,424,194.9,21.7,0.0085,,
1.4745,425,196.0,21.7,0.0085,,
1.4820,426,196.8,21.7,0.0085,,
1.4905,427,197.7,21.7,0.0095,,
1.4985,428,198.4,21.7,0.0090,,
1.5070,429,199.5,21.7,0.0085,,
1.5155,430,200.4,21.7,0.0085,,
1.5240,431,201.0,21.7,0.0085,,
1.5315,432,201.8,21.7,0.0085,,
1.5400,433,202.4,21.7,0.0095,,
1.5485,434,203.4,21.7,0.0095,,
1.5570,435,204.1,21.7,0.0085,,
1.5650,436,204.6,21.7,0.0080,,
1.5735,437,205.4,21.7,0.0085,,
1.5810,438,205.9,21.7,0.0085,,
1.5895,439,206.8,21.7,0.0095,,
1.5980,440,207.5,21.7,0.0095,,
1.6065,441,207.9,21.7,0.0085,,
1.6150,442,208.5,21.7,0.0085,,
1.6230,443,209.3,21.7,0.0080,,
1.6310,444,209.7,21.7,0.0090,,
1.6390,445,210.4,21.7,0.0090,,
1.6475,446,210.7,21.7,0.0095,,
1.6560,447,211.4,21.7,0.0085,,
1.6645,448,211.9,21.7,0.0085,,
1.6730,449,212.4,21.7,0.0085,,
1.6805,450,213.0,21.7,0.0085,,
1.6890,451,213.3,21.7,0.0095,,
1.6975,452,213.9,21.7,0.0095,,
1.7055,453,214.5,21.7,0.0080,,
1.7140,454,214.8,21.7,0.0085,,
1.7225,455,215.1,21.7,0.0085,,
1.7310,456,215.8,21.7,0.0095,,
1.7385,457,216.1,21.7,0.0085,,
1.7470,458,216.7,21.7,0.0095,,
1.7555,459,217.0,21.7,0.0085,,
1.7635,460,217.3,21.7,0.0080,,
1.7720,461,218.0,21.7,0.0085,,
1.7795,462,218.2,21.7,0.0085,,
1.7880,463,218.7,21.7,0.0095,,
1.7965,464,219.0,21.7,0.0095,,
1.8050,465,219.3,21.7,0.0085,,
1.8135,466,219.9,21.7,0.0085,,
1.8220,467,220.4,21.7,0.0085,,
1.8295,468,220.7,21.7,0.0085,,
1.8375,469,220.9,21.7,0.0090,,
1.8460,470,221.2,21.7,0.0095,,
1.8545,471,221.8,21.7,0.0085,,
1.8630,472,222.1,21.7,0.0085,,
1.8715,473,222.3,21.7,0.0085,,
1.8800,474,222.6,21.7,0.0085,,
1.8875,475,222.8,21.7,0.0085,,
1.8955,476,223.4,21.7,0.0090,,
1.9040,477,223.8,21.7,0.0085,,
1.9125,478,224.0,21.7,0.0085,,
1.9210,479,224.4,21.7,0.0085,,
1.9295,480,224.6,21.7,0.0095,,
1.9370,481,225.1,21.7,0.0085,,
1.9455,482,225.4,21.7,0.0095,,
1.9540,483,225.6,21.7,0.0085,,
1.9620,484,226.0,21.7,0.0080,,
1.9705,485,226.4,21.7,0.0085,,
1.9790,486,226.6,21.7,0.0085,,
1.9865,487,226.9,21.7,0.0085,,
1.9950,488,227.0,21.7,0.0095,,
2.0035,489,227.4,21.7,0.0095,,
2.0120,490,227.9,21.7,0.0085,,
2.0200,491,228.0,21.7,0.0080,,
2.0285,492,228.2,21.7,0.0085,,
2.0360,493,228.4,21.7,0.0085,,
2.0445,494,228.8,21.7,0.0095,,
2.0530,495,229.2,21.7,0.0085,,
2.0615,496,229.3,21.7,0.0085,,
2.0700,497,229.4,21.7,0.0085,,
2.0785,498,229.7,21.7,0.0095,,
2.0860,499,230.1,21.7,0.0085,,
2.0945,500,230.5,21.7,0.0095,,
2.1025,501,230.6,21.7,0.0080,,
2.1110,502,230.8,21.7,0.0085,,
2.1195,503,231.2,21.7,0.0085,,
2.1280,504,231.5,21.7,0.0085,,
2.1355,505,231.8,21.7,0.0085,,
2.1440,506,231.8,21.7,0.0095,,
2.1525,507,232.0,21.7,0.0085,,
2.1605,508,232.4,21.7,0.0080,,
2.1690,509,232.7,21.7,0.0085,,
2.1775,510,232.7,21.7,0.0085,,
2.1850,511,233.0,21.7,0.0085,,
2.1935,512,233.2,21.7,0.0095,,
2.2020,513,233.6,21.7,0.0085,,
2.2105,514,233.8,21.7,0.0085,,
2.2185,515,233.8,21.7,0.0080,,
2.2265,516,234.1,21.7,0.0080,,
2.2325,517,234.2,21.7,0.0065,,
2.2350,518,234.5,21.7,0.0030,,
2.2355,519,234.5,21.7,0.0005,,
2.2365,520,234.4,21.7,0.0010,,
2.2380,521,234.5,21.7,0.0015,,
2.2390,522,234.7,21.7,0.0010,,
2.2400,523,234.7,21.7,0.0010,,
2.2415,524,234.7,21.7,0.0015,,
2.2420,525,234.5,21.7,0.0005,,
2.2430,526,234.6,21.7,0.0010,,
2.2435,527,234.8,21.7,0.0005,,
2.2445,528,234.6,21.7,0.0010,,
2.2450,529,234.7,21.7,0.0005,,
2.2460,530,234.5,21.7,0.0010,,
2.2475,531,234.6,21.7,0.0015,,
2.2495,532,234.8,21.7,0.0020,,
2.2515,533,234.7,21.7,0.0020,,
2.2520,533,235.0,21.7,0.0015,,
Scope 1/1, Sample 21/33 (T12)
Result,TitrationEP1
V,t,E,T,dV/dt,E acc. stat.,Volume acc. stat.
0.0000,0,-70.0,21.6,NaN,,
0.0010,1,-69.9,21.6,0.0010,,
0.0025,2,-70.0,21.6,0.0015,,
0.0050,3,-70.2,21.6,0.0020,,
0.0090,4,-70.1,21.6,0.0035,,
0.0150,5,-69.6,21.6,0.0055,,
0.0235,6,-68.7,21.6,0.0075,,
0.0320,7,-67.8,21.6,0.0075,,
0.0405,8,-66.7,21.6,0.0075,,
0.0490,9,-65.1,21.6,0.0070,,
0.0565,10,-63.8,21.6,0.0070,,
0.0645,11,-62.0,21.6,0.0075,,
0.0730,12,-60.5,21.6,0.0075,,
0.0815,13,-58.8,21.6,0.0075,,
0.0900,14,-56.8,21.6,0.0075,,
0.0985,15,-54.8,21.6,0.0070,,
0.1060,16,-52.9,21.6,0.0070,,
0.1145,17,-50.8,21.6,0.0075,,
0.1225,18,-48.7,21.6,0.0075,,
0.1310,19,-46.1,21.6,0.0075,,
0.1395,20,-43.2,21.6,0.0075,,
0.1480,21,-40.7,21.6,0.0075,,
0.1555,22,-38.1,21.6,0.0070,,
0.1640,23,-35.1,21.6,0.0075,,
0.1725,24,-31.7,21.6,0.0075,,
0.1810,25,-28.5,21.6,0.0075,,
0.1890,26,-25.4,21.6,0.0075,,
0.1975,27,-22.4,21.6,0.0075,,
0.2050,28,-19.9,21.6,0.0070,,
0.2135,29,-17.1,21.6,0.0075,,
0.2220,30,-14.6,21.6,0.0075,,
0.2305,31,-12.6,21.6,0.0075,,
0.2390,32,-10.6,21.6,0.0075,,
0.2470,33,-8.6,21.6,0.0075,,
0.2550,34,-7.2,21.6,0.0075,,
0.2630,35,-5.4,21.6,0.0075,,
0.2715,36,-4.0,21.6,0.0075,,
0.2800,37,-2.5,21.6,0.0075,,
0.2885,38,-1.2,21.6,0.0075,,
0.2970,39,-0.1,21.6,0.0075,,
0.3045,40,1.0,21.6,0.0070,,
0.3130,41,2.0,21.6,0.0075,,
0.3215,42,3.4,21.6,0.0075,,
0.3295,43,4.8,21.6,0.0075,,
0.3380,44,5.8,21.6,0.0075,,
0.3465,45,6.7,21.6,0.0075,,
0.3550,46,7.6,21.6,0.0075,,
0.3625,47,8.7,21.6,0.0070,,
0.3710,48,10.0,21.6,0.0075,,
0.3795,49,10.8,21.6,0.0075,,
0.3875,50,11.7,21.6,0.0075,,
0.3960,51,12.9,21.6,0.0075,,
0.4035,52,13.6,21.6,0.0070,,
0.4120,53,14.8,21.6,0.0075,,
0.4205,54,15.6,21.6,0.0075,,
0.4290,55,16.4,21.6,0.0075,,
0.4375,56,17.5,21.6,0.0075,,
0.4455,57,18.5,21.6,0.0075,,
0.4540,58,19.4,21.6,0.0075,,
0.4615,59,20.1,21.6,0.0070,,
0.4700,60,20.8,21.6,0.0075,,
0.4785,61,22.0,21.6,0.0075,,
0.4870,62,22.9,21.6,0.0075,,
0.4955,63,23.5,21.6,0.0075,,
0.5040,64,24.5,21.6,0.0075,,
0.5115,65,25.3,21.6,0.0070,,
0.5195,66,26.3,21.6,0.0075,,
0.5280,67,27.2,21.6,0.0075,,
0.5365,68,27.9,21.6,0.0075,,
0.5450,69,28.7,21.6,0.0075,,
0.5535,70,29.7,21.6,0.0070,,
0.5610,71,30.5,21.6,0.0070,,
0.5695,72,31.4,21.6,0.0075,,
0.5780,73,32.1,21.6,0.0075,,
0.5860,74,32.9,21.6,0.0075,,
0.5945,75,34.0,21.6,0.0075,,
0.6030,76,34.7,21.6,0.0070,,
0.6105,77,35.6,21.6,0.0070,,
0.6190,78,36.3,21.6,0.0075,,
0.6275,79,37.3,21.6,0.0075,,
0.6360,80,38.3,21.6,0.0075,,
0.6445,81,39.1,21.6,0.0075,,
0.6525,82,39.9,21.6,0.0075,,
0.6600,83,40.6,21.6,0.0070,,
0.6685,84,41.5,21.6,0.0075,,
0.6770,85,42.5,21.6,0.0075,,
0.6855,86,43.2,21.6,0.0075,,
0.6940,87,43.9,21.6,0.0075,,
0.7025,88,44.8,21.6,0.0075,,
0.7100,89,45.6,21.6,0.0070,,
0.7180,90,46.7,21.6,0.0075,,
0.7265,91,47.6,21.6,0.0075,,
0.7350,92,48.3,21.6,0.0075,,
0.7435,93,49.3,21.6,0.0075,,
0.7520,94,50.3,21.6,0.0075,,
0.7605,95,51.1,21.6,0.0075,,
0.7680,96,52.0,21.6,0.0070,,
0.7760,97,52.8,21.6,0.0075,,
0.7845,98,53.8,21.6,0.0075,,
0.7930,99,54.9,21.6,0.0075,,
0.8015,100,55.7,21.6,0.0075,,
0.8100,101,56.5,21.6,0.0070,,
0.8175,102,57.4,21.6,0.0070,,
0.8260,103,58.4,21.6,0.0075,,
0.8345,104,59.6,21.6,0.0075,,
0.8425,105,60.4,21.6,0.0075,,
0.8510,106,61.1,21.6,0.0075,,
0.8595,107,62.2,21.6,0.0075,,
0.8670,108,63.0,21.6,0.0070,,
0.8755,109,64.3,21.7,0.0075,,
0.8840,110,65.1,21.6,0.0075,,
0.8925,111,66.2,21.6,0.0075,,
0.9010,112,67.5,21.6,0.0075,,
0.9090,113,68.4,21.6,0.0075,,
0.9170,114,69.3,21.6,0.0075,,
0.9250,115,70.2,21.6,0.0075,,
0.9335,116,71.2,21.7,0.0075,,
0.9420,117,72.5,21.7,0.0075,,
0.9505,118,73.6,21.7,0.0075,,
0.9590,119,74.6,21.6,0.0075,,
0.9665,120,75.5,21.7,0.0070,,
0.9750,121,76.6,21.6,0.0075,,
0.9830,122,77.9,21.6,0.0075,,
0.9915,123,79.0,21.6,0.0075,,
1.0000,124,80.1,21.6,0.0075,,
1.0085,125,81.2,21.7,0.0075,,
1.0160,126,82.5,21.7,0.0070,,
1.0245,127,84.0,21.7,0.0075,,
1.0330,128,85.3,21.7,0.0075,,
1.0415,129,86.4,21.7,0.0075,,
1.0495,130,87.9,21.7,0.0075,,
1.0575,131,89.2,21.7,0.0075,,
1.0655,132,90.8,21.7,0.0075,,
1.0740,133,92.0,21.7,0.0075,,
1.0825,134,93.5,21.7,0.0075,,
1.0910,135,95.3,21.7,0.0075,,
1.0995,136,97.0,21.7,0.0075,,
1.1070,137,98.6,21.7,0.0070,,
1.1155,138,100.2,21.7,0.0075,,
1.1235,139,101.8,21.7,0.0075,,
1.1320,140,104.0,21.7,0.0075,,
1.1405,141,105.9,21.7,0.0075,,
1.1490,142,107.6,21.7,0.0075,,
1.1575,143,109.7,21.7,0.0075,,
1.1650,144,112.0,21.7,0.0070,,
1.1735,145,114.7,21.7,0.0075,,
1.1815,146,117.1,21.7,0.0075,,
1.1900,147,119.7,21.7,0.0075,,
1.1985,148,122.4,21.7,0.0075,,
1.2070,149,125.5,21.7,0.0070,,
1.2145,150,128.2,21.7,0.0070,,
1.2230,151,131.7,21.7,0.0075,,
1.2315,152,135.0,21.7,0.0075,,
1.2400,153,138.6,21.7,0.0075,,
1.2480,154,142.8,21.7,0.0075,,
1.2565,155,146.0,21.7,0.0075,,
1.2640,156,149.6,21.7,0.0070,,
1.2725,157,153.1,21.7,0.0075,,
1.2810,158,156.8,21.7,0.0075,,
1.2895,159,160.3,21.7,0.0075,,
1.2980,160,163.1,21.7,0.0075,,
1.3060,161,166.0,21.7,0.0075,,
1.3140,162,168.3,21.7,0.0075,,
1.3220,163,170.9,21.7,0.0075,,
1.3305,164,173.3,21.7,0.0075,,
1.3390,165,175.3,21.7,0.0075,,
1.3475,166,177.2,21.7,0.0075,,
1.3560,167,179.3,21.7,0.0075,,
1.3635,168,180.7,21.7,0.0070,,
1.3720,169,182.6,21.7,0.0075,,
1.3805,170,184.1,21.7,0.0075,,
1.3855,171,185.0,21.7,0.0070,,
1.3855,411,186.8,21.7,0.0000,,
1.3860,412,186.7,21.7,0.0005,,
1.3875,413,186.5,21.7,0.0020,,
1.3900,414,187.0,21.7,0.0030,,
1.3940,415,187.7,21.7,0.0045,,
1.4005,416,188.3,21.7,0.0070,,
1.4085,417,189.3,21.7,0.0090,,
1.4160,418,190.3,21.7,0.0095,,
1.4245,419,191.7,21.7,0.0105,,
1.4330,420,193.0,21.7,0.0105,,
1.4415,421,193.9,21.7,0.0095,,
1.4500,422,194.9,21.7,0.0095,,
1.4585,423,196.1,21.7,0.0095,,
1.4660,424,196.9,21.7,0.0095,,
1.4745,425,197.9,21.7,0.0105,,
1.4825,426,198.7,21.7,0.0100,,
1.4910,427,199.5,21.7,0.0095,,
1.4995,428,200.6,21.7,0.0095,,
1.5080,429,201.4,21.7,0.0095,,
1.5165,430,202.0,21.7,0.0105,,
1.5240,431,202.7,21.7,0.0095,,
1.5325,432,203.3,21.7,0.0105,,
1.5405,433,204.2,21.7,0.0090,,
1.5490,434,204.9,21.7,0.0095,,
1.5575,435,205.5,21.7,0.0095,,
1.5660,436,206.1,21.7,0.0095,,
1.5735,437,206.7,21.7,0.0095,,
1.5820,438,207.5,21.7,0.0105,,
1.5905,439,208.1,21.7,0.0105,,
1.5985,440,208.5,21.7,0.0090,,
1.6070,441,209.2,21.7,0.0095,,
1.6155,442,210.0,21.7,0.0095,,
1.6230,443,210.4,21.7,0.0095,,
1.6315,444,211.0,21.7,0.0105,,
1.6400,445,211.3,21.7,0.0105,,
1.6485,446,211.9,21.7,0.0095,,
1.6570,447,212.6,21.7,0.0095,,
1.6650,448,213.0,21.7,0.0090,,
1.6725,449,213.6,21.7,0.0095,,
1.6810,450,213.8,21.7,0.0105,,
1.6895,451,214.4,21.7,0.0105,,
1.6980,452,215.0,21.7,0.0095,,
1.7065,453,215.4,21.7,0.0095,,
1.7150,454,215.9,21.7,0.0095,,
1.7225,455,216.3,21.7,0.0095,,
1.7310,456,216.9,21.7,0.0105,,
1.7390,457,217.4,21.7,0.0090,,
1.7475,458,217.7,21.7,0.0095,,
1.7560,459,218.0,21.7,0.0095,,
1.7645,460,218.5,21.7,0.0105,,
1.7720,461,219.0,21.7,0.0095,,
1.7805,462,219.3,21.7,0.0105,,
1.7890,463,219.5,21.7,0.0095,,
1.7975,464,219.9,21.7,0.0095,,
1.8060,465,220.4,21.7,0.0095,,
1.8135,466,220.8,21.7,0.0095,,
1.8215,467,221.3,21.7,0.0100,,
1.8300,468,221.3,21.7,0.0105,,
1.8385,469,221.8,21.7,0.0095,,
1.8470,470,222.2,21.7,0.0095,,
1.8555,471,222.4,21.7,0.0095,,
1.8640,472,222.9,21.7,0.0105,,
1.8715,473,223.1,21.7,0.0095,,
1.8800,474,223.5,21.7,0.0105,,
1.8880,475,224.0,21.7,0.0090,,
1.8965,476,224.2,21.7,0.0095,,
1.9050,477,224.4,21.7,0.0095,,
1.9135,478,224.7,21.7,0.0105,,
1.9210,479,225.0,21.7,0.0095,,
1.9295,480,225.5,21.7,0.0105,,
1.9380,481,225.8,21.7,0.0105,,
1.9460,482,226.0,21.7,0.0090,,
1.9545,483,226.4,21.7,0.0095,,
1.9630,484,226.9,21.7,0.0095,,
1.9705,485,227.2,21.7,0.0095,,
1.9790,486,227.5,21.7,0.0105,,
1.9875,487,227.5,21.7,0.0105,,
1.9960,488,227.9,21.7,0.0095,,
2.0040,489,228.3,21.7,0.0090,,
2.0125,490,228.5,21.7,0.0095,,
2.0200,491,228.8,21.7,0.0095,,
2.0285,492,228.9,21.7,0.0105,,
2.0370,493,229.2,21.7,0.0105,,
2.0455,494,229.7,21.7,0.0095,,
2.0540,495,229.8,21.7,0.0095,,
2.0620,496,229.9,21.7,0.0090,,
2.0700,497,230.2,21.7,0.0100,,
2.0780,498,230.5,21.7,0.0100,,
2.0865,499,231.0,21.7,0.0105,,
2.0950,500,231.1,21.7,0.0095,,
2.1035,501,231.1,21.7,0.0095,,
2.1120,502,231.6,21.7,0.0095,,
2.1200,503,231.9,21.7,0.0090,,
2.1280,504,232.0,21.7,0.0100,,
2.1360,505,232.2,21.7,0.0100,,
2.1445,506,232.4,21.7,0.0095,,
2.1530,507,232.8,21.7,0.0095,,
2.1615,508,233.0,21.7,0.0095,,
2.1700,509,233.1,21.7,0.0095,,
2.1775,510,233.4,21.7,0.0095,,
2.1860,511,233.4,21.7,0.0105,,
2.1940,512,234.0,21.7,0.0090,,
2.2020,513,234.1,21.7,0.0090,,
2.2095,514,234.2,21.7,0.0085,,
2.2115,515,234.4,21.7,0.0020,,
2.2120,516,234.4,21.7,0.0005,,
2.2130,517,234.5,21.7,0.0010,,
2.2150,518,234.6,21.7,0.0020,,
2.2170,519,234.4,21.7,0.0020,,
2.2200,520,234.6,21.7,0.0035,,
2.2215,521,234.5,21.7,0.0020,,
2.2220,522,234.8,21.7,0.0005,,
2.2225,523,234.7,21.7,0.0005,,
2.2235,524,234.5,21.7,0.0010,,
2.2250,525,234.6,21.7,0.0015,,
2.2270,526,234.8,21.7,0.0020,,
2.2280,527,234.9,21.7,0.0010,,
2.2280,528,235.0,21.7,0.0000,,
2.2290,529,235.0,21.7,0.0015,,
Scope 1/1, Sample 22/33 (T13)
Result,TitrationEP1
V,t,E,T,dV/dt,E acc. stat.,Volume acc. stat.
0.0000,0,-71.0,21.6,NaN,,
0.0010,1,-71.1,21.6,0.0010,,
0.0025,2,-70.9,21.6,0.0015,,
0.0050,3,-70.9,21.6,0.0025,,
0.0090,4,-70.7,21.6,0.0035,,
0.0150,5,-70.6,21.6,0.0055,,
0.0235,6,-69.7,21.6,0.0075,,
0.0320,7,-68.7,21.6,0.0075,,
0.0405,8,-67.7,21.6,0.0075,,
0.0480,9,-66.5,21.6,0.0070,,
0.0565,10,-65.2,21.6,0.0075,,
0.0650,11,-63.5,21.6,0.0075,,
0.0730,12,-61.8,21.6,0.0075,,
0.0815,13,-60.4,21.6,0.0075,,
0.0900,14,-58.6,21.6,0.0075,,
0.0975,15,-57.0,21.6,0.0075,,
0.1060,16,-54.9,21.6,0.0075,,
0.1145,17,-52.6,21.6,0.0075,,
0.1230,18,-50.6,21.6,0.0075,,
0.1310,19,-48.3,21.6,0.0075,,
0.1395,20,-45.7,21.6,0.0070,,
0.1480,21,-43.4,21.6,0.0085,,
0.1555,22,-40.5,21.6,0.0070,,
0.1640,23,-37.9,21.6,0.0075,,
0.1725,24,-35.0,21.6,0.0075,,
0.1810,25,-31.7,21.6,0.0075,,
0.1895,26,-28.5,21.6,0.0075,,
0.1975,27,-25.5,21.6,0.0075,,
0.2050,28,-22.6,21.6,0.0070,,
0.2135,29,-20.0,21.6,0.0075,,
0.2220,30,-17.3,21.6,0.0075,,
0.2305,31,-14.9,21.6,0.0075,,
0.2390,32,-12.9,21.6,0.0075,,
0.2475,33,-11.0,21.6,0.0075,,
0.2550,34,-9.4,21.6,0.0070,,
0.2635,35,-7.6,21.6,0.0075,,
0.2715,36,-6.0,21.6,0.0075,,
0.2800,37,-4.7,21.6,0.0075,,
0.2885,38,-3.3,21.6,0.0075,,
0.2970,39,-1.9,21.6,0.0075,,
0.3045,40,-0.8,21.6,0.0070,,
0.3130,41,0.4,21.6,0.0075,,
0.3215,42,1.4,21.6,0.0075,,
0.3300,43,2.8,21.6,0.0075,,
0.3380,44,4.1,21.6,0.0075,,
0.3465,45,5.1,21.6,0.0085,,
0.3540,46,6.1,21.6,0.0070,,
0.3625,47,7.1,21.6,0.0075,,
0.3710,48,8.3,21.6,0.0075,,
0.3795,49,9.3,21.6,0.0075,,
0.3880,50,10.2,21.6,0.0075,,
0.3965,51,11.1,21.6,0.0085,,
0.4040,52,11.9,21.6,0.0070,,
0.4120,53,13.1,21.6,0.0075,,
0.4205,54,14.2,21.6,0.0075,,
0.4290,55,14.9,21.6,0.0075,,
0.4375,56,15.8,21.6,0.0075,,
0.4460,57,16.6,21.6,0.0085,,
0.4535,58,17.7,21.6,0.0070,,
0.4620,59,18.7,21.6,0.0075,,
0.4705,60,19.4,21.6,0.0075,,
0.4785,61,20.3,21.6,0.0075,,
0.4870,62,21.3,21.6,0.0075,,
0.4945,63,22.0,21.6,0.0070,,
0.5030,64,22.8,21.6,0.0075,,
0.5115,65,23.5,21.6,0.0075,,
0.5200,66,24.6,21.6,0.0075,,
0.5285,67,25.6,21.6,0.0075,,
0.5370,68,26.3,21.6,0.0075,,
0.5445,69,27.1,21.6,0.0070,,
0.5530,70,27.9,21.6,0.0075,,
0.5610,71,29.0,21.6,0.0075,,
0.5695,72,29.9,21.6,0.0075,,
0.5780,73,30.5,21.6,0.0075,,
0.5865,74,31.5,21.6,0.0075,,
0.5940,75,32.1,21.6,0.0070,,
0.6025,76,33.1,21.6,0.0075,,
0.6110,77,34.1,21.6,0.0075,,
0.6195,78,34.8,21.6,0.0075,,
0.6275,79,35.7,21.6,0.0075,,
0.6360,80,36.8,21.6,0.0075,,
0.6435,81,37.4,21.6,0.0070,,
0.6520,82,38.3,21.6,0.0075,,
0.6605,83,39.1,21.6,0.0075,,
0.6690,84,39.8,21.6,0.0075,,
0.6775,85,41.0,21.6,0.0075,,
0.6855,86,41.9,21.6,0.0075,,
0.6940,87,42.7,21.6,0.0085,,
0.7015,88,43.4,21.6,0.0070,,
0.7100,89,44.4,21.6,0.0075,,
0.7185,90,45.6,21.6,0.0075,,
0.7270,91,46.4,21.6,0.0075,,
0.7355,92,47.2,21.6,0.0075,,
0.7430,93,48.0,21.6,0.0070,,
0.7515,94,49.0,21.6,0.0075,,
0.7595,95,50.1,21.6,0.0075,,
0.7680,96,51.0,21.6,0.0075,,
0.7765,97,51.8,21.6,0.0075,,
0.7850,98,53.0,21.6,0.0075,,
0.7925,99,53.7,21.6,0.0070,,
0.8010,100,54.8,21.6,0.0075,,
0.8095,101,55.6,21.6,0.0075,,
0.8180,102,56.5,21.7,0.0075,,
0.8260,103,57.7,21.6,0.0075,,
0.8345,104,58.7,21.7,0.0075,,
0.8420,105,59.6,21.7,0.0075,,
0.8505,106,60.5,21.7,0.0075,,
0.8590,107,61.5,21.7,0.0075,,
0.8675,108,62.7,21.7,0.0075,,
0.8760,109,63.6,21.7,0.0075,,
0.8845,110,64.5,21.7,0.0075,,
0.8920,111,65.5,21.7,0.0070,,
0.9000,112,66.6,21.7,0.0075,,
0.9085,113,67.7,21.7,0.0075,,
0.9170,114,68.6,21.7,0.0075,,
0.9255,115,69.5,21.7,0.0075,,
0.9340,116,70.8,21.7,0.0075,,
0.9415,117,71.6,21.7,0.0070,,
0.9500,118,73.0,21.7,0.0075,,
0.9585,119,74.0,21.7,0.0075,,
0.9665,120,75.0,21.7,0.0075,,
0.9750,121,76.3,21.7,0.0075,,
0.9835,122,77.5,21.7,0.0075,,
0.9910,123,78.7,21.7,0.0070,,
0.9995,124,79.7,21.7,0.0075,,
1.0080,125,81.0,21.7,0.0075,,
1.0165,126,82.4,21.7,0.0075,,
1.0250,127,83.8,21.7,0.0075,,
1.0330,128,84.9,21.7,0.0075,,
1.0410,129,86.2,21.7,0.0075,,
1.0490,130,87.5,21.7,0.0075,,
1.0575,131,89.2,21.7,0.0075,,
1.0660,132,90.8,21.7,0.0075,,
1.0745,133,92.2,21.7,0.0075,,
1.0830,134,94.0,21.7,0.0075,,
1.0905,135,95.2,21.7,0.0070,,
1.0990,136,97.1,21.7,0.0075,,
1.1070,137,98.8,21.7,0.0075,,
1.1155,138,100.4,21.7,0.0075,,
1.1240,139,102.3,21.7,0.0075,,
1.1325,140,104.5,21.7,0.0075,,
1.1400,141,106.4,21.7,0.0070,,
1.1485,142,108.5,21.7,0.0075,,
1.1570,143,110.5,21.7,0.0075,,
1.1650,144,112.9,21.7,0.0075,,
1.1735,145,115.8,21.7,0.0075,,
1.1820,146,118.2,21.7,0.0075,,
1.1905,147,121.0,21.7,0.0085,,
1.1980,148,123.8,21.7,0.0070,,
1.2065,149,127.3,21.7,0.0075,,
1.2150,150,130.8,21.7,0.0075,,
1.2235,151,134.2,21.7,0.0075,,
1.2315,152,138.0,21.7,0.0075,,
1.2400,153,142.2,21.7,0.0075,,
1.2475,154,145.5,21.7,0.0070,,
1.2560,155,149.6,21.7,0.0075,,
1.2645,156,153.3,21.7,0.0075,,
1.2730,157,156.5,21.7,0.0075,,
1.2815,158,160.0,21.7,0.0075,,
1.2895,159,163.2,21.7,0.0075,,
1.2970,160,165.8,21.7,0.0070,,
1.3055,161,168.6,21.7,0.0075,,
1.3140,162,170.7,21.7,0.0075,,
1.3225,163,173.3,21.7,0.0075,,
1.3310,164,175.6,21.7,0.0075,,
1.3395,165,177.4,21.7,0.0075,,
1.3470,166,179.3,21.7,0.0070,,
1.3555,167,180.9,21.7,0.0075,,
1.3635,168,182.7,21.7,0.0075,,
1.3720,169,184.3,21.7,0.0075,,
1.3780,170,185.2,21.7,0.0075,,
1.3780,410,186.9,21.7,0.0000,,
1.3785,411,186.8,21.7,0.0005,,
1.3800,412,187.0,21.7,0.0015,,
1.3830,413,187.3,21.7,0.0030,,
1.3865,414,187.6,21.7,0.0035,,
1.3930,415,188.6,21.7,0.0065,,
1.4015,416,189.3,21.7,0.0095,,
1.4090,417,190.8,21.7,0.0085,,
1.4175,418,191.8,21.7,0.0095,,
1.4255,419,192.8,21.7,0.0080,,
1.4340,420,194.0,21.7,0.0085,,
1.4425,421,195.2,21.7,0.0085,,
1.4510,422,196.1,21.7,0.0095,,
1.4585,423,197.1,21.7,0.0085,,
1.4670,424,197.9,21.7,0.0095,,
1.4755,425,198.9,21.7,0.0085,,
1.4835,426,199.9,21.7,0.0080,,
1.4920,427,200.6,21.7,0.0085,,
1.5005,428,201.3,21.7,0.0085,,
1.5080,429,202.1,21.7,0.0085,,
1.5165,430,202.9,21.7,0.0095,,
1.5250,431,203.8,21.7,0.0085,,
1.5335,432,204.3,21.7,0.0085,,
1.5420,433,205.0,21.7,0.0085,,
1.5500,434,205.8,21.7,0.0080,,
1.5580,435,206.3,21.7,0.0090,,
1.5660,436,207.1,21.7,0.0090,,
1.5745,437,207.6,21.7,0.0085,,
1.5830,438,208.1,21.7,0.0085,,
1.5915,439,208.9,21.7,0.0085,,
1.6000,440,209.4,21.7,0.0085,,
1.6075,441,210.1,21.7,0.0085,,
1.6160,442,210.4,21.7,0.0095,,
1.6240,443,211.0,21.7,0.0080,,
1.6325,444,211.8,21.7,0.0085,,
1.6410,445,212.3,21.7,0.0085,,
1.6495,446,212.6,21.7,0.0085,,
1.6570,447,213.2,21.7,0.0085,,
1.6655,448,213.6,21.7,0.0095,,
1.6740,449,214.3,21.7,0.0095,,
1.6825,450,214.8,21.7,0.0085,,
1.6905,451,215.2,21.7,0.0080,,
1.6990,452,215.7,21.7,0.0085,,
1.7065,453,216.0,21.7,0.0085,,
1.7150,454,216.7,21.7,0.0095,,
1.7235,455,217.0,21.7,0.0095,,
1.7320,456,217.4,21.7,0.0085,,
1.7405,457,217.9,21.7,0.0085,,
1.7485,458,218.4,21.7,0.0080,,
1.7565,459,218.7,21.7,0.0090,,
1.7645,460,219.0,21.7,0.0090,,
1.7730,461,219.3,21.7,0.0095,,
1.7815,462,219.8,21.7,0.0085,,
1.7900,463,220.4,21.7,0.0085,,
1.7985,464,220.7,21.7,0.0095,,
1.8060,465,220.9,21.7,0.0085,,
1.8145,466,221.2,21.7,0.0095,,
1.8230,467,221.7,21.7,0.0095,,
1.8310,468,222.1,21.7,0.0080,,
1.8395,469,222.2,21.7,0.0085,,
1.8480,470,222.5,21.7,0.0085,,
1.8555,471,222.8,21.7,0.0085,,
1.8640,472,223.4,21.7,0.0095,,
1.8725,473,223.8,21.7,0.0095,,
1.8810,474,223.8,21.7,0.0085,,
1.8890,475,224.2,21.7,0.0080,,
1.8975,476,224.7,21.7,0.0085,,
1.9050,477,224.9,21.7,0.0085,,
1.9135,478,225.3,21.7,0.0095,,
1.9220,479,225.4,21.7,0.0095,,
1.9305,480,225.8,21.7,0.0085,,
1.9390,481,226.2,21.7,0.0085,,
1.9475,482,226.4,21.7,0.0085,,
1.9550,483,226.8,21.7,0.0085,,
1.9630,484,226.9,21.7,0.0090,,
1.9715,485,227.3,21.7,0.0095,,
1.9800,486,227.7,21.7,0.0085,,
1.9885,487,227.9,21.7,0.0085,,
1.9970,488,228.0,21.7,0.0085,,
2.0045,489,228.4,21.7,0.0085,,
2.0130,490,228.8,21.7,0.0095,,
2.0215,491,229.2,21.7,0.0095,,
2.0295,492,229.3,21.7,0.0080,,
2.0380,493,229.5,21.7,0.0085,,
2.0465,494,229.9,21.7,0.0085,,
2.0540,495,230.1,21.7,0.0085,,
2.0625,496,230.6,21.7,0.0095,,
2.0710,497,230.6,21.7,0.0095,,
2.0795,498,230.8,21.7,0.0085,,
2.0875,499,231.2,21.7,0.0080,,
2.0960,500,231.5,21.7,0.0085,,
2.1035,501,231.7,21.7,0.0085,,
2.1120,502,231.8,21.7,0.0095,,
2.1205,503,231.9,21.7,0.0095,,
2.1290,504,232.3,21.7,0.0085,,
2.1375,505,232.7,21.7,0.0085,,
2.1460,506,232.6,21.7,0.0085,,
2.1535,507,232.9,21.7,0.0085,,
2.1620,508,233.0,21.7,0.0095,,
2.1700,509,233.4,21.7,0.0090,,
2.1785,510,233.6,21.7,0.0085,,
2.1860,511,233.7,21.7,0.0075,,
2.1865,512,233.8,21.7,0.0005,,
2.1880,513,233.9,21.7,0.0015,,
2.1895,514,234.0,21.7,0.0015,,
2.1920,515,234.1,21.7,0.0030,,
2.1960,516,234.0,21.7,0.0040,,
2.2015,517,234.3,21.7,0.0055,,
2.2065,518,234.6,21.7,0.0050,,
2.2090,519,234.6,21.7,0.0030,,
2.2105,520,234.6,21.8,0.0015,,
2.2105,521,234.4,21.8,0.0000,,
2.2110,522,234.5,21.8,0.0005,,
2.2115,523,234.7,21.8,0.0005,,
2.2125,524,234.6,21.8,0.0010,,
2.2135,525,234.6,21.7,0.0010,,
2.2150,526,234.5,21.8,0.0015,,
2.2165,527,234.8,21.8,0.0015,,
2.2185,528,234.9,21.8,0.0020,,
2.2195,528,235.0,21.7,0.0020,,
Scope 1/1, Sample 23/33 (T14)
Result,TitrationEP1
V,t,E,T,dV/dt,E acc. stat.,Volume acc. stat.
0.0000,0,-70.6,21.6,NaN,,
0.0010,1,-70.6,21.6,0.0010,,
0.0025,2,-70.7,21.6,0.0015,,
0.0050,3,-70.6,21.6,0.0025,,
0.0090,4,-70.5,21.6,0.0035,,
0.0150,5,-70.1,21.6,0.0055,,
0.0235,6,-69.3,21.6,0.0075,,
0.0320,7,-68.4,21.6,0.0075,,
0.0405,8,-67.1,21.6,0.0075,,
0.0490,9,-65.8,21.6,0.0075,,
0.0565,10,-64.5,21.6,0.0070,,
0.0645,11,-63.0,21.6,0.0075,,
0.0730,12,-61.4,21.6,0.0075,,
0.0815,13,-59.6,21.6,0.0075,,
0.0900,14,-57.8,21.6,0.0075,,
0.0985,15,-56.0,21.6,0.0075,,
0.1060,16,-54.0,21.6,0.0070,,
0.1145,17,-51.9,21.6,0.0075,,
0.1230,18,-49.6,21.6,0.0075,,
0.1310,19,-47.1,21.6,0.0075,,
0.1395,20,-44.5,21.6,0.0075,,
0.1480,21,-41.8,21.6,0.0070,,
0.1555,22,-39.3,21.6,0.0070,,
0.1640,23,-36.3,21.6,0.0075,,
0.1725,24,-33.2,21.6,0.0075,,
0.1810,25,-30.0,21.6,0.0075,,
0.1895,26,-26.8,21.6,0.0075,,
0.1975,27,-24.0,21.6,0.0075,,
0.2055,28,-20.9,21.6,0.0075,,
0.2135,29,-18.2,21.6,0.0075,,
0.2220,30,-15.7,21.6,0.0075,,
0.2305,31,-13.4,21.6,0.0075,,
0.2390,32,-11.3,21.6,0.0075,,
0.2475,33,-9.5,21.6,0.0070,,
0.2550,34,-8.0,21.6,0.0070,,
0.2635,35,-6.4,21.6,0.0075,,
0.2715,36,-4.7,21.6,0.0075,,
0.2800,37,-3.1,21.6,0.0075,,
0.2885,38,-1.9,21.6,0.0075,,
0.2970,39,-0.7,21.6,0.0070,,
0.3045,40,0.3,21.6,0.0070,,
0.3130,41,1.6,21.6,0.0075,,
0.3215,42,2.9,21.6,0.0075,,
0.3300,43,3.9,21.6,0.0075,,
0.3380,44,4.9,21.6,0.0075,,
0.3465,45,6.1,21.6,0.0075,,
0.3540,46,6.9,21.6,0.0070,,
0.3625,47,8.1,21.6,0.0075,,
0.3710,48,9.1,21.6,0.0075,,
0.3795,49,10.0,21.6,0.0075,,
0.3880,50,11.0,21.6,0.0075,,
0.3960,51,12.0,21.7,0.0075,,
0.4040,52,13.0,21.6,0.0075,,
0.4120,53,13.9,21.7,0.0075,,
0.4205,54,14.9,21.6,0.0075,,
0.4290,55,15.9,21.7,0.0075,,
0.4375,56,16.8,21.6,0.0075,,
0.4460,57,17.6,21.7,0.0075,,
0.4535,58,18.5,21.6,0.0070,,
0.4620,59,19.4,21.7,0.0075,,
0.4700,60,20.3,21.7,0.0075,,
0.4785,61,21.1,21.7,0.0075,,
0.4870,62,21.9,21.7,0.0075,,
0.4955,63,22.7,21.7,0.0075,,
0.5040,64,23.4,21.7,0.0075,,
0.5115,65,24.4,21.7,0.0070,,
0.5200,66,25.3,21.7,0.0075,,
0.5280,67,26.1,21.7,0.0075,,
0.5365,68,27.0,21.7,0.0075,,
0.5450,69,27.9,21.7,0.0075,,
0.5535,70,28.7,21.7,0.0075,,
0.5610,71,29.5,21.7,0.0070,,
0.5695,72,30.3,21.7,0.0075,,
0.5780,73,31.2,21.7,0.0075,,
0.5865,74,32.0,21.7,0.0075,,
0.5945,75,32.9,21.7,0.0075,,
0.6025,76,33.7,21.7,0.0075,,
0.6105,77,34.5,21.7,0.0075,,
0.6190,78,35.4,21.7,0.0075,,
0.6275,79,36.4,21.7,0.0075,,
0.6360,80,37.2,21.7,0.0075,,
0.6445,81,38.1,21.7,0.0075,,
0.6520,82,38.8,21.7,0.0070,,
0.6605,83,39.8,21.7,0.0075,,
0.6690,84,40.7,21.7,0.0075,,
0.6770,85,41.5,21.7,0.0075,,
0.6855,86,42.4,21.7,0.0075,,
0.6940,87,43.3,21.7,0.0075,,
0.7015,88,44.1,21.7,0.0070,,
0.7100,89,45.0,21.7,0.0075,,
0.7185,90,45.8,21.7,0.0075,,
0.7270,91,46.8,21.7,0.0075,,
0.7355,92,47.7,21.7,0.0075,,
0.7435,93,48.6,21.7,0.0075,,
0.7510,94,49.5,21.7,0.0070,,
0.7595,95,50.3,21.7,0.0075,,
0.7680,96,51.2,21.7,0.0075,,
0.7765,97,52.2,21.7,0.0075,,
0.7850,98,53.1,21.7,0.0075,,
0.7935,99,54.0,21.7,0.0070,,
0.8010,100,54.9,21.7,0.0070,,
0.8095,101,55.8,21.7,0.0075,,
0.8175,102,56.7,21.7,0.0075,,
0.8260,103,57.7,21.7,0.0075,,
0.8345,104,58.7,21.7,0.0075,,
0.8430,105,59.7,21.7,0.0075,,
0.8505,106,60.6,21.7,0.0070,,
0.8590,107,61.6,21.7,0.0075,,
0.8675,108,62.6,21.7,0.0075,,
0.8755,109,63.7,21.7,0.0075,,
0.8840,110,64.7,21.7,0.0075,,
0.8925,111,65.7,21.7,0.0075,,
0.9000,112,66.5,21.7,0.0070,,
0.9085,113,67.5,21.7,0.0075,,
0.9170,114,68.6,21.7,0.0075,,
0.9255,115,69.7,21.7,0.0075,,
0.9340,116,70.9,21.7,0.0075,,
0.9420,117,71.9,21.7,0.0075,,
0.9500,118,73.0,21.7,0.0075,,
0.9580,119,74.1,21.7,0.0075,,
0.9665,120,75.3,21.7,0.0075,,
0.9750,121,76.3,21.7,0.0075,,
0.9835,122,77.4,21.7,0.0075,,
0.9920,123,78.6,21.7,0.0075,,
1.0000,124,79.7,21.7,0.0075,,
1.0080,125,81.0,21.7,0.0075,,
1.0160,126,82.2,21.7,0.0075,,
1.0245,127,83.6,21.7,0.0075,,
1.0330,128,84.9,21.7,0.0075,,
1.0415,129,86.3,21.7,0.0075,,
1.0500,130,87.6,21.7,0.0075,,
1.0575,131,89.1,21.7,0.0070,,
1.0660,132,90.5,21.7,0.0075,,
1.0740,133,91.9,21.7,0.0075,,
1.0825,134,93.4,21.7,0.0075,,
1.0910,135,94.9,21.7,0.0075,,
1.0995,136,96.5,21.7,0.0075,,
1.1070,137,98.2,21.7,0.0070,,
1.1155,138,100.0,21.7,0.0075,,
1.1240,139,101.9,21.7,0.0075,,
1.1325,140,103.9,21.7,0.0075,,
1.1405,141,105.7,21.7,0.0075,,
1.1490,142,107.6,21.7,0.0075,,
1.1565,143,109.8,21.7,0.0070,,
1.1650,144,112.1,21.7,0.0075,,
1.1735,145,114.6,21.7,0.0075,,
1.1820,146,117.1,21.7,0.0075,,
1.1905,147,119.9,21.7,0.0075,,
1.1980,148,122.4,21.7,0.0070,,
1.2065,149,125.6,21.7,0.0075,,
1.2150,150,128.6,21.7,0.0075,,
1.2230,151,132.2,21.7,0.0075,,
1.2315,152,136.0,21.7,0.0075,,
1.2400,153,139.5,21.7,0.0075,,
1.2485,154,142.7,21.7,0.0075,,
1.2560,155,146.6,21.7,0.0070,,
1.2645,156,150.4,21.7,0.0075,,
1.2730,157,154.1,21.7,0.0075,,
1.2810,158,157.6,21.7,0.0075,,
1.2895,159,160.8,21.7,0.0075,,
1.2980,160,163.5,21.7,0.0075,,
1.3055,161,166.4,21.7,0.0070,,
1.3140,162,169.1,21.7,0.0075,,
1.3225,163,171.5,21.7,0.0075,,
1.3310,164,173.9,21.7,0.0075,,
1.3390,165,176.1,21.7,0.0075,,
1.3475,166,177.9,21.7,0.0070,,
1.3550,167,179.6,21.7,0.0070,,
1.3635,168,181.3,21.7,0.0075,,
1.3720,169,183.0,21.7,0.0075,,
1.3805,170,184.4,21.7,0.0075,,
1.3850,171,185.1,21.7,0.0065,,
1.3850,411,186.8,21.7,0.0000,,
1.3855,412,186.8,21.7,0.0005,,
1.3870,413,186.9,21.7,0.0020,,
1.3895,414,187.3,21.7,0.0030,,
1.3935,415,187.9,21.7,0.0045,,
1.3995,416,188.5,21.7,0.0065,,
1.4075,417,189.5,21.7,0.0090,,
1.4150,418,190.5,21.7,0.0095,,
1.4235,419,191.7,21.7,0.0105,,
1.4320,420,192.9,21.7,0.0105,,
1.4405,421,193.9,21.7,0.0095,,
1.4490,422,194.9,21.7,0.0095,,
1.4575,423,196.0,21.7,0.0095,,
1.4650,424,196.9,21.7,0.0095,,
1.4735,425,197.9,21.7,0.0105,,
1.4815,426,198.7,21.7,0.0100,,
1.4900,427,199.6,21.7,0.0095,,
1.4985,428,200.4,21.7,0.0095,,
1.5070,429,201.2,21.7,0.0095,,
1.5145,430,201.9,21.7,0.0095,,
1.5230,431,202.7,21.7,0.0105,,
1.5315,432,203.5,21.7,0.0105,,
1.5400,433,204.2,21.7,0.0095,,
1.5480,434,204.9,21.7,0.0090,,
1.5565,435,205.5,21.7,0.0095,,
1.5640,436,206.2,21.7,0.0095,,
1.5725,437,206.8,21.7,0.0105,,
1.5810,438,207.5,21.7,0.0095,,
1.5895,439,208.2,21.7,0.0095,,
1.5980,440,208.7,21.7,0.0095,,
1.6065,441,209.3,21.7,0.0105,,
1.6140,442,209.9,21.7,0.0095,,
1.6225,443,210.4,21.7,0.0105,,
1.6305,444,211.0,21.7,0.0090,,
1.6390,445,211.5,21.7,0.0095,,
1.6475,446,212.0,21.7,0.0095,,
1.6560,447,212.6,21.7,0.0105,,
1.6635,448,213.1,21.7,0.0095,,
1.6720,449,213.5,21.7,0.0105,,
1.6805,450,214.0,21.7,0.0095,,
1.6885,451,214.5,21.7,0.0090,,
1.6970,452,215.1,21.7,0.0095,,
1.7055,453,215.4,21.7,0.0095,,
1.7130,454,216.0,21.7,0.0095,,
1.7215,455,216.3,21.7,0.0095,,
1.7300,456,216.8,21.7,0.0095,,
1.7385,457,217.1,21.7,0.0095,,
1.7470,458,217.6,21.7,0.0095,,
1.7550,459,218.0,21.7,0.0100,,
1.7630,460,218.4,21.7,0.0100,,
1.7710,461,218.8,21.7,0.0100,,
1.7795,462,219.1,21.7,0.0095,,
1.7880,463,219.6,21.7,0.0095,,
1.7965,464,220.0,21.7,0.0095,,
1.8050,465,220.4,21.7,0.0105,,
1.8125,466,220.8,21.7,0.0095,,
1.8210,467,221.3,21.7,0.0105,,
1.8290,468,221.6,21.7,0.0090,,
1.8375,469,221.9,21.7,0.0095,,
1.8460,470,222.2,21.7,0.0095,,
1.8545,471,222.6,21.7,0.0095,,
1.8620,472,222.9,21.7,0.0095,,
1.8705,473,223.2,21.7,0.0105,,
1.8790,474,223.5,21.7,0.0105,,
1.8875,475,223.8,21.7,0.0095,,
1.8955,476,224.2,21.7,0.0090,,
1.9040,477,224.4,21.7,0.0095,,
1.9115,478,224.9,21.7,0.0095,,
1.9200,479,225.2,21.7,0.0105,,
1.9285,480,225.5,21.7,0.0105,,
1.9370,481,225.9,21.7,0.0095,,
1.9455,482,226.1,21.7,0.0095,,
1.9535,483,226.4,21.7,0.0090,,
1.9615,484,226.7,21.7,0.0100,,
1.9695,485,227.1,21.7,0.0100,,
1.9780,486,227.4,21.7,0.0105,,
1.9865,487,227.6,21.7,0.0095,,
1.9950,488,227.9,21.7,0.0095,,
2.0035,489,228.2,21.7,0.0095,,
2.0110,490,228.5,21.7,0.0095,,
2.0195,491,228.8,21.7,0.0105,,
2.0280,492,229.0,21.7,0.0105,,
2.0360,493,229.3,21.7,0.0090,,
2.0445,494,229.6,21.7,0.0095,,
2.0530,495,229.7,21.7,0.0095,,
2.0605,496,230.0,21.7,0.0095,,
2.0690,497,230.3,21.7,0.0105,,
2.0775,498,230.6,21.7,0.0095,,
2.0860,499,230.9,21.7,0.0095,,
2.0940,500,231.0,21.7,0.0090,,
2.1025,501,231.3,21.7,0.0095,,
2.1100,502,231.4,21.8,0.0095,,
2.1185,503,231.7,21.7,0.0105,,
2.1270,504,231.9,21.8,0.0105,,
2.1355,505,232.1,21.7,0.0095,,
2.1440,506,232.3,21.8,0.0095,,
2.1520,507,232.6,21.7,0.0090,,
2.1600,508,232.9,21.7,0.0100,,
2.1680,509,233.1,21.8,0.0100,,
2.1765,510,233.3,21.7,0.0105,,
2.1850,511,233.6,21.7,0.0095,,
2.1935,512,233.9,21.7,0.0095,,
2.2010,513,234.1,21.7,0.0085,,
2.2080,514,234.2,21.8,0.0085,,
2.2115,515,234.3,21.8,0.0045,,
2.2120,516,234.3,21.8,0.0005,,
2.2135,517,234.4,21.8,0.0015,,
2.2155,518,234.4,21.8,0.0020,,
2.2185,519,234.5,21.8,0.0035,,
2.2225,520,234.5,21.8,0.0050,,
2.2255,521,234.6,21.8,0.0035,,
2.2265,522,234.8,21.8,0.0010,,
2.2275,523,234.9,21.8,0.0010,,
2.2280,524,234.8,21.8,0.0005,,
2.2295,525,234.8,21.8,0.0015,,
2.2310,526,234.9,21.8,0.0015,,
2.2330,527,234.9,21.8,0.0025,,
2.2350,527,235.0,21.8,0.0050,,
Scope 1/1, Sample 24/33 (T15)
Result,TitrationEP1
V,t,E,T,dV/dt,E acc. stat.,Volume acc. stat.
0.0000,0,-70.8,21.6,NaN,,
0.0010,1,-70.8,21.6,0.0010,,
0.0025,2,-70.8,21.6,0.0015,,
0.0050,3,-70.7,21.6,0.0020,,
0.0090,4,-70.6,21.6,0.0035,,
0.0155,5,-70.4,21.6,0.0060,,
0.0230,6,-69.9,21.6,0.0070,,
0.0315,7,-69.0,21.7,0.0075,,
0.0400,8,-67.7,21.6,0.0075,,
0.0485,9,-66.5,21.6,0.0070,,
0.0565,10,-65.2,21.7,0.0065,,
0.0645,11,-63.9,21.6,0.0075,,
0.0725,12,-62.2,21.7,0.0075,,
0.0810,13,-60.5,21.6,0.0075,,
0.0895,14,-58.9,21.7,0.0075,,
0.0980,15,-57.2,21.6,0.0070,,
0.1065,16,-55.1,21.6,0.0070,,
0.1150,17,-53.3,21.7,0.0075,,
0.1225,18,-50.9,21.6,0.0070,,
0.1310,19,-48.9,21.6,0.0075,,
0.1390,20,-46.5,21.7,0.0075,,
0.1475,21,-43.8,21.7,0.0075,,
0.1560,22,-41.2,21.6,0.0070,,
0.1645,23,-38.4,21.7,0.0070,,
0.1720,24,-35.6,21.7,0.0070,,
0.1805,25,-32.7,21.6,0.0075,,
0.1890,26,-29.7,21.6,0.0075,,
0.1970,27,-26.6,21.7,0.0075,,
0.2055,28,-24.0,21.7,0.0070,,
0.2140,29,-21.3,21.7,0.0070,,
0.2215,30,-19.2,21.7,0.0070,,
0.2300,31,-16.7,21.7,0.0075,,
0.2385,32,-14.6,21.7,0.0075,,
0.2470,33,-12.8,21.7,0.0075,,
0.2550,34,-11.0,21.7,0.0065,,
0.2635,35,-9.2,21.7,0.0070,,
0.2710,36,-7.8,21.7,0.0070,,
0.2795,37,-6.1,21.7,0.0075,,
0.2880,38,-4.9,21.7,0.0075,,
0.2965,39,-3.6,21.7,0.0075,,
0.3050,40,-2.3,21.7,0.0070,,
0.3130,41,-1.2,21.7,0.0065,,
0.3210,42,-0.1,21.7,0.0075,,
0.3290,43,0.9,21.7,0.0075,,
0.3375,44,2.1,21.7,0.0075,,
0.3460,45,3.4,21.7,0.0075,,
0.3545,46,4.4,21.7,0.0070,,
0.3630,47,5.4,21.7,0.0070,,
0.3705,48,6.4,21.7,0.0070,,
0.3790,49,7.4,21.7,0.0075,,
0.3875,50,8.6,21.7,0.0075,,
0.3955,51,9.4,21.7,0.0075,,
0.4040,52,10.5,21.7,0.0070,,
0.4125,53,11.6,21.7,0.0070,,
0.4200,54,12.3,21.7,0.0070,,
0.4285,55,13.4,21.7,0.0075,,
0.4370,56,14.2,21.7,0.0075,,
0.4455,57,15.1,21.7,0.0075,,
0.4535,58,16.1,21.7,0.0065,,
0.4620,59,17.1,21.7,0.0070,,
0.4695,60,18.0,21.7,0.0070,,
0.4780,61,18.7,21.7,0.0075,,
0.4865,62,19.6,21.7,0.0075,,
0.4950,63,20.6,21.7,0.0075,,
0.5035,64,21.4,21.7,0.0070,,
0.5120,65,22.3,21.7,0.0075,,
0.5195,66,23.1,21.7,0.0070,,
0.5280,67,24.0,21.7,0.0075,,
0.5360,68,24.9,21.7,0.0075,,
0.5445,69,25.7,21.7,0.0075,,
0.5530,70,26.5,21.7,0.0070,,
0.5615,71,27.3,21.7,0.0075,,
0.5690,72,28.4,21.7,0.0070,,
0.5775,73,29.3,21.7,0.0075,,
0.5860,74,30.1,21.7,0.0075,,
0.5940,75,30.9,21.7,0.0075,,
0.6025,76,31.9,21.7,0.0070,,
0.6110,77,32.9,21.7,0.0070,,
0.6185,78,33.7,21.7,0.0070,,
0.6270,79,34.5,21.7,0.0075,,
0.6355,80,35.3,21.7,0.0075,,
0.6440,81,36.3,21.7,0.0075,,
0.6525,82,37.2,21.7,0.0070,,
0.6605,83,38.0,21.7,0.0065,,
0.6685,84,38.8,21.7,0.0075,,
0.6765,85,39.5,21.7,0.0075,,
0.6850,86,40.6,21.7,0.0075,,
0.6935,87,41.6,21.7,0.0075,,
0.7020,88,42.4,21.7,0.0070,,
0.7105,89,43.3,21.7,0.0070,,
0.7180,90,44.0,21.7,0.0070,,
0.7265,91,45.0,21.7,0.0075,,
0.7345,92,46.0,21.7,0.0075,,
0.7430,93,46.8,21.7,0.0075,,
0.7515,94,47.7,21.7,0.0070,,
0.7600,95,48.8,21.7,0.0070,,
0.7675,96,49.6,21.7,0.0070,,
0.7760,97,50.6,21.7,0.0075,,
0.7845,98,51.4,21.7,0.0075,,
0.7930,99,52.3,21.7,0.0075,,
0.8010,100,53.4,21.7,0.0065,,
0.8095,101,54.3,21.7,0.0070,,
0.8170,102,55.3,21.7,0.0070,,
0.8255,103,56.0,21.7,0.0075,,
0.8340,104,57.1,21.7,0.0075,,
0.8425,105,58.2,21.7,0.0075,,
0.8510,106,59.0,21.7,0.0070,,
0.8590,107,59.9,21.7,0.0065,,
0.8670,108,60.9,21.7,0.0075,,
0.8750,109,62.0,21.7,0.0075,,
0.8835,110,63.1,21.7,0.0075,,
0.8920,111,64.0,21.7,0.0075,,
0.9005,112,64.9,21.7,0.0070,,
0.9090,113,66.2,21.7,0.0070,,
0.9165,114,67.1,21.7,0.0070,,
0.9250,115,68.2,21.7,0.0075,,
0.9335,116,69.1,21.7,0.0075,,
0.9415,117,70.2,21.7,0.0075,,
0.9500,118,71.4,21.7,0.0070,,
0.9585,119,72.4,21.7,0.0070,,
0.9660,120,73.5,21.7,0.0070,,
0.9745,121,74.5,21.7,0.0075,,
0.9830,122,75.7,21.7,0.0075,,
0.9915,123,77.0,21.7,0.0075,,
1.0000,124,78.1,21.7,0.0070,,
1.0080,125,79.1,21.7,0.0065,,
1.0160,126,80.3,21.7,0.0075,,
1.0240,127,81.6,21.7,0.0075,,
1.0325,128,83.1,21.7,0.0075,,
1.0410,129,84.4,21.7,0.0075,,
1.0495,130,85.7,21.7,0.0070,,
1.0580,131,87.4,21.7,0.0070,,
1.0655,132,88.6,21.7,0.0070,,
1.0740,133,90.1,21.7,0.0075,,
1.0820,134,91.6,21.7,0.0075,,
1.0905,135,93.0,21.7,0.0075,,
1.0990,136,94.7,21.7,0.0070,,
1.1075,137,96.6,21.7,0.0070,,
1.1150,138,98.1,21.7,0.0070,,
1.1235,139,99.8,21.7,0.0075,,
1.1320,140,101.6,21.7,0.0075,,
1.1400,141,103.6,21.7,0.0075,,
1.1485,142,105.8,21.7,0.0070,,
1.1570,143,107.8,21.7,0.0070,,
1.1645,144,110.0,21.7,0.0070,,
1.1730,145,112.2,21.7,0.0075,,
1.1815,146,114.7,21.7,0.0075,,
1.1900,147,117.6,21.7,0.0075,,
1.1985,148,120.3,21.7,0.0070,,
1.2065,149,123.5,21.7,0.0065,,
1.2140,150,126.5,21.7,0.0070,,
1.2225,151,129.9,21.7,0.0075,,
1.2310,152,133.7,21.7,0.0075,,
1.2395,153,137.1,21.7,0.0075,,
1.2480,154,141.1,21.7,0.0070,,
1.2565,155,144.9,21.7,0.0070,,
1.2645,156,148.5,21.7,0.0075,,
1.2725,157,152.3,21.7,0.0075,,
1.2805,158,156.1,21.7,0.0075,,
1.2890,159,159.5,21.7,0.0075,,
1.2975,160,162.5,21.7,0.0075,,
1.3060,161,165.6,21.7,0.0070,,
1.3145,162,168.2,21.7,0.0075,,
1.3220,163,170.6,21.7,0.0070,,
1.3305,164,173.0,21.7,0.0075,,
1.3385,165,175.2,21.7,0.0075,,
1.3470,166,177.2,21.7,0.0070,,
1.3555,167,179.0,21.7,0.0070,,
1.3630,168,180.7,21.7,0.0070,,
1.3715,169,182.5,21.7,0.0075,,
1.3800,170,184.2,21.7,0.0075,,
1.3880,171,185.3,21.7,0.0075,,
1.3880,411,187.1,21.7,0.0000,,
1.3885,412,187.3,21.7,0.0005,,
1.3900,413,187.3,21.7,0.0010,,
1.3925,414,187.4,21.7,0.0020,,
1.3965,415,187.9,21.7,0.0030,,
1.4030,416,188.8,21.7,0.0050,,
1.4110,417,189.7,21.7,0.0060,,
1.4190,418,190.8,21.7,0.0065,,
1.4270,419,191.8,21.7,0.0065,,
1.4355,420,193.1,21.7,0.0070,,
1.4440,421,194.2,21.7,0.0065,,
1.4525,422,195.1,21.7,0.0065,,
1.4610,423,196.2,21.7,0.0065,,
1.4685,424,197.0,21.7,0.0060,,
1.4770,425,198.1,21.7,0.0070,,
1.4855,426,198.9,21.7,0.0065,,
1.4935,427,199.7,21.7,0.0060,,
1.5020,428,200.7,21.7,0.0065,,
1.5105,429,201.6,21.7,0.0065,,
1.5180,430,202.2,21.7,0.0060,,
1.5265,431,203.1,21.7,0.0070,,
1.5350,432,203.6,21.7,0.0065,,
1.5435,433,204.4,21.7,0.0065,,
1.5515,434,205.2,21.7,0.0060,,
1.5600,435,205.8,21.7,0.0065,,
1.5675,436,206.4,21.7,0.0060,,
1.5760,437,207.0,21.7,0.0070,,
1.5845,438,207.5,21.7,0.0070,,
1.5930,439,208.3,21.7,0.0065,,
1.6015,440,208.8,21.7,0.0065,,
1.6095,441,209.3,21.7,0.0060,,
1.6175,442,209.9,21.7,0.0065,,
1.6255,443,210.5,21.7,0.0065,,
1.6340,444,211.2,21.7,0.0070,,
1.6425,445,211.6,21.7,0.0065,,
1.6510,446,212.1,21.7,0.0065,,
1.6595,447,212.8,21.8,0.0065,,
1.6670,448,213.0,21.7,0.0060,,
1.6755,449,213.6,21.7,0.0070,,
1.6835,450,214.1,21.7,0.0065,,
1.6920,451,214.5,21.7,0.0065,,
1.7005,452,215.0,21.7,0.0065,,
1.7090,453,215.6,21.7,0.0065,,
1.7165,454,216.0,21.7,0.0060,,
1.7250,455,216.4,21.7,0.0070,,
1.7335,456,216.7,21.7,0.0070,,
1.7420,457,217.3,21.7,0.0065,,
1.7500,458,217.7,21.7,0.0060,,
1.7585,459,218.0,21.7,0.0065,,
1.7660,460,218.4,21.8,0.0060,,
1.7745,461,218.8,21.7,0.0070,,
1.7830,462,219.3,21.7,0.0070,,
1.7915,463,219.8,21.8,0.0065,,
1.8000,464,220.0,21.7,0.0065,,
1.8080,465,220.4,21.8,0.0060,,
1.8160,466,220.6,21.8,0.0065,,
1.8240,467,221.1,21.8,0.0065,,
1.8325,468,221.5,21.8,0.0070,,
1.8410,469,221.9,21.8,0.0065,,
1.8495,470,222.3,21.8,0.0065,,
1.8580,471,222.8,21.8,0.0065,,
1.8655,472,223.0,21.8,0.0060,,
1.8740,473,223.4,21.8,0.0070,,
1.8825,474,223.5,21.8,0.0070,,
1.8905,475,223.8,21.8,0.0060,,
1.8990,476,224.3,21.8,0.0065,,
1.9075,477,224.6,21.8,0.0065,,
1.9160,478,224.9,21.8,0.0070,,
1.9235,479,225.1,21.8,0.0060,,
1.9320,480,225.4,21.8,0.0070,,
1.9405,481,225.8,21.8,0.0065,,
1.9485,482,226.1,21.8,0.0060,,
1.9570,483,226.2,21.8,0.0065,,
1.9655,484,226.6,21.8,0.0070,,
1.9730,485,226.9,21.8,0.0060,,
1.9815,486,227.3,21.8,0.0070,,
1.9900,487,227.6,21.8,0.0065,,
1.9985,488,227.7,21.8,0.0065,,
2.0065,489,228.1,21.8,0.0060,,
2.0150,490,228.2,21.8,0.0070,,
2.0225,491,228.7,21.8,0.0060,,
2.0310,492,228.9,21.8,0.0065,,
2.0395,493,229.1,21.8,0.0065,,
2.0480,494,229.4,21.8,0.0065,,
2.0565,495,229.7,21.8,0.0065,,
2.0645,496,230.0,21.8,0.0060,,
2.0725,497,230.3,21.8,0.0065,,
2.0805,498,230.5,21.8,0.0065,,
2.0890,499,230.7,21.8,0.0070,,
2.0975,500,231.2,21.8,0.0065,,
2.1060,501,231.3,21.8,0.0065,,
2.1145,502,231.5,21.8,0.0065,,
2.1225,503,231.8,21.8,0.0065,,
2.1305,504,232.0,21.8,0.0065,,
2.1385,505,232.4,21.8,0.0065,,
2.1470,506,232.6,21.8,0.0065,,
2.1555,507,232.7,21.8,0.0065,,
2.1640,508,233.0,21.8,0.0065,,
2.1725,509,233.3,21.8,0.0065,,
2.1800,510,233.5,21.8,0.0060,,
2.1885,511,233.7,21.8,0.0070,,
2.1965,512,233.8,21.8,0.0060,,
2.2050,513,234.1,21.8,0.0065,,
2.2110,514,234.4,21.8,0.0045,,
2.2145,515,234.4,21.8,0.0025,,
2.2160,516,234.4,21.8,0.0010,,
2.2170,517,234.3,21.8,0.0010,,
2.2175,518,234.3,21.8,0.0005,,
2.2185,519,234.6,21.8,0.0010,,
2.2200,520,234.5,21.8,0.0010,,
2.2210,521,234.5,21.8,0.0010,,
2.2220,522,234.4,21.8,0.0010,,
2.2235,523,234.5,21.8,0.0010,,
2.2245,524,234.7,21.8,0.0010,,
2.2250,525,234.6,21.8,0.0005,,
2.2260,526,234.5,21.8,0.0010,,
2.2265,527,234.7,21.8,0.0005,,
2.2270,528,234.7,21.8,0.0005,,
2.2285,529,234.9,21.8,0.0010,,
2.2300,530,234.7,21.8,0.0010,,
2.2315,531,234.7,21.8,0.0010,,
2.2345,532,234.9,21.8,0.0025,,
2.2365,533,235.1,21.8,0.0020,,
Scope 1/1, Sample 25/33 (T16)
Result,TitrationEP1
V,t,E,T,dV/dt,E acc. stat.,Volume acc. stat.
0.0000,0,-71.4,21.6,NaN,,
0.0010,1,-71.4,21.6,0.0010,,
0.0025,2,-71.2,21.6,0.0015,,
0.0050,3,-71.4,21.6,0.0020,,
0.0090,4,-71.2,21.6,0.0035,,
0.0150,5,-71.1,21.6,0.0055,,
0.0235,6,-70.5,21.6,0.0075,,
0.0320,7,-69.5,21.6,0.0075,,
0.0405,8,-68.7,21.6,0.0075,,
0.0490,9,-67.5,21.6,0.0075,,
0.0565,10,-66.2,21.6,0.0070,,
0.0650,11,-64.7,21.6,0.0075,,
0.0730,12,-63.1,21.6,0.0075,,
0.0815,13,-61.5,21.6,0.0075,,
0.0900,14,-59.9,21.6,0.0075,,
0.0985,15,-58.4,21.6,0.0075,,
0.1060,16,-56.4,21.7,0.0070,,
0.1145,17,-54.5,21.7,0.0075,,
0.1230,18,-52.6,21.7,0.0075,,
0.1315,19,-50.2,21.7,0.0075,,
0.1395,20,-47.7,21.7,0.0075,,
0.1475,21,-45.6,21.7,0.0075,,
0.1555,22,-43.0,21.7,0.0075,,
0.1640,23,-40.3,21.7,0.0075,,
0.1725,24,-37.3,21.7,0.0075,,
0.1810,25,-34.3,21.7,0.0075,,
0.1895,26,-31.4,21.7,0.0075,,
0.1970,27,-28.6,21.7,0.0070,,
0.2055,28,-25.9,21.7,0.0075,,
0.2135,29,-22.9,21.7,0.0075,,
0.2220,30,-20.3,21.7,0.0075,,
0.2305,31,-18.0,21.7,0.0075,,
0.2390,32,-15.8,21.7,0.0075,,
0.2465,33,-14.2,21.7,0.0070,,
0.2550,34,-12.2,21.7,0.0075,,
0.2635,35,-10.4,21.7,0.0075,,
0.2720,36,-9.0,21.7,0.0075,,
0.2800,37,-7.5,21.7,0.0075,,
0.2885,38,-5.9,21.7,0.0075,,
0.2960,39,-4.7,21.7,0.0070,,
0.3045,40,-3.3,21.7,0.0075,,
0.3130,41,-2.3,21.7,0.0075,,
0.3215,42,-1.1,21.7,0.0075,,
0.3300,43,0.2,21.7,0.0075,,
0.3380,44,1.2,21.7,0.0075,,
0.3460,45,2.3,21.7,0.0075,,
0.3540,46,3.3,21.7,0.0075,,
0.3625,47,4.3,21.7,0.0075,,
0.3710,48,5.5,21.7,0.0075,,
0.3795,49,6.4,21.7,0.0075,,
0.3880,50,7.4,21.7,0.0075,,
0.3955,51,8.3,21.7,0.0070,,
0.4040,52,9.3,21.7,0.0075,,
0.4125,53,10.3,21.7,0.0075,,
0.4205,54,11.3,21.7,0.0075,,
0.4290,55,12.0,21.7,0.0075,,
0.4375,56,13.0,21.7,0.0075,,
0.4450,57,13.7,21.7,0.0070,,
0.4535,58,14.8,21.7,0.0075,,
0.4620,59,15.6,21.7,0.0075,,
0.4705,60,16.3,21.7,0.0075,,
0.4785,61,17.4,21.7,0.0075,,
0.4870,62,18.2,21.7,0.0075,,
0.4945,63,19.0,21.7,0.0070,,
0.5030,64,19.9,21.7,0.0075,,
0.5115,65,20.5,21.7,0.0075,,
0.5200,66,21.5,21.7,0.0075,,
0.5285,67,22.3,21.7,0.0075,,
0.5370,68,23.0,21.7,0.0075,,
0.5445,69,23.8,21.7,0.0070,,
0.5530,70,24.6,21.7,0.0075,,
0.5610,71,25.7,21.7,0.0075,,
0.5695,72,26.5,21.7,0.0075,,
0.5780,73,27.3,21.7,0.0075,,
0.5865,74,28.1,21.7,0.0085,,
0.5940,75,29.1,21.7,0.0070,,
0.6025,76,30.0,21.7,0.0075,,
0.6110,77,30.8,21.7,0.0075,,
0.6195,78,31.5,21.7,0.0075,,
0.6275,79,32.5,21.7,0.0075,,
0.6360,80,33.3,21.7,0.0075,,
0.6435,81,34.2,21.7,0.0070,,
0.6520,82,35.0,21.7,0.0075,,
0.6605,83,35.7,21.7,0.0075,,
0.6690,84,36.8,21.7,0.0075,,
0.6775,85,37.6,21.7,0.0075,,
0.6855,86,38.3,21.7,0.0075,,
0.6935,87,39.1,21.7,0.0075,,
0.7015,88,39.9,21.7,0.0075,,
0.7100,89,40.9,21.7,0.0075,,
0.7185,90,41.9,21.7,0.0075,,
0.7270,91,42.6,21.7,0.0075,,
0.7355,92,43.5,21.7,0.0075,,
0.7430,93,44.2,21.7,0.0070,,
0.7515,94,45.2,21.7,0.0075,,
0.7595,95,46.2,21.7,0.0075,,
0.7680,96,47.0,21.7,0.0075,,
0.7765,97,47.9,21.7,0.0075,,
0.7850,98,49.1,21.7,0.0075,,
0.7925,99,49.8,21.7,0.0070,,
0.8010,100,50.8,21.7,0.0075,,
0.8095,101,51.6,21.7,0.0075,,
0.8180,102,52.6,21.7,0.0075,,
0.8260,103,53.7,21.7,0.0075,,
0.8345,104,54.5,21.7,0.0075,,
0.8420,105,55.5,21.7,0.0070,,
0.8505,106,56.2,21.7,0.0075,,
0.8590,107,57.3,21.7,0.0075,,
0.8675,108,58.4,21.7,0.0075,,
0.8760,109,59.3,21.7,0.0075,,
0.8845,110,60.1,21.7,0.0075,,
0.8920,111,61.2,21.7,0.0070,,
0.9000,112,62.3,21.7,0.0075,,
0.9085,113,63.6,21.7,0.0075,,
0.9170,114,64.6,21.7,0.0075,,
0.9255,115,65.4,21.7,0.0075,,
0.9340,116,66.6,21.7,0.0075,,
0.9420,117,67.3,21.7,0.0075,,
0.9500,118,68.7,21.7,0.0075,,
0.9580,119,69.7,21.7,0.0075,,
0.9665,120,70.7,21.7,0.0075,,
0.9750,121,72.0,21.7,0.0075,,
0.9835,122,73.2,21.7,0.0075,,
0.9920,123,74.3,21.7,0.0085,,
0.9995,124,75.4,21.7,0.0070,,
1.0080,125,76.5,21.7,0.0075,,
1.0165,126,77.9,21.7,0.0075,,
1.0245,127,79.2,21.7,0.0075,,
1.0330,128,80.2,21.7,0.0075,,
1.0415,129,81.6,21.7,0.0085,,
1.0490,130,82.8,21.7,0.0070,,
1.0575,131,84.3,21.7,0.0075,,
1.0660,132,85.8,21.7,0.0075,,
1.0745,133,86.9,21.7,0.0075,,
1.0830,134,88.3,21.7,0.0075,,
1.0910,135,89.6,21.7,0.0075,,
1.0990,136,91.4,21.7,0.0075,,
1.1070,137,93.1,21.7,0.0075,,
1.1155,138,94.7,21.7,0.0075,,
1.1240,139,96.4,21.7,0.0075,,
1.1325,140,98.4,21.7,0.0075,,
1.1410,141,100.2,21.7,0.0075,,
1.1485,142,102.1,21.7,0.0070,,
1.1570,143,103.9,21.7,0.0075,,
1.1650,144,106.1,21.7,0.0075,,
1.1735,145,108.4,21.7,0.0075,,
1.1820,146,110.5,21.7,0.0075,,
1.1905,147,112.9,21.7,0.0075,,
1.1980,148,115.5,21.7,0.0070,,
1.2065,149,118.3,21.7,0.0075,,
1.2150,150,121.4,21.7,0.0075,,
1.2235,151,124.3,21.7,0.0075,,
1.2315,152,127.6,21.7,0.0075,,
1.2395,153,131.0,21.7,0.0075,,
1.2475,154,134.9,21.7,0.0075,,
1.2560,155,138.8,21.7,0.0075,,
1.2645,156,142.6,21.7,0.0075,,
1.2730,157,146.2,21.7,0.0075,,
1.2815,158,150.4,21.7,0.0075,,
1.2895,159,153.5,21.7,0.0075,,
1.2975,160,157.5,21.7,0.0075,,
1.3055,161,160.5,21.7,0.0075,,
1.3140,162,163.5,21.7,0.0075,,
1.3225,163,166.6,21.7,0.0075,,
1.3310,164,169.3,21.7,0.0075,,
1.3395,165,171.5,21.7,0.0075,,
1.3470,166,173.8,21.7,0.0070,,
1.3555,167,175.8,21.7,0.0075,,
1.3635,168,178.0,21.7,0.0075,,
1.3720,169,179.8,21.7,0.0075,,
1.3805,170,181.2,21.7,0.0075,,
1.3890,171,183.0,21.7,0.0085,,
1.3965,172,184.5,21.7,0.0070,,
1.4010,173,185.1,21.7,0.0075,,
1.4010,413,187.0,21.7,0.0000,,
1.4015,414,187.2,21.7,0.0005,,
1.4030,415,187.2,21.7,0.0020,,
1.4055,416,187.3,21.7,0.0030,,
1.4095,417,187.9,21.7,0.0050,,
1.4160,418,188.7,21.7,0.0080,,
1.4245,419,189.4,21.7,0.0120,,
1.4320,420,190.7,21.7,0.0105,,
1.4405,421,191.6,21.7,0.0120,,
1.4485,422,192.7,21.7,0.0100,,
1.4570,423,194.0,21.7,0.0105,,
1.4655,424,194.9,21.7,0.0105,,
1.4740,425,195.8,21.7,0.0105,,
1.4815,426,196.6,21.7,0.0105,,
1.4900,427,197.6,21.7,0.0120,,
1.4985,428,198.7,21.7,0.0120,,
1.5065,429,199.5,21.7,0.0100,,
1.5150,430,200.2,21.7,0.0105,,
1.5235,431,201.1,21.7,0.0105,,
1.5310,432,201.6,21.7,0.0105,,
1.5395,433,202.6,21.7,0.0120,,
1.5480,434,203.3,21.7,0.0120,,
1.5565,435,203.8,21.7,0.0105,,
1.5645,436,204.6,21.7,0.0100,,
1.5730,437,205.5,21.7,0.0105,,
1.5805,438,206.1,21.7,0.0105,,
1.5890,439,206.7,21.7,0.0120,,
1.5975,440,207.2,21.7,0.0120,,
1.6060,441,208.0,21.7,0.0105,,
1.6145,442,208.8,21.7,0.0105,,
1.6225,443,209.2,21.7,0.0100,,
1.6310,444,209.9,21.7,0.0120,,
1.6385,445,210.3,21.7,0.0105,,
1.6470,446,210.9,21.7,0.0120,,
1.6555,447,211.7,21.7,0.0105,,
1.6640,448,211.9,21.7,0.0105,,
1.6725,449,212.2,21.7,0.0105,,
1.6805,450,212.9,21.7,0.0100,,
1.6885,451,213.3,21.7,0.0115,,
1.6965,452,214.0,21.7,0.0115,,
1.7050,453,214.4,21.7,0.0105,,
1.7135,454,214.7,21.7,0.0105,,
1.7220,455,215.4,21.7,0.0105,,
1.7305,456,215.9,21.7,0.0105,,
1.7380,457,216.3,21.7,0.0105,,
1.7465,458,216.6,21.7,0.0120,,
1.7550,459,217.0,21.7,0.0105,,
1.7630,460,217.6,21.7,0.0100,,
1.7715,461,218.0,21.7,0.0105,,
1.7800,462,218.5,21.7,0.0120,,
1.7875,463,218.7,21.7,0.0105,,
1.7960,464,219.0,21.7,0.0120,,
1.8045,465,219.6,21.7,0.0105,,
1.8130,466,220.0,21.7,0.0105,,
1.8210,467,220.2,21.7,0.0100,,
1.8295,468,220.6,21.7,0.0120,,
1.8370,469,220.9,21.7,0.0105,,
1.8455,470,221.4,21.7,0.0120,,
1.8540,471,221.6,21.7,0.0105,,
1.8625,472,221.8,21.8,0.0105,,
1.8710,473,222.4,21.8,0.0105,,
1.8785,474,222.7,21.7,0.0105,,
1.8870,475,223.2,21.7,0.0120,,
1.8955,476,223.4,21.7,0.0120,,
1.9035,477,223.6,21.7,0.0100,,
1.9120,478,224.1,21.7,0.0105,,
1.9205,479,224.4,21.7,0.0105,,
1.9290,480,224.9,21.7,0.0120,,
1.9365,481,225.0,21.7,0.0105,,
1.9450,482,225.2,21.7,0.0120,,
1.9535,483,225.7,21.7,0.0105,,
1.9615,484,226.1,21.7,0.0100,,
1.9700,485,226.1,21.7,0.0105,,
1.9785,486,226.5,21.7,0.0120,,
1.9860,487,226.6,21.7,0.0105,,
1.9945,488,227.1,21.8,0.0120,,
2.0030,489,227.3,21.8,0.0105,,
2.0115,490,227.4,21.8,0.0105,,
2.0200,491,227.8,21.8,0.0105,,
2.0280,492,228.0,21.8,0.0115,,
2.0360,493,228.5,21.8,0.0115,,
2.0440,494,228.8,21.8,0.0115,,
2.0525,495,228.9,21.8,0.0105,,
2.0610,496,229.1,21.8,0.0105,,
2.0695,497,229.5,21.8,0.0105,,
2.0780,498,229.9,21.7,0.0120,,
2.0855,499,230.1,21.8,0.0105,,
2.0940,500,230.2,21.7,0.0120,,
2.1020,501,230.6,21.8,0.0100,,
2.1105,502,230.9,21.8,0.0105,,
2.1190,503,231.0,21.7,0.0105,,
2.1275,504,231.1,21.8,0.0105,,
2.1350,505,231.3,21.8,0.0105,,
2.1435,506,231.5,21.8,0.0120,,
2.1520,507,232.0,21.8,0.0120,,
2.1600,508,232.2,21.8,0.0100,,
2.1685,509,232.2,21.8,0.0105,,
2.1770,510,232.6,21.8,0.0105,,
2.1845,511,232.8,21.8,0.0105,,
2.1930,512,233.2,21.8,0.0120,,
2.2015,513,233.3,21.8,0.0120,,
2.2100,514,233.4,21.8,0.0105,,
2.2180,515,233.7,21.8,0.0100,,
2.2265,516,234.0,21.8,0.0105,,
2.2335,517,234.2,21.8,0.0100,,
2.2380,518,234.3,21.8,0.0065,,
2.2385,519,234.3,21.8,0.0005,,
2.2390,520,234.5,21.8,0.0005,,
2.2405,521,234.6,21.8,0.0020,,
2.2415,522,234.5,21.8,0.0010,,
2.2425,523,234.5,21.8,0.0015,,
2.2440,524,234.5,21.8,0.0020,,
2.2460,525,234.7,21.8,0.0030,,
2.2480,526,234.8,21.8,0.0025,,
2.2495,527,234.6,21.8,0.0020,,
2.2505,528,234.8,21.8,0.0010,,
2.2510,529,234.7,21.8,0.0005,,
2.2515,529,235.0,21.8,-0.0025,,
Scope 1/1, Sample 26/33 (T17)
Result,TitrationEP1
V,t,E,T,dV/dt,E acc. stat.,Volume acc. stat.
0.0000,0,-71.8,21.7,NaN,,
0.0010,1,-71.9,21.7,0.0010,,
0.0025,2,-71.8,21.7,0.0015,,
0.0050,3,-71.9,21.7,0.0025,,
0.0085,4,-71.5,21.7,0.0030,,
0.0150,5,-71.2,21.7,0.0060,,
0.0230,6,-70.8,21.7,0.0075,,
0.0315,7,-69.8,21.7,0.0075,,
0.0400,8,-68.6,21.7,0.0075,,
0.0475,9,-67.6,21.7,0.0070,,
0.0560,10,-66.4,21.7,0.0075,,
0.0645,11,-65.0,21.7,0.0075,,
0.0725,12,-63.4,21.7,0.0075,,
0.0810,13,-61.6,21.7,0.0075,,
0.0895,14,-60.1,21.7,0.0075,,
0.0970,15,-58.3,21.7,0.0070,,
0.1055,16,-56.6,21.7,0.0075,,
0.1140,17,-54.5,21.7,0.0075,,
0.1225,18,-52.3,21.7,0.0075,,
0.1310,19,-50.2,21.7,0.0075,,
0.1390,20,-47.8,21.7,0.0075,,
0.1470,21,-45.7,21.7,0.0075,,
0.1550,22,-43.1,21.7,0.0075,,
0.1635,23,-40.3,21.7,0.0075,,
0.1720,24,-37.5,21.7,0.0075,,
0.1805,25,-34.5,21.7,0.0075,,
0.1890,26,-31.1,21.7,0.0075,,
0.1965,27,-28.5,21.7,0.0070,,
0.2050,28,-25.3,21.7,0.0075,,
0.2135,29,-22.5,21.7,0.0075,,
0.2215,30,-19.8,21.7,0.0075,,
0.2300,31,-17.3,21.7,0.0075,,
0.2385,32,-15.1,21.7,0.0075,,
0.2460,33,-13.2,21.7,0.0070,,
0.2545,34,-11.5,21.7,0.0075,,
0.2630,35,-9.8,21.7,0.0075,,
0.2715,36,-8.0,21.7,0.0075,,
0.2795,37,-6.5,21.7,0.0075,,
0.2880,38,-5.2,21.7,0.0075,,
0.2955,39,-3.8,21.7,0.0070,,
0.3040,40,-2.5,21.7,0.0075,,
0.3125,41,-1.1,21.7,0.0075,,
0.3210,42,0.1,21.7,0.0075,,
0.3295,43,1.0,21.7,0.0075,,
0.3375,44,2.4,21.7,0.0075,,
0.3455,45,3.4,21.7,0.0075,,
0.3535,46,4.6,21.7,0.0075,,
0.3620,47,5.4,21.7,0.0075,,
0.3705,48,6.4,21.7,0.0075,,
0.3790,49,7.5,21.7,0.0075,,
0.3875,50,8.5,21.7,0.0075,,
0.3950,51,9.5,21.7,0.0070,,
0.4035,52,10.2,21.7,0.0075,,
0.4120,53,11.1,21.7,0.0075,,
0.4200,54,12.2,21.7,0.0075,,
0.4285,55,13.2,21.7,0.0075,,
0.4370,56,14.0,21.7,0.0075,,
0.4445,57,15.0,21.7,0.0070,,
0.4530,58,15.6,21.7,0.0075,,
0.4615,59,16.8,21.7,0.0075,,
0.4700,60,17.7,21.7,0.0075,,
0.4780,61,18.4,21.7,0.0075,,
0.4865,62,19.3,21.7,0.0075,,
0.4940,63,20.1,21.7,0.0075,,
0.5025,64,21.1,21.7,0.0075,,
0.5110,65,22.1,21.7,0.0075,,
0.5195,66,22.7,21.7,0.0075,,
0.5280,67,23.6,21.7,0.0075,,
0.5360,68,24.6,21.7,0.0075,,
0.5445,69,25.4,21.7,0.0085,,
0.5520,70,26.2,21.7,0.0070,,
0.5605,71,26.8,21.7,0.0075,,
0.5690,72,27.7,21.7,0.0075,,
0.5775,73,28.8,21.7,0.0075,,
0.5860,74,29.5,21.7,0.0075,,
0.5945,75,30.4,21.7,0.0085,,
0.6020,76,31.1,21.7,0.0070,,
0.6105,77,32.0,21.7,0.0075,,
0.6185,78,33.1,21.7,0.0075,,
0.6270,79,33.9,21.7,0.0075,,
0.6355,80,34.6,21.7,0.0075,,
0.6430,81,35.4,21.7,0.0070,,
0.6515,82,36.5,21.7,0.0075,,
0.6600,83,37.4,21.7,0.0075,,
0.6685,84,38.1,21.7,0.0075,,
0.6770,85,38.9,21.7,0.0075,,
0.6850,86,39.9,21.7,0.0075,,
0.6935,87,40.7,21.7,0.0075,,
0.7010,88,41.6,21.7,0.0070,,
0.7095,89,42.2,21.7,0.0075,,
0.7180,90,43.1,21.7,0.0075,,
0.7265,91,44.2,21.7,0.0075,,
0.7350,92,45.1,21.7,0.0075,,
0.7430,93,46.0,21.7,0.0080,,
0.7510,94,46.7,21.7,0.0075,,
0.7590,95,47.6,21.7,0.0075,,
0.7675,96,48.6,21.7,0.0075,,
0.7760,97,49.5,21.7,0.0075,,
0.7845,98,50.3,21.7,0.0075,,
0.7930,99,51.2,21.7,0.0085,,
0.8005,100,52.1,21.7,0.0070,,
0.8090,101,53.2,21.7,0.0075,,
0.8170,102,54.2,21.7,0.0075,,
0.8255,103,55.1,21.7,0.0075,,
0.8340,104,56.1,21.7,0.0075,,
0.8425,105,56.9,21.7,0.0085,,
0.8500,106,58.0,21.7,0.0070,,
0.8585,107,59.0,21.7,0.0075,,
0.8670,108,59.8,21.7,0.0075,,
0.8755,109,61.0,21.7,0.0075,,
0.8835,110,62.1,21.7,0.0075,,
0.8920,111,63.0,21.7,0.0085,,
0.8995,112,64.0,21.7,0.0070,,
0.9080,113,64.9,21.7,0.0075,,
0.9165,114,66.0,21.7,0.0075,,
0.9250,115,67.2,21.7,0.0075,,
0.9335,116,68.0,21.7,0.0075,,
0.9420,117,69.1,21.7,0.0085,,
0.9495,118,70.0,21.7,0.0070,,
0.9575,119,71.3,21.7,0.0075,,
0.9660,120,72.5,21.7,0.0075,,
0.9745,121,73.5,21.7,0.0075,,
0.9830,122,74.5,21.7,0.0075,,
0.9915,123,75.5,21.7,0.0085,,
0.9990,124,76.7,21.7,0.0070,,
1.0075,125,77.9,21.7,0.0075,,
1.0160,126,79.0,21.7,0.0075,,
1.0240,127,80.3,21.7,0.0075,,
1.0325,128,81.7,21.7,0.0075,,
1.0410,129,82.8,21.7,0.0085,,
1.0485,130,84.2,21.7,0.0070,,
1.0570,131,85.5,21.7,0.0075,,
1.0655,132,86.9,21.7,0.0075,,
1.0740,133,88.5,21.7,0.0075,,
1.0820,134,89.8,21.7,0.0075,,
1.0905,135,91.2,21.7,0.0085,,
1.0980,136,92.7,21.7,0.0070,,
1.1065,137,94.3,21.7,0.0075,,
1.1150,138,96.3,21.7,0.0075,,
1.1235,139,97.9,21.7,0.0075,,
1.1320,140,99.6,21.7,0.0075,,
1.1405,141,101.2,21.7,0.0085,,
1.1480,142,103.1,21.7,0.0070,,
1.1565,143,105.5,21.7,0.0075,,
1.1645,144,107.4,21.7,0.0075,,
1.1730,145,109.8,21.7,0.0075,,
1.1815,146,112.2,21.7,0.0075,,
1.1900,147,114.8,21.7,0.0075,,
1.1975,148,116.8,21.7,0.0070,,
1.2060,149,119.8,21.7,0.0075,,
1.2145,150,122.8,21.7,0.0075,,
1.2225,151,126.0,21.7,0.0075,,
1.2310,152,129.6,21.7,0.0075,,
1.2395,153,133.2,21.7,0.0075,,
1.2470,154,136.6,21.7,0.0070,,
1.2555,155,140.0,21.7,0.0075,,
1.2640,156,143.9,21.7,0.0075,,
1.2725,157,148.2,21.7,0.0075,,
1.2805,158,151.8,21.7,0.0075,,
1.2890,159,155.2,21.7,0.0075,,
1.2965,160,158.4,21.7,0.0070,,
1.3050,161,161.5,21.7,0.0075,,
1.3135,162,164.9,21.7,0.0075,,
1.3220,163,167.6,21.7,0.0075,,
1.3305,164,170.1,21.7,0.0075,,
1.3390,165,172.4,21.7,0.0075,,
1.3465,166,174.4,21.7,0.0070,,
1.3550,167,176.5,21.7,0.0075,,
1.3630,168,178.6,21.7,0.0075,,
1.3715,169,180.2,21.7,0.0075,,
1.3800,170,182.1,21.7,0.0075,,
1.3885,171,183.7,21.7,0.0075,,
1.3980,172,185.0,21.7,0.0070,,
1.3980,412,187.3,21.7,0.0000,,
1.3985,414,187.1,21.8,0.0005,,
1.4000,414,187.3,21.7,0.0030,,
1.4025,416,187.6,21.7,0.0015,,
1.4065,417,187.9,21.7,0.0065,,
1.4130,418,188.4,21.7,0.0110,,
1.4215,419,189.5,21.8,0.0140,,
1.4290,420,190.5,21.8,0.0150,,
1.4370,420,191.9,21.8,0.0160,,
1.4455,422,192.8,21.8,0.0055,,
1.4540,423,193.9,21.8,0.0140,,
1.4625,424,195.2,21.8,0.0140,,
1.4710,425,196.2,21.8,0.0140,,
1.4785,426,197.0,21.8,0.0150,,
1.4870,426,197.8,21.8,0.0170,,
1.4955,428,198.7,21.8,0.0055,,
1.5035,429,199.7,21.8,0.0135,,
1.5120,430,200.5,21.8,0.0140,,
1.5205,431,201.1,21.8,0.0140,,
1.5280,432,201.9,21.8,0.0150,,
1.5365,432,202.7,21.8,0.0170,,
1.5450,434,203.7,21.8,0.0055,,
1.5535,435,204.5,21.8,0.0140,,
1.5615,436,205.0,21.8,0.0135,,
1.5700,437,205.8,21.8,0.0140,,
1.5775,438,206.3,21.8,0.0150,,
1.5860,438,207.1,21.8,0.0170,,
1.5945,440,207.7,21.8,0.0055,,
1.6030,441,208.2,21.8,0.0140,,
1.6115,442,208.9,21.8,0.0140,,
1.6200,443,209.6,21.8,0.0140,,
1.6275,444,210.1,21.8,0.0150,,
1.6360,444,210.6,21.8,0.0170,,
1.6440,446,211.0,21.8,0.0055,,
1.6525,447,211.7,21.8,0.0140,,
1.6610,448,212.3,21.8,0.0140,,
1.6695,449,212.7,21.8,0.0140,,
1.6770,450,213.2,21.8,0.0150,,
1.6855,450,213.5,21.8,0.0170,,
1.6940,452,214.1,21.8,0.0055,,
1.7020,453,214.7,21.8,0.0135,,
1.7105,454,215.1,21.8,0.0140,,
1.7190,455,215.4,21.8,0.0140,,
1.7265,456,215.8,21.8,0.0150,,
1.7350,456,216.3,21.8,0.0170,,
1.7435,458,217.0,21.8,0.0055,,
1.7520,459,217.2,21.8,0.0140,,
1.7605,460,217.5,21.8,0.0140,,
1.7685,461,218.3,21.8,0.0135,,
1.7765,462,218.4,21.8,0.0160,,
1.7845,462,218.9,21.8,0.0160,,
1.7930,464,219.1,21.8,0.0055,,
1.8015,465,219.5,21.8,0.0140,,
1.8100,466,220.1,21.8,0.0140,,
1.8185,467,220.5,21.8,0.0140,,
1.8260,468,220.8,21.8,0.0150,,
1.8345,468,221.1,21.8,0.0170,,
1.8425,470,221.5,21.8,0.0055,,
1.8510,471,222.0,21.8,0.0140,,
1.8595,472,222.3,21.8,0.0140,,
1.8680,473,222.5,21.8,0.0140,,
1.8755,474,222.8,21.8,0.0150,,
1.8840,474,223.2,21.8,0.0170,,
1.8925,476,223.7,21.8,0.0055,,
1.9010,477,223.8,21.8,0.0140,,
1.9090,478,224.1,21.8,0.0135,,
1.9175,479,224.6,21.8,0.0140,,
1.9250,480,224.8,21.8,0.0150,,
1.9335,480,225.3,21.8,0.0170,,
1.9420,482,225.4,21.8,0.0055,,
1.9505,483,225.7,21.8,0.0140,,
1.9590,484,226.2,21.8,0.0140,,
1.9675,485,226.5,21.8,0.0140,,
1.9750,486,227.0,21.8,0.0150,,
1.9830,486,227.1,21.8,0.0160,,
1.9915,488,227.3,21.8,0.0055,,
2.0000,489,227.8,21.8,0.0140,,
2.0085,490,228.0,21.8,0.0140,,
2.0170,491,228.1,21.8,0.0140,,
2.0245,492,228.4,21.8,0.0150,,
2.0330,492,228.6,21.8,0.0170,,
2.0415,494,229.1,21.8,0.0055,,
2.0495,495,229.3,21.8,0.0135,,
2.0580,496,229.3,21.8,0.0140,,
2.0665,497,229.7,21.8,0.0140,,
2.0740,498,229.8,21.8,0.0150,,
2.0825,498,230.2,21.8,0.0170,,
2.0910,500,230.5,21.8,0.0055,,
2.0995,501,230.6,21.8,0.0140,,
2.1075,502,230.9,21.8,0.0135,,
2.1160,503,231.4,21.8,0.0140,,
2.1235,504,231.6,21.8,0.0150,,
2.1320,504,231.9,21.8,0.0170,,
2.1405,506,231.9,21.8,0.0055,,
2.1490,507,232.1,21.8,0.0140,,
2.1575,508,232.5,21.8,0.0140,,
2.1660,509,232.6,21.8,0.0140,,
2.1735,510,232.9,21.8,0.0150,,
2.1820,510,232.9,21.8,0.0170,,
2.1900,512,233.3,21.8,0.0055,,
2.1985,513,233.8,21.8,0.0140,,
2.2065,514,233.7,21.8,0.0135,,
2.2150,515,233.9,21.8,0.0140,,
2.2165,516,234.1,21.8,0.0030,,
2.2170,516,234.2,21.8,0.0010,,
2.2180,518,234.3,21.8,0.0005,,
2.2195,519,234.3,21.8,0.0025,,
2.2205,520,234.2,21.8,0.0015,,
2.2220,521,234.5,21.8,0.0025,,
2.2235,522,234.3,21.8,0.0030,,
2.2245,522,234.6,21.8,0.0020,,
2.2255,524,234.5,21.8,0.0005,,
2.2275,525,234.5,21.8,0.0035,,
2.2295,526,234.7,21.8,0.0035,,
2.2325,527,234.7,21.8,0.0050,,
2.2350,528,234.9,21.8,0.0050,,
2.2370,528,234.7,21.8,0.0040,,
2.2385,530,234.8,21.8,0.0010,,
2.2400,531,235.0,21.8,0.0020,,
Scope 1/1, Sample 27/33 (T18)
Result,TitrationEP1
V,t,E,T,dV/dt,E acc. stat.,Volume acc. stat.
0.0000,0,-71.5,21.7,NaN,,
0.0010,1,-71.5,21.7,0.0010,,
0.0025,2,-71.4,21.7,0.0015,,
0.0050,3,-71.4,21.7,0.0025,,
0.0090,4,-71.4,21.7,0.0035,,
0.0150,5,-71.1,21.7,0.0055,,
0.0235,6,-70.4,21.7,0.0075,,
0.0320,7,-69.4,21.7,0.0075,,
0.0405,8,-68.3,21.7,0.0075,,
0.0480,9,-67.2,21.7,0.0070,,
0.0565,10,-65.8,21.7,0.0075,,
0.0650,11,-64.3,21.7,0.0075,,
0.0735,12,-62.7,21.7,0.0075,,
0.0815,13,-61.3,21.7,0.0075,,
0.0900,14,-59.4,21.7,0.0075,,
0.0975,15,-57.7,21.7,0.0070,,
0.1060,16,-55.7,21.7,0.0075,,
0.1145,17,-53.8,21.7,0.0075,,
0.1230,18,-51.7,21.7,0.0075,,
0.1315,19,-49.3,21.7,0.0075,,
0.1400,20,-46.9,21.7,0.0075,,
0.1475,21,-44.5,21.7,0.0070,,
0.1555,22,-42.0,21.7,0.0075,,
0.1640,23,-39.3,21.7,0.0075,,
0.1725,24,-36.3,21.7,0.0075,,
0.1810,25,-33.4,21.7,0.0075,,
0.1895,26,-30.4,21.7,0.0075,,
0.1970,27,-27.5,21.7,0.0070,,
0.2055,28,-24.5,21.7,0.0075,,
0.2140,29,-21.5,21.7,0.0075,,
0.2220,30,-19.0,21.7,0.0075,,
0.2305,31,-16.8,21.7,0.0075,,
0.2390,32,-14.8,21.7,0.0085,,
0.2465,33,-12.8,21.7,0.0070,,
0.2550,34,-10.8,21.7,0.0075,,
0.2635,35,-9.2,21.7,0.0075,,
0.2720,36,-7.6,21.7,0.0075,,
0.2805,37,-6.0,21.7,0.0075,,
0.2885,38,-4.4,21.7,0.0075,,
0.2965,39,-3.1,21.7,0.0075,,
0.3045,40,-1.9,21.7,0.0075,,
0.3130,41,-0.7,21.7,0.0075,,
0.3215,42,0.6,21.7,0.0075,,
0.3300,43,1.7,21.7,0.0075,,
0.3385,44,2.8,21.7,0.0085,,
0.3460,45,3.9,21.7,0.0070,,
0.3545,46,4.9,21.7,0.0075,,
0.3625,47,6.1,21.7,0.0075,,
0.3710,48,7.2,21.7,0.0075,,
0.3795,49,8.1,21.7,0.0075,,
0.3880,50,9.1,21.7,0.0075,,
0.3955,51,10.0,21.7,0.0070,,
0.4040,52,10.9,21.7,0.0075,,
0.4125,53,12.0,21.7,0.0075,,
0.4205,54,12.8,21.7,0.0075,,
0.4290,55,13.7,21.7,0.0075,,
0.4375,56,14.6,21.7,0.0075,,
0.4450,57,15.4,21.7,0.0070,,
0.4535,58,16.4,21.7,0.0075,,
0.4620,59,17.3,21.7,0.0075,,
0.4705,60,18.2,21.7,0.0075,,
0.4790,61,19.2,21.7,0.0075,,
0.4870,62,20.1,21.7,0.0075,,
0.4950,63,20.9,21.7,0.0075,,
0.5030,64,21.7,21.7,0.0075,,
0.5115,65,22.5,21.7,0.0075,,
0.5200,66,23.5,21.7,0.0075,,
0.5285,67,24.5,21.7,0.0075,,
0.5370,68,25.2,21.7,0.0075,,
0.5450,69,26.0,21.7,0.0080,,
0.5525,70,26.7,21.7,0.0070,,
0.5610,71,27.8,21.7,0.0075,,
0.5695,72,28.7,21.7,0.0075,,
0.5780,73,29.5,21.7,0.0075,,
0.5865,74,30.5,21.7,0.0075,,
0.5940,75,31.2,21.7,0.0070,,
0.6025,76,32.1,21.7,0.0075,,
0.6110,77,32.9,21.7,0.0075,,
0.6190,78,33.7,21.7,0.0075,,
0.6275,79,34.6,21.7,0.0075,,
0.6360,80,35.6,21.7,0.0075,,
0.6445,81,36.4,21.7,0.0085,,
0.6520,82,37.3,21.7,0.0070,,
0.6605,83,38.0,21.7,0.0075,,
0.6690,84,38.9,21.7,0.0075,,
0.6775,85,39.9,21.7,0.0075,,
0.6855,86,40.7,21.7,0.0075,,
0.6940,87,41.6,21.7,0.0085,,
0.7015,88,42.4,21.7,0.0070,,
0.7100,89,43.4,21.7,0.0075,,
0.7185,90,44.3,21.7,0.0075,,
0.7270,91,45.2,21.7,0.0075,,
0.7355,92,46.0,21.7,0.0075,,
0.7430,93,46.9,21.7,0.0070,,
0.7515,94,47.9,21.7,0.0075,,
0.7595,95,49.0,21.7,0.0075,,
0.7680,96,49.7,21.7,0.0075,,
0.7765,97,50.6,21.7,0.0075,,
0.7850,98,51.6,21.7,0.0075,,
0.7925,99,52.5,21.7,0.0070,,
0.8010,100,53.4,21.7,0.0075,,
0.8095,101,54.3,21.7,0.0075,,
0.8180,102,55.2,21.7,0.0075,,
0.8260,103,56.2,21.7,0.0075,,
0.8345,104,57.3,21.7,0.0075,,
0.8430,105,58.2,21.7,0.0085,,
0.8505,106,59.0,21.7,0.0070,,
0.8590,107,60.0,21.7,0.0075,,
0.8675,108,61.2,21.7,0.0075,,
0.8760,109,62.2,21.7,0.0075,,
0.8840,110,63.1,21.7,0.0075,,
0.8925,111,64.1,21.7,0.0085,,
0.9000,112,65.0,21.7,0.0070,,
0.9085,113,66.2,21.7,0.0075,,
0.9170,114,67.2,21.7,0.0075,,
0.9255,115,68.2,21.7,0.0075,,
0.9340,116,69.2,21.7,0.0075,,
0.9425,117,70.1,21.7,0.0085,,
0.9500,118,71.3,21.7,0.0070,,
0.9580,119,72.3,21.7,0.0075,,
0.9665,120,73.4,21.7,0.0075,,
0.9750,121,74.6,21.7,0.0075,,
0.9835,122,75.8,21.7,0.0075,,
0.9920,123,77.0,21.7,0.0075,,
0.9995,124,78.1,21.7,0.0070,,
1.0080,125,79.2,21.7,0.0075,,
1.0165,126,80.7,21.7,0.0075,,
1.0245,127,82.0,21.7,0.0075,,
1.0330,128,83.2,21.7,0.0075,,
1.0415,129,84.4,21.7,0.0085,,
1.0490,130,85.6,21.7,0.0070,,
1.0575,131,87.2,21.7,0.0075,,
1.0660,132,88.7,21.7,0.0075,,
1.0745,133,90.2,21.7,0.0075,,
1.0830,134,91.7,21.7,0.0075,,
1.0910,135,93.2,21.7,0.0080,,
1.0985,136,94.9,21.7,0.0070,,
1.1070,137,96.6,21.7,0.0075,,
1.1155,138,98.2,21.7,0.0075,,
1.1240,139,100.2,21.7,0.0075,,
1.1325,140,102.2,21.7,0.0075,,
1.1410,141,104.1,21.7,0.0075,,
1.1485,142,105.9,21.7,0.0070,,
1.1570,143,108.0,21.7,0.0075,,
1.1650,144,110.5,21.7,0.0075,,
1.1735,145,113.0,21.7,0.0075,,
1.1820,146,115.2,21.7,0.0075,,
1.1905,147,117.6,21.7,0.0085,,
1.1980,148,120.3,21.7,0.0070,,
1.2065,149,123.5,21.7,0.0075,,
1.2150,150,126.9,21.7,0.0075,,
1.2235,151,130.2,21.7,0.0075,,
1.2315,152,133.7,21.7,0.0075,,
1.2400,153,137.2,21.7,0.0085,,
1.2475,154,141.1,21.7,0.0070,,
1.2560,155,144.9,21.7,0.0075,,
1.2645,156,148.7,21.7,0.0075,,
1.2730,157,152.1,21.7,0.0075,,
1.2815,158,155.8,21.7,0.0075,,
1.2895,159,159.2,21.7,0.0075,,
1.2975,160,162.1,21.7,0.0075,,
1.3055,161,165.3,21.7,0.0075,,
1.3140,162,167.9,21.7,0.0075,,
1.3225,163,170.7,21.7,0.0075,,
1.3310,164,173.0,21.7,0.0075,,
1.3395,165,175.0,21.7,0.0075,,
1.3470,166,177.0,21.7,0.0070,,
1.3555,167,178.9,21.7,0.0075,,
1.3640,168,180.8,21.7,0.0075,,
1.3720,169,182.4,21.7,0.0075,,
1.3805,170,183.9,21.7,0.0075,,
1.3895,171,185.2,21.7,0.0075,,
1.3895,411,187.1,21.7,0.0000,,
1.3900,412,187.1,21.8,0.0005,,
1.3915,413,187.3,21.8,0.0010,,
1.3940,414,187.5,21.8,0.0020,,
1.3980,415,187.9,21.8,0.0030,,
1.4045,416,188.6,21.8,0.0045,,
1.4125,417,189.7,21.8,0.0055,,
1.4200,418,190.7,21.8,0.0060,,
1.4285,419,191.8,21.8,0.0065,,
1.4370,420,192.9,21.8,0.0065,,
1.4455,421,194.1,21.8,0.0060,,
1.4540,422,195.2,21.8,0.0060,,
1.4625,423,196.1,21.8,0.0060,,
1.4700,424,197.1,21.8,0.0060,,
1.4780,425,197.9,21.7,0.0060,,
1.4865,426,198.9,21.8,0.0065,,
1.4950,427,199.9,21.8,0.0060,,
1.5035,428,200.5,21.8,0.0060,,
1.5120,429,201.4,21.8,0.0060,,
1.5195,430,202.2,21.8,0.0060,,
1.5280,431,202.9,21.8,0.0065,,
1.5365,432,203.7,21.8,0.0065,,
1.5445,433,204.4,21.8,0.0055,,
1.5530,434,205.0,21.8,0.0060,,
1.5615,435,205.8,21.8,0.0060,,
1.5700,436,206.4,21.8,0.0065,,
1.5775,437,207.1,21.8,0.0060,,
1.5860,438,207.6,21.8,0.0065,,
1.5945,439,208.2,21.8,0.0060,,
1.6025,440,208.9,21.8,0.0055,,
1.6110,441,209.6,21.8,0.0060,,
1.6195,442,210.1,21.8,0.0065,,
1.6270,443,210.5,21.8,0.0060,,
1.6355,444,211.1,21.8,0.0060,,
1.6440,445,211.7,21.8,0.0060,,
1.6525,446,212.3,21.8,0.0060,,
1.6610,447,212.7,21.8,0.0060,,
1.6690,448,213.1,21.8,0.0060,,
1.6770,449,213.7,21.8,0.0060,,
1.6850,450,214.2,21.8,0.0060,,
1.6935,451,214.7,21.8,0.0060,,
1.7020,452,215.0,21.8,0.0060,,
1.7105,453,215.5,21.8,0.0060,,
1.7180,454,215.8,21.8,0.0060,,
1.7265,455,216.4,21.8,0.0065,,
1.7350,456,216.8,21.8,0.0065,,
1.7435,457,217.1,21.8,0.0060,,
1.7515,458,217.7,21.8,0.0055,,
1.7600,459,218.1,21.8,0.0060,,
1.7675,460,218.5,21.8,0.0060,,
1.7760,461,218.7,21.8,0.0065,,
1.7845,462,219.1,21.8,0.0065,,
1.7930,463,219.6,21.8,0.0060,,
1.8015,464,220.0,21.8,0.0060,,
1.8095,465,220.2,21.8,0.0055,,
1.8175,466,220.8,21.8,0.0060,,
1.8255,467,221.1,21.8,0.0060,,
1.8340,468,221.6,21.8,0.0065,,
1.8425,469,222.0,21.8,0.0060,,
1.8510,470,222.2,21.8,0.0060,,
1.8595,471,222.6,21.8,0.0060,,
1.8670,472,222.9,21.8,0.0060,,
1.8755,473,223.3,21.8,0.0065,,
1.8835,474,223.7,21.8,0.0060,,
1.8920,475,224.0,21.8,0.0060,,
1.9005,476,224.3,21.8,0.0060,,
1.9090,477,224.7,21.8,0.0060,,
1.9175,478,224.9,21.8,0.0065,,
1.9250,479,225.3,21.8,0.0060,,
1.9335,480,225.5,21.8,0.0065,,
1.9420,481,225.8,21.8,0.0060,,
1.9500,482,226.2,21.8,0.0055,,
1.9585,483,226.5,21.8,0.0060,,
1.9670,484,226.8,21.8,0.0065,,
1.9745,485,226.9,21.8,0.0060,,
1.9830,486,227.2,21.8,0.0065,,
1.9915,487,227.6,21.8,0.0060,,
2.0000,488,227.8,21.8,0.0060,,
2.0085,489,227.9,21.8,0.0060,,
2.0165,490,228.2,21.8,0.0060,,
2.0240,491,228.5,21.8,0.0060,,
2.0325,492,229.0,21.8,0.0065,,
2.0410,493,229.2,21.8,0.0060,,
2.0495,494,229.4,21.8,0.0060,,
2.0580,495,229.7,21.8,0.0060,,
2.0665,496,230.0,21.8,0.0060,,
2.0740,497,230.3,21.8,0.0060,,
2.0820,498,230.5,21.8,0.0060,,
2.0905,499,230.6,21.8,0.0065,,
2.0990,500,230.9,21.8,0.0060,,
2.1075,501,231.2,21.8,0.0060,,
2.1160,502,231.3,21.8,0.0060,,
2.1235,503,231.6,21.8,0.0060,,
2.1320,504,231.8,21.8,0.0065,,
2.1405,505,232.1,21.8,0.0065,,
2.1485,506,232.3,21.8,0.0055,,
2.1570,507,232.4,21.8,0.0060,,
2.1655,508,232.7,21.8,0.0060,,
2.1730,509,233.0,21.8,0.0060,,
2.1815,510,233.3,21.8,0.0065,,
2.1900,511,233.7,21.8,0.0065,,
2.1985,512,233.8,21.8,0.0060,,
2.2065,513,234.0,21.8,0.0055,,
2.2145,514,234.2,21.8,0.0055,,
2.2215,515,234.3,21.8,0.0055,,
2.2265,516,234.5,21.8,0.0040,,
2.2270,517,234.5,21.8,0.0005,,
2.2275,518,234.5,21.8,0.0005,,
2.2290,519,234.6,21.8,0.0010,,
2.2305,520,234.6,21.8,0.0010,,
2.2330,521,234.7,21.8,0.0020,,
2.2360,522,234.7,21.8,0.0025,,
2.2395,523,235.0,21.8,0.0025,,
Scope 1/1, Sample 28/33 (T19)
Result,TitrationEP1
V,t,E,T,dV/dt,E acc. stat.,Volume acc. stat.
0.0000,0,-69.9,21.6,NaN,,
0.0005,1,-70.0,21.6,0.0005,,
0.0025,2,-69.9,21.6,0.0020,,
0.0050,3,-69.9,21.6,0.0025,,
0.0085,4,-70.0,21.6,0.0030,,
0.0150,5,-69.7,21.6,0.0060,,
0.0230,6,-69.1,21.6,0.0075,,
0.0305,7,-68.4,21.6,0.0075,,
0.0390,8,-67.4,21.6,0.0085,,
0.0475,9,-66.3,21.6,0.0075,,
0.0560,10,-64.8,21.6,0.0075,,
0.0645,11,-63.2,21.6,0.0075,,
0.0725,12,-61.8,21.6,0.0075,,
0.0805,13,-60.1,21.6,0.0080,,
0.0885,14,-58.6,21.6,0.0080,,
0.0970,15,-56.6,21.6,0.0075,,
0.1055,16,-54.6,21.6,0.0075,,
0.1140,17,-52.7,21.6,0.0075,,
0.1225,18,-50.5,21.6,0.0075,,
0.1300,19,-48.5,21.6,0.0075,,
0.1385,20,-45.9,21.6,0.0085,,
0.1470,21,-43.3,21.6,0.0075,,
0.1550,22,-40.7,21.6,0.0075,,
0.1635,23,-38.0,21.6,0.0075,,
0.1720,24,-35.0,21.6,0.0075,,
0.1795,25,-32.3,21.6,0.0075,,
0.1880,26,-29.2,21.6,0.0085,,
0.1965,27,-26.4,21.6,0.0075,,
0.2050,28,-23.7,21.6,0.0075,,
0.2130,29,-21.1,21.6,0.0075,,
0.2215,30,-18.9,21.6,0.0075,,
0.2290,31,-16.8,21.6,0.0075,,
0.2375,32,-14.9,21.6,0.0085,,
0.2460,33,-13.0,21.6,0.0075,,
0.2545,34,-11.2,21.6,0.0075,,
0.2630,35,-9.8,21.6,0.0075,,
0.2715,36,-8.3,21.6,0.0075,,
0.2790,37,-7.1,21.6,0.0075,,
0.2875,38,-5.5,21.6,0.0085,,
0.2955,39,-4.1,21.6,0.0075,,
0.3040,40,-3.0,21.6,0.0075,,
0.3125,41,-1.9,21.6,0.0075,,
0.3210,42,-0.9,21.6,0.0085,,
0.3285,43,0.3,21.6,0.0075,,
0.3370,44,1.5,21.6,0.0085,,
0.3455,45,2.5,21.6,0.0075,,
0.3535,46,3.6,21.6,0.0075,,
0.3620,47,4.7,21.6,0.0075,,
0.3705,48,5.6,21.6,0.0075,,
0.3780,49,6.7,21.6,0.0075,,
0.3865,50,7.4,21.6,0.0085,,
0.3950,51,8.3,21.6,0.0075,,
0.4035,52,9.4,21.6,0.0075,,
0.4120,53,10.4,21.6,0.0075,,
0.4200,54,11.2,21.6,0.0075,,
0.4280,55,12.1,21.6,0.0080,,
0.4360,56,13.0,21.6,0.0080,,
0.4445,57,14.1,21.6,0.0075,,
0.4530,58,14.9,21.6,0.0075,,
0.4615,59,15.7,21.6,0.0075,,
0.4700,60,16.8,21.6,0.0075,,
0.4775,61,17.6,21.6,0.0075,,
0.4860,62,18.5,21.6,0.0085,,
0.4940,63,19.3,21.6,0.0080,,
0.5025,64,20.1,21.6,0.0075,,
0.5110,65,21.0,21.6,0.0075,,
0.5195,66,22.0,21.6,0.0075,,
0.5270,67,22.8,21.6,0.0075,,
0.5355,68,23.6,21.6,0.0085,,
0.5440,69,24.4,21.6,0.0075,,
0.5525,70,25.4,21.6,0.0075,,
0.5605,71,26.3,21.6,0.0075,,
0.5690,72,26.9,21.6,0.0075,,
0.5765,73,27.8,21.6,0.0075,,
0.5850,74,28.6,21.6,0.0085,,
0.5935,75,29.6,21.6,0.0075,,
0.6020,76,30.5,21.6,0.0075,,
0.6105,77,31.2,21.6,0.0075,,
0.6190,78,32.2,21.6,0.0075,,
0.6265,79,32.9,21.6,0.0075,,
0.6345,80,34.0,21.6,0.0080,,
0.6430,81,34.9,21.6,0.0075,,
0.6515,82,35.6,21.6,0.0075,,
0.6600,83,36.6,21.6,0.0075,,
0.6685,84,37.6,21.6,0.0075,,
0.6760,85,38.4,21.6,0.0075,,
0.6845,86,39.2,21.6,0.0085,,
0.6930,87,40.0,21.6,0.0075,,
0.7010,88,41.0,21.6,0.0075,,
0.7095,89,42.0,21.6,0.0075,,
0.7180,90,42.8,21.6,0.0075,,
0.7255,91,43.7,21.6,0.0075,,
0.7340,92,44.5,21.6,0.0085,,
0.7425,93,45.6,21.6,0.0075,,
0.7510,94,46.5,21.6,0.0075,,
0.7595,95,47.4,21.6,0.0075,,
0.7675,96,48.3,21.6,0.0075,,
0.7750,97,49.0,21.6,0.0075,,
0.7835,98,50.1,21.6,0.0085,,
0.7920,99,51.2,21.6,0.0075,,
0.8005,100,52.0,21.6,0.0075,,
0.8090,101,52.9,21.6,0.0075,,
0.8175,102,54.0,21.6,0.0075,,
0.8250,103,54.8,21.6,0.0075,,
0.8335,104,55.8,21.6,0.0085,,
0.8415,105,56.7,21.6,0.0075,,
0.8500,106,57.6,21.6,0.0075,,
0.8585,107,58.9,21.6,0.0075,,
0.8670,108,59.9,21.6,0.0075,,
0.8745,109,60.9,21.6,0.0075,,
0.8830,110,61.8,21.6,0.0085,,
0.8915,111,62.9,21.6,0.0075,,
0.8995,112,64.0,21.6,0.0075,,
0.9080,113,65.3,21.6,0.0075,,
0.9165,114,66.1,21.6,0.0075,,
0.9250,115,67.1,21.6,0.0085,,
0.9325,116,68.1,21.6,0.0075,,
0.9410,117,69.4,21.6,0.0085,,
0.9495,118,70.5,21.6,0.0075,,
0.9575,119,71.4,21.6,0.0075,,
0.9660,120,72.7,21.6,0.0075,,
0.9745,121,73.7,21.6,0.0085,,
0.9820,122,75.0,21.6,0.0075,,
0.9905,123,76.3,21.6,0.0085,,
0.9990,124,77.3,21.6,0.0075,,
1.0075,125,78.5,21.6,0.0075,,
1.0160,126,80.0,21.6,0.0075,,
1.0240,127,81.2,21.6,0.0080,,
1.0320,128,82.7,21.6,0.0080,,
1.0400,129,83.8,21.6,0.0080,,
1.0485,130,85.2,21.6,0.0075,,
1.0570,131,86.6,21.6,0.0075,,
1.0655,132,88.0,21.6,0.0075,,
1.0740,133,89.4,21.6,0.0075,,
1.0815,134,90.9,21.6,0.0075,,
1.0900,135,92.7,21.6,0.0085,,
1.0980,136,94.4,21.6,0.0075,,
1.1065,137,96.0,21.6,0.0075,,
1.1150,138,97.9,21.6,0.0075,,
1.1225,139,99.4,21.6,0.0075,,
1.1310,140,101.5,21.6,0.0085,,
1.1395,141,103.4,21.6,0.0085,,
1.1480,142,105.3,21.6,0.0075,,
1.1565,143,107.5,21.6,0.0075,,
1.1650,144,110.2,21.6,0.0075,,
1.1725,145,112.2,21.6,0.0075,,
1.1805,146,114.8,21.6,0.0080,,
1.1890,147,117.3,21.6,0.0075,,
1.1975,148,120.3,21.6,0.0075,,
1.2060,149,123.6,21.6,0.0075,,
1.2145,150,126.9,21.6,0.0075,,
1.2220,151,129.9,21.6,0.0075,,
1.2305,152,133.7,21.6,0.0085,,
1.2390,153,137.7,21.6,0.0075,,
1.2470,154,141.9,21.6,0.0075,,
1.2555,155,145.6,21.6,0.0075,,
1.2640,156,149.6,21.6,0.0075,,
1.2715,157,153.0,21.6,0.0075,,
1.2800,158,156.8,21.6,0.0085,,
1.2885,159,160.2,21.6,0.0075,,
1.2970,160,163.1,21.6,0.0075,,
1.3055,161,166.3,21.6,0.0075,,
1.3135,162,168.7,21.6,0.0080,,
1.3215,163,171.3,21.6,0.0080,,
1.3295,164,173.6,21.6,0.0080,,
1.3380,165,175.7,21.6,0.0075,,
1.3465,166,177.7,21.6,0.0075,,
1.3550,167,179.6,21.6,0.0075,,
1.3635,168,181.3,21.6,0.0075,,
1.3710,169,182.8,21.6,0.0075,,
1.3795,170,184.3,21.6,0.0085,,
1.3845,171,185.2,21.6,0.0070,,
1.3845,411,187.1,21.7,0.0000,,
1.3850,412,187.1,21.7,0.0005,,
1.3865,413,187.3,21.7,0.0020,,
1.3890,414,187.5,21.7,0.0035,,
1.3930,415,187.9,21.7,0.0050,,
1.3995,416,188.7,21.7,0.0080,,
1.4080,417,189.8,21.7,0.0105,,
1.4155,418,190.8,21.7,0.0105,,
1.4240,419,191.8,21.7,0.0105,,
1.4325,420,192.8,21.7,0.0120,,
1.4405,421,194.0,21.7,0.0100,,
1.4490,422,195.0,21.7,0.0105,,
1.4575,423,195.8,21.7,0.0105,,
1.4650,424,196.8,21.7,0.0105,,
1.4735,425,197.6,21.7,0.0120,,
1.4820,426,198.7,21.7,0.0120,,
1.4905,427,199.5,21.7,0.0105,,
1.4990,428,200.2,21.7,0.0105,,
1.5070,429,201.0,21.7,0.0115,,
1.5150,430,201.9,21.7,0.0115,,
1.5230,431,202.7,21.7,0.0115,,
1.5315,432,203.4,21.7,0.0105,,
1.5400,433,204.1,21.7,0.0105,,
1.5485,434,204.9,21.7,0.0105,,
1.5570,435,205.3,21.7,0.0120,,
1.5645,436,206.2,21.7,0.0105,,
1.5730,437,206.8,21.7,0.0120,,
1.5815,438,207.4,21.7,0.0105,,
1.5895,439,208.1,21.7,0.0100,,
1.5980,440,208.8,21.7,0.0105,,
1.6065,441,209.3,21.7,0.0120,,
1.6140,442,209.7,21.7,0.0105,,
1.6225,443,210.2,21.7,0.0120,,
1.6310,444,210.9,21.7,0.0105,,
1.6390,445,211.5,21.7,0.0100,,
1.6475,446,211.9,21.7,0.0105,,
1.6560,447,212.4,21.7,0.0105,,
1.6635,448,212.9,21.7,0.0105,,
1.6720,449,213.5,21.7,0.0120,,
1.6805,450,214.2,21.7,0.0120,,
1.6890,451,214.5,21.7,0.0105,,
1.6975,452,214.9,21.7,0.0105,,
1.7055,453,215.6,21.7,0.0100,,
1.7135,454,215.9,21.7,0.0115,,
1.7215,455,216.5,21.7,0.0115,,
1.7300,456,216.8,21.7,0.0120,,
1.7385,457,217.2,21.7,0.0105,,
1.7470,458,217.7,21.7,0.0105,,
1.7555,459,218.1,21.7,0.0105,,
1.7630,460,218.5,21.7,0.0105,,
1.7715,461,218.7,21.7,0.0120,,
1.7795,462,219.1,21.7,0.0100,,
1.7880,463,219.7,21.7,0.0105,,
1.7965,464,220.1,21.7,0.0105,,
1.8050,465,220.3,21.7,0.0105,,
1.8125,466,220.6,21.7,0.0105,,
1.8210,467,220.9,21.7,0.0120,,
1.8295,468,221.3,21.7,0.0120,,
1.8375,469,221.8,21.7,0.0100,,
1.8460,470,222.0,21.7,0.0105,,
1.8545,471,222.3,21.7,0.0105,,
1.8630,472,222.5,21.7,0.0120,,
1.8705,473,223.1,21.7,0.0105,,
1.8790,474,223.5,21.7,0.0120,,
1.8875,475,223.6,21.7,0.0105,,
1.8960,476,224.0,21.7,0.0105,,
1.9040,477,224.5,21.7,0.0100,,
1.9125,478,224.7,21.7,0.0120,,
1.9200,479,225.1,21.7,0.0105,,
1.9285,480,225.2,21.7,0.0120,,
1.9370,481,225.8,21.7,0.0105,,
1.9455,482,226.2,21.7,0.0105,,
1.9540,483,226.3,21.7,0.0105,,
1.9615,484,226.5,21.7,0.0105,,
1.9700,485,226.7,21.7,0.0120,,
1.9780,486,227.2,21.7,0.0115,,
1.9865,487,227.6,21.7,0.0105,,
1.9950,488,227.7,21.7,0.0105,,
2.0035,489,228.0,21.7,0.0105,,
2.0110,490,228.2,21.7,0.0105,,
2.0195,491,228.6,21.7,0.0120,,
2.0280,492,229.0,21.7,0.0120,,
2.0365,493,229.1,21.7,0.0105,,
2.0445,494,229.4,21.7,0.0100,,
2.0530,495,229.7,21.7,0.0105,,
2.0615,496,229.7,21.7,0.0120,,
2.0690,497,230.1,21.7,0.0105,,
2.0775,498,230.2,21.7,0.0120,,
2.0860,499,230.5,21.7,0.0105,,
2.0945,500,230.9,21.7,0.0105,,
2.1025,501,231.1,21.7,0.0100,,
2.1110,502,231.3,21.7,0.0120,,
2.1185,503,231.4,21.7,0.0105,,
2.1270,504,231.6,21.7,0.0120,,
2.1355,505,232.0,21.7,0.0105,,
2.1440,506,232.3,21.7,0.0105,,
2.1525,507,232.3,21.7,0.0105,,
2.1610,508,232.6,21.7,0.0120,,
2.1685,509,232.8,21.7,0.0105,,
2.1765,510,233.2,21.7,0.0115,,
2.1850,511,233.4,21.7,0.0105,,
2.1935,512,233.6,21.7,0.0105,,
2.2010,513,233.8,21.7,0.0095,,
2.2095,514,234.0,21.7,0.0120,,
2.2150,515,234.3,21.7,0.0080,,
2.2155,516,234.4,21.7,0.0005,,
2.2165,517,234.3,21.7,0.0010,,
2.2170,518,234.5,21.7,0.0005,,
2.2180,519,234.6,21.7,0.0010,,
2.2185,520,234.5,21.7,0.0005,,
2.2195,521,234.6,21.7,0.0015,,
2.2210,522,234.5,21.7,0.0020,,
2.2230,523,234.6,21.7,0.0025,,
2.2260,524,234.7,21.7,0.0035,,
2.2305,525,234.6,21.7,0.0055,,
2.2325,526,234.8,21.7,0.0030,,
2.2330,527,234.6,21.7,0.0005,,
2.2340,528,235.1,21.7,0.0015,,
Scope 1/1, Sample 29/33 (T20)
Result,TitrationEP1
V,t,E,T,dV/dt,E acc. stat.,Volume acc. stat.
0.0000,0,-70.4,21.6,NaN,,
0.0010,1,-70.5,21.6,0.0010,,
0.0025,2,-70.4,21.6,0.0015,,
0.0050,3,-70.5,21.6,0.0025,,
0.0090,4,-70.3,21.6,0.0035,,
0.0150,5,-70.1,21.6,0.0055,,
0.0235,6,-69.6,21.6,0.0075,,
0.0320,7,-68.6,21.6,0.0075,,
0.0405,8,-67.7,21.6,0.0085,,
0.0480,9,-66.4,21.6,0.0075,,
0.0565,10,-65.2,21.6,0.0075,,
0.0650,11,-63.7,21.6,0.0075,,
0.0730,12,-62.1,21.6,0.0075,,
0.0815,13,-60.4,21.6,0.0075,,
0.0890,14,-58.9,21.6,0.0075,,
0.0975,15,-57.1,21.6,0.0075,,
0.1060,16,-55.0,21.6,0.0075,,
0.1145,17,-52.9,21.6,0.0075,,
0.1230,18,-50.9,21.6,0.0075,,
0.1315,19,-48.8,21.6,0.0075,,
0.1390,20,-46.6,21.6,0.0075,,
0.1475,21,-44.0,21.6,0.0075,,
0.1555,22,-41.2,21.6,0.0075,,
0.1640,23,-38.5,21.6,0.0075,,
0.1725,24,-35.7,21.6,0.0075,,
0.1810,25,-32.5,21.6,0.0075,,
0.1885,26,-29.9,21.6,0.0075,,
0.1970,27,-26.9,21.6,0.0075,,
0.2055,28,-24.1,21.6,0.0075,,
0.2135,29,-21.5,21.6,0.0075,,
0.2220,30,-18.9,21.6,0.0075,,
0.2305,31,-16.7,21.6,0.0075,,
0.2380,32,-14.8,21.6,0.0075,,
0.2465,33,-13.1,21.6,0.0075,,
0.2550,34,-11.4,21.6,0.0075,,
0.2635,35,-9.7,21.6,0.0075,,
0.2720,36,-8.1,21.6,0.0075,,
0.2800,37,-6.7,21.6,0.0075,,
0.2880,38,-5.4,21.6,0.0080,,
0.2960,39,-4.0,21.6,0.0075,,
0.3045,40,-2.7,21.6,0.0075,,
0.3130,41,-1.6,21.6,0.0075,,
0.3215,42,-0.6,21.6,0.0075,,
0.3300,43,0.6,21.6,0.0075,,
0.3375,44,1.5,21.6,0.0075,,
0.3460,45,2.7,21.6,0.0075,,
0.3540,46,3.8,21.6,0.0075,,
0.3625,47,4.6,21.6,0.0075,,
0.3710,48,5.8,21.6,0.0075,,
0.3795,49,6.9,21.6,0.0075,,
0.3870,50,7.7,21.6,0.0075,,
0.3955,51,8.7,21.6,0.0085,,
0.4040,52,9.7,21.6,0.0075,,
0.4120,53,10.7,21.6,0.0075,,
0.4205,54,11.8,21.6,0.0075,,
0.4290,55,12.7,21.6,0.0075,,
0.4375,56,13.6,21.6,0.0085,,
0.4450,57,14.3,21.6,0.0075,,
0.4535,58,15.3,21.6,0.0075,,
0.4620,59,16.3,21.6,0.0075,,
0.4705,60,17.0,21.6,0.0075,,
0.4785,61,17.8,21.6,0.0075,,
0.4870,62,18.7,21.6,0.0085,,
0.4945,63,19.6,21.6,0.0075,,
0.5030,64,20.6,21.6,0.0075,,
0.5115,65,21.2,21.6,0.0075,,
0.5200,66,22.0,21.6,0.0075,,
0.5285,67,23.0,21.6,0.0075,,
0.5365,68,23.7,21.6,0.0080,,
0.5445,69,24.7,21.6,0.0080,,
0.5525,70,25.5,21.6,0.0075,,
0.5610,71,26.4,21.6,0.0075,,
0.5695,72,27.3,21.6,0.0075,,
0.5780,73,28.2,21.6,0.0075,,
0.5855,74,29.1,21.6,0.0075,,
0.5940,75,29.9,21.6,0.0075,,
0.6025,76,30.8,21.6,0.0075,,
0.6110,77,31.8,21.6,0.0075,,
0.6190,78,32.5,21.6,0.0075,,
0.6275,79,33.4,21.6,0.0075,,
0.6350,80,34.2,21.6,0.0075,,
0.6435,81,35.1,21.6,0.0075,,
0.6520,82,36.2,21.6,0.0075,,
0.6605,83,36.9,21.6,0.0075,,
0.6690,84,37.7,21.6,0.0075,,
0.6775,85,38.7,21.6,0.0075,,
0.6850,86,39.4,21.6,0.0075,,
0.6930,87,40.4,21.6,0.0075,,
0.7015,88,41.1,21.6,0.0075,,
0.7100,89,42.0,21.6,0.0075,,
0.7185,90,43.1,21.6,0.0075,,
0.7270,91,44.0,21.6,0.0075,,
0.7345,92,44.9,21.6,0.0075,,
0.7430,93,45.7,21.6,0.0075,,
0.7515,94,46.6,21.6,0.0075,,
0.7595,95,47.7,21.6,0.0075,,
0.7680,96,48.6,21.6,0.0075,,
0.7765,97,49.4,21.6,0.0075,,
0.7840,98,50.3,21.6,0.0075,,
0.7925,99,51.3,21.6,0.0085,,
0.8010,100,52.4,21.6,0.0075,,
0.8095,101,53.3,21.6,0.0075,,
0.8175,102,54.3,21.6,0.0075,,
0.8260,103,55.3,21.6,0.0075,,
0.8345,104,56.4,21.6,0.0075,,
0.8420,105,57.2,21.6,0.0075,,
0.8505,106,58.2,21.6,0.0075,,
0.8590,107,59.0,21.6,0.0075,,
0.8675,108,60.0,21.6,0.0075,,
0.8755,109,61.1,21.6,0.0075,,
0.8840,110,62.2,21.6,0.0075,,
0.8915,111,63.0,21.6,0.0075,,
0.9000,112,64.0,21.6,0.0075,,
0.9085,113,65.1,21.6,0.0075,,
0.9170,114,66.3,21.6,0.0075,,
0.9255,115,67.2,21.6,0.0075,,
0.9340,116,68.4,21.6,0.0085,,
0.9415,117,69.3,21.6,0.0075,,
0.9500,118,70.5,21.6,0.0075,,
0.9580,119,71.7,21.6,0.0075,,
0.9665,120,72.7,21.6,0.0075,,
0.9750,121,73.9,21.6,0.0075,,
0.9835,122,75.2,21.6,0.0075,,
0.9910,123,76.2,21.6,0.0075,,
0.9995,124,77.5,21.6,0.0075,,
1.0080,125,78.7,21.6,0.0075,,
1.0160,126,79.9,21.6,0.0075,,
1.0245,127,81.3,21.6,0.0075,,
1.0330,128,82.6,21.6,0.0075,,
1.0405,129,83.9,21.6,0.0075,,
1.0490,130,85.3,21.6,0.0075,,
1.0575,131,86.5,21.6,0.0075,,
1.0660,132,88.0,21.6,0.0075,,
1.0745,133,89.4,21.6,0.0075,,
1.0825,134,91.0,21.6,0.0080,,
1.0905,135,92.5,21.6,0.0080,,
1.0985,136,94.2,21.6,0.0075,,
1.1070,137,96.0,21.6,0.0075,,
1.1155,138,97.9,21.6,0.0075,,
1.1240,139,99.5,21.6,0.0075,,
1.1325,140,101.4,21.6,0.0075,,
1.1400,141,103.2,21.6,0.0075,,
1.1485,142,105.3,21.6,0.0075,,
1.1565,143,107.7,21.6,0.0075,,
1.1650,144,110.0,21.6,0.0075,,
1.1735,145,112.5,21.6,0.0075,,
1.1820,146,114.9,21.6,0.0075,,
1.1895,147,117.0,21.6,0.0075,,
1.1980,148,119.8,21.6,0.0075,,
1.2065,149,122.7,21.6,0.0075,,
1.2150,150,126.0,21.6,0.0075,,
1.2230,151,129.9,21.6,0.0075,,
1.2315,152,133.6,21.6,0.0075,,
1.2390,153,137.1,21.6,0.0075,,
1.2475,154,140.8,21.6,0.0075,,
1.2560,155,144.8,21.6,0.0075,,
1.2645,156,148.8,21.6,0.0075,,
1.2730,157,152.7,21.6,0.0075,,
1.2810,158,156.1,21.6,0.0075,,
1.2895,159,159.3,21.6,0.0085,,
1.2970,160,162.6,21.6,0.0070,,
1.3055,161,165.6,21.6,0.0075,,
1.3140,162,168.2,21.6,0.0075,,
1.3225,163,170.6,21.6,0.0075,,
1.3310,164,173.2,21.6,0.0075,,
1.3390,165,175.3,21.6,0.0080,,
1.3470,166,177.4,21.6,0.0080,,
1.3550,167,179.1,21.6,0.0075,,
1.3635,168,180.8,21.6,0.0075,,
1.3720,169,182.7,21.6,0.0075,,
1.3805,170,184.2,21.6,0.0075,,
1.3875,171,185.0,21.6,0.0070,,
1.3875,411,187.5,21.6,0.0000,,
1.3880,412,187.4,21.6,0.0005,,
1.3895,413,187.3,21.6,0.0015,,
1.3920,414,187.6,21.6,0.0020,,
1.3960,415,188.0,21.6,0.0035,,
1.4025,416,188.5,21.6,0.0055,,
1.4105,417,189.6,21.6,0.0065,,
1.4185,418,190.6,21.6,0.0075,,
1.4265,419,191.9,21.6,0.0075,,
1.4350,420,193.0,21.6,0.0075,,
1.4435,421,194.0,21.6,0.0070,,
1.4520,422,195.1,21.6,0.0070,,
1.4605,423,196.2,21.6,0.0070,,
1.4680,424,197.0,21.6,0.0070,,
1.4765,425,198.0,21.6,0.0075,,
1.4845,426,198.8,21.6,0.0075,,
1.4930,427,199.7,21.6,0.0070,,
1.5015,428,200.7,21.6,0.0070,,
1.5100,429,201.3,21.6,0.0070,,
1.5185,430,202.1,21.6,0.0075,,
1.5260,431,202.8,21.6,0.0070,,
1.5345,432,203.6,21.6,0.0075,,
1.5430,433,204.4,21.6,0.0070,,
1.5510,434,205.0,21.6,0.0065,,
1.5595,435,205.7,21.6,0.0070,,
1.5670,436,206.2,21.6,0.0070,,
1.5755,437,207.0,21.6,0.0075,,
1.5840,438,207.6,21.6,0.0075,,
1.5925,439,208.0,21.6,0.0070,,
1.6010,440,208.6,21.6,0.0070,,
1.6095,441,209.4,21.6,0.0070,,
1.6170,442,209.8,21.6,0.0070,,
1.6255,443,210.5,21.6,0.0075,,
1.6335,444,210.9,21.6,0.0075,,
1.6420,445,211.5,21.6,0.0070,,
1.6505,446,212.2,21.6,0.0070,,
1.6590,447,212.7,21.6,0.0075,,
1.6665,448,213.1,21.6,0.0070,,
1.6750,449,213.6,21.6,0.0075,,
1.6835,450,214.1,21.6,0.0070,,
1.6920,451,214.7,21.6,0.0070,,
1.7000,452,215.1,21.6,0.0065,,
1.7085,453,215.4,21.6,0.0070,,
1.7160,454,215.8,21.6,0.0070,,
1.7245,455,216.2,21.6,0.0075,,
1.7330,456,216.9,21.6,0.0075,,
1.7415,457,217.3,21.6,0.0070,,
1.7500,458,217.6,21.6,0.0070,,
1.7580,459,218.2,21.6,0.0065,,
1.7655,460,218.3,21.6,0.0070,,
1.7740,461,218.8,21.6,0.0075,,
1.7825,462,219.2,21.6,0.0075,,
1.7910,463,219.5,21.6,0.0070,,
1.7995,464,219.9,21.6,0.0070,,
1.8075,465,220.4,21.6,0.0065,,
1.8160,466,220.7,21.6,0.0075,,
1.8235,467,221.0,21.6,0.0070,,
1.8320,468,221.3,21.6,0.0075,,
1.8405,469,221.7,21.6,0.0070,,
1.8490,470,222.2,21.6,0.0070,,
1.8575,471,222.4,21.6,0.0070,,
1.8660,472,222.8,21.6,0.0075,,
1.8735,473,222.9,21.6,0.0070,,
1.8820,474,223.4,21.6,0.0075,,
1.8900,475,223.9,21.6,0.0065,,
1.8985,476,224.1,21.6,0.0070,,
1.9070,477,224.4,21.6,0.0070,,
1.9155,478,224.9,21.6,0.0070,,
1.9230,479,225.1,21.6,0.0070,,
1.9315,480,225.5,21.6,0.0075,,
1.9395,481,225.8,21.6,0.0075,,
1.9480,482,226.0,21.6,0.0070,,
1.9565,483,226.4,21.6,0.0070,,
1.9650,484,226.8,21.6,0.0070,,
1.9725,485,227.0,21.6,0.0070,,
1.9810,486,227.2,21.6,0.0075,,
1.9895,487,227.4,21.6,0.0075,,
1.9980,488,227.8,21.6,0.0070,,
2.0060,489,228.1,21.6,0.0065,,
2.0145,490,228.2,21.6,0.0070,,
2.0220,491,228.5,21.6,0.0070,,
2.0305,492,228.8,21.6,0.0075,,
2.0390,493,229.2,21.6,0.0075,,
2.0475,494,229.4,21.6,0.0070,,
2.0560,495,229.5,21.6,0.0070,,
2.0645,496,229.8,21.6,0.0070,,
2.0720,497,230.0,21.6,0.0070,,
2.0805,498,230.4,21.6,0.0075,,
2.0885,499,230.6,21.6,0.0075,,
2.0970,500,230.7,21.6,0.0070,,
2.1055,501,231.1,21.6,0.0070,,
2.1140,502,231.5,21.6,0.0070,,
2.1215,503,231.7,21.6,0.0070,,
2.1300,504,231.9,21.6,0.0075,,
2.1385,505,232.0,21.6,0.0070,,
2.1470,506,232.5,21.6,0.0070,,
2.1550,507,232.7,21.6,0.0065,,
2.1635,508,232.8,21.6,0.0070,,
2.1710,509,233.1,21.6,0.0070,,
2.1795,510,233.2,21.6,0.0075,,
2.1880,511,233.6,21.6,0.0070,,
2.1965,512,233.8,21.6,0.0070,,
2.2040,513,233.8,21.6,0.0060,,
2.2090,514,234.1,21.6,0.0040,,
2.2095,515,234.0,21.6,0.0005,,
2.2100,516,234.2,21.6,0.0005,,
2.2115,517,234.3,21.6,0.0015,,
2.2135,518,234.1,21.6,0.0015,,
2.2155,519,234.1,21.6,0.0015,,
2.2190,520,234.4,21.6,0.0030,,
2.2225,521,234.4,21.6,0.0030,,
2.2265,522,234.6,21.6,0.0035,,
2.2295,523,234.5,21.6,0.0025,,
2.2315,524,234.6,21.6,0.0015,,
2.2340,525,234.9,21.6,0.0020,,
2.2370,526,234.9,21.6,0.0025,,
2.2390,527,235.0,21.6,0.0030,,
Scope 1/1, Sample 30/33 (T21)
Result,TitrationEP1
V,t,E,T,dV/dt,E acc. stat.,Volume acc. stat.
0.0000,0,-71.5,21.5,NaN,,
0.0010,1,-71.5,21.5,0.0010,,
0.0025,2,-71.6,21.5,0.0015,,
0.0050,3,-71.5,21.5,0.0025,,
0.0085,4,-71.4,21.5,0.0030,,
0.0150,5,-70.9,21.5,0.0060,,
0.0230,6,-70.2,21.5,0.0075,,
0.0315,7,-69.5,21.5,0.0075,,
0.0400,8,-68.3,21.5,0.0075,,
0.0485,9,-67.1,21.5,0.0085,,
0.0560,10,-65.7,21.5,0.0070,,
0.0645,11,-64.3,21.5,0.0075,,
0.0725,12,-62.9,21.5,0.0075,,
0.0810,13,-61.0,21.5,0.0075,,
0.0895,14,-59.2,21.5,0.0075,,
0.0980,15,-57.4,21.5,0.0085,,
0.1055,16,-55.6,21.6,0.0070,,
0.1140,17,-53.6,21.5,0.0075,,
0.1225,18,-51.5,21.5,0.0075,,
0.1305,19,-49.2,21.6,0.0075,,
0.1390,20,-46.8,21.5,0.0075,,
0.1475,21,-44.4,21.5,0.0075,,
0.1550,22,-41.9,21.5,0.0070,,
0.1635,23,-39.0,21.5,0.0075,,
0.1720,24,-35.9,21.5,0.0075,,
0.1805,25,-32.9,21.6,0.0075,,
0.1885,26,-29.8,21.5,0.0075,,
0.1970,27,-26.5,21.6,0.0075,,
0.2045,28,-23.9,21.6,0.0070,,
0.2130,29,-21.0,21.6,0.0075,,
0.2215,30,-18.4,21.6,0.0075,,
0.2300,31,-16.0,21.6,0.0075,,
0.2385,32,-13.8,21.6,0.0075,,
0.2470,33,-11.7,21.5,0.0075,,
0.2545,34,-10.1,21.6,0.0070,,
0.2630,35,-8.4,21.6,0.0075,,
0.2710,36,-6.8,21.6,0.0075,,
0.2795,37,-5.2,21.6,0.0075,,
0.2880,38,-3.6,21.6,0.0075,,
0.2965,39,-2.4,21.6,0.0075,,
0.3040,40,-1.3,21.6,0.0070,,
0.3125,41,0.0,21.6,0.0075,,
0.3210,42,1.2,21.6,0.0075,,
0.3295,43,2.3,21.6,0.0075,,
0.3375,44,3.4,21.6,0.0075,,
0.3460,45,4.6,21.6,0.0075,,
0.3535,46,5.6,21.6,0.0070,,
0.3620,47,6.8,21.6,0.0075,,
0.3705,48,7.8,21.6,0.0075,,
0.3790,49,8.6,21.6,0.0075,,
0.3875,50,9.7,21.6,0.0070,,
0.3955,51,10.7,21.6,0.0075,,
0.4035,52,11.6,21.6,0.0075,,
0.4115,53,12.6,21.6,0.0075,,
0.4200,54,13.4,21.6,0.0075,,
0.4285,55,14.4,21.6,0.0075,,
0.4370,56,15.4,21.6,0.0075,,
0.4455,57,16.3,21.6,0.0075,,
0.4530,58,17.2,21.6,0.0070,,
0.4615,59,18.0,21.6,0.0075,,
0.4695,60,19.0,21.6,0.0075,,
0.4780,61,20.1,21.6,0.0075,,
0.4865,62,20.8,21.6,0.0075,,
0.4950,63,21.7,21.6,0.0075,,
0.5025,64,22.4,21.6,0.0070,,
0.5110,65,23.3,21.6,0.0075,,
0.5195,66,24.3,21.6,0.0075,,
0.5280,67,25.1,21.6,0.0075,,
0.5360,68,26.0,21.6,0.0075,,
0.5445,69,27.0,21.6,0.0075,,
0.5520,70,27.8,21.6,0.0070,,
0.5605,71,28.8,21.6,0.0075,,
0.5690,72,29.6,21.6,0.0075,,
0.5775,73,30.4,21.6,0.0075,,
0.5860,74,31.4,21.6,0.0075,,
0.5945,75,32.2,21.6,0.0075,,
0.6020,76,33.0,21.6,0.0070,,
0.6100,77,33.9,21.6,0.0075,,
0.6185,78,34.7,21.6,0.0075,,
0.6270,79,35.7,21.6,0.0075,,
0.6355,80,36.5,21.6,0.0075,,
0.6440,81,37.4,21.6,0.0075,,
0.6515,82,38.3,21.6,0.0070,,
0.6600,83,39.2,21.6,0.0075,,
0.6685,84,40.2,21.6,0.0075,,
0.6765,85,41.1,21.6,0.0075,,
0.6850,86,41.9,21.6,0.0075,,
0.6935,87,42.9,21.6,0.0075,,
0.7010,88,43.6,21.6,0.0070,,
0.7095,89,44.7,21.6,0.0075,,
0.7180,90,45.6,21.6,0.0075,,
0.7265,91,46.4,21.6,0.0075,,
0.7345,92,47.4,21.6,0.0075,,
0.7430,93,48.4,21.6,0.0075,,
0.7505,94,49.3,21.6,0.0070,,
0.7590,95,50.2,21.6,0.0075,,
0.7675,96,51.0,21.6,0.0075,,
0.7760,97,52.1,21.6,0.0075,,
0.7845,98,53.1,21.6,0.0075,,
0.7925,99,53.9,21.6,0.0075,,
0.8010,100,54.9,21.6,0.0085,,
0.8085,101,55.8,21.6,0.0070,,
0.8170,102,56.9,21.6,0.0075,,
0.8255,103,57.9,21.6,0.0075,,
0.8340,104,58.9,21.6,0.0075,,
0.8425,105,59.8,21.6,0.0075,,
0.8510,106,60.7,21.6,0.0085,,
0.8585,107,61.7,21.6,0.0070,,
0.8670,108,62.8,21.6,0.0075,,
0.8750,109,63.7,21.6,0.0075,,
0.8835,110,64.8,21.6,0.0075,,
0.8920,111,65.9,21.6,0.0075,,
0.9005,112,66.9,21.6,0.0075,,
0.9080,113,68.0,21.6,0.0070,,
0.9165,114,68.9,21.6,0.0075,,
0.9250,115,70.0,21.6,0.0075,,
0.9330,116,71.1,21.6,0.0075,,
0.9415,117,72.2,21.6,0.0075,,
0.9490,118,73.4,21.6,0.0070,,
0.9575,119,74.3,21.6,0.0075,,
0.9660,120,75.5,21.6,0.0075,,
0.9745,121,76.8,21.6,0.0075,,
0.9830,122,77.9,21.6,0.0075,,
0.9915,123,79.1,21.6,0.0075,,
0.9995,124,80.2,21.6,0.0075,,
1.0075,125,81.4,21.6,0.0075,,
1.0155,126,82.9,21.6,0.0075,,
1.0240,127,84.3,21.6,0.0075,,
1.0325,128,85.5,21.6,0.0075,,
1.0410,129,86.9,21.6,0.0075,,
1.0495,130,88.2,21.6,0.0085,,
1.0570,131,89.8,21.6,0.0070,,
1.0655,132,91.1,21.6,0.0075,,
1.0735,133,92.6,21.6,0.0075,,
1.0820,134,94.1,21.6,0.0075,,
1.0905,135,95.9,21.6,0.0075,,
1.0990,136,97.6,21.6,0.0075,,
1.1065,137,99.2,21.6,0.0070,,
1.1150,138,100.8,21.6,0.0075,,
1.1235,139,102.8,21.6,0.0075,,
1.1315,140,104.8,21.6,0.0075,,
1.1400,141,106.8,21.6,0.0075,,
1.1485,142,109.0,21.6,0.0075,,
1.1560,143,111.1,21.6,0.0070,,
1.1645,144,113.7,21.6,0.0075,,
1.1730,145,116.2,21.6,0.0075,,
1.1815,146,118.8,21.6,0.0075,,
1.1895,147,121.5,21.6,0.0075,,
1.1980,148,124.6,21.6,0.0075,,
1.2055,149,127.5,21.6,0.0070,,
1.2140,150,130.9,21.6,0.0075,,
1.2225,151,134.3,21.6,0.0075,,
1.2310,152,137.9,21.6,0.0075,,
1.2395,153,141.9,21.6,0.0075,,
1.2480,154,145.5,21.6,0.0075,,
1.2555,155,149.0,21.6,0.0070,,
1.2640,156,152.7,21.6,0.0075,,
1.2720,157,156.1,21.6,0.0075,,
1.2805,158,159.6,21.6,0.0075,,
1.2890,159,162.8,21.6,0.0075,,
1.2975,160,165.6,21.6,0.0075,,
1.3050,161,168.1,21.6,0.0070,,
1.3135,162,170.6,21.6,0.0075,,
1.3220,163,173.2,21.6,0.0075,,
1.3305,164,175.3,21.6,0.0075,,
1.3385,165,177.3,21.6,0.0075,,
1.3470,166,179.3,21.6,0.0075,,
1.3545,167,180.7,21.6,0.0070,,
1.3630,168,182.6,21.6,0.0075,,
1.3715,169,184.0,21.6,0.0075,,
1.3785,170,185.1,21.6,0.0070,,
1.3785,410,187.0,21.6,0.0000,,
1.3790,411,186.8,21.6,0.0005,,
1.3805,412,187.0,21.6,0.0015,,
1.3830,413,187.3,21.6,0.0025,,
1.3870,414,187.7,21.6,0.0035,,
1.3935,415,188.3,21.6,0.0055,,
1.4015,416,189.5,21.6,0.0065,,
1.4095,417,190.5,21.6,0.0075,,
1.4175,418,191.7,21.6,0.0075,,
1.4260,419,192.8,21.6,0.0070,,
1.4345,420,193.8,21.6,0.0070,,
1.4430,421,195.0,21.6,0.0070,,
1.4515,422,195.9,21.6,0.0075,,
1.4590,423,196.8,21.6,0.0070,,
1.4675,424,197.7,21.6,0.0075,,
1.4755,425,198.5,21.6,0.0075,,
1.4840,426,199.6,21.6,0.0070,,
1.4925,427,200.4,21.6,0.0070,,
1.5010,428,201.1,21.6,0.0075,,
1.5085,429,201.8,21.6,0.0070,,
1.5170,430,202.6,21.6,0.0075,,
1.5255,431,203.5,21.6,0.0070,,
1.5340,432,204.1,21.6,0.0070,,
1.5420,433,204.7,21.6,0.0065,,
1.5505,434,205.5,21.6,0.0070,,
1.5580,435,206.1,21.6,0.0070,,
1.5665,436,206.9,21.6,0.0075,,
1.5750,437,207.6,21.6,0.0075,,
1.5835,438,208.1,21.6,0.0070,,
1.5920,439,208.8,21.6,0.0070,,
1.6000,440,209.5,21.6,0.0065,,
1.6080,441,209.8,21.6,0.0075,,
1.6160,442,210.5,21.6,0.0075,,
1.6245,443,210.9,21.6,0.0075,,
1.6330,444,211.5,21.6,0.0070,,
1.6415,445,212.2,21.6,0.0070,,
1.6500,446,212.6,21.6,0.0070,,
1.6575,447,213.0,21.6,0.0070,,
1.6660,448,213.4,21.6,0.0075,,
1.6740,449,213.9,21.6,0.0075,,
1.6825,450,214.6,21.6,0.0070,,
1.6910,451,215.0,21.6,0.0070,,
1.6995,452,215.5,21.6,0.0070,,
1.7070,453,215.8,21.6,0.0070,,
1.7155,454,216.3,21.6,0.0075,,
1.7240,455,216.8,21.6,0.0075,,
1.7320,456,217.3,21.6,0.0065,,
1.7405,457,217.5,21.6,0.0070,,
1.7490,458,218.1,21.6,0.0070,,
1.7575,459,218.5,21.6,0.0075,,
1.7650,460,219.0,21.6,0.0070,,
1.7735,461,219.3,21.6,0.0075,,
1.7820,462,219.6,21.6,0.0070,,
1.7905,463,220.0,21.6,0.0070,,
1.7985,464,220.4,21.6,0.0065,,
1.8065,465,220.8,21.6,0.0075,,
1.8145,466,221.1,21.6,0.0075,,
1.8230,467,221.4,21.6,0.0075,,
1.8315,468,221.8,21.6,0.0070,,
1.8400,469,222.1,21.6,0.0070,,
1.8485,470,222.4,21.6,0.0070,,
1.8560,471,222.7,21.6,0.0070,,
1.8645,472,223.2,21.6,0.0075,,
1.8730,473,223.6,21.6,0.0075,,
1.8810,474,223.9,21.6,0.0065,,
1.8895,475,224.2,21.6,0.0070,,
1.8980,476,224.5,21.6,0.0070,,
1.9055,477,224.8,21.6,0.0070,,
1.9140,478,225.3,21.6,0.0075,,
1.9225,479,225.4,21.6,0.0075,,
1.9310,480,225.6,21.6,0.0070,,
1.9395,481,226.1,21.6,0.0070,,
1.9475,482,226.4,21.6,0.0065,,
1.9555,483,226.6,21.6,0.0075,,
1.9635,484,226.8,21.6,0.0075,,
1.9720,485,227.1,21.6,0.0075,,
1.9805,486,227.5,21.6,0.0070,,
1.9890,487,227.7,21.6,0.0070,,
1.9975,488,227.9,21.6,0.0070,,
2.0050,489,228.1,21.6,0.0070,,
2.0135,490,228.5,21.6,0.0075,,
2.0220,491,228.9,21.6,0.0070,,
2.0300,492,229.0,21.6,0.0065,,
2.0385,493,229.3,21.6,0.0070,,
2.0470,494,229.4,21.6,0.0075,,
2.0545,495,229.8,21.6,0.0070,,
2.0630,496,230.1,21.6,0.0075,,
2.0715,497,230.4,21.6,0.0075,,
2.0800,498,230.6,21.6,0.0070,,
2.0880,499,230.8,21.6,0.0065,,
2.0965,500,231.2,21.6,0.0070,,
2.1040,501,231.5,21.6,0.0070,,
2.1125,502,231.7,21.6,0.0075,,
2.1210,503,231.8,21.6,0.0075,,
2.1295,504,232.2,21.6,0.0070,,
2.1380,505,232.5,21.6,0.0070,,
2.1460,506,232.7,21.6,0.0065,,
2.1540,507,232.9,21.6,0.0075,,
2.1620,508,233.0,21.6,0.0075,,
2.1705,509,233.3,21.6,0.0075,,
2.1790,510,233.6,21.6,0.0070,,
2.1875,511,233.8,21.6,0.0070,,
2.1955,512,233.9,21.6,0.0065,,
2.2035,513,234.1,21.6,0.0075,,
2.2065,514,234.4,21.6,0.0025,,
2.2065,515,234.5,21.6,0.0000,,
2.2080,516,234.4,21.6,0.0010,,
2.2095,517,234.4,21.6,0.0010,,
2.2115,518,234.6,21.6,0.0015,,
2.2145,519,234.5,21.6,0.0025,,
2.2170,520,234.7,21.6,0.0025,,
2.2195,521,234.6,21.6,0.0025,,
2.2220,522,234.6,21.6,0.0020,,
2.2240,523,234.7,21.6,0.0015,,
2.2250,524,234.8,21.6,0.0010,,
2.2250,525,234.7,21.6,0.0000,,
2.2255,526,235.0,21.6,0.0005,,
Scope 1/1, Sample 31/33 (T22)
Result,TitrationEP1
V,t,E,T,dV/dt,E acc. stat.,Volume acc. stat.
0.0000,0,-69.8,21.6,NaN,,
0.0005,1,-69.6,21.5,0.0005,,
0.0025,2,-69.9,21.5,0.0020,,
0.0050,3,-69.7,21.6,0.0025,,
0.0090,4,-69.4,21.5,0.0035,,
0.0150,5,-69.3,21.6,0.0055,,
0.0235,6,-68.7,21.6,0.0075,,
0.0310,7,-68.0,21.6,0.0075,,
0.0395,8,-66.6,21.6,0.0085,,
0.0480,9,-65.1,21.6,0.0085,,
0.0565,10,-63.8,21.6,0.0075,,
0.0650,11,-62.4,21.6,0.0075,,
0.0730,12,-60.7,21.6,0.0075,,
0.0810,13,-59.3,21.6,0.0080,,
0.0890,14,-57.3,21.6,0.0080,,
0.0975,15,-55.6,21.6,0.0085,,
0.1060,16,-53.7,21.6,0.0075,,
0.1145,17,-51.5,21.6,0.0075,,
0.1230,18,-49.2,21.6,0.0075,,
0.1310,19,-47.1,21.6,0.0080,,
0.1390,20,-44.7,21.6,0.0080,,
0.1470,21,-42.4,21.6,0.0080,,
0.1555,22,-39.6,21.6,0.0075,,
0.1640,23,-36.5,21.6,0.0075,,
0.1725,24,-33.7,21.6,0.0075,,
0.1810,25,-30.8,21.6,0.0085,,
0.1885,26,-28.0,21.6,0.0075,,
0.1970,27,-24.9,21.6,0.0085,,
0.2050,28,-21.9,21.6,0.0075,,
0.2135,29,-19.3,21.6,0.0075,,
0.2220,30,-17.1,21.6,0.0075,,
0.2305,31,-14.8,21.6,0.0075,,
0.2380,32,-13.1,21.6,0.0075,,
0.2465,33,-11.1,21.6,0.0085,,
0.2550,34,-9.6,21.6,0.0075,,
0.2630,35,-8.0,21.6,0.0075,,
0.2715,36,-6.3,21.6,0.0075,,
0.2800,37,-4.8,21.6,0.0075,,
0.2875,38,-3.5,21.6,0.0075,,
0.2960,39,-2.5,21.6,0.0085,,
0.3045,40,-1.4,21.6,0.0085,,
0.3130,41,0.1,21.6,0.0075,,
0.3215,42,1.2,21.6,0.0075,,
0.3295,43,2.2,21.6,0.0075,,
0.3375,44,3.2,21.6,0.0080,,
0.3455,45,4.2,21.6,0.0080,,
0.3540,46,5.5,21.6,0.0085,,
0.3625,47,6.5,21.6,0.0075,,
0.3710,48,7.4,21.6,0.0075,,
0.3795,49,8.5,21.6,0.0075,,
0.3870,50,9.3,21.6,0.0075,,
0.3955,51,10.3,21.6,0.0085,,
0.4035,52,11.3,21.6,0.0080,,
0.4120,53,12.2,21.6,0.0075,,
0.4205,54,13.1,21.6,0.0075,,
0.4290,55,14.2,21.6,0.0075,,
0.4365,56,14.9,21.6,0.0075,,
0.4450,57,15.7,21.6,0.0085,,
0.4535,58,16.4,21.6,0.0075,,
0.4620,59,17.3,21.6,0.0075,,
0.4700,60,18.5,21.6,0.0075,,
0.4785,61,19.1,21.6,0.0075,,
0.4860,62,19.9,21.6,0.0075,,
0.4945,63,20.6,21.6,0.0085,,
0.5030,64,21.6,21.6,0.0085,,
0.5115,65,22.6,21.6,0.0075,,
0.5200,66,23.2,21.6,0.0075,,
0.5285,67,24.1,21.6,0.0075,,
0.5360,68,24.9,21.6,0.0075,,
0.5440,69,25.9,21.6,0.0080,,
0.5525,70,26.8,21.6,0.0085,,
0.5610,71,27.4,21.6,0.0075,,
0.5695,72,28.2,21.6,0.0075,,
0.5780,73,29.3,21.6,0.0075,,
0.5855,74,30.0,21.6,0.0075,,
0.5940,75,31.0,21.6,0.0085,,
0.6025,76,31.7,21.6,0.0075,,
0.6105,77,32.6,21.6,0.0075,,
0.6190,78,33.6,21.6,0.0075,,
0.6275,79,34.3,21.6,0.0075,,
0.6350,80,35.1,21.6,0.0075,,
0.6435,81,35.8,21.6,0.0085,,
0.6520,82,36.6,21.6,0.0085,,
0.6605,83,37.6,21.6,0.0075,,
0.6685,84,38.5,21.6,0.0075,,
0.6770,85,39.2,21.6,0.0075,,
0.6855,86,40.1,21.6,0.0085,,
0.6930,87,40.9,21.6,0.0075,,
0.7015,88,42.0,21.6,0.0085,,
0.7100,89,42.8,21.6,0.0075,,
0.7185,90,43.5,21.6,0.0075,,
0.7265,91,44.4,21.6,0.0075,,
0.7350,92,45.1,21.6,0.0085,,
0.7425,93,46.2,21.6,0.0075,,
0.7510,94,47.1,21.6,0.0085,,
0.7595,95,47.8,21.6,0.0075,,
0.7680,96,48.8,21.6,0.0075,,
0.7765,97,50.0,21.6,0.0075,,
0.7845,98,50.8,21.6,0.0075,,
0.7925,99,51.7,21.6,0.0080,,
0.8005,100,52.4,21.6,0.0080,,
0.8090,101,53.3,21.6,0.0075,,
0.8175,102,54.4,21.6,0.0075,,
0.8260,103,55.3,21.6,0.0075,,
0.8345,104,56.1,21.6,0.0075,,
0.8420,105,57.0,21.6,0.0075,,
0.8505,106,58.0,21.6,0.0085,,
0.8590,107,59.2,21.6,0.0085,,
0.8670,108,60.0,21.6,0.0075,,
0.8755,109,60.9,21.6,0.0075,,
0.8840,110,62.0,21.6,0.0075,,
0.8915,111,62.8,21.6,0.0075,,
0.9000,112,64.0,21.6,0.0085,,
0.9085,113,64.8,21.6,0.0085,,
0.9170,114,65.8,21.6,0.0075,,
0.9250,115,66.9,21.6,0.0075,,
0.9335,116,68.1,21.6,0.0075,,
0.9410,117,69.1,21.6,0.0075,,
0.9495,118,70.1,21.6,0.0085,,
0.9580,119,70.9,21.6,0.0085,,
0.9665,120,72.3,21.6,0.0075,,
0.9750,121,73.5,21.6,0.0075,,
0.9835,122,74.4,21.6,0.0075,,
0.9910,123,75.6,21.6,0.0075,,
0.9995,124,76.7,21.6,0.0075,,
1.0075,125,78.1,21.6,0.0080,,
1.0160,126,79.3,21.6,0.0075,,
1.0245,127,80.3,21.6,0.0075,,
1.0330,128,81.6,21.6,0.0075,,
1.0405,129,82.7,21.6,0.0075,,
1.0490,130,84.2,21.6,0.0085,,
1.0575,131,85.6,21.6,0.0075,,
1.0655,132,86.7,21.6,0.0075,,
1.0740,133,88.3,21.6,0.0075,,
1.0825,134,89.7,21.6,0.0075,,
1.0900,135,91.0,21.6,0.0075,,
1.0985,136,92.5,21.6,0.0085,,
1.1070,137,93.7,21.6,0.0075,,
1.1155,138,95.5,21.6,0.0075,,
1.1240,139,97.4,21.6,0.0075,,
1.1320,140,99.0,21.6,0.0080,,
1.1400,141,100.6,21.6,0.0080,,
1.1480,142,102.3,21.6,0.0080,,
1.1565,143,104.5,21.6,0.0075,,
1.1650,144,106.6,21.6,0.0075,,
1.1735,145,108.6,21.6,0.0075,,
1.1820,146,110.8,21.6,0.0085,,
1.1895,147,113.0,21.6,0.0075,,
1.1980,148,115.7,21.6,0.0085,,
1.2060,149,118.3,21.6,0.0075,,
1.2145,150,120.9,21.6,0.0075,,
1.2230,151,123.8,21.6,0.0075,,
1.2315,152,127.3,21.6,0.0075,,
1.2390,153,130.8,21.6,0.0075,,
1.2475,154,134.5,21.6,0.0085,,
1.2560,155,137.9,21.6,0.0075,,
1.2645,156,141.5,21.6,0.0075,,
1.2725,157,145.5,21.6,0.0075,,
1.2810,158,149.4,21.6,0.0075,,
1.2885,159,152.6,21.6,0.0075,,
1.2970,160,156.0,21.6,0.0085,,
1.3055,161,159.5,21.6,0.0075,,
1.3140,162,162.9,21.6,0.0075,,
1.3225,163,165.9,21.6,0.0075,,
1.3305,164,168.1,21.6,0.0075,,
1.3385,165,170.6,21.6,0.0080,,
1.3465,166,172.9,21.6,0.0080,,
1.3550,167,175.4,21.6,0.0085,,
1.3635,168,177.3,21.6,0.0075,,
1.3720,169,179.1,21.6,0.0075,,
1.3805,170,180.9,21.6,0.0075,,
1.3880,171,182.2,21.6,0.0075,,
1.3965,172,183.9,21.6,0.0085,,
1.4040,173,185.1,21.6,0.0075,,
1.4040,413,187.2,21.6,0.0000,,
1.4045,414,187.4,21.6,0.0005,,
1.4060,415,187.2,21.6,0.0015,,
1.4085,416,187.2,21.6,0.0025,,
1.4125,417,187.8,21.6,0.0035,,
1.4185,418,188.5,21.6,0.0055,,
1.4270,419,189.3,21.6,0.0075,,
1.4345,420,190.6,21.6,0.0075,,
1.4430,421,191.5,21.6,0.0085,,
1.4515,422,192.7,21.6,0.0075,,
1.4600,423,193.8,21.6,0.0075,,
1.4680,424,194.8,21.6,0.0075,,
1.4765,425,195.7,21.6,0.0085,,
1.4840,426,196.6,21.6,0.0075,,
1.4925,427,197.9,21.6,0.0085,,
1.5010,428,198.7,21.6,0.0075,,
1.5095,429,199.4,21.6,0.0075,,
1.5180,430,200.3,21.6,0.0075,,
1.5260,431,201.0,21.6,0.0080,,
1.5340,432,202.0,21.6,0.0080,,
1.5420,433,202.6,21.6,0.0080,,
1.5505,434,203.2,21.6,0.0075,,
1.5590,435,204.1,21.6,0.0075,,
1.5675,436,205.0,21.6,0.0075,,
1.5760,437,205.5,21.6,0.0085,,
1.5835,438,206.1,21.6,0.0075,,
1.5920,439,206.6,21.6,0.0085,,
1.6005,440,207.4,21.6,0.0075,,
1.6085,441,208.1,21.6,0.0075,,
1.6170,442,208.4,21.6,0.0075,,
1.6255,443,209.1,21.6,0.0085,,
1.6330,444,209.5,21.6,0.0075,,
1.6415,445,210.3,21.6,0.0085,,
1.6500,446,210.9,21.6,0.0075,,
1.6585,447,211.1,21.6,0.0075,,
1.6665,448,211.7,21.6,0.0075,,
1.6750,449,212.2,21.6,0.0085,,
1.6825,450,212.8,21.6,0.0075,,
1.6910,451,213.4,21.6,0.0085,,
1.6995,452,213.7,21.6,0.0075,,
1.7080,453,214.2,21.6,0.0075,,
1.7165,454,215.0,21.6,0.0075,,
1.7245,455,215.4,21.6,0.0075,,
1.7325,456,216.0,21.6,0.0080,,
1.7405,457,216.2,21.6,0.0080,,
1.7490,458,216.5,21.6,0.0085,,
1.7575,459,217.2,21.6,0.0075,,
1.7660,460,217.5,21.6,0.0075,,
1.7745,461,217.8,21.6,0.0075,,
1.7820,462,218.2,21.6,0.0075,,
1.7905,463,218.5,21.6,0.0085,,
1.7990,464,219.0,21.6,0.0085,,
1.8070,465,219.5,21.6,0.0075,,
1.8155,466,219.5,21.6,0.0075,,
1.8240,467,220.1,21.7,0.0075,,
1.8315,468,220.3,21.7,0.0075,,
1.8400,469,221.0,21.6,0.0085,,
1.8485,470,221.2,21.6,0.0085,,
1.8570,471,221.4,21.7,0.0075,,
1.8650,472,221.9,21.7,0.0075,,
1.8735,473,222.4,21.7,0.0075,,
1.8810,474,222.6,21.6,0.0075,,
1.8895,475,222.9,21.6,0.0085,,
1.8980,476,223.1,21.7,0.0085,,
1.9065,477,223.6,21.7,0.0075,,
1.9150,478,224.1,21.6,0.0075,,
1.9235,479,224.2,21.6,0.0075,,
1.9315,480,224.6,21.7,0.0080,,
1.9395,481,224.7,21.6,0.0080,,
1.9475,482,225.3,21.7,0.0080,,
1.9560,483,225.7,21.6,0.0075,,
1.9645,484,225.8,21.6,0.0075,,
1.9730,485,226.1,21.6,0.0075,,
1.9805,486,226.4,21.6,0.0075,,
1.9890,487,226.8,21.7,0.0085,,
1.9975,488,227.2,21.6,0.0085,,
2.0055,489,227.3,21.6,0.0075,,
2.0140,490,227.5,21.6,0.0075,,
2.0225,491,228.0,21.7,0.0075,,
2.0300,492,228.2,21.7,0.0075,,
2.0385,493,228.5,21.6,0.0085,,
2.0470,494,228.6,21.7,0.0085,,
2.0555,495,228.8,21.7,0.0075,,
2.0640,496,229.2,21.7,0.0075,,
2.0720,497,229.4,21.7,0.0075,,
2.0800,498,229.8,21.7,0.0080,,
2.0880,499,229.8,21.7,0.0080,,
2.0965,500,230.0,21.7,0.0085,,
2.1050,501,230.5,21.7,0.0075,,
2.1135,502,230.6,21.7,0.0075,,
2.1220,503,230.8,21.7,0.0075,,
2.1295,504,231.1,21.7,0.0075,,
2.1380,505,231.4,21.7,0.0085,,
2.1460,506,231.7,21.7,0.0080,,
2.1545,507,231.8,21.7,0.0075,,
2.1630,508,231.9,21.7,0.0075,,
2.1715,509,232.4,21.7,0.0075,,
2.1790,510,232.4,21.7,0.0075,,
2.1875,511,232.9,21.7,0.0085,,
2.1960,512,233.0,21.7,0.0085,,
2.2045,513,233.2,21.7,0.0075,,
2.2125,514,233.7,21.7,0.0075,,
2.2210,515,233.8,21.7,0.0075,,
2.2280,516,234.1,21.7,0.0070,,
2.2345,517,234.1,21.7,0.0065,,
2.2380,518,234.2,21.7,0.0030,,
2.2385,519,234.4,21.7,0.0005,,
2.2395,520,234.4,21.7,0.0010,,
2.2415,521,234.3,21.7,0.0020,,
2.2435,522,234.4,21.7,0.0020,,
2.2455,523,234.5,21.7,0.0020,,
2.2460,524,234.6,21.7,0.0005,,
2.2470,525,234.7,21.7,0.0010,,
2.2475,526,234.5,21.7,0.0005,,
2.2485,527,234.6,21.7,0.0010,,
2.2490,528,234.5,21.7,0.0005,,
2.2500,529,234.7,21.7,0.0010,,
2.2520,530,234.8,21.7,0.0020,,
2.2540,531,234.6,21.7,0.0020,,
2.2560,532,234.8,21.7,0.0020,,
2.2570,533,235.0,21.7,0.0010,,
Scope 1/1, Sample 32/33 (T23)
Result,TitrationEP1
V,t,E,T,dV/dt,E acc. stat.,Volume acc. stat.
0.0000,0,-72.2,21.6,NaN,,
0.0010,1,-72.3,21.6,0.0010,,
0.0025,2,-72.4,21.6,0.0015,,
0.0050,3,-72.4,21.6,0.0025,,
0.0085,4,-72.2,21.6,0.0030,,
0.0150,5,-71.8,21.6,0.0060,,
0.0230,6,-71.3,21.6,0.0075,,
0.0315,7,-70.4,21.6,0.0075,,
0.0400,8,-69.2,21.6,0.0075,,
0.0485,9,-68.2,21.6,0.0085,,
0.0560,10,-66.8,21.6,0.0070,,
0.0645,11,-65.4,21.6,0.0075,,
0.0725,12,-63.9,21.6,0.0075,,
0.0810,13,-62.1,21.6,0.0075,,
0.0895,14,-60.3,21.6,0.0075,,
0.0970,15,-58.7,21.6,0.0075,,
0.1055,16,-56.9,21.6,0.0075,,
0.1140,17,-54.9,21.6,0.0075,,
0.1225,18,-52.6,21.6,0.0075,,
0.1310,19,-50.3,21.6,0.0075,,
0.1390,20,-48.2,21.6,0.0065,,
0.1465,21,-45.9,21.6,0.0075,,
0.1550,22,-43.5,21.6,0.0075,,
0.1635,23,-40.7,21.6,0.0075,,
0.1720,24,-37.9,21.6,0.0075,,
0.1805,25,-35.0,21.6,0.0075,,
0.1890,26,-31.8,21.6,0.0075,,
0.1965,27,-28.9,21.6,0.0070,,
0.2050,28,-25.8,21.6,0.0075,,
0.2130,29,-22.9,21.6,0.0075,,
0.2215,30,-20.1,21.6,0.0075,,
0.2300,31,-17.5,21.6,0.0075,,
0.2385,32,-15.2,21.6,0.0075,,
0.2460,33,-13.3,21.6,0.0070,,
0.2545,34,-11.4,21.6,0.0075,,
0.2630,35,-9.5,21.6,0.0075,,
0.2715,36,-7.7,21.6,0.0075,,
0.2800,37,-6.3,21.6,0.0075,,
0.2880,38,-4.8,21.6,0.0080,,
0.2960,39,-3.5,21.6,0.0075,,
0.3040,40,-2.3,21.6,0.0075,,
0.3125,41,-0.9,21.6,0.0075,,
0.3210,42,0.3,21.6,0.0075,,
0.3295,43,1.4,21.6,0.0075,,
0.3380,44,2.5,21.6,0.0085,,
0.3455,45,3.7,21.6,0.0070,,
0.3540,46,5.0,21.6,0.0075,,
0.3620,47,6.0,21.6,0.0075,,
0.3705,48,7.1,21.6,0.0075,,
0.3790,49,8.2,21.6,0.0075,,
0.3875,50,9.4,21.6,0.0075,,
0.3950,51,10.3,21.6,0.0070,,
0.4035,52,11.3,21.6,0.0075,,
0.4120,53,12.2,21.6,0.0075,,
0.4200,54,13.2,21.6,0.0075,,
0.4285,55,14.2,21.6,0.0075,,
0.4370,56,14.9,21.6,0.0075,,
0.4445,57,15.9,21.6,0.0070,,
0.4530,58,16.8,21.6,0.0075,,
0.4615,59,17.8,21.6,0.0075,,
0.4700,60,18.8,21.6,0.0075,,
0.4785,61,19.6,21.6,0.0075,,
0.4865,62,20.4,21.6,0.0075,,
0.4945,63,21.3,21.6,0.0075,,
0.5025,64,22.3,21.6,0.0075,,
0.5110,65,23.2,21.6,0.0075,,
0.5195,66,23.9,21.6,0.0075,,
0.5280,67,24.9,21.6,0.0075,,
0.5365,68,25.9,21.6,0.0075,,
0.5440,69,26.5,21.6,0.0075,,
0.5525,70,27.5,21.6,0.0075,,
0.5605,71,28.3,21.6,0.0075,,
0.5690,72,29.2,21.6,0.0075,,
0.5775,73,30.2,21.6,0.0075,,
0.5860,74,31.0,21.6,0.0075,,
0.5935,75,31.8,21.6,0.0075,,
0.6020,76,32.6,21.6,0.0075,,
0.6105,77,33.4,21.6,0.0075,,
0.6185,78,34.5,21.6,0.0075,,
0.6270,79,35.3,21.6,0.0075,,
0.6355,80,36.1,21.6,0.0075,,
0.6430,81,36.9,21.6,0.0070,,
0.6515,82,37.8,21.6,0.0075,,
0.6600,83,38.8,21.6,0.0075,,
0.6685,84,39.6,21.6,0.0075,,
0.6770,85,40.4,21.6,0.0075,,
0.6850,86,41.3,21.6,0.0075,,
0.6935,87,42.1,21.6,0.0085,,
0.7010,88,43.2,21.6,0.0070,,
0.7095,89,44.1,21.6,0.0075,,
0.7180,90,44.8,21.6,0.0075,,
0.7265,91,45.9,21.6,0.0075,,
0.7350,92,46.9,21.6,0.0075,,
0.7425,93,47.8,21.6,0.0070,,
0.7510,94,48.7,21.6,0.0075,,
0.7590,95,49.4,21.6,0.0075,,
0.7675,96,50.5,21.6,0.0075,,
0.7760,97,51.5,21.6,0.0075,,
0.7845,98,52.3,21.6,0.0075,,
0.7920,99,53.1,21.6,0.0070,,
0.8005,100,54.1,21.6,0.0075,,
0.8090,101,55.1,21.6,0.0075,,
0.8175,102,56.1,21.6,0.0075,,
0.8255,103,56.9,21.6,0.0075,,
0.8340,104,57.8,21.6,0.0075,,
0.8425,105,58.7,21.6,0.0085,,
0.8500,106,59.7,21.6,0.0070,,
0.8585,107,60.9,21.6,0.0075,,
0.8670,108,61.8,21.6,0.0075,,
0.8755,109,62.8,21.6,0.0075,,
0.8835,110,63.9,21.6,0.0075,,
0.8920,111,64.7,21.6,0.0085,,
0.8995,112,65.9,21.6,0.0070,,
0.9080,113,66.8,21.6,0.0075,,
0.9165,114,67.9,21.6,0.0075,,
0.9250,115,69.1,21.6,0.0075,,
0.9335,116,70.2,21.6,0.0075,,
0.9415,117,71.2,21.6,0.0075,,
0.9495,118,72.4,21.6,0.0075,,
0.9575,119,73.6,21.6,0.0075,,
0.9660,120,74.9,21.6,0.0075,,
0.9745,121,76.0,21.6,0.0075,,
0.9830,122,77.1,21.6,0.0075,,
0.9915,123,78.3,21.6,0.0075,,
0.9990,124,79.2,21.6,0.0070,,
1.0075,125,80.5,21.7,0.0075,,
1.0155,126,81.9,21.6,0.0075,,
1.0240,127,83.2,21.6,0.0075,,
1.0325,128,84.6,21.6,0.0075,,
1.0410,129,86.0,21.6,0.0075,,
1.0485,130,87.3,21.6,0.0070,,
1.0570,131,88.7,21.6,0.0075,,
1.0655,132,90.0,21.6,0.0075,,
1.0740,133,91.5,21.6,0.0075,,
1.0820,134,93.2,21.6,0.0075,,
1.0905,135,94.7,21.6,0.0075,,
1.0980,136,96.2,21.6,0.0070,,
1.1065,137,97.8,21.7,0.0075,,
1.1150,138,99.6,21.6,0.0075,,
1.1235,139,101.6,21.7,0.0075,,
1.1320,140,103.6,21.7,0.0075,,
1.1400,141,105.5,21.7,0.0075,,
1.1485,142,107.4,21.7,0.0085,,
1.1560,143,109.5,21.7,0.0070,,
1.1645,144,112.0,21.7,0.0075,,
1.1730,145,114.4,21.7,0.0075,,
1.1815,146,116.8,21.7,0.0075,,
1.1900,147,119.8,21.7,0.0075,,
1.1975,148,122.1,21.7,0.0070,,
1.2060,149,125.4,21.7,0.0075,,
1.2145,150,128.8,21.7,0.0075,,
1.2225,151,132.0,21.7,0.0075,,
1.2310,152,135.6,21.7,0.0075,,
1.2395,153,139.4,21.7,0.0075,,
1.2470,154,142.9,21.7,0.0070,,
1.2555,155,146.7,21.7,0.0075,,
1.2640,156,150.2,21.7,0.0075,,
1.2725,157,154.1,21.7,0.0075,,
1.2805,158,157.5,21.7,0.0075,,
1.2890,159,160.7,21.7,0.0075,,
1.2965,160,163.4,21.7,0.0070,,
1.3050,161,166.2,21.7,0.0075,,
1.3135,162,169.1,21.7,0.0075,,
1.3220,163,171.4,21.7,0.0075,,
1.3305,164,173.8,21.7,0.0075,,
1.3390,165,175.9,21.7,0.0075,,
1.3465,166,177.6,21.7,0.0070,,
1.3550,167,179.6,21.7,0.0075,,
1.3630,168,181.4,21.7,0.0075,,
1.3715,169,182.9,21.7,0.0075,,
1.3800,170,184.5,21.7,0.0075,,
1.3845,171,185.1,21.7,0.0075,,
1.3845,411,186.9,21.7,0.0000,,
1.3850,412,187.0,21.7,0.0005,,
1.3865,413,186.9,21.7,0.0020,,
1.3890,414,187.1,21.7,0.0035,,
1.3930,415,187.6,21.7,0.0050,,
1.3995,416,188.5,21.7,0.0080,,
1.4075,417,189.3,21.7,0.0100,,
1.4155,418,190.5,21.7,0.0115,,
1.4235,419,191.6,21.7,0.0115,,
1.4320,420,192.9,21.7,0.0120,,
1.4405,421,194.1,21.7,0.0105,,
1.4490,422,195.1,21.7,0.0105,,
1.4575,423,196.0,21.7,0.0105,,
1.4650,424,196.9,21.7,0.0105,,
1.4735,425,197.9,21.7,0.0120,,
1.4815,426,198.8,21.7,0.0100,,
1.4900,427,199.4,21.7,0.0105,,
1.4985,428,200.4,21.7,0.0105,,
1.5070,429,201.4,21.7,0.0105,,
1.5145,430,202.0,21.7,0.0105,,
1.5230,431,202.8,21.7,0.0120,,
1.5315,432,203.4,21.7,0.0120,,
1.5395,433,204.2,21.7,0.0100,,
1.5480,434,204.9,21.7,0.0105,,
1.5565,435,205.7,21.7,0.0105,,
1.5640,436,206.3,21.7,0.0105,,
1.5725,437,206.8,21.7,0.0120,,
1.5810,438,207.4,21.7,0.0120,,
1.5895,439,208.0,21.7,0.0105,,
1.5980,440,208.6,21.7,0.0105,,
1.6060,441,209.0,21.7,0.0100,,
1.6140,442,209.7,21.7,0.0115,,
1.6220,443,210.3,21.7,0.0115,,
1.6305,444,211.0,21.7,0.0120,,
1.6390,445,211.4,21.7,0.0105,,
1.6475,446,211.8,21.7,0.0105,,
1.6560,447,212.4,21.7,0.0105,,
1.6635,448,212.9,21.7,0.0105,,
1.6720,449,213.6,21.7,0.0120,,
1.6800,450,214.0,21.7,0.0115,,
1.6885,451,214.3,21.7,0.0105,,
1.6970,452,215.0,21.7,0.0105,,
1.7055,453,215.5,21.7,0.0105,,
1.7130,454,215.9,21.7,0.0105,,
1.7215,455,216.4,21.7,0.0120,,
1.7300,456,216.7,21.7,0.0120,,
1.7385,457,217.2,21.7,0.0105,,
1.7465,458,217.6,21.7,0.0100,,
1.7550,459,217.9,21.7,0.0105,,
1.7635,460,218.3,21.7,0.0120,,
1.7710,461,218.5,21.7,0.0105,,
1.7795,462,219.0,21.7,0.0120,,
1.7880,463,219.5,21.7,0.0105,,
1.7965,464,219.7,21.7,0.0105,,
1.8045,465,220.2,21.7,0.0100,,
1.8130,466,220.5,21.7,0.0120,,
1.8205,467,220.9,21.7,0.0105,,
1.8290,468,221.4,21.7,0.0120,,
1.8375,469,221.6,21.7,0.0105,,
1.8460,470,221.9,21.7,0.0105,,
1.8545,471,222.4,21.7,0.0105,,
1.8625,472,222.7,21.7,0.0115,,
1.8705,473,223.3,21.7,0.0115,,
1.8785,474,223.5,21.7,0.0115,,
1.8870,475,223.8,21.7,0.0105,,
1.8955,476,224.2,21.7,0.0105,,
1.9040,477,224.6,21.7,0.0105,,
1.9125,478,224.8,21.7,0.0105,,
1.9200,479,225.1,21.7,0.0105,,
1.9285,480,225.3,21.7,0.0120,,
1.9370,481,225.8,21.7,0.0105,,
1.9450,482,226.1,21.7,0.0100,,
1.9535,483,226.2,21.7,0.0105,,
1.9620,484,226.5,21.7,0.0120,,
1.9695,485,226.8,21.7,0.0105,,
1.9780,486,227.3,21.7,0.0120,,
1.9865,487,227.5,21.7,0.0105,,
1.9950,488,227.7,21.7,0.0105,,
2.0035,489,228.1,21.7,0.0105,,
2.0115,490,228.2,21.7,0.0115,,
2.0190,491,228.5,21.7,0.0105,,
2.0275,492,228.8,21.7,0.0120,,
2.0360,493,228.9,21.7,0.0105,,
2.0445,494,229.2,21.7,0.0105,,
2.0530,495,229.6,21.7,0.0105,,
2.0615,496,229.8,21.7,0.0120,,
2.0690,497,230.0,21.7,0.0105,,
2.0775,498,230.1,21.7,0.0120,,
2.0855,499,230.5,21.7,0.0100,,
2.0940,500,230.8,21.7,0.0105,,
2.1025,501,230.9,21.7,0.0105,,
2.1110,502,231.2,21.7,0.0105,,
2.1185,503,231.5,21.7,0.0105,,
2.1270,504,231.8,21.7,0.0120,,
2.1355,505,232.1,21.7,0.0105,,
2.1435,506,232.2,21.7,0.0100,,
2.1520,507,232.5,21.7,0.0105,,
2.1605,508,232.9,21.7,0.0105,,
2.1680,509,232.9,21.7,0.0105,,
2.1765,510,233.2,21.7,0.0120,,
2.1850,511,233.3,21.7,0.0120,,
2.1935,512,233.4,21.7,0.0105,,
2.2015,513,233.8,21.7,0.0100,,
2.2090,514,234.0,21.7,0.0095,,
2.2160,515,234.2,21.7,0.0100,,
2.2170,516,234.3,21.7,0.0015,,
2.2175,517,234.3,21.7,0.0005,,
2.2190,518,234.5,21.7,0.0020,,
2.2200,519,234.6,21.7,0.0010,,
2.2220,520,234.4,21.7,0.0025,,
2.2240,521,234.6,21.7,0.0030,,
2.2265,522,234.6,21.7,0.0035,,
2.2295,523,234.8,21.7,0.0045,,
2.2330,524,234.8,21.7,0.0045,,
2.2355,525,234.8,21.7,0.0030,,
2.2370,526,234.7,21.7,0.0020,,
2.2370,526,235.0,21.7,NaN,,
Scope 1/1, Sample 33/33 (T24)
Result,TitrationEP1
V,t,E,T,dV/dt,E acc. stat.,Volume acc. stat.
0.0000,0,-71.1,21.7,NaN,,
0.0005,1,-70.9,21.7,0.0005,,
0.0025,2,-70.9,21.7,0.0020,,
0.0050,3,-71.0,21.7,0.0025,,
0.0090,4,-70.9,21.7,0.0035,,
0.0150,5,-70.5,21.7,0.0055,,
0.0235,6,-69.8,21.7,0.0075,,
0.0310,7,-69.0,21.7,0.0075,,
0.0395,8,-68.1,21.7,0.0085,,
0.0480,9,-66.8,21.7,0.0085,,
0.0565,10,-65.4,21.7,0.0075,,
0.0645,11,-64.0,21.7,0.0075,,
0.0730,12,-62.5,21.7,0.0075,,
0.0805,13,-61.1,21.7,0.0075,,
0.0890,14,-59.2,21.7,0.0085,,
0.0975,15,-57.3,21.7,0.0075,,
0.1060,16,-55.4,21.7,0.0075,,
0.1145,17,-53.4,21.7,0.0075,,
0.1230,18,-51.2,21.7,0.0075,,
0.1305,19,-49.4,21.7,0.0075,,
0.1390,20,-46.8,21.7,0.0085,,
0.1470,21,-44.4,21.7,0.0080,,
0.1555,22,-41.7,21.7,0.0075,,
0.1640,23,-38.7,21.7,0.0075,,
0.1725,24,-35.8,21.7,0.0075,,
0.1800,25,-33.0,21.7,0.0075,,
0.1885,26,-30.0,21.7,0.0085,,
0.1970,27,-27.1,21.7,0.0085,,
0.2055,28,-23.9,21.7,0.0075,,
0.2135,29,-21.1,21.7,0.0075,,
0.2220,30,-18.7,21.7,0.0075,,
0.2295,31,-16.5,21.7,0.0075,,
0.2380,32,-14.4,21.7,0.0085,,
0.2465,33,-12.3,21.7,0.0075,,
0.2550,34,-10.5,21.7,0.0075,,
0.2635,35,-8.9,21.7,0.0075,,
0.2720,36,-7.2,21.7,0.0075,,
0.2795,37,-5.9,21.7,0.0075,,
0.2875,38,-4.3,21.7,0.0075,,
0.2960,39,-3.0,21.7,0.0085,,
0.3045,40,-1.8,21.7,0.0075,,
0.3130,41,-0.6,21.7,0.0075,,
0.3215,42,0.7,21.7,0.0075,,
0.3290,43,1.8,21.7,0.0075,,
0.3375,44,3.0,21.7,0.0085,,
0.3455,45,4.1,21.7,0.0080,,
0.3540,46,5.3,21.7,0.0075,,
0.3625,47,6.5,21.7,0.0075,,
0.3710,48,7.4,21.7,0.0075,,
0.3785,49,8.3,21.7,0.0075,,
0.3870,50,9.2,21.7,0.0085,,
0.3955,51,10.3,21.7,0.0085,,
0.4040,52,11.3,21.7,0.0075,,
0.4120,53,12.1,21.7,0.0075,,
0.4205,54,13.0,21.7,0.0075,,
0.4280,55,13.8,21.7,0.0075,,
0.4365,56,14.8,21.7,0.0085,,
0.4450,57,15.9,21.7,0.0085,,
0.4535,58,16.7,21.7,0.0075,,
0.4620,59,17.6,21.7,0.0075,,
0.4705,60,18.5,21.7,0.0075,,
0.4780,61,19.3,21.7,0.0075,,
0.4865,62,20.3,21.7,0.0085,,
0.4945,63,21.0,21.7,0.0075,,
0.5030,64,21.9,21.7,0.0075,,
0.5115,65,22.9,21.7,0.0075,,
0.5200,66,23.7,21.7,0.0075,,
0.5275,67,24.6,21.7,0.0075,,
0.5360,68,25.2,21.7,0.0085,,
0.5445,69,26.2,21.7,0.0085,,
0.5525,70,27.2,21.7,0.0075,,
0.5610,71,28.1,21.7,0.0075,,
0.5695,72,28.9,21.7,0.0075,,
0.5770,73,29.7,21.7,0.0075,,
0.5855,74,30.5,21.7,0.0085,,
0.5940,75,31.5,21.7,0.0085,,
0.6025,76,32.4,21.7,0.0075,,
0.6105,77,33.1,21.7,0.0075,,
0.6190,78,34.1,21.7,0.0075,,
0.6275,79,34.8,21.7,0.0085,,
0.6350,80,35.8,21.7,0.0075,,
0.6435,81,36.7,21.7,0.0085,,
0.6520,82,37.4,21.7,0.0075,,
0.6605,83,38.3,21.7,0.0075,,
0.6685,84,39.4,21.7,0.0075,,
0.6770,85,40.1,21.7,0.0085,,
0.6845,86,41.0,21.7,0.0075,,
0.6930,87,41.8,21.7,0.0085,,
0.7015,88,42.6,21.7,0.0075,,
0.7100,89,43.7,21.7,0.0075,,
0.7185,90,44.4,21.7,0.0075,,
0.7265,91,45.3,21.7,0.0075,,
0.7345,92,46.1,21.7,0.0080,,
0.7430,93,47.1,21.7,0.0085,,
0.7510,94,48.1,21.7,0.0075,,
0.7595,95,48.8,21.7,0.0075,,
0.7680,96,49.8,21.7,0.0075,,
0.7765,97,50.8,21.7,0.0075,,
0.7840,98,51.7,21.7,0.0075,,
0.7925,99,52.8,21.7,0.0085,,
0.8010,100,53.7,21.7,0.0085,,
0.8090,101,54.6,21.7,0.0075,,
0.8175,102,55.6,21.7,0.0075,,
0.8260,103,56.6,21.7,0.0075,,
0.8335,104,57.4,21.7,0.0075,,
0.8420,105,58.3,21.7,0.0085,,
0.8505,106,59.3,21.7,0.0085,,
0.8590,107,60.3,21.7,0.0075,,
0.8675,108,61.3,21.7,0.0075,,
0.8755,109,62.4,21.7,0.0080,,
0.8835,110,63.2,21.7,0.0080,,
0.8915,111,64.3,21.7,0.0080,,
0.9000,112,65.4,21.7,0.0075,,
0.9085,113,66.5,21.7,0.0075,,
0.9170,114,67.4,21.7,0.0075,,
0.9255,115,68.5,21.7,0.0075,,
0.9330,116,69.4,21.7,0.0075,,
0.9415,117,70.5,21.7,0.0085,,
0.9495,118,71.7,21.7,0.0075,,
0.9580,119,72.7,21.7,0.0075,,
0.9665,120,73.9,21.7,0.0075,,
0.9750,121,74.8,21.7,0.0085,,
0.9825,122,76.1,21.7,0.0075,,
0.9910,123,77.2,21.7,0.0085,,
0.9995,124,78.3,21.7,0.0085,,
1.0075,125,79.5,21.7,0.0075,,
1.0160,126,80.8,21.7,0.0075,,
1.0245,127,82.1,21.7,0.0075,,
1.0320,128,83.3,21.7,0.0075,,
1.0405,129,84.4,21.7,0.0085,,
1.0490,130,85.8,21.7,0.0085,,
1.0575,131,87.4,21.7,0.0075,,
1.0660,132,88.7,21.7,0.0075,,
1.0740,133,90.2,21.7,0.0075,,
1.0815,134,91.7,21.7,0.0075,,
1.0900,135,93.3,21.7,0.0085,,
1.0985,136,95.1,21.7,0.0085,,
1.1070,137,96.6,21.7,0.0075,,
1.1155,138,98.3,21.7,0.0075,,
1.1240,139,100.3,21.7,0.0075,,
1.1315,140,101.9,21.7,0.0075,,
1.1400,141,103.8,21.7,0.0085,,
1.1480,142,105.6,21.7,0.0080,,
1.1565,143,107.7,21.7,0.0075,,
1.1650,144,110.1,21.7,0.0075,,
1.1735,145,112.4,21.7,0.0075,,
1.1810,146,114.6,21.7,0.0075,,
1.1895,147,117.2,21.7,0.0085,,
1.1980,148,120.0,21.7,0.0085,,
1.2060,149,123.3,21.7,0.0075,,
1.2145,150,126.3,21.7,0.0075,,
1.2230,151,129.4,21.7,0.0075,,
1.2315,152,132.6,21.7,0.0085,,
1.2390,153,135.9,21.7,0.0075,,
1.2475,154,140.0,21.7,0.0085,,
1.2560,155,144.0,21.7,0.0075,,
1.2640,156,147.4,21.7,0.0075,,
1.2725,157,151.1,21.7,0.0075,,
1.2810,158,155.0,21.7,0.0075,,
1.2885,159,158.1,21.7,0.0075,,
1.2970,160,161.4,21.7,0.0085,,
1.3055,161,164.3,21.7,0.0085,,
1.3140,162,167.0,21.7,0.0075,,
1.3225,163,169.9,21.7,0.0075,,
1.3305,164,172.2,21.7,0.0075,,
1.3385,165,174.1,21.7,0.0080,,
1.3465,166,176.0,21.7,0.0080,,
1.3550,167,177.8,21.7,0.0085,,
1.3635,168,179.9,21.7,0.0075,,
1.3720,169,181.7,21.8,0.0075,,
1.3805,170,183.0,21.7,0.0075,,
1.3880,171,184.6,21.8,0.0075,,
1.3925,172,185.0,21.8,0.0075,,
1.3925,412,187.2,21.8,0.0000,,
1.3930,413,187.1,21.8,0.0005,,
1.3945,414,187.1,21.8,0.0020,,
1.3970,415,187.3,21.8,0.0035,,
1.4010,416,187.8,21.8,0.0050,,
1.4070,417,188.5,21.8,0.0075,,
1.4150,418,189.4,21.8,0.0100,,
1.4225,419,190.6,21.8,0.0105,,
1.4310,420,191.6,21.8,0.0120,,
1.4395,421,192.8,21.8,0.0120,,
1.4480,422,194.0,21.8,0.0105,,
1.4565,423,194.9,21.8,0.0105,,
1.4650,424,196.0,21.8,0.0105,,
1.4725,425,196.8,21.8,0.0105,,
1.4810,426,197.8,21.8,0.0120,,
1.4890,427,198.8,21.8,0.0115,,
1.4975,428,199.6,21.8,0.0105,,
1.5060,429,200.4,21.8,0.0105,,
1.5145,430,201.3,21.8,0.0105,,
1.5220,431,201.9,21.8,0.0105,,
1.5305,432,202.8,21.8,0.0120,,
1.5390,433,203.4,21.8,0.0120,,
1.5470,434,204.1,21.8,0.0100,,
1.5555,435,204.9,21.8,0.0105,,
1.5640,436,205.5,21.8,0.0105,,
1.5715,437,206.3,21.8,0.0105,,
1.5800,438,206.7,21.8,0.0120,,
1.5885,439,207.3,21.8,0.0120,,
1.5970,440,208.0,21.8,0.0105,,
1.6055,441,208.5,21.8,0.0105,,
1.6135,442,209.1,21.8,0.0100,,
1.6215,443,209.6,21.8,0.0115,,
1.6295,444,210.2,21.8,0.0115,,
1.6380,445,210.9,21.8,0.0120,,
1.6465,446,211.3,21.8,0.0105,,
1.6550,447,211.7,21.8,0.0105,,
1.6635,448,212.4,21.8,0.0105,,
1.6710,449,212.8,21.8,0.0105,,
1.6795,450,213.4,21.8,0.0120,,
1.6875,451,213.8,21.8,0.0115,,
1.6960,452,214.3,21.8,0.0105,,
1.7045,453,214.9,21.8,0.0105,,
1.7130,454,215.4,21.8,0.0105,,
1.7205,455,215.8,21.8,0.0105,,
1.7290,456,216.2,21.8,0.0105,,
1.7375,457,216.6,21.8,0.0120,,
1.7460,458,217.1,21.8,0.0105,,
1.7540,459,217.6,21.8,0.0100,,
1.7625,460,217.9,21.8,0.0105,,
1.7700,461,218.2,21.8,0.0105,,
1.7785,462,218.6,21.8,0.0120,,
1.7870,463,219.1,21.8,0.0120,,
1.7955,464,219.5,21.8,0.0105,,
1.8040,465,219.8,21.8,0.0105,,
1.8125,466,220.2,21.8,0.0105,,
1.8200,467,220.5,21.8,0.0105,,
1.8285,468,220.9,21.8,0.0120,,
1.8365,469,221.4,21.8,0.0115,,
1.8450,470,221.6,21.8,0.0105,,
1.8535,471,222.0,21.8,0.0105,,
1.8620,472,222.3,21.8,0.0105,,
1.8695,473,222.7,21.8,0.0105,,
1.8780,474,222.9,21.8,0.0120,,
1.8865,475,223.1,21.8,0.0105,,
1.8945,476,223.6,21.8,0.0100,,
1.9030,477,224.0,21.8,0.0105,,
1.9115,478,224.1,21.8,0.0105,,
1.9190,479,224.5,21.8,0.0105,,
1.9275,480,224.7,21.8,0.0120,,
1.9360,481,225.2,21.8,0.0120,,
1.9445,482,225.5,21.8,0.0105,,
1.9530,483,225.7,21.8,0.0105,,
1.9610,484,226.1,21.8,0.0100,,
1.9690,485,226.2,21.8,0.0115,,
1.9770,486,226.6,21.8,0.0115,,
1.9855,487,227.0,21.8,0.0120,,
1.9940,488,227.3,21.8,0.0105,,
2.0025,489,227.4,21.8,0.0105,,
2.0110,490,227.8,21.8,0.0105,,
2.0185,491,228.1,21.8,0.0105,,
2.0270,492,228.4,21.8,0.0120,,
2.0350,493,228.6,21.8,0.0115,,
2.0435,494,228.9,21.8,0.0105,,
2.0520,495,229.2,21.8,0.0105,,
2.0605,496,229.5,21.8,0.0105,,
2.0690,497,229.8,21.8,0.0120,,
2.0765,498,229.9,21.8,0.0105,,
2.0850,499,230.2,21.8,0.0120,,
2.0930,500,230.5,21.8,0.0100,,
2.1015,501,230.8,21.8,0.0105,,
2.1100,502,230.9,21.8,0.0105,,
2.1175,503,231.2,21.8,0.0105,,
2.1260,504,231.4,21.8,0.0120,,
2.1345,505,231.6,21.8,0.0120,,
2.1430,506,231.8,21.8,0.0105,,
2.1510,507,231.9,21.8,0.0100,,
2.1595,508,232.2,21.8,0.0105,,
2.1680,509,232.6,21.8,0.0105,,
2.1755,510,232.8,21.8,0.0105,,
2.1840,511,233.1,21.8,0.0120,,
2.1925,512,233.2,21.8,0.0105,,
2.2010,513,233.4,21.8,0.0105,,
2.2090,514,233.8,21.8,0.0100,,
2.2175,515,234.0,21.8,0.0105,,
2.2250,516,234.2,21.8,0.0105,,
2.2325,517,234.3,21.8,0.0105,,
2.2350,518,234.5,21.8,0.0030,,
2.2360,519,234.6,21.8,0.0010,,
2.2375,520,234.6,21.8,0.0020,,
2.2390,521,234.5,21.8,0.0020,,
2.2400,522,234.6,21.8,0.0015,,
2.2410,523,234.6,21.8,0.0015,,
2.2420,524,234.8,21.8,0.0015,,
2.2440,525,234.8,21.8,0.0025,,
2.2470,526,234.7,21.8,0.0035,,
2.2505,527,234.8,21.8,0.0050,,
2.2550,528,235.0,21.8,0.0055,,
