"SampleID","TA","Mass","Sample.Index"
"junk1",2214.98205962499,60.093,1
"junk2",2205.67161816748,60.137,2
"junk3",2202.34855876609,60.0651,3
"crm",2195.70699706359,60.1521,4
