"SampleID","TA","Mass","Sample.Index"
"junk1",2339.53149835039,60.187,1
"junk2",2368.50085295968,59.8232,2
"junk3",2334.66107224583,59.876,3
"CRM",2198.79015104888,60.3769,4
