"SampleID","TA","Mass","Sample.Index"
"junk1",2141.327639259,59.5647,1
"junk2",2108.61075015232,59.5624,2
"junk3",2108.90757552759,59.6486,3
"crm",2356.0667139801,60.0139,4
