"SampleID","TA","Mass","Sample.Index"
"junk",2317.60114454461,60.2776,1
"CRM",2237.40414800964,59.8595,2
