"SampleID","TA","Mass","Sample.Index"
"junk",2306.73514245531,60.0935,1
"CRM",2211.58930283679,60.3265,2
