"SampleID","TA","Mass","Sample.Index"
"JUNK",2283.22151213076,59.7897,1
"CRM",2226.3738778363,59.9586,2
