"SampleID","TA","Mass","Sample.Index"
"junk",2858.07496742954,60.0606,1
"CRM",2222.46427324877,60.1075,2
