SampleID,TA,Mass,Sample.Index
junk,2263.026759,60.1597,1
crm,2208.101633,60.013,2
