"SampleID","TA","Mass","Sample.Index"
"junk",2309.20615404144,60.3498,1
"CRM",2211.54520608348,59.686,2
