"SampleID","TA","Mass","Sample.Index"
"junk",2325.52608250623,60.342,1
"CRM",2244.20356018468,60.19,2
