Task,T2282
Scope 1/1, Sample 1/32 (junk1)
Result,TitrationEP1
V,t,E,T,dV/dt,E acc. stat.,Volume acc. stat.
0.0000,0,-77.7,21.2,NaN,,
0.0010,1,-77.6,21.2,0.0010,,
0.0025,2,-77.4,21.2,0.0015,,
0.0050,3,-77.6,21.2,0.0025,,
0.0090,4,-77.8,21.2,0.0035,,
0.0150,5,-77.5,21.2,0.0055,,
0.0235,6,-76.9,21.2,0.0075,,
0.0320,7,-76.3,21.2,0.0085,,
0.0395,8,-75.6,21.2,0.0075,,
0.0480,9,-74.6,21.2,0.0075,,
0.0565,10,-73.2,21.2,0.0075,,
0.0650,11,-72.1,21.2,0.0075,,
0.0730,12,-71.0,21.2,0.0075,,
0.0815,13,-69.7,21.2,0.0085,,
0.0890,14,-68.4,21.2,0.0075,,
0.0975,15,-66.7,21.2,0.0085,,
0.1060,16,-65.3,21.2,0.0075,,
0.1145,17,-63.9,21.2,0.0075,,
0.1230,18,-62.2,21.2,0.0075,,
0.1310,19,-60.7,21.2,0.0080,,
0.1390,20,-58.7,21.2,0.0080,,
0.1470,21,-56.9,21.2,0.0080,,
0.1555,22,-55.3,21.2,0.0075,,
0.1640,23,-53.0,21.2,0.0075,,
0.1725,24,-50.8,21.2,0.0075,,
0.1810,25,-48.7,21.2,0.0075,,
0.1885,26,-46.5,21.2,0.0075,,
0.1970,27,-44.1,21.2,0.0085,,
0.2050,28,-41.4,21.2,0.0075,,
0.2135,29,-38.4,21.2,0.0075,,
0.2220,30,-35.7,21.2,0.0075,,
0.2305,31,-33.1,21.2,0.0075,,
0.2380,32,-30.5,21.2,0.0075,,
0.2465,33,-27.8,21.2,0.0085,,
0.2550,34,-25.1,21.2,0.0075,,
0.2630,35,-23.0,21.2,0.0075,,
0.2715,36,-21.0,21.2,0.0075,,
0.2800,37,-18.8,21.2,0.0075,,
0.2875,38,-17.3,21.2,0.0075,,
0.2960,39,-15.5,21.2,0.0085,,
0.3045,40,-14.3,21.2,0.0075,,
0.3130,41,-12.8,21.2,0.0075,,
0.3210,42,-11.2,21.2,0.0075,,
0.3295,43,-10.1,21.2,0.0075,,
0.3375,44,-9.0,21.2,0.0080,,
0.3455,45,-8.0,21.2,0.0080,,
0.3540,46,-6.7,21.2,0.0075,,
0.3625,47,-5.4,21.2,0.0075,,
0.3710,48,-4.4,21.2,0.0075,,
0.3795,49,-3.5,21.2,0.0075,,
0.3870,50,-2.6,21.2,0.0075,,
0.3955,51,-1.5,21.2,0.0085,,
0.4035,52,-0.4,21.2,0.0075,,
0.4120,53,0.3,21.2,0.0075,,
0.4205,54,1.1,21.2,0.0075,,
0.4290,55,2.2,21.2,0.0075,,
0.4375,56,2.9,21.2,0.0085,,
0.4450,57,4.0,21.2,0.0075,,
0.4535,58,4.6,21.2,0.0075,,
0.4615,59,5.4,21.2,0.0075,,
0.4700,60,6.5,21.2,0.0075,,
0.4785,61,7.3,21.2,0.0075,,
0.4860,62,8.1,21.2,0.0075,,
0.4945,63,8.7,21.2,0.0085,,
0.5030,64,9.6,21.2,0.0075,,
0.5115,65,10.6,21.2,0.0075,,
0.5200,66,11.3,21.2,0.0075,,
0.5280,67,11.9,21.2,0.0075,,
0.5355,68,12.8,21.2,0.0075,,
0.5440,69,13.7,21.2,0.0085,,
0.5525,70,14.6,21.2,0.0075,,
0.5610,71,15.2,21.2,0.0075,,
0.5695,72,15.9,21.2,0.0075,,
0.5780,73,17.0,21.2,0.0075,,
0.5855,74,17.5,21.2,0.0075,,
0.5940,75,18.5,21.2,0.0085,,
0.6020,76,19.0,21.2,0.0075,,
0.6105,77,19.7,21.2,0.0075,,
0.6190,78,20.8,21.2,0.0075,,
0.6275,79,21.4,21.2,0.0075,,
0.6350,80,22.3,21.2,0.0075,,
0.6435,81,22.9,21.2,0.0085,,
0.6520,82,23.6,21.2,0.0075,,
0.6605,83,24.7,21.2,0.0075,,
0.6685,84,25.4,21.2,0.0075,,
0.6770,85,26.0,21.2,0.0075,,
0.6845,86,26.9,21.2,0.0075,,
0.6930,87,27.8,21.2,0.0085,,
0.7015,88,28.8,21.2,0.0075,,
0.7100,89,29.5,21.2,0.0075,,
0.7185,90,30.1,21.2,0.0075,,
0.7265,91,31.1,21.2,0.0075,,
0.7350,92,31.7,21.2,0.0085,,
0.7425,93,32.7,21.2,0.0075,,
0.7510,94,33.5,21.2,0.0085,,
0.7595,95,34.2,21.2,0.0075,,
0.7680,96,35.2,21.2,0.0075,,
0.7765,97,36.1,21.2,0.0075,,
0.7845,98,36.9,21.2,0.0080,,
0.7925,99,37.7,21.2,0.0080,,
0.8005,100,38.5,21.2,0.0080,,
0.8090,101,39.5,21.2,0.0075,,
0.8175,102,40.6,21.2,0.0075,,
0.8260,103,41.3,21.2,0.0075,,
0.8345,104,42.1,21.2,0.0075,,
0.8420,105,42.9,21.2,0.0075,,
0.8505,106,44.0,21.2,0.0085,,
0.8585,107,44.9,21.2,0.0075,,
0.8670,108,45.6,21.2,0.0075,,
0.8755,109,46.5,21.2,0.0075,,
0.8840,110,47.6,21.2,0.0075,,
0.8915,111,48.4,21.2,0.0075,,
0.9000,112,49.5,21.2,0.0085,,
0.9085,113,50.4,21.2,0.0075,,
0.9165,114,51.3,21.2,0.0075,,
0.9250,115,52.5,21.2,0.0075,,
0.9335,116,53.4,21.2,0.0075,,
0.9410,117,54.4,21.2,0.0075,,
0.9495,118,55.2,21.2,0.0085,,
0.9580,119,56.1,21.2,0.0075,,
0.9665,120,57.3,21.2,0.0075,,
0.9750,121,58.1,21.2,0.0075,,
0.9830,122,59.0,21.2,0.0075,,
0.9910,123,60.0,21.2,0.0080,,
0.9990,124,61.2,21.2,0.0080,,
1.0075,125,62.4,21.2,0.0075,,
1.0160,126,63.5,21.2,0.0075,,
1.0245,127,64.5,21.2,0.0075,,
1.0330,128,65.8,21.2,0.0075,,
1.0405,129,66.8,21.2,0.0075,,
1.0490,130,68.1,21.2,0.0085,,
1.0570,131,69.0,21.2,0.0075,,
1.0655,132,70.2,21.2,0.0075,,
1.0740,133,71.6,21.2,0.0075,,
1.0825,134,72.9,21.2,0.0075,,
1.0900,135,74.1,21.2,0.0075,,
1.0985,136,75.1,21.2,0.0085,,
1.1070,137,76.4,21.2,0.0075,,
1.1150,138,78.0,21.2,0.0075,,
1.1235,139,79.4,21.2,0.0075,,
1.1320,140,80.7,21.2,0.0075,,
1.1405,141,82.0,21.2,0.0085,,
1.1480,142,83.3,21.2,0.0075,,
1.1565,143,85.2,21.2,0.0075,,
1.1650,144,86.7,21.2,0.0075,,
1.1735,145,88.1,21.2,0.0075,,
1.1815,146,89.8,21.2,0.0075,,
1.1900,147,91.2,21.2,0.0085,,
1.1975,148,93.1,21.2,0.0075,,
1.2060,149,95.0,21.2,0.0085,,
1.2145,150,96.5,21.2,0.0075,,
1.2230,151,98.7,21.2,0.0075,,
1.2315,152,100.8,21.2,0.0075,,
1.2395,153,102.7,21.2,0.0075,,
1.2475,154,104.9,21.2,0.0080,,
1.2555,155,107.0,21.2,0.0080,,
1.2640,156,109.6,21.2,0.0075,,
1.2725,157,112.4,21.2,0.0075,,
1.2810,158,115.2,21.2,0.0075,,
1.2895,159,118.3,21.2,0.0085,,
1.2970,160,121.3,21.2,0.0075,,
1.3055,161,124.8,21.2,0.0085,,
1.3135,162,128.6,21.2,0.0075,,
1.3220,163,132.0,21.2,0.0075,,
1.3305,164,135.8,21.2,0.0075,,
1.3390,165,139.9,21.2,0.0075,,
1.3465,166,143.3,21.2,0.0075,,
1.3550,167,147.3,21.2,0.0085,,
1.3635,168,150.9,21.2,0.0075,,
1.3720,169,154.6,21.2,0.0075,,
1.3800,170,158.0,21.2,0.0075,,
1.3885,171,161.1,21.2,0.0075,,
1.3960,172,164.0,21.2,0.0075,,
1.4045,173,166.4,21.2,0.0085,,
1.4130,174,168.8,21.2,0.0075,,
1.4215,175,171.2,21.2,0.0075,,
1.4300,176,173.1,21.2,0.0075,,
1.4380,177,175.1,21.2,0.0075,,
1.4455,178,176.9,21.2,0.0075,,
1.4540,179,178.6,21.2,0.0085,,
1.4625,180,180.5,21.2,0.0075,,
1.4710,181,182.2,21.2,0.0075,,
1.4795,182,183.2,21.2,0.0075,,
1.4880,183,184.9,21.2,0.0075,,
1.4905,183,185.1,21.2,0.0060,,
1.4905,423,187.0,21.2,0.0000,,
1.4910,424,187.0,21.2,0.0005,,
1.4925,426,186.8,21.2,0.0010,,
1.4950,427,187.1,21.2,0.0040,,
1.4990,428,187.5,21.2,0.0065,,
1.5050,429,188.0,21.2,0.0100,,
1.5135,430,188.8,21.2,0.0140,,
1.5210,430,189.8,21.2,0.0150,,
1.5295,432,191.0,21.2,0.0055,,
1.5380,432,192.1,21.2,0.0170,,
1.5460,434,192.8,21.2,0.0050,,
1.5545,435,193.6,21.2,0.0140,,
1.5630,436,194.7,21.2,0.0140,,
1.5715,436,195.4,21.2,0.0170,,
1.5790,438,196.5,21.2,0.0050,,
1.5875,438,197.2,21.2,0.0170,,
1.5960,440,197.9,21.2,0.0055,,
1.6040,441,199.1,21.2,0.0135,,
1.6125,442,199.9,21.2,0.0140,,
1.6200,442,200.5,21.2,0.0150,,
1.6285,444,201.0,21.2,0.0055,,
1.6370,444,201.5,21.2,0.0170,,
1.6455,446,202.6,21.2,0.0055,,
1.6540,447,203.3,21.2,0.0140,,
1.6620,448,203.7,21.2,0.0135,,
1.6700,448,204.4,21.2,0.0160,,
1.6780,450,205.0,21.2,0.0055,,
1.6865,450,205.8,21.2,0.0170,,
1.6950,452,206.3,21.2,0.0055,,
1.7035,453,206.6,21.2,0.0140,,
1.7120,454,207.3,21.2,0.0140,,
1.7200,454,207.7,21.2,0.0160,,
1.7280,456,208.5,21.2,0.0055,,
1.7360,456,209.0,21.2,0.0160,,
1.7445,458,209.3,21.2,0.0055,,
1.7530,459,210.0,21.2,0.0140,,
1.7615,460,210.7,21.2,0.0140,,
1.7700,461,210.9,21.2,0.0140,,
1.7775,462,211.5,21.2,0.0150,,
1.7860,462,211.7,21.2,0.0170,,
1.7945,464,212.4,21.2,0.0055,,
1.8025,465,212.9,21.2,0.0135,,
1.8110,466,213.1,21.2,0.0140,,
1.8195,466,213.6,21.2,0.0170,,
1.8270,468,213.9,21.2,0.0050,,
1.8355,468,214.4,21.2,0.0170,,
1.8440,470,215.0,21.2,0.0055,,
1.8525,471,215.2,21.2,0.0140,,
1.8605,472,215.6,21.2,0.0135,,
1.8690,473,216.3,21.2,0.0140,,
1.8765,474,216.5,21.2,0.0150,,
1.8850,474,217.0,21.2,0.0170,,
1.8935,476,217.2,21.2,0.0055,,
1.9020,477,217.5,21.2,0.0140,,
1.9105,478,218.2,21.2,0.0140,,
1.9185,479,218.4,21.2,0.0135,,
1.9265,480,218.8,21.2,0.0160,,
1.9345,480,219.0,21.2,0.0160,,
1.9430,482,219.2,21.2,0.0055,,
1.9515,483,219.9,21.2,0.0140,,
1.9600,484,220.1,21.2,0.0140,,
1.9685,485,220.3,21.2,0.0140,,
1.9765,486,220.6,21.2,0.0160,,
1.9845,486,220.8,21.2,0.0160,,
1.9925,488,221.3,21.2,0.0055,,
2.0010,489,221.7,21.2,0.0140,,
2.0095,490,221.8,21.2,0.0140,,
2.0180,491,222.3,21.2,0.0140,,
2.0265,492,222.4,21.2,0.0170,,
2.0340,492,223.0,21.2,0.0150,,
2.0425,494,223.3,21.2,0.0055,,
2.0505,495,223.4,21.2,0.0135,,
2.0590,496,223.8,21.2,0.0140,,
2.0675,497,224.2,21.2,0.0140,,
2.0760,498,224.5,21.2,0.0170,,
2.0835,498,224.7,21.2,0.0150,,
2.0920,500,224.8,21.2,0.0055,,
2.1005,501,225.3,21.2,0.0140,,
2.1090,502,225.6,21.2,0.0140,,
2.1170,503,225.6,21.2,0.0135,,
2.1255,504,225.9,21.2,0.0140,,
2.1330,504,226.1,21.2,0.0150,,
2.1415,506,226.5,21.2,0.0055,,
2.1500,506,226.9,21.2,0.0170,,
2.1585,508,226.9,21.2,0.0055,,
2.1670,509,227.1,21.2,0.0140,,
2.1750,510,227.6,21.2,0.0135,,
2.1830,510,227.7,21.2,0.0160,,
2.1910,512,227.9,21.2,0.0055,,
2.1995,513,228.0,21.2,0.0140,,
2.2080,514,228.3,21.2,0.0140,,
2.2165,515,228.7,21.2,0.0140,,
2.2250,516,228.9,21.2,0.0170,,
2.2325,516,229.1,21.2,0.0150,,
2.2410,518,229.1,21.2,0.0055,,
2.2495,519,229.6,21.2,0.0140,,
2.2575,520,230.0,21.2,0.0135,,
2.2660,521,229.9,21.2,0.0140,,
2.2745,522,230.1,21.2,0.0140,,
2.2820,522,230.2,21.2,0.0150,,
2.2905,524,230.7,21.2,0.0055,,
2.2990,525,231.0,21.2,0.0140,,
2.3075,526,231.0,21.2,0.0140,,
2.3155,527,231.2,21.2,0.0135,,
2.3240,528,231.4,21.2,0.0170,,
2.3315,528,231.7,21.2,0.0150,,
2.3400,530,232.0,21.2,0.0055,,
2.3485,530,232.0,21.2,0.0170,,
2.3570,532,232.2,21.2,0.0055,,
2.3655,533,232.7,21.2,0.0140,,
2.3740,534,232.7,21.2,0.0140,,
2.3815,534,233.0,21.2,0.0150,,
2.3895,536,233.0,21.2,0.0055,,
2.3980,537,233.4,21.2,0.0140,,
2.4065,538,233.7,21.2,0.0140,,
2.4145,539,233.7,21.2,0.0135,,
2.4225,540,233.8,21.2,0.0135,,
2.4295,540,233.9,21.2,0.0140,,
2.4345,542,234.3,21.2,0.0035,,
2.4355,542,234.5,21.2,0.0020,,
2.4365,544,234.4,21.2,0.0005,,
2.4370,545,234.4,21.2,0.0010,,
2.4385,546,234.7,21.2,0.0025,,
2.4400,546,234.6,21.2,0.0030,,
2.4410,548,234.7,21.2,0.0005,,
2.4420,548,234.4,21.2,0.0020,,
2.4425,550,234.5,21.2,0.0005,,
2.4430,551,234.8,21.2,0.0010,,
2.4440,552,234.7,21.2,0.0015,,
2.4445,552,234.7,21.2,0.0010,,
2.4455,554,234.5,21.2,0.0005,,
2.4460,554,234.5,21.2,0.0010,,
2.4465,556,234.7,21.2,0.0005,,
2.4475,557,234.6,21.2,0.0015,,
2.4480,558,234.5,21.2,0.0010,,
2.4485,558,234.6,21.2,0.0010,,
2.4495,560,234.5,21.2,0.0005,,
2.4500,560,234.7,21.2,0.0010,,
2.4505,562,234.8,21.2,0.0005,,
2.4515,563,234.6,21.2,0.0015,,
2.4525,564,234.7,21.2,0.0015,,
2.4545,564,234.6,21.2,0.0040,,
2.4555,566,234.8,21.2,0.0005,,
2.4560,566,235.0,21.2,-0.0050,,
Scope 1/1, Sample 2/32 (junk2)
Result,TitrationEP1
V,t,E,T,dV/dt,E acc. stat.,Volume acc. stat.
0.0000,0,-76.4,21.0,NaN,,
0.0005,1,-76.4,21.0,0.0005,,
0.0025,2,-76.3,21.0,0.0020,,
0.0050,3,-76.4,21.0,0.0025,,
0.0085,4,-76.4,21.0,0.0030,,
0.0150,5,-76.0,21.0,0.0060,,
0.0230,6,-75.6,21.0,0.0075,,
0.0305,7,-74.8,21.0,0.0075,,
0.0390,8,-74.1,21.0,0.0085,,
0.0475,9,-73.1,21.0,0.0085,,
0.0560,10,-71.8,21.0,0.0075,,
0.0645,11,-70.6,21.0,0.0075,,
0.0725,12,-69.6,21.0,0.0075,,
0.0805,13,-68.3,21.0,0.0080,,
0.0885,14,-66.9,21.0,0.0080,,
0.0970,15,-65.2,21.0,0.0085,,
0.1055,16,-63.6,21.0,0.0075,,
0.1140,17,-62.1,21.0,0.0075,,
0.1225,18,-60.3,21.0,0.0075,,
0.1300,19,-58.7,21.0,0.0075,,
0.1385,20,-56.7,21.0,0.0085,,
0.1465,21,-54.7,21.0,0.0080,,
0.1550,22,-52.8,21.0,0.0075,,
0.1635,23,-50.7,21.0,0.0075,,
0.1720,24,-48.2,21.0,0.0075,,
0.1805,25,-46.1,21.0,0.0085,,
0.1880,26,-43.6,21.0,0.0075,,
0.1965,27,-41.2,21.0,0.0085,,
0.2045,28,-38.5,21.0,0.0075,,
0.2130,29,-35.5,21.0,0.0075,,
0.2215,30,-32.9,21.0,0.0075,,
0.2300,31,-30.3,21.0,0.0075,,
0.2375,32,-27.9,21.0,0.0075,,
0.2460,33,-25.5,21.0,0.0085,,
0.2545,34,-23.1,21.0,0.0075,,
0.2625,35,-21.1,21.0,0.0075,,
0.2710,36,-19.4,21.0,0.0075,,
0.2795,37,-17.5,21.0,0.0075,,
0.2870,38,-16.2,21.0,0.0075,,
0.2955,39,-14.4,21.0,0.0085,,
0.3040,40,-13.1,21.0,0.0075,,
0.3125,41,-11.7,21.0,0.0075,,
0.3210,42,-10.2,21.0,0.0075,,
0.3290,43,-9.1,21.0,0.0080,,
0.3370,44,-7.8,21.0,0.0080,,
0.3450,45,-6.8,21.0,0.0080,,
0.3535,46,-5.6,21.0,0.0075,,
0.3620,47,-4.3,21.0,0.0075,,
0.3705,48,-3.4,21.0,0.0075,,
0.3790,49,-2.6,21.0,0.0075,,
0.3865,50,-1.7,21.0,0.0075,,
0.3950,51,-0.7,21.0,0.0085,,
0.4030,52,0.4,21.0,0.0075,,
0.4115,53,1.1,21.0,0.0075,,
0.4200,54,1.9,21.0,0.0075,,
0.4285,55,3.0,21.0,0.0075,,
0.4360,56,3.8,21.0,0.0075,,
0.4445,57,4.8,21.0,0.0085,,
0.4530,58,5.5,21.0,0.0075,,
0.4615,59,6.2,21.0,0.0075,,
0.4695,60,7.2,21.0,0.0075,,
0.4780,61,8.1,21.0,0.0075,,
0.4855,62,8.9,21.0,0.0075,,
0.4940,63,9.6,21.0,0.0085,,
0.5025,64,10.3,21.0,0.0075,,
0.5110,65,11.2,21.0,0.0075,,
0.5195,66,12.0,21.0,0.0075,,
0.5275,67,12.6,21.0,0.0075,,
0.5355,68,13.4,21.0,0.0080,,
0.5435,69,14.2,21.0,0.0080,,
0.5520,70,15.2,21.0,0.0085,,
0.5605,71,16.0,21.0,0.0075,,
0.5690,72,16.6,21.0,0.0075,,
0.5775,73,17.4,21.0,0.0075,,
0.5850,74,18.1,21.0,0.0075,,
0.5935,75,19.0,21.0,0.0085,,
0.6015,76,19.6,21.0,0.0080,,
0.6100,77,20.2,21.0,0.0075,,
0.6185,78,21.2,21.0,0.0075,,
0.6270,79,22.1,21.0,0.0075,,
0.6345,80,22.8,21.0,0.0075,,
0.6430,81,23.5,21.0,0.0085,,
0.6515,82,24.2,21.0,0.0085,,
0.6595,83,25.1,21.0,0.0075,,
0.6680,84,26.0,21.0,0.0075,,
0.6765,85,26.5,21.0,0.0075,,
0.6840,86,27.4,21.0,0.0075,,
0.6925,87,28.1,21.0,0.0085,,
0.7010,88,29.0,21.0,0.0085,,
0.7095,89,29.9,21.0,0.0075,,
0.7180,90,30.5,21.0,0.0075,,
0.7260,91,31.4,21.0,0.0075,,
0.7335,92,32.1,21.0,0.0075,,
0.7420,93,33.0,21.0,0.0085,,
0.7505,94,33.9,21.0,0.0085,,
0.7590,95,34.6,21.0,0.0075,,
0.7675,96,35.5,21.0,0.0075,,
0.7760,97,36.5,21.0,0.0075,,
0.7835,98,37.2,21.0,0.0075,,
0.7920,99,38.1,21.0,0.0085,,
0.8000,100,38.8,21.0,0.0080,,
0.8085,101,39.8,21.0,0.0075,,
0.8170,102,40.8,21.0,0.0075,,
0.8255,103,41.6,21.0,0.0075,,
0.8330,104,42.4,21.0,0.0075,,
0.8415,105,43.1,21.0,0.0085,,
0.8500,106,44.1,21.0,0.0085,,
0.8580,107,45.2,21.0,0.0075,,
0.8665,108,45.9,21.0,0.0075,,
0.8750,109,46.9,21.0,0.0075,,
0.8825,110,47.6,21.0,0.0075,,
0.8910,111,48.8,21.0,0.0085,,
0.8995,112,49.8,21.0,0.0085,,
0.9080,113,50.5,21.0,0.0075,,
0.9165,114,51.4,21.0,0.0075,,
0.9245,115,52.6,21.0,0.0075,,
0.9325,116,53.4,21.0,0.0080,,
0.9405,117,54.5,21.0,0.0080,,
0.9490,118,55.3,21.0,0.0085,,
0.9575,119,56.4,21.0,0.0075,,
0.9660,120,57.4,21.0,0.0075,,
0.9745,121,58.4,21.0,0.0075,,
0.9820,122,59.5,21.0,0.0075,,
0.9905,123,60.4,21.0,0.0085,,
0.9985,124,61.5,21.0,0.0080,,
1.0070,125,62.7,21.0,0.0075,,
1.0155,126,63.6,21.0,0.0075,,
1.0240,127,64.6,21.0,0.0075,,
1.0315,128,65.6,21.0,0.0075,,
1.0400,129,66.8,21.0,0.0085,,
1.0485,130,67.9,21.0,0.0085,,
1.0570,131,68.8,21.0,0.0075,,
1.0650,132,70.0,21.0,0.0075,,
1.0735,133,71.4,21.0,0.0075,,
1.0810,134,72.5,21.0,0.0075,,
1.0895,135,73.8,21.0,0.0085,,
1.0980,136,74.8,21.0,0.0085,,
1.1065,137,76.2,21.0,0.0075,,
1.1150,138,77.7,21.0,0.0075,,
1.1230,139,78.9,21.0,0.0075,,
1.1315,140,80.3,21.0,0.0085,,
1.1390,141,81.6,21.0,0.0075,,
1.1475,142,83.1,21.0,0.0085,,
1.1560,143,84.8,21.0,0.0075,,
1.1645,144,86.3,21.0,0.0075,,
1.1730,145,87.8,21.0,0.0075,,
1.1805,146,89.1,21.0,0.0075,,
1.1890,147,90.9,21.0,0.0085,,
1.1975,148,92.9,21.0,0.0085,,
1.2055,149,94.7,21.0,0.0075,,
1.2140,150,96.6,21.0,0.0075,,
1.2225,151,98.8,21.0,0.0075,,
1.2310,152,100.5,21.0,0.0085,,
1.2385,153,102.7,21.0,0.0075,,
1.2470,154,104.8,21.0,0.0085,,
1.2555,155,107.3,21.0,0.0075,,
1.2635,156,110.3,21.0,0.0075,,
1.2720,157,113.1,21.0,0.0075,,
1.2805,158,115.9,21.0,0.0075,,
1.2880,159,118.7,21.0,0.0075,,
1.2965,160,121.9,21.0,0.0085,,
1.3050,161,125.6,21.0,0.0085,,
1.3135,162,129.3,21.0,0.0075,,
1.3215,163,132.9,21.0,0.0075,,
1.3300,164,137.0,21.0,0.0075,,
1.3375,165,140.5,21.0,0.0075,,
1.3460,166,144.6,21.0,0.0085,,
1.3545,167,148.4,21.0,0.0085,,
1.3630,168,152.0,21.0,0.0075,,
1.3715,169,155.7,21.0,0.0075,,
1.3795,170,159.0,21.0,0.0075,,
1.3875,171,161.8,21.0,0.0080,,
1.3955,172,164.6,21.0,0.0080,,
1.4040,173,166.9,21.0,0.0085,,
1.4125,174,169.3,21.0,0.0075,,
1.4210,175,171.6,21.0,0.0075,,
1.4295,176,173.7,21.0,0.0075,,
1.4370,177,175.5,21.0,0.0075,,
1.4455,178,177.2,21.0,0.0085,,
1.4540,179,178.9,21.0,0.0085,,
1.4620,180,180.6,21.0,0.0075,,
1.4705,181,182.0,21.0,0.0075,,
1.4790,182,183.5,21.0,0.0075,,
1.4865,183,184.6,21.0,0.0075,,
1.4910,184,185.2,21.0,0.0090,,
1.4910,424,187.1,21.0,0.0000,,
1.4915,425,187.3,21.0,0.0005,,
1.4935,426,187.4,21.0,0.0035,,
1.4955,427,187.3,21.0,0.0035,,
1.4995,428,187.7,21.0,0.0065,,
1.5055,429,188.5,21.0,0.0085,,
1.5135,430,189.3,21.0,0.0115,,
1.5220,431,190.0,21.0,0.0120,,
1.5305,432,191.2,21.0,0.0120,,
1.5380,433,192.1,21.0,0.0105,,
1.5465,434,193.3,21.0,0.0140,,
1.5550,435,194.2,21.0,0.0120,,
1.5635,436,194.9,21.0,0.0120,,
1.5715,437,195.9,21.0,0.0115,,
1.5800,438,196.9,21.0,0.0120,,
1.5875,439,197.6,21.0,0.0125,,
1.5960,440,198.3,21.0,0.0140,,
1.6045,441,199.0,21.0,0.0140,,
1.6130,442,199.8,21.0,0.0120,,
1.6215,443,200.7,21.0,0.0120,,
1.6295,444,201.2,21.0,0.0115,,
1.6375,445,201.9,21.0,0.0135,,
1.6455,446,202.5,21.0,0.0135,,
1.6540,447,203.1,21.0,0.0140,,
1.6625,448,203.9,21.0,0.0120,,
1.6710,449,204.5,21.0,0.0120,,
1.6795,450,205.0,21.0,0.0120,,
1.6880,451,205.5,21.0,0.0140,,
1.6955,452,206.2,21.0,0.0125,,
1.7040,453,207.0,21.0,0.0140,,
1.7120,454,207.3,21.0,0.0115,,
1.7205,455,207.9,21.0,0.0120,,
1.7290,456,208.6,21.0,0.0120,,
1.7365,457,209.0,21.0,0.0125,,
1.7450,458,209.6,21.0,0.0140,,
1.7535,459,209.9,21.0,0.0140,,
1.7620,460,210.4,21.0,0.0120,,
1.7700,461,211.1,21.0,0.0115,,
1.7785,462,211.4,21.0,0.0120,,
1.7860,463,211.9,21.0,0.0125,,
1.7945,464,212.2,21.0,0.0140,,
1.8030,465,212.8,21.0,0.0140,,
1.8115,466,213.4,21.0,0.0120,,
1.8200,467,213.7,21.0,0.0120,,
1.8280,468,214.0,21.0,0.0115,,
1.8365,469,214.3,21.0,0.0140,,
1.8440,470,214.8,21.0,0.0125,,
1.8525,471,215.4,21.0,0.0140,,
1.8610,472,215.6,21.0,0.0120,,
1.8695,473,216.0,21.0,0.0120,,
1.8780,474,216.5,21.0,0.0120,,
1.8865,475,216.6,21.0,0.0140,,
1.8940,476,217.1,21.0,0.0125,,
1.9025,477,217.4,21.0,0.0140,,
1.9105,478,217.7,21.0,0.0115,,
1.9190,479,218.2,21.0,0.0120,,
1.9275,480,218.6,21.0,0.0120,,
1.9360,481,218.7,21.0,0.0120,,
1.9435,482,219.3,21.0,0.0125,,
1.9520,483,219.5,21.0,0.0140,,
1.9600,484,220.0,21.0,0.0135,,
1.9685,485,220.5,21.0,0.0120,,
1.9770,486,220.6,21.0,0.0120,,
1.9855,487,220.9,21.0,0.0120,,
1.9930,488,221.1,21.0,0.0125,,
2.0015,489,221.6,21.0,0.0140,,
2.0100,490,221.9,21.0,0.0140,,
2.0185,491,222.1,21.0,0.0120,,
2.0265,492,222.4,21.0,0.0115,,
2.0350,493,222.9,21.0,0.0120,,
2.0425,494,223.0,21.0,0.0125,,
2.0510,495,223.4,21.0,0.0140,,
2.0595,496,223.5,21.0,0.0140,,
2.0680,497,223.9,21.0,0.0120,,
2.0765,498,224.4,21.0,0.0120,,
2.0845,499,224.5,21.0,0.0115,,
2.0925,500,224.8,21.0,0.0135,,
2.1005,501,224.9,21.0,0.0135,,
2.1090,502,225.2,21.0,0.0140,,
2.1175,503,225.7,21.0,0.0120,,
2.1260,504,225.8,21.0,0.0120,,
2.1345,505,226.0,21.0,0.0120,,
2.1420,506,226.2,21.0,0.0125,,
2.1505,507,226.5,21.0,0.0140,,
2.1590,508,226.9,21.0,0.0140,,
2.1670,509,227.0,21.0,0.0115,,
2.1755,510,227.1,21.0,0.0120,,
2.1840,511,227.6,21.0,0.0120,,
2.1915,512,227.7,21.0,0.0125,,
2.2000,513,228.1,21.0,0.0140,,
2.2085,514,228.1,21.0,0.0140,,
2.2170,515,228.4,21.0,0.0120,,
2.2250,516,228.8,21.0,0.0115,,
2.2335,517,229.1,21.0,0.0120,,
2.2420,518,229.4,21.0,0.0140,,
2.2495,519,229.5,21.0,0.0125,,
2.2580,520,229.6,21.0,0.0140,,
2.2665,521,230.1,21.0,0.0120,,
2.2750,522,230.2,21.0,0.0120,,
2.2830,523,230.3,21.0,0.0115,,
2.2915,524,230.5,21.0,0.0140,,
2.2990,525,230.7,21.0,0.0125,,
2.3075,526,231.1,21.0,0.0140,,
2.3160,527,231.2,21.0,0.0120,,
2.3245,528,231.2,21.0,0.0120,,
2.3330,529,231.5,21.0,0.0120,,
2.3410,530,231.8,21.0,0.0115,,
2.3490,531,232.1,21.0,0.0135,,
2.3570,532,232.3,21.0,0.0135,,
2.3655,533,232.3,21.0,0.0140,,
2.3740,534,232.7,21.0,0.0120,,
2.3825,535,233.0,21.0,0.0120,,
2.3910,536,233.1,21.0,0.0120,,
2.3985,537,233.3,21.0,0.0125,,
2.4070,538,233.3,21.0,0.0140,,
2.4150,539,233.6,21.0,0.0135,,
2.4235,540,233.9,21.0,0.0120,,
2.4300,541,233.9,21.0,0.0095,,
2.4305,542,233.9,21.0,0.0005,,
2.4315,543,233.9,21.0,0.0015,,
2.4335,544,234.1,21.0,0.0035,,
2.4355,545,234.3,21.0,0.0035,,
2.4390,546,234.2,21.0,0.0050,,
2.4435,547,234.2,21.0,0.0065,,
2.4485,548,234.5,21.0,0.0070,,
2.4520,549,234.6,21.0,0.0060,,
2.4535,550,234.8,21.0,0.0025,,
2.4540,551,234.7,21.0,0.0010,,
2.4550,552,234.6,21.0,0.0015,,
2.4550,553,234.8,21.0,0.0000,,
2.4570,554,234.8,21.0,0.0030,,
2.4575,555,234.6,21.0,0.0005,,
2.4585,556,234.6,21.0,0.0015,,
2.4590,557,234.6,21.0,0.0010,,
2.4600,558,234.8,21.0,0.0015,,
2.4615,559,234.8,21.0,0.0020,,
2.4625,560,234.7,21.0,0.0015,,
2.4635,561,234.7,21.0,0.0015,,
2.4640,561,235.0,21.0,0.0015,,
Scope 1/1, Sample 3/32 (S1)
Result,TitrationEP1
V,t,E,T,dV/dt,E acc. stat.,Volume acc. stat.
0.0000,0,-67.6,20.3,NaN,,
0.0005,1,-67.6,20.3,0.0005,,
0.0025,2,-67.7,20.3,0.0020,,
0.0050,3,-67.6,20.3,0.0025,,
0.0085,4,-67.4,20.3,0.0030,,
0.0150,5,-67.2,20.3,0.0060,,
0.0230,6,-66.5,20.3,0.0075,,
0.0305,7,-65.7,20.3,0.0075,,
0.0390,8,-64.3,20.3,0.0085,,
0.0475,9,-63.0,20.3,0.0075,,
0.0560,10,-61.7,20.3,0.0075,,
0.0645,11,-60.0,20.3,0.0075,,
0.0725,12,-58.1,20.3,0.0075,,
0.0800,13,-56.5,20.3,0.0075,,
0.0885,14,-54.4,20.3,0.0085,,
0.0970,15,-52.4,20.3,0.0075,,
0.1055,16,-50.1,20.3,0.0075,,
0.1140,17,-47.7,20.3,0.0075,,
0.1225,18,-45.2,20.3,0.0075,,
0.1300,19,-42.9,20.3,0.0075,,
0.1385,20,-40.3,20.3,0.0085,,
0.1465,21,-37.4,20.3,0.0080,,
0.1550,22,-34.4,20.3,0.0075,,
0.1635,23,-31.6,20.3,0.0075,,
0.1720,24,-28.9,20.3,0.0075,,
0.1795,25,-26.4,20.3,0.0075,,
0.1880,26,-23.8,20.3,0.0085,,
0.1965,27,-21.4,20.3,0.0085,,
0.2045,28,-19.3,20.3,0.0075,,
0.2130,29,-17.5,20.3,0.0075,,
0.2215,30,-15.6,20.3,0.0075,,
0.2290,31,-14.2,20.3,0.0075,,
0.2375,32,-12.6,20.3,0.0085,,
0.2460,33,-11.3,20.3,0.0085,,
0.2545,34,-10.0,20.3,0.0075,,
0.2630,35,-8.6,20.3,0.0075,,
0.2710,36,-7.3,20.3,0.0075,,
0.2795,37,-6.2,20.3,0.0085,,
0.2870,38,-5.1,20.3,0.0075,,
0.2955,39,-4.0,20.3,0.0085,,
0.3040,40,-2.9,20.3,0.0075,,
0.3125,41,-1.9,20.3,0.0075,,
0.3210,42,-1.0,20.3,0.0075,,
0.3290,43,-0.1,20.3,0.0080,,
0.3370,44,0.7,20.3,0.0080,,
0.3450,45,1.8,20.3,0.0080,,
0.3535,46,2.8,20.3,0.0075,,
0.3620,47,3.7,20.3,0.0075,,
0.3705,48,4.6,20.3,0.0075,,
0.3790,49,5.5,20.3,0.0075,,
0.3865,50,6.4,20.3,0.0075,,
0.3950,51,7.2,20.3,0.0085,,
0.4030,52,7.9,20.3,0.0075,,
0.4115,53,8.8,20.3,0.0075,,
0.4200,54,9.8,20.3,0.0075,,
0.4285,55,10.4,20.3,0.0075,,
0.4360,56,11.2,20.3,0.0075,,
0.4445,57,11.9,20.3,0.0085,,
0.4530,58,12.7,20.3,0.0085,,
0.4610,59,13.6,20.3,0.0075,,
0.4695,60,14.3,20.3,0.0075,,
0.4780,61,15.1,20.3,0.0075,,
0.4855,62,15.7,20.3,0.0075,,
0.4940,63,16.5,20.3,0.0085,,
0.5025,64,17.3,20.3,0.0085,,
0.5110,65,18.1,20.3,0.0075,,
0.5195,66,18.9,20.3,0.0075,,
0.5275,67,19.8,20.3,0.0075,,
0.5350,68,20.5,20.3,0.0075,,
0.5435,69,21.3,20.3,0.0085,,
0.5520,70,21.9,20.3,0.0085,,
0.5605,71,22.6,20.3,0.0075,,
0.5690,72,23.5,20.3,0.0075,,
0.5775,73,24.3,20.3,0.0075,,
0.5855,74,24.9,20.3,0.0080,,
0.5930,75,25.6,20.3,0.0075,,
0.6015,76,26.3,20.3,0.0085,,
0.6100,77,27.2,20.3,0.0075,,
0.6185,78,28.0,20.3,0.0075,,
0.6270,79,28.6,20.3,0.0075,,
0.6355,80,29.5,20.3,0.0085,,
0.6430,81,30.3,20.3,0.0075,,
0.6510,82,31.2,20.3,0.0080,,
0.6595,83,32.0,20.3,0.0075,,
0.6680,84,32.7,20.3,0.0075,,
0.6765,85,33.6,20.3,0.0075,,
0.6850,86,34.5,20.3,0.0075,,
0.6925,87,35.2,20.3,0.0075,,
0.7010,88,36.0,20.3,0.0085,,
0.7090,89,36.6,20.3,0.0080,,
0.7175,90,37.4,20.3,0.0075,,
0.7260,91,38.4,20.3,0.0075,,
0.7345,92,39.2,20.3,0.0075,,
0.7420,93,40.1,20.3,0.0075,,
0.7505,94,40.8,20.3,0.0085,,
0.7590,95,41.7,20.3,0.0085,,
0.7675,96,42.6,20.3,0.0075,,
0.7755,97,43.4,20.3,0.0075,,
0.7840,98,44.2,20.3,0.0075,,
0.7915,99,45.1,20.3,0.0075,,
0.8000,100,46.0,20.3,0.0085,,
0.8085,101,46.9,20.3,0.0085,,
0.8170,102,47.6,20.3,0.0075,,
0.8255,103,48.6,20.3,0.0075,,
0.8340,104,49.6,20.3,0.0075,,
0.8415,105,50.4,20.3,0.0075,,
0.8500,106,51.3,20.3,0.0085,,
0.8580,107,52.2,20.3,0.0080,,
0.8665,108,53.2,20.3,0.0075,,
0.8750,109,54.2,20.3,0.0075,,
0.8835,110,55.0,20.3,0.0075,,
0.8910,111,56.0,20.3,0.0075,,
0.8995,112,56.8,20.3,0.0085,,
0.9080,113,57.9,20.3,0.0075,,
0.9160,114,59.0,20.3,0.0075,,
0.9245,115,59.9,20.3,0.0075,,
0.9330,116,60.9,20.3,0.0075,,
0.9405,117,62.0,20.3,0.0075,,
0.9490,118,63.1,20.3,0.0085,,
0.9575,119,64.2,20.3,0.0075,,
0.9660,120,65.0,20.3,0.0075,,
0.9745,121,66.2,20.3,0.0075,,
0.9825,122,67.1,20.3,0.0080,,
0.9905,123,68.4,20.3,0.0080,,
0.9985,124,69.5,20.3,0.0080,,
1.0070,125,70.5,20.3,0.0075,,
1.0155,126,71.7,20.3,0.0075,,
1.0240,127,72.8,20.3,0.0075,,
1.0325,128,74.0,20.3,0.0085,,
1.0400,129,75.2,20.3,0.0075,,
1.0485,130,76.3,20.3,0.0085,,
1.0570,131,77.8,20.3,0.0075,,
1.0650,132,79.1,20.3,0.0075,,
1.0735,133,80.2,20.3,0.0075,,
1.0820,134,81.5,20.3,0.0085,,
1.0895,135,82.7,20.3,0.0075,,
1.0980,136,84.2,20.3,0.0085,,
1.1065,137,85.7,20.3,0.0075,,
1.1150,138,87.1,20.3,0.0075,,
1.1230,139,88.6,20.3,0.0075,,
1.1315,140,89.9,20.3,0.0085,,
1.1390,141,91.7,20.3,0.0075,,
1.1475,142,93.3,20.3,0.0085,,
1.1560,143,94.9,20.3,0.0075,,
1.1645,144,96.8,20.3,0.0075,,
1.1730,145,98.7,20.3,0.0075,,
1.1815,146,100.3,20.3,0.0085,,
1.1890,147,102.5,20.4,0.0075,,
1.1975,148,104.7,20.4,0.0085,,
1.2055,149,107.1,20.3,0.0075,,
1.2140,150,109.5,20.4,0.0075,,
1.2225,151,111.8,20.4,0.0075,,
1.2310,152,114.2,20.4,0.0085,,
1.2385,153,116.9,20.4,0.0075,,
1.2470,154,120.1,20.4,0.0085,,
1.2555,155,123.4,20.4,0.0075,,
1.2635,156,126.5,20.4,0.0075,,
1.2720,157,130.1,20.4,0.0075,,
1.2805,158,133.9,20.4,0.0075,,
1.2880,159,137.2,20.4,0.0075,,
1.2965,160,141.1,20.4,0.0085,,
1.3050,161,144.7,20.4,0.0085,,
1.3135,162,148.3,20.4,0.0075,,
1.3215,163,152.1,20.4,0.0075,,
1.3300,164,155.1,20.4,0.0075,,
1.3375,165,158.0,20.4,0.0075,,
1.3460,166,161.2,20.4,0.0085,,
1.3545,167,163.7,20.4,0.0085,,
1.3630,168,166.3,20.4,0.0075,,
1.3715,169,168.5,20.4,0.0075,,
1.3795,170,170.8,20.4,0.0075,,
1.3875,171,172.8,20.4,0.0080,,
1.3955,172,174.7,20.4,0.0080,,
1.4040,173,176.5,20.4,0.0085,,
1.4125,174,178.2,20.4,0.0075,,
1.4210,175,179.7,20.4,0.0075,,
1.4295,176,181.5,20.4,0.0075,,
1.4370,177,182.6,20.4,0.0075,,
1.4455,178,184.2,20.4,0.0085,,
1.4530,179,185.1,20.4,0.0085,,
1.4530,419,186.8,20.4,0.0000,,
1.4535,420,186.7,20.4,0.0005,,
1.4550,421,186.7,20.4,0.0015,,
1.4575,422,186.9,20.4,0.0025,,
1.4615,423,187.4,20.4,0.0035,,
1.4680,424,187.9,20.4,0.0060,,
1.4760,425,188.9,20.4,0.0075,,
1.4840,426,189.8,20.4,0.0080,,
1.4920,427,190.8,20.4,0.0080,,
1.5005,428,191.9,20.4,0.0085,,
1.5090,429,192.7,20.4,0.0075,,
1.5175,430,193.7,20.4,0.0075,,
1.5260,431,194.7,20.4,0.0075,,
1.5335,432,195.5,20.4,0.0075,,
1.5420,433,196.3,20.4,0.0085,,
1.5500,434,197.1,20.4,0.0075,,
1.5585,435,198.0,20.4,0.0075,,
1.5670,436,198.7,20.4,0.0075,,
1.5755,437,199.3,20.4,0.0075,,
1.5830,438,200.1,20.4,0.0075,,
1.5915,439,200.6,20.4,0.0085,,
1.6000,440,201.5,20.4,0.0085,,
1.6085,441,202.3,20.4,0.0075,,
1.6165,442,202.8,20.4,0.0075,,
1.6250,443,203.5,20.4,0.0075,,
1.6325,444,203.9,20.4,0.0075,,
1.6410,445,204.6,20.4,0.0085,,
1.6495,446,205.3,20.4,0.0085,,
1.6580,447,205.6,20.4,0.0075,,
1.6665,448,206.2,20.4,0.0075,,
1.6745,449,206.9,20.4,0.0075,,
1.6825,450,207.4,20.4,0.0080,,
1.6905,451,207.9,20.4,0.0080,,
1.6990,452,208.3,20.4,0.0085,,
1.7075,453,208.9,20.4,0.0075,,
1.7160,454,209.6,20.4,0.0075,,
1.7245,455,210.0,20.4,0.0075,,
1.7325,456,210.5,20.4,0.0080,,
1.7405,457,210.8,20.4,0.0080,,
1.7485,458,211.2,20.4,0.0080,,
1.7570,459,211.8,20.4,0.0075,,
1.7655,460,212.1,20.4,0.0075,,
1.7740,461,212.6,20.4,0.0075,,
1.7815,462,213.0,20.4,0.0075,,
1.7900,463,213.4,20.4,0.0085,,
1.7985,464,214.0,20.4,0.0085,,
1.8065,465,214.3,20.4,0.0075,,
1.8150,466,214.6,20.4,0.0075,,
1.8235,467,215.1,20.4,0.0075,,
1.8320,468,215.5,20.4,0.0085,,
1.8395,469,215.9,20.4,0.0075,,
1.8480,470,216.2,20.4,0.0085,,
1.8565,471,216.6,20.4,0.0075,,
1.8650,472,217.1,20.4,0.0075,,
1.8730,473,217.5,20.4,0.0075,,
1.8815,474,217.7,20.4,0.0075,,
1.8890,475,218.2,20.4,0.0075,,
1.8975,476,218.5,20.4,0.0085,,
1.9060,477,218.9,20.4,0.0085,,
1.9145,478,219.2,20.4,0.0075,,
1.9230,479,219.5,20.5,0.0075,,
1.9310,480,219.8,20.4,0.0075,,
1.9385,481,220.0,20.5,0.0075,,
1.9470,482,220.4,20.5,0.0085,,
1.9555,483,220.7,20.5,0.0085,,
1.9640,484,220.9,20.5,0.0075,,
1.9725,485,221.2,20.5,0.0075,,
1.9810,486,221.7,20.5,0.0075,,
1.9885,487,221.8,20.5,0.0075,,
1.9970,488,222.2,20.5,0.0085,,
2.0050,489,222.3,20.5,0.0080,,
2.0135,490,222.7,20.5,0.0075,,
2.0220,491,223.1,20.5,0.0075,,
2.0305,492,223.3,20.5,0.0075,,
2.0380,493,223.6,20.5,0.0075,,
2.0465,494,223.8,20.5,0.0085,,
2.0550,495,224.1,20.5,0.0085,,
2.0630,496,224.6,20.5,0.0075,,
2.0715,497,224.7,20.5,0.0075,,
2.0800,498,224.9,20.5,0.0075,,
2.0885,499,225.2,20.5,0.0085,,
2.0960,500,225.4,20.5,0.0075,,
2.1045,501,225.8,20.5,0.0085,,
2.1130,502,226.0,20.5,0.0085,,
2.1210,503,226.1,20.5,0.0075,,
2.1295,504,226.5,20.5,0.0075,,
2.1380,505,226.7,20.5,0.0085,,
2.1455,506,227.0,20.5,0.0075,,
2.1540,507,227.2,20.5,0.0085,,
2.1625,508,227.3,20.5,0.0075,,
2.1710,509,227.7,20.5,0.0075,,
2.1790,510,228.0,20.5,0.0075,,
2.1875,511,228.1,20.5,0.0075,,
2.1950,512,228.5,20.5,0.0075,,
2.2035,513,228.6,20.5,0.0085,,
2.2120,514,228.9,20.5,0.0085,,
2.2205,515,229.2,20.5,0.0075,,
2.2290,516,229.5,20.5,0.0075,,
2.2370,517,229.6,20.5,0.0075,,
2.2455,518,229.7,20.5,0.0085,,
2.2530,519,230.1,20.5,0.0075,,
2.2615,520,230.4,20.5,0.0085,,
2.2700,521,230.6,20.5,0.0075,,
2.2785,522,230.6,20.5,0.0075,,
2.2870,523,231.0,20.5,0.0075,,
2.2950,524,231.1,20.5,0.0080,,
2.3030,525,231.4,20.5,0.0080,,
2.3110,526,231.5,20.5,0.0080,,
2.3195,527,231.7,20.5,0.0075,,
2.3280,528,232.0,20.5,0.0075,,
2.3365,529,232.2,20.5,0.0075,,
2.3450,530,232.5,20.5,0.0085,,
2.3525,531,232.5,20.5,0.0075,,
2.3610,532,232.7,20.5,0.0085,,
2.3695,533,233.0,20.5,0.0075,,
2.3775,534,233.2,20.5,0.0075,,
2.3860,535,233.3,20.5,0.0075,,
2.3945,536,233.5,20.5,0.0075,,
2.4020,537,233.7,20.5,0.0075,,
2.4105,538,233.9,20.5,0.0085,,
2.4190,539,234.0,20.5,0.0075,,
2.4270,540,234.1,20.5,0.0075,,
2.4345,541,234.4,20.5,0.0070,,
2.4350,542,234.5,20.5,0.0005,,
2.4355,543,234.6,20.5,0.0005,,
2.4365,544,234.5,20.5,0.0010,,
2.4380,545,234.5,20.5,0.0015,,
2.4395,546,234.6,20.5,0.0015,,
2.4410,547,234.5,20.5,0.0015,,
2.4435,548,234.7,20.5,0.0025,,
2.4465,549,234.6,20.5,0.0030,,
2.4505,550,234.6,20.5,0.0040,,
2.4550,551,234.9,20.5,0.0040,,
2.4555,552,235.1,20.5,0.0010,,
Scope 1/1, Sample 4/32 (S2)
Result,TitrationEP1
V,t,E,T,dV/dt,E acc. stat.,Volume acc. stat.
0.0000,0,-70.7,19.8,NaN,,
0.0010,1,-70.8,19.8,0.0010,,
0.0025,2,-70.6,19.8,0.0015,,
0.0050,3,-70.6,19.8,0.0025,,
0.0090,4,-70.5,19.8,0.0035,,
0.0150,5,-70.2,19.8,0.0055,,
0.0235,6,-69.5,19.8,0.0075,,
0.0320,7,-68.4,19.8,0.0075,,
0.0405,8,-67.2,19.8,0.0075,,
0.0490,9,-66.0,19.8,0.0085,,
0.0565,10,-64.6,19.8,0.0070,,
0.0645,11,-63.0,19.8,0.0075,,
0.0730,12,-61.2,19.8,0.0075,,
0.0815,13,-59.5,19.8,0.0075,,
0.0900,14,-57.7,19.8,0.0075,,
0.0985,15,-55.4,19.8,0.0075,,
0.1060,16,-53.6,19.8,0.0070,,
0.1145,17,-51.2,19.8,0.0075,,
0.1230,18,-49.1,19.8,0.0075,,
0.1310,19,-46.8,19.8,0.0075,,
0.1395,20,-44.0,19.8,0.0075,,
0.1480,21,-41.3,19.8,0.0075,,
0.1555,22,-38.7,19.8,0.0070,,
0.1640,23,-36.0,19.8,0.0075,,
0.1725,24,-33.1,19.8,0.0075,,
0.1810,25,-30.0,19.8,0.0075,,
0.1890,26,-27.1,19.8,0.0075,,
0.1975,27,-24.6,19.8,0.0075,,
0.2060,28,-22.3,19.8,0.0075,,
0.2135,29,-20.3,19.8,0.0070,,
0.2220,30,-18.2,19.8,0.0075,,
0.2305,31,-16.3,19.8,0.0075,,
0.2390,32,-14.7,19.8,0.0075,,
0.2470,33,-13.3,19.8,0.0075,,
0.2550,34,-11.9,19.8,0.0075,,
0.2630,35,-10.4,19.8,0.0075,,
0.2715,36,-9.0,19.8,0.0075,,
0.2800,37,-7.8,19.8,0.0075,,
0.2885,38,-6.6,19.8,0.0075,,
0.2970,39,-5.3,19.8,0.0075,,
0.3050,40,-4.3,19.8,0.0075,,
0.3130,41,-3.2,19.8,0.0075,,
0.3210,42,-2.3,19.8,0.0075,,
0.3295,43,-1.4,19.8,0.0075,,
0.3380,44,-0.3,19.8,0.0075,,
0.3465,45,0.7,19.8,0.0075,,
0.3550,46,1.5,19.8,0.0075,,
0.3625,47,2.4,19.8,0.0070,,
0.3710,48,3.4,19.8,0.0075,,
0.3795,49,4.4,19.8,0.0075,,
0.3875,50,5.2,19.8,0.0075,,
0.3960,51,6.1,19.8,0.0075,,
0.4045,52,6.8,19.8,0.0075,,
0.4120,53,7.7,19.8,0.0070,,
0.4205,54,8.7,19.8,0.0075,,
0.4290,55,9.4,19.8,0.0075,,
0.4375,56,10.1,19.8,0.0075,,
0.4455,57,11.0,19.8,0.0075,,
0.4540,58,11.9,19.8,0.0070,,
0.4615,59,12.7,19.8,0.0070,,
0.4700,60,13.3,19.8,0.0075,,
0.4785,61,14.1,19.8,0.0075,,
0.4870,62,15.0,19.8,0.0075,,
0.4955,63,15.8,19.8,0.0075,,
0.5035,64,16.5,19.8,0.0075,,
0.5115,65,17.2,19.9,0.0075,,
0.5195,66,18.0,19.8,0.0075,,
0.5280,67,19.0,19.9,0.0075,,
0.5365,68,19.7,19.9,0.0075,,
0.5450,69,20.4,19.9,0.0075,,
0.5535,70,21.3,19.9,0.0070,,
0.5610,71,21.9,19.9,0.0070,,
0.5695,72,22.7,19.9,0.0075,,
0.5780,73,23.4,19.9,0.0075,,
0.5860,74,24.1,19.9,0.0075,,
0.5945,75,25.0,19.9,0.0075,,
0.6030,76,25.9,19.9,0.0075,,
0.6105,77,26.6,19.9,0.0070,,
0.6190,78,27.3,19.9,0.0075,,
0.6275,79,27.9,19.9,0.0075,,
0.6360,80,28.9,19.9,0.0075,,
0.6440,81,29.8,19.9,0.0075,,
0.6525,82,30.5,19.9,0.0075,,
0.6600,83,31.3,19.9,0.0070,,
0.6685,84,32.0,19.9,0.0075,,
0.6770,85,32.9,19.9,0.0075,,
0.6855,86,33.7,19.9,0.0075,,
0.6940,87,34.3,19.9,0.0075,,
0.7020,88,35.2,19.9,0.0075,,
0.7100,89,36.0,19.9,0.0075,,
0.7180,90,37.0,19.9,0.0075,,
0.7265,91,37.8,19.9,0.0075,,
0.7350,92,38.6,19.9,0.0075,,
0.7435,93,39.5,19.9,0.0075,,
0.7520,94,40.4,19.9,0.0075,,
0.7595,95,41.3,19.9,0.0070,,
0.7680,96,42.1,19.9,0.0075,,
0.7765,97,43.1,19.9,0.0075,,
0.7845,98,44.1,19.9,0.0075,,
0.7930,99,45.0,19.9,0.0075,,
0.8015,100,45.9,19.9,0.0075,,
0.8090,101,46.8,19.9,0.0070,,
0.8175,102,47.5,19.9,0.0075,,
0.8260,103,48.5,19.9,0.0075,,
0.8345,104,49.5,19.9,0.0075,,
0.8425,105,50.3,19.9,0.0075,,
0.8510,106,51.2,19.9,0.0075,,
0.8585,107,52.1,19.9,0.0070,,
0.8670,108,53.1,19.9,0.0075,,
0.8755,109,54.1,19.9,0.0075,,
0.8840,110,54.9,19.9,0.0075,,
0.8925,111,55.9,19.9,0.0075,,
0.9010,112,57.0,19.9,0.0075,,
0.9085,113,57.9,19.9,0.0070,,
0.9170,114,58.9,19.9,0.0075,,
0.9250,115,59.9,19.9,0.0075,,
0.9335,116,61.0,19.9,0.0075,,
0.9420,117,62.2,19.9,0.0075,,
0.9505,118,63.1,19.9,0.0075,,
0.9580,119,64.1,19.9,0.0070,,
0.9665,120,65.1,19.9,0.0075,,
0.9750,121,66.3,19.9,0.0075,,
0.9830,122,67.6,19.9,0.0075,,
0.9915,123,68.5,19.9,0.0075,,
1.0000,124,69.7,19.9,0.0075,,
1.0075,125,70.8,19.9,0.0070,,
1.0160,126,72.0,19.9,0.0075,,
1.0245,127,73.2,19.9,0.0075,,
1.0330,128,74.4,19.9,0.0075,,
1.0410,129,75.7,19.9,0.0075,,
1.0495,130,77.1,19.9,0.0075,,
1.0580,131,78.2,19.9,0.0075,,
1.0655,132,79.7,19.9,0.0070,,
1.0740,133,80.9,19.9,0.0075,,
1.0825,134,82.4,19.9,0.0075,,
1.0910,135,83.9,19.9,0.0075,,
1.0990,136,85.4,19.9,0.0065,,
1.1075,137,86.7,19.9,0.0085,,
1.1150,138,88.2,19.9,0.0070,,
1.1235,139,89.8,19.9,0.0075,,
1.1320,140,91.7,19.9,0.0075,,
1.1405,141,93.5,19.9,0.0075,,
1.1490,142,95.2,19.9,0.0075,,
1.1575,143,97.3,19.9,0.0075,,
1.1650,144,99.0,19.9,0.0070,,
1.1730,145,101.2,19.9,0.0075,,
1.1815,146,103.4,19.9,0.0075,,
1.1900,147,105.4,19.9,0.0075,,
1.1985,148,107.9,19.9,0.0075,,
1.2070,149,110.6,19.9,0.0075,,
1.2145,150,112.7,19.9,0.0070,,
1.2230,151,115.3,19.9,0.0075,,
1.2310,152,118.1,19.9,0.0075,,
1.2395,153,121.2,19.9,0.0075,,
1.2480,154,124.8,19.9,0.0075,,
1.2565,155,128.2,19.9,0.0075,,
1.2650,156,131.4,19.9,0.0075,,
1.2725,157,134.9,19.9,0.0070,,
1.2810,158,138.9,19.9,0.0075,,
1.2895,159,142.7,19.9,0.0075,,
1.2975,160,146.6,19.9,0.0075,,
1.3060,161,150.3,19.9,0.0075,,
1.3145,162,153.8,19.9,0.0075,,
1.3220,163,156.8,19.9,0.0070,,
1.3305,164,160.0,19.9,0.0075,,
1.3390,165,162.9,19.9,0.0075,,
1.3475,166,165.5,19.9,0.0075,,
1.3555,167,168.1,19.9,0.0075,,
1.3640,168,170.0,19.9,0.0085,,
1.3715,169,172.2,19.9,0.0070,,
1.3800,170,174.0,19.9,0.0075,,
1.3885,171,175.9,19.9,0.0075,,
1.3970,172,177.8,19.9,0.0075,,
1.4055,173,179.3,19.9,0.0075,,
1.4135,174,180.7,19.9,0.0075,,
1.4215,175,182.1,19.9,0.0075,,
1.4295,176,183.5,19.9,0.0075,,
1.4380,177,184.8,19.9,0.0075,,
1.4420,178,185.1,19.9,0.0065,,
1.4420,418,187.1,20.0,0.0000,,
1.4425,419,187.1,20.0,0.0005,,
1.4440,420,187.0,20.0,0.0020,,
1.4465,421,187.1,20.0,0.0035,,
1.4505,422,187.5,20.0,0.0050,,
1.4565,423,188.3,20.0,0.0075,,
1.4645,424,189.1,20.0,0.0100,,
1.4730,425,190.2,20.0,0.0120,,
1.4805,426,191.0,20.0,0.0105,,
1.4890,427,192.1,20.0,0.0120,,
1.4975,428,193.1,20.0,0.0105,,
1.5060,429,194.0,20.0,0.0105,,
1.5145,430,194.8,20.0,0.0105,,
1.5230,431,195.5,20.0,0.0120,,
1.5305,432,196.4,20.0,0.0105,,
1.5385,433,197.3,20.0,0.0115,,
1.5470,434,198.0,20.0,0.0105,,
1.5555,435,198.8,20.0,0.0105,,
1.5640,436,199.6,20.0,0.0105,,
1.5725,437,200.3,20.0,0.0120,,
1.5800,438,201.0,20.0,0.0105,,
1.5885,439,201.6,20.0,0.0120,,
1.5965,440,202.1,20.0,0.0115,,
1.6050,441,202.9,20.0,0.0105,,
1.6135,442,203.6,20.0,0.0105,,
1.6220,443,204.1,20.0,0.0105,,
1.6295,444,204.6,20.0,0.0105,,
1.6380,445,205.1,20.0,0.0120,,
1.6465,446,205.8,20.0,0.0120,,
1.6550,447,206.4,20.0,0.0105,,
1.6630,448,206.8,20.0,0.0100,,
1.6715,449,207.4,20.0,0.0105,,
1.6790,450,207.8,20.0,0.0105,,
1.6875,451,208.4,20.0,0.0120,,
1.6960,452,209.0,20.0,0.0120,,
1.7045,453,209.4,20.0,0.0105,,
1.7130,454,210.0,20.0,0.0105,,
1.7215,455,210.5,20.0,0.0105,,
1.7290,456,210.9,20.0,0.0105,,
1.7370,457,211.4,20.0,0.0115,,
1.7455,458,211.7,20.0,0.0120,,
1.7540,459,212.2,20.0,0.0105,,
1.7625,460,212.8,20.0,0.0105,,
1.7710,461,213.2,20.0,0.0105,,
1.7785,462,213.6,20.0,0.0105,,
1.7870,463,214.0,20.0,0.0120,,
1.7950,464,214.4,20.0,0.0115,,
1.8035,465,214.8,20.1,0.0105,,
1.8120,466,215.2,20.1,0.0105,,
1.8205,467,215.5,20.1,0.0105,,
1.8280,468,215.9,20.1,0.0105,,
1.8365,469,216.3,20.1,0.0120,,
1.8450,470,216.8,20.1,0.0120,,
1.8535,471,217.0,20.1,0.0105,,
1.8615,472,217.3,20.1,0.0100,,
1.8700,473,217.8,20.1,0.0105,,
1.8785,474,218.1,20.1,0.0120,,
1.8860,475,218.6,20.1,0.0105,,
1.8945,476,218.9,20.1,0.0120,,
1.9030,477,219.1,20.1,0.0105,,
1.9110,478,219.5,20.1,0.0100,,
1.9195,479,220.0,20.1,0.0105,,
1.9280,480,220.2,20.1,0.0105,,
1.9355,481,220.5,20.1,0.0105,,
1.9440,482,220.7,20.1,0.0120,,
1.9525,483,221.1,20.1,0.0120,,
1.9610,484,221.5,20.1,0.0105,,
1.9695,485,221.7,20.1,0.0105,,
1.9775,486,222.0,20.1,0.0100,,
1.9850,487,222.2,20.1,0.0105,,
1.9935,488,222.6,20.1,0.0120,,
2.0020,489,223.0,20.1,0.0120,,
2.0105,490,223.1,20.1,0.0105,,
2.0190,491,223.4,20.1,0.0105,,
2.0275,492,223.8,20.1,0.0105,,
2.0350,493,223.9,20.1,0.0105,,
2.0430,494,224.2,20.1,0.0115,,
2.0515,495,224.4,20.1,0.0120,,
2.0600,496,224.6,20.1,0.0105,,
2.0685,497,225.0,20.1,0.0105,,
2.0770,498,225.3,20.1,0.0105,,
2.0845,499,225.6,20.1,0.0105,,
2.0930,500,225.7,20.1,0.0120,,
2.1015,501,225.9,20.1,0.0120,,
2.1095,502,226.3,20.1,0.0100,,
2.1180,503,226.6,20.1,0.0105,,
2.1265,504,226.7,20.1,0.0105,,
2.1350,505,226.9,20.1,0.0120,,
2.1425,506,227.3,20.1,0.0105,,
2.1510,507,227.6,20.1,0.0120,,
2.1595,508,227.8,20.1,0.0105,,
2.1675,509,227.9,20.1,0.0100,,
2.1760,510,228.1,20.1,0.0105,,
2.1845,511,228.4,20.1,0.0105,,
2.1920,512,228.6,20.1,0.0105,,
2.2005,513,228.8,20.1,0.0120,,
2.2090,514,229.0,20.1,0.0120,,
2.2175,515,229.3,20.1,0.0105,,
2.2255,516,229.6,20.1,0.0100,,
2.2340,517,229.8,20.1,0.0105,,
2.2415,518,230.0,20.1,0.0105,,
2.2500,519,230.1,20.1,0.0120,,
2.2585,520,230.4,20.1,0.0120,,
2.2670,521,230.8,20.1,0.0105,,
2.2755,522,230.8,20.1,0.0105,,
2.2840,523,231.1,20.1,0.0105,,
2.2915,524,231.3,20.1,0.0105,,
2.3000,525,231.6,20.1,0.0120,,
2.3080,526,231.8,20.1,0.0100,,
2.3165,527,231.9,20.1,0.0105,,
2.3250,528,232.0,20.1,0.0105,,
2.3335,529,232.4,20.1,0.0105,,
2.3410,530,232.4,20.1,0.0105,,
2.3495,531,232.6,20.1,0.0120,,
2.3580,532,232.7,20.1,0.0120,,
2.3660,533,232.9,20.1,0.0100,,
2.3745,534,233.2,20.1,0.0105,,
2.3830,535,233.4,20.1,0.0105,,
2.3915,536,233.7,20.1,0.0120,,
2.3985,537,233.7,20.1,0.0100,,
2.4070,538,233.9,20.1,0.0120,,
2.4135,539,234.3,20.1,0.0080,,
2.4200,540,234.4,20.1,0.0080,,
2.4260,541,234.3,20.1,0.0075,,
2.4265,542,234.4,20.1,0.0005,,
2.4275,543,234.4,20.1,0.0015,,
2.4290,544,234.6,20.1,0.0020,,
2.4310,545,234.7,20.1,0.0025,,
2.4320,546,234.6,20.1,0.0010,,
2.4325,547,234.7,20.1,0.0005,,
2.4335,548,234.8,20.1,0.0010,,
2.4350,549,234.8,20.1,0.0020,,
2.4375,550,234.8,20.1,0.0035,,
2.4400,551,234.7,20.1,0.0035,,
2.4430,552,234.8,20.1,0.0035,,
2.4460,552,235.0,20.1,0.0060,,
Scope 1/1, Sample 5/32 (S3)
Result,TitrationEP1
V,t,E,T,dV/dt,E acc. stat.,Volume acc. stat.
0.0000,0,-68.5,19.6,NaN,,
0.0010,1,-68.5,19.6,0.0010,,
0.0025,2,-68.4,19.6,0.0015,,
0.0050,3,-68.4,19.6,0.0025,,
0.0090,4,-68.3,19.6,0.0035,,
0.0150,5,-68.0,19.6,0.0055,,
0.0235,6,-67.1,19.6,0.0075,,
0.0320,7,-66.0,19.6,0.0075,,
0.0405,8,-64.9,19.6,0.0075,,
0.0490,9,-63.5,19.6,0.0075,,
0.0565,10,-62.2,19.6,0.0070,,
0.0645,11,-60.4,19.6,0.0075,,
0.0730,12,-58.6,19.6,0.0075,,
0.0815,13,-56.8,19.6,0.0075,,
0.0900,14,-54.8,19.6,0.0075,,
0.0985,15,-52.5,19.6,0.0075,,
0.1060,16,-50.6,19.6,0.0070,,
0.1145,17,-48.2,19.6,0.0075,,
0.1230,18,-45.8,19.6,0.0075,,
0.1310,19,-43.0,19.6,0.0075,,
0.1395,20,-40.3,19.6,0.0075,,
0.1480,21,-37.5,19.6,0.0075,,
0.1555,22,-34.8,19.6,0.0070,,
0.1640,23,-31.9,19.6,0.0075,,
0.1725,24,-28.9,19.6,0.0075,,
0.1810,25,-26.3,19.6,0.0075,,
0.1890,26,-23.9,19.6,0.0075,,
0.1975,27,-21.5,19.6,0.0075,,
0.2050,28,-19.6,19.6,0.0070,,
0.2135,29,-17.6,19.6,0.0075,,
0.2220,30,-15.8,19.6,0.0075,,
0.2305,31,-14.3,19.6,0.0075,,
0.2390,32,-12.7,19.6,0.0075,,
0.2470,33,-11.0,19.6,0.0075,,
0.2550,34,-9.8,19.6,0.0075,,
0.2635,35,-8.5,19.6,0.0075,,
0.2715,36,-7.2,19.6,0.0075,,
0.2800,37,-6.1,19.6,0.0075,,
0.2885,38,-4.6,19.6,0.0075,,
0.2970,39,-3.6,19.6,0.0075,,
0.3050,40,-2.5,19.6,0.0065,,
0.3130,41,-1.6,19.6,0.0075,,
0.3210,42,-0.6,19.6,0.0075,,
0.3295,43,0.5,19.6,0.0075,,
0.3380,44,1.4,19.6,0.0075,,
0.3465,45,2.2,19.6,0.0075,,
0.3550,46,3.4,19.6,0.0070,,
0.3625,47,4.2,19.6,0.0070,,
0.3710,48,5.3,19.7,0.0075,,
0.3790,49,6.1,19.6,0.0075,,
0.3875,50,6.8,19.7,0.0075,,
0.3960,51,7.8,19.7,0.0070,,
0.4045,52,8.7,19.7,0.0075,,
0.4120,53,9.4,19.7,0.0070,,
0.4205,54,10.2,19.7,0.0075,,
0.4290,55,10.9,19.7,0.0075,,
0.4375,56,11.7,19.7,0.0075,,
0.4455,57,12.6,19.7,0.0075,,
0.4540,58,13.3,19.7,0.0075,,
0.4615,59,14.1,19.7,0.0070,,
0.4700,60,14.9,19.7,0.0075,,
0.4785,61,15.7,19.7,0.0075,,
0.4870,62,16.7,19.7,0.0075,,
0.4955,63,17.3,19.7,0.0075,,
0.5035,64,18.2,19.7,0.0075,,
0.5115,65,18.8,19.7,0.0075,,
0.5195,66,19.7,19.7,0.0075,,
0.5280,67,20.5,19.7,0.0075,,
0.5365,68,21.2,19.7,0.0075,,
0.5450,69,22.1,19.7,0.0075,,
0.5535,70,22.8,19.7,0.0075,,
0.5610,71,23.5,19.7,0.0070,,
0.5695,72,24.3,19.7,0.0075,,
0.5775,73,25.0,19.7,0.0075,,
0.5860,74,25.9,19.7,0.0075,,
0.5945,75,26.9,19.7,0.0075,,
0.6030,76,27.6,19.7,0.0075,,
0.6115,77,28.3,19.7,0.0075,,
0.6190,78,29.0,19.7,0.0070,,
0.6275,79,29.8,19.7,0.0075,,
0.6360,80,30.7,19.7,0.0075,,
0.6440,81,31.3,19.7,0.0075,,
0.6525,82,32.1,19.7,0.0075,,
0.6600,83,32.9,19.7,0.0070,,
0.6685,84,33.7,19.7,0.0075,,
0.6770,85,34.6,19.7,0.0075,,
0.6855,86,35.3,19.7,0.0075,,
0.6940,87,36.1,19.7,0.0075,,
0.7025,88,37.0,19.7,0.0075,,
0.7100,89,37.8,19.7,0.0070,,
0.7180,90,38.6,19.7,0.0075,,
0.7265,91,39.4,19.7,0.0075,,
0.7350,92,40.1,19.7,0.0075,,
0.7435,93,41.1,19.7,0.0075,,
0.7520,94,42.0,19.7,0.0075,,
0.7605,95,42.8,19.7,0.0075,,
0.7680,96,43.6,19.7,0.0070,,
0.7765,97,44.5,19.7,0.0075,,
0.7845,98,45.5,19.7,0.0075,,
0.7930,99,46.3,19.7,0.0075,,
0.8015,100,47.2,19.7,0.0075,,
0.8100,101,47.9,19.7,0.0075,,
0.8175,102,48.8,19.7,0.0070,,
0.8260,103,49.9,19.7,0.0075,,
0.8345,104,50.7,19.7,0.0075,,
0.8425,105,51.6,19.7,0.0075,,
0.8510,106,52.6,19.7,0.0075,,
0.8585,107,53.4,19.7,0.0070,,
0.8670,108,54.5,19.7,0.0075,,
0.8755,109,55.3,19.7,0.0075,,
0.8840,110,56.2,19.7,0.0075,,
0.8925,111,57.2,19.7,0.0075,,
0.9005,112,58.2,19.7,0.0075,,
0.9090,113,59.2,19.7,0.0075,,
0.9165,114,60.0,19.7,0.0070,,
0.9250,115,61.0,19.7,0.0075,,
0.9335,116,62.1,19.7,0.0075,,
0.9420,117,63.2,19.7,0.0075,,
0.9505,118,64.2,19.7,0.0075,,
0.9590,119,65.3,19.7,0.0070,,
0.9665,120,66.1,19.7,0.0070,,
0.9750,121,67.4,19.7,0.0075,,
0.9830,122,68.4,19.7,0.0075,,
0.9915,123,69.4,19.7,0.0075,,
1.0000,124,70.7,19.7,0.0075,,
1.0085,125,71.8,19.7,0.0075,,
1.0160,126,73.0,19.7,0.0070,,
1.0245,127,74.1,19.7,0.0075,,
1.0330,128,75.2,19.7,0.0075,,
1.0410,129,76.4,19.7,0.0075,,
1.0495,130,77.7,19.7,0.0075,,
1.0580,131,78.8,19.7,0.0075,,
1.0655,132,80.1,19.7,0.0070,,
1.0740,133,81.3,19.7,0.0075,,
1.0825,134,82.7,19.7,0.0075,,
1.0910,135,84.2,19.7,0.0075,,
1.0990,136,85.7,19.7,0.0075,,
1.1075,137,87.1,19.7,0.0075,,
1.1150,138,88.5,19.7,0.0070,,
1.1235,139,90.1,19.7,0.0075,,
1.1320,140,91.7,19.7,0.0075,,
1.1405,141,93.4,19.7,0.0075,,
1.1490,142,95.0,19.7,0.0075,,
1.1575,143,96.8,19.7,0.0075,,
1.1650,144,98.4,19.7,0.0070,,
1.1730,145,100.4,19.7,0.0075,,
1.1815,146,102.2,19.7,0.0075,,
1.1900,147,104.4,19.7,0.0075,,
1.1985,148,106.7,19.7,0.0075,,
1.2070,149,108.8,19.7,0.0070,,
1.2145,150,111.0,19.7,0.0070,,
1.2230,151,113.3,19.7,0.0075,,
1.2315,152,116.2,19.7,0.0075,,
1.2400,153,119.2,19.7,0.0075,,
1.2480,154,122.0,19.7,0.0075,,
1.2565,155,124.8,19.7,0.0070,,
1.2640,156,127.8,19.7,0.0070,,
1.2725,157,131.4,19.7,0.0075,,
1.2810,158,135.1,19.7,0.0075,,
1.2895,159,138.7,19.7,0.0075,,
1.2980,160,142.1,19.7,0.0075,,
1.3060,161,145.9,19.7,0.0065,,
1.3140,162,149.1,19.7,0.0075,,
1.3220,163,152.6,19.7,0.0075,,
1.3305,164,155.7,19.7,0.0075,,
1.3390,165,158.9,19.7,0.0075,,
1.3475,166,161.7,19.7,0.0075,,
1.3560,167,164.3,19.7,0.0075,,
1.3635,168,166.6,19.7,0.0070,,
1.3720,169,168.9,19.7,0.0075,,
1.3800,170,171.1,19.7,0.0075,,
1.3885,171,173.2,19.7,0.0075,,
1.3970,172,175.2,19.7,0.0075,,
1.4055,173,176.8,19.8,0.0075,,
1.4130,174,178.3,19.7,0.0070,,
1.4215,175,179.9,19.7,0.0075,,
1.4300,176,181.5,19.7,0.0075,,
1.4380,177,182.8,19.8,0.0075,,
1.4465,178,184.0,19.8,0.0075,,
1.4535,179,185.1,19.8,0.0080,,
1.4535,419,186.6,19.9,0.0000,,
1.4540,420,186.6,19.9,0.0005,,
1.4555,421,186.5,19.9,0.0015,,
1.4580,422,186.7,19.9,0.0025,,
1.4620,423,187.2,19.9,0.0035,,
1.4685,424,187.8,19.9,0.0060,,
1.4765,425,188.7,19.9,0.0075,,
1.4840,426,189.6,19.9,0.0075,,
1.4925,427,190.6,19.9,0.0085,,
1.5010,428,191.7,19.9,0.0085,,
1.5095,429,192.7,19.9,0.0075,,
1.5180,430,193.4,19.9,0.0075,,
1.5260,431,194.5,19.9,0.0075,,
1.5345,432,195.5,19.9,0.0075,,
1.5420,433,196.2,19.9,0.0075,,
1.5505,434,197.0,19.9,0.0085,,
1.5590,435,197.7,19.9,0.0085,,
1.5675,436,198.6,19.9,0.0075,,
1.5760,437,199.4,19.9,0.0075,,
1.5840,438,200.0,19.9,0.0075,,
1.5920,439,200.7,19.9,0.0080,,
1.6000,440,201.2,19.9,0.0080,,
1.6085,441,201.9,19.9,0.0085,,
1.6170,442,202.7,19.9,0.0075,,
1.6255,443,203.2,19.9,0.0075,,
1.6340,444,203.8,19.9,0.0075,,
1.6415,445,204.4,19.9,0.0075,,
1.6500,446,205.1,19.9,0.0085,,
1.6585,447,205.7,19.9,0.0085,,
1.6665,448,206.1,19.9,0.0075,,
1.6750,449,206.6,19.9,0.0075,,
1.6835,450,207.3,19.9,0.0075,,
1.6910,451,207.7,19.9,0.0075,,
1.6995,452,208.3,19.9,0.0085,,
1.7080,453,208.7,19.9,0.0085,,
1.7165,454,209.1,19.9,0.0075,,
1.7245,455,209.7,19.9,0.0075,,
1.7330,456,210.1,19.9,0.0085,,
1.7405,457,210.5,19.9,0.0075,,
1.7490,458,210.9,19.9,0.0085,,
1.7575,459,211.4,19.9,0.0085,,
1.7660,460,212.1,19.9,0.0075,,
1.7745,461,212.3,19.9,0.0075,,
1.7830,462,212.7,19.9,0.0075,,
1.7905,463,213.1,19.9,0.0075,,
1.7990,464,213.5,19.9,0.0085,,
1.8070,465,214.1,19.9,0.0075,,
1.8155,466,214.3,19.9,0.0075,,
1.8240,467,214.7,19.9,0.0075,,
1.8325,468,215.2,19.9,0.0075,,
1.8400,469,215.6,19.9,0.0075,,
1.8485,470,216.1,19.9,0.0085,,
1.8565,471,216.5,19.9,0.0080,,
1.8650,472,216.7,19.9,0.0075,,
1.8735,473,217.1,19.9,0.0075,,
1.8820,474,217.6,19.9,0.0075,,
1.8905,475,217.9,19.9,0.0085,,
1.8980,476,218.2,19.9,0.0075,,
1.9065,477,218.4,19.9,0.0085,,
1.9145,478,218.8,19.9,0.0080,,
1.9230,479,219.2,19.9,0.0075,,
1.9315,480,219.5,19.9,0.0075,,
1.9400,481,219.7,19.9,0.0075,,
1.9475,482,220.0,19.9,0.0075,,
1.9560,483,220.4,19.9,0.0085,,
1.9645,484,220.7,19.9,0.0085,,
1.9725,485,220.9,19.9,0.0075,,
1.9810,486,221.1,19.9,0.0075,,
1.9895,487,221.6,19.9,0.0075,,
1.9970,488,221.8,19.9,0.0075,,
2.0055,489,222.2,19.9,0.0075,,
2.0140,490,222.4,19.9,0.0085,,
2.0225,491,222.7,19.9,0.0075,,
2.0310,492,223.1,19.9,0.0075,,
2.0390,493,223.4,19.9,0.0075,,
2.0470,494,223.7,19.9,0.0080,,
2.0550,495,223.8,19.9,0.0080,,
2.0635,496,224.1,19.9,0.0085,,
2.0720,497,224.5,19.9,0.0075,,
2.0805,498,224.7,19.9,0.0075,,
2.0890,499,224.9,19.9,0.0075,,
2.0965,500,225.1,19.9,0.0075,,
2.1050,501,225.4,19.9,0.0085,,
2.1130,502,225.7,19.9,0.0080,,
2.1215,503,225.9,19.9,0.0075,,
2.1300,504,226.0,19.9,0.0075,,
2.1385,505,226.4,19.9,0.0075,,
2.1460,506,226.6,19.9,0.0075,,
2.1545,507,226.9,19.9,0.0085,,
2.1630,508,227.0,19.9,0.0085,,
2.1715,509,227.3,19.9,0.0075,,
2.1795,510,227.7,19.9,0.0075,,
2.1880,511,227.9,19.9,0.0075,,
2.1955,512,228.0,19.9,0.0075,,
2.2040,513,228.2,19.9,0.0085,,
2.2125,514,228.4,19.9,0.0085,,
2.2210,515,228.7,19.9,0.0075,,
2.2295,516,228.9,19.9,0.0075,,
2.2375,517,229.1,19.9,0.0075,,
2.2455,518,229.3,19.9,0.0080,,
2.2535,519,229.5,19.9,0.0080,,
2.2620,520,229.8,19.9,0.0085,,
2.2705,521,230.1,19.9,0.0075,,
2.2790,522,230.1,19.9,0.0075,,
2.2875,523,230.4,19.9,0.0075,,
2.2950,524,230.5,19.9,0.0075,,
2.3035,525,230.9,19.9,0.0085,,
2.3120,526,231.1,19.9,0.0085,,
2.3200,527,231.2,19.9,0.0075,,
2.3285,528,231.5,19.9,0.0075,,
2.3370,529,231.7,19.9,0.0075,,
2.3455,530,231.9,19.9,0.0085,,
2.3530,531,232.1,19.9,0.0075,,
2.3615,532,232.2,19.9,0.0075,,
2.3700,533,232.4,19.9,0.0075,,
2.3780,534,232.6,19.9,0.0075,,
2.3865,535,232.7,19.9,0.0075,,
2.3940,536,233.0,19.9,0.0075,,
2.4025,537,233.2,19.9,0.0085,,
2.4110,538,233.5,19.9,0.0085,,
2.4195,539,233.7,19.9,0.0075,,
2.4280,540,233.8,19.9,0.0075,,
2.4360,541,233.9,19.9,0.0075,,
2.4440,542,234.1,19.9,0.0080,,
2.4505,543,234.4,19.9,0.0065,,
2.4570,544,234.6,19.9,0.0065,,
2.4590,545,234.5,19.9,0.0020,,
2.4595,546,234.6,19.9,0.0005,,
2.4600,547,234.7,19.9,0.0005,,
2.4610,548,234.7,19.9,0.0010,,
2.4620,549,234.8,19.9,0.0010,,
2.4625,550,234.6,19.9,0.0005,,
2.4645,551,234.7,20.0,0.0020,,
2.4670,552,234.9,20.0,0.0025,,
2.4705,553,234.8,20.0,0.0030,,
2.4735,554,234.8,20.0,0.0030,,
2.4755,555,234.7,20.0,0.0020,,
2.4760,555,235.0,20.0,0.0015,,
Scope 1/1, Sample 6/32 (S4)
Result,TitrationEP1
V,t,E,T,dV/dt,E acc. stat.,Volume acc. stat.
0.0000,0,-70.1,20.1,NaN,,
0.0005,1,-70.3,20.1,0.0005,,
0.0025,2,-70.3,20.1,0.0020,,
0.0050,3,-70.2,20.1,0.0025,,
0.0085,4,-70.1,20.1,0.0030,,
0.0150,5,-69.9,20.1,0.0060,,
0.0230,6,-69.0,20.1,0.0075,,
0.0305,7,-68.3,20.1,0.0075,,
0.0390,8,-67.1,20.1,0.0085,,
0.0475,9,-66.0,20.1,0.0085,,
0.0560,10,-64.5,20.1,0.0075,,
0.0645,11,-62.8,20.1,0.0075,,
0.0725,12,-61.2,20.1,0.0075,,
0.0805,13,-59.6,20.1,0.0080,,
0.0885,14,-57.8,20.1,0.0080,,
0.0970,15,-55.8,20.1,0.0085,,
0.1055,16,-53.6,20.1,0.0075,,
0.1140,17,-51.5,20.1,0.0075,,
0.1225,18,-49.3,20.1,0.0075,,
0.1300,19,-47.2,20.1,0.0075,,
0.1385,20,-44.7,20.1,0.0085,,
0.1465,21,-41.9,20.1,0.0080,,
0.1550,22,-39.1,20.1,0.0075,,
0.1635,23,-36.3,20.1,0.0075,,
0.1720,24,-33.3,20.1,0.0075,,
0.1805,25,-30.9,20.1,0.0085,,
0.1880,26,-28.0,20.1,0.0075,,
0.1965,27,-25.4,20.1,0.0085,,
0.2045,28,-23.3,20.1,0.0075,,
0.2130,29,-21.1,20.1,0.0075,,
0.2215,30,-19.0,20.1,0.0075,,
0.2300,31,-17.4,20.1,0.0085,,
0.2375,32,-15.8,20.1,0.0075,,
0.2460,33,-14.3,20.1,0.0085,,
0.2545,34,-12.7,20.1,0.0075,,
0.2630,35,-11.2,20.1,0.0075,,
0.2710,36,-10.0,20.1,0.0075,,
0.2795,37,-8.7,20.1,0.0085,,
0.2870,38,-7.6,20.1,0.0075,,
0.2955,39,-6.3,20.1,0.0085,,
0.3040,40,-5.1,20.1,0.0075,,
0.3125,41,-4.1,20.1,0.0075,,
0.3210,42,-3.0,20.1,0.0075,,
0.3290,43,-2.0,20.1,0.0080,,
0.3370,44,-0.9,20.1,0.0080,,
0.3450,45,0.1,20.1,0.0080,,
0.3535,46,0.9,20.1,0.0075,,
0.3620,47,1.8,20.1,0.0075,,
0.3705,48,2.9,20.1,0.0075,,
0.3790,49,3.7,20.1,0.0085,,
0.3865,50,4.5,20.1,0.0075,,
0.3950,51,5.3,20.1,0.0085,,
0.4030,52,6.3,20.1,0.0075,,
0.4115,53,7.3,20.1,0.0075,,
0.4200,54,8.0,20.1,0.0075,,
0.4285,55,8.8,20.1,0.0075,,
0.4360,56,9.6,20.1,0.0075,,
0.4445,57,10.5,20.1,0.0085,,
0.4530,58,11.4,20.1,0.0075,,
0.4615,59,12.1,20.1,0.0075,,
0.4695,60,12.9,20.1,0.0075,,
0.4780,61,13.6,20.1,0.0085,,
0.4855,62,14.5,20.1,0.0075,,
0.4940,63,15.4,20.1,0.0085,,
0.5025,64,16.0,20.1,0.0075,,
0.5110,65,16.9,20.1,0.0075,,
0.5195,66,17.8,20.1,0.0075,,
0.5275,67,18.5,20.1,0.0075,,
0.5355,68,19.2,20.1,0.0080,,
0.5435,69,19.8,20.1,0.0080,,
0.5520,70,20.5,20.1,0.0085,,
0.5605,71,21.4,20.1,0.0075,,
0.5690,72,22.2,20.1,0.0075,,
0.5775,73,22.8,20.1,0.0075,,
0.5850,74,23.6,20.1,0.0075,,
0.5935,75,24.4,20.1,0.0085,,
0.6015,76,25.4,20.1,0.0080,,
0.6100,77,26.1,20.1,0.0075,,
0.6185,78,26.8,20.1,0.0075,,
0.6270,79,27.7,20.1,0.0075,,
0.6345,80,28.3,20.1,0.0075,,
0.6430,81,29.3,20.2,0.0085,,
0.6515,82,30.1,20.2,0.0085,,
0.6600,83,30.7,20.2,0.0075,,
0.6680,84,31.6,20.2,0.0075,,
0.6765,85,32.6,20.2,0.0075,,
0.6840,86,33.2,20.2,0.0075,,
0.6925,87,34.0,20.2,0.0085,,
0.7010,88,34.7,20.2,0.0085,,
0.7095,89,35.7,20.2,0.0075,,
0.7180,90,36.6,20.2,0.0075,,
0.7260,91,37.3,20.2,0.0075,,
0.7340,92,38.1,20.2,0.0080,,
0.7420,93,39.0,20.2,0.0080,,
0.7505,94,40.0,20.2,0.0085,,
0.7590,95,40.8,20.2,0.0075,,
0.7675,96,41.4,20.2,0.0075,,
0.7760,97,42.3,20.2,0.0075,,
0.7840,98,43.2,20.2,0.0080,,
0.7920,99,44.2,20.2,0.0080,,
0.8000,100,45.1,20.2,0.0080,,
0.8085,101,45.9,20.2,0.0075,,
0.8170,102,46.8,20.2,0.0075,,
0.8255,103,47.8,20.2,0.0075,,
0.8330,104,48.6,20.2,0.0075,,
0.8415,105,49.6,20.2,0.0085,,
0.8500,106,50.4,20.2,0.0085,,
0.8585,107,51.5,20.2,0.0075,,
0.8665,108,52.5,20.2,0.0075,,
0.8750,109,53.5,20.2,0.0075,,
0.8825,110,54.3,20.2,0.0075,,
0.8910,111,55.3,20.2,0.0085,,
0.8995,112,56.4,20.2,0.0085,,
0.9080,113,57.3,20.2,0.0075,,
0.9165,114,58.2,20.2,0.0075,,
0.9250,115,59.3,20.2,0.0075,,
0.9325,116,60.3,20.2,0.0075,,
0.9410,117,61.4,20.2,0.0085,,
0.9490,118,62.4,20.2,0.0080,,
0.9575,119,63.3,20.2,0.0075,,
0.9660,120,64.5,20.2,0.0075,,
0.9745,121,65.6,20.2,0.0075,,
0.9820,122,66.7,20.2,0.0075,,
0.9905,123,67.7,20.2,0.0085,,
0.9990,124,68.7,20.2,0.0085,,
1.0070,125,70.0,20.2,0.0075,,
1.0155,126,71.3,20.2,0.0075,,
1.0240,127,72.3,20.2,0.0075,,
1.0315,128,73.5,20.2,0.0075,,
1.0400,129,74.6,20.2,0.0085,,
1.0485,130,76.0,20.2,0.0085,,
1.0570,131,77.5,20.2,0.0075,,
1.0650,132,78.7,20.2,0.0075,,
1.0735,133,79.9,20.2,0.0075,,
1.0820,134,81.1,20.2,0.0085,,
1.0895,135,82.5,20.2,0.0075,,
1.0980,136,84.1,20.2,0.0085,,
1.1065,137,85.3,20.2,0.0075,,
1.1150,138,86.8,20.2,0.0075,,
1.1235,139,88.6,20.2,0.0075,,
1.1315,140,90.0,20.2,0.0080,,
1.1395,141,91.8,20.2,0.0080,,
1.1475,142,93.5,20.2,0.0080,,
1.1560,143,95.2,20.2,0.0075,,
1.1645,144,97.1,20.2,0.0075,,
1.1730,145,99.1,20.2,0.0075,,
1.1805,146,101.0,20.2,0.0075,,
1.1890,147,102.8,20.2,0.0085,,
1.1975,148,104.8,20.2,0.0085,,
1.2055,149,107.1,20.2,0.0075,,
1.2140,150,109.2,20.2,0.0075,,
1.2225,151,111.6,20.2,0.0075,,
1.2310,152,113.9,20.2,0.0085,,
1.2385,153,116.9,20.2,0.0075,,
1.2470,154,120.2,20.2,0.0085,,
1.2555,155,123.2,20.2,0.0075,,
1.2640,156,126.3,20.2,0.0075,,
1.2720,157,129.9,20.2,0.0075,,
1.2805,158,133.0,20.2,0.0085,,
1.2880,159,136.7,20.2,0.0075,,
1.2965,160,140.3,20.2,0.0085,,
1.3050,161,144.1,20.2,0.0075,,
1.3135,162,147.8,20.2,0.0075,,
1.3220,163,151.6,20.2,0.0075,,
1.3300,164,154.8,20.2,0.0075,,
1.3380,165,157.7,20.2,0.0080,,
1.3460,166,160.6,20.2,0.0080,,
1.3545,167,163.5,20.2,0.0085,,
1.3630,168,166.3,20.2,0.0075,,
1.3715,169,168.6,20.2,0.0075,,
1.3800,170,170.9,20.2,0.0075,,
1.3875,171,172.7,20.2,0.0075,,
1.3960,172,174.6,20.2,0.0085,,
1.4040,173,176.4,20.2,0.0075,,
1.4125,174,178.0,20.2,0.0075,,
1.4210,175,179.8,20.2,0.0075,,
1.4295,176,181.4,20.2,0.0075,,
1.4370,177,182.7,20.2,0.0075,,
1.4455,178,184.0,20.2,0.0085,,
1.4550,179,185.2,20.2,0.0075,,
1.4550,419,187.0,20.3,0.0000,,
1.4555,420,186.8,20.3,0.0005,,
1.4570,421,187.0,20.3,0.0010,,
1.4595,422,187.3,20.3,0.0020,,
1.4635,423,187.5,20.3,0.0030,,
1.4695,424,188.1,20.3,0.0045,,
1.4780,425,189.3,20.3,0.0060,,
1.4855,426,190.2,20.3,0.0060,,
1.4940,427,191.2,20.3,0.0065,,
1.5025,428,192.0,20.3,0.0065,,
1.5110,429,192.8,20.3,0.0060,,
1.5195,430,193.9,20.3,0.0060,,
1.5280,431,194.7,20.3,0.0060,,
1.5360,432,195.5,20.3,0.0060,,
1.5435,433,196.2,20.3,0.0060,,
1.5520,434,197.1,20.3,0.0065,,
1.5605,435,198.1,20.3,0.0060,,
1.5690,436,198.7,20.3,0.0060,,
1.5775,437,199.4,20.3,0.0060,,
1.5860,438,200.0,20.3,0.0065,,
1.5935,439,200.7,20.3,0.0060,,
1.6020,440,201.6,20.3,0.0065,,
1.6100,441,202.1,20.3,0.0055,,
1.6185,442,202.7,20.3,0.0060,,
1.6270,443,203.5,20.3,0.0060,,
1.6345,444,204.0,20.3,0.0060,,
1.6430,445,204.6,20.3,0.0065,,
1.6515,446,205.1,20.3,0.0065,,
1.6600,447,205.6,20.3,0.0060,,
1.6685,448,206.4,20.3,0.0060,,
1.6765,449,206.9,20.3,0.0055,,
1.6850,450,207.4,20.3,0.0065,,
1.6925,451,207.8,20.3,0.0060,,
1.7010,452,208.3,20.3,0.0065,,
1.7095,453,209.0,20.3,0.0060,,
1.7180,454,209.4,20.3,0.0060,,
1.7265,455,209.8,20.3,0.0060,,
1.7345,456,210.3,20.3,0.0055,,
1.7425,457,210.7,20.3,0.0060,,
1.7505,458,211.3,20.3,0.0060,,
1.7590,459,211.8,20.3,0.0060,,
1.7675,460,212.1,20.3,0.0060,,
1.7760,461,212.6,20.3,0.0060,,
1.7845,462,213.1,20.3,0.0060,,
1.7920,463,213.6,20.3,0.0060,,
1.8005,464,214.0,20.3,0.0065,,
1.8085,465,214.2,20.3,0.0060,,
1.8170,466,214.7,20.3,0.0060,,
1.8255,467,215.2,20.3,0.0060,,
1.8340,468,215.5,20.3,0.0060,,
1.8415,469,216.0,20.3,0.0060,,
1.8500,470,216.2,20.3,0.0065,,
1.8585,471,216.7,20.3,0.0065,,
1.8665,472,217.1,20.3,0.0055,,
1.8750,473,217.4,20.3,0.0060,,
1.8835,474,217.6,20.3,0.0060,,
1.8920,475,217.9,20.3,0.0065,,
1.8995,476,218.4,20.3,0.0060,,
1.9080,477,218.9,20.3,0.0065,,
1.9165,478,219.1,20.3,0.0060,,
1.9250,479,219.4,20.3,0.0060,,
1.9330,480,219.9,20.3,0.0055,,
1.9405,481,220.1,20.3,0.0060,,
1.9490,482,220.5,20.3,0.0065,,
1.9575,483,220.7,20.3,0.0065,,
1.9660,484,220.9,20.3,0.0060,,
1.9745,485,221.4,20.3,0.0060,,
1.9830,486,221.6,20.3,0.0060,,
1.9905,487,221.9,20.3,0.0060,,
1.9990,488,222.1,20.3,0.0065,,
2.0070,489,222.5,20.3,0.0060,,
2.0155,490,222.8,20.3,0.0060,,
2.0240,491,223.0,20.3,0.0060,,
2.0325,492,223.1,20.3,0.0060,,
2.0410,493,223.4,20.3,0.0065,,
2.0485,494,223.8,20.3,0.0060,,
2.0570,495,224.2,20.3,0.0065,,
2.0655,496,224.3,20.3,0.0060,,
2.0735,497,224.5,20.3,0.0055,,
2.0820,498,224.9,20.3,0.0060,,
2.0895,499,225.2,20.3,0.0060,,
2.0980,500,225.6,20.3,0.0065,,
2.1065,501,225.7,20.3,0.0065,,
2.1150,502,225.9,20.3,0.0060,,
2.1235,503,226.2,20.3,0.0060,,
2.1320,504,226.4,20.3,0.0060,,
2.1395,505,226.7,20.3,0.0060,,
2.1480,506,226.8,20.3,0.0065,,
2.1560,507,227.2,20.3,0.0060,,
2.1645,508,227.6,20.3,0.0060,,
2.1730,509,227.6,20.3,0.0060,,
2.1815,510,227.9,20.3,0.0060,,
2.1890,511,228.0,20.3,0.0060,,
2.1975,512,228.4,20.3,0.0065,,
2.2060,513,228.6,20.3,0.0060,,
2.2140,514,228.7,20.3,0.0055,,
2.2225,515,229.1,20.3,0.0060,,
2.2310,516,229.4,20.3,0.0060,,
2.2385,517,229.6,20.3,0.0060,,
2.2470,518,229.9,20.3,0.0065,,
2.2555,519,230.0,20.3,0.0060,,
2.2640,520,230.2,20.3,0.0060,,
2.2725,521,230.5,20.3,0.0060,,
2.2805,522,230.7,20.3,0.0060,,
2.2885,523,230.9,20.3,0.0060,,
2.2965,524,230.9,20.3,0.0060,,
2.3050,525,231.1,20.4,0.0065,,
2.3135,526,231.4,20.4,0.0060,,
2.3220,527,231.5,20.4,0.0060,,
2.3305,528,231.6,20.4,0.0060,,
2.3380,529,231.9,20.4,0.0060,,
2.3465,530,232.0,20.4,0.0065,,
2.3545,531,232.4,20.4,0.0060,,
2.3630,532,232.5,20.4,0.0060,,
2.3715,533,232.7,20.4,0.0060,,
2.3800,534,233.0,20.4,0.0060,,
2.3885,535,233.1,20.4,0.0065,,
2.3960,536,233.5,20.4,0.0060,,
2.4045,537,233.6,20.4,0.0065,,
2.4125,538,233.7,20.4,0.0055,,
2.4210,539,233.9,20.4,0.0060,,
2.4290,540,234.2,20.4,0.0055,,
2.4370,541,234.3,20.4,0.0060,,
2.4405,542,234.4,20.4,0.0025,,
2.4415,543,234.3,20.4,0.0010,,
2.4425,544,234.4,20.4,0.0010,,
2.4430,545,234.5,20.4,0.0005,,
2.4445,546,234.4,20.4,0.0010,,
2.4465,547,234.4,20.4,0.0015,,
2.4490,548,234.5,20.4,0.0020,,
2.4500,549,234.6,20.4,0.0010,,
2.4510,550,234.7,20.4,0.0010,,
2.4520,551,234.6,20.4,0.0005,,
2.4530,552,234.6,20.4,0.0005,,
2.4545,553,234.8,20.4,0.0010,,
2.4560,554,234.8,20.4,0.0010,,
2.4575,555,235.0,20.4,0.0010,,
2.4585,556,234.8,20.4,0.0010,,
2.4600,557,234.8,20.4,0.0010,,
2.4605,558,235.0,20.4,0.0005,,
Scope 1/1, Sample 7/32 (S5)
Result,TitrationEP1
V,t,E,T,dV/dt,E acc. stat.,Volume acc. stat.
0.0000,0,-70.1,20.5,NaN,,
0.0005,1,-70.1,20.5,0.0005,,
0.0025,2,-70.1,20.5,0.0020,,
0.0050,3,-70.0,20.5,0.0025,,
0.0085,4,-69.9,20.5,0.0030,,
0.0150,5,-69.6,20.5,0.0060,,
0.0230,6,-68.9,20.5,0.0075,,
0.0305,7,-68.0,20.5,0.0075,,
0.0390,8,-66.9,20.5,0.0085,,
0.0475,9,-65.7,20.5,0.0075,,
0.0560,10,-64.2,20.5,0.0075,,
0.0645,11,-62.7,20.5,0.0075,,
0.0725,12,-60.9,20.5,0.0075,,
0.0805,13,-59.4,20.5,0.0080,,
0.0885,14,-57.6,20.5,0.0080,,
0.0970,15,-55.6,20.5,0.0085,,
0.1055,16,-53.5,20.5,0.0075,,
0.1140,17,-51.4,20.5,0.0075,,
0.1225,18,-49.2,20.5,0.0075,,
0.1300,19,-46.9,20.5,0.0075,,
0.1385,20,-44.3,20.5,0.0085,,
0.1470,21,-41.8,20.5,0.0085,,
0.1550,22,-39.0,20.5,0.0075,,
0.1635,23,-36.1,20.5,0.0075,,
0.1720,24,-33.1,20.5,0.0075,,
0.1795,25,-30.5,20.5,0.0075,,
0.1880,26,-27.8,20.5,0.0085,,
0.1965,27,-25.3,20.5,0.0085,,
0.2050,28,-22.9,20.5,0.0075,,
0.2130,29,-20.8,20.5,0.0075,,
0.2215,30,-18.9,20.6,0.0075,,
0.2300,31,-17.2,20.6,0.0085,,
0.2375,32,-15.3,20.6,0.0075,,
0.2460,33,-13.7,20.5,0.0085,,
0.2545,34,-12.2,20.5,0.0075,,
0.2630,35,-10.8,20.6,0.0075,,
0.2710,36,-9.5,20.6,0.0075,,
0.2795,37,-8.1,20.6,0.0075,,
0.2870,38,-7.0,20.6,0.0075,,
0.2955,39,-5.8,20.6,0.0085,,
0.3040,40,-4.6,20.6,0.0075,,
0.3125,41,-3.5,20.6,0.0075,,
0.3210,42,-2.5,20.6,0.0075,,
0.3290,43,-1.5,20.6,0.0075,,
0.3370,44,-0.6,20.6,0.0080,,
0.3450,45,0.3,20.6,0.0080,,
0.3535,46,1.2,20.6,0.0075,,
0.3620,47,2.1,20.6,0.0075,,
0.3705,48,3.1,20.6,0.0075,,
0.3790,49,4.0,20.6,0.0075,,
0.3865,50,4.9,20.6,0.0075,,
0.3950,51,5.9,20.6,0.0075,,
0.4030,52,6.7,20.6,0.0080,,
0.4115,53,7.6,20.6,0.0075,,
0.4200,54,8.4,20.6,0.0075,,
0.4285,55,9.3,20.6,0.0075,,
0.4370,56,10.1,20.6,0.0085,,
0.4445,57,10.9,20.6,0.0075,,
0.4530,58,11.7,20.6,0.0085,,
0.4610,59,12.5,20.6,0.0075,,
0.4695,60,13.2,20.6,0.0075,,
0.4780,61,14.1,20.6,0.0075,,
0.4865,62,14.9,20.6,0.0085,,
0.4940,63,15.8,20.6,0.0075,,
0.5025,64,16.6,20.6,0.0085,,
0.5110,65,17.5,20.6,0.0075,,
0.5190,66,18.3,20.6,0.0075,,
0.5275,67,19.0,20.6,0.0075,,
0.5360,68,19.8,20.6,0.0075,,
0.5435,69,20.5,20.6,0.0075,,
0.5520,70,21.3,20.6,0.0085,,
0.5605,71,22.1,20.6,0.0075,,
0.5690,72,23.0,20.6,0.0075,,
0.5775,73,23.7,20.6,0.0075,,
0.5855,74,24.4,20.6,0.0075,,
0.5935,75,25.1,20.6,0.0080,,
0.6015,76,25.9,20.6,0.0080,,
0.6100,77,26.8,20.6,0.0075,,
0.6185,78,27.6,20.6,0.0075,,
0.6270,79,28.4,20.6,0.0075,,
0.6355,80,29.1,20.6,0.0085,,
0.6430,81,29.9,20.6,0.0075,,
0.6515,82,30.8,20.6,0.0085,,
0.6595,83,31.7,20.6,0.0075,,
0.6680,84,32.5,20.6,0.0075,,
0.6765,85,33.4,20.6,0.0075,,
0.6850,86,34.1,20.6,0.0085,,
0.6925,87,34.9,20.6,0.0075,,
0.7010,88,35.7,20.6,0.0085,,
0.7095,89,36.7,20.6,0.0075,,
0.7180,90,37.5,20.6,0.0075,,
0.7260,91,38.4,20.6,0.0075,,
0.7345,92,39.2,20.6,0.0075,,
0.7420,93,40.1,20.6,0.0075,,
0.7505,94,41.0,20.6,0.0085,,
0.7590,95,41.9,20.6,0.0075,,
0.7675,96,42.8,20.6,0.0075,,
0.7760,97,43.6,20.6,0.0075,,
0.7840,98,44.5,20.6,0.0075,,
0.7920,99,45.4,20.6,0.0080,,
0.8000,100,46.3,20.6,0.0080,,
0.8085,101,47.2,20.6,0.0075,,
0.8170,102,48.2,20.6,0.0075,,
0.8255,103,49.1,20.6,0.0075,,
0.8340,104,50.1,20.6,0.0075,,
0.8415,105,51.0,20.6,0.0075,,
0.8500,106,51.9,20.6,0.0085,,
0.8580,107,52.8,20.6,0.0075,,
0.8665,108,53.7,20.6,0.0075,,
0.8750,109,54.7,20.6,0.0075,,
0.8835,110,55.7,20.6,0.0075,,
0.8910,111,56.6,20.6,0.0075,,
0.8995,112,57.5,20.6,0.0085,,
0.9080,113,58.6,20.6,0.0075,,
0.9165,114,59.6,20.6,0.0075,,
0.9245,115,60.6,20.6,0.0075,,
0.9330,116,61.7,20.6,0.0075,,
0.9415,117,62.7,20.6,0.0085,,
0.9490,118,63.9,20.6,0.0075,,
0.9575,119,65.0,20.6,0.0085,,
0.9660,120,66.1,20.6,0.0075,,
0.9740,121,67.2,20.6,0.0075,,
0.9825,122,68.4,20.6,0.0075,,
0.9910,123,69.4,20.6,0.0085,,
0.9985,124,70.4,20.6,0.0075,,
1.0070,125,71.6,20.6,0.0085,,
1.0155,126,72.9,20.6,0.0075,,
1.0240,127,74.2,20.6,0.0075,,
1.0325,128,75.4,20.6,0.0075,,
1.0405,129,76.7,20.6,0.0075,,
1.0485,130,77.9,20.6,0.0080,,
1.0565,131,79.3,20.6,0.0080,,
1.0650,132,80.7,20.6,0.0075,,
1.0735,133,82.0,20.6,0.0075,,
1.0820,134,83.4,20.6,0.0075,,
1.0905,135,84.8,20.6,0.0075,,
1.0980,136,86.2,20.6,0.0075,,
1.1065,137,87.7,20.6,0.0085,,
1.1145,138,89.2,20.6,0.0075,,
1.1230,139,90.9,20.6,0.0075,,
1.1315,140,92.5,20.6,0.0075,,
1.1400,141,94.1,20.6,0.0085,,
1.1475,142,95.8,20.6,0.0075,,
1.1560,143,97.5,20.6,0.0085,,
1.1645,144,99.4,20.6,0.0075,,
1.1730,145,101.4,20.6,0.0075,,
1.1810,146,103.4,20.6,0.0075,,
1.1890,147,105.4,20.6,0.0080,,
1.1970,148,107.8,20.6,0.0080,,
1.2055,149,110.1,20.6,0.0075,,
1.2140,150,112.7,20.6,0.0075,,
1.2225,151,115.4,20.6,0.0075,,
1.2310,152,118.1,20.6,0.0075,,
1.2385,153,120.9,20.6,0.0075,,
1.2470,154,124.2,20.6,0.0085,,
1.2555,155,127.5,20.6,0.0085,,
1.2635,156,130.9,20.6,0.0075,,
1.2720,157,134.3,20.6,0.0075,,
1.2805,158,138.1,20.6,0.0075,,
1.2880,159,141.4,20.6,0.0075,,
1.2965,160,145.2,20.6,0.0085,,
1.3050,161,148.9,20.6,0.0085,,
1.3135,162,152.4,20.6,0.0075,,
1.3220,163,155.9,20.6,0.0075,,
1.3300,164,158.9,20.6,0.0075,,
1.3380,165,161.5,20.6,0.0080,,
1.3460,166,164.3,20.6,0.0080,,
1.3545,167,166.8,20.6,0.0075,,
1.3630,168,169.4,20.6,0.0075,,
1.3715,169,171.5,20.6,0.0075,,
1.3800,170,173.4,20.6,0.0075,,
1.3875,171,175.1,20.6,0.0075,,
1.3960,172,177.0,20.6,0.0085,,
1.4040,173,178.7,20.6,0.0080,,
1.4125,174,180.2,20.6,0.0075,,
1.4210,175,181.7,20.6,0.0075,,
1.4295,176,183.2,20.6,0.0075,,
1.4380,177,184.4,20.6,0.0085,,
1.4430,178,185.1,20.6,0.0070,,
1.4430,418,186.6,20.7,0.0000,,
1.4435,419,186.6,20.7,0.0005,,
1.4450,420,186.7,20.7,0.0020,,
1.4475,421,186.9,20.7,0.0030,,
1.4515,422,187.2,20.7,0.0045,,
1.4575,423,187.9,20.7,0.0065,,
1.4655,424,188.9,20.7,0.0090,,
1.4735,425,189.8,20.7,0.0100,,
1.4815,426,190.9,20.7,0.0090,,
1.4900,427,191.9,20.7,0.0105,,
1.4985,428,193.0,20.7,0.0095,,
1.5070,429,193.9,20.7,0.0095,,
1.5155,430,194.8,20.7,0.0095,,
1.5230,431,195.6,20.7,0.0095,,
1.5315,432,196.5,20.7,0.0105,,
1.5400,433,197.3,20.7,0.0105,,
1.5480,434,198.1,20.7,0.0090,,
1.5565,435,198.7,20.7,0.0095,,
1.5650,436,199.4,20.7,0.0105,,
1.5725,437,200.1,20.7,0.0095,,
1.5810,438,200.8,20.7,0.0105,,
1.5895,439,201.5,20.7,0.0095,,
1.5980,440,202.2,20.7,0.0095,,
1.6060,441,202.9,20.7,0.0090,,
1.6145,442,203.6,20.7,0.0095,,
1.6220,443,204.2,20.7,0.0095,,
1.6305,444,204.8,20.7,0.0105,,
1.6390,445,205.3,20.7,0.0105,,
1.6475,446,205.9,20.7,0.0095,,
1.6560,447,206.4,20.7,0.0095,,
1.6645,448,207.0,20.7,0.0095,,
1.6720,449,207.6,20.7,0.0095,,
1.6800,450,208.1,20.7,0.0100,,
1.6885,451,208.6,20.7,0.0105,,
1.6970,452,209.0,20.7,0.0095,,
1.7055,453,209.4,20.7,0.0095,,
1.7140,454,209.9,20.7,0.0095,,
1.7215,455,210.5,20.7,0.0095,,
1.7300,456,211.0,20.7,0.0105,,
1.7385,457,211.5,20.7,0.0105,,
1.7465,458,212.0,20.7,0.0090,,
1.7550,459,212.4,20.7,0.0095,,
1.7635,460,212.8,20.7,0.0095,,
1.7720,461,213.2,20.7,0.0105,,
1.7795,462,213.7,20.7,0.0095,,
1.7880,463,214.0,20.7,0.0105,,
1.7965,464,214.4,20.7,0.0095,,
1.8045,465,214.8,20.7,0.0090,,
1.8130,466,215.2,20.7,0.0095,,
1.8215,467,215.7,20.7,0.0105,,
1.8290,468,216.0,20.7,0.0095,,
1.8375,469,216.4,20.7,0.0105,,
1.8460,470,216.8,20.7,0.0095,,
1.8545,471,217.0,20.7,0.0095,,
1.8630,472,217.4,20.7,0.0095,,
1.8705,473,217.7,20.7,0.0095,,
1.8785,474,218.1,20.7,0.0100,,
1.8870,475,218.6,20.7,0.0105,,
1.8955,476,218.9,20.7,0.0105,,
1.9040,477,219.3,20.7,0.0095,,
1.9125,478,219.5,20.7,0.0095,,
1.9210,479,219.8,20.7,0.0095,,
1.9285,480,220.1,20.7,0.0095,,
1.9365,481,220.4,20.7,0.0100,,
1.9450,482,220.8,20.7,0.0095,,
1.9535,483,221.1,20.7,0.0095,,
1.9620,484,221.3,20.7,0.0095,,
1.9705,485,221.7,20.7,0.0095,,
1.9780,486,221.9,20.7,0.0095,,
1.9865,487,222.2,20.7,0.0105,,
1.9950,488,222.6,20.7,0.0095,,
2.0030,489,222.8,20.7,0.0090,,
2.0115,490,223.2,20.7,0.0095,,
2.0200,491,223.5,20.7,0.0095,,
2.0275,492,223.6,20.7,0.0095,,
2.0360,493,223.9,20.7,0.0105,,
2.0445,494,224.2,20.7,0.0105,,
2.0530,495,224.5,20.7,0.0095,,
2.0610,496,224.9,20.7,0.0090,,
2.0695,497,225.1,20.7,0.0095,,
2.0775,498,225.4,20.7,0.0100,,
2.0855,499,225.7,20.7,0.0100,,
2.0940,500,226.0,20.7,0.0095,,
2.1025,501,226.2,20.7,0.0095,,
2.1110,502,226.4,20.7,0.0095,,
2.1195,503,226.7,20.7,0.0095,,
2.1270,504,226.8,20.7,0.0095,,
2.1355,505,227.1,20.7,0.0105,,
2.1435,506,227.4,20.7,0.0100,,
2.1520,507,227.6,20.7,0.0095,,
2.1605,508,227.8,20.7,0.0095,,
2.1690,509,228.1,20.7,0.0095,,
2.1765,510,228.2,20.7,0.0095,,
2.1850,511,228.5,20.7,0.0105,,
2.1930,512,228.7,20.7,0.0100,,
2.2015,513,228.9,20.7,0.0095,,
2.2100,514,229.1,20.7,0.0095,,
2.2185,515,229.4,20.7,0.0095,,
2.2270,516,229.6,20.7,0.0105,,
2.2345,517,229.8,20.7,0.0095,,
2.2430,518,230.0,20.7,0.0105,,
2.2515,519,230.3,20.7,0.0095,,
2.2595,520,230.5,20.7,0.0090,,
2.2680,521,230.6,20.7,0.0095,,
2.2765,522,230.8,20.7,0.0105,,
2.2840,523,231.0,20.7,0.0095,,
2.2925,524,231.3,20.7,0.0105,,
2.3010,525,231.5,20.7,0.0095,,
2.3095,526,231.7,20.7,0.0095,,
2.3175,527,231.9,20.7,0.0090,,
2.3260,528,232.2,20.7,0.0095,,
2.3335,529,232.4,20.7,0.0095,,
2.3420,530,232.7,20.7,0.0105,,
2.3505,531,232.8,20.7,0.0105,,
2.3590,532,233.0,20.7,0.0095,,
2.3675,533,233.2,20.7,0.0095,,
2.3755,534,233.3,20.7,0.0090,,
2.3835,535,233.6,20.7,0.0100,,
2.3915,536,233.7,20.7,0.0100,,
2.4000,537,233.9,20.7,0.0105,,
2.4080,538,234.1,20.7,0.0090,,
2.4165,539,234.3,20.7,0.0095,,
2.4185,540,234.4,20.7,0.0020,,
2.4190,541,234.4,20.7,0.0005,,
2.4205,542,234.4,20.7,0.0020,,
2.4225,543,234.4,20.7,0.0025,,
2.4250,544,234.5,20.8,0.0030,,
2.4285,545,234.5,20.7,0.0040,,
2.4325,546,234.8,20.8,0.0045,,
2.4340,547,234.9,20.7,0.0020,,
2.4350,548,234.8,20.8,0.0010,,
2.4360,549,234.8,20.8,0.0010,,
2.4380,550,234.9,20.8,0.0020,,
2.4410,551,235.0,20.7,0.0035,,
2.4465,552,235.1,20.8,0.0050,,
Scope 1/1, Sample 8/32 (S6)
Result,TitrationEP1
V,t,E,T,dV/dt,E acc. stat.,Volume acc. stat.
0.0000,0,-70.3,20.7,NaN,,
0.0010,1,-70.1,20.7,0.0010,,
0.0025,2,-70.0,20.7,0.0015,,
0.0050,3,-70.0,20.7,0.0025,,
0.0085,4,-70.0,20.8,0.0030,,
0.0150,5,-69.7,20.7,0.0060,,
0.0230,6,-69.0,20.7,0.0075,,
0.0315,7,-67.9,20.8,0.0075,,
0.0400,8,-66.8,20.8,0.0075,,
0.0485,9,-65.6,20.7,0.0085,,
0.0560,10,-64.2,20.8,0.0070,,
0.0645,11,-62.6,20.8,0.0075,,
0.0725,12,-60.8,20.8,0.0075,,
0.0810,13,-59.2,20.8,0.0075,,
0.0895,14,-57.4,20.8,0.0075,,
0.0980,15,-55.2,20.8,0.0075,,
0.1055,16,-53.4,20.8,0.0070,,
0.1140,17,-51.2,20.8,0.0075,,
0.1225,18,-49.0,20.8,0.0075,,
0.1305,19,-46.6,20.8,0.0075,,
0.1390,20,-43.8,20.8,0.0075,,
0.1475,21,-41.2,20.8,0.0075,,
0.1550,22,-38.7,20.8,0.0070,,
0.1635,23,-36.0,20.8,0.0075,,
0.1720,24,-33.1,20.8,0.0075,,
0.1805,25,-30.2,20.8,0.0075,,
0.1885,26,-27.6,20.8,0.0075,,
0.1970,27,-25.2,20.8,0.0075,,
0.2045,28,-23.1,20.8,0.0070,,
0.2130,29,-20.9,20.8,0.0075,,
0.2215,30,-18.8,20.8,0.0075,,
0.2300,31,-17.0,20.8,0.0075,,
0.2385,32,-15.5,20.8,0.0075,,
0.2470,33,-13.8,20.8,0.0075,,
0.2545,34,-12.4,20.8,0.0070,,
0.2630,35,-10.9,20.8,0.0075,,
0.2710,36,-9.7,20.8,0.0075,,
0.2795,37,-8.5,20.8,0.0075,,
0.2880,38,-7.0,20.8,0.0075,,
0.2965,39,-5.8,20.8,0.0075,,
0.3040,40,-4.7,20.8,0.0070,,
0.3125,41,-3.7,20.8,0.0075,,
0.3210,42,-2.7,20.8,0.0075,,
0.3295,43,-1.6,20.8,0.0075,,
0.3375,44,-0.6,20.8,0.0075,,
0.3460,45,0.2,20.8,0.0075,,
0.3535,46,1.1,20.8,0.0070,,
0.3620,47,2.0,20.8,0.0075,,
0.3705,48,3.1,20.8,0.0075,,
0.3790,49,4.1,20.8,0.0075,,
0.3875,50,4.9,20.8,0.0070,,
0.3955,51,6.1,20.8,0.0075,,
0.4035,52,6.8,20.8,0.0075,,
0.4115,53,7.7,20.8,0.0075,,
0.4200,54,8.4,20.8,0.0075,,
0.4285,55,9.2,20.8,0.0075,,
0.4370,56,10.2,20.8,0.0075,,
0.4455,57,11.0,20.8,0.0075,,
0.4530,58,11.7,20.8,0.0070,,
0.4615,59,12.5,20.8,0.0075,,
0.4700,60,13.2,20.8,0.0075,,
0.4780,61,14.2,20.8,0.0075,,
0.4865,62,14.9,20.8,0.0075,,
0.4950,63,15.7,20.8,0.0075,,
0.5025,64,16.5,20.8,0.0070,,
0.5110,65,17.1,20.8,0.0075,,
0.5195,66,18.1,20.8,0.0075,,
0.5280,67,18.9,20.8,0.0075,,
0.5360,68,19.6,20.8,0.0075,,
0.5445,69,20.5,20.8,0.0075,,
0.5520,70,21.2,20.8,0.0070,,
0.5605,71,22.1,20.8,0.0075,,
0.5690,72,22.9,20.8,0.0075,,
0.5775,73,23.6,20.8,0.0075,,
0.5860,74,24.4,20.8,0.0075,,
0.5940,75,25.3,20.8,0.0075,,
0.6025,76,26.0,20.8,0.0075,,
0.6100,77,26.8,20.8,0.0070,,
0.6185,78,27.5,20.8,0.0075,,
0.6270,79,28.3,20.8,0.0075,,
0.6355,80,29.3,20.8,0.0075,,
0.6440,81,30.0,20.8,0.0075,,
0.6520,82,30.7,20.8,0.0075,,
0.6600,83,31.4,20.8,0.0075,,
0.6680,84,32.2,20.8,0.0075,,
0.6765,85,33.2,20.8,0.0075,,
0.6850,86,34.0,20.8,0.0075,,
0.6935,87,34.8,20.8,0.0075,,
0.7020,88,35.8,20.8,0.0075,,
0.7095,89,36.3,20.8,0.0070,,
0.7180,90,37.4,20.8,0.0075,,
0.7260,91,38.1,20.8,0.0075,,
0.7345,92,38.9,20.8,0.0075,,
0.7430,93,39.9,20.8,0.0075,,
0.7515,94,40.9,20.8,0.0075,,
0.7590,95,41.8,20.8,0.0070,,
0.7675,96,42.6,20.8,0.0075,,
0.7760,97,43.4,20.8,0.0075,,
0.7845,98,44.4,20.8,0.0075,,
0.7925,99,45.4,20.8,0.0075,,
0.8010,100,46.3,20.8,0.0085,,
0.8085,101,47.0,20.8,0.0070,,
0.8170,102,47.9,20.8,0.0075,,
0.8255,103,49.0,20.8,0.0075,,
0.8340,104,49.9,20.8,0.0075,,
0.8425,105,50.6,20.8,0.0075,,
0.8510,106,51.5,20.8,0.0085,,
0.8585,107,52.6,20.8,0.0070,,
0.8665,108,53.7,20.8,0.0075,,
0.8750,109,54.6,20.8,0.0075,,
0.8835,110,55.4,20.8,0.0075,,
0.8920,111,56.7,20.8,0.0075,,
0.9005,112,57.5,20.8,0.0085,,
0.9080,113,58.6,20.8,0.0070,,
0.9165,114,59.4,20.8,0.0075,,
0.9250,115,60.4,20.8,0.0075,,
0.9330,116,61.5,20.8,0.0075,,
0.9415,117,62.6,20.8,0.0075,,
0.9500,118,63.5,20.8,0.0075,,
0.9575,119,64.5,20.8,0.0070,,
0.9660,120,65.5,20.8,0.0075,,
0.9745,121,66.7,20.8,0.0075,,
0.9830,122,68.0,20.8,0.0075,,
0.9915,123,68.9,20.8,0.0075,,
0.9995,124,70.0,20.8,0.0080,,
1.0070,125,71.2,20.8,0.0070,,
1.0155,126,72.5,20.8,0.0075,,
1.0240,127,73.8,20.8,0.0075,,
1.0325,128,74.8,20.8,0.0075,,
1.0410,129,76.3,20.8,0.0075,,
1.0495,130,77.7,20.8,0.0070,,
1.0570,131,78.8,20.8,0.0070,,
1.0655,132,80.1,20.8,0.0075,,
1.0735,133,81.4,20.8,0.0075,,
1.0820,134,82.9,20.8,0.0075,,
1.0905,135,84.4,20.8,0.0075,,
1.0990,136,85.8,20.8,0.0075,,
1.1065,137,87.3,20.8,0.0070,,
1.1150,138,88.6,20.8,0.0075,,
1.1235,139,90.3,20.8,0.0075,,
1.1315,140,92.0,20.8,0.0075,,
1.1400,141,93.8,20.8,0.0075,,
1.1485,142,95.5,20.8,0.0075,,
1.1560,143,97.1,20.8,0.0070,,
1.1645,144,99.2,20.8,0.0075,,
1.1730,145,101.4,20.8,0.0075,,
1.1815,146,103.3,20.8,0.0075,,
1.1895,147,105.3,20.8,0.0075,,
1.1980,148,107.7,20.8,0.0075,,
1.2065,149,109.7,20.8,0.0075,,
1.2140,150,112.3,20.8,0.0070,,
1.2225,151,114.7,20.8,0.0075,,
1.2310,152,117.5,20.8,0.0075,,
1.2395,153,120.6,20.8,0.0075,,
1.2480,154,123.8,20.8,0.0075,,
1.2555,155,127.0,20.8,0.0070,,
1.2635,156,130.4,20.8,0.0075,,
1.2720,157,133.8,20.8,0.0075,,
1.2805,158,137.6,20.8,0.0075,,
1.2890,159,141.5,20.8,0.0075,,
1.2975,160,145.0,20.8,0.0075,,
1.3060,161,148.4,20.8,0.0075,,
1.3135,162,151.9,20.8,0.0070,,
1.3220,163,155.3,20.8,0.0075,,
1.3300,164,158.4,20.8,0.0075,,
1.3385,165,161.4,20.8,0.0075,,
1.3470,166,164.3,20.8,0.0075,,
1.3555,167,166.8,20.8,0.0075,,
1.3630,168,169.3,20.8,0.0070,,
1.3715,169,171.2,20.8,0.0075,,
1.3800,170,173.0,20.8,0.0075,,
1.3880,171,175.1,20.8,0.0075,,
1.3965,172,177.1,20.8,0.0075,,
1.4050,173,178.5,20.8,0.0085,,
1.4125,174,180.2,20.8,0.0070,,
1.4210,175,181.6,20.8,0.0075,,
1.4295,176,183.0,20.8,0.0075,,
1.4380,177,184.5,20.8,0.0075,,
1.4440,178,185.0,20.8,0.0075,,
1.4440,418,186.6,20.9,0.0000,,
1.4445,419,186.7,20.9,0.0005,,
1.4460,420,186.6,20.9,0.0015,,
1.4485,421,187.0,20.9,0.0025,,
1.4525,422,187.5,20.9,0.0035,,
1.4590,423,188.1,20.9,0.0060,,
1.4675,424,189.0,20.9,0.0085,,
1.4750,425,189.9,20.9,0.0075,,
1.4835,426,191.0,20.9,0.0085,,
1.4915,427,192.2,20.9,0.0075,,
1.5000,428,193.0,20.9,0.0075,,
1.5085,429,193.9,20.9,0.0075,,
1.5170,430,194.6,20.9,0.0085,,
1.5245,431,195.6,20.9,0.0075,,
1.5330,432,196.6,20.9,0.0085,,
1.5415,433,197.3,20.9,0.0085,,
1.5495,434,197.9,20.9,0.0075,,
1.5580,435,198.9,20.9,0.0075,,
1.5665,436,199.7,20.9,0.0075,,
1.5740,437,200.4,20.9,0.0075,,
1.5825,438,201.1,20.9,0.0085,,
1.5910,439,201.6,20.9,0.0075,,
1.5995,440,202.5,20.9,0.0075,,
1.6080,441,203.0,20.9,0.0075,,
1.6160,442,203.6,20.9,0.0075,,
1.6235,443,204.2,20.9,0.0075,,
1.6320,444,204.8,20.9,0.0085,,
1.6405,445,205.5,20.9,0.0075,,
1.6490,446,206.0,20.9,0.0075,,
1.6575,447,206.5,20.9,0.0075,,
1.6660,448,207.0,20.9,0.0075,,
1.6735,449,207.5,20.9,0.0075,,
1.6820,450,208.2,20.9,0.0085,,
1.6900,451,208.7,20.9,0.0080,,
1.6985,452,209.1,20.9,0.0075,,
1.7070,453,209.7,20.9,0.0075,,
1.7155,454,210.3,20.9,0.0075,,
1.7230,455,210.7,20.9,0.0075,,
1.7315,456,211.2,20.9,0.0085,,
1.7400,457,211.5,20.9,0.0085,,
1.7480,458,212.1,20.9,0.0075,,
1.7565,459,212.6,20.9,0.0075,,
1.7650,460,212.9,20.9,0.0075,,
1.7725,461,213.4,20.9,0.0075,,
1.7810,462,213.6,20.9,0.0085,,
1.7895,463,214.1,20.9,0.0085,,
1.7980,464,214.6,20.9,0.0075,,
1.8060,465,214.9,20.9,0.0075,,
1.8145,466,215.3,20.9,0.0075,,
1.8220,467,215.5,20.9,0.0075,,
1.8305,468,216.0,20.9,0.0085,,
1.8390,469,216.5,20.9,0.0085,,
1.8475,470,216.7,20.9,0.0075,,
1.8560,471,217.1,20.9,0.0075,,
1.8640,472,217.6,20.9,0.0075,,
1.8725,473,217.8,20.9,0.0085,,
1.8800,474,218.3,20.9,0.0075,,
1.8885,475,218.4,20.9,0.0085,,
1.8970,476,218.8,20.9,0.0075,,
1.9055,477,219.3,20.9,0.0075,,
1.9140,478,219.6,20.9,0.0075,,
1.9225,479,220.0,20.9,0.0085,,
1.9300,480,220.1,20.9,0.0075,,
1.9385,481,220.5,20.9,0.0085,,
1.9465,482,220.9,20.9,0.0075,,
1.9550,483,221.2,20.9,0.0075,,
1.9635,484,221.3,20.9,0.0075,,
1.9720,485,221.7,20.9,0.0085,,
1.9795,486,222.0,20.9,0.0075,,
1.9880,487,222.4,20.9,0.0085,,
1.9965,488,222.6,20.9,0.0075,,
2.0045,489,222.8,20.9,0.0075,,
2.0130,490,223.4,20.9,0.0075,,
2.0215,491,223.7,20.9,0.0075,,
2.0290,492,224.0,20.9,0.0075,,
2.0375,493,224.2,20.9,0.0085,,
2.0460,494,224.4,20.9,0.0075,,
2.0545,495,224.8,20.9,0.0075,,
2.0630,496,225.1,20.9,0.0075,,
2.0710,497,225.4,20.9,0.0080,,
2.0790,498,225.5,20.9,0.0080,,
2.0870,499,225.7,20.9,0.0080,,
2.0955,500,226.1,20.9,0.0075,,
2.1040,501,226.3,20.9,0.0075,,
2.1125,502,226.3,20.9,0.0075,,
2.1210,503,226.7,20.9,0.0075,,
2.1285,504,226.9,20.9,0.0075,,
2.1365,505,227.4,20.9,0.0080,,
2.1450,506,227.6,20.9,0.0085,,
2.1535,507,227.8,20.9,0.0075,,
2.1620,508,228.0,20.9,0.0075,,
2.1705,509,228.4,20.9,0.0075,,
2.1780,510,228.5,20.9,0.0075,,
2.1865,511,228.7,20.9,0.0085,,
2.1950,512,228.7,20.9,0.0085,,
2.2030,513,229.0,20.9,0.0075,,
2.2115,514,229.3,20.9,0.0075,,
2.2200,515,229.4,20.9,0.0075,,
2.2275,516,229.8,20.9,0.0075,,
2.2360,517,229.8,20.9,0.0085,,
2.2445,518,230.1,20.9,0.0085,,
2.2530,519,230.5,20.9,0.0075,,
2.2615,520,230.6,20.9,0.0075,,
2.2695,521,230.9,20.9,0.0075,,
2.2770,522,231.1,20.9,0.0075,,
2.2855,523,231.4,20.9,0.0085,,
2.2940,524,231.7,20.9,0.0085,,
2.3025,525,231.7,20.9,0.0075,,
2.3110,526,231.9,20.9,0.0075,,
2.3195,527,232.3,20.9,0.0075,,
2.3270,528,232.4,20.9,0.0075,,
2.3355,529,232.6,20.9,0.0085,,
2.3435,530,232.7,20.9,0.0080,,
2.3520,531,232.9,20.9,0.0075,,
2.3605,532,233.2,20.9,0.0075,,
2.3690,533,233.3,20.9,0.0075,,
2.3765,534,233.5,20.9,0.0075,,
2.3850,535,233.5,21.0,0.0085,,
2.3930,536,233.8,20.9,0.0080,,
2.4015,537,234.1,20.9,0.0075,,
2.4075,538,234.1,21.0,0.0055,,
2.4080,539,234.1,20.9,0.0005,,
2.4090,540,234.2,20.9,0.0010,,
2.4100,541,234.3,20.9,0.0010,,
2.4110,542,234.5,20.9,0.0010,,
2.4125,543,234.4,20.9,0.0015,,
2.4155,544,234.3,21.0,0.0025,,
2.4190,545,234.5,20.9,0.0030,,
2.4220,546,234.5,20.9,0.0030,,
2.4250,547,234.8,21.0,0.0030,,
2.4265,548,234.7,21.0,0.0015,,
2.4270,549,234.6,21.0,0.0005,,
2.4280,550,234.7,21.0,0.0010,,
2.4295,551,234.8,21.0,0.0015,,
2.4310,552,234.8,21.0,0.0015,,
2.4330,553,234.7,21.0,0.0020,,
2.4340,554,235.0,21.0,0.0015,,
Scope 1/1, Sample 9/32 (T1)
Result,TitrationEP1
V,t,E,T,dV/dt,E acc. stat.,Volume acc. stat.
0.0000,0,-70.5,21.0,NaN,,
0.0010,1,-70.5,21.0,0.0010,,
0.0025,2,-70.6,21.0,0.0015,,
0.0050,3,-70.4,21.0,0.0020,,
0.0090,4,-70.4,21.0,0.0035,,
0.0155,5,-70.1,21.0,0.0055,,
0.0240,6,-69.4,21.0,0.0075,,
0.0315,7,-68.3,21.0,0.0070,,
0.0400,8,-67.0,21.0,0.0075,,
0.0485,9,-65.7,21.0,0.0070,,
0.0565,10,-64.3,21.0,0.0065,,
0.0650,11,-62.7,21.0,0.0070,,
0.0735,12,-61.0,21.0,0.0070,,
0.0810,13,-59.4,21.0,0.0070,,
0.0895,14,-57.5,21.0,0.0075,,
0.0980,15,-55.7,21.0,0.0075,,
0.1065,16,-53.5,21.0,0.0070,,
0.1145,17,-51.3,21.0,0.0065,,
0.1230,18,-49.0,21.0,0.0070,,
0.1305,19,-46.7,21.0,0.0070,,
0.1390,20,-44.3,21.0,0.0075,,
0.1475,21,-41.5,21.0,0.0075,,
0.1560,22,-38.6,21.0,0.0070,,
0.1645,23,-35.9,21.0,0.0070,,
0.1730,24,-33.0,21.0,0.0070,,
0.1805,25,-30.5,21.0,0.0070,,
0.1890,26,-27.6,21.0,0.0075,,
0.1970,27,-25.0,21.0,0.0075,,
0.2055,28,-22.7,21.0,0.0070,,
0.2140,29,-20.5,21.0,0.0070,,
0.2225,30,-18.3,21.0,0.0070,,
0.2300,31,-16.7,21.0,0.0070,,
0.2385,32,-15.0,21.0,0.0075,,
0.2470,33,-13.5,21.0,0.0075,,
0.2550,34,-12.0,21.0,0.0065,,
0.2635,35,-10.4,21.0,0.0070,,
0.2720,36,-9.1,21.0,0.0070,,
0.2795,37,-7.7,21.0,0.0070,,
0.2880,38,-6.6,21.0,0.0075,,
0.2965,39,-5.3,21.0,0.0075,,
0.3050,40,-4.0,21.0,0.0070,,
0.3130,41,-2.9,21.0,0.0065,,
0.3215,42,-2.0,21.0,0.0070,,
0.3290,43,-1.0,21.0,0.0070,,
0.3375,44,-0.1,21.0,0.0075,,
0.3460,45,0.9,21.0,0.0075,,
0.3545,46,1.8,21.0,0.0075,,
0.3630,47,2.7,21.0,0.0070,,
0.3710,48,3.7,21.0,0.0065,,
0.3795,49,4.8,21.0,0.0070,,
0.3870,50,5.6,21.0,0.0070,,
0.3955,51,6.5,21.0,0.0075,,
0.4040,52,7.3,21.0,0.0075,,
0.4125,53,8.3,21.0,0.0070,,
0.4210,54,9.2,21.0,0.0070,,
0.4295,55,10.0,21.0,0.0075,,
0.4370,56,10.8,21.0,0.0070,,
0.4450,57,11.5,21.0,0.0075,,
0.4535,58,12.5,21.0,0.0075,,
0.4620,59,13.3,21.0,0.0070,,
0.4705,60,14.0,21.0,0.0070,,
0.4790,61,14.9,21.0,0.0070,,
0.4865,62,15.7,21.0,0.0070,,
0.4950,63,16.6,21.0,0.0075,,
0.5030,64,17.6,21.0,0.0075,,
0.5115,65,18.3,21.0,0.0075,,
0.5200,66,18.9,21.0,0.0070,,
0.5285,67,19.9,21.0,0.0070,,
0.5370,68,20.6,21.0,0.0075,,
0.5445,69,21.5,21.0,0.0070,,
0.5530,70,22.3,21.0,0.0075,,
0.5610,71,23.0,21.0,0.0075,,
0.5695,72,23.9,21.0,0.0070,,
0.5780,73,24.8,21.0,0.0070,,
0.5865,74,25.4,21.0,0.0070,,
0.5940,75,26.2,21.0,0.0070,,
0.6025,76,26.9,21.0,0.0075,,
0.6110,77,27.9,21.0,0.0075,,
0.6190,78,28.8,21.0,0.0065,,
0.6275,79,29.5,21.0,0.0070,,
0.6360,80,30.4,21.0,0.0070,,
0.6435,81,31.1,21.0,0.0070,,
0.6520,82,32.0,21.0,0.0075,,
0.6605,83,33.1,21.0,0.0075,,
0.6690,84,33.7,21.0,0.0070,,
0.6775,85,34.7,21.0,0.0070,,
0.6855,86,35.8,21.0,0.0065,,
0.6935,87,36.6,21.0,0.0075,,
0.7015,88,37.4,21.0,0.0075,,
0.7100,89,38.1,21.0,0.0075,,
0.7185,90,39.1,21.0,0.0070,,
0.7270,91,40.1,21.0,0.0070,,
0.7355,92,40.9,21.0,0.0075,,
0.7430,93,41.8,21.0,0.0070,,
0.7515,94,42.5,21.0,0.0075,,
0.7595,95,43.5,21.0,0.0065,,
0.7680,96,44.5,21.0,0.0070,,
0.7765,97,45.3,21.0,0.0070,,
0.7850,98,46.2,21.0,0.0070,,
0.7925,99,47.0,21.0,0.0070,,
0.8010,100,47.9,21.0,0.0075,,
0.8095,101,49.0,21.0,0.0075,,
0.8180,102,49.8,21.0,0.0070,,
0.8260,103,50.8,21.0,0.0065,,
0.8345,104,51.9,21.0,0.0070,,
0.8420,105,52.7,21.0,0.0070,,
0.8505,106,53.7,21.0,0.0075,,
0.8590,107,54.6,21.0,0.0075,,
0.8675,108,55.6,21.0,0.0070,,
0.8760,109,56.8,21.0,0.0070,,
0.8840,110,57.9,21.0,0.0065,,
0.8920,111,58.9,21.0,0.0075,,
0.9000,112,59.8,21.0,0.0075,,
0.9085,113,60.8,21.0,0.0075,,
0.9170,114,62.0,21.0,0.0070,,
0.9255,115,63.0,21.0,0.0070,,
0.9340,116,64.1,21.0,0.0070,,
0.9415,117,65.2,21.0,0.0070,,
0.9500,118,66.4,21.0,0.0075,,
0.9580,119,67.6,21.0,0.0075,,
0.9665,120,68.7,21.0,0.0070,,
0.9750,121,69.8,21.0,0.0070,,
0.9835,122,71.0,21.0,0.0070,,
0.9910,123,72.0,21.0,0.0070,,
0.9995,124,73.4,21.0,0.0075,,
1.0080,125,74.5,21.0,0.0075,,
1.0165,126,75.6,21.0,0.0070,,
1.0245,127,77.0,21.0,0.0065,,
1.0330,128,78.5,21.0,0.0070,,
1.0405,129,79.7,21.0,0.0070,,
1.0490,130,81.0,21.0,0.0075,,
1.0575,131,82.4,21.0,0.0075,,
1.0660,132,83.9,21.0,0.0070,,
1.0745,133,85.3,21.0,0.0070,,
1.0825,134,86.6,21.0,0.0065,,
1.0910,135,88.0,21.0,0.0075,,
1.0985,136,89.5,21.0,0.0070,,
1.1070,137,91.2,21.0,0.0075,,
1.1155,138,93.1,21.0,0.0070,,
1.1240,139,94.8,21.0,0.0070,,
1.1325,140,96.7,21.0,0.0070,,
1.1405,141,98.3,21.0,0.0075,,
1.1485,142,100.3,21.0,0.0075,,
1.1565,143,102.4,21.0,0.0075,,
1.1650,144,104.3,21.0,0.0070,,
1.1735,145,106.7,21.0,0.0070,,
1.1820,146,109.2,21.0,0.0070,,
1.1895,147,111.4,21.0,0.0070,,
1.1980,148,114.0,21.0,0.0075,,
1.2065,149,116.7,21.0,0.0075,,
1.2150,150,119.6,21.0,0.0070,,
1.2230,151,122.7,21.0,0.0065,,
1.2315,152,125.9,21.0,0.0070,,
1.2400,153,128.9,21.0,0.0075,,
1.2475,154,132.3,21.0,0.0070,,
1.2560,155,136.0,21.0,0.0075,,
1.2645,156,139.6,21.0,0.0070,,
1.2730,157,143.1,21.0,0.0070,,
1.2815,158,147.0,21.0,0.0070,,
1.2890,159,150.3,21.0,0.0070,,
1.2975,160,153.9,21.0,0.0075,,
1.3055,161,157.1,21.0,0.0075,,
1.3140,162,160.1,21.0,0.0070,,
1.3225,163,163.0,21.0,0.0070,,
1.3310,164,165.7,21.0,0.0070,,
1.3385,165,168.0,21.0,0.0070,,
1.3470,166,170.2,21.0,0.0075,,
1.3555,167,172.3,21.0,0.0075,,
1.3635,168,174.3,21.0,0.0065,,
1.3720,169,176.2,21.0,0.0070,,
1.3805,170,178.0,21.0,0.0070,,
1.3890,171,179.4,21.0,0.0075,,
1.3965,172,180.9,21.0,0.0070,,
1.4050,173,182.5,21.0,0.0075,,
1.4135,174,184.1,21.0,0.0070,,
1.4230,175,185.1,21.0,0.0070,,
1.4230,415,186.6,21.1,0.0000,,
1.4235,416,186.7,21.1,0.0005,,
1.4250,417,186.6,21.1,0.0010,,
1.4275,418,187.0,21.1,0.0015,,
1.4315,420,187.5,21.1,0.0025,,
1.4380,420,188.0,21.1,0.0130,,
1.4460,422,188.9,21.1,0.0055,,
1.4540,422,189.9,21.1,0.0200,,
1.4620,423,191.1,21.1,0.0055,,
1.4705,424,192.2,21.1,0.0060,,
1.4790,426,193.0,21.1,0.0055,,
1.4875,426,193.9,21.1,0.0170,,
1.4960,428,195.0,21.1,0.0055,,
1.5035,428,195.7,21.1,0.0185,,
1.5120,429,196.6,21.1,0.0060,,
1.5205,430,197.3,21.1,0.0055,,
1.5285,432,198.1,21.1,0.0055,,
1.5370,432,199.0,21.1,0.0170,,
1.5455,433,199.6,21.1,0.0060,,
1.5530,434,200.3,21.1,0.0055,,
1.5615,435,200.8,21.1,0.0060,,
1.5700,436,201.6,21.1,0.0055,,
1.5785,438,202.5,21.1,0.0055,,
1.5865,438,203.1,21.1,0.0160,,
1.5950,440,203.6,21.1,0.0055,,
1.6025,440,204.2,21.1,0.0185,,
1.6110,441,204.9,21.1,0.0060,,
1.6195,442,205.6,21.1,0.0060,,
1.6280,444,206.1,21.1,0.0055,,
1.6365,444,206.5,21.1,0.0170,,
1.6450,446,207.3,21.1,0.0055,,
1.6525,446,207.7,21.1,0.0185,,
1.6610,447,208.4,21.1,0.0060,,
1.6690,448,208.8,21.1,0.0055,,
1.6775,450,209.2,21.1,0.0055,,
1.6860,450,209.8,21.1,0.0170,,
1.6945,452,210.4,21.1,0.0055,,
1.7020,452,210.8,21.1,0.0185,,
1.7105,453,211.2,21.1,0.0060,,
1.7190,454,211.6,21.1,0.0060,,
1.7270,456,212.1,21.1,0.0055,,
1.7355,456,212.7,21.1,0.0170,,
1.7440,458,212.9,21.1,0.0055,,
1.7515,458,213.3,21.1,0.0185,,
1.7600,459,213.8,21.1,0.0060,,
1.7685,460,214.3,21.1,0.0060,,
1.7770,462,214.7,21.1,0.0055,,
1.7855,462,215.0,21.1,0.0170,,
1.7935,464,215.5,21.1,0.0055,,
1.8010,464,215.7,21.1,0.0185,,
1.8095,465,216.2,21.1,0.0060,,
1.8180,466,216.6,21.1,0.0060,,
1.8265,468,216.9,21.1,0.0055,,
1.8350,468,217.5,21.1,0.0170,,
1.8435,470,217.8,21.1,0.0055,,
1.8510,470,218.1,21.1,0.0185,,
1.8595,471,218.3,21.1,0.0060,,
1.8675,472,218.7,21.1,0.0055,,
1.8760,474,219.2,21.1,0.0055,,
1.8845,474,219.5,21.1,0.0170,,
1.8930,476,219.6,21.1,0.0055,,
1.9005,476,220.1,21.1,0.0185,,
1.9090,477,220.2,21.1,0.0060,,
1.9175,478,220.8,21.1,0.0055,,
1.9260,480,221.0,21.1,0.0055,,
1.9340,480,221.2,21.1,0.0160,,
1.9425,482,221.6,21.1,0.0055,,
1.9500,482,221.8,21.1,0.0185,,
1.9585,483,222.2,21.1,0.0060,,
1.9670,484,222.5,21.1,0.0060,,
1.9755,486,222.6,21.1,0.0055,,
1.9840,486,223.1,21.1,0.0170,,
1.9920,488,223.5,21.1,0.0055,,
2.0000,488,223.7,21.1,0.0200,,
2.0080,489,224.0,21.1,0.0055,,
2.0165,490,224.1,21.1,0.0060,,
2.0250,492,224.5,21.1,0.0055,,
2.0335,492,224.9,21.1,0.0170,,
2.0420,494,225.0,21.1,0.0055,,
2.0495,494,225.3,21.1,0.0185,,
2.0580,495,225.4,21.1,0.0060,,
2.0665,496,225.8,21.1,0.0060,,
2.0745,498,226.2,21.1,0.0055,,
2.0830,498,226.3,21.1,0.0170,,
2.0915,500,226.5,21.1,0.0055,,
2.0990,500,226.7,21.1,0.0185,,
2.1075,501,227.0,21.1,0.0060,,
2.1160,502,227.4,21.1,0.0060,,
2.1245,504,227.5,21.1,0.0055,,
2.1325,504,227.7,21.1,0.0160,,
2.1410,506,228.1,21.1,0.0055,,
2.1485,506,228.2,21.1,0.0185,,
2.1570,507,228.6,21.1,0.0060,,
2.1655,508,228.8,21.1,0.0060,,
2.1740,510,228.9,21.1,0.0055,,
2.1825,510,229.3,21.1,0.0170,,
2.1905,512,229.6,21.1,0.0055,,
2.1990,512,229.6,21.1,0.0170,,
2.2065,513,229.9,21.1,0.0055,,
2.2150,514,230.0,21.1,0.0060,,
2.2235,516,230.3,21.1,0.0055,,
2.2320,516,230.5,21.1,0.0170,,
2.2405,518,230.6,21.1,0.0055,,
2.2485,518,230.9,21.1,0.0160,,
2.2565,519,231.0,21.1,0.0055,,
2.2645,520,231.4,21.1,0.0055,,
2.2730,522,231.6,21.1,0.0055,,
2.2815,522,231.6,21.1,0.0170,,
2.2900,524,232.0,21.1,0.0055,,
2.2985,524,232.2,21.1,0.0170,,
2.3060,525,232.5,21.1,0.0055,,
2.3145,526,232.7,21.1,0.0060,,
2.3225,527,232.7,21.1,0.0055,,
2.3310,528,233.0,21.1,0.0055,,
2.3395,530,233.2,21.1,0.0055,,
2.3480,530,233.3,21.1,0.0170,,
2.3555,531,233.5,21.1,0.0055,,
2.3640,532,233.6,21.1,0.0060,,
2.3720,533,233.9,21.1,0.0055,,
2.3785,534,234.2,21.1,0.0045,,
2.3790,536,234.2,21.1,0.0005,,
2.3800,536,234.2,21.1,0.0020,,
2.3810,537,234.2,21.1,0.0005,,
2.3825,538,234.3,21.1,0.0010,,
2.3855,539,234.5,21.1,0.0020,,
2.3885,540,234.4,21.1,0.0020,,
2.3925,542,234.5,21.1,0.0025,,
2.3955,542,234.7,21.1,0.0060,,
2.3970,543,234.7,21.1,0.0010,,
2.3980,544,234.8,21.1,0.0005,,
2.3990,545,234.7,21.1,0.0005,,
2.4015,546,234.7,21.1,0.0015,,
2.4045,548,234.9,21.1,0.0020,,
2.4080,548,234.9,21.1,0.0070,,
2.4130,550,235.0,21.1,0.0030,,
Scope 1/1, Sample 10/32 (T2)
Result,TitrationEP1
V,t,E,T,dV/dt,E acc. stat.,Volume acc. stat.
0.0000,0,-70.6,21.0,NaN,,
0.0010,1,-70.6,21.0,0.0010,,
0.0025,2,-70.7,21.0,0.0015,,
0.0050,3,-70.7,21.0,0.0025,,
0.0090,4,-70.4,21.0,0.0035,,
0.0150,5,-70.2,21.0,0.0055,,
0.0235,6,-69.7,21.0,0.0075,,
0.0320,7,-68.8,21.0,0.0085,,
0.0395,8,-67.5,21.0,0.0075,,
0.0480,9,-66.1,21.0,0.0085,,
0.0565,10,-64.6,21.0,0.0075,,
0.0645,11,-63.1,21.0,0.0075,,
0.0730,12,-61.3,21.0,0.0075,,
0.0815,13,-59.5,21.0,0.0075,,
0.0890,14,-57.8,21.0,0.0075,,
0.0975,15,-55.9,21.0,0.0085,,
0.1060,16,-54.0,21.0,0.0075,,
0.1145,17,-51.8,21.0,0.0075,,
0.1230,18,-49.5,21.0,0.0075,,
0.1310,19,-47.3,21.0,0.0075,,
0.1390,20,-44.8,21.0,0.0080,,
0.1470,21,-42.3,21.0,0.0080,,
0.1555,22,-39.6,21.0,0.0075,,
0.1640,23,-36.7,21.0,0.0075,,
0.1725,24,-34.0,21.0,0.0075,,
0.1810,25,-31.0,21.0,0.0075,,
0.1885,26,-28.6,21.0,0.0075,,
0.1970,27,-25.9,21.0,0.0085,,
0.2050,28,-23.4,21.0,0.0075,,
0.2135,29,-21.3,21.0,0.0075,,
0.2220,30,-19.3,21.0,0.0075,,
0.2305,31,-17.2,21.0,0.0075,,
0.2380,32,-15.7,21.0,0.0075,,
0.2465,33,-14.0,21.0,0.0085,,
0.2550,34,-12.7,21.0,0.0075,,
0.2635,35,-11.1,21.0,0.0075,,
0.2715,36,-9.7,21.0,0.0075,,
0.2800,37,-8.4,21.0,0.0075,,
0.2875,38,-7.2,21.0,0.0075,,
0.2960,39,-6.2,21.0,0.0085,,
0.3045,40,-4.9,21.0,0.0075,,
0.3130,41,-3.7,21.0,0.0075,,
0.3215,42,-2.7,21.0,0.0075,,
0.3300,43,-1.8,21.0,0.0085,,
0.3375,44,-0.9,21.0,0.0075,,
0.3455,45,0.3,21.0,0.0080,,
0.3540,46,1.2,21.0,0.0075,,
0.3625,47,2.0,21.0,0.0075,,
0.3710,48,3.0,21.0,0.0075,,
0.3795,49,3.9,21.0,0.0085,,
0.3870,50,5.0,21.0,0.0075,,
0.3955,51,5.9,21.0,0.0085,,
0.4040,52,6.8,21.0,0.0075,,
0.4120,53,7.7,21.0,0.0075,,
0.4205,54,8.7,21.0,0.0075,,
0.4290,55,9.5,21.0,0.0085,,
0.4365,56,10.4,21.0,0.0075,,
0.4450,57,11.1,21.0,0.0085,,
0.4535,58,12.0,21.0,0.0075,,
0.4620,59,12.8,21.0,0.0075,,
0.4705,60,13.5,21.0,0.0075,,
0.4785,61,14.5,21.0,0.0080,,
0.4860,62,15.2,21.0,0.0075,,
0.4945,63,16.1,21.0,0.0085,,
0.5030,64,16.9,21.0,0.0075,,
0.5115,65,17.5,21.0,0.0075,,
0.5200,66,18.4,21.0,0.0075,,
0.5275,67,19.1,21.0,0.0075,,
0.5360,68,20.0,21.0,0.0085,,
0.5445,69,20.9,21.0,0.0085,,
0.5525,70,21.6,21.0,0.0075,,
0.5610,71,22.4,21.0,0.0075,,
0.5695,72,23.4,21.0,0.0075,,
0.5780,73,24.1,21.0,0.0075,,
0.5855,74,24.9,21.0,0.0075,,
0.5940,75,25.5,21.0,0.0085,,
0.6025,76,26.4,21.0,0.0075,,
0.6105,77,27.5,21.0,0.0075,,
0.6190,78,28.2,21.0,0.0075,,
0.6275,79,28.9,21.0,0.0075,,
0.6350,80,29.8,21.0,0.0075,,
0.6435,81,30.6,21.0,0.0085,,
0.6520,82,31.6,21.0,0.0075,,
0.6605,83,32.4,21.0,0.0075,,
0.6685,84,33.1,21.0,0.0075,,
0.6770,85,34.0,21.0,0.0075,,
0.6845,86,34.8,21.0,0.0075,,
0.6930,87,35.8,21.0,0.0085,,
0.7015,88,36.6,21.0,0.0075,,
0.7100,89,37.3,21.0,0.0075,,
0.7185,90,38.3,21.0,0.0075,,
0.7270,91,39.4,21.0,0.0075,,
0.7345,92,40.1,21.0,0.0075,,
0.7425,93,40.9,21.0,0.0080,,
0.7510,94,41.6,21.0,0.0085,,
0.7595,95,42.7,21.0,0.0075,,
0.7680,96,43.6,21.0,0.0075,,
0.7765,97,44.4,21.0,0.0075,,
0.7850,98,45.3,21.0,0.0085,,
0.7925,99,46.0,21.0,0.0075,,
0.8010,100,47.1,21.0,0.0085,,
0.8090,101,48.2,21.0,0.0075,,
0.8175,102,49.0,21.0,0.0075,,
0.8260,103,50.0,21.0,0.0075,,
0.8345,104,50.7,21.0,0.0085,,
0.8420,105,51.8,21.0,0.0075,,
0.8505,106,52.8,21.0,0.0085,,
0.8590,107,53.7,21.0,0.0075,,
0.8670,108,54.6,21.0,0.0075,,
0.8755,109,55.7,21.0,0.0075,,
0.8840,110,56.6,21.0,0.0085,,
0.8915,111,57.7,21.0,0.0075,,
0.9000,112,58.6,21.0,0.0085,,
0.9085,113,59.7,21.0,0.0075,,
0.9170,114,60.9,21.0,0.0075,,
0.9255,115,61.9,21.1,0.0075,,
0.9335,116,63.0,21.1,0.0080,,
0.9410,117,63.9,21.1,0.0075,,
0.9495,118,65.0,21.0,0.0085,,
0.9580,119,66.3,21.1,0.0075,,
0.9665,120,67.3,21.1,0.0075,,
0.9750,121,68.3,21.1,0.0075,,
0.9835,122,69.4,21.1,0.0085,,
0.9910,123,70.6,21.1,0.0075,,
0.9995,124,71.9,21.1,0.0085,,
1.0075,125,73.1,21.0,0.0075,,
1.0160,126,74.3,21.1,0.0075,,
1.0245,127,75.6,21.1,0.0075,,
1.0330,128,77.0,21.1,0.0075,,
1.0405,129,78.2,21.1,0.0075,,
1.0490,130,79.4,21.1,0.0085,,
1.0575,131,80.7,21.1,0.0075,,
1.0655,132,82.3,21.1,0.0075,,
1.0740,133,83.6,21.1,0.0075,,
1.0825,134,84.9,21.1,0.0075,,
1.0900,135,86.2,21.1,0.0075,,
1.0985,136,87.9,21.1,0.0085,,
1.1070,137,89.5,21.1,0.0075,,
1.1155,138,91.1,21.1,0.0075,,
1.1240,139,92.7,21.1,0.0075,,
1.1320,140,94.4,21.1,0.0075,,
1.1395,141,95.9,21.1,0.0075,,
1.1480,142,97.7,21.1,0.0085,,
1.1565,143,99.5,21.1,0.0075,,
1.1650,144,101.3,21.1,0.0075,,
1.1735,145,103.5,21.1,0.0075,,
1.1820,146,105.7,21.1,0.0075,,
1.1895,147,107.8,21.1,0.0075,,
1.1980,148,110.3,21.1,0.0085,,
1.2060,149,112.7,21.1,0.0075,,
1.2145,150,115.2,21.1,0.0075,,
1.2230,151,118.2,21.1,0.0075,,
1.2315,152,121.0,21.1,0.0075,,
1.2390,153,123.8,21.1,0.0075,,
1.2475,154,126.9,21.1,0.0085,,
1.2560,155,130.1,21.1,0.0075,,
1.2640,156,134.0,21.1,0.0075,,
1.2725,157,137.6,21.1,0.0075,,
1.2810,158,141.2,21.1,0.0075,,
1.2895,159,144.7,21.1,0.0085,,
1.2970,160,148.4,21.1,0.0075,,
1.3055,161,151.9,21.1,0.0085,,
1.3140,162,155.2,21.1,0.0075,,
1.3225,163,158.4,21.1,0.0075,,
1.3305,164,161.4,21.1,0.0075,,
1.3385,165,163.9,21.1,0.0080,,
1.3465,166,166.3,21.1,0.0080,,
1.3550,167,168.6,21.1,0.0075,,
1.3635,168,170.8,21.1,0.0075,,
1.3720,169,173.0,21.1,0.0075,,
1.3805,170,174.9,21.1,0.0075,,
1.3880,171,176.6,21.1,0.0075,,
1.3965,172,178.2,21.1,0.0085,,
1.4045,173,179.8,21.1,0.0075,,
1.4130,174,181.5,21.1,0.0075,,
1.4215,175,182.8,21.1,0.0075,,
1.4300,176,184.2,21.1,0.0075,,
1.4370,177,185.2,21.1,0.0070,,
1.4370,417,186.6,21.1,0.0000,,
1.4375,418,186.6,21.1,0.0005,,
1.4390,419,186.4,21.1,0.0015,,
1.4415,420,186.7,21.1,0.0025,,
1.4455,421,187.4,21.1,0.0035,,
1.4520,422,188.0,21.1,0.0055,,
1.4600,423,188.9,21.1,0.0065,,
1.4675,424,189.9,21.1,0.0070,,
1.4760,425,191.0,21.1,0.0075,,
1.4845,426,192.1,21.1,0.0075,,
1.4930,427,193.0,21.1,0.0070,,
1.5015,428,193.9,21.1,0.0070,,
1.5100,429,194.9,21.1,0.0070,,
1.5175,430,195.6,21.1,0.0070,,
1.5260,431,196.5,21.1,0.0075,,
1.5340,432,197.2,21.1,0.0065,,
1.5425,433,198.0,21.1,0.0070,,
1.5510,434,198.9,21.1,0.0070,,
1.5595,435,199.6,21.1,0.0070,,
1.5670,436,200.4,21.1,0.0070,,
1.5755,437,201.0,21.1,0.0075,,
1.5840,438,201.6,21.1,0.0075,,
1.5920,439,202.3,21.1,0.0065,,
1.6005,440,203.0,21.1,0.0070,,
1.6090,441,203.5,21.1,0.0070,,
1.6165,442,204.2,21.1,0.0070,,
1.6250,443,204.6,21.1,0.0075,,
1.6335,444,205.4,21.1,0.0075,,
1.6420,445,205.8,21.1,0.0070,,
1.6505,446,206.3,21.1,0.0070,,
1.6585,447,207.0,21.1,0.0065,,
1.6660,448,207.5,21.1,0.0070,,
1.6745,449,208.2,21.1,0.0075,,
1.6830,450,208.8,21.1,0.0075,,
1.6915,451,209.0,21.1,0.0070,,
1.7000,452,209.5,21.1,0.0070,,
1.7080,453,210.2,21.1,0.0065,,
1.7165,454,210.6,21.1,0.0070,,
1.7240,455,211.0,21.1,0.0070,,
1.7325,456,211.4,21.1,0.0075,,
1.7410,457,211.9,21.1,0.0070,,
1.7495,458,212.4,21.1,0.0070,,
1.7580,459,212.8,21.1,0.0070,,
1.7660,460,213.1,21.1,0.0065,,
1.7740,461,213.5,21.1,0.0075,,
1.7820,462,214.0,21.1,0.0075,,
1.7905,463,214.6,21.1,0.0075,,
1.7990,464,214.8,21.1,0.0070,,
1.8075,465,215.1,21.1,0.0070,,
1.8160,466,215.7,21.1,0.0070,,
1.8235,467,216.0,21.1,0.0070,,
1.8320,468,216.5,21.1,0.0075,,
1.8405,469,216.9,21.1,0.0075,,
1.8485,470,217.1,21.1,0.0065,,
1.8570,471,217.5,21.1,0.0070,,
1.8655,472,218.0,21.1,0.0070,,
1.8730,473,218.3,21.1,0.0070,,
1.8815,474,218.7,21.1,0.0075,,
1.8900,475,218.8,21.1,0.0075,,
1.8985,476,219.3,21.1,0.0070,,
1.9065,477,219.7,21.1,0.0065,,
1.9150,478,219.9,21.1,0.0070,,
1.9225,479,220.2,21.1,0.0070,,
1.9310,480,220.4,21.2,0.0075,,
1.9395,481,220.9,21.1,0.0075,,
1.9480,482,221.3,21.1,0.0070,,
1.9565,483,221.4,21.1,0.0070,,
1.9650,484,221.8,21.1,0.0070,,
1.9725,485,222.0,21.1,0.0070,,
1.9805,486,222.5,21.2,0.0075,,
1.9890,487,222.8,21.2,0.0075,,
1.9975,488,223.0,21.2,0.0070,,
2.0060,489,223.3,21.1,0.0070,,
2.0145,490,223.7,21.2,0.0070,,
2.0220,491,223.9,21.2,0.0070,,
2.0305,492,224.2,21.2,0.0075,,
2.0390,493,224.4,21.2,0.0075,,
2.0470,494,224.6,21.2,0.0065,,
2.0555,495,225.1,21.2,0.0070,,
2.0640,496,225.2,21.2,0.0070,,
2.0715,497,225.6,21.2,0.0070,,
2.0800,498,225.6,21.2,0.0075,,
2.0885,499,226.0,21.2,0.0075,,
2.0970,500,226.3,21.2,0.0070,,
2.1050,501,226.4,21.2,0.0065,,
2.1135,502,226.5,21.2,0.0070,,
2.1220,503,226.8,21.2,0.0075,,
2.1295,504,227.1,21.2,0.0070,,
2.1380,505,227.5,21.2,0.0075,,
2.1465,506,227.7,21.2,0.0070,,
2.1550,507,227.8,21.2,0.0070,,
2.1630,508,228.2,21.2,0.0065,,
2.1715,509,228.3,21.2,0.0075,,
2.1790,510,228.7,21.2,0.0070,,
2.1875,511,228.8,21.2,0.0075,,
2.1960,512,229.0,21.2,0.0070,,
2.2045,513,229.3,21.2,0.0070,,
2.2130,514,229.7,21.2,0.0070,,
2.2210,515,229.8,21.2,0.0065,,
2.2290,516,230.0,21.2,0.0075,,
2.2370,517,230.0,21.2,0.0075,,
2.2455,518,230.4,21.2,0.0075,,
2.2540,519,230.7,21.2,0.0070,,
2.2625,520,230.7,21.2,0.0070,,
2.2710,521,230.8,21.2,0.0070,,
2.2785,522,231.1,21.2,0.0070,,
2.2870,523,231.4,21.2,0.0075,,
2.2950,524,231.7,21.2,0.0075,,
2.3035,525,231.6,21.2,0.0070,,
2.3120,526,231.9,21.2,0.0070,,
2.3205,527,232.3,21.2,0.0070,,
2.3280,528,232.4,21.2,0.0070,,
2.3365,529,232.7,21.2,0.0075,,
2.3450,530,232.8,21.2,0.0075,,
2.3535,531,232.9,21.2,0.0070,,
2.3615,532,233.3,21.2,0.0065,,
2.3700,533,233.4,21.2,0.0070,,
2.3775,534,233.7,21.2,0.0070,,
2.3860,535,233.7,21.2,0.0075,,
2.3945,536,234.0,21.2,0.0075,,
2.4015,537,234.3,21.2,0.0060,,
2.4090,538,234.4,21.2,0.0060,,
2.4115,539,234.4,21.2,0.0020,,
2.4120,540,234.4,21.2,0.0005,,
2.4130,541,234.4,21.2,0.0010,,
2.4140,542,234.6,21.2,0.0010,,
2.4160,543,234.5,21.2,0.0015,,
2.4175,544,234.4,21.2,0.0010,,
2.4190,545,234.7,21.2,0.0010,,
2.4200,546,234.5,21.2,0.0010,,
2.4210,547,234.6,21.2,0.0010,,
2.4215,548,234.6,21.2,0.0005,,
2.4220,549,234.4,21.2,0.0005,,
2.4235,550,234.6,21.2,0.0010,,
2.4250,551,234.7,21.2,0.0010,,
2.4260,552,234.8,21.2,0.0010,,
2.4270,553,234.7,21.2,0.0010,,
2.4290,554,234.6,21.2,0.0020,,
2.4310,555,235.0,21.2,0.0015,,
Scope 1/1, Sample 11/32 (T3)
Result,TitrationEP1
V,t,E,T,dV/dt,E acc. stat.,Volume acc. stat.
0.0000,0,-71.4,21.1,NaN,,
0.0010,1,-71.4,21.1,0.0010,,
0.0025,2,-71.3,21.1,0.0015,,
0.0050,3,-71.4,21.1,0.0025,,
0.0085,4,-71.1,21.1,0.0030,,
0.0150,5,-70.8,21.1,0.0060,,
0.0230,6,-70.2,21.1,0.0075,,
0.0315,7,-69.1,21.1,0.0075,,
0.0400,8,-67.9,21.1,0.0075,,
0.0475,9,-66.8,21.1,0.0075,,
0.0560,10,-65.4,21.1,0.0075,,
0.0645,11,-64.0,21.1,0.0075,,
0.0725,12,-62.2,21.1,0.0075,,
0.0810,13,-60.3,21.1,0.0075,,
0.0895,14,-58.6,21.1,0.0075,,
0.0970,15,-56.8,21.1,0.0070,,
0.1055,16,-54.9,21.1,0.0075,,
0.1140,17,-52.7,21.1,0.0075,,
0.1225,18,-50.5,21.1,0.0075,,
0.1310,19,-48.3,21.1,0.0075,,
0.1390,20,-45.7,21.1,0.0075,,
0.1465,21,-43.6,21.1,0.0070,,
0.1550,22,-40.7,21.1,0.0075,,
0.1635,23,-38.0,21.1,0.0075,,
0.1720,24,-35.3,21.1,0.0075,,
0.1805,25,-32.4,21.1,0.0075,,
0.1890,26,-29.5,21.1,0.0075,,
0.1965,27,-27.1,21.1,0.0075,,
0.2045,28,-24.6,21.1,0.0075,,
0.2130,29,-22.4,21.1,0.0075,,
0.2215,30,-20.3,21.1,0.0075,,
0.2300,31,-18.2,21.1,0.0075,,
0.2385,32,-16.3,21.1,0.0075,,
0.2460,33,-14.8,21.1,0.0075,,
0.2545,34,-13.3,21.1,0.0075,,
0.2630,35,-11.8,21.1,0.0075,,
0.2710,36,-10.3,21.1,0.0075,,
0.2795,37,-9.0,21.1,0.0075,,
0.2880,38,-7.8,21.1,0.0075,,
0.2955,39,-6.6,21.1,0.0075,,
0.3040,40,-5.2,21.1,0.0075,,
0.3125,41,-3.9,21.1,0.0075,,
0.3210,42,-3.0,21.1,0.0075,,
0.3295,43,-1.9,21.1,0.0075,,
0.3375,44,-0.9,21.1,0.0075,,
0.3460,45,-0.2,21.1,0.0085,,
0.3535,46,0.9,21.1,0.0070,,
0.3620,47,1.8,21.1,0.0075,,
0.3705,48,2.8,21.1,0.0075,,
0.3790,49,3.9,21.1,0.0075,,
0.3875,50,4.9,21.1,0.0075,,
0.3955,51,5.7,21.1,0.0080,,
0.4035,52,6.5,21.1,0.0075,,
0.4115,53,7.4,21.1,0.0075,,
0.4200,54,8.4,21.1,0.0075,,
0.4285,55,9.2,21.1,0.0075,,
0.4370,56,9.9,21.1,0.0075,,
0.4455,57,10.8,21.1,0.0075,,
0.4530,58,11.6,21.1,0.0070,,
0.4615,59,12.6,21.1,0.0075,,
0.4695,60,13.4,21.1,0.0075,,
0.4780,61,14.1,21.1,0.0075,,
0.4865,62,14.9,21.1,0.0075,,
0.4950,63,15.9,21.1,0.0075,,
0.5025,64,16.6,21.1,0.0075,,
0.5110,65,17.5,21.1,0.0075,,
0.5195,66,18.1,21.1,0.0075,,
0.5275,67,19.0,21.1,0.0075,,
0.5360,68,19.9,21.1,0.0075,,
0.5445,69,20.7,21.1,0.0075,,
0.5520,70,21.5,21.1,0.0075,,
0.5605,71,22.2,21.1,0.0075,,
0.5690,72,23.0,21.1,0.0075,,
0.5775,73,24.0,21.1,0.0075,,
0.5860,74,24.8,21.1,0.0075,,
0.5940,75,25.5,21.1,0.0075,,
0.6015,76,26.2,21.1,0.0075,,
0.6100,77,27.2,21.1,0.0075,,
0.6185,78,28.2,21.1,0.0075,,
0.6270,79,28.9,21.1,0.0075,,
0.6355,80,29.7,21.1,0.0075,,
0.6440,81,30.6,21.1,0.0075,,
0.6515,82,31.3,21.1,0.0075,,
0.6600,83,32.2,21.1,0.0075,,
0.6680,84,33.0,21.1,0.0075,,
0.6765,85,33.9,21.1,0.0075,,
0.6850,86,34.9,21.1,0.0075,,
0.6935,87,35.8,21.1,0.0075,,
0.7010,88,36.6,21.1,0.0075,,
0.7095,89,37.3,21.1,0.0075,,
0.7180,90,38.2,21.1,0.0075,,
0.7260,91,39.2,21.1,0.0075,,
0.7345,92,40.1,21.1,0.0075,,
0.7430,93,40.9,21.1,0.0075,,
0.7505,94,41.6,21.1,0.0075,,
0.7590,95,42.5,21.1,0.0075,,
0.7675,96,43.6,21.1,0.0075,,
0.7760,97,44.4,21.1,0.0075,,
0.7845,98,45.2,21.1,0.0075,,
0.7925,99,46.2,21.1,0.0075,,
0.8010,100,47.1,21.1,0.0085,,
0.8085,101,48.1,21.1,0.0070,,
0.8170,102,49.0,21.1,0.0075,,
0.8255,103,49.8,21.1,0.0075,,
0.8340,104,50.9,21.1,0.0075,,
0.8425,105,52.1,21.1,0.0075,,
0.8505,106,53.0,21.1,0.0080,,
0.8585,107,54.0,21.1,0.0075,,
0.8665,108,54.9,21.2,0.0075,,
0.8750,109,55.9,21.1,0.0075,,
0.8835,110,57.0,21.1,0.0075,,
0.8920,111,57.9,21.1,0.0075,,
0.9005,112,58.8,21.1,0.0075,,
0.9080,113,59.6,21.2,0.0070,,
0.9165,114,60.7,21.2,0.0075,,
0.9245,115,62.0,21.1,0.0075,,
0.9330,116,63.1,21.1,0.0075,,
0.9415,117,64.1,21.2,0.0075,,
0.9500,118,65.3,21.1,0.0075,,
0.9575,119,66.2,21.1,0.0075,,
0.9660,120,67.5,21.2,0.0075,,
0.9745,121,68.6,21.1,0.0075,,
0.9825,122,69.7,21.1,0.0075,,
0.9910,123,70.9,21.1,0.0075,,
0.9995,124,72.2,21.2,0.0075,,
1.0070,125,73.2,21.1,0.0075,,
1.0155,126,74.4,21.2,0.0075,,
1.0240,127,75.5,21.2,0.0075,,
1.0325,128,76.9,21.2,0.0075,,
1.0405,129,78.2,21.2,0.0075,,
1.0490,130,79.4,21.2,0.0075,,
1.0565,131,80.7,21.2,0.0075,,
1.0650,132,81.9,21.2,0.0075,,
1.0735,133,83.3,21.2,0.0075,,
1.0820,134,84.7,21.2,0.0075,,
1.0905,135,86.0,21.2,0.0075,,
1.0990,136,87.6,21.2,0.0075,,
1.1065,137,88.7,21.2,0.0075,,
1.1150,138,90.4,21.2,0.0075,,
1.1230,139,92.1,21.2,0.0075,,
1.1315,140,93.7,21.2,0.0075,,
1.1400,141,95.5,21.2,0.0075,,
1.1485,142,97.4,21.2,0.0075,,
1.1560,143,99.1,21.2,0.0075,,
1.1645,144,101.0,21.2,0.0075,,
1.1730,145,102.9,21.2,0.0075,,
1.1810,146,105.1,21.2,0.0075,,
1.1895,147,107.4,21.2,0.0075,,
1.1980,148,109.6,21.2,0.0075,,
1.2055,149,111.9,21.2,0.0075,,
1.2140,150,114.4,21.2,0.0075,,
1.2225,151,117.2,21.2,0.0075,,
1.2310,152,120.2,21.2,0.0075,,
1.2390,153,123.1,21.2,0.0075,,
1.2475,154,126.4,21.2,0.0075,,
1.2560,155,129.3,21.2,0.0085,,
1.2635,156,132.6,21.2,0.0070,,
1.2720,157,136.4,21.2,0.0075,,
1.2805,158,140.0,21.2,0.0075,,
1.2890,159,143.8,21.2,0.0075,,
1.2975,160,147.6,21.2,0.0075,,
1.3055,161,150.6,21.2,0.0080,,
1.3135,162,154.1,21.2,0.0075,,
1.3215,163,157.3,21.2,0.0075,,
1.3300,164,160.3,21.2,0.0075,,
1.3385,165,163.1,21.2,0.0075,,
1.3470,166,165.6,21.2,0.0075,,
1.3555,167,167.8,21.2,0.0085,,
1.3630,168,170.0,21.2,0.0070,,
1.3715,169,172.1,21.2,0.0075,,
1.3795,170,174.2,21.2,0.0075,,
1.3880,171,176.1,21.2,0.0075,,
1.3965,172,177.7,21.2,0.0075,,
1.4050,173,179.4,21.2,0.0075,,
1.4125,174,180.8,21.2,0.0070,,
1.4210,175,182.6,21.2,0.0075,,
1.4295,176,183.8,21.2,0.0075,,
1.4390,177,185.0,21.2,0.0075,,
1.4390,417,186.4,21.2,0.0000,,
1.4395,418,186.4,21.2,0.0005,,
1.4410,419,186.2,21.2,0.0010,,
1.4435,420,186.6,21.2,0.0020,,
1.4475,422,187.2,21.2,0.0025,,
1.4535,422,187.8,21.2,0.0120,,
1.4615,424,188.8,21.2,0.0055,,
1.4690,424,189.9,21.2,0.0185,,
1.4775,425,190.8,21.2,0.0060,,
1.4860,426,192.0,21.2,0.0060,,
1.4945,428,192.8,21.2,0.0055,,
1.5030,428,193.8,21.2,0.0170,,
1.5115,430,194.9,21.2,0.0055,,
1.5190,430,195.4,21.2,0.0185,,
1.5270,431,196.4,21.2,0.0055,,
1.5355,432,197.1,21.2,0.0060,,
1.5440,434,197.9,21.2,0.0055,,
1.5525,434,198.8,21.2,0.0170,,
1.5610,436,199.6,21.2,0.0055,,
1.5685,436,200.3,21.2,0.0185,,
1.5770,437,200.9,21.2,0.0060,,
1.5850,438,201.3,21.2,0.0055,,
1.5935,440,202.1,21.2,0.0055,,
1.6020,440,202.8,21.2,0.0170,,
1.6105,442,203.3,21.2,0.0055,,
1.6190,442,204.0,21.2,0.0210,,
1.6265,443,204.5,21.2,0.0055,,
1.6350,444,205.3,21.2,0.0060,,
1.6435,446,205.8,21.2,0.0055,,
1.6515,446,206.3,21.2,0.0160,,
1.6600,448,206.9,21.2,0.0055,,
1.6685,448,207.4,21.2,0.0210,,
1.6760,449,208.1,21.2,0.0055,,
1.6845,450,208.6,21.2,0.0060,,
1.6930,452,209.0,21.2,0.0055,,
1.7015,452,209.5,21.2,0.0170,,
1.7095,454,210.2,21.2,0.0055,,
1.7180,454,210.6,21.2,0.0210,,
1.7255,455,211.1,21.2,0.0055,,
1.7340,456,211.4,21.2,0.0060,,
1.7425,458,211.9,21.2,0.0055,,
1.7510,458,212.5,21.2,0.0170,,
1.7595,460,212.8,21.2,0.0055,,
1.7680,460,213.3,21.2,0.0210,,
1.7755,461,213.6,21.2,0.0055,,
1.7840,462,214.1,21.2,0.0060,,
1.7920,464,214.6,21.2,0.0055,,
1.8005,464,214.9,21.2,0.0170,,
1.8090,466,215.3,21.2,0.0055,,
1.8175,466,215.7,21.2,0.0170,,
1.8250,467,215.9,21.2,0.0055,,
1.8335,468,216.4,21.2,0.0060,,
1.8420,469,216.6,21.2,0.0060,,
1.8500,470,216.9,21.2,0.0055,,
1.8585,472,217.5,21.2,0.0055,,
1.8670,472,217.8,21.2,0.0170,,
1.8745,473,218.2,21.2,0.0055,,
1.8830,474,218.6,21.2,0.0060,,
1.8915,475,218.9,21.2,0.0060,,
1.9000,476,219.4,21.2,0.0055,,
1.9080,478,219.7,21.2,0.0055,,
1.9165,478,219.9,21.2,0.0170,,
1.9240,479,220.2,21.2,0.0055,,
1.9325,480,220.4,21.2,0.0060,,
1.9410,481,220.9,21.2,0.0060,,
1.9495,482,221.2,21.2,0.0055,,
1.9580,484,221.3,21.2,0.0055,,
1.9660,484,221.6,21.2,0.0160,,
1.9740,485,221.9,21.2,0.0055,,
1.9820,486,222.4,21.2,0.0055,,
1.9905,487,222.7,21.2,0.0060,,
1.9990,488,222.8,21.2,0.0055,,
2.0075,490,223.1,21.2,0.0055,,
2.0160,490,223.6,21.2,0.0170,,
2.0235,491,223.9,21.2,0.0055,,
2.0320,492,224.2,21.2,0.0060,,
2.0400,493,224.3,21.2,0.0055,,
2.0485,494,224.7,21.2,0.0055,,
2.0570,496,225.1,21.2,0.0055,,
2.0655,496,225.3,21.2,0.0170,,
2.0740,497,225.5,21.2,0.0060,,
2.0815,498,225.7,21.2,0.0055,,
2.0900,499,225.9,21.2,0.0060,,
2.0980,500,226.3,21.2,0.0055,,
2.1065,502,226.4,21.2,0.0055,,
2.1150,502,226.5,21.2,0.0170,,
2.1235,504,226.9,21.2,0.0055,,
2.1310,504,227.0,21.2,0.0185,,
2.1395,505,227.4,21.2,0.0060,,
2.1480,506,227.6,21.2,0.0055,,
2.1565,508,227.8,21.2,0.0055,,
2.1645,508,228.2,21.2,0.0160,,
2.1730,510,228.6,21.2,0.0055,,
2.1805,510,228.7,21.2,0.0185,,
2.1890,511,229.0,21.2,0.0060,,
2.1975,512,229.0,21.2,0.0060,,
2.2060,514,229.3,21.2,0.0055,,
2.2145,514,229.7,21.2,0.0170,,
2.2225,516,229.8,21.2,0.0055,,
2.2305,516,230.0,21.2,0.0200,,
2.2385,517,230.1,21.2,0.0055,,
2.2470,518,230.5,21.2,0.0060,,
2.2555,520,230.8,21.2,0.0055,,
2.2640,520,230.8,21.2,0.0170,,
2.2725,521,231.1,21.2,0.0060,,
2.2800,522,231.2,21.2,0.0055,,
2.2885,523,231.6,21.2,0.0060,,
2.2970,524,231.7,21.2,0.0055,,
2.3050,526,231.8,21.2,0.0055,,
2.3135,526,232.2,21.3,0.0170,,
2.3220,528,232.4,21.3,0.0055,,
2.3295,528,232.6,21.3,0.0185,,
2.3380,529,232.7,21.3,0.0060,,
2.3465,530,232.9,21.3,0.0055,,
2.3550,532,233.1,21.2,0.0055,,
2.3635,532,233.4,21.3,0.0170,,
2.3715,533,233.6,21.3,0.0055,,
2.3790,534,233.7,21.2,0.0055,,
2.3875,535,233.8,21.3,0.0060,,
2.3960,536,234.1,21.3,0.0055,,
2.4040,538,234.3,21.3,0.0055,,
2.4100,538,234.3,21.3,0.0120,,
2.4130,539,234.5,21.3,0.0020,,
2.4150,540,234.4,21.3,0.0015,,
2.4175,541,234.6,21.3,0.0020,,
2.4190,542,234.7,21.3,0.0010,,
2.4195,544,234.5,21.3,0.0005,,
2.4205,544,234.5,21.3,0.0020,,
2.4205,546,234.6,21.3,0.0000,,
2.4225,546,234.5,21.3,0.0050,,
2.4235,547,234.7,21.3,0.0005,,
2.4245,548,234.6,21.3,0.0005,,
2.4250,550,234.5,21.3,0.0005,,
2.4265,550,234.8,21.3,0.0030,,
2.4285,552,234.8,21.3,0.0015,,
2.4300,552,234.9,21.3,0.0035,,
2.4320,553,234.9,21.3,0.0015,,
2.4350,554,234.9,21.3,0.0020,,
2.4360,555,235.1,21.3,0.0010,,
Scope 1/1, Sample 12/32 (T4)
Result,TitrationEP1
V,t,E,T,dV/dt,E acc. stat.,Volume acc. stat.
0.0000,0,-71.0,21.1,NaN,,
0.0010,1,-71.0,21.1,0.0010,,
0.0025,2,-71.1,21.1,0.0015,,
0.0050,3,-71.1,21.1,0.0025,,
0.0090,4,-71.0,21.1,0.0035,,
0.0150,5,-70.5,21.1,0.0055,,
0.0235,6,-69.8,21.1,0.0075,,
0.0320,7,-68.9,21.1,0.0075,,
0.0405,8,-67.6,21.1,0.0075,,
0.0480,9,-66.5,21.1,0.0070,,
0.0565,10,-64.9,21.1,0.0075,,
0.0650,11,-63.4,21.1,0.0075,,
0.0730,12,-61.8,21.1,0.0075,,
0.0815,13,-59.9,21.1,0.0075,,
0.0900,14,-58.1,21.1,0.0075,,
0.0975,15,-56.3,21.1,0.0070,,
0.1060,16,-54.4,21.1,0.0075,,
0.1145,17,-52.3,21.1,0.0075,,
0.1230,18,-50.0,21.1,0.0075,,
0.1310,19,-47.6,21.1,0.0075,,
0.1395,20,-45.2,21.1,0.0075,,
0.1480,21,-42.9,21.1,0.0075,,
0.1555,22,-40.2,21.1,0.0070,,
0.1640,23,-37.2,21.1,0.0075,,
0.1725,24,-34.3,21.1,0.0075,,
0.1810,25,-31.5,21.1,0.0075,,
0.1895,26,-28.5,21.1,0.0075,,
0.1975,27,-26.2,21.1,0.0080,,
0.2050,28,-23.6,21.1,0.0070,,
0.2135,29,-21.3,21.1,0.0075,,
0.2220,30,-19.4,21.1,0.0075,,
0.2305,31,-17.5,21.1,0.0075,,
0.2390,32,-15.6,21.1,0.0075,,
0.2475,33,-14.0,21.1,0.0075,,
0.2550,34,-12.6,21.1,0.0070,,
0.2630,35,-11.2,21.1,0.0075,,
0.2715,36,-9.9,21.1,0.0075,,
0.2800,37,-8.4,21.1,0.0075,,
0.2885,38,-7.1,21.1,0.0075,,
0.2970,39,-6.0,21.1,0.0075,,
0.3045,40,-4.8,21.1,0.0070,,
0.3130,41,-3.6,21.1,0.0075,,
0.3215,42,-2.5,21.1,0.0075,,
0.3295,43,-1.5,21.1,0.0075,,
0.3380,44,-0.6,21.1,0.0075,,
0.3465,45,0.4,21.1,0.0075,,
0.3540,46,1.2,21.1,0.0070,,
0.3625,47,2.3,21.1,0.0075,,
0.3710,48,3.3,21.1,0.0075,,
0.3795,49,4.2,21.1,0.0075,,
0.3875,50,5.2,21.1,0.0075,,
0.3960,51,6.3,21.1,0.0075,,
0.4045,52,7.2,21.1,0.0085,,
0.4120,53,8.0,21.1,0.0070,,
0.4205,54,8.7,21.1,0.0075,,
0.4290,55,9.7,21.1,0.0075,,
0.4375,56,10.7,21.1,0.0075,,
0.4455,57,11.4,21.1,0.0075,,
0.4535,58,12.3,21.1,0.0075,,
0.4615,59,13.0,21.1,0.0075,,
0.4700,60,13.9,21.1,0.0075,,
0.4785,61,14.8,21.1,0.0075,,
0.4870,62,15.6,21.1,0.0075,,
0.4955,63,16.4,21.1,0.0075,,
0.5030,64,17.1,21.1,0.0070,,
0.5115,65,18.0,21.1,0.0075,,
0.5200,66,18.8,21.1,0.0075,,
0.5280,67,19.6,21.1,0.0075,,
0.5365,68,20.5,21.1,0.0075,,
0.5450,69,21.4,21.1,0.0075,,
0.5525,70,22.2,21.1,0.0070,,
0.5610,71,23.0,21.1,0.0075,,
0.5695,72,23.6,21.1,0.0075,,
0.5780,73,24.4,21.1,0.0075,,
0.5865,74,25.3,21.1,0.0075,,
0.5945,75,26.1,21.1,0.0075,,
0.6020,76,27.0,21.1,0.0070,,
0.6105,77,27.7,21.1,0.0075,,
0.6190,78,28.7,21.1,0.0075,,
0.6275,79,29.6,21.1,0.0075,,
0.6360,80,30.4,21.1,0.0075,,
0.6445,81,31.1,21.1,0.0070,,
0.6525,82,31.9,21.1,0.0080,,
0.6600,83,32.7,21.1,0.0070,,
0.6685,84,33.6,21.1,0.0075,,
0.6770,85,34.5,21.2,0.0075,,
0.6855,86,35.2,21.2,0.0075,,
0.6940,87,36.1,21.2,0.0075,,
0.7025,88,37.0,21.2,0.0075,,
0.7100,89,37.8,21.2,0.0070,,
0.7180,90,38.7,21.2,0.0075,,
0.7265,91,39.5,21.2,0.0075,,
0.7350,92,40.5,21.2,0.0075,,
0.7435,93,41.5,21.2,0.0075,,
0.7520,94,42.3,21.2,0.0075,,
0.7595,95,43.3,21.2,0.0070,,
0.7680,96,44.1,21.2,0.0075,,
0.7765,97,45.0,21.2,0.0075,,
0.7845,98,46.1,21.2,0.0075,,
0.7930,99,46.8,21.2,0.0075,,
0.8015,100,47.8,21.2,0.0075,,
0.8090,101,48.5,21.2,0.0070,,
0.8175,102,49.5,21.2,0.0075,,
0.8260,103,50.5,21.2,0.0075,,
0.8345,104,51.3,21.2,0.0075,,
0.8425,105,52.2,21.2,0.0075,,
0.8510,106,53.4,21.2,0.0075,,
0.8585,107,54.3,21.2,0.0070,,
0.8670,108,55.4,21.2,0.0075,,
0.8755,109,56.4,21.2,0.0075,,
0.8840,110,57.3,21.2,0.0075,,
0.8925,111,58.5,21.2,0.0075,,
0.9005,112,59.6,21.2,0.0075,,
0.9090,113,60.5,21.2,0.0085,,
0.9165,114,61.5,21.2,0.0070,,
0.9250,115,62.5,21.2,0.0075,,
0.9335,116,63.7,21.2,0.0075,,
0.9420,117,64.8,21.2,0.0075,,
0.9505,118,65.9,21.2,0.0075,,
0.9590,119,66.9,21.2,0.0085,,
0.9665,120,68.0,21.2,0.0070,,
0.9745,121,69.2,21.2,0.0075,,
0.9830,122,70.3,21.2,0.0075,,
0.9915,123,71.4,21.2,0.0075,,
1.0000,124,72.6,21.2,0.0075,,
1.0085,125,73.9,21.2,0.0075,,
1.0160,126,75.0,21.2,0.0070,,
1.0245,127,76.3,21.2,0.0075,,
1.0330,128,77.5,21.2,0.0075,,
1.0410,129,79.0,21.2,0.0075,,
1.0495,130,80.4,21.2,0.0075,,
1.0580,131,81.7,21.2,0.0085,,
1.0655,132,83.0,21.2,0.0070,,
1.0740,133,84.2,21.2,0.0075,,
1.0825,134,85.7,21.2,0.0075,,
1.0910,135,87.2,21.2,0.0075,,
1.0995,136,88.7,21.2,0.0075,,
1.1070,137,90.1,21.2,0.0070,,
1.1155,138,91.7,21.2,0.0075,,
1.1235,139,93.5,21.2,0.0075,,
1.1320,140,95.4,21.2,0.0075,,
1.1405,141,97.1,21.2,0.0075,,
1.1490,142,98.9,21.2,0.0075,,
1.1575,143,100.5,21.2,0.0075,,
1.1650,144,102.7,21.2,0.0070,,
1.1735,145,104.8,21.2,0.0075,,
1.1820,146,106.8,21.2,0.0075,,
1.1900,147,109.1,21.2,0.0075,,
1.1985,148,111.6,21.2,0.0075,,
1.2070,149,114.1,21.2,0.0085,,
1.2145,150,117.0,21.2,0.0070,,
1.2230,151,119.6,21.2,0.0075,,
1.2315,152,122.7,21.2,0.0075,,
1.2400,153,125.7,21.2,0.0075,,
1.2480,154,128.9,21.2,0.0075,,
1.2565,155,132.0,21.2,0.0085,,
1.2640,156,135.5,21.2,0.0070,,
1.2725,157,139.3,21.2,0.0075,,
1.2810,158,143.1,21.2,0.0075,,
1.2895,159,146.6,21.2,0.0075,,
1.2980,160,150.0,21.2,0.0075,,
1.3060,161,153.7,21.2,0.0075,,
1.3135,162,156.6,21.2,0.0070,,
1.3220,163,159.8,21.2,0.0075,,
1.3305,164,162.6,21.2,0.0075,,
1.3390,165,165.1,21.2,0.0075,,
1.3475,166,167.8,21.2,0.0075,,
1.3560,167,170.1,21.2,0.0075,,
1.3635,168,172.0,21.2,0.0070,,
1.3715,169,174.1,21.2,0.0075,,
1.3800,170,175.8,21.2,0.0075,,
1.3885,171,177.6,21.2,0.0075,,
1.3970,172,179.3,21.2,0.0075,,
1.4055,173,180.7,21.2,0.0075,,
1.4140,174,182.2,21.2,0.0085,,
1.4215,175,183.7,21.2,0.0070,,
1.4315,176,185.0,21.2,0.0075,,
1.4315,416,186.4,21.2,0.0000,,
1.4320,417,186.3,21.2,0.0005,,
1.4335,418,186.3,21.2,0.0010,,
1.4360,419,186.6,21.2,0.0020,,
1.4400,420,187.1,21.2,0.0030,,
1.4465,421,187.8,21.2,0.0045,,
1.4550,422,188.8,21.2,0.0065,,
1.4625,423,189.9,21.2,0.0060,,
1.4710,424,191.1,21.2,0.0065,,
1.4790,425,191.9,21.2,0.0055,,
1.4875,426,192.9,21.2,0.0060,,
1.4960,427,194.0,21.2,0.0060,,
1.5045,428,194.6,21.2,0.0065,,
1.5120,429,195.6,21.2,0.0060,,
1.5205,430,196.4,21.2,0.0065,,
1.5290,431,197.1,21.2,0.0065,,
1.5370,432,198.0,21.2,0.0055,,
1.5455,433,198.9,21.2,0.0060,,
1.5540,434,199.4,21.2,0.0060,,
1.5615,435,200.2,21.2,0.0060,,
1.5700,436,200.7,21.2,0.0065,,
1.5785,437,201.5,21.2,0.0065,,
1.5870,438,202.3,21.2,0.0060,,
1.5950,439,202.8,21.2,0.0055,,
1.6035,440,203.4,21.2,0.0060,,
1.6110,441,204.0,21.2,0.0060,,
1.6195,442,204.7,21.2,0.0065,,
1.6280,443,205.4,21.2,0.0065,,
1.6365,444,205.8,21.2,0.0060,,
1.6450,445,206.5,21.2,0.0060,,
1.6535,446,207.2,21.2,0.0060,,
1.6610,447,207.6,21.2,0.0060,,
1.6690,448,208.2,21.2,0.0060,,
1.6775,449,208.7,21.2,0.0065,,
1.6860,450,209.1,21.2,0.0060,,
1.6945,451,209.8,21.2,0.0060,,
1.7030,452,210.2,21.2,0.0065,,
1.7105,453,210.7,21.2,0.0060,,
1.7190,454,211.1,21.2,0.0065,,
1.7275,455,211.6,21.2,0.0065,,
1.7360,456,212.1,21.2,0.0060,,
1.7440,457,212.5,21.2,0.0055,,
1.7525,458,212.9,21.2,0.0060,,
1.7600,459,213.2,21.2,0.0060,,
1.7685,460,213.8,21.2,0.0065,,
1.7770,461,214.3,21.2,0.0060,,
1.7855,462,214.5,21.2,0.0060,,
1.7940,463,214.8,21.3,0.0060,,
1.8020,464,215.2,21.3,0.0055,,
1.8095,465,215.6,21.3,0.0060,,
1.8180,466,216.2,21.3,0.0065,,
1.8265,467,216.6,21.2,0.0065,,
1.8350,468,216.8,21.2,0.0060,,
1.8435,469,217.3,21.3,0.0060,,
1.8520,470,217.8,21.3,0.0060,,
1.8600,471,218.1,21.2,0.0060,,
1.8675,472,218.3,21.3,0.0060,,
1.8760,473,218.6,21.3,0.0065,,
1.8845,474,218.9,21.3,0.0060,,
1.8930,475,219.4,21.3,0.0060,,
1.9015,476,219.7,21.3,0.0060,,
1.9100,477,220.0,21.3,0.0065,,
1.9175,478,220.3,21.3,0.0060,,
1.9260,479,220.7,21.3,0.0065,,
1.9340,480,221.0,21.3,0.0055,,
1.9425,481,221.2,21.3,0.0060,,
1.9510,482,221.4,21.3,0.0060,,
1.9595,483,221.8,21.3,0.0060,,
1.9670,484,222.1,21.3,0.0060,,
1.9755,485,222.5,21.3,0.0065,,
1.9840,486,222.7,21.3,0.0060,,
1.9920,487,222.9,21.3,0.0055,,
2.0005,488,223.3,21.3,0.0060,,
2.0090,489,223.6,21.3,0.0060,,
2.0165,490,223.9,21.3,0.0060,,
2.0250,491,224.1,21.3,0.0065,,
2.0335,492,224.3,21.3,0.0065,,
2.0420,493,224.7,21.3,0.0060,,
2.0505,494,225.0,21.3,0.0060,,
2.0585,495,225.1,21.3,0.0055,,
2.0660,496,225.4,21.3,0.0060,,
2.0745,497,225.6,21.3,0.0065,,
2.0830,498,226.0,21.3,0.0065,,
2.0915,499,226.3,21.3,0.0060,,
2.1000,500,226.4,21.3,0.0060,,
2.1080,501,226.7,21.3,0.0055,,
2.1160,502,226.9,21.3,0.0060,,
2.1240,503,227.2,21.3,0.0060,,
2.1325,504,227.5,21.3,0.0065,,
2.1410,505,227.6,21.3,0.0060,,
2.1495,506,227.9,21.3,0.0060,,
2.1580,507,228.3,21.3,0.0060,,
2.1655,508,228.4,21.3,0.0060,,
2.1740,509,228.7,21.3,0.0065,,
2.1825,510,228.8,21.3,0.0065,,
2.1905,511,229.1,21.3,0.0055,,
2.1990,512,229.4,21.3,0.0060,,
2.2075,513,229.5,21.3,0.0060,,
2.2150,514,229.8,21.3,0.0060,,
2.2235,515,230.0,21.3,0.0065,,
2.2320,516,230.3,21.3,0.0065,,
2.2405,517,230.7,21.3,0.0060,,
2.2485,518,230.8,21.3,0.0055,,
2.2570,519,230.9,21.3,0.0060,,
2.2655,520,231.1,21.3,0.0065,,
2.2730,521,231.4,21.3,0.0060,,
2.2815,522,231.7,21.3,0.0065,,
2.2900,523,231.8,21.3,0.0060,,
2.2985,524,232.0,21.3,0.0060,,
2.3070,525,232.3,21.3,0.0060,,
2.3150,526,232.3,21.3,0.0060,,
2.3230,527,232.6,21.3,0.0060,,
2.3310,528,232.6,21.3,0.0060,,
2.3395,529,232.8,21.3,0.0060,,
2.3480,530,233.1,21.3,0.0060,,
2.3565,531,233.3,21.3,0.0060,,
2.3650,532,233.5,21.3,0.0065,,
2.3725,533,233.7,21.3,0.0060,,
2.3805,534,233.9,21.3,0.0060,,
2.3880,535,234.2,21.3,0.0060,,
2.3945,536,234.4,21.3,0.0045,,
2.3990,537,234.4,21.3,0.0030,,
2.4020,538,234.4,21.3,0.0020,,
2.4025,539,234.4,21.3,0.0005,,
2.4040,540,234.6,21.3,0.0010,,
2.4060,541,234.6,21.3,0.0015,,
2.4090,542,234.6,21.3,0.0020,,
2.4120,543,234.6,21.3,0.0020,,
2.4150,544,234.8,21.3,0.0020,,
2.4180,545,234.8,21.3,0.0025,,
2.4185,546,234.9,21.3,0.0005,,
2.4190,547,234.7,21.3,0.0005,,
2.4205,548,234.8,21.3,0.0010,,
2.4215,549,235.0,21.3,0.0010,,
Scope 1/1, Sample 13/32 (T5)
Result,TitrationEP1
V,t,E,T,dV/dt,E acc. stat.,Volume acc. stat.
0.0000,0,-71.2,21.1,NaN,,
0.0010,1,-71.3,21.1,0.0010,,
0.0025,2,-71.2,21.1,0.0015,,
0.0050,3,-71.2,21.1,0.0025,,
0.0085,4,-71.0,21.1,0.0030,,
0.0150,5,-70.8,21.1,0.0060,,
0.0230,6,-70.0,21.1,0.0075,,
0.0315,7,-69.0,21.1,0.0070,,
0.0400,8,-67.9,21.1,0.0075,,
0.0475,9,-66.6,21.1,0.0070,,
0.0560,10,-65.2,21.1,0.0075,,
0.0645,11,-63.5,21.1,0.0075,,
0.0725,12,-61.7,21.1,0.0075,,
0.0810,13,-60.0,21.1,0.0075,,
0.0895,14,-58.3,21.1,0.0075,,
0.0980,15,-56.5,21.1,0.0085,,
0.1055,16,-54.4,21.1,0.0070,,
0.1140,17,-52.2,21.1,0.0075,,
0.1225,18,-50.0,21.1,0.0075,,
0.1305,19,-47.6,21.1,0.0075,,
0.1390,20,-45.0,21.1,0.0075,,
0.1475,21,-42.8,21.1,0.0085,,
0.1550,22,-40.0,21.2,0.0070,,
0.1635,23,-37.2,21.1,0.0075,,
0.1720,24,-34.4,21.2,0.0075,,
0.1805,25,-31.4,21.2,0.0075,,
0.1890,26,-28.5,21.2,0.0075,,
0.1970,27,-26.1,21.1,0.0080,,
0.2050,28,-23.9,21.2,0.0075,,
0.2130,29,-21.6,21.2,0.0075,,
0.2215,30,-19.5,21.2,0.0075,,
0.2300,31,-17.6,21.2,0.0075,,
0.2385,32,-15.9,21.2,0.0075,,
0.2470,33,-14.4,21.2,0.0085,,
0.2545,34,-12.8,21.2,0.0070,,
0.2630,35,-11.2,21.2,0.0075,,
0.2710,36,-9.9,21.2,0.0075,,
0.2795,37,-8.7,21.2,0.0075,,
0.2880,38,-7.2,21.2,0.0075,,
0.2965,39,-6.2,21.2,0.0085,,
0.3040,40,-4.7,21.2,0.0070,,
0.3125,41,-3.6,21.2,0.0075,,
0.3210,42,-2.6,21.2,0.0075,,
0.3290,43,-1.6,21.2,0.0075,,
0.3375,44,-0.5,21.2,0.0075,,
0.3460,45,0.5,21.2,0.0085,,
0.3535,46,1.4,21.2,0.0070,,
0.3620,47,2.3,21.2,0.0075,,
0.3705,48,3.5,21.2,0.0075,,
0.3790,49,4.5,21.2,0.0075,,
0.3870,50,5.2,21.2,0.0075,,
0.3955,51,6.1,21.2,0.0075,,
0.4030,52,6.9,21.2,0.0070,,
0.4115,53,7.8,21.2,0.0075,,
0.4200,54,8.7,21.2,0.0075,,
0.4285,55,9.4,21.2,0.0075,,
0.4370,56,10.2,21.2,0.0075,,
0.4455,57,11.3,21.2,0.0075,,
0.4530,58,12.0,21.2,0.0070,,
0.4610,59,12.9,21.2,0.0075,,
0.4695,60,13.7,21.2,0.0075,,
0.4780,61,14.4,21.2,0.0075,,
0.4865,62,15.5,21.2,0.0075,,
0.4950,63,16.3,21.2,0.0075,,
0.5025,64,17.2,21.2,0.0075,,
0.5110,65,18.0,21.2,0.0075,,
0.5190,66,18.7,21.2,0.0075,,
0.5275,67,19.6,21.2,0.0075,,
0.5360,68,20.6,21.2,0.0075,,
0.5445,69,21.2,21.2,0.0075,,
0.5530,70,22.0,21.2,0.0085,,
0.5605,71,22.7,21.2,0.0070,,
0.5690,72,23.7,21.2,0.0075,,
0.5775,73,24.5,21.2,0.0075,,
0.5855,74,25.1,21.2,0.0075,,
0.5940,75,26.0,21.2,0.0075,,
0.6025,76,26.9,21.2,0.0075,,
0.6100,77,27.7,21.2,0.0070,,
0.6185,78,28.5,21.2,0.0075,,
0.6270,79,29.2,21.2,0.0075,,
0.6355,80,30.2,21.2,0.0075,,
0.6435,81,31.3,21.2,0.0075,,
0.6520,82,32.1,21.2,0.0075,,
0.6595,83,33.0,21.2,0.0070,,
0.6680,84,33.6,21.2,0.0075,,
0.6765,85,34.5,21.2,0.0075,,
0.6850,86,35.5,21.2,0.0075,,
0.6935,87,36.2,21.2,0.0075,,
0.7020,88,37.0,21.2,0.0085,,
0.7095,89,37.8,21.2,0.0070,,
0.7180,90,38.8,21.2,0.0075,,
0.7260,91,39.7,21.2,0.0075,,
0.7345,92,40.5,21.2,0.0075,,
0.7430,93,41.4,21.2,0.0075,,
0.7515,94,42.2,21.2,0.0085,,
0.7590,95,43.3,21.2,0.0070,,
0.7675,96,44.3,21.2,0.0075,,
0.7760,97,45.0,21.2,0.0075,,
0.7845,98,46.0,21.2,0.0075,,
0.7925,99,47.2,21.2,0.0075,,
0.8010,100,48.1,21.2,0.0075,,
0.8085,101,49.0,21.2,0.0070,,
0.8170,102,49.9,21.2,0.0075,,
0.8255,103,50.9,21.2,0.0075,,
0.8340,104,52.1,21.2,0.0075,,
0.8425,105,52.9,21.2,0.0075,,
0.8510,106,53.9,21.2,0.0085,,
0.8585,107,54.8,21.2,0.0070,,
0.8665,108,55.9,21.2,0.0075,,
0.8750,109,57.0,21.2,0.0075,,
0.8835,110,57.9,21.2,0.0075,,
0.8920,111,59.0,21.2,0.0075,,
0.9005,112,59.9,21.2,0.0085,,
0.9080,113,61.0,21.2,0.0070,,
0.9165,114,62.3,21.2,0.0075,,
0.9250,115,63.3,21.2,0.0075,,
0.9330,116,64.3,21.2,0.0075,,
0.9415,117,65.5,21.2,0.0075,,
0.9500,118,66.7,21.2,0.0075,,
0.9575,119,67.8,21.2,0.0070,,
0.9660,120,68.8,21.2,0.0075,,
0.9745,121,69.9,21.2,0.0075,,
0.9830,122,71.3,21.2,0.0075,,
0.9910,123,72.4,21.2,0.0075,,
0.9995,124,73.6,21.2,0.0085,,
1.0070,125,74.8,21.2,0.0070,,
1.0155,126,76.0,21.2,0.0075,,
1.0240,127,77.5,21.2,0.0075,,
1.0325,128,78.7,21.2,0.0075,,
1.0410,129,79.9,21.2,0.0075,,
1.0495,130,81.5,21.2,0.0075,,
1.0570,131,82.6,21.2,0.0070,,
1.0650,132,84.2,21.2,0.0075,,
1.0735,133,85.6,21.2,0.0075,,
1.0820,134,87.0,21.2,0.0075,,
1.0905,135,88.6,21.2,0.0075,,
1.0990,136,90.4,21.2,0.0075,,
1.1065,137,91.8,21.2,0.0070,,
1.1150,138,93.4,21.2,0.0075,,
1.1230,139,95.0,21.2,0.0075,,
1.1315,140,96.9,21.2,0.0075,,
1.1400,141,98.9,21.2,0.0075,,
1.1485,142,100.8,21.2,0.0075,,
1.1560,143,102.8,21.2,0.0070,,
1.1645,144,105.0,21.2,0.0075,,
1.1730,145,107.2,21.2,0.0075,,
1.1810,146,109.6,21.2,0.0075,,
1.1895,147,111.8,21.2,0.0075,,
1.1980,148,114.5,21.2,0.0075,,
1.2055,149,116.9,21.2,0.0070,,
1.2140,150,119.9,21.2,0.0075,,
1.2225,151,123.1,21.2,0.0075,,
1.2310,152,126.2,21.2,0.0075,,
1.2395,153,129.4,21.2,0.0075,,
1.2475,154,133.1,21.2,0.0075,,
1.2560,155,136.4,21.2,0.0085,,
1.2635,156,140.1,21.2,0.0070,,
1.2720,157,143.6,21.2,0.0075,,
1.2805,158,147.4,21.2,0.0075,,
1.2890,159,151.3,21.2,0.0075,,
1.2975,160,154.8,21.2,0.0075,,
1.3055,161,157.7,21.2,0.0080,,
1.3135,162,160.6,21.2,0.0075,,
1.3215,163,163.4,21.2,0.0075,,
1.3300,164,166.2,21.2,0.0075,,
1.3385,165,168.4,21.2,0.0075,,
1.3470,166,170.6,21.2,0.0075,,
1.3555,167,172.6,21.2,0.0085,,
1.3630,168,174.4,21.2,0.0070,,
1.3715,169,176.5,21.2,0.0075,,
1.3800,170,178.1,21.2,0.0075,,
1.3880,171,179.6,21.2,0.0075,,
1.3965,172,181.4,21.2,0.0075,,
1.4050,173,182.8,21.2,0.0075,,
1.4125,174,184.0,21.2,0.0070,,
1.4205,175,185.1,21.2,0.0075,,
1.4205,415,186.4,21.3,0.0000,,
1.4210,416,186.6,21.3,0.0005,,
1.4225,417,186.6,21.3,0.0010,,
1.4250,418,186.7,21.3,0.0020,,
1.4290,419,187.1,21.3,0.0030,,
1.4350,420,187.9,21.3,0.0045,,
1.4435,421,189.0,21.3,0.0065,,
1.4510,422,190.0,21.3,0.0060,,
1.4595,423,190.9,21.3,0.0070,,
1.4680,424,191.9,21.3,0.0070,,
1.4765,425,193.0,21.3,0.0065,,
1.4850,426,193.9,21.3,0.0065,,
1.4935,427,194.7,21.3,0.0065,,
1.5015,428,195.5,21.3,0.0065,,
1.5095,429,196.3,21.3,0.0065,,
1.5175,430,197.2,21.3,0.0065,,
1.5260,431,198.0,21.3,0.0065,,
1.5345,432,198.7,21.3,0.0065,,
1.5430,433,199.5,21.3,0.0065,,
1.5515,434,200.1,21.3,0.0070,,
1.5590,435,201.0,21.3,0.0060,,
1.5670,436,201.7,21.3,0.0065,,
1.5755,437,202.4,21.3,0.0070,,
1.5840,438,203.1,21.3,0.0065,,
1.5925,439,203.8,21.3,0.0065,,
1.6010,440,204.5,21.3,0.0065,,
1.6085,441,205.1,21.3,0.0065,,
1.6170,442,205.5,21.3,0.0070,,
1.6255,443,205.9,21.3,0.0070,,
1.6335,444,206.6,21.3,0.0060,,
1.6420,445,207.2,21.3,0.0065,,
1.6505,446,207.6,21.3,0.0065,,
1.6580,447,208.2,21.3,0.0060,,
1.6665,448,208.6,21.3,0.0070,,
1.6750,449,209.2,21.3,0.0065,,
1.6835,450,209.7,21.3,0.0065,,
1.6915,451,210.1,21.3,0.0060,,
1.7000,452,210.7,21.3,0.0065,,
1.7075,453,211.0,21.3,0.0060,,
1.7160,454,211.7,21.3,0.0070,,
1.7245,455,212.1,21.3,0.0070,,
1.7330,456,212.4,21.3,0.0065,,
1.7415,457,212.8,21.3,0.0065,,
1.7495,458,213.5,21.3,0.0060,,
1.7575,459,213.9,21.3,0.0065,,
1.7655,460,214.4,21.3,0.0065,,
1.7740,461,214.6,21.3,0.0070,,
1.7825,462,215.1,21.3,0.0065,,
1.7910,463,215.6,21.3,0.0065,,
1.7995,464,215.9,21.3,0.0065,,
1.8070,465,216.3,21.3,0.0060,,
1.8155,466,216.6,21.3,0.0070,,
1.8240,467,217.1,21.3,0.0070,,
1.8320,468,217.6,21.3,0.0060,,
1.8405,469,217.7,21.3,0.0065,,
1.8490,470,218.0,21.3,0.0065,,
1.8565,471,218.4,21.3,0.0060,,
1.8650,472,218.8,21.3,0.0070,,
1.8735,473,219.2,21.3,0.0070,,
1.8820,474,219.4,21.3,0.0065,,
1.8900,475,219.7,21.3,0.0060,,
1.8985,476,220.1,21.3,0.0065,,
1.9060,477,220.4,21.3,0.0060,,
1.9145,478,220.7,21.3,0.0070,,
1.9230,479,220.9,21.3,0.0070,,
1.9315,480,221.2,21.3,0.0065,,
1.9400,481,221.7,21.3,0.0065,,
1.9485,482,221.9,21.3,0.0065,,
1.9565,483,222.3,21.3,0.0065,,
1.9645,484,222.4,21.3,0.0065,,
1.9725,485,222.7,21.3,0.0065,,
1.9810,486,223.2,21.3,0.0065,,
1.9895,487,223.4,21.3,0.0065,,
1.9980,488,223.6,21.3,0.0065,,
2.0065,489,223.9,21.3,0.0065,,
2.0140,490,224.2,21.3,0.0060,,
2.0220,491,224.6,21.3,0.0065,,
2.0305,492,224.8,21.3,0.0065,,
2.0390,493,224.9,21.3,0.0065,,
2.0475,494,225.3,21.3,0.0065,,
2.0560,495,225.7,21.3,0.0065,,
2.0635,496,225.9,21.3,0.0060,,
2.0720,497,226.1,21.3,0.0070,,
2.0805,498,226.3,21.3,0.0070,,
2.0885,499,226.6,21.3,0.0060,,
2.0970,500,227.0,21.3,0.0065,,
2.1055,501,227.2,21.3,0.0065,,
2.1130,502,227.5,21.3,0.0060,,
2.1215,503,227.7,21.3,0.0070,,
2.1300,504,228.0,21.3,0.0065,,
2.1385,505,228.3,21.3,0.0065,,
2.1465,506,228.4,21.3,0.0060,,
2.1550,507,228.5,21.3,0.0065,,
2.1625,508,228.6,21.3,0.0060,,
2.1710,509,229.0,21.3,0.0070,,
2.1795,510,229.3,21.3,0.0070,,
2.1880,511,229.4,21.3,0.0065,,
2.1965,512,229.7,21.3,0.0065,,
2.2045,513,230.1,21.3,0.0060,,
2.2125,514,230.2,21.3,0.0065,,
2.2205,515,230.5,21.3,0.0065,,
2.2290,516,230.6,21.3,0.0070,,
2.2375,517,230.8,21.3,0.0065,,
2.2460,518,231.2,21.3,0.0065,,
2.2545,519,231.4,21.3,0.0065,,
2.2620,520,231.6,21.3,0.0060,,
2.2705,521,231.7,21.3,0.0070,,
2.2790,522,231.9,21.3,0.0070,,
2.2870,523,232.3,21.3,0.0060,,
2.2955,524,232.4,21.3,0.0065,,
2.3040,525,232.4,21.3,0.0065,,
2.3125,526,232.7,21.3,0.0070,,
2.3200,527,232.8,21.3,0.0060,,
2.3285,528,233.1,21.3,0.0070,,
2.3370,529,233.4,21.3,0.0065,,
2.3450,530,233.4,21.3,0.0060,,
2.3535,531,233.7,21.3,0.0065,,
2.3620,532,234.0,21.3,0.0065,,
2.3690,533,234.1,21.3,0.0060,,
2.3765,534,234.3,21.3,0.0060,,
2.3830,535,234.4,21.3,0.0050,,
2.3895,536,234.6,21.3,0.0050,,
2.3935,537,234.7,21.3,0.0030,,
2.3965,538,234.8,21.3,0.0025,,
2.4000,539,234.7,21.3,0.0030,,
2.4045,540,234.7,21.3,0.0035,,
2.4085,541,235.0,21.3,0.0030,,
Scope 1/1, Sample 14/32 (T6)
Result,TitrationEP1
V,t,E,T,dV/dt,E acc. stat.,Volume acc. stat.
0.0000,0,-70.1,21.1,NaN,,
0.0010,1,-70.2,21.1,0.0010,,
0.0025,2,-70.2,21.1,0.0015,,
0.0050,3,-70.1,21.1,0.0025,,
0.0085,4,-70.0,21.1,0.0030,,
0.0150,5,-69.7,21.1,0.0060,,
0.0230,6,-69.1,21.1,0.0075,,
0.0315,7,-68.2,21.1,0.0075,,
0.0400,8,-67.1,21.1,0.0085,,
0.0475,9,-65.7,21.1,0.0075,,
0.0560,10,-64.0,21.1,0.0075,,
0.0645,11,-62.5,21.1,0.0075,,
0.0725,12,-61.0,21.1,0.0075,,
0.0810,13,-59.0,21.1,0.0075,,
0.0895,14,-57.0,21.1,0.0075,,
0.0970,15,-55.2,21.1,0.0075,,
0.1055,16,-53.2,21.1,0.0075,,
0.1140,17,-51.0,21.1,0.0075,,
0.1225,18,-48.5,21.1,0.0075,,
0.1305,19,-46.0,21.1,0.0075,,
0.1390,20,-43.8,21.1,0.0075,,
0.1470,21,-41.3,21.1,0.0080,,
0.1550,22,-38.4,21.1,0.0075,,
0.1635,23,-35.4,21.1,0.0075,,
0.1720,24,-32.5,21.1,0.0075,,
0.1805,25,-29.8,21.1,0.0075,,
0.1890,26,-27.1,21.1,0.0075,,
0.1965,27,-25.1,21.1,0.0075,,
0.2050,28,-22.7,21.1,0.0075,,
0.2130,29,-20.7,21.1,0.0075,,
0.2215,30,-18.9,21.1,0.0075,,
0.2300,31,-16.9,21.1,0.0075,,
0.2385,32,-15.3,21.1,0.0075,,
0.2460,33,-13.9,21.1,0.0075,,
0.2545,34,-12.5,21.1,0.0075,,
0.2630,35,-11.3,21.1,0.0075,,
0.2710,36,-9.9,21.1,0.0075,,
0.2795,37,-8.5,21.1,0.0075,,
0.2880,38,-7.4,21.1,0.0075,,
0.2955,39,-6.2,21.1,0.0075,,
0.3040,40,-5.0,21.1,0.0075,,
0.3125,41,-3.8,21.1,0.0075,,
0.3210,42,-2.7,21.1,0.0075,,
0.3295,43,-1.9,21.1,0.0075,,
0.3375,44,-0.9,21.1,0.0075,,
0.3455,45,-0.1,21.1,0.0080,,
0.3535,46,0.9,21.1,0.0075,,
0.3620,47,1.9,21.1,0.0075,,
0.3705,48,2.8,21.1,0.0075,,
0.3790,49,3.8,21.1,0.0075,,
0.3875,50,4.8,21.1,0.0075,,
0.3950,51,5.6,21.2,0.0075,,
0.4035,52,6.5,21.1,0.0075,,
0.4115,53,7.2,21.1,0.0075,,
0.4200,54,8.2,21.2,0.0075,,
0.4285,55,9.0,21.1,0.0075,,
0.4370,56,9.8,21.2,0.0075,,
0.4445,57,10.6,21.2,0.0075,,
0.4530,58,11.3,21.2,0.0075,,
0.4615,59,12.2,21.2,0.0075,,
0.4700,60,13.2,21.2,0.0075,,
0.4780,61,13.9,21.2,0.0075,,
0.4865,62,14.6,21.2,0.0075,,
0.4940,63,15.4,21.2,0.0075,,
0.5025,64,16.3,21.2,0.0075,,
0.5110,65,17.2,21.2,0.0075,,
0.5195,66,17.8,21.2,0.0075,,
0.5280,67,18.7,21.2,0.0075,,
0.5360,68,19.6,21.2,0.0075,,
0.5440,69,20.3,21.2,0.0080,,
0.5520,70,21.2,21.2,0.0075,,
0.5605,71,21.9,21.2,0.0075,,
0.5690,72,22.6,21.2,0.0075,,
0.5775,73,23.5,21.2,0.0075,,
0.5860,74,24.3,21.2,0.0075,,
0.5935,75,25.1,21.2,0.0075,,
0.6020,76,25.8,21.2,0.0075,,
0.6100,77,26.7,21.2,0.0075,,
0.6185,78,27.7,21.2,0.0075,,
0.6270,79,28.6,21.2,0.0075,,
0.6355,80,29.3,21.2,0.0075,,
0.6440,81,30.2,21.2,0.0085,,
0.6515,82,31.0,21.2,0.0070,,
0.6600,83,32.0,21.2,0.0075,,
0.6680,84,32.8,21.2,0.0075,,
0.6765,85,33.5,21.2,0.0075,,
0.6850,86,34.4,21.2,0.0075,,
0.6935,87,35.4,21.2,0.0075,,
0.7010,88,36.1,21.2,0.0075,,
0.7095,89,37.1,21.2,0.0075,,
0.7180,90,37.8,21.2,0.0075,,
0.7265,91,38.7,21.2,0.0075,,
0.7345,92,39.8,21.2,0.0075,,
0.7430,93,40.6,21.2,0.0075,,
0.7505,94,41.5,21.2,0.0075,,
0.7590,95,42.2,21.2,0.0075,,
0.7675,96,43.2,21.2,0.0075,,
0.7760,97,44.2,21.2,0.0075,,
0.7845,98,45.1,21.2,0.0075,,
0.7930,99,46.0,21.2,0.0085,,
0.8005,100,46.8,21.2,0.0070,,
0.8090,101,47.8,21.2,0.0075,,
0.8170,102,48.9,21.2,0.0075,,
0.8255,103,49.7,21.2,0.0075,,
0.8340,104,50.7,21.2,0.0075,,
0.8425,105,51.5,21.2,0.0085,,
0.8500,106,52.6,21.2,0.0070,,
0.8585,107,53.7,21.2,0.0075,,
0.8670,108,54.6,21.2,0.0075,,
0.8755,109,55.8,21.2,0.0075,,
0.8835,110,57.0,21.2,0.0075,,
0.8910,111,57.8,21.2,0.0075,,
0.8995,112,58.9,21.2,0.0075,,
0.9080,113,59.9,21.2,0.0075,,
0.9165,114,61.0,21.2,0.0075,,
0.9250,115,62.3,21.2,0.0075,,
0.9335,116,63.3,21.2,0.0075,,
0.9410,117,64.5,21.2,0.0075,,
0.9495,118,65.5,21.2,0.0075,,
0.9575,119,66.7,21.2,0.0075,,
0.9660,120,68.0,21.2,0.0075,,
0.9745,121,69.2,21.2,0.0075,,
0.9830,122,70.4,21.2,0.0075,,
0.9915,123,71.4,21.2,0.0085,,
0.9990,124,72.7,21.2,0.0070,,
1.0075,125,74.1,21.2,0.0075,,
1.0155,126,75.4,21.2,0.0075,,
1.0240,127,76.7,21.2,0.0075,,
1.0325,128,78.2,21.2,0.0075,,
1.0410,129,79.3,21.2,0.0085,,
1.0485,130,80.8,21.2,0.0070,,
1.0570,131,82.0,21.2,0.0075,,
1.0655,132,83.3,21.2,0.0075,,
1.0735,133,85.1,21.2,0.0075,,
1.0820,134,86.6,21.2,0.0075,,
1.0905,135,88.2,21.2,0.0075,,
1.0980,136,89.8,21.2,0.0075,,
1.1065,137,91.3,21.2,0.0075,,
1.1150,138,93.3,21.2,0.0075,,
1.1235,139,95.3,21.2,0.0075,,
1.1320,140,97.1,21.2,0.0075,,
1.1400,141,98.9,21.2,0.0080,,
1.1480,142,100.9,21.2,0.0075,,
1.1560,143,103.3,21.2,0.0075,,
1.1645,144,105.5,21.2,0.0075,,
1.1730,145,108.0,21.2,0.0075,,
1.1815,146,110.4,21.2,0.0075,,
1.1900,147,113.1,21.2,0.0075,,
1.1975,148,115.6,21.2,0.0075,,
1.2060,149,118.7,21.2,0.0075,,
1.2140,150,121.9,21.2,0.0075,,
1.2225,151,125.1,21.2,0.0075,,
1.2310,152,128.6,21.2,0.0075,,
1.2395,153,132.2,21.2,0.0075,,
1.2470,154,135.5,21.2,0.0075,,
1.2555,155,139.3,21.2,0.0075,,
1.2640,156,143.3,21.2,0.0075,,
1.2725,157,147.2,21.2,0.0075,,
1.2805,158,150.9,21.2,0.0075,,
1.2890,159,154.2,21.2,0.0075,,
1.2965,160,157.3,21.2,0.0075,,
1.3050,161,160.3,21.2,0.0075,,
1.3135,162,163.2,21.2,0.0075,,
1.3220,163,166.0,21.2,0.0075,,
1.3305,164,168.3,21.2,0.0075,,
1.3385,165,170.7,21.2,0.0075,,
1.3460,166,172.4,21.2,0.0075,,
1.3545,167,174.7,21.2,0.0075,,
1.3630,168,176.5,21.2,0.0075,,
1.3715,169,178.1,21.2,0.0075,,
1.3800,170,179.8,21.2,0.0075,,
1.3885,171,181.3,21.2,0.0075,,
1.3960,172,182.8,21.2,0.0075,,
1.4045,173,183.9,21.2,0.0075,,
1.4130,174,185.0,21.2,0.0075,,
1.4130,414,186.9,21.3,0.0000,,
1.4135,415,186.9,21.3,0.0005,,
1.4150,416,186.9,21.3,0.0015,,
1.4175,417,187.2,21.3,0.0025,,
1.4215,418,187.6,21.3,0.0035,,
1.4275,419,188.1,21.3,0.0050,,
1.4355,420,189.0,21.3,0.0065,,
1.4435,421,189.9,21.3,0.0075,,
1.4515,422,191.1,21.3,0.0075,,
1.4600,423,192.2,21.3,0.0070,,
1.4685,424,192.9,21.3,0.0070,,
1.4770,425,193.9,21.3,0.0070,,
1.4855,426,195.0,21.3,0.0070,,
1.4930,427,195.7,21.3,0.0070,,
1.5015,428,196.7,21.3,0.0075,,
1.5100,429,197.4,21.3,0.0075,,
1.5180,430,198.1,21.3,0.0065,,
1.5265,431,199.1,21.3,0.0070,,
1.5350,432,199.7,21.3,0.0070,,
1.5425,433,200.4,21.3,0.0070,,
1.5510,434,201.0,21.3,0.0075,,
1.5595,435,201.6,21.3,0.0075,,
1.5680,436,202.4,21.3,0.0070,,
1.5760,437,203.0,21.3,0.0065,,
1.5845,438,203.6,21.3,0.0070,,
1.5930,439,204.4,21.3,0.0075,,
1.6005,440,204.8,21.3,0.0070,,
1.6090,441,205.5,21.3,0.0075,,
1.6175,442,206.1,21.3,0.0070,,
1.6260,443,206.5,21.3,0.0070,,
1.6340,444,207.2,21.3,0.0065,,
1.6425,445,207.7,21.3,0.0075,,
1.6500,446,208.3,21.3,0.0070,,
1.6585,447,208.9,21.3,0.0075,,
1.6670,448,209.3,21.3,0.0070,,
1.6755,449,209.8,21.3,0.0070,,
1.6840,450,210.4,21.3,0.0070,,
1.6920,451,210.9,21.3,0.0075,,
1.7000,452,211.3,21.3,0.0075,,
1.7080,453,211.6,21.3,0.0075,,
1.7165,454,212.1,21.3,0.0070,,
1.7250,455,212.7,21.3,0.0070,,
1.7335,456,213.0,21.3,0.0070,,
1.7420,457,213.3,21.3,0.0070,,
1.7495,458,213.7,21.3,0.0070,,
1.7580,459,214.2,21.3,0.0075,,
1.7660,460,214.8,21.3,0.0065,,
1.7745,461,215.1,21.3,0.0070,,
1.7830,462,215.5,21.3,0.0070,,
1.7915,463,216.0,21.3,0.0070,,
1.7990,464,216.2,21.3,0.0070,,
1.8075,465,216.8,21.3,0.0075,,
1.8160,466,217.0,21.3,0.0070,,
1.8245,467,217.3,21.3,0.0070,,
1.8325,468,217.9,21.3,0.0065,,
1.8410,469,218.2,21.3,0.0070,,
1.8485,470,218.6,21.3,0.0070,,
1.8570,471,218.8,21.3,0.0075,,
1.8655,472,219.1,21.3,0.0075,,
1.8740,473,219.6,21.3,0.0070,,
1.8825,474,219.9,21.3,0.0070,,
1.8905,475,220.1,21.3,0.0065,,
1.8985,476,220.5,21.3,0.0075,,
1.9065,477,220.7,21.3,0.0075,,
1.9150,478,221.2,21.3,0.0075,,
1.9235,479,221.5,21.3,0.0070,,
1.9320,480,221.6,21.3,0.0070,,
1.9405,481,222.1,21.3,0.0070,,
1.9480,482,222.3,21.3,0.0070,,
1.9565,483,222.7,21.3,0.0075,,
1.9650,484,222.8,21.3,0.0070,,
1.9730,485,223.0,21.3,0.0065,,
1.9815,486,223.4,21.3,0.0070,,
1.9900,487,223.7,21.3,0.0075,,
1.9975,488,224.1,21.3,0.0070,,
2.0060,489,224.4,21.3,0.0075,,
2.0145,490,224.6,21.3,0.0075,,
2.0230,491,224.9,21.3,0.0070,,
2.0310,492,225.2,21.3,0.0065,,
2.0395,493,225.3,21.3,0.0070,,
2.0470,494,225.6,21.3,0.0070,,
2.0555,495,225.9,21.3,0.0075,,
2.0640,496,226.3,21.3,0.0075,,
2.0725,497,226.6,21.3,0.0070,,
2.0810,498,226.7,21.3,0.0070,,
2.0890,499,226.9,21.3,0.0065,,
2.0970,500,227.1,21.3,0.0075,,
2.1050,501,227.5,21.3,0.0075,,
2.1135,502,227.8,21.3,0.0075,,
2.1220,503,227.9,21.3,0.0070,,
2.1305,504,228.2,21.3,0.0070,,
2.1390,505,228.5,21.3,0.0070,,
2.1470,506,228.6,21.3,0.0075,,
2.1550,507,228.9,21.3,0.0075,,
2.1630,508,229.1,21.3,0.0075,,
2.1715,509,229.2,21.3,0.0070,,
2.1800,510,229.7,21.3,0.0070,,
2.1885,511,229.8,21.3,0.0070,,
2.1970,512,230.0,21.3,0.0075,,
2.2045,513,230.2,21.3,0.0070,,
2.2130,514,230.3,21.3,0.0075,,
2.2210,515,230.6,21.3,0.0065,,
2.2295,516,230.8,21.3,0.0070,,
2.2380,517,230.9,21.3,0.0070,,
2.2465,518,231.1,21.3,0.0070,,
2.2540,519,231.3,21.3,0.0070,,
2.2625,520,231.7,21.3,0.0075,,
2.2710,521,232.0,21.3,0.0075,,
2.2790,522,232.0,21.3,0.0065,,
2.2875,523,232.3,21.3,0.0070,,
2.2960,524,232.6,21.3,0.0070,,
2.3045,525,232.6,21.3,0.0075,,
2.3120,526,232.9,21.3,0.0070,,
2.3205,527,233.0,21.3,0.0075,,
2.3290,528,233.1,21.3,0.0070,,
2.3370,529,233.5,21.3,0.0065,,
2.3455,530,233.8,21.3,0.0070,,
2.3530,531,234.0,21.3,0.0070,,
2.3615,532,234.0,21.3,0.0075,,
2.3685,533,234.2,21.3,0.0065,,
2.3730,534,234.5,21.3,0.0035,,
2.3775,535,234.4,21.3,0.0035,,
2.3830,536,234.5,21.3,0.0045,,
2.3840,537,234.5,21.3,0.0010,,
2.3850,538,234.6,21.3,0.0010,,
2.3860,539,234.7,21.3,0.0010,,
2.3880,540,234.7,21.3,0.0015,,
2.3895,541,234.7,21.3,0.0010,,
2.3900,542,234.9,21.3,0.0005,,
2.3910,543,234.8,21.3,0.0010,,
2.3925,544,235.0,21.3,0.0015,,
2.3935,545,234.9,21.3,0.0010,,
2.3950,546,234.9,21.3,0.0010,,
2.3975,547,235.1,21.3,0.0020,,
Scope 1/1, Sample 15/32 (T7)
Result,TitrationEP1
V,t,E,T,dV/dt,E acc. stat.,Volume acc. stat.
0.0000,0,-71.6,21.2,NaN,,
0.0010,1,-71.7,21.2,0.0010,,
0.0025,2,-71.7,21.2,0.0015,,
0.0050,3,-71.7,21.2,0.0025,,
0.0085,4,-71.4,21.2,0.0030,,
0.0150,5,-71.2,21.2,0.0060,,
0.0230,6,-70.6,21.2,0.0075,,
0.0315,7,-69.5,21.2,0.0075,,
0.0390,8,-68.5,21.2,0.0075,,
0.0475,9,-67.1,21.2,0.0075,,
0.0560,10,-65.8,21.2,0.0075,,
0.0645,11,-64.3,21.2,0.0075,,
0.0725,12,-62.5,21.2,0.0075,,
0.0810,13,-60.8,21.2,0.0075,,
0.0895,14,-59.1,21.2,0.0085,,
0.0970,15,-57.3,21.2,0.0070,,
0.1055,16,-55.3,21.2,0.0075,,
0.1140,17,-53.1,21.2,0.0075,,
0.1225,18,-50.7,21.2,0.0075,,
0.1310,19,-48.6,21.2,0.0075,,
0.1390,20,-46.1,21.2,0.0075,,
0.1465,21,-43.8,21.2,0.0075,,
0.1550,22,-41.1,21.2,0.0075,,
0.1635,23,-38.2,21.2,0.0075,,
0.1720,24,-35.5,21.2,0.0075,,
0.1805,25,-32.5,21.2,0.0075,,
0.1890,26,-30.1,21.2,0.0085,,
0.1965,27,-27.2,21.2,0.0070,,
0.2050,28,-24.6,21.2,0.0075,,
0.2130,29,-22.5,21.2,0.0075,,
0.2215,30,-20.3,21.2,0.0075,,
0.2300,31,-18.3,21.2,0.0075,,
0.2385,32,-16.7,21.2,0.0085,,
0.2460,33,-15.0,21.2,0.0075,,
0.2545,34,-13.6,21.2,0.0075,,
0.2630,35,-11.9,21.2,0.0075,,
0.2715,36,-10.4,21.2,0.0075,,
0.2795,37,-9.2,21.2,0.0075,,
0.2880,38,-8.0,21.2,0.0085,,
0.2955,39,-6.9,21.2,0.0075,,
0.3040,40,-5.6,21.2,0.0075,,
0.3125,41,-4.2,21.2,0.0075,,
0.3210,42,-3.2,21.2,0.0075,,
0.3295,43,-2.3,21.2,0.0075,,
0.3375,44,-1.4,21.2,0.0080,,
0.3455,45,-0.3,21.2,0.0080,,
0.3535,46,0.7,21.2,0.0075,,
0.3620,47,1.5,21.2,0.0075,,
0.3705,48,2.5,21.2,0.0075,,
0.3790,49,3.7,21.2,0.0075,,
0.3875,50,4.5,21.2,0.0085,,
0.3950,51,5.6,21.2,0.0070,,
0.4035,52,6.3,21.2,0.0075,,
0.4120,53,7.2,21.2,0.0075,,
0.4200,54,8.2,21.2,0.0075,,
0.4285,55,8.9,21.2,0.0075,,
0.4370,56,9.7,21.2,0.0075,,
0.4445,57,10.5,21.2,0.0075,,
0.4530,58,11.4,21.2,0.0075,,
0.4615,59,12.4,21.2,0.0075,,
0.4700,60,13.1,21.2,0.0075,,
0.4780,61,13.8,21.2,0.0075,,
0.4865,62,14.8,21.2,0.0075,,
0.4940,63,15.4,21.2,0.0075,,
0.5025,64,16.4,21.2,0.0075,,
0.5110,65,17.2,21.2,0.0075,,
0.5195,66,18.0,21.2,0.0075,,
0.5280,67,19.0,21.2,0.0075,,
0.5355,68,19.6,21.2,0.0075,,
0.5440,69,20.5,21.2,0.0075,,
0.5525,70,21.2,21.2,0.0075,,
0.5605,71,22.0,21.2,0.0075,,
0.5690,72,22.9,21.2,0.0075,,
0.5775,73,23.8,21.2,0.0075,,
0.5860,74,24.6,21.2,0.0085,,
0.5935,75,25.3,21.2,0.0070,,
0.6020,76,26.0,21.2,0.0075,,
0.6105,77,27.0,21.2,0.0075,,
0.6190,78,27.8,21.2,0.0075,,
0.6270,79,28.5,21.2,0.0075,,
0.6355,80,29.3,21.2,0.0085,,
0.6430,81,30.1,21.2,0.0070,,
0.6515,82,31.1,21.2,0.0075,,
0.6600,83,31.8,21.2,0.0075,,
0.6685,84,32.5,21.2,0.0075,,
0.6770,85,33.5,21.2,0.0075,,
0.6850,86,34.3,21.2,0.0080,,
0.6930,87,35.3,21.2,0.0080,,
0.7010,88,36.1,21.2,0.0075,,
0.7095,89,36.8,21.2,0.0075,,
0.7180,90,37.8,21.2,0.0075,,
0.7265,91,38.7,21.2,0.0075,,
0.7350,92,39.5,21.2,0.0075,,
0.7425,93,40.3,21.2,0.0075,,
0.7510,94,41.1,21.2,0.0075,,
0.7590,95,42.1,21.2,0.0075,,
0.7675,96,43.1,21.2,0.0075,,
0.7760,97,43.9,21.2,0.0075,,
0.7845,98,44.8,21.2,0.0075,,
0.7920,99,45.6,21.2,0.0075,,
0.8005,100,46.7,21.2,0.0075,,
0.8090,101,47.7,21.2,0.0075,,
0.8175,102,48.5,21.2,0.0075,,
0.8255,103,49.5,21.2,0.0075,,
0.8340,104,50.6,21.2,0.0075,,
0.8415,105,51.3,21.2,0.0075,,
0.8500,106,52.4,21.2,0.0075,,
0.8585,107,53.3,21.2,0.0075,,
0.8670,108,54.3,21.2,0.0075,,
0.8755,109,55.4,21.2,0.0075,,
0.8835,110,56.3,21.2,0.0080,,
0.8915,111,57.2,21.2,0.0080,,
0.8995,112,58.2,21.2,0.0075,,
0.9080,113,59.3,21.2,0.0075,,
0.9165,114,60.5,21.2,0.0075,,
0.9250,115,61.4,21.2,0.0075,,
0.9335,116,62.5,21.2,0.0085,,
0.9410,117,63.4,21.2,0.0070,,
0.9495,118,64.7,21.2,0.0075,,
0.9580,119,65.9,21.2,0.0075,,
0.9660,120,66.9,21.2,0.0075,,
0.9745,121,68.1,21.2,0.0075,,
0.9830,122,69.2,21.2,0.0085,,
0.9905,123,70.5,21.2,0.0075,,
0.9990,124,71.7,21.2,0.0075,,
1.0075,125,72.8,21.2,0.0075,,
1.0160,126,74.0,21.2,0.0075,,
1.0240,127,75.4,21.2,0.0075,,
1.0325,128,76.6,21.2,0.0085,,
1.0400,129,78.0,21.2,0.0075,,
1.0485,130,79.2,21.2,0.0075,,
1.0570,131,80.6,21.2,0.0075,,
1.0655,132,82.1,21.2,0.0075,,
1.0740,133,83.3,21.2,0.0075,,
1.0825,134,84.7,21.3,0.0085,,
1.0900,135,86.0,21.2,0.0075,,
1.0985,136,87.6,21.2,0.0075,,
1.1065,137,89.3,21.3,0.0075,,
1.1150,138,90.8,21.2,0.0075,,
1.1235,139,92.4,21.3,0.0075,,
1.1320,140,94.2,21.3,0.0075,,
1.1395,141,95.7,21.3,0.0075,,
1.1480,142,97.7,21.3,0.0075,,
1.1565,143,99.6,21.3,0.0075,,
1.1645,144,101.4,21.3,0.0075,,
1.1730,145,103.6,21.3,0.0075,,
1.1815,146,106.0,21.3,0.0075,,
1.1890,147,107.9,21.3,0.0075,,
1.1975,148,110.2,21.3,0.0075,,
1.2060,149,112.4,21.3,0.0075,,
1.2145,150,115.3,21.3,0.0075,,
1.2230,151,118.1,21.3,0.0075,,
1.2310,152,121.0,21.3,0.0075,,
1.2390,153,123.8,21.3,0.0080,,
1.2470,154,127.3,21.3,0.0075,,
1.2555,155,130.8,21.3,0.0075,,
1.2640,156,134.3,21.3,0.0075,,
1.2725,157,137.8,21.3,0.0075,,
1.2810,158,141.5,21.3,0.0075,,
1.2885,159,145.0,21.3,0.0070,,
1.2970,160,148.6,21.3,0.0075,,
1.3050,161,152.1,21.3,0.0075,,
1.3135,162,155.4,21.3,0.0075,,
1.3220,163,158.8,21.3,0.0075,,
1.3305,164,161.8,21.3,0.0075,,
1.3380,165,164.2,21.3,0.0075,,
1.3465,166,166.7,21.3,0.0075,,
1.3550,167,168.9,21.3,0.0075,,
1.3635,168,171.3,21.3,0.0075,,
1.3715,169,173.4,21.3,0.0075,,
1.3800,170,175.2,21.3,0.0075,,
1.3875,171,176.8,21.3,0.0075,,
1.3960,172,178.5,21.3,0.0075,,
1.4045,173,180.2,21.3,0.0075,,
1.4130,174,181.7,21.3,0.0075,,
1.4215,175,183.0,21.3,0.0075,,
1.4295,176,184.4,21.3,0.0075,,
1.4360,177,185.0,21.3,0.0065,,
1.4360,417,186.7,21.3,0.0000,,
1.4365,418,186.6,21.3,0.0005,,
1.4380,419,186.7,21.3,0.0015,,
1.4405,420,187.0,21.3,0.0025,,
1.4445,421,187.3,21.3,0.0035,,
1.4505,422,188.0,21.3,0.0055,,
1.4585,423,189.1,21.3,0.0075,,
1.4665,424,190.1,21.3,0.0080,,
1.4745,425,191.3,21.3,0.0080,,
1.4830,426,192.0,21.3,0.0075,,
1.4915,427,193.0,21.3,0.0075,,
1.5000,428,194.0,21.3,0.0075,,
1.5085,429,194.8,21.3,0.0075,,
1.5160,430,195.7,21.3,0.0075,,
1.5245,431,196.5,21.3,0.0085,,
1.5325,432,197.2,21.3,0.0080,,
1.5410,433,198.2,21.3,0.0075,,
1.5495,434,198.9,21.3,0.0075,,
1.5580,435,199.5,21.3,0.0075,,
1.5655,436,200.3,21.3,0.0075,,
1.5740,437,200.9,21.3,0.0085,,
1.5825,438,201.8,21.3,0.0085,,
1.5910,439,202.5,21.3,0.0075,,
1.5990,440,203.0,21.3,0.0075,,
1.6075,441,203.7,21.3,0.0075,,
1.6150,442,204.3,21.3,0.0075,,
1.6235,443,205.0,21.3,0.0085,,
1.6320,444,205.4,21.3,0.0085,,
1.6405,445,205.8,21.3,0.0075,,
1.6490,446,206.5,21.3,0.0075,,
1.6570,447,207.2,21.3,0.0075,,
1.6655,448,207.7,21.3,0.0075,,
1.6730,449,208.3,21.3,0.0075,,
1.6815,450,208.6,21.3,0.0085,,
1.6900,451,209.3,21.3,0.0075,,
1.6985,452,209.9,21.3,0.0075,,
1.7070,453,210.2,21.3,0.0075,,
1.7150,454,210.6,21.3,0.0075,,
1.7230,455,211.0,21.3,0.0080,,
1.7310,456,211.6,21.3,0.0080,,
1.7395,457,212.1,21.3,0.0075,,
1.7480,458,212.4,21.3,0.0075,,
1.7565,459,212.7,21.3,0.0075,,
1.7650,460,213.3,21.3,0.0075,,
1.7725,461,213.7,21.3,0.0075,,
1.7810,462,214.2,21.3,0.0085,,
1.7890,463,214.6,21.3,0.0080,,
1.7975,464,214.9,21.3,0.0075,,
1.8060,465,215.5,21.3,0.0075,,
1.8145,466,215.9,21.3,0.0075,,
1.8220,467,216.3,21.3,0.0075,,
1.8305,468,216.5,21.3,0.0085,,
1.8390,469,216.9,21.3,0.0085,,
1.8475,470,217.5,21.3,0.0075,,
1.8555,471,217.8,21.3,0.0075,,
1.8640,472,218.0,21.3,0.0075,,
1.8715,473,218.3,21.3,0.0075,,
1.8800,474,218.6,21.3,0.0085,,
1.8885,475,219.1,21.3,0.0085,,
1.8970,476,219.5,21.3,0.0075,,
1.9055,477,219.7,21.3,0.0075,,
1.9135,478,220.1,21.3,0.0075,,
1.9215,479,220.2,21.3,0.0080,,
1.9295,480,220.7,21.3,0.0080,,
1.9380,481,221.0,21.3,0.0085,,
1.9465,482,221.1,21.3,0.0075,,
1.9550,483,221.5,21.3,0.0075,,
1.9635,484,221.9,21.3,0.0075,,
1.9710,485,222.2,21.3,0.0075,,
1.9795,486,222.4,21.3,0.0085,,
1.9875,487,222.6,21.3,0.0080,,
1.9960,488,223.1,21.3,0.0075,,
2.0045,489,223.6,21.3,0.0075,,
2.0130,490,223.7,21.3,0.0075,,
2.0205,491,224.0,21.3,0.0075,,
2.0290,492,224.2,21.3,0.0085,,
2.0375,493,224.5,21.3,0.0085,,
2.0455,494,224.9,21.3,0.0075,,
2.0540,495,225.0,21.3,0.0075,,
2.0625,496,225.2,21.3,0.0075,,
2.0710,497,225.3,21.3,0.0085,,
2.0785,498,225.7,21.3,0.0075,,
2.0870,499,226.2,21.3,0.0085,,
2.0955,500,226.3,21.3,0.0075,,
2.1040,501,226.5,21.3,0.0075,,
2.1120,502,226.9,21.3,0.0075,,
2.1205,503,227.1,21.3,0.0085,,
2.1280,504,227.5,21.3,0.0075,,
2.1365,505,227.6,21.3,0.0085,,
2.1450,506,227.8,21.3,0.0085,,
2.1535,507,228.1,21.3,0.0075,,
2.1620,508,228.3,21.3,0.0075,,
2.1700,509,228.4,21.3,0.0075,,
2.1780,510,228.7,21.3,0.0080,,
2.1860,511,228.9,21.3,0.0080,,
2.1945,512,229.2,21.3,0.0075,,
2.2030,513,229.4,21.3,0.0075,,
2.2115,514,229.5,21.3,0.0075,,
2.2200,515,229.9,21.3,0.0075,,
2.2275,516,230.1,21.3,0.0075,,
2.2360,517,230.3,21.3,0.0085,,
2.2440,518,230.6,21.3,0.0080,,
2.2525,519,230.7,21.3,0.0075,,
2.2610,520,230.9,21.3,0.0075,,
2.2695,521,231.2,21.3,0.0075,,
2.2770,522,231.3,21.3,0.0075,,
2.2855,523,231.6,21.3,0.0085,,
2.2940,524,231.7,21.3,0.0085,,
2.3020,525,232.0,21.3,0.0075,,
2.3105,526,232.3,21.3,0.0075,,
2.3190,527,232.5,21.3,0.0075,,
2.3275,528,232.8,21.3,0.0085,,
2.3350,529,232.8,21.3,0.0075,,
2.3435,530,233.0,21.3,0.0085,,
2.3520,531,233.4,21.3,0.0075,,
2.3600,532,233.5,21.3,0.0075,,
2.3685,533,233.5,21.3,0.0075,,
2.3770,534,233.6,21.3,0.0085,,
2.3845,535,233.7,21.3,0.0075,,
2.3920,536,234.1,21.3,0.0075,,
2.3980,537,234.2,21.3,0.0055,,
2.4040,538,234.2,21.3,0.0055,,
2.4045,539,234.4,21.3,0.0005,,
2.4055,540,234.3,21.3,0.0010,,
2.4070,541,234.5,21.3,0.0015,,
2.4090,542,234.6,21.3,0.0020,,
2.4100,543,234.5,21.3,0.0010,,
2.4110,544,234.7,21.3,0.0010,,
2.4120,545,234.8,21.3,0.0010,,
2.4125,546,234.6,21.3,0.0005,,
2.4140,547,234.7,21.3,0.0015,,
2.4155,548,234.7,21.3,0.0015,,
2.4170,549,234.8,21.3,0.0015,,
2.4200,550,234.9,21.3,0.0025,,
2.4230,551,234.9,21.3,0.0025,,
2.4250,552,234.9,21.3,0.0020,,
2.4250,552,235.1,21.3,0.0000,,
Scope 1/1, Sample 16/32 (T8)
Result,TitrationEP1
V,t,E,T,dV/dt,E acc. stat.,Volume acc. stat.
0.0000,0,-71.6,21.2,NaN,,
0.0010,1,-71.4,21.2,0.0010,,
0.0025,2,-71.5,21.2,0.0015,,
0.0050,3,-71.6,21.2,0.0020,,
0.0085,4,-71.5,21.2,0.0030,,
0.0150,5,-71.1,21.2,0.0060,,
0.0230,6,-70.3,21.2,0.0075,,
0.0315,7,-69.5,21.2,0.0075,,
0.0400,8,-68.4,21.2,0.0075,,
0.0485,9,-67.1,21.2,0.0075,,
0.0560,10,-65.9,21.2,0.0070,,
0.0640,11,-64.3,21.2,0.0075,,
0.0725,12,-62.6,21.2,0.0075,,
0.0810,13,-61.1,21.2,0.0075,,
0.0895,14,-59.0,21.2,0.0075,,
0.0980,15,-57.1,21.2,0.0075,,
0.1055,16,-55.3,21.2,0.0070,,
0.1140,17,-53.3,21.2,0.0075,,
0.1225,18,-51.4,21.2,0.0075,,
0.1305,19,-49.0,21.2,0.0075,,
0.1390,20,-46.4,21.2,0.0075,,
0.1475,21,-44.0,21.2,0.0075,,
0.1550,22,-41.5,21.3,0.0070,,
0.1635,23,-38.8,21.3,0.0075,,
0.1720,24,-35.9,21.3,0.0075,,
0.1805,25,-32.9,21.2,0.0075,,
0.1890,26,-30.2,21.2,0.0075,,
0.1970,27,-27.5,21.3,0.0075,,
0.2055,28,-25.4,21.3,0.0075,,
0.2130,29,-23.0,21.3,0.0070,,
0.2215,30,-20.8,21.3,0.0075,,
0.2300,31,-18.9,21.3,0.0075,,
0.2385,32,-17.3,21.3,0.0075,,
0.2465,33,-15.4,21.3,0.0075,,
0.2550,34,-14.0,21.2,0.0075,,
0.2625,35,-12.4,21.3,0.0070,,
0.2710,36,-11.0,21.3,0.0075,,
0.2795,37,-9.7,21.3,0.0075,,
0.2880,38,-8.3,21.3,0.0075,,
0.2965,39,-7.0,21.3,0.0075,,
0.3045,40,-5.9,21.3,0.0075,,
0.3125,41,-4.8,21.3,0.0075,,
0.3205,42,-3.8,21.3,0.0075,,
0.3290,43,-2.6,21.3,0.0075,,
0.3375,44,-1.6,21.3,0.0075,,
0.3460,45,-0.8,21.3,0.0075,,
0.3545,46,0.2,21.3,0.0075,,
0.3620,47,0.8,21.3,0.0070,,
0.3705,48,1.9,21.3,0.0075,,
0.3790,49,3.1,21.3,0.0075,,
0.3870,50,4.0,21.3,0.0075,,
0.3955,51,4.9,21.3,0.0075,,
0.4040,52,6.0,21.3,0.0075,,
0.4115,53,6.7,21.3,0.0070,,
0.4200,54,7.7,21.3,0.0075,,
0.4285,55,8.4,21.3,0.0075,,
0.4370,56,9.3,21.3,0.0075,,
0.4450,57,10.3,21.3,0.0075,,
0.4535,58,11.0,21.3,0.0075,,
0.4610,59,11.8,21.3,0.0070,,
0.4695,60,12.5,21.3,0.0075,,
0.4780,61,13.2,21.3,0.0075,,
0.4865,62,14.2,21.3,0.0075,,
0.4950,63,14.9,21.3,0.0075,,
0.5030,64,15.6,21.3,0.0075,,
0.5115,65,16.3,21.3,0.0075,,
0.5190,66,17.2,21.3,0.0070,,
0.5275,67,18.1,21.3,0.0075,,
0.5360,68,18.9,21.3,0.0075,,
0.5445,69,19.6,21.3,0.0075,,
0.5530,70,20.5,21.3,0.0075,,
0.5615,71,21.1,21.3,0.0075,,
0.5690,72,22.1,21.3,0.0070,,
0.5770,73,22.9,21.3,0.0075,,
0.5855,74,23.6,21.3,0.0075,,
0.5940,75,24.6,21.3,0.0075,,
0.6025,76,25.4,21.3,0.0075,,
0.6100,77,26.2,21.3,0.0070,,
0.6185,78,26.9,21.3,0.0075,,
0.6270,79,27.6,21.3,0.0075,,
0.6355,80,28.5,21.3,0.0075,,
0.6435,81,29.4,21.3,0.0075,,
0.6520,82,30.1,21.3,0.0075,,
0.6605,83,30.9,21.3,0.0075,,
0.6680,84,31.6,21.3,0.0070,,
0.6765,85,32.7,21.3,0.0075,,
0.6850,86,33.6,21.3,0.0075,,
0.6935,87,34.3,21.3,0.0075,,
0.7020,88,35.2,21.3,0.0075,,
0.7095,89,35.8,21.3,0.0070,,
0.7180,90,36.9,21.3,0.0075,,
0.7260,91,37.7,21.3,0.0075,,
0.7345,92,38.5,21.3,0.0075,,
0.7430,93,39.5,21.3,0.0075,,
0.7515,94,40.4,21.3,0.0075,,
0.7590,95,41.2,21.3,0.0070,,
0.7675,96,42.1,21.3,0.0075,,
0.7760,97,42.8,21.3,0.0075,,
0.7840,98,43.9,21.3,0.0075,,
0.7925,99,44.9,21.3,0.0075,,
0.8010,100,45.6,21.3,0.0075,,
0.8095,101,46.6,21.3,0.0075,,
0.8170,102,47.4,21.3,0.0070,,
0.8255,103,48.5,21.3,0.0075,,
0.8340,104,49.5,21.3,0.0075,,
0.8425,105,50.3,21.3,0.0075,,
0.8505,106,51.3,21.3,0.0075,,
0.8590,107,52.2,21.3,0.0075,,
0.8665,108,53.3,21.3,0.0070,,
0.8750,109,54.4,21.3,0.0075,,
0.8835,110,55.1,21.3,0.0075,,
0.8920,111,56.2,21.3,0.0075,,
0.9005,112,57.4,21.3,0.0075,,
0.9085,113,58.3,21.3,0.0075,,
0.9165,114,59.4,21.3,0.0075,,
0.9245,115,60.4,21.3,0.0075,,
0.9330,116,61.5,21.3,0.0075,,
0.9415,117,62.7,21.3,0.0075,,
0.9500,118,63.8,21.3,0.0075,,
0.9585,119,64.7,21.3,0.0070,,
0.9660,120,65.7,21.3,0.0070,,
0.9745,121,66.8,21.3,0.0075,,
0.9825,122,68.2,21.3,0.0075,,
0.9910,123,69.3,21.3,0.0075,,
0.9995,124,70.3,21.3,0.0075,,
1.0080,125,71.7,21.3,0.0075,,
1.0155,126,72.8,21.3,0.0070,,
1.0240,127,74.3,21.3,0.0075,,
1.0325,128,75.4,21.3,0.0075,,
1.0410,129,76.5,21.3,0.0075,,
1.0490,130,77.9,21.3,0.0075,,
1.0575,131,79.4,21.3,0.0075,,
1.0650,132,80.6,21.3,0.0070,,
1.0735,133,81.9,21.3,0.0075,,
1.0820,134,83.2,21.3,0.0075,,
1.0905,135,84.7,21.3,0.0075,,
1.0990,136,86.3,21.3,0.0075,,
1.1070,137,87.6,21.3,0.0075,,
1.1150,138,89.1,21.3,0.0075,,
1.1230,139,90.7,21.3,0.0075,,
1.1315,140,92.6,21.3,0.0075,,
1.1400,141,94.4,21.3,0.0075,,
1.1485,142,96.0,21.3,0.0075,,
1.1570,143,97.8,21.3,0.0075,,
1.1645,144,99.5,21.3,0.0070,,
1.1730,145,102.0,21.3,0.0075,,
1.1815,146,104.1,21.3,0.0075,,
1.1895,147,106.1,21.3,0.0075,,
1.1980,148,108.6,21.3,0.0075,,
1.2065,149,111.1,21.3,0.0075,,
1.2140,150,113.4,21.3,0.0070,,
1.2225,151,116.0,21.3,0.0075,,
1.2310,152,118.7,21.3,0.0075,,
1.2395,153,121.6,21.3,0.0075,,
1.2475,154,125.1,21.3,0.0075,,
1.2560,155,128.3,21.3,0.0075,,
1.2635,156,131.5,21.3,0.0070,,
1.2720,157,134.8,21.3,0.0075,,
1.2805,158,138.7,21.3,0.0075,,
1.2890,159,142.5,21.3,0.0075,,
1.2975,160,146.0,21.3,0.0075,,
1.3055,161,149.6,21.3,0.0075,,
1.3140,162,152.8,21.3,0.0075,,
1.3215,163,156.1,21.3,0.0070,,
1.3300,164,159.4,21.3,0.0075,,
1.3385,165,162.1,21.3,0.0075,,
1.3470,166,164.8,21.3,0.0075,,
1.3555,167,167.6,21.3,0.0075,,
1.3635,168,169.5,21.3,0.0075,,
1.3715,169,171.7,21.3,0.0075,,
1.3795,170,173.7,21.3,0.0075,,
1.3880,171,175.6,21.3,0.0075,,
1.3965,172,177.4,21.3,0.0075,,
1.4050,173,179.1,21.3,0.0075,,
1.4135,174,180.4,21.3,0.0075,,
1.4210,175,181.9,21.3,0.0070,,
1.4295,176,183.1,21.3,0.0075,,
1.4380,177,184.6,21.3,0.0075,,
1.4420,178,185.1,21.3,0.0065,,
1.4420,418,186.6,21.3,0.0000,,
1.4425,419,186.5,21.4,0.0005,,
1.4440,420,186.6,21.3,0.0020,,
1.4470,421,186.9,21.3,0.0045,,
1.4505,422,187.3,21.3,0.0045,,
1.4570,423,188.0,21.4,0.0080,,
1.4655,424,189.0,21.4,0.0105,,
1.4730,425,190.0,21.4,0.0105,,
1.4815,426,190.9,21.4,0.0120,,
1.4900,427,191.8,21.4,0.0105,,
1.4985,428,193.1,21.4,0.0105,,
1.5065,429,194.0,21.4,0.0100,,
1.5150,430,194.9,21.4,0.0120,,
1.5225,431,195.7,21.4,0.0105,,
1.5310,432,196.5,21.3,0.0120,,
1.5395,433,197.4,21.4,0.0105,,
1.5480,434,198.2,21.4,0.0105,,
1.5565,435,198.8,21.4,0.0105,,
1.5650,436,199.6,21.4,0.0120,,
1.5725,437,200.1,21.3,0.0105,,
1.5805,438,201.1,21.4,0.0115,,
1.5890,439,201.7,21.3,0.0105,,
1.5975,440,202.3,21.4,0.0105,,
1.6060,441,203.0,21.4,0.0105,,
1.6145,442,203.5,21.4,0.0120,,
1.6220,443,204.4,21.4,0.0105,,
1.6305,444,204.9,21.4,0.0120,,
1.6390,445,205.4,21.4,0.0105,,
1.6470,446,206.0,21.4,0.0100,,
1.6555,447,206.6,21.4,0.0105,,
1.6640,448,207.0,21.4,0.0105,,
1.6715,449,207.6,21.4,0.0105,,
1.6800,450,208.0,21.4,0.0120,,
1.6885,451,208.5,21.4,0.0120,,
1.6970,452,209.2,21.4,0.0105,,
1.7050,453,209.6,21.4,0.0100,,
1.7135,454,210.0,21.4,0.0105,,
1.7210,455,210.6,21.4,0.0105,,
1.7295,456,211.0,21.4,0.0120,,
1.7380,457,211.7,21.4,0.0120,,
1.7465,458,212.1,21.4,0.0105,,
1.7550,459,212.4,21.4,0.0105,,
1.7630,460,213.0,21.4,0.0100,,
1.7710,461,213.3,21.4,0.0115,,
1.7790,462,213.9,21.4,0.0115,,
1.7875,463,214.2,21.4,0.0120,,
1.7960,464,214.5,21.4,0.0105,,
1.8045,465,215.0,21.4,0.0105,,
1.8130,466,215.5,21.4,0.0105,,
1.8205,467,215.8,21.4,0.0105,,
1.8290,468,216.1,21.4,0.0120,,
1.8375,469,216.5,21.4,0.0105,,
1.8455,470,217.0,21.4,0.0100,,
1.8540,471,217.3,21.4,0.0105,,
1.8625,472,217.4,21.4,0.0105,,
1.8700,473,217.8,21.4,0.0105,,
1.8785,474,218.1,21.4,0.0120,,
1.8870,475,218.7,21.4,0.0120,,
1.8955,476,219.0,21.4,0.0105,,
1.9035,477,219.2,21.4,0.0100,,
1.9120,478,219.6,21.4,0.0105,,
1.9195,479,219.9,21.4,0.0105,,
1.9280,480,220.4,21.4,0.0120,,
1.9365,481,220.7,21.4,0.0120,,
1.9450,482,220.9,21.4,0.0105,,
1.9535,483,221.3,21.4,0.0105,,
1.9620,484,221.7,21.4,0.0105,,
1.9695,485,222.0,21.4,0.0105,,
1.9780,486,222.2,21.4,0.0120,,
1.9860,487,222.4,21.4,0.0115,,
1.9945,488,222.9,21.4,0.0105,,
2.0030,489,223.2,21.4,0.0105,,
2.0115,490,223.3,21.4,0.0105,,
2.0190,491,223.7,21.4,0.0105,,
2.0275,492,223.8,21.4,0.0120,,
2.0360,493,224.1,21.4,0.0120,,
2.0440,494,224.6,21.4,0.0100,,
2.0525,495,224.7,21.4,0.0105,,
2.0610,496,225.0,21.4,0.0105,,
2.0685,497,225.2,21.4,0.0105,,
2.0770,498,225.6,21.4,0.0120,,
2.0855,499,225.9,21.4,0.0120,,
2.0940,500,226.0,21.4,0.0105,,
2.1025,501,226.3,21.4,0.0105,,
2.1105,502,226.7,21.4,0.0100,,
2.1180,503,226.8,21.4,0.0105,,
2.1265,504,227.1,21.4,0.0120,,
2.1350,505,227.2,21.4,0.0120,,
2.1435,506,227.5,21.4,0.0105,,
2.1520,507,227.9,21.4,0.0105,,
2.1605,508,228.0,21.4,0.0105,,
2.1680,509,228.2,21.4,0.0105,,
2.1765,510,228.3,21.4,0.0120,,
2.1845,511,228.6,21.4,0.0115,,
2.1930,512,229.0,21.4,0.0105,,
2.2015,513,229.1,21.4,0.0105,,
2.2100,514,229.2,21.4,0.0105,,
2.2175,515,229.4,21.4,0.0105,,
2.2260,516,229.7,21.4,0.0120,,
2.2345,517,230.1,21.4,0.0120,,
2.2425,518,230.2,21.4,0.0100,,
2.2510,519,230.4,21.4,0.0105,,
2.2595,520,230.7,21.4,0.0105,,
2.2680,521,230.9,21.4,0.0120,,
2.2755,522,231.3,21.4,0.0105,,
2.2840,523,231.4,21.4,0.0120,,
2.2925,524,231.5,21.4,0.0105,,
2.3005,525,231.8,21.4,0.0100,,
2.3090,526,232.1,21.4,0.0105,,
2.3175,527,232.1,21.4,0.0105,,
2.3250,528,232.3,21.4,0.0105,,
2.3335,529,232.3,21.4,0.0120,,
2.3420,530,232.6,21.4,0.0120,,
2.3505,531,233.0,21.4,0.0105,,
2.3585,532,233.0,21.4,0.0100,,
2.3670,533,233.1,21.4,0.0105,,
2.3745,534,233.3,21.4,0.0105,,
2.3830,535,233.6,21.4,0.0120,,
2.3915,536,233.9,21.4,0.0120,,
2.3995,537,233.9,21.4,0.0100,,
2.4075,538,234.1,21.4,0.0100,,
2.4130,539,234.4,21.4,0.0070,,
2.4140,540,234.3,21.4,0.0015,,
2.4145,541,234.5,21.4,0.0005,,
2.4160,542,234.3,21.4,0.0020,,
2.4165,543,234.4,21.4,0.0005,,
2.4170,544,234.6,21.4,0.0005,,
2.4180,545,234.6,21.4,0.0010,,
2.4190,546,234.7,21.4,0.0015,,
2.4210,547,234.6,21.4,0.0030,,
2.4235,548,234.6,21.4,0.0035,,
2.4255,549,234.7,21.4,0.0025,,
2.4285,550,234.7,21.4,0.0035,,
2.4325,551,234.6,21.4,0.0050,,
2.4350,552,235.0,21.4,0.0035,,
Scope 1/1, Sample 17/32 (T9)
Result,TitrationEP1
V,t,E,T,dV/dt,E acc. stat.,Volume acc. stat.
0.0000,0,-71.4,21.2,NaN,,
0.0005,1,-71.5,21.3,0.0005,,
0.0025,2,-71.3,21.3,0.0020,,
0.0050,3,-71.2,21.3,0.0025,,
0.0090,4,-71.2,21.3,0.0035,,
0.0150,5,-70.8,21.3,0.0055,,
0.0235,6,-69.9,21.3,0.0075,,
0.0310,7,-69.1,21.3,0.0075,,
0.0395,8,-67.9,21.3,0.0085,,
0.0480,9,-66.7,21.3,0.0075,,
0.0565,10,-65.2,21.3,0.0075,,
0.0650,11,-63.5,21.3,0.0075,,
0.0735,12,-61.9,21.3,0.0075,,
0.0810,13,-60.3,21.3,0.0075,,
0.0890,14,-58.6,21.3,0.0080,,
0.0975,15,-56.6,21.3,0.0075,,
0.1060,16,-54.4,21.3,0.0075,,
0.1145,17,-52.4,21.3,0.0075,,
0.1230,18,-50.2,21.3,0.0075,,
0.1305,19,-48.0,21.3,0.0075,,
0.1390,20,-45.5,21.3,0.0085,,
0.1475,21,-42.8,21.3,0.0075,,
0.1555,22,-40.3,21.3,0.0075,,
0.1640,23,-37.5,21.3,0.0075,,
0.1725,24,-34.5,21.3,0.0075,,
0.1800,25,-32.0,21.3,0.0075,,
0.1885,26,-29.1,21.3,0.0085,,
0.1970,27,-26.5,21.3,0.0075,,
0.2055,28,-24.2,21.3,0.0075,,
0.2135,29,-21.7,21.3,0.0075,,
0.2220,30,-19.6,21.3,0.0075,,
0.2295,31,-17.7,21.3,0.0075,,
0.2380,32,-16.1,21.3,0.0085,,
0.2465,33,-14.5,21.3,0.0075,,
0.2550,34,-12.8,21.3,0.0075,,
0.2635,35,-11.5,21.3,0.0075,,
0.2720,36,-10.1,21.3,0.0075,,
0.2795,37,-8.9,21.3,0.0075,,
0.2880,38,-7.6,21.3,0.0085,,
0.2960,39,-6.3,21.3,0.0075,,
0.3045,40,-5.2,21.3,0.0075,,
0.3130,41,-4.0,21.3,0.0075,,
0.3215,42,-2.8,21.3,0.0075,,
0.3290,43,-1.9,21.3,0.0075,,
0.3375,44,-0.7,21.3,0.0085,,
0.3460,45,0.2,21.3,0.0075,,
0.3545,46,1.0,21.3,0.0075,,
0.3625,47,2.1,21.3,0.0075,,
0.3710,48,3.2,21.3,0.0075,,
0.3785,49,4.1,21.3,0.0075,,
0.3870,50,5.0,21.3,0.0085,,
0.3955,51,5.8,21.3,0.0075,,
0.4040,52,6.8,21.3,0.0075,,
0.4125,53,7.7,21.3,0.0075,,
0.4205,54,8.5,21.3,0.0075,,
0.4285,55,9.3,21.3,0.0080,,
0.4365,56,10.1,21.3,0.0080,,
0.4450,57,11.1,21.3,0.0075,,
0.4535,58,11.9,21.3,0.0075,,
0.4620,59,12.7,21.3,0.0075,,
0.4705,60,13.5,21.3,0.0075,,
0.4780,61,14.3,21.3,0.0075,,
0.4865,62,15.2,21.3,0.0085,,
0.4950,63,16.0,21.3,0.0075,,
0.5030,64,16.6,21.3,0.0075,,
0.5115,65,17.7,21.3,0.0075,,
0.5200,66,18.6,21.3,0.0075,,
0.5275,67,19.3,21.3,0.0075,,
0.5360,68,20.1,21.3,0.0085,,
0.5445,69,20.8,21.3,0.0075,,
0.5530,70,21.7,21.3,0.0075,,
0.5610,71,22.6,21.3,0.0075,,
0.5695,72,23.3,21.3,0.0075,,
0.5770,73,24.1,21.3,0.0075,,
0.5855,74,24.8,21.3,0.0085,,
0.5940,75,25.7,21.3,0.0075,,
0.6025,76,26.6,21.3,0.0075,,
0.6110,77,27.3,21.3,0.0075,,
0.6195,78,28.1,21.3,0.0075,,
0.6270,79,28.9,21.3,0.0075,,
0.6355,80,29.9,21.3,0.0085,,
0.6435,81,30.7,21.3,0.0075,,
0.6520,82,31.4,21.3,0.0075,,
0.6605,83,32.2,21.3,0.0075,,
0.6690,84,33.2,21.3,0.0075,,
0.6765,85,33.9,21.3,0.0075,,
0.6850,86,35.0,21.3,0.0085,,
0.6935,87,35.7,21.3,0.0085,,
0.7015,88,36.5,21.3,0.0075,,
0.7100,89,37.5,21.3,0.0075,,
0.7185,90,38.2,21.3,0.0075,,
0.7260,91,39.2,21.3,0.0075,,
0.7345,92,40.0,21.3,0.0085,,
0.7430,93,41.0,21.3,0.0085,,
0.7515,94,42.0,21.3,0.0075,,
0.7595,95,42.9,21.3,0.0075,,
0.7680,96,43.7,21.3,0.0075,,
0.7755,97,44.6,21.3,0.0075,,
0.7840,98,45.5,21.3,0.0085,,
0.7925,99,46.6,21.3,0.0075,,
0.8010,100,47.5,21.3,0.0075,,
0.8095,101,48.4,21.3,0.0075,,
0.8175,102,49.4,21.3,0.0075,,
0.8255,103,50.2,21.3,0.0080,,
0.8335,104,51.2,21.3,0.0080,,
0.8420,105,52.1,21.3,0.0085,,
0.8505,106,53.1,21.3,0.0075,,
0.8590,107,54.3,21.3,0.0075,,
0.8675,108,55.3,21.3,0.0075,,
0.8750,109,56.2,21.3,0.0075,,
0.8835,110,57.2,21.3,0.0085,,
0.8920,111,58.2,21.3,0.0085,,
0.9000,112,59.3,21.3,0.0075,,
0.9085,113,60.3,21.3,0.0075,,
0.9170,114,61.4,21.3,0.0075,,
0.9245,115,62.3,21.3,0.0075,,
0.9330,116,63.3,21.3,0.0085,,
0.9415,117,64.5,21.3,0.0085,,
0.9500,118,65.7,21.3,0.0075,,
0.9580,119,66.8,21.3,0.0075,,
0.9665,120,67.9,21.3,0.0075,,
0.9750,121,69.3,21.3,0.0075,,
0.9825,122,70.3,21.3,0.0075,,
0.9910,123,71.6,21.3,0.0085,,
0.9995,124,72.6,21.3,0.0075,,
1.0080,125,73.8,21.3,0.0075,,
1.0160,126,75.2,21.3,0.0075,,
1.0245,127,76.4,21.3,0.0075,,
1.0320,128,77.5,21.3,0.0075,,
1.0405,129,78.6,21.3,0.0085,,
1.0490,130,79.9,21.3,0.0075,,
1.0575,131,81.4,21.3,0.0075,,
1.0660,132,82.8,21.3,0.0075,,
1.0745,133,84.1,21.3,0.0075,,
1.0820,134,85.4,21.3,0.0075,,
1.0905,135,86.9,21.3,0.0085,,
1.0985,136,88.7,21.3,0.0075,,
1.1070,137,90.2,21.3,0.0075,,
1.1155,138,91.8,21.3,0.0075,,
1.1240,139,93.3,21.3,0.0085,,
1.1315,140,95.2,21.3,0.0075,,
1.1400,141,97.1,21.3,0.0085,,
1.1485,142,98.8,21.3,0.0075,,
1.1570,143,100.7,21.3,0.0075,,
1.1650,144,102.8,21.3,0.0075,,
1.1735,145,104.7,21.3,0.0085,,
1.1810,146,107.0,21.3,0.0075,,
1.1895,147,109.1,21.3,0.0085,,
1.1980,148,111.5,21.3,0.0085,,
1.2065,149,114.2,21.3,0.0075,,
1.2145,150,117.2,21.3,0.0075,,
1.2230,151,120.0,21.3,0.0075,,
1.2305,152,122.8,21.3,0.0075,,
1.2390,153,125.8,21.3,0.0085,,
1.2475,154,129.3,21.3,0.0085,,
1.2560,155,132.8,21.3,0.0075,,
1.2645,156,136.3,21.3,0.0075,,
1.2725,157,139.8,21.3,0.0075,,
1.2810,158,143.2,21.3,0.0085,,
1.2885,159,147.1,21.3,0.0075,,
1.2970,160,150.5,21.3,0.0085,,
1.3055,161,153.9,21.3,0.0075,,
1.3140,162,157.0,21.3,0.0075,,
1.3225,163,160.2,21.3,0.0075,,
1.3305,164,163.2,21.3,0.0075,,
1.3385,165,165.6,21.3,0.0080,,
1.3465,166,168.0,21.3,0.0080,,
1.3550,167,170.2,21.3,0.0075,,
1.3635,168,172.4,21.3,0.0075,,
1.3720,169,174.4,21.3,0.0075,,
1.3805,170,176.0,21.3,0.0075,,
1.3880,171,177.6,21.3,0.0075,,
1.3965,172,179.4,21.3,0.0085,,
1.4045,173,180.9,21.3,0.0080,,
1.4130,174,182.5,21.3,0.0075,,
1.4215,175,183.8,21.3,0.0075,,
1.4305,176,185.1,21.3,0.0075,,
1.4305,416,186.3,21.4,0.0000,,
1.4310,417,186.4,21.4,0.0005,,
1.4325,418,186.3,21.4,0.0010,,
1.4350,419,186.7,21.4,0.0020,,
1.4390,420,187.2,21.4,0.0030,,
1.4450,421,187.7,21.4,0.0045,,
1.4530,422,188.7,21.4,0.0055,,
1.4610,423,189.7,21.4,0.0060,,
1.4690,424,191.0,21.4,0.0060,,
1.4775,425,192.0,21.4,0.0065,,
1.4860,426,192.9,21.4,0.0060,,
1.4945,427,193.8,21.4,0.0060,,
1.5030,428,194.8,21.4,0.0060,,
1.5105,429,195.6,21.4,0.0060,,
1.5190,430,196.4,21.4,0.0065,,
1.5270,431,197.1,21.4,0.0060,,
1.5355,432,197.9,21.4,0.0060,,
1.5440,433,198.8,21.4,0.0060,,
1.5525,434,199.5,21.4,0.0060,,
1.5610,435,200.1,21.4,0.0065,,
1.5685,436,200.7,21.4,0.0060,,
1.5770,437,201.4,21.4,0.0065,,
1.5855,438,202.2,21.4,0.0060,,
1.5935,439,202.8,21.4,0.0055,,
1.6020,440,203.3,21.4,0.0060,,
1.6095,441,203.9,21.4,0.0060,,
1.6180,442,204.6,21.4,0.0065,,
1.6265,443,205.4,21.4,0.0065,,
1.6350,444,205.9,21.4,0.0060,,
1.6435,445,206.3,21.4,0.0060,,
1.6515,446,207.0,21.4,0.0055,,
1.6600,447,207.5,21.4,0.0065,,
1.6675,448,208.1,21.4,0.0060,,
1.6760,449,208.6,21.4,0.0065,,
1.6845,450,209.0,21.4,0.0060,,
1.6930,451,209.7,21.4,0.0060,,
1.7015,452,210.2,21.4,0.0060,,
1.7095,453,210.7,21.4,0.0060,,
1.7175,454,211.1,21.4,0.0060,,
1.7255,455,211.5,21.4,0.0060,,
1.7340,456,212.1,21.4,0.0060,,
1.7425,457,212.5,21.4,0.0060,,
1.7510,458,212.9,21.4,0.0060,,
1.7595,459,213.2,21.4,0.0060,,
1.7670,460,213.5,21.4,0.0060,,
1.7755,461,214.0,21.4,0.0065,,
1.7835,462,214.5,21.4,0.0060,,
1.7920,463,214.8,21.4,0.0060,,
1.8005,464,215.2,21.4,0.0060,,
1.8090,465,215.9,21.4,0.0060,,
1.8165,466,216.0,21.4,0.0060,,
1.8250,467,216.5,21.4,0.0065,,
1.8335,468,216.7,21.4,0.0065,,
1.8420,469,217.1,21.4,0.0060,,
1.8500,470,217.6,21.4,0.0055,,
1.8585,471,217.9,21.4,0.0060,,
1.8660,472,218.2,21.4,0.0060,,
1.8745,473,218.4,21.4,0.0065,,
1.8830,474,218.8,21.4,0.0065,,
1.8915,475,219.3,21.4,0.0060,,
1.9000,476,219.6,21.4,0.0060,,
1.9085,477,219.8,21.4,0.0060,,
1.9160,478,220.2,21.4,0.0060,,
1.9240,479,220.5,21.4,0.0060,,
1.9325,480,221.0,21.4,0.0065,,
1.9410,481,221.3,21.4,0.0060,,
1.9495,482,221.4,21.4,0.0060,,
1.9580,483,221.8,21.4,0.0060,,
1.9660,484,221.9,21.4,0.0060,,
1.9740,485,222.4,21.4,0.0060,,
1.9820,486,222.6,21.4,0.0060,,
1.9905,487,222.9,21.4,0.0060,,
1.9990,488,223.3,21.4,0.0060,,
2.0075,489,223.8,21.4,0.0060,,
2.0160,490,223.9,21.4,0.0060,,
2.0235,491,224.2,21.4,0.0060,,
2.0320,492,224.3,21.4,0.0065,,
2.0400,493,224.5,21.4,0.0060,,
2.0485,494,224.9,21.4,0.0060,,
2.0570,495,225.1,21.4,0.0060,,
2.0655,496,225.4,21.4,0.0060,,
2.0730,497,225.8,21.4,0.0060,,
2.0815,498,225.9,21.4,0.0065,,
2.0900,499,226.3,21.4,0.0065,,
2.0980,500,226.6,21.4,0.0055,,
2.1065,501,226.7,21.4,0.0060,,
2.1150,502,227.0,21.4,0.0060,,
2.1225,503,227.1,21.4,0.0060,,
2.1310,504,227.5,21.4,0.0065,,
2.1395,505,227.7,21.4,0.0065,,
2.1480,506,227.8,21.4,0.0060,,
2.1560,507,228.1,21.4,0.0055,,
2.1645,508,228.4,21.4,0.0060,,
2.1730,509,228.7,21.4,0.0065,,
2.1805,510,228.9,21.4,0.0060,,
2.1890,511,229.0,21.4,0.0065,,
2.1975,512,229.3,21.4,0.0060,,
2.2060,513,229.7,21.4,0.0060,,
2.2145,514,229.9,21.4,0.0060,,
2.2225,515,230.2,21.4,0.0060,,
2.2300,516,230.2,21.4,0.0060,,
2.2385,517,230.5,21.4,0.0065,,
2.2470,518,230.8,21.4,0.0060,,
2.2555,519,230.9,21.4,0.0060,,
2.2640,520,231.0,21.4,0.0060,,
2.2725,521,231.2,21.4,0.0065,,
2.2800,522,231.6,21.4,0.0060,,
2.2885,523,231.9,21.4,0.0065,,
2.2965,524,232.0,21.4,0.0055,,
2.3050,525,232.1,21.4,0.0060,,
2.3135,526,232.5,21.4,0.0060,,
2.3220,527,232.5,21.4,0.0065,,
2.3295,528,232.8,21.4,0.0060,,
2.3380,529,232.7,21.4,0.0065,,
2.3465,530,233.0,21.4,0.0060,,
2.3550,531,233.3,21.4,0.0060,,
2.3630,532,233.5,21.4,0.0055,,
2.3715,533,233.6,21.4,0.0060,,
2.3790,534,233.8,21.4,0.0060,,
2.3875,535,234.0,21.4,0.0065,,
2.3945,536,234.2,21.4,0.0050,,
2.4015,537,234.3,21.4,0.0050,,
2.4065,538,234.3,21.4,0.0035,,
2.4110,539,234.4,21.4,0.0035,,
2.4140,540,234.5,21.4,0.0025,,
2.4145,541,234.7,21.4,0.0005,,
2.4150,542,234.6,21.4,0.0005,,
2.4160,543,234.6,21.4,0.0005,,
2.4175,544,234.7,21.4,0.0010,,
2.4190,545,234.8,21.4,0.0010,,
2.4210,546,234.9,21.4,0.0015,,
2.4225,547,235.0,21.4,0.0015,,
Scope 1/1, Sample 18/32 (T10)
Result,TitrationEP1
V,t,E,T,dV/dt,E acc. stat.,Volume acc. stat.
0.0000,0,-69.9,21.2,NaN,,
0.0005,1,-69.9,21.3,0.0005,,
0.0025,2,-70.0,21.3,0.0020,,
0.0050,3,-69.9,21.3,0.0025,,
0.0085,4,-69.6,21.3,0.0030,,
0.0150,5,-69.4,21.3,0.0060,,
0.0230,6,-68.8,21.3,0.0075,,
0.0305,7,-67.8,21.3,0.0075,,
0.0390,8,-66.7,21.3,0.0085,,
0.0475,9,-65.2,21.3,0.0075,,
0.0560,10,-63.8,21.3,0.0075,,
0.0645,11,-62.2,21.3,0.0075,,
0.0725,12,-60.5,21.3,0.0075,,
0.0810,13,-59.0,21.3,0.0085,,
0.0885,14,-57.0,21.3,0.0075,,
0.0970,15,-55.1,21.3,0.0085,,
0.1055,16,-53.0,21.3,0.0075,,
0.1140,17,-50.7,21.3,0.0075,,
0.1225,18,-48.3,21.3,0.0075,,
0.1305,19,-46.0,21.3,0.0080,,
0.1385,20,-43.5,21.3,0.0080,,
0.1465,21,-40.9,21.3,0.0080,,
0.1550,22,-38.1,21.3,0.0075,,
0.1635,23,-35.3,21.3,0.0075,,
0.1720,24,-32.6,21.3,0.0075,,
0.1805,25,-30.0,21.3,0.0085,,
0.1880,26,-27.4,21.3,0.0075,,
0.1965,27,-24.9,21.3,0.0085,,
0.2045,28,-22.5,21.3,0.0075,,
0.2130,29,-20.7,21.3,0.0075,,
0.2215,30,-18.8,21.3,0.0075,,
0.2300,31,-16.9,21.3,0.0075,,
0.2375,32,-15.5,21.3,0.0075,,
0.2460,33,-13.9,21.3,0.0085,,
0.2545,34,-12.4,21.3,0.0075,,
0.2630,35,-11.0,21.3,0.0075,,
0.2710,36,-9.5,21.3,0.0075,,
0.2795,37,-8.3,21.3,0.0075,,
0.2870,38,-7.1,21.3,0.0075,,
0.2955,39,-6.1,21.3,0.0085,,
0.3040,40,-4.9,21.3,0.0075,,
0.3125,41,-3.7,21.3,0.0075,,
0.3210,42,-2.8,21.3,0.0075,,
0.3290,43,-1.9,21.3,0.0075,,
0.3370,44,-1.0,21.3,0.0080,,
0.3450,45,0.2,21.3,0.0080,,
0.3535,46,1.1,21.3,0.0075,,
0.3620,47,1.8,21.3,0.0075,,
0.3705,48,2.7,21.3,0.0075,,
0.3790,49,3.8,21.3,0.0075,,
0.3865,50,4.6,21.3,0.0075,,
0.3950,51,5.5,21.3,0.0075,,
0.4035,52,6.2,21.3,0.0075,,
0.4115,53,7.0,21.3,0.0075,,
0.4200,54,8.0,21.3,0.0075,,
0.4285,55,8.9,21.3,0.0075,,
0.4360,56,9.8,21.3,0.0075,,
0.4445,57,10.5,21.3,0.0085,,
0.4530,58,11.2,21.3,0.0075,,
0.4615,59,12.3,21.3,0.0075,,
0.4695,60,13.0,21.3,0.0075,,
0.4780,61,13.6,21.3,0.0075,,
0.4855,62,14.4,21.3,0.0075,,
0.4940,63,15.1,21.3,0.0085,,
0.5025,64,16.0,21.3,0.0075,,
0.5110,65,16.9,21.3,0.0075,,
0.5195,66,17.6,21.3,0.0075,,
0.5275,67,18.4,21.3,0.0075,,
0.5355,68,19.1,21.3,0.0080,,
0.5435,69,20.0,21.3,0.0080,,
0.5520,70,20.8,21.3,0.0085,,
0.5605,71,21.4,21.3,0.0075,,
0.5690,72,22.2,21.3,0.0075,,
0.5775,73,23.2,21.3,0.0075,,
0.5855,74,23.9,21.3,0.0080,,
0.5935,75,24.8,21.3,0.0080,,
0.6015,76,25.4,21.3,0.0080,,
0.6100,77,26.2,21.3,0.0075,,
0.6185,78,27.1,21.3,0.0075,,
0.6270,79,27.8,21.3,0.0075,,
0.6355,80,28.6,21.3,0.0085,,
0.6430,81,29.2,21.3,0.0075,,
0.6515,82,30.3,21.3,0.0085,,
0.6595,83,31.3,21.3,0.0075,,
0.6680,84,32.1,21.3,0.0075,,
0.6765,85,32.7,21.3,0.0075,,
0.6850,86,33.6,21.3,0.0075,,
0.6925,87,34.3,21.3,0.0075,,
0.7010,88,35.3,21.3,0.0085,,
0.7095,89,36.2,21.3,0.0075,,
0.7175,90,37.0,21.3,0.0075,,
0.7260,91,38.0,21.3,0.0075,,
0.7345,92,38.9,21.3,0.0075,,
0.7420,93,39.7,21.3,0.0075,,
0.7505,94,40.6,21.3,0.0085,,
0.7590,95,41.3,21.3,0.0085,,
0.7675,96,42.3,21.3,0.0075,,
0.7760,97,43.2,21.3,0.0075,,
0.7840,98,43.9,21.3,0.0075,,
0.7920,99,44.8,21.3,0.0080,,
0.8000,100,45.7,21.3,0.0080,,
0.8085,101,46.7,21.3,0.0075,,
0.8170,102,47.8,21.3,0.0075,,
0.8255,103,48.6,21.3,0.0075,,
0.8340,104,49.5,21.3,0.0075,,
0.8415,105,50.3,21.3,0.0075,,
0.8500,106,51.5,21.3,0.0085,,
0.8585,107,52.4,21.3,0.0075,,
0.8665,108,53.3,21.3,0.0075,,
0.8750,109,54.4,21.3,0.0075,,
0.8835,110,55.6,21.3,0.0075,,
0.8910,111,56.5,21.3,0.0075,,
0.8995,112,57.5,21.3,0.0085,,
0.9080,113,58.5,21.3,0.0075,,
0.9165,114,59.7,21.3,0.0075,,
0.9245,115,60.8,21.3,0.0075,,
0.9330,116,61.7,21.3,0.0075,,
0.9405,117,62.8,21.3,0.0075,,
0.9490,118,63.8,21.3,0.0085,,
0.9575,119,65.0,21.3,0.0075,,
0.9660,120,66.1,21.3,0.0075,,
0.9745,121,67.0,21.3,0.0075,,
0.9830,122,68.2,21.3,0.0085,,
0.9905,123,69.2,21.3,0.0075,,
0.9990,124,70.6,21.3,0.0085,,
1.0070,125,71.8,21.3,0.0075,,
1.0155,126,72.9,21.3,0.0075,,
1.0240,127,74.1,21.3,0.0075,,
1.0325,128,75.4,21.3,0.0075,,
1.0400,129,76.6,21.3,0.0075,,
1.0485,130,78.0,21.3,0.0075,,
1.0570,131,79.2,21.3,0.0075,,
1.0650,132,80.5,21.3,0.0075,,
1.0735,133,82.1,21.3,0.0075,,
1.0820,134,83.5,21.3,0.0075,,
1.0895,135,84.9,21.3,0.0075,,
1.0980,136,86.3,21.3,0.0085,,
1.1065,137,87.7,21.3,0.0085,,
1.1150,138,89.5,21.3,0.0075,,
1.1230,139,91.3,21.3,0.0075,,
1.1315,140,93.0,21.3,0.0075,,
1.1400,141,94.6,21.3,0.0085,,
1.1475,142,96.3,21.3,0.0075,,
1.1560,143,98.3,21.3,0.0085,,
1.1645,144,100.3,21.3,0.0075,,
1.1730,145,102.3,21.3,0.0075,,
1.1810,146,104.5,21.3,0.0075,,
1.1895,147,106.7,21.3,0.0075,,
1.1970,148,108.6,21.3,0.0075,,
1.2055,149,111.3,21.3,0.0085,,
1.2140,150,113.8,21.3,0.0075,,
1.2225,151,116.7,21.3,0.0075,,
1.2310,152,119.5,21.3,0.0075,,
1.2390,153,122.2,21.3,0.0075,,
1.2470,154,125.2,21.3,0.0080,,
1.2550,155,128.4,21.3,0.0080,,
1.2635,156,131.9,21.3,0.0075,,
1.2720,157,135.8,21.3,0.0075,,
1.2805,158,139.4,21.3,0.0075,,
1.2890,159,143.0,21.3,0.0075,,
1.2965,160,146.4,21.3,0.0075,,
1.3050,161,149.9,21.3,0.0085,,
1.3135,162,153.6,21.3,0.0075,,
1.3215,163,156.7,21.3,0.0075,,
1.3300,164,159.8,21.3,0.0075,,
1.3385,165,162.6,21.3,0.0075,,
1.3460,166,164.8,21.3,0.0075,,
1.3545,167,167.5,21.3,0.0085,,
1.3630,168,169.8,21.3,0.0075,,
1.3715,169,171.9,21.3,0.0075,,
1.3795,170,173.9,21.3,0.0075,,
1.3880,171,175.9,21.3,0.0075,,
1.3955,172,177.5,21.3,0.0075,,
1.4040,173,179.0,21.3,0.0085,,
1.4125,174,180.4,21.3,0.0075,,
1.4210,175,182.2,21.3,0.0075,,
1.4295,176,183.6,21.3,0.0075,,
1.4380,177,184.8,21.3,0.0075,,
1.4405,177,185.1,21.3,0.0060,,
1.4405,417,186.6,21.4,0.0000,,
1.4410,418,186.5,21.4,0.0005,,
1.4425,420,186.6,21.4,0.0010,,
1.4450,420,186.8,21.4,0.0050,,
1.4490,422,187.2,21.4,0.0025,,
1.4550,423,187.9,21.4,0.0100,,
1.4630,424,188.9,21.4,0.0135,,
1.4710,424,189.8,21.4,0.0160,,
1.4790,426,190.8,21.4,0.0055,,
1.4875,426,191.6,21.4,0.0170,,
1.4960,428,192.8,21.4,0.0055,,
1.5045,429,193.9,21.4,0.0140,,
1.5130,430,194.6,21.4,0.0140,,
1.5205,430,195.4,21.4,0.0150,,
1.5290,432,196.2,21.4,0.0055,,
1.5370,432,197.2,21.4,0.0160,,
1.5455,434,197.9,21.4,0.0055,,
1.5540,435,198.5,21.4,0.0140,,
1.5625,436,199.3,21.4,0.0140,,
1.5710,436,199.9,21.4,0.0170,,
1.5785,438,200.7,21.4,0.0050,,
1.5870,438,201.6,21.4,0.0170,,
1.5955,440,202.1,21.4,0.0055,,
1.6035,441,202.8,21.4,0.0135,,
1.6120,442,203.5,21.4,0.0140,,
1.6195,442,204.0,21.4,0.0150,,
1.6280,444,204.7,21.4,0.0055,,
1.6365,444,205.2,21.4,0.0170,,
1.6450,446,205.9,21.4,0.0055,,
1.6535,447,206.6,21.4,0.0140,,
1.6620,448,206.9,21.4,0.0140,,
1.6695,448,207.6,21.4,0.0150,,
1.6775,450,208.0,21.4,0.0055,,
1.6860,450,208.6,21.4,0.0170,,
1.6945,452,209.2,21.4,0.0055,,
1.7030,453,209.6,21.4,0.0140,,
1.7115,454,210.0,21.4,0.0140,,
1.7190,454,210.4,21.4,0.0150,,
1.7275,456,211.0,21.4,0.0055,,
1.7360,456,211.5,21.4,0.0170,,
1.7440,458,212.0,21.4,0.0050,,
1.7525,459,212.3,21.4,0.0140,,
1.7610,460,212.9,21.4,0.0140,,
1.7695,460,213.1,21.4,0.0170,,
1.7770,462,213.7,21.4,0.0050,,
1.7855,462,214.0,21.4,0.0170,,
1.7935,464,214.3,21.4,0.0050,,
1.8020,465,214.9,21.4,0.0140,,
1.8105,466,215.3,21.4,0.0140,,
1.8190,467,215.5,21.4,0.0140,,
1.8265,468,215.9,21.4,0.0150,,
1.8350,468,216.2,21.4,0.0170,,
1.8435,470,216.7,21.4,0.0055,,
1.8520,471,217.2,21.4,0.0140,,
1.8600,472,217.4,21.4,0.0135,,
1.8685,473,217.8,21.4,0.0140,,
1.8760,474,218.1,21.4,0.0150,,
1.8845,474,218.6,21.4,0.0170,,
1.8930,476,218.9,21.4,0.0055,,
1.9015,477,219.0,21.4,0.0140,,
1.9100,478,219.3,21.4,0.0140,,
1.9180,479,219.8,21.4,0.0135,,
1.9260,480,220.0,21.4,0.0160,,
1.9340,480,220.5,21.4,0.0160,,
1.9425,482,220.7,21.4,0.0055,,
1.9510,483,220.9,21.4,0.0140,,
1.9595,484,221.4,21.4,0.0140,,
1.9680,485,221.7,21.4,0.0140,,
1.9755,486,222.0,21.4,0.0150,,
1.9840,486,222.2,21.4,0.0170,,
1.9920,488,222.4,21.4,0.0055,,
2.0005,489,222.9,21.4,0.0140,,
2.0090,490,223.2,21.4,0.0140,,
2.0175,491,223.3,21.4,0.0140,,
2.0260,492,223.7,21.4,0.0170,,
2.0335,492,223.9,21.4,0.0150,,
2.0420,494,224.3,21.4,0.0055,,
2.0500,495,224.6,21.4,0.0135,,
2.0585,496,224.7,21.4,0.0140,,
2.0670,497,225.0,21.4,0.0140,,
2.0755,498,225.4,21.4,0.0140,,
2.0830,498,225.6,21.4,0.0150,,
2.0915,500,225.9,21.4,0.0055,,
2.1000,501,226.0,21.4,0.0140,,
2.1085,502,226.4,21.4,0.0140,,
2.1165,503,226.8,21.4,0.0135,,
2.1250,504,226.9,21.4,0.0170,,
2.1325,504,227.2,21.4,0.0150,,
2.1410,506,227.3,21.4,0.0055,,
2.1495,507,227.7,21.4,0.0140,,
2.1580,508,228.0,21.4,0.0140,,
2.1665,509,228.0,21.4,0.0140,,
2.1740,510,228.3,21.4,0.0150,,
2.1825,510,228.4,21.4,0.0170,,
2.1910,512,228.7,21.4,0.0055,,
2.1990,513,229.1,21.4,0.0135,,
2.2075,514,229.1,21.4,0.0140,,
2.2160,515,229.4,21.4,0.0140,,
2.2245,516,229.6,21.4,0.0170,,
2.2320,516,229.9,21.4,0.0150,,
2.2405,518,230.1,21.4,0.0055,,
2.2490,519,230.2,21.4,0.0140,,
2.2570,520,230.4,21.4,0.0135,,
2.2655,521,230.8,21.4,0.0140,,
2.2740,522,231.0,21.4,0.0170,,
2.2815,522,231.2,21.4,0.0150,,
2.2900,524,231.3,21.4,0.0055,,
2.2985,525,231.6,21.4,0.0140,,
2.3070,526,231.9,21.4,0.0140,,
2.3150,527,232.0,21.4,0.0135,,
2.3235,528,232.2,21.4,0.0140,,
2.3310,528,232.4,21.4,0.0150,,
2.3395,530,232.6,21.4,0.0055,,
2.3480,530,232.9,21.4,0.0170,,
2.3565,532,233.0,21.4,0.0055,,
2.3650,533,233.1,21.4,0.0140,,
2.3730,534,233.4,21.4,0.0135,,
2.3810,534,233.4,21.4,0.0160,,
2.3890,536,233.8,21.4,0.0055,,
2.3975,536,233.9,21.4,0.0170,,
2.4055,538,233.9,21.4,0.0050,,
2.4120,539,234.2,21.4,0.0110,,
2.4125,540,234.4,21.4,0.0010,,
2.4130,540,234.4,21.4,0.0010,,
2.4145,542,234.4,21.4,0.0010,,
2.4160,542,234.3,21.4,0.0030,,
2.4185,544,234.3,21.4,0.0015,,
2.4220,545,234.5,21.4,0.0060,,
2.4260,546,234.5,21.4,0.0065,,
2.4305,546,234.7,21.4,0.0090,,
2.4335,548,234.7,21.4,0.0020,,
2.4340,548,234.7,21.4,0.0010,,
2.4345,550,235.0,21.4,0.0005,,
2.4355,551,235.0,21.4,0.0010,,
Scope 1/1, Sample 19/32 (T11)
Result,TitrationEP1
V,t,E,T,dV/dt,E acc. stat.,Volume acc. stat.
0.0000,0,-71.5,21.2,NaN,,
0.0005,1,-71.5,21.3,0.0005,,
0.0025,2,-71.5,21.3,0.0020,,
0.0050,3,-71.4,21.3,0.0025,,
0.0090,4,-71.1,21.3,0.0035,,
0.0150,5,-71.0,21.3,0.0055,,
0.0235,6,-70.2,21.3,0.0085,,
0.0310,7,-69.4,21.3,0.0075,,
0.0395,8,-68.1,21.3,0.0085,,
0.0480,9,-66.7,21.3,0.0075,,
0.0565,10,-65.4,21.3,0.0075,,
0.0650,11,-63.8,21.3,0.0075,,
0.0730,12,-62.0,21.3,0.0075,,
0.0810,13,-60.5,21.3,0.0080,,
0.0890,14,-58.7,21.3,0.0080,,
0.0975,15,-56.9,21.3,0.0075,,
0.1060,16,-54.8,21.3,0.0075,,
0.1145,17,-52.6,21.3,0.0075,,
0.1230,18,-50.4,21.3,0.0075,,
0.1305,19,-48.3,21.3,0.0075,,
0.1390,20,-46.0,21.3,0.0085,,
0.1470,21,-43.5,21.3,0.0080,,
0.1555,22,-40.6,21.3,0.0075,,
0.1640,23,-37.9,21.3,0.0075,,
0.1725,24,-35.3,21.3,0.0075,,
0.1810,25,-32.8,21.3,0.0085,,
0.1885,26,-29.9,21.3,0.0075,,
0.1970,27,-27.1,21.3,0.0085,,
0.2050,28,-24.6,21.3,0.0075,,
0.2135,29,-22.6,21.3,0.0075,,
0.2220,30,-20.4,21.3,0.0075,,
0.2305,31,-18.6,21.3,0.0085,,
0.2380,32,-16.8,21.3,0.0075,,
0.2465,33,-15.2,21.3,0.0085,,
0.2550,34,-13.7,21.3,0.0075,,
0.2635,35,-12.1,21.3,0.0075,,
0.2715,36,-10.7,21.3,0.0075,,
0.2800,37,-9.4,21.3,0.0085,,
0.2875,38,-8.2,21.3,0.0075,,
0.2960,39,-7.1,21.3,0.0085,,
0.3045,40,-5.8,21.3,0.0075,,
0.3130,41,-4.5,21.3,0.0075,,
0.3215,42,-3.4,21.3,0.0075,,
0.3295,43,-2.4,21.3,0.0075,,
0.3370,44,-1.6,21.3,0.0075,,
0.3455,45,-0.6,21.3,0.0085,,
0.3540,46,0.5,21.3,0.0075,,
0.3625,47,1.3,21.3,0.0075,,
0.3710,48,2.3,21.3,0.0075,,
0.3795,49,3.1,21.3,0.0085,,
0.3870,50,4.2,21.3,0.0075,,
0.3955,51,5.1,21.3,0.0085,,
0.4035,52,5.8,21.3,0.0075,,
0.4120,53,6.7,21.3,0.0075,,
0.4205,54,7.7,21.3,0.0075,,
0.4290,55,8.5,21.3,0.0075,,
0.4365,56,9.4,21.3,0.0075,,
0.4450,57,10.0,21.3,0.0085,,
0.4535,58,10.8,21.3,0.0075,,
0.4620,59,11.8,21.3,0.0075,,
0.4700,60,12.6,21.3,0.0075,,
0.4785,61,13.4,21.3,0.0085,,
0.4860,62,14.1,21.3,0.0075,,
0.4945,63,15.0,21.3,0.0085,,
0.5030,64,15.9,21.3,0.0075,,
0.5115,65,16.6,21.3,0.0075,,
0.5200,66,17.3,21.3,0.0075,,
0.5285,67,18.0,21.3,0.0085,,
0.5360,68,18.9,21.3,0.0075,,
0.5445,69,19.8,21.3,0.0085,,
0.5525,70,20.4,21.3,0.0075,,
0.5610,71,21.1,21.3,0.0075,,
0.5695,72,22.1,21.3,0.0075,,
0.5780,73,22.7,21.3,0.0085,,
0.5855,74,23.6,21.3,0.0075,,
0.5940,75,24.3,21.3,0.0085,,
0.6025,76,25.1,21.3,0.0075,,
0.6105,77,26.1,21.3,0.0075,,
0.6190,78,26.9,21.3,0.0075,,
0.6275,79,27.6,21.3,0.0075,,
0.6350,80,28.5,21.3,0.0075,,
0.6435,81,29.3,21.3,0.0085,,
0.6520,82,30.2,21.3,0.0075,,
0.6605,83,31.0,21.3,0.0075,,
0.6690,84,31.6,21.3,0.0075,,
0.6770,85,32.6,21.3,0.0075,,
0.6845,86,33.4,21.3,0.0075,,
0.6930,87,34.3,21.3,0.0085,,
0.7015,88,35.2,21.3,0.0075,,
0.7100,89,35.9,21.3,0.0075,,
0.7185,90,37.0,21.3,0.0075,,
0.7270,91,37.9,21.3,0.0075,,
0.7345,92,38.7,21.3,0.0075,,
0.7430,93,39.5,21.3,0.0085,,
0.7510,94,40.3,21.3,0.0080,,
0.7595,95,41.3,21.3,0.0075,,
0.7680,96,42.4,21.3,0.0075,,
0.7765,97,43.1,21.3,0.0075,,
0.7840,98,44.0,21.3,0.0075,,
0.7925,99,44.8,21.3,0.0085,,
0.8010,100,45.9,21.3,0.0085,,
0.8090,101,46.9,21.3,0.0075,,
0.8175,102,47.7,21.3,0.0075,,
0.8260,103,48.6,21.3,0.0075,,
0.8335,104,49.5,21.3,0.0075,,
0.8420,105,50.6,21.3,0.0085,,
0.8505,106,51.7,21.3,0.0085,,
0.8590,107,52.5,21.3,0.0075,,
0.8675,108,53.5,21.3,0.0075,,
0.8755,109,54.6,21.3,0.0075,,
0.8830,110,55.4,21.3,0.0075,,
0.8915,111,56.5,21.3,0.0085,,
0.9000,112,57.4,21.3,0.0085,,
0.9085,113,58.5,21.3,0.0075,,
0.9170,114,59.8,21.3,0.0075,,
0.9250,115,60.9,21.3,0.0075,,
0.9335,116,61.8,21.3,0.0085,,
0.9410,117,62.8,21.3,0.0075,,
0.9495,118,63.8,21.3,0.0085,,
0.9580,119,65.0,21.3,0.0075,,
0.9665,120,66.0,21.3,0.0075,,
0.9750,121,67.0,21.3,0.0075,,
0.9825,122,68.1,21.3,0.0075,,
0.9910,123,69.4,21.3,0.0085,,
0.9995,124,70.7,21.3,0.0085,,
1.0080,125,71.8,21.3,0.0075,,
1.0160,126,73.0,21.3,0.0075,,
1.0245,127,74.4,21.3,0.0075,,
1.0320,128,75.5,21.3,0.0075,,
1.0405,129,76.8,21.3,0.0085,,
1.0490,130,78.2,21.3,0.0085,,
1.0575,131,79.5,21.3,0.0075,,
1.0660,132,81.0,21.3,0.0075,,
1.0740,133,82.3,21.3,0.0075,,
1.0820,134,83.7,21.3,0.0080,,
1.0900,135,84.9,21.3,0.0080,,
1.0985,136,86.5,21.3,0.0075,,
1.1070,137,88.2,21.3,0.0075,,
1.1155,138,89.7,21.3,0.0075,,
1.1240,139,91.1,21.3,0.0075,,
1.1315,140,92.9,21.3,0.0075,,
1.1400,141,94.5,21.3,0.0085,,
1.1480,142,96.4,21.3,0.0080,,
1.1565,143,98.3,21.3,0.0075,,
1.1650,144,100.1,21.3,0.0075,,
1.1735,145,102.3,21.3,0.0075,,
1.1810,146,104.2,21.3,0.0075,,
1.1895,147,106.5,21.3,0.0085,,
1.1980,148,108.6,21.3,0.0085,,
1.2060,149,110.8,21.3,0.0075,,
1.2145,150,113.4,21.3,0.0075,,
1.2230,151,116.3,21.3,0.0075,,
1.2315,152,118.7,21.3,0.0085,,
1.2390,153,121.9,21.3,0.0075,,
1.2475,154,124.9,21.3,0.0085,,
1.2560,155,128.4,21.3,0.0075,,
1.2645,156,132.0,21.3,0.0075,,
1.2725,157,135.6,21.3,0.0075,,
1.2810,158,139.1,21.3,0.0075,,
1.2885,159,142.6,21.3,0.0075,,
1.2970,160,146.6,21.3,0.0085,,
1.3055,161,150.2,21.3,0.0075,,
1.3140,162,153.5,21.3,0.0075,,
1.3225,163,156.8,21.3,0.0075,,
1.3305,164,159.9,21.3,0.0075,,
1.3385,165,162.2,21.3,0.0080,,
1.3465,166,165.1,21.3,0.0080,,
1.3550,167,167.6,21.3,0.0085,,
1.3635,168,169.9,21.3,0.0075,,
1.3720,169,172.1,21.3,0.0075,,
1.3805,170,174.0,21.3,0.0075,,
1.3880,171,175.8,21.3,0.0075,,
1.3965,172,177.5,21.3,0.0085,,
1.4050,173,179.0,21.3,0.0075,,
1.4130,174,180.8,21.3,0.0075,,
1.4215,175,182.3,21.3,0.0075,,
1.4300,176,183.5,21.3,0.0075,,
1.4375,177,184.8,21.3,0.0075,,
1.4410,177,185.1,21.3,0.0085,,
1.4410,417,186.6,21.4,0.0000,,
1.4415,418,186.4,21.4,0.0005,,
1.4430,420,186.3,21.4,0.0010,,
1.4455,420,186.7,21.4,0.0050,,
1.4495,422,187.2,21.4,0.0025,,
1.4560,423,187.8,21.4,0.0110,,
1.4640,424,188.7,21.4,0.0135,,
1.4715,424,189.8,21.4,0.0150,,
1.4800,426,190.9,21.4,0.0055,,
1.4885,426,192.0,21.4,0.0170,,
1.4970,428,192.9,21.4,0.0055,,
1.5055,429,193.7,21.4,0.0140,,
1.5140,430,194.9,21.4,0.0140,,
1.5220,430,195.6,21.4,0.0160,,
1.5295,432,196.5,21.4,0.0050,,
1.5380,432,197.2,21.4,0.0170,,
1.5465,434,198.0,21.4,0.0055,,
1.5550,435,198.9,21.4,0.0140,,
1.5635,436,199.6,21.4,0.0140,,
1.5710,436,200.3,21.4,0.0150,,
1.5795,438,200.9,21.4,0.0055,,
1.5880,438,201.5,21.4,0.0170,,
1.5960,440,202.3,21.4,0.0050,,
1.6045,441,202.9,21.4,0.0140,,
1.6130,442,203.4,21.4,0.0140,,
1.6215,443,204.1,21.4,0.0140,,
1.6290,444,204.6,21.4,0.0150,,
1.6375,444,205.3,21.4,0.0170,,
1.6460,446,205.8,21.4,0.0055,,
1.6540,447,206.3,21.4,0.0135,,
1.6625,448,207.0,21.4,0.0140,,
1.6710,449,207.6,21.4,0.0140,,
1.6785,450,208.1,21.4,0.0150,,
1.6870,450,208.6,21.4,0.0170,,
1.6955,452,209.0,21.4,0.0055,,
1.7040,453,209.5,21.4,0.0140,,
1.7125,454,210.1,21.4,0.0140,,
1.7205,455,210.6,21.4,0.0135,,
1.7285,456,211.1,21.4,0.0160,,
1.7365,456,211.4,21.4,0.0160,,
1.7450,458,211.9,21.4,0.0055,,
1.7535,459,212.4,21.4,0.0140,,
1.7620,460,212.8,21.4,0.0140,,
1.7705,461,213.2,21.4,0.0140,,
1.7780,462,213.4,21.4,0.0150,,
1.7865,462,214.0,21.4,0.0170,,
1.7945,464,214.6,21.4,0.0055,,
1.8030,465,214.9,21.4,0.0140,,
1.8115,466,215.3,21.4,0.0140,,
1.8200,467,215.9,21.4,0.0140,,
1.8275,468,216.0,21.4,0.0150,,
1.8360,468,216.6,21.4,0.0170,,
1.8445,470,216.8,21.4,0.0055,,
1.8525,471,217.1,21.4,0.0135,,
1.8610,472,217.6,21.4,0.0140,,
1.8695,473,217.9,21.4,0.0140,,
1.8780,474,218.3,21.4,0.0170,,
1.8855,474,218.5,21.4,0.0150,,
1.8940,476,218.7,21.4,0.0055,,
1.9025,477,219.3,21.4,0.0140,,
1.9105,478,219.7,21.4,0.0135,,
1.9190,479,219.9,21.4,0.0140,,
1.9275,480,220.3,21.4,0.0170,,
1.9350,480,220.5,21.4,0.0150,,
1.9435,482,220.9,21.4,0.0055,,
1.9520,483,221.3,21.4,0.0140,,
1.9605,484,221.4,21.4,0.0140,,
1.9690,485,221.8,21.4,0.0140,,
1.9770,486,222.2,21.4,0.0135,,
1.9845,486,222.3,21.4,0.0150,,
1.9930,488,222.6,21.4,0.0055,,
2.0015,489,222.8,21.4,0.0140,,
2.0100,490,223.1,21.4,0.0140,,
2.0185,491,223.7,21.4,0.0140,,
2.0270,492,224.0,21.4,0.0140,,
2.0345,492,224.2,21.4,0.0150,,
2.0425,494,224.4,21.4,0.0055,,
2.0510,494,224.7,21.4,0.0170,,
2.0595,496,225.1,21.4,0.0055,,
2.0680,497,225.3,21.4,0.0140,,
2.0765,498,225.4,21.4,0.0140,,
2.0840,498,225.7,21.4,0.0150,,
2.0925,500,226.0,21.4,0.0055,,
2.1010,500,226.4,21.4,0.0170,,
2.1090,502,226.6,21.4,0.0050,,
2.1175,503,226.6,21.4,0.0140,,
2.1260,504,227.0,21.4,0.0140,,
2.1335,504,227.1,21.4,0.0150,,
2.1420,506,227.5,21.4,0.0055,,
2.1505,506,227.6,21.4,0.0170,,
2.1590,508,227.8,21.4,0.0055,,
2.1670,509,228.1,21.4,0.0135,,
2.1755,510,228.4,21.4,0.0140,,
2.1830,510,228.6,21.4,0.0150,,
2.1915,512,228.8,21.4,0.0055,,
2.2000,512,228.9,21.4,0.0170,,
2.2085,514,229.3,21.4,0.0055,,
2.2170,515,229.6,21.4,0.0140,,
2.2255,516,229.7,21.4,0.0140,,
2.2330,516,229.9,21.4,0.0150,,
2.2415,518,230.0,21.4,0.0055,,
2.2495,518,230.4,21.4,0.0160,,
2.2580,520,230.6,21.4,0.0055,,
2.2665,521,230.7,21.4,0.0140,,
2.2750,522,231.0,21.4,0.0140,,
2.2825,522,231.1,21.4,0.0150,,
2.2910,524,231.5,21.4,0.0055,,
2.2995,525,231.6,21.4,0.0140,,
2.3080,526,231.7,21.4,0.0140,,
2.3160,527,232.1,21.4,0.0135,,
2.3245,528,232.4,21.4,0.0140,,
2.3320,529,232.6,21.4,0.0125,,
2.3405,530,232.6,21.4,0.0170,,
2.3490,531,232.6,21.4,0.0140,,
2.3575,532,233.0,21.4,0.0140,,
2.3660,533,233.3,21.4,0.0140,,
2.3740,534,233.4,21.4,0.0135,,
2.3820,534,233.7,21.4,0.0160,,
2.3900,536,233.8,21.4,0.0055,,
2.3980,536,234.1,21.4,0.0160,,
2.4015,538,234.3,21.4,0.0020,,
2.4025,539,234.2,21.4,0.0015,,
2.4040,540,234.2,21.4,0.0025,,
2.4060,540,234.2,21.4,0.0040,,
2.4090,542,234.3,21.4,0.0020,,
2.4130,542,234.4,21.4,0.0080,,
2.4160,544,234.4,21.4,0.0020,,
2.4165,545,234.3,21.4,0.0010,,
2.4175,546,234.5,21.4,0.0015,,
2.4180,546,234.5,21.4,0.0010,,
2.4195,548,234.6,21.4,0.0010,,
2.4210,548,234.6,21.4,0.0030,,
2.4220,550,234.5,21.4,0.0005,,
2.4240,551,234.7,21.4,0.0035,,
2.4265,552,234.8,21.4,0.0040,,
2.4290,553,234.8,21.4,0.0040,,
2.4320,554,234.9,21.4,0.0060,,
2.4335,554,235.0,21.4,NaN,,
Scope 1/1, Sample 20/32 (T12)
Result,TitrationEP1
V,t,E,T,dV/dt,E acc. stat.,Volume acc. stat.
0.0000,0,-71.1,21.3,NaN,,
0.0005,1,-71.1,21.3,0.0005,,
0.0025,2,-71.2,21.3,0.0020,,
0.0050,3,-71.1,21.3,0.0025,,
0.0090,4,-70.9,21.3,0.0035,,
0.0150,5,-70.7,21.3,0.0055,,
0.0235,6,-70.1,21.3,0.0075,,
0.0320,7,-69.2,21.3,0.0085,,
0.0395,8,-68.0,21.3,0.0075,,
0.0480,9,-66.5,21.3,0.0085,,
0.0565,10,-65.1,21.3,0.0075,,
0.0645,11,-63.7,21.3,0.0075,,
0.0730,12,-61.9,21.3,0.0075,,
0.0815,13,-60.4,21.3,0.0085,,
0.0890,14,-58.5,21.3,0.0075,,
0.0975,15,-56.7,21.3,0.0085,,
0.1060,16,-54.7,21.3,0.0075,,
0.1145,17,-52.5,21.3,0.0075,,
0.1230,18,-50.2,21.3,0.0075,,
0.1310,19,-48.0,21.3,0.0080,,
0.1385,20,-45.7,21.3,0.0075,,
0.1470,21,-43.1,21.3,0.0085,,
0.1555,22,-40.2,21.3,0.0075,,
0.1640,23,-37.5,21.3,0.0075,,
0.1725,24,-34.7,21.3,0.0075,,
0.1810,25,-32.2,21.3,0.0085,,
0.1885,26,-29.5,21.3,0.0075,,
0.1970,27,-26.8,21.3,0.0085,,
0.2050,28,-24.5,21.3,0.0075,,
0.2135,29,-22.4,21.3,0.0075,,
0.2220,30,-20.3,21.3,0.0075,,
0.2305,31,-18.3,21.3,0.0075,,
0.2380,32,-16.7,21.3,0.0075,,
0.2465,33,-15.1,21.3,0.0085,,
0.2550,34,-13.7,21.3,0.0075,,
0.2630,35,-12.3,21.3,0.0075,,
0.2715,36,-10.9,21.3,0.0075,,
0.2800,37,-9.7,21.3,0.0075,,
0.2875,38,-8.5,21.3,0.0075,,
0.2960,39,-7.4,21.3,0.0085,,
0.3045,40,-6.1,21.3,0.0075,,
0.3130,41,-4.8,21.3,0.0075,,
0.3215,42,-3.8,21.3,0.0075,,
0.3295,43,-2.9,21.3,0.0075,,
0.3375,44,-2.1,21.3,0.0080,,
0.3455,45,-1.0,21.3,0.0080,,
0.3540,46,0.0,21.3,0.0075,,
0.3625,47,0.8,21.3,0.0075,,
0.3710,48,1.7,21.3,0.0075,,
0.3785,49,2.5,21.3,0.0075,,
0.3870,50,3.6,21.3,0.0085,,
0.3955,51,4.5,21.3,0.0085,,
0.4040,52,5.3,21.3,0.0075,,
0.4120,53,6.2,21.3,0.0075,,
0.4205,54,7.2,21.3,0.0075,,
0.4290,55,7.9,21.3,0.0085,,
0.4365,56,8.7,21.3,0.0075,,
0.4450,57,9.3,21.3,0.0085,,
0.4535,58,10.3,21.3,0.0075,,
0.4620,59,11.2,21.3,0.0075,,
0.4700,60,11.9,21.3,0.0075,,
0.4785,61,12.8,21.3,0.0085,,
0.4860,62,13.4,21.3,0.0075,,
0.4945,63,14.3,21.3,0.0085,,
0.5030,64,15.2,21.3,0.0075,,
0.5115,65,15.9,21.3,0.0075,,
0.5200,66,16.7,21.3,0.0075,,
0.5280,67,17.6,21.3,0.0075,,
0.5360,68,18.1,21.3,0.0080,,
0.5440,69,19.1,21.3,0.0080,,
0.5525,70,19.8,21.3,0.0075,,
0.5610,71,20.5,21.3,0.0075,,
0.5695,72,21.4,21.3,0.0075,,
0.5780,73,22.2,21.3,0.0075,,
0.5855,74,23.0,21.3,0.0075,,
0.5940,75,23.7,21.3,0.0085,,
0.6020,76,24.4,21.3,0.0075,,
0.6105,77,25.4,21.3,0.0075,,
0.6190,78,26.3,21.3,0.0075,,
0.6275,79,27.0,21.3,0.0075,,
0.6350,80,27.8,21.3,0.0075,,
0.6435,81,28.4,21.3,0.0085,,
0.6520,82,29.4,21.3,0.0085,,
0.6605,83,30.2,21.3,0.0075,,
0.6685,84,31.0,21.3,0.0075,,
0.6770,85,31.7,21.3,0.0075,,
0.6855,86,32.6,21.3,0.0085,,
0.6930,87,33.5,21.3,0.0075,,
0.7015,88,34.4,21.3,0.0085,,
0.7100,89,35.1,21.3,0.0075,,
0.7185,90,36.0,21.3,0.0075,,
0.7265,91,37.0,21.3,0.0075,,
0.7350,92,37.7,21.3,0.0085,,
0.7425,93,38.7,21.3,0.0075,,
0.7510,94,39.5,21.3,0.0085,,
0.7595,95,40.4,21.3,0.0075,,
0.7680,96,41.4,21.3,0.0075,,
0.7765,97,42.3,21.3,0.0075,,
0.7850,98,43.2,21.3,0.0085,,
0.7925,99,44.0,21.3,0.0075,,
0.8010,100,45.0,21.3,0.0085,,
0.8090,101,46.1,21.3,0.0075,,
0.8175,102,47.0,21.3,0.0075,,
0.8260,103,47.8,21.3,0.0075,,
0.8345,104,48.8,21.3,0.0085,,
0.8420,105,49.7,21.3,0.0075,,
0.8505,106,50.9,21.3,0.0085,,
0.8590,107,51.8,21.3,0.0075,,
0.8670,108,52.7,21.3,0.0075,,
0.8755,109,53.9,21.3,0.0075,,
0.8840,110,54.7,21.3,0.0085,,
0.8915,111,55.8,21.3,0.0075,,
0.9000,112,56.8,21.3,0.0085,,
0.9085,113,57.7,21.3,0.0075,,
0.9170,114,59.0,21.3,0.0075,,
0.9250,115,60.1,21.3,0.0075,,
0.9335,116,61.1,21.3,0.0085,,
0.9410,117,62.1,21.3,0.0075,,
0.9495,118,63.1,21.3,0.0085,,
0.9580,119,64.5,21.3,0.0075,,
0.9665,120,65.7,21.3,0.0075,,
0.9750,121,66.8,21.3,0.0075,,
0.9830,122,68.0,21.3,0.0075,,
0.9910,123,69.0,21.3,0.0080,,
0.9990,124,70.3,21.3,0.0080,,
1.0075,125,71.6,21.3,0.0075,,
1.0160,126,72.7,21.3,0.0075,,
1.0245,127,74.0,21.3,0.0075,,
1.0330,128,75.3,21.3,0.0075,,
1.0405,129,76.5,21.3,0.0075,,
1.0490,130,78.0,21.3,0.0085,,
1.0570,131,79.2,21.3,0.0075,,
1.0655,132,80.6,21.3,0.0075,,
1.0740,133,82.1,21.3,0.0075,,
1.0825,134,83.5,21.3,0.0075,,
1.0900,135,84.9,21.3,0.0075,,
1.0985,136,86.3,21.3,0.0085,,
1.1070,137,87.8,21.3,0.0085,,
1.1155,138,89.5,21.3,0.0075,,
1.1235,139,91.1,21.3,0.0075,,
1.1320,140,92.9,21.3,0.0075,,
1.1395,141,94.6,21.3,0.0075,,
1.1480,142,96.4,21.3,0.0085,,
1.1565,143,98.5,21.3,0.0085,,
1.1650,144,100.4,21.3,0.0075,,
1.1735,145,102.3,21.3,0.0075,,
1.1815,146,104.6,21.3,0.0075,,
1.1900,147,106.6,21.3,0.0085,,
1.1975,148,109.2,21.3,0.0075,,
1.2060,149,111.7,21.3,0.0085,,
1.2145,150,114.4,21.3,0.0075,,
1.2230,151,117.3,21.3,0.0075,,
1.2315,152,120.5,21.3,0.0075,,
1.2395,153,123.4,21.3,0.0075,,
1.2475,154,126.5,21.3,0.0080,,
1.2555,155,130.0,21.3,0.0080,,
1.2640,156,133.6,21.3,0.0075,,
1.2725,157,137.5,21.3,0.0075,,
1.2810,158,141.3,21.3,0.0075,,
1.2895,159,145.2,21.3,0.0075,,
1.2970,160,148.6,21.3,0.0075,,
1.3055,161,152.3,21.3,0.0085,,
1.3135,162,155.6,21.3,0.0075,,
1.3220,163,158.7,21.3,0.0075,,
1.3305,164,161.6,21.3,0.0075,,
1.3390,165,164.6,21.3,0.0075,,
1.3465,166,166.8,21.3,0.0075,,
1.3550,167,169.3,21.3,0.0085,,
1.3635,168,171.4,21.3,0.0075,,
1.3720,169,173.3,21.3,0.0075,,
1.3800,170,175.3,21.3,0.0075,,
1.3885,171,177.3,21.3,0.0075,,
1.3960,172,178.8,21.3,0.0075,,
1.4045,173,180.2,21.3,0.0085,,
1.4130,174,181.5,21.3,0.0075,,
1.4215,175,183.2,21.3,0.0075,,
1.4300,176,184.6,21.3,0.0075,,
1.4345,177,185.0,21.3,0.0065,,
1.4345,417,186.8,21.4,0.0000,,
1.4350,418,186.8,21.4,0.0005,,
1.4365,419,186.7,21.4,0.0020,,
1.4390,420,187.0,21.4,0.0030,,
1.4430,421,187.5,21.4,0.0045,,
1.4495,422,188.0,21.4,0.0070,,
1.4575,423,188.9,21.4,0.0090,,
1.4650,424,189.9,21.4,0.0095,,
1.4735,425,190.9,21.4,0.0105,,
1.4820,426,192.0,21.4,0.0105,,
1.4905,427,192.9,21.4,0.0095,,
1.4990,428,193.8,21.4,0.0095,,
1.5075,429,194.9,21.4,0.0095,,
1.5150,430,195.6,21.4,0.0095,,
1.5230,431,196.5,21.4,0.0100,,
1.5315,432,197.3,21.4,0.0105,,
1.5400,433,198.0,21.4,0.0095,,
1.5485,434,198.9,21.4,0.0095,,
1.5570,435,199.8,21.4,0.0095,,
1.5655,436,200.4,21.4,0.0105,,
1.5730,437,201.0,21.4,0.0095,,
1.5810,438,201.6,21.4,0.0100,,
1.5895,439,202.4,21.4,0.0095,,
1.5980,440,203.0,21.4,0.0095,,
1.6065,441,203.6,21.4,0.0095,,
1.6150,442,204.2,21.4,0.0095,,
1.6225,443,204.7,21.4,0.0095,,
1.6310,444,205.4,21.4,0.0105,,
1.6395,445,206.0,21.4,0.0105,,
1.6475,446,206.6,21.4,0.0090,,
1.6560,447,207.1,21.4,0.0095,,
1.6645,448,207.8,21.4,0.0095,,
1.6720,449,208.3,21.4,0.0095,,
1.6805,450,208.9,21.4,0.0105,,
1.6890,451,209.3,21.4,0.0105,,
1.6975,452,209.7,21.4,0.0095,,
1.7055,453,210.2,21.4,0.0090,,
1.7140,454,210.7,21.4,0.0095,,
1.7215,455,211.3,21.4,0.0095,,
1.7300,456,211.6,21.4,0.0105,,
1.7385,457,212.0,21.4,0.0105,,
1.7470,458,212.6,21.4,0.0095,,
1.7555,459,213.1,21.4,0.0095,,
1.7640,460,213.4,21.4,0.0095,,
1.7715,461,213.8,21.4,0.0095,,
1.7795,462,214.2,21.4,0.0100,,
1.7880,463,214.7,21.4,0.0105,,
1.7965,464,215.1,21.4,0.0095,,
1.8050,465,215.3,21.4,0.0095,,
1.8135,466,215.7,21.4,0.0095,,
1.8215,467,216.2,21.4,0.0090,,
1.8295,468,216.5,21.4,0.0100,,
1.8375,469,216.9,21.4,0.0100,,
1.8460,470,217.2,21.4,0.0095,,
1.8545,471,217.5,21.4,0.0095,,
1.8630,472,218.0,21.4,0.0095,,
1.8715,473,218.3,21.4,0.0095,,
1.8790,474,218.7,21.4,0.0095,,
1.8875,475,218.9,21.4,0.0105,,
1.8955,476,219.2,21.4,0.0100,,
1.9040,477,219.8,21.4,0.0095,,
1.9125,478,220.1,21.4,0.0095,,
1.9210,479,220.3,21.4,0.0095,,
1.9285,480,220.6,21.4,0.0095,,
1.9370,481,220.9,21.4,0.0105,,
1.9455,482,221.3,21.4,0.0105,,
1.9540,483,221.6,21.4,0.0095,,
1.9620,484,221.8,21.4,0.0090,,
1.9705,485,222.2,21.4,0.0095,,
1.9780,486,222.3,21.4,0.0095,,
1.9865,487,222.8,21.4,0.0105,,
1.9950,488,223.1,21.4,0.0105,,
2.0035,489,223.3,21.4,0.0095,,
2.0120,490,223.7,21.4,0.0095,,
2.0200,491,224.1,21.4,0.0090,,
2.0280,492,224.3,21.4,0.0100,,
2.0360,493,224.5,21.4,0.0100,,
2.0445,494,224.7,21.4,0.0105,,
2.0530,495,225.2,21.4,0.0095,,
2.0615,496,225.5,21.4,0.0095,,
2.0700,497,225.6,21.4,0.0095,,
2.0775,498,225.9,21.4,0.0095,,
2.0860,499,226.0,21.4,0.0105,,
2.0940,500,226.4,21.4,0.0100,,
2.1025,501,226.7,21.4,0.0095,,
2.1110,502,226.8,21.4,0.0095,,
2.1195,503,227.0,21.4,0.0095,,
2.1280,504,227.2,21.4,0.0105,,
2.1355,505,227.5,21.4,0.0095,,
2.1440,506,227.8,21.4,0.0105,,
2.1525,507,228.0,21.4,0.0095,,
2.1605,508,228.2,21.4,0.0090,,
2.1690,509,228.6,21.4,0.0095,,
2.1775,510,228.7,21.4,0.0105,,
2.1850,511,229.0,21.4,0.0095,,
2.1935,512,229.1,21.4,0.0105,,
2.2020,513,229.5,21.4,0.0095,,
2.2105,514,229.9,21.4,0.0095,,
2.2190,515,230.1,21.4,0.0095,,
2.2265,516,230.3,21.4,0.0095,,
2.2345,517,230.4,21.4,0.0100,,
2.2430,518,230.6,21.4,0.0105,,
2.2515,519,231.0,21.4,0.0095,,
2.2600,520,231.1,21.4,0.0095,,
2.2685,521,231.2,21.4,0.0095,,
2.2760,522,231.4,21.4,0.0095,,
2.2845,523,231.7,21.4,0.0105,,
2.2930,524,232.0,21.4,0.0105,,
2.3010,525,232.1,21.4,0.0090,,
2.3095,526,232.2,21.4,0.0095,,
2.3180,527,232.5,21.4,0.0095,,
2.3265,528,232.6,21.4,0.0105,,
2.3340,529,233.0,21.4,0.0095,,
2.3425,530,233.1,21.4,0.0105,,
2.3510,531,233.2,21.4,0.0095,,
2.3590,532,233.5,21.4,0.0090,,
2.3675,533,233.7,21.4,0.0095,,
2.3760,534,233.8,21.4,0.0095,,
2.3830,535,234.0,21.4,0.0085,,
2.3900,536,234.0,21.4,0.0085,,
2.3935,537,234.3,21.4,0.0045,,
2.3945,538,234.4,21.4,0.0010,,
2.3960,539,234.3,21.4,0.0015,,
2.3980,540,234.4,21.4,0.0020,,
2.4005,541,234.4,21.4,0.0030,,
2.4050,542,234.6,21.4,0.0055,,
2.4105,543,234.8,21.4,0.0070,,
2.4155,544,234.7,21.4,0.0055,,
2.4180,545,234.8,21.4,0.0030,,
2.4185,546,235.0,21.4,0.0005,,
2.4195,547,235.0,21.4,0.0010,,
2.4220,548,235.0,21.4,0.0025,,
Scope 1/1, Sample 21/32 (T13)
Result,TitrationEP1
V,t,E,T,dV/dt,E acc. stat.,Volume acc. stat.
0.0000,0,-69.7,21.3,NaN,,
0.0010,1,-69.7,21.3,0.0010,,
0.0025,2,-69.7,21.3,0.0015,,
0.0050,3,-69.7,21.3,0.0020,,
0.0095,4,-69.6,21.3,0.0035,,
0.0160,5,-69.3,21.3,0.0060,,
0.0235,6,-68.6,21.3,0.0070,,
0.0320,7,-67.6,21.3,0.0075,,
0.0405,8,-66.4,21.3,0.0075,,
0.0490,9,-65.1,21.3,0.0070,,
0.0570,10,-63.6,21.3,0.0065,,
0.0650,11,-62.2,21.3,0.0075,,
0.0730,12,-60.4,21.3,0.0075,,
0.0815,13,-58.7,21.3,0.0075,,
0.0900,14,-56.8,21.3,0.0075,,
0.0985,15,-54.7,21.3,0.0070,,
0.1070,16,-52.7,21.3,0.0070,,
0.1150,17,-50.7,21.3,0.0075,,
0.1230,18,-48.4,21.3,0.0075,,
0.1310,19,-45.9,21.3,0.0075,,
0.1395,20,-43.3,21.3,0.0075,,
0.1480,21,-40.6,21.3,0.0070,,
0.1565,22,-38.0,21.3,0.0070,,
0.1650,23,-35.5,21.3,0.0075,,
0.1725,24,-32.7,21.3,0.0070,,
0.1810,25,-29.9,21.3,0.0075,,
0.1890,26,-27.3,21.3,0.0075,,
0.1975,27,-25.0,21.3,0.0075,,
0.2060,28,-22.7,21.3,0.0070,,
0.2145,29,-20.9,21.3,0.0075,,
0.2220,30,-19.0,21.3,0.0070,,
0.2305,31,-17.3,21.3,0.0075,,
0.2390,32,-15.7,21.3,0.0075,,
0.2475,33,-14.1,21.3,0.0070,,
0.2560,34,-12.6,21.3,0.0070,,
0.2635,35,-11.3,21.3,0.0070,,
0.2715,36,-10.1,21.3,0.0075,,
0.2800,37,-8.8,21.3,0.0075,,
0.2885,38,-7.5,21.3,0.0075,,
0.2970,39,-6.4,21.3,0.0070,,
0.3055,40,-5.3,21.3,0.0070,,
0.3140,41,-4.1,21.3,0.0075,,
0.3215,42,-3.1,21.3,0.0070,,
0.3300,43,-2.0,21.3,0.0075,,
0.3380,44,-1.1,21.3,0.0075,,
0.3465,45,-0.2,21.3,0.0070,,
0.3550,46,0.8,21.3,0.0070,,
0.3635,47,1.6,21.3,0.0075,,
0.3710,48,2.6,21.3,0.0070,,
0.3795,49,3.5,21.3,0.0075,,
0.3880,50,4.4,21.3,0.0075,,
0.3960,51,5.3,21.3,0.0075,,
0.4045,52,6.3,21.3,0.0070,,
0.4130,53,7.1,21.3,0.0070,,
0.4205,54,7.9,21.3,0.0070,,
0.4290,55,8.7,21.3,0.0075,,
0.4375,56,9.6,21.3,0.0075,,
0.4460,57,10.5,21.3,0.0075,,
0.4540,58,11.2,21.3,0.0065,,
0.4625,59,12.0,21.3,0.0075,,
0.4700,60,12.8,21.3,0.0070,,
0.4785,61,13.6,21.3,0.0075,,
0.4870,62,14.5,21.3,0.0075,,
0.4955,63,15.2,21.3,0.0075,,
0.5040,64,16.0,21.3,0.0070,,
0.5125,65,16.9,21.3,0.0070,,
0.5200,66,17.6,21.3,0.0070,,
0.5285,67,18.5,21.3,0.0075,,
0.5365,68,19.2,21.3,0.0075,,
0.5450,69,20.0,21.3,0.0075,,
0.5535,70,20.9,21.3,0.0070,,
0.5620,71,21.7,21.3,0.0070,,
0.5695,72,22.4,21.3,0.0070,,
0.5780,73,23.2,21.3,0.0075,,
0.5865,74,24.0,21.3,0.0075,,
0.5945,75,24.9,21.3,0.0075,,
0.6030,76,25.7,21.3,0.0070,,
0.6115,77,26.4,21.3,0.0070,,
0.6190,78,27.2,21.3,0.0070,,
0.6275,79,28.1,21.3,0.0075,,
0.6360,80,28.9,21.3,0.0075,,
0.6445,81,29.8,21.3,0.0075,,
0.6530,82,30.5,21.3,0.0070,,
0.6610,83,31.4,21.3,0.0065,,
0.6690,84,32.2,21.3,0.0075,,
0.6770,85,33.1,21.3,0.0075,,
0.6855,86,33.9,21.3,0.0075,,
0.6940,87,34.8,21.3,0.0075,,
0.7025,88,35.7,21.3,0.0070,,
0.7110,89,36.5,21.3,0.0075,,
0.7185,90,37.4,21.3,0.0070,,
0.7270,91,38.2,21.3,0.0075,,
0.7355,92,39.1,21.3,0.0075,,
0.7435,93,40.0,21.3,0.0075,,
0.7520,94,40.9,21.3,0.0070,,
0.7605,95,41.8,21.3,0.0075,,
0.7680,96,42.7,21.3,0.0070,,
0.7765,97,43.6,21.3,0.0075,,
0.7850,98,44.5,21.3,0.0075,,
0.7935,99,45.5,21.3,0.0070,,
0.8015,100,46.4,21.3,0.0065,,
0.8100,101,47.4,21.3,0.0070,,
0.8175,102,48.3,21.3,0.0070,,
0.8260,103,49.3,21.3,0.0075,,
0.8345,104,50.3,21.3,0.0075,,
0.8430,105,51.2,21.3,0.0075,,
0.8515,106,52.2,21.3,0.0070,,
0.8600,107,53.0,21.3,0.0075,,
0.8675,108,54.1,21.3,0.0070,,
0.8760,109,55.1,21.3,0.0075,,
0.8840,110,56.2,21.3,0.0075,,
0.8925,111,57.2,21.3,0.0075,,
0.9010,112,58.3,21.3,0.0070,,
0.9095,113,59.3,21.3,0.0075,,
0.9170,114,60.4,21.3,0.0070,,
0.9255,115,61.5,21.3,0.0075,,
0.9340,116,62.6,21.3,0.0075,,
0.9420,117,63.8,21.3,0.0075,,
0.9505,118,64.9,21.3,0.0070,,
0.9590,119,66.1,21.3,0.0070,,
0.9675,120,67.2,21.3,0.0075,,
0.9750,121,68.3,21.3,0.0070,,
0.9835,122,69.6,21.3,0.0075,,
0.9920,123,70.8,21.3,0.0075,,
1.0000,124,71.9,21.3,0.0065,,
1.0085,125,73.1,21.3,0.0070,,
1.0170,126,74.3,21.3,0.0075,,
1.0245,127,75.7,21.3,0.0070,,
1.0330,128,76.9,21.3,0.0075,,
1.0415,129,78.2,21.3,0.0075,,
1.0500,130,79.7,21.3,0.0070,,
1.0580,131,81.1,21.3,0.0065,,
1.0660,132,82.4,21.3,0.0075,,
1.0740,133,83.8,21.3,0.0075,,
1.0825,134,85.3,21.3,0.0075,,
1.0910,135,87.0,21.3,0.0075,,
1.0995,136,88.7,21.3,0.0070,,
1.1080,137,90.3,21.3,0.0070,,
1.1165,138,91.8,21.3,0.0075,,
1.1240,139,93.5,21.3,0.0070,,
1.1325,140,95.4,21.3,0.0075,,
1.1405,141,97.4,21.3,0.0075,,
1.1490,142,99.2,21.3,0.0070,,
1.1575,143,101.3,21.3,0.0070,,
1.1650,144,103.2,21.3,0.0070,,
1.1735,145,105.6,21.3,0.0075,,
1.1820,146,107.9,21.3,0.0075,,
1.1905,147,110.2,21.3,0.0075,,
1.1990,148,113.0,21.3,0.0070,,
1.2070,149,115.9,21.3,0.0065,,
1.2150,150,118.6,21.3,0.0075,,
1.2230,151,121.7,21.3,0.0075,,
1.2315,152,124.9,21.3,0.0075,,
1.2400,153,128.4,21.3,0.0075,,
1.2485,154,132.2,21.3,0.0070,,
1.2570,155,136.0,21.3,0.0070,,
1.2645,156,139.4,21.3,0.0070,,
1.2730,157,142.9,21.3,0.0075,,
1.2810,158,146.8,21.3,0.0075,,
1.2895,159,150.6,21.3,0.0075,,
1.2980,160,153.9,21.3,0.0070,,
1.3065,161,157.1,21.3,0.0070,,
1.3140,162,160.0,21.3,0.0070,,
1.3225,163,162.9,21.3,0.0075,,
1.3310,164,165.5,21.3,0.0075,,
1.3390,165,167.7,21.3,0.0075,,
1.3475,166,170.2,21.3,0.0070,,
1.3560,167,172.4,21.3,0.0070,,
1.3635,168,174.2,21.3,0.0070,,
1.3720,169,176.0,21.3,0.0075,,
1.3805,170,177.7,21.3,0.0075,,
1.3890,171,179.4,21.3,0.0075,,
1.3970,172,181.0,21.3,0.0075,,
1.4055,173,182.4,21.3,0.0070,,
1.4140,174,183.8,21.3,0.0070,,
1.4235,175,185.0,21.3,0.0075,,
1.4235,415,186.7,21.4,0.0000,,
1.4240,416,186.7,21.4,0.0005,,
1.4255,417,186.7,21.4,0.0010,,
1.4280,418,186.9,21.4,0.0020,,
1.4320,420,187.3,21.4,0.0025,,
1.4380,420,188.0,21.4,0.0120,,
1.4460,421,188.8,21.4,0.0055,,
1.4540,422,189.8,21.4,0.0055,,
1.4620,423,191.0,21.4,0.0055,,
1.4705,424,191.9,21.4,0.0060,,
1.4790,426,193.0,21.4,0.0055,,
1.4875,426,193.9,21.4,0.0170,,
1.4960,428,194.8,21.4,0.0055,,
1.5035,428,195.6,21.4,0.0185,,
1.5120,429,196.3,21.4,0.0060,,
1.5200,430,197.2,21.4,0.0055,,
1.5285,432,198.0,21.4,0.0055,,
1.5370,432,198.7,21.4,0.0170,,
1.5455,434,199.5,21.4,0.0055,,
1.5530,434,200.2,21.4,0.0185,,
1.5615,435,200.8,21.4,0.0060,,
1.5700,436,201.6,21.4,0.0060,,
1.5785,438,202.2,21.4,0.0055,,
1.5865,438,202.9,21.4,0.0160,,
1.5950,440,203.6,21.4,0.0055,,
1.6025,440,204.0,21.4,0.0185,,
1.6110,441,204.8,21.4,0.0060,,
1.6195,442,205.3,21.4,0.0060,,
1.6280,444,205.9,21.4,0.0055,,
1.6365,444,206.6,21.4,0.0170,,
1.6445,446,207.1,21.4,0.0055,,
1.6530,446,207.6,21.4,0.0210,,
1.6605,447,208.1,21.4,0.0055,,
1.6690,448,208.6,21.4,0.0060,,
1.6775,450,209.2,21.4,0.0055,,
1.6860,450,209.6,21.4,0.0170,,
1.6945,452,210.1,21.4,0.0055,,
1.7025,452,210.6,21.4,0.0160,,
1.7105,453,211.0,21.4,0.0055,,
1.7185,454,211.5,21.4,0.0055,,
1.7270,456,212.0,21.4,0.0055,,
1.7355,456,212.4,21.4,0.0170,,
1.7440,458,212.8,21.4,0.0055,,
1.7525,458,213.4,21.4,0.0170,,
1.7600,459,213.7,21.4,0.0055,,
1.7685,460,214.2,21.4,0.0060,,
1.7765,461,214.5,21.4,0.0055,,
1.7850,462,214.9,21.4,0.0055,,
1.7935,464,215.3,21.4,0.0055,,
1.8020,464,215.7,21.4,0.0170,,
1.8095,465,216.1,21.4,0.0055,,
1.8180,466,216.4,21.4,0.0060,,
1.8265,467,216.8,21.4,0.0060,,
1.8345,468,217.3,21.4,0.0055,,
1.8430,470,217.6,21.4,0.0055,,
1.8515,470,217.9,21.4,0.0170,,
1.8590,471,218.2,21.4,0.0055,,
1.8675,472,218.6,21.4,0.0060,,
1.8760,473,219.0,21.4,0.0060,,
1.8845,474,219.3,21.4,0.0055,,
1.8930,476,219.6,21.4,0.0055,,
1.9010,476,219.9,21.4,0.0160,,
1.9090,477,220.2,21.4,0.0055,,
1.9170,478,220.6,21.4,0.0055,,
1.9255,479,220.9,21.4,0.0060,,
1.9340,480,221.2,21.4,0.0055,,
1.9425,482,221.5,21.4,0.0055,,
1.9510,482,221.9,21.4,0.0170,,
1.9585,483,222.2,21.4,0.0055,,
1.9670,484,222.4,21.4,0.0060,,
1.9750,485,222.7,21.4,0.0055,,
1.9835,486,223.0,21.4,0.0055,,
1.9920,488,223.3,21.4,0.0055,,
2.0005,488,223.6,21.4,0.0170,,
2.0090,489,223.9,21.4,0.0060,,
2.0165,490,224.1,21.4,0.0055,,
2.0250,491,224.4,21.4,0.0060,,
2.0330,492,224.7,21.4,0.0055,,
2.0415,494,225.0,21.4,0.0055,,
2.0500,494,225.2,21.4,0.0170,,
2.0585,496,225.5,21.4,0.0055,,
2.0660,496,225.7,21.4,0.0185,,
2.0745,497,226.0,21.4,0.0060,,
2.0825,498,226.3,21.4,0.0055,,
2.0910,500,226.5,21.4,0.0055,,
2.0995,500,226.7,21.4,0.0170,,
2.1080,502,227.1,21.4,0.0055,,
2.1155,502,227.3,21.4,0.0185,,
2.1240,503,227.5,21.4,0.0060,,
2.1325,504,227.7,21.4,0.0060,,
2.1410,506,228.0,21.4,0.0055,,
2.1490,506,228.3,21.4,0.0160,,
2.1575,508,228.5,21.4,0.0055,,
2.1660,508,228.7,21.4,0.0210,,
2.1735,509,228.9,21.4,0.0055,,
2.1820,510,229.2,21.4,0.0060,,
2.1905,512,229.4,21.4,0.0055,,
2.1990,512,229.6,21.4,0.0170,,
2.2070,514,229.7,21.4,0.0055,,
2.2155,514,230.1,21.4,0.0170,,
2.2230,515,230.2,21.4,0.0055,,
2.2315,516,230.5,21.4,0.0060,,
2.2400,518,230.7,21.4,0.0055,,
2.2485,518,230.9,21.4,0.0170,,
2.2570,520,231.1,21.4,0.0055,,
2.2655,520,231.3,21.4,0.0210,,
2.2730,521,231.5,21.4,0.0055,,
2.2815,522,231.7,21.4,0.0060,,
2.2895,524,231.9,21.4,0.0055,,
2.2980,524,232.1,21.4,0.0170,,
2.3065,526,232.4,21.4,0.0055,,
2.3150,526,232.6,21.4,0.0210,,
2.3225,527,232.7,21.4,0.0055,,
2.3310,528,232.9,21.4,0.0060,,
2.3395,530,233.1,21.4,0.0055,,
2.3475,530,233.4,21.4,0.0160,,
2.3560,532,233.5,21.4,0.0055,,
2.3645,532,233.7,21.4,0.0210,,
2.3720,533,233.8,21.4,0.0055,,
2.3805,534,234.1,21.4,0.0060,,
2.3890,536,234.2,21.4,0.0055,,
2.3965,536,234.4,21.4,0.0150,,
2.3980,538,234.5,21.4,0.0010,,
2.3985,538,234.5,21.4,0.0010,,
2.3995,539,234.6,21.4,0.0005,,
2.4015,540,234.6,21.4,0.0015,,
2.4050,542,234.6,21.4,0.0025,,
2.4095,542,234.8,21.4,0.0090,,
2.4155,544,234.9,21.4,0.0040,,
2.4225,545,235.0,21.4,0.0115,,
Scope 1/1, Sample 22/32 (T14)
Result,TitrationEP1
V,t,E,T,dV/dt,E acc. stat.,Volume acc. stat.
0.0000,0,-70.9,21.3,NaN,,
0.0005,1,-70.9,21.3,0.0005,,
0.0025,2,-70.8,21.3,0.0020,,
0.0050,3,-70.7,21.3,0.0025,,
0.0085,4,-70.7,21.3,0.0030,,
0.0150,5,-70.4,21.3,0.0060,,
0.0230,6,-69.7,21.3,0.0075,,
0.0305,7,-68.9,21.3,0.0075,,
0.0390,8,-67.8,21.3,0.0085,,
0.0475,9,-66.7,21.3,0.0085,,
0.0560,10,-65.4,21.3,0.0075,,
0.0640,11,-63.7,21.3,0.0075,,
0.0725,12,-62.2,21.3,0.0075,,
0.0810,13,-60.6,21.3,0.0075,,
0.0885,14,-58.9,21.3,0.0075,,
0.0970,15,-57.0,21.3,0.0085,,
0.1055,16,-54.9,21.3,0.0075,,
0.1140,17,-52.8,21.3,0.0075,,
0.1220,18,-50.7,21.3,0.0075,,
0.1305,19,-48.3,21.3,0.0075,,
0.1380,20,-46.3,21.3,0.0075,,
0.1465,21,-43.6,21.3,0.0085,,
0.1550,22,-40.9,21.3,0.0075,,
0.1635,23,-38.2,21.3,0.0075,,
0.1720,24,-35.4,21.3,0.0075,,
0.1805,25,-32.4,21.3,0.0075,,
0.1880,26,-30.1,21.3,0.0075,,
0.1965,27,-27.5,21.3,0.0085,,
0.2045,28,-25.3,21.3,0.0075,,
0.2130,29,-23.1,21.3,0.0075,,
0.2215,30,-21.0,21.3,0.0075,,
0.2300,31,-19.2,21.3,0.0075,,
0.2375,32,-17.6,21.3,0.0075,,
0.2460,33,-16.1,21.3,0.0085,,
0.2545,34,-14.6,21.3,0.0075,,
0.2625,35,-13.0,21.3,0.0075,,
0.2710,36,-11.7,21.3,0.0075,,
0.2795,37,-10.5,21.3,0.0075,,
0.2870,38,-9.4,21.3,0.0075,,
0.2955,39,-8.1,21.3,0.0085,,
0.3040,40,-6.9,21.3,0.0075,,
0.3125,41,-5.9,21.3,0.0075,,
0.3210,42,-4.8,21.3,0.0075,,
0.3290,43,-3.6,21.3,0.0075,,
0.3370,44,-2.7,21.3,0.0080,,
0.3450,45,-1.7,21.3,0.0080,,
0.3535,46,-0.7,21.3,0.0085,,
0.3620,47,0.2,21.3,0.0075,,
0.3705,48,1.2,21.3,0.0075,,
0.3790,49,2.1,21.3,0.0075,,
0.3870,50,3.0,21.3,0.0080,,
0.3950,51,3.7,21.3,0.0080,,
0.4030,52,4.5,21.3,0.0080,,
0.4115,53,5.5,21.3,0.0075,,
0.4200,54,6.3,21.3,0.0075,,
0.4285,55,7.2,21.3,0.0075,,
0.4370,56,8.0,21.3,0.0085,,
0.4445,57,8.8,21.3,0.0075,,
0.4530,58,9.7,21.3,0.0085,,
0.4610,59,10.5,21.3,0.0075,,
0.4695,60,11.2,21.3,0.0075,,
0.4780,61,12.0,21.3,0.0075,,
0.4865,62,12.8,21.3,0.0085,,
0.4940,63,13.7,21.3,0.0075,,
0.5025,64,14.5,21.3,0.0085,,
0.5110,65,15.2,21.3,0.0075,,
0.5195,66,16.1,21.3,0.0075,,
0.5275,67,16.9,21.3,0.0075,,
0.5360,68,17.6,21.3,0.0085,,
0.5435,69,18.5,21.3,0.0075,,
0.5520,70,19.2,21.3,0.0085,,
0.5605,71,20.0,21.3,0.0075,,
0.5690,72,20.9,21.3,0.0075,,
0.5775,73,21.7,21.3,0.0075,,
0.5855,74,22.5,21.3,0.0075,,
0.5935,75,23.1,21.3,0.0080,,
0.6015,76,23.8,21.3,0.0080,,
0.6100,77,24.7,21.3,0.0075,,
0.6185,78,25.5,21.3,0.0075,,
0.6270,79,26.2,21.3,0.0075,,
0.6355,80,27.1,21.3,0.0075,,
0.6430,81,27.8,21.3,0.0075,,
0.6515,82,28.8,21.3,0.0085,,
0.6595,83,29.6,21.3,0.0075,,
0.6680,84,30.4,21.3,0.0075,,
0.6765,85,31.3,21.3,0.0075,,
0.6850,86,32.2,21.3,0.0075,,
0.6925,87,33.0,21.3,0.0075,,
0.7010,88,33.9,21.3,0.0085,,
0.7095,89,34.6,21.3,0.0085,,
0.7175,90,35.5,21.3,0.0075,,
0.7260,91,36.5,21.3,0.0075,,
0.7345,92,37.4,21.3,0.0075,,
0.7430,93,38.2,21.3,0.0085,,
0.7505,94,39.0,21.3,0.0075,,
0.7590,95,39.9,21.3,0.0085,,
0.7675,96,41.0,21.3,0.0075,,
0.7755,97,41.8,21.3,0.0075,,
0.7840,98,42.6,21.3,0.0075,,
0.7925,99,43.5,21.3,0.0085,,
0.8000,100,44.4,21.3,0.0075,,
0.8085,101,45.4,21.3,0.0085,,
0.8170,102,46.3,21.3,0.0075,,
0.8255,103,47.2,21.3,0.0075,,
0.8340,104,48.2,21.3,0.0075,,
0.8420,105,49.0,21.3,0.0080,,
0.8500,106,50.2,21.3,0.0080,,
0.8580,107,51.1,21.3,0.0080,,
0.8665,108,52.1,21.3,0.0075,,
0.8750,109,53.2,21.3,0.0075,,
0.8835,110,54.2,21.3,0.0075,,
0.8910,111,55.2,21.3,0.0075,,
0.8995,112,56.2,21.3,0.0085,,
0.9080,113,57.2,21.3,0.0085,,
0.9165,114,58.4,21.3,0.0075,,
0.9245,115,59.3,21.3,0.0075,,
0.9330,116,60.4,21.3,0.0075,,
0.9415,117,61.3,21.3,0.0085,,
0.9490,118,62.5,21.3,0.0075,,
0.9575,119,63.6,21.3,0.0085,,
0.9660,120,64.8,21.3,0.0075,,
0.9740,121,65.8,21.3,0.0075,,
0.9825,122,67.1,21.3,0.0075,,
0.9910,123,68.1,21.3,0.0085,,
0.9985,124,69.5,21.3,0.0075,,
1.0070,125,70.8,21.3,0.0085,,
1.0155,126,71.9,21.3,0.0075,,
1.0240,127,73.3,21.3,0.0075,,
1.0325,128,74.6,21.3,0.0075,,
1.0405,129,75.8,21.3,0.0080,,
1.0485,130,77.1,21.3,0.0080,,
1.0565,131,78.4,21.3,0.0080,,
1.0650,132,80.0,21.3,0.0075,,
1.0735,133,81.4,21.3,0.0075,,
1.0820,134,82.8,21.3,0.0075,,
1.0905,135,84.3,21.3,0.0075,,
1.0980,136,85.7,21.3,0.0075,,
1.1065,137,87.4,21.3,0.0085,,
1.1145,138,89.0,21.3,0.0075,,
1.1230,139,90.6,21.3,0.0075,,
1.1315,140,92.3,21.3,0.0075,,
1.1400,141,94.0,21.3,0.0085,,
1.1475,142,96.0,21.3,0.0075,,
1.1560,143,98.0,21.3,0.0085,,
1.1645,144,99.9,21.3,0.0075,,
1.1730,145,102.1,21.3,0.0075,,
1.1810,146,104.3,21.3,0.0075,,
1.1895,147,106.6,21.3,0.0075,,
1.1970,148,109.0,21.3,0.0075,,
1.2055,149,111.2,21.3,0.0085,,
1.2140,150,114.2,21.3,0.0075,,
1.2225,151,117.1,21.3,0.0075,,
1.2310,152,120.1,21.3,0.0075,,
1.2390,153,123.2,21.3,0.0075,,
1.2470,154,126.4,21.3,0.0080,,
1.2550,155,130.0,21.3,0.0080,,
1.2635,156,134.1,21.3,0.0085,,
1.2720,157,137.9,21.3,0.0075,,
1.2805,158,141.6,21.3,0.0075,,
1.2890,159,145.5,21.3,0.0075,,
1.2965,160,148.9,21.3,0.0075,,
1.3050,161,152.7,21.3,0.0085,,
1.3130,162,156.1,21.3,0.0075,,
1.3215,163,159.1,21.3,0.0075,,
1.3300,164,162.2,21.3,0.0075,,
1.3385,165,164.9,21.3,0.0075,,
1.3460,166,167.2,21.3,0.0075,,
1.3545,167,169.3,21.3,0.0085,,
1.3630,168,171.6,21.3,0.0085,,
1.3715,169,173.8,21.3,0.0075,,
1.3795,170,175.6,21.3,0.0075,,
1.3880,171,177.3,21.3,0.0075,,
1.3965,172,178.8,21.3,0.0085,,
1.4040,173,180.5,21.3,0.0075,,
1.4125,174,181.9,21.3,0.0085,,
1.4210,175,183.4,21.3,0.0075,,
1.4295,176,184.5,21.3,0.0075,,
1.4345,177,185.2,21.3,0.0070,,
1.4345,417,187.0,21.4,0.0000,,
1.4350,418,187.1,21.4,0.0005,,
1.4365,419,187.2,21.4,0.0020,,
1.4390,420,187.3,21.4,0.0030,,
1.4430,421,187.5,21.4,0.0045,,
1.4490,422,188.2,21.4,0.0065,,
1.4570,423,189.2,21.4,0.0090,,
1.4650,424,190.1,21.4,0.0100,,
1.4730,425,191.0,21.4,0.0100,,
1.4815,426,192.0,21.4,0.0095,,
1.4900,427,193.0,21.4,0.0095,,
1.4985,428,194.0,21.4,0.0095,,
1.5070,429,194.9,21.4,0.0105,,
1.5145,430,195.6,21.4,0.0095,,
1.5230,431,196.5,21.4,0.0105,,
1.5315,432,197.4,21.4,0.0095,,
1.5395,433,198.1,21.4,0.0090,,
1.5480,434,198.8,21.4,0.0095,,
1.5565,435,199.5,21.4,0.0105,,
1.5640,436,200.3,21.4,0.0095,,
1.5725,437,201.0,21.4,0.0105,,
1.5810,438,201.6,21.4,0.0095,,
1.5895,439,202.2,21.4,0.0095,,
1.5975,440,202.9,21.4,0.0090,,
1.6060,441,203.6,21.4,0.0095,,
1.6135,442,204.2,21.4,0.0095,,
1.6220,443,204.7,21.4,0.0105,,
1.6305,444,205.3,21.4,0.0095,,
1.6390,445,205.9,21.4,0.0095,,
1.6475,446,206.6,21.4,0.0095,,
1.6560,447,207.0,21.4,0.0095,,
1.6635,448,207.6,21.4,0.0095,,
1.6715,449,207.9,21.4,0.0100,,
1.6800,450,208.6,21.4,0.0105,,
1.6885,451,209.2,21.4,0.0095,,
1.6970,452,209.5,21.4,0.0095,,
1.7055,453,210.0,21.4,0.0095,,
1.7130,454,210.5,21.4,0.0095,,
1.7215,455,211.1,21.4,0.0105,,
1.7300,456,211.6,21.4,0.0105,,
1.7380,457,211.9,21.4,0.0090,,
1.7465,458,212.3,21.4,0.0095,,
1.7550,459,212.9,21.4,0.0095,,
1.7625,460,213.3,21.4,0.0095,,
1.7710,461,213.7,21.4,0.0105,,
1.7795,462,214.0,21.4,0.0105,,
1.7880,463,214.5,21.4,0.0095,,
1.7965,464,215.0,21.4,0.0095,,
1.8045,465,215.3,21.4,0.0090,,
1.8125,466,215.8,21.4,0.0100,,
1.8205,467,216.0,21.4,0.0100,,
1.8290,468,216.5,21.4,0.0095,,
1.8375,469,217.0,21.4,0.0095,,
1.8460,470,217.3,21.4,0.0095,,
1.8545,471,217.6,21.4,0.0095,,
1.8620,472,217.9,21.4,0.0095,,
1.8705,473,218.2,21.4,0.0105,,
1.8785,474,218.7,21.4,0.0100,,
1.8870,475,218.9,21.4,0.0095,,
1.8955,476,219.2,21.4,0.0095,,
1.9040,477,219.7,21.4,0.0095,,
1.9115,478,219.9,21.4,0.0095,,
1.9200,479,220.2,21.4,0.0105,,
1.9285,480,220.5,21.4,0.0105,,
1.9365,481,220.8,21.4,0.0090,,
1.9450,482,221.2,21.4,0.0095,,
1.9535,483,221.6,21.4,0.0095,,
1.9610,484,221.8,21.4,0.0095,,
1.9695,485,222.0,21.4,0.0105,,
1.9780,486,222.3,21.4,0.0105,,
1.9865,487,222.7,21.4,0.0095,,
1.9950,488,223.0,21.4,0.0095,,
2.0030,489,223.2,21.4,0.0090,,
2.0105,490,223.7,21.4,0.0095,,
2.0190,491,223.9,21.4,0.0105,,
2.0275,492,224.2,21.4,0.0105,,
2.0360,493,224.6,21.4,0.0095,,
2.0445,494,224.7,21.4,0.0095,,
2.0530,495,225.0,21.4,0.0095,,
2.0610,496,225.2,21.4,0.0100,,
2.0690,497,225.6,21.4,0.0100,,
2.0770,498,225.9,21.4,0.0100,,
2.0855,499,226.1,21.4,0.0095,,
2.0940,500,226.3,21.4,0.0095,,
2.1025,501,226.6,21.4,0.0095,,
2.1110,502,226.9,21.4,0.0095,,
2.1185,503,227.1,21.4,0.0095,,
2.1270,504,227.3,21.4,0.0105,,
2.1350,505,227.5,21.4,0.0090,,
2.1435,506,227.9,21.4,0.0095,,
2.1520,507,228.1,21.4,0.0095,,
2.1605,508,228.2,21.4,0.0095,,
2.1680,509,228.4,21.4,0.0095,,
2.1765,510,228.5,21.4,0.0105,,
2.1850,511,228.9,21.4,0.0105,,
2.1930,512,229.2,21.4,0.0090,,
2.2015,513,229.3,21.4,0.0095,,
2.2100,514,229.5,21.4,0.0095,,
2.2175,515,229.8,21.4,0.0095,,
2.2260,516,230.1,21.4,0.0105,,
2.2345,517,230.4,21.4,0.0105,,
2.2430,518,230.4,21.4,0.0095,,
2.2510,519,230.7,21.4,0.0090,,
2.2595,520,231.0,21.4,0.0095,,
2.2670,521,231.2,21.4,0.0095,,
2.2755,522,231.4,21.4,0.0105,,
2.2840,523,231.5,21.4,0.0105,,
2.2925,524,231.7,21.4,0.0095,,
2.3010,525,232.1,21.4,0.0095,,
2.3095,526,232.2,21.4,0.0095,,
2.3170,527,232.4,21.4,0.0095,,
2.3255,528,232.5,21.4,0.0105,,
2.3335,529,232.8,21.4,0.0100,,
2.3420,530,233.0,21.4,0.0095,,
2.3505,531,233.0,21.4,0.0095,,
2.3590,532,233.2,21.4,0.0095,,
2.3665,533,233.3,21.4,0.0095,,
2.3750,534,233.7,21.4,0.0105,,
2.3835,535,234.0,21.4,0.0105,,
2.3910,536,234.1,21.4,0.0085,,
2.3950,537,234.2,21.4,0.0045,,
2.3955,538,234.4,21.4,0.0005,,
2.3965,539,234.4,21.4,0.0010,,
2.3980,540,234.4,21.4,0.0020,,
2.4005,541,234.3,21.4,0.0030,,
2.4025,542,234.3,21.4,0.0020,,
2.4035,543,234.4,21.4,0.0010,,
2.4045,544,234.4,21.4,0.0010,,
2.4060,545,234.3,21.4,0.0015,,
2.4075,546,234.4,21.4,0.0020,,
2.4095,547,234.4,21.4,0.0025,,
2.4125,548,234.5,21.4,0.0035,,
2.4170,549,234.7,21.4,0.0050,,
2.4215,550,234.7,21.4,0.0050,,
2.4260,551,234.8,21.4,0.0050,,
2.4290,552,235.1,21.4,0.0060,,
Scope 1/1, Sample 23/32 (T15)
Result,TitrationEP1
V,t,E,T,dV/dt,E acc. stat.,Volume acc. stat.
0.0000,0,-71.1,21.3,NaN,,
0.0005,1,-71.1,21.3,0.0005,,
0.0025,2,-71.2,21.3,0.0020,,
0.0050,3,-71.2,21.3,0.0025,,
0.0090,4,-71.1,21.3,0.0035,,
0.0150,5,-70.7,21.3,0.0055,,
0.0235,6,-70.1,21.3,0.0075,,
0.0310,7,-69.3,21.3,0.0075,,
0.0395,8,-68.2,21.3,0.0085,,
0.0480,9,-66.8,21.3,0.0085,,
0.0565,10,-65.4,21.3,0.0075,,
0.0645,11,-64.0,21.3,0.0075,,
0.0730,12,-62.3,21.3,0.0075,,
0.0805,13,-60.7,21.3,0.0075,,
0.0890,14,-58.9,21.3,0.0085,,
0.0975,15,-56.9,21.3,0.0085,,
0.1060,16,-54.8,21.3,0.0075,,
0.1145,17,-52.8,21.3,0.0075,,
0.1230,18,-50.6,21.3,0.0075,,
0.1310,19,-48.6,21.3,0.0080,,
0.1390,20,-46.0,21.3,0.0080,,
0.1470,21,-43.5,21.3,0.0080,,
0.1555,22,-40.7,21.3,0.0075,,
0.1640,23,-37.9,21.3,0.0075,,
0.1725,24,-35.1,21.3,0.0075,,
0.1800,25,-32.6,21.3,0.0075,,
0.1885,26,-29.8,21.3,0.0085,,
0.1970,27,-27.2,21.3,0.0085,,
0.2055,28,-24.9,21.3,0.0075,,
0.2135,29,-22.6,21.3,0.0075,,
0.2220,30,-20.6,21.3,0.0075,,
0.2295,31,-18.8,21.3,0.0075,,
0.2380,32,-17.1,21.3,0.0085,,
0.2465,33,-15.5,21.3,0.0075,,
0.2550,34,-14.0,21.3,0.0075,,
0.2635,35,-12.5,21.3,0.0075,,
0.2720,36,-11.2,21.3,0.0075,,
0.2795,37,-10.0,21.3,0.0075,,
0.2880,38,-8.7,21.3,0.0085,,
0.2960,39,-7.6,21.3,0.0075,,
0.3045,40,-6.4,21.3,0.0075,,
0.3130,41,-5.3,21.3,0.0075,,
0.3215,42,-4.3,21.3,0.0085,,
0.3290,43,-3.2,21.3,0.0075,,
0.3375,44,-2.2,21.3,0.0085,,
0.3460,45,-1.2,21.3,0.0075,,
0.3540,46,-0.2,21.3,0.0075,,
0.3625,47,0.7,21.3,0.0075,,
0.3710,48,1.5,21.3,0.0085,,
0.3785,49,2.4,21.3,0.0075,,
0.3870,50,3.4,21.3,0.0085,,
0.3955,51,4.3,21.3,0.0075,,
0.4040,52,5.3,21.3,0.0075,,
0.4125,53,6.2,21.3,0.0075,,
0.4205,54,7.1,21.3,0.0075,,
0.4280,55,7.8,21.3,0.0075,,
0.4365,56,8.6,21.3,0.0085,,
0.4450,57,9.5,21.3,0.0085,,
0.4535,58,10.2,21.3,0.0075,,
0.4620,59,11.1,21.3,0.0075,,
0.4705,60,11.9,21.3,0.0075,,
0.4780,61,12.6,21.3,0.0075,,
0.4860,62,13.4,21.3,0.0080,,
0.4945,63,14.2,21.3,0.0085,,
0.5030,64,15.0,21.3,0.0075,,
0.5115,65,15.8,21.3,0.0075,,
0.5200,66,16.6,21.3,0.0075,,
0.5275,67,17.3,21.3,0.0075,,
0.5360,68,18.2,21.3,0.0085,,
0.5445,69,19.0,21.3,0.0085,,
0.5525,70,19.9,21.3,0.0075,,
0.5610,71,20.6,21.3,0.0075,,
0.5695,72,21.5,21.3,0.0075,,
0.5780,73,22.2,21.3,0.0085,,
0.5855,74,23.0,21.3,0.0075,,
0.5940,75,23.8,21.3,0.0085,,
0.6025,76,24.5,21.3,0.0075,,
0.6110,77,25.3,21.3,0.0075,,
0.6190,78,26.2,21.3,0.0075,,
0.6265,79,26.9,21.3,0.0075,,
0.6350,80,27.7,21.3,0.0085,,
0.6435,81,28.6,21.3,0.0075,,
0.6520,82,29.3,21.3,0.0075,,
0.6605,83,30.2,21.3,0.0075,,
0.6690,84,31.1,21.3,0.0075,,
0.6770,85,31.9,21.3,0.0080,,
0.6850,86,32.8,21.3,0.0080,,
0.6930,87,33.7,21.3,0.0080,,
0.7015,88,34.5,21.3,0.0075,,
0.7100,89,35.3,21.3,0.0075,,
0.7185,90,36.2,21.3,0.0075,,
0.7260,91,36.9,21.3,0.0075,,
0.7345,92,37.9,21.3,0.0085,,
0.7430,93,38.8,21.3,0.0085,,
0.7515,94,39.7,21.3,0.0075,,
0.7595,95,40.6,21.3,0.0075,,
0.7680,96,41.5,21.3,0.0075,,
0.7755,97,42.3,21.3,0.0075,,
0.7840,98,43.2,21.3,0.0085,,
0.7925,99,44.2,21.3,0.0075,,
0.8010,100,45.1,21.3,0.0075,,
0.8095,101,46.1,21.3,0.0075,,
0.8175,102,47.0,21.3,0.0075,,
0.8260,103,47.8,21.3,0.0085,,
0.8335,104,48.7,21.3,0.0075,,
0.8420,105,49.8,21.3,0.0085,,
0.8505,106,50.7,21.3,0.0075,,
0.8590,107,51.7,21.3,0.0075,,
0.8675,108,52.7,21.3,0.0075,,
0.8750,109,53.5,21.3,0.0075,,
0.8835,110,54.6,21.3,0.0085,,
0.8920,111,55.7,21.3,0.0085,,
0.9000,112,56.7,21.3,0.0075,,
0.9085,113,57.8,21.3,0.0075,,
0.9170,114,58.9,21.3,0.0075,,
0.9245,115,59.7,21.3,0.0075,,
0.9330,116,60.8,21.3,0.0085,,
0.9415,117,61.9,21.3,0.0085,,
0.9500,118,62.9,21.3,0.0075,,
0.9580,119,64.1,21.3,0.0075,,
0.9665,120,65.2,21.3,0.0075,,
0.9750,121,66.2,21.3,0.0085,,
0.9825,122,67.3,21.3,0.0075,,
0.9910,123,68.5,21.3,0.0085,,
0.9995,124,69.6,21.3,0.0075,,
1.0080,125,70.9,21.3,0.0075,,
1.0160,126,72.0,21.3,0.0075,,
1.0245,127,73.2,21.3,0.0085,,
1.0320,128,74.5,21.3,0.0075,,
1.0405,129,75.9,21.3,0.0085,,
1.0490,130,77.3,21.3,0.0075,,
1.0575,131,78.7,21.3,0.0075,,
1.0660,132,80.0,21.3,0.0075,,
1.0740,133,81.4,21.3,0.0075,,
1.0820,134,82.8,21.3,0.0080,,
1.0900,135,84.3,21.3,0.0080,,
1.0985,136,85.8,21.3,0.0075,,
1.1070,137,87.3,21.3,0.0075,,
1.1155,138,88.9,21.3,0.0075,,
1.1240,139,90.7,21.3,0.0075,,
1.1315,140,92.2,21.3,0.0075,,
1.1400,141,94.0,21.3,0.0085,,
1.1480,142,95.8,21.3,0.0080,,
1.1565,143,97.6,21.3,0.0075,,
1.1650,144,99.5,21.3,0.0075,,
1.1735,145,101.5,21.3,0.0075,,
1.1810,146,103.4,21.3,0.0075,,
1.1895,147,105.5,21.3,0.0085,,
1.1980,148,107.8,21.3,0.0085,,
1.2065,149,110.3,21.3,0.0075,,
1.2145,150,113.1,21.3,0.0075,,
1.2230,151,115.9,21.3,0.0075,,
1.2305,152,118.6,21.3,0.0075,,
1.2390,153,121.4,21.3,0.0085,,
1.2475,154,124.4,21.3,0.0085,,
1.2560,155,127.9,21.3,0.0075,,
1.2645,156,131.5,21.3,0.0075,,
1.2725,157,135.5,21.3,0.0075,,
1.2805,158,138.8,21.3,0.0080,,
1.2885,159,142.7,21.3,0.0080,,
1.2970,160,146.4,21.3,0.0075,,
1.3055,161,149.8,21.3,0.0075,,
1.3140,162,153.2,21.3,0.0075,,
1.3225,163,156.5,21.3,0.0075,,
1.3300,164,159.3,21.3,0.0075,,
1.3385,165,162.1,21.3,0.0085,,
1.3470,166,165.0,21.3,0.0085,,
1.3550,167,167.6,21.3,0.0075,,
1.3635,168,169.8,21.3,0.0075,,
1.3720,169,171.9,21.3,0.0075,,
1.3795,170,173.7,21.3,0.0075,,
1.3880,171,175.5,21.3,0.0085,,
1.3965,172,177.4,21.3,0.0085,,
1.4050,173,179.0,21.3,0.0075,,
1.4130,174,180.5,21.3,0.0075,,
1.4215,175,182.0,21.3,0.0075,,
1.4300,176,183.5,21.3,0.0085,,
1.4375,177,184.9,21.3,0.0075,,
1.4415,178,185.0,21.3,0.0080,,
1.4415,418,186.7,21.4,0.0000,,
1.4420,419,186.8,21.4,0.0010,,
1.4435,420,186.7,21.4,0.0025,,
1.4460,421,187.0,21.4,0.0035,,
1.4500,422,187.4,21.4,0.0055,,
1.4565,423,188.0,21.4,0.0095,,
1.4645,424,188.9,21.4,0.0115,,
1.4725,425,189.9,21.4,0.0135,,
1.4805,426,190.9,21.4,0.0135,,
1.4890,427,192.1,21.4,0.0140,,
1.4975,428,193.0,21.4,0.0120,,
1.5060,429,194.0,21.4,0.0120,,
1.5145,430,194.9,21.4,0.0120,,
1.5220,431,195.5,21.4,0.0125,,
1.5305,432,196.4,21.4,0.0140,,
1.5390,433,197.2,21.4,0.0140,,
1.5470,434,198.0,21.4,0.0115,,
1.5555,435,198.8,21.4,0.0120,,
1.5640,436,199.7,21.4,0.0120,,
1.5715,437,200.3,21.4,0.0125,,
1.5800,438,200.9,21.4,0.0140,,
1.5885,439,201.7,21.4,0.0140,,
1.5970,440,202.3,21.4,0.0120,,
1.6050,441,202.9,21.4,0.0115,,
1.6135,442,203.6,21.4,0.0120,,
1.6210,443,204.2,21.4,0.0125,,
1.6295,444,204.7,21.4,0.0140,,
1.6380,445,205.3,21.4,0.0140,,
1.6465,446,205.9,21.4,0.0120,,
1.6550,447,206.5,21.4,0.0120,,
1.6635,448,207.0,21.4,0.0120,,
1.6710,449,207.6,21.4,0.0125,,
1.6790,450,208.1,21.4,0.0135,,
1.6875,451,208.7,21.4,0.0140,,
1.6960,452,209.2,21.4,0.0120,,
1.7045,453,209.7,21.4,0.0120,,
1.7130,454,210.2,21.4,0.0120,,
1.7205,455,210.7,21.4,0.0125,,
1.7290,456,211.2,21.4,0.0140,,
1.7375,457,211.7,21.4,0.0140,,
1.7455,458,212.1,21.4,0.0115,,
1.7540,459,212.5,21.4,0.0120,,
1.7625,460,213.0,21.4,0.0120,,
1.7710,461,213.3,21.4,0.0140,,
1.7785,462,213.8,21.4,0.0125,,
1.7870,463,214.2,21.4,0.0140,,
1.7955,464,214.6,21.4,0.0120,,
1.8035,465,214.9,21.4,0.0115,,
1.8120,466,215.3,21.4,0.0120,,
1.8205,467,215.7,21.4,0.0120,,
1.8280,468,216.2,21.4,0.0125,,
1.8365,469,216.5,21.4,0.0140,,
1.8450,470,216.9,21.4,0.0140,,
1.8535,471,217.3,21.4,0.0120,,
1.8615,472,217.6,21.4,0.0115,,
1.8700,473,217.9,21.4,0.0120,,
1.8775,474,218.3,21.4,0.0125,,
1.8860,475,218.6,21.4,0.0140,,
1.8945,476,219.1,21.4,0.0140,,
1.9030,477,219.4,21.4,0.0120,,
1.9115,478,219.8,21.4,0.0120,,
1.9195,479,220.1,21.4,0.0115,,
1.9275,480,220.3,21.4,0.0135,,
1.9355,481,220.7,21.4,0.0135,,
1.9440,482,220.9,21.4,0.0140,,
1.9525,483,221.2,21.4,0.0120,,
1.9610,484,221.6,21.4,0.0120,,
1.9695,485,221.9,21.4,0.0120,,
1.9770,486,222.2,21.4,0.0125,,
1.9855,487,222.5,21.4,0.0140,,
1.9935,488,222.8,21.4,0.0135,,
2.0020,489,223.0,21.4,0.0120,,
2.0105,490,223.4,21.4,0.0120,,
2.0190,491,223.6,21.4,0.0120,,
2.0265,492,223.9,21.4,0.0125,,
2.0350,493,224.1,21.4,0.0140,,
2.0435,494,224.5,21.4,0.0140,,
2.0520,495,224.8,21.4,0.0120,,
2.0600,496,225.0,21.4,0.0115,,
2.0685,497,225.2,21.4,0.0120,,
2.0760,498,225.4,21.4,0.0125,,
2.0845,499,225.7,21.4,0.0140,,
2.0930,500,226.0,21.4,0.0140,,
2.1015,501,226.2,21.4,0.0120,,
2.1100,502,226.5,21.4,0.0120,,
2.1185,503,226.7,21.4,0.0120,,
2.1260,504,227.0,21.4,0.0125,,
2.1345,505,227.2,21.4,0.0140,,
2.1425,506,227.4,21.4,0.0135,,
2.1510,507,227.7,21.4,0.0120,,
2.1595,508,228.0,21.4,0.0120,,
2.1680,509,228.2,21.4,0.0120,,
2.1755,510,228.4,21.4,0.0125,,
2.1840,511,228.6,21.4,0.0140,,
2.1925,512,228.9,21.4,0.0140,,
2.2010,513,229.1,21.4,0.0120,,
2.2090,514,229.3,21.4,0.0115,,
2.2175,515,229.5,21.4,0.0120,,
2.2250,516,229.8,21.4,0.0125,,
2.2335,517,230.0,21.4,0.0140,,
2.2420,518,230.2,21.4,0.0140,,
2.2505,519,230.4,21.4,0.0120,,
2.2590,520,230.6,21.4,0.0120,,
2.2670,521,230.9,21.4,0.0115,,
2.2750,522,231.2,21.4,0.0135,,
2.2830,523,231.4,21.4,0.0135,,
2.2915,524,231.6,21.4,0.0140,,
2.3000,525,231.8,21.4,0.0120,,
2.3085,526,232.0,21.4,0.0120,,
2.3170,527,232.2,21.4,0.0120,,
2.3245,528,232.4,21.4,0.0125,,
2.3330,529,232.6,21.4,0.0140,,
2.3410,530,232.8,21.4,0.0135,,
2.3495,531,233.0,21.4,0.0120,,
2.3580,532,233.2,21.4,0.0120,,
2.3665,533,233.4,21.4,0.0120,,
2.3740,534,233.6,21.4,0.0125,,
2.3825,535,233.7,21.4,0.0140,,
2.3905,536,233.8,21.4,0.0135,,
2.3990,537,234.1,21.4,0.0120,,
2.4060,538,234.2,21.4,0.0100,,
2.4110,539,234.3,21.4,0.0070,,
2.4160,540,234.4,21.4,0.0070,,
2.4205,541,234.5,21.4,0.0075,,
2.4235,542,234.7,21.4,0.0050,,
2.4275,543,234.8,21.4,0.0055,,
2.4330,544,234.9,21.4,0.0080,,
2.4365,544,235.0,21.4,0.0175,,
Scope 1/1, Sample 24/32 (T16)
Result,TitrationEP1
V,t,E,T,dV/dt,E acc. stat.,Volume acc. stat.
0.0000,0,-70.6,21.3,NaN,,
0.0005,1,-70.6,21.3,0.0005,,
0.0025,2,-70.6,21.3,0.0020,,
0.0050,3,-70.7,21.3,0.0025,,
0.0090,4,-70.6,21.3,0.0035,,
0.0150,5,-70.1,21.3,0.0055,,
0.0235,6,-69.5,21.3,0.0075,,
0.0310,7,-68.6,21.3,0.0075,,
0.0395,8,-67.6,21.3,0.0085,,
0.0480,9,-66.3,21.3,0.0075,,
0.0565,10,-64.7,21.3,0.0075,,
0.0645,11,-63.1,21.3,0.0075,,
0.0730,12,-61.6,21.3,0.0075,,
0.0805,13,-60.0,21.3,0.0075,,
0.0890,14,-58.1,21.3,0.0085,,
0.0975,15,-56.0,21.3,0.0075,,
0.1060,16,-54.1,21.3,0.0075,,
0.1145,17,-52.0,21.3,0.0075,,
0.1230,18,-49.7,21.3,0.0075,,
0.1305,19,-47.7,21.3,0.0075,,
0.1385,20,-45.1,21.3,0.0080,,
0.1470,21,-42.5,21.3,0.0085,,
0.1555,22,-40.0,21.3,0.0075,,
0.1640,23,-37.1,21.3,0.0075,,
0.1725,24,-34.3,21.3,0.0075,,
0.1800,25,-31.8,21.3,0.0075,,
0.1885,26,-29.1,21.3,0.0085,,
0.1970,27,-26.6,21.3,0.0085,,
0.2050,28,-24.1,21.3,0.0075,,
0.2135,29,-22.0,21.3,0.0075,,
0.2220,30,-20.2,21.3,0.0075,,
0.2295,31,-18.5,21.3,0.0075,,
0.2380,32,-16.9,21.3,0.0085,,
0.2465,33,-15.2,21.3,0.0085,,
0.2550,34,-13.5,21.3,0.0075,,
0.2630,35,-12.2,21.3,0.0075,,
0.2715,36,-10.8,21.3,0.0075,,
0.2800,37,-9.7,21.3,0.0085,,
0.2875,38,-8.3,21.3,0.0075,,
0.2960,39,-7.1,21.3,0.0085,,
0.3045,40,-6.0,21.3,0.0075,,
0.3130,41,-4.9,21.3,0.0075,,
0.3215,42,-3.7,21.3,0.0075,,
0.3295,43,-2.8,21.3,0.0080,,
0.3375,44,-1.9,21.3,0.0080,,
0.3455,45,-1.0,21.3,0.0080,,
0.3540,46,0.0,21.3,0.0075,,
0.3625,47,1.0,21.3,0.0075,,
0.3710,48,1.8,21.3,0.0075,,
0.3785,49,2.7,21.3,0.0075,,
0.3870,50,3.5,21.3,0.0085,,
0.3955,51,4.5,21.3,0.0085,,
0.4035,52,5.4,21.3,0.0075,,
0.4120,53,6.3,21.3,0.0075,,
0.4205,54,7.1,21.3,0.0075,,
0.4290,55,7.7,21.3,0.0085,,
0.4365,56,8.7,21.3,0.0075,,
0.4450,57,9.6,21.3,0.0085,,
0.4535,58,10.3,21.3,0.0075,,
0.4620,59,11.1,21.3,0.0075,,
0.4700,60,11.9,21.3,0.0075,,
0.4780,61,12.6,21.3,0.0080,,
0.4860,62,13.5,21.3,0.0080,,
0.4945,63,14.2,21.3,0.0085,,
0.5030,64,14.9,21.3,0.0075,,
0.5115,65,15.9,21.3,0.0075,,
0.5200,66,16.7,21.3,0.0075,,
0.5275,67,17.4,21.3,0.0075,,
0.5360,68,18.1,21.3,0.0085,,
0.5445,69,18.9,21.3,0.0085,,
0.5525,70,19.8,21.3,0.0075,,
0.5610,71,20.6,21.3,0.0075,,
0.5695,72,21.3,21.3,0.0075,,
0.5780,73,22.1,21.3,0.0085,,
0.5855,74,22.9,21.3,0.0075,,
0.5940,75,23.7,21.3,0.0085,,
0.6025,76,24.4,21.3,0.0075,,
0.6105,77,25.1,21.3,0.0075,,
0.6190,78,26.1,21.3,0.0075,,
0.6275,79,26.8,21.3,0.0085,,
0.6350,80,27.7,21.3,0.0075,,
0.6435,81,28.5,21.3,0.0085,,
0.6520,82,29.2,21.3,0.0075,,
0.6605,83,30.2,21.3,0.0075,,
0.6690,84,30.9,21.3,0.0075,,
0.6765,85,31.8,21.3,0.0075,,
0.6845,86,32.6,21.3,0.0080,,
0.6930,87,33.4,21.3,0.0085,,
0.7015,88,34.4,21.3,0.0075,,
0.7100,89,35.4,21.3,0.0075,,
0.7185,90,36.2,21.3,0.0075,,
0.7265,91,37.0,21.3,0.0080,,
0.7345,92,37.8,21.3,0.0080,,
0.7425,93,38.8,21.3,0.0080,,
0.7510,94,39.7,21.3,0.0075,,
0.7595,95,40.4,21.3,0.0075,,
0.7680,96,41.3,21.3,0.0075,,
0.7765,97,42.2,21.3,0.0085,,
0.7840,98,43.2,21.3,0.0075,,
0.7925,99,44.1,21.3,0.0085,,
0.8010,100,44.9,21.3,0.0075,,
0.8090,101,45.7,21.3,0.0075,,
0.8175,102,46.8,21.3,0.0075,,
0.8260,103,47.7,21.3,0.0085,,
0.8335,104,48.7,21.3,0.0075,,
0.8420,105,49.6,21.3,0.0085,,
0.8505,106,50.6,21.3,0.0075,,
0.8590,107,51.7,21.3,0.0075,,
0.8670,108,52.7,21.3,0.0075,,
0.8755,109,53.6,21.3,0.0085,,
0.8830,110,54.6,21.3,0.0075,,
0.8915,111,55.6,21.3,0.0085,,
0.9000,112,56.7,21.3,0.0075,,
0.9085,113,57.8,21.3,0.0075,,
0.9170,114,58.8,21.3,0.0075,,
0.9255,115,59.8,21.3,0.0085,,
0.9330,116,60.8,21.3,0.0075,,
0.9415,117,62.0,21.3,0.0075,,
0.9495,118,63.1,21.3,0.0075,,
0.9580,119,64.1,21.3,0.0075,,
0.9665,120,65.3,21.3,0.0075,,
0.9750,121,66.4,21.3,0.0085,,
0.9825,122,67.6,21.3,0.0075,,
0.9910,123,68.8,21.3,0.0085,,
0.9995,124,70.1,21.3,0.0075,,
1.0075,125,71.4,21.3,0.0075,,
1.0160,126,72.6,21.3,0.0075,,
1.0245,127,73.8,21.3,0.0075,,
1.0320,128,75.1,21.3,0.0075,,
1.0405,129,76.2,21.3,0.0085,,
1.0490,130,77.6,21.3,0.0075,,
1.0575,131,79.1,21.3,0.0075,,
1.0660,132,80.5,21.3,0.0075,,
1.0740,133,82.0,21.3,0.0075,,
1.0815,134,83.4,21.3,0.0075,,
1.0900,135,84.8,21.3,0.0085,,
1.0985,136,86.3,21.3,0.0075,,
1.1070,137,87.7,21.3,0.0075,,
1.1155,138,89.3,21.3,0.0075,,
1.1240,139,91.2,21.3,0.0075,,
1.1315,140,92.8,21.3,0.0075,,
1.1400,141,94.7,21.3,0.0085,,
1.1480,142,96.5,21.3,0.0080,,
1.1565,143,98.4,21.3,0.0075,,
1.1650,144,100.5,21.3,0.0075,,
1.1735,145,102.6,21.3,0.0075,,
1.1810,146,104.6,21.3,0.0075,,
1.1895,147,106.7,21.3,0.0085,,
1.1980,148,109.2,21.3,0.0085,,
1.2060,149,112.0,21.3,0.0075,,
1.2145,150,114.8,21.3,0.0075,,
1.2230,151,117.5,21.3,0.0075,,
1.2305,152,120.4,21.3,0.0070,,
1.2390,153,123.6,21.3,0.0085,,
1.2475,154,127.2,21.3,0.0085,,
1.2560,155,130.7,21.3,0.0075,,
1.2645,156,134.1,21.3,0.0075,,
1.2725,157,138.0,21.3,0.0075,,
1.2810,158,141.5,21.3,0.0085,,
1.2885,159,145.2,21.3,0.0075,,
1.2970,160,149.0,21.3,0.0085,,
1.3055,161,152.4,21.3,0.0075,,
1.3140,162,155.9,21.3,0.0075,,
1.3225,163,159.2,21.3,0.0075,,
1.3305,164,161.9,21.3,0.0080,,
1.3385,165,164.5,21.3,0.0080,,
1.3465,166,166.8,21.3,0.0080,,
1.3550,167,169.3,21.3,0.0075,,
1.3635,168,171.7,21.3,0.0075,,
1.3720,169,173.6,21.3,0.0075,,
1.3805,170,175.4,21.3,0.0085,,
1.3880,171,177.0,21.3,0.0075,,
1.3965,172,178.9,21.3,0.0085,,
1.4045,173,180.4,21.3,0.0075,,
1.4130,174,181.7,21.3,0.0075,,
1.4215,175,183.1,21.3,0.0075,,
1.4300,176,184.5,21.3,0.0075,,
1.4345,177,185.0,21.3,0.0065,,
1.4345,417,186.8,21.4,0.0000,,
1.4350,418,186.8,21.4,0.0005,,
1.4365,419,186.9,21.4,0.0020,,
1.4390,420,187.0,21.4,0.0030,,
1.4430,421,187.3,21.4,0.0045,,
1.4495,422,188.0,21.4,0.0070,,
1.4580,423,189.1,21.4,0.0095,,
1.4655,424,190.0,21.4,0.0095,,
1.4740,425,191.1,21.4,0.0105,,
1.4825,426,191.9,21.4,0.0105,,
1.4910,427,193.1,21.4,0.0095,,
1.4990,428,194.1,21.4,0.0090,,
1.5075,429,194.8,21.4,0.0095,,
1.5150,430,195.5,21.4,0.0095,,
1.5235,431,196.3,21.4,0.0105,,
1.5320,432,197.0,21.4,0.0105,,
1.5405,433,198.0,21.4,0.0095,,
1.5485,434,198.7,21.4,0.0090,,
1.5570,435,199.4,21.4,0.0095,,
1.5655,436,200.0,21.4,0.0105,,
1.5730,437,200.8,21.4,0.0095,,
1.5815,438,201.6,21.4,0.0105,,
1.5900,439,202.3,21.4,0.0095,,
1.5985,440,202.9,21.4,0.0095,,
1.6065,441,203.6,21.4,0.0090,,
1.6150,442,204.3,21.4,0.0095,,
1.6225,443,204.8,21.4,0.0095,,
1.6310,444,205.4,21.4,0.0105,,
1.6395,445,205.9,21.4,0.0095,,
1.6480,446,206.6,21.4,0.0095,,
1.6565,447,207.1,21.4,0.0095,,
1.6650,448,207.5,21.4,0.0095,,
1.6725,449,208.0,21.4,0.0095,,
1.6805,450,208.4,21.4,0.0100,,
1.6890,451,209.1,21.4,0.0105,,
1.6975,452,209.6,21.4,0.0095,,
1.7060,453,210.0,21.4,0.0095,,
1.7145,454,210.5,21.4,0.0095,,
1.7220,455,210.9,21.4,0.0095,,
1.7305,456,211.5,21.4,0.0105,,
1.7390,457,212.1,21.4,0.0105,,
1.7470,458,212.4,21.4,0.0090,,
1.7555,459,212.8,21.4,0.0095,,
1.7640,460,213.4,21.4,0.0095,,
1.7715,461,213.7,21.4,0.0095,,
1.7800,462,214.2,21.4,0.0105,,
1.7885,463,214.5,21.4,0.0105,,
1.7970,464,214.9,21.4,0.0095,,
1.8050,465,215.3,21.4,0.0090,,
1.8135,466,215.7,21.4,0.0095,,
1.8210,467,216.0,21.4,0.0095,,
1.8295,468,216.3,21.4,0.0105,,
1.8380,469,216.6,21.4,0.0105,,
1.8465,470,217.2,21.4,0.0095,,
1.8550,471,217.6,21.4,0.0095,,
1.8635,472,217.9,21.4,0.0095,,
1.8710,473,218.2,21.4,0.0095,,
1.8795,474,218.6,21.4,0.0105,,
1.8875,475,219.0,21.4,0.0100,,
1.8960,476,219.3,21.4,0.0095,,
1.9045,477,219.6,21.4,0.0095,,
1.9130,478,220.0,21.4,0.0095,,
1.9205,479,220.3,21.4,0.0095,,
1.9290,480,220.7,21.4,0.0105,,
1.9375,481,220.9,21.4,0.0105,,
1.9460,482,221.2,21.4,0.0095,,
1.9540,483,221.6,21.4,0.0090,,
1.9625,484,222.0,21.4,0.0095,,
1.9700,485,222.1,21.4,0.0095,,
1.9785,486,222.4,21.4,0.0105,,
1.9870,487,222.6,21.4,0.0105,,
1.9955,488,223.0,21.4,0.0095,,
2.0040,489,223.4,21.4,0.0095,,
2.0120,490,223.5,21.4,0.0090,,
2.0195,491,223.8,21.4,0.0095,,
2.0280,492,224.0,21.4,0.0105,,
2.0365,493,224.3,21.4,0.0105,,
2.0450,494,224.6,21.4,0.0095,,
2.0535,495,224.8,21.4,0.0095,,
2.0620,496,225.1,21.4,0.0095,,
2.0700,497,225.2,21.4,0.0100,,
2.0780,498,225.6,21.4,0.0100,,
2.0860,499,226.0,21.4,0.0100,,
2.0945,500,226.1,21.4,0.0095,,
2.1030,501,226.4,21.4,0.0095,,
2.1115,502,226.8,21.4,0.0095,,
2.1200,503,227.0,21.4,0.0095,,
2.1275,504,227.2,21.4,0.0095,,
2.1360,505,227.4,21.4,0.0105,,
2.1440,506,227.6,21.4,0.0090,,
2.1525,507,227.9,21.4,0.0095,,
2.1610,508,228.1,21.4,0.0095,,
2.1695,509,228.3,21.4,0.0095,,
2.1770,510,228.6,21.4,0.0095,,
2.1855,511,228.9,21.4,0.0105,,
2.1940,512,229.2,21.4,0.0095,,
2.2020,513,229.5,21.4,0.0090,,
2.2105,514,229.6,21.4,0.0095,,
2.2190,515,229.8,21.4,0.0095,,
2.2265,516,230.0,21.4,0.0095,,
2.2350,517,230.3,21.4,0.0105,,
2.2435,518,230.5,21.4,0.0095,,
2.2520,519,230.6,21.4,0.0095,,
2.2605,520,230.8,21.4,0.0095,,
2.2685,521,231.1,21.4,0.0090,,
2.2765,522,231.3,21.4,0.0100,,
2.2845,523,231.5,21.4,0.0100,,
2.2930,524,231.6,21.4,0.0095,,
2.3015,525,231.9,21.4,0.0095,,
2.3100,526,232.1,21.4,0.0095,,
2.3185,527,232.2,21.4,0.0105,,
2.3260,528,232.4,21.4,0.0095,,
2.3345,529,232.6,21.4,0.0105,,
2.3430,530,232.9,21.4,0.0095,,
2.3510,531,233.1,21.4,0.0090,,
2.3595,532,233.3,21.4,0.0095,,
2.3670,533,233.4,21.4,0.0095,,
2.3755,534,233.5,21.4,0.0105,,
2.3840,535,233.8,21.4,0.0105,,
2.3920,536,234.0,21.4,0.0090,,
2.4000,537,234.0,21.4,0.0090,,
2.4050,538,234.2,21.4,0.0055,,
2.4095,539,234.3,21.4,0.0055,,
2.4135,540,234.5,21.4,0.0050,,
2.4175,541,234.5,21.4,0.0050,,
2.4215,542,234.5,21.4,0.0045,,
2.4220,543,234.6,21.4,0.0005,,
2.4225,544,234.8,21.4,0.0005,,
2.4235,545,234.8,21.4,0.0010,,
2.4250,546,234.9,21.4,0.0020,,
2.4275,547,234.9,21.4,0.0030,,
2.4295,548,234.9,21.4,0.0025,,
2.4305,549,235.1,21.4,0.0010,,
Scope 1/1, Sample 25/32 (T17)
Result,TitrationEP1
V,t,E,T,dV/dt,E acc. stat.,Volume acc. stat.
0.0000,0,-71.2,21.3,NaN,,
0.0005,1,-71.4,21.3,0.0005,,
0.0025,2,-71.2,21.3,0.0020,,
0.0050,3,-71.3,21.3,0.0025,,
0.0090,4,-71.3,21.3,0.0035,,
0.0150,5,-70.9,21.3,0.0055,,
0.0235,6,-70.2,21.3,0.0075,,
0.0320,7,-69.5,21.3,0.0075,,
0.0395,8,-68.6,21.3,0.0075,,
0.0480,9,-67.4,21.3,0.0085,,
0.0565,10,-66.1,21.3,0.0075,,
0.0650,11,-64.7,21.3,0.0075,,
0.0730,12,-63.4,21.3,0.0075,,
0.0815,13,-61.8,21.3,0.0075,,
0.0890,14,-60.3,21.3,0.0075,,
0.0975,15,-58.5,21.3,0.0085,,
0.1060,16,-56.7,21.3,0.0075,,
0.1145,17,-54.8,21.3,0.0075,,
0.1230,18,-52.8,21.3,0.0075,,
0.1310,19,-50.5,21.3,0.0075,,
0.1390,20,-48.6,21.3,0.0080,,
0.1470,21,-46.1,21.3,0.0080,,
0.1555,22,-43.7,21.3,0.0075,,
0.1640,23,-41.2,21.3,0.0075,,
0.1725,24,-38.4,21.3,0.0075,,
0.1810,25,-35.7,21.3,0.0075,,
0.1885,26,-33.3,21.3,0.0075,,
0.1970,27,-30.8,21.3,0.0085,,
0.2055,28,-28.4,21.3,0.0075,,
0.2135,29,-26.0,21.3,0.0075,,
0.2220,30,-23.8,21.3,0.0075,,
0.2305,31,-21.9,21.3,0.0075,,
0.2380,32,-20.2,21.3,0.0075,,
0.2465,33,-18.5,21.3,0.0085,,
0.2550,34,-16.7,21.3,0.0085,,
0.2630,35,-15.2,21.3,0.0075,,
0.2715,36,-13.9,21.3,0.0075,,
0.2800,37,-12.5,21.3,0.0075,,
0.2875,38,-11.3,21.3,0.0075,,
0.2960,39,-9.9,21.3,0.0085,,
0.3045,40,-8.6,21.3,0.0085,,
0.3130,41,-7.5,21.3,0.0075,,
0.3215,42,-6.4,21.3,0.0075,,
0.3295,43,-5.2,21.3,0.0075,,
0.3375,44,-4.2,21.3,0.0080,,
0.3455,45,-3.2,21.3,0.0080,,
0.3540,46,-2.3,21.3,0.0075,,
0.3625,47,-1.3,21.3,0.0075,,
0.3710,48,-0.2,21.3,0.0075,,
0.3795,49,0.5,21.3,0.0075,,
0.3870,50,1.3,21.3,0.0075,,
0.3955,51,2.1,21.3,0.0085,,
0.4035,52,3.1,21.3,0.0075,,
0.4120,53,4.2,21.3,0.0075,,
0.4205,54,5.0,21.3,0.0075,,
0.4290,55,5.7,21.3,0.0075,,
0.4365,56,6.4,21.3,0.0075,,
0.4450,57,7.3,21.3,0.0085,,
0.4535,58,8.2,21.3,0.0075,,
0.4620,59,9.0,21.3,0.0075,,
0.4700,60,9.7,21.3,0.0075,,
0.4785,61,10.7,21.3,0.0075,,
0.4860,62,11.4,21.3,0.0075,,
0.4945,63,12.3,21.3,0.0085,,
0.5030,64,13.0,21.3,0.0075,,
0.5115,65,13.8,21.3,0.0075,,
0.5200,66,14.7,21.3,0.0075,,
0.5285,67,15.5,21.3,0.0075,,
0.5360,68,16.3,21.3,0.0075,,
0.5440,69,17.1,21.3,0.0080,,
0.5525,70,17.9,21.3,0.0075,,
0.5610,71,18.8,21.3,0.0075,,
0.5695,72,19.6,21.3,0.0075,,
0.5780,73,20.4,21.3,0.0075,,
0.5855,74,21.2,21.3,0.0075,,
0.5940,75,22.0,21.3,0.0085,,
0.6025,76,22.9,21.3,0.0085,,
0.6105,77,23.7,21.3,0.0075,,
0.6190,78,24.4,21.3,0.0075,,
0.6275,79,25.3,21.3,0.0075,,
0.6350,80,25.9,21.3,0.0075,,
0.6435,81,26.8,21.3,0.0085,,
0.6520,82,27.7,21.3,0.0085,,
0.6605,83,28.4,21.3,0.0075,,
0.6685,84,29.2,21.3,0.0075,,
0.6770,85,30.2,21.3,0.0075,,
0.6845,86,30.9,21.3,0.0075,,
0.6930,87,31.7,21.3,0.0085,,
0.7015,88,32.5,21.3,0.0085,,
0.7100,89,33.5,21.3,0.0075,,
0.7185,90,34.5,21.3,0.0075,,
0.7265,91,35.4,21.3,0.0075,,
0.7350,92,36.2,21.3,0.0085,,
0.7425,93,37.1,21.3,0.0075,,
0.7510,94,38.0,21.3,0.0085,,
0.7595,95,38.9,21.3,0.0075,,
0.7680,96,39.8,21.3,0.0075,,
0.7765,97,40.6,21.3,0.0075,,
0.7850,98,41.7,21.3,0.0075,,
0.7925,99,42.3,21.3,0.0075,,
0.8005,100,43.3,21.3,0.0080,,
0.8090,101,44.2,21.3,0.0075,,
0.8175,102,45.1,21.3,0.0075,,
0.8260,103,46.2,21.3,0.0075,,
0.8345,104,47.1,21.3,0.0075,,
0.8420,105,48.0,21.3,0.0075,,
0.8505,106,48.9,21.3,0.0085,,
0.8590,107,49.9,21.3,0.0075,,
0.8670,108,50.9,21.3,0.0075,,
0.8755,109,52.0,21.3,0.0075,,
0.8840,110,53.0,21.3,0.0085,,
0.8915,111,54.0,21.3,0.0075,,
0.9000,112,54.9,21.3,0.0085,,
0.9085,113,56.1,21.3,0.0075,,
0.9170,114,57.2,21.3,0.0075,,
0.9255,115,58.2,21.3,0.0075,,
0.9330,116,59.1,21.3,0.0075,,
0.9415,117,60.3,21.3,0.0085,,
0.9495,118,61.5,21.3,0.0080,,
0.9580,119,62.5,21.3,0.0075,,
0.9665,120,63.5,21.3,0.0075,,
0.9750,121,64.8,21.3,0.0075,,
0.9825,122,65.9,21.3,0.0075,,
0.9910,123,67.2,21.3,0.0085,,
0.9995,124,68.5,21.3,0.0085,,
1.0080,125,69.6,21.3,0.0075,,
1.0160,126,70.9,21.3,0.0075,,
1.0245,127,72.3,21.3,0.0075,,
1.0330,128,73.5,21.3,0.0085,,
1.0405,129,74.6,21.3,0.0075,,
1.0490,130,76.0,21.3,0.0085,,
1.0575,131,77.4,21.3,0.0075,,
1.0660,132,78.8,21.3,0.0075,,
1.0740,133,80.1,21.3,0.0075,,
1.0825,134,81.4,21.3,0.0075,,
1.0900,135,82.7,21.3,0.0075,,
1.0985,136,84.2,21.3,0.0085,,
1.1070,137,85.8,21.3,0.0075,,
1.1155,138,87.3,21.3,0.0075,,
1.1240,139,88.9,21.3,0.0075,,
1.1320,140,90.6,21.3,0.0075,,
1.1400,141,92.2,21.3,0.0080,,
1.1480,142,94.1,21.3,0.0080,,
1.1565,143,96.1,21.3,0.0085,,
1.1650,144,98.1,21.3,0.0075,,
1.1735,145,100.2,21.3,0.0075,,
1.1820,146,102.3,21.3,0.0075,,
1.1895,147,104.4,21.3,0.0075,,
1.1980,148,106.6,21.3,0.0085,,
1.2060,149,109.0,21.3,0.0080,,
1.2145,150,111.8,21.3,0.0075,,
1.2230,151,114.7,21.3,0.0075,,
1.2315,152,117.5,21.3,0.0075,,
1.2400,153,120.6,21.3,0.0075,,
1.2475,154,123.6,21.3,0.0075,,
1.2560,155,127.0,21.3,0.0085,,
1.2640,156,130.8,21.3,0.0075,,
1.2725,157,134.5,21.3,0.0075,,
1.2810,158,138.2,21.3,0.0075,,
1.2895,159,142.3,21.3,0.0075,,
1.2970,160,145.9,21.3,0.0075,,
1.3055,161,149.6,21.3,0.0085,,
1.3140,162,153.3,21.3,0.0075,,
1.3220,163,156.6,21.3,0.0075,,
1.3305,164,159.8,21.3,0.0075,,
1.3390,165,162.8,21.3,0.0075,,
1.3465,166,165.2,21.3,0.0075,,
1.3550,167,167.6,21.3,0.0085,,
1.3635,168,170.0,21.3,0.0075,,
1.3720,169,172.4,21.3,0.0075,,
1.3805,170,174.3,21.3,0.0075,,
1.3885,171,176.1,21.3,0.0075,,
1.3965,172,177.7,21.3,0.0080,,
1.4045,173,179.3,21.3,0.0080,,
1.4130,174,181.0,21.3,0.0075,,
1.4215,175,182.4,21.3,0.0075,,
1.4300,176,183.7,21.3,0.0075,,
1.4385,177,185.0,21.3,0.0085,,
1.4410,177,185.2,21.3,0.0060,,
1.4410,418,187.0,21.4,0.0000,,
1.4415,418,186.9,21.4,0.0010,,
1.4430,420,187.0,21.4,0.0010,,
1.4455,420,187.2,21.4,0.0050,,
1.4495,422,187.6,21.4,0.0025,,
1.4555,423,188.1,21.4,0.0100,,
1.4640,424,189.0,21.4,0.0140,,
1.4715,424,190.0,21.4,0.0150,,
1.4800,426,191.0,21.4,0.0055,,
1.4885,426,192.1,21.4,0.0170,,
1.4970,428,193.0,21.4,0.0055,,
1.5055,429,194.0,21.4,0.0140,,
1.5140,430,195.0,21.4,0.0140,,
1.5220,430,195.7,21.4,0.0160,,
1.5295,432,196.5,21.4,0.0050,,
1.5380,432,197.2,21.4,0.0170,,
1.5465,434,198.0,21.4,0.0055,,
1.5550,435,198.9,21.4,0.0140,,
1.5635,436,199.5,21.4,0.0140,,
1.5720,436,200.3,21.4,0.0170,,
1.5795,438,200.9,21.4,0.0050,,
1.5880,438,201.6,21.4,0.0170,,
1.5960,440,202.4,21.4,0.0050,,
1.6045,441,203.0,21.4,0.0140,,
1.6130,442,203.6,21.4,0.0140,,
1.6215,442,204.1,21.4,0.0170,,
1.6290,444,204.8,21.4,0.0050,,
1.6375,444,205.5,21.4,0.0170,,
1.6460,446,206.1,21.4,0.0055,,
1.6545,447,206.7,21.4,0.0140,,
1.6625,448,207.3,21.4,0.0135,,
1.6710,448,207.7,21.4,0.0170,,
1.6785,450,208.3,21.4,0.0050,,
1.6870,450,208.6,21.4,0.0170,,
1.6955,452,209.2,21.4,0.0055,,
1.7040,453,209.8,21.4,0.0140,,
1.7125,454,210.2,21.4,0.0140,,
1.7205,454,210.7,21.4,0.0160,,
1.7280,456,211.1,21.4,0.0050,,
1.7365,456,211.6,21.4,0.0170,,
1.7450,458,212.1,21.4,0.0055,,
1.7535,459,212.5,21.4,0.0140,,
1.7620,460,212.8,21.4,0.0140,,
1.7705,461,213.3,21.4,0.0140,,
1.7780,462,213.6,21.4,0.0150,,
1.7860,462,214.1,21.4,0.0160,,
1.7945,464,214.6,21.4,0.0055,,
1.8030,465,215.0,21.4,0.0140,,
1.8115,466,215.4,21.4,0.0140,,
1.8200,467,215.8,21.4,0.0140,,
1.8275,468,216.1,21.4,0.0150,,
1.8360,468,216.5,21.4,0.0170,,
1.8445,470,216.8,21.4,0.0055,,
1.8525,471,217.2,21.4,0.0135,,
1.8610,472,217.7,21.4,0.0140,,
1.8695,473,217.9,21.4,0.0140,,
1.8770,474,218.3,21.4,0.0150,,
1.8855,474,218.6,21.4,0.0170,,
1.8940,476,218.9,21.4,0.0055,,
1.9025,477,219.3,21.4,0.0140,,
1.9105,478,219.7,21.4,0.0135,,
1.9190,479,219.9,21.4,0.0140,,
1.9265,480,220.2,21.4,0.0150,,
1.9350,480,220.7,21.4,0.0170,,
1.9435,482,221.0,21.4,0.0055,,
1.9520,483,221.3,21.4,0.0140,,
1.9605,484,221.6,21.4,0.0140,,
1.9690,485,222.0,21.4,0.0140,,
1.9765,486,222.2,21.4,0.0150,,
1.9850,486,222.6,21.4,0.0170,,
1.9930,488,222.9,21.4,0.0055,,
2.0015,489,223.1,21.4,0.0140,,
2.0100,490,223.4,21.4,0.0140,,
2.0185,491,223.7,21.4,0.0140,,
2.0260,492,224.0,21.4,0.0150,,
2.0345,492,224.2,21.4,0.0170,,
2.0430,494,224.5,21.4,0.0055,,
2.0510,495,224.8,21.4,0.0135,,
2.0595,496,225.1,21.4,0.0140,,
2.0680,497,225.3,21.4,0.0140,,
2.0755,498,225.6,21.4,0.0150,,
2.0840,498,225.8,21.4,0.0170,,
2.0925,500,226.2,21.4,0.0055,,
2.1010,501,226.3,21.4,0.0140,,
2.1095,502,226.4,21.4,0.0140,,
2.1175,503,226.7,21.4,0.0135,,
2.1255,504,227.0,21.4,0.0160,,
2.1335,504,227.3,21.4,0.0160,,
2.1420,506,227.5,21.4,0.0055,,
2.1505,507,227.6,21.4,0.0140,,
2.1590,508,228.0,21.4,0.0140,,
2.1675,509,228.2,21.4,0.0140,,
2.1755,510,228.6,21.4,0.0160,,
2.1835,510,228.7,21.4,0.0160,,
2.1915,512,228.8,21.4,0.0055,,
2.2000,513,229.1,21.4,0.0140,,
2.2085,514,229.4,21.4,0.0140,,
2.2170,515,229.6,21.4,0.0140,,
2.2245,516,229.8,21.4,0.0150,,
2.2330,516,230.0,21.4,0.0170,,
2.2415,518,230.2,21.4,0.0055,,
2.2500,519,230.5,21.4,0.0140,,
2.2580,520,230.7,21.4,0.0135,,
2.2665,521,230.9,21.4,0.0140,,
2.2740,522,231.0,21.4,0.0150,,
2.2825,522,231.4,21.4,0.0170,,
2.2910,524,231.6,21.4,0.0055,,
2.2995,525,231.8,21.4,0.0140,,
2.3080,526,232.0,21.4,0.0140,,
2.3160,527,232.1,21.4,0.0135,,
2.3245,528,232.3,21.4,0.0170,,
2.3320,528,232.5,21.4,0.0150,,
2.3405,530,232.7,21.4,0.0055,,
2.3490,531,232.9,21.4,0.0140,,
2.3575,532,233.1,21.4,0.0140,,
2.3660,533,233.3,21.4,0.0140,,
2.3740,534,233.4,21.4,0.0135,,
2.3820,534,233.6,21.4,0.0160,,
2.3900,536,233.8,21.4,0.0055,,
2.3985,537,234.1,21.4,0.0140,,
2.4060,538,234.2,21.4,0.0125,,
2.4115,539,234.4,21.4,0.0090,,
2.4145,540,234.5,21.4,0.0050,,
2.4170,540,234.5,21.4,0.0050,,
2.4200,542,234.7,21.4,0.0020,,
2.4240,543,234.8,21.4,0.0065,,
2.4265,544,234.7,21.4,0.0040,,
2.4270,545,234.8,21.4,0.0010,,
2.4275,546,234.9,21.4,0.0010,,
2.4285,547,235.0,21.4,0.0015,,
Scope 1/1, Sample 26/32 (T18)
Result,TitrationEP1
V,t,E,T,dV/dt,E acc. stat.,Volume acc. stat.
0.0000,0,-70.5,21.3,NaN,,
0.0010,1,-70.6,21.3,0.0010,,
0.0025,2,-70.5,21.3,0.0015,,
0.0050,3,-70.4,21.3,0.0020,,
0.0095,4,-70.4,21.3,0.0035,,
0.0150,5,-70.0,21.3,0.0050,,
0.0235,6,-69.5,21.3,0.0075,,
0.0320,7,-68.5,21.3,0.0075,,
0.0405,8,-67.2,21.3,0.0075,,
0.0485,9,-65.8,21.3,0.0075,,
0.0570,10,-64.5,21.3,0.0070,,
0.0655,11,-62.9,21.3,0.0070,,
0.0730,12,-61.4,21.3,0.0070,,
0.0815,13,-59.5,21.3,0.0075,,
0.0900,14,-57.7,21.3,0.0075,,
0.0985,15,-56.0,21.3,0.0070,,
0.1070,16,-53.8,21.3,0.0070,,
0.1145,17,-52.0,21.3,0.0070,,
0.1230,18,-49.7,21.3,0.0075,,
0.1310,19,-47.3,21.3,0.0075,,
0.1395,20,-44.9,21.3,0.0075,,
0.1480,21,-42.3,21.3,0.0070,,
0.1565,22,-39.5,21.3,0.0070,,
0.1640,23,-37.0,21.3,0.0070,,
0.1725,24,-34.3,21.3,0.0075,,
0.1810,25,-31.6,21.3,0.0075,,
0.1895,26,-28.8,21.3,0.0075,,
0.1975,27,-26.3,21.3,0.0065,,
0.2060,28,-24.0,21.3,0.0070,,
0.2145,29,-22.0,21.3,0.0075,,
0.2220,30,-20.1,21.3,0.0070,,
0.2305,31,-18.1,21.3,0.0075,,
0.2390,32,-16.4,21.3,0.0075,,
0.2475,33,-15.0,21.3,0.0075,,
0.2555,34,-13.6,21.3,0.0065,,
0.2640,35,-12.3,21.3,0.0075,,
0.2715,36,-10.9,21.3,0.0070,,
0.2800,37,-9.6,21.3,0.0075,,
0.2885,38,-8.5,21.3,0.0075,,
0.2970,39,-7.3,21.3,0.0075,,
0.3055,40,-6.0,21.3,0.0070,,
0.3135,41,-5.0,21.3,0.0075,,
0.3215,42,-3.9,21.3,0.0075,,
0.3295,43,-2.9,21.3,0.0075,,
0.3380,44,-1.9,21.3,0.0075,,
0.3465,45,-1.0,21.3,0.0075,,
0.3550,46,0.0,21.3,0.0070,,
0.3635,47,0.8,21.3,0.0070,,
0.3710,48,1.6,21.3,0.0070,,
0.3795,49,2.5,21.3,0.0075,,
0.3875,50,3.6,21.3,0.0075,,
0.3960,51,4.5,21.3,0.0075,,
0.4045,52,5.3,21.3,0.0070,,
0.4130,53,6.3,21.3,0.0070,,
0.4205,54,7.0,21.3,0.0070,,
0.4290,55,8.0,21.3,0.0075,,
0.4375,56,8.9,21.3,0.0075,,
0.4460,57,9.6,21.3,0.0075,,
0.4540,58,10.6,21.3,0.0065,,
0.4625,59,11.4,21.3,0.0070,,
0.4700,60,12.1,21.3,0.0070,,
0.4785,61,12.9,21.3,0.0075,,
0.4870,62,13.6,21.3,0.0075,,
0.4955,63,14.6,21.3,0.0075,,
0.5040,64,15.5,21.3,0.0070,,
0.5125,65,16.2,21.3,0.0070,,
0.5200,66,16.9,21.3,0.0070,,
0.5285,67,17.7,21.3,0.0075,,
0.5365,68,18.6,21.3,0.0075,,
0.5450,69,19.4,21.3,0.0075,,
0.5535,70,20.1,21.3,0.0070,,
0.5620,71,20.9,21.3,0.0070,,
0.5695,72,21.6,21.3,0.0070,,
0.5780,73,22.6,21.3,0.0075,,
0.5865,74,23.3,21.3,0.0075,,
0.5945,75,23.9,21.3,0.0075,,
0.6030,76,24.9,21.3,0.0070,,
0.6115,77,25.8,21.3,0.0070,,
0.6190,78,26.5,21.3,0.0070,,
0.6275,79,27.3,21.3,0.0075,,
0.6360,80,28.0,21.3,0.0075,,
0.6445,81,28.9,21.3,0.0075,,
0.6530,82,29.7,21.3,0.0070,,
0.6610,83,30.5,21.3,0.0075,,
0.6690,84,31.3,21.3,0.0075,,
0.6770,85,32.0,21.3,0.0075,,
0.6855,86,33.0,21.3,0.0075,,
0.6940,87,34.1,21.3,0.0075,,
0.7025,88,34.8,21.3,0.0070,,
0.7110,89,35.6,21.3,0.0070,,
0.7185,90,36.4,21.3,0.0070,,
0.7265,91,37.4,21.3,0.0075,,
0.7350,92,38.3,21.3,0.0075,,
0.7435,93,39.1,21.3,0.0075,,
0.7520,94,40.0,21.3,0.0070,,
0.7605,95,41.0,21.3,0.0070,,
0.7690,96,41.7,21.3,0.0075,,
0.7765,97,42.8,21.3,0.0070,,
0.7845,98,43.7,21.3,0.0075,,
0.7930,99,44.5,21.3,0.0075,,
0.8015,100,45.5,21.3,0.0075,,
0.8100,101,46.6,21.3,0.0070,,
0.8185,102,47.5,21.3,0.0070,,
0.8260,103,48.4,21.3,0.0070,,
0.8345,104,49.3,21.3,0.0075,,
0.8425,105,50.4,21.3,0.0075,,
0.8510,106,51.5,21.3,0.0075,,
0.8595,107,52.4,21.3,0.0070,,
0.8680,108,53.3,21.3,0.0070,,
0.8755,109,54.2,21.3,0.0070,,
0.8840,110,55.3,21.3,0.0075,,
0.8925,111,56.5,21.3,0.0075,,
0.9010,112,57.5,21.3,0.0075,,
0.9090,113,58.4,21.3,0.0065,,
0.9175,114,59.5,21.3,0.0070,,
0.9250,115,60.4,21.3,0.0070,,
0.9335,116,61.8,21.3,0.0075,,
0.9420,117,62.8,21.3,0.0075,,
0.9505,118,63.8,21.3,0.0075,,
0.9590,119,65.1,21.3,0.0070,,
0.9670,120,66.3,21.3,0.0065,,
0.9750,121,67.3,21.3,0.0075,,
0.9830,122,68.4,21.3,0.0075,,
0.9915,123,69.5,21.3,0.0075,,
1.0000,124,70.8,21.3,0.0075,,
1.0085,125,72.2,21.3,0.0070,,
1.0170,126,73.3,21.3,0.0070,,
1.0245,127,74.6,21.3,0.0070,,
1.0330,128,75.7,21.3,0.0075,,
1.0410,129,77.2,21.3,0.0075,,
1.0495,130,78.6,21.3,0.0075,,
1.0580,131,80.0,21.3,0.0075,,
1.0665,132,81.4,21.3,0.0070,,
1.0750,133,82.7,21.3,0.0075,,
1.0825,134,84.3,21.3,0.0070,,
1.0910,135,85.9,21.3,0.0075,,
1.0995,136,87.3,21.3,0.0075,,
1.1075,137,88.9,21.3,0.0065,,
1.1160,138,90.6,21.3,0.0070,,
1.1245,139,92.1,21.3,0.0075,,
1.1320,140,94.0,21.3,0.0070,,
1.1405,141,95.8,21.3,0.0075,,
1.1490,142,97.8,21.3,0.0075,,
1.1575,143,99.9,21.3,0.0075,,
1.1655,144,101.9,21.3,0.0065,,
1.1740,145,103.9,21.3,0.0075,,
1.1820,146,106.2,21.3,0.0075,,
1.1900,147,108.7,21.3,0.0075,,
1.1985,148,111.1,21.3,0.0075,,
1.2070,149,113.7,21.3,0.0070,,
1.2155,150,116.4,21.3,0.0070,,
1.2240,151,119.3,21.3,0.0075,,
1.2315,152,122.5,21.3,0.0070,,
1.2400,153,125.7,21.3,0.0075,,
1.2480,154,129.2,21.4,0.0075,,
1.2565,155,133.0,21.4,0.0070,,
1.2650,156,136.8,21.3,0.0070,,
1.2735,157,140.6,21.3,0.0070,,
1.2810,158,144.0,21.3,0.0070,,
1.2895,159,147.9,21.3,0.0075,,
1.2980,160,151.3,21.3,0.0075,,
1.3060,161,154.7,21.3,0.0075,,
1.3145,162,158.1,21.4,0.0070,,
1.3230,163,161.0,21.3,0.0075,,
1.3305,164,163.7,21.3,0.0070,,
1.3390,165,166.2,21.3,0.0075,,
1.3475,166,168.6,21.3,0.0075,,
1.3560,167,171.1,21.4,0.0075,,
1.3640,168,173.1,21.3,0.0065,,
1.3725,169,174.9,21.3,0.0070,,
1.3800,170,176.6,21.4,0.0070,,
1.3885,171,178.3,21.3,0.0075,,
1.3970,172,179.9,21.3,0.0075,,
1.4055,173,181.4,21.4,0.0075,,
1.4140,174,182.8,21.4,0.0070,,
1.4220,175,184.2,21.4,0.0065,,
1.4300,176,185.2,21.4,0.0075,,
1.4300,416,186.9,21.4,0.0000,,
1.4305,417,186.7,21.4,0.0005,,
1.4320,418,186.8,21.4,0.0010,,
1.4345,419,187.1,21.4,0.0020,,
1.4385,420,187.6,21.4,0.0030,,
1.4450,421,188.0,21.4,0.0050,,
1.4530,422,189.0,21.4,0.0060,,
1.4605,423,190.0,21.4,0.0060,,
1.4690,424,191.0,21.4,0.0070,,
1.4775,425,192.1,21.4,0.0070,,
1.4860,426,193.0,21.4,0.0065,,
1.4945,427,193.9,21.4,0.0065,,
1.5030,428,194.9,21.4,0.0065,,
1.5105,429,195.7,21.4,0.0060,,
1.5190,430,196.6,21.4,0.0070,,
1.5270,431,197.3,21.4,0.0065,,
1.5355,432,198.0,21.4,0.0065,,
1.5440,433,198.9,21.4,0.0065,,
1.5525,434,199.6,21.4,0.0065,,
1.5600,435,200.5,21.4,0.0060,,
1.5685,436,201.0,21.4,0.0070,,
1.5770,437,201.7,21.4,0.0070,,
1.5850,438,202.5,21.4,0.0060,,
1.5935,439,203.1,21.4,0.0065,,
1.6020,440,203.6,21.4,0.0065,,
1.6095,441,204.2,21.4,0.0060,,
1.6180,442,204.9,21.4,0.0070,,
1.6265,443,205.6,21.4,0.0070,,
1.6350,444,206.1,21.4,0.0065,,
1.6435,445,206.6,21.4,0.0065,,
1.6515,446,207.2,21.4,0.0060,,
1.6590,447,207.5,21.4,0.0060,,
1.6675,448,208.2,21.4,0.0070,,
1.6760,449,208.7,21.4,0.0070,,
1.6845,450,209.1,21.4,0.0065,,
1.6930,451,209.8,21.4,0.0065,,
1.7015,452,210.3,21.4,0.0065,,
1.7090,453,210.8,21.4,0.0060,,
1.7175,454,211.2,21.4,0.0070,,
1.7255,455,211.6,21.4,0.0065,,
1.7340,456,212.1,21.4,0.0065,,
1.7425,457,212.6,21.4,0.0065,,
1.7510,458,212.9,21.4,0.0065,,
1.7585,459,213.4,21.4,0.0060,,
1.7670,460,213.8,21.4,0.0070,,
1.7755,461,214.3,21.4,0.0070,,
1.7840,462,214.7,21.4,0.0065,,
1.7920,463,215.0,21.4,0.0060,,
1.8005,464,215.4,21.4,0.0065,,
1.8080,465,215.6,21.4,0.0060,,
1.8165,466,216.1,21.4,0.0065,,
1.8250,467,216.6,21.4,0.0070,,
1.8335,468,216.9,21.4,0.0065,,
1.8420,469,217.1,21.4,0.0065,,
1.8500,470,217.6,21.4,0.0060,,
1.8585,471,217.8,21.4,0.0070,,
1.8660,472,218.4,21.4,0.0060,,
1.8745,473,218.6,21.4,0.0070,,
1.8830,474,219.0,21.4,0.0065,,
1.8915,475,219.4,21.4,0.0065,,
1.9000,476,219.8,21.4,0.0065,,
1.9080,477,220.0,21.4,0.0060,,
1.9160,478,220.3,21.4,0.0065,,
1.9240,479,220.6,21.4,0.0065,,
1.9325,480,221.0,21.4,0.0070,,
1.9410,481,221.3,21.4,0.0065,,
1.9495,482,221.5,21.4,0.0065,,
1.9580,483,221.8,21.4,0.0065,,
1.9655,484,222.0,21.4,0.0060,,
1.9740,485,222.5,21.4,0.0070,,
1.9820,486,222.8,21.4,0.0065,,
1.9905,487,222.9,21.4,0.0065,,
1.9990,488,223.2,21.4,0.0065,,
2.0075,489,223.6,21.4,0.0065,,
2.0150,490,223.8,21.4,0.0060,,
2.0235,491,224.1,21.4,0.0070,,
2.0320,492,224.3,21.4,0.0070,,
2.0405,493,224.6,21.4,0.0065,,
2.0485,494,225.0,21.4,0.0060,,
2.0570,495,225.2,21.4,0.0065,,
2.0645,496,225.5,21.4,0.0060,,
2.0730,497,225.6,21.4,0.0070,,
2.0815,498,225.9,21.4,0.0070,,
2.0900,499,226.2,21.4,0.0065,,
2.0985,500,226.5,21.4,0.0065,,
2.1065,501,226.7,21.4,0.0060,,
2.1145,502,226.9,21.4,0.0065,,
2.1230,503,227.3,21.4,0.0070,,
2.1310,504,227.6,21.4,0.0065,,
2.1395,505,227.7,21.4,0.0065,,
2.1480,506,228.0,21.4,0.0065,,
2.1565,507,228.3,21.4,0.0065,,
2.1640,508,228.5,21.4,0.0060,,
2.1725,509,228.8,21.4,0.0070,,
2.1810,510,228.9,21.4,0.0065,,
2.1890,511,229.2,21.4,0.0060,,
2.1975,512,229.5,21.4,0.0065,,
2.2060,513,229.6,21.4,0.0070,,
2.2135,514,229.8,21.4,0.0060,,
2.2220,515,229.9,21.4,0.0070,,
2.2305,516,230.1,21.4,0.0070,,
2.2390,517,230.5,21.4,0.0065,,
2.2470,518,230.8,21.4,0.0060,,
2.2555,519,230.9,21.4,0.0065,,
2.2630,520,231.1,21.4,0.0060,,
2.2715,521,231.3,21.4,0.0070,,
2.2800,522,231.6,21.4,0.0070,,
2.2885,523,231.7,21.4,0.0065,,
2.2970,524,231.8,21.4,0.0065,,
2.3050,525,232.0,21.4,0.0060,,
2.3135,526,232.1,21.4,0.0070,,
2.3210,527,232.5,21.4,0.0060,,
2.3295,528,232.7,21.4,0.0070,,
2.3380,529,232.8,21.4,0.0065,,
2.3465,530,233.0,21.4,0.0065,,
2.3550,531,233.3,21.4,0.0065,,
2.3630,532,233.6,21.4,0.0060,,
2.3705,533,233.8,21.4,0.0060,,
2.3790,534,233.9,21.4,0.0070,,
2.3870,535,234.1,21.4,0.0065,,
2.3945,536,234.4,21.4,0.0060,,
2.3980,537,234.5,21.4,0.0025,,
2.3985,538,234.4,21.4,0.0005,,
2.3995,539,234.5,21.4,0.0010,,
2.4015,540,234.5,21.4,0.0015,,
2.4030,541,234.5,21.4,0.0010,,
2.4045,542,234.5,21.4,0.0010,,
2.4050,543,234.5,21.4,0.0005,,
2.4055,544,234.4,21.4,0.0005,,
2.4065,545,234.5,21.4,0.0010,,
2.4085,546,234.6,21.4,0.0015,,
2.4110,547,234.6,21.4,0.0020,,
2.4140,548,234.6,21.4,0.0025,,
2.4180,549,234.6,21.4,0.0030,,
2.4225,550,234.9,21.4,0.0035,,
2.4250,551,235.0,21.4,0.0025,,
Scope 1/1, Sample 27/32 (T19)
Result,TitrationEP1
V,t,E,T,dV/dt,E acc. stat.,Volume acc. stat.
0.0000,0,-71.3,21.3,NaN,,
0.0005,1,-71.3,21.3,0.0005,,
0.0025,2,-71.4,21.3,0.0020,,
0.0050,3,-71.4,21.3,0.0025,,
0.0090,4,-71.3,21.3,0.0035,,
0.0150,5,-70.8,21.3,0.0055,,
0.0235,6,-70.3,21.3,0.0075,,
0.0310,7,-69.3,21.3,0.0075,,
0.0395,8,-68.3,21.3,0.0085,,
0.0480,9,-66.8,21.3,0.0085,,
0.0565,10,-65.3,21.3,0.0075,,
0.0645,11,-63.9,21.3,0.0075,,
0.0730,12,-62.3,21.3,0.0075,,
0.0805,13,-60.8,21.3,0.0075,,
0.0890,14,-58.8,21.3,0.0085,,
0.0975,15,-56.9,21.3,0.0085,,
0.1060,16,-54.9,21.3,0.0075,,
0.1145,17,-52.8,21.3,0.0075,,
0.1230,18,-50.5,21.3,0.0075,,
0.1305,19,-48.6,21.3,0.0075,,
0.1385,20,-46.1,21.3,0.0080,,
0.1470,21,-43.6,21.3,0.0085,,
0.1555,22,-41.1,21.3,0.0075,,
0.1640,23,-38.2,21.3,0.0075,,
0.1725,24,-35.3,21.3,0.0075,,
0.1810,25,-32.7,21.3,0.0085,,
0.1885,26,-29.9,21.3,0.0075,,
0.1970,27,-27.5,21.3,0.0085,,
0.2050,28,-25.0,21.3,0.0075,,
0.2135,29,-22.7,21.3,0.0075,,
0.2220,30,-20.8,21.3,0.0075,,
0.2305,31,-19.0,21.3,0.0085,,
0.2380,32,-17.4,21.3,0.0075,,
0.2465,33,-15.7,21.3,0.0085,,
0.2550,34,-14.1,21.3,0.0075,,
0.2630,35,-12.8,21.3,0.0075,,
0.2715,36,-11.5,21.3,0.0075,,
0.2800,37,-10.1,21.3,0.0075,,
0.2875,38,-9.1,21.3,0.0075,,
0.2960,39,-7.9,21.3,0.0085,,
0.3045,40,-6.8,21.3,0.0075,,
0.3130,41,-5.6,21.3,0.0075,,
0.3215,42,-4.3,21.3,0.0075,,
0.3295,43,-3.2,21.3,0.0075,,
0.3370,44,-2.3,21.3,0.0075,,
0.3455,45,-1.5,21.3,0.0085,,
0.3540,46,-0.4,21.3,0.0075,,
0.3625,47,0.6,21.3,0.0075,,
0.3710,48,1.4,21.3,0.0075,,
0.3795,49,2.3,21.3,0.0075,,
0.3870,50,3.1,21.3,0.0075,,
0.3955,51,4.1,21.3,0.0085,,
0.4035,52,5.1,21.3,0.0075,,
0.4120,53,5.9,21.3,0.0075,,
0.4205,54,6.7,21.3,0.0075,,
0.4290,55,7.7,21.3,0.0075,,
0.4365,56,8.5,21.3,0.0075,,
0.4450,57,9.4,21.3,0.0085,,
0.4535,58,10.0,21.3,0.0075,,
0.4615,59,10.8,21.3,0.0075,,
0.4700,60,11.7,21.3,0.0075,,
0.4785,61,12.5,21.3,0.0075,,
0.4860,62,13.3,21.3,0.0075,,
0.4945,63,14.0,21.3,0.0085,,
0.5030,64,14.9,21.3,0.0075,,
0.5115,65,15.8,21.3,0.0075,,
0.5200,66,16.6,21.3,0.0075,,
0.5280,67,17.4,21.3,0.0080,,
0.5360,68,18.1,21.3,0.0080,,
0.5440,69,18.8,21.3,0.0080,,
0.5525,70,19.8,21.3,0.0075,,
0.5610,71,20.5,21.3,0.0075,,
0.5695,72,21.2,21.3,0.0075,,
0.5780,73,22.1,21.3,0.0085,,
0.5855,74,22.8,21.3,0.0075,,
0.5940,75,23.7,21.3,0.0085,,
0.6025,76,24.6,21.3,0.0075,,
0.6105,77,25.3,21.3,0.0075,,
0.6190,78,26.2,21.3,0.0075,,
0.6275,79,26.8,21.3,0.0085,,
0.6350,80,27.7,21.3,0.0075,,
0.6435,81,28.5,21.3,0.0085,,
0.6520,82,29.3,21.3,0.0075,,
0.6605,83,30.1,21.3,0.0075,,
0.6690,84,31.0,21.3,0.0075,,
0.6770,85,31.7,21.3,0.0080,,
0.6845,86,32.5,21.3,0.0075,,
0.6930,87,33.4,21.3,0.0085,,
0.7015,88,34.3,21.3,0.0075,,
0.7100,89,35.3,21.3,0.0075,,
0.7185,90,36.2,21.3,0.0075,,
0.7265,91,36.9,21.3,0.0075,,
0.7345,92,37.7,21.3,0.0080,,
0.7425,93,38.7,21.3,0.0080,,
0.7510,94,39.6,21.3,0.0085,,
0.7595,95,40.4,21.3,0.0075,,
0.7680,96,41.2,21.3,0.0075,,
0.7765,97,42.2,21.3,0.0075,,
0.7840,98,42.9,21.3,0.0075,,
0.7925,99,43.9,21.3,0.0085,,
0.8010,100,44.8,21.3,0.0085,,
0.8090,101,45.7,21.3,0.0075,,
0.8175,102,46.8,21.3,0.0075,,
0.8260,103,47.7,21.3,0.0075,,
0.8335,104,48.6,21.3,0.0075,,
0.8420,105,49.7,21.3,0.0085,,
0.8505,106,50.6,21.3,0.0085,,
0.8590,107,51.7,21.3,0.0075,,
0.8670,108,52.7,21.3,0.0075,,
0.8755,109,53.6,21.3,0.0075,,
0.8830,110,54.6,21.3,0.0075,,
0.8915,111,55.6,21.3,0.0085,,
0.9000,112,56.8,21.3,0.0085,,
0.9085,113,57.8,21.3,0.0075,,
0.9170,114,58.7,21.3,0.0075,,
0.9255,115,59.9,21.3,0.0075,,
0.9330,116,60.8,21.3,0.0075,,
0.9415,117,62.0,21.3,0.0075,,
0.9495,118,63.1,21.3,0.0080,,
0.9580,119,64.0,21.3,0.0075,,
0.9665,120,65.2,21.3,0.0075,,
0.9750,121,66.5,21.3,0.0075,,
0.9825,122,67.6,21.3,0.0075,,
0.9910,123,68.7,21.3,0.0085,,
0.9995,124,69.9,21.3,0.0075,,
1.0080,125,71.1,21.3,0.0075,,
1.0160,126,72.4,21.3,0.0075,,
1.0245,127,73.6,21.3,0.0085,,
1.0320,128,74.8,21.3,0.0075,,
1.0405,129,76.1,21.3,0.0085,,
1.0490,130,77.5,21.3,0.0075,,
1.0575,131,79.0,21.3,0.0075,,
1.0660,132,80.2,21.3,0.0075,,
1.0740,133,81.7,21.3,0.0075,,
1.0820,134,82.9,21.3,0.0080,,
1.0900,135,84.6,21.3,0.0080,,
1.0985,136,86.2,21.3,0.0075,,
1.1070,137,87.7,21.3,0.0075,,
1.1155,138,89.3,21.3,0.0075,,
1.1240,139,91.1,21.3,0.0075,,
1.1315,140,92.6,21.3,0.0075,,
1.1400,141,94.5,21.3,0.0085,,
1.1485,142,96.3,21.3,0.0075,,
1.1565,143,98.5,21.3,0.0075,,
1.1650,144,100.5,21.3,0.0075,,
1.1735,145,102.4,21.3,0.0085,,
1.1810,146,104.4,21.3,0.0075,,
1.1895,147,106.5,21.3,0.0085,,
1.1980,148,108.8,21.3,0.0075,,
1.2065,149,111.3,21.3,0.0075,,
1.2145,150,113.8,21.3,0.0075,,
1.2230,151,116.7,21.3,0.0075,,
1.2305,152,119.3,21.3,0.0075,,
1.2390,153,122.5,21.3,0.0085,,
1.2475,154,125.6,21.3,0.0075,,
1.2560,155,129.0,21.3,0.0075,,
1.2645,156,132.4,21.3,0.0075,,
1.2725,157,136.5,21.3,0.0075,,
1.2805,158,140.0,21.3,0.0080,,
1.2885,159,143.8,21.3,0.0080,,
1.2970,160,147.5,21.3,0.0085,,
1.3055,161,151.1,21.3,0.0075,,
1.3140,162,154.6,21.3,0.0075,,
1.3225,163,157.9,21.3,0.0075,,
1.3300,164,160.7,21.3,0.0075,,
1.3385,165,163.3,21.3,0.0085,,
1.3470,166,165.9,21.3,0.0085,,
1.3550,167,168.5,21.3,0.0075,,
1.3635,168,170.8,21.3,0.0075,,
1.3720,169,172.6,21.3,0.0075,,
1.3795,170,174.4,21.3,0.0075,,
1.3880,171,176.2,21.3,0.0085,,
1.3965,172,178.1,21.3,0.0085,,
1.4050,173,179.6,21.3,0.0075,,
1.4130,174,181.1,21.4,0.0075,,
1.4215,175,182.5,21.4,0.0075,,
1.4300,176,183.8,21.3,0.0085,,
1.4380,177,185.1,21.3,0.0075,,
1.4380,417,186.9,21.4,0.0000,,
1.4385,418,186.7,21.4,0.0005,,
1.4405,419,186.9,21.4,0.0015,,
1.4425,420,187.1,21.4,0.0015,,
1.4465,421,187.5,21.4,0.0035,,
1.4525,422,188.1,21.4,0.0045,,
1.4605,423,188.9,21.4,0.0060,,
1.4690,424,190.1,21.4,0.0065,,
1.4775,425,191.0,21.4,0.0070,,
1.4850,426,192.0,21.4,0.0060,,
1.4935,427,192.8,21.4,0.0070,,
1.5020,428,193.7,21.4,0.0065,,
1.5105,429,194.8,21.4,0.0065,,
1.5190,430,195.5,21.4,0.0065,,
1.5270,431,196.4,21.4,0.0065,,
1.5350,432,197.2,21.4,0.0065,,
1.5430,433,197.9,21.4,0.0065,,
1.5515,434,198.8,21.4,0.0065,,
1.5600,435,199.5,21.4,0.0065,,
1.5685,436,200.1,21.4,0.0065,,
1.5770,437,200.8,21.4,0.0070,,
1.5845,438,201.5,21.4,0.0060,,
1.5930,439,202.3,21.4,0.0070,,
1.6010,440,202.9,21.4,0.0060,,
1.6095,441,203.5,21.4,0.0065,,
1.6180,442,204.4,21.4,0.0065,,
1.6255,443,204.8,21.4,0.0060,,
1.6340,444,205.5,21.4,0.0070,,
1.6425,445,205.9,21.4,0.0070,,
1.6510,446,206.5,21.4,0.0065,,
1.6595,447,207.2,21.4,0.0065,,
1.6680,448,207.7,21.4,0.0065,,
1.6755,449,208.2,21.4,0.0060,,
1.6835,450,208.6,21.4,0.0065,,
1.6920,451,209.2,21.4,0.0070,,
1.7005,452,209.7,21.4,0.0065,,
1.7090,453,210.2,21.4,0.0065,,
1.7175,454,210.4,21.4,0.0065,,
1.7250,455,211.0,21.4,0.0060,,
1.7335,456,211.4,21.4,0.0070,,
1.7420,457,212.0,21.4,0.0070,,
1.7500,458,212.3,21.4,0.0060,,
1.7585,459,212.7,21.4,0.0065,,
1.7670,460,213.3,21.4,0.0065,,
1.7745,461,213.5,21.4,0.0060,,
1.7830,462,214.1,21.4,0.0070,,
1.7915,463,214.4,21.4,0.0070,,
1.8000,464,214.8,21.4,0.0065,,
1.8080,465,215.3,21.4,0.0060,,
1.8165,466,215.7,21.4,0.0065,,
1.8250,467,216.1,21.4,0.0070,,
1.8325,468,216.4,21.4,0.0060,,
1.8410,469,216.7,21.4,0.0070,,
1.8495,470,217.1,21.4,0.0065,,
1.8580,471,217.5,21.4,0.0065,,
1.8665,472,217.8,21.4,0.0065,,
1.8745,473,218.1,21.4,0.0065,,
1.8825,474,218.4,21.4,0.0065,,
1.8905,475,218.8,21.4,0.0065,,
1.8990,476,219.3,21.4,0.0065,,
1.9075,477,219.6,21.4,0.0065,,
1.9160,478,219.8,21.4,0.0065,,
1.9245,479,220.1,21.4,0.0070,,
1.9320,480,220.6,21.4,0.0060,,
1.9405,481,221.0,21.4,0.0070,,
1.9485,482,221.3,21.4,0.0065,,
1.9570,483,221.6,21.4,0.0065,,
1.9655,484,221.9,21.4,0.0065,,
1.9740,485,222.3,21.4,0.0065,,
1.9815,486,222.6,21.4,0.0060,,
1.9900,487,222.8,21.4,0.0070,,
1.9985,488,223.0,21.4,0.0070,,
2.0065,489,223.3,21.4,0.0060,,
2.0150,490,223.6,21.4,0.0065,,
2.0235,491,223.8,21.4,0.0065,,
2.0310,492,224.2,21.4,0.0060,,
2.0395,493,224.3,21.4,0.0070,,
2.0480,494,224.6,21.4,0.0070,,
2.0565,495,224.9,21.4,0.0065,,
2.0645,496,225.1,21.4,0.0060,,
2.0730,497,225.4,21.4,0.0065,,
2.0805,498,225.5,21.4,0.0060,,
2.0890,499,225.9,21.4,0.0070,,
2.0975,500,226.2,21.4,0.0070,,
2.1060,501,226.3,21.4,0.0065,,
2.1145,502,226.6,21.4,0.0065,,
2.1230,503,227.0,21.4,0.0065,,
2.1305,504,227.3,21.4,0.0060,,
2.1390,505,227.5,21.4,0.0070,,
2.1470,506,227.7,21.4,0.0060,,
2.1555,507,227.9,21.4,0.0065,,
2.1640,508,228.3,21.4,0.0065,,
2.1725,509,228.4,21.4,0.0065,,
2.1800,510,228.6,21.4,0.0060,,
2.1885,511,228.7,21.4,0.0070,,
2.1970,512,229.0,21.4,0.0070,,
2.2050,513,229.3,21.4,0.0060,,
2.2135,514,229.5,21.4,0.0065,,
2.2220,515,229.6,21.4,0.0065,,
2.2295,516,229.9,21.4,0.0060,,
2.2380,517,230.1,21.4,0.0070,,
2.2465,518,230.4,21.4,0.0070,,
2.2550,519,230.6,21.4,0.0065,,
2.2630,520,230.8,21.4,0.0060,,
2.2715,521,231.0,21.4,0.0065,,
2.2790,522,231.2,21.4,0.0060,,
2.2875,523,231.5,21.4,0.0070,,
2.2960,524,231.6,21.4,0.0070,,
2.3045,525,231.8,21.4,0.0065,,
2.3130,526,232.1,21.4,0.0065,,
2.3215,527,232.5,21.4,0.0065,,
2.3295,528,232.6,21.4,0.0065,,
2.3375,529,232.7,21.4,0.0065,,
2.3455,530,232.8,21.4,0.0065,,
2.3540,531,233.1,21.4,0.0065,,
2.3625,532,233.3,21.4,0.0065,,
2.3710,533,233.4,21.4,0.0065,,
2.3795,534,233.7,21.4,0.0070,,
2.3865,535,233.8,21.4,0.0060,,
2.3945,536,234.1,21.4,0.0065,,
2.4025,537,234.3,21.4,0.0060,,
2.4100,538,234.4,21.4,0.0060,,
2.4165,539,234.4,21.4,0.0050,,
2.4175,540,234.5,21.4,0.0010,,
2.4180,541,234.6,21.4,0.0005,,
2.4190,542,234.7,21.4,0.0010,,
2.4205,543,234.7,21.4,0.0010,,
2.4230,544,234.8,21.4,0.0020,,
2.4250,545,234.9,21.4,0.0015,,
2.4280,546,234.9,21.4,0.0025,,
2.4320,547,235.0,21.4,0.0030,,
Scope 1/1, Sample 28/32 (T20)
Result,TitrationEP1
V,t,E,T,dV/dt,E acc. stat.,Volume acc. stat.
0.0000,0,-69.8,21.2,NaN,,
0.0005,1,-69.8,21.2,0.0005,,
0.0025,2,-70.0,21.2,0.0020,,
0.0050,3,-70.1,21.2,0.0025,,
0.0090,4,-69.8,21.2,0.0035,,
0.0150,5,-69.7,21.2,0.0055,,
0.0235,6,-69.3,21.2,0.0075,,
0.0310,7,-68.5,21.2,0.0075,,
0.0395,8,-67.4,21.2,0.0085,,
0.0480,9,-65.8,21.2,0.0075,,
0.0565,10,-64.6,21.2,0.0075,,
0.0650,11,-63.2,21.2,0.0075,,
0.0730,12,-61.3,21.2,0.0075,,
0.0805,13,-60.0,21.2,0.0075,,
0.0890,14,-57.9,21.2,0.0085,,
0.0975,15,-56.2,21.2,0.0085,,
0.1060,16,-54.3,21.2,0.0075,,
0.1145,17,-51.9,21.2,0.0075,,
0.1230,18,-49.7,21.2,0.0075,,
0.1305,19,-47.6,21.2,0.0075,,
0.1390,20,-45.2,21.2,0.0085,,
0.1470,21,-42.9,21.2,0.0080,,
0.1555,22,-40.1,21.2,0.0075,,
0.1640,23,-37.3,21.2,0.0075,,
0.1725,24,-34.9,21.2,0.0075,,
0.1800,25,-32.4,21.2,0.0075,,
0.1885,26,-30.0,21.2,0.0085,,
0.1970,27,-27.4,21.2,0.0085,,
0.2050,28,-25.1,21.2,0.0075,,
0.2135,29,-23.3,21.2,0.0075,,
0.2220,30,-21.5,21.2,0.0075,,
0.2295,31,-20.0,21.2,0.0075,,
0.2380,32,-18.2,21.2,0.0085,,
0.2465,33,-16.6,21.2,0.0085,,
0.2550,34,-15.5,21.2,0.0075,,
0.2630,35,-14.1,21.2,0.0075,,
0.2715,36,-12.6,21.2,0.0075,,
0.2790,37,-11.5,21.2,0.0075,,
0.2875,38,-10.2,21.2,0.0085,,
0.2960,39,-9.4,21.2,0.0085,,
0.3045,40,-8.3,21.2,0.0075,,
0.3130,41,-6.9,21.2,0.0075,,
0.3215,42,-6.0,21.2,0.0075,,
0.3290,43,-4.9,21.2,0.0075,,
0.3375,44,-4.1,21.2,0.0085,,
0.3455,45,-3.2,21.2,0.0080,,
0.3540,46,-2.0,21.2,0.0075,,
0.3625,47,-1.2,21.2,0.0075,,
0.3710,48,-0.5,21.2,0.0075,,
0.3785,49,0.4,21.2,0.0075,,
0.3870,50,1.2,21.2,0.0085,,
0.3955,51,2.3,21.2,0.0085,,
0.4040,52,2.9,21.2,0.0075,,
0.4120,53,3.6,21.2,0.0075,,
0.4205,54,4.8,21.2,0.0075,,
0.4280,55,5.4,21.2,0.0075,,
0.4365,56,6.5,21.2,0.0085,,
0.4450,57,7.1,21.2,0.0085,,
0.4535,58,7.8,21.2,0.0075,,
0.4620,59,8.9,21.2,0.0075,,
0.4700,60,9.7,21.2,0.0075,,
0.4780,61,10.5,21.2,0.0080,,
0.4860,62,11.0,21.2,0.0080,,
0.4945,63,11.8,21.2,0.0085,,
0.5030,64,12.9,21.2,0.0075,,
0.5115,65,13.7,21.2,0.0075,,
0.5200,66,14.2,21.2,0.0075,,
0.5275,67,15.0,21.2,0.0075,,
0.5360,68,15.9,21.2,0.0085,,
0.5445,69,16.9,21.2,0.0075,,
0.5525,70,17.6,21.2,0.0075,,
0.5610,71,18.1,21.2,0.0075,,
0.5695,72,19.2,21.2,0.0075,,
0.5770,73,19.7,21.2,0.0075,,
0.5855,74,20.8,21.2,0.0085,,
0.5940,75,21.5,21.2,0.0085,,
0.6025,76,22.0,21.2,0.0075,,
0.6105,77,23.0,21.2,0.0075,,
0.6190,78,24.0,21.2,0.0075,,
0.6265,79,24.7,21.2,0.0075,,
0.6350,80,25.5,21.2,0.0085,,
0.6435,81,26.0,21.2,0.0085,,
0.6520,82,27.0,21.2,0.0075,,
0.6605,83,28.1,21.2,0.0075,,
0.6685,84,28.7,21.2,0.0075,,
0.6765,85,29.6,21.2,0.0080,,
0.6850,86,30.2,21.2,0.0085,,
0.6930,87,31.1,21.2,0.0080,,
0.7015,88,32.3,21.2,0.0075,,
0.7100,89,32.9,21.2,0.0075,,
0.7185,90,33.6,21.2,0.0075,,
0.7260,91,34.4,21.2,0.0075,,
0.7345,92,35.4,21.2,0.0085,,
0.7430,93,36.5,21.2,0.0085,,
0.7510,94,37.0,21.2,0.0075,,
0.7595,95,37.9,21.2,0.0075,,
0.7680,96,39.1,21.2,0.0075,,
0.7765,97,39.8,21.2,0.0085,,
0.7840,98,41.0,21.2,0.0075,,
0.7925,99,41.7,21.2,0.0085,,
0.8010,100,42.5,21.2,0.0075,,
0.8090,101,43.7,21.2,0.0075,,
0.8175,102,44.8,21.2,0.0075,,
0.8260,103,45.7,21.2,0.0085,,
0.8335,104,46.5,21.2,0.0075,,
0.8420,105,47.4,21.2,0.0085,,
0.8505,106,48.7,21.2,0.0075,,
0.8590,107,49.7,21.2,0.0075,,
0.8675,108,50.5,21.2,0.0075,,
0.8755,109,51.5,21.2,0.0080,,
0.8835,110,52.5,21.2,0.0080,,
0.8915,111,53.8,21.2,0.0080,,
0.9000,112,54.8,21.2,0.0075,,
0.9085,113,55.6,21.2,0.0075,,
0.9170,114,56.9,21.2,0.0075,,
0.9255,115,58.4,21.2,0.0075,,
0.9330,116,59.3,21.2,0.0075,,
0.9415,117,60.4,21.2,0.0085,,
0.9495,118,61.3,21.2,0.0075,,
0.9580,119,62.5,21.2,0.0075,,
0.9665,120,63.8,21.2,0.0075,,
0.9740,121,64.9,21.2,0.0075,,
0.9825,122,66.0,21.2,0.0085,,
0.9910,123,67.1,21.2,0.0085,,
0.9995,124,68.4,21.2,0.0075,,
1.0075,125,70.0,21.2,0.0075,,
1.0160,126,71.1,21.2,0.0075,,
1.0245,127,72.4,21.2,0.0075,,
1.0320,128,73.6,21.2,0.0075,,
1.0405,129,75.1,21.2,0.0085,,
1.0490,130,76.7,21.2,0.0075,,
1.0575,131,78.0,21.2,0.0075,,
1.0660,132,79.4,21.2,0.0075,,
1.0740,133,81.1,21.2,0.0075,,
1.0820,134,82.4,21.2,0.0080,,
1.0900,135,84.2,21.2,0.0080,,
1.0985,136,85.6,21.2,0.0085,,
1.1070,137,87.0,21.2,0.0075,,
1.1155,138,89.0,21.2,0.0075,,
1.1240,139,91.0,21.2,0.0075,,
1.1315,140,92.7,21.2,0.0075,,
1.1400,141,94.5,21.2,0.0085,,
1.1480,142,96.5,21.2,0.0080,,
1.1565,143,98.9,21.2,0.0075,,
1.1650,144,101.4,21.2,0.0075,,
1.1735,145,103.5,21.2,0.0075,,
1.1810,146,105.9,21.2,0.0075,,
1.1895,147,108.5,21.2,0.0085,,
1.1980,148,111.5,21.2,0.0085,,
1.2060,149,114.4,21.2,0.0075,,
1.2145,150,117.3,21.2,0.0075,,
1.2230,151,120.8,21.2,0.0075,,
1.2305,152,124.1,21.2,0.0075,,
1.2390,153,127.9,21.2,0.0085,,
1.2475,154,132.1,21.2,0.0085,,
1.2560,155,135.8,21.2,0.0075,,
1.2640,156,139.9,21.2,0.0075,,
1.2725,157,144.4,21.2,0.0075,,
1.2800,158,147.7,21.2,0.0075,,
1.2885,159,151.5,21.2,0.0085,,
1.2970,160,154.9,21.2,0.0085,,
1.3055,161,158.4,21.2,0.0075,,
1.3140,162,161.7,21.2,0.0075,,
1.3225,163,164.4,21.2,0.0075,,
1.3305,164,167.0,21.2,0.0080,,
1.3385,165,168.9,21.2,0.0080,,
1.3465,166,171.2,21.2,0.0080,,
1.3550,167,173.5,21.2,0.0075,,
1.3635,168,175.3,21.2,0.0075,,
1.3720,169,176.9,21.2,0.0075,,
1.3805,170,178.7,21.2,0.0075,,
1.3880,171,180.0,21.2,0.0075,,
1.3965,172,181.8,21.2,0.0085,,
1.4045,173,183.3,21.2,0.0075,,
1.4130,174,184.3,21.2,0.0075,,
1.4185,175,185.3,21.2,0.0060,,
1.4185,415,187.2,21.3,0.0000,,
1.4190,416,187.3,21.3,0.0005,,
1.4205,417,187.1,21.3,0.0015,,
1.4230,418,187.5,21.3,0.0025,,
1.4270,419,188.1,21.3,0.0040,,
1.4335,420,188.4,21.3,0.0065,,
1.4420,421,189.3,21.3,0.0095,,
1.4495,422,190.0,21.3,0.0085,,
1.4580,423,191.3,21.3,0.0095,,
1.4660,424,192.4,21.3,0.0080,,
1.4745,425,193.1,21.3,0.0085,,
1.4830,426,194.1,21.3,0.0085,,
1.4915,427,194.8,21.3,0.0095,,
1.4990,428,196.0,21.3,0.0085,,
1.5075,429,196.9,21.3,0.0095,,
1.5160,430,197.4,21.3,0.0085,,
1.5240,431,198.1,21.3,0.0080,,
1.5325,432,199.2,21.3,0.0085,,
1.5410,433,199.8,21.3,0.0085,,
1.5485,434,200.5,21.3,0.0085,,
1.5570,435,200.9,21.3,0.0095,,
1.5655,436,201.7,21.3,0.0085,,
1.5740,437,202.5,21.3,0.0085,,
1.5820,438,203.3,21.3,0.0080,,
1.5905,439,203.7,21.3,0.0085,,
1.5980,440,204.3,21.3,0.0085,,
1.6065,441,204.8,21.3,0.0095,,
1.6150,442,205.5,21.3,0.0095,,
1.6235,443,206.3,21.3,0.0085,,
1.6320,444,206.6,21.3,0.0085,,
1.6400,445,207.2,21.3,0.0080,,
1.6480,446,207.5,21.3,0.0090,,
1.6560,447,208.3,21.3,0.0090,,
1.6645,448,209.0,21.3,0.0095,,
1.6730,449,209.2,21.3,0.0085,,
1.6815,450,209.8,21.3,0.0085,,
1.6900,451,210.6,21.3,0.0085,,
1.6975,452,210.9,21.3,0.0085,,
1.7060,453,211.4,21.3,0.0095,,
1.7145,454,211.7,21.3,0.0095,,
1.7225,455,212.2,21.3,0.0080,,
1.7310,456,212.8,21.3,0.0085,,
1.7395,457,213.2,21.3,0.0085,,
1.7480,458,213.6,21.3,0.0095,,
1.7555,459,213.8,21.3,0.0085,,
1.7640,460,214.1,21.3,0.0095,,
1.7725,461,214.9,21.3,0.0085,,
1.7805,462,215.2,21.3,0.0080,,
1.7890,463,215.4,21.3,0.0085,,
1.7975,464,215.8,21.3,0.0095,,
1.8050,465,216.1,21.3,0.0085,,
1.8135,466,216.8,21.3,0.0095,,
1.8220,467,217.1,21.3,0.0085,,
1.8305,468,217.2,21.3,0.0085,,
1.8385,469,217.8,21.3,0.0080,,
1.8470,470,218.0,21.3,0.0095,,
1.8545,471,218.7,21.3,0.0085,,
1.8630,472,218.9,21.3,0.0095,,
1.8715,473,218.9,21.3,0.0085,,
1.8800,474,219.5,21.3,0.0085,,
1.8885,475,220.0,21.3,0.0085,,
1.8970,476,220.3,21.3,0.0095,,
1.9045,477,220.4,21.3,0.0085,,
1.9125,478,220.6,21.3,0.0090,,
1.9210,479,221.1,21.3,0.0085,,
1.9295,480,221.6,21.3,0.0085,,
1.9380,481,221.7,21.3,0.0085,,
1.9465,482,222.1,21.3,0.0095,,
1.9540,483,222.2,21.3,0.0085,,
1.9625,484,222.7,21.3,0.0095,,
1.9710,485,223.1,21.3,0.0095,,
1.9790,486,223.2,21.3,0.0080,,
1.9875,487,223.4,21.3,0.0085,,
1.9960,488,224.0,21.3,0.0085,,
2.0035,489,224.1,21.3,0.0085,,
2.0120,490,224.6,21.3,0.0095,,
2.0205,491,224.6,21.3,0.0085,,
2.0290,492,224.7,21.3,0.0085,,
2.0370,493,225.2,21.3,0.0080,,
2.0455,494,225.6,21.3,0.0085,,
2.0530,495,225.9,21.3,0.0085,,
2.0615,496,225.9,21.3,0.0095,,
2.0700,497,226.1,21.3,0.0095,,
2.0785,498,226.7,21.3,0.0085,,
2.0870,499,226.8,21.3,0.0085,,
2.0955,500,226.9,21.3,0.0085,,
2.1030,501,227.2,21.3,0.0085,,
2.1110,502,227.2,21.3,0.0090,,
2.1195,503,227.8,21.3,0.0095,,
2.1280,504,228.0,21.3,0.0085,,
2.1365,505,228.0,21.3,0.0085,,
2.1450,506,228.2,21.3,0.0085,,
2.1530,507,228.4,21.3,0.0090,,
2.1610,508,228.8,21.3,0.0090,,
2.1690,509,229.3,21.3,0.0090,,
2.1775,510,229.4,21.3,0.0095,,
2.1860,511,229.4,21.3,0.0085,,
2.1945,512,229.8,21.3,0.0085,,
2.2030,513,230.1,21.3,0.0085,,
2.2105,514,230.3,21.3,0.0085,,
2.2190,515,230.3,21.3,0.0095,,
2.2270,516,230.4,21.3,0.0090,,
2.2355,517,230.9,21.3,0.0085,,
2.2440,518,231.1,21.3,0.0085,,
2.2525,519,231.0,21.3,0.0085,,
2.2600,520,231.3,21.3,0.0085,,
2.2685,521,231.4,21.3,0.0095,,
2.2770,522,231.9,21.3,0.0095,,
2.2855,523,232.1,21.3,0.0085,,
2.2935,524,232.0,21.3,0.0080,,
2.3020,525,232.4,21.3,0.0085,,
2.3095,526,232.4,21.3,0.0085,,
2.3180,527,232.9,21.3,0.0095,,
2.3265,528,233.2,21.3,0.0095,,
2.3350,529,233.2,21.3,0.0085,,
2.3435,530,233.3,21.3,0.0085,,
2.3515,531,233.7,21.3,0.0080,,
2.3590,532,233.9,21.3,0.0085,,
2.3670,533,234.1,21.3,0.0090,,
2.3735,534,233.9,21.3,0.0070,,
2.3765,535,234.1,21.3,0.0030,,
2.3775,536,234.5,21.3,0.0010,,
2.3780,537,234.3,21.3,0.0005,,
2.3790,538,234.6,21.3,0.0010,,
2.3795,539,234.3,21.3,0.0005,,
2.3805,540,234.4,21.3,0.0010,,
2.3810,541,234.7,21.3,0.0005,,
2.3820,542,234.5,21.3,0.0010,,
2.3825,543,234.3,21.3,0.0005,,
2.3830,544,234.5,21.3,0.0005,,
2.3840,545,234.5,21.3,0.0010,,
2.3850,546,234.9,21.3,0.0010,,
2.3860,547,234.7,21.3,0.0010,,
2.3860,548,234.4,21.3,0.0000,,
2.3870,549,234.7,21.3,0.0010,,
2.3870,550,234.6,21.3,0.0000,,
2.3875,551,234.9,21.3,0.0005,,
2.3880,552,234.7,21.3,0.0005,,
2.3890,553,234.5,21.3,0.0010,,
2.3890,554,234.7,21.3,0.0000,,
2.3900,555,234.7,21.3,0.0010,,
2.3905,556,234.9,21.3,0.0005,,
2.3920,557,234.5,21.3,0.0015,,
2.3930,558,235.0,21.3,0.0010,,
Scope 1/1, Sample 29/32 (T21)
Result,TitrationEP1
V,t,E,T,dV/dt,E acc. stat.,Volume acc. stat.
0.0000,0,-69.7,21.1,NaN,,
0.0005,1,-69.6,21.1,0.0005,,
0.0025,2,-69.8,21.1,0.0020,,
0.0050,3,-70.0,21.1,0.0025,,
0.0090,4,-69.6,21.1,0.0035,,
0.0150,5,-69.2,21.1,0.0055,,
0.0235,6,-68.9,21.1,0.0075,,
0.0310,7,-67.9,21.1,0.0075,,
0.0395,8,-66.9,21.1,0.0085,,
0.0480,9,-65.2,21.1,0.0075,,
0.0565,10,-63.7,21.1,0.0075,,
0.0645,11,-62.4,21.1,0.0075,,
0.0730,12,-60.7,21.1,0.0075,,
0.0805,13,-59.1,21.1,0.0075,,
0.0890,14,-57.0,21.1,0.0085,,
0.0975,15,-54.8,21.1,0.0085,,
0.1060,16,-53.1,21.1,0.0075,,
0.1145,17,-50.7,21.1,0.0075,,
0.1225,18,-48.2,21.1,0.0075,,
0.1305,19,-46.1,21.1,0.0080,,
0.1385,20,-43.5,21.1,0.0080,,
0.1470,21,-41.0,21.1,0.0085,,
0.1555,22,-38.3,21.1,0.0075,,
0.1640,23,-35.2,21.1,0.0075,,
0.1725,24,-32.6,21.1,0.0075,,
0.1800,25,-30.0,21.1,0.0075,,
0.1885,26,-27.7,21.1,0.0085,,
0.1970,27,-25.4,21.1,0.0085,,
0.2050,28,-22.9,21.1,0.0075,,
0.2135,29,-21.0,21.1,0.0075,,
0.2220,30,-19.4,21.1,0.0075,,
0.2305,31,-17.7,21.1,0.0085,,
0.2380,32,-16.3,21.1,0.0075,,
0.2465,33,-14.4,21.1,0.0085,,
0.2550,34,-13.0,21.1,0.0075,,
0.2630,35,-11.9,21.1,0.0075,,
0.2715,36,-10.5,21.1,0.0075,,
0.2800,37,-9.1,21.1,0.0075,,
0.2875,38,-8.2,21.1,0.0075,,
0.2960,39,-7.0,21.1,0.0085,,
0.3045,40,-6.2,21.1,0.0085,,
0.3130,41,-4.9,21.1,0.0075,,
0.3210,42,-3.7,21.1,0.0075,,
0.3295,43,-2.7,21.1,0.0075,,
0.3370,44,-1.8,21.1,0.0075,,
0.3455,45,-1.1,21.1,0.0085,,
0.3540,46,-0.1,21.1,0.0085,,
0.3625,47,1.0,21.1,0.0075,,
0.3710,48,1.8,21.1,0.0075,,
0.3790,49,2.4,21.1,0.0075,,
0.3870,50,3.4,21.1,0.0080,,
0.3950,51,4.3,21.1,0.0080,,
0.4035,52,5.5,21.1,0.0085,,
0.4120,53,6.3,21.1,0.0075,,
0.4205,54,7.0,21.1,0.0075,,
0.4290,55,8.0,21.1,0.0075,,
0.4365,56,8.6,21.1,0.0075,,
0.4450,57,9.7,21.1,0.0085,,
0.4535,58,10.3,21.1,0.0075,,
0.4615,59,11.0,21.1,0.0075,,
0.4700,60,12.1,21.1,0.0075,,
0.4785,61,12.7,21.1,0.0085,,
0.4860,62,13.6,21.1,0.0075,,
0.4945,63,14.2,21.1,0.0085,,
0.5030,64,14.9,21.1,0.0075,,
0.5115,65,16.0,21.1,0.0075,,
0.5200,66,16.8,21.1,0.0075,,
0.5280,67,17.3,21.1,0.0075,,
0.5355,68,18.2,21.1,0.0075,,
0.5440,69,18.9,21.1,0.0085,,
0.5525,70,19.9,21.1,0.0075,,
0.5610,71,20.8,21.1,0.0075,,
0.5695,72,21.4,21.1,0.0075,,
0.5780,73,22.2,21.1,0.0075,,
0.5855,74,22.7,21.1,0.0075,,
0.5940,75,23.8,21.1,0.0085,,
0.6020,76,24.7,21.1,0.0080,,
0.6105,77,25.2,21.1,0.0075,,
0.6190,78,26.3,21.1,0.0075,,
0.6275,79,27.3,21.1,0.0075,,
0.6350,80,27.9,21.1,0.0075,,
0.6435,81,28.8,21.1,0.0085,,
0.6520,82,29.3,21.1,0.0085,,
0.6600,83,30.1,21.1,0.0075,,
0.6685,84,31.2,21.1,0.0075,,
0.6770,85,32.0,21.1,0.0075,,
0.6855,86,32.9,21.1,0.0085,,
0.6930,87,33.5,21.1,0.0075,,
0.7015,88,34.3,21.1,0.0085,,
0.7100,89,35.5,21.1,0.0075,,
0.7180,90,36.3,21.1,0.0075,,
0.7265,91,36.9,21.1,0.0075,,
0.7350,92,37.8,21.1,0.0085,,
0.7425,93,38.6,21.1,0.0075,,
0.7510,94,39.8,21.1,0.0085,,
0.7595,95,40.7,21.1,0.0075,,
0.7680,96,41.4,21.1,0.0075,,
0.7765,97,42.4,21.1,0.0075,,
0.7840,98,43.2,21.2,0.0075,,
0.7925,99,44.4,21.2,0.0085,,
0.8005,100,45.3,21.2,0.0080,,
0.8090,101,46.0,21.2,0.0075,,
0.8175,102,47.2,21.2,0.0075,,
0.8260,103,48.3,21.2,0.0075,,
0.8345,104,49.3,21.2,0.0085,,
0.8420,105,50.1,21.2,0.0075,,
0.8505,106,50.9,21.2,0.0085,,
0.8585,107,51.9,21.1,0.0075,,
0.8670,108,53.2,21.2,0.0075,,
0.8755,109,54.1,21.2,0.0075,,
0.8840,110,54.9,21.2,0.0075,,
0.8915,111,55.9,21.2,0.0075,,
0.9000,112,57.0,21.2,0.0085,,
0.9085,113,58.3,21.2,0.0075,,
0.9165,114,59.2,21.2,0.0075,,
0.9250,115,60.2,21.2,0.0075,,
0.9335,116,61.5,21.2,0.0075,,
0.9410,117,62.4,21.2,0.0075,,
0.9495,118,63.8,21.2,0.0085,,
0.9580,119,64.8,21.2,0.0085,,
0.9665,120,65.8,21.2,0.0075,,
0.9750,121,67.3,21.2,0.0075,,
0.9830,122,68.6,21.2,0.0075,,
0.9910,123,69.9,21.2,0.0080,,
0.9990,124,70.9,21.2,0.0080,,
1.0075,125,72.0,21.2,0.0085,,
1.0160,126,73.5,21.2,0.0075,,
1.0245,127,74.9,21.2,0.0075,,
1.0330,128,76.0,21.2,0.0075,,
1.0405,129,77.3,21.2,0.0075,,
1.0490,130,78.5,21.2,0.0085,,
1.0570,131,80.2,21.2,0.0080,,
1.0655,132,81.7,21.2,0.0075,,
1.0740,133,82.9,21.2,0.0075,,
1.0825,134,84.4,21.2,0.0075,,
1.0910,135,85.9,21.2,0.0085,,
1.0985,136,87.7,21.2,0.0075,,
1.1070,137,89.6,21.2,0.0085,,
1.1150,138,91.1,21.2,0.0075,,
1.1235,139,92.8,21.2,0.0075,,
1.1320,140,95.0,21.2,0.0075,,
1.1405,141,96.8,21.2,0.0085,,
1.1480,142,98.8,21.2,0.0075,,
1.1565,143,100.7,21.2,0.0085,,
1.1650,144,102.8,21.2,0.0075,,
1.1730,145,105.4,21.2,0.0075,,
1.1815,146,107.8,21.2,0.0075,,
1.1900,147,110.2,21.2,0.0085,,
1.1975,148,112.7,21.2,0.0075,,
1.2060,149,115.5,21.2,0.0085,,
1.2145,150,119.0,21.2,0.0075,,
1.2230,151,122.3,21.2,0.0075,,
1.2315,152,125.1,21.2,0.0075,,
1.2395,153,128.2,21.2,0.0080,,
1.2470,154,132.0,21.2,0.0075,,
1.2555,155,136.6,21.2,0.0085,,
1.2640,156,140.5,21.2,0.0075,,
1.2725,157,143.9,21.2,0.0075,,
1.2810,158,147.8,21.2,0.0075,,
1.2895,159,151.7,21.2,0.0075,,
1.2970,160,154.7,21.2,0.0075,,
1.3055,161,158.2,21.2,0.0085,,
1.3135,162,160.9,21.2,0.0075,,
1.3220,163,163.7,21.2,0.0075,,
1.3305,164,166.7,21.2,0.0075,,
1.3390,165,168.8,21.2,0.0085,,
1.3465,166,170.9,21.2,0.0075,,
1.3550,167,172.9,21.2,0.0085,,
1.3635,168,175.0,21.2,0.0075,,
1.3715,169,176.9,21.2,0.0075,,
1.3800,170,178.3,21.2,0.0075,,
1.3885,171,179.8,21.2,0.0075,,
1.3960,172,181.2,21.2,0.0070,,
1.4045,173,182.8,21.2,0.0085,,
1.4130,174,184.3,21.2,0.0075,,
1.4210,175,185.3,21.2,0.0075,,
1.4210,415,187.1,21.2,0.0000,,
1.4215,416,186.9,21.2,0.0005,,
1.4230,417,186.9,21.2,0.0010,,
1.4255,418,187.5,21.2,0.0020,,
1.4295,419,187.7,21.2,0.0030,,
1.4355,420,188.2,21.2,0.0045,,
1.4435,421,189.3,21.2,0.0060,,
1.4515,422,190.0,21.2,0.0065,,
1.4595,423,191.1,21.2,0.0065,,
1.4680,424,192.1,21.2,0.0070,,
1.4765,425,192.9,21.2,0.0065,,
1.4850,426,193.9,21.2,0.0065,,
1.4935,427,195.1,21.2,0.0065,,
1.5010,428,195.8,21.2,0.0060,,
1.5095,429,196.6,21.2,0.0070,,
1.5175,430,197.1,21.2,0.0065,,
1.5260,431,198.2,21.2,0.0065,,
1.5345,432,199.1,21.2,0.0065,,
1.5430,433,199.7,21.2,0.0065,,
1.5505,434,200.4,21.2,0.0060,,
1.5590,435,201.0,21.2,0.0070,,
1.5675,436,201.7,21.2,0.0070,,
1.5760,437,202.5,21.2,0.0065,,
1.5840,438,202.9,21.2,0.0060,,
1.5925,439,203.6,21.2,0.0065,,
1.6000,440,204.2,21.2,0.0060,,
1.6085,441,204.9,21.2,0.0070,,
1.6170,442,205.7,21.2,0.0070,,
1.6255,443,206.1,21.2,0.0065,,
1.6340,444,206.6,21.2,0.0065,,
1.6420,445,207.3,21.2,0.0060,,
1.6500,446,207.7,21.2,0.0065,,
1.6580,447,208.4,21.2,0.0065,,
1.6665,448,208.6,21.2,0.0070,,
1.6750,449,209.1,21.2,0.0065,,
1.6835,450,209.9,21.2,0.0065,,
1.6920,451,210.5,21.2,0.0065,,
1.7000,452,210.9,21.2,0.0065,,
1.7080,453,211.1,21.2,0.0065,,
1.7160,454,211.6,21.2,0.0065,,
1.7245,455,212.3,21.2,0.0065,,
1.7330,456,212.7,21.2,0.0065,,
1.7415,457,212.8,21.2,0.0065,,
1.7500,458,213.3,21.2,0.0070,,
1.7575,459,213.5,21.2,0.0060,,
1.7660,460,214.2,21.2,0.0070,,
1.7745,461,214.7,21.2,0.0065,,
1.7825,462,214.8,21.2,0.0060,,
1.7910,463,215.4,21.2,0.0065,,
1.7985,464,215.6,21.2,0.0060,,
1.8070,465,216.2,21.2,0.0070,,
1.8155,466,216.6,21.2,0.0070,,
1.8240,467,216.7,21.2,0.0065,,
1.8325,468,217.3,21.2,0.0065,,
1.8410,469,217.9,21.2,0.0065,,
1.8490,470,218.2,21.2,0.0065,,
1.8570,471,218.4,21.2,0.0065,,
1.8650,472,218.5,21.2,0.0065,,
1.8735,473,219.1,21.2,0.0065,,
1.8820,474,219.6,21.2,0.0065,,
1.8905,475,219.7,21.2,0.0065,,
1.8985,476,219.8,21.2,0.0060,,
1.9065,477,220.2,21.2,0.0065,,
1.9145,478,220.6,21.2,0.0065,,
1.9230,479,221.2,21.2,0.0070,,
1.9315,480,221.3,21.2,0.0065,,
1.9400,481,221.5,21.2,0.0065,,
1.9485,482,222.0,21.2,0.0065,,
1.9560,483,222.1,21.2,0.0060,,
1.9645,484,222.8,21.2,0.0070,,
1.9730,485,222.9,21.2,0.0070,,
1.9810,486,223.0,21.2,0.0060,,
1.9895,487,223.6,21.2,0.0065,,
1.9980,488,223.9,21.2,0.0065,,
2.0055,489,224.2,21.2,0.0060,,
2.0140,490,224.2,21.2,0.0070,,
2.0225,491,224.5,21.2,0.0070,,
2.0310,492,224.8,21.2,0.0065,,
2.0390,493,225.3,21.2,0.0060,,
2.0475,494,225.2,21.2,0.0065,,
2.0550,495,225.5,21.2,0.0060,,
2.0635,496,225.7,21.2,0.0070,,
2.0720,497,226.3,21.2,0.0070,,
2.0805,498,226.5,21.2,0.0065,,
2.0890,499,226.5,21.2,0.0065,,
2.0975,500,226.8,21.2,0.0065,,
2.1050,501,226.9,21.2,0.0060,,
2.1135,502,227.3,21.2,0.0070,,
2.1215,503,227.7,21.2,0.0065,,
2.1300,504,227.7,21.2,0.0065,,
2.1385,505,228.0,21.2,0.0065,,
2.1470,506,228.1,21.2,0.0070,,
2.1545,507,228.5,21.2,0.0060,,
2.1630,508,228.8,21.2,0.0070,,
2.1715,509,228.8,21.2,0.0070,,
2.1795,510,229.2,21.2,0.0060,,
2.1880,511,229.6,21.2,0.0065,,
2.1965,512,229.8,21.2,0.0065,,
2.2040,513,230.1,21.2,0.0060,,
2.2125,514,230.0,21.2,0.0070,,
2.2210,515,230.3,21.2,0.0070,,
2.2295,516,230.7,21.2,0.0065,,
2.2375,517,230.7,21.2,0.0060,,
2.2460,518,230.8,21.2,0.0065,,
2.2535,519,231.0,21.2,0.0060,,
2.2620,520,231.2,21.2,0.0070,,
2.2705,521,231.8,21.2,0.0070,,
2.2790,522,232.0,21.2,0.0065,,
2.2875,523,231.9,21.2,0.0065,,
2.2960,524,232.3,21.2,0.0065,,
2.3040,525,232.3,21.2,0.0065,,
2.3115,526,232.7,21.2,0.0060,,
2.3200,527,232.9,21.2,0.0070,,
2.3285,528,232.9,21.2,0.0070,,
2.3370,529,233.1,21.2,0.0065,,
2.3450,530,233.6,21.2,0.0060,,
2.3535,531,233.8,21.2,0.0065,,
2.3605,532,234.0,21.2,0.0060,,
2.3690,533,233.9,21.2,0.0070,,
2.3755,534,234.0,21.2,0.0055,,
2.3775,535,234.4,21.2,0.0015,,
2.3780,536,234.2,21.2,0.0005,,
2.3785,537,234.1,21.2,0.0005,,
2.3790,538,234.2,21.2,0.0005,,
2.3800,539,234.1,21.2,0.0010,,
2.3810,540,234.4,21.2,0.0010,,
2.3820,541,234.4,21.2,0.0010,,
2.3820,542,234.2,21.2,0.0000,,
2.3845,543,234.4,21.2,0.0020,,
2.3855,544,234.4,21.2,0.0010,,
2.3855,545,234.5,21.2,0.0000,,
2.3865,546,234.6,21.2,0.0010,,
2.3870,547,234.3,21.2,0.0005,,
2.3870,548,234.4,21.2,0.0000,,
2.3880,549,234.6,21.2,0.0010,,
2.3885,550,234.5,21.2,0.0005,,
2.3890,551,234.6,21.2,0.0005,,
2.3895,552,234.3,21.2,0.0005,,
2.3905,553,234.4,21.2,0.0010,,
2.3915,554,234.7,21.2,0.0010,,
2.3920,555,234.4,21.2,0.0005,,
2.3920,556,234.6,21.2,0.0000,,
2.3930,557,234.3,21.2,0.0010,,
2.3935,558,234.4,21.2,0.0005,,
2.3940,559,234.7,21.2,0.0005,,
2.3950,560,234.5,21.2,0.0010,,
2.3955,561,234.4,21.2,0.0005,,
2.3965,562,234.5,21.2,0.0010,,
2.3975,563,234.6,21.2,0.0010,,
2.3980,564,234.8,21.2,0.0005,,
2.3985,565,234.7,21.2,0.0005,,
2.4000,566,234.6,21.2,0.0010,,
2.4010,568,235.0,21.2,0.0005,,
Scope 1/1, Sample 30/32 (T22)
Result,TitrationEP1
V,t,E,T,dV/dt,E acc. stat.,Volume acc. stat.
0.0000,0,-71.3,21.1,NaN,,
0.0010,1,-71.3,21.1,0.0010,,
0.0025,2,-71.4,21.1,0.0015,,
0.0050,3,-71.2,21.1,0.0020,,
0.0095,4,-71.2,21.1,0.0040,,
0.0150,5,-70.7,21.1,0.0050,,
0.0235,6,-70.2,21.1,0.0075,,
0.0320,7,-69.4,21.1,0.0075,,
0.0405,8,-68.0,21.1,0.0075,,
0.0490,9,-66.7,21.1,0.0070,,
0.0570,10,-65.4,21.1,0.0075,,
0.0650,11,-64.2,21.1,0.0075,,
0.0730,12,-62.6,21.1,0.0075,,
0.0815,13,-60.8,21.1,0.0075,,
0.0900,14,-59.0,21.1,0.0075,,
0.0985,15,-57.2,21.1,0.0075,,
0.1070,16,-55.1,21.1,0.0070,,
0.1145,17,-53.4,21.1,0.0070,,
0.1230,18,-50.9,21.1,0.0075,,
0.1315,19,-48.6,21.1,0.0075,,
0.1395,20,-46.5,21.1,0.0075,,
0.1480,21,-43.7,21.1,0.0075,,
0.1565,22,-40.8,21.1,0.0070,,
0.1640,23,-38.6,21.1,0.0070,,
0.1725,24,-35.8,21.1,0.0075,,
0.1810,25,-33.3,21.1,0.0075,,
0.1895,26,-30.5,21.1,0.0075,,
0.1975,27,-27.7,21.1,0.0075,,
0.2060,28,-25.5,21.1,0.0070,,
0.2135,29,-23.3,21.1,0.0070,,
0.2220,30,-21.6,21.1,0.0075,,
0.2305,31,-19.7,21.1,0.0075,,
0.2390,32,-17.7,21.1,0.0075,,
0.2475,33,-16.3,21.1,0.0075,,
0.2555,34,-14.9,21.1,0.0065,,
0.2635,35,-13.5,21.1,0.0075,,
0.2715,36,-12.1,21.1,0.0075,,
0.2800,37,-10.5,21.1,0.0075,,
0.2885,38,-9.4,21.1,0.0075,,
0.2970,39,-8.3,21.1,0.0075,,
0.3055,40,-7.0,21.1,0.0070,,
0.3135,41,-6.3,21.1,0.0075,,
0.3215,42,-4.7,21.1,0.0075,,
0.3295,43,-3.7,21.1,0.0075,,
0.3380,44,-3.0,21.1,0.0075,,
0.3465,45,-1.9,21.1,0.0075,,
0.3550,46,-0.7,21.1,0.0075,,
0.3635,47,0.0,21.1,0.0075,,
0.3710,48,0.9,21.1,0.0070,,
0.3795,49,1.5,21.1,0.0075,,
0.3875,50,2.6,21.1,0.0075,,
0.3960,51,3.8,21.1,0.0075,,
0.4045,52,4.4,21.1,0.0070,,
0.4130,53,5.4,21.1,0.0075,,
0.4205,54,6.1,21.1,0.0070,,
0.4290,55,7.2,21.1,0.0075,,
0.4375,56,8.2,21.1,0.0075,,
0.4460,57,8.7,21.1,0.0075,,
0.4540,58,9.6,21.1,0.0065,,
0.4620,59,10.2,21.1,0.0075,,
0.4700,60,11.4,21.1,0.0075,,
0.4785,61,12.3,21.1,0.0075,,
0.4870,62,12.8,21.1,0.0075,,
0.4955,63,13.7,21.1,0.0075,,
0.5040,64,14.8,21.1,0.0070,,
0.5125,65,15.5,21.1,0.0075,,
0.5200,66,16.3,21.1,0.0070,,
0.5285,67,16.8,21.1,0.0075,,
0.5365,68,17.6,21.1,0.0075,,
0.5450,69,18.7,21.1,0.0075,,
0.5535,70,19.4,21.1,0.0070,,
0.5620,71,20.2,21.1,0.0075,,
0.5695,72,20.8,21.1,0.0070,,
0.5780,73,21.6,21.1,0.0075,,
0.5865,74,22.7,21.1,0.0075,,
0.5945,75,23.4,21.1,0.0075,,
0.6030,76,23.9,21.1,0.0070,,
0.6115,77,24.7,21.1,0.0075,,
0.6190,78,25.6,21.1,0.0070,,
0.6275,79,26.6,21.1,0.0075,,
0.6360,80,27.3,21.1,0.0075,,
0.6445,81,27.9,21.1,0.0075,,
0.6530,82,29.0,21.1,0.0075,,
0.6610,83,29.9,21.1,0.0065,,
0.6685,84,30.7,21.1,0.0070,,
0.6770,85,31.4,21.1,0.0075,,
0.6855,86,32.0,21.1,0.0075,,
0.6940,87,33.0,21.1,0.0075,,
0.7025,88,34.1,21.1,0.0075,,
0.7110,89,34.7,21.1,0.0070,,
0.7185,90,35.6,21.1,0.0070,,
0.7270,91,36.2,21.1,0.0075,,
0.7350,92,37.1,21.1,0.0075,,
0.7435,93,38.2,21.1,0.0075,,
0.7520,94,38.9,21.1,0.0075,,
0.7605,95,39.7,21.1,0.0070,,
0.7680,96,40.4,21.1,0.0070,,
0.7765,97,41.5,21.1,0.0075,,
0.7850,98,42.6,21.1,0.0075,,
0.7930,99,43.3,21.1,0.0075,,
0.8015,100,44.2,21.1,0.0075,,
0.8100,101,45.4,21.1,0.0070,,
0.8175,102,46.1,21.1,0.0070,,
0.8260,103,47.3,21.1,0.0075,,
0.8345,104,47.8,21.1,0.0075,,
0.8430,105,48.8,21.1,0.0075,,
0.8515,106,50.0,21.1,0.0075,,
0.8595,107,50.8,21.1,0.0065,,
0.8675,108,51.9,21.1,0.0075,,
0.8755,109,52.7,21.1,0.0075,,
0.8840,110,53.5,21.1,0.0075,,
0.8925,111,54.9,21.1,0.0075,,
0.9010,112,55.8,21.1,0.0075,,
0.9095,113,56.5,21.1,0.0070,,
0.9170,114,57.6,21.1,0.0070,,
0.9255,115,58.7,21.1,0.0075,,
0.9335,116,60.0,21.1,0.0075,,
0.9420,117,61.0,21.1,0.0075,,
0.9505,118,61.9,21.1,0.0075,,
0.9590,119,63.2,21.1,0.0070,,
0.9665,120,64.1,21.1,0.0070,,
0.9750,121,65.5,21.1,0.0075,,
0.9835,122,66.6,21.1,0.0075,,
0.9920,123,67.6,21.1,0.0075,,
1.0000,124,69.1,21.1,0.0075,,
1.0085,125,70.5,21.1,0.0070,,
1.0160,126,71.6,21.1,0.0070,,
1.0245,127,72.6,21.1,0.0075,,
1.0330,128,73.7,21.1,0.0075,,
1.0415,129,75.3,21.1,0.0075,,
1.0500,130,76.7,21.1,0.0075,,
1.0585,131,77.9,21.1,0.0075,,
1.0660,132,79.1,21.1,0.0070,,
1.0740,133,80.2,21.1,0.0075,,
1.0825,134,82.0,21.1,0.0075,,
1.0910,135,83.5,21.1,0.0075,,
1.0995,136,84.7,21.1,0.0075,,
1.1080,137,86.3,21.1,0.0070,,
1.1155,138,87.5,21.1,0.0070,,
1.1240,139,89.5,21.1,0.0075,,
1.1325,140,91.1,21.1,0.0075,,
1.1405,141,92.4,21.1,0.0075,,
1.1490,142,94.3,21.1,0.0075,,
1.1575,143,96.5,21.1,0.0070,,
1.1650,144,97.9,21.1,0.0070,,
1.1735,145,100.1,21.1,0.0075,,
1.1820,146,102.0,21.1,0.0075,,
1.1900,147,103.9,21.1,0.0075,,
1.1985,148,106.5,21.1,0.0075,,
1.2070,149,108.9,21.1,0.0070,,
1.2155,150,111.1,21.1,0.0075,,
1.2230,151,113.6,21.1,0.0070,,
1.2315,152,116.1,21.1,0.0075,,
1.2400,153,119.5,21.1,0.0075,,
1.2485,154,122.7,21.1,0.0075,,
1.2565,155,125.9,21.1,0.0075,,
1.2650,156,129.0,21.1,0.0075,,
1.2725,157,132.5,21.1,0.0070,,
1.2810,158,136.5,21.1,0.0075,,
1.2895,159,140.3,21.1,0.0075,,
1.2980,160,143.8,21.1,0.0075,,
1.3065,161,147.6,21.1,0.0070,,
1.3145,162,150.6,21.1,0.0075,,
1.3225,163,154.5,21.1,0.0075,,
1.3305,164,157.8,21.1,0.0075,,
1.3390,165,160.7,21.1,0.0075,,
1.3475,166,163.8,21.1,0.0075,,
1.3560,167,166.6,21.1,0.0070,,
1.3635,168,168.6,21.1,0.0070,,
1.3720,169,170.7,21.1,0.0075,,
1.3805,170,172.4,21.1,0.0075,,
1.3890,171,174.7,21.1,0.0075,,
1.3970,172,176.6,21.1,0.0075,,
1.4055,173,177.9,21.1,0.0070,,
1.4130,174,179.6,21.1,0.0070,,
1.4215,175,180.9,21.1,0.0075,,
1.4300,176,182.7,21.1,0.0075,,
1.4385,177,184.0,21.1,0.0075,,
1.4480,178,185.3,21.1,0.0075,,
1.4480,418,186.9,21.2,0.0000,,
1.4485,419,186.8,21.2,0.0005,,
1.4500,420,186.6,21.2,0.0010,,
1.4525,421,187.0,21.2,0.0020,,
1.4565,422,187.7,21.2,0.0030,,
1.4625,423,188.1,21.2,0.0045,,
1.4705,424,188.9,21.2,0.0055,,
1.4785,425,189.8,21.2,0.0060,,
1.4865,426,190.9,21.2,0.0060,,
1.4950,427,192.2,21.2,0.0060,,
1.5035,428,192.9,21.2,0.0060,,
1.5120,429,193.8,21.2,0.0060,,
1.5205,430,194.9,21.2,0.0060,,
1.5280,431,195.5,21.2,0.0060,,
1.5365,432,196.7,21.2,0.0065,,
1.5450,433,197.2,21.2,0.0065,,
1.5530,434,197.9,21.2,0.0055,,
1.5615,435,198.9,21.2,0.0060,,
1.5700,436,199.7,21.2,0.0060,,
1.5775,437,200.4,21.2,0.0060,,
1.5860,438,200.9,21.2,0.0065,,
1.5945,439,201.4,21.2,0.0060,,
1.6030,440,202.4,21.2,0.0060,,
1.6110,441,203.0,21.2,0.0055,,
1.6195,442,203.7,21.2,0.0065,,
1.6270,443,204.0,21.2,0.0060,,
1.6355,444,204.5,21.2,0.0065,,
1.6440,445,205.4,21.2,0.0060,,
1.6525,446,206.0,21.2,0.0060,,
1.6610,447,206.3,21.2,0.0060,,
1.6695,448,207.0,21.2,0.0060,,
1.6770,449,207.3,21.2,0.0060,,
1.6855,450,208.1,21.2,0.0065,,
1.6935,451,208.7,21.2,0.0055,,
1.7020,452,208.8,21.2,0.0060,,
1.7105,453,209.5,21.2,0.0060,,
1.7190,454,210.2,21.2,0.0060,,
1.7265,455,210.7,21.2,0.0060,,
1.7350,456,211.1,21.2,0.0065,,
1.7435,457,211.2,21.2,0.0060,,
1.7515,458,211.9,21.2,0.0055,,
1.7600,459,212.4,21.2,0.0060,,
1.7685,460,212.8,21.2,0.0065,,
1.7760,461,213.2,21.2,0.0060,,
1.7845,462,213.4,21.2,0.0065,,
1.7930,463,213.9,21.2,0.0065,,
1.8015,464,214.6,21.2,0.0060,,
1.8100,465,214.8,21.2,0.0060,,
1.8180,466,215.0,21.2,0.0055,,
1.8255,467,215.3,21.2,0.0055,,
1.8340,468,215.8,21.2,0.0065,,
1.8425,469,216.4,21.2,0.0065,,
1.8510,470,216.5,21.2,0.0060,,
1.8595,471,216.8,21.2,0.0060,,
1.8680,472,217.5,21.2,0.0060,,
1.8755,473,217.6,21.2,0.0060,,
1.8840,474,218.2,21.2,0.0065,,
1.8920,475,218.4,21.2,0.0060,,
1.9005,476,218.5,21.2,0.0060,,
1.9090,477,219.1,21.2,0.0060,,
1.9175,478,219.5,21.2,0.0060,,
1.9250,479,219.9,21.2,0.0060,,
1.9335,480,220.2,21.2,0.0065,,
1.9420,481,220.3,21.2,0.0065,,
1.9500,482,220.9,21.2,0.0055,,
1.9585,483,221.2,21.2,0.0060,,
1.9670,484,221.3,21.2,0.0060,,
1.9745,485,221.6,21.2,0.0060,,
1.9830,486,221.7,21.2,0.0065,,
1.9915,487,222.2,21.2,0.0065,,
2.0000,488,222.7,21.2,0.0060,,
2.0085,489,222.6,21.2,0.0060,,
2.0165,490,222.9,21.2,0.0055,,
2.0250,491,223.1,21.2,0.0065,,
2.0325,492,223.7,21.2,0.0060,,
2.0410,493,224.0,21.2,0.0065,,
2.0495,494,224.0,21.2,0.0060,,
2.0580,495,224.4,21.2,0.0060,,
2.0665,496,225.0,21.2,0.0060,,
2.0740,497,225.1,21.2,0.0060,,
2.0825,498,225.4,21.2,0.0065,,
2.0905,499,225.4,21.2,0.0060,,
2.0990,500,225.6,21.2,0.0060,,
2.1075,501,226.2,21.2,0.0060,,
2.1160,502,226.3,21.2,0.0060,,
2.1235,503,226.7,21.2,0.0060,,
2.1320,504,226.6,21.2,0.0065,,
2.1405,505,226.9,21.2,0.0065,,
2.1485,506,227.4,21.2,0.0055,,
2.1570,507,227.4,21.2,0.0060,,
2.1655,508,227.5,21.2,0.0060,,
2.1740,509,227.9,21.2,0.0065,,
2.1815,510,228.1,21.2,0.0060,,
2.1900,511,228.6,21.2,0.0065,,
2.1985,512,228.8,21.2,0.0060,,
2.2070,513,228.6,21.2,0.0060,,
2.2150,514,229.1,21.2,0.0055,,
2.2235,515,229.7,21.2,0.0060,,
2.2310,516,229.8,21.2,0.0060,,
2.2395,517,230.0,21.2,0.0065,,
2.2480,518,229.9,21.2,0.0065,,
2.2565,519,230.1,21.2,0.0060,,
2.2650,520,230.6,21.2,0.0060,,
2.2730,521,230.7,21.2,0.0055,,
2.2810,522,231.0,21.2,0.0060,,
2.2890,523,230.9,21.2,0.0060,,
2.2975,524,231.2,21.2,0.0065,,
2.3060,525,231.6,21.2,0.0060,,
2.3145,526,231.6,21.2,0.0060,,
2.3230,527,231.7,21.2,0.0060,,
2.3305,528,231.9,21.2,0.0060,,
2.3390,529,232.3,21.2,0.0065,,
2.3475,530,232.8,21.2,0.0060,,
2.3555,531,232.6,21.2,0.0055,,
2.3640,532,232.8,21.2,0.0060,,
2.3725,533,233.3,21.2,0.0060,,
2.3800,534,233.3,21.2,0.0060,,
2.3885,535,233.7,21.2,0.0065,,
2.3965,536,233.6,21.2,0.0055,,
2.4050,537,233.8,21.2,0.0060,,
2.4110,538,234.1,21.2,0.0045,,
2.4180,539,234.2,21.2,0.0055,,
2.4200,540,234.4,21.2,0.0015,,
2.4205,541,234.2,21.2,0.0005,,
2.4210,542,234.2,21.2,0.0005,,
2.4215,543,234.5,21.2,0.0005,,
2.4225,544,234.3,21.2,0.0005,,
2.4240,545,234.5,21.2,0.0010,,
2.4250,546,234.2,21.2,0.0010,,
2.4255,547,234.4,21.2,0.0005,,
2.4265,548,234.5,21.2,0.0005,,
2.4280,549,234.5,21.2,0.0010,,
2.4290,550,234.4,21.2,0.0005,,
2.4290,551,234.4,21.2,0.0000,,
2.4300,552,234.4,21.2,0.0010,,
2.4305,553,234.8,21.2,0.0005,,
2.4315,554,234.6,21.2,0.0005,,
2.4325,555,234.4,21.2,0.0005,,
2.4330,556,234.7,21.2,0.0005,,
2.4335,557,234.6,21.2,0.0005,,
2.4340,558,234.9,21.2,0.0005,,
2.4350,559,234.7,21.2,0.0010,,
2.4360,560,234.5,21.2,0.0005,,
2.4365,561,234.8,21.2,0.0005,,
2.4370,562,234.8,21.2,0.0005,,
2.4370,563,235.0,21.2,0.0000,,
2.4375,564,234.7,21.2,0.0005,,
2.4380,565,234.6,21.2,0.0005,,
2.4385,566,234.8,21.2,0.0005,,
2.4395,567,235.0,21.2,0.0005,,
2.4405,568,234.7,21.2,0.0005,,
2.4410,569,234.6,21.2,0.0005,,
2.4420,570,234.5,21.2,0.0010,,
2.4425,571,234.6,21.2,0.0005,,
2.4425,572,235.0,21.2,0.0000,,
Scope 1/1, Sample 31/32 (T23)
Result,TitrationEP1
V,t,E,T,dV/dt,E acc. stat.,Volume acc. stat.
0.0000,0,-70.1,21.1,NaN,,
0.0010,1,-70.2,21.1,0.0010,,
0.0025,2,-70.2,21.1,0.0015,,
0.0050,3,-70.0,21.1,0.0020,,
0.0085,4,-70.0,21.1,0.0030,,
0.0150,5,-69.6,21.1,0.0060,,
0.0230,6,-69.2,21.1,0.0075,,
0.0315,7,-68.4,21.1,0.0075,,
0.0400,8,-67.0,21.1,0.0075,,
0.0485,9,-65.8,21.1,0.0075,,
0.0560,10,-64.3,21.1,0.0070,,
0.0645,11,-63.0,21.1,0.0075,,
0.0725,12,-61.5,21.1,0.0075,,
0.0810,13,-59.4,21.1,0.0075,,
0.0895,14,-57.6,21.1,0.0075,,
0.0980,15,-55.9,21.1,0.0075,,
0.1055,16,-53.9,21.1,0.0070,,
0.1140,17,-51.9,21.1,0.0075,,
0.1225,18,-49.3,21.1,0.0075,,
0.1305,19,-47.1,21.1,0.0075,,
0.1390,20,-44.7,21.1,0.0075,,
0.1475,21,-41.8,21.1,0.0075,,
0.1550,22,-39.7,21.1,0.0070,,
0.1635,23,-36.8,21.1,0.0075,,
0.1720,24,-34.2,21.1,0.0075,,
0.1805,25,-31.6,21.1,0.0075,,
0.1885,26,-28.9,21.1,0.0075,,
0.1970,27,-26.2,21.1,0.0075,,
0.2050,28,-24.2,21.1,0.0075,,
0.2130,29,-22.2,21.1,0.0075,,
0.2215,30,-20.4,21.1,0.0075,,
0.2300,31,-18.4,21.1,0.0075,,
0.2385,32,-16.7,21.1,0.0075,,
0.2470,33,-15.3,21.1,0.0075,,
0.2545,34,-13.9,21.1,0.0070,,
0.2630,35,-12.8,21.1,0.0075,,
0.2710,36,-11.3,21.1,0.0075,,
0.2795,37,-9.9,21.1,0.0075,,
0.2880,38,-9.1,21.1,0.0075,,
0.2965,39,-7.9,21.1,0.0075,,
0.3040,40,-6.9,21.1,0.0070,,
0.3125,41,-5.5,21.1,0.0075,,
0.3210,42,-4.3,21.1,0.0075,,
0.3295,43,-3.6,21.1,0.0075,,
0.3375,44,-2.7,21.1,0.0075,,
0.3460,45,-1.5,21.1,0.0075,,
0.3535,46,-0.7,21.1,0.0070,,
0.3620,47,0.2,21.1,0.0075,,
0.3705,48,0.8,21.1,0.0075,,
0.3790,49,1.9,21.1,0.0075,,
0.3875,50,3.1,21.1,0.0075,,
0.3960,51,3.8,21.1,0.0075,,
0.4035,52,4.7,21.1,0.0070,,
0.4115,53,5.3,21.1,0.0075,,
0.4200,54,6.3,21.1,0.0075,,
0.4285,55,7.5,21.1,0.0075,,
0.4370,56,8.0,21.1,0.0075,,
0.4455,57,8.7,21.1,0.0075,,
0.4530,58,9.4,21.1,0.0070,,
0.4615,59,10.2,21.1,0.0075,,
0.4700,60,11.4,21.1,0.0075,,
0.4780,61,12.1,21.1,0.0075,,
0.4865,62,12.7,21.1,0.0070,,
0.4950,63,13.7,21.1,0.0075,,
0.5025,64,14.3,21.1,0.0070,,
0.5110,65,15.3,21.1,0.0075,,
0.5195,66,16.1,21.1,0.0075,,
0.5280,67,16.6,21.1,0.0075,,
0.5360,68,17.6,21.1,0.0075,,
0.5445,69,18.6,21.1,0.0075,,
0.5530,70,19.3,21.1,0.0075,,
0.5605,71,20.0,21.1,0.0070,,
0.5690,72,20.5,21.1,0.0075,,
0.5775,73,21.6,21.1,0.0075,,
0.5860,74,22.5,21.1,0.0075,,
0.5940,75,23.1,21.1,0.0075,,
0.6025,76,23.7,21.1,0.0070,,
0.6100,77,24.4,21.1,0.0070,,
0.6185,78,25.2,21.1,0.0075,,
0.6270,79,26.4,21.1,0.0075,,
0.6355,80,27.1,21.1,0.0075,,
0.6440,81,27.6,21.1,0.0075,,
0.6520,82,28.7,21.1,0.0075,,
0.6600,83,29.2,21.1,0.0075,,
0.6680,84,30.4,21.1,0.0075,,
0.6765,85,31.1,21.1,0.0075,,
0.6850,86,31.7,21.1,0.0075,,
0.6935,87,32.7,21.1,0.0075,,
0.7020,88,33.9,21.1,0.0075,,
0.7095,89,34.6,21.1,0.0070,,
0.7180,90,35.4,21.1,0.0075,,
0.7265,91,36.1,21.1,0.0075,,
0.7345,92,37.2,21.1,0.0075,,
0.7430,93,38.2,21.1,0.0075,,
0.7515,94,38.8,21.1,0.0075,,
0.7590,95,39.7,21.1,0.0070,,
0.7675,96,40.3,21.1,0.0075,,
0.7760,97,41.4,21.1,0.0075,,
0.7845,98,42.6,21.1,0.0075,,
0.7925,99,43.2,21.1,0.0075,,
0.8010,100,44.2,21.1,0.0070,,
0.8085,101,44.9,21.1,0.0070,,
0.8170,102,46.1,21.1,0.0075,,
0.8255,103,47.2,21.1,0.0075,,
0.8340,104,47.8,21.1,0.0075,,
0.8425,105,48.8,21.1,0.0075,,
0.8510,106,49.5,21.1,0.0075,,
0.8585,107,50.7,21.1,0.0070,,
0.8670,108,51.7,21.1,0.0075,,
0.8750,109,52.5,21.1,0.0075,,
0.8835,110,53.6,21.1,0.0075,,
0.8920,111,54.9,21.1,0.0075,,
0.9005,112,55.8,21.1,0.0075,,
0.9080,113,57.0,21.1,0.0070,,
0.9165,114,57.7,21.1,0.0075,,
0.9250,115,58.8,21.1,0.0075,,
0.9330,116,60.1,21.1,0.0075,,
0.9415,117,61.0,21.1,0.0075,,
0.9500,118,61.9,21.1,0.0070,,
0.9575,119,63.0,21.1,0.0070,,
0.9660,120,64.1,21.1,0.0075,,
0.9745,121,65.5,21.1,0.0075,,
0.9830,122,66.5,21.1,0.0075,,
0.9915,123,67.6,21.1,0.0075,,
0.9995,124,69.1,21.1,0.0065,,
1.0075,125,70.2,21.1,0.0075,,
1.0155,126,71.6,21.1,0.0075,,
1.0240,127,72.6,21.1,0.0075,,
1.0325,128,73.6,21.2,0.0075,,
1.0410,129,75.1,21.2,0.0075,,
1.0495,130,76.6,21.1,0.0075,,
1.0575,131,77.8,21.1,0.0075,,
1.0650,132,79.2,21.2,0.0070,,
1.0735,133,80.4,21.1,0.0075,,
1.0820,134,81.9,21.2,0.0075,,
1.0905,135,83.6,21.1,0.0075,,
1.0990,136,85.0,21.2,0.0075,,
1.1075,137,86.4,21.2,0.0070,,
1.1150,138,87.9,21.1,0.0070,,
1.1235,139,89.6,21.1,0.0075,,
1.1315,140,91.6,21.2,0.0075,,
1.1400,141,93.2,21.2,0.0075,,
1.1485,142,94.8,21.2,0.0075,,
1.1570,143,97.0,21.2,0.0070,,
1.1645,144,98.7,21.2,0.0070,,
1.1730,145,101.1,21.2,0.0075,,
1.1810,146,103.4,21.2,0.0075,,
1.1895,147,105.4,21.2,0.0075,,
1.1980,148,107.7,21.2,0.0075,,
1.2065,149,110.4,21.2,0.0075,,
1.2150,150,112.6,21.2,0.0075,,
1.2225,151,115.6,21.2,0.0070,,
1.2310,152,118.3,21.2,0.0075,,
1.2395,153,121.5,21.2,0.0075,,
1.2475,154,125.0,21.2,0.0075,,
1.2560,155,128.6,21.2,0.0075,,
1.2645,156,131.8,21.2,0.0075,,
1.2720,157,135.4,21.2,0.0070,,
1.2805,158,139.0,21.2,0.0075,,
1.2890,159,143.0,21.2,0.0075,,
1.2975,160,146.8,21.2,0.0075,,
1.3055,161,150.3,21.2,0.0075,,
1.3140,162,153.6,21.2,0.0075,,
1.3215,163,156.8,21.2,0.0070,,
1.3300,164,160.2,21.2,0.0075,,
1.3385,165,163.0,21.2,0.0075,,
1.3470,166,165.4,21.2,0.0075,,
1.3555,167,167.8,21.2,0.0075,,
1.3635,168,170.5,21.2,0.0065,,
1.3715,169,172.2,21.2,0.0075,,
1.3795,170,174.2,21.2,0.0075,,
1.3880,171,175.8,21.2,0.0075,,
1.3965,172,177.8,21.2,0.0075,,
1.4050,173,179.6,21.2,0.0075,,
1.4135,174,181.0,21.2,0.0075,,
1.4210,175,182.4,21.2,0.0070,,
1.4295,176,183.5,21.2,0.0075,,
1.4395,177,185.1,21.2,0.0075,,
1.4395,417,186.6,21.2,0.0000,,
1.4400,418,186.7,21.2,0.0005,,
1.4415,419,187.0,21.2,0.0010,,
1.4440,420,187.1,21.2,0.0020,,
1.4480,422,187.3,21.2,0.0025,,
1.4545,422,188.2,21.2,0.0130,,
1.4625,424,189.1,21.2,0.0055,,
1.4705,424,190.1,21.2,0.0200,,
1.4785,425,190.9,21.2,0.0055,,
1.4870,426,191.7,21.2,0.0060,,
1.4955,428,193.0,21.2,0.0055,,
1.5040,428,193.9,21.2,0.0170,,
1.5125,429,195.0,21.2,0.0060,,
1.5200,430,195.5,21.2,0.0055,,
1.5285,431,196.4,21.2,0.0060,,
1.5370,432,197.3,21.2,0.0055,,
1.5450,434,198.1,21.2,0.0055,,
1.5535,434,198.6,21.2,0.0170,,
1.5620,436,199.5,21.2,0.0055,,
1.5695,436,199.9,21.2,0.0185,,
1.5780,437,200.9,21.2,0.0060,,
1.5865,438,201.7,21.2,0.0055,,
1.5950,440,202.1,21.2,0.0055,,
1.6030,440,202.9,21.2,0.0160,,
1.6115,442,203.7,21.2,0.0055,,
1.6190,442,204.2,21.2,0.0185,,
1.6275,443,204.8,21.2,0.0060,,
1.6360,444,205.2,21.2,0.0060,,
1.6445,446,205.8,21.2,0.0055,,
1.6530,446,206.7,21.2,0.0170,,
1.6610,448,207.0,21.2,0.0055,,
1.6690,448,207.6,21.2,0.0200,,
1.6770,449,207.9,21.2,0.0055,,
1.6855,450,208.4,21.2,0.0060,,
1.6940,452,209.2,21.2,0.0055,,
1.7025,452,209.6,21.2,0.0170,,
1.7110,454,209.8,21.2,0.0055,,
1.7190,454,210.4,21.2,0.0200,,
1.7270,455,210.6,21.2,0.0055,,
1.7350,456,211.5,21.2,0.0055,,
1.7435,458,212.0,21.2,0.0055,,
1.7520,458,212.1,21.2,0.0170,,
1.7605,460,212.7,21.2,0.0055,,
1.7690,460,212.9,21.2,0.0210,,
1.7765,461,213.7,21.2,0.0055,,
1.7850,462,214.1,21.2,0.0060,,
1.7930,464,214.2,21.2,0.0055,,
1.8015,464,214.8,21.2,0.0170,,
1.8100,466,215.4,21.2,0.0055,,
1.8185,466,215.6,21.2,0.0210,,
1.8260,467,216.1,21.2,0.0055,,
1.8345,468,216.2,21.2,0.0060,,
1.8430,470,216.6,21.2,0.0055,,
1.8515,470,217.2,21.2,0.0170,,
1.8595,472,217.4,21.2,0.0055,,
1.8680,472,217.6,21.2,0.0170,,
1.8755,473,217.9,21.2,0.0055,,
1.8840,474,218.4,21.2,0.0060,,
1.8925,476,218.9,21.2,0.0055,,
1.9010,476,219.2,21.2,0.0170,,
1.9095,478,219.3,21.2,0.0055,,
1.9175,478,219.9,21.2,0.0160,,
1.9255,479,220.0,21.2,0.0055,,
1.9335,480,220.5,21.2,0.0055,,
1.9420,482,220.7,21.2,0.0055,,
1.9505,482,220.8,21.2,0.0170,,
1.9590,484,221.4,21.2,0.0055,,
1.9675,484,221.8,21.2,0.0170,,
1.9750,485,222.1,21.2,0.0055,,
1.9835,486,222.3,21.2,0.0060,,
1.9915,487,222.4,21.2,0.0055,,
2.0000,488,222.8,21.2,0.0055,,
2.0085,490,223.2,21.2,0.0055,,
2.0170,490,223.6,21.2,0.0210,,
2.0245,491,223.7,21.2,0.0055,,
2.0330,492,223.8,21.2,0.0060,,
2.0415,494,224.5,21.2,0.0055,,
2.0500,494,224.7,21.2,0.0170,,
2.0580,496,224.7,21.2,0.0055,,
2.0665,496,224.9,21.2,0.0170,,
2.0740,497,225.1,21.2,0.0055,,
2.0825,498,225.5,21.2,0.0060,,
2.0910,500,226.0,21.2,0.0055,,
2.0995,500,226.0,21.2,0.0170,,
2.1080,502,226.4,21.2,0.0055,,
2.1165,502,226.4,21.2,0.0210,,
2.1240,503,227.0,21.2,0.0055,,
2.1325,504,227.2,21.2,0.0060,,
2.1405,506,227.2,21.2,0.0055,,
2.1490,506,227.5,21.2,0.0170,,
2.1575,508,228.1,21.2,0.0055,,
2.1660,508,228.1,21.2,0.0170,,
2.1735,509,228.4,21.2,0.0055,,
2.1820,510,228.4,21.2,0.0060,,
2.1905,512,228.8,21.2,0.0055,,
2.1985,512,229.3,21.2,0.0160,,
2.2070,514,229.3,21.2,0.0055,,
2.2155,514,229.3,21.2,0.0170,,
2.2230,515,229.6,21.2,0.0055,,
2.2315,516,229.8,21.2,0.0060,,
2.2400,517,230.2,21.2,0.0060,,
2.2485,518,230.5,21.2,0.0055,,
2.2570,520,230.3,21.2,0.0055,,
2.2650,520,230.8,21.2,0.0160,,
2.2725,521,230.7,21.2,0.0055,,
2.2810,522,231.2,21.2,0.0060,,
2.2895,523,231.4,21.2,0.0060,,
2.2980,524,231.4,21.2,0.0055,,
2.3065,526,231.7,21.2,0.0055,,
2.3150,526,232.2,21.2,0.0170,,
2.3225,527,232.3,21.2,0.0055,,
2.3310,528,232.5,21.2,0.0060,,
2.3390,529,232.4,21.2,0.0055,,
2.3475,530,232.8,21.2,0.0055,,
2.3560,532,233.1,21.2,0.0055,,
2.3645,532,233.0,21.2,0.0170,,
2.3720,533,233.3,21.2,0.0055,,
2.3805,534,233.3,21.2,0.0060,,
2.3885,535,233.8,21.2,0.0055,,
2.3970,536,234.0,21.2,0.0055,,
2.4045,538,233.9,21.2,0.0050,,
2.4090,538,233.9,21.2,0.0090,,
2.4095,539,234.0,21.2,0.0005,,
2.4105,540,234.1,21.2,0.0005,,
2.4115,541,234.4,21.2,0.0005,,
2.4120,542,234.2,21.2,0.0005,,
2.4130,544,234.1,21.2,0.0005,,
2.4145,544,234.5,21.2,0.0030,,
2.4160,545,234.3,21.2,0.0010,,
2.4185,546,234.6,21.2,0.0020,,
2.4210,547,234.4,21.2,0.0020,,
2.4235,548,234.6,21.2,0.0015,,
2.4235,550,234.9,21.2,0.0000,,
2.4250,550,234.7,21.2,0.0030,,
2.4260,551,234.9,21.2,0.0005,,
2.4260,552,234.6,21.2,0.0000,,
2.4270,553,234.7,21.2,0.0005,,
2.4275,554,234.9,21.2,0.0005,,
2.4280,556,234.7,21.2,0.0005,,
2.4285,556,234.5,21.2,0.0010,,
2.4290,557,235.0,21.2,0.0005,,
Scope 1/1, Sample 32/32 (T24)
Result,TitrationEP1
V,t,E,T,dV/dt,E acc. stat.,Volume acc. stat.
0.0000,0,-70.1,21.2,NaN,,
0.0005,1,-70.4,21.2,0.0005,,
0.0025,2,-70.1,21.2,0.0020,,
0.0050,3,-69.9,21.2,0.0025,,
0.0085,4,-70.1,21.2,0.0030,,
0.0145,5,-69.9,21.2,0.0055,,
0.0230,6,-68.8,21.2,0.0075,,
0.0305,7,-68.1,21.2,0.0075,,
0.0390,8,-66.7,21.2,0.0085,,
0.0475,9,-65.6,21.2,0.0085,,
0.0560,10,-64.2,21.2,0.0075,,
0.0640,11,-62.3,21.2,0.0075,,
0.0725,12,-60.7,21.2,0.0075,,
0.0800,13,-59.1,21.2,0.0075,,
0.0885,14,-57.4,21.2,0.0085,,
0.0970,15,-55.7,21.2,0.0085,,
0.1055,16,-53.3,21.2,0.0075,,
0.1140,17,-50.9,21.2,0.0075,,
0.1220,18,-49.0,21.2,0.0075,,
0.1305,19,-46.5,21.2,0.0085,,
0.1380,20,-44.3,21.2,0.0075,,
0.1465,21,-41.4,21.2,0.0085,,
0.1550,22,-38.5,21.2,0.0075,,
0.1635,23,-36.0,21.2,0.0075,,
0.1720,24,-33.1,21.2,0.0075,,
0.1800,25,-30.8,21.2,0.0080,,
0.1880,26,-27.9,21.2,0.0080,,
0.1960,27,-25.4,21.2,0.0080,,
0.2045,28,-23.2,21.2,0.0085,,
0.2130,29,-21.3,21.2,0.0075,,
0.2215,30,-19.1,21.2,0.0075,,
0.2295,31,-17.2,21.2,0.0075,,
0.2375,32,-15.7,21.2,0.0080,,
0.2455,33,-14.2,21.2,0.0080,,
0.2540,34,-13.0,21.2,0.0085,,
0.2625,35,-11.7,21.2,0.0075,,
0.2710,36,-10.1,21.2,0.0075,,
0.2795,37,-9.1,21.2,0.0075,,
0.2880,38,-7.8,21.2,0.0085,,
0.2955,39,-6.9,21.2,0.0075,,
0.3040,40,-5.5,21.2,0.0085,,
0.3120,41,-4.0,21.2,0.0075,,
0.3205,42,-3.3,21.2,0.0075,,
0.3290,43,-2.4,21.2,0.0075,,
0.3375,44,-1.6,21.2,0.0085,,
0.3450,45,-0.4,21.2,0.0075,,
0.3535,46,0.7,21.2,0.0085,,
0.3620,47,1.4,21.2,0.0075,,
0.3700,48,2.2,21.2,0.0075,,
0.3785,49,3.5,21.2,0.0075,,
0.3870,50,4.6,21.2,0.0075,,
0.3945,51,5.3,21.2,0.0075,,
0.4030,52,6.2,21.2,0.0085,,
0.4115,53,6.8,21.2,0.0075,,
0.4200,54,7.9,21.2,0.0075,,
0.4280,55,8.9,21.2,0.0075,,
0.4365,56,9.4,21.2,0.0075,,
0.4440,57,10.3,21.2,0.0075,,
0.4525,58,10.9,21.2,0.0085,,
0.4610,59,12.1,21.2,0.0075,,
0.4695,60,12.8,21.2,0.0075,,
0.4780,61,13.4,21.2,0.0075,,
0.4865,62,14.3,21.2,0.0085,,
0.4940,63,15.0,21.2,0.0075,,
0.5025,64,16.1,21.2,0.0085,,
0.5105,65,16.9,21.2,0.0075,,
0.5190,66,17.5,21.2,0.0075,,
0.5275,67,18.3,21.2,0.0075,,
0.5360,68,19.5,21.2,0.0075,,
0.5435,69,20.1,21.2,0.0075,,
0.5520,70,21.0,21.2,0.0085,,
0.5605,71,21.4,21.2,0.0075,,
0.5690,72,22.4,21.2,0.0075,,
0.5770,73,23.4,21.2,0.0075,,
0.5855,74,24.1,21.2,0.0075,,
0.5930,75,25.0,21.2,0.0075,,
0.6015,76,25.5,21.2,0.0085,,
0.6100,77,26.5,21.2,0.0075,,
0.6185,78,27.5,21.2,0.0075,,
0.6270,79,28.1,21.2,0.0075,,
0.6350,80,28.8,21.2,0.0075,,
0.6430,81,29.6,21.2,0.0080,,
0.6510,82,30.6,21.2,0.0080,,
0.6595,83,31.6,21.2,0.0075,,
0.6680,84,32.2,21.2,0.0075,,
0.6765,85,32.9,21.2,0.0075,,
0.6850,86,34.0,21.2,0.0075,,
0.6925,87,34.7,21.2,0.0075,,
0.7010,88,35.8,21.2,0.0085,,
0.7090,89,36.4,21.2,0.0075,,
0.7175,90,37.2,21.2,0.0075,,
0.7260,91,38.3,21.2,0.0075,,
0.7345,92,39.3,21.2,0.0075,,
0.7420,93,40.0,21.2,0.0075,,
0.7505,94,40.8,21.2,0.0085,,
0.7590,95,41.6,21.2,0.0075,,
0.7675,96,42.7,21.2,0.0075,,
0.7755,97,43.6,21.2,0.0075,,
0.7840,98,44.2,21.2,0.0075,,
0.7915,99,45.3,21.2,0.0075,,
0.8000,100,46.0,21.2,0.0085,,
0.8085,101,47.3,21.2,0.0075,,
0.8170,102,48.2,21.2,0.0075,,
0.8255,103,48.9,21.2,0.0075,,
0.8340,104,50.1,21.2,0.0075,,
0.8415,105,50.9,21.2,0.0075,,
0.8495,106,52.2,21.2,0.0080,,
0.8580,107,53.3,21.2,0.0085,,
0.8665,108,53.9,21.2,0.0075,,
0.8750,109,55.1,21.2,0.0075,,
0.8835,110,56.3,21.2,0.0075,,
0.8910,111,57.2,21.2,0.0075,,
0.8995,112,58.3,21.2,0.0085,,
0.9080,113,59.0,21.2,0.0075,,
0.9160,114,60.4,21.2,0.0075,,
0.9245,115,61.8,21.2,0.0075,,
0.9330,116,62.6,21.2,0.0075,,
0.9405,117,63.8,21.2,0.0075,,
0.9490,118,64.6,21.2,0.0085,,
0.9575,119,65.8,21.2,0.0075,,
0.9660,120,67.0,21.2,0.0075,,
0.9745,121,67.9,21.2,0.0075,,
0.9825,122,69.1,21.2,0.0080,,
0.9905,123,70.1,21.2,0.0080,,
0.9985,124,71.7,21.2,0.0080,,
1.0070,125,73.1,21.2,0.0075,,
1.0155,126,74.0,21.2,0.0075,,
1.0240,127,75.4,21.2,0.0075,,
1.0325,128,76.6,21.2,0.0085,,
1.0400,129,78.2,21.2,0.0075,,
1.0485,130,79.7,21.2,0.0085,,
1.0565,131,80.9,21.2,0.0075,,
1.0650,132,82.2,21.2,0.0075,,
1.0735,133,84.0,21.2,0.0075,,
1.0820,134,85.3,21.2,0.0085,,
1.0895,135,87.0,21.2,0.0075,,
1.0980,136,88.4,21.2,0.0085,,
1.1065,137,90.1,21.2,0.0075,,
1.1150,138,92.1,21.2,0.0075,,
1.1230,139,93.6,21.2,0.0075,,
1.1315,140,95.2,21.2,0.0075,,
1.1390,141,96.9,21.2,0.0075,,
1.1475,142,98.5,21.2,0.0085,,
1.1560,143,100.9,21.2,0.0075,,
1.1645,144,102.9,21.2,0.0075,,
1.1730,145,104.9,21.2,0.0075,,
1.1810,146,107.3,21.2,0.0075,,
1.1890,147,109.2,21.2,0.0080,,
1.1970,148,111.9,21.2,0.0080,,
1.2055,149,114.6,21.2,0.0085,,
1.2140,150,117.3,21.2,0.0075,,
1.2225,151,120.4,21.2,0.0075,,
1.2310,152,123.9,21.2,0.0075,,
1.2385,153,126.7,21.2,0.0075,,
1.2470,154,130.2,21.2,0.0085,,
1.2550,155,133.8,21.2,0.0080,,
1.2635,156,137.3,21.2,0.0075,,
1.2720,157,141.3,21.2,0.0075,,
1.2805,158,145.1,21.2,0.0075,,
1.2890,159,148.7,21.2,0.0085,,
1.2965,160,152.0,21.2,0.0075,,
1.3050,161,155.4,21.2,0.0085,,
1.3130,162,158.7,21.2,0.0075,,
1.3215,163,161.9,21.2,0.0075,,
1.3300,164,164.2,21.2,0.0075,,
1.3385,165,166.6,21.2,0.0075,,
1.3460,166,168.7,21.2,0.0075,,
1.3545,167,171.1,21.2,0.0085,,
1.3630,168,173.5,21.2,0.0075,,
1.3710,169,175.0,21.2,0.0075,,
1.3795,170,176.8,21.2,0.0075,,
1.3880,171,178.7,21.2,0.0075,,
1.3955,172,180.2,21.2,0.0075,,
1.4040,173,181.8,21.2,0.0085,,
1.4125,174,182.9,21.2,0.0075,,
1.4210,175,184.3,21.2,0.0075,,
1.4270,176,185.1,21.2,0.0075,,
1.4270,416,187.0,21.3,0.0000,,
1.4275,417,186.7,21.3,0.0005,,
1.4290,418,186.6,21.3,0.0020,,
1.4315,419,187.0,21.3,0.0030,,
1.4355,420,187.3,21.3,0.0045,,
1.4420,421,187.8,21.3,0.0070,,
1.4505,422,188.9,21.3,0.0095,,
1.4580,423,189.9,21.3,0.0095,,
1.4660,424,191.2,21.3,0.0100,,
1.4745,425,192.1,21.3,0.0095,,
1.4830,426,192.9,21.3,0.0095,,
1.4915,427,194.1,21.3,0.0095,,
1.5000,428,194.7,21.3,0.0105,,
1.5075,429,195.9,21.3,0.0095,,
1.5160,430,196.5,21.3,0.0105,,
1.5245,431,197.1,21.3,0.0095,,
1.5325,432,197.9,21.3,0.0090,,
1.5410,433,198.9,21.3,0.0095,,
1.5495,434,199.5,21.3,0.0095,,
1.5570,435,200.4,21.3,0.0095,,
1.5655,436,200.7,21.3,0.0105,,
1.5740,437,201.6,21.3,0.0105,,
1.5825,438,202.5,21.3,0.0095,,
1.5905,439,203.1,21.3,0.0090,,
1.5990,440,203.4,21.3,0.0095,,
1.6065,441,204.0,21.3,0.0095,,
1.6150,442,204.6,21.3,0.0105,,
1.6235,443,205.4,21.3,0.0105,,
1.6320,444,205.9,21.3,0.0095,,
1.6405,445,206.3,21.3,0.0095,,
1.6485,446,207.0,21.3,0.0090,,
1.6570,447,207.4,21.3,0.0105,,
1.6645,448,208.3,21.3,0.0095,,
1.6730,449,208.9,21.3,0.0105,,
1.6815,450,209.1,21.3,0.0095,,
1.6900,451,209.7,21.3,0.0095,,
1.6985,452,210.3,21.3,0.0095,,
1.7070,453,210.7,21.3,0.0105,,
1.7145,454,211.1,21.3,0.0095,,
1.7230,455,211.4,21.3,0.0105,,
1.7310,456,212.0,21.3,0.0090,,
1.7395,457,212.7,21.3,0.0095,,
1.7480,458,212.8,21.3,0.0095,,
1.7565,459,213.4,21.3,0.0105,,
1.7640,460,213.6,21.3,0.0095,,
1.7725,461,214.1,21.3,0.0105,,
1.7810,462,214.8,21.3,0.0095,,
1.7890,463,214.9,21.3,0.0090,,
1.7975,464,215.3,21.3,0.0095,,
1.8060,465,215.6,21.3,0.0105,,
1.8135,466,216.2,21.3,0.0095,,
1.8220,467,216.7,21.3,0.0105,,
1.8305,468,216.9,21.3,0.0095,,
1.8390,469,217.1,21.3,0.0095,,
1.8470,470,217.8,21.3,0.0090,,
1.8555,471,218.0,21.3,0.0105,,
1.8630,472,218.5,21.3,0.0095,,
1.8715,473,218.5,21.3,0.0105,,
1.8800,474,218.8,21.3,0.0095,,
1.8885,475,219.5,21.3,0.0095,,
1.8970,476,219.5,21.3,0.0095,,
1.9055,477,220.1,21.3,0.0105,,
1.9130,478,220.1,21.3,0.0095,,
1.9215,479,220.4,21.3,0.0105,,
1.9295,480,221.0,21.3,0.0090,,
1.9380,481,221.2,21.3,0.0095,,
1.9465,482,221.3,21.3,0.0095,,
1.9550,483,221.7,21.3,0.0105,,
1.9625,484,221.9,21.3,0.0095,,
1.9710,485,222.6,21.3,0.0105,,
1.9795,486,222.8,21.3,0.0095,,
1.9880,487,222.8,21.3,0.0095,,
1.9960,488,223.3,21.3,0.0090,,
2.0040,489,223.5,21.3,0.0100,,
2.0120,490,224.1,21.3,0.0100,,
2.0205,491,224.3,21.3,0.0105,,
2.0290,492,224.2,21.3,0.0095,,
2.0375,493,224.6,21.3,0.0095,,
2.0460,494,225.2,21.3,0.0095,,
2.0540,495,225.4,21.3,0.0100,,
2.0620,496,225.6,21.3,0.0100,,
2.0700,497,225.6,21.3,0.0100,,
2.0785,498,226.0,21.3,0.0095,,
2.0870,499,226.4,21.3,0.0095,,
2.0955,500,226.5,21.3,0.0095,,
2.1040,501,226.7,21.3,0.0105,,
2.1115,502,226.7,21.3,0.0095,,
2.1200,503,227.1,21.3,0.0105,,
2.1280,504,227.6,21.3,0.0090,,
2.1365,505,227.6,21.3,0.0095,,
2.1450,506,227.8,21.3,0.0095,,
2.1535,507,228.2,21.3,0.0095,,
2.1610,508,228.4,21.3,0.0095,,
2.1695,509,228.8,21.3,0.0105,,
2.1780,510,229.0,21.3,0.0105,,
2.1860,511,229.0,21.3,0.0090,,
2.1945,512,229.4,21.3,0.0095,,
2.2030,513,229.8,21.3,0.0095,,
2.2105,514,230.0,21.3,0.0095,,
2.2190,515,230.1,21.3,0.0105,,
2.2275,516,230.1,21.3,0.0105,,
2.2360,517,230.5,21.3,0.0095,,
2.2445,518,230.8,21.3,0.0095,,
2.2525,519,230.7,21.3,0.0090,,
2.2610,520,231.1,21.3,0.0105,,
2.2685,521,231.0,21.3,0.0095,,
2.2770,522,231.4,21.3,0.0105,,
2.2855,523,231.8,21.3,0.0095,,
2.2940,524,231.7,21.3,0.0095,,
2.3025,525,231.9,21.3,0.0095,,
2.3100,526,232.0,21.3,0.0095,,
2.3185,527,232.4,21.3,0.0105,,
2.3265,528,232.8,21.3,0.0100,,
2.3350,529,232.8,21.3,0.0095,,
2.3435,530,232.9,21.3,0.0095,,
2.3520,531,233.3,21.3,0.0095,,
2.3595,532,233.4,21.3,0.0095,,
2.3680,533,233.7,21.3,0.0105,,
2.3765,534,233.6,21.3,0.0105,,
2.3815,535,233.8,21.3,0.0055,,
2.3820,536,234.1,21.3,0.0005,,
2.3830,537,234.1,21.3,0.0010,,
2.3840,538,234.3,21.3,0.0010,,
2.3850,539,234.1,21.3,0.0010,,
2.3870,540,234.1,21.3,0.0025,,
2.3885,541,234.4,21.3,0.0015,,
2.3890,542,234.3,21.3,0.0005,,
2.3905,543,234.0,21.3,0.0015,,
2.3915,544,234.2,21.3,0.0010,,
2.3930,545,234.2,21.3,0.0020,,
2.3945,546,234.6,21.3,0.0020,,
2.3945,547,234.5,21.3,0.0000,,
2.3960,548,234.2,21.3,0.0015,,
2.3960,549,234.5,21.3,0.0000,,
2.3970,550,234.3,21.3,0.0010,,
2.3970,551,234.7,21.3,0.0000,,
2.3980,552,234.6,21.3,0.0010,,
2.3990,553,234.3,21.3,0.0010,,
2.3995,554,234.4,21.3,0.0005,,
2.4000,555,234.6,21.3,0.0005,,
2.4005,556,234.5,21.3,0.0005,,
2.4010,557,234.5,21.3,0.0005,,
2.4015,558,234.3,21.3,0.0005,,
2.4020,559,234.4,21.3,0.0005,,
2.4035,560,234.6,21.3,0.0015,,
2.4035,561,234.6,21.3,0.0000,,
2.4045,562,234.5,21.3,0.0010,,
2.4055,563,234.6,21.3,0.0010,,
2.4070,564,234.6,21.3,0.0020,,
2.4070,565,234.8,21.3,0.0000,,
2.4075,566,234.7,21.3,0.0005,,
2.4080,567,234.5,21.3,0.0005,,
2.4085,568,234.8,21.3,0.0005,,
2.4095,569,234.6,21.3,0.0010,,
2.4100,570,235.0,21.3,0.0005,,
2.4105,571,234.8,21.3,0.0005,,
2.4110,572,234.6,21.3,0.0005,,
2.4120,573,234.9,21.3,0.0010,,
2.4120,574,234.9,21.3,0.0000,,
2.4125,574,235.0,21.3,0.0015,,
