"SampleID","TA","Mass","Sample.Index"
"CRM1",2234.91011113998,59.6852,1
"CRM2",2218.33581414519,60.8598,2
"CRM3",2219.06316398616,60.7899,3
"CRM4",2222.93420326824,59.9988,4
"CRM5",2222.34160789945,60.0484,5
