"SampleID","TA","Mass","Sample.Index"
"junk",2326.89538523941,59.9326,1
"CRM",2248.65980109138,60.1209,2
