"SampleID","TA","Mass","Sample.Index"
"junk",2311.70750081656,60.307,1
"CRM",2210.75174009732,60.0845,2
