"SampleID","TA","Mass","Sample.Index"
"junk1",2236.28147687837,60.2629,1
"junk2",2209.28497026157,60.416,2
"junk3",2209.1923813328,60.4473,3
"crm",2204.74102191168,60.0769,4
