"SampleID","TA","Mass","Sample.Index"
"junk1",1996.02262682682,60.1055,1
"junk2",1977.60333535655,60.0388,2
"junk3",1977.7413152333,60.1897,3
"crm",2265.59359185406,60.0811,4
"crm2",2227.01559883929,60.2064,5
