Task,T2190
Scope 1/1, Sample 1/40 (Junk1)
Result,TitrationEP1
V,t,E,T,dV/dt,E acc. stat.,Volume acc. stat.
0.0000,0,-73.1,20.4,NaN,,
0.0010,1,-73.0,20.4,0.0010,,
0.0025,2,-73.0,20.4,0.0015,,
0.0050,3,-73.0,20.4,0.0025,,
0.0090,4,-73.0,20.4,0.0035,,
0.0150,5,-72.9,20.4,0.0055,,
0.0235,6,-72.5,20.4,0.0075,,
0.0320,7,-71.8,20.4,0.0085,,
0.0395,8,-71.0,20.4,0.0075,,
0.0480,9,-70.1,20.4,0.0075,,
0.0565,10,-68.9,20.4,0.0075,,
0.0650,11,-67.7,20.4,0.0075,,
0.0735,12,-66.5,20.4,0.0075,,
0.0815,13,-65.4,20.4,0.0080,,
0.0890,14,-64.1,20.4,0.0075,,
0.0975,15,-62.7,20.4,0.0075,,
0.1060,16,-61.2,20.4,0.0075,,
0.1145,17,-59.6,20.4,0.0075,,
0.1230,18,-57.9,20.4,0.0075,,
0.1315,19,-56.5,20.4,0.0085,,
0.1390,20,-54.6,20.4,0.0075,,
0.1475,21,-52.7,20.4,0.0075,,
0.1555,22,-50.7,20.4,0.0075,,
0.1640,23,-48.7,20.4,0.0075,,
0.1725,24,-46.5,20.4,0.0075,,
0.1810,25,-44.3,20.4,0.0085,,
0.1885,26,-41.9,20.4,0.0075,,
0.1970,27,-39.3,20.4,0.0075,,
0.2055,28,-36.5,20.4,0.0075,,
0.2140,29,-33.5,20.4,0.0075,,
0.2220,30,-30.5,20.4,0.0075,,
0.2300,31,-27.8,20.4,0.0080,,
0.2380,32,-24.6,20.4,0.0080,,
0.2465,33,-21.5,20.4,0.0075,,
0.2550,34,-18.5,20.4,0.0075,,
0.2635,35,-15.8,20.4,0.0075,,
0.2720,36,-13.4,20.4,0.0075,,
0.2795,37,-11.4,20.4,0.0075,,
0.2880,38,-9.4,20.4,0.0075,,
0.2965,39,-7.3,20.4,0.0075,,
0.3045,40,-5.4,20.4,0.0075,,
0.3130,41,-3.7,20.4,0.0075,,
0.3215,42,-2.4,20.4,0.0085,,
0.3290,43,-0.9,20.4,0.0075,,
0.3375,44,0.4,20.4,0.0075,,
0.3460,45,1.8,20.4,0.0075,,
0.3545,46,3.2,20.4,0.0075,,
0.3630,47,4.4,20.4,0.0075,,
0.3705,48,5.4,20.4,0.0075,,
0.3790,49,6.6,20.4,0.0085,,
0.3870,50,7.6,20.4,0.0075,,
0.3955,51,8.6,20.4,0.0075,,
0.4040,52,9.7,20.4,0.0075,,
0.4125,53,10.9,20.4,0.0075,,
0.4200,54,11.8,20.4,0.0075,,
0.4285,55,12.9,20.4,0.0075,,
0.4370,56,13.9,20.4,0.0075,,
0.4455,57,14.9,20.4,0.0075,,
0.4540,58,15.8,20.4,0.0075,,
0.4620,59,16.7,20.4,0.0080,,
0.4700,60,17.8,20.4,0.0080,,
0.4780,61,18.7,20.4,0.0075,,
0.4865,62,19.6,20.4,0.0075,,
0.4950,63,20.5,20.4,0.0075,,
0.5035,64,21.4,20.4,0.0075,,
0.5120,65,22.2,20.4,0.0085,,
0.5195,66,23.1,20.4,0.0075,,
0.5280,67,24.0,20.4,0.0075,,
0.5360,68,24.8,20.4,0.0075,,
0.5445,69,25.8,20.4,0.0075,,
0.5530,70,26.8,20.4,0.0075,,
0.5615,71,27.5,20.4,0.0085,,
0.5690,72,28.4,20.4,0.0075,,
0.5775,73,29.3,20.4,0.0075,,
0.5860,74,30.2,20.5,0.0075,,
0.5945,75,31.1,20.5,0.0075,,
0.6025,76,31.9,20.5,0.0075,,
0.6105,77,32.8,20.4,0.0080,,
0.6185,78,33.7,20.4,0.0080,,
0.6270,79,34.5,20.5,0.0075,,
0.6355,80,35.4,20.5,0.0075,,
0.6440,81,36.2,20.4,0.0075,,
0.6525,82,37.1,20.5,0.0075,,
0.6600,83,37.8,20.5,0.0075,,
0.6685,84,38.8,20.5,0.0085,,
0.6765,85,39.7,20.5,0.0075,,
0.6850,86,40.6,20.5,0.0075,,
0.6935,87,41.5,20.5,0.0075,,
0.7020,88,42.5,20.5,0.0075,,
0.7095,89,43.3,20.5,0.0075,,
0.7180,90,44.2,20.5,0.0085,,
0.7265,91,45.1,20.5,0.0075,,
0.7350,92,45.9,20.5,0.0075,,
0.7430,93,46.8,20.5,0.0075,,
0.7515,94,47.5,20.5,0.0075,,
0.7590,95,48.3,20.5,0.0075,,
0.7675,96,49.1,20.5,0.0075,,
0.7760,97,50.0,20.5,0.0075,,
0.7845,98,51.0,20.5,0.0075,,
0.7930,99,51.8,20.5,0.0075,,
0.8015,100,52.5,20.5,0.0085,,
0.8090,101,53.5,20.5,0.0075,,
0.8175,102,54.5,20.5,0.0075,,
0.8260,103,55.4,20.5,0.0075,,
0.8340,104,56.3,20.5,0.0075,,
0.8425,105,57.1,20.5,0.0075,,
0.8510,106,58.0,20.5,0.0085,,
0.8585,107,58.9,20.5,0.0075,,
0.8670,108,59.8,20.5,0.0075,,
0.8755,109,60.8,20.5,0.0075,,
0.8840,110,61.7,20.5,0.0075,,
0.8920,111,62.7,20.5,0.0075,,
0.9005,112,63.4,20.5,0.0085,,
0.9080,113,64.3,20.5,0.0075,,
0.9165,114,65.2,20.5,0.0075,,
0.9250,115,66.2,20.5,0.0075,,
0.9335,116,67.2,20.5,0.0075,,
0.9420,117,68.1,20.5,0.0075,,
0.9495,118,69.1,20.5,0.0075,,
0.9580,119,70.1,20.5,0.0085,,
0.9665,120,71.0,20.5,0.0075,,
0.9745,121,71.9,20.5,0.0075,,
0.9830,122,72.9,20.5,0.0075,,
0.9915,123,73.9,20.5,0.0075,,
0.9990,124,74.7,20.5,0.0075,,
1.0075,125,75.7,20.5,0.0085,,
1.0160,126,76.6,20.5,0.0075,,
1.0245,127,77.5,20.5,0.0075,,
1.0330,128,78.5,20.5,0.0075,,
1.0410,129,79.6,20.5,0.0075,,
1.0490,130,80.6,20.5,0.0080,,
1.0570,131,81.6,20.5,0.0080,,
1.0655,132,82.5,20.5,0.0075,,
1.0740,133,83.7,20.5,0.0075,,
1.0825,134,84.9,20.5,0.0075,,
1.0910,135,86.0,20.5,0.0085,,
1.0985,136,87.1,20.5,0.0075,,
1.1070,137,88.3,20.5,0.0075,,
1.1155,138,89.5,20.5,0.0075,,
1.1235,139,90.7,20.5,0.0075,,
1.1320,140,91.8,20.5,0.0075,,
1.1395,141,92.9,20.5,0.0075,,
1.1480,142,94.2,20.5,0.0085,,
1.1565,143,95.7,20.5,0.0075,,
1.1650,144,97.3,20.5,0.0075,,
1.1735,145,98.8,20.5,0.0075,,
1.1820,146,100.2,20.5,0.0075,,
1.1895,147,101.5,20.5,0.0075,,
1.1980,148,103.2,20.5,0.0075,,
1.2060,149,104.8,20.5,0.0075,,
1.2145,150,106.5,20.5,0.0075,,
1.2230,151,108.4,20.5,0.0075,,
1.2305,152,110.0,20.5,0.0075,,
1.2390,153,111.8,20.5,0.0085,,
1.2475,154,113.7,20.5,0.0075,,
1.2560,155,115.9,20.5,0.0075,,
1.2645,156,118.2,20.5,0.0075,,
1.2730,157,120.3,20.5,0.0075,,
1.2805,158,122.3,20.5,0.0075,,
1.2890,159,125.2,20.5,0.0085,,
1.2970,160,128.3,20.5,0.0075,,
1.3055,161,131.0,20.5,0.0075,,
1.3140,162,134.0,20.5,0.0075,,
1.3225,163,137.3,20.5,0.0075,,
1.3300,164,140.4,20.5,0.0075,,
1.3385,165,144.0,20.5,0.0085,,
1.3470,166,147.5,20.5,0.0075,,
1.3555,167,151.2,20.5,0.0075,,
1.3635,168,154.6,20.5,0.0075,,
1.3720,169,158.0,20.5,0.0075,,
1.3795,170,160.9,20.5,0.0075,,
1.3880,171,164.2,20.5,0.0075,,
1.3965,172,167.1,20.5,0.0075,,
1.4050,173,169.6,20.5,0.0075,,
1.4135,174,172.3,20.5,0.0075,,
1.4210,175,174.3,20.5,0.0075,,
1.4295,176,176.6,20.5,0.0085,,
1.4380,177,178.6,20.5,0.0075,,
1.4460,178,180.5,20.5,0.0075,,
1.4545,179,182.4,20.5,0.0075,,
1.4630,180,184.1,20.5,0.0075,,
1.4700,181,185.1,20.5,0.0080,,
1.4700,421,187.3,20.6,0.0000,,
1.4705,422,187.2,20.6,0.0005,,
1.4720,423,187.3,20.6,0.0015,,
1.4745,424,187.5,20.6,0.0025,,
1.4785,425,188.0,20.6,0.0035,,
1.4850,426,188.8,20.6,0.0060,,
1.4930,427,189.8,20.6,0.0075,,
1.5005,428,191.0,20.6,0.0075,,
1.5090,429,192.1,20.6,0.0085,,
1.5175,430,193.4,20.6,0.0085,,
1.5260,431,194.5,20.6,0.0075,,
1.5345,432,195.5,20.6,0.0075,,
1.5430,433,196.6,20.6,0.0075,,
1.5505,434,197.6,20.6,0.0075,,
1.5590,435,198.6,20.6,0.0085,,
1.5670,436,199.6,20.6,0.0080,,
1.5755,437,200.4,20.6,0.0075,,
1.5840,438,201.2,20.6,0.0075,,
1.5925,439,202.1,20.6,0.0075,,
1.6000,440,202.9,20.6,0.0075,,
1.6085,441,203.7,20.6,0.0085,,
1.6170,442,204.6,20.6,0.0085,,
1.6255,443,205.2,20.6,0.0075,,
1.6335,444,205.9,20.6,0.0075,,
1.6420,445,206.5,20.6,0.0085,,
1.6495,446,207.2,20.6,0.0075,,
1.6580,447,208.0,20.6,0.0085,,
1.6665,448,208.7,20.6,0.0075,,
1.6750,449,209.4,20.6,0.0075,,
1.6835,450,210.0,20.6,0.0075,,
1.6910,451,210.6,20.6,0.0075,,
1.6995,452,211.1,20.6,0.0085,,
1.7080,453,211.7,20.6,0.0085,,
1.7160,454,212.2,20.6,0.0075,,
1.7245,455,212.7,20.6,0.0075,,
1.7330,456,213.3,20.6,0.0075,,
1.7405,457,213.8,20.6,0.0075,,
1.7490,458,214.3,20.6,0.0085,,
1.7575,459,214.8,20.6,0.0085,,
1.7660,460,215.3,20.6,0.0075,,
1.7745,461,215.8,20.6,0.0075,,
1.7825,462,216.3,20.6,0.0075,,
1.7905,463,216.7,20.6,0.0080,,
1.7985,464,217.2,20.6,0.0080,,
1.8070,465,217.6,20.6,0.0085,,
1.8155,466,218.1,20.6,0.0075,,
1.8240,467,218.6,20.6,0.0075,,
1.8325,468,218.9,20.6,0.0085,,
1.8400,469,219.4,20.6,0.0075,,
1.8485,470,219.9,20.6,0.0085,,
1.8570,471,220.3,20.6,0.0075,,
1.8650,472,220.7,20.6,0.0075,,
1.8735,473,221.1,20.6,0.0075,,
1.8810,474,221.5,20.6,0.0075,,
1.8895,475,221.9,20.6,0.0085,,
1.8980,476,222.3,20.6,0.0085,,
1.9065,477,222.6,20.6,0.0075,,
1.9150,478,222.9,20.6,0.0075,,
1.9235,479,223.2,20.6,0.0075,,
1.9310,480,223.6,20.6,0.0075,,
1.9395,481,223.9,20.6,0.0085,,
1.9475,482,224.3,20.6,0.0080,,
1.9560,483,224.7,20.6,0.0075,,
1.9645,484,225.1,20.6,0.0075,,
1.9730,485,225.5,20.6,0.0075,,
1.9805,486,225.8,20.6,0.0075,,
1.9890,487,226.1,20.6,0.0085,,
1.9975,488,226.4,20.6,0.0085,,
2.0060,489,226.7,20.6,0.0075,,
2.0140,490,227.1,20.6,0.0075,,
2.0225,491,227.4,20.6,0.0075,,
2.0300,492,227.7,20.6,0.0075,,
2.0385,493,228.0,20.6,0.0085,,
2.0470,494,228.2,20.6,0.0075,,
2.0555,495,228.4,20.6,0.0075,,
2.0640,496,228.8,20.6,0.0075,,
2.0725,497,229.0,20.6,0.0085,,
2.0800,498,229.3,20.6,0.0075,,
2.0885,499,229.7,20.6,0.0085,,
2.0965,500,230.0,20.6,0.0075,,
2.1050,501,230.2,20.6,0.0075,,
2.1135,502,230.5,20.6,0.0075,,
2.1210,503,230.8,20.6,0.0075,,
2.1295,504,231.0,20.6,0.0085,,
2.1380,505,231.2,20.6,0.0085,,
2.1465,506,231.5,20.6,0.0075,,
2.1550,507,231.8,20.6,0.0075,,
2.1630,508,232.0,20.6,0.0075,,
2.1710,509,232.2,20.6,0.0080,,
2.1790,510,232.5,20.6,0.0080,,
2.1875,511,232.7,20.6,0.0085,,
2.1960,512,233.0,20.6,0.0075,,
2.2045,513,233.3,20.6,0.0075,,
2.2130,514,233.6,20.6,0.0075,,
2.2205,515,233.8,20.6,0.0075,,
2.2290,516,234.0,20.6,0.0085,,
2.2360,517,234.3,20.6,0.0065,,
2.2410,518,234.5,20.6,0.0045,,
2.2455,519,234.6,20.6,0.0040,,
2.2485,520,234.7,20.6,0.0030,,
2.2510,521,234.7,20.6,0.0025,,
2.2540,522,234.8,20.6,0.0030,,
2.2570,523,234.8,20.6,0.0025,,
2.2605,524,234.9,20.6,0.0030,,
2.2635,525,235.0,20.6,0.0035,,
Scope 1/1, Sample 2/40 (Junk2)
Result,TitrationEP1
V,t,E,T,dV/dt,E acc. stat.,Volume acc. stat.
0.0000,0,-71.8,20.4,NaN,,
0.0010,1,-71.8,20.4,0.0010,,
0.0025,2,-71.7,20.4,0.0015,,
0.0050,3,-71.7,20.4,0.0025,,
0.0090,4,-71.7,20.4,0.0035,,
0.0150,5,-71.5,20.4,0.0055,,
0.0235,6,-70.9,20.4,0.0075,,
0.0320,7,-70.0,20.4,0.0075,,
0.0405,8,-69.1,20.4,0.0085,,
0.0480,9,-67.9,20.4,0.0070,,
0.0565,10,-66.8,20.4,0.0075,,
0.0650,11,-65.5,20.4,0.0075,,
0.0735,12,-64.2,20.4,0.0075,,
0.0815,13,-62.8,20.4,0.0075,,
0.0895,14,-61.4,20.4,0.0080,,
0.0975,15,-59.9,20.4,0.0075,,
0.1060,16,-58.3,20.4,0.0075,,
0.1145,17,-56.7,20.4,0.0075,,
0.1230,18,-54.9,20.4,0.0075,,
0.1315,19,-53.0,20.4,0.0075,,
0.1390,20,-51.2,20.4,0.0075,,
0.1475,21,-49.2,20.4,0.0075,,
0.1560,22,-47.0,20.4,0.0075,,
0.1640,23,-44.7,20.4,0.0075,,
0.1725,24,-42.3,20.4,0.0075,,
0.1810,25,-39.7,20.4,0.0075,,
0.1885,26,-37.2,20.4,0.0070,,
0.1970,27,-34.5,20.4,0.0075,,
0.2055,28,-31.4,20.4,0.0075,,
0.2140,29,-28.0,20.4,0.0075,,
0.2225,30,-24.6,20.4,0.0075,,
0.2305,31,-21.7,20.4,0.0080,,
0.2385,32,-18.5,20.4,0.0075,,
0.2465,33,-15.5,20.4,0.0075,,
0.2550,34,-12.6,20.4,0.0075,,
0.2635,35,-10.1,20.4,0.0075,,
0.2720,36,-7.9,20.4,0.0075,,
0.2805,37,-5.7,20.4,0.0075,,
0.2880,38,-4.0,20.4,0.0070,,
0.2965,39,-2.2,20.5,0.0075,,
0.3050,40,-0.5,20.4,0.0075,,
0.3130,41,0.9,20.4,0.0075,,
0.3215,42,2.4,20.5,0.0075,,
0.3300,43,3.7,20.5,0.0085,,
0.3375,44,5.3,20.5,0.0070,,
0.3460,45,6.5,20.5,0.0075,,
0.3545,46,7.7,20.5,0.0075,,
0.3630,47,8.9,20.5,0.0075,,
0.3710,48,10.2,20.5,0.0075,,
0.3795,49,11.2,20.5,0.0085,,
0.3870,50,12.2,20.5,0.0070,,
0.3955,51,13.3,20.5,0.0075,,
0.4040,52,14.4,20.5,0.0075,,
0.4125,53,15.5,20.5,0.0075,,
0.4210,54,16.5,20.5,0.0075,,
0.4295,55,17.4,20.5,0.0085,,
0.4370,56,18.4,20.5,0.0070,,
0.4455,57,19.6,20.5,0.0075,,
0.4535,58,20.5,20.5,0.0075,,
0.4620,59,21.4,20.5,0.0075,,
0.4705,60,22.5,20.5,0.0075,,
0.4790,61,23.1,20.5,0.0085,,
0.4865,62,24.2,20.5,0.0070,,
0.4950,63,25.1,20.5,0.0075,,
0.5035,64,25.9,20.5,0.0075,,
0.5115,65,26.9,20.5,0.0075,,
0.5200,66,27.9,20.5,0.0075,,
0.5285,67,28.7,20.5,0.0085,,
0.5360,68,29.6,20.5,0.0070,,
0.5445,69,30.4,20.5,0.0075,,
0.5530,70,31.3,20.5,0.0075,,
0.5615,71,32.3,20.5,0.0075,,
0.5695,72,33.2,20.5,0.0075,,
0.5780,73,34.0,20.5,0.0075,,
0.5855,74,34.8,20.5,0.0070,,
0.5940,75,35.7,20.5,0.0075,,
0.6025,76,36.7,20.5,0.0075,,
0.6110,77,37.4,20.5,0.0075,,
0.6195,78,38.4,20.5,0.0075,,
0.6280,79,39.4,20.5,0.0075,,
0.6355,80,40.1,20.5,0.0075,,
0.6435,81,41.0,20.5,0.0075,,
0.6520,82,41.7,20.5,0.0075,,
0.6605,83,42.6,20.5,0.0075,,
0.6690,84,43.6,20.5,0.0075,,
0.6775,85,44.4,20.5,0.0075,,
0.6850,86,45.0,20.5,0.0075,,
0.6935,87,45.8,20.5,0.0075,,
0.7020,88,46.7,20.5,0.0075,,
0.7100,89,47.6,20.5,0.0075,,
0.7185,90,48.5,20.5,0.0075,,
0.7270,91,49.3,20.5,0.0075,,
0.7345,92,50.1,20.5,0.0075,,
0.7430,93,50.9,20.5,0.0075,,
0.7515,94,51.8,20.5,0.0075,,
0.7600,95,52.8,20.5,0.0075,,
0.7680,96,53.5,20.5,0.0075,,
0.7765,97,54.5,20.5,0.0075,,
0.7850,98,55.3,20.5,0.0085,,
0.7925,99,56.3,20.5,0.0070,,
0.8010,100,57.1,20.5,0.0075,,
0.8095,101,57.9,20.5,0.0075,,
0.8180,102,58.8,20.5,0.0075,,
0.8260,103,59.6,20.5,0.0075,,
0.8345,104,60.4,20.5,0.0085,,
0.8420,105,61.2,20.5,0.0070,,
0.8505,106,61.9,20.5,0.0075,,
0.8590,107,62.9,20.5,0.0075,,
0.8675,108,63.8,20.5,0.0075,,
0.8760,109,64.7,20.5,0.0075,,
0.8845,110,65.5,20.5,0.0085,,
0.8920,111,66.4,20.5,0.0070,,
0.9000,112,67.2,20.5,0.0075,,
0.9085,113,68.0,20.5,0.0075,,
0.9170,114,68.7,20.5,0.0075,,
0.9255,115,69.7,20.5,0.0075,,
0.9340,116,70.7,20.5,0.0075,,
0.9415,117,71.5,20.5,0.0070,,
0.9500,118,72.5,20.5,0.0075,,
0.9585,119,73.5,20.5,0.0075,,
0.9665,120,74.6,20.5,0.0075,,
0.9750,121,75.4,20.5,0.0075,,
0.9835,122,76.4,20.5,0.0075,,
0.9910,123,77.4,20.5,0.0070,,
0.9995,124,78.2,20.5,0.0075,,
1.0080,125,79.2,20.5,0.0075,,
1.0165,126,80.1,20.5,0.0075,,
1.0250,127,81.1,20.5,0.0075,,
1.0330,128,82.2,20.5,0.0080,,
1.0410,129,83.2,20.5,0.0075,,
1.0490,130,84.1,20.5,0.0075,,
1.0575,131,85.2,20.5,0.0075,,
1.0660,132,86.1,20.5,0.0075,,
1.0745,133,87.1,20.5,0.0075,,
1.0830,134,88.2,20.5,0.0085,,
1.0905,135,89.5,20.5,0.0070,,
1.0990,136,90.8,20.5,0.0075,,
1.1070,137,91.8,20.5,0.0075,,
1.1155,138,93.0,20.5,0.0075,,
1.1240,139,94.2,20.5,0.0075,,
1.1325,140,95.4,20.5,0.0075,,
1.1400,141,96.8,20.5,0.0070,,
1.1485,142,98.1,20.5,0.0075,,
1.1570,143,99.4,20.5,0.0075,,
1.1650,144,100.9,20.5,0.0075,,
1.1735,145,102.5,20.5,0.0075,,
1.1820,146,103.9,20.5,0.0075,,
1.1895,147,105.6,20.5,0.0070,,
1.1980,148,107.3,20.5,0.0075,,
1.2065,149,108.9,20.5,0.0075,,
1.2150,150,110.7,20.5,0.0075,,
1.2230,151,112.4,20.5,0.0075,,
1.2315,152,114.7,20.5,0.0075,,
1.2390,153,116.3,20.5,0.0070,,
1.2475,154,118.7,20.5,0.0075,,
1.2560,155,121.0,20.5,0.0075,,
1.2645,156,123.6,20.5,0.0075,,
1.2730,157,125.9,20.5,0.0075,,
1.2815,158,128.5,20.5,0.0075,,
1.2890,159,131.1,20.5,0.0075,,
1.2975,160,134.1,20.5,0.0075,,
1.3055,161,137.2,20.5,0.0075,,
1.3140,162,140.4,20.5,0.0075,,
1.3225,163,143.9,20.5,0.0075,,
1.3310,164,147.3,20.5,0.0075,,
1.3385,165,150.5,20.5,0.0075,,
1.3470,166,153.8,20.5,0.0075,,
1.3555,167,157.5,20.5,0.0075,,
1.3635,168,160.5,20.5,0.0075,,
1.3720,169,163.7,20.5,0.0075,,
1.3805,170,166.8,20.5,0.0075,,
1.3880,171,169.1,20.5,0.0075,,
1.3965,172,171.8,20.5,0.0075,,
1.4050,173,174.3,20.5,0.0075,,
1.4135,174,176.4,20.5,0.0075,,
1.4215,175,178.5,20.5,0.0075,,
1.4300,176,180.4,20.5,0.0075,,
1.4375,177,182.0,20.5,0.0075,,
1.4460,178,183.7,20.5,0.0075,,
1.4550,179,185.0,20.5,0.0075,,
1.4550,419,186.9,20.6,0.0000,,
1.4555,420,187.0,20.6,0.0005,,
1.4570,421,187.0,20.6,0.0010,,
1.4595,422,187.2,20.6,0.0020,,
1.4635,423,187.8,20.6,0.0030,,
1.4695,424,188.6,20.6,0.0045,,
1.4775,425,189.6,20.6,0.0060,,
1.4855,426,190.7,20.6,0.0065,,
1.4935,427,192.0,20.6,0.0065,,
1.5020,428,193.1,20.6,0.0070,,
1.5105,429,194.3,20.6,0.0065,,
1.5190,430,195.4,20.6,0.0065,,
1.5275,431,196.5,20.6,0.0065,,
1.5350,432,197.4,20.6,0.0060,,
1.5435,433,198.5,20.6,0.0070,,
1.5515,434,199.5,20.6,0.0065,,
1.5600,435,200.3,20.6,0.0065,,
1.5685,436,201.2,20.6,0.0065,,
1.5770,437,202.2,20.6,0.0065,,
1.5845,438,202.9,20.6,0.0060,,
1.5930,439,203.7,20.6,0.0070,,
1.6015,440,204.4,20.6,0.0070,,
1.6100,441,205.1,20.6,0.0065,,
1.6180,442,206.0,20.6,0.0060,,
1.6265,443,206.7,20.6,0.0065,,
1.6340,444,207.3,20.6,0.0060,,
1.6425,445,208.0,20.6,0.0070,,
1.6510,446,208.6,20.6,0.0070,,
1.6595,447,209.3,20.6,0.0065,,
1.6680,448,210.0,20.6,0.0065,,
1.6765,449,210.6,20.6,0.0065,,
1.6840,450,211.1,20.6,0.0060,,
1.6920,451,211.6,20.6,0.0065,,
1.7005,452,212.2,20.6,0.0070,,
1.7090,453,212.8,20.6,0.0065,,
1.7175,454,213.3,20.6,0.0065,,
1.7260,455,213.9,20.6,0.0065,,
1.7335,456,214.4,20.6,0.0065,,
1.7420,457,214.9,20.6,0.0070,,
1.7505,458,215.4,20.6,0.0070,,
1.7585,459,215.9,20.6,0.0060,,
1.7670,460,216.4,20.6,0.0065,,
1.7755,461,216.9,20.6,0.0065,,
1.7830,462,217.4,20.6,0.0060,,
1.7915,463,217.7,20.6,0.0070,,
1.8000,464,218.2,20.6,0.0070,,
1.8085,465,218.6,20.6,0.0065,,
1.8165,466,219.1,20.6,0.0060,,
1.8250,467,219.5,20.6,0.0065,,
1.8335,468,219.9,20.6,0.0070,,
1.8410,469,220.2,20.6,0.0060,,
1.8495,470,220.7,20.6,0.0070,,
1.8580,471,221.2,20.6,0.0065,,
1.8665,472,221.5,20.6,0.0065,,
1.8745,473,221.8,20.6,0.0060,,
1.8830,474,222.4,20.6,0.0065,,
1.8905,475,222.7,20.6,0.0060,,
1.8990,476,223.1,20.6,0.0070,,
1.9075,477,223.3,20.6,0.0065,,
1.9160,478,223.7,20.6,0.0065,,
1.9245,479,224.1,20.6,0.0065,,
1.9325,480,224.5,20.6,0.0060,,
1.9405,481,224.8,20.6,0.0065,,
1.9485,482,225.0,20.6,0.0065,,
1.9570,483,225.4,20.6,0.0065,,
1.9655,484,225.7,20.6,0.0065,,
1.9740,485,226.0,20.6,0.0065,,
1.9825,486,226.3,20.6,0.0065,,
1.9900,487,226.6,20.6,0.0065,,
1.9985,488,227.0,20.6,0.0070,,
2.0065,489,227.3,20.6,0.0065,,
2.0150,490,227.6,20.6,0.0065,,
2.0235,491,227.8,20.6,0.0065,,
2.0320,492,228.2,20.6,0.0065,,
2.0395,493,228.4,20.6,0.0060,,
2.0480,494,228.8,20.6,0.0070,,
2.0565,495,228.9,20.6,0.0070,,
2.0650,496,229.2,20.6,0.0065,,
2.0730,497,229.6,20.6,0.0060,,
2.0815,498,229.9,20.6,0.0065,,
2.0890,499,230.2,20.6,0.0060,,
2.0975,500,230.5,20.6,0.0070,,
2.1060,501,230.7,20.6,0.0070,,
2.1145,502,231.0,20.6,0.0065,,
2.1230,503,231.3,20.6,0.0065,,
2.1310,504,231.4,20.6,0.0060,,
2.1390,505,231.7,20.6,0.0065,,
2.1470,506,232.0,20.6,0.0065,,
2.1555,507,232.3,20.6,0.0070,,
2.1640,508,232.6,20.6,0.0065,,
2.1725,509,232.8,20.6,0.0065,,
2.1810,510,233.0,20.6,0.0065,,
2.1890,511,233.2,20.6,0.0065,,
2.1970,512,233.4,20.6,0.0065,,
2.2050,513,233.6,20.6,0.0065,,
2.2135,514,233.9,20.6,0.0065,,
2.2175,515,234.1,20.6,0.0030,,
2.2225,516,234.3,20.6,0.0040,,
2.2280,517,234.5,20.6,0.0040,,
2.2300,518,234.6,20.6,0.0015,,
2.2305,519,234.6,20.6,0.0005,,
2.2315,520,234.6,20.6,0.0010,,
2.2330,521,234.7,20.6,0.0010,,
2.2350,522,234.7,20.6,0.0015,,
2.2380,523,234.8,20.6,0.0025,,
2.2415,524,234.8,20.6,0.0030,,
2.2445,525,234.9,20.6,0.0025,,
2.2460,526,235.0,20.6,0.0020,,
Scope 1/1, Sample 3/40 (Junk3)
Result,TitrationEP1
V,t,E,T,dV/dt,E acc. stat.,Volume acc. stat.
0.0000,0,-71.7,20.5,NaN,,
0.0005,1,-71.7,20.6,0.0005,,
0.0025,2,-71.8,20.6,0.0020,,
0.0050,3,-71.6,20.6,0.0025,,
0.0090,4,-71.4,20.6,0.0035,,
0.0150,5,-71.2,20.6,0.0055,,
0.0235,6,-70.7,20.6,0.0075,,
0.0310,7,-70.0,20.6,0.0075,,
0.0395,8,-68.9,20.6,0.0085,,
0.0480,9,-67.9,20.6,0.0075,,
0.0565,10,-66.8,20.6,0.0075,,
0.0650,11,-65.5,20.6,0.0075,,
0.0735,12,-64.2,20.6,0.0075,,
0.0810,13,-62.8,20.6,0.0075,,
0.0895,14,-61.4,20.6,0.0085,,
0.0975,15,-60.0,20.6,0.0075,,
0.1060,16,-58.3,20.6,0.0075,,
0.1145,17,-56.6,20.6,0.0075,,
0.1230,18,-54.9,20.6,0.0075,,
0.1305,19,-53.2,20.6,0.0075,,
0.1390,20,-51.3,20.6,0.0085,,
0.1475,21,-49.1,20.6,0.0075,,
0.1555,22,-46.9,20.6,0.0075,,
0.1640,23,-44.8,20.6,0.0075,,
0.1725,24,-42.4,20.6,0.0075,,
0.1800,25,-40.1,20.6,0.0075,,
0.1885,26,-37.2,20.6,0.0085,,
0.1970,27,-34.4,20.6,0.0075,,
0.2055,28,-31.4,20.6,0.0075,,
0.2135,29,-28.2,20.6,0.0075,,
0.2220,30,-24.8,20.6,0.0075,,
0.2295,31,-21.9,20.6,0.0075,,
0.2380,32,-18.8,20.6,0.0085,,
0.2465,33,-15.9,20.6,0.0075,,
0.2550,34,-13.1,20.6,0.0075,,
0.2635,35,-10.6,20.6,0.0075,,
0.2715,36,-8.3,20.6,0.0075,,
0.2795,37,-6.3,20.6,0.0080,,
0.2875,38,-4.2,20.6,0.0080,,
0.2960,39,-2.4,20.6,0.0075,,
0.3045,40,-0.7,20.6,0.0075,,
0.3130,41,0.7,20.6,0.0075,,
0.3215,42,2.3,20.6,0.0075,,
0.3290,43,3.6,20.6,0.0075,,
0.3375,44,5.2,20.6,0.0085,,
0.3460,45,6.6,20.6,0.0075,,
0.3540,46,7.9,20.6,0.0075,,
0.3625,47,9.1,20.6,0.0075,,
0.3710,48,10.4,20.6,0.0075,,
0.3785,49,11.5,20.6,0.0075,,
0.3870,50,12.6,20.6,0.0085,,
0.3955,51,13.5,20.6,0.0085,,
0.4040,52,14.5,20.6,0.0075,,
0.4120,53,15.7,20.6,0.0075,,
0.4205,54,16.8,20.6,0.0075,,
0.4280,55,17.7,20.6,0.0075,,
0.4365,56,18.7,20.6,0.0085,,
0.4450,57,19.8,20.6,0.0075,,
0.4535,58,20.8,20.6,0.0075,,
0.4620,59,21.7,20.6,0.0075,,
0.4705,60,22.6,20.6,0.0075,,
0.4780,61,23.7,20.6,0.0075,,
0.4865,62,24.5,20.6,0.0075,,
0.4945,63,25.4,20.6,0.0075,,
0.5030,64,26.2,20.6,0.0075,,
0.5115,65,27.2,20.6,0.0075,,
0.5200,66,28.1,20.6,0.0075,,
0.5275,67,28.8,20.6,0.0075,,
0.5360,68,29.6,20.6,0.0085,,
0.5445,69,30.5,20.6,0.0085,,
0.5525,70,31.4,20.6,0.0075,,
0.5610,71,32.4,20.6,0.0075,,
0.5695,72,33.2,20.6,0.0075,,
0.5770,73,34.0,20.6,0.0075,,
0.5855,74,34.9,20.6,0.0085,,
0.5940,75,35.7,20.6,0.0085,,
0.6025,76,36.6,20.6,0.0075,,
0.6110,77,37.5,20.6,0.0075,,
0.6190,78,38.3,20.6,0.0075,,
0.6270,79,39.1,20.6,0.0080,,
0.6350,80,40.0,20.6,0.0080,,
0.6435,81,40.9,20.6,0.0085,,
0.6520,82,41.6,20.6,0.0075,,
0.6605,83,42.4,20.6,0.0075,,
0.6690,84,43.4,20.6,0.0075,,
0.6765,85,44.2,20.6,0.0075,,
0.6850,86,45.1,20.6,0.0085,,
0.6930,87,45.9,20.6,0.0080,,
0.7015,88,46.8,20.6,0.0075,,
0.7100,89,47.6,20.6,0.0075,,
0.7185,90,48.4,20.6,0.0075,,
0.7270,91,49.1,20.6,0.0085,,
0.7345,92,49.9,20.6,0.0075,,
0.7430,93,50.9,20.6,0.0085,,
0.7510,94,51.8,20.6,0.0075,,
0.7595,95,52.7,20.6,0.0075,,
0.7680,96,53.5,20.6,0.0075,,
0.7765,97,54.3,20.6,0.0075,,
0.7840,98,55.1,20.6,0.0075,,
0.7925,99,56.0,20.6,0.0085,,
0.8010,100,56.8,20.6,0.0075,,
0.8090,101,57.6,20.6,0.0075,,
0.8175,102,58.4,20.6,0.0075,,
0.8260,103,59.4,20.6,0.0075,,
0.8335,104,60.1,20.6,0.0075,,
0.8420,105,61.0,20.6,0.0085,,
0.8505,106,61.8,20.6,0.0075,,
0.8590,107,62.6,20.6,0.0075,,
0.8675,108,63.4,20.6,0.0075,,
0.8755,109,64.2,20.6,0.0080,,
0.8835,110,65.3,20.6,0.0080,,
0.8915,111,66.1,20.6,0.0080,,
0.9000,112,66.9,20.6,0.0075,,
0.9085,113,67.7,20.6,0.0075,,
0.9170,114,68.6,20.6,0.0075,,
0.9255,115,69.5,20.6,0.0085,,
0.9330,116,70.4,20.6,0.0075,,
0.9415,117,71.3,20.6,0.0085,,
0.9500,118,72.2,20.6,0.0075,,
0.9580,119,73.2,20.6,0.0075,,
0.9665,120,74.0,20.6,0.0075,,
0.9750,121,74.8,20.6,0.0085,,
0.9825,122,75.9,20.6,0.0075,,
0.9910,123,77.0,20.6,0.0085,,
0.9995,124,77.8,20.6,0.0075,,
1.0080,125,78.7,20.6,0.0075,,
1.0160,126,79.7,20.6,0.0075,,
1.0245,127,80.7,20.6,0.0075,,
1.0320,128,81.7,20.6,0.0075,,
1.0405,129,82.9,20.6,0.0085,,
1.0490,130,83.8,20.6,0.0075,,
1.0575,131,84.8,20.6,0.0075,,
1.0660,132,85.8,20.6,0.0075,,
1.0740,133,86.9,20.6,0.0075,,
1.0820,134,88.1,20.6,0.0080,,
1.0900,135,89.2,20.6,0.0080,,
1.0985,136,90.5,20.6,0.0075,,
1.1070,137,91.7,20.6,0.0075,,
1.1155,138,92.9,20.6,0.0075,,
1.1240,139,94.2,20.6,0.0075,,
1.1315,140,95.2,20.6,0.0075,,
1.1400,141,96.6,20.6,0.0085,,
1.1480,142,98.1,20.6,0.0080,,
1.1565,143,99.3,20.6,0.0075,,
1.1650,144,100.7,20.6,0.0075,,
1.1735,145,102.2,20.6,0.0075,,
1.1820,146,103.8,20.6,0.0075,,
1.1895,147,105.2,20.6,0.0075,,
1.1980,148,107.0,20.6,0.0085,,
1.2060,149,108.6,20.6,0.0075,,
1.2145,150,110.4,20.6,0.0075,,
1.2230,151,112.2,20.6,0.0075,,
1.2315,152,113.9,20.6,0.0085,,
1.2390,153,116.1,20.6,0.0075,,
1.2475,154,118.3,20.6,0.0085,,
1.2560,155,120.5,20.6,0.0075,,
1.2640,156,122.7,20.6,0.0075,,
1.2725,157,125.3,20.6,0.0075,,
1.2810,158,127.6,20.6,0.0075,,
1.2885,159,130.0,20.6,0.0075,,
1.2970,160,133.1,20.6,0.0085,,
1.3055,161,136.1,20.6,0.0075,,
1.3140,162,139.5,20.6,0.0075,,
1.3225,163,143.2,20.6,0.0075,,
1.3305,164,146.5,20.6,0.0075,,
1.3380,165,149.9,20.6,0.0075,,
1.3465,166,153.2,20.6,0.0085,,
1.3550,167,156.9,20.6,0.0075,,
1.3635,168,160.1,20.6,0.0075,,
1.3720,169,163.0,20.6,0.0075,,
1.3805,170,165.9,20.6,0.0075,,
1.3880,171,168.6,20.6,0.0075,,
1.3965,172,171.0,20.6,0.0085,,
1.4045,173,173.4,20.6,0.0080,,
1.4130,174,175.9,20.6,0.0075,,
1.4215,175,177.8,20.6,0.0075,,
1.4300,176,179.7,20.6,0.0075,,
1.4385,177,181.2,20.6,0.0085,,
1.4460,178,183.1,20.6,0.0075,,
1.4545,179,184.9,20.6,0.0085,,
1.4570,179,185.1,20.6,0.0060,,
1.4570,419,187.1,20.7,0.0000,,
1.4575,420,187.1,20.7,0.0005,,
1.4590,421,187.1,20.7,0.0010,,
1.4615,422,187.4,20.7,0.0015,,
1.4655,424,187.9,20.7,0.0025,,
1.4715,424,188.6,20.7,0.0120,,
1.4795,426,189.7,20.7,0.0055,,
1.4875,426,191.0,20.7,0.0200,,
1.4955,427,192.1,20.7,0.0055,,
1.5040,428,193.4,20.7,0.0055,,
1.5125,430,194.6,20.7,0.0055,,
1.5210,430,195.5,20.7,0.0170,,
1.5295,432,196.7,20.7,0.0055,,
1.5370,432,197.5,20.7,0.0185,,
1.5455,433,198.5,20.7,0.0060,,
1.5540,434,199.4,20.7,0.0055,,
1.5620,436,200.3,20.7,0.0055,,
1.5705,436,201.3,20.7,0.0170,,
1.5790,437,202.0,20.7,0.0060,,
1.5865,438,202.8,20.7,0.0055,,
1.5950,439,203.6,20.7,0.0060,,
1.6035,440,204.3,20.7,0.0055,,
1.6120,442,205.1,20.7,0.0055,,
1.6205,442,206.0,20.7,0.0170,,
1.6285,443,206.6,20.7,0.0055,,
1.6360,444,207.2,20.7,0.0055,,
1.6445,445,207.8,20.7,0.0060,,
1.6530,446,208.5,20.7,0.0055,,
1.6615,448,209.2,20.7,0.0055,,
1.6700,448,209.8,20.7,0.0170,,
1.6780,450,210.4,20.7,0.0055,,
1.6860,450,211.0,20.7,0.0200,,
1.6940,451,211.6,20.7,0.0055,,
1.7025,452,211.9,20.7,0.0060,,
1.7110,454,212.6,20.7,0.0055,,
1.7195,454,213.2,20.7,0.0170,,
1.7280,456,213.8,20.7,0.0055,,
1.7355,456,214.2,20.7,0.0185,,
1.7440,457,214.8,20.7,0.0060,,
1.7525,458,215.3,20.7,0.0060,,
1.7605,460,215.8,20.7,0.0055,,
1.7690,460,216.3,20.7,0.0170,,
1.7775,462,216.8,20.7,0.0055,,
1.7850,462,217.2,20.7,0.0185,,
1.7935,463,217.6,20.7,0.0060,,
1.8020,464,218.0,20.7,0.0060,,
1.8105,466,218.6,20.7,0.0055,,
1.8185,466,219.1,20.7,0.0160,,
1.8270,468,219.5,20.7,0.0055,,
1.8345,468,219.8,20.7,0.0185,,
1.8430,469,220.3,20.7,0.0060,,
1.8515,470,220.7,20.7,0.0060,,
1.8600,472,221.0,20.7,0.0055,,
1.8685,472,221.4,20.7,0.0170,,
1.8765,474,221.9,20.7,0.0055,,
1.8845,474,222.2,20.7,0.0200,,
1.8925,475,222.7,20.7,0.0055,,
1.9010,476,223.0,20.7,0.0060,,
1.9095,478,223.4,20.7,0.0055,,
1.9180,478,223.8,20.7,0.0170,,
1.9265,480,224.1,20.7,0.0055,,
1.9340,480,224.5,20.7,0.0190,,
1.9425,481,224.7,20.7,0.0060,,
1.9510,482,225.0,20.7,0.0060,,
1.9590,484,225.4,20.7,0.0055,,
1.9675,484,225.6,20.7,0.0170,,
1.9760,486,225.9,20.7,0.0055,,
1.9835,486,226.2,20.7,0.0190,,
1.9920,487,226.5,20.7,0.0060,,
2.0005,488,227.0,20.7,0.0060,,
2.0090,490,227.2,20.7,0.0055,,
2.0175,490,227.5,20.7,0.0170,,
2.0255,492,227.8,20.7,0.0055,,
2.0330,492,228.1,20.7,0.0185,,
2.0415,493,228.6,20.7,0.0060,,
2.0500,494,228.7,20.7,0.0060,,
2.0585,496,229.0,20.7,0.0055,,
2.0670,496,229.4,20.7,0.0170,,
2.0755,498,229.7,20.7,0.0055,,
2.0830,498,229.9,20.7,0.0185,,
2.0915,499,230.2,20.7,0.0060,,
2.0995,500,230.5,20.7,0.0055,,
2.1080,502,230.8,20.7,0.0055,,
2.1165,502,231.1,20.7,0.0170,,
2.1250,504,231.3,20.7,0.0055,,
2.1325,504,231.5,20.7,0.0185,,
2.1410,505,231.9,20.7,0.0060,,
2.1495,506,232.1,20.7,0.0060,,
2.1580,508,232.4,20.7,0.0055,,
2.1660,508,232.6,20.7,0.0160,,
2.1745,510,232.9,20.7,0.0055,,
2.1820,510,233.0,20.7,0.0185,,
2.1905,511,233.3,20.7,0.0060,,
2.1990,512,233.5,20.7,0.0055,,
2.2075,514,233.7,20.7,0.0055,,
2.2160,514,234.0,20.7,0.0170,,
2.2220,516,234.2,20.7,0.0040,,
2.2250,516,234.4,20.7,0.0075,,
2.2295,518,234.5,20.7,0.0030,,
2.2310,518,234.6,20.7,0.0035,,
2.2315,520,234.5,20.7,0.0005,,
2.2330,520,234.5,20.7,0.0030,,
2.2350,522,234.6,20.7,0.0015,,
2.2375,522,234.7,20.7,0.0060,,
2.2410,523,234.7,20.7,0.0025,,
2.2455,524,234.8,20.7,0.0030,,
2.2490,526,235.0,20.7,0.0025,,
Scope 1/1, Sample 4/40 (T1)
Result,TitrationEP1
V,t,E,T,dV/dt,E acc. stat.,Volume acc. stat.
0.0000,0,-69.9,20.8,NaN,,
0.0010,1,-70.0,20.8,0.0010,,
0.0025,2,-70.0,20.8,0.0015,,
0.0050,3,-69.8,20.8,0.0025,,
0.0090,4,-69.7,20.8,0.0035,,
0.0150,5,-69.6,20.8,0.0055,,
0.0235,6,-68.9,20.8,0.0075,,
0.0320,7,-68.1,20.8,0.0075,,
0.0395,8,-67.2,20.8,0.0075,,
0.0480,9,-66.0,20.8,0.0085,,
0.0565,10,-64.9,20.8,0.0075,,
0.0650,11,-63.6,20.8,0.0075,,
0.0730,12,-62.1,20.8,0.0075,,
0.0815,13,-60.6,20.8,0.0075,,
0.0890,14,-59.1,20.8,0.0075,,
0.0975,15,-57.5,20.8,0.0085,,
0.1060,16,-55.7,20.8,0.0075,,
0.1145,17,-53.8,20.8,0.0075,,
0.1230,18,-51.9,20.8,0.0075,,
0.1315,19,-49.8,20.8,0.0075,,
0.1390,20,-47.8,20.8,0.0075,,
0.1470,21,-45.6,20.8,0.0080,,
0.1555,22,-43.1,20.8,0.0075,,
0.1640,23,-40.5,20.8,0.0075,,
0.1725,24,-37.9,20.8,0.0075,,
0.1810,25,-34.9,20.8,0.0075,,
0.1885,26,-32.3,20.8,0.0075,,
0.1970,27,-28.9,20.8,0.0085,,
0.2055,28,-25.7,20.8,0.0075,,
0.2135,29,-22.6,20.8,0.0075,,
0.2220,30,-19.4,20.8,0.0075,,
0.2305,31,-16.5,20.8,0.0085,,
0.2380,32,-13.6,20.8,0.0075,,
0.2465,33,-11.2,20.8,0.0085,,
0.2550,34,-8.7,20.8,0.0075,,
0.2635,35,-6.3,20.8,0.0075,,
0.2720,36,-4.2,20.8,0.0075,,
0.2800,37,-2.6,20.8,0.0080,,
0.2880,38,-0.9,20.8,0.0080,,
0.2960,39,0.7,20.9,0.0075,,
0.3045,40,2.3,20.8,0.0075,,
0.3130,41,3.9,20.9,0.0075,,
0.3215,42,5.4,20.8,0.0075,,
0.3300,43,6.9,20.8,0.0075,,
0.3375,44,8.1,20.8,0.0075,,
0.3455,45,9.3,20.8,0.0080,,
0.3540,46,10.5,20.8,0.0075,,
0.3625,47,11.6,20.8,0.0075,,
0.3710,48,12.8,20.8,0.0075,,
0.3795,49,13.9,20.9,0.0075,,
0.3870,50,15.0,20.9,0.0075,,
0.3955,51,16.0,20.9,0.0085,,
0.4040,52,17.0,20.9,0.0075,,
0.4120,53,18.1,20.9,0.0075,,
0.4205,54,19.2,20.9,0.0075,,
0.4290,55,20.2,20.8,0.0075,,
0.4365,56,21.2,20.9,0.0075,,
0.4450,57,22.1,20.9,0.0085,,
0.4535,58,23.1,20.9,0.0075,,
0.4620,59,24.0,20.9,0.0075,,
0.4705,60,24.9,20.9,0.0075,,
0.4785,61,25.9,20.9,0.0075,,
0.4860,62,26.6,20.9,0.0075,,
0.4945,63,27.6,20.9,0.0085,,
0.5030,64,28.5,20.9,0.0075,,
0.5115,65,29.5,20.9,0.0075,,
0.5200,66,30.5,20.9,0.0075,,
0.5285,67,31.3,20.9,0.0075,,
0.5360,68,32.1,20.9,0.0075,,
0.5445,69,32.9,20.9,0.0085,,
0.5525,70,33.7,20.9,0.0075,,
0.5610,71,34.6,20.9,0.0075,,
0.5695,72,35.5,20.9,0.0075,,
0.5780,73,36.2,20.9,0.0075,,
0.5855,74,37.0,20.9,0.0075,,
0.5940,75,37.8,20.9,0.0085,,
0.6025,76,38.6,20.9,0.0075,,
0.6105,77,39.4,20.9,0.0075,,
0.6190,78,40.2,20.9,0.0075,,
0.6275,79,41.0,20.9,0.0075,,
0.6360,80,41.6,20.9,0.0085,,
0.6435,81,42.5,20.9,0.0075,,
0.6520,82,43.3,20.9,0.0075,,
0.6605,83,44.1,20.9,0.0075,,
0.6690,84,45.0,20.9,0.0075,,
0.6770,85,45.8,20.9,0.0075,,
0.6855,86,46.4,20.9,0.0085,,
0.6930,87,47.2,20.9,0.0075,,
0.7015,88,48.0,20.9,0.0075,,
0.7100,89,48.8,20.9,0.0075,,
0.7185,90,49.7,20.9,0.0075,,
0.7270,91,50.4,20.9,0.0075,,
0.7345,92,51.2,20.9,0.0075,,
0.7430,93,52.0,20.9,0.0085,,
0.7510,94,52.9,20.9,0.0075,,
0.7595,95,53.7,20.9,0.0075,,
0.7680,96,54.4,20.9,0.0075,,
0.7765,97,55.2,20.9,0.0075,,
0.7850,98,56.0,20.9,0.0085,,
0.7925,99,56.8,20.9,0.0075,,
0.8010,100,57.5,20.9,0.0075,,
0.8090,101,58.3,20.9,0.0075,,
0.8175,102,59.1,20.9,0.0075,,
0.8260,103,59.9,20.9,0.0075,,
0.8345,104,60.7,20.9,0.0075,,
0.8420,105,61.3,20.9,0.0075,,
0.8505,106,62.1,20.9,0.0085,,
0.8590,107,63.0,20.9,0.0075,,
0.8675,108,63.9,20.9,0.0075,,
0.8755,109,64.7,20.9,0.0075,,
0.8840,110,65.5,20.9,0.0085,,
0.8915,111,66.4,20.9,0.0075,,
0.9000,112,67.1,20.9,0.0085,,
0.9085,113,68.0,20.9,0.0075,,
0.9170,114,68.9,20.9,0.0075,,
0.9255,115,69.8,20.9,0.0075,,
0.9335,116,70.6,20.9,0.0075,,
0.9415,117,71.3,20.9,0.0080,,
0.9495,118,72.2,20.9,0.0080,,
0.9580,119,73.2,20.9,0.0075,,
0.9665,120,74.0,20.9,0.0075,,
0.9750,121,74.9,20.9,0.0075,,
0.9835,122,75.8,20.9,0.0075,,
0.9910,123,76.8,20.9,0.0075,,
0.9995,124,77.8,20.9,0.0075,,
1.0075,125,78.8,20.9,0.0075,,
1.0160,126,79.7,20.9,0.0075,,
1.0245,127,80.9,20.9,0.0075,,
1.0330,128,82.0,20.9,0.0075,,
1.0415,129,82.9,20.9,0.0085,,
1.0490,130,83.8,20.9,0.0075,,
1.0570,131,84.8,20.9,0.0080,,
1.0655,132,86.1,20.9,0.0075,,
1.0740,133,87.2,20.9,0.0075,,
1.0825,134,88.5,20.9,0.0075,,
1.0910,135,89.8,20.9,0.0075,,
1.0985,136,90.9,20.9,0.0075,,
1.1070,137,92.4,20.9,0.0085,,
1.1155,138,93.7,20.9,0.0075,,
1.1235,139,94.9,20.9,0.0075,,
1.1320,140,96.3,20.9,0.0075,,
1.1405,141,97.4,20.9,0.0085,,
1.1480,142,98.9,20.9,0.0075,,
1.1565,143,100.5,20.9,0.0075,,
1.1650,144,102.2,20.9,0.0075,,
1.1735,145,103.9,20.9,0.0075,,
1.1820,146,105.5,20.9,0.0075,,
1.1900,147,107.0,20.9,0.0080,,
1.1980,148,108.9,20.9,0.0080,,
1.2060,149,110.9,20.9,0.0080,,
1.2145,150,113.0,20.9,0.0075,,
1.2230,151,115.3,20.9,0.0075,,
1.2315,152,117.5,20.9,0.0075,,
1.2400,153,119.5,20.9,0.0085,,
1.2475,154,121.7,20.9,0.0075,,
1.2560,155,124.4,20.9,0.0085,,
1.2640,156,126.9,20.9,0.0075,,
1.2725,157,129.7,20.9,0.0075,,
1.2810,158,132.5,20.9,0.0075,,
1.2895,159,135.4,20.9,0.0085,,
1.2970,160,138.9,20.9,0.0075,,
1.3055,161,142.3,20.9,0.0075,,
1.3140,162,145.9,20.9,0.0075,,
1.3225,163,149.6,20.9,0.0075,,
1.3305,164,152.9,20.9,0.0075,,
1.3390,165,156.4,20.9,0.0075,,
1.3465,166,159.5,20.9,0.0075,,
1.3550,167,162.5,20.9,0.0085,,
1.3635,168,165.7,20.9,0.0075,,
1.3720,169,168.4,20.9,0.0075,,
1.3805,170,171.0,20.9,0.0075,,
1.3885,171,173.2,20.9,0.0075,,
1.3965,172,175.4,20.9,0.0080,,
1.4045,173,177.8,20.9,0.0080,,
1.4130,174,179.6,20.9,0.0075,,
1.4215,175,181.5,20.9,0.0075,,
1.4300,176,183.3,20.9,0.0075,,
1.4385,177,185.0,20.9,0.0075,,
1.4410,177,185.0,20.9,0.0060,,
1.4410,417,186.9,20.9,0.0000,,
1.4415,418,186.9,20.9,0.0005,,
1.4430,420,187.0,20.9,0.0010,,
1.4455,420,187.2,20.9,0.0050,,
1.4495,422,187.7,20.9,0.0025,,
1.4560,423,188.6,20.9,0.0110,,
1.4640,424,189.7,20.9,0.0135,,
1.4720,424,190.8,20.9,0.0160,,
1.4800,426,192.1,20.9,0.0055,,
1.4885,427,193.4,20.9,0.0140,,
1.4970,428,194.4,20.9,0.0140,,
1.5055,429,195.5,20.9,0.0140,,
1.5140,430,196.5,20.9,0.0140,,
1.5215,430,197.4,20.9,0.0150,,
1.5300,432,198.4,20.9,0.0055,,
1.5385,433,199.4,20.9,0.0140,,
1.5465,434,200.4,20.9,0.0135,,
1.5550,435,201.2,20.9,0.0140,,
1.5635,436,202.2,20.9,0.0140,,
1.5710,436,202.9,20.9,0.0150,,
1.5795,438,203.7,20.9,0.0055,,
1.5880,439,204.4,20.9,0.0170,,
1.5965,440,205.3,20.9,0.0140,,
1.6045,441,206.0,20.9,0.0135,,
1.6130,442,206.7,20.9,0.0140,,
1.6205,442,207.4,20.9,0.0150,,
1.6290,444,208.0,20.9,0.0055,,
1.6375,444,208.7,20.9,0.0170,,
1.6460,446,209.3,20.9,0.0055,,
1.6545,447,210.0,20.9,0.0140,,
1.6625,448,210.4,20.9,0.0135,,
1.6705,448,211.1,20.9,0.0160,,
1.6785,450,211.6,20.9,0.0055,,
1.6870,450,212.2,20.9,0.0170,,
1.6955,452,212.7,20.9,0.0055,,
1.7040,453,213.2,20.9,0.0140,,
1.7125,454,213.9,20.9,0.0140,,
1.7205,454,214.4,20.9,0.0160,,
1.7285,456,214.9,20.9,0.0055,,
1.7365,456,215.4,20.9,0.0160,,
1.7450,458,215.9,20.9,0.0055,,
1.7535,459,216.4,20.9,0.0140,,
1.7620,460,216.9,20.9,0.0140,,
1.7705,460,217.3,20.9,0.0170,,
1.7780,462,217.7,20.9,0.0050,,
1.7865,462,218.1,20.9,0.0170,,
1.7945,464,218.5,20.9,0.0050,,
1.8030,465,219.0,20.9,0.0140,,
1.8115,466,219.4,20.9,0.0140,,
1.8200,466,219.8,20.9,0.0170,,
1.8275,468,220.2,20.9,0.0050,,
1.8360,468,220.6,20.9,0.0170,,
1.8445,470,221.0,20.9,0.0055,,
1.8525,471,221.4,20.9,0.0135,,
1.8610,472,221.8,20.9,0.0140,,
1.8695,473,222.3,20.9,0.0140,,
1.8770,474,222.6,20.9,0.0150,,
1.8855,474,223.1,20.9,0.0170,,
1.8940,476,223.4,20.9,0.0055,,
1.9025,477,223.7,20.9,0.0140,,
1.9110,478,224.1,20.9,0.0140,,
1.9190,479,224.5,20.9,0.0135,,
1.9270,480,224.8,20.9,0.0160,,
1.9350,480,225.0,20.9,0.0160,,
1.9435,482,225.4,20.9,0.0055,,
1.9520,483,225.7,20.9,0.0140,,
1.9605,484,226.1,20.9,0.0140,,
1.9690,485,226.3,20.9,0.0140,,
1.9765,486,226.6,20.9,0.0150,,
1.9850,486,226.9,20.9,0.0170,,
1.9930,488,227.2,20.9,0.0055,,
2.0015,489,227.6,20.9,0.0140,,
2.0100,490,227.9,20.9,0.0140,,
2.0185,491,228.3,20.9,0.0140,,
2.0260,492,228.5,20.9,0.0150,,
2.0345,492,228.9,20.9,0.0170,,
2.0430,494,229.2,20.9,0.0055,,
2.0515,495,229.4,20.9,0.0140,,
2.0595,496,229.8,20.9,0.0135,,
2.0680,497,230.0,20.9,0.0140,,
2.0755,498,230.2,20.9,0.0150,,
2.0840,498,230.4,20.9,0.0170,,
2.0925,500,230.6,20.9,0.0055,,
2.1010,501,230.9,20.9,0.0140,,
2.1090,502,231.4,20.9,0.0135,,
2.1175,503,231.6,20.9,0.0140,,
2.1260,504,231.9,20.9,0.0170,,
2.1335,504,232.1,20.9,0.0150,,
2.1420,506,232.3,20.9,0.0055,,
2.1505,507,232.5,20.9,0.0140,,
2.1590,508,232.8,20.9,0.0140,,
2.1670,509,232.9,20.9,0.0135,,
2.1755,510,233.2,20.9,0.0140,,
2.1830,510,233.4,20.9,0.0150,,
2.1915,512,233.7,20.9,0.0055,,
2.2000,512,234.0,20.9,0.0170,,
2.2075,514,234.1,20.9,0.0045,,
2.2130,515,234.4,20.9,0.0090,,
2.2135,516,234.6,20.9,0.0010,,
2.2145,516,234.6,20.9,0.0020,,
2.2160,518,234.6,20.9,0.0010,,
2.2175,518,234.6,20.9,0.0030,,
2.2200,520,234.7,20.9,0.0015,,
2.2225,521,234.8,20.9,0.0040,,
2.2255,522,234.8,20.9,0.0050,,
2.2280,522,234.9,20.9,0.0050,,
2.2310,524,235.0,20.9,0.0020,,
2.2320,524,235.1,20.9,-0.0050,,
Scope 1/1, Sample 5/40 (B1)
Result,TitrationEP1
V,t,E,T,dV/dt,E acc. stat.,Volume acc. stat.
0.0000,0,-70.0,20.9,NaN,,
0.0005,1,-69.9,20.9,0.0005,,
0.0025,2,-70.0,20.9,0.0020,,
0.0050,3,-69.9,20.9,0.0025,,
0.0085,4,-69.9,20.9,0.0030,,
0.0150,5,-69.6,20.9,0.0060,,
0.0230,6,-69.1,20.9,0.0075,,
0.0305,7,-68.4,20.9,0.0075,,
0.0390,8,-67.4,20.9,0.0085,,
0.0475,9,-66.2,20.9,0.0085,,
0.0560,10,-64.9,20.9,0.0075,,
0.0645,11,-63.6,20.9,0.0075,,
0.0725,12,-62.1,20.9,0.0075,,
0.0805,13,-60.9,20.9,0.0080,,
0.0885,14,-59.3,20.9,0.0080,,
0.0970,15,-57.7,20.9,0.0085,,
0.1055,16,-56.0,20.9,0.0075,,
0.1140,17,-54.1,20.9,0.0075,,
0.1225,18,-52.2,20.9,0.0075,,
0.1300,19,-50.4,20.9,0.0075,,
0.1385,20,-48.4,20.9,0.0085,,
0.1465,21,-46.1,20.9,0.0080,,
0.1550,22,-43.6,20.9,0.0075,,
0.1635,23,-41.0,20.9,0.0075,,
0.1720,24,-38.3,20.9,0.0075,,
0.1795,25,-35.8,20.9,0.0075,,
0.1880,26,-32.8,20.9,0.0085,,
0.1965,27,-29.7,20.9,0.0085,,
0.2050,28,-26.5,20.9,0.0075,,
0.2130,29,-23.2,20.9,0.0075,,
0.2215,30,-19.8,20.9,0.0075,,
0.2290,31,-17.0,20.9,0.0075,,
0.2375,32,-14.0,20.9,0.0085,,
0.2460,33,-11.3,20.9,0.0085,,
0.2545,34,-8.8,20.9,0.0075,,
0.2630,35,-6.5,20.9,0.0075,,
0.2710,36,-4.4,20.9,0.0075,,
0.2790,37,-2.6,20.9,0.0080,,
0.2870,38,-0.9,20.9,0.0080,,
0.2955,39,0.7,20.9,0.0085,,
0.3040,40,2.2,20.9,0.0075,,
0.3125,41,3.7,20.9,0.0075,,
0.3210,42,5.0,20.9,0.0075,,
0.3285,43,6.3,20.9,0.0075,,
0.3370,44,7.7,20.9,0.0085,,
0.3450,45,9.0,20.9,0.0080,,
0.3535,46,10.3,20.9,0.0075,,
0.3620,47,11.4,20.9,0.0075,,
0.3705,48,12.6,20.9,0.0075,,
0.3780,49,13.6,20.9,0.0075,,
0.3865,50,14.8,20.9,0.0085,,
0.3950,51,15.8,20.9,0.0085,,
0.4035,52,16.9,20.9,0.0075,,
0.4115,53,17.9,20.9,0.0075,,
0.4200,54,19.0,20.9,0.0075,,
0.4285,55,19.8,20.9,0.0085,,
0.4360,56,20.8,20.9,0.0075,,
0.4445,57,21.7,20.9,0.0085,,
0.4530,58,22.6,20.9,0.0075,,
0.4615,59,23.7,20.9,0.0075,,
0.4695,60,24.6,20.9,0.0075,,
0.4780,61,25.4,21.0,0.0085,,
0.4855,62,26.3,20.9,0.0075,,
0.4940,63,27.2,20.9,0.0085,,
0.5025,64,28.2,20.9,0.0085,,
0.5110,65,29.0,20.9,0.0075,,
0.5195,66,29.8,21.0,0.0075,,
0.5275,67,30.7,20.9,0.0075,,
0.5355,68,31.5,20.9,0.0080,,
0.5435,69,32.4,21.0,0.0080,,
0.5520,70,33.2,21.0,0.0085,,
0.5605,71,34.1,21.0,0.0075,,
0.5690,72,35.1,21.0,0.0075,,
0.5775,73,35.9,21.0,0.0075,,
0.5850,74,36.7,21.0,0.0075,,
0.5935,75,37.6,21.0,0.0085,,
0.6015,76,38.4,21.0,0.0080,,
0.6100,77,39.3,21.0,0.0075,,
0.6185,78,40.2,21.0,0.0075,,
0.6270,79,41.0,21.0,0.0075,,
0.6345,80,41.8,21.0,0.0075,,
0.6430,81,42.6,21.0,0.0085,,
0.6515,82,43.5,21.0,0.0085,,
0.6600,83,44.3,21.0,0.0075,,
0.6680,84,45.2,21.0,0.0075,,
0.6765,85,46.2,21.0,0.0075,,
0.6840,86,46.8,21.0,0.0075,,
0.6925,87,47.7,21.0,0.0085,,
0.7010,88,48.4,21.0,0.0085,,
0.7095,89,49.2,21.0,0.0075,,
0.7180,90,50.1,21.0,0.0075,,
0.7260,91,51.0,21.0,0.0075,,
0.7340,92,51.8,21.0,0.0080,,
0.7420,93,52.6,21.0,0.0080,,
0.7505,94,53.3,21.0,0.0085,,
0.7590,95,54.2,21.0,0.0075,,
0.7675,96,55.1,21.0,0.0075,,
0.7760,97,55.9,21.0,0.0075,,
0.7835,98,56.8,21.0,0.0075,,
0.7920,99,57.5,21.0,0.0085,,
0.8000,100,58.4,21.0,0.0080,,
0.8085,101,59.4,21.0,0.0075,,
0.8170,102,60.2,21.0,0.0075,,
0.8255,103,60.9,21.0,0.0075,,
0.8340,104,61.7,21.0,0.0085,,
0.8415,105,62.6,21.0,0.0075,,
0.8500,106,63.5,21.0,0.0085,,
0.8585,107,64.3,21.0,0.0075,,
0.8665,108,65.0,21.0,0.0075,,
0.8750,109,66.0,21.0,0.0075,,
0.8835,110,66.8,21.0,0.0085,,
0.8910,111,67.7,21.0,0.0075,,
0.8995,112,68.6,21.0,0.0085,,
0.9080,113,69.4,21.0,0.0075,,
0.9165,114,70.4,21.0,0.0075,,
0.9245,115,71.2,21.0,0.0075,,
0.9330,116,72.1,21.0,0.0075,,
0.9405,117,72.9,21.0,0.0075,,
0.9490,118,73.8,21.0,0.0085,,
0.9575,119,74.9,21.0,0.0085,,
0.9660,120,75.8,21.0,0.0075,,
0.9745,121,76.8,21.0,0.0075,,
0.9825,122,77.6,21.0,0.0075,,
0.9905,123,78.4,21.0,0.0080,,
0.9985,124,79.5,21.0,0.0080,,
1.0070,125,80.5,21.0,0.0085,,
1.0155,126,81.5,21.0,0.0075,,
1.0240,127,82.4,21.0,0.0075,,
1.0325,128,83.5,21.0,0.0075,,
1.0400,129,84.5,21.0,0.0075,,
1.0485,130,85.5,21.0,0.0085,,
1.0570,131,86.4,21.0,0.0085,,
1.0650,132,87.7,21.0,0.0075,,
1.0735,133,89.0,21.0,0.0075,,
1.0820,134,90.2,21.0,0.0075,,
1.0895,135,91.3,21.0,0.0075,,
1.0980,136,92.3,21.0,0.0085,,
1.1065,137,93.6,21.0,0.0085,,
1.1145,138,95.1,21.0,0.0075,,
1.1230,139,96.4,21.0,0.0075,,
1.1315,140,97.8,21.0,0.0075,,
1.1400,141,99.2,21.0,0.0085,,
1.1475,142,100.6,21.0,0.0075,,
1.1560,143,102.1,21.0,0.0085,,
1.1645,144,103.3,21.0,0.0075,,
1.1730,145,104.9,21.0,0.0075,,
1.1810,146,106.8,21.0,0.0075,,
1.1895,147,108.5,21.0,0.0085,,
1.1970,148,110.2,21.0,0.0075,,
1.2055,149,112.1,21.0,0.0085,,
1.2140,150,114.1,21.0,0.0075,,
1.2225,151,116.1,21.0,0.0075,,
1.2310,152,118.6,21.0,0.0075,,
1.2390,153,120.5,21.0,0.0080,,
1.2470,154,122.7,21.0,0.0080,,
1.2550,155,125.3,21.0,0.0080,,
1.2635,156,128.2,21.0,0.0075,,
1.2720,157,130.7,21.0,0.0075,,
1.2805,158,133.4,21.0,0.0075,,
1.2890,159,136.4,21.0,0.0085,,
1.2965,160,139.6,21.0,0.0075,,
1.3050,161,143.3,21.0,0.0085,,
1.3130,162,146.8,21.0,0.0075,,
1.3215,163,149.9,21.0,0.0075,,
1.3300,164,153.6,21.0,0.0075,,
1.3385,165,156.6,21.0,0.0085,,
1.3460,166,159.5,21.0,0.0075,,
1.3545,167,162.9,21.0,0.0085,,
1.3630,168,166.0,21.0,0.0075,,
1.3715,169,168.7,21.0,0.0075,,
1.3795,170,171.3,21.0,0.0075,,
1.3880,171,173.5,21.0,0.0075,,
1.3955,172,175.5,21.0,0.0075,,
1.4040,173,177.7,21.0,0.0085,,
1.4125,174,179.8,21.0,0.0085,,
1.4210,175,181.7,21.0,0.0075,,
1.4295,176,183.2,21.0,0.0075,,
1.4375,177,184.8,21.0,0.0075,,
1.4405,177,185.1,21.0,0.0075,,
1.4405,418,186.9,21.0,0.0000,,
1.4410,418,186.8,21.0,0.0010,,
1.4425,420,186.9,21.0,0.0010,,
1.4450,420,187.3,21.0,0.0050,,
1.4490,422,187.7,21.0,0.0025,,
1.4555,423,188.5,21.0,0.0110,,
1.4635,424,189.8,21.0,0.0135,,
1.4715,424,190.9,21.0,0.0160,,
1.4795,426,192.1,21.0,0.0055,,
1.4880,426,193.3,21.0,0.0170,,
1.4965,428,194.4,21.0,0.0055,,
1.5050,429,195.6,21.0,0.0140,,
1.5135,430,196.6,21.0,0.0140,,
1.5210,430,197.6,21.0,0.0150,,
1.5295,432,198.5,21.0,0.0055,,
1.5375,432,199.4,21.0,0.0160,,
1.5460,434,200.4,21.0,0.0055,,
1.5545,435,201.2,21.0,0.0140,,
1.5630,436,202.1,21.0,0.0140,,
1.5705,436,202.9,21.0,0.0150,,
1.5790,438,203.7,21.0,0.0055,,
1.5875,438,204.6,21.0,0.0170,,
1.5955,440,205.4,21.0,0.0050,,
1.6040,441,206.1,21.0,0.0140,,
1.6125,442,206.7,21.0,0.0140,,
1.6200,442,207.4,21.0,0.0150,,
1.6285,444,208.1,21.0,0.0055,,
1.6370,444,208.8,21.0,0.0170,,
1.6455,446,209.3,21.0,0.0055,,
1.6535,447,210.0,21.0,0.0135,,
1.6620,448,210.7,21.0,0.0140,,
1.6695,448,211.2,21.0,0.0150,,
1.6780,450,211.8,21.0,0.0055,,
1.6865,450,212.3,21.0,0.0170,,
1.6950,452,212.9,21.0,0.0055,,
1.7035,453,213.5,21.0,0.0140,,
1.7120,454,214.0,21.0,0.0140,,
1.7200,454,214.4,21.0,0.0160,,
1.7275,456,214.8,21.0,0.0050,,
1.7360,456,215.4,21.0,0.0170,,
1.7445,458,215.9,21.0,0.0055,,
1.7530,459,216.4,21.0,0.0140,,
1.7615,460,216.9,21.0,0.0140,,
1.7700,460,217.3,21.0,0.0170,,
1.7775,462,217.7,21.0,0.0050,,
1.7860,462,218.2,21.0,0.0170,,
1.7940,464,218.6,21.0,0.0050,,
1.8025,465,219.0,21.0,0.0140,,
1.8110,466,219.5,21.0,0.0140,,
1.8195,467,219.9,21.0,0.0140,,
1.8270,468,220.3,21.0,0.0150,,
1.8355,468,220.7,21.0,0.0170,,
1.8440,470,221.1,21.0,0.0055,,
1.8520,471,221.5,21.0,0.0135,,
1.8605,472,221.9,21.0,0.0140,,
1.8690,473,222.2,21.0,0.0140,,
1.8765,474,222.5,21.0,0.0150,,
1.8850,474,222.9,21.0,0.0170,,
1.8935,476,223.3,21.0,0.0055,,
1.9020,477,223.7,21.0,0.0140,,
1.9105,478,224.0,21.0,0.0140,,
1.9185,479,224.4,21.0,0.0135,,
1.9265,480,224.7,21.0,0.0160,,
1.9345,480,225.1,21.0,0.0160,,
1.9430,482,225.3,21.0,0.0055,,
1.9515,483,225.6,21.0,0.0140,,
1.9600,484,226.1,21.0,0.0140,,
1.9685,485,226.4,21.0,0.0140,,
1.9760,486,226.7,21.0,0.0150,,
1.9845,486,227.0,21.0,0.0170,,
1.9925,488,227.3,21.0,0.0050,,
2.0010,489,227.7,21.0,0.0140,,
2.0095,490,228.0,21.0,0.0140,,
2.0180,491,228.2,21.0,0.0140,,
2.0255,492,228.5,21.0,0.0150,,
2.0340,492,228.8,21.0,0.0170,,
2.0425,494,229.1,21.0,0.0055,,
2.0510,495,229.5,21.0,0.0140,,
2.0590,496,229.7,21.0,0.0135,,
2.0675,496,229.9,21.0,0.0170,,
2.0750,498,230.1,21.0,0.0050,,
2.0835,498,230.5,21.0,0.0170,,
2.0920,500,230.7,21.0,0.0055,,
2.1005,501,231.0,21.0,0.0140,,
2.1090,502,231.3,21.0,0.0140,,
2.1170,503,231.6,21.0,0.0135,,
2.1250,504,231.8,21.0,0.0160,,
2.1330,504,232.1,21.0,0.0160,,
2.1415,506,232.3,21.0,0.0055,,
2.1500,507,232.5,21.0,0.0140,,
2.1585,508,232.9,21.0,0.0140,,
2.1670,509,233.1,21.0,0.0140,,
2.1745,510,233.4,21.0,0.0150,,
2.1830,510,233.5,21.0,0.0170,,
2.1910,512,233.8,21.0,0.0055,,
2.1995,513,234.0,21.0,0.0140,,
2.2075,514,234.2,21.0,0.0135,,
2.2110,515,234.4,21.0,0.0060,,
2.2120,516,234.5,21.0,0.0020,,
2.2125,516,234.5,21.0,0.0010,,
2.2140,518,234.5,21.0,0.0010,,
2.2170,519,234.5,21.0,0.0050,,
2.2205,520,234.6,21.0,0.0060,,
2.2245,521,234.9,21.0,0.0065,,
2.2270,522,234.9,21.0,0.0050,,
2.2295,523,235.1,21.0,0.0030,,
Scope 1/1, Sample 6/40 (B2)
Result,TitrationEP1
V,t,E,T,dV/dt,E acc. stat.,Volume acc. stat.
0.0000,0,-54.2,21.0,NaN,,
0.0010,1,-54.2,21.0,0.0010,,
0.0025,2,-54.2,21.0,0.0015,,
0.0050,3,-54.2,21.0,0.0025,,
0.0095,4,-54.1,21.0,0.0035,,
0.0160,5,-53.6,21.0,0.0055,,
0.0235,6,-52.8,21.0,0.0070,,
0.0320,7,-51.7,21.0,0.0075,,
0.0405,8,-50.2,21.0,0.0075,,
0.0485,9,-48.5,21.0,0.0075,,
0.0570,10,-46.5,21.0,0.0070,,
0.0655,11,-44.6,21.0,0.0070,,
0.0740,12,-42.6,21.0,0.0075,,
0.0815,13,-40.4,21.0,0.0070,,
0.0900,14,-37.8,21.0,0.0070,,
0.0985,15,-35.1,21.0,0.0075,,
0.1065,16,-32.3,21.0,0.0065,,
0.1150,17,-29.3,21.0,0.0070,,
0.1235,18,-26.1,21.0,0.0070,,
0.1310,19,-23.4,21.0,0.0070,,
0.1395,20,-20.3,21.0,0.0075,,
0.1480,21,-17.2,21.0,0.0075,,
0.1565,22,-14.5,21.0,0.0070,,
0.1650,23,-11.8,21.0,0.0070,,
0.1730,24,-9.4,21.0,0.0065,,
0.1805,25,-7.3,21.0,0.0070,,
0.1890,26,-5.2,21.0,0.0075,,
0.1975,27,-3.4,21.0,0.0075,,
0.2060,28,-1.8,21.0,0.0070,,
0.2145,29,-0.2,21.0,0.0070,,
0.2230,30,1.3,21.0,0.0070,,
0.2305,31,2.6,21.0,0.0070,,
0.2390,32,4.0,21.0,0.0075,,
0.2470,33,5.5,21.0,0.0075,,
0.2555,34,6.8,21.0,0.0070,,
0.2640,35,8.0,21.0,0.0070,,
0.2725,36,9.2,21.0,0.0070,,
0.2800,37,10.2,21.0,0.0070,,
0.2885,38,11.3,21.0,0.0075,,
0.2970,39,12.4,21.0,0.0075,,
0.3055,40,13.5,21.0,0.0070,,
0.3135,41,14.5,21.0,0.0065,,
0.3220,42,15.4,21.0,0.0075,,
0.3295,43,16.5,21.0,0.0070,,
0.3380,44,17.6,21.0,0.0075,,
0.3465,45,18.5,21.0,0.0075,,
0.3550,46,19.4,21.0,0.0070,,
0.3635,47,20.4,21.0,0.0070,,
0.3715,48,21.4,21.0,0.0065,,
0.3795,49,22.3,21.0,0.0075,,
0.3875,50,23.1,21.0,0.0075,,
0.3960,51,24.1,21.0,0.0075,,
0.4045,52,24.9,21.0,0.0070,,
0.4130,53,25.8,21.0,0.0070,,
0.4215,54,26.7,21.0,0.0075,,
0.4290,55,27.6,21.0,0.0070,,
0.4375,56,28.5,21.0,0.0075,,
0.4460,57,29.3,21.0,0.0075,,
0.4540,58,30.1,21.0,0.0065,,
0.4625,59,31.0,21.0,0.0070,,
0.4710,60,31.9,21.0,0.0070,,
0.4785,61,32.8,21.0,0.0070,,
0.4870,62,33.7,21.0,0.0075,,
0.4955,63,34.5,21.0,0.0075,,
0.5040,64,35.3,21.0,0.0070,,
0.5120,65,36.3,21.0,0.0065,,
0.5205,66,37.2,21.0,0.0070,,
0.5280,67,38.0,21.0,0.0070,,
0.5365,68,38.8,21.0,0.0075,,
0.5450,69,39.6,21.0,0.0075,,
0.5535,70,40.5,21.0,0.0070,,
0.5620,71,41.4,21.0,0.0070,,
0.5700,72,42.2,21.0,0.0065,,
0.5780,73,43.0,21.0,0.0075,,
0.5860,74,43.9,21.0,0.0075,,
0.5945,75,44.8,21.0,0.0075,,
0.6030,76,45.6,21.0,0.0075,,
0.6115,77,46.4,21.0,0.0070,,
0.6200,78,47.3,21.0,0.0070,,
0.6275,79,48.0,21.0,0.0070,,
0.6360,80,48.8,21.0,0.0075,,
0.6440,81,49.6,21.0,0.0075,,
0.6525,82,50.4,21.0,0.0075,,
0.6610,83,51.4,21.0,0.0070,,
0.6695,84,52.3,21.0,0.0070,,
0.6770,85,52.9,21.0,0.0070,,
0.6855,86,53.7,21.0,0.0075,,
0.6940,87,54.5,21.0,0.0075,,
0.7025,88,55.4,21.0,0.0075,,
0.7105,89,56.1,21.0,0.0065,,
0.7190,90,56.8,21.0,0.0070,,
0.7265,91,57.6,21.0,0.0070,,
0.7350,92,58.5,21.0,0.0075,,
0.7435,93,59.3,21.0,0.0075,,
0.7520,94,60.1,21.0,0.0070,,
0.7605,95,60.9,21.0,0.0070,,
0.7690,96,61.9,21.0,0.0070,,
0.7765,97,62.6,21.0,0.0070,,
0.7850,98,63.6,21.0,0.0075,,
0.7930,99,64.4,21.0,0.0075,,
0.8015,100,65.3,21.0,0.0075,,
0.8100,101,66.1,21.0,0.0070,,
0.8185,102,67.0,21.0,0.0070,,
0.8260,103,67.9,21.0,0.0070,,
0.8345,104,68.8,21.0,0.0075,,
0.8430,105,69.6,21.0,0.0075,,
0.8510,106,70.4,21.0,0.0075,,
0.8595,107,71.4,21.0,0.0070,,
0.8680,108,72.3,21.0,0.0070,,
0.8755,109,73.1,21.0,0.0070,,
0.8840,110,74.0,21.0,0.0075,,
0.8925,111,75.0,21.0,0.0075,,
0.9010,112,75.9,21.0,0.0070,,
0.9095,113,76.9,21.0,0.0070,,
0.9175,114,77.8,21.0,0.0065,,
0.9250,115,78.7,21.0,0.0070,,
0.9335,116,79.8,21.0,0.0075,,
0.9420,117,80.6,21.0,0.0075,,
0.9505,118,81.5,21.0,0.0070,,
0.9590,119,82.5,21.0,0.0070,,
0.9675,120,83.6,21.0,0.0070,,
0.9750,121,84.5,21.0,0.0070,,
0.9835,122,85.4,21.0,0.0075,,
0.9915,123,86.5,21.0,0.0075,,
1.0000,124,87.7,21.0,0.0075,,
1.0085,125,88.9,21.0,0.0070,,
1.0170,126,89.9,21.0,0.0070,,
1.0245,127,90.9,21.0,0.0070,,
1.0330,128,92.2,21.0,0.0075,,
1.0415,129,93.5,21.0,0.0075,,
1.0495,130,94.7,21.0,0.0075,,
1.0580,131,95.9,21.0,0.0070,,
1.0665,132,97.1,21.0,0.0070,,
1.0750,133,98.3,21.0,0.0075,,
1.0825,134,99.6,21.0,0.0070,,
1.0910,135,101.0,21.0,0.0075,,
1.0995,136,102.5,21.0,0.0075,,
1.1075,137,103.9,21.0,0.0065,,
1.1160,138,105.8,21.0,0.0070,,
1.1245,139,107.2,21.0,0.0075,,
1.1320,140,108.8,21.0,0.0070,,
1.1405,141,110.6,21.0,0.0075,,
1.1490,142,112.5,21.0,0.0075,,
1.1575,143,114.4,21.0,0.0070,,
1.1660,144,116.3,21.0,0.0070,,
1.1740,145,118.3,21.0,0.0075,,
1.1820,146,120.5,21.0,0.0075,,
1.1900,147,123.0,21.0,0.0075,,
1.1985,148,125.4,21.0,0.0075,,
1.2070,149,128.0,21.0,0.0070,,
1.2155,150,130.7,21.0,0.0070,,
1.2240,151,133.3,21.0,0.0075,,
1.2315,152,136.7,21.0,0.0070,,
1.2400,153,139.8,21.0,0.0075,,
1.2485,154,142.9,21.0,0.0075,,
1.2565,155,146.2,21.0,0.0065,,
1.2650,156,149.9,21.0,0.0070,,
1.2725,157,153.0,21.0,0.0070,,
1.2810,158,156.2,21.0,0.0075,,
1.2895,159,159.4,21.0,0.0075,,
1.2980,160,162.5,21.0,0.0075,,
1.3065,161,165.8,21.0,0.0070,,
1.3145,162,168.4,21.0,0.0065,,
1.3230,163,170.8,21.0,0.0075,,
1.3305,164,173.1,21.0,0.0070,,
1.3390,165,175.4,21.0,0.0075,,
1.3475,166,177.5,21.0,0.0075,,
1.3560,167,179.5,21.0,0.0070,,
1.3645,168,181.3,21.0,0.0070,,
1.3730,169,182.8,21.0,0.0075,,
1.3805,170,184.6,21.0,0.0070,,
1.3850,171,185.1,21.0,0.0065,,
1.3850,411,187.0,21.1,0.0000,,
1.3855,412,187.0,21.1,0.0005,,
1.3870,413,187.1,21.1,0.0020,,
1.3895,414,187.3,21.1,0.0035,,
1.3935,415,187.8,21.1,0.0050,,
1.3995,416,188.7,21.1,0.0075,,
1.4075,417,189.7,21.1,0.0100,,
1.4155,418,191.1,21.1,0.0115,,
1.4235,419,192.2,21.1,0.0115,,
1.4320,420,193.4,21.1,0.0105,,
1.4405,421,194.6,21.1,0.0105,,
1.4490,422,195.7,21.1,0.0105,,
1.4575,423,196.6,21.1,0.0105,,
1.4650,424,197.5,21.1,0.0105,,
1.4735,425,198.4,21.1,0.0120,,
1.4815,426,199.5,21.1,0.0115,,
1.4900,427,200.4,21.1,0.0105,,
1.4985,428,201.3,21.1,0.0105,,
1.5070,429,202.2,21.1,0.0105,,
1.5145,430,202.9,21.1,0.0105,,
1.5230,431,203.7,21.1,0.0120,,
1.5315,432,204.4,21.1,0.0120,,
1.5395,433,205.2,21.1,0.0100,,
1.5480,434,205.9,21.1,0.0105,,
1.5565,435,206.7,21.1,0.0105,,
1.5650,436,207.3,21.1,0.0120,,
1.5725,437,207.9,21.1,0.0105,,
1.5810,438,208.6,21.1,0.0120,,
1.5895,439,209.2,21.1,0.0105,,
1.5980,440,209.9,21.1,0.0105,,
1.6060,441,210.5,21.1,0.0100,,
1.6145,442,211.3,21.1,0.0120,,
1.6220,443,211.8,21.1,0.0105,,
1.6305,444,212.4,21.1,0.0120,,
1.6390,445,212.9,21.1,0.0105,,
1.6475,446,213.4,21.1,0.0105,,
1.6560,447,213.9,21.1,0.0105,,
1.6640,448,214.5,21.1,0.0100,,
1.6720,449,215.1,21.1,0.0115,,
1.6800,450,215.5,21.1,0.0115,,
1.6885,451,216.0,21.1,0.0105,,
1.6970,452,216.5,21.1,0.0105,,
1.7055,453,217.0,21.1,0.0105,,
1.7140,454,217.4,21.1,0.0120,,
1.7215,455,217.9,21.1,0.0105,,
1.7300,456,218.3,21.1,0.0120,,
1.7380,457,218.8,21.1,0.0100,,
1.7465,458,219.3,21.1,0.0105,,
1.7550,459,219.7,21.1,0.0105,,
1.7635,460,220.0,21.1,0.0120,,
1.7710,461,220.4,21.1,0.0105,,
1.7795,462,220.8,21.1,0.0120,,
1.7880,463,221.3,21.1,0.0105,,
1.7965,464,221.6,21.1,0.0105,,
1.8045,465,222.0,21.1,0.0100,,
1.8130,466,222.4,21.1,0.0105,,
1.8205,467,222.7,21.1,0.0105,,
1.8290,468,223.1,21.1,0.0120,,
1.8375,469,223.5,21.1,0.0105,,
1.8460,470,223.8,21.1,0.0105,,
1.8545,471,224.2,21.1,0.0105,,
1.8630,472,224.5,21.1,0.0105,,
1.8705,473,224.9,21.1,0.0105,,
1.8785,474,225.3,21.1,0.0115,,
1.8870,475,225.5,21.1,0.0120,,
1.8955,476,225.9,21.1,0.0105,,
1.9040,477,226.2,21.1,0.0105,,
1.9125,478,226.5,21.1,0.0105,,
1.9200,479,226.7,21.1,0.0105,,
1.9285,480,227.1,21.1,0.0120,,
1.9365,481,227.5,21.1,0.0115,,
1.9450,482,227.8,21.1,0.0105,,
1.9535,483,228.1,21.1,0.0105,,
1.9620,484,228.4,21.1,0.0105,,
1.9695,485,228.6,21.1,0.0105,,
1.9780,486,229.0,21.1,0.0120,,
1.9865,487,229.3,21.1,0.0105,,
1.9950,488,229.5,21.1,0.0105,,
2.0030,489,229.9,21.1,0.0100,,
2.0115,490,230.2,21.1,0.0105,,
2.0190,491,230.4,21.1,0.0105,,
2.0275,492,230.6,21.1,0.0120,,
2.0360,493,230.8,21.1,0.0120,,
2.0445,494,231.0,21.1,0.0105,,
2.0530,495,231.3,21.1,0.0105,,
2.0610,496,231.6,21.1,0.0100,,
2.0695,497,231.8,21.1,0.0120,,
2.0770,498,232.1,21.1,0.0105,,
2.0855,499,232.4,21.1,0.0120,,
2.0940,500,232.7,21.1,0.0105,,
2.1025,501,233.0,21.1,0.0105,,
2.1110,502,233.2,21.1,0.0105,,
2.1190,503,233.3,21.1,0.0115,,
2.1270,504,233.6,21.1,0.0115,,
2.1350,505,233.9,21.1,0.0115,,
2.1430,506,234.1,21.1,0.0100,,
2.1495,507,234.3,21.1,0.0080,,
2.1530,508,234.6,21.1,0.0045,,
2.1535,509,234.4,21.1,0.0005,,
2.1540,510,234.5,21.1,0.0005,,
2.1555,511,234.6,21.1,0.0020,,
2.1575,512,234.6,21.1,0.0025,,
2.1605,513,234.6,21.1,0.0035,,
2.1630,514,234.8,21.1,0.0030,,
2.1660,515,234.9,21.1,0.0045,,
2.1705,516,235.0,21.1,0.0065,,
2.1725,516,235.1,21.1,0.0200,,
Scope 1/1, Sample 7/40 (T3)
Result,TitrationEP1
V,t,E,T,dV/dt,E acc. stat.,Volume acc. stat.
0.0000,0,-69.0,21.0,NaN,,
0.0005,1,-68.9,21.0,0.0005,,
0.0025,2,-68.9,21.0,0.0020,,
0.0050,3,-69.0,21.0,0.0025,,
0.0090,4,-68.8,21.0,0.0035,,
0.0150,5,-68.5,21.0,0.0055,,
0.0235,6,-68.0,21.0,0.0075,,
0.0320,7,-67.2,21.0,0.0085,,
0.0395,8,-66.3,21.0,0.0075,,
0.0480,9,-65.2,21.0,0.0085,,
0.0565,10,-63.9,21.0,0.0075,,
0.0645,11,-62.5,21.0,0.0075,,
0.0730,12,-61.1,21.0,0.0075,,
0.0815,13,-59.7,21.0,0.0085,,
0.0890,14,-58.1,21.0,0.0075,,
0.0975,15,-56.4,21.0,0.0085,,
0.1060,16,-54.7,21.0,0.0075,,
0.1145,17,-52.9,21.0,0.0075,,
0.1230,18,-50.9,21.0,0.0075,,
0.1305,19,-49.1,21.0,0.0075,,
0.1390,20,-46.8,21.0,0.0085,,
0.1470,21,-44.6,21.0,0.0080,,
0.1555,22,-42.2,21.0,0.0075,,
0.1640,23,-39.7,21.0,0.0075,,
0.1725,24,-36.9,21.0,0.0075,,
0.1800,25,-34.1,21.0,0.0075,,
0.1885,26,-31.2,21.0,0.0085,,
0.1970,27,-28.0,21.0,0.0085,,
0.2055,28,-24.9,21.0,0.0075,,
0.2135,29,-21.8,21.0,0.0075,,
0.2220,30,-18.9,21.0,0.0075,,
0.2305,31,-16.4,21.0,0.0085,,
0.2380,32,-13.7,21.0,0.0075,,
0.2465,33,-11.3,21.0,0.0085,,
0.2550,34,-9.2,21.0,0.0075,,
0.2635,35,-7.0,21.0,0.0075,,
0.2715,36,-5.0,21.0,0.0075,,
0.2800,37,-3.6,21.0,0.0085,,
0.2875,38,-2.0,21.0,0.0075,,
0.2960,39,-0.5,21.0,0.0085,,
0.3045,40,0.9,21.0,0.0075,,
0.3130,41,2.3,21.0,0.0075,,
0.3215,42,3.8,21.0,0.0075,,
0.3295,43,5.0,21.0,0.0080,,
0.3375,44,6.4,21.0,0.0080,,
0.3455,45,7.6,21.0,0.0080,,
0.3540,46,8.8,21.0,0.0075,,
0.3625,47,10.0,21.0,0.0075,,
0.3710,48,11.2,21.0,0.0075,,
0.3795,49,12.2,21.0,0.0085,,
0.3870,50,13.3,21.0,0.0075,,
0.3955,51,14.4,21.0,0.0085,,
0.4040,52,15.6,21.0,0.0075,,
0.4120,53,16.6,21.0,0.0075,,
0.4205,54,17.6,21.0,0.0075,,
0.4290,55,18.6,21.0,0.0075,,
0.4365,56,19.4,21.0,0.0075,,
0.4450,57,20.4,21.0,0.0085,,
0.4535,58,21.4,21.0,0.0075,,
0.4620,59,22.4,21.0,0.0075,,
0.4700,60,23.5,21.0,0.0075,,
0.4785,61,24.3,21.0,0.0085,,
0.4860,62,25.3,21.0,0.0075,,
0.4945,63,26.2,21.0,0.0085,,
0.5030,64,27.2,21.0,0.0075,,
0.5115,65,28.1,21.0,0.0075,,
0.5200,66,29.0,21.0,0.0075,,
0.5285,67,29.9,21.0,0.0085,,
0.5360,68,30.7,21.0,0.0075,,
0.5445,69,31.7,21.0,0.0085,,
0.5525,70,32.5,21.0,0.0075,,
0.5610,71,33.5,21.0,0.0075,,
0.5695,72,34.5,21.0,0.0075,,
0.5780,73,35.2,21.0,0.0085,,
0.5855,74,36.2,21.0,0.0075,,
0.5940,75,37.1,21.0,0.0085,,
0.6025,76,38.0,21.0,0.0075,,
0.6110,77,38.9,21.0,0.0075,,
0.6190,78,39.7,21.0,0.0075,,
0.6270,79,40.5,21.0,0.0080,,
0.6350,80,41.4,21.0,0.0080,,
0.6435,81,42.3,21.0,0.0085,,
0.6520,82,43.2,21.0,0.0075,,
0.6605,83,44.1,21.0,0.0075,,
0.6690,84,44.9,21.0,0.0075,,
0.6765,85,45.8,21.0,0.0075,,
0.6850,86,46.6,21.0,0.0085,,
0.6930,87,47.6,21.0,0.0080,,
0.7015,88,48.4,21.0,0.0075,,
0.7100,89,49.3,21.0,0.0075,,
0.7185,90,50.2,21.0,0.0075,,
0.7270,91,51.1,21.0,0.0085,,
0.7345,92,52.0,21.0,0.0075,,
0.7430,93,52.8,21.0,0.0085,,
0.7510,94,53.7,21.0,0.0075,,
0.7595,95,54.6,21.0,0.0075,,
0.7680,96,55.4,21.0,0.0075,,
0.7765,97,56.3,21.0,0.0075,,
0.7840,98,57.1,21.0,0.0075,,
0.7925,99,57.9,21.0,0.0085,,
0.8010,100,58.8,21.0,0.0075,,
0.8090,101,59.7,21.0,0.0075,,
0.8175,102,60.5,21.0,0.0075,,
0.8260,103,61.3,21.0,0.0085,,
0.8335,104,62.1,21.0,0.0075,,
0.8420,105,63.1,21.0,0.0085,,
0.8505,106,64.0,21.0,0.0075,,
0.8590,107,64.9,21.0,0.0075,,
0.8675,108,65.8,21.0,0.0075,,
0.8755,109,66.8,21.0,0.0075,,
0.8835,110,67.5,21.0,0.0080,,
0.8915,111,68.4,21.0,0.0080,,
0.9000,112,69.3,21.0,0.0075,,
0.9085,113,70.1,21.0,0.0075,,
0.9170,114,71.0,21.0,0.0075,,
0.9255,115,72.1,21.0,0.0075,,
0.9330,116,72.9,21.0,0.0075,,
0.9415,117,73.8,21.0,0.0085,,
0.9495,118,74.8,21.0,0.0075,,
0.9580,119,75.8,21.0,0.0075,,
0.9665,120,76.8,21.0,0.0075,,
0.9750,121,77.7,21.0,0.0075,,
0.9825,122,78.6,21.0,0.0075,,
0.9910,123,79.7,21.0,0.0085,,
0.9995,124,80.7,21.0,0.0075,,
1.0080,125,81.6,21.0,0.0075,,
1.0160,126,82.5,21.0,0.0075,,
1.0245,127,83.7,21.0,0.0075,,
1.0320,128,84.6,21.0,0.0075,,
1.0405,129,85.6,21.0,0.0085,,
1.0490,130,86.8,21.0,0.0075,,
1.0575,131,87.8,21.0,0.0075,,
1.0660,132,89.0,21.0,0.0075,,
1.0740,133,90.4,21.0,0.0075,,
1.0820,134,91.4,21.0,0.0080,,
1.0900,135,92.6,21.0,0.0080,,
1.0985,136,93.8,21.0,0.0075,,
1.1070,137,95.2,21.0,0.0075,,
1.1155,138,96.7,21.0,0.0075,,
1.1240,139,97.8,21.0,0.0075,,
1.1315,140,99.1,21.0,0.0075,,
1.1400,141,100.5,21.0,0.0085,,
1.1480,142,102.3,21.0,0.0080,,
1.1565,143,103.8,21.0,0.0075,,
1.1650,144,105.3,21.0,0.0075,,
1.1735,145,107.0,21.0,0.0075,,
1.1810,146,108.4,21.0,0.0075,,
1.1895,147,110.3,21.0,0.0085,,
1.1980,148,112.2,21.0,0.0075,,
1.2065,149,114.0,21.0,0.0075,,
1.2145,150,116.0,21.0,0.0075,,
1.2230,151,118.4,21.0,0.0075,,
1.2305,152,120.4,21.0,0.0075,,
1.2390,153,122.8,21.0,0.0085,,
1.2475,154,125.4,21.0,0.0085,,
1.2560,155,128.0,21.0,0.0075,,
1.2645,156,131.0,21.0,0.0075,,
1.2725,157,133.7,21.0,0.0075,,
1.2805,158,136.4,21.0,0.0080,,
1.2885,159,139.7,21.0,0.0080,,
1.2970,160,143.2,21.0,0.0085,,
1.3055,161,146.8,21.0,0.0075,,
1.3140,162,150.0,21.0,0.0075,,
1.3225,163,153.4,21.0,0.0075,,
1.3310,164,156.6,21.0,0.0085,,
1.3385,165,160.1,21.0,0.0075,,
1.3465,166,163.3,21.0,0.0080,,
1.3550,167,166.1,21.0,0.0075,,
1.3635,168,168.8,21.0,0.0075,,
1.3720,169,171.4,21.0,0.0075,,
1.3805,170,173.6,21.0,0.0085,,
1.3880,171,175.8,21.0,0.0075,,
1.3965,172,177.9,21.0,0.0085,,
1.4050,173,179.8,21.0,0.0075,,
1.4130,174,181.7,21.0,0.0075,,
1.4215,175,183.4,21.0,0.0075,,
1.4310,176,185.0,21.0,0.0080,,
1.4310,416,186.8,21.1,0.0000,,
1.4315,417,186.7,21.1,0.0005,,
1.4330,418,186.8,21.1,0.0010,,
1.4355,419,187.2,21.1,0.0020,,
1.4395,420,187.6,21.1,0.0030,,
1.4460,421,188.5,21.1,0.0045,,
1.4545,422,189.6,21.1,0.0065,,
1.4620,423,190.9,21.1,0.0060,,
1.4700,424,192.1,21.1,0.0060,,
1.4785,425,193.3,21.1,0.0060,,
1.4870,426,194.4,21.1,0.0060,,
1.4955,427,195.6,21.1,0.0060,,
1.5040,428,196.5,21.1,0.0065,,
1.5115,429,197.5,21.1,0.0060,,
1.5200,430,198.5,21.1,0.0065,,
1.5285,431,199.4,21.1,0.0060,,
1.5365,432,200.3,21.1,0.0055,,
1.5450,433,201.2,21.1,0.0060,,
1.5535,434,201.9,21.1,0.0060,,
1.5610,435,202.8,21.1,0.0060,,
1.5695,436,203.6,21.1,0.0065,,
1.5780,437,204.3,21.1,0.0060,,
1.5865,438,205.1,21.1,0.0060,,
1.5945,439,205.8,21.1,0.0055,,
1.6030,440,206.5,21.1,0.0060,,
1.6105,441,207.2,21.1,0.0060,,
1.6190,442,207.8,21.1,0.0065,,
1.6275,443,208.5,21.1,0.0060,,
1.6360,444,209.2,21.1,0.0060,,
1.6445,445,209.9,21.1,0.0060,,
1.6530,446,210.5,21.1,0.0060,,
1.6605,447,211.0,21.1,0.0060,,
1.6685,448,211.5,21.1,0.0060,,
1.6770,449,212.1,21.1,0.0065,,
1.6855,450,212.7,21.1,0.0060,,
1.6940,451,213.2,21.1,0.0060,,
1.7025,452,213.7,21.1,0.0060,,
1.7100,453,214.2,21.1,0.0060,,
1.7185,454,214.8,21.1,0.0065,,
1.7270,455,215.3,21.1,0.0065,,
1.7350,456,215.7,21.1,0.0055,,
1.7435,457,216.2,21.1,0.0060,,
1.7520,458,216.8,21.1,0.0060,,
1.7595,459,217.1,21.1,0.0060,,
1.7680,460,217.6,21.1,0.0065,,
1.7765,461,218.0,21.1,0.0065,,
1.7850,462,218.6,21.1,0.0060,,
1.7930,463,219.1,21.1,0.0055,,
1.8015,464,219.5,21.1,0.0060,,
1.8090,465,219.9,21.1,0.0060,,
1.8175,466,220.3,21.1,0.0065,,
1.8260,467,220.7,21.1,0.0065,,
1.8345,468,221.2,21.1,0.0060,,
1.8430,469,221.6,21.1,0.0060,,
1.8510,470,221.9,21.1,0.0055,,
1.8590,471,222.2,21.1,0.0060,,
1.8670,472,222.6,21.1,0.0060,,
1.8755,473,223.0,21.1,0.0065,,
1.8840,474,223.4,21.1,0.0060,,
1.8925,475,223.6,21.1,0.0060,,
1.9010,476,224.1,21.1,0.0060,,
1.9095,477,224.4,21.1,0.0065,,
1.9170,478,224.7,21.1,0.0060,,
1.9255,479,225.0,21.1,0.0065,,
1.9335,480,225.4,21.1,0.0055,,
1.9420,481,225.7,21.1,0.0060,,
1.9505,482,226.1,21.1,0.0060,,
1.9590,483,226.4,21.1,0.0060,,
1.9665,484,226.7,21.1,0.0060,,
1.9750,485,227.0,21.1,0.0065,,
1.9835,486,227.2,21.1,0.0060,,
1.9915,487,227.6,21.1,0.0055,,
2.0000,488,227.9,21.1,0.0060,,
2.0085,489,228.1,21.1,0.0060,,
2.0160,490,228.4,21.1,0.0060,,
2.0245,491,228.7,21.1,0.0065,,
2.0330,492,229.1,21.1,0.0060,,
2.0415,493,229.4,21.1,0.0060,,
2.0500,494,229.7,21.1,0.0060,,
2.0580,495,230.0,21.1,0.0060,,
2.0660,496,230.3,21.1,0.0060,,
2.0740,497,230.5,21.1,0.0060,,
2.0825,498,230.8,21.1,0.0060,,
2.0910,499,231.0,21.1,0.0060,,
2.0995,500,231.3,21.1,0.0060,,
2.1080,501,231.6,21.1,0.0060,,
2.1155,502,231.7,21.1,0.0060,,
2.1240,503,232.0,21.1,0.0065,,
2.1320,504,232.3,21.1,0.0060,,
2.1405,505,232.7,21.1,0.0060,,
2.1490,506,232.9,21.1,0.0060,,
2.1575,507,233.1,21.1,0.0060,,
2.1650,508,233.3,21.1,0.0060,,
2.1735,509,233.6,21.1,0.0065,,
2.1820,510,233.9,21.1,0.0065,,
2.1900,511,234.1,21.1,0.0055,,
2.1980,512,234.2,21.1,0.0055,,
2.2030,513,234.4,21.1,0.0035,,
2.2035,514,234.5,21.1,0.0005,,
2.2040,515,234.5,21.1,0.0005,,
2.2055,516,234.5,21.1,0.0010,,
2.2075,517,234.5,21.1,0.0015,,
2.2100,518,234.6,21.1,0.0020,,
2.2135,519,234.7,21.1,0.0025,,
2.2170,520,234.8,21.1,0.0025,,
2.2205,521,235.0,21.1,0.0035,,
Scope 1/1, Sample 8/40 (B3)
Result,TitrationEP1
V,t,E,T,dV/dt,E acc. stat.,Volume acc. stat.
0.0000,0,-69.1,21.0,NaN,,
0.0005,1,-69.2,21.0,0.0005,,
0.0025,2,-69.2,21.0,0.0020,,
0.0050,3,-69.1,21.0,0.0025,,
0.0090,4,-69.0,21.0,0.0035,,
0.0150,5,-68.7,21.0,0.0055,,
0.0235,6,-68.2,21.0,0.0085,,
0.0310,7,-67.4,21.0,0.0075,,
0.0395,8,-66.3,21.0,0.0085,,
0.0480,9,-65.1,21.0,0.0085,,
0.0565,10,-63.9,21.0,0.0075,,
0.0650,11,-62.5,21.0,0.0075,,
0.0730,12,-61.1,21.0,0.0075,,
0.0810,13,-59.8,21.0,0.0080,,
0.0890,14,-58.2,21.0,0.0080,,
0.0975,15,-56.5,21.0,0.0085,,
0.1060,16,-54.7,21.0,0.0075,,
0.1145,17,-52.8,21.0,0.0075,,
0.1230,18,-51.0,21.0,0.0075,,
0.1305,19,-49.1,21.0,0.0075,,
0.1390,20,-46.9,21.0,0.0085,,
0.1470,21,-44.5,21.0,0.0075,,
0.1555,22,-42.1,21.0,0.0075,,
0.1640,23,-39.5,21.0,0.0075,,
0.1725,24,-36.9,21.0,0.0075,,
0.1800,25,-34.2,21.0,0.0075,,
0.1885,26,-31.2,21.0,0.0085,,
0.1970,27,-28.0,21.0,0.0085,,
0.2050,28,-24.8,21.0,0.0075,,
0.2135,29,-21.7,21.0,0.0075,,
0.2220,30,-18.6,21.0,0.0075,,
0.2295,31,-15.9,21.0,0.0075,,
0.2380,32,-13.2,21.0,0.0085,,
0.2465,33,-10.8,21.0,0.0085,,
0.2550,34,-8.5,21.0,0.0075,,
0.2635,35,-6.4,21.0,0.0075,,
0.2715,36,-4.4,21.0,0.0075,,
0.2800,37,-2.8,21.0,0.0085,,
0.2875,38,-1.2,21.0,0.0075,,
0.2960,39,0.4,21.0,0.0085,,
0.3045,40,1.9,21.0,0.0075,,
0.3130,41,3.4,21.0,0.0075,,
0.3215,42,4.8,21.0,0.0075,,
0.3295,43,6.0,21.0,0.0080,,
0.3375,44,7.3,21.0,0.0080,,
0.3455,45,8.6,21.0,0.0080,,
0.3540,46,9.8,21.0,0.0075,,
0.3625,47,11.0,21.0,0.0075,,
0.3710,48,12.2,21.0,0.0075,,
0.3795,49,13.2,21.0,0.0085,,
0.3870,50,14.3,21.0,0.0075,,
0.3955,51,15.4,21.0,0.0085,,
0.4035,52,16.3,21.0,0.0075,,
0.4120,53,17.5,21.0,0.0075,,
0.4205,54,18.5,21.0,0.0075,,
0.4290,55,19.4,21.0,0.0085,,
0.4365,56,20.4,21.0,0.0075,,
0.4450,57,21.4,21.0,0.0085,,
0.4535,58,22.4,21.0,0.0075,,
0.4620,59,23.3,21.0,0.0075,,
0.4700,60,24.3,21.0,0.0075,,
0.4785,61,25.3,21.0,0.0075,,
0.4860,62,26.2,21.0,0.0075,,
0.4945,63,27.1,21.0,0.0085,,
0.5030,64,28.0,21.0,0.0075,,
0.5115,65,28.8,21.0,0.0075,,
0.5200,66,29.8,21.0,0.0075,,
0.5285,67,30.7,21.0,0.0085,,
0.5360,68,31.7,21.0,0.0075,,
0.5440,69,32.6,21.0,0.0080,,
0.5525,70,33.4,21.0,0.0075,,
0.5610,71,34.3,21.0,0.0075,,
0.5695,72,35.2,21.0,0.0075,,
0.5780,73,36.0,21.0,0.0085,,
0.5855,74,36.8,21.0,0.0075,,
0.5940,75,37.6,21.0,0.0085,,
0.6025,76,38.7,21.0,0.0075,,
0.6105,77,39.6,21.0,0.0075,,
0.6190,78,40.5,21.0,0.0075,,
0.6275,79,41.3,21.0,0.0075,,
0.6350,80,42.1,21.0,0.0075,,
0.6435,81,43.1,21.0,0.0075,,
0.6520,82,43.9,21.0,0.0085,,
0.6605,83,44.7,21.0,0.0075,,
0.6685,84,45.6,21.0,0.0075,,
0.6770,85,46.5,21.0,0.0075,,
0.6845,86,47.3,21.0,0.0075,,
0.6930,87,48.2,21.0,0.0085,,
0.7015,88,49.0,21.0,0.0085,,
0.7100,89,49.9,21.0,0.0075,,
0.7185,90,50.7,21.0,0.0075,,
0.7265,91,51.5,21.0,0.0075,,
0.7345,92,52.4,21.0,0.0080,,
0.7425,93,53.2,21.0,0.0080,,
0.7510,94,54.0,21.0,0.0085,,
0.7595,95,55.0,21.0,0.0075,,
0.7680,96,55.8,21.0,0.0075,,
0.7765,97,56.6,21.0,0.0075,,
0.7845,98,57.4,21.0,0.0080,,
0.7925,99,58.3,21.0,0.0080,,
0.8005,100,59.1,21.0,0.0080,,
0.8090,101,60.0,21.0,0.0075,,
0.8175,102,61.0,21.0,0.0075,,
0.8260,103,61.9,21.0,0.0075,,
0.8335,104,62.7,21.0,0.0075,,
0.8420,105,63.6,21.0,0.0085,,
0.8505,106,64.4,21.0,0.0085,,
0.8590,107,65.3,21.0,0.0075,,
0.8670,108,66.1,21.0,0.0075,,
0.8755,109,67.1,21.0,0.0075,,
0.8840,110,67.9,21.0,0.0085,,
0.8915,111,68.8,21.0,0.0075,,
0.9000,112,69.7,21.0,0.0085,,
0.9085,113,70.6,21.0,0.0075,,
0.9170,114,71.6,21.0,0.0075,,
0.9250,115,72.3,21.0,0.0075,,
0.9330,116,73.3,21.0,0.0080,,
0.9415,117,74.4,21.0,0.0085,,
0.9495,118,75.4,21.0,0.0080,,
0.9580,119,76.3,21.0,0.0075,,
0.9665,120,77.2,21.0,0.0075,,
0.9750,121,78.1,21.0,0.0075,,
0.9835,122,79.0,21.0,0.0085,,
0.9910,123,80.0,21.0,0.0075,,
0.9990,124,81.0,21.0,0.0080,,
1.0075,125,82.0,21.0,0.0075,,
1.0160,126,82.9,21.0,0.0075,,
1.0245,127,84.0,21.0,0.0075,,
1.0330,128,85.1,21.0,0.0075,,
1.0405,129,86.2,21.0,0.0075,,
1.0490,130,87.3,21.0,0.0085,,
1.0570,131,88.3,21.0,0.0080,,
1.0655,132,89.5,21.0,0.0075,,
1.0740,133,90.8,21.0,0.0075,,
1.0825,134,92.0,21.0,0.0075,,
1.0900,135,93.0,21.0,0.0075,,
1.0985,136,94.2,21.0,0.0085,,
1.1070,137,95.6,21.0,0.0085,,
1.1155,138,97.0,21.0,0.0075,,
1.1235,139,98.3,21.0,0.0075,,
1.1320,140,99.6,21.0,0.0075,,
1.1395,141,101.0,21.0,0.0075,,
1.1480,142,102.4,21.0,0.0085,,
1.1565,143,104.1,21.0,0.0085,,
1.1650,144,105.7,21.0,0.0075,,
1.1735,145,107.4,21.0,0.0075,,
1.1815,146,109.3,21.0,0.0075,,
1.1895,147,110.9,21.0,0.0080,,
1.1975,148,112.7,21.0,0.0080,,
1.2060,149,114.6,21.0,0.0085,,
1.2145,150,117.0,21.0,0.0075,,
1.2230,151,119.3,21.0,0.0075,,
1.2315,152,121.5,21.0,0.0075,,
1.2390,153,123.6,21.0,0.0075,,
1.2475,154,126.4,21.0,0.0085,,
1.2560,155,129.1,21.0,0.0085,,
1.2640,156,132.0,21.0,0.0075,,
1.2725,157,134.7,21.0,0.0075,,
1.2810,158,138.1,21.0,0.0075,,
1.2885,159,141.3,21.0,0.0075,,
1.2970,160,144.8,21.0,0.0085,,
1.3055,161,148.3,21.0,0.0085,,
1.3140,162,151.6,21.0,0.0075,,
1.3220,163,155.1,21.0,0.0075,,
1.3305,164,158.6,21.0,0.0075,,
1.3380,165,161.3,21.0,0.0075,,
1.3465,166,164.4,21.0,0.0085,,
1.3550,167,167.2,21.0,0.0085,,
1.3635,168,169.9,21.0,0.0075,,
1.3720,169,172.3,21.0,0.0075,,
1.3800,170,174.7,21.0,0.0075,,
1.3885,171,176.7,21.0,0.0085,,
1.3960,172,178.8,21.0,0.0075,,
1.4045,173,180.6,21.0,0.0085,,
1.4130,174,182.6,21.0,0.0075,,
1.4215,175,184.2,21.0,0.0075,,
1.4285,176,185.0,21.0,0.0070,,
1.4285,416,186.8,21.1,0.0000,,
1.4290,417,186.8,21.1,0.0005,,
1.4305,418,186.8,21.1,0.0015,,
1.4330,419,187.1,21.1,0.0025,,
1.4370,420,187.7,21.1,0.0035,,
1.4430,421,188.4,21.1,0.0055,,
1.4510,422,189.6,21.1,0.0075,,
1.4590,423,190.7,21.1,0.0080,,
1.4670,424,192.0,21.1,0.0080,,
1.4755,425,193.3,21.1,0.0085,,
1.4840,426,194.4,21.1,0.0075,,
1.4925,427,195.5,21.1,0.0075,,
1.5010,428,196.5,21.1,0.0075,,
1.5085,429,197.4,21.1,0.0075,,
1.5170,430,198.4,21.1,0.0085,,
1.5250,431,199.3,21.1,0.0080,,
1.5335,432,200.3,21.1,0.0075,,
1.5420,433,201.2,21.1,0.0075,,
1.5505,434,202.1,21.1,0.0075,,
1.5580,435,202.8,21.1,0.0075,,
1.5665,436,203.5,21.1,0.0085,,
1.5750,437,204.3,21.1,0.0085,,
1.5835,438,205.1,21.1,0.0075,,
1.5915,439,205.8,21.1,0.0075,,
1.6000,440,206.5,21.1,0.0075,,
1.6085,441,207.2,21.1,0.0085,,
1.6160,442,207.8,21.1,0.0075,,
1.6245,443,208.5,21.1,0.0085,,
1.6330,444,209.2,21.1,0.0075,,
1.6415,445,209.7,21.1,0.0075,,
1.6495,446,210.4,21.1,0.0075,,
1.6580,447,211.1,21.1,0.0075,,
1.6655,448,211.7,21.1,0.0075,,
1.6740,449,212.3,21.1,0.0085,,
1.6825,450,212.8,21.1,0.0085,,
1.6910,451,213.3,21.1,0.0075,,
1.6995,452,213.9,21.1,0.0075,,
1.7075,453,214.4,21.1,0.0075,,
1.7150,454,214.9,21.1,0.0075,,
1.7235,455,215.3,21.1,0.0085,,
1.7320,456,215.9,21.1,0.0085,,
1.7405,457,216.4,21.1,0.0075,,
1.7490,458,216.8,21.1,0.0075,,
1.7570,459,217.2,21.1,0.0075,,
1.7655,460,217.7,21.1,0.0085,,
1.7730,461,218.2,21.1,0.0075,,
1.7815,462,218.7,21.1,0.0085,,
1.7900,463,219.1,21.1,0.0075,,
1.7985,464,219.5,21.1,0.0075,,
1.8070,465,219.9,21.1,0.0075,,
1.8155,466,220.3,21.1,0.0085,,
1.8230,467,220.7,21.1,0.0075,,
1.8315,468,221.0,21.1,0.0085,,
1.8395,469,221.3,21.1,0.0075,,
1.8480,470,221.8,21.1,0.0075,,
1.8565,471,222.2,21.1,0.0075,,
1.8650,472,222.6,21.1,0.0075,,
1.8725,473,223.0,21.1,0.0075,,
1.8810,474,223.3,21.1,0.0085,,
1.8895,475,223.7,21.1,0.0085,,
1.8975,476,224.1,21.1,0.0075,,
1.9060,477,224.3,21.1,0.0075,,
1.9145,478,224.7,21.1,0.0075,,
1.9220,479,225.0,21.1,0.0075,,
1.9305,480,225.4,21.1,0.0085,,
1.9390,481,225.8,21.1,0.0085,,
1.9475,482,226.1,21.1,0.0075,,
1.9555,483,226.4,21.1,0.0075,,
1.9640,484,226.7,21.1,0.0075,,
1.9725,485,227.0,21.1,0.0085,,
1.9800,486,227.4,21.1,0.0075,,
1.9885,487,227.6,21.1,0.0085,,
1.9970,488,227.9,21.1,0.0075,,
2.0055,489,228.3,21.1,0.0075,,
2.0135,490,228.6,21.1,0.0075,,
2.0215,491,228.8,21.1,0.0080,,
2.0295,492,229.1,21.1,0.0080,,
2.0380,493,229.4,21.1,0.0085,,
2.0465,494,229.7,21.1,0.0075,,
2.0550,495,230.0,21.1,0.0075,,
2.0635,496,230.1,21.1,0.0075,,
2.0710,497,230.4,21.1,0.0075,,
2.0795,498,230.8,21.1,0.0085,,
2.0875,499,231.1,21.1,0.0080,,
2.0960,500,231.3,21.1,0.0075,,
2.1045,501,231.5,21.1,0.0075,,
2.1130,502,231.8,21.1,0.0075,,
2.1215,503,232.2,21.1,0.0075,,
2.1290,504,232.3,21.1,0.0075,,
2.1375,505,232.6,21.1,0.0085,,
2.1460,506,232.8,21.1,0.0085,,
2.1540,507,233.1,21.1,0.0075,,
2.1625,508,233.3,21.1,0.0075,,
2.1710,509,233.5,21.1,0.0075,,
2.1785,510,233.7,21.1,0.0075,,
2.1870,511,234.0,21.1,0.0085,,
2.1945,512,234.2,21.1,0.0075,,
2.2005,513,234.4,21.1,0.0055,,
2.2030,514,234.6,21.1,0.0025,,
2.2035,515,234.6,21.1,0.0005,,
2.2045,516,234.6,21.1,0.0010,,
2.2065,517,234.7,21.1,0.0020,,
2.2085,518,234.8,21.1,0.0020,,
2.2115,519,234.8,21.1,0.0025,,
2.2150,520,234.9,21.1,0.0030,,
2.2190,521,235.1,21.1,0.0030,,
Scope 1/1, Sample 9/40 (T4)
Result,TitrationEP1
V,t,E,T,dV/dt,E acc. stat.,Volume acc. stat.
0.0000,0,-69.2,21.0,NaN,,
0.0005,1,-69.3,21.0,0.0005,,
0.0025,2,-69.3,21.0,0.0020,,
0.0050,3,-69.3,21.0,0.0025,,
0.0085,4,-69.2,21.0,0.0030,,
0.0150,5,-68.9,21.0,0.0060,,
0.0230,6,-68.3,21.0,0.0075,,
0.0305,7,-67.5,21.0,0.0075,,
0.0390,8,-66.4,21.0,0.0085,,
0.0475,9,-65.2,21.0,0.0075,,
0.0560,10,-63.9,21.0,0.0075,,
0.0645,11,-62.5,21.0,0.0075,,
0.0725,12,-61.1,21.0,0.0075,,
0.0805,13,-59.8,21.0,0.0080,,
0.0885,14,-58.3,21.0,0.0080,,
0.0970,15,-56.6,21.0,0.0075,,
0.1055,16,-54.9,21.0,0.0075,,
0.1140,17,-53.0,21.0,0.0075,,
0.1225,18,-51.2,21.0,0.0085,,
0.1300,19,-49.3,21.0,0.0075,,
0.1385,20,-47.2,21.0,0.0085,,
0.1470,21,-44.9,21.0,0.0075,,
0.1550,22,-42.5,21.0,0.0075,,
0.1635,23,-39.9,21.0,0.0075,,
0.1720,24,-37.3,21.0,0.0075,,
0.1795,25,-34.6,21.0,0.0075,,
0.1880,26,-31.7,21.0,0.0085,,
0.1965,27,-28.6,21.0,0.0075,,
0.2050,28,-25.4,21.0,0.0075,,
0.2130,29,-22.1,21.0,0.0075,,
0.2215,30,-18.9,21.0,0.0075,,
0.2290,31,-16.2,21.0,0.0075,,
0.2375,32,-13.5,21.0,0.0085,,
0.2460,33,-11.2,21.0,0.0085,,
0.2545,34,-8.9,21.0,0.0075,,
0.2630,35,-6.7,21.0,0.0075,,
0.2710,36,-4.7,21.0,0.0075,,
0.2790,37,-3.0,21.0,0.0080,,
0.2870,38,-1.5,21.0,0.0080,,
0.2955,39,0.1,21.0,0.0085,,
0.3040,40,1.6,21.0,0.0075,,
0.3125,41,3.2,21.0,0.0075,,
0.3210,42,4.6,21.0,0.0075,,
0.3285,43,5.9,21.0,0.0075,,
0.3370,44,7.2,21.0,0.0085,,
0.3450,45,8.4,21.0,0.0080,,
0.3535,46,9.6,21.0,0.0075,,
0.3620,47,10.8,21.0,0.0075,,
0.3705,48,12.0,21.0,0.0075,,
0.3790,49,13.0,21.0,0.0085,,
0.3865,50,14.2,21.0,0.0075,,
0.3950,51,15.3,21.0,0.0085,,
0.4035,52,16.4,21.0,0.0075,,
0.4115,53,17.4,21.0,0.0075,,
0.4200,54,18.4,21.0,0.0075,,
0.4275,55,19.4,21.0,0.0075,,
0.4360,56,20.4,21.0,0.0085,,
0.4445,57,21.4,21.0,0.0075,,
0.4530,58,22.4,21.0,0.0075,,
0.4615,59,23.3,21.0,0.0075,,
0.4700,60,24.3,21.0,0.0075,,
0.4775,61,25.2,21.0,0.0075,,
0.4860,62,26.2,21.0,0.0085,,
0.4940,63,27.2,21.0,0.0080,,
0.5025,64,28.1,21.0,0.0075,,
0.5110,65,29.0,21.0,0.0075,,
0.5195,66,30.0,21.0,0.0075,,
0.5270,67,30.8,21.0,0.0075,,
0.5355,68,31.6,21.0,0.0085,,
0.5440,69,32.4,21.0,0.0085,,
0.5520,70,33.3,21.0,0.0075,,
0.5605,71,34.3,21.0,0.0075,,
0.5690,72,35.2,21.0,0.0075,,
0.5765,73,36.0,21.0,0.0075,,
0.5850,74,36.9,21.0,0.0085,,
0.5935,75,37.8,21.0,0.0085,,
0.6020,76,38.7,21.0,0.0075,,
0.6100,77,39.5,21.0,0.0075,,
0.6185,78,40.3,21.0,0.0075,,
0.6260,79,41.2,21.0,0.0075,,
0.6345,80,42.0,21.0,0.0085,,
0.6430,81,43.0,21.0,0.0085,,
0.6515,82,43.9,21.0,0.0075,,
0.6600,83,44.7,21.0,0.0075,,
0.6685,84,45.6,21.0,0.0075,,
0.6765,85,46.3,21.0,0.0080,,
0.6840,86,47.2,21.0,0.0075,,
0.6925,87,48.0,21.0,0.0085,,
0.7010,88,48.8,21.0,0.0075,,
0.7095,89,49.7,21.0,0.0075,,
0.7180,90,50.5,21.0,0.0075,,
0.7265,91,51.2,21.0,0.0085,,
0.7340,92,52.1,21.0,0.0075,,
0.7425,93,52.9,21.0,0.0085,,
0.7505,94,53.9,21.0,0.0075,,
0.7590,95,54.7,21.0,0.0075,,
0.7675,96,55.5,21.0,0.0075,,
0.7760,97,56.2,21.0,0.0085,,
0.7835,98,57.0,21.0,0.0075,,
0.7920,99,57.9,21.0,0.0085,,
0.8005,100,58.8,21.0,0.0075,,
0.8085,101,59.7,21.0,0.0075,,
0.8170,102,60.5,21.0,0.0075,,
0.8255,103,61.3,21.0,0.0075,,
0.8330,104,62.1,21.0,0.0075,,
0.8415,105,63.0,21.0,0.0085,,
0.8500,106,63.9,21.0,0.0085,,
0.8585,107,64.7,21.0,0.0075,,
0.8665,108,65.6,21.0,0.0075,,
0.8750,109,66.5,21.0,0.0075,,
0.8825,110,67.3,21.0,0.0075,,
0.8910,111,68.1,21.0,0.0085,,
0.8995,112,68.9,21.0,0.0085,,
0.9080,113,69.8,21.0,0.0075,,
0.9165,114,70.8,21.0,0.0075,,
0.9250,115,71.7,21.0,0.0075,,
0.9325,116,72.5,21.0,0.0075,,
0.9410,117,73.4,21.0,0.0085,,
0.9490,118,74.3,21.0,0.0080,,
0.9575,119,75.3,21.0,0.0075,,
0.9660,120,76.2,21.0,0.0075,,
0.9745,121,77.3,21.0,0.0075,,
0.9820,122,78.0,21.0,0.0075,,
0.9905,123,78.9,21.0,0.0085,,
0.9990,124,80.0,21.0,0.0085,,
1.0070,125,80.8,21.0,0.0075,,
1.0155,126,81.7,21.0,0.0075,,
1.0240,127,82.7,21.0,0.0075,,
1.0315,128,83.6,21.0,0.0075,,
1.0400,129,84.6,21.0,0.0085,,
1.0485,130,85.7,21.0,0.0085,,
1.0570,131,86.9,21.0,0.0075,,
1.0655,132,88.0,21.0,0.0075,,
1.0735,133,89.0,21.0,0.0075,,
1.0810,134,90.1,21.0,0.0075,,
1.0895,135,91.3,21.0,0.0085,,
1.0980,136,92.6,21.0,0.0085,,
1.1065,137,93.8,21.0,0.0075,,
1.1150,138,95.0,21.0,0.0075,,
1.1235,139,96.4,21.0,0.0075,,
1.1310,140,97.5,21.0,0.0075,,
1.1395,141,99.0,21.0,0.0085,,
1.1475,142,100.4,21.0,0.0080,,
1.1560,143,101.8,21.0,0.0075,,
1.1645,144,103.3,21.0,0.0075,,
1.1730,145,105.0,21.0,0.0075,,
1.1805,146,106.4,21.0,0.0075,,
1.1890,147,108.0,21.0,0.0085,,
1.1975,148,109.7,21.0,0.0085,,
1.2060,149,111.6,21.0,0.0075,,
1.2140,150,113.5,21.0,0.0075,,
1.2225,151,115.4,21.0,0.0075,,
1.2310,152,117.3,21.0,0.0085,,
1.2385,153,119.4,21.0,0.0075,,
1.2470,154,121.7,21.0,0.0085,,
1.2555,155,124.3,21.0,0.0075,,
1.2640,156,126.7,21.0,0.0075,,
1.2720,157,129.3,21.0,0.0075,,
1.2800,158,131.6,21.0,0.0080,,
1.2880,159,134.9,21.0,0.0080,,
1.2965,160,137.7,21.0,0.0085,,
1.3050,161,141.2,21.0,0.0075,,
1.3135,162,144.2,21.0,0.0075,,
1.3220,163,147.8,21.0,0.0075,,
1.3300,164,151.0,21.0,0.0080,,
1.3380,165,154.4,21.0,0.0080,,
1.3460,166,157.7,21.0,0.0080,,
1.3545,167,160.9,21.0,0.0075,,
1.3630,168,164.0,21.0,0.0075,,
1.3715,169,166.9,21.0,0.0075,,
1.3800,170,169.2,21.0,0.0085,,
1.3875,171,171.8,21.0,0.0075,,
1.3960,172,174.2,21.0,0.0085,,
1.4045,173,176.4,21.0,0.0075,,
1.4125,174,178.5,21.0,0.0075,,
1.4210,175,180.4,21.0,0.0075,,
1.4285,176,182.0,21.0,0.0075,,
1.4370,177,183.8,21.0,0.0085,,
1.4460,178,185.1,21.0,0.0080,,
1.4460,418,187.0,21.1,0.0000,,
1.4465,419,186.9,21.1,0.0005,,
1.4480,420,187.0,21.1,0.0010,,
1.4505,421,187.2,21.1,0.0020,,
1.4545,422,187.7,21.1,0.0030,,
1.4610,423,188.5,21.1,0.0050,,
1.4690,424,189.8,21.1,0.0060,,
1.4765,425,191.0,21.1,0.0060,,
1.4850,426,192.1,21.1,0.0070,,
1.4935,427,193.5,21.1,0.0070,,
1.5020,428,194.5,21.1,0.0065,,
1.5105,429,195.7,21.1,0.0065,,
1.5190,430,196.7,21.1,0.0065,,
1.5265,431,197.5,21.1,0.0060,,
1.5350,432,198.4,21.1,0.0070,,
1.5430,433,199.4,21.1,0.0065,,
1.5515,434,200.4,21.1,0.0065,,
1.5600,435,201.3,21.1,0.0065,,
1.5685,436,202.1,21.1,0.0065,,
1.5760,437,202.8,21.1,0.0060,,
1.5845,438,203.6,21.1,0.0070,,
1.5930,439,204.5,21.1,0.0070,,
1.6010,440,205.3,21.1,0.0060,,
1.6095,441,205.9,21.1,0.0065,,
1.6180,442,206.6,21.1,0.0065,,
1.6255,443,207.3,21.1,0.0060,,
1.6340,444,208.0,21.1,0.0070,,
1.6425,445,208.6,21.1,0.0070,,
1.6510,446,209.2,21.1,0.0065,,
1.6595,447,209.9,21.1,0.0065,,
1.6675,448,210.6,21.1,0.0060,,
1.6760,449,211.2,21.1,0.0070,,
1.6835,450,211.8,21.1,0.0060,,
1.6920,451,212.3,21.1,0.0070,,
1.7005,452,212.9,21.1,0.0065,,
1.7090,453,213.5,21.1,0.0065,,
1.7175,454,214.0,21.1,0.0065,,
1.7255,455,214.3,21.1,0.0060,,
1.7330,456,214.8,21.1,0.0060,,
1.7415,457,215.3,21.1,0.0070,,
1.7500,458,216.0,21.1,0.0070,,
1.7585,459,216.4,21.1,0.0065,,
1.7670,460,216.8,21.1,0.0065,,
1.7750,461,217.3,21.1,0.0060,,
1.7835,462,217.8,21.1,0.0070,,
1.7910,463,218.3,21.1,0.0060,,
1.7995,464,218.7,21.1,0.0070,,
1.8080,465,219.2,21.1,0.0065,,
1.8165,466,219.6,21.1,0.0065,,
1.8250,467,220.0,21.1,0.0065,,
1.8335,468,220.4,21.1,0.0070,,
1.8410,469,220.8,21.1,0.0060,,
1.8495,470,221.1,21.1,0.0070,,
1.8575,471,221.6,21.1,0.0060,,
1.8660,472,222.0,21.1,0.0065,,
1.8745,473,222.2,21.1,0.0065,,
1.8830,474,222.6,21.1,0.0065,,
1.8905,475,223.0,21.1,0.0060,,
1.8990,476,223.5,21.1,0.0070,,
1.9075,477,223.8,21.1,0.0070,,
1.9155,478,224.2,21.1,0.0060,,
1.9240,479,224.4,21.1,0.0065,,
1.9325,480,224.8,21.1,0.0065,,
1.9400,481,225.2,21.1,0.0060,,
1.9485,482,225.6,21.1,0.0070,,
1.9570,483,225.9,21.1,0.0070,,
1.9655,484,226.2,21.1,0.0065,,
1.9735,485,226.5,21.1,0.0060,,
1.9820,486,226.9,21.1,0.0065,,
1.9895,487,227.1,21.1,0.0060,,
1.9980,488,227.4,21.1,0.0070,,
2.0065,489,227.8,21.1,0.0070,,
2.0150,490,228.1,21.1,0.0065,,
2.0235,491,228.3,21.1,0.0065,,
2.0320,492,228.6,21.1,0.0065,,
2.0395,493,228.9,21.1,0.0060,,
2.0480,494,229.2,21.1,0.0070,,
2.0560,495,229.6,21.1,0.0060,,
2.0645,496,229.8,21.1,0.0065,,
2.0730,497,230.1,21.1,0.0065,,
2.0815,498,230.4,21.1,0.0070,,
2.0890,499,230.5,21.1,0.0060,,
2.0975,500,230.9,21.1,0.0070,,
2.1060,501,231.1,21.1,0.0065,,
2.1140,502,231.4,21.1,0.0060,,
2.1225,503,231.7,21.1,0.0065,,
2.1310,504,231.8,21.1,0.0070,,
2.1385,505,232.1,21.1,0.0060,,
2.1470,506,232.3,21.1,0.0070,,
2.1555,507,232.5,21.1,0.0065,,
2.1640,508,232.8,21.1,0.0065,,
2.1720,509,233.2,21.1,0.0060,,
2.1805,510,233.4,21.1,0.0065,,
2.1880,511,233.7,21.1,0.0060,,
2.1965,512,233.9,21.1,0.0070,,
2.2045,513,234.2,21.1,0.0065,,
2.2110,514,234.3,21.1,0.0050,,
2.2160,515,234.5,21.1,0.0040,,
2.2190,516,234.6,21.1,0.0025,,
2.2205,517,234.6,21.1,0.0010,,
2.2210,518,234.7,21.1,0.0005,,
2.2225,519,234.7,21.1,0.0010,,
2.2240,520,234.7,21.1,0.0010,,
2.2270,521,234.8,21.1,0.0025,,
2.2305,522,235.0,21.1,0.0025,,
2.2350,524,235.0,21.1,0.0030,,
Scope 1/1, Sample 10/40 (B4)
Result,TitrationEP1
V,t,E,T,dV/dt,E acc. stat.,Volume acc. stat.
0.0000,0,-65.0,21.0,NaN,,
0.0005,1,-65.1,21.0,0.0005,,
0.0025,2,-65.1,21.0,0.0020,,
0.0050,3,-65.2,21.0,0.0025,,
0.0090,4,-65.0,21.0,0.0035,,
0.0150,5,-64.6,21.0,0.0055,,
0.0235,6,-63.9,21.0,0.0075,,
0.0310,7,-63.0,21.0,0.0070,,
0.0395,8,-61.8,21.0,0.0085,,
0.0480,9,-60.5,21.0,0.0075,,
0.0565,10,-59.1,21.0,0.0075,,
0.0650,11,-57.4,21.0,0.0075,,
0.0730,12,-55.9,21.0,0.0075,,
0.0815,13,-54.4,21.0,0.0085,,
0.0890,14,-52.7,21.0,0.0075,,
0.0975,15,-50.7,21.0,0.0085,,
0.1060,16,-48.7,21.0,0.0075,,
0.1145,17,-46.6,21.0,0.0075,,
0.1230,18,-44.2,21.0,0.0075,,
0.1310,19,-41.8,21.0,0.0075,,
0.1390,20,-39.5,21.0,0.0080,,
0.1470,21,-36.8,21.0,0.0080,,
0.1555,22,-34.0,21.0,0.0075,,
0.1640,23,-31.1,21.0,0.0075,,
0.1725,24,-28.0,21.0,0.0075,,
0.1810,25,-24.8,21.0,0.0075,,
0.1885,26,-22.0,21.0,0.0075,,
0.1970,27,-18.9,21.0,0.0085,,
0.2050,28,-16.1,21.0,0.0075,,
0.2135,29,-13.5,21.0,0.0075,,
0.2220,30,-11.2,21.0,0.0075,,
0.2305,31,-9.1,21.0,0.0075,,
0.2380,32,-7.4,21.0,0.0075,,
0.2465,33,-5.5,21.0,0.0085,,
0.2550,34,-3.6,21.0,0.0075,,
0.2635,35,-2.0,21.0,0.0075,,
0.2715,36,-0.4,21.0,0.0075,,
0.2800,37,0.9,21.0,0.0075,,
0.2875,38,2.3,21.0,0.0075,,
0.2960,39,3.8,21.0,0.0085,,
0.3045,40,5.1,21.0,0.0075,,
0.3130,41,6.5,21.0,0.0075,,
0.3215,42,7.8,21.0,0.0075,,
0.3300,43,8.9,21.0,0.0085,,
0.3375,44,10.1,21.0,0.0075,,
0.3455,45,11.3,21.0,0.0080,,
0.3540,46,12.5,21.0,0.0075,,
0.3625,47,13.7,21.0,0.0075,,
0.3710,48,14.7,21.0,0.0075,,
0.3795,49,15.7,21.0,0.0075,,
0.3870,50,16.7,21.0,0.0075,,
0.3955,51,17.7,21.0,0.0075,,
0.4040,52,18.7,21.0,0.0075,,
0.4120,53,19.7,21.0,0.0075,,
0.4205,54,20.8,21.0,0.0075,,
0.4290,55,21.6,21.0,0.0085,,
0.4365,56,22.6,21.0,0.0075,,
0.4450,57,23.5,21.0,0.0085,,
0.4535,58,24.4,21.0,0.0075,,
0.4620,59,25.3,21.0,0.0075,,
0.4705,60,26.3,21.0,0.0075,,
0.4785,61,27.2,21.0,0.0080,,
0.4865,62,28.2,21.0,0.0080,,
0.4945,63,29.0,21.0,0.0080,,
0.5030,64,30.0,21.0,0.0075,,
0.5115,65,31.0,21.0,0.0075,,
0.5200,66,31.9,21.0,0.0075,,
0.5285,67,32.8,21.0,0.0075,,
0.5360,68,33.6,21.0,0.0075,,
0.5440,69,34.5,21.0,0.0080,,
0.5525,70,35.5,21.0,0.0075,,
0.5610,71,36.4,21.0,0.0075,,
0.5695,72,37.2,21.0,0.0075,,
0.5780,73,38.1,21.0,0.0075,,
0.5855,74,38.7,21.0,0.0075,,
0.5940,75,39.6,21.0,0.0085,,
0.6025,76,40.5,21.0,0.0075,,
0.6105,77,41.3,21.0,0.0075,,
0.6190,78,42.2,21.0,0.0075,,
0.6275,79,43.1,21.0,0.0075,,
0.6350,80,43.9,21.0,0.0075,,
0.6435,81,44.7,21.0,0.0085,,
0.6520,82,45.5,21.0,0.0085,,
0.6605,83,46.4,21.0,0.0075,,
0.6685,84,47.3,21.0,0.0075,,
0.6770,85,48.2,21.0,0.0075,,
0.6845,86,49.1,21.0,0.0075,,
0.6930,87,49.9,21.0,0.0085,,
0.7015,88,50.8,21.0,0.0085,,
0.7100,89,51.7,21.0,0.0075,,
0.7185,90,52.5,21.0,0.0075,,
0.7265,91,53.2,21.0,0.0075,,
0.7350,92,54.0,21.0,0.0085,,
0.7425,93,54.9,21.0,0.0075,,
0.7510,94,55.8,21.0,0.0085,,
0.7595,95,56.5,21.0,0.0075,,
0.7680,96,57.4,21.0,0.0075,,
0.7765,97,58.3,21.0,0.0075,,
0.7850,98,59.0,21.0,0.0085,,
0.7925,99,59.9,21.0,0.0075,,
0.8005,100,60.8,21.0,0.0080,,
0.8090,101,61.7,21.0,0.0075,,
0.8175,102,62.6,21.0,0.0075,,
0.8260,103,63.5,21.0,0.0075,,
0.8345,104,64.1,21.0,0.0075,,
0.8420,105,65.0,21.0,0.0075,,
0.8505,106,65.9,21.0,0.0085,,
0.8590,107,66.8,21.0,0.0075,,
0.8670,108,67.6,21.0,0.0075,,
0.8755,109,68.5,21.0,0.0075,,
0.8840,110,69.4,21.0,0.0075,,
0.8915,111,70.3,21.0,0.0075,,
0.9000,112,71.2,21.0,0.0085,,
0.9085,113,72.1,21.0,0.0075,,
0.9170,114,73.0,21.0,0.0075,,
0.9255,115,73.9,21.0,0.0075,,
0.9335,116,74.7,21.0,0.0080,,
0.9410,117,75.6,21.0,0.0075,,
0.9495,118,76.4,21.0,0.0085,,
0.9580,119,77.3,21.0,0.0075,,
0.9665,120,78.1,21.0,0.0075,,
0.9750,121,79.0,21.0,0.0075,,
0.9835,122,80.0,21.0,0.0075,,
0.9910,123,80.9,21.0,0.0075,,
0.9995,124,81.9,21.0,0.0085,,
1.0075,125,83.0,21.0,0.0075,,
1.0160,126,84.0,21.0,0.0075,,
1.0245,127,85.1,21.0,0.0075,,
1.0330,128,86.2,21.0,0.0075,,
1.0405,129,87.2,21.0,0.0075,,
1.0490,130,88.5,21.0,0.0085,,
1.0575,131,89.5,21.0,0.0075,,
1.0655,132,90.7,21.0,0.0075,,
1.0740,133,91.9,21.0,0.0075,,
1.0825,134,93.2,21.0,0.0075,,
1.0900,135,94.2,21.0,0.0075,,
1.0985,136,95.4,21.0,0.0085,,
1.1070,137,96.6,21.0,0.0075,,
1.1155,138,98.1,21.0,0.0075,,
1.1240,139,99.6,21.0,0.0075,,
1.1320,140,100.9,21.0,0.0075,,
1.1395,141,102.5,21.0,0.0075,,
1.1480,142,103.8,21.0,0.0085,,
1.1565,143,105.4,21.0,0.0075,,
1.1650,144,107.0,21.0,0.0075,,
1.1735,145,108.8,21.0,0.0075,,
1.1820,146,110.5,21.0,0.0075,,
1.1895,147,112.0,21.0,0.0075,,
1.1980,148,114.2,21.0,0.0085,,
1.2060,149,116.2,21.0,0.0080,,
1.2145,150,118.4,21.0,0.0075,,
1.2230,151,120.7,21.0,0.0075,,
1.2315,152,123.1,21.0,0.0075,,
1.2400,153,125.5,21.0,0.0075,,
1.2475,154,127.8,21.0,0.0075,,
1.2555,155,130.7,21.0,0.0080,,
1.2640,156,133.5,21.0,0.0075,,
1.2725,157,136.4,21.0,0.0075,,
1.2810,158,139.5,21.0,0.0075,,
1.2895,159,143.2,21.0,0.0075,,
1.2970,160,146.3,21.0,0.0075,,
1.3055,161,149.8,21.0,0.0085,,
1.3140,162,153.1,21.0,0.0075,,
1.3220,163,156.5,21.0,0.0075,,
1.3305,164,159.9,21.0,0.0075,,
1.3390,165,162.9,21.0,0.0075,,
1.3465,166,165.5,21.0,0.0075,,
1.3550,167,168.5,21.0,0.0085,,
1.3635,168,171.0,21.0,0.0075,,
1.3720,169,173.5,21.0,0.0075,,
1.3800,170,175.8,21.0,0.0075,,
1.3885,171,177.8,21.0,0.0075,,
1.3960,172,179.5,21.0,0.0075,,
1.4045,173,181.5,21.1,0.0085,,
1.4130,174,183.3,21.0,0.0075,,
1.4215,175,184.9,21.0,0.0075,,
1.4245,176,185.1,21.0,0.0060,,
1.4245,416,186.8,21.1,0.0000,,
1.4250,416,186.8,21.1,0.0010,,
1.4265,418,186.8,21.1,0.0010,,
1.4290,418,187.1,21.1,0.0050,,
1.4330,420,187.6,21.1,0.0025,,
1.4390,421,188.5,21.1,0.0100,,
1.4470,422,189.7,21.1,0.0135,,
1.4550,422,190.7,21.1,0.0160,,
1.4630,424,192.1,21.1,0.0055,,
1.4715,424,193.3,21.1,0.0170,,
1.4800,426,194.6,21.1,0.0055,,
1.4885,427,195.7,21.1,0.0140,,
1.4970,428,196.8,21.1,0.0140,,
1.5045,428,197.7,21.1,0.0150,,
1.5130,430,198.7,21.1,0.0055,,
1.5210,430,199.6,21.1,0.0160,,
1.5295,432,200.5,21.1,0.0055,,
1.5380,433,201.5,21.1,0.0140,,
1.5465,434,202.2,21.1,0.0140,,
1.5540,434,203.0,21.1,0.0150,,
1.5625,436,203.7,21.1,0.0055,,
1.5710,436,204.5,21.1,0.0170,,
1.5790,438,205.3,21.1,0.0050,,
1.5875,439,206.1,21.1,0.0140,,
1.5960,440,206.7,21.1,0.0140,,
1.6045,440,207.3,21.1,0.0170,,
1.6120,442,207.9,21.1,0.0050,,
1.6205,442,208.6,21.1,0.0170,,
1.6290,444,209.3,21.1,0.0055,,
1.6370,445,209.9,21.1,0.0135,,
1.6455,446,210.5,21.1,0.0140,,
1.6540,446,211.0,21.1,0.0170,,
1.6615,448,211.6,21.1,0.0050,,
1.6700,448,212.3,21.1,0.0170,,
1.6785,450,212.9,21.1,0.0055,,
1.6870,451,213.3,21.1,0.0140,,
1.6955,452,213.9,21.1,0.0140,,
1.7035,452,214.4,21.1,0.0160,,
1.7115,454,214.9,21.1,0.0055,,
1.7195,454,215.3,21.1,0.0160,,
1.7280,456,215.8,21.1,0.0055,,
1.7365,457,216.4,21.1,0.0140,,
1.7450,458,216.8,21.1,0.0140,,
1.7535,459,217.4,21.1,0.0140,,
1.7610,460,217.8,21.1,0.0150,,
1.7695,460,218.3,21.1,0.0170,,
1.7775,462,218.8,21.1,0.0055,,
1.7860,463,219.3,21.1,0.0140,,
1.7945,464,219.6,21.1,0.0140,,
1.8030,465,220.1,21.1,0.0140,,
1.8105,466,220.4,21.1,0.0150,,
1.8190,466,220.7,21.1,0.0170,,
1.8275,468,221.1,21.1,0.0055,,
1.8355,469,221.5,21.1,0.0135,,
1.8440,470,221.9,21.1,0.0140,,
1.8525,471,222.3,21.1,0.0140,,
1.8610,472,222.6,21.1,0.0170,,
1.8685,472,223.0,21.1,0.0150,,
1.8770,474,223.3,21.1,0.0055,,
1.8855,475,223.7,21.1,0.0140,,
1.8935,476,224.1,21.1,0.0135,,
1.9020,477,224.4,21.1,0.0140,,
1.9105,478,224.8,21.1,0.0170,,
1.9180,478,225.2,21.1,0.0150,,
1.9265,480,225.6,21.1,0.0055,,
1.9350,480,225.9,21.1,0.0170,,
1.9435,482,226.2,21.1,0.0055,,
1.9515,483,226.6,21.1,0.0135,,
1.9600,484,226.9,21.1,0.0140,,
1.9675,484,227.2,21.1,0.0150,,
1.9760,486,227.5,21.1,0.0055,,
1.9845,486,227.8,21.1,0.0170,,
1.9930,488,228.1,21.1,0.0055,,
2.0015,489,228.5,21.1,0.0140,,
2.0095,490,228.7,21.1,0.0135,,
2.0175,490,229.0,21.1,0.0160,,
2.0255,492,229.3,21.1,0.0055,,
2.0340,492,229.5,21.1,0.0170,,
2.0425,494,229.9,21.1,0.0055,,
2.0510,495,230.1,21.1,0.0140,,
2.0595,496,230.3,21.1,0.0140,,
2.0670,496,230.6,21.1,0.0150,,
2.0755,498,230.8,21.1,0.0055,,
2.0840,498,231.2,21.1,0.0170,,
2.0920,500,231.5,21.1,0.0050,,
2.1005,501,231.7,21.1,0.0140,,
2.1090,502,232.0,21.1,0.0140,,
2.1165,502,232.2,21.1,0.0150,,
2.1250,504,232.5,21.1,0.0055,,
2.1335,504,232.8,21.1,0.0170,,
2.1420,506,233.0,21.1,0.0055,,
2.1500,507,233.3,21.1,0.0135,,
2.1585,508,233.5,21.1,0.0140,,
2.1670,508,233.7,21.1,0.0170,,
2.1740,510,233.9,21.1,0.0045,,
2.1825,510,234.2,21.1,0.0170,,
2.1890,512,234.5,21.1,0.0040,,
2.1915,513,234.5,21.1,0.0040,,
2.1925,514,234.5,21.1,0.0015,,
2.1935,514,234.5,21.1,0.0020,,
2.1945,516,234.5,21.1,0.0005,,
2.1965,516,234.6,21.1,0.0040,,
2.1990,518,234.6,21.1,0.0015,,
2.2020,519,234.7,21.1,0.0050,,
2.2060,520,234.9,21.1,0.0065,,
2.2090,520,234.9,21.1,0.0060,,
2.2095,521,235.0,21.1,0.0005,,
Scope 1/1, Sample 11/40 (T5)
Result,TitrationEP1
V,t,E,T,dV/dt,E acc. stat.,Volume acc. stat.
0.0000,0,-64.3,21.0,NaN,,
0.0005,1,-64.4,21.0,0.0005,,
0.0025,2,-64.5,21.0,0.0020,,
0.0050,3,-64.5,21.0,0.0025,,
0.0090,4,-64.3,21.0,0.0035,,
0.0150,5,-63.9,21.0,0.0055,,
0.0235,6,-63.2,21.0,0.0075,,
0.0310,7,-62.3,21.0,0.0075,,
0.0395,8,-61.2,21.0,0.0085,,
0.0480,9,-59.7,21.0,0.0085,,
0.0565,10,-58.3,21.0,0.0075,,
0.0645,11,-56.8,21.0,0.0075,,
0.0730,12,-55.0,21.0,0.0075,,
0.0805,13,-53.5,21.0,0.0075,,
0.0890,14,-51.6,21.0,0.0085,,
0.0975,15,-49.7,21.0,0.0085,,
0.1060,16,-47.6,21.0,0.0075,,
0.1145,17,-45.3,21.0,0.0075,,
0.1230,18,-42.9,21.0,0.0075,,
0.1305,19,-40.6,21.0,0.0075,,
0.1385,20,-38.0,21.0,0.0080,,
0.1470,21,-35.2,21.0,0.0085,,
0.1555,22,-32.3,21.0,0.0075,,
0.1640,23,-29.3,21.0,0.0075,,
0.1725,24,-26.1,21.0,0.0075,,
0.1810,25,-23.2,21.0,0.0085,,
0.1885,26,-20.2,21.0,0.0075,,
0.1970,27,-17.1,21.0,0.0085,,
0.2050,28,-14.3,21.0,0.0075,,
0.2135,29,-11.7,21.0,0.0075,,
0.2220,30,-9.4,21.0,0.0075,,
0.2295,31,-7.5,21.0,0.0075,,
0.2380,32,-5.4,21.0,0.0085,,
0.2465,33,-3.5,21.0,0.0085,,
0.2550,34,-1.9,21.0,0.0075,,
0.2635,35,-0.3,21.0,0.0075,,
0.2715,36,1.0,21.0,0.0075,,
0.2800,37,2.4,21.0,0.0085,,
0.2875,38,3.9,21.0,0.0075,,
0.2960,39,5.2,21.0,0.0085,,
0.3045,40,6.5,21.0,0.0075,,
0.3130,41,7.8,21.0,0.0075,,
0.3215,42,9.1,21.0,0.0075,,
0.3295,43,10.2,21.0,0.0080,,
0.3375,44,11.3,21.0,0.0080,,
0.3455,45,12.6,21.0,0.0080,,
0.3540,46,13.6,21.0,0.0075,,
0.3625,47,14.7,21.0,0.0075,,
0.3710,48,15.7,21.0,0.0075,,
0.3795,49,16.7,21.0,0.0085,,
0.3870,50,17.7,21.0,0.0075,,
0.3955,51,18.7,21.0,0.0085,,
0.4035,52,19.7,21.0,0.0075,,
0.4120,53,20.9,21.0,0.0075,,
0.4205,54,21.9,21.0,0.0075,,
0.4290,55,22.8,21.0,0.0085,,
0.4365,56,23.7,21.0,0.0075,,
0.4450,57,24.6,21.0,0.0085,,
0.4535,58,25.6,21.0,0.0075,,
0.4620,59,26.5,21.0,0.0075,,
0.4700,60,27.4,21.0,0.0075,,
0.4780,61,28.3,21.0,0.0080,,
0.4860,62,29.2,21.0,0.0080,,
0.4945,63,30.1,21.0,0.0085,,
0.5030,64,31.0,21.0,0.0075,,
0.5115,65,31.8,21.0,0.0075,,
0.5200,66,32.8,21.0,0.0075,,
0.5275,67,33.5,21.0,0.0075,,
0.5360,68,34.4,21.0,0.0085,,
0.5445,69,35.3,21.0,0.0085,,
0.5525,70,36.1,21.0,0.0075,,
0.5610,71,37.0,21.0,0.0075,,
0.5695,72,38.0,21.0,0.0075,,
0.5780,73,38.9,21.0,0.0075,,
0.5855,74,39.7,21.0,0.0075,,
0.5940,75,40.5,21.0,0.0085,,
0.6020,76,41.3,21.0,0.0075,,
0.6105,77,42.3,21.0,0.0075,,
0.6190,78,43.2,21.0,0.0075,,
0.6275,79,43.9,21.0,0.0075,,
0.6350,80,44.7,21.0,0.0075,,
0.6435,81,45.5,21.0,0.0085,,
0.6520,82,46.4,21.0,0.0075,,
0.6605,83,47.3,21.0,0.0075,,
0.6685,84,48.2,21.0,0.0075,,
0.6770,85,49.1,21.0,0.0075,,
0.6845,86,49.8,21.0,0.0075,,
0.6930,87,50.8,21.0,0.0085,,
0.7015,88,51.8,21.0,0.0085,,
0.7100,89,52.7,21.0,0.0075,,
0.7185,90,53.5,21.0,0.0075,,
0.7265,91,54.4,21.0,0.0075,,
0.7345,92,55.1,21.0,0.0080,,
0.7425,93,55.9,21.0,0.0080,,
0.7510,94,56.7,21.0,0.0085,,
0.7595,95,57.5,21.0,0.0075,,
0.7680,96,58.5,21.0,0.0075,,
0.7765,97,59.2,21.0,0.0075,,
0.7840,98,60.0,21.0,0.0075,,
0.7925,99,60.8,21.0,0.0085,,
0.8005,100,61.7,21.0,0.0080,,
0.8090,101,62.6,21.0,0.0075,,
0.8175,102,63.5,21.0,0.0075,,
0.8260,103,64.3,21.0,0.0075,,
0.8335,104,65.0,21.0,0.0075,,
0.8420,105,66.1,21.0,0.0085,,
0.8505,106,67.1,21.0,0.0085,,
0.8585,107,68.0,21.0,0.0075,,
0.8670,108,68.9,21.0,0.0075,,
0.8755,109,69.7,21.0,0.0075,,
0.8840,110,70.5,21.0,0.0085,,
0.8915,111,71.5,21.0,0.0075,,
0.9000,112,72.3,21.0,0.0085,,
0.9085,113,73.2,21.0,0.0075,,
0.9170,114,74.1,21.0,0.0075,,
0.9250,115,75.0,21.0,0.0075,,
0.9335,116,75.9,21.0,0.0085,,
0.9410,117,76.7,21.0,0.0075,,
0.9495,118,77.7,21.0,0.0085,,
0.9580,119,78.8,21.0,0.0075,,
0.9665,120,79.7,21.0,0.0075,,
0.9750,121,80.7,21.0,0.0075,,
0.9825,122,81.6,21.0,0.0075,,
0.9910,123,82.7,21.0,0.0085,,
0.9990,124,83.6,21.0,0.0080,,
1.0075,125,84.5,21.0,0.0075,,
1.0160,126,85.7,21.0,0.0075,,
1.0245,127,86.8,21.0,0.0075,,
1.0320,128,87.7,21.0,0.0075,,
1.0405,129,88.8,21.0,0.0085,,
1.0490,130,90.0,21.0,0.0085,,
1.0575,131,91.1,21.0,0.0075,,
1.0655,132,92.2,21.0,0.0075,,
1.0740,133,93.4,21.0,0.0075,,
1.0815,134,94.7,21.0,0.0075,,
1.0900,135,95.9,21.0,0.0085,,
1.0985,136,97.2,21.0,0.0085,,
1.1070,137,98.6,21.0,0.0075,,
1.1155,138,99.9,21.0,0.0075,,
1.1240,139,101.3,21.0,0.0075,,
1.1315,140,102.5,21.0,0.0075,,
1.1400,141,104.2,21.0,0.0085,,
1.1480,142,105.7,21.0,0.0080,,
1.1565,143,107.5,21.0,0.0075,,
1.1650,144,109.2,21.0,0.0075,,
1.1735,145,111.2,21.0,0.0075,,
1.1810,146,112.6,21.0,0.0075,,
1.1895,147,114.4,21.0,0.0085,,
1.1980,148,116.5,21.0,0.0085,,
1.2065,149,118.7,21.0,0.0075,,
1.2145,150,121.1,21.0,0.0075,,
1.2230,151,123.4,21.0,0.0075,,
1.2305,152,125.8,21.0,0.0075,,
1.2390,153,128.4,21.0,0.0085,,
1.2475,154,131.0,21.0,0.0085,,
1.2560,155,134.2,21.0,0.0075,,
1.2645,156,137.4,21.0,0.0075,,
1.2725,157,140.4,21.0,0.0075,,
1.2805,158,143.3,21.0,0.0080,,
1.2885,159,146.8,21.0,0.0080,,
1.2970,160,150.4,21.0,0.0085,,
1.3055,161,153.6,21.0,0.0075,,
1.3140,162,157.1,21.0,0.0075,,
1.3225,163,160.3,21.0,0.0075,,
1.3300,164,163.2,21.0,0.0075,,
1.3385,165,166.4,21.0,0.0085,,
1.3465,166,168.9,21.0,0.0080,,
1.3550,167,171.4,21.0,0.0075,,
1.3635,168,173.9,21.0,0.0075,,
1.3720,169,176.1,21.0,0.0075,,
1.3795,170,177.9,21.0,0.0075,,
1.3880,171,179.8,21.0,0.0085,,
1.3965,172,181.6,21.0,0.0085,,
1.4050,173,183.3,21.0,0.0075,,
1.4145,174,185.0,21.0,0.0075,,
1.4145,414,187.0,21.1,0.0000,,
1.4150,416,187.0,21.1,0.0005,,
1.4170,416,187.0,21.1,0.0040,,
1.4190,417,187.2,21.1,0.0015,,
1.4230,418,187.7,21.1,0.0025,,
1.4290,420,188.5,21.1,0.0040,,
1.4370,420,189.8,21.1,0.0160,,
1.4455,422,191.1,21.1,0.0055,,
1.4540,422,192.4,21.1,0.0170,,
1.4625,423,193.4,21.1,0.0060,,
1.4700,424,194.4,21.1,0.0050,,
1.4785,426,195.7,21.1,0.0055,,
1.4870,426,196.7,21.1,0.0170,,
1.4950,428,197.7,21.1,0.0055,,
1.5035,428,198.5,21.1,0.0170,,
1.5120,430,199.5,21.1,0.0055,,
1.5195,430,200.3,21.1,0.0150,,
1.5280,432,201.2,21.1,0.0055,,
1.5365,432,202.1,21.1,0.0170,,
1.5450,434,202.8,21.1,0.0055,,
1.5530,434,203.7,21.1,0.0160,,
1.5615,436,204.5,21.1,0.0055,,
1.5690,436,205.1,21.1,0.0150,,
1.5775,438,205.9,21.1,0.0055,,
1.5860,438,206.6,21.1,0.0170,,
1.5945,440,207.3,21.1,0.0055,,
1.6030,440,208.0,21.1,0.0170,,
1.6110,442,208.6,21.1,0.0055,,
1.6190,442,209.2,21.1,0.0200,,
1.6270,444,209.8,21.1,0.0055,,
1.6355,444,210.5,21.1,0.0170,,
1.6440,446,211.2,21.1,0.0055,,
1.6525,446,211.8,21.1,0.0170,,
1.6610,448,212.3,21.1,0.0055,,
1.6690,448,212.9,21.1,0.0160,,
1.6770,450,213.3,21.1,0.0055,,
1.6850,450,213.8,21.1,0.0160,,
1.6935,452,214.5,21.1,0.0055,,
1.7020,452,215.0,21.1,0.0170,,
1.7105,454,215.5,21.1,0.0055,,
1.7190,454,215.9,21.1,0.0210,,
1.7265,456,216.4,21.1,0.0050,,
1.7350,456,216.8,21.1,0.0170,,
1.7430,458,217.3,21.1,0.0055,,
1.7515,458,217.8,21.1,0.0170,,
1.7600,460,218.3,21.1,0.0055,,
1.7685,460,218.7,21.1,0.0170,,
1.7760,462,219.2,21.1,0.0050,,
1.7845,462,219.6,21.1,0.0170,,
1.7930,464,219.9,21.1,0.0055,,
1.8015,464,220.5,21.1,0.0170,,
1.8095,466,220.9,21.1,0.0055,,
1.8180,466,221.3,21.1,0.0170,,
1.8255,467,221.6,21.1,0.0055,,
1.8340,468,222.0,21.1,0.0055,,
1.8425,470,222.4,21.1,0.0055,,
1.8510,470,222.8,21.1,0.0170,,
1.8595,472,223.1,21.1,0.0055,,
1.8675,472,223.5,21.1,0.0160,,
1.8755,473,223.9,21.1,0.0055,,
1.8835,474,224.2,21.1,0.0055,,
1.8920,476,224.5,21.1,0.0055,,
1.9005,476,224.9,21.1,0.0170,,
1.9090,478,225.3,21.1,0.0055,,
1.9175,478,225.5,21.1,0.0170,,
1.9250,479,225.9,21.1,0.0055,,
1.9335,480,226.2,21.1,0.0055,,
1.9415,482,226.5,21.1,0.0055,,
1.9500,482,226.9,21.1,0.0170,,
1.9585,484,227.2,21.1,0.0055,,
1.9670,484,227.4,21.1,0.0170,,
1.9755,485,227.6,21.1,0.0060,,
1.9830,486,227.9,21.1,0.0050,,
1.9915,488,228.3,21.1,0.0055,,
1.9995,488,228.6,21.1,0.0160,,
2.0080,490,228.9,21.1,0.0055,,
2.0165,490,229.3,21.1,0.0170,,
2.0240,491,229.5,21.1,0.0055,,
2.0325,492,229.8,21.1,0.0055,,
2.0410,494,230.1,21.1,0.0055,,
2.0495,494,230.4,21.1,0.0170,,
2.0580,496,230.7,21.1,0.0055,,
2.0660,496,230.9,21.1,0.0160,,
2.0740,497,231.2,21.1,0.0055,,
2.0820,498,231.4,21.1,0.0055,,
2.0905,500,231.7,21.1,0.0055,,
2.0990,500,232.0,21.1,0.0170,,
2.1075,502,232.2,21.1,0.0055,,
2.1160,502,232.5,21.1,0.0170,,
2.1240,504,232.7,21.1,0.0055,,
2.1320,504,232.9,21.1,0.0160,,
2.1400,506,233.2,21.1,0.0055,,
2.1485,506,233.5,21.1,0.0170,,
2.1570,508,233.7,21.1,0.0055,,
2.1655,508,233.9,21.1,0.0170,,
2.1735,510,234.2,21.1,0.0055,,
2.1785,510,234.3,21.1,0.0100,,
2.1820,512,234.4,21.1,0.0025,,
2.1850,512,234.5,21.1,0.0060,,
2.1870,514,234.6,21.1,0.0015,,
2.1895,514,234.7,21.1,0.0050,,
2.1930,515,234.8,21.1,0.0025,,
2.1965,516,234.9,21.1,0.0025,,
2.2005,518,234.9,21.1,0.0025,,
2.2020,518,235.0,21.1,-0.0150,,
Scope 1/1, Sample 12/40 (T6)
Result,TitrationEP1
V,t,E,T,dV/dt,E acc. stat.,Volume acc. stat.
0.0000,0,-68.7,21.0,NaN,,
0.0005,1,-68.8,21.0,0.0005,,
0.0025,2,-68.7,21.0,0.0020,,
0.0050,3,-68.7,21.0,0.0025,,
0.0085,4,-68.6,21.0,0.0030,,
0.0150,5,-68.3,21.0,0.0060,,
0.0230,6,-67.6,21.0,0.0075,,
0.0305,7,-66.8,21.0,0.0075,,
0.0390,8,-65.7,21.0,0.0085,,
0.0475,9,-64.4,21.0,0.0085,,
0.0560,10,-63.3,21.0,0.0075,,
0.0645,11,-61.8,21.0,0.0075,,
0.0725,12,-60.3,21.0,0.0075,,
0.0810,13,-59.1,21.0,0.0085,,
0.0885,14,-57.5,21.0,0.0075,,
0.0970,15,-55.9,21.0,0.0085,,
0.1055,16,-54.1,21.0,0.0075,,
0.1140,17,-52.2,21.0,0.0075,,
0.1225,18,-50.3,21.0,0.0075,,
0.1305,19,-48.1,21.0,0.0075,,
0.1385,20,-46.1,21.0,0.0080,,
0.1465,21,-43.7,21.0,0.0080,,
0.1550,22,-41.3,21.0,0.0075,,
0.1635,23,-38.8,21.0,0.0075,,
0.1720,24,-36.0,21.0,0.0075,,
0.1805,25,-33.1,21.0,0.0075,,
0.1880,26,-30.3,21.0,0.0075,,
0.1965,27,-27.2,21.0,0.0085,,
0.2045,28,-23.9,21.0,0.0075,,
0.2130,29,-20.6,21.0,0.0075,,
0.2215,30,-17.6,21.0,0.0075,,
0.2300,31,-14.7,21.0,0.0075,,
0.2375,32,-12.3,21.0,0.0075,,
0.2460,33,-9.9,21.0,0.0085,,
0.2545,34,-7.6,21.0,0.0075,,
0.2625,35,-5.4,21.0,0.0075,,
0.2710,36,-3.4,21.0,0.0075,,
0.2795,37,-1.7,21.0,0.0075,,
0.2870,38,-0.2,21.0,0.0075,,
0.2955,39,1.4,21.0,0.0085,,
0.3040,40,3.1,21.0,0.0085,,
0.3125,41,4.7,21.0,0.0075,,
0.3210,42,6.2,21.0,0.0075,,
0.3290,43,7.6,21.0,0.0075,,
0.3365,44,8.6,21.0,0.0075,,
0.3450,45,9.9,21.0,0.0085,,
0.3535,46,11.2,21.0,0.0085,,
0.3620,47,12.4,21.0,0.0075,,
0.3705,48,13.6,21.0,0.0075,,
0.3790,49,14.8,21.0,0.0075,,
0.3865,50,15.8,21.0,0.0075,,
0.3950,51,17.0,21.0,0.0085,,
0.4030,52,18.0,21.0,0.0075,,
0.4115,53,19.1,21.0,0.0075,,
0.4200,54,20.2,21.0,0.0075,,
0.4285,55,21.2,21.0,0.0075,,
0.4360,56,22.2,21.0,0.0075,,
0.4445,57,23.3,21.0,0.0085,,
0.4530,58,24.3,21.0,0.0075,,
0.4615,59,25.2,21.0,0.0075,,
0.4695,60,26.2,21.0,0.0075,,
0.4780,61,27.3,21.0,0.0075,,
0.4855,62,28.1,21.0,0.0075,,
0.4940,63,29.0,21.0,0.0085,,
0.5025,64,29.9,21.0,0.0075,,
0.5110,65,30.9,21.0,0.0075,,
0.5195,66,31.8,21.0,0.0075,,
0.5280,67,32.7,21.0,0.0075,,
0.5355,68,33.5,21.0,0.0075,,
0.5435,69,34.3,21.0,0.0080,,
0.5520,70,35.2,21.0,0.0075,,
0.5605,71,36.2,21.0,0.0075,,
0.5690,72,37.1,21.0,0.0075,,
0.5775,73,38.0,21.0,0.0075,,
0.5850,74,38.9,21.0,0.0075,,
0.5935,75,39.7,21.0,0.0085,,
0.6020,76,40.6,21.0,0.0075,,
0.6100,77,41.5,21.0,0.0075,,
0.6185,78,42.4,21.0,0.0075,,
0.6270,79,43.3,21.0,0.0075,,
0.6345,80,44.0,21.0,0.0075,,
0.6430,81,44.9,21.0,0.0085,,
0.6515,82,45.8,21.0,0.0085,,
0.6600,83,46.6,21.0,0.0075,,
0.6680,84,47.7,21.0,0.0075,,
0.6765,85,48.5,21.0,0.0075,,
0.6840,86,49.1,21.0,0.0075,,
0.6925,87,50.1,21.0,0.0085,,
0.7010,88,50.7,21.0,0.0085,,
0.7095,89,51.7,21.0,0.0075,,
0.7180,90,52.4,21.0,0.0075,,
0.7265,91,53.3,21.0,0.0075,,
0.7340,92,54.0,21.0,0.0075,,
0.7420,93,54.8,21.0,0.0080,,
0.7505,94,55.7,21.0,0.0085,,
0.7590,95,56.5,21.0,0.0075,,
0.7675,96,57.4,21.0,0.0075,,
0.7760,97,58.3,21.0,0.0075,,
0.7845,98,59.0,21.0,0.0085,,
0.7920,99,59.9,21.0,0.0075,,
0.8000,100,60.8,21.0,0.0080,,
0.8085,101,61.7,21.0,0.0075,,
0.8170,102,62.6,21.0,0.0075,,
0.8255,103,63.5,21.0,0.0075,,
0.8340,104,64.2,21.0,0.0085,,
0.8415,105,65.0,21.0,0.0075,,
0.8500,106,65.9,21.0,0.0085,,
0.8585,107,66.8,21.0,0.0075,,
0.8670,108,67.6,21.0,0.0075,,
0.8750,109,68.4,21.0,0.0075,,
0.8825,110,69.2,21.0,0.0075,,
0.8910,111,70.1,21.0,0.0085,,
0.8995,112,71.1,21.0,0.0085,,
0.9080,113,72.0,21.0,0.0075,,
0.9165,114,72.8,21.0,0.0075,,
0.9250,115,73.6,21.0,0.0075,,
0.9330,116,74.5,21.0,0.0080,,
0.9410,117,75.4,21.0,0.0080,,
0.9490,118,76.3,21.0,0.0080,,
0.9575,119,77.3,21.0,0.0075,,
0.9660,120,78.1,21.0,0.0075,,
0.9745,121,79.2,21.0,0.0075,,
0.9830,122,79.9,21.0,0.0085,,
0.9905,123,80.9,21.0,0.0075,,
0.9990,124,81.9,21.0,0.0085,,
1.0070,125,82.8,21.0,0.0075,,
1.0155,126,83.8,21.0,0.0075,,
1.0240,127,84.7,21.0,0.0075,,
1.0325,128,85.6,21.0,0.0085,,
1.0400,129,86.7,21.0,0.0075,,
1.0485,130,87.8,21.0,0.0085,,
1.0570,131,88.9,21.0,0.0075,,
1.0650,132,90.1,21.0,0.0075,,
1.0735,133,91.1,21.0,0.0075,,
1.0820,134,92.3,21.0,0.0075,,
1.0895,135,93.3,21.0,0.0075,,
1.0980,136,94.6,21.0,0.0085,,
1.1065,137,95.8,21.0,0.0075,,
1.1150,138,97.0,21.0,0.0075,,
1.1230,139,98.2,21.0,0.0075,,
1.1315,140,99.5,21.0,0.0075,,
1.1390,141,100.7,21.0,0.0075,,
1.1475,142,102.4,21.0,0.0085,,
1.1560,143,103.8,21.0,0.0085,,
1.1645,144,105.1,21.0,0.0075,,
1.1730,145,106.8,21.0,0.0075,,
1.1815,146,108.4,21.0,0.0075,,
1.1890,147,110.0,21.0,0.0075,,
1.1975,148,111.7,21.0,0.0085,,
1.2055,149,113.4,21.0,0.0080,,
1.2140,150,115.3,21.0,0.0075,,
1.2225,151,117.5,21.0,0.0075,,
1.2310,152,119.6,21.0,0.0075,,
1.2395,153,121.3,21.0,0.0085,,
1.2470,154,123.6,21.0,0.0075,,
1.2555,155,126.1,21.0,0.0085,,
1.2635,156,128.7,21.0,0.0075,,
1.2720,157,131.4,21.0,0.0075,,
1.2805,158,134.1,21.0,0.0075,,
1.2890,159,137.1,21.0,0.0075,,
1.2965,160,140.1,21.0,0.0075,,
1.3050,161,143.5,21.0,0.0085,,
1.3135,162,146.6,21.0,0.0075,,
1.3215,163,149.9,21.0,0.0075,,
1.3300,164,153.6,21.0,0.0075,,
1.3375,165,156.6,21.0,0.0075,,
1.3460,166,159.5,21.0,0.0085,,
1.3545,167,162.7,21.0,0.0085,,
1.3630,168,165.7,21.0,0.0075,,
1.3715,169,168.4,21.0,0.0075,,
1.3800,170,170.9,21.0,0.0075,,
1.3875,171,173.1,21.0,0.0075,,
1.3960,172,175.5,21.0,0.0085,,
1.4040,173,177.7,21.0,0.0080,,
1.4125,174,179.5,21.0,0.0075,,
1.4210,175,181.4,21.0,0.0075,,
1.4295,176,183.1,21.0,0.0075,,
1.4370,177,184.6,21.0,0.0075,,
1.4415,178,185.2,21.0,0.0075,,
1.4415,418,186.8,21.1,0.0000,,
1.4420,419,186.8,21.1,0.0005,,
1.4435,420,186.8,21.1,0.0020,,
1.4460,421,187.2,21.1,0.0035,,
1.4500,422,187.8,21.1,0.0050,,
1.4560,423,188.7,21.1,0.0075,,
1.4640,424,189.7,21.1,0.0100,,
1.4720,425,190.9,21.1,0.0115,,
1.4800,426,192.1,21.1,0.0115,,
1.4885,427,193.4,21.1,0.0120,,
1.4970,428,194.6,21.1,0.0105,,
1.5055,429,195.6,21.1,0.0105,,
1.5140,430,196.6,21.1,0.0105,,
1.5215,431,197.6,21.1,0.0105,,
1.5300,432,198.6,21.1,0.0120,,
1.5380,433,199.5,21.1,0.0115,,
1.5465,434,200.4,21.1,0.0105,,
1.5550,435,201.3,21.1,0.0105,,
1.5635,436,202.2,21.1,0.0105,,
1.5710,437,202.9,21.1,0.0105,,
1.5795,438,203.8,21.1,0.0120,,
1.5880,439,204.6,21.1,0.0120,,
1.5960,440,205.3,21.1,0.0115,,
1.6045,441,206.1,21.1,0.0105,,
1.6130,442,206.7,21.1,0.0105,,
1.6215,443,207.4,21.1,0.0105,,
1.6290,444,208.0,21.1,0.0105,,
1.6375,445,208.6,21.1,0.0120,,
1.6460,446,209.3,21.1,0.0120,,
1.6545,447,209.9,21.1,0.0105,,
1.6625,448,210.5,21.1,0.0100,,
1.6710,449,211.2,21.1,0.0105,,
1.6785,450,211.7,21.1,0.0105,,
1.6870,451,212.3,21.1,0.0120,,
1.6955,452,212.8,21.1,0.0120,,
1.7040,453,213.4,21.1,0.0105,,
1.7125,454,214.0,21.1,0.0105,,
1.7205,455,214.4,21.1,0.0115,,
1.7285,456,215.0,21.1,0.0115,,
1.7365,457,215.5,21.1,0.0115,,
1.7450,458,216.0,21.1,0.0120,,
1.7535,459,216.5,21.1,0.0105,,
1.7620,460,216.9,21.1,0.0105,,
1.7705,461,217.4,21.1,0.0105,,
1.7780,462,217.9,21.1,0.0105,,
1.7865,463,218.3,21.1,0.0120,,
1.7945,464,218.7,21.1,0.0115,,
1.8030,465,219.1,21.1,0.0105,,
1.8115,466,219.5,21.1,0.0105,,
1.8200,467,220.0,21.1,0.0105,,
1.8275,468,220.2,21.1,0.0105,,
1.8360,469,220.7,21.1,0.0120,,
1.8445,470,221.1,21.1,0.0120,,
1.8525,471,221.4,21.1,0.0100,,
1.8610,472,221.9,21.1,0.0105,,
1.8695,473,222.3,21.1,0.0105,,
1.8770,474,222.7,21.1,0.0105,,
1.8855,475,223.1,21.1,0.0120,,
1.8940,476,223.5,21.1,0.0120,,
1.9025,477,223.9,21.1,0.0105,,
1.9110,478,224.3,21.1,0.0105,,
1.9190,479,224.6,21.1,0.0100,,
1.9270,480,224.9,21.1,0.0115,,
1.9350,481,225.2,21.1,0.0115,,
1.9435,482,225.6,21.1,0.0120,,
1.9520,483,225.9,21.1,0.0105,,
1.9605,484,226.2,21.1,0.0105,,
1.9690,485,226.5,21.1,0.0105,,
1.9765,486,226.8,21.1,0.0105,,
1.9850,487,227.1,21.1,0.0120,,
1.9935,488,227.5,21.1,0.0120,,
2.0015,489,227.8,21.1,0.0100,,
2.0100,490,228.0,21.1,0.0105,,
2.0185,491,228.3,21.1,0.0105,,
2.0260,492,228.5,21.1,0.0105,,
2.0345,493,229.0,21.1,0.0120,,
2.0430,494,229.2,21.1,0.0120,,
2.0510,495,229.5,21.1,0.0100,,
2.0595,496,229.9,21.1,0.0105,,
2.0680,497,230.1,21.1,0.0105,,
2.0765,498,230.4,21.1,0.0105,,
2.0840,499,230.6,21.1,0.0105,,
2.0925,500,230.8,21.1,0.0120,,
2.1010,501,231.1,21.1,0.0120,,
2.1090,502,231.3,21.1,0.0100,,
2.1175,503,231.6,21.1,0.0105,,
2.1260,504,231.9,21.1,0.0105,,
2.1335,505,232.1,21.1,0.0105,,
2.1420,506,232.4,21.1,0.0120,,
2.1505,507,232.6,21.1,0.0120,,
2.1590,508,232.8,21.1,0.0105,,
2.1675,509,233.1,21.1,0.0105,,
2.1755,510,233.4,21.1,0.0100,,
2.1830,511,233.7,21.1,0.0105,,
2.1915,512,233.9,21.1,0.0120,,
2.1995,513,234.0,21.1,0.0115,,
2.2075,514,234.3,21.1,0.0100,,
2.2105,515,234.4,21.1,0.0035,,
2.2110,516,234.5,21.1,0.0005,,
2.2120,517,234.5,21.1,0.0015,,
2.2135,518,234.6,21.1,0.0020,,
2.2150,519,234.6,21.1,0.0020,,
2.2170,520,234.8,21.1,0.0025,,
2.2190,521,234.8,21.1,0.0025,,
2.2220,522,234.8,21.1,0.0035,,
2.2255,523,234.9,21.1,0.0050,,
2.2305,524,235.1,21.1,0.0060,,
Scope 1/1, Sample 13/40 (T7)
Result,TitrationEP1
V,t,E,T,dV/dt,E acc. stat.,Volume acc. stat.
0.0000,0,-58.5,21.0,NaN,,
0.0010,1,-58.6,21.0,0.0010,,
0.0025,2,-58.6,21.0,0.0015,,
0.0050,3,-58.6,21.0,0.0025,,
0.0090,4,-58.3,21.0,0.0035,,
0.0150,5,-57.9,21.0,0.0055,,
0.0235,6,-57.2,21.0,0.0075,,
0.0320,7,-56.0,21.0,0.0075,,
0.0395,8,-54.7,21.0,0.0075,,
0.0480,9,-53.1,21.0,0.0075,,
0.0565,10,-51.5,21.0,0.0075,,
0.0650,11,-49.8,21.0,0.0075,,
0.0735,12,-47.7,21.0,0.0075,,
0.0815,13,-45.7,21.0,0.0080,,
0.0895,14,-43.4,21.0,0.0080,,
0.0975,15,-41.1,21.0,0.0075,,
0.1060,16,-38.6,21.0,0.0075,,
0.1145,17,-35.8,21.0,0.0075,,
0.1230,18,-33.0,21.0,0.0075,,
0.1305,19,-30.2,21.0,0.0075,,
0.1390,20,-27.0,21.0,0.0085,,
0.1475,21,-23.8,21.0,0.0075,,
0.1555,22,-20.5,21.0,0.0075,,
0.1640,23,-17.5,21.0,0.0075,,
0.1725,24,-14.6,21.0,0.0075,,
0.1810,25,-12.1,21.0,0.0085,,
0.1885,26,-9.5,21.0,0.0075,,
0.1970,27,-7.1,21.0,0.0075,,
0.2055,28,-5.0,21.0,0.0075,,
0.2140,29,-3.0,21.0,0.0075,,
0.2220,30,-1.3,21.0,0.0075,,
0.2305,31,0.3,21.0,0.0085,,
0.2380,32,1.9,21.0,0.0075,,
0.2465,33,3.7,21.0,0.0075,,
0.2550,34,5.0,21.0,0.0075,,
0.2635,35,6.4,21.0,0.0075,,
0.2720,36,7.7,21.0,0.0075,,
0.2800,37,8.9,21.0,0.0080,,
0.2880,38,10.1,21.0,0.0080,,
0.2960,39,11.3,21.0,0.0075,,
0.3045,40,12.5,21.0,0.0075,,
0.3130,41,13.7,21.0,0.0075,,
0.3215,42,14.9,21.0,0.0075,,
0.3300,43,15.8,21.0,0.0085,,
0.3375,44,16.9,21.0,0.0075,,
0.3460,45,17.9,21.0,0.0075,,
0.3540,46,18.9,21.0,0.0075,,
0.3625,47,19.8,21.0,0.0075,,
0.3710,48,20.9,21.0,0.0075,,
0.3795,49,21.9,21.0,0.0075,,
0.3870,50,22.8,21.0,0.0075,,
0.3955,51,23.8,21.0,0.0085,,
0.4040,52,24.7,21.0,0.0075,,
0.4125,53,25.6,21.0,0.0075,,
0.4205,54,26.5,21.0,0.0075,,
0.4290,55,27.4,21.0,0.0075,,
0.4365,56,28.3,21.0,0.0075,,
0.4450,57,29.1,21.0,0.0085,,
0.4535,58,30.0,21.0,0.0075,,
0.4620,59,31.0,21.0,0.0075,,
0.4705,60,31.8,21.0,0.0075,,
0.4785,61,32.6,21.0,0.0075,,
0.4865,62,33.5,21.0,0.0080,,
0.4945,63,34.5,21.0,0.0080,,
0.5030,64,35.5,21.0,0.0075,,
0.5115,65,36.3,21.0,0.0075,,
0.5200,66,37.1,21.0,0.0075,,
0.5285,67,38.0,21.0,0.0075,,
0.5360,68,38.8,21.0,0.0075,,
0.5445,69,39.7,21.0,0.0085,,
0.5530,70,40.5,21.0,0.0075,,
0.5610,71,41.3,21.0,0.0075,,
0.5695,72,42.2,21.0,0.0075,,
0.5780,73,43.0,21.0,0.0075,,
0.5855,74,43.8,21.0,0.0075,,
0.5940,75,44.7,21.0,0.0085,,
0.6025,76,45.5,21.0,0.0075,,
0.6110,77,46.4,21.0,0.0075,,
0.6190,78,47.2,21.0,0.0075,,
0.6275,79,48.0,21.0,0.0075,,
0.6350,80,48.8,21.0,0.0075,,
0.6435,81,49.6,21.0,0.0085,,
0.6520,82,50.6,21.0,0.0075,,
0.6605,83,51.3,21.0,0.0075,,
0.6690,84,52.2,21.0,0.0075,,
0.6770,85,53.0,21.0,0.0075,,
0.6850,86,53.7,21.0,0.0080,,
0.6930,87,54.6,21.0,0.0080,,
0.7015,88,55.5,21.0,0.0075,,
0.7100,89,56.3,21.0,0.0075,,
0.7185,90,57.1,21.0,0.0075,,
0.7270,91,57.9,21.0,0.0075,,
0.7355,92,58.6,21.0,0.0085,,
0.7430,93,59.4,21.0,0.0075,,
0.7515,94,60.3,21.0,0.0075,,
0.7595,95,61.2,21.0,0.0075,,
0.7680,96,62.1,21.0,0.0075,,
0.7765,97,62.9,21.0,0.0075,,
0.7850,98,63.5,21.0,0.0085,,
0.7925,99,64.3,21.0,0.0075,,
0.8010,100,65.2,21.0,0.0075,,
0.8095,101,66.1,21.0,0.0075,,
0.8175,102,66.9,21.0,0.0075,,
0.8260,103,67.7,21.0,0.0075,,
0.8345,104,68.6,21.0,0.0075,,
0.8420,105,69.3,21.0,0.0075,,
0.8505,106,70.1,21.0,0.0085,,
0.8590,107,70.9,21.0,0.0075,,
0.8675,108,71.7,21.0,0.0075,,
0.8755,109,72.6,21.0,0.0075,,
0.8840,110,73.6,21.0,0.0075,,
0.8915,111,74.4,21.0,0.0075,,
0.9000,112,75.3,21.0,0.0085,,
0.9085,113,76.1,21.0,0.0075,,
0.9170,114,77.1,21.0,0.0075,,
0.9255,115,78.1,21.0,0.0075,,
0.9335,116,79.0,21.0,0.0075,,
0.9415,117,80.0,21.0,0.0080,,
0.9495,118,80.9,21.0,0.0080,,
0.9580,119,82.0,21.0,0.0075,,
0.9665,120,82.8,21.0,0.0075,,
0.9750,121,83.7,21.0,0.0075,,
0.9835,122,84.8,21.0,0.0075,,
0.9910,123,85.7,21.0,0.0075,,
0.9995,124,86.8,21.0,0.0085,,
1.0080,125,87.9,21.0,0.0075,,
1.0160,126,89.0,21.0,0.0075,,
1.0245,127,90.2,21.0,0.0075,,
1.0330,128,91.3,21.0,0.0075,,
1.0405,129,92.2,21.0,0.0075,,
1.0490,130,93.4,21.0,0.0085,,
1.0575,131,94.7,21.0,0.0075,,
1.0660,132,96.0,21.0,0.0075,,
1.0740,133,97.4,21.0,0.0075,,
1.0825,134,98.7,21.0,0.0075,,
1.0900,135,99.8,21.0,0.0075,,
1.0985,136,101.3,21.0,0.0085,,
1.1070,137,102.8,21.0,0.0075,,
1.1155,138,104.4,21.0,0.0075,,
1.1240,139,106.0,21.0,0.0075,,
1.1325,140,107.5,21.0,0.0075,,
1.1400,141,108.9,21.0,0.0075,,
1.1485,142,110.7,21.0,0.0075,,
1.1565,143,112.4,21.0,0.0075,,
1.1650,144,114.2,21.0,0.0075,,
1.1735,145,116.2,21.0,0.0075,,
1.1820,146,118.3,21.0,0.0075,,
1.1895,147,120.1,21.0,0.0075,,
1.1980,148,122.1,21.0,0.0075,,
1.2065,149,124.5,21.0,0.0075,,
1.2145,150,127.1,21.0,0.0075,,
1.2230,151,129.8,21.0,0.0075,,
1.2315,152,132.5,21.0,0.0075,,
1.2390,153,135.0,21.0,0.0075,,
1.2475,154,138.2,21.0,0.0085,,
1.2560,155,141.5,21.0,0.0075,,
1.2645,156,144.6,21.0,0.0075,,
1.2725,157,147.8,21.0,0.0075,,
1.2810,158,151.5,21.0,0.0075,,
1.2885,159,154.2,21.0,0.0075,,
1.2970,160,157.4,21.0,0.0085,,
1.3055,161,160.7,21.0,0.0075,,
1.3140,162,163.9,21.0,0.0075,,
1.3225,163,166.6,21.0,0.0075,,
1.3305,164,169.2,21.0,0.0075,,
1.3390,165,171.6,21.0,0.0085,,
1.3465,166,173.9,21.0,0.0075,,
1.3550,167,176.1,21.0,0.0075,,
1.3635,168,178.3,21.0,0.0075,,
1.3720,169,180.2,21.0,0.0075,,
1.3805,170,181.8,21.0,0.0075,,
1.3890,171,183.5,21.0,0.0075,,
1.3980,172,185.1,21.0,0.0075,,
1.3980,412,186.7,21.0,0.0000,,
1.3985,413,186.8,21.0,0.0005,,
1.4000,414,186.8,21.0,0.0010,,
1.4030,415,187.1,21.0,0.0020,,
1.4065,416,187.7,21.0,0.0025,,
1.4130,417,188.6,21.0,0.0045,,
1.4215,418,189.8,21.0,0.0060,,
1.4290,419,191.0,21.1,0.0060,,
1.4370,420,192.1,21.1,0.0060,,
1.4455,421,193.3,21.1,0.0065,,
1.4540,422,194.5,21.0,0.0060,,
1.4625,423,195.5,21.1,0.0060,,
1.4710,424,196.7,21.1,0.0060,,
1.4785,425,197.5,21.1,0.0060,,
1.4870,426,198.4,21.1,0.0065,,
1.4955,427,199.4,21.1,0.0065,,
1.5035,428,200.3,21.1,0.0055,,
1.5120,429,201.2,21.1,0.0060,,
1.5205,430,202.1,21.1,0.0060,,
1.5280,431,202.8,21.1,0.0060,,
1.5365,432,203.6,21.1,0.0065,,
1.5450,433,204.4,21.1,0.0065,,
1.5535,434,205.1,21.1,0.0060,,
1.5615,435,205.9,21.1,0.0055,,
1.5700,436,206.7,21.1,0.0060,,
1.5775,437,207.4,21.0,0.0060,,
1.5860,438,208.1,21.1,0.0065,,
1.5945,439,208.7,21.1,0.0065,,
1.6030,440,209.3,21.1,0.0060,,
1.6115,441,210.0,21.1,0.0060,,
1.6200,442,210.6,21.1,0.0060,,
1.6280,443,211.1,21.1,0.0060,,
1.6355,444,211.7,21.1,0.0060,,
1.6440,445,212.2,21.1,0.0065,,
1.6525,446,212.8,21.1,0.0060,,
1.6610,447,213.3,21.1,0.0060,,
1.6695,448,213.9,21.0,0.0060,,
1.6780,449,214.3,21.1,0.0065,,
1.6855,450,214.8,21.1,0.0060,,
1.6940,451,215.3,21.1,0.0065,,
1.7020,452,215.8,21.1,0.0055,,
1.7105,453,216.4,21.1,0.0060,,
1.7190,454,216.7,21.1,0.0060,,
1.7275,455,217.2,21.1,0.0060,,
1.7350,456,217.6,21.1,0.0060,,
1.7435,457,218.1,21.1,0.0065,,
1.7520,458,218.6,21.1,0.0060,,
1.7600,459,219.0,21.1,0.0055,,
1.7685,460,219.4,21.1,0.0060,,
1.7770,461,219.8,21.1,0.0060,,
1.7845,462,220.2,21.1,0.0060,,
1.7930,463,220.6,21.1,0.0065,,
1.8015,464,221.1,21.1,0.0060,,
1.8100,465,221.5,21.1,0.0060,,
1.8185,466,221.8,21.1,0.0060,,
1.8265,467,222.2,21.1,0.0060,,
1.8345,468,222.5,21.1,0.0060,,
1.8425,469,222.9,21.1,0.0060,,
1.8510,470,223.3,21.1,0.0065,,
1.8595,471,223.6,21.1,0.0060,,
1.8680,472,224.0,21.1,0.0060,,
1.8765,473,224.3,21.1,0.0060,,
1.8840,474,224.7,21.1,0.0060,,
1.8925,475,225.0,21.1,0.0065,,
1.9005,476,225.3,21.1,0.0060,,
1.9090,477,225.7,21.1,0.0060,,
1.9175,478,226.0,21.1,0.0060,,
1.9260,479,226.4,21.1,0.0060,,
1.9335,480,226.6,21.1,0.0060,,
1.9420,481,226.9,21.1,0.0065,,
1.9505,482,227.2,21.1,0.0065,,
1.9585,483,227.5,21.1,0.0055,,
1.9670,484,227.8,21.1,0.0060,,
1.9755,485,228.1,21.1,0.0060,,
1.9830,486,228.4,21.1,0.0060,,
1.9915,487,228.8,21.1,0.0065,,
2.0000,488,229.1,21.1,0.0065,,
2.0085,489,229.5,21.1,0.0060,,
2.0165,490,229.6,21.1,0.0055,,
2.0250,491,230.0,21.1,0.0060,,
2.0335,492,230.2,21.1,0.0065,,
2.0410,493,230.5,21.1,0.0060,,
2.0495,494,230.8,21.1,0.0065,,
2.0580,495,231.0,21.1,0.0060,,
2.0665,496,231.3,21.1,0.0060,,
2.0745,497,231.6,21.1,0.0055,,
2.0830,498,231.8,21.1,0.0060,,
2.0905,499,232.0,21.1,0.0060,,
2.0990,500,232.2,21.1,0.0060,,
2.1075,501,232.5,21.1,0.0065,,
2.1160,502,232.8,21.1,0.0060,,
2.1245,503,233.0,21.1,0.0060,,
2.1325,504,233.3,21.1,0.0055,,
2.1405,505,233.4,21.1,0.0060,,
2.1485,506,233.7,21.1,0.0060,,
2.1570,507,233.9,21.1,0.0065,,
2.1645,508,234.2,21.1,0.0055,,
2.1705,509,234.4,21.1,0.0045,,
2.1735,510,234.5,21.1,0.0020,,
2.1740,511,234.5,21.1,0.0005,,
2.1755,512,234.5,21.1,0.0010,,
2.1775,513,234.6,21.1,0.0015,,
2.1780,514,234.7,21.1,0.0005,,
2.1795,515,234.8,21.1,0.0010,,
2.1810,516,234.8,21.1,0.0010,,
2.1835,517,234.9,21.1,0.0020,,
2.1870,518,234.9,21.1,0.0025,,
2.1905,519,235.0,21.1,0.0030,,
Scope 1/1, Sample 14/40 (B7)
Result,TitrationEP1
V,t,E,T,dV/dt,E acc. stat.,Volume acc. stat.
0.0000,0,-68.3,21.0,NaN,,
0.0005,1,-68.2,21.0,0.0005,,
0.0025,2,-68.2,21.0,0.0020,,
0.0050,3,-68.2,21.0,0.0025,,
0.0085,4,-68.1,21.0,0.0030,,
0.0150,5,-67.7,21.0,0.0060,,
0.0230,6,-67.1,21.0,0.0075,,
0.0305,7,-66.2,21.0,0.0075,,
0.0390,8,-65.0,21.0,0.0085,,
0.0475,9,-63.8,21.0,0.0085,,
0.0560,10,-62.4,21.0,0.0075,,
0.0645,11,-61.0,21.0,0.0075,,
0.0725,12,-59.5,21.0,0.0075,,
0.0800,13,-58.1,21.0,0.0075,,
0.0885,14,-56.4,21.0,0.0085,,
0.0970,15,-54.6,21.0,0.0085,,
0.1055,16,-52.8,21.0,0.0075,,
0.1140,17,-50.8,21.0,0.0075,,
0.1225,18,-48.7,21.0,0.0075,,
0.1300,19,-46.7,21.0,0.0075,,
0.1385,20,-44.3,21.0,0.0085,,
0.1465,21,-41.8,21.0,0.0080,,
0.1550,22,-39.2,21.0,0.0075,,
0.1635,23,-36.4,21.0,0.0075,,
0.1720,24,-33.4,21.0,0.0075,,
0.1805,25,-30.7,21.0,0.0085,,
0.1880,26,-27.4,21.0,0.0075,,
0.1965,27,-24.0,21.0,0.0085,,
0.2045,28,-20.6,21.0,0.0075,,
0.2130,29,-17.4,21.0,0.0075,,
0.2215,30,-14.5,21.0,0.0075,,
0.2300,31,-11.8,21.0,0.0075,,
0.2375,32,-9.4,21.0,0.0075,,
0.2460,33,-7.1,21.0,0.0085,,
0.2545,34,-4.8,21.0,0.0085,,
0.2625,35,-3.0,21.0,0.0075,,
0.2710,36,-1.2,21.0,0.0075,,
0.2795,37,0.6,21.0,0.0075,,
0.2870,38,1.9,21.0,0.0075,,
0.2955,39,3.5,21.0,0.0085,,
0.3040,40,5.0,21.0,0.0085,,
0.3125,41,6.4,21.0,0.0075,,
0.3205,42,7.8,21.0,0.0075,,
0.3290,43,9.0,21.0,0.0075,,
0.3365,44,10.1,21.0,0.0075,,
0.3450,45,11.3,21.0,0.0085,,
0.3535,46,12.5,21.0,0.0085,,
0.3620,47,13.7,21.0,0.0075,,
0.3705,48,14.8,21.0,0.0075,,
0.3790,49,15.9,21.0,0.0075,,
0.3865,50,16.8,21.0,0.0075,,
0.3950,51,17.8,21.0,0.0085,,
0.4030,52,19.0,21.0,0.0080,,
0.4115,53,20.0,21.0,0.0075,,
0.4200,54,21.0,21.0,0.0075,,
0.4285,55,22.1,21.0,0.0075,,
0.4360,56,22.8,21.0,0.0075,,
0.4445,57,23.7,21.0,0.0085,,
0.4530,58,24.7,21.0,0.0085,,
0.4615,59,25.6,21.0,0.0075,,
0.4695,60,26.6,21.0,0.0075,,
0.4780,61,27.6,21.0,0.0075,,
0.4855,62,28.5,21.0,0.0075,,
0.4940,63,29.4,21.0,0.0085,,
0.5025,64,30.2,21.0,0.0085,,
0.5110,65,31.1,21.0,0.0075,,
0.5195,66,31.9,21.0,0.0075,,
0.5275,67,32.8,21.0,0.0075,,
0.5355,68,33.7,21.0,0.0080,,
0.5435,69,34.5,21.0,0.0080,,
0.5520,70,35.4,21.0,0.0085,,
0.5605,71,36.3,21.0,0.0075,,
0.5690,72,37.1,21.0,0.0075,,
0.5775,73,38.1,21.0,0.0075,,
0.5850,74,38.9,21.0,0.0075,,
0.5935,75,39.8,21.0,0.0085,,
0.6015,76,40.7,21.0,0.0080,,
0.6100,77,41.5,21.0,0.0075,,
0.6185,78,42.2,21.0,0.0075,,
0.6270,79,43.2,21.0,0.0075,,
0.6355,80,44.0,21.0,0.0085,,
0.6430,81,44.8,21.0,0.0075,,
0.6515,82,45.4,21.0,0.0085,,
0.6595,83,46.3,21.0,0.0075,,
0.6680,84,47.2,21.0,0.0075,,
0.6765,85,48.1,21.0,0.0075,,
0.6840,86,48.7,21.0,0.0075,,
0.6925,87,49.6,21.0,0.0085,,
0.7010,88,50.5,21.0,0.0085,,
0.7095,89,51.3,21.0,0.0075,,
0.7180,90,52.1,21.0,0.0075,,
0.7260,91,52.9,21.0,0.0075,,
0.7345,92,53.7,21.0,0.0085,,
0.7420,93,54.6,21.0,0.0075,,
0.7505,94,55.4,21.0,0.0085,,
0.7590,95,56.3,21.0,0.0075,,
0.7675,96,57.1,21.0,0.0075,,
0.7760,97,58.0,21.0,0.0075,,
0.7840,98,58.8,21.0,0.0080,,
0.7920,99,59.6,21.0,0.0080,,
0.8000,100,60.4,21.0,0.0080,,
0.8085,101,61.2,21.0,0.0075,,
0.8170,102,62.0,21.0,0.0075,,
0.8255,103,62.9,21.0,0.0075,,
0.8340,104,63.7,21.0,0.0085,,
0.8415,105,64.5,21.0,0.0075,,
0.8500,106,65.5,21.0,0.0085,,
0.8585,107,66.4,21.0,0.0075,,
0.8665,108,67.2,21.0,0.0075,,
0.8750,109,67.9,21.0,0.0075,,
0.8835,110,68.8,21.0,0.0075,,
0.8910,111,69.6,21.0,0.0075,,
0.8995,112,70.6,21.0,0.0085,,
0.9080,113,71.4,21.0,0.0075,,
0.9165,114,72.4,21.0,0.0075,,
0.9250,115,73.4,21.0,0.0075,,
0.9325,116,74.1,21.0,0.0075,,
0.9405,117,75.0,21.0,0.0080,,
0.9490,118,75.9,21.0,0.0085,,
0.9575,119,76.9,21.0,0.0075,,
0.9660,120,77.9,21.0,0.0075,,
0.9745,121,78.7,21.0,0.0075,,
0.9830,122,79.5,21.0,0.0085,,
0.9905,123,80.4,21.0,0.0075,,
0.9990,124,81.3,21.0,0.0085,,
1.0070,125,82.5,21.0,0.0075,,
1.0155,126,83.3,21.0,0.0075,,
1.0240,127,84.3,21.0,0.0075,,
1.0325,128,85.2,21.0,0.0075,,
1.0400,129,86.2,21.0,0.0075,,
1.0485,130,87.2,21.0,0.0085,,
1.0565,131,88.4,21.0,0.0080,,
1.0650,132,89.5,21.0,0.0075,,
1.0735,133,90.7,21.0,0.0075,,
1.0820,134,92.0,21.0,0.0075,,
1.0895,135,93.0,21.0,0.0075,,
1.0980,136,94.1,21.0,0.0085,,
1.1065,137,95.4,21.0,0.0085,,
1.1150,138,96.6,21.0,0.0075,,
1.1230,139,98.0,21.0,0.0075,,
1.1315,140,99.3,21.0,0.0075,,
1.1390,141,100.8,21.0,0.0075,,
1.1475,142,102.3,21.0,0.0085,,
1.1560,143,103.8,21.0,0.0085,,
1.1645,144,105.3,21.0,0.0075,,
1.1730,145,106.8,21.0,0.0075,,
1.1810,146,108.5,21.0,0.0075,,
1.1895,147,110.0,21.0,0.0085,,
1.1970,148,111.9,21.0,0.0075,,
1.2055,149,113.3,21.0,0.0085,,
1.2140,150,115.3,21.0,0.0075,,
1.2225,151,117.4,21.0,0.0075,,
1.2310,152,119.6,21.0,0.0075,,
1.2390,153,121.9,21.0,0.0075,,
1.2470,154,123.9,21.0,0.0080,,
1.2550,155,126.4,21.0,0.0080,,
1.2635,156,129.0,21.0,0.0075,,
1.2720,157,131.9,21.0,0.0075,,
1.2805,158,134.8,21.0,0.0075,,
1.2890,159,137.7,21.0,0.0075,,
1.2965,160,140.9,21.0,0.0075,,
1.3050,161,144.2,21.0,0.0085,,
1.3130,162,147.3,21.0,0.0080,,
1.3215,163,150.7,21.0,0.0075,,
1.3300,164,154.1,21.0,0.0075,,
1.3385,165,157.5,21.0,0.0075,,
1.3460,166,160.4,21.0,0.0075,,
1.3545,167,163.2,21.0,0.0085,,
1.3630,168,166.3,21.0,0.0085,,
1.3715,169,168.9,21.0,0.0075,,
1.3795,170,171.4,21.0,0.0075,,
1.3880,171,173.8,21.0,0.0075,,
1.3955,172,176.0,21.0,0.0075,,
1.4040,173,178.0,21.0,0.0085,,
1.4125,174,180.1,21.0,0.0075,,
1.4210,175,181.9,21.0,0.0075,,
1.4295,176,183.6,21.0,0.0075,,
1.4390,177,185.1,21.0,0.0075,,
1.4390,417,186.7,21.0,0.0000,,
1.4395,418,186.7,21.0,0.0005,,
1.4410,419,186.6,21.0,0.0010,,
1.4435,420,187.1,21.0,0.0020,,
1.4475,422,187.7,21.0,0.0025,,
1.4535,422,188.6,21.0,0.0120,,
1.4615,424,189.7,21.0,0.0055,,
1.4695,424,190.9,21.0,0.0200,,
1.4775,425,192.0,21.0,0.0055,,
1.4860,426,193.4,21.0,0.0060,,
1.4945,428,194.5,21.0,0.0055,,
1.5030,428,195.5,21.0,0.0170,,
1.5115,430,196.7,21.0,0.0055,,
1.5190,430,197.6,21.0,0.0185,,
1.5275,431,198.6,21.0,0.0060,,
1.5355,432,199.5,21.0,0.0055,,
1.5440,434,200.3,21.0,0.0055,,
1.5525,434,201.2,21.0,0.0170,,
1.5610,436,202.2,21.0,0.0055,,
1.5685,436,202.8,21.0,0.0185,,
1.5770,437,203.7,21.0,0.0060,,
1.5855,438,204.5,21.0,0.0060,,
1.5940,440,205.2,21.0,0.0055,,
1.6020,440,206.0,21.0,0.0160,,
1.6105,442,206.5,21.0,0.0055,,
1.6180,442,207.2,21.0,0.0185,,
1.6265,443,207.9,21.0,0.0060,,
1.6350,444,208.5,21.0,0.0060,,
1.6435,446,209.1,21.0,0.0055,,
1.6520,446,209.7,21.0,0.0170,,
1.6605,448,210.4,21.0,0.0055,,
1.6680,448,210.9,21.0,0.0185,,
1.6765,449,211.5,21.0,0.0060,,
1.6845,450,212.1,21.0,0.0055,,
1.6930,452,212.6,21.0,0.0055,,
1.7015,452,213.2,21.0,0.0170,,
1.7100,453,213.7,21.0,0.0060,,
1.7175,454,214.2,21.0,0.0055,,
1.7260,455,214.7,21.0,0.0060,,
1.7345,456,215.2,21.0,0.0055,,
1.7425,458,215.7,21.0,0.0055,,
1.7510,458,216.2,21.0,0.0170,,
1.7595,459,216.6,21.0,0.0060,,
1.7670,460,217.1,21.0,0.0055,,
1.7755,461,217.6,21.0,0.0060,,
1.7840,462,218.1,21.0,0.0055,,
1.7925,464,218.6,21.0,0.0055,,
1.8010,464,218.9,21.0,0.0170,,
1.8090,466,219.3,21.0,0.0055,,
1.8165,466,219.8,21.0,0.0185,,
1.8250,467,220.3,21.0,0.0060,,
1.8335,468,220.6,21.0,0.0060,,
1.8420,470,220.9,21.0,0.0055,,
1.8505,470,221.3,21.0,0.0170,,
1.8590,472,221.8,21.0,0.0055,,
1.8665,472,222.1,21.0,0.0185,,
1.8750,473,222.5,21.0,0.0060,,
1.8830,474,222.8,21.0,0.0055,,
1.8915,476,223.2,21.0,0.0055,,
1.9000,476,223.6,21.0,0.0170,,
1.9085,478,223.9,21.0,0.0055,,
1.9160,478,224.2,21.0,0.0185,,
1.9245,479,224.6,21.0,0.0060,,
1.9330,480,224.9,21.0,0.0060,,
1.9410,482,225.3,21.0,0.0055,,
1.9495,482,225.6,21.0,0.0170,,
1.9580,484,225.9,21.0,0.0055,,
1.9655,484,226.3,21.0,0.0185,,
1.9740,485,226.7,21.0,0.0060,,
1.9825,486,227.0,21.0,0.0060,,
1.9910,488,227.3,21.0,0.0055,,
1.9990,488,227.5,21.0,0.0160,,
2.0075,490,227.8,21.0,0.0055,,
2.0150,490,228.1,21.0,0.0185,,
2.0235,491,228.4,21.0,0.0060,,
2.0320,492,228.6,21.0,0.0060,,
2.0405,494,229.0,21.0,0.0055,,
2.0490,494,229.3,21.0,0.0170,,
2.0575,496,229.6,21.0,0.0055,,
2.0650,496,229.9,21.0,0.0185,,
2.0735,497,230.0,21.0,0.0060,,
2.0815,498,230.3,21.0,0.0055,,
2.0900,500,230.6,21.0,0.0055,,
2.0985,500,230.9,21.0,0.0170,,
2.1070,502,231.3,21.0,0.0055,,
2.1155,502,231.6,21.0,0.0170,,
2.1230,503,231.8,21.0,0.0055,,
2.1315,504,232.1,21.0,0.0060,,
2.1395,505,232.3,21.0,0.0055,,
2.1480,506,232.5,21.0,0.0055,,
2.1565,508,232.8,21.0,0.0055,,
2.1650,508,233.1,21.0,0.0170,,
2.1725,509,233.3,21.0,0.0055,,
2.1810,510,233.5,21.0,0.0060,,
2.1890,511,233.7,21.0,0.0055,,
2.1970,512,233.9,21.0,0.0055,,
2.2040,514,234.1,21.0,0.0045,,
2.2080,514,234.2,21.0,0.0080,,
2.2120,515,234.3,21.0,0.0030,,
2.2165,516,234.4,21.0,0.0030,,
2.2215,517,234.6,21.0,0.0035,,
2.2240,518,234.7,21.1,0.0015,,
2.2255,520,234.7,21.0,0.0010,,
2.2280,520,234.7,21.0,0.0050,,
2.2310,521,234.8,21.0,0.0020,,
2.2325,522,235.0,21.0,0.0010,,
Scope 1/1, Sample 15/40 (T8)
Result,TitrationEP1
V,t,E,T,dV/dt,E acc. stat.,Volume acc. stat.
0.0000,0,-59.6,20.9,NaN,,
0.0010,1,-59.5,21.0,0.0010,,
0.0025,2,-59.5,21.0,0.0015,,
0.0050,3,-59.5,21.0,0.0025,,
0.0090,4,-59.3,21.0,0.0035,,
0.0150,5,-58.9,21.0,0.0055,,
0.0235,6,-58.0,21.0,0.0075,,
0.0320,7,-56.8,21.0,0.0075,,
0.0405,8,-55.5,21.0,0.0075,,
0.0490,9,-53.9,21.0,0.0075,,
0.0565,10,-52.4,21.0,0.0070,,
0.0650,11,-50.6,21.0,0.0075,,
0.0730,12,-48.7,21.0,0.0075,,
0.0815,13,-46.5,21.0,0.0075,,
0.0900,14,-44.3,21.0,0.0075,,
0.0985,15,-42.1,21.0,0.0075,,
0.1060,16,-39.7,21.0,0.0070,,
0.1145,17,-37.0,21.0,0.0075,,
0.1230,18,-34.0,21.0,0.0075,,
0.1310,19,-31.1,21.0,0.0075,,
0.1395,20,-28.0,21.0,0.0075,,
0.1480,21,-24.7,21.0,0.0070,,
0.1555,22,-21.7,21.0,0.0070,,
0.1640,23,-18.4,21.0,0.0075,,
0.1725,24,-15.4,21.0,0.0075,,
0.1810,25,-12.6,21.0,0.0075,,
0.1890,26,-10.0,21.0,0.0075,,
0.1975,27,-7.8,21.0,0.0075,,
0.2060,28,-5.8,21.0,0.0075,,
0.2135,29,-3.6,21.0,0.0070,,
0.2220,30,-1.9,21.0,0.0075,,
0.2305,31,-0.1,21.0,0.0075,,
0.2390,32,1.5,21.0,0.0075,,
0.2475,33,3.1,21.0,0.0075,,
0.2555,34,4.4,21.0,0.0075,,
0.2630,35,5.8,21.0,0.0070,,
0.2715,36,7.1,21.0,0.0075,,
0.2800,37,8.5,21.0,0.0075,,
0.2885,38,9.7,21.0,0.0075,,
0.2970,39,10.9,21.0,0.0075,,
0.3055,40,12.2,21.0,0.0075,,
0.3130,41,13.1,21.0,0.0070,,
0.3210,42,14.2,21.0,0.0075,,
0.3295,43,15.2,21.0,0.0075,,
0.3380,44,16.2,21.0,0.0075,,
0.3465,45,17.4,21.0,0.0075,,
0.3550,46,18.4,21.0,0.0075,,
0.3625,47,19.4,21.0,0.0070,,
0.3710,48,20.3,21.0,0.0075,,
0.3795,49,21.3,21.0,0.0075,,
0.3875,50,22.3,21.0,0.0075,,
0.3960,51,23.3,21.0,0.0075,,
0.4045,52,24.3,21.0,0.0075,,
0.4120,53,25.1,21.0,0.0070,,
0.4205,54,26.0,21.0,0.0075,,
0.4290,55,26.9,21.0,0.0075,,
0.4375,56,27.7,21.0,0.0075,,
0.4455,57,28.6,21.0,0.0075,,
0.4540,58,29.5,21.0,0.0075,,
0.4615,59,30.3,21.0,0.0070,,
0.4700,60,31.3,21.0,0.0075,,
0.4785,61,32.2,21.0,0.0075,,
0.4870,62,33.0,21.0,0.0075,,
0.4955,63,33.9,21.0,0.0075,,
0.5040,64,34.8,21.0,0.0075,,
0.5115,65,35.6,21.0,0.0070,,
0.5200,66,36.4,21.0,0.0075,,
0.5280,67,37.2,21.0,0.0075,,
0.5365,68,38.0,21.0,0.0075,,
0.5450,69,38.9,21.0,0.0075,,
0.5535,70,39.7,21.0,0.0075,,
0.5610,71,40.5,21.0,0.0070,,
0.5695,72,41.3,21.0,0.0075,,
0.5780,73,42.1,21.0,0.0075,,
0.5865,74,42.9,21.0,0.0075,,
0.5945,75,43.7,21.0,0.0075,,
0.6030,76,44.6,21.0,0.0075,,
0.6105,77,45.4,21.0,0.0070,,
0.6190,78,46.3,21.0,0.0075,,
0.6275,79,47.1,21.0,0.0075,,
0.6360,80,47.9,21.0,0.0075,,
0.6445,81,48.7,21.0,0.0075,,
0.6530,82,49.4,21.0,0.0075,,
0.6605,83,50.4,21.0,0.0070,,
0.6690,84,51.2,21.0,0.0075,,
0.6770,85,51.9,21.0,0.0075,,
0.6855,86,52.7,21.0,0.0075,,
0.6940,87,53.6,21.0,0.0075,,
0.7025,88,54.3,21.0,0.0075,,
0.7100,89,55.1,21.0,0.0070,,
0.7185,90,55.9,21.0,0.0075,,
0.7270,91,56.8,21.0,0.0075,,
0.7350,92,57.6,21.0,0.0075,,
0.7435,93,58.5,21.0,0.0075,,
0.7520,94,59.4,21.0,0.0075,,
0.7595,95,60.2,21.0,0.0070,,
0.7680,96,61.0,21.0,0.0075,,
0.7765,97,61.7,21.0,0.0075,,
0.7850,98,62.6,21.0,0.0075,,
0.7930,99,63.5,21.0,0.0075,,
0.8015,100,64.4,21.0,0.0075,,
0.8090,101,65.1,21.0,0.0070,,
0.8175,102,66.0,21.0,0.0075,,
0.8260,103,66.8,21.0,0.0075,,
0.8345,104,67.5,21.0,0.0075,,
0.8430,105,68.5,21.0,0.0075,,
0.8510,106,69.3,21.0,0.0075,,
0.8590,107,70.3,21.0,0.0075,,
0.8670,108,71.0,21.0,0.0075,,
0.8755,109,71.8,21.0,0.0075,,
0.8840,110,72.8,21.0,0.0075,,
0.8925,111,73.7,21.0,0.0075,,
0.9010,112,74.7,21.0,0.0075,,
0.9090,113,75.4,21.0,0.0075,,
0.9165,114,76.2,21.0,0.0070,,
0.9250,115,77.0,21.0,0.0075,,
0.9335,116,78.0,21.0,0.0075,,
0.9420,117,78.8,21.0,0.0075,,
0.9505,118,79.8,21.0,0.0075,,
0.9590,119,80.8,21.0,0.0075,,
0.9665,120,81.8,21.0,0.0070,,
0.9750,121,82.8,21.0,0.0075,,
0.9830,122,83.8,21.0,0.0075,,
0.9915,123,84.8,21.0,0.0075,,
1.0000,124,85.9,21.0,0.0075,,
1.0085,125,86.9,21.0,0.0075,,
1.0160,126,88.0,21.0,0.0070,,
1.0245,127,89.1,21.0,0.0075,,
1.0330,128,90.3,21.0,0.0075,,
1.0415,129,91.5,21.0,0.0075,,
1.0495,130,92.7,21.0,0.0075,,
1.0580,131,93.7,21.0,0.0075,,
1.0655,132,95.0,21.0,0.0070,,
1.0740,133,96.3,21.0,0.0075,,
1.0825,134,97.6,21.0,0.0075,,
1.0910,135,98.9,21.0,0.0075,,
1.0995,136,100.4,21.0,0.0075,,
1.1075,137,101.8,21.0,0.0075,,
1.1155,138,103.0,21.0,0.0075,,
1.1235,139,104.5,21.0,0.0075,,
1.1320,140,105.8,21.0,0.0075,,
1.1405,141,107.7,21.0,0.0075,,
1.1490,142,109.3,21.0,0.0070,,
1.1575,143,111.2,21.0,0.0075,,
1.1650,144,112.8,21.0,0.0070,,
1.1735,145,114.6,21.0,0.0075,,
1.1815,146,116.4,21.0,0.0075,,
1.1900,147,118.5,21.0,0.0075,,
1.1985,148,120.7,21.0,0.0075,,
1.2070,149,123.1,21.0,0.0075,,
1.2145,150,125.3,21.0,0.0070,,
1.2230,151,127.9,21.0,0.0075,,
1.2315,152,130.8,21.0,0.0075,,
1.2400,153,133.5,21.0,0.0075,,
1.2480,154,136.2,21.0,0.0075,,
1.2565,155,139.5,21.0,0.0075,,
1.2640,156,142.5,21.0,0.0070,,
1.2725,157,146.1,21.0,0.0075,,
1.2810,158,149.1,21.0,0.0075,,
1.2895,159,152.7,21.0,0.0075,,
1.2980,160,156.2,21.0,0.0075,,
1.3060,161,159.4,21.0,0.0075,,
1.3140,162,162.1,21.0,0.0075,,
1.3220,163,164.8,21.0,0.0075,,
1.3305,164,167.7,21.0,0.0075,,
1.3390,165,170.5,21.0,0.0075,,
1.3475,166,173.0,21.0,0.0075,,
1.3560,167,175.0,21.0,0.0075,,
1.3635,168,177.0,21.0,0.0070,,
1.3720,169,179.0,21.0,0.0075,,
1.3805,170,181.0,21.0,0.0075,,
1.3885,171,182.7,21.0,0.0075,,
1.3970,172,184.3,21.0,0.0075,,
1.4035,173,185.0,21.0,0.0070,,
1.4035,413,186.9,21.0,0.0000,,
1.4040,414,186.9,21.0,0.0005,,
1.4055,415,186.9,21.0,0.0015,,
1.4080,416,187.2,21.0,0.0025,,
1.4120,417,187.7,21.0,0.0035,,
1.4185,418,188.5,21.0,0.0055,,
1.4265,419,189.8,21.0,0.0065,,
1.4340,420,191.1,21.0,0.0070,,
1.4425,421,192.3,21.0,0.0075,,
1.4510,422,193.6,21.0,0.0075,,
1.4595,423,194.8,21.0,0.0070,,
1.4680,424,195.8,21.0,0.0070,,
1.4765,425,196.8,21.0,0.0070,,
1.4840,426,197.8,21.0,0.0070,,
1.4925,427,198.8,21.0,0.0075,,
1.5005,428,199.6,21.0,0.0075,,
1.5090,429,200.5,21.0,0.0070,,
1.5175,430,201.4,21.0,0.0070,,
1.5260,431,202.2,21.0,0.0070,,
1.5335,432,203.0,21.0,0.0070,,
1.5420,433,203.8,21.0,0.0075,,
1.5505,434,204.6,21.0,0.0070,,
1.5585,435,205.3,21.0,0.0065,,
1.5670,436,206.1,21.0,0.0070,,
1.5755,437,206.8,21.0,0.0070,,
1.5830,438,207.4,21.0,0.0070,,
1.5915,439,208.0,21.0,0.0075,,
1.6000,440,208.7,21.0,0.0075,,
1.6085,441,209.4,21.0,0.0070,,
1.6170,442,210.0,21.0,0.0070,,
1.6250,443,210.6,21.0,0.0065,,
1.6330,444,211.2,21.0,0.0075,,
1.6410,445,211.6,21.0,0.0075,,
1.6495,446,212.3,21.0,0.0070,,
1.6580,447,212.9,21.0,0.0070,,
1.6665,448,213.4,21.0,0.0070,,
1.6750,449,213.8,21.0,0.0070,,
1.6825,450,214.3,21.0,0.0070,,
1.6910,451,214.8,21.0,0.0075,,
1.6990,452,215.3,21.0,0.0075,,
1.7075,453,215.8,21.0,0.0070,,
1.7160,454,216.2,21.0,0.0070,,
1.7245,455,216.8,21.0,0.0070,,
1.7320,456,217.2,21.0,0.0070,,
1.7405,457,217.6,21.0,0.0075,,
1.7490,458,218.1,21.0,0.0075,,
1.7570,459,218.5,21.0,0.0065,,
1.7655,460,218.9,21.0,0.0070,,
1.7740,461,219.4,21.0,0.0070,,
1.7825,462,219.8,21.0,0.0075,,
1.7900,463,220.2,21.0,0.0070,,
1.7985,464,220.5,21.0,0.0075,,
1.8070,465,220.9,21.0,0.0070,,
1.8150,466,221.4,21.0,0.0065,,
1.8235,467,221.7,21.0,0.0070,,
1.8320,468,222.1,21.0,0.0070,,
1.8395,469,222.5,21.0,0.0070,,
1.8480,470,222.8,21.0,0.0075,,
1.8565,471,223.3,21.0,0.0070,,
1.8650,472,223.6,21.0,0.0070,,
1.8735,473,223.9,21.0,0.0070,,
1.8815,474,224.2,21.0,0.0075,,
1.8895,475,224.7,21.0,0.0075,,
1.8975,476,225.0,21.0,0.0075,,
1.9060,477,225.3,21.0,0.0070,,
1.9145,478,225.7,21.0,0.0070,,
1.9230,479,226.1,21.0,0.0070,,
1.9315,480,226.4,21.0,0.0075,,
1.9390,481,226.6,21.0,0.0070,,
1.9475,482,226.9,21.0,0.0075,,
1.9555,483,227.2,21.0,0.0065,,
1.9640,484,227.6,21.0,0.0070,,
1.9725,485,227.9,21.0,0.0070,,
1.9810,486,228.2,21.0,0.0070,,
1.9885,487,228.4,21.0,0.0070,,
1.9970,488,228.8,21.0,0.0075,,
2.0055,489,229.1,21.0,0.0070,,
2.0140,490,229.3,21.0,0.0070,,
2.0220,491,229.6,21.0,0.0065,,
2.0305,492,230.0,21.0,0.0070,,
2.0380,493,230.2,21.0,0.0070,,
2.0465,494,230.6,21.0,0.0075,,
2.0550,495,230.7,21.0,0.0070,,
2.0635,496,231.0,21.0,0.0070,,
2.0720,497,231.2,21.0,0.0070,,
2.0805,498,231.6,21.0,0.0075,,
2.0880,499,231.8,21.0,0.0070,,
2.0965,500,232.0,21.0,0.0075,,
2.1045,501,232.3,21.0,0.0065,,
2.1130,502,232.6,21.0,0.0070,,
2.1215,503,232.9,21.0,0.0070,,
2.1300,504,233.0,21.0,0.0070,,
2.1375,505,233.3,21.0,0.0070,,
2.1460,506,233.5,21.0,0.0075,,
2.1545,507,233.8,21.0,0.0070,,
2.1625,508,234.1,21.0,0.0065,,
2.1700,509,234.2,21.0,0.0060,,
2.1740,510,234.4,21.0,0.0035,,
2.1740,511,234.4,21.0,0.0000,,
2.1755,512,234.4,21.0,0.0015,,
2.1770,513,234.5,21.0,0.0015,,
2.1795,514,234.5,21.0,0.0020,,
2.1820,515,234.6,21.0,0.0020,,
2.1855,516,234.7,21.0,0.0030,,
2.1895,517,234.8,21.0,0.0035,,
2.1925,518,234.8,21.0,0.0025,,
2.1940,519,235.0,21.0,0.0015,,
Scope 1/1, Sample 16/40 (B8)
Result,TitrationEP1
V,t,E,T,dV/dt,E acc. stat.,Volume acc. stat.
0.0000,0,-61.0,20.9,NaN,,
0.0010,1,-61.1,20.9,0.0010,,
0.0025,2,-61.1,20.9,0.0015,,
0.0050,3,-60.9,20.9,0.0025,,
0.0090,4,-60.7,20.9,0.0035,,
0.0150,5,-60.3,20.9,0.0055,,
0.0235,6,-59.5,20.9,0.0075,,
0.0320,7,-58.4,20.9,0.0075,,
0.0405,8,-57.0,20.9,0.0075,,
0.0490,9,-55.6,20.9,0.0075,,
0.0565,10,-54.1,20.9,0.0070,,
0.0645,11,-52.4,20.9,0.0075,,
0.0730,12,-50.7,20.9,0.0075,,
0.0815,13,-48.6,20.9,0.0075,,
0.0900,14,-46.5,20.9,0.0075,,
0.0985,15,-44.5,20.9,0.0085,,
0.1060,16,-42.2,20.9,0.0070,,
0.1145,17,-39.8,21.0,0.0075,,
0.1230,18,-37.0,21.0,0.0075,,
0.1310,19,-34.1,21.0,0.0075,,
0.1395,20,-31.2,20.9,0.0075,,
0.1480,21,-27.9,20.9,0.0075,,
0.1555,22,-24.9,20.9,0.0070,,
0.1640,23,-21.7,20.9,0.0075,,
0.1725,24,-18.5,21.0,0.0075,,
0.1805,25,-15.5,21.0,0.0075,,
0.1890,26,-12.7,21.0,0.0075,,
0.1975,27,-10.2,21.0,0.0075,,
0.2060,28,-7.9,21.0,0.0075,,
0.2135,29,-5.8,21.0,0.0070,,
0.2220,30,-3.8,21.0,0.0075,,
0.2305,31,-2.1,21.0,0.0075,,
0.2385,32,-0.2,21.0,0.0075,,
0.2470,33,1.3,20.9,0.0075,,
0.2555,34,2.8,21.0,0.0075,,
0.2630,35,4.1,20.9,0.0070,,
0.2715,36,5.4,20.9,0.0075,,
0.2800,37,6.8,20.9,0.0075,,
0.2885,38,8.1,21.0,0.0075,,
0.2965,39,9.2,21.0,0.0075,,
0.3050,40,10.3,21.0,0.0075,,
0.3125,41,11.3,21.0,0.0070,,
0.3210,42,12.5,21.0,0.0075,,
0.3295,43,13.6,21.0,0.0075,,
0.3380,44,14.7,21.0,0.0075,,
0.3465,45,15.7,21.0,0.0075,,
0.3550,46,16.8,21.0,0.0075,,
0.3625,47,17.6,21.0,0.0070,,
0.3710,48,18.6,21.0,0.0075,,
0.3790,49,19.6,21.0,0.0075,,
0.3875,50,20.6,21.0,0.0075,,
0.3960,51,21.5,21.0,0.0075,,
0.4045,52,22.4,21.0,0.0075,,
0.4120,53,23.4,21.0,0.0070,,
0.4205,54,24.3,21.0,0.0075,,
0.4290,55,25.3,21.0,0.0075,,
0.4370,56,26.2,21.0,0.0075,,
0.4455,57,27.1,21.0,0.0075,,
0.4540,58,27.9,21.0,0.0075,,
0.4615,59,28.8,21.0,0.0070,,
0.4700,60,29.8,21.0,0.0075,,
0.4785,61,30.7,21.0,0.0075,,
0.4870,62,31.5,21.0,0.0075,,
0.4955,63,32.3,21.0,0.0075,,
0.5035,64,33.2,21.0,0.0075,,
0.5110,65,33.9,21.0,0.0070,,
0.5195,66,34.9,21.0,0.0075,,
0.5280,67,35.7,21.0,0.0075,,
0.5365,68,36.5,21.0,0.0075,,
0.5450,69,37.4,21.0,0.0075,,
0.5535,70,38.3,21.0,0.0075,,
0.5610,71,39.0,21.0,0.0070,,
0.5695,72,39.8,21.0,0.0075,,
0.5775,73,40.6,21.0,0.0075,,
0.5860,74,41.6,21.0,0.0075,,
0.5945,75,42.3,21.0,0.0070,,
0.6030,76,43.1,21.0,0.0075,,
0.6115,77,43.9,21.0,0.0075,,
0.6190,78,44.8,21.0,0.0070,,
0.6275,79,45.7,21.0,0.0075,,
0.6355,80,46.5,21.0,0.0075,,
0.6440,81,47.3,21.0,0.0075,,
0.6525,82,48.1,21.0,0.0075,,
0.6610,83,48.9,21.0,0.0085,,
0.6685,84,49.7,21.0,0.0070,,
0.6770,85,50.6,21.0,0.0075,,
0.6855,86,51.4,21.0,0.0075,,
0.6940,87,52.2,21.0,0.0075,,
0.7020,88,53.1,21.0,0.0075,,
0.7105,89,53.9,21.0,0.0085,,
0.7180,90,54.6,21.0,0.0070,,
0.7265,91,55.6,21.0,0.0075,,
0.7350,92,56.4,21.0,0.0075,,
0.7435,93,57.4,21.0,0.0075,,
0.7520,94,58.2,21.0,0.0075,,
0.7600,95,58.9,21.0,0.0080,,
0.7680,96,59.8,21.0,0.0075,,
0.7760,97,60.7,21.0,0.0075,,
0.7845,98,61.5,21.0,0.0075,,
0.7930,99,62.3,21.0,0.0075,,
0.8015,100,63.2,21.0,0.0075,,
0.8100,101,64.1,21.0,0.0075,,
0.8175,102,64.9,21.0,0.0070,,
0.8260,103,65.8,21.0,0.0075,,
0.8340,104,66.5,21.0,0.0075,,
0.8425,105,67.4,21.0,0.0075,,
0.8510,106,68.3,21.0,0.0075,,
0.8595,107,69.2,21.0,0.0075,,
0.8670,108,70.0,21.0,0.0070,,
0.8755,109,70.7,21.0,0.0075,,
0.8840,110,71.8,21.0,0.0075,,
0.8925,111,72.6,21.0,0.0075,,
0.9005,112,73.5,21.0,0.0075,,
0.9090,113,74.2,21.0,0.0085,,
0.9165,114,75.1,21.0,0.0070,,
0.9250,115,76.0,21.0,0.0075,,
0.9335,116,77.0,21.0,0.0075,,
0.9420,117,78.0,21.0,0.0075,,
0.9505,118,79.0,21.0,0.0075,,
0.9590,119,79.9,21.0,0.0085,,
0.9665,120,80.9,21.0,0.0070,,
0.9750,121,82.0,21.0,0.0075,,
0.9830,122,82.8,21.0,0.0075,,
0.9915,123,83.9,21.0,0.0075,,
1.0000,124,85.1,21.0,0.0075,,
1.0085,125,86.0,21.0,0.0075,,
1.0160,126,87.0,21.0,0.0070,,
1.0245,127,88.2,21.0,0.0075,,
1.0330,128,89.3,21.0,0.0075,,
1.0410,129,90.4,21.0,0.0075,,
1.0495,130,91.5,21.0,0.0075,,
1.0580,131,92.4,21.0,0.0085,,
1.0655,132,93.7,21.0,0.0070,,
1.0740,133,94.9,21.0,0.0075,,
1.0825,134,96.3,21.0,0.0075,,
1.0910,135,97.4,21.0,0.0075,,
1.0990,136,98.8,21.0,0.0075,,
1.1075,137,100.3,21.0,0.0075,,
1.1150,138,101.6,21.0,0.0070,,
1.1235,139,103.0,21.0,0.0075,,
1.1320,140,104.6,21.0,0.0075,,
1.1405,141,106.4,21.0,0.0075,,
1.1490,142,108.2,21.0,0.0075,,
1.1570,143,109.8,21.0,0.0075,,
1.1650,144,111.4,21.0,0.0075,,
1.1730,145,113.2,21.0,0.0075,,
1.1815,146,115.4,21.0,0.0075,,
1.1900,147,117.5,21.0,0.0075,,
1.1985,148,119.5,21.0,0.0075,,
1.2070,149,121.6,21.0,0.0075,,
1.2145,150,123.8,21.0,0.0070,,
1.2230,151,126.4,21.0,0.0075,,
1.2310,152,129.4,21.0,0.0075,,
1.2395,153,132.1,21.0,0.0075,,
1.2480,154,135.0,21.0,0.0075,,
1.2565,155,137.9,21.0,0.0075,,
1.2640,156,140.9,21.0,0.0070,,
1.2725,157,144.5,21.0,0.0075,,
1.2810,158,147.8,21.0,0.0075,,
1.2895,159,151.0,21.0,0.0075,,
1.2975,160,154.7,21.0,0.0075,,
1.3060,161,158.3,21.0,0.0075,,
1.3145,162,161.3,21.0,0.0075,,
1.3220,163,163.8,21.0,0.0070,,
1.3305,164,166.8,21.0,0.0075,,
1.3390,165,169.8,21.0,0.0075,,
1.3475,166,172.0,21.0,0.0075,,
1.3555,167,174.5,21.0,0.0075,,
1.3640,168,176.5,21.0,0.0075,,
1.3715,169,178.3,21.0,0.0070,,
1.3800,170,180.4,21.0,0.0075,,
1.3885,171,182.1,21.0,0.0075,,
1.3970,172,183.8,21.0,0.0075,,
1.4045,173,185.0,21.0,0.0075,,
1.4045,413,186.9,21.0,0.0000,,
1.4050,414,187.0,21.0,0.0005,,
1.4065,415,186.9,21.0,0.0015,,
1.4095,416,187.2,21.0,0.0025,,
1.4130,417,187.8,21.0,0.0030,,
1.4195,418,188.6,21.0,0.0055,,
1.4275,419,189.7,21.0,0.0065,,
1.4355,420,190.9,21.0,0.0075,,
1.4435,421,192.0,21.0,0.0075,,
1.4520,422,193.4,21.0,0.0075,,
1.4605,423,194.6,21.0,0.0070,,
1.4690,424,195.6,21.0,0.0070,,
1.4775,425,196.6,21.0,0.0070,,
1.4850,426,197.5,21.0,0.0070,,
1.4935,427,198.6,21.0,0.0075,,
1.5020,428,199.5,21.0,0.0075,,
1.5100,429,200.4,21.0,0.0065,,
1.5185,430,201.2,21.0,0.0070,,
1.5270,431,202.1,21.0,0.0075,,
1.5345,432,202.9,21.0,0.0070,,
1.5430,433,203.6,21.0,0.0075,,
1.5515,434,204.4,21.0,0.0075,,
1.5600,435,205.2,21.0,0.0070,,
1.5685,436,205.9,21.0,0.0070,,
1.5765,437,206.5,21.0,0.0075,,
1.5840,438,207.2,21.0,0.0070,,
1.5925,439,207.8,21.0,0.0075,,
1.6010,440,208.6,21.0,0.0070,,
1.6095,441,209.2,21.0,0.0070,,
1.6180,442,209.8,21.0,0.0070,,
1.6265,443,210.4,21.0,0.0070,,
1.6340,444,211.0,21.0,0.0070,,
1.6425,445,211.7,21.0,0.0075,,
1.6505,446,212.1,21.0,0.0075,,
1.6590,447,212.6,21.0,0.0070,,
1.6675,448,213.2,21.0,0.0070,,
1.6760,449,213.9,21.0,0.0070,,
1.6835,450,214.4,21.0,0.0070,,
1.6920,451,214.9,21.0,0.0075,,
1.7005,452,215.3,21.0,0.0075,,
1.7085,453,215.9,21.0,0.0065,,
1.7170,454,216.4,21.0,0.0070,,
1.7255,455,216.8,21.0,0.0070,,
1.7330,456,217.3,21.0,0.0070,,
1.7415,457,217.7,21.0,0.0075,,
1.7500,458,218.2,21.0,0.0075,,
1.7585,459,218.7,21.0,0.0070,,
1.7665,460,219.0,21.0,0.0065,,
1.7750,461,219.4,21.0,0.0070,,
1.7835,462,219.8,21.0,0.0075,,
1.7910,463,220.3,21.0,0.0060,,
1.7995,464,220.7,21.0,0.0075,,
1.8080,465,221.1,21.0,0.0070,,
1.8165,466,221.4,21.0,0.0070,,
1.8245,467,221.9,21.0,0.0065,,
1.8330,468,222.3,21.0,0.0070,,
1.8405,469,222.5,21.0,0.0070,,
1.8490,470,222.9,21.0,0.0075,,
1.8575,471,223.2,21.0,0.0075,,
1.8660,472,223.5,21.0,0.0070,,
1.8745,473,224.0,21.0,0.0070,,
1.8825,474,224.3,21.0,0.0065,,
1.8905,475,224.6,21.0,0.0075,,
1.8985,476,225.0,21.0,0.0075,,
1.9070,477,225.3,21.0,0.0075,,
1.9155,478,225.7,21.0,0.0070,,
1.9240,479,225.9,21.0,0.0070,,
1.9325,480,226.3,21.0,0.0070,,
1.9400,481,226.5,21.0,0.0070,,
1.9485,482,226.9,21.0,0.0075,,
1.9570,483,227.2,21.0,0.0075,,
1.9650,484,227.5,21.0,0.0065,,
1.9735,485,227.9,21.0,0.0070,,
1.9820,486,228.2,21.0,0.0070,,
1.9895,487,228.4,21.0,0.0070,,
1.9980,488,228.7,21.0,0.0075,,
2.0065,489,229.0,21.0,0.0075,,
2.0150,490,229.4,21.0,0.0070,,
2.0235,491,229.7,21.0,0.0070,,
2.0315,492,229.9,21.0,0.0065,,
2.0390,493,230.2,21.0,0.0070,,
2.0475,494,230.4,21.0,0.0075,,
2.0560,495,230.7,21.0,0.0075,,
2.0645,496,231.0,21.0,0.0070,,
2.0730,497,231.3,21.0,0.0070,,
2.0815,498,231.5,21.0,0.0070,,
2.0890,499,231.7,21.0,0.0070,,
2.0975,500,232.0,21.0,0.0075,,
2.1055,501,232.3,21.0,0.0065,,
2.1140,502,232.5,21.0,0.0070,,
2.1225,503,232.8,21.0,0.0070,,
2.1310,504,233.0,21.0,0.0070,,
2.1385,505,233.1,21.0,0.0070,,
2.1470,506,233.5,21.0,0.0075,,
2.1555,507,233.7,21.0,0.0075,,
2.1635,508,234.0,21.0,0.0065,,
2.1715,509,234.3,21.0,0.0065,,
2.1775,510,234.5,21.0,0.0050,,
2.1805,511,234.6,21.0,0.0025,,
2.1825,512,234.6,21.0,0.0020,,
2.1850,513,234.7,21.0,0.0025,,
2.1885,514,234.8,21.0,0.0030,,
2.1930,515,234.9,21.0,0.0035,,
2.1965,516,235.0,21.0,0.0030,,
Scope 1/1, Sample 17/40 (T9)
Result,TitrationEP1
V,t,E,T,dV/dt,E acc. stat.,Volume acc. stat.
0.0000,0,-63.2,20.9,NaN,,
0.0005,1,-63.3,20.9,0.0005,,
0.0025,2,-63.2,20.9,0.0020,,
0.0050,3,-63.2,20.9,0.0025,,
0.0090,4,-63.1,20.9,0.0035,,
0.0150,5,-62.7,20.9,0.0055,,
0.0235,6,-62.0,20.9,0.0075,,
0.0310,7,-61.1,20.9,0.0075,,
0.0395,8,-59.9,20.9,0.0085,,
0.0480,9,-58.5,20.9,0.0075,,
0.0565,10,-56.9,20.9,0.0075,,
0.0650,11,-55.3,20.9,0.0075,,
0.0730,12,-53.6,20.9,0.0075,,
0.0810,13,-51.9,20.9,0.0080,,
0.0890,14,-50.0,20.9,0.0080,,
0.0975,15,-48.0,20.9,0.0085,,
0.1060,16,-45.9,20.9,0.0075,,
0.1145,17,-43.6,20.9,0.0075,,
0.1230,18,-41.0,20.9,0.0075,,
0.1305,19,-38.8,20.9,0.0075,,
0.1390,20,-36.1,20.9,0.0085,,
0.1475,21,-33.3,20.9,0.0085,,
0.1555,22,-30.4,20.9,0.0075,,
0.1640,23,-27.2,20.9,0.0075,,
0.1725,24,-24.1,20.9,0.0075,,
0.1810,25,-21.1,20.9,0.0085,,
0.1885,26,-18.1,20.9,0.0075,,
0.1970,27,-15.4,20.9,0.0085,,
0.2055,28,-12.8,20.9,0.0075,,
0.2135,29,-10.2,20.9,0.0075,,
0.2220,30,-8.1,20.9,0.0075,,
0.2305,31,-6.0,20.9,0.0075,,
0.2380,32,-4.2,20.9,0.0075,,
0.2465,33,-2.5,20.9,0.0085,,
0.2550,34,-0.9,20.9,0.0075,,
0.2635,35,0.7,20.9,0.0075,,
0.2715,36,1.9,20.9,0.0075,,
0.2800,37,3.5,20.9,0.0075,,
0.2875,38,4.8,20.9,0.0075,,
0.2960,39,6.2,20.9,0.0085,,
0.3045,40,7.5,20.9,0.0075,,
0.3130,41,8.8,20.9,0.0075,,
0.3215,42,10.0,20.9,0.0075,,
0.3295,43,11.1,20.9,0.0075,,
0.3375,44,12.2,20.9,0.0080,,
0.3460,45,13.3,20.9,0.0085,,
0.3540,46,14.4,20.9,0.0075,,
0.3625,47,15.5,20.9,0.0075,,
0.3710,48,16.5,20.9,0.0075,,
0.3795,49,17.5,20.9,0.0085,,
0.3870,50,18.5,20.9,0.0075,,
0.3955,51,19.6,20.9,0.0085,,
0.4040,52,20.6,20.9,0.0075,,
0.4120,53,21.6,20.9,0.0075,,
0.4205,54,22.5,20.9,0.0075,,
0.4290,55,23.3,20.9,0.0085,,
0.4365,56,24.3,20.9,0.0075,,
0.4450,57,25.3,20.9,0.0085,,
0.4535,58,26.2,20.9,0.0075,,
0.4620,59,27.0,20.9,0.0075,,
0.4700,60,28.0,20.9,0.0075,,
0.4785,61,29.0,20.9,0.0075,,
0.4860,62,29.8,20.9,0.0075,,
0.4945,63,30.6,20.9,0.0085,,
0.5030,64,31.5,20.9,0.0075,,
0.5115,65,32.4,20.9,0.0075,,
0.5200,66,33.3,20.9,0.0075,,
0.5285,67,34.1,20.9,0.0075,,
0.5360,68,34.8,20.9,0.0075,,
0.5445,69,35.7,20.9,0.0085,,
0.5525,70,36.7,20.9,0.0075,,
0.5610,71,37.6,20.9,0.0075,,
0.5695,72,38.4,20.9,0.0075,,
0.5780,73,39.2,20.9,0.0075,,
0.5855,74,40.0,20.9,0.0075,,
0.5940,75,41.0,20.9,0.0085,,
0.6025,76,41.8,20.9,0.0075,,
0.6105,77,42.5,20.9,0.0075,,
0.6190,78,43.3,20.9,0.0075,,
0.6275,79,44.2,20.9,0.0075,,
0.6350,80,45.0,20.9,0.0075,,
0.6435,81,45.8,20.9,0.0085,,
0.6520,82,46.6,20.9,0.0075,,
0.6605,83,47.5,20.9,0.0075,,
0.6690,84,48.4,20.9,0.0075,,
0.6770,85,49.2,20.9,0.0075,,
0.6845,86,50.0,20.9,0.0075,,
0.6930,87,50.8,20.9,0.0085,,
0.7015,88,51.7,20.9,0.0075,,
0.7100,89,52.6,20.9,0.0075,,
0.7185,90,53.4,20.9,0.0075,,
0.7270,91,54.2,20.9,0.0075,,
0.7345,92,54.9,20.9,0.0075,,
0.7430,93,55.8,20.9,0.0085,,
0.7510,94,56.7,20.9,0.0080,,
0.7595,95,57.5,20.9,0.0075,,
0.7680,96,58.4,20.9,0.0075,,
0.7765,97,59.2,20.9,0.0075,,
0.7840,98,59.9,20.9,0.0075,,
0.7925,99,60.7,20.9,0.0085,,
0.8010,100,61.4,20.9,0.0085,,
0.8090,101,62.3,20.9,0.0075,,
0.8175,102,63.3,20.9,0.0075,,
0.8260,103,64.3,20.9,0.0075,,
0.8345,104,65.1,20.9,0.0085,,
0.8420,105,65.8,20.9,0.0075,,
0.8505,106,66.8,20.9,0.0075,,
0.8590,107,67.8,20.9,0.0075,,
0.8675,108,68.6,20.9,0.0075,,
0.8755,109,69.4,20.9,0.0075,,
0.8835,110,70.2,20.9,0.0080,,
0.8915,111,71.1,20.9,0.0080,,
0.9000,112,72.0,20.9,0.0075,,
0.9085,113,72.8,20.9,0.0075,,
0.9170,114,73.7,20.9,0.0075,,
0.9255,115,74.7,20.9,0.0075,,
0.9330,116,75.6,20.9,0.0075,,
0.9415,117,76.5,20.9,0.0085,,
0.9495,118,77.2,20.9,0.0080,,
0.9580,119,78.1,20.9,0.0075,,
0.9665,120,79.2,21.0,0.0075,,
0.9750,121,80.2,20.9,0.0075,,
0.9825,122,81.2,20.9,0.0075,,
0.9910,123,82.2,21.0,0.0085,,
0.9995,124,83.2,20.9,0.0075,,
1.0080,125,84.3,20.9,0.0075,,
1.0160,126,85.3,20.9,0.0075,,
1.0245,127,86.5,20.9,0.0075,,
1.0320,128,87.4,20.9,0.0075,,
1.0405,129,88.4,21.0,0.0085,,
1.0490,130,89.7,20.9,0.0075,,
1.0575,131,90.7,20.9,0.0075,,
1.0660,132,91.8,20.9,0.0075,,
1.0745,133,93.1,20.9,0.0075,,
1.0820,134,94.1,21.0,0.0075,,
1.0900,135,95.3,21.0,0.0080,,
1.0985,136,96.5,21.0,0.0085,,
1.1070,137,97.8,21.0,0.0075,,
1.1155,138,99.4,20.9,0.0075,,
1.1240,139,100.8,21.0,0.0075,,
1.1315,140,102.0,21.0,0.0075,,
1.1400,141,103.6,21.0,0.0085,,
1.1485,142,105.3,20.9,0.0075,,
1.1565,143,107.1,21.0,0.0075,,
1.1650,144,108.5,21.0,0.0075,,
1.1735,145,110.1,21.0,0.0075,,
1.1810,146,111.6,21.0,0.0075,,
1.1895,147,113.7,21.0,0.0085,,
1.1980,148,115.6,20.9,0.0085,,
1.2065,149,117.7,21.0,0.0075,,
1.2145,150,120.0,21.0,0.0075,,
1.2230,151,122.3,21.0,0.0075,,
1.2315,152,124.2,21.0,0.0085,,
1.2390,153,126.7,21.0,0.0075,,
1.2475,154,129.6,21.0,0.0085,,
1.2560,155,132.4,21.0,0.0075,,
1.2645,156,135.5,21.0,0.0075,,
1.2730,157,138.7,21.0,0.0075,,
1.2810,158,141.3,21.0,0.0080,,
1.2885,159,144.7,21.0,0.0075,,
1.2970,160,148.0,21.0,0.0085,,
1.3055,161,151.8,21.0,0.0075,,
1.3140,162,155.0,21.0,0.0075,,
1.3225,163,158.3,21.0,0.0075,,
1.3310,164,161.1,21.0,0.0085,,
1.3385,165,163.9,21.0,0.0075,,
1.3470,166,167.1,21.0,0.0085,,
1.3550,167,169.8,21.0,0.0075,,
1.3635,168,172.2,21.0,0.0075,,
1.3720,169,174.5,21.0,0.0075,,
1.3805,170,176.5,21.0,0.0085,,
1.3880,171,178.6,21.0,0.0075,,
1.3965,172,180.5,21.0,0.0085,,
1.4050,173,182.2,21.0,0.0075,,
1.4135,174,184.0,21.0,0.0075,,
1.4195,175,185.1,21.0,0.0065,,
1.4195,415,186.9,21.0,0.0000,,
1.4200,416,186.9,21.0,0.0005,,
1.4215,417,186.9,21.0,0.0015,,
1.4240,418,187.1,21.0,0.0025,,
1.4280,419,187.7,21.0,0.0035,,
1.4340,420,188.5,21.0,0.0055,,
1.4420,421,189.6,21.0,0.0075,,
1.4500,422,190.8,21.0,0.0080,,
1.4580,423,192.1,21.0,0.0080,,
1.4665,424,193.3,21.0,0.0085,,
1.4750,425,194.5,21.0,0.0075,,
1.4835,426,195.5,21.0,0.0075,,
1.4920,427,196.6,21.0,0.0075,,
1.4995,428,197.4,21.0,0.0075,,
1.5080,429,198.6,21.0,0.0085,,
1.5160,430,199.5,21.0,0.0080,,
1.5245,431,200.4,21.0,0.0075,,
1.5330,432,201.4,21.0,0.0075,,
1.5415,433,202.2,21.0,0.0075,,
1.5490,434,203.0,21.0,0.0075,,
1.5575,435,203.7,21.0,0.0085,,
1.5660,436,204.5,21.0,0.0075,,
1.5745,437,205.3,21.0,0.0075,,
1.5825,438,206.0,21.0,0.0075,,
1.5910,439,206.7,21.0,0.0075,,
1.5985,440,207.4,21.0,0.0075,,
1.6070,441,208.0,21.0,0.0085,,
1.6155,442,208.7,21.0,0.0085,,
1.6240,443,209.3,21.0,0.0075,,
1.6325,444,210.0,21.0,0.0075,,
1.6410,445,210.7,21.0,0.0075,,
1.6485,446,211.1,21.0,0.0075,,
1.6570,447,211.8,21.0,0.0085,,
1.6650,448,212.3,21.0,0.0075,,
1.6735,449,212.8,21.0,0.0075,,
1.6820,450,213.4,21.0,0.0075,,
1.6905,451,213.9,21.0,0.0075,,
1.6980,452,214.3,21.0,0.0070,,
1.7065,453,214.9,21.0,0.0085,,
1.7150,454,215.4,21.0,0.0075,,
1.7235,455,215.9,21.0,0.0075,,
1.7315,456,216.3,21.0,0.0075,,
1.7400,457,216.7,21.0,0.0075,,
1.7475,458,217.2,21.0,0.0075,,
1.7560,459,217.6,21.0,0.0085,,
1.7645,460,218.1,21.0,0.0085,,
1.7730,461,218.7,21.0,0.0075,,
1.7810,462,219.0,21.0,0.0075,,
1.7895,463,219.4,21.0,0.0075,,
1.7970,464,219.8,21.0,0.0075,,
1.8055,465,220.3,21.0,0.0085,,
1.8140,466,220.8,21.0,0.0085,,
1.8225,467,221.2,21.0,0.0075,,
1.8310,468,221.5,21.0,0.0075,,
1.8395,469,222.0,21.0,0.0075,,
1.8470,470,222.3,21.0,0.0075,,
1.8550,471,222.7,21.0,0.0080,,
1.8635,472,223.0,21.0,0.0085,,
1.8720,473,223.4,21.0,0.0075,,
1.8805,474,223.7,21.0,0.0075,,
1.8890,475,224.2,21.0,0.0075,,
1.8965,476,224.5,21.0,0.0075,,
1.9050,477,224.8,21.0,0.0085,,
1.9135,478,225.2,21.0,0.0085,,
1.9215,479,225.5,21.0,0.0075,,
1.9300,480,225.7,21.0,0.0075,,
1.9385,481,226.0,21.0,0.0075,,
1.9460,482,226.4,21.0,0.0075,,
1.9545,483,226.8,21.0,0.0085,,
1.9630,484,227.1,21.0,0.0085,,
1.9715,485,227.4,21.0,0.0075,,
1.9795,486,227.7,21.0,0.0075,,
1.9880,487,228.1,21.0,0.0075,,
1.9965,488,228.3,21.0,0.0085,,
2.0040,489,228.6,21.0,0.0075,,
2.0125,490,228.8,21.0,0.0085,,
2.0210,491,229.1,21.0,0.0075,,
2.0295,492,229.4,21.0,0.0075,,
2.0375,493,229.6,21.0,0.0075,,
2.0460,494,229.9,21.0,0.0075,,
2.0535,495,230.3,21.0,0.0075,,
2.0620,496,230.5,21.0,0.0085,,
2.0705,497,230.9,21.0,0.0085,,
2.0790,498,231.1,21.0,0.0075,,
2.0875,499,231.2,21.0,0.0075,,
2.0960,500,231.5,21.0,0.0075,,
2.1035,501,231.8,21.0,0.0075,,
2.1115,502,232.1,21.0,0.0080,,
2.1200,503,232.3,21.0,0.0085,,
2.1285,504,232.5,21.0,0.0075,,
2.1370,505,232.8,21.0,0.0075,,
2.1455,506,233.1,21.0,0.0075,,
2.1530,507,233.3,21.0,0.0075,,
2.1615,508,233.5,21.0,0.0085,,
2.1695,509,233.7,21.0,0.0080,,
2.1780,510,234.0,21.0,0.0075,,
2.1830,511,234.3,21.0,0.0045,,
2.1845,512,234.4,21.0,0.0015,,
2.1850,513,234.4,21.0,0.0005,,
2.1865,514,234.4,21.0,0.0015,,
2.1885,515,234.5,21.0,0.0020,,
2.1905,516,234.6,21.0,0.0020,,
2.1935,517,234.6,21.0,0.0025,,
2.1975,518,234.7,21.0,0.0035,,
2.2015,519,234.8,21.0,0.0040,,
2.2040,520,234.9,21.0,0.0025,,
2.2045,520,235.0,21.0,0.0025,,
Scope 1/1, Sample 18/40 (B9)
Result,TitrationEP1
V,t,E,T,dV/dt,E acc. stat.,Volume acc. stat.
0.0000,0,-60.8,20.9,NaN,,
0.0010,1,-60.8,20.9,0.0010,,
0.0025,2,-60.8,20.9,0.0015,,
0.0050,3,-60.8,20.9,0.0025,,
0.0090,4,-60.7,20.9,0.0035,,
0.0150,5,-60.3,20.9,0.0055,,
0.0235,6,-59.5,20.9,0.0075,,
0.0320,7,-58.4,20.9,0.0075,,
0.0405,8,-57.1,20.9,0.0075,,
0.0490,9,-55.7,20.9,0.0075,,
0.0565,10,-54.1,20.9,0.0070,,
0.0650,11,-52.2,20.9,0.0075,,
0.0735,12,-50.5,20.9,0.0075,,
0.0815,13,-48.4,20.9,0.0075,,
0.0900,14,-46.3,20.9,0.0075,,
0.0985,15,-44.2,20.9,0.0075,,
0.1060,16,-41.9,20.9,0.0070,,
0.1145,17,-39.3,20.9,0.0075,,
0.1230,18,-36.6,20.9,0.0075,,
0.1315,19,-33.8,20.9,0.0075,,
0.1395,20,-30.9,20.9,0.0075,,
0.1480,21,-27.9,20.9,0.0075,,
0.1555,22,-25.1,20.9,0.0070,,
0.1640,23,-21.9,20.9,0.0075,,
0.1725,24,-18.7,20.9,0.0075,,
0.1810,25,-15.8,20.9,0.0075,,
0.1895,26,-13.1,20.9,0.0075,,
0.1975,27,-10.5,20.9,0.0075,,
0.2055,28,-8.5,20.9,0.0075,,
0.2135,29,-6.3,20.9,0.0075,,
0.2220,30,-4.3,20.9,0.0075,,
0.2305,31,-2.6,20.9,0.0075,,
0.2390,32,-0.9,20.9,0.0075,,
0.2475,33,0.7,20.9,0.0075,,
0.2550,34,2.0,20.9,0.0070,,
0.2635,35,3.6,20.9,0.0075,,
0.2715,36,4.9,20.9,0.0075,,
0.2800,37,6.4,20.9,0.0075,,
0.2885,38,7.7,20.9,0.0075,,
0.2970,39,8.9,20.9,0.0075,,
0.3045,40,10.0,20.9,0.0070,,
0.3130,41,11.2,20.9,0.0075,,
0.3215,42,12.4,20.9,0.0075,,
0.3300,43,13.5,20.9,0.0075,,
0.3380,44,14.5,20.9,0.0075,,
0.3465,45,15.6,20.9,0.0075,,
0.3550,46,16.4,20.9,0.0075,,
0.3625,47,17.4,20.9,0.0070,,
0.3710,48,18.5,20.9,0.0075,,
0.3795,49,19.5,20.9,0.0075,,
0.3880,50,20.5,20.9,0.0075,,
0.3960,51,21.5,20.9,0.0075,,
0.4040,52,22.4,20.9,0.0075,,
0.4120,53,23.3,20.9,0.0075,,
0.4205,54,24.2,20.9,0.0075,,
0.4290,55,25.1,20.9,0.0075,,
0.4375,56,26.1,20.9,0.0075,,
0.4460,57,27.1,20.9,0.0075,,
0.4535,58,27.9,20.9,0.0070,,
0.4620,59,28.7,20.9,0.0075,,
0.4705,60,29.7,20.9,0.0075,,
0.4785,61,30.6,20.9,0.0075,,
0.4870,62,31.5,20.9,0.0075,,
0.4955,63,32.4,20.9,0.0075,,
0.5040,64,33.2,20.9,0.0075,,
0.5115,65,34.1,20.9,0.0070,,
0.5200,66,35.0,20.9,0.0075,,
0.5285,67,35.7,20.9,0.0075,,
0.5365,68,36.6,20.9,0.0075,,
0.5450,69,37.4,20.9,0.0075,,
0.5525,70,38.2,20.9,0.0070,,
0.5610,71,39.1,20.9,0.0075,,
0.5695,72,39.9,20.9,0.0075,,
0.5780,73,40.8,20.9,0.0075,,
0.5865,74,41.7,20.9,0.0075,,
0.5945,75,42.5,20.9,0.0075,,
0.6030,76,43.3,20.9,0.0085,,
0.6105,77,44.1,20.9,0.0070,,
0.6190,78,44.9,20.9,0.0075,,
0.6275,79,45.7,20.9,0.0075,,
0.6360,80,46.5,20.9,0.0075,,
0.6445,81,47.2,20.9,0.0075,,
0.6525,82,48.1,20.9,0.0075,,
0.6605,83,48.8,20.9,0.0075,,
0.6685,84,49.7,20.9,0.0075,,
0.6770,85,50.6,20.9,0.0075,,
0.6855,86,51.4,20.9,0.0075,,
0.6940,87,52.2,20.9,0.0075,,
0.7025,88,52.9,20.9,0.0075,,
0.7100,89,53.6,20.9,0.0070,,
0.7185,90,54.4,20.9,0.0075,,
0.7265,91,55.2,20.9,0.0075,,
0.7350,92,56.1,21.0,0.0075,,
0.7435,93,56.9,20.9,0.0075,,
0.7520,94,57.7,21.0,0.0075,,
0.7595,95,58.4,20.9,0.0070,,
0.7680,96,59.2,20.9,0.0075,,
0.7765,97,60.1,20.9,0.0075,,
0.7845,98,61.0,20.9,0.0075,,
0.7930,99,61.8,20.9,0.0075,,
0.8015,100,62.6,20.9,0.0075,,
0.8100,101,63.4,20.9,0.0075,,
0.8175,102,64.3,21.0,0.0070,,
0.8260,103,65.1,20.9,0.0075,,
0.8345,104,65.9,20.9,0.0075,,
0.8430,105,66.6,20.9,0.0075,,
0.8510,106,67.5,21.0,0.0075,,
0.8595,107,68.3,21.0,0.0075,,
0.8670,108,69.2,20.9,0.0070,,
0.8755,109,70.0,20.9,0.0075,,
0.8840,110,70.8,20.9,0.0075,,
0.8925,111,71.6,20.9,0.0075,,
0.9010,112,72.4,21.0,0.0075,,
0.9085,113,73.2,20.9,0.0070,,
0.9170,114,74.2,20.9,0.0075,,
0.9250,115,75.1,20.9,0.0075,,
0.9335,116,76.1,21.0,0.0075,,
0.9420,117,77.0,20.9,0.0075,,
0.9505,118,77.9,21.0,0.0075,,
0.9590,119,78.9,21.0,0.0075,,
0.9665,120,80.0,21.0,0.0070,,
0.9750,121,81.0,21.0,0.0075,,
0.9835,122,81.9,21.0,0.0075,,
0.9915,123,82.8,21.0,0.0075,,
1.0000,124,83.9,21.0,0.0075,,
1.0085,125,84.7,21.0,0.0085,,
1.0160,126,85.9,21.0,0.0070,,
1.0245,127,87.0,21.0,0.0075,,
1.0330,128,88.1,20.9,0.0075,,
1.0415,129,89.3,21.0,0.0075,,
1.0495,130,90.3,21.0,0.0075,,
1.0580,131,91.4,21.0,0.0075,,
1.0655,132,92.7,21.0,0.0070,,
1.0740,133,93.7,21.0,0.0075,,
1.0825,134,95.2,21.0,0.0075,,
1.0910,135,96.5,21.0,0.0075,,
1.0995,136,97.9,21.0,0.0075,,
1.1080,137,98.9,21.0,0.0075,,
1.1155,138,100.4,21.0,0.0070,,
1.1240,139,101.9,21.0,0.0075,,
1.1320,140,103.3,21.0,0.0075,,
1.1405,141,104.6,21.0,0.0075,,
1.1490,142,106.2,21.0,0.0075,,
1.1575,143,107.9,21.0,0.0075,,
1.1650,144,109.4,21.0,0.0070,,
1.1735,145,111.4,21.0,0.0075,,
1.1815,146,113.2,21.0,0.0075,,
1.1900,147,115.3,21.0,0.0075,,
1.1985,148,117.4,21.0,0.0075,,
1.2070,149,119.2,21.0,0.0075,,
1.2145,150,121.4,21.0,0.0070,,
1.2230,151,124.0,21.0,0.0075,,
1.2315,152,126.6,21.0,0.0075,,
1.2400,153,129.1,21.0,0.0075,,
1.2480,154,131.9,21.0,0.0075,,
1.2565,155,135.0,21.0,0.0075,,
1.2640,156,137.7,21.0,0.0070,,
1.2725,157,140.9,21.0,0.0075,,
1.2810,158,144.2,21.0,0.0075,,
1.2895,159,147.3,21.0,0.0075,,
1.2980,160,151.0,21.0,0.0075,,
1.3060,161,154.7,21.0,0.0075,,
1.3145,162,157.2,21.0,0.0085,,
1.3220,163,160.4,21.0,0.0070,,
1.3305,164,163.6,21.0,0.0075,,
1.3390,165,166.3,21.0,0.0075,,
1.3475,166,169.3,21.0,0.0075,,
1.3560,167,171.7,21.0,0.0075,,
1.3640,168,174.0,21.0,0.0075,,
1.3720,169,175.9,21.0,0.0075,,
1.3800,170,178.1,21.0,0.0075,,
1.3885,171,180.0,21.0,0.0075,,
1.3970,172,182.0,21.0,0.0075,,
1.4055,173,183.7,21.0,0.0075,,
1.4150,174,185.1,21.0,0.0075,,
1.4150,414,187.0,21.0,0.0000,,
1.4155,415,187.0,21.0,0.0005,,
1.4170,416,187.1,21.0,0.0010,,
1.4195,417,187.3,21.0,0.0020,,
1.4235,418,187.8,21.0,0.0030,,
1.4300,419,188.7,21.0,0.0045,,
1.4385,420,189.8,21.0,0.0065,,
1.4460,421,190.9,21.0,0.0060,,
1.4545,422,192.3,21.0,0.0065,,
1.4625,423,193.4,21.0,0.0055,,
1.4710,424,194.5,21.0,0.0060,,
1.4795,425,195.6,21.0,0.0060,,
1.4880,426,196.5,21.0,0.0065,,
1.4955,427,197.6,21.0,0.0060,,
1.5040,428,198.7,21.0,0.0065,,
1.5125,429,199.6,21.0,0.0060,,
1.5205,430,200.5,21.0,0.0055,,
1.5290,431,201.4,21.0,0.0060,,
1.5375,432,202.0,21.0,0.0065,,
1.5450,433,202.9,21.0,0.0060,,
1.5535,434,203.6,21.0,0.0065,,
1.5620,435,204.5,21.0,0.0060,,
1.5705,436,205.2,21.0,0.0060,,
1.5790,437,206.0,21.0,0.0060,,
1.5870,438,206.6,21.0,0.0060,,
1.5950,439,207.3,21.0,0.0060,,
1.6030,440,207.9,21.0,0.0060,,
1.6115,441,208.7,21.0,0.0060,,
1.6200,442,209.4,21.0,0.0060,,
1.6285,443,210.0,21.0,0.0060,,
1.6370,444,210.6,21.0,0.0065,,
1.6445,445,211.2,21.0,0.0060,,
1.6530,446,211.8,21.0,0.0065,,
1.6610,447,212.3,21.0,0.0055,,
1.6695,448,212.9,21.0,0.0060,,
1.6780,449,213.5,21.0,0.0060,,
1.6865,450,214.0,21.0,0.0060,,
1.6940,451,214.5,21.0,0.0060,,
1.7025,452,215.0,21.0,0.0065,,
1.7110,453,215.5,21.0,0.0060,,
1.7190,454,216.0,21.0,0.0055,,
1.7275,455,216.5,21.0,0.0060,,
1.7360,456,216.9,21.0,0.0060,,
1.7435,457,217.3,21.0,0.0060,,
1.7520,458,217.8,21.0,0.0065,,
1.7605,459,218.2,21.0,0.0065,,
1.7690,460,218.6,21.0,0.0060,,
1.7775,461,219.0,21.0,0.0060,,
1.7855,462,219.4,21.0,0.0055,,
1.7935,463,219.8,21.0,0.0060,,
1.8015,464,220.2,21.0,0.0060,,
1.8100,465,220.6,21.0,0.0065,,
1.8185,466,221.0,21.0,0.0060,,
1.8270,467,221.4,21.0,0.0060,,
1.8355,468,221.8,21.0,0.0060,,
1.8430,469,222.2,21.0,0.0055,,
1.8515,470,222.6,21.0,0.0065,,
1.8595,471,222.9,21.0,0.0060,,
1.8680,472,223.3,21.0,0.0060,,
1.8765,473,223.7,21.0,0.0060,,
1.8850,474,224.1,21.0,0.0060,,
1.8925,475,224.5,21.0,0.0060,,
1.9010,476,224.8,21.0,0.0065,,
1.9095,477,225.2,21.0,0.0065,,
1.9180,478,225.6,21.0,0.0060,,
1.9260,479,225.9,21.0,0.0055,,
1.9345,480,226.2,21.0,0.0060,,
1.9420,481,226.5,21.0,0.0060,,
1.9505,482,226.7,21.0,0.0065,,
1.9590,483,226.9,21.0,0.0065,,
1.9675,484,227.3,21.0,0.0060,,
1.9755,485,227.7,21.0,0.0055,,
1.9840,486,228.0,21.0,0.0060,,
1.9925,487,228.4,21.0,0.0060,,
2.0000,488,228.5,21.0,0.0060,,
2.0085,489,229.0,21.0,0.0065,,
2.0170,490,229.2,21.0,0.0065,,
2.0255,491,229.5,21.0,0.0060,,
2.0335,492,229.7,21.0,0.0055,,
2.0420,493,230.0,21.0,0.0060,,
2.0495,494,230.2,21.0,0.0060,,
2.0580,495,230.4,21.0,0.0065,,
2.0665,496,230.7,21.0,0.0065,,
2.0750,497,231.0,21.0,0.0060,,
2.0835,498,231.4,21.0,0.0060,,
2.0920,499,231.6,21.0,0.0065,,
2.0995,500,231.9,21.0,0.0060,,
2.1080,501,232.1,21.0,0.0065,,
2.1160,502,232.4,21.0,0.0055,,
2.1245,503,232.6,21.0,0.0060,,
2.1330,504,232.8,21.0,0.0060,,
2.1415,505,233.1,21.0,0.0060,,
2.1490,506,233.2,21.0,0.0060,,
2.1575,507,233.5,21.0,0.0065,,
2.1660,508,233.8,21.0,0.0065,,
2.1740,509,234.1,21.0,0.0055,,
2.1810,510,234.2,21.0,0.0050,,
2.1830,511,234.3,21.0,0.0015,,
2.1840,512,234.4,21.0,0.0010,,
2.1855,513,234.4,21.0,0.0010,,
2.1875,514,234.5,21.0,0.0015,,
2.1890,515,234.5,21.0,0.0010,,
2.1915,516,234.6,21.0,0.0020,,
2.1940,517,234.7,21.0,0.0020,,
2.1965,518,234.8,21.0,0.0020,,
2.1985,519,234.9,21.0,0.0015,,
2.1990,520,234.8,21.0,0.0005,,
2.2000,521,234.9,21.0,0.0005,,
2.2015,522,234.9,21.0,0.0010,,
2.2035,523,234.9,21.0,0.0015,,
2.2045,524,235.0,21.0,0.0010,,
Scope 1/1, Sample 19/40 (T10)
Result,TitrationEP1
V,t,E,T,dV/dt,E acc. stat.,Volume acc. stat.
0.0000,0,-69.5,20.9,NaN,,
0.0010,1,-69.4,20.9,0.0010,,
0.0025,2,-69.4,20.9,0.0015,,
0.0050,3,-69.3,20.9,0.0025,,
0.0085,4,-69.2,20.9,0.0030,,
0.0150,5,-68.9,20.9,0.0060,,
0.0230,6,-68.3,20.9,0.0075,,
0.0315,7,-67.4,20.9,0.0075,,
0.0400,8,-66.5,20.9,0.0075,,
0.0475,9,-65.5,20.9,0.0075,,
0.0560,10,-64.2,20.9,0.0075,,
0.0640,11,-62.8,20.9,0.0075,,
0.0725,12,-61.4,20.9,0.0075,,
0.0810,13,-60.0,20.9,0.0075,,
0.0895,14,-58.4,20.9,0.0075,,
0.0970,15,-57.0,20.9,0.0075,,
0.1055,16,-55.2,20.9,0.0075,,
0.1140,17,-53.3,20.9,0.0075,,
0.1225,18,-51.3,20.9,0.0075,,
0.1305,19,-49.3,20.9,0.0075,,
0.1390,20,-47.2,20.9,0.0075,,
0.1465,21,-45.1,20.9,0.0075,,
0.1550,22,-42.7,20.9,0.0075,,
0.1635,23,-40.1,20.9,0.0075,,
0.1720,24,-37.4,20.9,0.0075,,
0.1805,25,-34.4,20.9,0.0075,,
0.1885,26,-31.5,20.9,0.0075,,
0.1965,27,-28.6,20.9,0.0080,,
0.2045,28,-25.4,20.9,0.0075,,
0.2130,29,-22.0,20.9,0.0075,,
0.2215,30,-18.9,20.9,0.0075,,
0.2300,31,-15.9,20.9,0.0075,,
0.2385,32,-13.0,20.9,0.0075,,
0.2460,33,-10.7,20.9,0.0075,,
0.2545,34,-8.3,20.9,0.0075,,
0.2625,35,-6.1,20.9,0.0075,,
0.2710,36,-4.0,20.9,0.0075,,
0.2795,37,-2.3,20.9,0.0075,,
0.2880,38,-0.5,20.9,0.0075,,
0.2955,39,0.9,20.9,0.0075,,
0.3040,40,2.5,20.9,0.0075,,
0.3125,41,4.0,20.9,0.0075,,
0.3210,42,5.5,20.9,0.0075,,
0.3290,43,6.9,20.9,0.0075,,
0.3375,44,8.1,20.9,0.0075,,
0.3450,45,9.2,20.9,0.0075,,
0.3535,46,10.4,20.9,0.0075,,
0.3620,47,11.7,20.9,0.0075,,
0.3705,48,13.0,20.9,0.0075,,
0.3790,49,14.0,20.9,0.0075,,
0.3875,50,15.1,20.9,0.0075,,
0.3950,51,16.0,20.9,0.0075,,
0.4030,52,17.1,20.9,0.0075,,
0.4115,53,18.1,20.9,0.0075,,
0.4200,54,19.1,20.9,0.0075,,
0.4285,55,20.1,20.9,0.0075,,
0.4370,56,21.1,20.9,0.0075,,
0.4445,57,22.1,20.9,0.0075,,
0.4530,58,23.1,20.9,0.0085,,
0.4610,59,24.1,20.9,0.0075,,
0.4695,60,25.0,20.9,0.0075,,
0.4780,61,25.9,20.9,0.0075,,
0.4865,62,26.9,20.9,0.0075,,
0.4940,63,27.8,20.9,0.0075,,
0.5025,64,28.7,20.9,0.0075,,
0.5110,65,29.6,20.9,0.0075,,
0.5195,66,30.5,20.9,0.0075,,
0.5275,67,31.4,20.9,0.0075,,
0.5360,68,32.3,20.9,0.0075,,
0.5435,69,33.1,20.9,0.0075,,
0.5520,70,34.0,20.9,0.0085,,
0.5605,71,34.8,20.9,0.0075,,
0.5690,72,35.7,20.9,0.0075,,
0.5775,73,36.6,20.9,0.0075,,
0.5860,74,37.4,20.9,0.0075,,
0.5935,75,38.2,20.9,0.0075,,
0.6015,76,39.1,20.9,0.0080,,
0.6100,77,39.9,20.9,0.0075,,
0.6185,78,40.8,20.9,0.0075,,
0.6270,79,41.6,20.9,0.0075,,
0.6355,80,42.5,20.9,0.0075,,
0.6430,81,43.3,21.0,0.0075,,
0.6515,82,43.9,20.9,0.0085,,
0.6600,83,44.8,20.9,0.0075,,
0.6680,84,45.8,20.9,0.0075,,
0.6765,85,46.6,20.9,0.0075,,
0.6850,86,47.4,20.9,0.0075,,
0.6925,87,48.1,20.9,0.0075,,
0.7010,88,48.9,20.9,0.0085,,
0.7095,89,49.8,21.0,0.0075,,
0.7180,90,50.6,21.0,0.0075,,
0.7260,91,51.4,21.0,0.0075,,
0.7345,92,52.3,21.0,0.0075,,
0.7430,93,52.9,21.0,0.0085,,
0.7505,94,53.8,21.0,0.0075,,
0.7590,95,54.5,21.0,0.0075,,
0.7675,96,55.4,21.0,0.0075,,
0.7760,97,56.3,21.0,0.0075,,
0.7845,98,57.1,21.0,0.0075,,
0.7920,99,57.8,21.0,0.0075,,
0.8005,100,58.6,21.0,0.0085,,
0.8085,101,59.5,21.0,0.0075,,
0.8170,102,60.3,21.0,0.0075,,
0.8255,103,61.1,21.0,0.0075,,
0.8340,104,61.9,21.0,0.0075,,
0.8425,105,62.8,21.0,0.0085,,
0.8500,106,63.6,21.0,0.0075,,
0.8585,107,64.5,21.0,0.0075,,
0.8665,108,65.3,21.0,0.0075,,
0.8750,109,66.3,21.0,0.0075,,
0.8835,110,67.2,21.0,0.0075,,
0.8920,111,68.1,21.0,0.0075,,
0.8995,112,68.8,21.0,0.0075,,
0.9080,113,69.7,21.0,0.0075,,
0.9165,114,70.4,21.0,0.0075,,
0.9245,115,71.4,21.0,0.0075,,
0.9330,116,72.3,21.0,0.0075,,
0.9415,117,73.2,21.0,0.0075,,
0.9490,118,74.0,21.0,0.0075,,
0.9575,119,74.9,21.0,0.0075,,
0.9660,120,75.8,21.0,0.0075,,
0.9745,121,76.8,21.0,0.0075,,
0.9830,122,77.7,21.0,0.0075,,
0.9910,123,78.7,21.0,0.0075,,
0.9990,124,79.5,21.0,0.0080,,
1.0070,125,80.6,21.0,0.0075,,
1.0155,126,81.6,21.0,0.0075,,
1.0240,127,82.4,21.0,0.0075,,
1.0325,128,83.4,21.0,0.0075,,
1.0410,129,84.5,21.0,0.0075,,
1.0485,130,85.3,21.0,0.0075,,
1.0570,131,86.4,21.0,0.0075,,
1.0650,132,87.4,21.0,0.0075,,
1.0735,133,88.6,21.0,0.0075,,
1.0820,134,89.8,21.0,0.0075,,
1.0905,135,90.9,21.0,0.0075,,
1.0980,136,91.9,21.0,0.0075,,
1.1065,137,93.1,21.0,0.0085,,
1.1150,138,94.3,21.0,0.0075,,
1.1230,139,95.7,21.0,0.0075,,
1.1315,140,96.8,21.0,0.0075,,
1.1400,141,98.1,21.0,0.0075,,
1.1475,142,99.5,21.0,0.0075,,
1.1560,143,100.9,21.0,0.0075,,
1.1645,144,102.2,21.0,0.0075,,
1.1730,145,103.7,21.0,0.0075,,
1.1815,146,105.3,21.0,0.0075,,
1.1895,147,106.9,21.0,0.0075,,
1.1975,148,108.6,21.0,0.0080,,
1.2055,149,110.4,21.0,0.0080,,
1.2140,150,112.3,21.0,0.0075,,
1.2225,151,114.0,21.0,0.0075,,
1.2310,152,116.2,21.0,0.0075,,
1.2395,153,118.2,21.0,0.0075,,
1.2470,154,120.0,21.0,0.0075,,
1.2555,155,122.3,21.0,0.0075,,
1.2635,156,124.9,21.0,0.0075,,
1.2720,157,127.4,21.0,0.0075,,
1.2805,158,129.8,21.0,0.0075,,
1.2890,159,132.6,21.0,0.0075,,
1.2965,160,135.5,21.0,0.0075,,
1.3050,161,138.8,21.0,0.0075,,
1.3135,162,141.9,21.0,0.0075,,
1.3220,163,145.2,21.0,0.0075,,
1.3300,164,148.7,21.0,0.0075,,
1.3385,165,152.1,21.0,0.0075,,
1.3460,166,155.3,21.0,0.0075,,
1.3545,167,158.5,21.0,0.0085,,
1.3630,168,161.6,21.0,0.0075,,
1.3715,169,164.5,21.0,0.0075,,
1.3800,170,167.6,21.0,0.0075,,
1.3880,171,170.1,21.0,0.0075,,
1.3960,172,172.3,21.0,0.0080,,
1.4040,173,174.7,21.0,0.0080,,
1.4125,174,176.8,21.0,0.0075,,
1.4210,175,178.9,21.0,0.0075,,
1.4295,176,180.7,21.0,0.0075,,
1.4380,177,182.5,21.0,0.0075,,
1.4455,178,184.0,21.0,0.0075,,
1.4515,179,185.1,21.0,0.0085,,
1.4515,419,186.7,21.0,0.0000,,
1.4520,420,186.7,21.0,0.0005,,
1.4535,421,186.6,21.0,0.0020,,
1.4560,422,187.0,21.0,0.0030,,
1.4600,423,187.5,21.0,0.0045,,
1.4660,424,188.2,21.0,0.0065,,
1.4740,425,189.5,21.0,0.0090,,
1.4820,426,190.7,21.0,0.0100,,
1.4900,427,192.1,21.0,0.0100,,
1.4985,428,193.3,21.0,0.0105,,
1.5070,429,194.4,21.0,0.0095,,
1.5155,430,195.4,21.0,0.0095,,
1.5240,431,196.6,21.0,0.0095,,
1.5315,432,197.5,21.0,0.0095,,
1.5400,433,198.5,21.0,0.0105,,
1.5480,434,199.3,21.0,0.0100,,
1.5565,435,200.2,21.0,0.0095,,
1.5650,436,201.2,21.0,0.0095,,
1.5735,437,202.0,21.0,0.0095,,
1.5810,438,202.8,21.0,0.0095,,
1.5895,439,203.6,21.0,0.0105,,
1.5980,440,204.4,21.0,0.0095,,
1.6065,441,205.2,21.0,0.0095,,
1.6150,442,205.9,21.0,0.0095,,
1.6230,443,206.6,21.0,0.0100,,
1.6305,444,207.2,21.0,0.0095,,
1.6390,445,207.9,21.0,0.0105,,
1.6475,446,208.5,21.0,0.0095,,
1.6560,447,209.2,21.0,0.0095,,
1.6645,448,209.9,21.0,0.0095,,
1.6730,449,210.3,21.0,0.0105,,
1.6805,450,211.0,21.0,0.0095,,
1.6890,451,211.5,21.0,0.0105,,
1.6970,452,212.0,21.0,0.0090,,
1.7055,453,212.6,21.0,0.0095,,
1.7140,454,213.2,21.0,0.0095,,
1.7225,455,213.7,21.0,0.0095,,
1.7300,456,214.3,21.0,0.0095,,
1.7385,457,214.8,21.0,0.0105,,
1.7470,458,215.2,21.0,0.0105,,
1.7550,459,215.8,21.0,0.0090,,
1.7635,460,216.3,21.0,0.0095,,
1.7720,461,216.8,21.0,0.0095,,
1.7795,462,217.2,21.0,0.0095,,
1.7880,463,217.7,21.0,0.0105,,
1.7965,464,218.2,21.0,0.0105,,
1.8050,465,218.6,21.0,0.0095,,
1.8130,466,219.0,21.0,0.0090,,
1.8215,467,219.5,21.0,0.0095,,
1.8290,468,219.7,21.0,0.0095,,
1.8375,469,220.1,21.0,0.0105,,
1.8460,470,220.7,21.0,0.0105,,
1.8545,471,221.0,21.0,0.0095,,
1.8630,472,221.5,21.0,0.0095,,
1.8710,473,221.9,21.0,0.0090,,
1.8795,474,222.2,21.0,0.0095,,
1.8870,475,222.6,21.0,0.0095,,
1.8955,476,222.9,21.0,0.0105,,
1.9040,477,223.3,21.0,0.0095,,
1.9125,478,223.7,21.0,0.0095,,
1.9210,479,224.0,21.0,0.0095,,
1.9290,480,224.4,21.0,0.0090,,
1.9370,481,224.7,21.0,0.0100,,
1.9450,482,225.0,21.0,0.0100,,
1.9535,483,225.3,21.0,0.0105,,
1.9620,484,225.6,21.0,0.0095,,
1.9705,485,225.9,21.0,0.0095,,
1.9790,486,226.3,21.0,0.0095,,
1.9865,487,226.6,21.0,0.0095,,
1.9950,488,227.0,21.0,0.0105,,
2.0030,489,227.3,21.0,0.0100,,
2.0115,490,227.6,21.0,0.0095,,
2.0200,491,227.9,21.0,0.0095,,
2.0285,492,228.2,21.0,0.0095,,
2.0360,493,228.5,21.0,0.0095,,
2.0445,494,228.8,21.0,0.0105,,
2.0530,495,229.0,21.0,0.0105,,
2.0615,496,229.4,21.0,0.0095,,
2.0695,497,229.7,21.0,0.0090,,
2.0780,498,229.9,21.0,0.0095,,
2.0855,499,230.1,21.0,0.0095,,
2.0940,500,230.4,21.0,0.0105,,
2.1025,501,230.7,21.0,0.0105,,
2.1110,502,231.0,21.0,0.0095,,
2.1195,503,231.2,21.0,0.0095,,
2.1275,504,231.5,21.0,0.0090,,
2.1355,505,231.6,21.0,0.0100,,
2.1435,506,231.9,21.0,0.0100,,
2.1520,507,232.2,21.0,0.0105,,
2.1605,508,232.4,21.0,0.0095,,
2.1690,509,232.7,21.0,0.0095,,
2.1775,510,232.9,21.0,0.0095,,
2.1850,511,233.2,21.0,0.0095,,
2.1935,512,233.4,21.0,0.0105,,
2.2015,513,233.7,21.0,0.0100,,
2.2100,514,234.1,21.0,0.0095,,
2.2155,515,234.2,21.0,0.0060,,
2.2205,516,234.3,21.0,0.0055,,
2.2245,517,234.5,21.0,0.0045,,
2.2275,518,234.5,21.0,0.0035,,
2.2315,519,234.7,21.0,0.0050,,
2.2355,520,234.8,21.0,0.0045,,
2.2385,521,234.8,21.0,0.0035,,
2.2410,522,234.9,21.0,0.0030,,
2.2435,523,235.0,21.0,0.0030,,
Scope 1/1, Sample 20/40 (B10)
Result,TitrationEP1
V,t,E,T,dV/dt,E acc. stat.,Volume acc. stat.
0.0000,0,-64.0,20.9,NaN,,
0.0005,1,-64.0,20.9,0.0005,,
0.0025,2,-64.0,20.9,0.0020,,
0.0050,3,-64.0,20.9,0.0025,,
0.0090,4,-63.9,20.9,0.0035,,
0.0150,5,-63.5,20.9,0.0055,,
0.0235,6,-62.8,20.9,0.0075,,
0.0310,7,-61.8,20.9,0.0075,,
0.0395,8,-60.6,20.9,0.0085,,
0.0480,9,-59.2,20.9,0.0085,,
0.0565,10,-57.7,20.9,0.0075,,
0.0645,11,-56.2,20.9,0.0075,,
0.0730,12,-54.5,20.9,0.0075,,
0.0805,13,-52.8,20.9,0.0075,,
0.0890,14,-50.9,20.9,0.0085,,
0.0975,15,-49.0,20.9,0.0085,,
0.1060,16,-47.0,20.9,0.0075,,
0.1145,17,-44.7,20.9,0.0075,,
0.1230,18,-42.2,20.9,0.0075,,
0.1305,19,-39.9,20.9,0.0075,,
0.1390,20,-37.2,20.9,0.0085,,
0.1470,21,-34.4,20.9,0.0075,,
0.1555,22,-31.4,20.9,0.0075,,
0.1640,23,-28.1,20.9,0.0075,,
0.1725,24,-24.8,20.9,0.0075,,
0.1800,25,-21.7,20.9,0.0075,,
0.1885,26,-18.5,20.9,0.0085,,
0.1970,27,-15.2,20.9,0.0085,,
0.2050,28,-12.3,20.9,0.0075,,
0.2135,29,-9.6,20.9,0.0075,,
0.2220,30,-7.3,20.9,0.0075,,
0.2295,31,-5.3,20.9,0.0075,,
0.2380,32,-3.2,20.9,0.0085,,
0.2465,33,-1.4,20.9,0.0085,,
0.2550,34,0.3,20.9,0.0075,,
0.2635,35,1.9,20.9,0.0075,,
0.2715,36,3.5,20.9,0.0075,,
0.2795,37,4.8,20.9,0.0080,,
0.2875,38,6.1,20.9,0.0080,,
0.2960,39,7.3,20.9,0.0085,,
0.3045,40,8.6,20.9,0.0075,,
0.3130,41,9.9,20.9,0.0075,,
0.3215,42,11.1,20.9,0.0075,,
0.3290,43,12.2,20.9,0.0075,,
0.3375,44,13.3,20.9,0.0085,,
0.3455,45,14.4,20.9,0.0080,,
0.3540,46,15.4,20.9,0.0075,,
0.3625,47,16.6,20.9,0.0075,,
0.3710,48,17.4,20.9,0.0075,,
0.3785,49,18.5,20.9,0.0075,,
0.3870,50,19.5,20.9,0.0085,,
0.3955,51,20.5,20.9,0.0085,,
0.4035,52,21.4,20.9,0.0075,,
0.4120,53,22.3,20.9,0.0075,,
0.4205,54,23.2,20.9,0.0075,,
0.4290,55,24.1,20.9,0.0085,,
0.4365,56,25.1,20.9,0.0075,,
0.4450,57,26.0,20.9,0.0085,,
0.4535,58,26.9,20.9,0.0075,,
0.4620,59,27.9,20.9,0.0075,,
0.4700,60,28.8,20.9,0.0075,,
0.4780,61,29.5,20.9,0.0080,,
0.4860,62,30.4,20.9,0.0080,,
0.4945,63,31.3,20.9,0.0085,,
0.5030,64,32.2,20.9,0.0075,,
0.5115,65,33.1,20.9,0.0075,,
0.5200,66,33.8,20.9,0.0075,,
0.5275,67,34.7,20.9,0.0075,,
0.5360,68,35.6,20.9,0.0085,,
0.5440,69,36.5,20.9,0.0080,,
0.5525,70,37.3,20.9,0.0075,,
0.5610,71,38.1,20.9,0.0075,,
0.5695,72,38.9,20.9,0.0075,,
0.5780,73,39.7,20.9,0.0085,,
0.5855,74,40.6,20.9,0.0075,,
0.5940,75,41.3,20.9,0.0085,,
0.6025,76,42.1,20.9,0.0075,,
0.6105,77,43.0,20.9,0.0075,,
0.6190,78,43.9,20.9,0.0075,,
0.6275,79,44.5,20.9,0.0085,,
0.6350,80,45.3,20.9,0.0075,,
0.6435,81,46.1,20.9,0.0085,,
0.6520,82,47.0,20.9,0.0075,,
0.6605,83,47.9,20.9,0.0075,,
0.6685,84,48.7,20.9,0.0075,,
0.6770,85,49.4,20.9,0.0085,,
0.6845,86,50.2,20.9,0.0075,,
0.6930,87,51.1,20.9,0.0085,,
0.7015,88,52.0,20.9,0.0075,,
0.7100,89,52.8,20.9,0.0075,,
0.7185,90,53.8,20.9,0.0075,,
0.7265,91,54.7,20.9,0.0075,,
0.7345,92,55.4,20.9,0.0080,,
0.7425,93,56.3,20.9,0.0080,,
0.7510,94,57.0,20.9,0.0085,,
0.7595,95,57.8,20.9,0.0075,,
0.7680,96,58.7,20.9,0.0075,,
0.7765,97,59.5,20.9,0.0075,,
0.7840,98,60.2,20.9,0.0075,,
0.7925,99,61.0,20.9,0.0085,,
0.8005,100,61.8,20.9,0.0080,,
0.8090,101,62.8,20.9,0.0075,,
0.8175,102,63.5,20.9,0.0075,,
0.8260,103,64.4,20.9,0.0075,,
0.8335,104,65.1,20.9,0.0075,,
0.8420,105,65.9,20.9,0.0085,,
0.8505,106,66.8,20.9,0.0085,,
0.8590,107,67.7,20.9,0.0075,,
0.8670,108,68.4,20.9,0.0075,,
0.8755,109,69.3,20.9,0.0075,,
0.8830,110,70.0,20.9,0.0075,,
0.8915,111,70.9,20.9,0.0085,,
0.9000,112,71.8,20.9,0.0085,,
0.9085,113,72.5,21.0,0.0075,,
0.9170,114,73.5,20.9,0.0075,,
0.9250,115,74.4,21.0,0.0075,,
0.9335,116,75.4,20.9,0.0075,,
0.9410,117,76.2,20.9,0.0075,,
0.9495,118,77.1,20.9,0.0085,,
0.9580,119,78.1,20.9,0.0075,,
0.9665,120,79.1,20.9,0.0075,,
0.9750,121,80.1,21.0,0.0075,,
0.9830,122,81.0,20.9,0.0080,,
0.9910,123,81.9,20.9,0.0080,,
0.9990,124,83.0,20.9,0.0080,,
1.0075,125,84.1,21.0,0.0075,,
1.0160,126,84.9,20.9,0.0075,,
1.0245,127,85.9,21.0,0.0075,,
1.0330,128,87.0,20.9,0.0075,,
1.0405,129,88.1,21.0,0.0075,,
1.0490,130,89.1,21.0,0.0085,,
1.0570,131,90.1,21.0,0.0075,,
1.0655,132,91.3,20.9,0.0075,,
1.0740,133,92.6,20.9,0.0075,,
1.0825,134,93.9,20.9,0.0075,,
1.0900,135,94.9,20.9,0.0075,,
1.0985,136,96.1,21.0,0.0085,,
1.1070,137,97.5,20.9,0.0075,,
1.1155,138,99.0,20.9,0.0075,,
1.1235,139,100.3,20.9,0.0075,,
1.1320,140,101.7,20.9,0.0075,,
1.1395,141,103.0,21.0,0.0075,,
1.1480,142,104.6,21.0,0.0085,,
1.1565,143,106.4,21.0,0.0075,,
1.1650,144,107.8,21.0,0.0075,,
1.1735,145,109.3,21.0,0.0075,,
1.1815,146,111.1,21.0,0.0075,,
1.1895,147,112.5,21.0,0.0080,,
1.1975,148,114.2,21.0,0.0080,,
1.2060,149,116.0,21.0,0.0085,,
1.2145,150,118.2,21.0,0.0075,,
1.2230,151,120.2,21.0,0.0075,,
1.2315,152,123.0,21.0,0.0075,,
1.2395,153,125.0,21.0,0.0080,,
1.2475,154,127.6,21.0,0.0080,,
1.2555,155,130.3,21.0,0.0080,,
1.2640,156,133.1,21.0,0.0075,,
1.2725,157,136.1,21.0,0.0075,,
1.2810,158,139.1,21.0,0.0075,,
1.2895,159,142.2,21.0,0.0085,,
1.2970,160,145.4,21.0,0.0075,,
1.3055,161,148.7,21.0,0.0085,,
1.3135,162,152.3,21.0,0.0075,,
1.3220,163,155.7,21.0,0.0075,,
1.3305,164,158.9,21.0,0.0075,,
1.3390,165,161.9,21.0,0.0085,,
1.3465,166,164.9,21.0,0.0075,,
1.3550,167,167.5,21.0,0.0085,,
1.3635,168,170.0,21.0,0.0075,,
1.3715,169,172.5,21.0,0.0075,,
1.3800,170,174.8,21.0,0.0075,,
1.3885,171,177.0,21.0,0.0075,,
1.3960,172,178.9,21.0,0.0075,,
1.4045,173,180.6,21.0,0.0085,,
1.4130,174,182.4,21.0,0.0075,,
1.4215,175,184.3,21.0,0.0075,,
1.4275,176,185.1,21.0,0.0075,,
1.4275,416,186.7,21.0,0.0000,,
1.4280,417,186.7,21.0,0.0005,,
1.4295,418,186.7,21.0,0.0020,,
1.4320,419,187.1,21.0,0.0030,,
1.4360,420,187.7,21.0,0.0045,,
1.4425,421,188.5,21.0,0.0070,,
1.4505,422,189.8,21.0,0.0090,,
1.4580,423,190.8,21.0,0.0095,,
1.4665,424,192.2,21.0,0.0105,,
1.4750,425,193.5,21.0,0.0105,,
1.4835,426,194.5,21.0,0.0095,,
1.4920,427,195.7,21.0,0.0095,,
1.5005,428,196.8,21.0,0.0095,,
1.5080,429,197.6,21.0,0.0095,,
1.5160,430,198.5,21.0,0.0100,,
1.5245,431,199.4,21.0,0.0105,,
1.5330,432,200.2,21.0,0.0095,,
1.5415,433,201.2,21.0,0.0095,,
1.5500,434,202.0,21.0,0.0095,,
1.5585,435,202.7,21.0,0.0105,,
1.5660,436,203.5,21.0,0.0095,,
1.5745,437,204.3,21.0,0.0105,,
1.5825,438,205.1,21.0,0.0090,,
1.5910,439,206.0,21.0,0.0095,,
1.5995,440,206.7,21.0,0.0095,,
1.6080,441,207.4,21.0,0.0095,,
1.6155,442,207.9,21.0,0.0095,,
1.6240,443,208.7,21.0,0.0105,,
1.6320,444,209.3,21.0,0.0100,,
1.6405,445,209.9,21.0,0.0095,,
1.6490,446,210.5,21.0,0.0095,,
1.6575,447,211.2,21.0,0.0095,,
1.6650,448,211.7,21.0,0.0095,,
1.6735,449,212.2,21.0,0.0105,,
1.6820,450,212.7,21.0,0.0105,,
1.6905,451,213.2,21.0,0.0095,,
1.6985,452,213.8,21.0,0.0090,,
1.7070,453,214.3,21.0,0.0095,,
1.7145,454,214.7,21.0,0.0095,,
1.7230,455,215.2,21.0,0.0105,,
1.7315,456,215.7,21.0,0.0105,,
1.7400,457,216.3,21.0,0.0095,,
1.7485,458,216.8,21.0,0.0095,,
1.7565,459,217.2,21.0,0.0090,,
1.7650,460,217.7,21.0,0.0105,,
1.7725,461,218.2,21.0,0.0095,,
1.7810,462,218.6,21.0,0.0105,,
1.7895,463,219.1,21.0,0.0095,,
1.7980,464,219.4,21.0,0.0095,,
1.8065,465,219.9,21.0,0.0095,,
1.8145,466,220.2,21.0,0.0100,,
1.8225,467,220.7,21.0,0.0100,,
1.8305,468,221.0,21.0,0.0100,,
1.8390,469,221.4,21.0,0.0095,,
1.8475,470,221.8,21.0,0.0095,,
1.8560,471,222.2,21.0,0.0095,,
1.8645,472,222.6,21.0,0.0105,,
1.8720,473,222.9,21.0,0.0095,,
1.8805,474,223.3,21.0,0.0105,,
1.8890,475,223.7,21.0,0.0095,,
1.8970,476,224.0,21.0,0.0090,,
1.9055,477,224.4,21.0,0.0095,,
1.9130,478,224.7,21.0,0.0095,,
1.9215,479,225.0,21.0,0.0105,,
1.9300,480,225.4,21.0,0.0105,,
1.9385,481,225.8,21.0,0.0095,,
1.9470,482,226.0,21.0,0.0095,,
1.9550,483,226.3,21.0,0.0090,,
1.9635,484,226.6,21.0,0.0095,,
1.9710,485,226.8,21.0,0.0095,,
1.9795,486,227.2,21.0,0.0105,,
1.9880,487,227.4,21.0,0.0095,,
1.9965,488,227.8,21.0,0.0095,,
2.0050,489,228.1,21.0,0.0095,,
2.0130,490,228.4,21.0,0.0090,,
2.0210,491,228.7,21.0,0.0100,,
2.0290,492,228.9,21.0,0.0100,,
2.0375,493,229.3,21.0,0.0105,,
2.0460,494,229.5,21.0,0.0095,,
2.0545,495,229.8,21.0,0.0095,,
2.0630,496,230.0,21.0,0.0095,,
2.0705,497,230.3,21.0,0.0095,,
2.0790,498,230.6,21.0,0.0105,,
2.0870,499,230.9,21.0,0.0100,,
2.0955,500,231.1,21.0,0.0095,,
2.1040,501,231.4,21.0,0.0095,,
2.1125,502,231.7,21.0,0.0095,,
2.1200,503,231.9,21.0,0.0095,,
2.1285,504,232.2,21.0,0.0105,,
2.1370,505,232.4,21.0,0.0105,,
2.1455,506,232.7,21.0,0.0095,,
2.1535,507,232.9,21.0,0.0090,,
2.1620,508,233.3,21.0,0.0095,,
2.1705,509,233.5,21.0,0.0105,,
2.1780,510,233.7,21.0,0.0095,,
2.1865,511,234.0,21.0,0.0105,,
2.1940,512,234.2,21.0,0.0085,,
2.1995,513,234.4,21.0,0.0060,,
2.2030,514,234.5,21.0,0.0040,,
2.2060,515,234.6,21.0,0.0035,,
2.2095,516,234.6,21.0,0.0045,,
2.2120,517,234.7,21.0,0.0030,,
2.2130,518,234.7,21.0,0.0010,,
2.2140,519,234.7,21.0,0.0010,,
2.2155,520,234.7,21.0,0.0015,,
2.2175,521,234.8,21.0,0.0020,,
2.2195,522,235.0,21.0,0.0030,,
Scope 1/1, Sample 21/40 (T11)
Result,TitrationEP1
V,t,E,T,dV/dt,E acc. stat.,Volume acc. stat.
0.0000,0,-69.5,20.9,NaN,,
0.0010,1,-69.4,20.9,0.0010,,
0.0025,2,-69.5,20.9,0.0015,,
0.0050,3,-69.5,20.9,0.0020,,
0.0095,4,-69.3,20.9,0.0040,,
0.0150,5,-69.1,20.9,0.0050,,
0.0235,6,-68.4,20.9,0.0075,,
0.0320,7,-67.6,20.9,0.0075,,
0.0405,8,-66.6,20.9,0.0075,,
0.0490,9,-65.4,20.9,0.0070,,
0.0575,10,-64.4,20.9,0.0075,,
0.0650,11,-63.0,20.9,0.0070,,
0.0730,12,-61.5,20.9,0.0075,,
0.0815,13,-60.0,20.9,0.0075,,
0.0900,14,-58.5,20.9,0.0075,,
0.0985,15,-56.8,20.9,0.0075,,
0.1070,16,-55.3,20.9,0.0075,,
0.1145,17,-53.4,20.9,0.0070,,
0.1230,18,-51.4,20.9,0.0075,,
0.1315,19,-49.4,20.9,0.0075,,
0.1395,20,-47.3,20.9,0.0075,,
0.1480,21,-45.0,20.9,0.0070,,
0.1555,22,-42.8,20.9,0.0070,,
0.1640,23,-40.3,20.9,0.0075,,
0.1725,24,-37.6,20.9,0.0075,,
0.1810,25,-34.8,20.9,0.0075,,
0.1895,26,-31.7,20.9,0.0075,,
0.1980,27,-28.5,20.9,0.0070,,
0.2060,28,-25.7,20.9,0.0075,,
0.2140,29,-22.5,20.9,0.0075,,
0.2220,30,-19.3,20.9,0.0075,,
0.2305,31,-16.4,20.9,0.0075,,
0.2390,32,-13.7,20.9,0.0075,,
0.2475,33,-11.2,20.9,0.0070,,
0.2560,34,-9.2,20.9,0.0075,,
0.2635,35,-6.9,20.9,0.0070,,
0.2720,36,-4.9,20.9,0.0075,,
0.2800,37,-3.1,20.9,0.0075,,
0.2885,38,-1.4,20.9,0.0075,,
0.2970,39,0.2,20.9,0.0075,,
0.3055,40,1.6,20.9,0.0070,,
0.3130,41,3.1,20.9,0.0070,,
0.3215,42,4.5,20.9,0.0075,,
0.3300,43,5.9,20.9,0.0075,,
0.3380,44,7.2,20.9,0.0075,,
0.3465,45,8.4,20.9,0.0075,,
0.3550,46,9.6,20.9,0.0070,,
0.3625,47,10.6,20.9,0.0070,,
0.3710,48,11.8,20.9,0.0075,,
0.3795,49,13.0,20.9,0.0075,,
0.3880,50,13.9,20.9,0.0075,,
0.3960,51,15.0,20.9,0.0075,,
0.4045,52,16.1,20.9,0.0070,,
0.4130,53,16.9,20.9,0.0075,,
0.4205,54,18.0,20.9,0.0070,,
0.4290,55,19.0,20.9,0.0075,,
0.4375,56,20.0,20.9,0.0075,,
0.4460,57,21.0,20.9,0.0075,,
0.4540,58,22.0,20.9,0.0065,,
0.4625,59,22.8,20.9,0.0075,,
0.4700,60,23.6,20.9,0.0070,,
0.4785,61,24.6,20.9,0.0075,,
0.4870,62,25.5,20.9,0.0075,,
0.4955,63,26.4,20.9,0.0075,,
0.5040,64,27.2,20.9,0.0070,,
0.5125,65,28.0,20.9,0.0075,,
0.5200,66,29.0,20.9,0.0070,,
0.5280,67,29.9,20.9,0.0075,,
0.5365,68,30.9,20.9,0.0075,,
0.5450,69,31.7,20.9,0.0075,,
0.5535,70,32.7,20.9,0.0075,,
0.5620,71,33.6,20.9,0.0070,,
0.5695,72,34.4,20.9,0.0070,,
0.5780,73,35.2,20.9,0.0075,,
0.5865,74,36.1,20.9,0.0075,,
0.5945,75,37.0,20.9,0.0075,,
0.6030,76,37.8,20.9,0.0075,,
0.6115,77,38.6,20.9,0.0075,,
0.6190,78,39.4,20.9,0.0070,,
0.6275,79,40.3,20.9,0.0075,,
0.6360,80,41.2,20.9,0.0075,,
0.6445,81,42.0,20.9,0.0075,,
0.6530,82,43.0,20.9,0.0070,,
0.6605,83,43.7,20.9,0.0070,,
0.6690,84,44.6,20.9,0.0075,,
0.6770,85,45.4,20.9,0.0075,,
0.6855,86,46.2,20.9,0.0075,,
0.6940,87,47.1,20.9,0.0075,,
0.7025,88,48.0,20.9,0.0075,,
0.7110,89,48.7,20.9,0.0075,,
0.7185,90,49.7,20.9,0.0070,,
0.7270,91,50.5,20.9,0.0075,,
0.7350,92,51.3,20.9,0.0075,,
0.7435,93,52.3,20.9,0.0075,,
0.7520,94,53.1,20.9,0.0075,,
0.7605,95,53.9,20.9,0.0070,,
0.7680,96,54.7,20.9,0.0070,,
0.7765,97,55.6,20.9,0.0075,,
0.7850,98,56.4,20.9,0.0075,,
0.7930,99,57.2,20.9,0.0075,,
0.8015,100,58.0,20.9,0.0075,,
0.8100,101,58.9,20.9,0.0070,,
0.8175,102,59.7,20.9,0.0070,,
0.8260,103,60.7,20.9,0.0075,,
0.8345,104,61.5,20.9,0.0075,,
0.8430,105,62.3,20.9,0.0075,,
0.8510,106,63.2,20.9,0.0075,,
0.8595,107,64.1,20.9,0.0070,,
0.8670,108,64.8,20.9,0.0070,,
0.8755,109,65.7,20.9,0.0075,,
0.8840,110,66.6,20.9,0.0075,,
0.8925,111,67.5,20.9,0.0075,,
0.9010,112,68.4,20.9,0.0075,,
0.9095,113,69.2,20.9,0.0070,,
0.9170,114,70.0,20.9,0.0070,,
0.9250,115,70.9,20.9,0.0075,,
0.9335,116,71.9,20.9,0.0075,,
0.9420,117,72.8,20.9,0.0075,,
0.9505,118,73.7,20.9,0.0075,,
0.9590,119,74.6,20.9,0.0070,,
0.9665,120,75.4,20.9,0.0070,,
0.9750,121,76.2,20.9,0.0075,,
0.9835,122,77.2,20.9,0.0075,,
0.9915,123,78.1,20.9,0.0075,,
1.0000,124,79.1,20.9,0.0075,,
1.0085,125,80.2,20.9,0.0070,,
1.0170,126,81.1,20.9,0.0075,,
1.0245,127,82.1,20.9,0.0070,,
1.0330,128,83.1,20.9,0.0075,,
1.0415,129,84.2,20.9,0.0075,,
1.0495,130,85.4,20.9,0.0075,,
1.0580,131,86.5,20.9,0.0075,,
1.0665,132,87.4,20.9,0.0075,,
1.0740,133,88.4,20.9,0.0070,,
1.0825,134,89.6,20.9,0.0075,,
1.0910,135,90.7,20.9,0.0075,,
1.0995,136,91.8,20.9,0.0075,,
1.1080,137,93.0,20.9,0.0075,,
1.1160,138,94.2,20.9,0.0075,,
1.1235,139,95.5,20.9,0.0070,,
1.1320,140,96.8,20.9,0.0075,,
1.1405,141,98.0,20.9,0.0075,,
1.1490,142,99.3,20.9,0.0075,,
1.1575,143,100.6,20.9,0.0070,,
1.1650,144,101.9,21.0,0.0070,,
1.1735,145,103.4,21.0,0.0075,,
1.1820,146,104.9,20.9,0.0075,,
1.1905,147,106.5,21.0,0.0075,,
1.1985,148,108.5,21.0,0.0075,,
1.2070,149,110.3,20.9,0.0070,,
1.2145,150,111.9,21.0,0.0070,,
1.2230,151,113.7,21.0,0.0075,,
1.2315,152,115.7,21.0,0.0075,,
1.2400,153,117.9,21.0,0.0075,,
1.2485,154,120.0,21.0,0.0075,,
1.2565,155,122.4,21.0,0.0065,,
1.2645,156,124.5,21.0,0.0075,,
1.2725,157,127.2,21.0,0.0075,,
1.2810,158,129.9,20.9,0.0075,,
1.2895,159,132.7,20.9,0.0075,,
1.2980,160,135.8,21.0,0.0075,,
1.3065,161,139.3,21.0,0.0070,,
1.3140,162,142.3,20.9,0.0070,,
1.3225,163,145.5,21.0,0.0075,,
1.3305,164,149.3,21.0,0.0075,,
1.3390,165,152.7,21.0,0.0075,,
1.3475,166,156.0,21.0,0.0075,,
1.3560,167,159.3,21.0,0.0070,,
1.3635,168,162.2,21.0,0.0070,,
1.3720,169,165.2,21.0,0.0075,,
1.3805,170,168.0,21.0,0.0075,,
1.3890,171,170.5,21.0,0.0075,,
1.3970,172,173.0,21.0,0.0075,,
1.4055,173,175.0,21.0,0.0070,,
1.4140,174,177.1,21.0,0.0075,,
1.4215,175,179.2,21.0,0.0070,,
1.4300,176,181.1,21.0,0.0075,,
1.4385,177,182.8,21.0,0.0075,,
1.4470,178,184.5,21.0,0.0075,,
1.4515,179,185.1,21.0,0.0065,,
1.4515,419,187.0,21.0,0.0000,,
1.4520,420,187.1,21.0,0.0005,,
1.4535,421,187.2,21.0,0.0020,,
1.4560,422,187.4,21.0,0.0030,,
1.4600,423,187.9,21.0,0.0045,,
1.4665,424,188.7,21.0,0.0070,,
1.4750,425,189.8,21.0,0.0095,,
1.4825,426,190.9,21.0,0.0095,,
1.4905,427,192.2,21.0,0.0100,,
1.4990,428,193.3,21.0,0.0105,,
1.5075,429,194.5,21.0,0.0095,,
1.5160,430,195.6,21.0,0.0095,,
1.5245,431,196.6,21.0,0.0095,,
1.5320,432,197.5,21.0,0.0095,,
1.5405,433,198.5,21.0,0.0105,,
1.5490,434,199.5,21.0,0.0105,,
1.5570,435,200.3,21.0,0.0090,,
1.5655,436,201.3,21.0,0.0095,,
1.5740,437,202.1,21.0,0.0095,,
1.5815,438,202.9,21.0,0.0095,,
1.5900,439,203.6,21.0,0.0105,,
1.5985,440,204.4,21.0,0.0095,,
1.6070,441,205.2,21.0,0.0095,,
1.6155,442,205.9,21.0,0.0095,,
1.6235,443,206.7,21.0,0.0090,,
1.6310,444,207.4,21.0,0.0095,,
1.6395,445,208.1,21.0,0.0105,,
1.6480,446,208.7,21.0,0.0105,,
1.6565,447,209.4,21.0,0.0095,,
1.6650,448,209.9,21.0,0.0095,,
1.6735,449,210.6,21.0,0.0095,,
1.6810,450,211.1,21.0,0.0095,,
1.6895,451,211.7,21.0,0.0105,,
1.6975,452,212.3,21.0,0.0100,,
1.7060,453,212.7,21.0,0.0095,,
1.7145,454,213.3,21.0,0.0095,,
1.7230,455,213.9,21.0,0.0095,,
1.7305,456,214.3,21.0,0.0095,,
1.7390,457,214.9,21.0,0.0105,,
1.7475,458,215.4,21.0,0.0105,,
1.7555,459,215.8,21.0,0.0090,,
1.7640,460,216.4,21.0,0.0095,,
1.7725,461,216.8,21.0,0.0095,,
1.7800,462,217.2,21.0,0.0095,,
1.7885,463,217.6,21.0,0.0105,,
1.7970,464,218.0,21.0,0.0105,,
1.8055,465,218.5,21.0,0.0095,,
1.8135,466,219.0,21.0,0.0090,,
1.8220,467,219.4,21.0,0.0095,,
1.8295,468,219.8,21.0,0.0095,,
1.8380,469,220.2,21.0,0.0105,,
1.8465,470,220.6,21.0,0.0105,,
1.8550,471,221.0,21.0,0.0095,,
1.8635,472,221.4,21.0,0.0095,,
1.8720,473,221.8,21.0,0.0095,,
1.8795,474,222.1,21.0,0.0095,,
1.8880,475,222.5,21.0,0.0105,,
1.8960,476,222.9,21.0,0.0100,,
1.9045,477,223.3,21.0,0.0095,,
1.9130,478,223.7,21.0,0.0095,,
1.9215,479,224.1,21.0,0.0095,,
1.9290,480,224.4,21.0,0.0095,,
1.9375,481,224.8,21.0,0.0105,,
1.9460,482,225.1,21.0,0.0095,,
1.9540,483,225.3,21.0,0.0090,,
1.9625,484,225.7,21.0,0.0095,,
1.9710,485,226.0,21.0,0.0095,,
1.9785,486,226.4,21.0,0.0095,,
1.9870,487,226.7,21.0,0.0105,,
1.9955,488,227.0,21.0,0.0105,,
2.0040,489,227.3,21.0,0.0095,,
2.0125,490,227.5,21.0,0.0095,,
2.0205,491,227.9,21.0,0.0090,,
2.0285,492,228.1,21.0,0.0100,,
2.0365,493,228.4,21.0,0.0100,,
2.0450,494,228.7,21.0,0.0105,,
2.0535,495,229.0,21.0,0.0095,,
2.0620,496,229.3,21.0,0.0095,,
2.0705,497,229.7,21.0,0.0095,,
2.0785,498,230.0,21.0,0.0100,,
2.0865,499,230.3,21.0,0.0100,,
2.0945,500,230.5,21.0,0.0100,,
2.1030,501,230.8,21.0,0.0095,,
2.1115,502,231.1,21.0,0.0095,,
2.1200,503,231.3,21.0,0.0095,,
2.1285,504,231.6,21.0,0.0105,,
2.1360,505,231.8,21.0,0.0095,,
2.1445,506,232.1,21.0,0.0105,,
2.1525,507,232.3,21.0,0.0090,,
2.1610,508,232.5,21.0,0.0095,,
2.1695,509,232.8,21.0,0.0095,,
2.1780,510,232.9,21.0,0.0105,,
2.1855,511,233.3,21.0,0.0095,,
2.1940,512,233.4,21.0,0.0105,,
2.2025,513,233.6,21.0,0.0105,,
2.2105,514,233.9,21.0,0.0090,,
2.2165,515,234.1,21.0,0.0065,,
2.2200,516,234.3,21.0,0.0040,,
2.2235,517,234.5,21.0,0.0045,,
2.2260,518,234.5,21.0,0.0030,,
2.2295,519,234.5,21.0,0.0045,,
2.2335,520,234.7,21.0,0.0045,,
2.2380,521,234.8,21.0,0.0050,,
2.2430,522,234.8,21.0,0.0055,,
2.2450,522,235.0,21.0,0.0040,,
Scope 1/1, Sample 22/40 (B11)
Result,TitrationEP1
V,t,E,T,dV/dt,E acc. stat.,Volume acc. stat.
0.0000,0,-69.4,20.9,NaN,,
0.0005,1,-69.5,20.9,0.0005,,
0.0025,2,-69.5,20.9,0.0020,,
0.0050,3,-69.4,20.9,0.0025,,
0.0085,4,-69.4,20.9,0.0030,,
0.0150,5,-69.0,20.9,0.0060,,
0.0230,6,-68.4,20.9,0.0075,,
0.0305,7,-67.6,20.9,0.0075,,
0.0390,8,-66.6,20.9,0.0085,,
0.0475,9,-65.5,20.9,0.0085,,
0.0560,10,-64.1,20.9,0.0075,,
0.0645,11,-62.7,20.9,0.0075,,
0.0725,12,-61.4,20.9,0.0075,,
0.0805,13,-60.0,20.9,0.0080,,
0.0885,14,-58.4,20.9,0.0080,,
0.0970,15,-56.8,20.9,0.0085,,
0.1055,16,-55.0,20.9,0.0075,,
0.1140,17,-53.2,20.9,0.0075,,
0.1225,18,-51.3,20.9,0.0075,,
0.1300,19,-49.3,20.9,0.0075,,
0.1385,20,-47.1,20.9,0.0085,,
0.1465,21,-44.8,20.9,0.0080,,
0.1550,22,-42.3,20.9,0.0075,,
0.1635,23,-39.8,20.9,0.0075,,
0.1720,24,-37.0,20.9,0.0075,,
0.1795,25,-34.4,20.9,0.0075,,
0.1880,26,-31.3,20.9,0.0085,,
0.1965,27,-28.3,20.9,0.0085,,
0.2045,28,-25.0,20.9,0.0075,,
0.2130,29,-21.7,20.9,0.0075,,
0.2215,30,-18.5,20.9,0.0075,,
0.2290,31,-15.6,20.9,0.0075,,
0.2375,32,-12.8,20.9,0.0085,,
0.2460,33,-10.3,20.9,0.0085,,
0.2545,34,-7.9,20.9,0.0075,,
0.2630,35,-5.7,20.9,0.0075,,
0.2710,36,-3.6,20.9,0.0075,,
0.2795,37,-1.9,20.9,0.0085,,
0.2870,38,-0.2,20.9,0.0075,,
0.2955,39,1.5,20.9,0.0085,,
0.3040,40,3.1,20.9,0.0075,,
0.3125,41,4.5,20.9,0.0075,,
0.3210,42,5.9,20.9,0.0075,,
0.3295,43,7.1,20.9,0.0085,,
0.3370,44,8.4,20.9,0.0075,,
0.3450,45,9.5,20.9,0.0080,,
0.3535,46,10.8,20.9,0.0075,,
0.3620,47,11.9,20.9,0.0075,,
0.3705,48,13.1,20.9,0.0075,,
0.3780,49,14.1,20.9,0.0075,,
0.3865,50,15.2,20.9,0.0085,,
0.3950,51,16.2,20.9,0.0085,,
0.4035,52,17.3,20.9,0.0075,,
0.4115,53,18.4,20.9,0.0075,,
0.4200,54,19.3,20.9,0.0075,,
0.4285,55,20.3,20.9,0.0085,,
0.4360,56,21.3,20.9,0.0075,,
0.4445,57,22.3,20.9,0.0085,,
0.4530,58,23.2,20.9,0.0075,,
0.4615,59,24.2,20.9,0.0075,,
0.4695,60,25.1,20.9,0.0075,,
0.4780,61,26.0,20.9,0.0085,,
0.4855,62,26.9,20.9,0.0075,,
0.4940,63,27.9,20.9,0.0085,,
0.5025,64,28.6,20.9,0.0075,,
0.5110,65,29.5,20.9,0.0075,,
0.5195,66,30.5,20.9,0.0075,,
0.5275,67,31.4,20.9,0.0075,,
0.5355,68,32.2,20.9,0.0080,,
0.5435,69,33.1,20.9,0.0080,,
0.5520,70,33.9,20.9,0.0075,,
0.5605,71,34.8,20.9,0.0075,,
0.5690,72,35.7,20.9,0.0075,,
0.5775,73,36.5,20.9,0.0075,,
0.5850,74,37.2,20.9,0.0075,,
0.5935,75,38.1,20.9,0.0085,,
0.6015,76,39.0,20.9,0.0080,,
0.6100,77,39.8,20.9,0.0075,,
0.6185,78,40.7,20.9,0.0075,,
0.6270,79,41.6,20.9,0.0075,,
0.6345,80,42.3,20.9,0.0075,,
0.6430,81,43.2,20.9,0.0085,,
0.6515,82,44.0,20.9,0.0075,,
0.6600,83,44.9,20.9,0.0075,,
0.6680,84,45.7,20.9,0.0075,,
0.6765,85,46.4,20.9,0.0085,,
0.6840,86,47.3,20.9,0.0075,,
0.6925,87,48.1,20.9,0.0085,,
0.7010,88,48.9,20.9,0.0075,,
0.7095,89,49.8,20.9,0.0075,,
0.7180,90,50.6,20.9,0.0075,,
0.7265,91,51.2,20.9,0.0075,,
0.7340,92,52.0,20.9,0.0075,,
0.7425,93,52.9,20.9,0.0085,,
0.7505,94,53.7,20.9,0.0075,,
0.7590,95,54.5,20.9,0.0075,,
0.7675,96,55.4,20.9,0.0075,,
0.7760,97,56.2,20.9,0.0075,,
0.7835,98,56.9,20.9,0.0075,,
0.7920,99,57.8,20.9,0.0085,,
0.8005,100,58.6,20.9,0.0075,,
0.8085,101,59.6,20.9,0.0075,,
0.8170,102,60.5,20.9,0.0075,,
0.8255,103,61.3,20.9,0.0075,,
0.8330,104,62.0,20.9,0.0075,,
0.8415,105,62.9,20.9,0.0085,,
0.8500,106,63.8,20.9,0.0085,,
0.8585,107,64.6,20.9,0.0075,,
0.8665,108,65.4,20.9,0.0075,,
0.8750,109,66.2,20.9,0.0075,,
0.8825,110,67.0,20.9,0.0075,,
0.8910,111,67.8,20.9,0.0085,,
0.8995,112,68.9,20.9,0.0075,,
0.9080,113,69.7,20.9,0.0075,,
0.9165,114,70.5,20.9,0.0075,,
0.9250,115,71.4,20.9,0.0075,,
0.9325,116,72.3,20.9,0.0075,,
0.9410,117,73.2,20.9,0.0085,,
0.9490,118,74.0,20.9,0.0075,,
0.9575,119,74.9,20.9,0.0075,,
0.9660,120,76.0,20.9,0.0075,,
0.9745,121,76.8,20.9,0.0085,,
0.9820,122,77.7,20.9,0.0075,,
0.9905,123,78.6,20.9,0.0085,,
0.9990,124,79.4,20.9,0.0075,,
1.0075,125,80.5,20.9,0.0075,,
1.0155,126,81.3,20.9,0.0075,,
1.0240,127,82.2,20.9,0.0085,,
1.0315,128,83.3,20.9,0.0075,,
1.0400,129,84.3,20.9,0.0085,,
1.0485,130,85.5,20.9,0.0075,,
1.0570,131,86.5,20.9,0.0075,,
1.0655,132,87.5,20.9,0.0075,,
1.0735,133,88.7,20.9,0.0075,,
1.0815,134,89.6,20.9,0.0080,,
1.0895,135,90.7,20.9,0.0080,,
1.0980,136,91.8,20.9,0.0075,,
1.1065,137,93.0,20.9,0.0075,,
1.1150,138,94.2,20.9,0.0075,,
1.1235,139,95.5,20.9,0.0075,,
1.1310,140,96.7,20.9,0.0075,,
1.1395,141,98.0,20.9,0.0085,,
1.1475,142,99.2,20.9,0.0080,,
1.1560,143,100.7,20.9,0.0075,,
1.1645,144,102.1,20.9,0.0075,,
1.1730,145,103.4,20.9,0.0075,,
1.1805,146,105.1,20.9,0.0075,,
1.1890,147,106.6,20.9,0.0085,,
1.1975,148,108.4,20.9,0.0085,,
1.2060,149,110.0,20.9,0.0075,,
1.2140,150,111.8,20.9,0.0075,,
1.2225,151,113.7,20.9,0.0075,,
1.2300,152,115.6,20.9,0.0075,,
1.2385,153,117.5,20.9,0.0085,,
1.2470,154,119.5,20.9,0.0085,,
1.2555,155,121.6,20.9,0.0075,,
1.2640,156,124.2,20.9,0.0075,,
1.2720,157,126.7,20.9,0.0075,,
1.2805,158,128.8,20.9,0.0085,,
1.2880,159,131.5,20.9,0.0075,,
1.2965,160,134.4,20.9,0.0085,,
1.3050,161,138.0,20.9,0.0075,,
1.3135,162,141.1,20.9,0.0075,,
1.3220,163,144.5,20.9,0.0075,,
1.3300,164,147.6,20.9,0.0075,,
1.3380,165,150.7,20.9,0.0080,,
1.3460,166,154.2,20.9,0.0080,,
1.3545,167,157.4,20.9,0.0085,,
1.3630,168,160.5,20.9,0.0075,,
1.3715,169,163.6,20.9,0.0075,,
1.3800,170,166.6,20.9,0.0075,,
1.3875,171,169.1,20.9,0.0075,,
1.3960,172,171.5,20.9,0.0085,,
1.4045,173,173.9,20.9,0.0075,,
1.4125,174,176.1,20.9,0.0075,,
1.4210,175,178.3,20.9,0.0075,,
1.4295,176,180.2,20.9,0.0075,,
1.4370,177,181.9,20.9,0.0075,,
1.4455,178,183.5,20.9,0.0085,,
1.4550,179,185.0,20.9,0.0080,,
1.4550,419,186.7,21.0,0.0000,,
1.4555,420,186.7,21.0,0.0005,,
1.4570,421,186.7,21.0,0.0010,,
1.4595,422,187.0,21.0,0.0020,,
1.4635,423,187.5,21.0,0.0030,,
1.4695,424,188.3,21.0,0.0045,,
1.4775,425,189.5,21.0,0.0060,,
1.4855,426,190.7,21.0,0.0065,,
1.4935,427,192.1,21.0,0.0065,,
1.5020,428,193.3,21.0,0.0070,,
1.5105,429,194.3,21.0,0.0065,,
1.5190,430,195.4,21.0,0.0065,,
1.5275,431,196.5,21.0,0.0065,,
1.5350,432,197.4,21.0,0.0060,,
1.5435,433,198.3,21.0,0.0070,,
1.5515,434,199.3,21.0,0.0065,,
1.5600,435,200.2,21.0,0.0065,,
1.5685,436,201.1,21.0,0.0065,,
1.5770,437,201.9,21.0,0.0065,,
1.5845,438,202.8,21.0,0.0060,,
1.5930,439,203.6,21.0,0.0070,,
1.6015,440,204.4,21.0,0.0065,,
1.6100,441,205.1,21.0,0.0065,,
1.6180,442,205.6,21.0,0.0060,,
1.6265,443,206.4,21.0,0.0065,,
1.6340,444,207.1,21.0,0.0060,,
1.6425,445,207.8,21.0,0.0070,,
1.6510,446,208.5,21.0,0.0070,,
1.6595,447,209.2,21.0,0.0065,,
1.6680,448,209.8,21.0,0.0065,,
1.6760,449,210.5,21.0,0.0060,,
1.6840,450,211.0,21.0,0.0065,,
1.6920,451,211.6,21.0,0.0065,,
1.7005,452,212.1,21.0,0.0070,,
1.7090,453,212.6,21.0,0.0065,,
1.7175,454,213.2,21.0,0.0065,,
1.7260,455,213.6,21.0,0.0065,,
1.7335,456,214.1,21.0,0.0065,,
1.7420,457,214.6,21.0,0.0070,,
1.7505,458,215.2,21.0,0.0070,,
1.7585,459,215.7,21.0,0.0060,,
1.7670,460,216.2,21.0,0.0065,,
1.7755,461,216.6,21.0,0.0065,,
1.7830,462,217.1,21.0,0.0060,,
1.7915,463,217.6,21.0,0.0070,,
1.8000,464,218.0,21.0,0.0070,,
1.8080,465,218.4,21.0,0.0065,,
1.8165,466,218.8,21.0,0.0065,,
1.8250,467,219.4,21.0,0.0065,,
1.8335,468,219.7,21.0,0.0065,,
1.8410,469,220.1,21.0,0.0060,,
1.8495,470,220.5,21.0,0.0070,,
1.8580,471,220.8,21.0,0.0070,,
1.8660,472,221.2,21.0,0.0060,,
1.8745,473,221.6,21.0,0.0065,,
1.8830,474,222.1,21.0,0.0065,,
1.8905,475,222.4,21.0,0.0060,,
1.8990,476,222.8,21.0,0.0070,,
1.9075,477,223.2,21.0,0.0070,,
1.9160,478,223.6,21.0,0.0065,,
1.9245,479,223.9,21.0,0.0065,,
1.9325,480,224.3,21.0,0.0060,,
1.9405,481,224.6,21.0,0.0065,,
1.9485,482,224.9,21.0,0.0065,,
1.9570,483,225.2,21.0,0.0070,,
1.9655,484,225.5,21.0,0.0065,,
1.9740,485,225.8,21.0,0.0065,,
1.9825,486,226.3,21.0,0.0065,,
1.9900,487,226.5,21.0,0.0065,,
1.9985,488,226.9,21.0,0.0070,,
2.0065,489,227.2,21.0,0.0065,,
2.0150,490,227.5,21.0,0.0065,,
2.0235,491,227.9,21.0,0.0065,,
2.0320,492,228.2,21.0,0.0065,,
2.0395,493,228.4,21.0,0.0060,,
2.0480,494,228.6,21.0,0.0070,,
2.0565,495,228.9,21.0,0.0070,,
2.0650,496,229.2,21.0,0.0065,,
2.0730,497,229.4,21.0,0.0060,,
2.0815,498,229.8,21.0,0.0065,,
2.0890,499,230.0,21.0,0.0060,,
2.0975,500,230.4,21.0,0.0070,,
2.1060,501,230.6,21.0,0.0070,,
2.1145,502,230.8,21.0,0.0065,,
2.1230,503,231.1,21.0,0.0065,,
2.1315,504,231.3,21.0,0.0065,,
2.1390,505,231.6,21.0,0.0060,,
2.1470,506,231.9,21.0,0.0065,,
2.1555,507,232.1,21.0,0.0070,,
2.1640,508,232.4,21.0,0.0065,,
2.1725,509,232.7,21.0,0.0065,,
2.1810,510,233.0,21.0,0.0065,,
2.1890,511,233.2,21.0,0.0065,,
2.1970,512,233.4,21.0,0.0065,,
2.2050,513,233.6,21.0,0.0065,,
2.2135,514,233.9,21.0,0.0065,,
2.2220,515,234.1,21.0,0.0065,,
2.2275,516,234.3,21.0,0.0040,,
2.2325,517,234.5,21.0,0.0040,,
2.2335,518,234.6,21.0,0.0010,,
2.2340,519,234.6,21.0,0.0005,,
2.2355,520,234.6,21.0,0.0010,,
2.2380,521,234.6,21.0,0.0020,,
2.2410,522,234.7,21.0,0.0025,,
2.2445,523,234.8,21.0,0.0030,,
2.2475,524,235.0,21.0,0.0025,,
2.2490,525,235.0,21.0,0.0015,,
Scope 1/1, Sample 23/40 (T12)
Result,TitrationEP1
V,t,E,T,dV/dt,E acc. stat.,Volume acc. stat.
0.0000,0,-69.3,20.9,NaN,,
0.0005,1,-69.2,20.9,0.0005,,
0.0025,2,-69.3,20.9,0.0020,,
0.0050,3,-69.3,20.9,0.0025,,
0.0085,4,-69.1,20.9,0.0030,,
0.0150,5,-68.8,20.9,0.0060,,
0.0230,6,-68.2,20.9,0.0075,,
0.0305,7,-67.5,20.9,0.0075,,
0.0390,8,-66.4,20.9,0.0085,,
0.0475,9,-65.2,20.9,0.0085,,
0.0560,10,-63.9,20.9,0.0075,,
0.0645,11,-62.6,20.9,0.0075,,
0.0725,12,-61.2,20.9,0.0075,,
0.0805,13,-59.9,20.9,0.0080,,
0.0885,14,-58.3,20.9,0.0080,,
0.0970,15,-56.6,20.9,0.0085,,
0.1055,16,-54.9,20.9,0.0075,,
0.1140,17,-53.0,20.9,0.0075,,
0.1225,18,-51.0,20.9,0.0075,,
0.1300,19,-49.2,20.9,0.0075,,
0.1385,20,-47.1,20.9,0.0085,,
0.1465,21,-44.9,20.9,0.0080,,
0.1550,22,-42.5,20.9,0.0075,,
0.1635,23,-40.0,20.9,0.0075,,
0.1720,24,-37.3,20.9,0.0075,,
0.1795,25,-34.9,20.9,0.0075,,
0.1880,26,-31.8,20.9,0.0085,,
0.1965,27,-28.7,20.9,0.0085,,
0.2045,28,-25.6,20.9,0.0075,,
0.2130,29,-22.3,20.9,0.0075,,
0.2215,30,-19.2,20.9,0.0075,,
0.2300,31,-16.5,20.9,0.0085,,
0.2375,32,-13.7,20.9,0.0075,,
0.2460,33,-11.2,20.9,0.0085,,
0.2545,34,-8.9,20.9,0.0075,,
0.2625,35,-6.6,20.9,0.0075,,
0.2710,36,-4.5,20.9,0.0075,,
0.2795,37,-2.7,20.9,0.0075,,
0.2870,38,-1.2,20.9,0.0075,,
0.2955,39,0.3,20.9,0.0085,,
0.3040,40,1.7,20.9,0.0085,,
0.3125,41,3.3,20.9,0.0075,,
0.3205,42,4.8,20.9,0.0075,,
0.3290,43,6.1,20.9,0.0075,,
0.3365,44,7.3,20.9,0.0075,,
0.3450,45,8.5,20.9,0.0085,,
0.3535,46,9.7,20.9,0.0085,,
0.3620,47,10.8,20.9,0.0075,,
0.3705,48,11.9,20.9,0.0075,,
0.3785,49,13.1,20.9,0.0075,,
0.3865,50,14.1,20.9,0.0080,,
0.3945,51,15.3,20.9,0.0080,,
0.4030,52,16.3,20.9,0.0085,,
0.4115,53,17.2,20.9,0.0075,,
0.4200,54,18.3,20.9,0.0075,,
0.4285,55,19.3,20.9,0.0075,,
0.4370,56,20.2,20.9,0.0085,,
0.4445,57,21.1,20.9,0.0075,,
0.4530,58,22.2,20.9,0.0085,,
0.4610,59,23.3,20.9,0.0075,,
0.4695,60,24.3,20.9,0.0075,,
0.4780,61,25.3,20.9,0.0075,,
0.4855,62,26.1,20.9,0.0075,,
0.4940,63,27.1,20.9,0.0085,,
0.5025,64,28.0,20.9,0.0085,,
0.5110,65,28.9,20.9,0.0075,,
0.5190,66,29.7,20.9,0.0075,,
0.5275,67,30.7,20.9,0.0075,,
0.5350,68,31.4,20.9,0.0075,,
0.5435,69,32.3,20.9,0.0085,,
0.5520,70,33.2,20.9,0.0085,,
0.5605,71,34.0,20.9,0.0075,,
0.5690,72,34.8,20.9,0.0075,,
0.5775,73,35.7,20.9,0.0075,,
0.5855,74,36.4,20.9,0.0080,,
0.5935,75,37.3,20.9,0.0080,,
0.6015,76,38.1,20.9,0.0080,,
0.6100,77,39.1,20.9,0.0075,,
0.6185,78,40.0,20.9,0.0075,,
0.6270,79,40.8,20.9,0.0075,,
0.6355,80,41.5,20.9,0.0085,,
0.6430,81,42.4,20.9,0.0075,,
0.6515,82,43.2,20.9,0.0085,,
0.6595,83,44.2,20.9,0.0075,,
0.6680,84,45.0,20.9,0.0075,,
0.6765,85,45.9,20.9,0.0075,,
0.6850,86,46.8,20.9,0.0075,,
0.6925,87,47.4,20.9,0.0075,,
0.7010,88,48.2,20.9,0.0085,,
0.7095,89,49.1,20.9,0.0085,,
0.7175,90,50.0,20.9,0.0075,,
0.7260,91,50.9,20.9,0.0075,,
0.7345,92,51.9,20.9,0.0075,,
0.7420,93,52.7,20.9,0.0075,,
0.7505,94,53.5,20.9,0.0085,,
0.7590,95,54.3,20.9,0.0085,,
0.7675,96,55.1,20.9,0.0075,,
0.7755,97,55.9,20.9,0.0075,,
0.7840,98,56.7,20.9,0.0075,,
0.7915,99,57.5,20.9,0.0075,,
0.8000,100,58.3,20.9,0.0085,,
0.8085,101,59.2,20.9,0.0085,,
0.8170,102,60.1,20.9,0.0075,,
0.8255,103,60.9,20.9,0.0075,,
0.8340,104,61.8,20.9,0.0075,,
0.8415,105,62.6,20.9,0.0075,,
0.8495,106,63.5,20.9,0.0080,,
0.8580,107,64.3,20.9,0.0085,,
0.8665,108,65.1,20.9,0.0075,,
0.8750,109,66.0,20.9,0.0075,,
0.8835,110,66.9,20.9,0.0075,,
0.8910,111,67.7,20.9,0.0075,,
0.8995,112,68.7,20.9,0.0085,,
0.9080,113,69.5,20.9,0.0085,,
0.9160,114,70.3,20.9,0.0075,,
0.9245,115,71.1,20.9,0.0075,,
0.9330,116,71.9,20.9,0.0075,,
0.9415,117,72.7,20.9,0.0085,,
0.9490,118,73.6,20.9,0.0075,,
0.9575,119,74.6,20.9,0.0085,,
0.9660,120,75.6,20.9,0.0075,,
0.9740,121,76.5,20.9,0.0075,,
0.9825,122,77.6,20.9,0.0075,,
0.9910,123,78.4,20.9,0.0085,,
0.9985,124,79.4,20.9,0.0075,,
1.0070,125,80.4,20.9,0.0085,,
1.0155,126,81.3,20.9,0.0075,,
1.0240,127,82.3,20.9,0.0075,,
1.0320,128,83.3,20.9,0.0075,,
1.0405,129,84.3,20.9,0.0075,,
1.0480,130,85.3,20.9,0.0075,,
1.0565,131,86.3,20.9,0.0085,,
1.0650,132,87.4,20.9,0.0075,,
1.0735,133,88.7,20.9,0.0075,,
1.0820,134,89.8,20.9,0.0075,,
1.0905,135,90.9,20.9,0.0075,,
1.0980,136,91.7,20.9,0.0075,,
1.1060,137,93.0,20.9,0.0080,,
1.1145,138,94.2,20.9,0.0075,,
1.1230,139,95.4,20.9,0.0075,,
1.1315,140,96.6,20.9,0.0075,,
1.1400,141,98.1,20.9,0.0075,,
1.1475,142,99.2,20.9,0.0075,,
1.1560,143,100.7,20.9,0.0085,,
1.1645,144,102.1,20.9,0.0085,,
1.1725,145,103.6,20.9,0.0075,,
1.1810,146,105.1,20.9,0.0075,,
1.1895,147,106.4,20.9,0.0075,,
1.1970,148,108.0,20.9,0.0075,,
1.2055,149,109.6,20.9,0.0085,,
1.2140,150,111.7,20.9,0.0085,,
1.2225,151,113.5,20.9,0.0075,,
1.2305,152,115.5,20.9,0.0075,,
1.2390,153,117.7,20.9,0.0075,,
1.2475,154,119.7,20.9,0.0085,,
1.2550,155,121.9,20.9,0.0075,,
1.2635,156,124.3,20.9,0.0085,,
1.2720,157,127.0,20.9,0.0075,,
1.2805,158,129.4,20.9,0.0075,,
1.2885,159,132.3,20.9,0.0075,,
1.2970,160,135.1,20.9,0.0085,,
1.3045,161,138.3,20.9,0.0075,,
1.3130,162,141.7,20.9,0.0085,,
1.3215,163,144.9,20.9,0.0075,,
1.3300,164,148.4,20.9,0.0075,,
1.3385,165,151.8,20.9,0.0075,,
1.3470,166,155.2,20.9,0.0075,,
1.3545,167,158.0,20.9,0.0075,,
1.3625,168,161.0,20.9,0.0080,,
1.3710,169,164.3,20.9,0.0085,,
1.3795,170,167.1,20.9,0.0075,,
1.3880,171,169.9,20.9,0.0075,,
1.3965,172,172.2,20.9,0.0075,,
1.4040,173,174.3,20.9,0.0075,,
1.4125,174,176.5,20.9,0.0085,,
1.4210,175,178.7,20.9,0.0075,,
1.4290,176,180.4,20.9,0.0075,,
1.4375,177,182.1,20.9,0.0075,,
1.4460,178,183.9,20.9,0.0075,,
1.4540,179,185.1,20.9,0.0075,,
1.4540,419,187.0,20.9,0.0000,,
1.4545,420,187.0,20.9,0.0005,,
1.4560,421,187.1,20.9,0.0010,,
1.4585,422,187.4,20.9,0.0020,,
1.4625,423,187.9,20.9,0.0030,,
1.4690,424,188.6,21.0,0.0050,,
1.4770,425,189.9,21.0,0.0060,,
1.4845,426,191.1,20.9,0.0060,,
1.4930,427,192.3,21.0,0.0070,,
1.5015,428,193.4,21.0,0.0070,,
1.5100,429,194.5,20.9,0.0065,,
1.5185,430,195.5,21.0,0.0065,,
1.5270,431,196.7,21.0,0.0065,,
1.5345,432,197.6,21.0,0.0060,,
1.5430,433,198.5,20.9,0.0070,,
1.5510,434,199.4,20.9,0.0065,,
1.5595,435,200.5,21.0,0.0065,,
1.5680,436,201.4,21.0,0.0065,,
1.5765,437,202.2,21.0,0.0065,,
1.5840,438,202.9,21.0,0.0060,,
1.5925,439,203.6,21.0,0.0070,,
1.6010,440,204.5,21.0,0.0070,,
1.6095,441,205.2,21.0,0.0065,,
1.6175,442,205.8,20.9,0.0060,,
1.6260,443,206.6,20.9,0.0065,,
1.6335,444,207.2,20.9,0.0060,,
1.6420,445,207.9,21.0,0.0070,,
1.6505,446,208.5,21.0,0.0070,,
1.6590,447,209.2,20.9,0.0065,,
1.6675,448,209.8,21.0,0.0065,,
1.6755,449,210.6,20.9,0.0060,,
1.6835,450,211.2,21.0,0.0065,,
1.6915,451,211.7,20.9,0.0065,,
1.7000,452,212.3,21.0,0.0070,,
1.7085,453,212.9,21.0,0.0065,,
1.7170,454,213.4,21.0,0.0065,,
1.7255,455,213.9,21.0,0.0065,,
1.7335,456,214.3,21.0,0.0065,,
1.7415,457,214.7,21.0,0.0065,,
1.7495,458,215.3,21.0,0.0065,,
1.7580,459,215.8,21.0,0.0065,,
1.7665,460,216.2,21.0,0.0065,,
1.7750,461,216.7,21.0,0.0065,,
1.7835,462,217.1,21.0,0.0070,,
1.7910,463,217.6,21.0,0.0060,,
1.7995,464,218.1,21.0,0.0070,,
1.8075,465,218.6,21.0,0.0065,,
1.8160,466,219.1,21.0,0.0065,,
1.8245,467,219.5,21.0,0.0065,,
1.8330,468,219.9,21.0,0.0065,,
1.8405,469,220.1,21.0,0.0060,,
1.8490,470,220.5,21.0,0.0070,,
1.8575,471,220.9,21.0,0.0070,,
1.8655,472,221.4,21.0,0.0060,,
1.8740,473,221.8,21.0,0.0065,,
1.8825,474,222.1,21.0,0.0065,,
1.8910,475,222.5,21.0,0.0070,,
1.8985,476,222.9,21.0,0.0060,,
1.9070,477,223.3,21.0,0.0070,,
1.9155,478,223.7,21.0,0.0065,,
1.9235,479,224.0,21.0,0.0060,,
1.9320,480,224.3,21.0,0.0065,,
1.9405,481,224.6,21.0,0.0070,,
1.9480,482,225.0,21.0,0.0060,,
1.9565,483,225.4,21.0,0.0070,,
1.9650,484,225.7,21.0,0.0065,,
1.9735,485,226.1,21.0,0.0065,,
1.9815,486,226.4,21.0,0.0060,,
1.9900,487,226.7,21.0,0.0065,,
1.9975,488,227.0,21.0,0.0060,,
2.0060,489,227.3,21.0,0.0070,,
2.0145,490,227.6,21.0,0.0070,,
2.0230,491,228.0,21.0,0.0065,,
2.0315,492,228.3,21.0,0.0065,,
2.0395,493,228.5,21.0,0.0060,,
2.0475,494,228.8,21.0,0.0065,,
2.0555,495,229.0,21.0,0.0065,,
2.0640,496,229.4,21.0,0.0070,,
2.0725,497,229.7,21.0,0.0065,,
2.0810,498,229.9,21.0,0.0065,,
2.0895,499,230.3,21.0,0.0065,,
2.0970,500,230.5,21.0,0.0060,,
2.1055,501,230.8,21.0,0.0070,,
2.1140,502,231.0,21.0,0.0070,,
2.1220,503,231.3,21.0,0.0060,,
2.1305,504,231.6,21.0,0.0065,,
2.1390,505,231.9,21.0,0.0065,,
2.1465,506,232.1,21.0,0.0060,,
2.1550,507,232.3,21.0,0.0070,,
2.1635,508,232.6,21.0,0.0070,,
2.1720,509,232.8,21.0,0.0065,,
2.1800,510,233.0,21.0,0.0060,,
2.1885,511,233.2,21.0,0.0065,,
2.1960,512,233.4,21.0,0.0060,,
2.2045,513,233.6,21.0,0.0070,,
2.2130,514,233.9,21.0,0.0070,,
2.2205,515,234.1,21.0,0.0060,,
2.2265,516,234.2,21.0,0.0045,,
2.2300,517,234.5,21.0,0.0025,,
2.2315,518,234.5,21.0,0.0010,,
2.2330,519,234.6,21.0,0.0010,,
2.2345,520,234.6,21.0,0.0010,,
2.2365,521,234.7,21.0,0.0015,,
2.2375,522,234.8,21.0,0.0010,,
2.2385,523,234.9,21.0,0.0010,,
2.2400,524,234.9,21.0,0.0010,,
2.2415,525,234.9,21.0,0.0010,,
2.2440,526,235.0,21.0,0.0020,,
2.2455,527,235.0,21.0,0.0025,,
Scope 1/1, Sample 24/40 (B12)
Result,TitrationEP1
V,t,E,T,dV/dt,E acc. stat.,Volume acc. stat.
0.0000,0,-69.7,20.9,NaN,,
0.0010,1,-69.8,20.9,0.0010,,
0.0025,2,-69.8,20.9,0.0015,,
0.0050,3,-69.8,20.9,0.0025,,
0.0085,4,-69.7,20.9,0.0030,,
0.0150,5,-69.4,20.9,0.0060,,
0.0230,6,-68.9,20.9,0.0075,,
0.0315,7,-68.1,20.9,0.0085,,
0.0390,8,-67.1,20.9,0.0075,,
0.0475,9,-65.8,20.9,0.0085,,
0.0560,10,-64.6,20.9,0.0075,,
0.0645,11,-63.3,20.9,0.0075,,
0.0725,12,-61.9,20.9,0.0075,,
0.0810,13,-60.7,20.9,0.0085,,
0.0885,14,-59.1,20.9,0.0075,,
0.0970,15,-57.4,20.9,0.0085,,
0.1055,16,-55.7,20.9,0.0075,,
0.1140,17,-53.9,20.9,0.0075,,
0.1225,18,-51.9,20.9,0.0075,,
0.1300,19,-50.0,20.9,0.0075,,
0.1385,20,-47.9,20.9,0.0085,,
0.1470,21,-45.7,20.9,0.0085,,
0.1550,22,-43.3,20.9,0.0075,,
0.1635,23,-40.8,20.9,0.0075,,
0.1720,24,-38.1,20.9,0.0075,,
0.1805,25,-35.4,20.9,0.0085,,
0.1880,26,-32.5,20.9,0.0075,,
0.1965,27,-29.3,20.9,0.0075,,
0.2050,28,-26.1,20.9,0.0075,,
0.2130,29,-23.0,20.9,0.0075,,
0.2215,30,-19.8,20.9,0.0075,,
0.2300,31,-16.8,20.9,0.0075,,
0.2375,32,-14.2,20.9,0.0075,,
0.2460,33,-11.6,20.9,0.0085,,
0.2545,34,-9.4,20.9,0.0075,,
0.2630,35,-7.3,20.9,0.0075,,
0.2710,36,-5.3,20.9,0.0075,,
0.2795,37,-3.5,20.9,0.0075,,
0.2870,38,-2.1,20.9,0.0075,,
0.2955,39,-0.5,20.9,0.0085,,
0.3040,40,1.1,20.9,0.0075,,
0.3125,41,2.6,20.9,0.0075,,
0.3210,42,4.0,20.9,0.0075,,
0.3290,43,5.5,20.9,0.0075,,
0.3370,44,6.7,20.9,0.0080,,
0.3450,45,7.9,20.9,0.0080,,
0.3535,46,9.1,20.9,0.0075,,
0.3620,47,10.2,20.9,0.0075,,
0.3705,48,11.4,20.9,0.0075,,
0.3790,49,12.5,20.9,0.0075,,
0.3865,50,13.5,20.9,0.0075,,
0.3950,51,14.6,20.9,0.0085,,
0.4030,52,15.6,20.9,0.0075,,
0.4115,53,16.5,20.9,0.0075,,
0.4200,54,17.6,20.9,0.0075,,
0.4285,55,18.6,20.9,0.0075,,
0.4360,56,19.4,20.9,0.0075,,
0.4445,57,20.4,20.9,0.0085,,
0.4530,58,21.3,20.9,0.0085,,
0.4615,59,22.3,20.9,0.0075,,
0.4695,60,23.2,20.9,0.0075,,
0.4780,61,24.1,20.9,0.0075,,
0.4865,62,24.9,20.9,0.0085,,
0.4940,63,25.9,20.9,0.0075,,
0.5025,64,26.8,20.9,0.0085,,
0.5110,65,27.7,20.9,0.0075,,
0.5195,66,28.6,20.9,0.0075,,
0.5275,67,29.5,20.9,0.0075,,
0.5360,68,30.3,20.9,0.0085,,
0.5435,69,31.2,20.9,0.0075,,
0.5520,70,32.0,20.9,0.0085,,
0.5605,71,32.9,20.9,0.0075,,
0.5690,72,33.7,20.9,0.0075,,
0.5775,73,34.6,20.9,0.0075,,
0.5855,74,35.5,20.9,0.0075,,
0.5935,75,36.4,20.9,0.0080,,
0.6015,76,37.1,20.9,0.0080,,
0.6100,77,38.0,20.9,0.0075,,
0.6185,78,38.9,20.9,0.0075,,
0.6270,79,39.8,20.9,0.0075,,
0.6355,80,40.6,20.9,0.0085,,
0.6430,81,41.4,20.9,0.0075,,
0.6515,82,42.3,20.9,0.0085,,
0.6600,83,43.1,20.9,0.0075,,
0.6680,84,44.0,20.9,0.0075,,
0.6765,85,44.9,20.9,0.0075,,
0.6850,86,45.7,20.9,0.0075,,
0.6925,87,46.5,20.9,0.0075,,
0.7010,88,47.4,20.9,0.0075,,
0.7095,89,48.2,20.9,0.0075,,
0.7180,90,49.1,20.9,0.0075,,
0.7265,91,50.1,20.9,0.0075,,
0.7345,92,50.9,20.9,0.0080,,
0.7425,93,51.7,20.9,0.0080,,
0.7505,94,52.5,20.9,0.0075,,
0.7590,95,53.3,20.9,0.0075,,
0.7675,96,54.2,20.9,0.0075,,
0.7760,97,55.0,20.9,0.0075,,
0.7835,98,55.9,20.9,0.0075,,
0.7920,99,56.7,20.9,0.0085,,
0.8005,100,57.5,20.9,0.0075,,
0.8090,101,58.4,20.9,0.0075,,
0.8170,102,59.2,20.9,0.0075,,
0.8255,103,60.1,20.9,0.0075,,
0.8330,104,60.9,20.9,0.0075,,
0.8415,105,61.8,20.9,0.0085,,
0.8500,106,62.7,20.9,0.0075,,
0.8585,107,63.6,20.9,0.0075,,
0.8670,108,64.6,20.9,0.0075,,
0.8750,109,65.5,20.9,0.0075,,
0.8835,110,66.3,20.9,0.0085,,
0.8910,111,67.3,20.9,0.0075,,
0.8995,112,68.1,20.9,0.0085,,
0.9080,113,69.0,20.9,0.0075,,
0.9165,114,70.0,20.9,0.0075,,
0.9250,115,70.8,20.9,0.0075,,
0.9330,116,71.6,20.9,0.0080,,
0.9410,117,72.4,20.9,0.0080,,
0.9490,118,73.3,20.9,0.0080,,
0.9575,119,74.2,20.9,0.0075,,
0.9660,120,75.2,20.9,0.0075,,
0.9745,121,76.3,20.9,0.0075,,
0.9830,122,77.1,20.9,0.0085,,
0.9905,123,78.0,20.9,0.0075,,
0.9990,124,78.9,20.9,0.0085,,
1.0070,125,79.9,20.9,0.0075,,
1.0155,126,80.8,20.9,0.0075,,
1.0240,127,82.0,20.9,0.0075,,
1.0325,128,83.1,20.9,0.0075,,
1.0400,129,83.9,20.9,0.0075,,
1.0485,130,85.0,20.9,0.0085,,
1.0570,131,86.1,20.9,0.0075,,
1.0655,132,87.3,20.9,0.0075,,
1.0735,133,88.3,20.9,0.0075,,
1.0820,134,89.3,20.9,0.0085,,
1.0895,135,90.4,20.9,0.0075,,
1.0980,136,91.6,20.9,0.0085,,
1.1065,137,92.8,20.9,0.0075,,
1.1150,138,94.2,20.9,0.0075,,
1.1235,139,95.3,20.9,0.0075,,
1.1320,140,96.6,20.9,0.0085,,
1.1395,141,98.1,20.9,0.0075,,
1.1480,142,99.5,20.9,0.0085,,
1.1560,143,100.9,20.9,0.0075,,
1.1645,144,102.3,20.9,0.0075,,
1.1730,145,103.9,20.9,0.0075,,
1.1805,146,105.4,20.9,0.0075,,
1.1890,147,107.0,20.9,0.0085,,
1.1975,148,108.8,20.9,0.0075,,
1.2060,149,110.5,20.9,0.0075,,
1.2140,150,112.2,20.9,0.0075,,
1.2225,151,114.1,20.9,0.0075,,
1.2310,152,116.1,20.9,0.0085,,
1.2385,153,118.3,20.9,0.0075,,
1.2470,154,120.6,20.9,0.0085,,
1.2555,155,122.9,20.9,0.0075,,
1.2640,156,125.7,20.9,0.0075,,
1.2720,157,128.5,20.9,0.0075,,
1.2805,158,130.9,20.9,0.0085,,
1.2885,159,133.7,20.9,0.0080,,
1.2965,160,136.8,20.9,0.0080,,
1.3050,161,140.1,20.9,0.0075,,
1.3135,162,143.3,20.9,0.0075,,
1.3220,163,146.8,20.9,0.0075,,
1.3300,164,150.6,20.9,0.0075,,
1.3380,165,153.9,20.9,0.0080,,
1.3460,166,157.2,20.9,0.0080,,
1.3545,167,160.3,20.9,0.0075,,
1.3630,168,163.7,20.9,0.0075,,
1.3715,169,166.6,20.9,0.0075,,
1.3800,170,169.3,20.9,0.0075,,
1.3875,171,171.8,20.9,0.0075,,
1.3960,172,173.9,20.9,0.0085,,
1.4045,173,176.2,20.9,0.0075,,
1.4125,174,178.3,20.9,0.0075,,
1.4210,175,180.3,20.9,0.0075,,
1.4295,176,182.0,20.9,0.0075,,
1.4370,177,183.7,20.9,0.0075,,
1.4465,178,185.1,20.9,0.0085,,
1.4465,418,187.1,20.9,0.0000,,
1.4470,419,187.1,20.9,0.0005,,
1.4485,420,187.2,20.9,0.0010,,
1.4510,421,187.4,20.9,0.0020,,
1.4550,422,187.9,20.9,0.0030,,
1.4610,423,188.6,20.9,0.0045,,
1.4690,424,189.7,20.9,0.0055,,
1.4770,425,190.8,20.9,0.0060,,
1.4850,426,192.1,20.9,0.0060,,
1.4935,427,193.3,20.9,0.0065,,
1.5020,428,194.4,20.9,0.0060,,
1.5105,429,195.6,20.9,0.0060,,
1.5190,430,196.6,20.9,0.0060,,
1.5265,431,197.6,20.9,0.0060,,
1.5350,432,198.6,20.9,0.0065,,
1.5430,433,199.5,20.9,0.0060,,
1.5515,434,200.5,20.9,0.0060,,
1.5600,435,201.3,20.9,0.0060,,
1.5685,436,202.1,20.9,0.0060,,
1.5760,437,202.9,20.9,0.0060,,
1.5845,438,203.7,20.9,0.0065,,
1.5930,439,204.6,20.9,0.0065,,
1.6015,440,205.3,20.9,0.0060,,
1.6095,441,205.9,20.9,0.0055,,
1.6180,442,206.7,20.9,0.0060,,
1.6255,443,207.4,20.9,0.0060,,
1.6340,444,208.0,20.9,0.0065,,
1.6425,445,208.8,20.9,0.0065,,
1.6510,446,209.3,20.9,0.0060,,
1.6595,447,209.9,20.9,0.0060,,
1.6675,448,210.5,20.9,0.0055,,
1.6755,449,211.1,20.9,0.0060,,
1.6835,450,211.7,20.9,0.0060,,
1.6920,451,212.3,20.9,0.0065,,
1.7005,452,212.9,20.9,0.0060,,
1.7090,453,213.4,20.9,0.0060,,
1.7175,454,213.9,20.9,0.0060,,
1.7260,455,214.4,20.9,0.0065,,
1.7335,456,214.9,20.9,0.0060,,
1.7420,457,215.4,20.9,0.0065,,
1.7500,458,215.8,20.9,0.0055,,
1.7585,459,216.2,20.9,0.0060,,
1.7670,460,216.7,20.9,0.0060,,
1.7745,461,217.2,20.9,0.0060,,
1.7830,462,217.7,20.9,0.0065,,
1.7915,463,218.2,20.9,0.0065,,
1.8000,464,218.5,20.9,0.0060,,
1.8080,465,219.0,20.9,0.0055,,
1.8165,466,219.4,20.9,0.0060,,
1.8240,467,219.8,20.9,0.0060,,
1.8325,468,220.3,20.9,0.0065,,
1.8410,469,220.7,20.9,0.0065,,
1.8495,470,221.0,20.9,0.0060,,
1.8580,471,221.4,20.9,0.0060,,
1.8665,472,221.7,20.9,0.0060,,
1.8740,473,222.1,20.9,0.0060,,
1.8825,474,222.4,20.9,0.0065,,
1.8905,475,222.9,20.9,0.0060,,
1.8990,476,223.2,20.9,0.0060,,
1.9075,477,223.5,20.9,0.0060,,
1.9160,478,224.0,20.9,0.0060,,
1.9235,479,224.2,20.9,0.0060,,
1.9320,480,224.6,20.9,0.0065,,
1.9405,481,225.0,20.9,0.0065,,
1.9485,482,225.3,20.9,0.0055,,
1.9570,483,225.7,20.9,0.0060,,
1.9655,484,226.0,20.9,0.0060,,
1.9730,485,226.4,20.9,0.0060,,
1.9815,486,226.7,20.9,0.0065,,
1.9900,487,227.0,20.9,0.0065,,
1.9985,488,227.4,20.9,0.0060,,
2.0065,489,227.7,20.9,0.0055,,
2.0150,490,227.9,20.9,0.0060,,
2.0235,491,228.2,20.9,0.0065,,
2.0310,492,228.5,20.9,0.0060,,
2.0395,493,228.8,20.9,0.0065,,
2.0480,494,229.1,20.9,0.0060,,
2.0565,495,229.3,20.9,0.0060,,
2.0645,496,229.6,20.9,0.0055,,
2.0730,497,229.9,20.9,0.0060,,
2.0805,498,230.1,20.9,0.0060,,
2.0890,499,230.5,20.9,0.0065,,
2.0975,500,230.6,20.9,0.0065,,
2.1060,501,230.9,20.9,0.0060,,
2.1145,502,231.2,20.9,0.0060,,
2.1225,503,231.5,20.9,0.0055,,
2.1305,504,231.8,20.9,0.0060,,
2.1385,505,232.0,20.9,0.0060,,
2.1470,506,232.3,20.9,0.0065,,
2.1555,507,232.6,20.9,0.0060,,
2.1640,508,232.7,20.9,0.0060,,
2.1725,509,232.9,20.9,0.0060,,
2.1800,510,233.2,20.9,0.0060,,
2.1885,511,233.4,20.9,0.0065,,
2.1970,512,233.8,20.9,0.0065,,
2.2050,513,234.0,20.9,0.0055,,
2.2125,514,234.2,20.9,0.0055,,
2.2185,515,234.4,20.9,0.0045,,
2.2190,516,234.5,20.9,0.0005,,
2.2195,517,234.6,20.9,0.0005,,
2.2210,518,234.6,20.9,0.0010,,
2.2230,519,234.7,20.9,0.0015,,
2.2250,520,234.8,20.9,0.0015,,
2.2285,521,234.8,20.9,0.0025,,
2.2315,522,234.9,20.9,0.0025,,
2.2360,524,235.0,20.9,0.0030,,
Scope 1/1, Sample 25/40 (T13)
Result,TitrationEP1
V,t,E,T,dV/dt,E acc. stat.,Volume acc. stat.
0.0000,0,-69.6,20.8,NaN,,
0.0005,1,-69.5,20.8,0.0005,,
0.0025,2,-69.5,20.8,0.0020,,
0.0050,3,-69.5,20.8,0.0025,,
0.0085,4,-69.4,20.9,0.0030,,
0.0150,5,-69.0,20.9,0.0060,,
0.0230,6,-68.5,20.9,0.0075,,
0.0305,7,-67.8,20.9,0.0075,,
0.0390,8,-66.8,20.9,0.0085,,
0.0475,9,-65.7,20.9,0.0085,,
0.0560,10,-64.4,20.9,0.0075,,
0.0645,11,-63.0,20.9,0.0075,,
0.0725,12,-61.5,20.9,0.0075,,
0.0805,13,-60.2,20.9,0.0080,,
0.0885,14,-58.6,20.9,0.0080,,
0.0970,15,-57.0,20.9,0.0085,,
0.1055,16,-55.3,20.9,0.0075,,
0.1140,17,-53.4,20.9,0.0075,,
0.1225,18,-51.5,20.9,0.0075,,
0.1300,19,-49.7,20.9,0.0075,,
0.1385,20,-47.5,20.9,0.0085,,
0.1465,21,-45.2,20.9,0.0080,,
0.1550,22,-42.8,20.9,0.0075,,
0.1635,23,-40.3,20.9,0.0075,,
0.1720,24,-37.6,20.9,0.0075,,
0.1795,25,-35.2,20.9,0.0075,,
0.1880,26,-32.2,20.9,0.0085,,
0.1965,27,-29.0,20.9,0.0085,,
0.2050,28,-25.7,20.9,0.0075,,
0.2130,29,-22.4,20.9,0.0075,,
0.2215,30,-19.2,20.9,0.0075,,
0.2290,31,-16.5,20.9,0.0075,,
0.2375,32,-13.7,20.9,0.0085,,
0.2460,33,-11.2,20.9,0.0085,,
0.2545,34,-9.0,20.9,0.0075,,
0.2630,35,-6.8,20.9,0.0075,,
0.2715,36,-4.7,20.9,0.0075,,
0.2790,37,-3.0,20.9,0.0075,,
0.2870,38,-1.4,20.9,0.0080,,
0.2955,39,0.1,20.9,0.0085,,
0.3040,40,1.4,20.9,0.0075,,
0.3125,41,3.0,20.9,0.0075,,
0.3210,42,4.5,20.9,0.0075,,
0.3285,43,5.7,20.9,0.0075,,
0.3370,44,7.0,20.9,0.0085,,
0.3455,45,8.3,20.9,0.0085,,
0.3535,46,9.4,20.9,0.0075,,
0.3620,47,10.5,20.9,0.0075,,
0.3705,48,11.6,20.9,0.0075,,
0.3780,49,12.7,20.9,0.0075,,
0.3865,50,13.9,20.9,0.0085,,
0.3950,51,15.0,20.9,0.0085,,
0.4035,52,16.0,20.9,0.0075,,
0.4115,53,16.9,20.9,0.0075,,
0.4200,54,18.0,20.9,0.0075,,
0.4275,55,18.9,20.9,0.0075,,
0.4360,56,19.9,20.9,0.0085,,
0.4445,57,20.8,20.9,0.0085,,
0.4530,58,21.7,20.9,0.0075,,
0.4615,59,22.6,20.9,0.0075,,
0.4695,60,23.5,20.9,0.0075,,
0.4780,61,24.4,20.9,0.0085,,
0.4855,62,25.2,20.9,0.0075,,
0.4940,63,26.1,20.9,0.0085,,
0.5025,64,27.1,20.9,0.0075,,
0.5110,65,27.9,20.9,0.0075,,
0.5195,66,28.8,20.9,0.0075,,
0.5280,67,29.7,20.9,0.0085,,
0.5355,68,30.6,20.9,0.0075,,
0.5440,69,31.6,20.9,0.0085,,
0.5520,70,32.5,20.9,0.0075,,
0.5605,71,33.4,20.9,0.0075,,
0.5690,72,34.2,20.9,0.0075,,
0.5775,73,35.0,20.9,0.0085,,
0.5850,74,35.9,20.9,0.0075,,
0.5935,75,36.7,20.9,0.0085,,
0.6020,76,37.5,20.9,0.0075,,
0.6100,77,38.4,20.9,0.0075,,
0.6185,78,39.3,20.9,0.0075,,
0.6270,79,40.0,20.9,0.0085,,
0.6345,80,40.8,20.9,0.0070,,
0.6430,81,41.7,20.9,0.0085,,
0.6515,82,42.5,20.9,0.0075,,
0.6600,83,43.4,20.9,0.0075,,
0.6685,84,44.1,20.9,0.0075,,
0.6765,85,44.8,20.9,0.0080,,
0.6840,86,45.7,20.9,0.0075,,
0.6925,87,46.6,20.9,0.0085,,
0.7010,88,47.5,20.9,0.0075,,
0.7095,89,48.3,20.9,0.0075,,
0.7180,90,49.3,20.9,0.0075,,
0.7265,91,50.0,20.9,0.0085,,
0.7340,92,50.9,20.9,0.0075,,
0.7425,93,51.6,20.9,0.0085,,
0.7505,94,52.5,20.9,0.0080,,
0.7590,95,53.4,20.9,0.0075,,
0.7675,96,54.3,20.9,0.0075,,
0.7760,97,55.0,20.9,0.0075,,
0.7835,98,55.8,20.9,0.0075,,
0.7920,99,56.6,20.9,0.0085,,
0.8005,100,57.4,20.9,0.0085,,
0.8085,101,58.2,20.9,0.0075,,
0.8170,102,59.1,20.9,0.0075,,
0.8255,103,60.0,20.9,0.0075,,
0.8330,104,60.7,20.9,0.0075,,
0.8415,105,61.6,20.9,0.0085,,
0.8500,106,62.4,20.9,0.0085,,
0.8585,107,63.3,20.9,0.0075,,
0.8665,108,64.1,20.9,0.0075,,
0.8750,109,64.9,20.9,0.0075,,
0.8825,110,65.7,20.9,0.0075,,
0.8910,111,66.7,20.9,0.0085,,
0.8995,112,67.7,20.9,0.0085,,
0.9080,113,68.4,20.9,0.0075,,
0.9165,114,69.3,20.9,0.0075,,
0.9250,115,70.1,20.9,0.0075,,
0.9325,116,71.0,20.9,0.0075,,
0.9410,117,71.9,20.9,0.0085,,
0.9490,118,72.8,20.9,0.0080,,
0.9575,119,73.7,20.9,0.0075,,
0.9660,120,74.6,20.9,0.0075,,
0.9745,121,75.4,20.9,0.0075,,
0.9820,122,76.2,20.9,0.0075,,
0.9905,123,77.2,20.9,0.0085,,
0.9990,124,78.2,20.9,0.0085,,
1.0070,125,79.3,20.9,0.0075,,
1.0155,126,80.1,20.9,0.0075,,
1.0240,127,81.2,20.9,0.0075,,
1.0315,128,82.0,20.9,0.0075,,
1.0400,129,83.1,20.9,0.0085,,
1.0485,130,84.2,20.9,0.0085,,
1.0570,131,85.3,20.9,0.0075,,
1.0650,132,86.3,20.9,0.0075,,
1.0735,133,87.6,20.9,0.0075,,
1.0810,134,88.6,20.9,0.0075,,
1.0895,135,89.8,20.9,0.0085,,
1.0980,136,91.1,20.9,0.0085,,
1.1065,137,92.3,20.9,0.0075,,
1.1150,138,93.4,20.9,0.0075,,
1.1235,139,94.5,20.9,0.0075,,
1.1315,140,95.5,20.9,0.0080,,
1.1390,141,96.9,20.9,0.0075,,
1.1475,142,98.2,20.9,0.0085,,
1.1560,143,99.6,20.9,0.0075,,
1.1645,144,101.0,20.9,0.0075,,
1.1730,145,102.4,20.9,0.0075,,
1.1815,146,104.1,20.9,0.0075,,
1.1890,147,105.4,20.9,0.0075,,
1.1970,148,107.1,20.9,0.0080,,
1.2055,149,108.8,20.9,0.0085,,
1.2140,150,110.6,20.9,0.0075,,
1.2225,151,112.6,20.9,0.0075,,
1.2310,152,114.4,20.9,0.0075,,
1.2385,153,116.1,20.9,0.0075,,
1.2470,154,118.2,20.9,0.0085,,
1.2555,155,120.5,20.9,0.0085,,
1.2635,156,123.0,20.9,0.0075,,
1.2720,157,125.7,20.9,0.0075,,
1.2805,158,128.1,20.9,0.0075,,
1.2880,159,130.5,20.9,0.0075,,
1.2965,160,133.6,20.9,0.0085,,
1.3050,161,136.9,20.9,0.0075,,
1.3135,162,140.2,20.9,0.0075,,
1.3220,163,143.6,20.9,0.0075,,
1.3300,164,147.1,20.9,0.0075,,
1.3380,165,150.1,20.9,0.0080,,
1.3460,166,153.6,20.9,0.0080,,
1.3545,167,156.6,20.9,0.0085,,
1.3630,168,159.8,20.9,0.0075,,
1.3715,169,163.1,20.9,0.0075,,
1.3800,170,166.1,20.9,0.0075,,
1.3875,171,168.6,20.9,0.0075,,
1.3960,172,171.2,20.9,0.0085,,
1.4040,173,173.5,20.9,0.0080,,
1.4125,174,175.9,20.9,0.0075,,
1.4210,175,177.8,20.9,0.0075,,
1.4295,176,179.7,20.9,0.0075,,
1.4370,177,181.4,20.9,0.0075,,
1.4455,178,183.2,20.9,0.0085,,
1.4540,179,184.9,20.9,0.0085,,
1.4575,180,185.2,20.9,0.0060,,
1.4575,420,187.3,20.9,0.0000,,
1.4580,421,187.2,20.9,0.0010,,
1.4595,422,187.3,20.9,0.0025,,
1.4620,423,187.6,20.9,0.0035,,
1.4660,424,188.1,20.9,0.0055,,
1.4720,425,188.7,20.9,0.0085,,
1.4800,426,190.0,20.9,0.0115,,
1.4880,427,191.0,20.9,0.0135,,
1.4960,428,192.4,20.9,0.0135,,
1.5045,429,193.4,20.9,0.0120,,
1.5130,430,194.4,20.9,0.0120,,
1.5215,431,195.6,20.9,0.0120,,
1.5300,432,196.6,20.9,0.0140,,
1.5375,433,197.7,20.9,0.0125,,
1.5460,434,198.6,20.9,0.0140,,
1.5545,435,199.5,20.9,0.0140,,
1.5625,436,200.5,20.9,0.0115,,
1.5710,437,201.3,20.9,0.0120,,
1.5795,438,202.1,20.9,0.0120,,
1.5870,439,203.0,20.9,0.0125,,
1.5955,440,203.6,20.9,0.0140,,
1.6040,441,204.5,20.9,0.0120,,
1.6125,442,205.2,20.9,0.0120,,
1.6205,443,205.9,20.9,0.0115,,
1.6290,444,206.7,20.9,0.0120,,
1.6365,445,207.2,20.9,0.0125,,
1.6450,446,208.0,20.9,0.0140,,
1.6535,447,208.6,20.9,0.0120,,
1.6620,448,209.2,20.9,0.0120,,
1.6705,449,209.9,20.9,0.0120,,
1.6790,450,210.5,20.9,0.0140,,
1.6865,451,211.1,20.9,0.0125,,
1.6950,452,211.6,20.9,0.0140,,
1.7030,453,212.1,20.9,0.0115,,
1.7115,454,212.7,20.9,0.0120,,
1.7200,455,213.2,20.9,0.0120,,
1.7285,456,213.7,20.9,0.0140,,
1.7360,457,214.1,20.9,0.0125,,
1.7445,458,214.7,20.9,0.0140,,
1.7530,459,215.2,20.9,0.0120,,
1.7615,460,215.7,20.9,0.0120,,
1.7695,461,216.1,20.9,0.0115,,
1.7780,462,216.6,20.9,0.0140,,
1.7855,463,217.1,20.9,0.0125,,
1.7940,464,217.6,20.9,0.0140,,
1.8025,465,218.1,20.9,0.0120,,
1.8110,466,218.4,20.9,0.0120,,
1.8195,467,218.8,20.9,0.0120,,
1.8275,468,219.2,20.9,0.0135,,
1.8355,469,219.7,20.9,0.0135,,
1.8435,470,220.1,20.9,0.0135,,
1.8520,471,220.5,20.9,0.0120,,
1.8605,472,220.9,20.9,0.0120,,
1.8690,473,221.3,20.9,0.0120,,
1.8775,474,221.7,20.9,0.0140,,
1.8850,475,222.0,20.9,0.0125,,
1.8935,476,222.4,20.9,0.0140,,
1.9015,477,222.8,20.9,0.0115,,
1.9100,478,223.1,20.9,0.0120,,
1.9185,479,223.5,20.9,0.0120,,
1.9270,480,223.8,20.9,0.0140,,
1.9345,481,224.2,20.9,0.0125,,
1.9430,482,224.6,20.9,0.0140,,
1.9515,483,224.9,20.9,0.0120,,
1.9600,484,225.2,20.9,0.0120,,
1.9680,485,225.7,20.9,0.0115,,
1.9765,486,225.8,20.9,0.0140,,
1.9840,487,226.2,20.9,0.0125,,
1.9925,488,226.4,20.9,0.0140,,
2.0010,489,226.8,20.9,0.0120,,
2.0095,490,227.1,20.9,0.0120,,
2.0180,491,227.4,20.9,0.0120,,
2.0265,492,227.7,20.9,0.0140,,
2.0340,493,228.0,20.9,0.0125,,
2.0425,494,228.3,20.9,0.0140,,
2.0505,495,228.6,20.9,0.0115,,
2.0590,496,228.9,20.9,0.0120,,
2.0675,497,229.1,20.9,0.0120,,
2.0760,498,229.4,20.9,0.0140,,
2.0835,499,229.7,20.9,0.0125,,
2.0920,500,230.0,20.9,0.0140,,
2.1005,501,230.2,20.9,0.0120,,
2.1085,502,230.5,20.9,0.0115,,
2.1170,503,230.8,20.9,0.0120,,
2.1255,504,231.1,20.9,0.0140,,
2.1330,505,231.4,20.9,0.0125,,
2.1415,506,231.8,20.9,0.0140,,
2.1500,507,232.0,20.9,0.0140,,
2.1585,508,232.3,20.9,0.0120,,
2.1665,509,232.4,20.9,0.0115,,
2.1750,510,232.7,20.9,0.0120,,
2.1825,511,232.9,20.9,0.0125,,
2.1910,512,233.2,20.9,0.0140,,
2.1995,513,233.5,20.9,0.0140,,
2.2080,514,233.7,20.9,0.0120,,
2.2165,515,233.9,20.9,0.0120,,
2.2235,516,234.2,20.9,0.0100,,
2.2290,517,234.2,20.9,0.0090,,
2.2345,518,234.5,20.9,0.0090,,
2.2370,519,234.6,20.9,0.0035,,
2.2395,520,234.6,20.9,0.0035,,
2.2415,521,234.7,20.9,0.0030,,
2.2425,522,234.8,20.9,0.0015,,
2.2435,523,234.7,20.9,0.0015,,
2.2455,524,234.7,20.9,0.0035,,
2.2480,525,234.7,20.9,0.0035,,
2.2520,526,234.9,20.9,0.0055,,
2.2535,526,235.0,20.9,NaN,,
Scope 1/1, Sample 26/40 (B13)
Result,TitrationEP1
V,t,E,T,dV/dt,E acc. stat.,Volume acc. stat.
0.0000,0,-69.6,20.8,NaN,,
0.0005,1,-69.5,20.8,0.0005,,
0.0025,2,-69.5,20.8,0.0020,,
0.0050,3,-69.6,20.8,0.0025,,
0.0090,4,-69.5,20.8,0.0035,,
0.0150,5,-69.2,20.8,0.0055,,
0.0235,6,-68.6,20.8,0.0075,,
0.0310,7,-67.9,20.8,0.0075,,
0.0395,8,-67.0,20.8,0.0085,,
0.0480,9,-65.9,20.8,0.0075,,
0.0565,10,-64.6,20.8,0.0075,,
0.0650,11,-63.3,20.8,0.0075,,
0.0730,12,-61.9,20.8,0.0075,,
0.0810,13,-60.6,20.8,0.0080,,
0.0890,14,-59.0,20.8,0.0080,,
0.0975,15,-57.3,20.8,0.0075,,
0.1060,16,-55.8,20.8,0.0075,,
0.1145,17,-54.0,20.8,0.0075,,
0.1230,18,-52.1,20.8,0.0075,,
0.1305,19,-50.3,20.8,0.0075,,
0.1390,20,-48.2,20.8,0.0085,,
0.1470,21,-46.0,20.8,0.0075,,
0.1555,22,-43.6,20.8,0.0075,,
0.1640,23,-41.1,20.8,0.0075,,
0.1725,24,-38.5,20.8,0.0075,,
0.1800,25,-36.1,20.8,0.0075,,
0.1885,26,-33.3,20.8,0.0085,,
0.1970,27,-30.2,20.9,0.0075,,
0.2050,28,-27.0,20.9,0.0075,,
0.2135,29,-23.8,20.9,0.0075,,
0.2220,30,-20.7,20.9,0.0075,,
0.2295,31,-18.1,20.8,0.0075,,
0.2380,32,-15.3,20.8,0.0085,,
0.2465,33,-12.8,20.8,0.0085,,
0.2550,34,-10.5,20.9,0.0075,,
0.2635,35,-8.4,20.9,0.0075,,
0.2715,36,-6.4,20.9,0.0075,,
0.2800,37,-4.7,20.8,0.0085,,
0.2875,38,-3.0,20.8,0.0075,,
0.2960,39,-1.5,20.8,0.0085,,
0.3045,40,0.0,20.9,0.0075,,
0.3130,41,1.3,20.9,0.0075,,
0.3215,42,2.8,20.9,0.0075,,
0.3295,43,4.1,20.9,0.0080,,
0.3375,44,5.3,20.9,0.0080,,
0.3455,45,6.6,20.9,0.0080,,
0.3540,46,7.9,20.9,0.0075,,
0.3625,47,9.1,20.9,0.0075,,
0.3710,48,10.1,20.9,0.0075,,
0.3795,49,11.2,20.9,0.0085,,
0.3870,50,12.3,20.9,0.0075,,
0.3955,51,13.4,20.9,0.0085,,
0.4040,52,14.4,20.9,0.0075,,
0.4120,53,15.4,20.9,0.0075,,
0.4205,54,16.4,20.9,0.0075,,
0.4290,55,17.3,20.9,0.0085,,
0.4365,56,18.3,20.9,0.0075,,
0.4450,57,19.3,20.9,0.0085,,
0.4535,58,20.2,20.9,0.0075,,
0.4620,59,21.3,20.9,0.0075,,
0.4700,60,22.3,20.9,0.0075,,
0.4785,61,23.2,20.9,0.0085,,
0.4860,62,24.1,20.9,0.0075,,
0.4945,63,25.0,20.9,0.0085,,
0.5030,64,25.9,20.9,0.0075,,
0.5115,65,26.8,20.9,0.0075,,
0.5200,66,27.6,20.9,0.0075,,
0.5285,67,28.4,20.9,0.0085,,
0.5360,68,29.3,20.9,0.0075,,
0.5445,69,30.3,20.9,0.0085,,
0.5525,70,31.2,20.9,0.0075,,
0.5610,71,32.0,20.9,0.0075,,
0.5695,72,32.9,20.9,0.0075,,
0.5780,73,33.7,20.9,0.0075,,
0.5855,74,34.4,20.9,0.0075,,
0.5940,75,35.3,20.9,0.0085,,
0.6020,76,36.1,20.9,0.0075,,
0.6105,77,37.0,20.9,0.0075,,
0.6190,78,38.0,20.9,0.0075,,
0.6275,79,38.9,20.9,0.0075,,
0.6350,80,39.6,20.9,0.0075,,
0.6435,81,40.5,20.9,0.0085,,
0.6520,82,41.5,20.9,0.0075,,
0.6605,83,42.3,20.9,0.0075,,
0.6685,84,43.2,20.9,0.0075,,
0.6770,85,44.1,20.9,0.0075,,
0.6845,86,44.9,20.9,0.0075,,
0.6930,87,45.9,20.9,0.0085,,
0.7015,88,46.6,20.9,0.0075,,
0.7100,89,47.4,20.9,0.0075,,
0.7185,90,48.2,20.9,0.0075,,
0.7265,91,49.1,20.9,0.0075,,
0.7345,92,49.9,20.9,0.0080,,
0.7425,93,50.8,20.9,0.0080,,
0.7510,94,51.6,20.9,0.0075,,
0.7595,95,52.4,20.9,0.0075,,
0.7680,96,53.4,20.9,0.0075,,
0.7765,97,54.2,20.9,0.0075,,
0.7840,98,54.9,20.9,0.0075,,
0.7925,99,55.7,20.9,0.0085,,
0.8005,100,56.6,20.9,0.0080,,
0.8090,101,57.5,20.9,0.0075,,
0.8175,102,58.3,20.9,0.0075,,
0.8260,103,59.1,20.9,0.0075,,
0.8335,104,59.9,20.9,0.0075,,
0.8420,105,60.8,20.9,0.0085,,
0.8505,106,61.7,20.9,0.0085,,
0.8590,107,62.6,20.9,0.0075,,
0.8670,108,63.5,20.9,0.0075,,
0.8755,109,64.3,20.9,0.0075,,
0.8840,110,65.3,20.9,0.0075,,
0.8915,111,66.0,20.9,0.0075,,
0.9000,112,66.9,20.9,0.0085,,
0.9085,113,67.8,20.9,0.0075,,
0.9165,114,68.7,20.9,0.0075,,
0.9250,115,69.8,20.9,0.0075,,
0.9335,116,70.6,20.9,0.0075,,
0.9410,117,71.3,20.9,0.0075,,
0.9495,118,72.2,20.9,0.0085,,
0.9580,119,73.2,20.9,0.0075,,
0.9665,120,74.3,20.9,0.0075,,
0.9750,121,75.1,20.9,0.0075,,
0.9830,122,76.1,20.9,0.0075,,
0.9910,123,77.0,20.9,0.0080,,
0.9990,124,77.9,20.9,0.0080,,
1.0075,125,78.9,20.9,0.0075,,
1.0160,126,79.9,20.9,0.0075,,
1.0245,127,80.9,20.9,0.0075,,
1.0330,128,82.0,20.9,0.0075,,
1.0405,129,82.9,20.9,0.0075,,
1.0490,130,83.8,20.9,0.0085,,
1.0575,131,84.8,20.9,0.0075,,
1.0655,132,86.0,20.9,0.0075,,
1.0740,133,87.3,20.9,0.0075,,
1.0825,134,88.4,20.9,0.0075,,
1.0900,135,89.4,20.9,0.0075,,
1.0985,136,90.6,20.9,0.0085,,
1.1070,137,91.9,20.9,0.0075,,
1.1155,138,93.0,20.9,0.0075,,
1.1235,139,94.4,20.9,0.0075,,
1.1320,140,95.7,20.9,0.0075,,
1.1395,141,96.8,20.9,0.0075,,
1.1480,142,98.2,20.9,0.0085,,
1.1565,143,99.6,20.9,0.0085,,
1.1650,144,100.9,20.9,0.0075,,
1.1735,145,102.4,20.9,0.0075,,
1.1815,146,104.1,20.9,0.0075,,
1.1900,147,105.4,20.9,0.0085,,
1.1975,148,107.0,20.9,0.0075,,
1.2060,149,108.8,20.9,0.0085,,
1.2145,150,110.7,20.9,0.0075,,
1.2230,151,112.7,20.9,0.0075,,
1.2315,152,114.7,20.9,0.0075,,
1.2400,153,116.6,20.9,0.0085,,
1.2475,154,118.5,20.9,0.0075,,
1.2555,155,120.8,20.9,0.0080,,
1.2640,156,123.3,20.9,0.0075,,
1.2725,157,126.2,20.9,0.0075,,
1.2810,158,128.8,20.9,0.0075,,
1.2895,159,131.3,20.9,0.0085,,
1.2970,160,134.6,20.9,0.0075,,
1.3055,161,138.0,20.9,0.0085,,
1.3135,162,141.2,20.9,0.0075,,
1.3220,163,144.8,20.9,0.0075,,
1.3305,164,148.3,20.9,0.0075,,
1.3390,165,151.7,20.9,0.0075,,
1.3465,166,155.0,20.9,0.0075,,
1.3550,167,158.3,20.9,0.0085,,
1.3635,168,161.4,20.9,0.0085,,
1.3715,169,164.4,20.9,0.0075,,
1.3800,170,167.3,20.9,0.0075,,
1.3885,171,170.1,20.9,0.0075,,
1.3960,172,172.3,20.9,0.0075,,
1.4045,173,174.6,20.9,0.0085,,
1.4130,174,176.8,20.9,0.0085,,
1.4215,175,178.9,20.9,0.0075,,
1.4300,176,180.8,20.9,0.0075,,
1.4380,177,182.4,20.9,0.0075,,
1.4465,178,184.1,20.9,0.0085,,
1.4535,179,185.0,20.9,0.0080,,
1.4535,419,187.5,20.9,0.0000,,
1.4540,420,187.4,20.9,0.0005,,
1.4555,421,187.4,20.9,0.0015,,
1.4580,422,187.8,20.9,0.0025,,
1.4620,423,188.2,20.9,0.0035,,
1.4685,424,188.8,20.9,0.0060,,
1.4765,425,190.0,20.9,0.0075,,
1.4840,426,190.9,20.9,0.0075,,
1.4925,427,192.2,20.9,0.0085,,
1.5010,428,193.3,20.9,0.0085,,
1.5095,429,194.4,20.9,0.0075,,
1.5180,430,195.7,20.9,0.0075,,
1.5265,431,196.8,20.9,0.0075,,
1.5340,432,197.7,20.9,0.0075,,
1.5425,433,198.6,20.9,0.0085,,
1.5505,434,199.6,20.9,0.0080,,
1.5590,435,200.5,20.9,0.0075,,
1.5675,436,201.3,20.9,0.0075,,
1.5760,437,202.2,20.9,0.0075,,
1.5835,438,202.8,20.9,0.0075,,
1.5920,439,203.8,20.9,0.0085,,
1.6005,440,204.6,20.9,0.0085,,
1.6090,441,205.3,20.9,0.0075,,
1.6170,442,206.0,20.9,0.0075,,
1.6255,443,206.7,20.9,0.0075,,
1.6330,444,207.2,20.9,0.0075,,
1.6415,445,208.0,20.9,0.0085,,
1.6500,446,208.6,20.9,0.0085,,
1.6585,447,209.2,20.9,0.0075,,
1.6670,448,209.9,20.9,0.0075,,
1.6750,449,210.5,20.9,0.0075,,
1.6830,450,211.0,20.9,0.0080,,
1.6910,451,211.6,20.9,0.0080,,
1.6995,452,212.2,20.9,0.0085,,
1.7080,453,212.9,20.9,0.0075,,
1.7165,454,213.5,20.9,0.0075,,
1.7245,455,213.9,20.9,0.0075,,
1.7330,456,214.4,20.9,0.0075,,
1.7405,457,214.8,20.9,0.0075,,
1.7490,458,215.3,20.9,0.0085,,
1.7575,459,215.9,20.9,0.0075,,
1.7660,460,216.3,20.9,0.0075,,
1.7745,461,216.8,20.9,0.0075,,
1.7830,462,217.2,20.9,0.0075,,
1.7905,463,217.6,20.9,0.0075,,
1.7985,464,218.0,20.9,0.0080,,
1.8070,465,218.4,20.9,0.0085,,
1.8155,466,218.9,20.9,0.0075,,
1.8240,467,219.4,20.9,0.0075,,
1.8325,468,219.8,20.9,0.0075,,
1.8400,469,220.2,20.9,0.0075,,
1.8485,470,220.5,20.9,0.0085,,
1.8570,471,221.0,20.9,0.0085,,
1.8650,472,221.4,20.9,0.0075,,
1.8735,473,221.9,20.9,0.0075,,
1.8820,474,222.2,20.9,0.0075,,
1.8905,475,222.6,20.9,0.0085,,
1.8980,476,223.0,20.9,0.0075,,
1.9065,477,223.3,20.9,0.0085,,
1.9150,478,223.7,20.9,0.0075,,
1.9230,479,224.0,20.9,0.0075,,
1.9315,480,224.4,20.9,0.0075,,
1.9400,481,224.8,20.9,0.0075,,
1.9475,482,225.0,20.9,0.0075,,
1.9560,483,225.4,20.9,0.0085,,
1.9645,484,225.7,20.9,0.0085,,
1.9730,485,226.0,20.9,0.0075,,
1.9810,486,226.4,20.9,0.0075,,
1.9895,487,226.6,20.9,0.0075,,
1.9970,488,226.8,20.9,0.0075,,
2.0055,489,227.2,20.9,0.0085,,
2.0140,490,227.5,20.9,0.0085,,
2.0225,491,227.8,20.9,0.0075,,
2.0310,492,228.1,20.9,0.0075,,
2.0390,493,228.4,20.9,0.0075,,
2.0470,494,228.6,20.9,0.0080,,
2.0550,495,228.9,20.9,0.0080,,
2.0635,496,229.3,20.9,0.0085,,
2.0720,497,229.5,20.9,0.0075,,
2.0805,498,229.8,20.9,0.0075,,
2.0890,499,230.2,20.9,0.0075,,
2.0965,500,230.4,20.9,0.0075,,
2.1050,501,230.8,20.9,0.0085,,
2.1130,502,231.0,20.9,0.0080,,
2.1215,503,231.2,20.9,0.0075,,
2.1300,504,231.5,20.9,0.0075,,
2.1385,505,231.7,20.9,0.0075,,
2.1470,506,232.1,20.9,0.0085,,
2.1545,507,232.3,20.9,0.0075,,
2.1630,508,232.4,20.9,0.0085,,
2.1710,509,232.7,20.9,0.0075,,
2.1795,510,233.0,20.9,0.0075,,
2.1880,511,233.1,20.9,0.0075,,
2.1965,512,233.4,20.9,0.0075,,
2.2040,513,233.6,20.9,0.0075,,
2.2125,514,233.9,20.9,0.0085,,
2.2205,515,234.1,20.9,0.0075,,
2.2260,516,234.2,20.9,0.0050,,
2.2265,517,234.4,20.9,0.0005,,
2.2270,518,234.5,20.9,0.0005,,
2.2280,519,234.5,20.9,0.0010,,
2.2295,520,234.5,20.9,0.0015,,
2.2320,521,234.5,20.9,0.0025,,
2.2360,522,234.7,20.9,0.0035,,
2.2395,523,234.8,20.9,0.0030,,
2.2425,524,234.9,20.9,0.0025,,
2.2440,525,235.0,20.9,0.0020,,
Scope 1/1, Sample 27/40 (T14)
Result,TitrationEP1
V,t,E,T,dV/dt,E acc. stat.,Volume acc. stat.
0.0000,0,-67.9,20.8,NaN,,
0.0010,1,-67.9,20.8,0.0010,,
0.0025,2,-67.9,20.8,0.0015,,
0.0050,3,-67.9,20.8,0.0020,,
0.0095,4,-67.8,20.8,0.0035,,
0.0150,5,-67.5,20.8,0.0050,,
0.0235,6,-66.9,20.8,0.0075,,
0.0320,7,-66.0,20.8,0.0075,,
0.0405,8,-65.0,20.8,0.0075,,
0.0490,9,-63.7,20.8,0.0070,,
0.0575,10,-62.5,20.8,0.0070,,
0.0655,11,-61.3,20.9,0.0075,,
0.0730,12,-59.9,20.9,0.0070,,
0.0815,13,-58.4,20.9,0.0075,,
0.0900,14,-56.7,20.9,0.0075,,
0.0985,15,-55.0,20.9,0.0070,,
0.1070,16,-53.3,20.9,0.0070,,
0.1155,17,-51.6,20.9,0.0075,,
0.1230,18,-49.7,20.9,0.0070,,
0.1315,19,-47.5,20.9,0.0075,,
0.1395,20,-45.4,20.9,0.0075,,
0.1480,21,-43.1,20.9,0.0070,,
0.1565,22,-40.6,20.9,0.0070,,
0.1650,23,-38.4,20.9,0.0075,,
0.1725,24,-35.5,20.9,0.0070,,
0.1810,25,-32.8,20.9,0.0075,,
0.1895,26,-29.8,20.9,0.0075,,
0.1980,27,-26.8,20.9,0.0075,,
0.2060,28,-23.8,20.9,0.0065,,
0.2145,29,-21.2,20.9,0.0075,,
0.2220,30,-18.4,20.9,0.0070,,
0.2305,31,-15.7,20.9,0.0075,,
0.2390,32,-13.3,20.9,0.0075,,
0.2475,33,-11.1,20.9,0.0070,,
0.2560,34,-9.1,20.9,0.0070,,
0.2640,35,-7.4,20.9,0.0075,,
0.2720,36,-5.7,20.9,0.0075,,
0.2800,37,-3.7,20.9,0.0075,,
0.2885,38,-2.2,20.9,0.0075,,
0.2970,39,-0.7,20.9,0.0070,,
0.3055,40,0.7,20.9,0.0070,,
0.3140,41,1.9,20.9,0.0075,,
0.3215,42,3.4,20.9,0.0070,,
0.3300,43,4.8,20.9,0.0075,,
0.3385,44,6.0,20.9,0.0075,,
0.3465,45,7.3,20.9,0.0065,,
0.3550,46,8.5,20.9,0.0070,,
0.3635,47,9.6,20.9,0.0075,,
0.3710,48,10.7,20.9,0.0070,,
0.3795,49,11.9,20.9,0.0075,,
0.3880,50,13.1,20.9,0.0075,,
0.3965,51,14.2,20.9,0.0070,,
0.4050,52,15.3,20.9,0.0070,,
0.4125,53,16.3,20.9,0.0070,,
0.4210,54,17.3,20.9,0.0075,,
0.4290,55,18.4,20.9,0.0075,,
0.4375,56,19.4,20.9,0.0075,,
0.4460,57,20.3,20.9,0.0070,,
0.4545,58,21.4,20.9,0.0070,,
0.4620,59,22.3,20.9,0.0070,,
0.4705,60,23.3,20.9,0.0075,,
0.4790,61,24.2,20.9,0.0075,,
0.4870,62,25.1,20.9,0.0075,,
0.4955,63,26.1,20.9,0.0070,,
0.5040,64,27.0,20.9,0.0070,,
0.5115,65,27.9,20.9,0.0070,,
0.5200,66,28.8,20.9,0.0075,,
0.5285,67,29.7,20.9,0.0075,,
0.5370,68,30.6,20.9,0.0070,,
0.5455,69,31.5,20.9,0.0070,,
0.5535,70,32.4,20.9,0.0065,,
0.5615,71,33.2,20.9,0.0075,,
0.5695,72,34.1,20.9,0.0075,,
0.5780,73,35.0,20.9,0.0075,,
0.5865,74,35.8,20.9,0.0075,,
0.5950,75,36.7,20.9,0.0070,,
0.6035,76,37.7,20.9,0.0070,,
0.6110,77,38.4,20.9,0.0070,,
0.6195,78,39.4,20.9,0.0075,,
0.6275,79,40.3,20.9,0.0075,,
0.6360,80,41.2,20.9,0.0075,,
0.6445,81,42.0,20.9,0.0070,,
0.6530,82,42.9,20.9,0.0070,,
0.6615,83,43.8,20.9,0.0075,,
0.6690,84,44.6,20.9,0.0070,,
0.6775,85,45.5,20.9,0.0075,,
0.6855,86,46.3,20.9,0.0075,,
0.6940,87,47.2,20.9,0.0070,,
0.7025,88,47.9,20.9,0.0070,,
0.7110,89,48.7,20.9,0.0075,,
0.7185,90,49.6,20.9,0.0070,,
0.7270,91,50.4,20.9,0.0075,,
0.7355,92,51.3,20.9,0.0075,,
0.7440,93,52.1,20.9,0.0075,,
0.7520,94,53.0,20.9,0.0065,,
0.7605,95,53.9,20.9,0.0070,,
0.7680,96,54.5,20.9,0.0070,,
0.7765,97,55.4,20.9,0.0075,,
0.7850,98,56.3,20.9,0.0075,,
0.7935,99,57.3,20.9,0.0075,,
0.8020,100,58.2,20.9,0.0070,,
0.8100,101,59.0,20.9,0.0065,,
0.8180,102,59.7,20.9,0.0075,,
0.8260,103,60.5,20.9,0.0075,,
0.8345,104,61.4,20.9,0.0075,,
0.8430,105,62.2,20.9,0.0075,,
0.8515,106,63.2,20.9,0.0070,,
0.8600,107,64.1,20.9,0.0070,,
0.8675,108,64.7,20.9,0.0070,,
0.8760,109,65.7,20.9,0.0075,,
0.8845,110,66.5,20.9,0.0075,,
0.8925,111,67.2,20.9,0.0075,,
0.9010,112,68.1,20.9,0.0070,,
0.9095,113,69.1,20.9,0.0070,,
0.9170,114,69.9,20.9,0.0070,,
0.9255,115,70.9,20.9,0.0075,,
0.9340,116,71.8,20.9,0.0075,,
0.9425,117,72.8,20.9,0.0070,,
0.9505,118,73.7,20.9,0.0065,,
0.9590,119,74.4,20.9,0.0075,,
0.9665,120,75.3,20.9,0.0070,,
0.9750,121,76.3,20.9,0.0075,,
0.9835,122,77.3,20.9,0.0075,,
0.9920,123,78.2,20.9,0.0075,,
1.0005,124,79.1,20.9,0.0070,,
1.0090,125,80.1,20.9,0.0070,,
1.0165,126,80.9,20.9,0.0070,,
1.0250,127,82.0,20.9,0.0075,,
1.0330,128,83.2,20.9,0.0075,,
1.0415,129,84.2,20.9,0.0075,,
1.0500,130,85.3,20.9,0.0070,,
1.0585,131,86.4,20.9,0.0070,,
1.0660,132,87.3,20.9,0.0070,,
1.0745,133,88.4,20.9,0.0075,,
1.0825,134,89.5,20.9,0.0075,,
1.0910,135,90.7,20.9,0.0075,,
1.0995,136,91.8,20.9,0.0070,,
1.1080,137,92.9,20.9,0.0070,,
1.1155,138,94.0,20.9,0.0070,,
1.1240,139,95.5,20.9,0.0075,,
1.1325,140,96.8,20.9,0.0075,,
1.1410,141,98.1,20.9,0.0075,,
1.1490,142,99.4,20.9,0.0065,,
1.1575,143,100.7,20.9,0.0070,,
1.1650,144,102.1,20.9,0.0070,,
1.1735,145,103.6,20.9,0.0075,,
1.1820,146,105.4,20.9,0.0075,,
1.1905,147,106.9,20.9,0.0075,,
1.1990,148,108.6,20.9,0.0070,,
1.2070,149,110.1,20.9,0.0065,,
1.2155,150,112.0,20.9,0.0070,,
1.2230,151,113.8,20.9,0.0070,,
1.2315,152,115.8,20.9,0.0075,,
1.2400,153,117.9,20.9,0.0075,,
1.2485,154,120.0,20.9,0.0075,,
1.2570,155,122.2,20.9,0.0070,,
1.2650,156,124.6,20.9,0.0065,,
1.2730,157,126.8,20.9,0.0075,,
1.2810,158,129.8,20.9,0.0075,,
1.2895,159,132.9,20.9,0.0075,,
1.2980,160,136.1,20.9,0.0075,,
1.3065,161,139.5,20.9,0.0070,,
1.3150,162,142.8,20.9,0.0070,,
1.3225,163,145.9,20.9,0.0070,,
1.3310,164,149.4,20.9,0.0075,,
1.3390,165,152.8,20.9,0.0075,,
1.3475,166,156.1,20.9,0.0075,,
1.3560,167,159.1,20.9,0.0070,,
1.3645,168,162.6,20.9,0.0070,,
1.3730,169,165.3,20.9,0.0075,,
1.3805,170,168.0,20.9,0.0070,,
1.3890,171,170.5,20.9,0.0075,,
1.3970,172,172.8,20.9,0.0075,,
1.4055,173,175.3,20.9,0.0070,,
1.4140,174,177.4,20.9,0.0070,,
1.4215,175,179.2,20.9,0.0070,,
1.4300,176,180.9,20.9,0.0075,,
1.4385,177,182.7,20.9,0.0075,,
1.4470,178,184.5,20.9,0.0075,,
1.4520,179,185.2,20.9,0.0060,,
1.4520,419,187.1,20.9,0.0000,,
1.4525,420,187.0,20.9,0.0005,,
1.4540,421,187.1,20.9,0.0020,,
1.4565,422,187.4,20.9,0.0030,,
1.4605,423,187.8,20.9,0.0045,,
1.4665,424,188.5,20.9,0.0065,,
1.4750,425,189.8,20.9,0.0095,,
1.4825,426,190.9,20.9,0.0095,,
1.4910,427,192.1,20.9,0.0105,,
1.4990,428,193.3,20.9,0.0100,,
1.5075,429,194.5,20.9,0.0095,,
1.5160,430,195.6,20.9,0.0095,,
1.5245,431,196.6,20.9,0.0095,,
1.5320,432,197.6,20.9,0.0095,,
1.5405,433,198.5,20.9,0.0105,,
1.5490,434,199.5,20.9,0.0105,,
1.5570,435,200.4,20.9,0.0090,,
1.5655,436,201.3,20.9,0.0095,,
1.5740,437,202.0,20.9,0.0095,,
1.5825,438,202.7,20.9,0.0105,,
1.5900,439,203.5,20.9,0.0095,,
1.5985,440,204.3,20.9,0.0105,,
1.6070,441,205.1,20.9,0.0095,,
1.6150,442,205.8,20.9,0.0090,,
1.6235,443,206.5,20.9,0.0095,,
1.6310,444,207.1,20.9,0.0095,,
1.6395,445,207.8,20.9,0.0105,,
1.6480,446,208.4,20.9,0.0105,,
1.6565,447,209.0,20.9,0.0095,,
1.6650,448,209.7,20.9,0.0095,,
1.6730,449,210.3,20.9,0.0090,,
1.6815,450,210.9,20.9,0.0105,,
1.6890,451,211.4,20.9,0.0095,,
1.6975,452,212.0,20.9,0.0105,,
1.7060,453,212.6,20.9,0.0095,,
1.7145,454,213.2,20.9,0.0095,,
1.7230,455,213.7,20.9,0.0095,,
1.7310,456,214.3,20.9,0.0090,,
1.7390,457,214.7,20.9,0.0100,,
1.7470,458,215.3,20.9,0.0100,,
1.7555,459,215.8,20.9,0.0105,,
1.7640,460,216.2,20.9,0.0095,,
1.7725,461,216.6,20.9,0.0095,,
1.7810,462,217.1,20.9,0.0095,,
1.7885,463,217.6,20.9,0.0095,,
1.7970,464,218.0,20.9,0.0105,,
1.8055,465,218.3,20.9,0.0095,,
1.8135,466,218.8,20.9,0.0090,,
1.8220,467,219.2,20.9,0.0095,,
1.8305,468,219.6,20.9,0.0105,,
1.8380,469,220.0,20.9,0.0095,,
1.8465,470,220.4,20.9,0.0105,,
1.8550,471,220.8,20.9,0.0095,,
1.8635,472,221.2,20.9,0.0095,,
1.8720,473,221.5,20.9,0.0095,,
1.8800,474,221.9,20.9,0.0100,,
1.8880,475,222.3,20.9,0.0100,,
1.8960,476,222.8,20.9,0.0100,,
1.9045,477,223.0,20.9,0.0095,,
1.9130,478,223.4,20.9,0.0095,,
1.9215,479,223.9,20.9,0.0095,,
1.9300,480,224.2,20.9,0.0095,,
1.9375,481,224.7,20.9,0.0095,,
1.9460,482,224.9,20.9,0.0105,,
1.9540,483,225.3,20.9,0.0090,,
1.9625,484,225.6,20.9,0.0095,,
1.9710,485,225.9,20.9,0.0095,,
1.9795,486,226.2,20.9,0.0095,,
1.9870,487,226.5,20.9,0.0095,,
1.9955,488,226.8,20.9,0.0105,,
2.0040,489,227.2,20.9,0.0105,,
2.0120,490,227.5,20.9,0.0090,,
2.0205,491,227.7,20.9,0.0095,,
2.0290,492,228.1,20.9,0.0095,,
2.0365,493,228.4,20.9,0.0095,,
2.0450,494,228.7,20.9,0.0105,,
2.0535,495,228.9,20.9,0.0095,,
2.0620,496,229.2,20.9,0.0095,,
2.0705,497,229.6,20.9,0.0095,,
2.0785,498,229.8,20.9,0.0090,,
2.0860,499,230.1,20.9,0.0095,,
2.0945,500,230.3,20.9,0.0105,,
2.1030,501,230.5,20.9,0.0105,,
2.1115,502,230.8,20.9,0.0095,,
2.1200,503,231.1,20.9,0.0095,,
2.1285,504,231.3,20.9,0.0095,,
2.1360,505,231.5,20.9,0.0095,,
2.1445,506,231.8,20.9,0.0105,,
2.1525,507,232.0,20.9,0.0100,,
2.1610,508,232.3,20.9,0.0095,,
2.1695,509,232.5,20.9,0.0095,,
2.1780,510,232.7,20.9,0.0095,,
2.1855,511,233.0,20.9,0.0095,,
2.1940,512,233.3,20.9,0.0105,,
2.2025,513,233.6,20.9,0.0105,,
2.2105,514,233.7,20.9,0.0090,,
2.2185,515,234.0,20.9,0.0090,,
2.2245,516,234.2,20.9,0.0065,,
2.2295,517,234.3,20.9,0.0060,,
2.2335,518,234.5,20.9,0.0050,,
2.2365,519,234.6,20.9,0.0035,,
2.2395,520,234.7,20.9,0.0035,,
2.2435,521,234.8,20.9,0.0045,,
2.2475,522,234.9,20.9,0.0045,,
2.2505,523,235.1,20.9,0.0050,,
Scope 1/1, Sample 28/40 (B14)
Result,TitrationEP1
V,t,E,T,dV/dt,E acc. stat.,Volume acc. stat.
0.0000,0,-64.5,20.8,NaN,,
0.0010,1,-64.5,20.8,0.0010,,
0.0025,2,-64.5,20.8,0.0015,,
0.0050,3,-64.4,20.8,0.0025,,
0.0090,4,-64.4,20.8,0.0035,,
0.0150,5,-64.2,20.8,0.0055,,
0.0235,6,-63.5,20.8,0.0075,,
0.0320,7,-62.5,20.8,0.0075,,
0.0405,8,-61.4,20.8,0.0075,,
0.0490,9,-60.0,20.8,0.0070,,
0.0565,10,-58.8,20.8,0.0070,,
0.0650,11,-57.2,20.8,0.0075,,
0.0735,12,-55.7,20.8,0.0075,,
0.0815,13,-54.0,20.8,0.0075,,
0.0900,14,-52.1,20.8,0.0075,,
0.0985,15,-50.3,20.8,0.0075,,
0.1060,16,-48.3,20.8,0.0070,,
0.1145,17,-46.3,20.8,0.0075,,
0.1230,18,-44.1,20.8,0.0075,,
0.1315,19,-41.6,20.8,0.0075,,
0.1395,20,-39.1,20.8,0.0075,,
0.1480,21,-36.5,20.8,0.0075,,
0.1555,22,-34.0,20.8,0.0070,,
0.1640,23,-31.1,20.8,0.0075,,
0.1725,24,-27.9,20.8,0.0075,,
0.1810,25,-24.8,20.8,0.0075,,
0.1895,26,-21.8,20.8,0.0075,,
0.1975,27,-18.9,20.8,0.0075,,
0.2055,28,-16.4,20.8,0.0075,,
0.2135,29,-13.8,20.8,0.0075,,
0.2220,30,-11.5,20.8,0.0075,,
0.2305,31,-9.4,20.8,0.0075,,
0.2390,32,-7.4,20.8,0.0075,,
0.2475,33,-5.5,20.8,0.0075,,
0.2550,34,-4.0,20.8,0.0070,,
0.2635,35,-2.4,20.8,0.0075,,
0.2715,36,-1.0,20.8,0.0075,,
0.2800,37,0.4,20.8,0.0075,,
0.2885,38,1.9,20.8,0.0075,,
0.2970,39,3.1,20.8,0.0075,,
0.3045,40,4.3,20.8,0.0070,,
0.3130,41,5.6,20.8,0.0075,,
0.3215,42,6.9,20.8,0.0075,,
0.3300,43,8.1,20.8,0.0075,,
0.3380,44,9.2,20.8,0.0075,,
0.3465,45,10.4,20.8,0.0075,,
0.3550,46,11.4,20.8,0.0075,,
0.3625,47,12.6,20.8,0.0070,,
0.3710,48,13.7,20.8,0.0075,,
0.3795,49,14.7,20.8,0.0075,,
0.3880,50,15.8,20.8,0.0075,,
0.3960,51,16.8,20.8,0.0075,,
0.4040,52,17.8,20.8,0.0075,,
0.4120,53,18.7,20.8,0.0075,,
0.4205,54,19.7,20.8,0.0075,,
0.4290,55,20.8,20.8,0.0075,,
0.4375,56,21.7,20.8,0.0075,,
0.4460,57,22.6,20.8,0.0075,,
0.4535,58,23.6,20.8,0.0070,,
0.4620,59,24.4,20.8,0.0075,,
0.4705,60,25.3,20.8,0.0075,,
0.4785,61,26.2,20.8,0.0075,,
0.4870,62,27.1,20.8,0.0075,,
0.4955,63,28.1,20.8,0.0075,,
0.5030,64,28.9,20.8,0.0070,,
0.5115,65,29.9,20.8,0.0075,,
0.5200,66,30.7,20.8,0.0075,,
0.5285,67,31.6,20.8,0.0075,,
0.5365,68,32.5,20.8,0.0075,,
0.5450,69,33.4,20.8,0.0075,,
0.5525,70,34.1,20.8,0.0070,,
0.5610,71,35.0,20.8,0.0075,,
0.5695,72,35.9,20.8,0.0075,,
0.5780,73,36.8,20.8,0.0075,,
0.5865,74,37.7,20.8,0.0075,,
0.5950,75,38.5,20.8,0.0075,,
0.6025,76,39.4,20.8,0.0070,,
0.6110,77,40.2,20.8,0.0075,,
0.6190,78,41.2,20.8,0.0075,,
0.6275,79,42.1,20.8,0.0075,,
0.6360,80,42.8,20.8,0.0075,,
0.6445,81,43.8,20.8,0.0075,,
0.6520,82,44.5,20.8,0.0070,,
0.6605,83,45.3,20.8,0.0075,,
0.6690,84,46.2,20.8,0.0075,,
0.6770,85,47.0,20.8,0.0075,,
0.6855,86,47.9,20.8,0.0075,,
0.6940,87,48.7,20.8,0.0075,,
0.7025,88,49.4,20.8,0.0075,,
0.7100,89,50.3,20.8,0.0070,,
0.7185,90,51.0,20.8,0.0075,,
0.7270,91,51.9,20.8,0.0075,,
0.7350,92,52.9,20.8,0.0075,,
0.7435,93,53.6,20.8,0.0075,,
0.7520,94,54.4,20.8,0.0075,,
0.7595,95,55.2,20.8,0.0070,,
0.7680,96,56.1,20.8,0.0075,,
0.7765,97,57.1,20.8,0.0075,,
0.7850,98,58.0,20.8,0.0075,,
0.7935,99,58.8,20.8,0.0075,,
0.8015,100,59.8,20.8,0.0065,,
0.8095,101,60.6,20.8,0.0075,,
0.8175,102,61.5,20.8,0.0075,,
0.8260,103,62.3,20.8,0.0075,,
0.8345,104,63.1,20.8,0.0075,,
0.8430,105,64.0,20.8,0.0075,,
0.8515,106,64.8,20.8,0.0075,,
0.8590,107,65.7,20.8,0.0070,,
0.8675,108,66.6,20.8,0.0075,,
0.8755,109,67.5,20.8,0.0075,,
0.8840,110,68.5,20.8,0.0075,,
0.8925,111,69.4,20.8,0.0075,,
0.9010,112,70.3,20.8,0.0070,,
0.9085,113,71.0,20.8,0.0070,,
0.9170,114,72.0,20.8,0.0075,,
0.9255,115,73.0,20.8,0.0075,,
0.9340,116,73.9,20.8,0.0075,,
0.9420,117,74.9,20.8,0.0075,,
0.9505,118,75.5,20.8,0.0075,,
0.9580,119,76.6,20.8,0.0070,,
0.9665,120,77.6,20.8,0.0075,,
0.9750,121,78.3,20.8,0.0075,,
0.9835,122,79.3,20.8,0.0075,,
0.9920,123,80.4,20.8,0.0075,,
1.0000,124,81.4,20.8,0.0065,,
1.0080,125,82.3,20.8,0.0075,,
1.0160,126,83.2,20.8,0.0075,,
1.0245,127,84.1,20.8,0.0075,,
1.0330,128,85.4,20.8,0.0075,,
1.0415,129,86.5,20.8,0.0075,,
1.0500,130,87.6,20.8,0.0075,,
1.0575,131,88.6,20.8,0.0070,,
1.0660,132,89.7,20.8,0.0075,,
1.0740,133,90.9,20.8,0.0075,,
1.0825,134,92.1,20.8,0.0075,,
1.0910,135,93.3,20.8,0.0075,,
1.0995,136,94.7,20.8,0.0075,,
1.1080,137,95.8,20.8,0.0075,,
1.1155,138,97.1,20.8,0.0070,,
1.1240,139,98.6,20.8,0.0075,,
1.1320,140,99.9,20.8,0.0075,,
1.1405,141,101.4,20.8,0.0075,,
1.1490,142,102.8,20.8,0.0075,,
1.1575,143,104.3,20.8,0.0075,,
1.1650,144,105.8,20.8,0.0070,,
1.1735,145,107.5,20.8,0.0075,,
1.1820,146,109.5,20.8,0.0075,,
1.1905,147,111.3,20.8,0.0075,,
1.1985,148,113.1,20.8,0.0075,,
1.2070,149,115.2,20.8,0.0070,,
1.2145,150,116.8,20.8,0.0070,,
1.2230,151,119.2,20.8,0.0075,,
1.2315,152,121.7,20.8,0.0075,,
1.2400,153,124.0,20.8,0.0075,,
1.2485,154,126.4,20.8,0.0075,,
1.2565,155,128.9,20.8,0.0075,,
1.2645,156,131.8,20.8,0.0075,,
1.2725,157,135.2,20.8,0.0075,,
1.2810,158,138.3,20.8,0.0075,,
1.2895,159,141.6,20.8,0.0075,,
1.2980,160,145.1,20.8,0.0075,,
1.3065,161,148.6,20.8,0.0075,,
1.3140,162,151.5,20.8,0.0070,,
1.3225,163,154.9,20.8,0.0075,,
1.3305,164,158.6,20.8,0.0075,,
1.3390,165,161.7,20.8,0.0075,,
1.3475,166,164.8,20.8,0.0075,,
1.3560,167,167.3,20.8,0.0075,,
1.3635,168,169.9,20.8,0.0070,,
1.3720,169,172.5,20.8,0.0075,,
1.3805,170,174.9,20.8,0.0075,,
1.3885,171,176.8,20.8,0.0075,,
1.3970,172,178.8,20.8,0.0075,,
1.4055,173,181.0,20.8,0.0075,,
1.4130,174,182.4,20.8,0.0070,,
1.4215,175,184.2,20.8,0.0075,,
1.4275,176,185.1,20.8,0.0075,,
1.4275,416,187.0,20.9,0.0000,,
1.4280,417,187.1,20.9,0.0005,,
1.4295,418,187.2,20.9,0.0020,,
1.4320,419,187.3,20.9,0.0030,,
1.4360,420,187.7,20.9,0.0045,,
1.4425,421,188.5,20.9,0.0070,,
1.4505,422,189.7,20.9,0.0090,,
1.4580,423,190.9,20.8,0.0095,,
1.4665,424,192.1,20.8,0.0105,,
1.4750,425,193.2,20.9,0.0105,,
1.4835,426,194.4,20.9,0.0095,,
1.4920,427,195.5,20.8,0.0095,,
1.5005,428,196.5,20.8,0.0095,,
1.5085,429,197.6,20.8,0.0090,,
1.5160,430,198.4,20.8,0.0095,,
1.5245,431,199.5,20.8,0.0105,,
1.5330,432,200.5,20.8,0.0105,,
1.5415,433,201.2,20.8,0.0095,,
1.5500,434,202.2,20.8,0.0095,,
1.5580,435,203.0,20.8,0.0090,,
1.5660,436,203.7,20.9,0.0100,,
1.5740,437,204.4,20.8,0.0100,,
1.5825,438,205.1,20.9,0.0105,,
1.5910,439,205.8,20.9,0.0095,,
1.5995,440,206.5,20.9,0.0095,,
1.6080,441,207.3,20.9,0.0095,,
1.6155,442,207.9,20.9,0.0095,,
1.6240,443,208.5,20.9,0.0105,,
1.6320,444,209.2,20.9,0.0100,,
1.6405,445,210.0,20.8,0.0095,,
1.6490,446,210.4,20.8,0.0095,,
1.6575,447,211.0,20.8,0.0095,,
1.6650,448,211.6,20.8,0.0095,,
1.6735,449,212.3,20.8,0.0105,,
1.6820,450,212.9,20.8,0.0105,,
1.6905,451,213.2,20.8,0.0095,,
1.6990,452,213.8,20.8,0.0095,,
1.7070,453,214.2,20.8,0.0090,,
1.7145,454,214.8,20.8,0.0095,,
1.7230,455,215.4,20.9,0.0105,,
1.7315,456,215.7,20.8,0.0105,,
1.7400,457,216.1,20.8,0.0095,,
1.7485,458,216.7,20.9,0.0095,,
1.7570,459,217.2,20.9,0.0095,,
1.7645,460,217.6,20.9,0.0095,,
1.7730,461,218.0,20.9,0.0105,,
1.7810,462,218.4,20.9,0.0100,,
1.7895,463,219.0,20.9,0.0095,,
1.7980,464,219.3,20.9,0.0095,,
1.8065,465,219.7,20.9,0.0095,,
1.8140,466,220.1,20.9,0.0095,,
1.8225,467,220.7,20.9,0.0105,,
1.8310,468,221.1,20.9,0.0105,,
1.8395,469,221.5,20.9,0.0095,,
1.8475,470,221.8,20.9,0.0090,,
1.8560,471,222.2,20.9,0.0095,,
1.8635,472,222.5,20.9,0.0095,,
1.8720,473,222.9,20.9,0.0105,,
1.8805,474,223.2,20.9,0.0105,,
1.8890,475,223.6,20.9,0.0095,,
1.8975,476,224.0,20.9,0.0095,,
1.9055,477,224.4,20.9,0.0090,,
1.9135,478,224.8,20.9,0.0100,,
1.9215,479,224.9,20.9,0.0100,,
1.9300,480,225.3,20.9,0.0105,,
1.9385,481,225.7,20.9,0.0095,,
1.9470,482,226.0,20.9,0.0095,,
1.9555,483,226.2,20.9,0.0095,,
1.9630,484,226.5,20.9,0.0095,,
1.9715,485,226.9,20.9,0.0105,,
1.9795,486,227.3,20.9,0.0100,,
1.9880,487,227.5,20.9,0.0095,,
1.9965,488,227.7,20.9,0.0095,,
2.0050,489,228.1,20.9,0.0095,,
2.0135,490,228.4,20.9,0.0105,,
2.0210,491,228.7,20.9,0.0095,,
2.0295,492,229.0,20.9,0.0105,,
2.0375,493,229.2,20.9,0.0090,,
2.0460,494,229.5,20.9,0.0095,,
2.0545,495,229.8,20.9,0.0095,,
2.0630,496,230.1,20.9,0.0095,,
2.0705,497,230.3,20.9,0.0095,,
2.0790,498,230.5,20.9,0.0105,,
2.0875,499,230.9,20.9,0.0105,,
2.0955,500,231.2,20.9,0.0090,,
2.1040,501,231.3,20.9,0.0095,,
2.1125,502,231.7,20.9,0.0095,,
2.1200,503,231.8,20.9,0.0095,,
2.1285,504,232.2,20.9,0.0105,,
2.1370,505,232.4,20.9,0.0095,,
2.1455,506,232.7,20.9,0.0095,,
2.1540,507,232.9,20.9,0.0095,,
2.1620,508,233.2,20.9,0.0090,,
2.1700,509,233.4,20.9,0.0100,,
2.1780,510,233.6,20.9,0.0100,,
2.1865,511,233.8,20.9,0.0105,,
2.1940,512,234.1,20.9,0.0085,,
2.2000,513,234.4,20.9,0.0065,,
2.2030,514,234.5,20.9,0.0035,,
2.2035,515,234.5,20.9,0.0005,,
2.2045,516,234.4,20.9,0.0010,,
2.2060,517,234.5,20.9,0.0020,,
2.2075,518,234.6,20.9,0.0015,,
2.2095,519,234.6,20.9,0.0020,,
2.2120,520,234.7,20.9,0.0030,,
2.2145,521,234.7,20.9,0.0030,,
2.2185,522,234.9,20.9,0.0050,,
2.2215,522,235.1,20.9,0.0075,,
Scope 1/1, Sample 29/40 (T15)
Result,TitrationEP1
V,t,E,T,dV/dt,E acc. stat.,Volume acc. stat.
0.0000,0,-58.3,20.7,NaN,,
0.0005,1,-58.3,20.7,0.0005,,
0.0025,2,-58.3,20.7,0.0020,,
0.0050,3,-58.3,20.7,0.0025,,
0.0085,4,-58.2,20.7,0.0030,,
0.0150,5,-57.8,20.7,0.0060,,
0.0230,6,-57.3,20.7,0.0075,,
0.0305,7,-56.4,20.7,0.0075,,
0.0390,8,-55.3,20.7,0.0085,,
0.0475,9,-53.8,20.7,0.0085,,
0.0560,10,-52.2,20.7,0.0075,,
0.0645,11,-50.5,20.8,0.0075,,
0.0725,12,-48.7,20.8,0.0075,,
0.0810,13,-46.6,20.8,0.0075,,
0.0885,14,-44.6,20.8,0.0075,,
0.0970,15,-42.3,20.8,0.0085,,
0.1055,16,-39.9,20.8,0.0075,,
0.1140,17,-37.4,20.8,0.0075,,
0.1225,18,-34.6,20.7,0.0075,,
0.1305,19,-31.7,20.8,0.0075,,
0.1385,20,-29.1,20.7,0.0080,,
0.1465,21,-26.0,20.8,0.0080,,
0.1550,22,-23.0,20.8,0.0075,,
0.1635,23,-19.8,20.7,0.0075,,
0.1720,24,-17.0,20.8,0.0075,,
0.1805,25,-14.5,20.8,0.0075,,
0.1880,26,-12.2,20.8,0.0075,,
0.1965,27,-10.0,20.8,0.0085,,
0.2045,28,-7.9,20.8,0.0080,,
0.2130,29,-6.0,20.8,0.0075,,
0.2215,30,-4.3,20.8,0.0075,,
0.2300,31,-2.8,20.8,0.0075,,
0.2385,32,-1.5,20.8,0.0085,,
0.2460,33,0.0,20.8,0.0075,,
0.2545,34,1.4,20.8,0.0085,,
0.2625,35,2.8,20.7,0.0075,,
0.2710,36,4.2,20.7,0.0075,,
0.2795,37,5.5,20.7,0.0075,,
0.2880,38,6.6,20.8,0.0085,,
0.2955,39,7.7,20.8,0.0075,,
0.3040,40,8.8,20.8,0.0085,,
0.3125,41,9.9,20.8,0.0075,,
0.3205,42,11.0,20.8,0.0075,,
0.3290,43,12.0,20.8,0.0075,,
0.3375,44,13.0,20.7,0.0085,,
0.3450,45,14.0,20.7,0.0075,,
0.3535,46,15.1,20.8,0.0085,,
0.3620,47,16.1,20.8,0.0075,,
0.3705,48,17.0,20.8,0.0075,,
0.3790,49,17.9,20.8,0.0075,,
0.3870,50,18.8,20.8,0.0080,,
0.3950,51,19.8,20.8,0.0080,,
0.4030,52,20.8,20.8,0.0080,,
0.4115,53,21.7,20.8,0.0075,,
0.4200,54,22.7,20.8,0.0075,,
0.4285,55,23.7,20.8,0.0075,,
0.4360,56,24.5,20.8,0.0075,,
0.4445,57,25.4,20.8,0.0085,,
0.4530,58,26.3,20.8,0.0075,,
0.4615,59,27.3,20.8,0.0075,,
0.4695,60,28.2,20.8,0.0075,,
0.4780,61,28.9,20.8,0.0075,,
0.4855,62,29.8,20.8,0.0075,,
0.4940,63,30.6,20.8,0.0085,,
0.5025,64,31.6,20.8,0.0075,,
0.5110,65,32.4,20.8,0.0075,,
0.5195,66,33.2,20.8,0.0075,,
0.5275,67,34.1,20.8,0.0075,,
0.5360,68,34.7,20.8,0.0085,,
0.5435,69,35.7,20.8,0.0075,,
0.5520,70,36.5,20.8,0.0085,,
0.5605,71,37.2,20.8,0.0075,,
0.5690,72,38.1,20.8,0.0075,,
0.5775,73,39.0,20.8,0.0075,,
0.5855,74,39.7,20.8,0.0080,,
0.5935,75,40.6,20.8,0.0080,,
0.6015,76,41.4,20.8,0.0080,,
0.6100,77,42.3,20.8,0.0075,,
0.6185,78,43.2,20.8,0.0075,,
0.6270,79,44.0,20.8,0.0075,,
0.6355,80,44.9,20.8,0.0075,,
0.6430,81,45.8,20.8,0.0075,,
0.6515,82,46.6,20.8,0.0085,,
0.6595,83,47.5,20.8,0.0075,,
0.6680,84,48.4,20.8,0.0075,,
0.6765,85,49.3,20.8,0.0075,,
0.6850,86,50.2,20.8,0.0075,,
0.6925,87,51.1,20.8,0.0075,,
0.7010,88,51.9,20.8,0.0085,,
0.7095,89,52.6,20.8,0.0075,,
0.7180,90,53.5,20.8,0.0075,,
0.7260,91,54.3,20.8,0.0075,,
0.7345,92,55.2,20.8,0.0075,,
0.7420,93,55.9,20.8,0.0075,,
0.7505,94,56.7,20.8,0.0085,,
0.7590,95,57.6,20.8,0.0075,,
0.7675,96,58.5,20.8,0.0075,,
0.7760,97,59.3,20.8,0.0075,,
0.7840,98,60.2,20.8,0.0075,,
0.7920,99,61.0,20.8,0.0080,,
0.8000,100,61.9,20.8,0.0080,,
0.8085,101,62.8,20.8,0.0075,,
0.8170,102,63.7,20.8,0.0075,,
0.8255,103,64.6,20.8,0.0075,,
0.8340,104,65.5,20.8,0.0075,,
0.8415,105,66.3,20.8,0.0075,,
0.8500,106,67.2,20.8,0.0085,,
0.8585,107,67.9,20.8,0.0075,,
0.8665,108,68.9,20.8,0.0075,,
0.8750,109,69.9,20.8,0.0075,,
0.8835,110,70.8,20.8,0.0075,,
0.8910,111,71.6,20.8,0.0075,,
0.8995,112,72.5,20.8,0.0085,,
0.9080,113,73.4,20.8,0.0075,,
0.9165,114,74.4,20.8,0.0075,,
0.9245,115,75.2,20.8,0.0075,,
0.9330,116,76.1,20.8,0.0075,,
0.9405,117,76.9,20.8,0.0075,,
0.9490,118,77.9,20.8,0.0085,,
0.9575,119,79.0,20.8,0.0085,,
0.9660,120,79.9,20.8,0.0075,,
0.9745,121,81.1,20.8,0.0075,,
0.9825,122,82.2,20.8,0.0075,,
0.9905,123,83.0,20.8,0.0080,,
0.9985,124,84.1,20.8,0.0080,,
1.0070,125,85.0,20.8,0.0085,,
1.0155,126,86.1,20.8,0.0075,,
1.0240,127,87.4,20.8,0.0075,,
1.0325,128,88.6,20.8,0.0075,,
1.0410,129,89.6,20.8,0.0085,,
1.0485,130,90.8,20.8,0.0075,,
1.0565,131,92.0,20.8,0.0080,,
1.0650,132,93.3,20.8,0.0075,,
1.0735,133,94.6,20.8,0.0075,,
1.0820,134,95.9,20.8,0.0075,,
1.0905,135,97.3,20.8,0.0075,,
1.0980,136,98.3,20.8,0.0075,,
1.1065,137,99.8,20.8,0.0085,,
1.1145,138,101.3,20.8,0.0075,,
1.1230,139,102.9,20.8,0.0075,,
1.1315,140,104.5,20.8,0.0075,,
1.1400,141,106.1,20.8,0.0075,,
1.1475,142,107.6,20.8,0.0075,,
1.1560,143,109.3,20.8,0.0085,,
1.1645,144,111.2,20.8,0.0075,,
1.1725,145,113.2,20.8,0.0075,,
1.1810,146,115.1,20.8,0.0075,,
1.1895,147,117.4,20.8,0.0075,,
1.1970,148,119.6,20.8,0.0075,,
1.2055,149,121.9,20.8,0.0085,,
1.2140,150,124.6,20.8,0.0085,,
1.2225,151,127.5,20.8,0.0075,,
1.2305,152,130.1,20.8,0.0075,,
1.2390,153,133.0,20.8,0.0075,,
1.2475,154,136.0,20.8,0.0085,,
1.2550,155,139.3,20.8,0.0075,,
1.2635,156,142.7,20.8,0.0085,,
1.2720,157,146.2,20.8,0.0075,,
1.2805,158,149.6,20.8,0.0075,,
1.2890,159,153.4,20.8,0.0075,,
1.2970,160,157.0,20.8,0.0075,,
1.3045,161,159.7,20.8,0.0075,,
1.3130,162,162.8,20.8,0.0085,,
1.3215,163,165.7,20.8,0.0075,,
1.3300,164,168.6,20.8,0.0075,,
1.3385,165,171.2,20.8,0.0075,,
1.3470,166,173.5,20.8,0.0075,,
1.3545,167,175.5,20.8,0.0075,,
1.3630,168,177.5,20.8,0.0085,,
1.3710,169,179.6,20.8,0.0075,,
1.3795,170,181.3,20.8,0.0075,,
1.3880,171,183.1,20.8,0.0075,,
1.3965,172,184.9,20.8,0.0075,,
1.3990,172,185.1,20.8,0.0060,,
1.3990,412,187.3,20.8,0.0000,,
1.3995,414,187.4,20.8,0.0005,,
1.4010,414,187.5,20.8,0.0030,,
1.4035,416,187.5,20.8,0.0015,,
1.4075,417,188.0,20.8,0.0065,,
1.4140,418,188.8,20.8,0.0110,,
1.4220,419,189.8,20.8,0.0135,,
1.4295,420,190.9,20.8,0.0150,,
1.4380,420,192.0,20.8,0.0170,,
1.4465,422,193.2,20.8,0.0055,,
1.4550,423,194.5,20.8,0.0140,,
1.4635,424,195.6,20.8,0.0140,,
1.4720,425,196.6,20.8,0.0140,,
1.4800,426,197.5,20.8,0.0160,,
1.4875,426,198.5,20.8,0.0150,,
1.4960,428,199.5,20.8,0.0055,,
1.5045,429,200.3,20.8,0.0140,,
1.5130,430,201.1,20.8,0.0140,,
1.5215,431,202.1,20.8,0.0140,,
1.5290,432,202.7,20.8,0.0150,,
1.5375,432,203.6,20.8,0.0170,,
1.5460,434,204.3,20.8,0.0055,,
1.5545,435,205.0,20.8,0.0140,,
1.5625,436,205.8,20.8,0.0135,,
1.5710,437,206.5,20.8,0.0140,,
1.5785,438,207.2,20.8,0.0150,,
1.5870,438,207.8,20.8,0.0170,,
1.5955,440,208.4,20.8,0.0055,,
1.6040,441,209.2,20.8,0.0140,,
1.6125,442,209.7,20.8,0.0140,,
1.6210,443,210.4,20.8,0.0140,,
1.6285,444,211.0,20.8,0.0150,,
1.6370,444,211.7,20.8,0.0170,,
1.6450,446,212.3,20.8,0.0050,,
1.6535,447,212.7,20.8,0.0140,,
1.6620,448,213.3,20.8,0.0140,,
1.6705,448,213.6,20.8,0.0170,,
1.6780,450,214.2,20.8,0.0050,,
1.6865,450,214.7,20.8,0.0170,,
1.6950,452,215.2,20.8,0.0055,,
1.7030,453,215.7,20.8,0.0135,,
1.7115,454,216.2,20.8,0.0140,,
1.7200,455,216.7,20.8,0.0140,,
1.7275,456,217.1,20.8,0.0150,,
1.7360,456,217.4,20.8,0.0170,,
1.7445,458,217.9,20.8,0.0055,,
1.7530,459,218.4,20.8,0.0140,,
1.7615,460,218.8,20.8,0.0140,,
1.7695,461,219.2,20.8,0.0135,,
1.7770,462,219.6,20.8,0.0150,,
1.7855,462,220.1,20.8,0.0170,,
1.7940,464,220.5,20.8,0.0055,,
1.8025,465,220.8,20.8,0.0140,,
1.8110,466,221.2,20.8,0.0140,,
1.8195,467,221.7,20.8,0.0140,,
1.8270,468,222.0,20.8,0.0150,,
1.8355,468,222.4,20.8,0.0170,,
1.8435,470,222.7,20.8,0.0050,,
1.8520,471,223.2,20.8,0.0140,,
1.8605,472,223.6,20.8,0.0140,,
1.8690,473,223.8,20.8,0.0140,,
1.8765,474,224.3,20.8,0.0150,,
1.8850,474,224.6,20.8,0.0170,,
1.8935,476,225.0,20.8,0.0055,,
1.9015,477,225.4,20.8,0.0135,,
1.9100,478,225.6,20.8,0.0140,,
1.9185,479,225.9,20.8,0.0140,,
1.9260,480,226.2,20.8,0.0150,,
1.9345,480,226.6,20.8,0.0170,,
1.9430,482,227.0,20.8,0.0055,,
1.9515,483,227.2,20.8,0.0140,,
1.9600,484,227.5,20.8,0.0140,,
1.9680,485,227.9,20.8,0.0135,,
1.9755,486,228.1,20.8,0.0150,,
1.9840,486,228.4,20.8,0.0170,,
1.9925,488,228.7,20.8,0.0055,,
2.0010,489,229.0,20.8,0.0140,,
2.0095,490,229.4,20.8,0.0140,,
2.0180,491,229.6,20.8,0.0140,,
2.0255,492,229.8,20.8,0.0150,,
2.0340,492,230.0,20.8,0.0170,,
2.0420,494,230.3,20.8,0.0055,,
2.0505,495,230.6,20.8,0.0140,,
2.0590,496,230.8,20.8,0.0140,,
2.0675,497,231.0,20.8,0.0140,,
2.0750,498,231.2,20.8,0.0150,,
2.0835,498,231.6,20.8,0.0170,,
2.0920,500,231.9,20.8,0.0055,,
2.1005,501,232.1,20.8,0.0140,,
2.1085,502,232.3,20.8,0.0135,,
2.1170,503,232.6,20.8,0.0140,,
2.1245,504,232.8,20.8,0.0150,,
2.1330,504,233.1,20.8,0.0170,,
2.1415,506,233.3,20.8,0.0055,,
2.1500,507,233.6,20.8,0.0140,,
2.1585,508,233.9,20.8,0.0140,,
2.1660,509,234.1,20.8,0.0125,,
2.1715,510,234.2,20.8,0.0110,,
2.1750,510,234.3,20.8,0.0070,,
2.1755,512,234.4,20.8,0.0005,,
2.1765,513,234.5,20.8,0.0015,,
2.1775,514,234.4,20.8,0.0015,,
2.1800,515,234.4,20.8,0.0040,,
2.1825,516,234.5,20.8,0.0050,,
2.1865,516,234.7,20.8,0.0080,,
2.1910,518,234.8,20.8,0.0030,,
2.1955,519,234.9,20.8,0.0075,,
2.1975,519,235.1,20.8,0.0200,,
Scope 1/1, Sample 30/40 (B15)
Result,TitrationEP1
V,t,E,T,dV/dt,E acc. stat.,Volume acc. stat.
0.0000,0,-59.9,20.7,NaN,,
0.0010,1,-60.0,20.7,0.0010,,
0.0025,2,-59.9,20.7,0.0015,,
0.0050,3,-59.8,20.7,0.0025,,
0.0090,4,-59.8,20.7,0.0035,,
0.0150,5,-59.4,20.7,0.0055,,
0.0235,6,-58.7,20.7,0.0075,,
0.0320,7,-57.7,20.7,0.0075,,
0.0405,8,-56.3,20.7,0.0075,,
0.0490,9,-54.8,20.7,0.0075,,
0.0565,10,-53.4,20.7,0.0070,,
0.0645,11,-51.6,20.7,0.0075,,
0.0730,12,-49.7,20.7,0.0075,,
0.0815,13,-47.7,20.7,0.0075,,
0.0900,14,-45.6,20.7,0.0075,,
0.0985,15,-43.3,20.7,0.0075,,
0.1060,16,-41.0,20.7,0.0070,,
0.1145,17,-38.3,20.7,0.0075,,
0.1230,18,-35.6,20.7,0.0075,,
0.1310,19,-32.7,20.7,0.0075,,
0.1395,20,-29.5,20.7,0.0075,,
0.1480,21,-26.3,20.7,0.0075,,
0.1555,22,-23.4,20.7,0.0070,,
0.1640,23,-20.3,20.7,0.0075,,
0.1725,24,-17.3,20.7,0.0075,,
0.1810,25,-14.4,20.7,0.0075,,
0.1895,26,-11.8,20.7,0.0075,,
0.1975,27,-9.6,20.7,0.0075,,
0.2055,28,-7.5,20.7,0.0075,,
0.2135,29,-5.4,20.7,0.0075,,
0.2220,30,-3.4,20.7,0.0075,,
0.2305,31,-1.8,20.7,0.0075,,
0.2390,32,-0.3,20.7,0.0075,,
0.2475,33,1.2,20.7,0.0075,,
0.2550,34,2.5,20.7,0.0070,,
0.2635,35,4.0,20.7,0.0075,,
0.2715,36,5.4,20.7,0.0075,,
0.2800,37,6.7,20.7,0.0075,,
0.2885,38,8.0,20.7,0.0075,,
0.2970,39,9.2,20.7,0.0075,,
0.3045,40,10.3,20.7,0.0070,,
0.3130,41,11.4,20.7,0.0075,,
0.3215,42,12.4,20.7,0.0075,,
0.3295,43,13.6,20.7,0.0075,,
0.3380,44,14.6,20.7,0.0075,,
0.3465,45,15.6,20.7,0.0075,,
0.3540,46,16.5,20.7,0.0070,,
0.3625,47,17.4,20.7,0.0075,,
0.3710,48,18.4,20.7,0.0075,,
0.3795,49,19.3,20.7,0.0075,,
0.3880,50,20.3,20.7,0.0075,,
0.3960,51,21.2,20.7,0.0075,,
0.4040,52,22.0,20.7,0.0075,,
0.4120,53,22.9,20.7,0.0075,,
0.4205,54,23.8,20.7,0.0075,,
0.4290,55,24.7,20.7,0.0075,,
0.4375,56,25.5,20.7,0.0075,,
0.4460,57,26.5,20.7,0.0075,,
0.4535,58,27.4,20.7,0.0070,,
0.4620,59,28.3,20.7,0.0075,,
0.4700,60,29.1,20.7,0.0075,,
0.4785,61,30.0,20.7,0.0075,,
0.4870,62,31.0,20.7,0.0075,,
0.4955,63,31.8,20.7,0.0075,,
0.5030,64,32.6,20.7,0.0070,,
0.5115,65,33.4,20.7,0.0075,,
0.5200,66,34.4,20.7,0.0075,,
0.5285,67,35.2,20.7,0.0075,,
0.5365,68,36.0,20.7,0.0075,,
0.5450,69,36.8,20.7,0.0075,,
0.5535,70,37.6,20.7,0.0075,,
0.5610,71,38.6,20.7,0.0070,,
0.5695,72,39.5,20.7,0.0075,,
0.5780,73,40.3,20.7,0.0075,,
0.5865,74,41.2,20.7,0.0075,,
0.5945,75,42.1,20.7,0.0075,,
0.6025,76,42.9,20.7,0.0075,,
0.6105,77,43.7,20.7,0.0075,,
0.6190,78,44.5,20.7,0.0075,,
0.6275,79,45.4,20.7,0.0075,,
0.6360,80,46.3,20.7,0.0075,,
0.6445,81,47.1,20.7,0.0075,,
0.6520,82,47.9,20.7,0.0070,,
0.6605,83,48.6,20.7,0.0075,,
0.6690,84,49.5,20.7,0.0075,,
0.6770,85,50.4,20.7,0.0075,,
0.6855,86,51.2,20.7,0.0075,,
0.6940,87,52.1,20.7,0.0075,,
0.7025,88,52.7,20.7,0.0075,,
0.7100,89,53.6,20.7,0.0070,,
0.7185,90,54.4,20.8,0.0075,,
0.7265,91,55.2,20.8,0.0075,,
0.7350,92,56.0,20.8,0.0075,,
0.7435,93,57.1,20.7,0.0075,,
0.7520,94,57.8,20.8,0.0075,,
0.7595,95,58.6,20.8,0.0070,,
0.7680,96,59.3,20.8,0.0075,,
0.7765,97,60.2,20.8,0.0075,,
0.7850,98,61.1,20.8,0.0075,,
0.7930,99,62.0,20.8,0.0075,,
0.8015,100,62.9,20.8,0.0075,,
0.8090,101,63.7,20.8,0.0070,,
0.8175,102,64.5,20.8,0.0075,,
0.8260,103,65.4,20.8,0.0075,,
0.8345,104,66.3,20.8,0.0075,,
0.8430,105,67.2,20.8,0.0075,,
0.8510,106,68.2,20.8,0.0075,,
0.8590,107,68.9,20.8,0.0075,,
0.8670,108,69.7,20.8,0.0075,,
0.8755,109,70.5,20.8,0.0075,,
0.8840,110,71.5,20.8,0.0075,,
0.8925,111,72.4,20.8,0.0075,,
0.9010,112,73.3,20.8,0.0085,,
0.9085,113,74.2,20.8,0.0070,,
0.9170,114,75.0,20.8,0.0075,,
0.9255,115,75.9,20.8,0.0075,,
0.9335,116,77.0,20.8,0.0075,,
0.9420,117,77.8,20.8,0.0075,,
0.9505,118,78.7,20.8,0.0075,,
0.9580,119,79.6,20.8,0.0070,,
0.9665,120,80.8,20.8,0.0075,,
0.9750,121,81.9,20.8,0.0075,,
0.9835,122,82.8,20.8,0.0075,,
0.9920,123,83.9,20.8,0.0075,,
1.0000,124,84.6,20.8,0.0080,,
1.0075,125,85.7,20.8,0.0070,,
1.0160,126,86.9,20.8,0.0075,,
1.0245,127,88.0,20.8,0.0075,,
1.0330,128,89.3,20.8,0.0075,,
1.0415,129,90.7,20.8,0.0075,,
1.0500,130,91.7,20.8,0.0075,,
1.0575,131,92.7,20.8,0.0070,,
1.0660,132,93.8,20.8,0.0075,,
1.0740,133,95.2,20.8,0.0075,,
1.0825,134,96.5,20.8,0.0075,,
1.0910,135,97.8,20.8,0.0075,,
1.0995,136,99.0,20.8,0.0075,,
1.1070,137,100.3,20.8,0.0070,,
1.1155,138,101.7,20.8,0.0075,,
1.1240,139,103.4,20.8,0.0075,,
1.1320,140,104.8,20.8,0.0075,,
1.1405,141,106.5,20.8,0.0075,,
1.1490,142,108.2,20.8,0.0075,,
1.1565,143,109.8,20.8,0.0070,,
1.1650,144,111.8,20.8,0.0075,,
1.1735,145,113.6,20.8,0.0075,,
1.1820,146,115.8,20.8,0.0075,,
1.1905,147,118.0,20.8,0.0075,,
1.1985,148,120.2,20.8,0.0075,,
1.2065,149,122.2,20.8,0.0075,,
1.2145,150,124.7,20.8,0.0075,,
1.2230,151,127.4,20.8,0.0075,,
1.2315,152,130.5,20.8,0.0075,,
1.2400,153,133.2,20.8,0.0075,,
1.2485,154,135.8,20.8,0.0075,,
1.2560,155,139.2,20.8,0.0070,,
1.2645,156,142.6,20.8,0.0075,,
1.2730,157,145.9,20.8,0.0075,,
1.2810,158,149.1,20.8,0.0075,,
1.2895,159,152.5,20.8,0.0075,,
1.2980,160,156.0,20.8,0.0075,,
1.3055,161,159.2,20.8,0.0070,,
1.3140,162,162.3,20.8,0.0075,,
1.3225,163,165.1,20.8,0.0075,,
1.3310,164,168.0,20.8,0.0075,,
1.3390,165,170.6,20.8,0.0075,,
1.3475,166,173.1,20.8,0.0070,,
1.3550,167,175.1,20.8,0.0070,,
1.3635,168,177.1,20.8,0.0075,,
1.3720,169,179.2,20.8,0.0075,,
1.3805,170,181.2,20.8,0.0075,,
1.3890,171,182.9,20.8,0.0075,,
1.3975,172,184.4,20.8,0.0085,,
1.4015,173,185.2,20.8,0.0055,,
1.4015,413,187.1,20.8,0.0000,,
1.4020,414,187.1,20.8,0.0005,,
1.4035,415,187.0,20.8,0.0020,,
1.4065,416,187.3,20.8,0.0035,,
1.4100,417,187.8,20.8,0.0040,,
1.4160,418,188.6,20.8,0.0065,,
1.4245,419,189.6,20.8,0.0095,,
1.4320,420,190.8,20.8,0.0095,,
1.4405,421,192.1,20.8,0.0105,,
1.4485,422,193.3,20.8,0.0100,,
1.4570,423,194.5,20.8,0.0095,,
1.4655,424,195.5,20.8,0.0095,,
1.4740,425,196.6,20.8,0.0095,,
1.4815,426,197.6,20.8,0.0095,,
1.4900,427,198.6,20.8,0.0105,,
1.4985,428,199.4,20.8,0.0105,,
1.5065,429,200.4,20.8,0.0090,,
1.5150,430,201.3,20.8,0.0095,,
1.5235,431,202.2,20.8,0.0095,,
1.5310,432,203.0,20.8,0.0095,,
1.5395,433,203.6,20.8,0.0105,,
1.5480,434,204.5,20.8,0.0105,,
1.5565,435,205.2,20.8,0.0095,,
1.5650,436,205.9,20.8,0.0095,,
1.5730,437,206.5,20.8,0.0090,,
1.5805,438,207.2,20.8,0.0095,,
1.5890,439,207.9,20.8,0.0105,,
1.5975,440,208.6,20.8,0.0105,,
1.6060,441,209.3,20.8,0.0095,,
1.6145,442,209.8,20.8,0.0095,,
1.6230,443,210.5,20.8,0.0095,,
1.6305,444,211.0,20.8,0.0095,,
1.6390,445,211.7,20.8,0.0105,,
1.6470,446,212.1,20.8,0.0090,,
1.6555,447,212.6,20.8,0.0095,,
1.6640,448,213.2,20.8,0.0095,,
1.6725,449,213.6,20.8,0.0105,,
1.6800,450,214.2,20.8,0.0095,,
1.6885,451,214.7,20.8,0.0105,,
1.6970,452,215.3,20.8,0.0095,,
1.7055,453,215.9,20.8,0.0095,,
1.7135,454,216.4,20.8,0.0090,,
1.7220,455,216.7,20.8,0.0095,,
1.7295,456,217.1,20.8,0.0095,,
1.7380,457,217.6,20.8,0.0105,,
1.7465,458,218.1,20.8,0.0105,,
1.7550,459,218.5,20.8,0.0095,,
1.7635,460,218.9,20.8,0.0095,,
1.7715,461,219.4,20.8,0.0090,,
1.7795,462,219.7,20.8,0.0100,,
1.7875,463,220.1,20.8,0.0100,,
1.7960,464,220.5,20.8,0.0105,,
1.8045,465,220.8,20.8,0.0095,,
1.8130,466,221.3,20.8,0.0095,,
1.8215,467,221.7,20.8,0.0095,,
1.8290,468,222.1,20.8,0.0095,,
1.8375,469,222.4,20.8,0.0105,,
1.8455,470,222.8,20.8,0.0100,,
1.8540,471,223.2,20.8,0.0095,,
1.8625,472,223.6,20.8,0.0095,,
1.8710,473,223.8,20.8,0.0095,,
1.8785,474,224.2,20.8,0.0095,,
1.8870,475,224.6,20.8,0.0105,,
1.8955,476,225.0,20.8,0.0105,,
1.9035,477,225.4,20.8,0.0090,,
1.9120,478,225.6,20.8,0.0095,,
1.9205,479,226.0,20.8,0.0095,,
1.9290,480,226.3,20.8,0.0105,,
1.9365,481,226.7,20.8,0.0095,,
1.9450,482,227.0,20.8,0.0105,,
1.9535,483,227.2,20.8,0.0095,,
1.9620,484,227.6,20.8,0.0095,,
1.9700,485,227.9,20.8,0.0090,,
1.9785,486,228.2,20.8,0.0105,,
1.9860,487,228.4,20.8,0.0095,,
1.9945,488,228.6,20.8,0.0105,,
2.0030,489,229.1,20.8,0.0095,,
2.0115,490,229.3,20.8,0.0095,,
2.0200,491,229.5,20.8,0.0095,,
2.0280,492,229.9,20.8,0.0100,,
2.0360,493,230.1,20.8,0.0100,,
2.0440,494,230.4,20.8,0.0100,,
2.0525,495,230.6,20.8,0.0095,,
2.0610,496,230.9,20.8,0.0095,,
2.0695,497,231.2,20.8,0.0095,,
2.0780,498,231.5,20.8,0.0095,,
2.0855,499,231.6,20.8,0.0095,,
2.0940,500,231.9,20.8,0.0105,,
2.1020,501,232.1,20.8,0.0100,,
2.1105,502,232.5,20.8,0.0095,,
2.1190,503,232.8,20.8,0.0095,,
2.1275,504,233.0,20.8,0.0105,,
2.1350,505,233.2,20.8,0.0095,,
2.1435,506,233.3,20.8,0.0105,,
2.1520,507,233.7,20.8,0.0095,,
2.1600,508,234.0,20.8,0.0090,,
2.1680,509,234.1,20.8,0.0090,,
2.1760,510,234.4,20.8,0.0090,,
2.1785,511,234.5,20.8,0.0030,,
2.1785,512,234.6,20.8,0.0000,,
2.1800,513,234.6,20.8,0.0015,,
2.1815,514,234.6,20.8,0.0015,,
2.1840,515,234.6,20.8,0.0030,,
2.1880,516,234.7,20.8,0.0050,,
2.1920,517,234.8,20.8,0.0050,,
2.1965,518,235.1,20.8,0.0055,,
Scope 1/1, Sample 31/40 (T16)
Result,TitrationEP1
V,t,E,T,dV/dt,E acc. stat.,Volume acc. stat.
0.0000,0,-68.4,20.7,NaN,,
0.0005,1,-68.3,20.7,0.0005,,
0.0025,2,-68.4,20.7,0.0020,,
0.0050,3,-68.4,20.7,0.0025,,
0.0090,4,-68.3,20.7,0.0035,,
0.0150,5,-68.0,20.7,0.0055,,
0.0235,6,-67.5,20.7,0.0085,,
0.0310,7,-66.7,20.7,0.0075,,
0.0395,8,-65.5,20.7,0.0085,,
0.0480,9,-64.3,20.7,0.0075,,
0.0565,10,-63.0,20.7,0.0075,,
0.0650,11,-61.4,20.7,0.0075,,
0.0725,12,-60.1,20.7,0.0075,,
0.0810,13,-58.4,20.7,0.0085,,
0.0895,14,-56.6,20.7,0.0085,,
0.0975,15,-54.8,20.7,0.0075,,
0.1060,16,-52.8,20.7,0.0075,,
0.1145,17,-50.9,20.7,0.0075,,
0.1220,18,-48.9,20.7,0.0075,,
0.1305,19,-46.7,20.7,0.0085,,
0.1390,20,-44.3,20.7,0.0085,,
0.1475,21,-41.7,20.7,0.0075,,
0.1555,22,-39.0,20.7,0.0075,,
0.1640,23,-36.1,20.7,0.0075,,
0.1715,24,-33.5,20.7,0.0075,,
0.1800,25,-30.5,20.7,0.0085,,
0.1885,26,-27.2,20.7,0.0085,,
0.1970,27,-24.0,20.7,0.0075,,
0.2055,28,-20.9,20.7,0.0075,,
0.2140,29,-18.0,20.7,0.0075,,
0.2215,30,-15.7,20.7,0.0075,,
0.2300,31,-13.1,20.7,0.0085,,
0.2380,32,-10.9,20.7,0.0080,,
0.2465,33,-8.9,20.7,0.0075,,
0.2550,34,-6.9,20.7,0.0075,,
0.2635,35,-5.0,20.7,0.0075,,
0.2710,36,-3.4,20.7,0.0075,,
0.2795,37,-2.0,20.7,0.0085,,
0.2880,38,-0.6,20.7,0.0085,,
0.2960,39,0.9,20.7,0.0075,,
0.3045,40,2.3,20.7,0.0075,,
0.3130,41,3.6,20.7,0.0075,,
0.3215,42,4.9,20.7,0.0075,,
0.3290,43,6.1,20.7,0.0075,,
0.3375,44,7.4,20.7,0.0085,,
0.3460,45,8.6,20.7,0.0075,,
0.3540,46,9.5,20.7,0.0075,,
0.3625,47,10.7,20.7,0.0075,,
0.3710,48,11.9,20.7,0.0075,,
0.3785,49,12.9,20.7,0.0075,,
0.3870,50,14.0,20.7,0.0085,,
0.3955,51,15.0,20.7,0.0075,,
0.4040,52,16.1,20.7,0.0075,,
0.4125,53,17.1,20.7,0.0075,,
0.4205,54,18.0,20.7,0.0075,,
0.4285,55,19.0,20.7,0.0080,,
0.4365,56,20.0,20.7,0.0080,,
0.4450,57,21.1,20.7,0.0085,,
0.4535,58,22.1,20.7,0.0075,,
0.4620,59,22.9,20.7,0.0075,,
0.4705,60,23.8,20.7,0.0075,,
0.4780,61,24.5,20.7,0.0075,,
0.4865,62,25.6,20.7,0.0085,,
0.4950,63,26.6,20.8,0.0075,,
0.5030,64,27.4,20.8,0.0075,,
0.5115,65,28.4,20.8,0.0075,,
0.5200,66,29.1,20.7,0.0085,,
0.5275,67,30.2,20.7,0.0075,,
0.5360,68,31.1,20.8,0.0085,,
0.5445,69,31.9,20.7,0.0075,,
0.5530,70,32.9,20.7,0.0075,,
0.5610,71,33.8,20.8,0.0075,,
0.5695,72,34.7,20.8,0.0085,,
0.5770,73,35.6,20.7,0.0075,,
0.5855,74,36.5,20.8,0.0085,,
0.5940,75,37.5,20.7,0.0075,,
0.6025,76,38.4,20.7,0.0075,,
0.6110,77,39.3,20.8,0.0075,,
0.6190,78,40.1,20.8,0.0075,,
0.6270,79,40.9,20.8,0.0080,,
0.6350,80,41.8,20.8,0.0080,,
0.6435,81,42.8,20.8,0.0075,,
0.6520,82,43.5,20.8,0.0075,,
0.6605,83,44.4,20.8,0.0075,,
0.6690,84,45.3,20.8,0.0075,,
0.6765,85,46.1,20.8,0.0075,,
0.6850,86,46.9,20.8,0.0085,,
0.6930,87,47.8,20.8,0.0080,,
0.7015,88,48.8,20.8,0.0075,,
0.7100,89,49.7,20.8,0.0075,,
0.7185,90,50.6,20.8,0.0075,,
0.7260,91,51.3,20.8,0.0075,,
0.7345,92,52.2,20.8,0.0085,,
0.7430,93,53.1,20.8,0.0085,,
0.7515,94,54.1,20.8,0.0075,,
0.7595,95,54.9,20.8,0.0075,,
0.7680,96,55.8,20.8,0.0075,,
0.7755,97,56.5,20.8,0.0075,,
0.7840,98,57.5,20.8,0.0085,,
0.7925,99,58.4,20.8,0.0085,,
0.8010,100,59.2,20.8,0.0075,,
0.8095,101,60.1,20.8,0.0075,,
0.8175,102,61.1,20.8,0.0075,,
0.8260,103,61.8,20.8,0.0085,,
0.8335,104,62.8,20.8,0.0075,,
0.8420,105,63.6,20.8,0.0085,,
0.8505,106,64.5,20.8,0.0075,,
0.8590,107,65.5,20.8,0.0075,,
0.8675,108,66.5,20.8,0.0075,,
0.8755,109,67.5,20.8,0.0080,,
0.8835,110,68.5,20.8,0.0080,,
0.8915,111,69.4,20.8,0.0080,,
0.9000,112,70.5,20.8,0.0075,,
0.9085,113,71.4,20.8,0.0075,,
0.9170,114,72.2,20.8,0.0075,,
0.9255,115,73.4,20.8,0.0075,,
0.9330,116,74.1,20.8,0.0075,,
0.9415,117,75.1,20.8,0.0085,,
0.9495,118,76.1,20.8,0.0080,,
0.9580,119,77.1,20.8,0.0075,,
0.9665,120,78.1,20.8,0.0075,,
0.9750,121,79.2,20.8,0.0075,,
0.9825,122,80.1,20.8,0.0075,,
0.9910,123,81.1,20.8,0.0085,,
0.9995,124,82.1,20.8,0.0075,,
1.0080,125,83.4,20.8,0.0075,,
1.0160,126,84.5,20.8,0.0075,,
1.0245,127,85.6,20.8,0.0075,,
1.0320,128,86.7,20.8,0.0075,,
1.0405,129,87.8,20.8,0.0085,,
1.0490,130,89.1,20.8,0.0075,,
1.0575,131,90.3,20.8,0.0075,,
1.0660,132,91.4,20.8,0.0075,,
1.0745,133,92.5,20.8,0.0085,,
1.0820,134,93.8,20.8,0.0075,,
1.0900,135,95.1,20.8,0.0080,,
1.0985,136,96.4,20.8,0.0075,,
1.1070,137,97.7,20.8,0.0075,,
1.1155,138,99.4,20.8,0.0075,,
1.1240,139,101.0,20.8,0.0085,,
1.1315,140,102.7,20.8,0.0075,,
1.1400,141,104.0,20.8,0.0085,,
1.1485,142,105.5,20.8,0.0075,,
1.1565,143,107.5,20.8,0.0075,,
1.1650,144,109.3,20.8,0.0075,,
1.1735,145,110.9,20.8,0.0075,,
1.1810,146,112.9,20.8,0.0075,,
1.1895,147,115.0,20.8,0.0085,,
1.1980,148,117.4,20.8,0.0085,,
1.2065,149,119.7,20.8,0.0075,,
1.2145,150,121.9,20.8,0.0075,,
1.2230,151,124.7,20.8,0.0075,,
1.2305,152,127.4,20.8,0.0075,,
1.2390,153,130.5,20.8,0.0085,,
1.2475,154,133.6,20.8,0.0085,,
1.2560,155,136.5,20.8,0.0075,,
1.2645,156,139.9,20.8,0.0075,,
1.2725,157,143.4,20.8,0.0075,,
1.2805,158,146.8,20.8,0.0080,,
1.2885,159,150.4,20.8,0.0080,,
1.2970,160,153.8,20.8,0.0085,,
1.3055,161,157.4,20.8,0.0075,,
1.3140,162,160.7,20.8,0.0075,,
1.3225,163,163.8,20.8,0.0075,,
1.3305,164,166.6,20.8,0.0075,,
1.3385,165,169.0,20.8,0.0080,,
1.3465,166,171.8,20.8,0.0080,,
1.3550,167,174.2,20.8,0.0075,,
1.3635,168,176.5,20.8,0.0075,,
1.3720,169,178.6,20.8,0.0075,,
1.3805,170,180.5,20.8,0.0075,,
1.3880,171,182.0,20.8,0.0075,,
1.3965,172,183.7,20.8,0.0085,,
1.4060,173,185.1,20.8,0.0075,,
1.4060,413,187.5,20.8,0.0000,,
1.4065,414,187.4,20.8,0.0005,,
1.4080,415,187.5,20.8,0.0010,,
1.4105,416,187.8,20.8,0.0020,,
1.4145,418,188.1,20.8,0.0025,,
1.4205,418,188.9,20.8,0.0120,,
1.4285,420,190.2,20.8,0.0055,,
1.4365,420,191.1,20.8,0.0200,,
1.4445,421,192.3,20.8,0.0055,,
1.4530,422,193.5,20.8,0.0060,,
1.4615,424,194.7,20.8,0.0055,,
1.4700,424,195.8,20.8,0.0170,,
1.4785,426,196.8,20.8,0.0055,,
1.4860,426,197.8,20.8,0.0185,,
1.4945,427,198.7,20.8,0.0060,,
1.5030,428,199.6,20.8,0.0055,,
1.5110,430,200.6,20.8,0.0055,,
1.5195,430,201.3,20.8,0.0170,,
1.5280,432,202.1,20.8,0.0055,,
1.5355,432,202.8,20.8,0.0185,,
1.5440,433,203.7,20.8,0.0060,,
1.5525,434,204.5,20.8,0.0055,,
1.5610,436,205.1,20.8,0.0055,,
1.5690,436,205.8,20.8,0.0160,,
1.5775,438,206.7,20.8,0.0055,,
1.5850,438,207.3,20.8,0.0185,,
1.5935,439,207.9,20.8,0.0060,,
1.6020,440,208.5,20.8,0.0060,,
1.6105,442,209.1,20.8,0.0055,,
1.6190,442,209.9,20.8,0.0170,,
1.6270,444,210.5,20.8,0.0055,,
1.6350,444,211.0,20.8,0.0200,,
1.6430,445,211.5,20.8,0.0055,,
1.6515,446,212.1,20.8,0.0060,,
1.6600,448,212.7,20.8,0.0055,,
1.6685,448,213.2,20.8,0.0170,,
1.6770,450,213.7,20.8,0.0055,,
1.6845,450,214.2,20.8,0.0185,,
1.6930,451,214.7,20.8,0.0060,,
1.7015,452,215.4,20.8,0.0055,,
1.7095,454,215.8,20.8,0.0055,,
1.7180,454,216.3,20.8,0.0170,,
1.7265,456,216.9,20.8,0.0055,,
1.7340,456,217.2,20.8,0.0185,,
1.7425,457,217.7,20.8,0.0060,,
1.7510,458,218.1,20.8,0.0055,,
1.7595,460,218.6,20.8,0.0055,,
1.7680,460,219.1,20.8,0.0170,,
1.7760,462,219.5,20.8,0.0055,,
1.7840,462,219.9,20.8,0.0200,,
1.7920,463,220.2,20.8,0.0055,,
1.8005,464,220.7,20.8,0.0055,,
1.8090,466,221.2,20.8,0.0055,,
1.8175,466,221.4,20.8,0.0170,,
1.8260,468,221.8,20.8,0.0055,,
1.8340,468,222.0,20.8,0.0200,,
1.8420,469,222.5,20.8,0.0055,,
1.8500,470,222.9,20.8,0.0055,,
1.8585,472,223.2,20.8,0.0055,,
1.8670,472,223.6,20.8,0.0170,,
1.8755,474,224.1,20.8,0.0055,,
1.8840,474,224.3,20.8,0.0210,,
1.8915,475,224.6,20.8,0.0055,,
1.9000,476,224.8,20.8,0.0060,,
1.9080,478,225.2,20.8,0.0055,,
1.9165,478,225.6,20.8,0.0170,,
1.9250,480,225.9,20.8,0.0055,,
1.9325,480,226.2,20.8,0.0185,,
1.9410,481,226.5,20.8,0.0060,,
1.9495,482,226.8,20.8,0.0060,,
1.9580,484,227.2,20.8,0.0055,,
1.9665,484,227.4,20.8,0.0170,,
1.9745,486,227.7,20.8,0.0055,,
1.9830,486,228.0,20.8,0.0210,,
1.9905,487,228.3,20.8,0.0055,,
1.9990,488,228.7,20.8,0.0060,,
2.0075,490,228.8,20.8,0.0055,,
2.0160,490,229.2,20.8,0.0170,,
2.0245,492,229.6,20.8,0.0055,,
2.0325,492,229.8,20.8,0.0200,,
2.0405,493,230.1,20.8,0.0055,,
2.0485,494,230.3,20.8,0.0055,,
2.0570,496,230.6,20.8,0.0055,,
2.0655,496,231.1,20.8,0.0170,,
2.0740,498,231.2,20.8,0.0055,,
2.0815,498,231.5,20.8,0.0185,,
2.0900,499,231.7,20.8,0.0060,,
2.0985,500,232.0,20.8,0.0060,,
2.1070,502,232.3,20.8,0.0055,,
2.1150,502,232.5,20.8,0.0160,,
2.1235,504,232.7,20.8,0.0055,,
2.1310,504,233.0,20.8,0.0185,,
2.1395,505,233.3,20.8,0.0060,,
2.1480,506,233.5,20.8,0.0060,,
2.1565,508,233.6,20.8,0.0055,,
2.1650,508,234.0,20.8,0.0170,,
2.1720,510,234.3,20.8,0.0045,,
2.1770,510,234.4,20.8,0.0125,,
2.1805,511,234.5,20.8,0.0025,,
2.1820,512,234.6,20.8,0.0010,,
2.1840,514,234.6,20.8,0.0015,,
2.1865,514,234.7,20.8,0.0050,,
2.1895,516,234.7,20.8,0.0020,,
2.1925,516,234.8,20.8,0.0075,,
2.1965,517,234.9,20.8,0.0030,,
2.1980,518,235.0,20.8,0.0020,,
Scope 1/1, Sample 32/40 (B16)
Result,TitrationEP1
V,t,E,T,dV/dt,E acc. stat.,Volume acc. stat.
0.0000,0,-67.9,20.7,NaN,,
0.0010,1,-67.8,20.7,0.0010,,
0.0025,2,-67.8,20.7,0.0015,,
0.0050,3,-67.9,20.7,0.0025,,
0.0085,4,-67.7,20.7,0.0030,,
0.0150,5,-67.3,20.7,0.0060,,
0.0230,6,-66.7,20.7,0.0075,,
0.0315,7,-65.9,20.7,0.0085,,
0.0390,8,-64.8,20.7,0.0075,,
0.0475,9,-63.6,20.7,0.0085,,
0.0560,10,-62.2,20.7,0.0075,,
0.0645,11,-60.8,20.7,0.0075,,
0.0725,12,-59.2,20.7,0.0075,,
0.0810,13,-57.5,20.7,0.0075,,
0.0885,14,-56.0,20.7,0.0075,,
0.0970,15,-54.0,20.7,0.0085,,
0.1055,16,-52.2,20.7,0.0075,,
0.1140,17,-50.1,20.7,0.0075,,
0.1225,18,-47.8,20.7,0.0075,,
0.1310,19,-45.6,20.7,0.0075,,
0.1385,20,-43.2,20.7,0.0075,,
0.1470,21,-40.6,20.7,0.0085,,
0.1550,22,-37.8,20.7,0.0075,,
0.1635,23,-34.9,20.7,0.0075,,
0.1720,24,-32.0,20.7,0.0075,,
0.1805,25,-28.8,20.7,0.0075,,
0.1880,26,-25.9,20.8,0.0075,,
0.1965,27,-22.6,20.7,0.0085,,
0.2050,28,-19.4,20.7,0.0075,,
0.2130,29,-16.6,20.8,0.0075,,
0.2215,30,-13.9,20.7,0.0075,,
0.2300,31,-11.4,20.7,0.0075,,
0.2375,32,-9.4,20.7,0.0075,,
0.2460,33,-7.2,20.7,0.0085,,
0.2545,34,-5.1,20.8,0.0075,,
0.2630,35,-3.2,20.8,0.0075,,
0.2715,36,-1.6,20.7,0.0075,,
0.2795,37,0.0,20.7,0.0075,,
0.2870,38,1.2,20.8,0.0075,,
0.2955,39,2.7,20.8,0.0085,,
0.3040,40,4.3,20.8,0.0075,,
0.3125,41,5.9,20.8,0.0075,,
0.3210,42,7.2,20.8,0.0075,,
0.3295,43,8.4,20.8,0.0075,,
0.3370,44,9.4,20.8,0.0075,,
0.3455,45,10.6,20.8,0.0085,,
0.3535,46,11.8,20.8,0.0075,,
0.3620,47,12.9,20.8,0.0075,,
0.3705,48,14.1,20.8,0.0075,,
0.3790,49,15.3,20.8,0.0075,,
0.3865,50,16.3,20.8,0.0075,,
0.3950,51,17.4,20.7,0.0085,,
0.4035,52,18.3,20.8,0.0075,,
0.4115,53,19.3,20.8,0.0075,,
0.4200,54,20.4,20.8,0.0075,,
0.4285,55,21.3,20.8,0.0075,,
0.4370,56,22.3,20.8,0.0085,,
0.4445,57,23.3,20.8,0.0070,,
0.4530,58,24.2,20.8,0.0075,,
0.4615,59,25.2,20.8,0.0075,,
0.4700,60,26.1,20.8,0.0075,,
0.4780,61,27.0,20.8,0.0075,,
0.4865,62,28.0,20.8,0.0085,,
0.4940,63,28.9,20.8,0.0075,,
0.5025,64,29.9,20.8,0.0075,,
0.5110,65,30.9,20.8,0.0075,,
0.5195,66,31.7,20.8,0.0075,,
0.5280,67,32.6,20.8,0.0075,,
0.5360,68,33.5,20.8,0.0080,,
0.5440,69,34.4,20.8,0.0080,,
0.5520,70,35.3,20.8,0.0075,,
0.5605,71,36.2,20.8,0.0075,,
0.5690,72,37.1,20.8,0.0075,,
0.5775,73,38.1,20.8,0.0075,,
0.5860,74,38.9,20.8,0.0075,,
0.5935,75,39.8,20.8,0.0075,,
0.6020,76,40.6,20.8,0.0075,,
0.6100,77,41.5,20.8,0.0075,,
0.6185,78,42.3,20.8,0.0075,,
0.6270,79,43.2,20.8,0.0075,,
0.6355,80,44.1,20.8,0.0075,,
0.6430,81,44.9,20.8,0.0075,,
0.6515,82,45.9,20.8,0.0085,,
0.6600,83,46.7,20.8,0.0075,,
0.6680,84,47.5,20.8,0.0075,,
0.6765,85,48.4,20.8,0.0075,,
0.6850,86,49.3,20.8,0.0075,,
0.6925,87,50.1,20.8,0.0075,,
0.7010,88,50.9,20.8,0.0085,,
0.7095,89,51.8,20.8,0.0075,,
0.7180,90,52.8,20.8,0.0075,,
0.7265,91,53.6,20.8,0.0075,,
0.7345,92,54.4,20.8,0.0075,,
0.7425,93,55.3,20.8,0.0080,,
0.7505,94,56.1,20.8,0.0075,,
0.7590,95,57.0,20.8,0.0075,,
0.7675,96,57.9,20.8,0.0075,,
0.7760,97,58.7,20.8,0.0075,,
0.7845,98,59.6,20.8,0.0075,,
0.7920,99,60.4,20.8,0.0075,,
0.8005,100,61.3,20.8,0.0085,,
0.8085,101,62.1,20.8,0.0075,,
0.8170,102,62.9,20.8,0.0075,,
0.8255,103,63.9,20.8,0.0075,,
0.8340,104,64.9,20.8,0.0075,,
0.8415,105,65.7,20.8,0.0075,,
0.8500,106,66.5,20.8,0.0085,,
0.8585,107,67.5,20.8,0.0075,,
0.8670,108,68.5,20.8,0.0075,,
0.8750,109,69.5,20.8,0.0075,,
0.8835,110,70.3,20.8,0.0085,,
0.8910,111,71.2,20.8,0.0075,,
0.8995,112,72.1,20.8,0.0075,,
0.9080,113,73.1,20.8,0.0075,,
0.9165,114,74.0,20.8,0.0075,,
0.9250,115,74.9,20.8,0.0075,,
0.9330,116,75.8,20.8,0.0075,,
0.9410,117,76.8,20.8,0.0080,,
0.9490,118,77.8,20.8,0.0080,,
0.9575,119,78.9,20.8,0.0075,,
0.9660,120,79.8,20.8,0.0075,,
0.9745,121,80.9,20.8,0.0075,,
0.9830,122,81.9,20.8,0.0075,,
0.9905,123,82.8,20.8,0.0075,,
0.9990,124,83.8,20.8,0.0085,,
1.0075,125,84.7,20.8,0.0075,,
1.0155,126,85.9,20.8,0.0075,,
1.0240,127,87.0,20.8,0.0075,,
1.0325,128,88.0,20.8,0.0085,,
1.0400,129,89.2,20.8,0.0075,,
1.0485,130,90.4,20.8,0.0085,,
1.0570,131,91.6,20.8,0.0075,,
1.0655,132,92.7,20.8,0.0075,,
1.0740,133,93.9,20.8,0.0075,,
1.0820,134,95.3,20.8,0.0075,,
1.0895,135,96.5,20.8,0.0075,,
1.0980,136,97.8,20.8,0.0085,,
1.1065,137,99.2,20.8,0.0075,,
1.1150,138,100.8,20.8,0.0075,,
1.1235,139,102.3,20.8,0.0075,,
1.1320,140,103.9,20.8,0.0075,,
1.1395,141,105.4,20.8,0.0075,,
1.1475,142,107.1,20.8,0.0080,,
1.1560,143,108.8,20.8,0.0075,,
1.1645,144,110.6,20.8,0.0075,,
1.1730,145,112.3,20.8,0.0075,,
1.1815,146,114.3,20.8,0.0075,,
1.1890,147,116.3,20.8,0.0075,,
1.1975,148,118.7,20.8,0.0085,,
1.2060,149,121.0,20.8,0.0075,,
1.2140,150,123.4,20.8,0.0075,,
1.2225,151,126.1,20.8,0.0075,,
1.2310,152,128.9,20.8,0.0075,,
1.2385,153,131.5,20.8,0.0075,,
1.2470,154,134.5,20.8,0.0085,,
1.2555,155,137.7,20.8,0.0075,,
1.2640,156,141.0,20.8,0.0075,,
1.2720,157,144.2,20.8,0.0075,,
1.2805,158,147.8,20.8,0.0075,,
1.2890,159,151.1,20.8,0.0085,,
1.2965,160,154.6,20.8,0.0075,,
1.3050,161,157.8,20.8,0.0075,,
1.3135,162,161.1,20.8,0.0075,,
1.3220,163,164.1,20.8,0.0075,,
1.3305,164,167.2,20.8,0.0075,,
1.3380,165,169.5,20.8,0.0075,,
1.3465,166,172.0,20.8,0.0085,,
1.3545,167,174.5,20.8,0.0075,,
1.3630,168,176.5,20.8,0.0075,,
1.3715,169,178.6,20.8,0.0075,,
1.3800,170,180.6,20.8,0.0075,,
1.3875,171,182.2,20.8,0.0075,,
1.3960,172,183.9,20.8,0.0085,,
1.4045,173,185.1,20.8,0.0075,,
1.4045,413,187.1,20.8,0.0000,,
1.4050,414,187.1,20.8,0.0005,,
1.4065,415,187.1,20.8,0.0015,,
1.4090,416,187.4,20.8,0.0025,,
1.4130,417,187.9,20.8,0.0035,,
1.4190,418,188.8,20.8,0.0050,,
1.4270,419,189.8,20.8,0.0065,,
1.4350,420,190.9,20.8,0.0075,,
1.4430,421,192.2,20.8,0.0075,,
1.4515,422,193.3,20.8,0.0075,,
1.4600,423,194.4,20.8,0.0070,,
1.4685,424,195.6,20.8,0.0070,,
1.4770,425,196.6,20.8,0.0070,,
1.4845,426,197.5,20.8,0.0070,,
1.4930,427,198.4,20.8,0.0075,,
1.5010,428,199.4,20.8,0.0075,,
1.5095,429,200.3,20.8,0.0070,,
1.5180,430,201.1,20.8,0.0070,,
1.5265,431,202.0,20.8,0.0070,,
1.5350,432,202.7,20.8,0.0075,,
1.5425,433,203.6,20.8,0.0070,,
1.5510,434,204.4,20.8,0.0075,,
1.5590,435,205.2,20.8,0.0065,,
1.5675,436,205.9,20.8,0.0070,,
1.5760,437,206.7,20.8,0.0070,,
1.5845,438,207.3,20.8,0.0075,,
1.5920,439,208.0,20.8,0.0070,,
1.6005,440,208.6,20.8,0.0075,,
1.6090,441,209.3,20.8,0.0070,,
1.6170,442,209.9,20.8,0.0065,,
1.6255,443,210.4,20.8,0.0070,,
1.6340,444,211.0,20.8,0.0070,,
1.6415,445,211.6,20.8,0.0070,,
1.6500,446,212.2,20.8,0.0075,,
1.6585,447,212.8,20.8,0.0070,,
1.6670,448,213.3,20.8,0.0070,,
1.6755,449,213.7,20.8,0.0070,,
1.6835,450,214.3,20.8,0.0065,,
1.6915,451,214.7,20.8,0.0075,,
1.6995,452,215.4,20.8,0.0075,,
1.7080,453,215.8,20.8,0.0070,,
1.7165,454,216.3,20.8,0.0070,,
1.7250,455,216.8,20.8,0.0070,,
1.7335,456,217.2,20.8,0.0070,,
1.7410,457,217.6,20.8,0.0070,,
1.7495,458,218.0,20.8,0.0075,,
1.7575,459,218.4,20.8,0.0075,,
1.7660,460,218.9,20.8,0.0070,,
1.7745,461,219.3,20.8,0.0070,,
1.7830,462,219.7,20.8,0.0070,,
1.7905,463,220.0,20.8,0.0070,,
1.7990,464,220.4,20.8,0.0075,,
1.8075,465,220.9,20.8,0.0075,,
1.8155,466,221.2,20.8,0.0065,,
1.8240,467,221.6,20.8,0.0070,,
1.8325,468,222.1,20.8,0.0070,,
1.8410,469,222.4,20.8,0.0075,,
1.8485,470,222.8,20.8,0.0070,,
1.8570,471,223.1,20.8,0.0075,,
1.8655,472,223.5,20.8,0.0070,,
1.8740,473,223.9,20.8,0.0070,,
1.8820,474,224.3,20.8,0.0065,,
1.8905,475,224.7,20.8,0.0075,,
1.8980,476,225.0,20.8,0.0070,,
1.9065,477,225.3,20.8,0.0075,,
1.9150,478,225.7,20.8,0.0070,,
1.9235,479,225.9,20.8,0.0070,,
1.9320,480,226.1,20.8,0.0070,,
1.9395,481,226.5,20.8,0.0070,,
1.9480,482,226.8,20.8,0.0075,,
1.9560,483,227.1,20.8,0.0065,,
1.9645,484,227.4,20.8,0.0070,,
1.9730,485,227.7,20.8,0.0070,,
1.9815,486,228.0,20.8,0.0070,,
1.9900,487,228.3,20.8,0.0075,,
1.9975,488,228.6,20.8,0.0070,,
2.0060,489,228.9,20.8,0.0075,,
2.0140,490,229.1,20.8,0.0065,,
2.0225,491,229.5,20.8,0.0070,,
2.0310,492,229.8,20.8,0.0070,,
2.0395,493,230.0,20.8,0.0070,,
2.0470,494,230.4,20.8,0.0070,,
2.0555,495,230.6,20.8,0.0075,,
2.0640,496,231.0,20.8,0.0075,,
2.0720,497,231.2,20.8,0.0065,,
2.0805,498,231.4,20.8,0.0070,,
2.0890,499,231.6,20.8,0.0070,,
2.0965,500,231.9,20.8,0.0070,,
2.1050,501,232.3,20.8,0.0075,,
2.1135,502,232.5,20.8,0.0075,,
2.1220,503,232.7,20.8,0.0070,,
2.1300,504,232.9,20.8,0.0065,,
2.1385,505,233.2,20.8,0.0070,,
2.1460,506,233.4,20.8,0.0070,,
2.1545,507,233.7,20.8,0.0075,,
2.1630,508,233.9,20.8,0.0075,,
2.1710,509,234.1,20.8,0.0065,,
2.1785,510,234.4,20.8,0.0060,,
2.1820,511,234.4,20.8,0.0030,,
2.1825,512,234.4,20.8,0.0005,,
2.1835,513,234.4,20.8,0.0010,,
2.1850,514,234.5,20.8,0.0015,,
2.1870,515,234.7,20.8,0.0015,,
2.1900,516,234.7,20.8,0.0025,,
2.1935,517,234.8,20.8,0.0030,,
2.1965,518,234.8,20.8,0.0025,,
2.2000,519,235.0,20.8,0.0030,,
2.2010,520,235.0,20.8,0.0020,,
Scope 1/1, Sample 33/40 (T17)
Result,TitrationEP1
V,t,E,T,dV/dt,E acc. stat.,Volume acc. stat.
0.0000,0,-68.9,20.7,NaN,,
0.0010,1,-68.9,20.7,0.0010,,
0.0025,2,-68.8,20.7,0.0015,,
0.0050,3,-68.8,20.7,0.0025,,
0.0090,4,-68.7,20.7,0.0035,,
0.0150,5,-68.5,20.7,0.0055,,
0.0235,6,-67.9,20.7,0.0075,,
0.0320,7,-67.0,20.7,0.0075,,
0.0405,8,-66.0,20.7,0.0075,,
0.0490,9,-64.8,20.7,0.0070,,
0.0565,10,-63.7,20.7,0.0070,,
0.0650,11,-62.4,20.7,0.0075,,
0.0730,12,-60.8,20.7,0.0075,,
0.0815,13,-59.4,20.7,0.0075,,
0.0900,14,-57.8,20.7,0.0075,,
0.0985,15,-56.0,20.7,0.0070,,
0.1060,16,-54.4,20.7,0.0070,,
0.1145,17,-52.5,20.7,0.0075,,
0.1230,18,-50.5,20.7,0.0075,,
0.1310,19,-48.4,20.7,0.0075,,
0.1395,20,-46.0,20.7,0.0075,,
0.1480,21,-43.9,20.7,0.0075,,
0.1555,22,-41.4,20.7,0.0070,,
0.1640,23,-38.7,20.7,0.0075,,
0.1725,24,-35.8,20.7,0.0075,,
0.1810,25,-32.9,20.7,0.0075,,
0.1895,26,-30.0,20.7,0.0075,,
0.1975,27,-27.0,20.7,0.0075,,
0.2055,28,-24.0,20.7,0.0075,,
0.2135,29,-21.0,20.7,0.0075,,
0.2220,30,-18.1,20.7,0.0075,,
0.2305,31,-15.5,20.7,0.0075,,
0.2390,32,-13.2,20.7,0.0075,,
0.2475,33,-10.9,20.7,0.0070,,
0.2550,34,-9.1,20.7,0.0070,,
0.2635,35,-7.1,20.7,0.0075,,
0.2715,36,-5.4,20.7,0.0075,,
0.2800,37,-3.8,20.7,0.0075,,
0.2885,38,-2.3,20.7,0.0075,,
0.2970,39,-0.7,20.7,0.0075,,
0.3045,40,0.5,20.7,0.0070,,
0.3130,41,1.8,20.7,0.0075,,
0.3215,42,3.2,20.7,0.0075,,
0.3295,43,4.6,20.7,0.0075,,
0.3380,44,6.0,20.7,0.0075,,
0.3465,45,7.2,20.7,0.0075,,
0.3550,46,8.4,20.7,0.0075,,
0.3625,47,9.5,20.7,0.0070,,
0.3710,48,10.8,20.7,0.0075,,
0.3795,49,12.0,20.7,0.0075,,
0.3875,50,13.0,20.7,0.0075,,
0.3960,51,14.1,20.7,0.0075,,
0.4045,52,15.3,20.7,0.0070,,
0.4120,53,16.2,20.7,0.0070,,
0.4205,54,17.3,20.7,0.0075,,
0.4290,55,18.1,20.7,0.0075,,
0.4375,56,19.1,20.7,0.0075,,
0.4455,57,20.2,20.7,0.0075,,
0.4540,58,21.1,20.7,0.0070,,
0.4615,59,22.1,20.7,0.0070,,
0.4700,60,22.9,20.7,0.0075,,
0.4785,61,23.9,20.7,0.0075,,
0.4870,62,24.9,20.7,0.0075,,
0.4955,63,25.8,20.7,0.0075,,
0.5035,64,26.6,20.7,0.0075,,
0.5115,65,27.5,20.7,0.0075,,
0.5195,66,28.5,20.7,0.0075,,
0.5280,67,29.5,20.7,0.0075,,
0.5365,68,30.4,20.7,0.0075,,
0.5450,69,31.3,20.7,0.0075,,
0.5535,70,32.2,20.7,0.0075,,
0.5615,71,33.0,20.7,0.0075,,
0.5695,72,34.0,20.7,0.0075,,
0.5775,73,34.9,20.7,0.0075,,
0.5860,74,35.6,20.7,0.0075,,
0.5945,75,36.6,20.7,0.0075,,
0.6030,76,37.6,20.7,0.0075,,
0.6115,77,38.4,20.7,0.0070,,
0.6190,78,39.3,20.7,0.0070,,
0.6275,79,40.1,20.7,0.0075,,
0.6355,80,41.1,20.7,0.0075,,
0.6440,81,42.0,20.7,0.0075,,
0.6525,82,42.8,20.7,0.0075,,
0.6610,83,43.7,20.7,0.0070,,
0.6685,84,44.5,20.7,0.0070,,
0.6770,85,45.4,20.7,0.0075,,
0.6855,86,46.3,20.7,0.0075,,
0.6940,87,47.1,20.7,0.0075,,
0.7020,88,48.2,20.7,0.0075,,
0.7105,89,49.1,20.7,0.0070,,
0.7180,90,49.9,20.7,0.0070,,
0.7265,91,50.7,20.7,0.0075,,
0.7350,92,51.5,20.7,0.0075,,
0.7435,93,52.6,20.7,0.0075,,
0.7520,94,53.4,20.7,0.0075,,
0.7605,95,54.2,20.7,0.0075,,
0.7680,96,55.0,20.7,0.0070,,
0.7760,97,55.9,20.7,0.0075,,
0.7845,98,56.9,20.7,0.0075,,
0.7930,99,57.8,20.7,0.0075,,
0.8015,100,58.5,20.7,0.0075,,
0.8100,101,59.5,20.7,0.0075,,
0.8175,102,60.3,20.7,0.0070,,
0.8260,103,61.4,20.7,0.0075,,
0.8340,104,62.3,20.7,0.0075,,
0.8425,105,63.1,20.7,0.0075,,
0.8510,106,64.1,20.7,0.0075,,
0.8595,107,65.1,20.7,0.0075,,
0.8670,108,65.7,20.7,0.0070,,
0.8755,109,66.6,20.7,0.0075,,
0.8840,110,67.4,20.7,0.0075,,
0.8920,111,68.4,20.7,0.0075,,
0.9005,112,69.4,20.7,0.0075,,
0.9090,113,70.4,20.7,0.0075,,
0.9175,114,71.2,20.7,0.0075,,
0.9250,115,72.0,20.7,0.0070,,
0.9335,116,73.1,20.7,0.0075,,
0.9420,117,74.0,20.7,0.0075,,
0.9505,118,74.9,20.7,0.0075,,
0.9585,119,75.9,20.7,0.0075,,
0.9665,120,76.8,20.7,0.0075,,
0.9745,121,77.9,20.7,0.0075,,
0.9830,122,78.8,20.7,0.0075,,
0.9915,123,79.8,20.7,0.0075,,
1.0000,124,80.8,20.7,0.0075,,
1.0085,125,81.9,20.7,0.0075,,
1.0165,126,83.0,20.7,0.0065,,
1.0245,127,84.1,20.7,0.0075,,
1.0325,128,85.1,20.7,0.0075,,
1.0410,129,86.3,20.7,0.0075,,
1.0495,130,87.5,20.7,0.0075,,
1.0580,131,88.6,20.7,0.0075,,
1.0665,132,89.6,20.7,0.0070,,
1.0740,133,90.7,20.7,0.0070,,
1.0825,134,92.0,20.7,0.0075,,
1.0910,135,93.3,20.7,0.0075,,
1.0990,136,94.4,20.7,0.0065,,
1.1075,137,95.8,20.7,0.0075,,
1.1160,138,96.9,20.7,0.0075,,
1.1235,139,98.4,20.7,0.0070,,
1.1320,140,100.0,20.7,0.0075,,
1.1405,141,101.5,20.7,0.0075,,
1.1490,142,103.1,20.7,0.0075,,
1.1570,143,104.9,20.7,0.0075,,
1.1655,144,106.7,20.7,0.0075,,
1.1730,145,108.0,20.7,0.0070,,
1.1815,146,109.6,20.7,0.0075,,
1.1900,147,111.5,20.7,0.0075,,
1.1985,148,113.7,20.7,0.0075,,
1.2070,149,115.6,20.7,0.0075,,
1.2155,150,117.5,20.7,0.0075,,
1.2230,151,119.6,20.7,0.0070,,
1.2315,152,122.3,20.7,0.0075,,
1.2395,153,124.8,20.7,0.0075,,
1.2480,154,127.5,20.7,0.0075,,
1.2565,155,130.5,20.7,0.0075,,
1.2640,156,133.2,20.7,0.0070,,
1.2725,157,136.5,20.7,0.0075,,
1.2810,158,139.9,20.7,0.0075,,
1.2895,159,143.4,20.7,0.0075,,
1.2975,160,146.9,20.7,0.0075,,
1.3060,161,150.5,20.7,0.0075,,
1.3145,162,153.6,20.7,0.0075,,
1.3220,163,157.1,20.7,0.0070,,
1.3305,164,160.1,20.7,0.0075,,
1.3390,165,163.6,20.7,0.0075,,
1.3475,166,166.5,20.7,0.0075,,
1.3560,167,169.1,20.7,0.0075,,
1.3640,168,171.4,20.7,0.0075,,
1.3715,169,173.7,20.7,0.0070,,
1.3800,170,175.9,20.7,0.0075,,
1.3885,171,178.1,20.7,0.0075,,
1.3970,172,179.9,20.7,0.0075,,
1.4055,173,181.8,20.7,0.0075,,
1.4140,174,183.7,20.7,0.0070,,
1.4225,175,185.1,20.7,0.0065,,
1.4225,415,187.2,20.8,0.0000,,
1.4230,416,187.1,20.8,0.0005,,
1.4245,417,187.1,20.8,0.0010,,
1.4270,418,187.4,20.8,0.0020,,
1.4310,419,187.9,20.8,0.0030,,
1.4370,420,188.5,20.8,0.0045,,
1.4450,421,189.6,20.8,0.0055,,
1.4525,422,190.8,20.8,0.0060,,
1.4610,423,192.1,20.8,0.0065,,
1.4695,424,193.3,20.8,0.0060,,
1.4780,425,194.3,20.8,0.0060,,
1.4865,426,195.4,20.8,0.0060,,
1.4950,427,196.3,20.8,0.0065,,
1.5025,428,197.4,20.8,0.0060,,
1.5110,429,198.3,20.8,0.0065,,
1.5190,430,199.3,20.8,0.0055,,
1.5275,431,200.3,20.8,0.0060,,
1.5360,432,201.2,20.8,0.0060,,
1.5445,433,202.0,20.8,0.0060,,
1.5520,434,202.8,20.8,0.0060,,
1.5605,435,203.5,20.8,0.0065,,
1.5690,436,204.4,20.8,0.0065,,
1.5770,437,205.1,20.8,0.0055,,
1.5855,438,205.7,20.8,0.0060,,
1.5940,439,206.5,20.8,0.0060,,
1.6015,440,207.0,20.8,0.0060,,
1.6100,441,207.8,20.8,0.0065,,
1.6185,442,208.5,20.8,0.0065,,
1.6270,443,209.1,20.8,0.0060,,
1.6350,444,209.8,20.8,0.0055,,
1.6435,445,210.5,20.8,0.0060,,
1.6510,446,211.0,20.8,0.0060,,
1.6595,447,211.5,20.8,0.0065,,
1.6680,448,212.0,20.8,0.0065,,
1.6765,449,212.6,20.8,0.0060,,
1.6850,450,213.2,20.8,0.0060,,
1.6930,451,213.7,20.8,0.0055,,
1.7010,452,214.2,20.8,0.0060,,
1.7090,453,214.7,20.8,0.0060,,
1.7175,454,215.3,20.8,0.0065,,
1.7260,455,215.8,20.8,0.0060,,
1.7345,456,216.2,20.8,0.0060,,
1.7430,457,216.7,20.8,0.0060,,
1.7505,458,217.0,20.8,0.0060,,
1.7590,459,217.5,20.8,0.0065,,
1.7675,460,218.0,20.8,0.0065,,
1.7755,461,218.4,20.8,0.0055,,
1.7840,462,218.8,20.8,0.0060,,
1.7925,463,219.4,20.8,0.0060,,
1.8010,464,219.6,20.8,0.0065,,
1.8085,465,220.0,20.8,0.0060,,
1.8170,466,220.3,20.8,0.0065,,
1.8255,467,220.9,20.8,0.0060,,
1.8335,468,221.3,20.8,0.0055,,
1.8420,469,221.6,20.8,0.0060,,
1.8495,470,222.0,20.8,0.0060,,
1.8580,471,222.3,20.8,0.0065,,
1.8665,472,222.8,20.8,0.0065,,
1.8750,473,223.2,20.8,0.0060,,
1.8835,474,223.4,20.8,0.0060,,
1.8920,475,223.8,20.8,0.0060,,
1.8995,476,224.2,20.8,0.0060,,
1.9080,477,224.6,20.8,0.0065,,
1.9160,478,224.9,20.8,0.0060,,
1.9245,479,225.2,20.8,0.0060,,
1.9330,480,225.6,20.8,0.0060,,
1.9415,481,226.0,20.8,0.0060,,
1.9490,482,226.2,20.8,0.0060,,
1.9575,483,226.5,20.8,0.0065,,
1.9660,484,226.8,20.8,0.0065,,
1.9745,485,227.2,20.8,0.0060,,
1.9825,486,227.5,20.8,0.0055,,
1.9910,487,227.7,20.8,0.0060,,
1.9985,488,228.0,20.8,0.0060,,
2.0070,489,228.3,20.8,0.0065,,
2.0155,490,228.7,20.8,0.0065,,
2.0240,491,229.0,20.8,0.0060,,
2.0325,492,229.2,20.8,0.0060,,
2.0405,493,229.5,20.8,0.0055,,
2.0485,494,229.7,20.8,0.0060,,
2.0565,495,230.1,20.8,0.0060,,
2.0650,496,230.3,20.8,0.0065,,
2.0735,497,230.4,20.8,0.0060,,
2.0820,498,230.7,20.8,0.0060,,
2.0905,499,231.0,20.8,0.0060,,
2.0985,500,231.3,20.8,0.0055,,
2.1060,501,231.6,20.8,0.0060,,
2.1145,502,231.8,20.8,0.0065,,
2.1230,503,232.2,20.8,0.0065,,
2.1315,504,232.5,20.8,0.0060,,
2.1400,505,232.7,20.8,0.0060,,
2.1485,506,232.9,20.8,0.0060,,
2.1560,507,233.1,20.8,0.0060,,
2.1645,508,233.4,20.8,0.0065,,
2.1725,509,233.7,20.8,0.0060,,
2.1810,510,233.8,20.8,0.0060,,
2.1890,511,234.1,20.8,0.0055,,
2.1970,512,234.4,20.8,0.0055,,
2.2010,513,234.5,20.8,0.0030,,
2.2040,514,234.6,20.8,0.0025,,
2.2055,515,234.6,20.8,0.0010,,
2.2070,516,234.7,20.8,0.0010,,
2.2085,517,234.7,20.8,0.0010,,
2.2095,518,234.7,20.8,0.0005,,
2.2105,519,234.7,20.8,0.0010,,
2.2115,520,234.6,20.8,0.0010,,
2.2125,521,234.7,20.8,0.0010,,
2.2140,522,234.8,20.8,0.0010,,
2.2160,523,234.9,20.8,0.0015,,
2.2180,524,235.0,20.8,0.0020,,
Scope 1/1, Sample 34/40 (B17)
Result,TitrationEP1
V,t,E,T,dV/dt,E acc. stat.,Volume acc. stat.
0.0000,0,-68.9,20.7,NaN,,
0.0005,1,-69.0,20.7,0.0005,,
0.0025,2,-69.0,20.7,0.0020,,
0.0050,3,-68.8,20.7,0.0025,,
0.0090,4,-68.8,20.7,0.0035,,
0.0150,5,-68.6,20.7,0.0055,,
0.0235,6,-68.0,20.7,0.0075,,
0.0310,7,-67.3,20.7,0.0075,,
0.0395,8,-66.3,20.7,0.0085,,
0.0480,9,-65.1,20.7,0.0085,,
0.0565,10,-63.8,20.7,0.0075,,
0.0650,11,-62.4,20.7,0.0075,,
0.0730,12,-61.1,20.7,0.0075,,
0.0810,13,-59.7,20.7,0.0080,,
0.0890,14,-58.2,20.7,0.0080,,
0.0975,15,-56.5,20.7,0.0085,,
0.1060,16,-54.6,20.7,0.0075,,
0.1145,17,-52.9,20.7,0.0075,,
0.1230,18,-50.9,20.7,0.0075,,
0.1305,19,-49.1,20.7,0.0075,,
0.1390,20,-46.8,20.7,0.0085,,
0.1470,21,-44.3,20.7,0.0080,,
0.1555,22,-42.0,20.7,0.0075,,
0.1640,23,-39.4,20.7,0.0075,,
0.1725,24,-36.5,20.7,0.0075,,
0.1800,25,-33.9,20.7,0.0075,,
0.1885,26,-30.8,20.7,0.0085,,
0.1970,27,-27.9,20.7,0.0085,,
0.2055,28,-24.9,20.7,0.0075,,
0.2135,29,-21.8,20.7,0.0075,,
0.2220,30,-18.9,20.7,0.0075,,
0.2295,31,-16.4,20.7,0.0075,,
0.2380,32,-14.0,20.7,0.0085,,
0.2465,33,-11.8,20.7,0.0085,,
0.2550,34,-9.7,20.7,0.0075,,
0.2635,35,-7.8,20.7,0.0075,,
0.2715,36,-6.0,20.7,0.0075,,
0.2795,37,-4.4,20.7,0.0080,,
0.2875,38,-2.7,20.7,0.0080,,
0.2960,39,-1.2,20.7,0.0085,,
0.3045,40,0.3,20.7,0.0075,,
0.3130,41,1.6,20.7,0.0075,,
0.3215,42,3.1,20.7,0.0075,,
0.3290,43,4.3,20.7,0.0075,,
0.3375,44,5.7,20.7,0.0085,,
0.3460,45,6.9,20.7,0.0085,,
0.3540,46,8.1,20.7,0.0075,,
0.3625,47,9.2,20.7,0.0075,,
0.3710,48,10.2,20.7,0.0075,,
0.3785,49,11.3,20.7,0.0075,,
0.3870,50,12.3,20.7,0.0085,,
0.3955,51,13.5,20.7,0.0075,,
0.4040,52,14.6,20.7,0.0075,,
0.4125,53,15.6,20.7,0.0075,,
0.4205,54,16.7,20.7,0.0075,,
0.4285,55,17.6,20.7,0.0080,,
0.4365,56,18.8,20.7,0.0080,,
0.4450,57,19.8,20.7,0.0075,,
0.4535,58,20.7,20.7,0.0075,,
0.4620,59,21.9,20.7,0.0075,,
0.4705,60,22.7,20.7,0.0085,,
0.4780,61,23.7,20.7,0.0075,,
0.4865,62,24.6,20.7,0.0085,,
0.4950,63,25.5,20.7,0.0075,,
0.5030,64,26.5,20.7,0.0075,,
0.5115,65,27.4,20.7,0.0075,,
0.5200,66,28.2,20.7,0.0085,,
0.5275,67,29.1,20.7,0.0075,,
0.5360,68,30.0,20.7,0.0085,,
0.5445,69,31.0,20.7,0.0075,,
0.5530,70,31.8,20.7,0.0075,,
0.5615,71,32.6,20.7,0.0075,,
0.5695,72,33.6,20.7,0.0080,,
0.5770,73,34.5,20.7,0.0075,,
0.5855,74,35.4,20.7,0.0085,,
0.5940,75,36.3,20.7,0.0075,,
0.6025,76,37.1,20.7,0.0075,,
0.6110,77,38.1,20.7,0.0075,,
0.6195,78,38.9,20.7,0.0085,,
0.6270,79,39.8,20.7,0.0075,,
0.6355,80,40.6,20.7,0.0085,,
0.6435,81,41.5,20.7,0.0075,,
0.6520,82,42.4,20.7,0.0075,,
0.6605,83,43.4,20.7,0.0075,,
0.6690,84,44.1,20.7,0.0075,,
0.6765,85,45.0,20.7,0.0075,,
0.6850,86,45.8,20.7,0.0085,,
0.6935,87,46.8,20.7,0.0075,,
0.7015,88,47.7,20.7,0.0075,,
0.7100,89,48.5,20.7,0.0075,,
0.7185,90,49.4,20.7,0.0075,,
0.7260,91,50.1,20.7,0.0075,,
0.7345,92,51.2,20.7,0.0085,,
0.7430,93,52.0,20.7,0.0085,,
0.7515,94,52.8,20.7,0.0075,,
0.7600,95,53.8,20.7,0.0075,,
0.7680,96,54.8,20.7,0.0075,,
0.7755,97,55.7,20.7,0.0075,,
0.7840,98,56.5,20.7,0.0085,,
0.7925,99,57.3,20.7,0.0085,,
0.8010,100,58.2,20.7,0.0075,,
0.8095,101,59.2,20.7,0.0075,,
0.8180,102,60.1,20.7,0.0075,,
0.8255,103,60.9,20.7,0.0075,,
0.8340,104,61.7,20.7,0.0085,,
0.8420,105,62.8,20.7,0.0075,,
0.8505,106,63.5,20.7,0.0075,,
0.8590,107,64.4,20.7,0.0075,,
0.8675,108,65.4,20.7,0.0075,,
0.8750,109,66.2,20.7,0.0075,,
0.8835,110,67.2,20.7,0.0085,,
0.8920,111,68.1,20.7,0.0075,,
0.9005,112,68.9,20.7,0.0075,,
0.9085,113,70.0,20.7,0.0075,,
0.9170,114,70.8,20.7,0.0085,,
0.9245,115,71.8,20.7,0.0075,,
0.9330,116,72.7,20.7,0.0085,,
0.9415,117,73.6,20.7,0.0075,,
0.9500,118,74.6,20.7,0.0075,,
0.9585,119,75.5,20.7,0.0075,,
0.9660,120,76.4,20.7,0.0075,,
0.9745,121,77.4,20.7,0.0085,,
0.9830,122,78.4,20.7,0.0085,,
0.9910,123,79.5,20.7,0.0075,,
0.9995,124,80.4,20.7,0.0075,,
1.0080,125,81.4,20.7,0.0075,,
1.0155,126,82.4,20.7,0.0075,,
1.0240,127,83.4,20.7,0.0085,,
1.0325,128,84.6,20.7,0.0085,,
1.0410,129,85.7,20.7,0.0075,,
1.0495,130,86.8,20.7,0.0075,,
1.0575,131,88.0,20.7,0.0075,,
1.0660,132,89.1,20.7,0.0085,,
1.0735,133,90.4,20.7,0.0075,,
1.0820,134,91.6,20.7,0.0085,,
1.0905,135,93.1,20.7,0.0075,,
1.0990,136,94.4,20.7,0.0075,,
1.1070,137,95.5,20.7,0.0075,,
1.1155,138,96.9,20.7,0.0085,,
1.1230,139,98.1,20.7,0.0075,,
1.1315,140,99.6,20.7,0.0085,,
1.1400,141,101.2,20.7,0.0085,,
1.1485,142,102.7,20.7,0.0075,,
1.1570,143,104.2,20.7,0.0075,,
1.1650,144,105.9,20.7,0.0075,,
1.1730,145,107.3,20.7,0.0080,,
1.1810,146,109.2,20.7,0.0080,,
1.1895,147,111.0,20.7,0.0085,,
1.1980,148,112.9,20.7,0.0075,,
1.2065,149,115.0,20.7,0.0075,,
1.2150,150,117.3,20.7,0.0075,,
1.2230,151,119.2,20.7,0.0080,,
1.2310,152,121.7,20.7,0.0080,,
1.2390,153,124.2,20.7,0.0080,,
1.2475,154,126.9,20.7,0.0075,,
1.2560,155,129.9,20.7,0.0075,,
1.2645,156,133.1,20.7,0.0075,,
1.2730,157,136.4,20.7,0.0075,,
1.2805,158,139.3,20.7,0.0075,,
1.2890,159,142.7,20.7,0.0085,,
1.2970,160,146.4,20.7,0.0080,,
1.3055,161,149.8,20.7,0.0075,,
1.3140,162,153.2,20.7,0.0075,,
1.3225,163,156.8,20.7,0.0075,,
1.3300,164,159.6,20.7,0.0075,,
1.3385,165,162.8,20.7,0.0085,,
1.3470,166,165.9,20.7,0.0075,,
1.3555,167,168.7,20.7,0.0075,,
1.3635,168,171.3,20.7,0.0075,,
1.3720,169,173.7,20.7,0.0075,,
1.3795,170,175.8,20.7,0.0075,,
1.3880,171,177.8,20.7,0.0085,,
1.3965,172,179.8,20.7,0.0085,,
1.4050,173,181.7,20.7,0.0075,,
1.4135,174,183.4,20.7,0.0075,,
1.4230,175,185.0,20.7,0.0075,,
1.4230,415,187.1,20.8,0.0000,,
1.4235,416,187.1,20.8,0.0005,,
1.4250,417,187.0,20.8,0.0010,,
1.4275,418,187.3,20.8,0.0020,,
1.4315,420,187.8,20.8,0.0025,,
1.4380,420,188.5,20.8,0.0130,,
1.4460,422,189.5,20.8,0.0055,,
1.4540,422,190.7,20.8,0.0200,,
1.4620,423,192.0,20.8,0.0055,,
1.4705,424,193.1,20.8,0.0060,,
1.4790,426,194.3,20.8,0.0055,,
1.4875,426,195.4,20.8,0.0170,,
1.4960,428,196.6,20.8,0.0055,,
1.5035,428,197.3,20.8,0.0185,,
1.5120,429,198.3,20.8,0.0060,,
1.5200,430,199.2,20.8,0.0055,,
1.5285,432,200.1,20.8,0.0055,,
1.5370,432,201.1,20.8,0.0170,,
1.5455,434,201.9,20.8,0.0055,,
1.5530,434,202.8,20.8,0.0185,,
1.5615,435,203.4,20.8,0.0060,,
1.5700,436,204.2,20.8,0.0055,,
1.5785,438,205.1,20.8,0.0055,,
1.5865,438,205.6,20.8,0.0160,,
1.5950,439,206.3,20.8,0.0060,,
1.6025,440,207.0,20.8,0.0055,,
1.6110,441,207.8,20.8,0.0060,,
1.6195,442,208.4,20.8,0.0055,,
1.6280,444,209.1,20.8,0.0055,,
1.6365,444,209.8,20.8,0.0170,,
1.6440,445,210.3,20.8,0.0055,,
1.6525,446,210.9,20.8,0.0060,,
1.6610,447,211.3,20.8,0.0060,,
1.6690,448,211.9,20.8,0.0055,,
1.6775,450,212.5,20.8,0.0055,,
1.6860,450,213.1,20.8,0.0170,,
1.6945,451,213.6,20.8,0.0060,,
1.7020,452,214.1,20.8,0.0055,,
1.7105,453,214.6,20.8,0.0060,,
1.7190,454,215.2,20.8,0.0055,,
1.7270,456,215.6,20.8,0.0055,,
1.7355,456,216.0,20.8,0.0170,,
1.7440,458,216.5,20.8,0.0055,,
1.7515,458,217.0,20.8,0.0185,,
1.7600,459,217.5,20.8,0.0060,,
1.7685,460,218.0,20.8,0.0055,,
1.7770,462,218.3,20.8,0.0055,,
1.7850,462,218.8,20.8,0.0160,,
1.7935,464,219.4,20.8,0.0055,,
1.8010,464,219.8,20.8,0.0185,,
1.8095,465,220.2,20.8,0.0060,,
1.8180,466,220.4,20.8,0.0060,,
1.8265,468,220.9,20.8,0.0055,,
1.8350,468,221.3,20.8,0.0170,,
1.8430,470,221.6,20.8,0.0055,,
1.8510,470,222.0,20.8,0.0200,,
1.8590,471,222.3,20.8,0.0055,,
1.8675,472,222.7,20.8,0.0060,,
1.8760,474,223.2,20.8,0.0055,,
1.8845,474,223.4,20.8,0.0170,,
1.8930,476,223.8,20.8,0.0055,,
1.9005,476,224.1,20.8,0.0185,,
1.9090,477,224.4,20.8,0.0060,,
1.9170,478,224.9,20.8,0.0055,,
1.9255,480,225.1,20.8,0.0055,,
1.9340,480,225.5,20.8,0.0170,,
1.9425,482,225.9,20.8,0.0055,,
1.9500,482,226.1,20.8,0.0185,,
1.9585,483,226.5,20.8,0.0060,,
1.9670,484,226.7,20.8,0.0060,,
1.9755,486,227.0,20.8,0.0055,,
1.9835,486,227.4,20.8,0.0160,,
1.9920,488,227.6,20.8,0.0055,,
1.9995,488,227.9,20.8,0.0185,,
2.0080,489,228.1,20.8,0.0060,,
2.0165,490,228.5,20.8,0.0060,,
2.0250,492,228.8,20.8,0.0055,,
2.0335,492,229.1,20.8,0.0170,,
2.0415,494,229.3,20.8,0.0055,,
2.0500,494,229.6,20.8,0.0210,,
2.0575,495,230.0,20.8,0.0055,,
2.0660,496,230.3,20.8,0.0060,,
2.0745,498,230.4,20.8,0.0055,,
2.0830,498,230.7,20.8,0.0170,,
2.0915,500,231.0,20.8,0.0055,,
2.1000,500,231.4,20.8,0.0210,,
2.1075,501,231.7,20.8,0.0055,,
2.1160,502,231.9,20.8,0.0060,,
2.1240,504,232.1,20.8,0.0055,,
2.1325,504,232.4,20.8,0.0170,,
2.1410,506,232.6,20.8,0.0055,,
2.1495,506,232.9,20.8,0.0210,,
2.1570,507,233.1,20.8,0.0055,,
2.1655,508,233.4,20.8,0.0060,,
2.1740,510,233.6,20.8,0.0055,,
2.1820,510,233.9,20.8,0.0160,,
2.1905,512,234.0,20.8,0.0055,,
2.1970,512,234.4,20.8,0.0130,,
2.2000,513,234.4,20.8,0.0020,,
2.2005,514,234.5,20.8,0.0005,,
2.2015,515,234.5,20.8,0.0005,,
2.2030,516,234.5,20.8,0.0010,,
2.2055,518,234.7,20.8,0.0015,,
2.2095,518,234.7,20.8,0.0100,,
2.2140,519,234.9,20.8,0.0030,,
2.2165,520,234.9,20.8,0.0020,,
2.2180,522,234.9,20.8,0.0010,,
2.2185,522,235.0,20.8,NaN,,
Scope 1/1, Sample 35/40 (T18)
Result,TitrationEP1
V,t,E,T,dV/dt,E acc. stat.,Volume acc. stat.
0.0000,0,-70.2,20.7,NaN,,
0.0005,1,-70.1,20.7,0.0005,,
0.0025,2,-70.1,20.7,0.0020,,
0.0050,3,-70.0,20.7,0.0025,,
0.0090,4,-69.9,20.7,0.0035,,
0.0155,5,-69.5,20.7,0.0060,,
0.0235,6,-68.8,20.7,0.0075,,
0.0320,7,-68.0,20.7,0.0085,,
0.0395,8,-66.9,20.7,0.0075,,
0.0480,9,-65.8,20.7,0.0085,,
0.0565,10,-64.5,20.7,0.0075,,
0.0650,11,-63.1,20.7,0.0075,,
0.0735,12,-61.6,20.7,0.0075,,
0.0815,13,-60.2,20.7,0.0080,,
0.0895,14,-58.5,20.7,0.0080,,
0.0975,15,-56.9,20.7,0.0080,,
0.1060,16,-55.1,20.7,0.0075,,
0.1145,17,-53.2,20.7,0.0075,,
0.1230,18,-51.3,20.7,0.0075,,
0.1315,19,-49.3,20.7,0.0085,,
0.1390,20,-47.2,20.7,0.0075,,
0.1475,21,-44.7,20.7,0.0085,,
0.1555,22,-42.3,20.7,0.0075,,
0.1640,23,-39.7,20.7,0.0075,,
0.1725,24,-36.8,20.7,0.0075,,
0.1810,25,-33.7,20.7,0.0075,,
0.1885,26,-30.9,20.7,0.0075,,
0.1970,27,-27.6,20.7,0.0085,,
0.2055,28,-24.3,20.7,0.0075,,
0.2135,29,-21.0,20.7,0.0075,,
0.2220,30,-17.7,20.7,0.0075,,
0.2305,31,-14.7,20.7,0.0075,,
0.2380,32,-12.3,20.7,0.0075,,
0.2465,33,-9.8,20.7,0.0085,,
0.2550,34,-7.4,20.7,0.0075,,
0.2635,35,-5.2,20.7,0.0075,,
0.2720,36,-3.3,20.7,0.0075,,
0.2800,37,-1.6,20.7,0.0075,,
0.2875,38,0.0,20.7,0.0075,,
0.2960,39,1.6,20.7,0.0085,,
0.3045,40,3.2,20.7,0.0075,,
0.3130,41,4.7,20.7,0.0075,,
0.3215,42,6.2,20.7,0.0075,,
0.3300,43,7.6,20.7,0.0075,,
0.3375,44,8.9,20.7,0.0075,,
0.3460,45,10.1,20.7,0.0085,,
0.3540,46,11.2,20.7,0.0075,,
0.3625,47,12.5,20.7,0.0075,,
0.3710,48,13.8,20.7,0.0075,,
0.3795,49,14.9,20.7,0.0085,,
0.3870,50,15.9,20.7,0.0075,,
0.3955,51,16.9,20.7,0.0085,,
0.4040,52,18.1,20.7,0.0075,,
0.4125,53,19.2,20.7,0.0075,,
0.4205,54,20.1,20.7,0.0075,,
0.4290,55,21.2,20.7,0.0075,,
0.4365,56,22.1,20.7,0.0075,,
0.4450,57,23.2,20.7,0.0085,,
0.4535,58,24.3,20.7,0.0075,,
0.4620,59,25.1,20.7,0.0075,,
0.4705,60,26.0,20.7,0.0075,,
0.4785,61,27.0,20.7,0.0075,,
0.4865,62,27.8,20.7,0.0080,,
0.4945,63,28.7,20.7,0.0080,,
0.5030,64,29.5,20.7,0.0075,,
0.5115,65,30.5,20.7,0.0075,,
0.5200,66,31.5,20.7,0.0075,,
0.5285,67,32.4,20.7,0.0075,,
0.5360,68,33.2,20.7,0.0075,,
0.5445,69,34.1,20.7,0.0085,,
0.5525,70,35.1,20.7,0.0075,,
0.5610,71,36.0,20.7,0.0075,,
0.5695,72,36.8,20.7,0.0075,,
0.5780,73,37.8,20.7,0.0075,,
0.5855,74,38.5,20.7,0.0075,,
0.5940,75,39.5,20.7,0.0085,,
0.6025,76,40.5,20.7,0.0085,,
0.6105,77,41.4,20.7,0.0075,,
0.6190,78,42.3,20.7,0.0075,,
0.6275,79,43.3,20.7,0.0075,,
0.6360,80,44.1,20.7,0.0075,,
0.6435,81,45.0,20.7,0.0075,,
0.6520,82,45.7,20.7,0.0085,,
0.6605,83,46.6,20.7,0.0075,,
0.6685,84,47.5,20.7,0.0075,,
0.6770,85,48.4,20.7,0.0075,,
0.6855,86,49.2,20.7,0.0075,,
0.6930,87,49.9,20.7,0.0075,,
0.7015,88,50.7,20.7,0.0085,,
0.7100,89,51.7,20.7,0.0075,,
0.7185,90,52.6,20.7,0.0075,,
0.7265,91,53.4,20.7,0.0075,,
0.7350,92,54.3,20.7,0.0075,,
0.7425,93,55.0,20.7,0.0075,,
0.7510,94,56.0,20.7,0.0085,,
0.7595,95,56.8,20.7,0.0075,,
0.7680,96,57.6,20.7,0.0075,,
0.7765,97,58.5,20.7,0.0075,,
0.7850,98,59.4,20.7,0.0075,,
0.7930,99,60.2,20.7,0.0075,,
0.8010,100,60.9,20.7,0.0080,,
0.8090,101,61.8,20.7,0.0080,,
0.8175,102,62.8,20.7,0.0075,,
0.8260,103,63.7,20.7,0.0075,,
0.8345,104,64.5,20.7,0.0075,,
0.8420,105,65.3,20.7,0.0075,,
0.8505,106,66.1,20.7,0.0085,,
0.8590,107,67.1,20.7,0.0075,,
0.8670,108,68.0,20.7,0.0075,,
0.8755,109,68.7,20.7,0.0075,,
0.8840,110,69.8,20.7,0.0075,,
0.8915,111,70.5,20.7,0.0075,,
0.9000,112,71.5,20.7,0.0085,,
0.9085,113,72.3,20.7,0.0075,,
0.9170,114,73.1,20.7,0.0075,,
0.9255,115,74.2,20.7,0.0075,,
0.9335,116,75.2,20.7,0.0075,,
0.9415,117,76.1,20.7,0.0080,,
0.9495,118,76.8,20.7,0.0080,,
0.9580,119,77.9,20.7,0.0075,,
0.9665,120,78.9,20.7,0.0075,,
0.9750,121,79.8,20.7,0.0075,,
0.9835,122,80.7,20.7,0.0075,,
0.9910,123,81.6,20.7,0.0075,,
0.9995,124,82.8,20.7,0.0085,,
1.0075,125,83.8,20.7,0.0075,,
1.0160,126,84.7,20.7,0.0075,,
1.0245,127,85.8,20.7,0.0075,,
1.0330,128,87.1,20.7,0.0075,,
1.0405,129,88.0,20.7,0.0075,,
1.0490,130,89.3,20.7,0.0085,,
1.0575,131,90.2,20.7,0.0075,,
1.0655,132,91.4,20.7,0.0075,,
1.0740,133,92.8,20.7,0.0075,,
1.0825,134,94.0,20.7,0.0075,,
1.0900,135,95.3,20.7,0.0075,,
1.0985,136,96.6,20.7,0.0085,,
1.1070,137,98.0,20.7,0.0085,,
1.1155,138,99.4,20.7,0.0075,,
1.1240,139,100.9,20.7,0.0075,,
1.1320,140,102.2,20.7,0.0075,,
1.1405,141,103.7,20.7,0.0085,,
1.1480,142,105.3,20.7,0.0075,,
1.1565,143,106.8,20.7,0.0075,,
1.1650,144,108.4,20.7,0.0075,,
1.1735,145,109.9,20.7,0.0075,,
1.1820,146,111.9,20.7,0.0075,,
1.1900,147,113.7,20.7,0.0080,,
1.1980,148,115.9,20.7,0.0080,,
1.2060,149,118.1,20.7,0.0080,,
1.2145,150,120.1,20.7,0.0075,,
1.2230,151,122.6,20.7,0.0075,,
1.2315,152,125.1,20.7,0.0075,,
1.2400,153,127.7,20.7,0.0075,,
1.2475,154,129.9,20.7,0.0075,,
1.2560,155,132.7,20.7,0.0085,,
1.2640,156,135.8,20.7,0.0075,,
1.2725,157,139.1,20.7,0.0075,,
1.2810,158,142.6,20.8,0.0075,,
1.2895,159,145.9,20.7,0.0075,,
1.2970,160,149.1,20.7,0.0075,,
1.3055,161,152.9,20.7,0.0085,,
1.3140,162,156.0,20.7,0.0075,,
1.3225,163,159.0,20.7,0.0075,,
1.3305,164,162.2,20.7,0.0075,,
1.3390,165,165.3,20.7,0.0075,,
1.3465,166,167.8,20.7,0.0075,,
1.3550,167,170.6,20.7,0.0085,,
1.3635,168,172.8,20.7,0.0075,,
1.3720,169,175.1,20.7,0.0075,,
1.3805,170,177.3,20.7,0.0075,,
1.3885,171,179.2,20.7,0.0075,,
1.3965,172,180.8,20.7,0.0080,,
1.4045,173,182.6,20.7,0.0080,,
1.4130,174,184.4,20.7,0.0075,,
1.4175,175,185.1,20.7,0.0075,,
1.4175,415,186.4,20.8,0.0000,,
1.4180,416,186.5,20.8,0.0010,,
1.4195,417,186.5,20.8,0.0025,,
1.4220,418,186.8,20.8,0.0035,,
1.4260,419,187.4,20.8,0.0055,,
1.4325,420,188.3,20.8,0.0095,,
1.4405,421,189.5,20.8,0.0115,,
1.4485,422,190.7,20.8,0.0135,,
1.4565,423,192.0,20.8,0.0135,,
1.4650,424,193.1,20.8,0.0140,,
1.4735,425,194.3,20.8,0.0120,,
1.4820,426,195.4,20.8,0.0120,,
1.4905,427,196.4,20.8,0.0120,,
1.4980,428,197.4,20.8,0.0125,,
1.5065,429,198.4,20.8,0.0140,,
1.5145,430,199.4,20.8,0.0135,,
1.5230,431,200.3,20.8,0.0120,,
1.5315,432,201.1,20.8,0.0120,,
1.5400,433,202.0,20.8,0.0120,,
1.5475,434,202.7,20.8,0.0125,,
1.5560,435,203.6,20.8,0.0140,,
1.5645,436,204.3,20.8,0.0140,,
1.5730,437,205.0,20.8,0.0120,,
1.5810,438,205.8,20.8,0.0115,,
1.5895,439,206.6,20.8,0.0120,,
1.5970,440,207.2,20.8,0.0125,,
1.6055,441,207.8,20.8,0.0140,,
1.6140,442,208.4,20.8,0.0140,,
1.6225,443,209.1,20.8,0.0120,,
1.6310,444,209.6,20.8,0.0120,,
1.6395,445,210.2,20.8,0.0120,,
1.6470,446,210.7,20.8,0.0125,,
1.6555,447,211.3,20.8,0.0140,,
1.6635,448,212.0,20.8,0.0135,,
1.6720,449,212.4,20.8,0.0120,,
1.6805,450,213.1,20.8,0.0120,,
1.6890,451,213.5,20.8,0.0140,,
1.6965,452,214.2,20.8,0.0125,,
1.7050,453,214.7,20.8,0.0140,,
1.7135,454,215.1,20.8,0.0140,,
1.7220,455,215.6,20.8,0.0120,,
1.7300,456,216.1,20.8,0.0115,,
1.7385,457,216.5,20.8,0.0120,,
1.7460,458,217.0,20.8,0.0125,,
1.7545,459,217.4,20.8,0.0140,,
1.7630,460,217.8,20.8,0.0140,,
1.7715,461,218.3,20.8,0.0120,,
1.7800,462,218.7,20.8,0.0120,,
1.7880,463,219.1,20.8,0.0115,,
1.7955,464,219.5,20.8,0.0125,,
1.8040,465,220.0,20.8,0.0140,,
1.8125,466,220.5,20.8,0.0140,,
1.8210,467,220.8,20.8,0.0120,,
1.8295,468,221.1,20.8,0.0120,,
1.8380,469,221.6,20.8,0.0120,,
1.8455,470,221.9,20.8,0.0125,,
1.8540,471,222.4,20.8,0.0140,,
1.8620,472,222.6,20.8,0.0135,,
1.8705,473,223.1,20.8,0.0120,,
1.8790,474,223.4,20.8,0.0120,,
1.8875,475,223.7,20.8,0.0120,,
1.8950,476,224.2,20.8,0.0125,,
1.9035,477,224.4,20.8,0.0140,,
1.9120,478,224.7,20.8,0.0140,,
1.9205,479,225.2,20.8,0.0120,,
1.9285,480,225.6,20.8,0.0115,,
1.9370,481,225.8,20.8,0.0120,,
1.9445,482,226.1,20.8,0.0125,,
1.9530,483,226.5,20.8,0.0140,,
1.9615,484,226.9,20.8,0.0140,,
1.9700,485,227.1,20.8,0.0120,,
1.9785,486,227.4,20.8,0.0120,,
1.9865,487,227.8,20.8,0.0115,,
1.9945,488,228.0,20.8,0.0135,,
2.0025,489,228.4,20.8,0.0135,,
2.0110,490,228.6,20.8,0.0140,,
2.0195,491,228.8,20.8,0.0120,,
2.0280,492,229.2,20.8,0.0120,,
2.0365,493,229.5,20.8,0.0120,,
2.0445,494,229.8,20.8,0.0135,,
2.0525,495,230.0,20.8,0.0135,,
2.0605,496,230.2,20.8,0.0135,,
2.0690,497,230.6,20.8,0.0120,,
2.0775,498,230.8,20.8,0.0120,,
2.0860,499,231.0,20.8,0.0120,,
2.0945,500,231.2,20.8,0.0140,,
2.1020,501,231.4,20.8,0.0125,,
2.1105,502,231.8,20.8,0.0140,,
2.1190,503,232.1,20.8,0.0120,,
2.1270,504,232.2,20.8,0.0115,,
2.1355,505,232.6,20.8,0.0120,,
2.1440,506,232.6,20.8,0.0140,,
2.1515,507,233.0,20.8,0.0125,,
2.1600,508,233.2,20.8,0.0140,,
2.1685,509,233.4,20.8,0.0120,,
2.1770,510,233.8,20.8,0.0120,,
2.1850,511,234.0,20.8,0.0115,,
2.1925,512,234.3,20.8,0.0125,,
2.1980,513,234.4,20.8,0.0090,,
2.2005,514,234.6,20.8,0.0040,,
2.2010,515,234.6,20.8,0.0005,,
2.2025,516,234.6,20.8,0.0020,,
2.2040,517,234.6,20.8,0.0020,,
2.2060,518,234.7,20.8,0.0035,,
2.2090,519,234.8,20.8,0.0050,,
2.2125,520,234.8,20.8,0.0050,,
2.2160,521,234.8,20.8,0.0050,,
2.2200,522,235.1,20.8,0.0065,,
Scope 1/1, Sample 36/40 (B18)
Result,TitrationEP1
V,t,E,T,dV/dt,E acc. stat.,Volume acc. stat.
0.0000,0,-70.3,20.7,NaN,,
0.0005,1,-70.2,20.7,0.0005,,
0.0025,2,-70.2,20.7,0.0020,,
0.0050,3,-70.3,20.7,0.0025,,
0.0090,4,-70.1,20.7,0.0035,,
0.0150,5,-69.7,20.7,0.0055,,
0.0235,6,-69.1,20.7,0.0075,,
0.0310,7,-68.3,20.7,0.0075,,
0.0395,8,-67.3,20.7,0.0085,,
0.0480,9,-66.0,20.7,0.0085,,
0.0565,10,-64.7,20.7,0.0075,,
0.0645,11,-63.4,20.7,0.0075,,
0.0730,12,-62.0,20.7,0.0075,,
0.0805,13,-60.7,20.7,0.0075,,
0.0890,14,-59.0,20.7,0.0085,,
0.0975,15,-57.2,20.7,0.0085,,
0.1060,16,-55.5,20.7,0.0075,,
0.1145,17,-53.5,20.7,0.0075,,
0.1230,18,-51.4,20.7,0.0075,,
0.1305,19,-49.5,20.7,0.0075,,
0.1390,20,-47.3,20.7,0.0085,,
0.1470,21,-45.1,20.7,0.0080,,
0.1555,22,-42.5,20.7,0.0075,,
0.1640,23,-39.7,20.7,0.0075,,
0.1725,24,-36.9,20.7,0.0075,,
0.1800,25,-34.2,20.7,0.0075,,
0.1885,26,-31.1,20.7,0.0085,,
0.1970,27,-27.7,20.7,0.0085,,
0.2050,28,-24.4,20.7,0.0075,,
0.2135,29,-21.2,20.7,0.0075,,
0.2220,30,-18.0,20.7,0.0075,,
0.2305,31,-15.0,20.7,0.0075,,
0.2380,32,-12.7,20.7,0.0075,,
0.2465,33,-10.1,20.7,0.0085,,
0.2550,34,-7.8,20.7,0.0075,,
0.2630,35,-5.8,20.7,0.0075,,
0.2715,36,-3.8,20.7,0.0075,,
0.2800,37,-2.0,20.7,0.0075,,
0.2875,38,-0.7,20.7,0.0075,,
0.2960,39,0.8,20.7,0.0085,,
0.3045,40,2.4,20.7,0.0085,,
0.3130,41,4.0,20.7,0.0075,,
0.3210,42,5.4,20.7,0.0075,,
0.3295,43,6.7,20.7,0.0075,,
0.3370,44,7.9,20.7,0.0075,,
0.3455,45,9.1,20.7,0.0085,,
0.3540,46,10.4,20.7,0.0085,,
0.3625,47,11.7,20.7,0.0075,,
0.3710,48,12.7,20.7,0.0075,,
0.3790,49,13.8,20.7,0.0075,,
0.3875,50,14.7,20.7,0.0085,,
0.3950,51,15.9,20.7,0.0075,,
0.4035,52,16.9,20.7,0.0085,,
0.4120,53,17.9,20.7,0.0075,,
0.4205,54,18.9,20.7,0.0075,,
0.4290,55,20.0,20.7,0.0075,,
0.4375,56,20.9,20.7,0.0085,,
0.4450,57,21.9,20.7,0.0075,,
0.4530,58,22.8,20.7,0.0080,,
0.4615,59,23.8,20.7,0.0075,,
0.4700,60,24.8,20.7,0.0075,,
0.4785,61,25.6,20.7,0.0075,,
0.4870,62,26.5,20.7,0.0075,,
0.4945,63,27.4,20.7,0.0075,,
0.5030,64,28.4,20.7,0.0085,,
0.5115,65,29.4,20.7,0.0075,,
0.5195,66,30.2,20.7,0.0075,,
0.5280,67,31.1,20.7,0.0075,,
0.5365,68,32.1,20.7,0.0075,,
0.5440,69,32.9,20.7,0.0075,,
0.5525,70,33.8,20.7,0.0085,,
0.5610,71,34.6,20.7,0.0075,,
0.5695,72,35.6,20.7,0.0075,,
0.5775,73,36.5,20.7,0.0075,,
0.5860,74,37.3,20.7,0.0075,,
0.5935,75,38.1,20.7,0.0075,,
0.6020,76,39.0,20.7,0.0085,,
0.6105,77,39.9,20.7,0.0075,,
0.6190,78,40.8,20.7,0.0075,,
0.6275,79,41.6,20.7,0.0075,,
0.6360,80,42.5,20.7,0.0085,,
0.6435,81,43.4,20.7,0.0075,,
0.6520,82,44.3,20.7,0.0085,,
0.6600,83,45.1,20.7,0.0075,,
0.6685,84,45.9,20.7,0.0075,,
0.6770,85,46.8,20.7,0.0075,,
0.6855,86,47.8,20.7,0.0075,,
0.6930,87,48.5,20.7,0.0075,,
0.7015,88,49.3,20.7,0.0085,,
0.7100,89,50.2,20.7,0.0075,,
0.7180,90,51.0,20.7,0.0075,,
0.7265,91,52.0,20.7,0.0075,,
0.7350,92,52.7,20.7,0.0075,,
0.7425,93,53.7,20.7,0.0075,,
0.7510,94,54.5,20.7,0.0085,,
0.7595,95,55.4,20.7,0.0075,,
0.7680,96,56.3,20.7,0.0075,,
0.7760,97,57.1,20.7,0.0075,,
0.7845,98,57.9,20.7,0.0075,,
0.7920,99,58.8,20.7,0.0075,,
0.8005,100,59.7,20.7,0.0085,,
0.8090,101,60.8,20.7,0.0085,,
0.8175,102,61.6,20.7,0.0075,,
0.8260,103,62.5,20.7,0.0075,,
0.8340,104,63.5,20.7,0.0075,,
0.8425,105,64.2,20.7,0.0085,,
0.8500,106,65.3,20.7,0.0075,,
0.8585,107,66.1,20.7,0.0085,,
0.8670,108,66.9,20.7,0.0075,,
0.8755,109,67.8,20.7,0.0075,,
0.8840,110,68.8,20.7,0.0075,,
0.8920,111,69.5,20.7,0.0075,,
0.9000,112,70.4,20.7,0.0080,,
0.9080,113,71.3,20.7,0.0080,,
0.9165,114,72.4,20.7,0.0075,,
0.9250,115,73.3,20.7,0.0075,,
0.9335,116,74.3,20.7,0.0075,,
0.9420,117,75.4,20.7,0.0075,,
0.9495,118,76.1,20.7,0.0075,,
0.9580,119,77.2,20.7,0.0085,,
0.9665,120,78.3,20.7,0.0075,,
0.9745,121,79.3,20.7,0.0075,,
0.9830,122,80.4,20.7,0.0075,,
0.9915,123,81.2,20.7,0.0085,,
0.9990,124,82.3,20.7,0.0075,,
1.0075,125,83.2,20.7,0.0085,,
1.0160,126,84.3,20.7,0.0075,,
1.0245,127,85.4,20.7,0.0075,,
1.0330,128,86.5,20.7,0.0075,,
1.0410,129,87.6,20.7,0.0080,,
1.0485,130,88.6,20.7,0.0075,,
1.0570,131,89.9,20.7,0.0085,,
1.0655,132,91.3,20.7,0.0075,,
1.0740,133,92.4,20.7,0.0075,,
1.0825,134,93.7,20.7,0.0075,,
1.0910,135,95.1,20.7,0.0075,,
1.0985,136,96.1,20.7,0.0075,,
1.1070,137,97.6,20.7,0.0085,,
1.1150,138,98.9,20.7,0.0075,,
1.1235,139,100.4,20.7,0.0075,,
1.1320,140,102.0,20.7,0.0075,,
1.1405,141,103.4,20.7,0.0085,,
1.1480,142,105.2,20.7,0.0075,,
1.1565,143,106.7,20.7,0.0085,,
1.1650,144,108.4,20.7,0.0075,,
1.1735,145,110.2,20.7,0.0075,,
1.1815,146,112.2,20.7,0.0075,,
1.1900,147,114.0,20.7,0.0085,,
1.1975,148,116.0,20.7,0.0075,,
1.2060,149,118.4,20.7,0.0085,,
1.2145,150,120.8,20.7,0.0075,,
1.2230,151,123.2,20.7,0.0075,,
1.2315,152,125.8,20.7,0.0075,,
1.2395,153,128.8,20.7,0.0075,,
1.2475,154,131.3,20.7,0.0080,,
1.2555,155,134.4,20.7,0.0080,,
1.2640,156,137.5,20.7,0.0075,,
1.2725,157,141.2,20.7,0.0075,,
1.2810,158,144.5,20.7,0.0075,,
1.2895,159,147.9,20.7,0.0075,,
1.2970,160,151.1,20.7,0.0075,,
1.3055,161,154.8,20.7,0.0085,,
1.3135,162,158.0,20.7,0.0075,,
1.3220,163,161.1,20.7,0.0075,,
1.3305,164,164.4,20.7,0.0075,,
1.3390,165,167.4,20.7,0.0075,,
1.3465,166,169.8,20.7,0.0075,,
1.3550,167,172.3,20.7,0.0085,,
1.3635,168,174.7,20.7,0.0075,,
1.3715,169,176.7,20.7,0.0075,,
1.3800,170,178.6,20.7,0.0075,,
1.3885,171,180.6,20.7,0.0075,,
1.3970,172,182.2,20.7,0.0085,,
1.4045,173,184.0,20.7,0.0075,,
1.4125,174,185.3,20.7,0.0075,,
1.4125,414,187.1,20.8,0.0000,,
1.4130,415,187.0,20.8,0.0005,,
1.4145,416,187.0,20.8,0.0010,,
1.4170,417,187.4,20.8,0.0020,,
1.4210,418,187.9,20.8,0.0030,,
1.4270,419,188.6,20.8,0.0045,,
1.4350,420,189.7,20.8,0.0060,,
1.4430,421,190.9,20.8,0.0065,,
1.4510,422,192.1,20.8,0.0065,,
1.4595,423,193.3,20.8,0.0070,,
1.4680,424,194.3,20.8,0.0065,,
1.4765,425,195.4,20.8,0.0065,,
1.4850,426,196.5,20.8,0.0065,,
1.4930,427,197.5,20.8,0.0065,,
1.5010,428,198.4,20.8,0.0065,,
1.5090,429,199.2,20.8,0.0065,,
1.5175,430,200.2,20.8,0.0065,,
1.5260,431,201.1,20.8,0.0065,,
1.5345,432,201.9,20.8,0.0065,,
1.5430,433,202.7,20.8,0.0070,,
1.5505,434,203.4,20.8,0.0060,,
1.5590,435,204.3,20.8,0.0070,,
1.5670,436,205.0,20.8,0.0060,,
1.5755,437,205.7,20.8,0.0065,,
1.5840,438,206.4,20.8,0.0065,,
1.5925,439,207.2,20.8,0.0065,,
1.6000,440,207.8,20.8,0.0060,,
1.6085,441,208.5,20.8,0.0070,,
1.6170,442,209.0,20.8,0.0065,,
1.6255,443,209.7,20.8,0.0065,,
1.6335,444,210.4,20.8,0.0060,,
1.6420,445,210.9,20.8,0.0070,,
1.6495,446,211.5,20.8,0.0060,,
1.6580,447,211.9,20.8,0.0070,,
1.6665,448,212.6,20.8,0.0065,,
1.6750,449,213.1,20.8,0.0065,,
1.6835,450,213.6,20.8,0.0065,,
1.6920,451,214.1,20.8,0.0070,,
1.6995,452,214.5,20.8,0.0060,,
1.7080,453,215.2,20.8,0.0070,,
1.7160,454,215.6,20.8,0.0060,,
1.7245,455,216.1,20.8,0.0065,,
1.7330,456,216.6,20.8,0.0065,,
1.7415,457,217.0,20.8,0.0070,,
1.7490,458,217.5,20.8,0.0060,,
1.7575,459,218.0,20.8,0.0070,,
1.7660,460,218.4,20.8,0.0065,,
1.7740,461,218.8,20.8,0.0060,,
1.7825,462,219.2,20.8,0.0065,,
1.7910,463,219.7,20.8,0.0070,,
1.7985,464,220.0,20.8,0.0060,,
1.8070,465,220.4,20.8,0.0070,,
1.8155,466,220.9,20.8,0.0065,,
1.8240,467,221.3,20.8,0.0065,,
1.8320,468,221.7,20.8,0.0060,,
1.8405,469,222.0,20.8,0.0070,,
1.8480,470,222.4,20.8,0.0060,,
1.8565,471,222.8,20.8,0.0070,,
1.8650,472,223.2,20.8,0.0065,,
1.8735,473,223.5,20.8,0.0065,,
1.8820,474,223.9,20.8,0.0065,,
1.8900,475,224.3,20.8,0.0060,,
1.8980,476,224.5,20.8,0.0065,,
1.9060,477,224.9,20.8,0.0065,,
1.9145,478,225.1,20.8,0.0070,,
1.9230,479,225.5,20.8,0.0065,,
1.9315,480,225.9,20.8,0.0065,,
1.9400,481,226.2,20.8,0.0065,,
1.9475,482,226.5,20.8,0.0060,,
1.9560,483,226.7,20.8,0.0070,,
1.9640,484,227.0,20.8,0.0065,,
1.9725,485,227.4,20.8,0.0065,,
1.9810,486,227.7,20.8,0.0065,,
1.9895,487,227.9,20.8,0.0065,,
1.9970,488,228.2,20.8,0.0060,,
2.0055,489,228.6,20.8,0.0070,,
2.0140,490,228.9,20.8,0.0070,,
2.0225,491,229.2,20.8,0.0065,,
2.0305,492,229.5,20.8,0.0060,,
2.0390,493,229.9,20.8,0.0065,,
2.0465,494,230.0,20.8,0.0060,,
2.0550,495,230.3,20.8,0.0070,,
2.0635,496,230.6,20.8,0.0065,,
2.0720,497,230.9,20.8,0.0065,,
2.0805,498,231.2,20.8,0.0065,,
2.0890,499,231.4,20.8,0.0065,,
2.0965,500,231.7,20.8,0.0060,,
2.1050,501,231.9,20.8,0.0070,,
2.1130,502,232.2,20.8,0.0065,,
2.1215,503,232.5,20.8,0.0065,,
2.1300,504,232.7,20.8,0.0065,,
2.1385,505,232.9,20.8,0.0065,,
2.1460,506,233.1,20.8,0.0060,,
2.1545,507,233.4,20.8,0.0070,,
2.1630,508,233.6,20.8,0.0070,,
2.1710,509,233.8,20.8,0.0060,,
2.1790,510,234.0,20.8,0.0060,,
2.1870,511,234.2,20.8,0.0060,,
2.1910,512,234.5,20.8,0.0035,,
2.1920,513,234.5,20.8,0.0010,,
2.1925,514,234.4,20.8,0.0005,,
2.1940,515,234.5,20.8,0.0010,,
2.1960,516,234.6,20.8,0.0015,,
2.1990,517,234.6,20.8,0.0025,,
2.2020,518,234.6,20.8,0.0025,,
2.2060,519,234.8,20.8,0.0035,,
2.2100,520,235.0,20.8,0.0035,,
Scope 1/1, Sample 37/40 (T19)
Result,TitrationEP1
V,t,E,T,dV/dt,E acc. stat.,Volume acc. stat.
0.0000,0,-69.0,20.7,NaN,,
0.0005,1,-69.0,20.7,0.0005,,
0.0025,2,-69.0,20.7,0.0020,,
0.0050,3,-69.0,20.7,0.0025,,
0.0085,4,-68.8,20.7,0.0030,,
0.0150,5,-68.6,20.7,0.0060,,
0.0230,6,-67.9,20.7,0.0075,,
0.0305,7,-67.0,20.7,0.0075,,
0.0390,8,-65.8,20.7,0.0085,,
0.0475,9,-64.5,20.7,0.0075,,
0.0560,10,-63.2,20.7,0.0075,,
0.0645,11,-61.8,20.7,0.0075,,
0.0725,12,-60.5,20.7,0.0080,,
0.0805,13,-58.8,20.7,0.0080,,
0.0885,14,-57.1,20.7,0.0080,,
0.0970,15,-55.4,20.7,0.0085,,
0.1055,16,-53.5,20.7,0.0075,,
0.1140,17,-51.5,20.7,0.0075,,
0.1225,18,-49.5,20.7,0.0075,,
0.1300,19,-47.6,20.7,0.0075,,
0.1385,20,-45.4,20.7,0.0085,,
0.1465,21,-42.8,20.7,0.0080,,
0.1550,22,-40.2,20.7,0.0075,,
0.1635,23,-37.5,20.7,0.0075,,
0.1720,24,-34.6,20.7,0.0075,,
0.1795,25,-31.9,20.7,0.0075,,
0.1880,26,-28.7,20.7,0.0085,,
0.1965,27,-25.6,20.7,0.0085,,
0.2050,28,-22.4,20.7,0.0075,,
0.2130,29,-19.2,20.7,0.0075,,
0.2215,30,-16.2,20.7,0.0075,,
0.2290,31,-13.8,20.7,0.0075,,
0.2375,32,-11.3,20.7,0.0085,,
0.2460,33,-9.2,20.7,0.0085,,
0.2545,34,-7.1,20.7,0.0075,,
0.2630,35,-5.0,20.7,0.0075,,
0.2710,36,-3.2,20.7,0.0075,,
0.2795,37,-1.7,20.7,0.0085,,
0.2870,38,-0.2,20.7,0.0075,,
0.2955,39,1.3,20.7,0.0085,,
0.3040,40,3.0,20.7,0.0075,,
0.3125,41,4.4,20.7,0.0075,,
0.3210,42,5.7,20.7,0.0075,,
0.3290,43,6.8,20.7,0.0080,,
0.3370,44,8.2,20.7,0.0080,,
0.3450,45,9.6,20.7,0.0080,,
0.3535,46,10.8,20.7,0.0075,,
0.3620,47,11.9,20.7,0.0075,,
0.3705,48,13.2,20.7,0.0075,,
0.3790,49,14.2,20.7,0.0085,,
0.3865,50,15.4,20.7,0.0075,,
0.3950,51,16.5,20.7,0.0085,,
0.4035,52,17.6,20.7,0.0075,,
0.4115,53,18.8,20.7,0.0075,,
0.4200,54,19.7,20.7,0.0075,,
0.4275,55,20.7,20.7,0.0075,,
0.4360,56,21.6,20.7,0.0085,,
0.4445,57,22.7,20.7,0.0085,,
0.4530,58,23.7,20.7,0.0075,,
0.4615,59,24.6,20.7,0.0075,,
0.4695,60,25.5,20.7,0.0075,,
0.4780,61,26.3,20.7,0.0085,,
0.4855,62,27.4,20.7,0.0075,,
0.4940,63,28.4,20.7,0.0085,,
0.5025,64,29.3,20.7,0.0075,,
0.5110,65,30.2,20.7,0.0075,,
0.5195,66,31.2,20.7,0.0075,,
0.5270,67,32.0,20.7,0.0075,,
0.5355,68,32.9,20.7,0.0085,,
0.5440,69,33.8,20.7,0.0085,,
0.5520,70,34.7,20.7,0.0075,,
0.5605,71,35.6,20.7,0.0075,,
0.5690,72,36.3,20.7,0.0075,,
0.5765,73,37.2,20.7,0.0075,,
0.5850,74,38.0,20.7,0.0085,,
0.5935,75,38.9,20.7,0.0085,,
0.6020,76,39.8,20.7,0.0075,,
0.6100,77,40.6,20.7,0.0075,,
0.6185,78,41.5,20.7,0.0075,,
0.6270,79,42.3,20.7,0.0085,,
0.6345,80,43.3,20.7,0.0075,,
0.6430,81,44.2,20.7,0.0085,,
0.6515,82,45.0,20.7,0.0075,,
0.6600,83,45.8,20.7,0.0075,,
0.6680,84,46.8,20.7,0.0075,,
0.6765,85,47.6,20.7,0.0075,,
0.6840,86,48.6,20.7,0.0075,,
0.6925,87,49.3,20.7,0.0085,,
0.7010,88,50.2,20.7,0.0085,,
0.7095,89,51.2,20.7,0.0075,,
0.7180,90,52.0,20.7,0.0075,,
0.7260,91,52.8,20.7,0.0075,,
0.7340,92,53.5,20.7,0.0080,,
0.7420,93,54.4,20.7,0.0080,,
0.7505,94,55.4,20.7,0.0085,,
0.7590,95,56.2,20.7,0.0075,,
0.7675,96,56.9,20.7,0.0075,,
0.7760,97,57.9,20.7,0.0075,,
0.7835,98,58.6,20.7,0.0075,,
0.7920,99,59.4,20.7,0.0085,,
0.8000,100,60.2,20.7,0.0080,,
0.8085,101,61.0,20.7,0.0075,,
0.8170,102,62.0,20.7,0.0075,,
0.8255,103,62.8,20.7,0.0075,,
0.8340,104,63.6,20.7,0.0085,,
0.8415,105,64.5,20.7,0.0075,,
0.8500,106,65.2,20.7,0.0085,,
0.8580,107,66.2,20.7,0.0075,,
0.8665,108,67.1,20.7,0.0075,,
0.8750,109,67.9,20.7,0.0075,,
0.8835,110,68.8,20.7,0.0085,,
0.8910,111,69.6,20.7,0.0075,,
0.8995,112,70.6,20.7,0.0085,,
0.9080,113,71.5,20.7,0.0075,,
0.9165,114,72.3,20.7,0.0075,,
0.9245,115,73.3,20.7,0.0075,,
0.9330,116,74.0,20.7,0.0085,,
0.9405,117,75.1,20.7,0.0075,,
0.9490,118,76.0,20.7,0.0085,,
0.9575,119,77.0,20.7,0.0075,,
0.9660,120,78.0,20.7,0.0075,,
0.9745,121,79.1,20.7,0.0075,,
0.9830,122,80.0,20.7,0.0085,,
0.9905,123,80.8,20.7,0.0075,,
0.9985,124,81.8,20.7,0.0080,,
1.0070,125,82.8,20.7,0.0075,,
1.0155,126,83.9,20.7,0.0075,,
1.0240,127,84.9,20.7,0.0075,,
1.0325,128,85.8,20.7,0.0085,,
1.0400,129,86.9,20.7,0.0075,,
1.0485,130,88.1,20.7,0.0085,,
1.0565,131,89.3,20.7,0.0075,,
1.0650,132,90.2,20.7,0.0075,,
1.0735,133,91.5,20.7,0.0075,,
1.0820,134,92.7,20.7,0.0075,,
1.0895,135,94.0,20.7,0.0075,,
1.0980,136,95.2,20.7,0.0085,,
1.1065,137,96.5,20.7,0.0085,,
1.1150,138,97.8,20.7,0.0075,,
1.1230,139,99.3,20.7,0.0075,,
1.1315,140,100.7,20.7,0.0075,,
1.1400,141,101.9,20.7,0.0085,,
1.1475,142,103.4,20.7,0.0075,,
1.1560,143,104.8,20.7,0.0085,,
1.1645,144,106.5,20.7,0.0075,,
1.1730,145,108.1,20.7,0.0075,,
1.1810,146,109.9,20.7,0.0075,,
1.1895,147,111.6,20.7,0.0085,,
1.1970,148,113.5,20.7,0.0075,,
1.2055,149,115.4,20.7,0.0085,,
1.2140,150,117.3,20.7,0.0075,,
1.2225,151,119.4,20.7,0.0075,,
1.2310,152,121.8,20.7,0.0075,,
1.2390,153,124.0,20.7,0.0080,,
1.2470,154,126.5,20.7,0.0080,,
1.2550,155,129.0,20.7,0.0080,,
1.2635,156,131.9,20.7,0.0075,,
1.2720,157,135.1,20.7,0.0075,,
1.2805,158,137.9,20.7,0.0075,,
1.2890,159,141.2,20.7,0.0075,,
1.2965,160,144.3,20.7,0.0075,,
1.3050,161,147.7,20.7,0.0085,,
1.3130,162,151.3,20.7,0.0075,,
1.3215,163,154.6,20.7,0.0075,,
1.3300,164,157.6,20.7,0.0075,,
1.3385,165,160.8,20.7,0.0075,,
1.3460,166,163.8,20.7,0.0075,,
1.3545,167,166.8,20.7,0.0085,,
1.3630,168,169.4,20.7,0.0075,,
1.3715,169,171.8,20.7,0.0075,,
1.3795,170,174.3,20.7,0.0075,,
1.3880,171,176.3,20.7,0.0085,,
1.3955,172,178.2,20.7,0.0075,,
1.4040,173,180.1,20.7,0.0085,,
1.4125,174,181.9,20.7,0.0075,,
1.4210,175,183.8,20.7,0.0075,,
1.4295,176,185.1,20.7,0.0075,,
1.4295,416,186.7,20.8,0.0000,,
1.4300,417,186.6,20.8,0.0005,,
1.4315,418,186.7,20.8,0.0010,,
1.4340,419,187.1,20.8,0.0020,,
1.4380,420,187.6,20.8,0.0030,,
1.4440,421,188.5,20.8,0.0045,,
1.4520,422,189.4,20.8,0.0065,,
1.4600,423,190.9,20.8,0.0065,,
1.4685,424,192.1,20.8,0.0070,,
1.4765,425,193.3,20.8,0.0060,,
1.4850,426,194.5,20.8,0.0065,,
1.4935,427,195.7,20.8,0.0065,,
1.5020,428,196.6,20.8,0.0070,,
1.5095,429,197.5,20.8,0.0060,,
1.5180,430,198.5,20.8,0.0070,,
1.5265,431,199.5,20.8,0.0065,,
1.5350,432,200.3,20.8,0.0065,,
1.5430,433,201.1,20.8,0.0060,,
1.5515,434,201.9,20.8,0.0070,,
1.5590,435,202.7,20.8,0.0060,,
1.5675,436,203.6,20.8,0.0070,,
1.5760,437,204.3,20.8,0.0065,,
1.5845,438,204.9,20.8,0.0065,,
1.5930,439,205.7,20.8,0.0065,,
1.6010,440,206.4,20.8,0.0065,,
1.6090,441,207.2,20.8,0.0065,,
1.6170,442,207.9,20.8,0.0065,,
1.6255,443,208.5,20.8,0.0065,,
1.6340,444,209.2,20.8,0.0065,,
1.6425,445,209.8,20.8,0.0065,,
1.6510,446,210.4,20.8,0.0065,,
1.6585,447,210.9,20.8,0.0060,,
1.6670,448,211.4,20.8,0.0070,,
1.6750,449,212.1,20.8,0.0060,,
1.6835,450,212.7,20.8,0.0065,,
1.6920,451,213.1,20.8,0.0065,,
1.7005,452,213.7,20.8,0.0065,,
1.7080,453,214.0,20.8,0.0060,,
1.7165,454,214.7,20.8,0.0070,,
1.7250,455,215.2,20.8,0.0065,,
1.7330,456,215.6,20.8,0.0060,,
1.7415,457,216.2,20.8,0.0065,,
1.7500,458,216.5,20.8,0.0070,,
1.7575,459,217.0,20.8,0.0060,,
1.7660,460,217.5,20.8,0.0070,,
1.7745,461,217.9,20.8,0.0070,,
1.7830,462,218.3,20.8,0.0065,,
1.7910,463,218.9,20.8,0.0060,,
1.7995,464,219.2,20.8,0.0065,,
1.8070,465,219.7,20.8,0.0060,,
1.8155,466,219.9,20.8,0.0070,,
1.8240,467,220.4,20.8,0.0070,,
1.8325,468,220.9,20.8,0.0065,,
1.8410,469,221.1,20.8,0.0065,,
1.8495,470,221.5,20.8,0.0065,,
1.8570,471,221.8,20.8,0.0060,,
1.8650,472,222.3,20.8,0.0065,,
1.8735,473,222.7,20.8,0.0070,,
1.8820,474,223.0,20.8,0.0065,,
1.8905,475,223.3,20.8,0.0065,,
1.8990,476,223.8,20.8,0.0065,,
1.9075,477,224.1,20.8,0.0070,,
1.9150,478,224.5,20.8,0.0060,,
1.9235,479,224.8,20.8,0.0070,,
1.9315,480,225.2,20.8,0.0060,,
1.9400,481,225.6,20.8,0.0065,,
1.9485,482,225.8,20.8,0.0065,,
1.9570,483,226.1,20.8,0.0070,,
1.9645,484,226.3,20.8,0.0060,,
1.9730,485,226.7,20.8,0.0070,,
1.9815,486,227.2,20.8,0.0065,,
1.9895,487,227.3,20.8,0.0060,,
1.9980,488,227.6,20.8,0.0065,,
2.0065,489,227.9,20.8,0.0070,,
2.0140,490,228.3,20.8,0.0060,,
2.0225,491,228.6,20.8,0.0070,,
2.0310,492,228.8,20.8,0.0065,,
2.0395,493,229.0,20.8,0.0065,,
2.0480,494,229.5,20.8,0.0065,,
2.0560,495,229.8,20.8,0.0065,,
2.0635,496,230.1,20.8,0.0060,,
2.0720,497,230.3,20.8,0.0070,,
2.0805,498,230.6,20.8,0.0065,,
2.0890,499,230.9,20.8,0.0065,,
2.0975,500,231.1,20.8,0.0065,,
2.1060,501,231.3,20.8,0.0070,,
2.1135,502,231.5,20.8,0.0060,,
2.1220,503,231.8,20.8,0.0070,,
2.1300,504,232.2,20.8,0.0060,,
2.1385,505,232.4,20.8,0.0065,,
2.1470,506,232.6,20.8,0.0065,,
2.1555,507,232.9,20.8,0.0065,,
2.1630,508,233.1,20.8,0.0060,,
2.1715,509,233.4,20.8,0.0070,,
2.1800,510,233.6,20.8,0.0065,,
2.1880,511,233.8,20.8,0.0060,,
2.1960,512,234.1,20.8,0.0060,,
2.2030,513,234.3,20.8,0.0055,,
2.2060,514,234.4,20.8,0.0025,,
2.2065,515,234.4,20.8,0.0005,,
2.2080,516,234.3,20.8,0.0010,,
2.2095,517,234.4,20.8,0.0010,,
2.2120,518,234.5,20.8,0.0020,,
2.2150,519,234.4,20.8,0.0025,,
2.2180,520,234.5,20.8,0.0025,,
2.2215,521,234.7,20.8,0.0030,,
2.2225,522,234.8,20.8,0.0010,,
2.2235,523,234.9,20.8,0.0010,,
2.2255,525,235.0,20.8,0.0010,,
Scope 1/1, Sample 38/40 (B19)
Result,TitrationEP1
V,t,E,T,dV/dt,E acc. stat.,Volume acc. stat.
0.0000,0,-69.0,20.7,NaN,,
0.0010,1,-68.9,20.7,0.0010,,
0.0025,2,-68.8,20.7,0.0015,,
0.0050,3,-68.9,20.7,0.0020,,
0.0090,4,-68.7,20.7,0.0035,,
0.0150,5,-68.4,20.7,0.0055,,
0.0235,6,-67.8,20.7,0.0075,,
0.0320,7,-66.8,20.7,0.0075,,
0.0405,8,-65.7,20.7,0.0075,,
0.0490,9,-64.5,20.7,0.0070,,
0.0565,10,-63.4,20.7,0.0070,,
0.0650,11,-62.0,20.7,0.0075,,
0.0735,12,-60.4,20.7,0.0075,,
0.0815,13,-58.9,20.7,0.0075,,
0.0900,14,-57.2,20.7,0.0075,,
0.0985,15,-55.3,20.7,0.0075,,
0.1060,16,-53.8,20.7,0.0070,,
0.1145,17,-51.9,20.7,0.0075,,
0.1230,18,-49.9,20.7,0.0075,,
0.1315,19,-47.7,20.7,0.0075,,
0.1395,20,-45.3,20.7,0.0075,,
0.1480,21,-42.9,20.7,0.0075,,
0.1555,22,-40.7,20.7,0.0070,,
0.1640,23,-38.0,20.7,0.0075,,
0.1725,24,-35.3,20.7,0.0075,,
0.1810,25,-32.1,20.7,0.0075,,
0.1895,26,-29.0,20.7,0.0075,,
0.1975,27,-25.9,20.7,0.0075,,
0.2055,28,-23.0,20.7,0.0075,,
0.2135,29,-19.9,20.7,0.0075,,
0.2220,30,-16.9,20.7,0.0075,,
0.2305,31,-14.3,20.7,0.0075,,
0.2390,32,-12.0,20.7,0.0075,,
0.2475,33,-9.9,20.7,0.0075,,
0.2555,34,-8.2,20.7,0.0075,,
0.2635,35,-6.1,20.7,0.0075,,
0.2715,36,-4.3,20.7,0.0075,,
0.2800,37,-2.7,20.7,0.0075,,
0.2885,38,-1.1,20.7,0.0075,,
0.2970,39,0.4,20.7,0.0075,,
0.3045,40,1.7,20.7,0.0070,,
0.3130,41,3.0,20.7,0.0075,,
0.3215,42,4.4,20.7,0.0075,,
0.3300,43,5.9,20.7,0.0075,,
0.3380,44,7.2,20.7,0.0075,,
0.3465,45,8.3,20.7,0.0075,,
0.3540,46,9.3,20.7,0.0070,,
0.3625,47,10.5,20.7,0.0075,,
0.3710,48,11.7,20.7,0.0075,,
0.3795,49,12.8,20.7,0.0075,,
0.3880,50,13.8,20.7,0.0075,,
0.3960,51,15.0,20.7,0.0075,,
0.4040,52,15.9,20.7,0.0075,,
0.4120,53,17.0,20.7,0.0075,,
0.4205,54,18.0,20.7,0.0075,,
0.4290,55,19.1,20.7,0.0075,,
0.4375,56,20.2,20.7,0.0075,,
0.4460,57,21.1,20.7,0.0075,,
0.4535,58,22.0,20.7,0.0070,,
0.4620,59,22.9,20.7,0.0075,,
0.4705,60,23.9,20.7,0.0075,,
0.4785,61,24.9,20.7,0.0075,,
0.4870,62,25.9,20.7,0.0075,,
0.4955,63,26.7,20.7,0.0075,,
0.5030,64,27.6,20.7,0.0070,,
0.5115,65,28.5,20.7,0.0075,,
0.5200,66,29.5,20.7,0.0075,,
0.5285,67,30.3,20.7,0.0075,,
0.5365,68,31.2,20.7,0.0075,,
0.5450,69,32.2,20.7,0.0075,,
0.5535,70,33.0,20.7,0.0075,,
0.5610,71,33.9,20.7,0.0070,,
0.5695,72,34.7,20.7,0.0075,,
0.5780,73,35.5,20.7,0.0075,,
0.5865,74,36.5,20.7,0.0075,,
0.5950,75,37.5,20.7,0.0075,,
0.6030,76,38.3,20.7,0.0065,,
0.6105,77,39.2,20.7,0.0070,,
0.6190,78,39.9,20.7,0.0075,,
0.6275,79,40.9,20.7,0.0075,,
0.6360,80,41.9,20.7,0.0075,,
0.6445,81,42.6,20.7,0.0075,,
0.6530,82,43.5,20.7,0.0075,,
0.6605,83,44.2,20.7,0.0070,,
0.6685,84,45.2,20.7,0.0075,,
0.6770,85,46.1,20.7,0.0075,,
0.6855,86,46.9,20.7,0.0075,,
0.6940,87,47.8,20.7,0.0075,,
0.7025,88,48.7,20.7,0.0075,,
0.7100,89,49.5,20.7,0.0070,,
0.7185,90,50.4,20.7,0.0075,,
0.7270,91,51.1,20.7,0.0075,,
0.7350,92,52.0,20.7,0.0075,,
0.7435,93,52.9,20.7,0.0075,,
0.7520,94,53.8,20.7,0.0075,,
0.7595,95,54.6,20.7,0.0070,,
0.7680,96,55.4,20.7,0.0075,,
0.7765,97,56.3,20.7,0.0075,,
0.7850,98,57.3,20.7,0.0075,,
0.7930,99,58.2,20.7,0.0075,,
0.8015,100,59.1,20.7,0.0075,,
0.8090,101,59.7,20.7,0.0070,,
0.8175,102,60.7,20.7,0.0075,,
0.8260,103,61.6,20.7,0.0075,,
0.8345,104,62.4,20.7,0.0075,,
0.8430,105,63.3,20.7,0.0075,,
0.8515,106,64.4,20.7,0.0075,,
0.8590,107,65.2,20.7,0.0070,,
0.8675,108,66.1,20.7,0.0075,,
0.8755,109,66.9,20.7,0.0075,,
0.8840,110,67.9,20.7,0.0075,,
0.8925,111,68.8,20.7,0.0075,,
0.9010,112,69.7,20.7,0.0075,,
0.9085,113,70.6,20.7,0.0070,,
0.9170,114,71.4,20.7,0.0075,,
0.9255,115,72.4,20.7,0.0075,,
0.9340,116,73.2,20.7,0.0075,,
0.9420,117,74.0,20.7,0.0075,,
0.9505,118,74.9,20.7,0.0070,,
0.9580,119,75.9,20.7,0.0070,,
0.9665,120,77.0,20.7,0.0075,,
0.9750,121,78.0,20.7,0.0075,,
0.9835,122,78.9,20.7,0.0075,,
0.9915,123,79.9,20.7,0.0075,,
1.0000,124,81.0,20.7,0.0075,,
1.0075,125,81.8,20.7,0.0070,,
1.0160,126,83.0,20.7,0.0075,,
1.0245,127,83.9,20.7,0.0075,,
1.0330,128,85.1,20.7,0.0075,,
1.0415,129,86.3,20.7,0.0075,,
1.0500,130,87.3,20.7,0.0075,,
1.0580,131,88.3,20.7,0.0075,,
1.0660,132,89.3,20.7,0.0075,,
1.0740,133,90.6,20.7,0.0075,,
1.0825,134,91.9,20.7,0.0075,,
1.0910,135,93.1,20.7,0.0075,,
1.0995,136,94.3,20.7,0.0075,,
1.1080,137,95.7,20.7,0.0070,,
1.1155,138,96.8,20.7,0.0070,,
1.1240,139,98.3,20.7,0.0075,,
1.1320,140,99.8,20.7,0.0075,,
1.1405,141,101.2,20.7,0.0075,,
1.1490,142,102.7,20.7,0.0075,,
1.1575,143,104.2,20.7,0.0070,,
1.1650,144,105.7,20.7,0.0070,,
1.1735,145,107.3,20.7,0.0075,,
1.1820,146,109.2,20.7,0.0075,,
1.1900,147,111.1,20.7,0.0075,,
1.1985,148,112.8,20.7,0.0075,,
1.2070,149,115.0,20.7,0.0070,,
1.2145,150,117.0,20.7,0.0070,,
1.2230,151,119.0,20.7,0.0075,,
1.2315,152,121.4,20.7,0.0075,,
1.2400,153,124.0,20.7,0.0075,,
1.2485,154,126.4,20.7,0.0075,,
1.2565,155,129.2,20.7,0.0075,,
1.2645,156,131.5,20.7,0.0075,,
1.2725,157,134.8,20.7,0.0075,,
1.2810,158,138.1,20.7,0.0075,,
1.2895,159,141.5,20.7,0.0075,,
1.2980,160,144.9,20.7,0.0075,,
1.3065,161,148.2,20.7,0.0070,,
1.3140,162,151.4,20.7,0.0070,,
1.3225,163,154.9,20.7,0.0075,,
1.3305,164,158.4,20.7,0.0075,,
1.3390,165,161.4,20.7,0.0075,,
1.3475,166,164.6,20.7,0.0075,,
1.3560,167,167.4,20.7,0.0075,,
1.3635,168,169.7,20.7,0.0070,,
1.3720,169,172.3,20.7,0.0075,,
1.3805,170,174.8,20.7,0.0075,,
1.3890,171,176.9,20.7,0.0075,,
1.3970,172,178.9,20.7,0.0075,,
1.4055,173,180.9,20.7,0.0075,,
1.4130,174,182.4,20.7,0.0070,,
1.4215,175,184.1,20.7,0.0075,,
1.4275,176,185.0,20.7,0.0075,,
1.4275,416,186.8,20.7,0.0000,,
1.4280,417,186.9,20.7,0.0005,,
1.4295,418,187.0,20.7,0.0015,,
1.4320,419,187.1,20.7,0.0030,,
1.4360,420,187.6,20.7,0.0040,,
1.4420,421,188.5,20.7,0.0060,,
1.4500,422,189.6,20.7,0.0080,,
1.4580,423,190.8,20.7,0.0090,,
1.4660,424,192.0,20.7,0.0090,,
1.4745,425,193.2,20.7,0.0095,,
1.4830,426,194.3,20.7,0.0085,,
1.4915,427,195.4,20.7,0.0085,,
1.5000,428,196.4,20.7,0.0085,,
1.5075,429,197.4,20.7,0.0085,,
1.5160,430,198.3,20.7,0.0095,,
1.5240,431,199.4,20.7,0.0090,,
1.5325,432,200.3,20.7,0.0085,,
1.5410,433,201.1,20.7,0.0085,,
1.5495,434,202.0,20.7,0.0085,,
1.5580,435,202.6,20.7,0.0095,,
1.5655,436,203.6,20.7,0.0085,,
1.5740,437,204.4,20.7,0.0095,,
1.5820,438,205.0,20.7,0.0080,,
1.5905,439,205.8,20.7,0.0085,,
1.5990,440,206.6,20.7,0.0085,,
1.6075,441,207.2,20.7,0.0095,,
1.6150,442,207.8,20.7,0.0085,,
1.6235,443,208.4,20.7,0.0095,,
1.6320,444,209.2,20.7,0.0085,,
1.6405,445,209.7,20.7,0.0085,,
1.6485,446,210.2,20.7,0.0080,,
1.6570,447,210.8,20.7,0.0085,,
1.6645,448,211.3,20.7,0.0085,,
1.6730,449,211.9,20.7,0.0095,,
1.6815,450,212.6,20.7,0.0085,,
1.6900,451,213.0,20.7,0.0085,,
1.6985,452,213.6,20.7,0.0085,,
1.7065,453,214.1,20.7,0.0080,,
1.7145,454,214.6,20.7,0.0090,,
1.7225,455,215.1,20.7,0.0090,,
1.7310,456,215.5,20.7,0.0085,,
1.7395,457,216.1,20.7,0.0085,,
1.7480,458,216.6,20.7,0.0085,,
1.7565,459,217.0,20.7,0.0095,,
1.7640,460,217.4,20.7,0.0085,,
1.7725,461,217.8,20.7,0.0095,,
1.7805,462,218.3,20.7,0.0090,,
1.7890,463,218.8,20.7,0.0085,,
1.7975,464,219.1,20.7,0.0085,,
1.8060,465,219.6,20.7,0.0085,,
1.8135,466,219.9,20.7,0.0085,,
1.8220,467,220.5,20.7,0.0095,,
1.8305,468,220.9,20.7,0.0085,,
1.8390,469,221.2,20.7,0.0085,,
1.8470,470,221.6,20.7,0.0080,,
1.8555,471,221.9,20.7,0.0095,,
1.8630,472,222.4,20.7,0.0085,,
1.8715,473,222.7,20.7,0.0095,,
1.8800,474,223.0,20.7,0.0085,,
1.8885,475,223.4,20.7,0.0085,,
1.8970,476,223.8,20.7,0.0085,,
1.9055,477,224.1,20.7,0.0095,,
1.9130,478,224.4,20.7,0.0085,,
1.9210,479,224.7,20.7,0.0090,,
1.9295,480,225.2,20.7,0.0095,,
1.9380,481,225.6,20.7,0.0085,,
1.9465,482,225.8,20.7,0.0085,,
1.9550,483,226.1,20.7,0.0085,,
1.9625,484,226.4,20.7,0.0085,,
1.9710,485,226.9,20.7,0.0095,,
1.9795,486,227.1,20.7,0.0095,,
1.9875,487,227.4,20.7,0.0080,,
1.9960,488,227.7,20.7,0.0085,,
2.0045,489,228.2,20.7,0.0085,,
2.0120,490,228.4,20.7,0.0085,,
2.0205,491,228.7,20.7,0.0095,,
2.0290,492,228.9,20.7,0.0095,,
2.0375,493,229.2,20.7,0.0085,,
2.0455,494,229.5,20.7,0.0080,,
2.0540,495,229.7,20.7,0.0085,,
2.0615,496,230.1,20.7,0.0085,,
2.0700,497,230.2,20.7,0.0095,,
2.0785,498,230.6,20.7,0.0095,,
2.0870,499,230.9,20.7,0.0085,,
2.0955,500,231.1,20.7,0.0085,,
2.1035,501,231.3,20.7,0.0080,,
2.1115,502,231.5,20.7,0.0090,,
2.1195,503,231.8,20.7,0.0090,,
2.1280,504,232.1,20.7,0.0095,,
2.1365,505,232.3,20.7,0.0085,,
2.1450,506,232.5,20.7,0.0085,,
2.1535,507,232.8,20.7,0.0085,,
2.1610,508,233.0,20.7,0.0085,,
2.1695,509,233.3,20.7,0.0095,,
2.1780,510,233.4,20.7,0.0095,,
2.1860,511,233.7,20.7,0.0080,,
2.1945,512,234.0,20.7,0.0085,,
2.2015,513,234.1,20.7,0.0070,,
2.2055,514,234.3,20.7,0.0045,,
2.2060,515,234.4,20.7,0.0005,,
2.2065,516,234.5,20.7,0.0005,,
2.2080,517,234.7,20.7,0.0015,,
2.2095,518,234.6,20.7,0.0015,,
2.2120,519,234.6,20.7,0.0025,,
2.2155,520,234.6,20.7,0.0040,,
2.2195,521,234.8,20.7,0.0045,,
2.2245,522,235.0,20.7,0.0055,,
Scope 1/1, Sample 39/40 (T20)
Result,TitrationEP1
V,t,E,T,dV/dt,E acc. stat.,Volume acc. stat.
0.0000,0,-69.0,20.7,NaN,,
0.0010,1,-69.2,20.7,0.0010,,
0.0025,2,-69.1,20.7,0.0015,,
0.0050,3,-69.1,20.7,0.0025,,
0.0095,4,-68.9,20.7,0.0040,,
0.0150,5,-68.6,20.7,0.0050,,
0.0235,6,-67.9,20.7,0.0075,,
0.0320,7,-66.9,20.7,0.0075,,
0.0405,8,-65.7,20.7,0.0075,,
0.0490,9,-64.5,20.7,0.0070,,
0.0570,10,-63.3,20.7,0.0075,,
0.0650,11,-61.9,20.7,0.0075,,
0.0730,12,-60.4,20.7,0.0075,,
0.0815,13,-58.9,20.7,0.0075,,
0.0900,14,-57.2,20.7,0.0070,,
0.0985,15,-55.4,20.7,0.0075,,
0.1070,16,-53.8,20.7,0.0075,,
0.1145,17,-51.7,20.7,0.0070,,
0.1230,18,-49.7,20.7,0.0075,,
0.1310,19,-47.4,20.7,0.0075,,
0.1395,20,-45.0,20.7,0.0075,,
0.1480,21,-42.5,20.7,0.0075,,
0.1565,22,-40.0,20.7,0.0070,,
0.1640,23,-37.5,20.7,0.0070,,
0.1725,24,-34.7,20.7,0.0075,,
0.1810,25,-31.6,20.7,0.0075,,
0.1890,26,-28.4,20.7,0.0075,,
0.1975,27,-25.3,20.7,0.0075,,
0.2060,28,-22.0,20.7,0.0070,,
0.2135,29,-19.2,20.7,0.0070,,
0.2220,30,-16.3,20.7,0.0075,,
0.2305,31,-13.5,20.7,0.0075,,
0.2390,32,-11.1,20.7,0.0075,,
0.2475,33,-8.8,20.7,0.0075,,
0.2555,34,-6.6,20.7,0.0065,,
0.2630,35,-4.7,20.7,0.0070,,
0.2715,36,-2.9,20.7,0.0075,,
0.2800,37,-1.4,20.7,0.0075,,
0.2885,38,0.2,20.7,0.0075,,
0.2970,39,1.8,20.7,0.0075,,
0.3055,40,3.3,20.7,0.0070,,
0.3130,41,4.7,20.7,0.0070,,
0.3215,42,6.1,20.7,0.0075,,
0.3295,43,7.5,20.7,0.0075,,
0.3380,44,8.8,20.7,0.0075,,
0.3465,45,10.0,20.7,0.0075,,
0.3550,46,11.2,20.7,0.0070,,
0.3625,47,12.2,20.7,0.0070,,
0.3710,48,13.5,20.7,0.0075,,
0.3795,49,14.7,20.7,0.0075,,
0.3880,50,15.8,20.7,0.0075,,
0.3960,51,17.0,20.7,0.0075,,
0.4045,52,18.1,20.7,0.0070,,
0.4120,53,19.0,20.7,0.0070,,
0.4205,54,20.0,20.7,0.0075,,
0.4290,55,21.0,20.7,0.0075,,
0.4375,56,22.1,20.7,0.0075,,
0.4460,57,23.0,20.7,0.0075,,
0.4540,58,23.8,20.7,0.0065,,
0.4620,59,24.8,20.7,0.0075,,
0.4700,60,25.6,20.7,0.0075,,
0.4785,61,26.7,20.7,0.0075,,
0.4870,62,27.6,20.7,0.0075,,
0.4955,63,28.5,20.7,0.0075,,
0.5040,64,29.5,20.7,0.0070,,
0.5115,65,30.4,20.7,0.0070,,
0.5200,66,31.3,20.7,0.0075,,
0.5285,67,32.1,20.7,0.0075,,
0.5365,68,33.0,20.7,0.0075,,
0.5450,69,34.0,20.7,0.0075,,
0.5535,70,34.8,20.7,0.0070,,
0.5610,71,35.8,20.7,0.0070,,
0.5695,72,36.7,20.7,0.0075,,
0.5780,73,37.6,20.7,0.0075,,
0.5865,74,38.6,20.7,0.0075,,
0.5945,75,39.4,20.7,0.0075,,
0.6030,76,40.2,20.7,0.0070,,
0.6105,77,41.0,20.7,0.0070,,
0.6190,78,41.9,20.7,0.0075,,
0.6275,79,42.9,20.7,0.0075,,
0.6360,80,43.7,20.7,0.0075,,
0.6445,81,44.5,20.7,0.0075,,
0.6530,82,45.2,20.7,0.0075,,
0.6605,83,46.1,20.7,0.0070,,
0.6690,84,47.0,20.7,0.0075,,
0.6770,85,47.9,20.7,0.0075,,
0.6855,86,48.8,20.7,0.0075,,
0.6940,87,49.8,20.7,0.0075,,
0.7025,88,50.7,20.7,0.0070,,
0.7100,89,51.5,20.7,0.0070,,
0.7185,90,52.3,20.7,0.0075,,
0.7270,91,53.2,20.7,0.0075,,
0.7355,92,54.1,20.7,0.0075,,
0.7435,93,54.9,20.7,0.0075,,
0.7520,94,55.7,20.7,0.0070,,
0.7595,95,56.5,20.7,0.0070,,
0.7680,96,57.4,20.7,0.0075,,
0.7765,97,58.4,20.7,0.0075,,
0.7850,98,59.2,20.7,0.0075,,
0.7935,99,60.1,20.7,0.0075,,
0.8015,100,61.0,20.7,0.0065,,
0.8095,101,61.7,20.7,0.0075,,
0.8175,102,62.6,20.7,0.0075,,
0.8260,103,63.5,20.7,0.0075,,
0.8345,104,64.3,20.7,0.0075,,
0.8430,105,65.1,20.7,0.0075,,
0.8515,106,66.0,20.7,0.0070,,
0.8590,107,66.8,20.7,0.0070,,
0.8675,108,67.7,20.7,0.0075,,
0.8755,109,68.5,20.7,0.0075,,
0.8840,110,69.6,20.7,0.0075,,
0.8925,111,70.3,20.7,0.0075,,
0.9010,112,71.2,20.7,0.0075,,
0.9085,113,72.0,20.7,0.0070,,
0.9170,114,72.9,20.7,0.0075,,
0.9255,115,73.9,20.7,0.0075,,
0.9340,116,74.8,20.7,0.0075,,
0.9420,117,75.8,20.7,0.0075,,
0.9505,118,76.8,20.7,0.0070,,
0.9580,119,77.6,20.7,0.0070,,
0.9665,120,78.7,20.7,0.0075,,
0.9750,121,79.6,20.7,0.0075,,
0.9835,122,80.5,20.7,0.0075,,
0.9920,123,81.6,20.7,0.0075,,
1.0005,124,82.5,20.7,0.0075,,
1.0080,125,83.6,20.7,0.0070,,
1.0165,126,84.6,20.7,0.0075,,
1.0245,127,85.7,20.7,0.0075,,
1.0330,128,86.9,20.7,0.0075,,
1.0415,129,88.1,20.7,0.0075,,
1.0500,130,89.1,20.7,0.0070,,
1.0575,131,90.0,20.7,0.0070,,
1.0660,132,91.3,20.7,0.0075,,
1.0745,133,92.4,20.7,0.0075,,
1.0825,134,93.5,20.7,0.0075,,
1.0910,135,95.0,20.7,0.0075,,
1.0995,136,96.1,20.7,0.0075,,
1.1070,137,97.4,20.7,0.0070,,
1.1155,138,98.8,20.7,0.0075,,
1.1240,139,100.1,20.7,0.0075,,
1.1325,140,101.6,20.7,0.0075,,
1.1405,141,103.2,20.7,0.0075,,
1.1490,142,104.7,20.7,0.0070,,
1.1565,143,106.2,20.7,0.0070,,
1.1650,144,107.8,20.7,0.0075,,
1.1735,145,109.4,20.7,0.0075,,
1.1820,146,111.1,20.7,0.0075,,
1.1905,147,113.2,20.7,0.0075,,
1.1985,148,115.4,20.7,0.0065,,
1.2065,149,117.3,20.7,0.0075,,
1.2145,150,119.3,20.7,0.0075,,
1.2230,151,121.6,20.7,0.0075,,
1.2315,152,124.0,20.7,0.0075,,
1.2400,153,126.6,20.7,0.0075,,
1.2485,154,129.4,20.7,0.0070,,
1.2570,155,132.0,20.7,0.0075,,
1.2645,156,135.0,20.7,0.0070,,
1.2725,157,138.1,20.7,0.0075,,
1.2810,158,141.1,20.7,0.0075,,
1.2895,159,144.4,20.7,0.0075,,
1.2980,160,147.9,20.7,0.0075,,
1.3065,161,151.4,20.7,0.0070,,
1.3140,162,154.5,20.7,0.0070,,
1.3225,163,157.8,20.7,0.0075,,
1.3310,164,160.9,20.7,0.0075,,
1.3390,165,164.2,20.7,0.0075,,
1.3475,166,167.0,20.7,0.0075,,
1.3560,167,169.6,20.7,0.0075,,
1.3635,168,172.0,20.7,0.0070,,
1.3720,169,174.6,20.7,0.0075,,
1.3805,170,176.5,20.7,0.0075,,
1.3890,171,178.6,20.7,0.0075,,
1.3975,172,180.6,20.7,0.0070,,
1.4050,173,182.1,20.7,0.0070,,
1.4130,174,183.9,20.7,0.0075,,
1.4230,175,185.3,20.7,0.0075,,
1.4230,415,187.1,20.7,0.0000,,
1.4235,416,187.0,20.7,0.0005,,
1.4250,417,186.9,20.7,0.0010,,
1.4275,418,187.3,20.7,0.0020,,
1.4315,419,188.0,20.7,0.0030,,
1.4375,420,188.7,20.7,0.0045,,
1.4455,421,189.8,20.7,0.0055,,
1.4535,422,191.0,20.7,0.0060,,
1.4615,423,192.3,20.7,0.0060,,
1.4700,424,193.6,20.7,0.0065,,
1.4785,425,194.6,20.7,0.0060,,
1.4870,426,195.7,20.7,0.0060,,
1.4955,427,196.7,20.7,0.0060,,
1.5035,428,197.5,20.7,0.0060,,
1.5115,429,198.5,20.7,0.0060,,
1.5195,430,199.4,20.7,0.0060,,
1.5280,431,200.3,20.7,0.0060,,
1.5365,432,201.4,20.7,0.0060,,
1.5450,433,202.2,20.7,0.0060,,
1.5525,434,202.9,20.7,0.0060,,
1.5610,435,203.6,20.7,0.0065,,
1.5695,436,204.4,20.7,0.0065,,
1.5780,437,205.3,20.7,0.0060,,
1.5860,438,205.9,20.7,0.0055,,
1.5945,439,206.5,20.7,0.0060,,
1.6030,440,207.1,20.7,0.0065,,
1.6105,441,207.9,20.7,0.0060,,
1.6190,442,208.6,20.7,0.0065,,
1.6275,443,209.2,20.7,0.0060,,
1.6360,444,209.7,20.7,0.0060,,
1.6440,445,210.5,20.7,0.0055,,
1.6525,446,211.1,20.7,0.0065,,
1.6600,447,211.7,20.7,0.0060,,
1.6685,448,212.2,20.7,0.0065,,
1.6770,449,212.7,20.7,0.0060,,
1.6855,450,213.4,20.7,0.0060,,
1.6940,451,213.8,20.7,0.0060,,
1.7020,452,214.4,20.7,0.0060,,
1.7100,453,214.7,20.7,0.0060,,
1.7180,454,215.3,20.7,0.0060,,
1.7265,455,215.9,20.7,0.0060,,
1.7350,456,216.3,20.7,0.0060,,
1.7435,457,216.6,20.7,0.0060,,
1.7520,458,217.2,20.7,0.0060,,
1.7595,459,217.6,20.7,0.0060,,
1.7680,460,218.2,20.7,0.0065,,
1.7760,461,218.6,20.7,0.0060,,
1.7845,462,218.9,20.7,0.0060,,
1.7930,463,219.4,20.7,0.0060,,
1.8015,464,219.8,20.7,0.0060,,
1.8090,465,220.1,20.7,0.0060,,
1.8175,466,220.6,20.7,0.0065,,
1.8260,467,220.9,20.7,0.0065,,
1.8340,468,221.4,20.7,0.0055,,
1.8425,469,221.8,20.7,0.0060,,
1.8510,470,222.1,20.7,0.0060,,
1.8585,471,222.4,20.7,0.0060,,
1.8670,472,222.7,20.7,0.0065,,
1.8755,473,223.1,20.7,0.0065,,
1.8840,474,223.5,20.7,0.0060,,
1.8920,475,223.8,20.7,0.0055,,
1.9005,476,224.1,20.7,0.0060,,
1.9090,477,224.4,20.7,0.0065,,
1.9165,478,224.8,20.7,0.0060,,
1.9250,479,225.2,20.7,0.0065,,
1.9335,480,225.5,20.7,0.0060,,
1.9420,481,225.8,20.7,0.0060,,
1.9505,482,226.2,20.7,0.0060,,
1.9585,483,226.6,20.7,0.0060,,
1.9665,484,226.9,20.7,0.0060,,
1.9745,485,227.1,20.7,0.0060,,
1.9830,486,227.3,20.7,0.0060,,
1.9915,487,227.7,20.7,0.0060,,
2.0000,488,228.0,20.7,0.0060,,
2.0085,489,228.3,20.7,0.0065,,
2.0160,490,228.5,20.7,0.0060,,
2.0245,491,228.8,20.7,0.0065,,
2.0325,492,229.1,20.7,0.0055,,
2.0410,493,229.4,20.7,0.0060,,
2.0495,494,229.8,20.7,0.0060,,
2.0570,495,230.0,20.7,0.0060,,
2.0655,496,230.3,20.7,0.0065,,
2.0740,497,230.6,20.7,0.0065,,
2.0825,498,230.7,20.7,0.0060,,
2.0910,499,231.0,20.7,0.0060,,
2.0990,500,231.4,20.7,0.0055,,
2.1075,501,231.6,20.7,0.0065,,
2.1150,502,231.8,20.7,0.0060,,
2.1235,503,232.1,20.7,0.0065,,
2.1320,504,232.4,20.7,0.0060,,
2.1405,505,232.8,20.7,0.0060,,
2.1490,506,232.9,20.7,0.0060,,
2.1575,507,233.1,20.7,0.0065,,
2.1650,508,233.2,20.7,0.0060,,
2.1730,509,233.6,20.7,0.0060,,
2.1815,510,233.9,20.7,0.0060,,
2.1895,511,234.1,20.7,0.0055,,
2.1965,512,234.3,20.7,0.0050,,
2.2005,513,234.4,20.7,0.0030,,
2.2030,514,234.5,20.7,0.0020,,
2.2060,515,234.6,20.7,0.0025,,
2.2085,516,234.5,20.7,0.0020,,
2.2090,517,234.6,20.7,0.0005,,
2.2100,518,234.7,20.7,0.0005,,
2.2120,519,234.7,20.7,0.0015,,
2.2145,520,234.8,20.8,0.0020,,
2.2180,521,234.8,20.7,0.0025,,
2.2210,522,235.1,20.7,0.0025,,
Scope 1/1, Sample 40/40 (B20)
Result,TitrationEP1
V,t,E,T,dV/dt,E acc. stat.,Volume acc. stat.
0.0000,0,-69.2,20.7,NaN,,
0.0005,1,-69.1,20.7,0.0005,,
0.0025,2,-69.2,20.7,0.0020,,
0.0050,3,-69.2,20.7,0.0025,,
0.0090,4,-69.0,20.7,0.0035,,
0.0150,5,-68.6,20.7,0.0055,,
0.0235,6,-68.1,20.7,0.0075,,
0.0310,7,-67.3,20.7,0.0075,,
0.0395,8,-66.2,20.7,0.0085,,
0.0480,9,-64.9,20.7,0.0085,,
0.0565,10,-63.6,20.7,0.0075,,
0.0645,11,-62.3,20.7,0.0075,,
0.0730,12,-60.8,20.7,0.0075,,
0.0805,13,-59.4,20.7,0.0075,,
0.0890,14,-57.7,20.7,0.0085,,
0.0975,15,-55.9,20.7,0.0085,,
0.1060,16,-54.1,20.7,0.0075,,
0.1145,17,-52.0,20.7,0.0075,,
0.1230,18,-50.0,20.7,0.0075,,
0.1305,19,-48.0,20.7,0.0075,,
0.1390,20,-45.7,20.7,0.0085,,
0.1470,21,-43.3,20.7,0.0080,,
0.1555,22,-40.6,20.7,0.0075,,
0.1640,23,-37.9,20.7,0.0075,,
0.1725,24,-35.2,20.7,0.0075,,
0.1810,25,-32.4,20.7,0.0085,,
0.1885,26,-29.3,20.7,0.0075,,
0.1970,27,-26.0,20.7,0.0085,,
0.2050,28,-22.8,20.7,0.0075,,
0.2135,29,-19.8,20.7,0.0075,,
0.2220,30,-17.0,20.7,0.0075,,
0.2305,31,-14.6,20.7,0.0085,,
0.2380,32,-11.9,20.7,0.0075,,
0.2465,33,-9.7,20.7,0.0075,,
0.2550,34,-7.7,20.7,0.0075,,
0.2630,35,-5.7,20.7,0.0075,,
0.2715,36,-3.7,20.7,0.0075,,
0.2800,37,-2.1,20.7,0.0075,,
0.2875,38,-0.8,20.7,0.0075,,
0.2960,39,0.5,20.7,0.0085,,
0.3045,40,2.2,20.7,0.0075,,
0.3130,41,3.8,20.7,0.0075,,
0.3210,42,5.1,20.7,0.0075,,
0.3295,43,6.4,20.7,0.0075,,
0.3370,44,7.5,20.7,0.0075,,
0.3455,45,8.8,20.7,0.0085,,
0.3540,46,10.0,20.7,0.0075,,
0.3625,47,11.0,20.7,0.0075,,
0.3710,48,12.2,20.7,0.0075,,
0.3795,49,13.3,20.7,0.0075,,
0.3870,50,14.4,20.7,0.0075,,
0.3955,51,15.4,20.7,0.0085,,
0.4035,52,16.3,20.7,0.0075,,
0.4120,53,17.4,20.7,0.0075,,
0.4205,54,18.5,20.7,0.0075,,
0.4290,55,19.4,20.7,0.0075,,
0.4365,56,20.4,20.7,0.0075,,
0.4450,57,21.2,20.7,0.0085,,
0.4535,58,22.2,20.7,0.0075,,
0.4615,59,23.3,20.7,0.0075,,
0.4700,60,24.1,20.7,0.0075,,
0.4785,61,25.1,20.7,0.0075,,
0.4860,62,25.9,20.7,0.0075,,
0.4945,63,26.9,20.7,0.0085,,
0.5030,64,27.8,20.7,0.0075,,
0.5115,65,28.7,20.7,0.0075,,
0.5200,66,29.6,20.7,0.0075,,
0.5285,67,30.3,20.7,0.0085,,
0.5360,68,31.3,20.7,0.0075,,
0.5440,69,32.2,20.7,0.0080,,
0.5525,70,33.1,20.7,0.0075,,
0.5610,71,34.1,20.7,0.0075,,
0.5695,72,34.9,20.7,0.0075,,
0.5780,73,35.7,20.7,0.0085,,
0.5855,74,36.6,20.7,0.0075,,
0.5940,75,37.4,20.7,0.0085,,
0.6025,76,38.3,20.7,0.0075,,
0.6105,77,39.2,20.7,0.0075,,
0.6190,78,39.9,20.7,0.0075,,
0.6265,79,40.8,20.7,0.0075,,
0.6350,80,41.7,20.7,0.0085,,
0.6435,81,42.7,20.7,0.0085,,
0.6520,82,43.6,20.7,0.0075,,
0.6605,83,44.4,20.7,0.0075,,
0.6685,84,45.3,20.7,0.0075,,
0.6770,85,46.1,20.7,0.0085,,
0.6845,86,47.0,20.7,0.0075,,
0.6930,87,47.8,20.7,0.0085,,
0.7015,88,48.6,20.7,0.0075,,
0.7100,89,49.6,20.7,0.0075,,
0.7185,90,50.7,20.7,0.0075,,
0.7270,91,51.4,20.7,0.0075,,
0.7345,92,52.3,20.7,0.0075,,
0.7425,93,53.0,20.7,0.0080,,
0.7510,94,54.0,20.7,0.0075,,
0.7595,95,54.8,20.7,0.0075,,
0.7680,96,55.6,20.7,0.0075,,
0.7765,97,56.5,20.7,0.0075,,
0.7840,98,57.2,20.7,0.0075,,
0.7925,99,58.2,20.7,0.0085,,
0.8010,100,59.1,20.7,0.0075,,
0.8090,101,59.8,20.7,0.0075,,
0.8175,102,60.7,20.7,0.0075,,
0.8260,103,61.7,20.7,0.0075,,
0.8335,104,62.5,20.7,0.0075,,
0.8420,105,63.3,20.7,0.0085,,
0.8505,106,64.1,20.7,0.0085,,
0.8590,107,65.2,20.7,0.0075,,
0.8670,108,66.2,20.7,0.0075,,
0.8755,109,67.0,20.7,0.0075,,
0.8840,110,67.9,20.7,0.0085,,
0.8915,111,68.7,20.7,0.0075,,
0.9000,112,69.6,20.7,0.0085,,
0.9085,113,70.5,20.7,0.0075,,
0.9170,114,71.2,20.7,0.0075,,
0.9250,115,72.1,20.7,0.0075,,
0.9335,116,73.0,20.7,0.0085,,
0.9410,117,74.0,20.7,0.0075,,
0.9495,118,75.1,20.7,0.0085,,
0.9580,119,76.0,20.7,0.0075,,
0.9665,120,77.0,20.7,0.0075,,
0.9750,121,78.1,20.7,0.0075,,
0.9835,122,78.9,20.7,0.0085,,
0.9910,123,79.9,20.7,0.0075,,
0.9995,124,80.9,20.7,0.0085,,
1.0075,125,82.0,20.7,0.0075,,
1.0160,126,83.2,20.7,0.0075,,
1.0245,127,84.2,20.7,0.0075,,
1.0320,128,85.3,20.7,0.0075,,
1.0405,129,86.4,20.7,0.0085,,
1.0490,130,87.6,20.7,0.0075,,
1.0575,131,88.7,20.7,0.0075,,
1.0660,132,89.7,20.7,0.0075,,
1.0740,133,91.0,20.7,0.0075,,
1.0815,134,92.0,20.7,0.0075,,
1.0900,135,93.4,20.7,0.0085,,
1.0985,136,94.8,20.7,0.0075,,
1.1070,137,96.1,20.7,0.0075,,
1.1155,138,97.4,20.7,0.0075,,
1.1240,139,98.9,20.7,0.0075,,
1.1315,140,100.2,20.7,0.0075,,
1.1400,141,101.7,20.7,0.0085,,
1.1480,142,103.3,20.7,0.0080,,
1.1565,143,104.9,20.7,0.0075,,
1.1650,144,106.6,20.7,0.0075,,
1.1735,145,108.2,20.7,0.0075,,
1.1820,146,109.9,20.7,0.0085,,
1.1895,147,111.9,20.7,0.0075,,
1.1980,148,113.8,20.7,0.0085,,
1.2060,149,116.0,20.7,0.0075,,
1.2145,150,117.9,20.7,0.0075,,
1.2230,151,120.3,20.7,0.0075,,
1.2315,152,122.8,20.7,0.0075,,
1.2390,153,125.2,20.7,0.0075,,
1.2475,154,128.0,20.7,0.0085,,
1.2560,155,130.9,20.7,0.0075,,
1.2640,156,133.8,20.7,0.0075,,
1.2725,157,137.1,20.7,0.0075,,
1.2810,158,140.5,20.7,0.0075,,
1.2885,159,143.6,20.7,0.0075,,
1.2970,160,146.9,20.7,0.0085,,
1.3055,161,150.6,20.7,0.0085,,
1.3140,162,154.4,20.7,0.0075,,
1.3220,163,157.7,20.7,0.0075,,
1.3305,164,160.8,20.7,0.0075,,
1.3380,165,163.6,20.7,0.0075,,
1.3465,166,166.6,20.7,0.0085,,
1.3550,167,169.2,20.7,0.0085,,
1.3635,168,171.7,20.7,0.0075,,
1.3720,169,174.0,20.7,0.0075,,
1.3800,170,176.3,20.7,0.0075,,
1.3880,171,178.2,20.7,0.0080,,
1.3960,172,180.2,20.7,0.0080,,
1.4045,173,182.0,20.7,0.0085,,
1.4130,174,183.6,20.7,0.0075,,
1.4215,175,185.2,20.7,0.0075,,
1.4215,415,187.2,20.7,0.0000,,
1.4220,416,187.1,20.7,0.0005,,
1.4235,417,187.1,20.7,0.0015,,
1.4265,418,187.5,20.7,0.0025,,
1.4300,419,187.9,20.7,0.0030,,
1.4365,420,188.6,20.7,0.0055,,
1.4445,421,189.9,20.7,0.0065,,
1.4525,422,190.9,20.7,0.0075,,
1.4605,423,192.2,20.7,0.0075,,
1.4690,424,193.3,20.7,0.0075,,
1.4775,425,194.5,20.7,0.0070,,
1.4860,426,195.6,20.7,0.0070,,
1.4945,427,196.7,20.7,0.0070,,
1.5020,428,197.6,20.7,0.0070,,
1.5105,429,198.5,20.7,0.0075,,
1.5190,430,199.4,20.7,0.0075,,
1.5270,431,200.4,20.7,0.0065,,
1.5355,432,201.3,20.7,0.0070,,
1.5440,433,202.1,20.7,0.0070,,
1.5515,434,202.8,20.7,0.0070,,
1.5600,435,203.6,20.7,0.0075,,
1.5685,436,204.5,20.7,0.0075,,
1.5770,437,205.2,20.7,0.0070,,
1.5850,438,205.8,20.7,0.0065,,
1.5935,439,206.6,20.7,0.0070,,
1.6015,440,207.2,20.7,0.0075,,
1.6095,441,208.0,20.7,0.0075,,
1.6180,442,208.6,20.7,0.0075,,
1.6265,443,209.1,20.7,0.0070,,
1.6350,444,209.9,20.7,0.0070,,
1.6435,445,210.6,20.7,0.0070,,
1.6510,446,211.1,20.7,0.0070,,
1.6595,447,211.6,20.7,0.0075,,
1.6675,448,212.1,20.7,0.0075,,
1.6760,449,212.7,20.7,0.0070,,
1.6845,450,213.3,20.7,0.0070,,
1.6930,451,213.6,20.7,0.0070,,
1.7005,452,214.1,20.7,0.0070,,
1.7090,453,214.6,20.7,0.0075,,
1.7175,454,215.2,20.7,0.0075,,
1.7255,455,215.7,20.7,0.0065,,
1.7340,456,216.0,20.7,0.0070,,
1.7425,457,216.7,20.7,0.0070,,
1.7510,458,217.0,20.7,0.0075,,
1.7585,459,217.6,20.7,0.0070,,
1.7670,460,218.0,20.7,0.0075,,
1.7755,461,218.3,20.7,0.0070,,
1.7835,462,218.9,20.7,0.0065,,
1.7920,463,219.3,20.7,0.0070,,
1.8005,464,219.6,20.7,0.0075,,
1.8080,465,220.0,20.7,0.0070,,
1.8165,466,220.4,20.7,0.0075,,
1.8250,467,220.9,20.7,0.0070,,
1.8335,468,221.4,20.7,0.0070,,
1.8415,469,221.8,20.7,0.0065,,
1.8500,470,222.1,20.7,0.0070,,
1.8575,471,222.4,20.7,0.0070,,
1.8660,472,222.9,20.7,0.0075,,
1.8745,473,223.2,20.7,0.0075,,
1.8830,474,223.5,20.7,0.0070,,
1.8915,475,223.9,20.7,0.0070,,
1.9000,476,224.4,20.7,0.0070,,
1.9075,477,224.7,20.7,0.0070,,
1.9155,478,225.0,20.7,0.0075,,
1.9240,479,225.2,20.7,0.0075,,
1.9325,480,225.6,20.7,0.0070,,
1.9410,481,226.1,20.7,0.0070,,
1.9495,482,226.3,20.7,0.0070,,
1.9570,483,226.6,20.7,0.0070,,
1.9655,484,226.8,20.7,0.0075,,
1.9740,485,227.1,20.7,0.0075,,
1.9820,486,227.4,20.7,0.0065,,
1.9905,487,227.6,20.7,0.0070,,
1.9990,488,227.9,20.7,0.0070,,
2.0065,489,228.2,20.7,0.0070,,
2.0150,490,228.5,20.7,0.0075,,
2.0235,491,228.9,20.7,0.0075,,
2.0320,492,229.1,20.7,0.0070,,
2.0400,493,229.4,20.7,0.0065,,
2.0485,494,229.7,20.7,0.0070,,
2.0560,495,230.0,20.7,0.0070,,
2.0645,496,230.2,20.7,0.0075,,
2.0730,497,230.4,20.7,0.0075,,
2.0815,498,230.7,20.7,0.0070,,
2.0900,499,231.1,20.7,0.0070,,
2.0985,500,231.3,20.7,0.0070,,
2.1060,501,231.7,20.7,0.0070,,
2.1145,502,231.9,20.7,0.0075,,
2.1225,503,232.2,20.7,0.0075,,
2.1310,504,232.5,20.7,0.0070,,
2.1395,505,232.7,20.7,0.0070,,
2.1480,506,233.0,20.7,0.0070,,
2.1555,507,233.1,20.7,0.0070,,
2.1640,508,233.5,20.7,0.0075,,
2.1725,509,233.7,20.7,0.0070,,
2.1805,510,233.8,20.7,0.0065,,
2.1890,511,234.1,20.7,0.0070,,
2.1920,512,234.3,20.7,0.0025,,
2.1925,513,234.3,20.7,0.0005,,
2.1930,514,234.4,20.7,0.0005,,
2.1945,515,234.3,20.7,0.0010,,
2.1970,516,234.5,20.7,0.0020,,
2.2000,517,234.6,20.7,0.0025,,
2.2040,518,234.6,20.7,0.0035,,
2.2070,519,234.7,20.7,0.0025,,
2.2090,520,234.7,20.7,0.0020,,
2.2090,521,234.8,20.7,0.0000,,
2.2105,522,234.9,20.7,0.0010,,
2.2120,523,234.8,20.7,0.0010,,
2.2140,524,234.9,20.7,0.0015,,
2.2170,525,234.9,20.7,0.0025,,
2.2180,525,235.1,20.7,0.0025,,
