SampleID,TA,Mass,Sample.Index
Junk1,2401.904545,60.2206,1
Junk2,2425.269641,59.8155,2
Junk3,2413.543922,59.8292,3
CRM,2235.302986,59.7411,4
