"SampleID","TA","Mass","Sample.Index","TA_evap"
"junk1",2192.8837154382,59.7701,1,2192.8837154382
"junk2",2171.19803696268,59.8775,2,2169.95806092787
"junk3",2169.04274109516,59.8869,3,2166.56666490669
"junk4",2247.64188483398,59.8667,4,2243.79537847089
"junk5",2255.24320704654,60.1758,5,2250.10012105556
"junk6",2260.04524311116,60.1423,6,2253.60636777466
"crm1",2220.13274890551,60.0172,7,2212.54687390925
"crm2",2215.27907041521,59.932,8,2206.45325738567
