"SampleID","TA","Mass","Sample.Index"
"junk1",1999.52536993599,60.1445,1
"junk2",1980.68189584048,59.8509,2
"crm",2229.70694697415,59.8807,3
