"SampleID","TA","Mass","Sample.Index"
"junk1",2254.71347300797,60.1009,1
"junk2",2374.98852796118,60.001,2
"junk3",2292.88850418667,60.1825,3
"crm",2182.56088929539,60.0776,4
