SampleID,TA,Mass,Sample.Index
junk,2264.678415,60.1314,1
crm,2215.163061,59.9686,2
