SampleID,TA,Mass,Sample.Index
junk,2284.455048,59.7145,1
RB4-8-Light,2337.301816,60.0317,2
RB2-8-Light,2328.907372,60.0749,3
RB1-8-Light,2329.139707,60.2401,4
OF4-8-Light,2319.075337,60.1817,5
OF3-8-Light,2319.390348,60.0153,6
OF2-8-Light,2328.927852,59.809,7
OF1-8-Light,2317.136635,60.218,8
BK2-8-Light,2338.638026,59.9956,9
BK1-8-Light,2326.501182,60.2651,10
start 8c-Light,2333.68323,60.1817,11
start 8b-Light,2342.677256,60.0562,12
start 8a-Light,2338.61587,60.117,13
