SampleID,TA,Mass,Sample.Index
Junk,2274.913113,59.6769,1
CRM1,2215.469165,59.9358,2
CRM2,2207.496509,60.0748,3
CRM3,2207.280011,59.7366,4
