"SampleID","TA","Mass","Sample.Index"
"junk1",2345.06148228952,60.3709,1
"junk2",2289.46342635454,60.0699,2
"CRM",2200.2290557818,60.0385,3
