"SampleID","TA","Mass","Sample.Index"
"junk",2315.58954962543,59.9848,1
"CRM",2193.04887453712,60.2662,2
