"SampleID","TA","Mass","Sample.Index"
"junk1",2215.38858191663,60.0616,1
"junk2",2223.99524978007,60.1068,2
"junk3",2202.85866334399,60.0794,3
"crm",2193.41589946142,60.157,4
