"SampleID","TA","Mass","Sample.Index"
"junk1",2325.07015294989,60.2495,1
"junk2",2322.8921732538,60.3084,2
"crm",2209.56827158616,60.1647,3
