"SampleID","TA","Mass","Sample.Index"
"junk1",2319.32824799872,60.4023,1
"crm",2211.00614722315,60.1154,2
