SampleID,TA,Mass,Sample.Index
Junk1,2398.015601,60.3789,1
Junk2,2234.560054,59.8686,2
Junk3,2218.13968,60.1555,3
CRM,2224.96845,60.2791,4
