"SampleID","TA","Mass","Sample.Index"
"junk1",2240.84467665758,59.9533,1
"junk2",2237.94303008286,60.1333,2
"junk3",2242.23507604646,59.9087,3
