Task,T1993
Scope 1/1, Sample 1/33 (junk1)
Result,TitrationEP1
V,t,E,T,dV/dt,E acc. stat.,Volume acc. stat.
0.0000,0,-65.6,20.8,NaN,,
0.0010,1,-65.5,20.8,0.0010,,
0.0025,2,-65.5,20.8,0.0015,,
0.0050,3,-65.5,20.8,0.0025,,
0.0090,4,-65.3,20.8,0.0035,,
0.0150,5,-65.1,20.8,0.0055,,
0.0235,6,-64.8,20.8,0.0075,,
0.0320,7,-64.0,20.8,0.0075,,
0.0395,8,-63.3,20.8,0.0075,,
0.0480,9,-62.4,20.8,0.0075,,
0.0565,10,-61.5,20.8,0.0075,,
0.0650,11,-60.5,20.8,0.0075,,
0.0735,12,-59.3,20.8,0.0075,,
0.0815,13,-58.2,20.8,0.0080,,
0.0895,14,-56.9,20.8,0.0080,,
0.0975,15,-55.5,20.8,0.0075,,
0.1060,16,-54.0,20.8,0.0075,,
0.1145,17,-52.4,20.8,0.0075,,
0.1230,18,-50.8,20.8,0.0075,,
0.1305,19,-49.2,20.8,0.0075,,
0.1390,20,-47.5,20.8,0.0085,,
0.1475,21,-45.6,20.8,0.0075,,
0.1560,22,-43.9,20.8,0.0075,,
0.1640,23,-41.9,20.8,0.0075,,
0.1725,24,-39.6,20.8,0.0075,,
0.1800,25,-37.6,20.8,0.0075,,
0.1885,26,-35.1,20.8,0.0085,,
0.1970,27,-32.7,20.8,0.0075,,
0.2055,28,-30.1,20.8,0.0075,,
0.2140,29,-27.1,20.8,0.0075,,
0.2225,30,-24.3,20.8,0.0075,,
0.2300,31,-21.6,20.8,0.0075,,
0.2385,32,-18.7,20.8,0.0075,,
0.2465,33,-15.9,20.8,0.0075,,
0.2550,34,-13.2,20.8,0.0075,,
0.2635,35,-11.0,20.8,0.0075,,
0.2710,36,-9.0,20.8,0.0075,,
0.2795,37,-6.9,20.8,0.0085,,
0.2880,38,-4.9,20.8,0.0075,,
0.2965,39,-3.1,20.8,0.0075,,
0.3050,40,-1.6,20.8,0.0075,,
0.3130,41,-0.1,20.8,0.0075,,
0.3210,42,1.2,20.8,0.0080,,
0.3295,43,2.9,20.8,0.0075,,
0.3375,44,4.2,20.8,0.0075,,
0.3460,45,5.6,20.8,0.0075,,
0.3545,46,6.9,20.8,0.0075,,
0.3630,47,8.0,20.8,0.0075,,
0.3705,48,9.2,20.8,0.0075,,
0.3790,49,10.2,20.8,0.0075,,
0.3875,50,11.3,20.8,0.0075,,
0.3960,51,12.4,20.8,0.0075,,
0.4040,52,13.4,20.8,0.0075,,
0.4125,53,14.3,20.8,0.0085,,
0.4200,54,15.3,20.8,0.0075,,
0.4285,55,16.5,20.8,0.0075,,
0.4370,56,17.5,20.8,0.0075,,
0.4455,57,18.4,20.8,0.0075,,
0.4540,58,19.4,20.8,0.0075,,
0.4615,59,20.3,20.8,0.0075,,
0.4700,60,21.3,20.8,0.0085,,
0.4780,61,22.2,20.8,0.0075,,
0.4865,62,23.2,20.8,0.0075,,
0.4950,63,24.1,20.8,0.0075,,
0.5035,64,25.0,20.8,0.0075,,
0.5110,65,25.8,20.8,0.0075,,
0.5195,66,26.5,20.8,0.0085,,
0.5280,67,27.4,20.8,0.0075,,
0.5365,68,28.3,20.8,0.0075,,
0.5450,69,29.2,20.8,0.0075,,
0.5530,70,30.2,20.8,0.0075,,
0.5610,71,31.0,20.8,0.0080,,
0.5690,72,31.9,20.8,0.0075,,
0.5775,73,32.8,20.8,0.0075,,
0.5860,74,33.7,20.8,0.0075,,
0.5945,75,34.6,20.8,0.0075,,
0.6030,76,35.4,20.8,0.0085,,
0.6105,77,36.4,20.8,0.0075,,
0.6190,78,37.2,20.8,0.0075,,
0.6275,79,38.1,20.8,0.0075,,
0.6355,80,38.9,20.8,0.0075,,
0.6440,81,39.8,20.8,0.0075,,
0.6515,82,40.7,20.8,0.0075,,
0.6600,83,41.5,20.8,0.0085,,
0.6685,84,42.4,20.8,0.0075,,
0.6770,85,43.4,20.8,0.0075,,
0.6855,86,44.2,20.8,0.0075,,
0.6940,87,45.0,20.8,0.0075,,
0.7015,88,45.8,20.8,0.0075,,
0.7100,89,46.8,20.8,0.0075,,
0.7180,90,47.9,20.8,0.0075,,
0.7265,91,48.7,20.8,0.0075,,
0.7350,92,49.7,20.8,0.0075,,
0.7425,93,50.4,20.8,0.0075,,
0.7510,94,51.5,20.8,0.0085,,
0.7595,95,52.4,20.8,0.0075,,
0.7680,96,53.2,20.8,0.0075,,
0.7765,97,54.2,20.8,0.0075,,
0.7850,98,55.2,20.8,0.0075,,
0.7925,99,56.0,20.8,0.0075,,
0.8010,100,56.9,20.8,0.0085,,
0.8090,101,57.8,20.8,0.0075,,
0.8175,102,58.7,20.8,0.0075,,
0.8260,103,59.7,20.8,0.0075,,
0.8345,104,60.6,20.8,0.0075,,
0.8420,105,61.4,20.8,0.0075,,
0.8505,106,62.4,20.8,0.0085,,
0.8590,107,63.3,20.8,0.0075,,
0.8670,108,64.2,20.8,0.0075,,
0.8755,109,65.2,20.8,0.0075,,
0.8840,110,66.2,20.8,0.0075,,
0.8915,111,67.1,20.8,0.0075,,
0.9000,112,68.0,20.8,0.0085,,
0.9085,113,69.0,20.8,0.0075,,
0.9170,114,69.9,20.8,0.0075,,
0.9255,115,70.9,20.8,0.0075,,
0.9335,116,71.9,20.8,0.0075,,
0.9415,117,72.8,20.8,0.0080,,
0.9495,118,73.7,20.8,0.0075,,
0.9580,119,74.7,20.8,0.0075,,
0.9665,120,75.8,20.8,0.0075,,
0.9750,121,76.9,20.8,0.0075,,
0.9835,122,77.9,20.8,0.0085,,
0.9910,123,78.9,20.8,0.0075,,
0.9995,124,80.0,20.8,0.0075,,
1.0080,125,81.0,20.8,0.0075,,
1.0160,126,81.9,20.8,0.0075,,
1.0245,127,83.0,20.8,0.0075,,
1.0320,128,84.0,20.8,0.0075,,
1.0405,129,84.9,20.8,0.0085,,
1.0490,130,86.0,20.8,0.0075,,
1.0575,131,87.1,20.8,0.0075,,
1.0660,132,88.4,20.8,0.0075,,
1.0745,133,89.5,20.8,0.0075,,
1.0820,134,90.5,20.8,0.0075,,
1.0905,135,91.7,20.8,0.0075,,
1.0985,136,92.9,20.8,0.0075,,
1.1070,137,94.3,20.8,0.0075,,
1.1155,138,95.4,20.8,0.0075,,
1.1240,139,96.7,20.8,0.0085,,
1.1315,140,97.7,20.8,0.0075,,
1.1400,141,99.2,20.8,0.0075,,
1.1485,142,100.7,20.8,0.0075,,
1.1570,143,102.0,20.8,0.0075,,
1.1655,144,103.6,20.8,0.0075,,
1.1735,145,104.9,20.8,0.0080,,
1.1815,146,106.6,20.8,0.0080,,
1.1895,147,108.3,20.8,0.0075,,
1.1980,148,109.9,20.8,0.0075,,
1.2065,149,111.8,20.8,0.0075,,
1.2150,150,113.7,20.8,0.0075,,
1.2225,151,115.5,20.8,0.0075,,
1.2310,152,117.4,20.8,0.0085,,
1.2395,153,119.3,20.8,0.0075,,
1.2480,154,121.5,20.8,0.0075,,
1.2560,155,123.6,20.8,0.0075,,
1.2645,156,125.9,20.8,0.0075,,
1.2720,157,128.1,20.8,0.0075,,
1.2805,158,130.9,20.8,0.0075,,
1.2890,159,133.9,20.8,0.0075,,
1.2975,160,137.1,20.8,0.0075,,
1.3060,161,140.2,20.8,0.0075,,
1.3145,162,143.2,20.8,0.0085,,
1.3220,163,146.7,20.8,0.0075,,
1.3305,164,150.2,20.8,0.0075,,
1.3385,165,153.8,20.8,0.0075,,
1.3470,166,157.7,20.8,0.0075,,
1.3555,167,161.4,20.8,0.0075,,
1.3640,168,164.5,20.8,0.0085,,
1.3715,169,168.0,20.8,0.0075,,
1.3800,170,171.1,20.8,0.0085,,
1.3885,171,174.0,20.8,0.0075,,
1.3965,172,177.0,20.8,0.0075,,
1.4050,173,179.4,20.8,0.0075,,
1.4135,174,181.7,20.8,0.0085,,
1.4210,175,183.7,20.8,0.0075,,
1.4280,176,185.2,20.8,0.0080,,
1.4280,416,188.1,20.8,0.0000,,
1.4285,417,188.3,20.8,0.0005,,
1.4300,418,188.4,20.8,0.0015,,
1.4325,419,188.5,20.8,0.0030,,
1.4365,420,189.0,20.8,0.0040,,
1.4430,421,189.9,20.8,0.0065,,
1.4510,422,191.1,20.8,0.0080,,
1.4590,423,192.3,20.8,0.0090,,
1.4670,424,193.8,20.8,0.0090,,
1.4755,425,195.3,20.8,0.0095,,
1.4840,426,196.7,20.8,0.0085,,
1.4925,427,198.0,20.8,0.0085,,
1.5010,428,199.1,20.8,0.0095,,
1.5085,429,200.3,20.8,0.0085,,
1.5170,430,201.3,20.8,0.0095,,
1.5250,431,202.3,20.8,0.0090,,
1.5335,432,203.4,20.8,0.0085,,
1.5420,433,204.3,20.8,0.0085,,
1.5505,434,205.5,20.8,0.0085,,
1.5580,435,206.2,20.8,0.0085,,
1.5665,436,207.3,20.8,0.0095,,
1.5750,437,208.1,20.8,0.0095,,
1.5835,438,208.9,20.8,0.0085,,
1.5915,439,209.7,20.8,0.0080,,
1.6000,440,210.5,20.8,0.0085,,
1.6085,441,211.2,20.8,0.0095,,
1.6160,442,211.9,20.8,0.0085,,
1.6245,443,212.6,20.8,0.0095,,
1.6330,444,213.4,20.8,0.0085,,
1.6415,445,214.1,20.8,0.0085,,
1.6495,446,214.7,20.8,0.0080,,
1.6580,447,215.3,20.8,0.0095,,
1.6655,448,215.8,20.8,0.0085,,
1.6740,449,216.4,20.8,0.0095,,
1.6825,450,217.1,20.8,0.0085,,
1.6910,451,217.6,20.8,0.0085,,
1.6995,452,218.2,20.8,0.0085,,
1.7075,453,218.6,20.8,0.0090,,
1.7155,454,219.2,20.8,0.0090,,
1.7235,455,219.8,20.8,0.0090,,
1.7320,456,220.2,20.8,0.0095,,
1.7405,457,220.8,20.8,0.0085,,
1.7490,458,221.3,20.8,0.0085,,
1.7575,459,221.8,20.8,0.0085,,
1.7650,460,222.3,20.8,0.0085,,
1.7735,461,222.6,20.8,0.0095,,
1.7815,462,223.1,20.8,0.0090,,
1.7900,463,223.7,20.8,0.0085,,
1.7985,464,224.1,20.8,0.0085,,
1.8070,465,224.5,20.8,0.0085,,
1.8145,466,224.9,20.8,0.0085,,
1.8230,467,225.3,20.8,0.0095,,
1.8315,468,225.8,20.8,0.0095,,
1.8395,469,226.1,20.8,0.0080,,
1.8480,470,226.5,20.8,0.0085,,
1.8565,471,227.0,20.8,0.0085,,
1.8640,472,227.3,20.8,0.0085,,
1.8725,473,227.7,20.8,0.0095,,
1.8810,474,228.1,20.8,0.0095,,
1.8895,475,228.4,20.8,0.0085,,
1.8980,476,228.9,20.8,0.0085,,
1.9060,477,229.2,20.8,0.0080,,
1.9140,478,229.6,20.8,0.0090,,
1.9220,479,229.8,20.8,0.0090,,
1.9305,480,230.3,20.8,0.0095,,
1.9390,481,230.6,20.8,0.0085,,
1.9475,482,230.9,20.8,0.0085,,
1.9560,483,231.2,20.8,0.0085,,
1.9635,484,231.5,20.8,0.0085,,
1.9720,485,231.9,20.8,0.0095,,
1.9800,486,232.3,20.8,0.0090,,
1.9885,487,232.5,20.8,0.0085,,
1.9970,488,232.9,20.8,0.0085,,
2.0055,489,233.4,20.8,0.0085,,
2.0130,490,233.5,20.8,0.0085,,
2.0210,491,233.8,20.8,0.0090,,
2.0280,492,234.0,20.8,0.0080,,
2.0305,493,234.1,20.8,0.0025,,
2.0310,494,234.4,20.8,0.0005,,
2.0325,495,234.5,20.8,0.0015,,
2.0340,496,234.5,20.8,0.0015,,
2.0365,497,234.5,20.8,0.0030,,
2.0400,498,234.6,20.8,0.0040,,
2.0425,499,234.8,20.8,0.0025,,
2.0440,500,234.8,20.7,0.0015,,
2.0445,501,234.8,20.8,0.0005,,
2.0460,502,234.7,20.8,0.0015,,
2.0475,503,234.9,20.8,0.0015,,
2.0485,503,235.0,20.8,0.0035,,
Scope 1/1, Sample 2/33 (junk2)
Result,TitrationEP1
V,t,E,T,dV/dt,E acc. stat.,Volume acc. stat.
0.0000,0,-64.6,20.5,NaN,,
0.0010,1,-64.7,20.5,0.0010,,
0.0025,2,-64.6,20.5,0.0015,,
0.0050,3,-64.7,20.5,0.0025,,
0.0090,4,-64.5,20.5,0.0035,,
0.0150,5,-64.1,20.5,0.0055,,
0.0235,6,-63.8,20.5,0.0075,,
0.0310,7,-63.3,20.5,0.0075,,
0.0395,8,-62.7,20.5,0.0085,,
0.0480,9,-61.7,20.5,0.0085,,
0.0565,10,-60.6,20.5,0.0075,,
0.0645,11,-59.6,20.5,0.0075,,
0.0730,12,-58.5,20.5,0.0075,,
0.0815,13,-57.4,20.5,0.0085,,
0.0890,14,-56.0,20.5,0.0075,,
0.0975,15,-54.5,20.5,0.0085,,
0.1060,16,-53.2,20.5,0.0075,,
0.1145,17,-51.6,20.5,0.0075,,
0.1230,18,-49.9,20.5,0.0075,,
0.1310,19,-48.4,20.5,0.0080,,
0.1390,20,-46.6,20.5,0.0080,,
0.1470,21,-44.8,20.5,0.0080,,
0.1555,22,-42.8,20.5,0.0075,,
0.1640,23,-40.6,20.5,0.0075,,
0.1725,24,-38.4,20.5,0.0075,,
0.1810,25,-36.2,20.5,0.0085,,
0.1885,26,-33.9,20.5,0.0075,,
0.1970,27,-31.2,20.5,0.0085,,
0.2050,28,-28.4,20.5,0.0075,,
0.2135,29,-25.8,20.5,0.0075,,
0.2220,30,-23.0,20.5,0.0075,,
0.2305,31,-20.5,20.5,0.0085,,
0.2380,32,-17.6,20.5,0.0075,,
0.2465,33,-15.0,20.5,0.0085,,
0.2550,34,-12.6,20.5,0.0075,,
0.2635,35,-10.4,20.5,0.0075,,
0.2715,36,-8.2,20.5,0.0075,,
0.2795,37,-6.3,20.5,0.0080,,
0.2875,38,-4.5,20.5,0.0080,,
0.2960,39,-3.0,20.5,0.0075,,
0.3045,40,-1.4,20.5,0.0075,,
0.3130,41,0.2,20.5,0.0075,,
0.3215,42,1.3,20.5,0.0075,,
0.3290,43,2.8,20.5,0.0075,,
0.3375,44,4.0,20.5,0.0085,,
0.3455,45,5.4,20.5,0.0080,,
0.3540,46,6.8,20.5,0.0075,,
0.3625,47,7.7,20.5,0.0075,,
0.3710,48,8.8,20.5,0.0075,,
0.3795,49,9.9,20.5,0.0085,,
0.3870,50,11.1,20.5,0.0075,,
0.3955,51,12.2,20.5,0.0085,,
0.4040,52,13.1,20.5,0.0075,,
0.4120,53,14.2,20.5,0.0075,,
0.4205,54,15.4,20.5,0.0075,,
0.4290,55,16.3,20.5,0.0075,,
0.4365,56,17.3,20.5,0.0075,,
0.4450,57,18.0,20.5,0.0075,,
0.4535,58,19.0,20.5,0.0075,,
0.4620,59,20.0,20.5,0.0075,,
0.4700,60,20.9,20.5,0.0075,,
0.4785,61,21.7,20.5,0.0075,,
0.4860,62,22.6,20.5,0.0075,,
0.4945,63,23.5,20.5,0.0085,,
0.5030,64,24.6,20.5,0.0075,,
0.5115,65,25.5,20.5,0.0075,,
0.5200,66,26.2,20.5,0.0075,,
0.5280,67,27.2,20.5,0.0075,,
0.5360,68,27.9,20.5,0.0080,,
0.5440,69,28.9,20.5,0.0080,,
0.5525,70,29.7,20.5,0.0075,,
0.5610,71,30.4,20.5,0.0075,,
0.5695,72,31.4,20.5,0.0075,,
0.5780,73,32.4,20.5,0.0075,,
0.5860,74,33.2,20.5,0.0080,,
0.5940,75,33.9,20.5,0.0080,,
0.6020,76,34.8,20.5,0.0075,,
0.6105,77,35.8,20.5,0.0075,,
0.6190,78,36.7,20.5,0.0075,,
0.6275,79,37.5,20.5,0.0075,,
0.6350,80,38.3,20.5,0.0075,,
0.6435,81,39.2,20.5,0.0085,,
0.6520,82,40.3,20.5,0.0075,,
0.6605,83,41.1,20.5,0.0075,,
0.6685,84,41.8,20.5,0.0075,,
0.6770,85,42.8,20.5,0.0075,,
0.6845,86,43.6,20.5,0.0075,,
0.6930,87,44.6,20.5,0.0085,,
0.7015,88,45.2,20.5,0.0075,,
0.7100,89,46.2,20.5,0.0075,,
0.7185,90,47.2,20.5,0.0075,,
0.7265,91,48.1,20.5,0.0075,,
0.7345,92,48.9,20.5,0.0080,,
0.7425,93,49.6,20.5,0.0080,,
0.7510,94,50.6,20.5,0.0075,,
0.7595,95,51.6,20.5,0.0075,,
0.7680,96,52.4,20.5,0.0075,,
0.7765,97,53.2,20.5,0.0075,,
0.7840,98,54.0,20.5,0.0075,,
0.7925,99,55.0,20.5,0.0085,,
0.8010,100,56.1,20.5,0.0075,,
0.8090,101,56.8,20.5,0.0075,,
0.8175,102,57.7,20.5,0.0075,,
0.8260,103,58.8,20.5,0.0075,,
0.8335,104,59.5,20.5,0.0075,,
0.8420,105,60.4,20.5,0.0085,,
0.8505,106,61.3,20.5,0.0075,,
0.8590,107,62.2,20.5,0.0075,,
0.8670,108,63.2,20.5,0.0075,,
0.8755,109,64.1,20.5,0.0075,,
0.8840,110,65.1,20.5,0.0085,,
0.8915,111,65.8,20.5,0.0075,,
0.9000,112,66.7,20.5,0.0085,,
0.9085,113,67.8,20.5,0.0075,,
0.9170,114,68.8,20.5,0.0075,,
0.9250,115,69.6,20.5,0.0075,,
0.9335,116,70.6,20.5,0.0085,,
0.9410,117,71.6,20.5,0.0075,,
0.9495,118,72.6,20.5,0.0085,,
0.9580,119,73.5,20.5,0.0075,,
0.9665,120,74.4,20.5,0.0075,,
0.9750,121,75.5,20.5,0.0075,,
0.9835,122,76.3,20.5,0.0085,,
0.9910,123,77.6,20.5,0.0075,,
0.9990,124,78.6,20.5,0.0080,,
1.0075,125,79.5,20.5,0.0075,,
1.0160,126,80.7,20.5,0.0075,,
1.0245,127,81.6,20.5,0.0075,,
1.0330,128,82.5,20.5,0.0075,,
1.0405,129,83.6,20.5,0.0075,,
1.0490,130,84.6,20.5,0.0085,,
1.0575,131,85.9,20.5,0.0075,,
1.0655,132,87.0,20.5,0.0075,,
1.0740,133,88.0,20.5,0.0075,,
1.0825,134,89.0,20.5,0.0085,,
1.0900,135,90.4,20.5,0.0075,,
1.0985,136,91.8,20.5,0.0085,,
1.1070,137,93.0,20.5,0.0075,,
1.1155,138,94.0,20.5,0.0075,,
1.1240,139,95.4,20.5,0.0075,,
1.1320,140,96.5,20.5,0.0080,,
1.1395,141,98.1,20.5,0.0075,,
1.1480,142,99.4,20.5,0.0085,,
1.1565,143,100.9,20.5,0.0075,,
1.1650,144,102.6,20.5,0.0075,,
1.1735,145,104.1,20.5,0.0075,,
1.1820,146,105.5,20.5,0.0085,,
1.1895,147,107.0,20.5,0.0075,,
1.1980,148,108.7,20.5,0.0085,,
1.2060,149,110.7,20.5,0.0075,,
1.2145,150,112.4,20.5,0.0075,,
1.2230,151,114.2,20.5,0.0075,,
1.2305,152,116.0,20.5,0.0075,,
1.2390,153,118.3,20.5,0.0085,,
1.2475,154,120.7,20.5,0.0075,,
1.2560,155,122.9,20.5,0.0075,,
1.2645,156,125.3,20.5,0.0075,,
1.2725,157,128.1,20.5,0.0075,,
1.2805,158,130.8,20.5,0.0080,,
1.2885,159,133.8,20.5,0.0080,,
1.2970,160,136.9,20.5,0.0075,,
1.3055,161,140.3,20.5,0.0075,,
1.3140,162,143.8,20.5,0.0075,,
1.3225,163,147.4,20.5,0.0075,,
1.3300,164,150.9,20.5,0.0075,,
1.3385,165,154.6,20.5,0.0085,,
1.3470,166,158.3,20.5,0.0075,,
1.3550,167,161.9,20.5,0.0075,,
1.3635,168,165.2,20.5,0.0075,,
1.3720,169,168.5,20.5,0.0075,,
1.3795,170,171.0,20.5,0.0075,,
1.3880,171,174.0,20.5,0.0085,,
1.3965,172,176.6,20.5,0.0075,,
1.4050,173,178.9,20.5,0.0075,,
1.4130,174,181.0,20.5,0.0075,,
1.4215,175,183.2,20.5,0.0075,,
1.4290,176,184.7,20.5,0.0075,,
1.4330,176,185.1,20.5,0.0080,,
1.4330,417,188.7,20.5,0.0000,,
1.4335,418,188.7,20.5,0.0010,,
1.4350,419,188.9,20.5,0.0025,,
1.4375,420,189.0,20.5,0.0040,,
1.4415,421,189.2,20.6,0.0055,,
1.4480,422,190.1,20.5,0.0095,,
1.4565,423,191.3,20.5,0.0120,,
1.4640,424,192.5,20.5,0.0125,,
1.4725,425,193.8,20.5,0.0140,,
1.4810,426,194.9,20.6,0.0140,,
1.4890,427,196.3,20.5,0.0115,,
1.4975,428,197.6,20.5,0.0120,,
1.5060,429,198.6,20.5,0.0120,,
1.5135,430,199.7,20.5,0.0125,,
1.5220,431,200.6,20.5,0.0140,,
1.5305,432,201.7,20.5,0.0140,,
1.5390,433,202.8,20.6,0.0120,,
1.5470,434,203.4,20.5,0.0115,,
1.5555,435,204.3,20.6,0.0120,,
1.5630,436,205.0,20.6,0.0125,,
1.5715,437,206.2,20.6,0.0140,,
1.5800,438,207.0,20.5,0.0120,,
1.5885,439,207.7,20.5,0.0120,,
1.5970,440,208.6,20.5,0.0120,,
1.6055,441,209.4,20.5,0.0120,,
1.6130,442,210.0,20.6,0.0125,,
1.6210,443,210.7,20.6,0.0135,,
1.6295,444,211.4,20.5,0.0120,,
1.6380,445,212.2,20.6,0.0120,,
1.6465,446,212.9,20.6,0.0120,,
1.6550,447,213.3,20.6,0.0120,,
1.6625,448,213.9,20.6,0.0125,,
1.6710,449,214.5,20.6,0.0140,,
1.6795,450,215.2,20.6,0.0140,,
1.6875,451,215.8,20.6,0.0115,,
1.6960,452,216.2,20.6,0.0120,,
1.7045,453,216.9,20.5,0.0120,,
1.7120,454,217.2,20.6,0.0125,,
1.7205,455,217.9,20.6,0.0140,,
1.7290,456,218.4,20.6,0.0140,,
1.7375,457,218.8,20.6,0.0120,,
1.7460,458,219.4,20.6,0.0120,,
1.7540,459,219.9,20.6,0.0115,,
1.7615,460,220.3,20.6,0.0125,,
1.7700,461,220.7,20.6,0.0140,,
1.7785,462,221.0,20.6,0.0140,,
1.7870,463,221.6,20.6,0.0120,,
1.7955,464,222.1,20.6,0.0120,,
1.8040,465,222.4,20.6,0.0120,,
1.8115,466,222.8,20.6,0.0125,,
1.8200,467,223.1,20.6,0.0140,,
1.8280,468,223.7,20.6,0.0135,,
1.8365,469,224.1,20.6,0.0120,,
1.8450,470,224.4,20.6,0.0120,,
1.8535,471,224.9,20.6,0.0120,,
1.8610,472,225.2,20.6,0.0125,,
1.8695,473,225.7,20.6,0.0140,,
1.8780,474,226.0,20.6,0.0140,,
1.8865,475,226.3,20.6,0.0120,,
1.8945,476,226.9,20.6,0.0115,,
1.9030,477,227.4,20.6,0.0120,,
1.9105,478,227.7,20.6,0.0125,,
1.9190,479,228.1,20.6,0.0140,,
1.9275,480,228.1,20.6,0.0140,,
1.9360,481,228.7,20.6,0.0120,,
1.9440,482,229.2,20.6,0.0115,,
1.9525,483,229.3,20.6,0.0120,,
1.9600,484,229.6,20.6,0.0125,,
1.9685,485,229.8,20.6,0.0140,,
1.9770,486,230.3,20.6,0.0140,,
1.9855,487,230.6,20.6,0.0120,,
1.9940,488,230.8,20.6,0.0120,,
2.0025,489,231.2,20.6,0.0120,,
2.0100,490,231.3,20.6,0.0125,,
2.0185,491,231.7,20.6,0.0140,,
2.0265,492,232.1,20.6,0.0135,,
2.0350,493,232.2,20.6,0.0120,,
2.0435,494,232.6,20.6,0.0120,,
2.0520,495,232.9,20.6,0.0120,,
2.0595,496,233.2,20.6,0.0125,,
2.0680,497,233.4,20.6,0.0140,,
2.0760,498,233.6,20.6,0.0135,,
2.0825,499,234.0,20.6,0.0095,,
2.0835,500,234.2,20.6,0.0015,,
2.0840,501,234.1,20.6,0.0005,,
2.0850,502,234.2,20.6,0.0015,,
2.0865,503,234.2,20.6,0.0025,,
2.0890,504,234.4,20.6,0.0040,,
2.0895,505,234.6,20.6,0.0005,,
2.0900,506,234.4,20.6,0.0005,,
2.0910,507,234.5,20.6,0.0015,,
2.0925,508,234.4,20.6,0.0025,,
2.0940,509,234.8,20.6,0.0025,,
2.0950,510,234.8,20.6,0.0015,,
2.0960,511,234.7,20.6,0.0015,,
2.0970,512,234.7,20.6,0.0015,,
2.0970,513,234.9,20.6,0.0000,,
2.0975,514,234.8,20.6,0.0005,,
2.0980,515,234.8,20.6,0.0005,,
2.0990,516,234.7,20.6,0.0015,,
2.1000,517,234.8,20.6,0.0015,,
2.1015,518,234.9,20.6,0.0020,,
2.1035,518,235.1,20.6,0.0040,,
Scope 1/1, Sample 3/33 (T24_1200_18March2026)
Result,TitrationEP1
V,t,E,T,dV/dt,E acc. stat.,Volume acc. stat.
0.0000,0,-57.4,19.6,NaN,,
0.0005,1,-57.3,19.6,0.0005,,
0.0025,2,-57.3,19.6,0.0020,,
0.0050,3,-57.3,19.6,0.0025,,
0.0090,4,-57.2,19.6,0.0035,,
0.0150,5,-56.9,19.6,0.0055,,
0.0235,6,-56.4,19.6,0.0075,,
0.0320,7,-55.7,19.6,0.0085,,
0.0395,8,-54.8,19.6,0.0075,,
0.0480,9,-53.7,19.6,0.0085,,
0.0565,10,-52.3,19.6,0.0075,,
0.0645,11,-51.0,19.6,0.0075,,
0.0730,12,-49.5,19.6,0.0075,,
0.0815,13,-48.0,19.6,0.0085,,
0.0890,14,-46.3,19.6,0.0075,,
0.0975,15,-44.4,19.6,0.0085,,
0.1060,16,-42.4,19.6,0.0075,,
0.1145,17,-40.4,19.6,0.0075,,
0.1230,18,-38.0,19.7,0.0075,,
0.1305,19,-35.9,19.6,0.0075,,
0.1385,20,-33.3,19.7,0.0080,,
0.1470,21,-30.5,19.6,0.0085,,
0.1555,22,-27.8,19.7,0.0075,,
0.1640,23,-25.0,19.7,0.0075,,
0.1725,24,-22.1,19.6,0.0075,,
0.1810,25,-19.3,19.7,0.0075,,
0.1885,26,-16.7,19.7,0.0075,,
0.1970,27,-14.2,19.7,0.0085,,
0.2050,28,-11.6,19.7,0.0075,,
0.2135,29,-9.4,19.7,0.0075,,
0.2220,30,-7.4,19.7,0.0075,,
0.2305,31,-5.5,19.7,0.0075,,
0.2380,32,-3.8,19.7,0.0075,,
0.2465,33,-2.0,19.7,0.0085,,
0.2550,34,-0.5,19.7,0.0075,,
0.2630,35,0.9,19.7,0.0075,,
0.2715,36,2.3,19.7,0.0075,,
0.2800,37,3.8,19.7,0.0075,,
0.2875,38,5.1,19.7,0.0075,,
0.2960,39,6.3,19.7,0.0085,,
0.3045,40,7.5,19.7,0.0075,,
0.3130,41,8.6,19.7,0.0075,,
0.3210,42,9.8,19.7,0.0075,,
0.3295,43,10.8,19.7,0.0085,,
0.3375,44,11.9,19.7,0.0080,,
0.3455,45,13.0,19.7,0.0080,,
0.3540,46,14.2,19.7,0.0075,,
0.3625,47,15.2,19.7,0.0075,,
0.3710,48,16.1,19.7,0.0075,,
0.3795,49,17.0,19.7,0.0085,,
0.3870,50,17.9,19.7,0.0075,,
0.3955,51,18.9,19.7,0.0085,,
0.4035,52,19.9,19.7,0.0075,,
0.4120,53,20.8,19.7,0.0075,,
0.4205,54,21.9,19.7,0.0075,,
0.4290,55,22.9,19.7,0.0075,,
0.4365,56,23.6,19.7,0.0075,,
0.4450,57,24.6,19.7,0.0085,,
0.4535,58,25.4,19.7,0.0075,,
0.4615,59,26.3,19.7,0.0075,,
0.4700,60,27.3,19.7,0.0075,,
0.4785,61,28.1,19.7,0.0075,,
0.4860,62,28.9,19.7,0.0075,,
0.4945,63,29.8,19.7,0.0085,,
0.5030,64,30.6,19.7,0.0075,,
0.5115,65,31.6,19.7,0.0075,,
0.5200,66,32.3,19.7,0.0075,,
0.5280,67,33.1,19.7,0.0075,,
0.5360,68,33.9,19.7,0.0080,,
0.5440,69,34.9,19.7,0.0080,,
0.5525,70,35.7,19.7,0.0075,,
0.5610,71,36.5,19.7,0.0075,,
0.5695,72,37.4,19.7,0.0075,,
0.5780,73,38.3,19.7,0.0075,,
0.5855,74,39.0,19.7,0.0075,,
0.5940,75,39.9,19.7,0.0085,,
0.6025,76,40.7,19.7,0.0075,,
0.6105,77,41.7,19.7,0.0075,,
0.6190,78,42.6,19.7,0.0075,,
0.6275,79,43.4,19.7,0.0085,,
0.6350,80,44.2,19.7,0.0075,,
0.6435,81,45.0,19.7,0.0085,,
0.6520,82,46.0,19.7,0.0075,,
0.6605,83,46.9,19.7,0.0075,,
0.6685,84,47.7,19.7,0.0075,,
0.6770,85,48.7,19.7,0.0075,,
0.6845,86,49.4,19.7,0.0075,,
0.6930,87,50.4,19.7,0.0085,,
0.7015,88,51.3,19.7,0.0075,,
0.7100,89,52.1,19.7,0.0075,,
0.7185,90,53.1,19.7,0.0075,,
0.7270,91,53.9,19.7,0.0075,,
0.7345,92,54.7,19.7,0.0075,,
0.7430,93,55.6,19.7,0.0085,,
0.7510,94,56.5,19.7,0.0075,,
0.7595,95,57.4,19.7,0.0075,,
0.7680,96,58.3,19.7,0.0075,,
0.7765,97,59.2,19.7,0.0075,,
0.7840,98,60.1,19.7,0.0075,,
0.7925,99,61.1,19.7,0.0085,,
0.8010,100,61.9,19.7,0.0075,,
0.8090,101,62.8,19.7,0.0075,,
0.8175,102,63.7,19.7,0.0075,,
0.8260,103,64.5,19.7,0.0085,,
0.8335,104,65.4,19.7,0.0075,,
0.8420,105,66.3,19.7,0.0085,,
0.8505,106,67.3,19.7,0.0075,,
0.8590,107,68.1,19.7,0.0075,,
0.8675,108,69.1,19.7,0.0075,,
0.8755,109,70.0,19.7,0.0080,,
0.8835,110,71.0,19.7,0.0080,,
0.8915,111,72.0,19.7,0.0080,,
0.9000,112,72.9,19.7,0.0075,,
0.9085,113,74.0,19.7,0.0075,,
0.9170,114,75.0,19.7,0.0075,,
0.9255,115,76.0,19.7,0.0075,,
0.9330,116,76.8,19.7,0.0075,,
0.9415,117,78.0,19.7,0.0085,,
0.9495,118,78.8,19.7,0.0075,,
0.9580,119,80.0,19.7,0.0075,,
0.9665,120,81.0,19.7,0.0075,,
0.9750,121,82.0,19.7,0.0075,,
0.9825,122,83.1,19.7,0.0075,,
0.9910,123,84.2,19.7,0.0085,,
0.9995,124,85.3,19.7,0.0075,,
1.0075,125,86.3,19.7,0.0075,,
1.0160,126,87.5,19.7,0.0075,,
1.0245,127,88.6,19.7,0.0075,,
1.0320,128,89.7,19.7,0.0075,,
1.0405,129,90.8,19.7,0.0085,,
1.0490,130,92.0,19.7,0.0075,,
1.0575,131,93.3,19.7,0.0075,,
1.0655,132,94.7,19.7,0.0075,,
1.0740,133,95.9,19.7,0.0075,,
1.0815,134,97.1,19.7,0.0075,,
1.0900,135,98.5,19.7,0.0085,,
1.0985,136,99.9,19.7,0.0075,,
1.1070,137,101.2,19.7,0.0075,,
1.1155,138,102.8,19.7,0.0075,,
1.1240,139,104.4,19.7,0.0075,,
1.1315,140,106.0,19.7,0.0075,,
1.1395,141,107.8,19.7,0.0080,,
1.1480,142,109.4,19.7,0.0085,,
1.1565,143,111.1,19.7,0.0075,,
1.1650,144,112.7,19.7,0.0075,,
1.1735,145,114.9,19.7,0.0075,,
1.1820,146,116.6,19.7,0.0085,,
1.1895,147,118.8,19.7,0.0075,,
1.1980,148,121.2,19.7,0.0085,,
1.2060,149,123.5,19.7,0.0075,,
1.2145,150,126.1,19.7,0.0075,,
1.2230,151,128.9,19.7,0.0075,,
1.2315,152,131.7,19.7,0.0075,,
1.2390,153,134.6,19.7,0.0075,,
1.2475,154,137.8,19.7,0.0085,,
1.2560,155,141.0,19.7,0.0075,,
1.2640,156,144.5,19.7,0.0075,,
1.2725,157,148.2,19.7,0.0075,,
1.2810,158,152.0,19.7,0.0075,,
1.2885,159,155.1,19.7,0.0075,,
1.2970,160,158.8,19.7,0.0085,,
1.3055,161,162.3,19.7,0.0075,,
1.3140,162,165.8,19.7,0.0075,,
1.3220,163,169.2,19.7,0.0075,,
1.3305,164,171.8,19.7,0.0085,,
1.3385,165,174.6,19.7,0.0080,,
1.3465,166,177.2,19.7,0.0080,,
1.3550,167,179.7,19.7,0.0075,,
1.3635,168,182.0,19.7,0.0075,,
1.3720,169,184.0,19.7,0.0075,,
1.3790,170,185.1,19.7,0.0070,,
1.3790,410,188.6,19.8,0.0000,,
1.3795,411,188.7,19.8,0.0005,,
1.3810,412,188.7,19.8,0.0015,,
1.3835,413,188.9,19.8,0.0025,,
1.3875,414,189.2,19.8,0.0035,,
1.3935,415,190.1,19.8,0.0055,,
1.4015,416,191.0,19.8,0.0075,,
1.4095,417,192.4,19.8,0.0080,,
1.4175,418,193.7,19.8,0.0080,,
1.4260,419,195.1,19.8,0.0085,,
1.4345,420,196.4,19.8,0.0075,,
1.4430,421,197.7,19.8,0.0075,,
1.4515,422,198.9,19.8,0.0075,,
1.4590,423,199.8,19.8,0.0075,,
1.4675,424,201.0,19.8,0.0085,,
1.4755,425,202.1,19.8,0.0080,,
1.4840,426,203.0,19.8,0.0075,,
1.4925,427,204.0,19.8,0.0075,,
1.5010,428,205.0,19.8,0.0075,,
1.5095,429,205.8,19.8,0.0085,,
1.5170,430,206.7,19.8,0.0075,,
1.5255,431,207.5,19.8,0.0085,,
1.5335,432,208.5,19.8,0.0075,,
1.5420,433,209.3,19.8,0.0075,,
1.5505,434,210.0,19.8,0.0075,,
1.5590,435,210.8,19.8,0.0085,,
1.5665,436,211.4,19.8,0.0070,,
1.5750,437,212.1,19.8,0.0085,,
1.5835,438,212.8,19.8,0.0075,,
1.5920,439,213.5,19.8,0.0075,,
1.6000,440,214.1,19.8,0.0075,,
1.6085,441,214.6,19.8,0.0075,,
1.6160,442,215.2,19.8,0.0075,,
1.6245,443,215.8,19.8,0.0085,,
1.6330,444,216.4,19.8,0.0085,,
1.6415,445,216.9,19.8,0.0075,,
1.6500,446,217.5,19.8,0.0075,,
1.6580,447,218.1,19.8,0.0075,,
1.6655,448,218.7,19.8,0.0075,,
1.6740,449,219.2,19.8,0.0085,,
1.6825,450,219.8,19.8,0.0085,,
1.6910,451,220.3,19.8,0.0075,,
1.6995,452,220.9,19.8,0.0075,,
1.7080,453,221.2,19.8,0.0075,,
1.7155,454,221.7,19.8,0.0075,,
1.7240,455,222.2,19.8,0.0085,,
1.7320,456,222.7,19.8,0.0080,,
1.7405,457,223.2,19.8,0.0075,,
1.7490,458,223.6,19.8,0.0075,,
1.7575,459,224.0,19.8,0.0075,,
1.7650,460,224.2,19.8,0.0075,,
1.7735,461,224.7,19.8,0.0085,,
1.7820,462,225.2,19.8,0.0085,,
1.7900,463,225.4,19.8,0.0075,,
1.7985,464,226.0,19.8,0.0075,,
1.8070,465,226.5,19.8,0.0075,,
1.8145,466,226.8,19.8,0.0075,,
1.8230,467,227.1,19.8,0.0085,,
1.8315,468,227.4,19.8,0.0085,,
1.8400,469,227.7,19.8,0.0075,,
1.8485,470,228.2,19.8,0.0075,,
1.8565,471,228.5,19.8,0.0075,,
1.8640,472,228.9,19.8,0.0075,,
1.8725,473,229.2,19.8,0.0085,,
1.8810,474,229.7,19.8,0.0085,,
1.8895,475,230.1,19.8,0.0075,,
1.8980,476,230.4,19.8,0.0075,,
1.9065,477,230.8,19.8,0.0075,,
1.9145,478,231.0,19.8,0.0080,,
1.9225,479,231.4,19.8,0.0080,,
1.9305,480,231.7,19.8,0.0080,,
1.9390,481,232.0,19.8,0.0075,,
1.9475,482,232.4,19.8,0.0075,,
1.9560,483,232.7,19.8,0.0075,,
1.9645,484,232.9,19.9,0.0085,,
1.9720,485,233.2,19.8,0.0075,,
1.9805,486,233.4,19.9,0.0085,,
1.9880,487,233.8,19.9,0.0070,,
1.9945,488,234.1,19.9,0.0060,,
1.9990,489,234.2,19.8,0.0040,,
2.0020,490,234.3,19.9,0.0030,,
2.0040,491,234.4,19.9,0.0020,,
2.0055,492,234.5,19.9,0.0015,,
2.0070,493,234.5,19.9,0.0015,,
2.0080,494,234.5,19.9,0.0010,,
2.0085,495,234.6,19.9,0.0005,,
2.0095,496,234.7,19.9,0.0010,,
2.0105,497,234.7,19.9,0.0010,,
2.0125,498,234.8,19.9,0.0020,,
2.0145,499,234.9,19.9,0.0020,,
2.0175,500,235.0,19.9,0.0025,,
Scope 1/1, Sample 4/33 (S1)
Result,TitrationEP1
V,t,E,T,dV/dt,E acc. stat.,Volume acc. stat.
0.0000,0,-58.3,19.7,NaN,,
0.0010,1,-58.5,19.7,0.0010,,
0.0025,2,-58.5,19.7,0.0015,,
0.0050,3,-58.3,19.7,0.0025,,
0.0095,4,-58.3,19.7,0.0035,,
0.0160,5,-58.1,19.7,0.0055,,
0.0235,6,-57.6,19.7,0.0070,,
0.0320,7,-56.9,19.7,0.0075,,
0.0405,8,-56.0,19.7,0.0075,,
0.0490,9,-54.8,19.7,0.0070,,
0.0570,10,-53.6,19.7,0.0065,,
0.0655,11,-52.1,19.7,0.0070,,
0.0730,12,-50.7,19.7,0.0070,,
0.0815,13,-49.1,19.7,0.0075,,
0.0900,14,-47.4,19.7,0.0075,,
0.0985,15,-45.5,19.7,0.0070,,
0.1070,16,-43.5,19.7,0.0070,,
0.1150,17,-41.5,19.7,0.0065,,
0.1230,18,-39.4,19.7,0.0075,,
0.1310,19,-37.1,19.7,0.0075,,
0.1395,20,-34.5,19.7,0.0075,,
0.1480,21,-31.9,19.7,0.0075,,
0.1565,22,-29.3,19.7,0.0070,,
0.1650,23,-26.3,19.7,0.0070,,
0.1730,24,-23.5,19.7,0.0075,,
0.1810,25,-20.4,19.7,0.0075,,
0.1890,26,-17.4,19.7,0.0075,,
0.1975,27,-14.7,19.7,0.0075,,
0.2060,28,-12.2,19.7,0.0070,,
0.2145,29,-9.9,19.7,0.0070,,
0.2230,30,-8.1,19.7,0.0075,,
0.2305,31,-6.0,19.7,0.0070,,
0.2390,32,-4.1,19.7,0.0075,,
0.2475,33,-2.3,19.7,0.0075,,
0.2555,34,-0.9,19.7,0.0065,,
0.2640,35,0.5,19.7,0.0070,,
0.2725,36,1.8,19.7,0.0075,,
0.2800,37,3.2,19.7,0.0070,,
0.2885,38,4.6,19.7,0.0075,,
0.2970,39,5.8,19.7,0.0075,,
0.3055,40,7.1,19.7,0.0070,,
0.3135,41,8.4,19.7,0.0065,,
0.3220,42,9.4,19.7,0.0075,,
0.3295,43,10.6,19.7,0.0070,,
0.3380,44,11.7,19.7,0.0075,,
0.3465,45,12.7,19.7,0.0075,,
0.3550,46,13.7,19.7,0.0070,,
0.3635,47,14.8,19.7,0.0070,,
0.3710,48,15.8,19.7,0.0070,,
0.3795,49,16.8,19.7,0.0075,,
0.3880,50,17.6,19.7,0.0075,,
0.3965,51,18.6,19.7,0.0070,,
0.4045,52,19.6,19.7,0.0065,,
0.4130,53,20.5,19.7,0.0070,,
0.4205,54,21.5,19.7,0.0070,,
0.4290,55,22.4,19.7,0.0075,,
0.4375,56,23.3,19.7,0.0075,,
0.4460,57,24.3,19.7,0.0070,,
0.4545,58,25.1,19.7,0.0070,,
0.4625,59,26.1,19.7,0.0065,,
0.4705,60,26.9,19.7,0.0075,,
0.4785,61,27.8,19.7,0.0075,,
0.4870,62,28.7,19.7,0.0075,,
0.4955,63,29.5,19.7,0.0070,,
0.5040,64,30.4,19.7,0.0070,,
0.5125,65,31.3,19.7,0.0070,,
0.5200,66,32.0,19.7,0.0070,,
0.5285,67,32.8,19.7,0.0075,,
0.5365,68,33.6,19.7,0.0075,,
0.5450,69,34.5,19.7,0.0070,,
0.5535,70,35.4,19.7,0.0070,,
0.5620,71,36.2,19.7,0.0070,,
0.5695,72,37.1,19.7,0.0070,,
0.5780,73,38.0,19.7,0.0075,,
0.5865,74,38.9,19.7,0.0075,,
0.5950,75,39.8,19.7,0.0070,,
0.6030,76,40.6,19.7,0.0065,,
0.6115,77,41.5,19.8,0.0070,,
0.6190,78,42.3,19.8,0.0070,,
0.6275,79,43.2,19.8,0.0075,,
0.6360,80,44.0,19.7,0.0075,,
0.6445,81,44.9,19.8,0.0070,,
0.6530,82,45.6,19.8,0.0070,,
0.6610,83,46.4,19.8,0.0065,,
0.6690,84,47.2,19.8,0.0075,,
0.6770,85,48.0,19.8,0.0075,,
0.6855,86,48.9,19.8,0.0075,,
0.6940,87,49.8,19.8,0.0070,,
0.7025,88,50.7,19.8,0.0070,,
0.7110,89,51.6,19.8,0.0070,,
0.7185,90,52.5,19.8,0.0070,,
0.7270,91,53.4,19.8,0.0075,,
0.7350,92,54.4,19.8,0.0075,,
0.7435,93,55.3,19.8,0.0070,,
0.7520,94,56.1,19.8,0.0070,,
0.7605,95,57.0,19.8,0.0070,,
0.7680,96,57.9,19.8,0.0070,,
0.7765,97,58.8,19.8,0.0075,,
0.7850,98,59.7,19.8,0.0075,,
0.7935,99,60.5,19.8,0.0070,,
0.8020,100,61.5,19.8,0.0070,,
0.8100,101,62.4,19.8,0.0065,,
0.8180,102,63.2,19.8,0.0075,,
0.8260,103,64.2,19.8,0.0075,,
0.8345,104,65.1,19.8,0.0075,,
0.8430,105,66.1,19.8,0.0070,,
0.8515,106,67.1,19.8,0.0070,,
0.8600,107,68.0,19.8,0.0070,,
0.8675,108,68.9,19.8,0.0070,,
0.8760,109,69.9,19.8,0.0075,,
0.8840,110,70.9,19.8,0.0075,,
0.8925,111,71.8,19.8,0.0070,,
0.9010,112,72.7,19.8,0.0070,,
0.9095,113,73.5,19.8,0.0075,,
0.9170,114,74.5,19.8,0.0070,,
0.9255,115,75.5,19.8,0.0075,,
0.9340,116,76.4,19.8,0.0075,,
0.9425,117,77.4,19.8,0.0070,,
0.9505,118,78.5,19.8,0.0065,,
0.9590,119,79.5,19.8,0.0070,,
0.9665,120,80.5,19.8,0.0070,,
0.9750,121,81.5,19.8,0.0075,,
0.9835,122,82.7,19.8,0.0075,,
0.9920,123,84.0,19.8,0.0070,,
1.0005,124,85.0,19.8,0.0070,,
1.0085,125,86.0,19.8,0.0065,,
1.0165,126,87.1,19.8,0.0075,,
1.0245,127,88.2,19.8,0.0075,,
1.0330,128,89.5,19.8,0.0075,,
1.0415,129,90.6,19.8,0.0070,,
1.0500,130,91.7,19.8,0.0070,,
1.0585,131,93.0,19.8,0.0070,,
1.0660,132,94.2,19.8,0.0070,,
1.0745,133,95.5,19.8,0.0075,,
1.0825,134,96.7,19.8,0.0075,,
1.0910,135,98.2,19.8,0.0070,,
1.0995,136,99.6,19.8,0.0070,,
1.1080,137,100.9,19.8,0.0070,,
1.1155,138,102.4,19.8,0.0070,,
1.1240,139,104.0,19.8,0.0075,,
1.1325,140,105.6,19.8,0.0075,,
1.1410,141,107.4,19.8,0.0070,,
1.1490,142,109.2,19.8,0.0065,,
1.1575,143,110.9,19.8,0.0070,,
1.1650,144,112.4,19.8,0.0070,,
1.1735,145,114.6,19.8,0.0075,,
1.1820,146,116.8,19.8,0.0075,,
1.1905,147,118.9,19.8,0.0070,,
1.1990,148,121.2,19.8,0.0070,,
1.2075,149,123.6,19.8,0.0070,,
1.2150,150,125.9,19.8,0.0070,,
1.2235,151,128.7,19.8,0.0075,,
1.2315,152,131.7,19.8,0.0075,,
1.2400,153,134.8,19.8,0.0070,,
1.2485,154,138.0,19.8,0.0070,,
1.2570,155,141.6,19.8,0.0070,,
1.2645,156,144.9,19.8,0.0070,,
1.2730,157,148.4,19.8,0.0075,,
1.2815,158,152.0,19.8,0.0075,,
1.2895,159,155.5,19.8,0.0065,,
1.2980,160,159.2,19.8,0.0070,,
1.3065,161,162.9,19.8,0.0070,,
1.3140,162,166.0,19.8,0.0070,,
1.3225,163,169.2,19.8,0.0075,,
1.3310,164,172.2,19.8,0.0075,,
1.3395,165,174.8,19.8,0.0070,,
1.3480,166,177.5,19.8,0.0070,,
1.3560,167,180.0,19.8,0.0065,,
1.3640,168,182.0,19.8,0.0075,,
1.3720,169,184.0,19.8,0.0075,,
1.3785,170,185.2,19.8,0.0065,,
1.3785,410,188.8,19.9,0.0000,,
1.3790,411,188.7,19.9,0.0005,,
1.3805,412,188.8,19.9,0.0015,,
1.3830,413,189.0,19.9,0.0025,,
1.3870,414,189.3,19.9,0.0035,,
1.3935,415,190.1,19.9,0.0060,,
1.4015,416,191.2,19.9,0.0075,,
1.4090,417,192.5,19.9,0.0075,,
1.4175,418,194.0,19.9,0.0085,,
1.4260,419,195.3,19.9,0.0085,,
1.4345,420,196.6,19.9,0.0075,,
1.4430,421,197.9,19.9,0.0075,,
1.4515,422,199.1,19.9,0.0075,,
1.4590,423,200.1,19.9,0.0075,,
1.4675,424,201.2,19.9,0.0085,,
1.4755,425,202.2,19.9,0.0080,,
1.4840,426,203.2,19.9,0.0075,,
1.4925,427,204.2,19.9,0.0075,,
1.5010,428,205.1,19.9,0.0075,,
1.5085,429,206.0,19.9,0.0075,,
1.5170,430,206.9,19.9,0.0085,,
1.5255,431,207.7,19.9,0.0075,,
1.5340,432,208.6,19.9,0.0075,,
1.5420,433,209.5,19.9,0.0075,,
1.5505,434,210.2,19.9,0.0075,,
1.5580,435,211.0,19.9,0.0075,,
1.5665,436,211.6,19.9,0.0085,,
1.5750,437,212.4,19.9,0.0075,,
1.5835,438,213.1,19.9,0.0075,,
1.5920,439,213.6,19.9,0.0075,,
1.6000,440,214.3,19.9,0.0080,,
1.6080,441,214.9,19.9,0.0080,,
1.6160,442,215.6,19.9,0.0080,,
1.6245,443,216.2,19.9,0.0085,,
1.6330,444,216.8,19.9,0.0075,,
1.6415,445,217.3,19.9,0.0075,,
1.6500,446,217.9,19.9,0.0075,,
1.6575,447,218.5,19.9,0.0075,,
1.6660,448,219.0,19.9,0.0085,,
1.6740,449,219.5,19.9,0.0080,,
1.6825,450,220.0,19.9,0.0075,,
1.6910,451,220.4,19.9,0.0075,,
1.6995,452,221.1,19.9,0.0075,,
1.7070,453,221.6,19.9,0.0075,,
1.7155,454,222.0,19.9,0.0085,,
1.7240,455,222.5,19.9,0.0085,,
1.7325,456,222.8,19.9,0.0075,,
1.7405,457,223.3,19.9,0.0075,,
1.7490,458,223.7,19.9,0.0075,,
1.7565,459,224.2,19.9,0.0075,,
1.7650,460,224.7,19.9,0.0085,,
1.7735,461,225.1,19.9,0.0085,,
1.7820,462,225.6,19.9,0.0075,,
1.7900,463,225.9,19.9,0.0075,,
1.7985,464,226.4,19.9,0.0075,,
1.8070,465,226.7,19.9,0.0085,,
1.8145,466,227.1,19.9,0.0075,,
1.8230,467,227.5,19.9,0.0085,,
1.8315,468,227.7,19.9,0.0075,,
1.8400,469,228.1,19.9,0.0075,,
1.8485,470,228.5,19.9,0.0075,,
1.8560,471,228.8,19.9,0.0075,,
1.8645,472,229.3,19.9,0.0085,,
1.8725,473,229.5,19.9,0.0080,,
1.8810,474,229.9,19.9,0.0075,,
1.8895,475,230.3,19.9,0.0075,,
1.8980,476,230.7,19.9,0.0075,,
1.9055,477,231.0,19.9,0.0075,,
1.9140,478,231.2,19.9,0.0085,,
1.9225,479,231.5,19.9,0.0085,,
1.9310,480,231.9,19.9,0.0075,,
1.9390,481,232.2,19.9,0.0075,,
1.9475,482,232.5,19.9,0.0075,,
1.9550,483,232.9,19.9,0.0075,,
1.9635,484,233.2,19.9,0.0085,,
1.9720,485,233.5,19.9,0.0085,,
1.9800,486,233.8,19.9,0.0075,,
1.9875,487,234.1,19.9,0.0070,,
1.9915,488,234.3,19.9,0.0035,,
1.9930,489,234.5,19.9,0.0015,,
1.9935,490,234.5,19.9,0.0005,,
1.9945,491,234.6,19.9,0.0010,,
1.9955,492,234.6,19.9,0.0010,,
1.9975,493,234.7,19.9,0.0020,,
2.0005,494,234.7,19.9,0.0025,,
2.0025,495,234.8,19.9,0.0020,,
2.0035,496,234.9,19.9,0.0010,,
2.0040,497,234.9,19.9,0.0005,,
2.0055,498,235.0,19.9,0.0015,,
2.0080,499,235.1,19.9,0.0020,,
Scope 1/1, Sample 5/33 (S2)
Result,TitrationEP1
V,t,E,T,dV/dt,E acc. stat.,Volume acc. stat.
0.0000,0,-58.2,19.8,NaN,,
0.0005,1,-58.3,19.8,0.0005,,
0.0025,2,-58.4,19.8,0.0020,,
0.0050,3,-58.4,19.8,0.0025,,
0.0090,4,-58.3,19.8,0.0035,,
0.0150,5,-57.9,19.8,0.0055,,
0.0235,6,-57.4,19.8,0.0075,,
0.0310,7,-56.6,19.8,0.0075,,
0.0395,8,-55.7,19.8,0.0085,,
0.0480,9,-54.5,19.8,0.0085,,
0.0565,10,-53.1,19.8,0.0075,,
0.0650,11,-51.8,19.8,0.0075,,
0.0730,12,-50.2,19.8,0.0075,,
0.0810,13,-49.0,19.8,0.0080,,
0.0890,14,-47.2,19.8,0.0080,,
0.0975,15,-45.2,19.8,0.0085,,
0.1060,16,-43.4,19.8,0.0075,,
0.1145,17,-41.2,19.8,0.0075,,
0.1230,18,-38.9,19.8,0.0075,,
0.1305,19,-36.9,19.8,0.0075,,
0.1390,20,-34.4,19.8,0.0085,,
0.1475,21,-31.8,19.8,0.0085,,
0.1555,22,-28.9,19.8,0.0075,,
0.1640,23,-25.9,19.8,0.0075,,
0.1725,24,-22.9,19.8,0.0075,,
0.1810,25,-20.3,19.8,0.0085,,
0.1885,26,-17.4,19.8,0.0075,,
0.1970,27,-14.7,19.8,0.0085,,
0.2050,28,-12.0,19.8,0.0075,,
0.2135,29,-9.8,19.8,0.0075,,
0.2220,30,-7.6,19.8,0.0075,,
0.2305,31,-5.7,19.8,0.0085,,
0.2380,32,-3.7,19.8,0.0075,,
0.2465,33,-1.8,19.8,0.0085,,
0.2550,34,-0.2,19.8,0.0075,,
0.2630,35,1.2,19.8,0.0075,,
0.2715,36,2.9,19.8,0.0075,,
0.2800,37,4.3,19.8,0.0075,,
0.2875,38,5.5,19.8,0.0075,,
0.2960,39,6.8,19.8,0.0085,,
0.3045,40,7.9,19.8,0.0085,,
0.3130,41,9.1,19.8,0.0075,,
0.3210,42,10.3,19.8,0.0075,,
0.3295,43,11.5,19.8,0.0075,,
0.3370,44,12.5,19.8,0.0075,,
0.3455,45,13.5,19.8,0.0085,,
0.3540,46,14.6,19.8,0.0085,,
0.3625,47,15.7,19.8,0.0075,,
0.3710,48,16.6,19.8,0.0075,,
0.3795,49,17.6,19.8,0.0075,,
0.3870,50,18.5,19.8,0.0075,,
0.3950,51,19.6,19.8,0.0080,,
0.4035,52,20.5,19.8,0.0085,,
0.4120,53,21.2,19.8,0.0075,,
0.4205,54,22.2,19.8,0.0075,,
0.4290,55,23.2,19.8,0.0075,,
0.4365,56,24.0,19.8,0.0075,,
0.4450,57,24.9,19.8,0.0085,,
0.4535,58,25.8,19.8,0.0075,,
0.4615,59,26.7,19.8,0.0075,,
0.4700,60,27.6,19.8,0.0075,,
0.4785,61,28.5,19.8,0.0075,,
0.4860,62,29.3,19.8,0.0075,,
0.4945,63,30.2,19.8,0.0085,,
0.5030,64,31.2,19.8,0.0075,,
0.5115,65,32.0,19.8,0.0075,,
0.5200,66,32.8,19.8,0.0075,,
0.5285,67,33.6,19.8,0.0085,,
0.5360,68,34.5,19.8,0.0075,,
0.5440,69,35.4,19.8,0.0080,,
0.5525,70,36.3,19.8,0.0075,,
0.5610,71,37.2,19.8,0.0075,,
0.5695,72,38.2,19.8,0.0075,,
0.5780,73,38.9,19.8,0.0085,,
0.5855,74,39.8,19.8,0.0075,,
0.5940,75,40.4,19.8,0.0085,,
0.6020,76,41.3,19.8,0.0075,,
0.6105,77,42.3,19.8,0.0075,,
0.6190,78,43.1,19.8,0.0075,,
0.6275,79,43.9,19.8,0.0075,,
0.6350,80,44.7,19.8,0.0075,,
0.6435,81,45.6,19.8,0.0085,,
0.6520,82,46.5,19.8,0.0085,,
0.6605,83,47.4,19.8,0.0075,,
0.6685,84,48.2,19.8,0.0075,,
0.6770,85,49.2,19.8,0.0075,,
0.6845,86,50.0,19.8,0.0075,,
0.6930,87,50.9,19.8,0.0085,,
0.7015,88,51.8,19.8,0.0085,,
0.7100,89,52.7,19.8,0.0075,,
0.7185,90,53.6,19.8,0.0075,,
0.7265,91,54.5,19.8,0.0075,,
0.7345,92,55.1,19.8,0.0080,,
0.7425,93,56.0,19.8,0.0080,,
0.7510,94,56.9,19.8,0.0085,,
0.7595,95,57.8,19.8,0.0075,,
0.7680,96,58.8,19.8,0.0075,,
0.7765,97,59.7,19.8,0.0075,,
0.7840,98,60.6,19.8,0.0075,,
0.7925,99,61.4,19.8,0.0085,,
0.8005,100,62.4,19.8,0.0080,,
0.8090,101,63.4,19.8,0.0075,,
0.8175,102,64.2,19.8,0.0075,,
0.8260,103,65.1,19.8,0.0075,,
0.8335,104,65.9,19.8,0.0075,,
0.8420,105,67.0,19.8,0.0085,,
0.8505,106,67.8,19.8,0.0085,,
0.8590,107,68.6,19.9,0.0075,,
0.8670,108,69.5,19.9,0.0075,,
0.8755,109,70.5,19.9,0.0075,,
0.8830,110,71.5,19.9,0.0075,,
0.8915,111,72.4,19.9,0.0085,,
0.9000,112,73.3,19.9,0.0085,,
0.9085,113,74.3,19.9,0.0075,,
0.9170,114,75.2,19.9,0.0075,,
0.9250,115,76.1,19.9,0.0075,,
0.9335,116,76.9,19.9,0.0085,,
0.9410,117,77.9,19.9,0.0075,,
0.9495,118,78.9,19.9,0.0085,,
0.9580,119,79.8,19.9,0.0075,,
0.9665,120,80.8,19.9,0.0075,,
0.9750,121,82.0,19.9,0.0075,,
0.9835,122,82.8,19.9,0.0085,,
0.9910,123,83.9,19.9,0.0075,,
0.9990,124,85.0,19.9,0.0080,,
1.0075,125,86.1,19.9,0.0075,,
1.0160,126,87.4,19.9,0.0075,,
1.0245,127,88.6,19.9,0.0075,,
1.0330,128,89.8,19.9,0.0075,,
1.0405,129,90.9,19.9,0.0075,,
1.0490,130,91.9,19.9,0.0085,,
1.0570,131,93.2,19.9,0.0075,,
1.0655,132,94.5,19.9,0.0075,,
1.0740,133,95.7,19.9,0.0075,,
1.0825,134,96.8,19.9,0.0085,,
1.0900,135,98.1,19.9,0.0075,,
1.0985,136,99.6,19.9,0.0085,,
1.1070,137,101.2,19.9,0.0075,,
1.1155,138,102.5,19.9,0.0075,,
1.1235,139,103.9,19.9,0.0075,,
1.1320,140,105.7,19.9,0.0075,,
1.1395,141,107.0,19.9,0.0075,,
1.1480,142,108.7,19.9,0.0085,,
1.1565,143,110.3,19.9,0.0085,,
1.1650,144,112.0,19.9,0.0075,,
1.1735,145,113.9,19.9,0.0075,,
1.1815,146,115.9,19.9,0.0075,,
1.1900,147,117.8,19.9,0.0085,,
1.1975,148,120.0,19.9,0.0075,,
1.2060,149,122.1,19.9,0.0075,,
1.2145,150,124.9,19.9,0.0075,,
1.2230,151,127.3,19.9,0.0075,,
1.2315,152,130.1,19.9,0.0075,,
1.2395,153,132.6,19.9,0.0080,,
1.2475,154,135.3,19.9,0.0080,,
1.2555,155,138.8,19.9,0.0080,,
1.2640,156,142.1,19.9,0.0075,,
1.2725,157,145.5,19.9,0.0075,,
1.2810,158,149.3,19.9,0.0075,,
1.2885,159,152.4,19.9,0.0075,,
1.2970,160,156.1,19.9,0.0085,,
1.3055,161,159.8,19.9,0.0085,,
1.3135,162,163.3,19.9,0.0075,,
1.3220,163,166.7,19.9,0.0075,,
1.3305,164,169.9,19.9,0.0075,,
1.3390,165,172.3,19.9,0.0085,,
1.3465,166,175.1,19.9,0.0075,,
1.3550,167,177.7,19.9,0.0085,,
1.3635,168,180.1,19.9,0.0075,,
1.3720,169,182.4,19.9,0.0075,,
1.3800,170,184.2,19.9,0.0075,,
1.3845,171,185.2,19.9,0.0075,,
1.3845,411,188.4,20.0,0.0000,,
1.3850,412,188.6,20.0,0.0005,,
1.3865,413,188.5,20.0,0.0020,,
1.3890,414,188.7,20.0,0.0035,,
1.3930,415,189.3,20.0,0.0050,,
1.3990,416,190.1,20.0,0.0075,,
1.4070,417,191.1,20.0,0.0100,,
1.4150,418,192.3,20.0,0.0115,,
1.4230,419,193.8,20.0,0.0115,,
1.4315,420,195.2,20.0,0.0120,,
1.4400,421,196.5,20.0,0.0105,,
1.4485,422,197.7,20.0,0.0105,,
1.4570,423,198.9,20.0,0.0105,,
1.4645,424,199.9,20.0,0.0105,,
1.4730,425,201.1,20.0,0.0120,,
1.4815,426,202.1,20.0,0.0120,,
1.4895,427,203.0,20.0,0.0100,,
1.4980,428,204.0,20.0,0.0105,,
1.5065,429,205.1,20.0,0.0105,,
1.5140,430,206.0,20.0,0.0105,,
1.5225,431,206.9,20.0,0.0120,,
1.5310,432,207.6,20.0,0.0120,,
1.5395,433,208.5,20.0,0.0105,,
1.5475,434,209.2,20.0,0.0100,,
1.5560,435,209.9,20.0,0.0105,,
1.5635,436,210.7,20.0,0.0105,,
1.5720,437,211.3,20.0,0.0120,,
1.5805,438,212.1,20.0,0.0120,,
1.5890,439,212.8,20.0,0.0105,,
1.5975,440,213.3,20.0,0.0105,,
1.6060,441,214.1,20.0,0.0105,,
1.6135,442,214.7,20.0,0.0105,,
1.6220,443,215.3,20.0,0.0120,,
1.6300,444,215.8,20.0,0.0115,,
1.6385,445,216.4,20.0,0.0105,,
1.6470,446,217.1,20.0,0.0105,,
1.6555,447,217.6,20.0,0.0105,,
1.6630,448,218.2,20.0,0.0105,,
1.6715,449,218.6,20.0,0.0120,,
1.6800,450,219.1,20.0,0.0120,,
1.6885,451,219.8,20.0,0.0105,,
1.6965,452,220.3,20.0,0.0100,,
1.7050,453,220.8,20.0,0.0105,,
1.7125,454,221.3,20.0,0.0105,,
1.7210,455,221.8,20.0,0.0120,,
1.7295,456,222.4,20.0,0.0120,,
1.7380,457,222.8,20.0,0.0105,,
1.7465,458,223.2,20.0,0.0105,,
1.7545,459,223.7,20.0,0.0100,,
1.7625,460,224.1,20.0,0.0115,,
1.7710,461,224.5,20.0,0.0120,,
1.7790,462,224.9,20.0,0.0100,,
1.7875,463,225.3,20.0,0.0105,,
1.7960,464,225.8,20.0,0.0105,,
1.8045,465,226.2,20.0,0.0105,,
1.8120,466,226.6,20.0,0.0105,,
1.8205,467,226.9,20.0,0.0120,,
1.8290,468,227.4,20.0,0.0105,,
1.8370,469,227.7,20.0,0.0100,,
1.8455,470,228.1,20.0,0.0105,,
1.8540,471,228.4,20.0,0.0120,,
1.8615,472,228.8,20.0,0.0105,,
1.8700,473,229.1,20.0,0.0120,,
1.8785,474,229.5,20.0,0.0120,,
1.8870,475,229.8,20.0,0.0105,,
1.8950,476,230.2,20.0,0.0100,,
1.9035,477,230.6,20.0,0.0105,,
1.9110,478,230.9,20.0,0.0105,,
1.9195,479,231.2,20.0,0.0120,,
1.9280,480,231.5,20.0,0.0105,,
1.9365,481,231.8,20.0,0.0105,,
1.9450,482,232.2,20.0,0.0105,,
1.9535,483,232.5,20.0,0.0105,,
1.9610,484,232.9,20.0,0.0105,,
1.9690,485,233.0,20.0,0.0115,,
1.9775,486,233.3,20.0,0.0120,,
1.9860,487,233.7,20.0,0.0105,,
1.9945,488,233.9,20.0,0.0105,,
2.0005,489,234.1,20.0,0.0075,,
2.0035,490,234.3,20.0,0.0045,,
2.0045,491,234.5,20.0,0.0015,,
2.0050,492,234.5,20.0,0.0005,,
2.0065,493,234.4,20.0,0.0020,,
2.0085,494,234.5,20.0,0.0025,,
2.0110,495,234.5,20.0,0.0035,,
2.0130,496,234.8,20.0,0.0030,,
2.0140,497,235.0,20.0,0.0015,,
2.0150,498,235.1,20.0,0.0015,,
Scope 1/1, Sample 6/33 (S3)
Result,TitrationEP1
V,t,E,T,dV/dt,E acc. stat.,Volume acc. stat.
0.0000,0,-59.3,19.9,NaN,,
0.0010,1,-59.4,19.9,0.0010,,
0.0025,2,-59.4,19.9,0.0015,,
0.0050,3,-59.2,19.9,0.0025,,
0.0090,4,-59.2,19.9,0.0035,,
0.0150,5,-58.9,19.9,0.0055,,
0.0235,6,-58.6,19.9,0.0075,,
0.0320,7,-57.8,19.9,0.0075,,
0.0405,8,-56.8,19.9,0.0075,,
0.0490,9,-55.8,19.9,0.0070,,
0.0565,10,-54.5,19.9,0.0070,,
0.0645,11,-53.1,19.9,0.0075,,
0.0730,12,-51.7,19.9,0.0075,,
0.0815,13,-50.0,19.9,0.0075,,
0.0900,14,-48.6,19.9,0.0075,,
0.0985,15,-46.6,19.9,0.0070,,
0.1060,16,-44.9,19.9,0.0070,,
0.1145,17,-42.8,19.9,0.0075,,
0.1230,18,-40.5,19.9,0.0075,,
0.1310,19,-38.4,19.9,0.0075,,
0.1395,20,-35.9,19.9,0.0075,,
0.1480,21,-33.2,19.9,0.0070,,
0.1555,22,-30.9,19.9,0.0070,,
0.1640,23,-27.9,19.9,0.0075,,
0.1725,24,-25.1,19.9,0.0075,,
0.1810,25,-21.9,19.9,0.0075,,
0.1895,26,-18.9,19.9,0.0075,,
0.1975,27,-16.1,19.9,0.0065,,
0.2055,28,-13.7,19.9,0.0075,,
0.2135,29,-11.2,19.9,0.0075,,
0.2220,30,-8.8,19.9,0.0075,,
0.2305,31,-6.7,19.9,0.0075,,
0.2390,32,-4.9,19.9,0.0075,,
0.2465,33,-3.1,19.9,0.0070,,
0.2550,34,-1.5,19.9,0.0075,,
0.2635,35,0.2,19.9,0.0075,,
0.2715,36,1.6,19.9,0.0075,,
0.2800,37,3.0,19.9,0.0075,,
0.2885,38,4.5,19.9,0.0075,,
0.2970,39,5.7,19.9,0.0075,,
0.3045,40,7.1,19.9,0.0070,,
0.3130,41,8.3,19.9,0.0075,,
0.3215,42,9.4,19.9,0.0075,,
0.3300,43,10.6,19.9,0.0075,,
0.3380,44,11.8,19.9,0.0075,,
0.3465,45,12.7,19.9,0.0075,,
0.3540,46,13.7,19.9,0.0070,,
0.3625,47,14.7,19.9,0.0075,,
0.3710,48,15.8,20.0,0.0075,,
0.3795,49,16.9,19.9,0.0075,,
0.3880,50,17.8,20.0,0.0075,,
0.3955,51,18.7,20.0,0.0070,,
0.4040,52,19.7,20.0,0.0075,,
0.4125,53,20.7,20.0,0.0075,,
0.4205,54,21.7,20.0,0.0075,,
0.4290,55,22.6,20.0,0.0075,,
0.4375,56,23.7,20.0,0.0075,,
0.4450,57,24.4,20.0,0.0070,,
0.4535,58,25.4,20.0,0.0075,,
0.4620,59,26.1,20.0,0.0075,,
0.4705,60,27.0,20.0,0.0075,,
0.4785,61,27.9,20.0,0.0075,,
0.4870,62,28.8,20.0,0.0075,,
0.4945,63,29.5,20.0,0.0070,,
0.5030,64,30.4,20.0,0.0075,,
0.5115,65,31.3,20.0,0.0075,,
0.5200,66,32.3,20.0,0.0075,,
0.5285,67,33.2,20.0,0.0075,,
0.5370,68,34.1,20.0,0.0075,,
0.5445,69,34.8,20.0,0.0070,,
0.5530,70,35.7,20.0,0.0075,,
0.5610,71,36.7,20.0,0.0075,,
0.5695,72,37.5,20.0,0.0075,,
0.5780,73,38.4,20.0,0.0075,,
0.5865,74,39.3,20.0,0.0075,,
0.5940,75,40.1,20.0,0.0070,,
0.6025,76,41.1,20.0,0.0075,,
0.6110,77,41.8,20.0,0.0075,,
0.6190,78,42.6,20.0,0.0075,,
0.6275,79,43.6,20.0,0.0075,,
0.6360,80,44.4,20.0,0.0075,,
0.6445,81,45.3,20.0,0.0075,,
0.6520,82,46.1,20.0,0.0070,,
0.6605,83,46.9,20.0,0.0075,,
0.6690,84,47.9,20.0,0.0075,,
0.6775,85,48.6,20.0,0.0075,,
0.6855,86,49.3,20.0,0.0075,,
0.6935,87,50.2,20.0,0.0075,,
0.7015,88,51.1,20.0,0.0075,,
0.7100,89,52.0,20.0,0.0075,,
0.7185,90,53.0,20.0,0.0075,,
0.7270,91,53.8,20.0,0.0075,,
0.7355,92,54.9,20.0,0.0075,,
0.7430,93,55.6,20.0,0.0070,,
0.7515,94,56.5,20.0,0.0075,,
0.7595,95,57.2,20.0,0.0075,,
0.7680,96,58.2,20.0,0.0075,,
0.7765,97,59.2,20.0,0.0075,,
0.7850,98,60.0,20.0,0.0070,,
0.7925,99,61.0,20.0,0.0070,,
0.8010,100,61.8,20.0,0.0075,,
0.8095,101,62.7,20.0,0.0075,,
0.8180,102,63.8,20.0,0.0075,,
0.8260,103,64.6,20.0,0.0075,,
0.8345,104,65.5,20.0,0.0075,,
0.8430,105,66.4,20.0,0.0075,,
0.8505,106,67.5,20.0,0.0070,,
0.8590,107,68.5,20.0,0.0075,,
0.8675,108,69.5,20.0,0.0075,,
0.8760,109,70.4,20.0,0.0075,,
0.8840,110,71.6,20.0,0.0075,,
0.8920,111,72.4,20.0,0.0075,,
0.9000,112,73.4,20.0,0.0075,,
0.9085,113,74.3,20.0,0.0075,,
0.9170,114,75.3,20.0,0.0075,,
0.9255,115,76.4,20.0,0.0075,,
0.9340,116,77.5,20.0,0.0075,,
0.9420,117,78.4,20.0,0.0065,,
0.9500,118,79.4,20.0,0.0075,,
0.9580,119,80.3,20.0,0.0075,,
0.9665,120,81.4,20.0,0.0075,,
0.9750,121,82.5,20.0,0.0075,,
0.9835,122,83.4,20.0,0.0075,,
0.9920,123,84.6,20.0,0.0075,,
0.9995,124,85.5,20.0,0.0070,,
1.0080,125,86.8,20.0,0.0075,,
1.0160,126,87.9,20.0,0.0075,,
1.0245,127,89.0,20.0,0.0075,,
1.0330,128,90.3,20.0,0.0075,,
1.0415,129,91.6,20.0,0.0075,,
1.0490,130,92.5,20.0,0.0070,,
1.0575,131,93.7,20.0,0.0075,,
1.0660,132,94.9,20.0,0.0075,,
1.0740,133,96.2,20.0,0.0075,,
1.0825,134,97.5,20.0,0.0075,,
1.0910,135,98.8,20.0,0.0075,,
1.0995,136,100.3,20.0,0.0075,,
1.1070,137,101.7,20.0,0.0070,,
1.1155,138,103.4,20.0,0.0075,,
1.1240,139,104.8,20.0,0.0075,,
1.1325,140,106.4,20.0,0.0075,,
1.1405,141,108.2,20.0,0.0075,,
1.1485,142,109.8,20.0,0.0075,,
1.1565,143,111.8,20.0,0.0075,,
1.1650,144,113.8,20.0,0.0075,,
1.1735,145,115.6,20.0,0.0075,,
1.1820,146,117.7,20.0,0.0075,,
1.1905,147,120.0,20.0,0.0075,,
1.1980,148,122.2,20.0,0.0070,,
1.2065,149,124.6,20.0,0.0075,,
1.2150,150,127.1,20.0,0.0075,,
1.2230,151,130.2,20.0,0.0075,,
1.2315,152,133.1,20.0,0.0075,,
1.2400,153,136.0,20.0,0.0075,,
1.2475,154,139.3,20.0,0.0070,,
1.2560,155,142.6,20.0,0.0075,,
1.2645,156,146.4,20.0,0.0075,,
1.2730,157,150.1,20.0,0.0075,,
1.2815,158,153.9,20.0,0.0075,,
1.2895,159,157.4,20.0,0.0075,,
1.2975,160,160.9,20.0,0.0075,,
1.3055,161,164.3,20.0,0.0075,,
1.3140,162,167.6,20.0,0.0075,,
1.3225,163,170.6,20.0,0.0075,,
1.3310,164,173.5,20.0,0.0075,,
1.3395,165,176.0,20.0,0.0075,,
1.3470,166,178.5,20.0,0.0070,,
1.3555,167,180.8,20.0,0.0075,,
1.3640,168,183.0,20.0,0.0075,,
1.3740,169,185.1,20.0,0.0075,,
1.3740,409,188.8,20.1,0.0000,,
1.3745,410,188.8,20.1,0.0005,,
1.3760,411,188.7,20.1,0.0010,,
1.3785,412,189.0,20.1,0.0020,,
1.3825,414,189.5,20.1,0.0025,,
1.3885,414,190.1,20.1,0.0120,,
1.3965,416,191.3,20.1,0.0055,,
1.4045,416,192.6,20.1,0.0200,,
1.4125,417,194.0,20.1,0.0055,,
1.4210,418,195.3,20.1,0.0055,,
1.4295,420,196.5,20.1,0.0055,,
1.4380,420,197.8,20.1,0.0170,,
1.4465,422,199.1,20.1,0.0055,,
1.4540,422,200.2,20.1,0.0185,,
1.4625,423,201.4,20.1,0.0060,,
1.4705,424,202.3,20.1,0.0055,,
1.4790,426,203.3,20.1,0.0055,,
1.4875,426,204.4,20.1,0.0170,,
1.4960,428,205.2,20.1,0.0055,,
1.5035,428,206.2,20.1,0.0185,,
1.5120,429,206.9,20.1,0.0060,,
1.5205,430,207.8,20.1,0.0060,,
1.5285,432,208.7,20.1,0.0055,,
1.5370,432,209.5,20.1,0.0170,,
1.5455,434,210.1,20.1,0.0055,,
1.5530,434,210.7,20.1,0.0185,,
1.5615,435,211.6,20.1,0.0060,,
1.5700,436,212.3,20.1,0.0060,,
1.5785,438,212.9,20.1,0.0055,,
1.5870,438,213.5,20.1,0.0170,,
1.5950,440,214.3,20.1,0.0055,,
1.6035,440,214.8,20.1,0.0210,,
1.6110,441,215.5,20.1,0.0055,,
1.6195,442,216.1,20.1,0.0060,,
1.6280,444,216.7,20.1,0.0055,,
1.6365,444,217.3,20.1,0.0170,,
1.6450,446,217.8,20.1,0.0055,,
1.6530,446,218.5,20.1,0.0200,,
1.6610,447,219.0,20.1,0.0055,,
1.6690,448,219.5,20.1,0.0055,,
1.6775,450,220.1,20.1,0.0055,,
1.6860,450,220.6,20.1,0.0170,,
1.6945,452,221.1,20.1,0.0055,,
1.7030,452,221.5,20.1,0.0210,,
1.7105,453,222.0,20.1,0.0055,,
1.7190,454,222.6,20.1,0.0060,,
1.7275,456,223.0,20.1,0.0055,,
1.7355,456,223.4,20.1,0.0160,,
1.7440,458,224.0,20.1,0.0055,,
1.7525,458,224.2,20.1,0.0210,,
1.7600,459,224.8,20.1,0.0055,,
1.7685,460,225.1,20.1,0.0060,,
1.7770,462,225.5,20.1,0.0055,,
1.7855,462,226.0,20.1,0.0170,,
1.7935,464,226.4,20.1,0.0055,,
1.8020,464,226.8,20.1,0.0210,,
1.8095,465,227.1,20.1,0.0055,,
1.8180,466,227.5,20.1,0.0060,,
1.8265,468,228.0,20.1,0.0055,,
1.8350,468,228.3,20.1,0.0170,,
1.8435,470,228.6,20.1,0.0055,,
1.8520,470,229.0,20.1,0.0210,,
1.8595,471,229.3,20.1,0.0055,,
1.8680,472,229.6,20.1,0.0060,,
1.8760,474,229.8,20.1,0.0055,,
1.8845,474,230.2,20.1,0.0170,,
1.8930,476,230.7,20.1,0.0055,,
1.9005,476,231.0,20.1,0.0185,,
1.9090,477,231.3,20.1,0.0060,,
1.9175,478,231.5,20.1,0.0060,,
1.9260,480,231.9,20.1,0.0055,,
1.9345,480,232.3,20.1,0.0170,,
1.9425,482,232.5,20.1,0.0055,,
1.9505,482,232.9,20.1,0.0200,,
1.9585,483,233.0,20.1,0.0055,,
1.9670,484,233.4,20.1,0.0060,,
1.9750,486,233.8,20.1,0.0055,,
1.9825,486,234.0,20.1,0.0150,,
1.9860,488,234.2,20.1,0.0025,,
1.9875,488,234.3,20.1,0.0035,,
1.9885,489,234.6,20.1,0.0005,,
1.9895,490,234.6,20.1,0.0005,,
1.9905,492,234.5,20.1,0.0005,,
1.9920,492,234.6,20.1,0.0030,,
1.9935,494,234.7,20.1,0.0010,,
1.9955,494,234.7,20.1,0.0050,,
1.9980,496,234.7,20.1,0.0015,,
1.9990,496,234.7,20.1,0.0025,,
1.9995,497,235.0,20.1,0.0005,,
Scope 1/1, Sample 7/33 (S4)
Result,TitrationEP1
V,t,E,T,dV/dt,E acc. stat.,Volume acc. stat.
0.0000,0,-58.7,20.1,NaN,,
0.0010,1,-58.8,20.1,0.0010,,
0.0025,2,-58.7,20.1,0.0015,,
0.0050,3,-58.7,20.1,0.0020,,
0.0090,4,-58.6,20.1,0.0035,,
0.0150,5,-58.5,20.1,0.0055,,
0.0235,6,-57.8,20.1,0.0075,,
0.0320,7,-57.0,20.1,0.0075,,
0.0405,8,-56.1,20.1,0.0075,,
0.0490,9,-54.8,20.1,0.0070,,
0.0565,10,-53.8,20.1,0.0070,,
0.0650,11,-52.2,20.1,0.0075,,
0.0730,12,-50.6,20.1,0.0075,,
0.0815,13,-49.2,20.1,0.0075,,
0.0900,14,-47.5,20.1,0.0075,,
0.0985,15,-45.5,20.1,0.0075,,
0.1060,16,-43.9,20.1,0.0070,,
0.1145,17,-41.8,20.1,0.0075,,
0.1230,18,-39.7,20.1,0.0075,,
0.1315,19,-37.3,20.1,0.0075,,
0.1395,20,-34.7,20.1,0.0075,,
0.1480,21,-32.4,20.1,0.0075,,
0.1555,22,-29.8,20.1,0.0070,,
0.1640,23,-26.9,20.1,0.0075,,
0.1725,24,-23.9,20.1,0.0075,,
0.1810,25,-20.8,20.1,0.0075,,
0.1895,26,-17.9,20.1,0.0075,,
0.1975,27,-15.1,20.1,0.0075,,
0.2055,28,-12.6,20.1,0.0075,,
0.2135,29,-10.1,20.1,0.0075,,
0.2220,30,-7.8,20.1,0.0075,,
0.2305,31,-5.7,20.1,0.0075,,
0.2390,32,-3.7,20.1,0.0075,,
0.2475,33,-1.9,20.1,0.0075,,
0.2550,34,-0.5,20.1,0.0070,,
0.2635,35,1.1,20.1,0.0075,,
0.2715,36,2.4,20.1,0.0075,,
0.2800,37,3.9,20.1,0.0075,,
0.2885,38,5.3,20.1,0.0075,,
0.2970,39,6.6,20.1,0.0075,,
0.3045,40,7.9,20.1,0.0070,,
0.3130,41,9.0,20.1,0.0075,,
0.3215,42,10.2,20.1,0.0075,,
0.3300,43,11.4,20.1,0.0075,,
0.3380,44,12.4,20.1,0.0075,,
0.3465,45,13.6,20.1,0.0075,,
0.3540,46,14.6,20.1,0.0070,,
0.3625,47,15.8,20.1,0.0075,,
0.3710,48,16.8,20.1,0.0075,,
0.3795,49,17.7,20.1,0.0075,,
0.3880,50,18.9,20.1,0.0075,,
0.3960,51,19.9,20.1,0.0075,,
0.4040,52,20.8,20.1,0.0075,,
0.4120,53,21.8,20.1,0.0075,,
0.4205,54,22.6,20.1,0.0075,,
0.4290,55,23.7,20.1,0.0075,,
0.4375,56,24.6,20.1,0.0075,,
0.4460,57,25.5,20.1,0.0075,,
0.4535,58,26.5,20.1,0.0070,,
0.4620,59,27.3,20.1,0.0075,,
0.4705,60,28.2,20.1,0.0075,,
0.4785,61,29.3,20.1,0.0075,,
0.4870,62,30.0,20.1,0.0075,,
0.4955,63,31.0,20.1,0.0075,,
0.5030,64,31.7,20.1,0.0070,,
0.5115,65,32.5,20.1,0.0075,,
0.5200,66,33.4,20.1,0.0075,,
0.5285,67,34.2,20.1,0.0075,,
0.5365,68,35.1,20.1,0.0075,,
0.5450,69,36.1,20.1,0.0075,,
0.5535,70,36.8,20.1,0.0075,,
0.5610,71,37.7,20.1,0.0070,,
0.5695,72,38.4,20.1,0.0075,,
0.5780,73,39.4,20.1,0.0075,,
0.5865,74,40.3,20.1,0.0075,,
0.5945,75,41.1,20.1,0.0075,,
0.6030,76,42.0,20.1,0.0075,,
0.6105,77,42.8,20.1,0.0070,,
0.6190,78,43.6,20.1,0.0075,,
0.6275,79,44.5,20.1,0.0075,,
0.6360,80,45.2,20.1,0.0075,,
0.6445,81,46.1,20.1,0.0075,,
0.6530,82,47.0,20.1,0.0075,,
0.6605,83,48.0,20.1,0.0070,,
0.6690,84,49.0,20.1,0.0075,,
0.6770,85,49.7,20.1,0.0075,,
0.6855,86,50.6,20.1,0.0075,,
0.6940,87,51.6,20.1,0.0075,,
0.7025,88,52.3,20.1,0.0075,,
0.7100,89,53.3,20.1,0.0070,,
0.7185,90,54.0,20.1,0.0075,,
0.7270,91,54.9,20.1,0.0075,,
0.7350,92,55.9,20.1,0.0075,,
0.7435,93,56.7,20.1,0.0075,,
0.7520,94,57.6,20.1,0.0075,,
0.7595,95,58.4,20.1,0.0070,,
0.7680,96,59.5,20.1,0.0075,,
0.7765,97,60.5,20.1,0.0075,,
0.7850,98,61.3,20.1,0.0075,,
0.7935,99,62.1,20.1,0.0075,,
0.8010,100,62.9,20.1,0.0070,,
0.8095,101,64.0,20.1,0.0075,,
0.8175,102,64.9,20.1,0.0075,,
0.8260,103,65.7,20.1,0.0075,,
0.8345,104,66.8,20.1,0.0075,,
0.8430,105,67.6,20.1,0.0075,,
0.8505,106,68.5,20.1,0.0070,,
0.8590,107,69.3,20.1,0.0075,,
0.8675,108,70.3,20.1,0.0075,,
0.8760,109,71.4,20.1,0.0075,,
0.8840,110,72.3,20.1,0.0075,,
0.8925,111,73.1,20.1,0.0070,,
0.9000,112,74.0,20.1,0.0070,,
0.9085,113,74.9,20.1,0.0075,,
0.9170,114,76.1,20.1,0.0075,,
0.9255,115,76.9,20.1,0.0075,,
0.9340,116,77.8,20.1,0.0075,,
0.9425,117,78.7,20.1,0.0070,,
0.9500,118,79.6,20.1,0.0070,,
0.9585,119,80.7,20.1,0.0075,,
0.9665,120,81.6,20.1,0.0075,,
0.9750,121,82.6,20.1,0.0075,,
0.9835,122,83.8,20.1,0.0075,,
0.9920,123,84.8,20.1,0.0075,,
0.9995,124,85.9,20.1,0.0070,,
1.0080,125,87.1,20.1,0.0075,,
1.0165,126,88.2,20.1,0.0075,,
1.0245,127,89.4,20.1,0.0075,,
1.0330,128,90.6,20.1,0.0070,,
1.0415,129,91.6,20.1,0.0070,,
1.0490,130,92.8,20.1,0.0070,,
1.0575,131,93.9,20.2,0.0075,,
1.0660,132,95.3,20.1,0.0075,,
1.0745,133,96.5,20.2,0.0075,,
1.0825,134,97.5,20.2,0.0075,,
1.0910,135,98.9,20.2,0.0075,,
1.0995,136,100.1,20.2,0.0075,,
1.1070,137,101.7,20.2,0.0070,,
1.1155,138,103.1,20.2,0.0075,,
1.1240,139,104.3,20.2,0.0075,,
1.1325,140,105.9,20.2,0.0075,,
1.1410,141,107.7,20.2,0.0075,,
1.1485,142,109.2,20.2,0.0070,,
1.1570,143,110.9,20.2,0.0075,,
1.1650,144,112.6,20.2,0.0075,,
1.1735,145,114.5,20.2,0.0075,,
1.1820,146,116.4,20.2,0.0075,,
1.1905,147,118.5,20.2,0.0070,,
1.1980,148,120.6,20.2,0.0070,,
1.2065,149,123.0,20.2,0.0075,,
1.2150,150,125.5,20.2,0.0075,,
1.2230,151,128.1,20.2,0.0075,,
1.2315,152,130.6,20.2,0.0075,,
1.2400,153,133.6,20.2,0.0075,,
1.2475,154,136.1,20.2,0.0070,,
1.2560,155,139.4,20.2,0.0075,,
1.2645,156,142.7,20.2,0.0075,,
1.2730,157,146.2,20.2,0.0075,,
1.2815,158,149.7,20.2,0.0075,,
1.2895,159,153.2,20.2,0.0075,,
1.2975,160,156.6,20.2,0.0075,,
1.3055,161,160.0,20.2,0.0075,,
1.3140,162,163.5,20.2,0.0075,,
1.3225,163,167.2,20.2,0.0075,,
1.3310,164,170.3,20.2,0.0075,,
1.3395,165,172.9,20.2,0.0070,,
1.3470,166,175.3,20.2,0.0070,,
1.3555,167,178.1,20.2,0.0075,,
1.3640,168,180.7,20.2,0.0075,,
1.3720,169,182.7,20.2,0.0075,,
1.3805,170,184.7,20.2,0.0075,,
1.3850,171,185.2,20.2,0.0065,,
1.3850,411,188.6,20.2,0.0000,,
1.3855,412,188.6,20.2,0.0005,,
1.3870,413,188.5,20.2,0.0020,,
1.3895,414,188.8,20.2,0.0030,,
1.3935,415,189.4,20.2,0.0045,,
1.4000,416,190.1,20.2,0.0070,,
1.4080,417,191.3,20.2,0.0090,,
1.4160,418,192.6,20.2,0.0100,,
1.4240,419,194.1,20.2,0.0100,,
1.4325,420,195.4,20.2,0.0105,,
1.4410,421,196.7,20.2,0.0095,,
1.4495,422,197.9,20.2,0.0095,,
1.4580,423,199.0,20.2,0.0095,,
1.4655,424,200.1,20.2,0.0095,,
1.4740,425,201.3,20.2,0.0105,,
1.4825,426,202.2,20.2,0.0105,,
1.4905,427,203.2,20.2,0.0090,,
1.4990,428,204.4,20.2,0.0095,,
1.5075,429,205.2,20.2,0.0095,,
1.5150,430,206.1,20.2,0.0095,,
1.5235,431,206.9,20.2,0.0105,,
1.5320,432,207.7,20.2,0.0105,,
1.5405,433,208.6,20.2,0.0095,,
1.5485,434,209.3,20.2,0.0090,,
1.5570,435,210.0,20.3,0.0095,,
1.5645,436,210.7,20.3,0.0095,,
1.5730,437,211.4,20.3,0.0105,,
1.5815,438,212.2,20.2,0.0105,,
1.5900,439,212.8,20.3,0.0095,,
1.5985,440,213.6,20.3,0.0095,,
1.6070,441,214.3,20.3,0.0095,,
1.6145,442,214.8,20.3,0.0095,,
1.6225,443,215.5,20.3,0.0100,,
1.6310,444,215.9,20.3,0.0105,,
1.6395,445,216.6,20.3,0.0095,,
1.6480,446,217.3,20.3,0.0095,,
1.6565,447,217.9,20.3,0.0095,,
1.6640,448,218.5,20.3,0.0095,,
1.6725,449,218.9,20.3,0.0105,,
1.6810,450,219.6,20.3,0.0105,,
1.6890,451,220.1,20.3,0.0090,,
1.6975,452,220.5,20.3,0.0095,,
1.7060,453,221.1,20.3,0.0095,,
1.7135,454,221.4,20.3,0.0095,,
1.7220,455,222.0,20.3,0.0105,,
1.7305,456,222.3,20.3,0.0095,,
1.7390,457,222.7,20.3,0.0095,,
1.7475,458,223.3,20.3,0.0095,,
1.7555,459,223.7,20.3,0.0090,,
1.7635,460,224.3,20.3,0.0100,,
1.7715,461,224.5,20.3,0.0100,,
1.7800,462,224.9,20.3,0.0105,,
1.7885,463,225.5,20.3,0.0095,,
1.7970,464,225.8,20.3,0.0095,,
1.8055,465,226.1,20.3,0.0095,,
1.8130,466,226.5,20.3,0.0095,,
1.8215,467,226.9,20.3,0.0105,,
1.8295,468,227.4,20.3,0.0100,,
1.8380,469,228.0,20.3,0.0095,,
1.8465,470,228.3,20.3,0.0095,,
1.8550,471,228.6,20.3,0.0095,,
1.8625,472,228.9,20.3,0.0095,,
1.8710,473,229.3,20.3,0.0105,,
1.8795,474,229.6,20.3,0.0105,,
1.8875,475,229.8,20.3,0.0090,,
1.8960,476,230.2,20.3,0.0095,,
1.9045,477,230.7,20.3,0.0095,,
1.9120,478,230.9,20.3,0.0095,,
1.9205,479,231.3,20.3,0.0105,,
1.9290,480,231.6,20.3,0.0105,,
1.9375,481,231.9,20.3,0.0095,,
1.9455,482,232.3,20.3,0.0090,,
1.9540,483,232.4,20.3,0.0095,,
1.9625,484,232.8,20.3,0.0105,,
1.9700,485,233.0,20.3,0.0095,,
1.9785,486,233.4,20.3,0.0105,,
1.9865,487,233.9,20.3,0.0100,,
1.9925,488,234.0,20.3,0.0065,,
1.9975,489,234.2,20.3,0.0055,,
1.9995,490,234.5,20.3,0.0020,,
2.0000,491,234.5,20.3,0.0005,,
2.0010,492,234.5,20.3,0.0010,,
2.0025,493,234.4,20.3,0.0020,,
2.0050,494,234.4,20.3,0.0030,,
2.0085,495,234.6,20.3,0.0040,,
2.0095,496,234.7,20.3,0.0010,,
2.0100,497,234.7,20.3,0.0005,,
2.0110,498,234.7,20.3,0.0010,,
2.0125,499,234.8,20.3,0.0015,,
2.0135,500,235.0,20.3,0.0015,,
Scope 1/1, Sample 8/33 (S5)
Result,TitrationEP1
V,t,E,T,dV/dt,E acc. stat.,Volume acc. stat.
0.0000,0,-58.1,20.3,NaN,,
0.0005,1,-58.1,20.3,0.0005,,
0.0025,2,-58.0,20.3,0.0020,,
0.0050,3,-57.9,20.3,0.0025,,
0.0085,4,-58.0,20.3,0.0030,,
0.0150,5,-57.7,20.3,0.0060,,
0.0230,6,-57.0,20.3,0.0075,,
0.0315,7,-56.4,20.3,0.0085,,
0.0390,8,-55.3,20.3,0.0075,,
0.0475,9,-54.3,20.3,0.0085,,
0.0560,10,-52.9,20.3,0.0075,,
0.0645,11,-51.4,20.3,0.0075,,
0.0725,12,-49.8,20.3,0.0075,,
0.0810,13,-48.3,20.3,0.0085,,
0.0885,14,-46.6,20.3,0.0075,,
0.0970,15,-44.6,20.3,0.0085,,
0.1055,16,-42.5,20.3,0.0075,,
0.1140,17,-40.4,20.3,0.0075,,
0.1225,18,-38.2,20.3,0.0075,,
0.1305,19,-36.0,20.3,0.0080,,
0.1385,20,-33.3,20.3,0.0080,,
0.1465,21,-30.4,20.3,0.0080,,
0.1550,22,-27.7,20.3,0.0075,,
0.1635,23,-24.7,20.3,0.0075,,
0.1720,24,-21.6,20.3,0.0075,,
0.1805,25,-18.5,20.3,0.0075,,
0.1880,26,-15.9,20.3,0.0075,,
0.1965,27,-13.1,20.3,0.0085,,
0.2045,28,-10.5,20.3,0.0075,,
0.2130,29,-8.0,20.3,0.0075,,
0.2215,30,-5.9,20.3,0.0075,,
0.2300,31,-3.9,20.3,0.0085,,
0.2375,32,-2.2,20.3,0.0075,,
0.2460,33,-0.4,20.3,0.0085,,
0.2545,34,1.2,20.3,0.0075,,
0.2630,35,2.8,20.3,0.0075,,
0.2710,36,4.4,20.3,0.0075,,
0.2795,37,5.6,20.3,0.0085,,
0.2870,38,7.1,20.3,0.0075,,
0.2955,39,8.5,20.3,0.0085,,
0.3040,40,9.7,20.3,0.0075,,
0.3125,41,11.0,20.3,0.0075,,
0.3210,42,12.3,20.3,0.0075,,
0.3285,43,13.3,20.3,0.0075,,
0.3370,44,14.3,20.3,0.0085,,
0.3455,45,15.3,20.3,0.0075,,
0.3535,46,16.5,20.3,0.0075,,
0.3620,47,17.6,20.3,0.0075,,
0.3705,48,18.5,20.3,0.0075,,
0.3780,49,19.4,20.3,0.0075,,
0.3865,50,20.4,20.3,0.0085,,
0.3950,51,21.5,20.3,0.0075,,
0.4035,52,22.6,20.3,0.0075,,
0.4120,53,23.5,20.3,0.0075,,
0.4200,54,24.5,20.3,0.0075,,
0.4280,55,25.3,20.3,0.0080,,
0.4360,56,26.4,20.3,0.0080,,
0.4445,57,27.3,20.3,0.0075,,
0.4530,58,28.1,20.3,0.0075,,
0.4615,59,29.1,20.3,0.0075,,
0.4700,60,30.0,20.3,0.0075,,
0.4775,61,30.9,20.3,0.0075,,
0.4860,62,31.7,20.3,0.0085,,
0.4940,63,32.4,20.3,0.0075,,
0.5025,64,33.4,20.3,0.0075,,
0.5110,65,34.4,20.3,0.0075,,
0.5195,66,35.2,20.3,0.0075,,
0.5270,67,35.9,20.3,0.0075,,
0.5355,68,36.9,20.3,0.0085,,
0.5440,69,37.8,20.3,0.0085,,
0.5520,70,38.7,20.3,0.0075,,
0.5605,71,39.6,20.3,0.0075,,
0.5690,72,40.5,20.3,0.0075,,
0.5765,73,41.3,20.3,0.0075,,
0.5850,74,42.2,20.3,0.0085,,
0.5935,75,43.0,20.3,0.0075,,
0.6020,76,43.8,20.3,0.0075,,
0.6105,77,44.6,20.3,0.0075,,
0.6185,78,45.6,20.3,0.0075,,
0.6265,79,46.3,20.3,0.0080,,
0.6345,80,47.2,20.3,0.0080,,
0.6430,81,48.1,20.3,0.0085,,
0.6515,82,49.0,20.3,0.0075,,
0.6600,83,49.9,20.3,0.0075,,
0.6685,84,50.7,20.3,0.0075,,
0.6760,85,51.6,20.3,0.0075,,
0.6845,86,52.3,20.3,0.0085,,
0.6925,87,53.3,20.3,0.0080,,
0.7010,88,54.1,20.3,0.0075,,
0.7095,89,54.8,20.3,0.0075,,
0.7180,90,55.8,20.3,0.0075,,
0.7255,91,56.7,20.3,0.0075,,
0.7340,92,57.7,20.3,0.0085,,
0.7425,93,58.5,20.3,0.0075,,
0.7510,94,59.1,20.3,0.0075,,
0.7590,95,60.1,20.3,0.0075,,
0.7675,96,61.1,20.3,0.0075,,
0.7760,97,62.1,20.3,0.0085,,
0.7835,98,63.0,20.3,0.0075,,
0.7920,99,63.8,20.3,0.0085,,
0.8005,100,64.8,20.3,0.0075,,
0.8090,101,65.8,20.3,0.0075,,
0.8170,102,66.6,20.3,0.0075,,
0.8255,103,67.5,20.3,0.0085,,
0.8330,104,68.3,20.3,0.0075,,
0.8415,105,69.3,20.3,0.0085,,
0.8500,106,70.3,20.3,0.0075,,
0.8585,107,71.1,20.3,0.0075,,
0.8670,108,71.9,20.3,0.0075,,
0.8755,109,72.7,20.3,0.0085,,
0.8830,110,73.9,20.3,0.0075,,
0.8915,111,74.8,20.3,0.0085,,
0.8995,112,75.6,20.3,0.0075,,
0.9080,113,76.7,20.3,0.0075,,
0.9165,114,77.8,20.3,0.0075,,
0.9240,115,78.7,20.3,0.0075,,
0.9325,116,79.6,20.3,0.0085,,
0.9410,117,80.5,20.3,0.0085,,
0.9495,118,81.5,20.3,0.0075,,
0.9575,119,82.7,20.3,0.0075,,
0.9660,120,83.6,20.3,0.0075,,
0.9735,121,84.6,20.3,0.0075,,
0.9820,122,85.8,20.3,0.0085,,
0.9905,123,87.0,20.3,0.0075,,
0.9990,124,88.0,20.3,0.0075,,
1.0075,125,88.8,20.3,0.0075,,
1.0160,126,90.0,20.3,0.0075,,
1.0240,127,90.9,20.3,0.0080,,
1.0320,128,92.2,20.3,0.0080,,
1.0400,129,93.5,20.3,0.0075,,
1.0485,130,94.6,20.3,0.0075,,
1.0570,131,95.8,20.3,0.0075,,
1.0655,132,97.1,20.3,0.0075,,
1.0740,133,98.4,20.3,0.0075,,
1.0815,134,99.7,20.3,0.0075,,
1.0900,135,101.0,20.3,0.0085,,
1.0980,136,102.5,20.3,0.0075,,
1.1065,137,104.1,20.3,0.0075,,
1.1150,138,105.4,20.3,0.0075,,
1.1235,139,106.9,20.3,0.0085,,
1.1310,140,108.4,20.3,0.0075,,
1.1395,141,110.1,20.3,0.0085,,
1.1480,142,111.8,20.3,0.0075,,
1.1565,143,113.5,20.3,0.0075,,
1.1645,144,115.4,20.3,0.0075,,
1.1730,145,117.4,20.3,0.0085,,
1.1805,146,119.7,20.3,0.0075,,
1.1890,147,121.9,20.3,0.0085,,
1.1975,148,124.2,20.3,0.0075,,
1.2060,149,126.6,20.3,0.0075,,
1.2145,150,129.1,20.3,0.0075,,
1.2225,151,131.6,20.3,0.0080,,
1.2305,152,134.6,20.3,0.0080,,
1.2385,153,137.5,20.3,0.0080,,
1.2470,154,141.0,20.3,0.0075,,
1.2555,155,144.3,20.3,0.0075,,
1.2640,156,147.4,20.3,0.0075,,
1.2725,157,150.6,20.4,0.0085,,
1.2800,158,154.1,20.3,0.0075,,
1.2885,159,158.1,20.3,0.0085,,
1.2965,160,161.5,20.4,0.0075,,
1.3050,161,164.5,20.4,0.0075,,
1.3135,162,167.9,20.4,0.0075,,
1.3220,163,170.7,20.4,0.0085,,
1.3295,164,173.6,20.4,0.0075,,
1.3380,165,176.2,20.4,0.0085,,
1.3465,166,178.7,20.4,0.0075,,
1.3550,167,181.1,20.4,0.0075,,
1.3630,168,183.5,20.4,0.0075,,
1.3710,169,185.0,20.4,0.0080,,
1.3710,409,188.1,20.4,0.0000,,
1.3715,410,188.0,20.4,0.0005,,
1.3730,411,188.0,20.4,0.0015,,
1.3755,412,188.3,20.4,0.0020,,
1.3795,413,188.8,20.4,0.0035,,
1.3860,414,189.6,20.4,0.0055,,
1.3945,415,190.7,20.4,0.0075,,
1.4020,416,192.2,20.4,0.0070,,
1.4105,417,193.7,20.4,0.0075,,
1.4185,418,195.0,20.4,0.0065,,
1.4270,419,196.3,20.4,0.0070,,
1.4355,420,197.8,20.4,0.0070,,
1.4430,421,198.8,20.4,0.0070,,
1.4515,422,200.0,20.4,0.0075,,
1.4600,423,201.0,20.4,0.0075,,
1.4685,424,202.2,20.4,0.0070,,
1.4770,425,203.2,20.4,0.0070,,
1.4850,426,204.1,20.4,0.0065,,
1.4925,427,205.0,20.4,0.0070,,
1.5010,428,205.8,20.4,0.0075,,
1.5095,429,206.8,20.4,0.0075,,
1.5180,430,207.7,20.4,0.0070,,
1.5265,431,208.5,20.4,0.0070,,
1.5350,432,209.3,20.4,0.0070,,
1.5425,433,209.9,20.4,0.0070,,
1.5510,434,210.7,20.4,0.0075,,
1.5590,435,211.5,20.4,0.0075,,
1.5675,436,212.0,20.4,0.0070,,
1.5760,437,212.9,20.4,0.0070,,
1.5845,438,213.7,20.4,0.0070,,
1.5920,439,214.2,20.4,0.0070,,
1.6005,440,214.9,20.4,0.0075,,
1.6090,441,215.4,20.4,0.0075,,
1.6175,442,216.2,20.4,0.0070,,
1.6255,443,216.7,20.4,0.0065,,
1.6340,444,217.1,20.4,0.0070,,
1.6415,445,217.8,20.4,0.0070,,
1.6500,446,218.3,20.4,0.0075,,
1.6585,447,218.9,20.4,0.0075,,
1.6670,448,219.5,20.4,0.0070,,
1.6755,449,220.1,20.4,0.0070,,
1.6840,450,220.6,20.4,0.0070,,
1.6915,451,221.0,20.4,0.0070,,
1.6995,452,221.5,20.4,0.0075,,
1.7080,453,221.9,20.4,0.0075,,
1.7165,454,222.3,20.4,0.0070,,
1.7250,455,222.9,20.4,0.0070,,
1.7335,456,223.5,20.4,0.0070,,
1.7410,457,223.8,20.4,0.0070,,
1.7495,458,224.3,20.4,0.0075,,
1.7580,459,224.6,20.4,0.0075,,
1.7660,460,225.1,20.4,0.0065,,
1.7745,461,225.6,20.4,0.0070,,
1.7830,462,225.9,20.4,0.0070,,
1.7915,463,226.3,20.4,0.0075,,
1.7990,464,226.6,20.4,0.0070,,
1.8075,465,227.1,20.4,0.0075,,
1.8160,466,227.5,20.4,0.0070,,
1.8240,467,227.7,20.4,0.0065,,
1.8325,468,228.2,20.4,0.0070,,
1.8410,469,228.7,20.4,0.0075,,
1.8485,470,229.0,20.4,0.0070,,
1.8570,471,229.3,20.4,0.0075,,
1.8655,472,229.5,20.4,0.0070,,
1.8740,473,230.0,20.4,0.0070,,
1.8825,474,230.5,20.4,0.0070,,
1.8900,475,230.8,20.4,0.0070,,
1.8985,476,231.0,20.4,0.0075,,
1.9065,477,231.3,20.4,0.0075,,
1.9150,478,231.7,20.4,0.0070,,
1.9235,479,232.0,20.4,0.0070,,
1.9320,480,232.2,20.4,0.0070,,
1.9395,481,232.6,20.4,0.0070,,
1.9480,482,232.8,20.4,0.0075,,
1.9565,483,233.3,20.4,0.0075,,
1.9650,484,233.6,20.4,0.0070,,
1.9725,485,233.8,20.4,0.0060,,
1.9790,486,234.2,20.4,0.0055,,
1.9800,487,234.2,20.4,0.0010,,
1.9805,488,234.3,20.4,0.0005,,
1.9820,489,234.5,20.4,0.0010,,
1.9830,490,234.4,20.4,0.0010,,
1.9850,491,234.6,20.4,0.0015,,
1.9880,492,234.7,20.4,0.0025,,
1.9900,493,234.7,20.4,0.0020,,
1.9920,494,234.8,20.4,0.0020,,
1.9925,495,234.7,20.5,0.0005,,
1.9935,496,234.8,20.4,0.0010,,
1.9940,497,235.0,20.4,0.0005,,
Scope 1/1, Sample 9/33 (S6)
Result,TitrationEP1
V,t,E,T,dV/dt,E acc. stat.,Volume acc. stat.
0.0000,0,-59.2,20.5,NaN,,
0.0005,1,-59.2,20.5,0.0005,,
0.0025,2,-59.3,20.5,0.0020,,
0.0050,3,-59.3,20.5,0.0025,,
0.0090,4,-59.1,20.5,0.0035,,
0.0150,5,-58.8,20.5,0.0055,,
0.0235,6,-58.4,20.5,0.0075,,
0.0310,7,-57.7,20.5,0.0075,,
0.0395,8,-56.7,20.5,0.0085,,
0.0480,9,-55.5,20.5,0.0075,,
0.0565,10,-54.2,20.5,0.0075,,
0.0650,11,-52.9,20.5,0.0075,,
0.0735,12,-51.6,20.5,0.0085,,
0.0810,13,-49.9,20.5,0.0075,,
0.0890,14,-48.0,20.5,0.0080,,
0.0975,15,-46.3,20.5,0.0075,,
0.1060,16,-44.3,20.5,0.0075,,
0.1145,17,-42.2,20.5,0.0075,,
0.1230,18,-40.0,20.5,0.0075,,
0.1305,19,-37.8,20.5,0.0075,,
0.1390,20,-35.4,20.5,0.0085,,
0.1470,21,-32.9,20.5,0.0080,,
0.1555,22,-30.2,20.5,0.0075,,
0.1640,23,-27.4,20.5,0.0075,,
0.1725,24,-24.6,20.5,0.0075,,
0.1800,25,-21.8,20.5,0.0075,,
0.1885,26,-18.7,20.5,0.0085,,
0.1970,27,-15.8,20.5,0.0075,,
0.2055,28,-13.1,20.5,0.0075,,
0.2135,29,-10.7,20.5,0.0075,,
0.2220,30,-8.5,20.5,0.0085,,
0.2295,31,-6.3,20.5,0.0075,,
0.2380,32,-4.2,20.5,0.0085,,
0.2465,33,-2.4,20.5,0.0075,,
0.2550,34,-0.8,20.5,0.0075,,
0.2635,35,0.9,20.5,0.0075,,
0.2720,36,2.5,20.5,0.0075,,
0.2795,37,3.9,20.5,0.0075,,
0.2880,38,5.2,20.5,0.0085,,
0.2960,39,6.5,20.5,0.0075,,
0.3045,40,7.9,20.5,0.0075,,
0.3130,41,9.2,20.5,0.0075,,
0.3215,42,10.4,20.5,0.0075,,
0.3290,43,11.5,20.5,0.0075,,
0.3375,44,12.5,20.6,0.0085,,
0.3460,45,13.7,20.5,0.0075,,
0.3540,46,14.8,20.6,0.0075,,
0.3625,47,15.8,20.6,0.0075,,
0.3710,48,16.8,20.5,0.0085,,
0.3785,49,17.9,20.6,0.0075,,
0.3870,50,18.9,20.5,0.0085,,
0.3955,51,19.9,20.6,0.0075,,
0.4040,52,20.8,20.6,0.0075,,
0.4125,53,21.7,20.6,0.0075,,
0.4200,54,22.5,20.6,0.0075,,
0.4285,55,23.6,20.6,0.0085,,
0.4365,56,24.5,20.6,0.0080,,
0.4450,57,25.4,20.6,0.0075,,
0.4535,58,26.5,20.6,0.0075,,
0.4620,59,27.4,20.6,0.0075,,
0.4695,60,28.3,20.6,0.0075,,
0.4780,61,29.1,20.6,0.0085,,
0.4865,62,30.1,20.6,0.0085,,
0.4950,63,31.0,20.6,0.0075,,
0.5030,64,31.9,20.6,0.0075,,
0.5115,65,32.7,20.6,0.0075,,
0.5190,66,33.4,20.6,0.0075,,
0.5275,67,34.4,20.6,0.0085,,
0.5360,68,35.3,20.6,0.0085,,
0.5445,69,36.2,20.6,0.0075,,
0.5530,70,37.1,20.6,0.0075,,
0.5610,71,38.1,20.6,0.0075,,
0.5695,72,38.9,20.6,0.0085,,
0.5770,73,39.8,20.6,0.0075,,
0.5855,74,40.6,20.6,0.0085,,
0.5940,75,41.4,20.6,0.0075,,
0.6025,76,42.4,20.6,0.0075,,
0.6110,77,43.3,20.6,0.0075,,
0.6195,78,44.0,20.6,0.0085,,
0.6270,79,44.9,20.6,0.0075,,
0.6355,80,45.8,20.6,0.0085,,
0.6435,81,46.8,20.6,0.0075,,
0.6520,82,47.5,20.6,0.0075,,
0.6605,83,48.4,20.6,0.0075,,
0.6690,84,49.3,20.6,0.0075,,
0.6765,85,50.0,20.6,0.0075,,
0.6850,86,51.0,20.6,0.0085,,
0.6935,87,51.9,20.6,0.0075,,
0.7015,88,52.7,20.6,0.0075,,
0.7100,89,53.7,20.6,0.0075,,
0.7185,90,54.6,20.6,0.0075,,
0.7260,91,55.4,20.6,0.0075,,
0.7345,92,56.3,20.6,0.0085,,
0.7430,93,57.0,20.6,0.0085,,
0.7515,94,58.1,20.6,0.0075,,
0.7595,95,59.0,20.6,0.0075,,
0.7680,96,59.8,20.6,0.0075,,
0.7755,97,60.6,20.6,0.0075,,
0.7840,98,61.5,20.6,0.0085,,
0.7925,99,62.5,20.6,0.0085,,
0.8010,100,63.6,20.6,0.0075,,
0.8095,101,64.5,20.6,0.0075,,
0.8175,102,65.4,20.6,0.0075,,
0.8255,103,66.1,20.6,0.0080,,
0.8335,104,67.2,20.6,0.0080,,
0.8420,105,68.2,20.6,0.0085,,
0.8505,106,69.0,20.6,0.0075,,
0.8590,107,70.0,20.6,0.0075,,
0.8675,108,71.0,20.6,0.0075,,
0.8750,109,71.9,20.6,0.0075,,
0.8835,110,72.9,20.6,0.0085,,
0.8920,111,73.8,20.6,0.0085,,
0.9000,112,74.7,20.6,0.0075,,
0.9085,113,75.7,20.6,0.0075,,
0.9170,114,76.6,20.6,0.0075,,
0.9245,115,77.6,20.6,0.0075,,
0.9330,116,78.5,20.6,0.0085,,
0.9415,117,79.6,20.6,0.0085,,
0.9500,118,80.7,20.6,0.0075,,
0.9585,119,81.7,20.6,0.0075,,
0.9665,120,82.8,20.6,0.0075,,
0.9740,121,83.6,20.6,0.0075,,
0.9825,122,84.9,20.6,0.0085,,
0.9910,123,86.0,20.6,0.0075,,
0.9995,124,86.9,20.6,0.0075,,
1.0080,125,88.1,20.6,0.0075,,
1.0165,126,89.4,20.6,0.0075,,
1.0240,127,90.4,20.6,0.0075,,
1.0325,128,91.6,20.6,0.0085,,
1.0405,129,92.9,20.6,0.0080,,
1.0490,130,94.2,20.6,0.0075,,
1.0575,131,95.1,20.6,0.0075,,
1.0660,132,96.4,20.6,0.0075,,
1.0735,133,97.8,20.6,0.0075,,
1.0820,134,99.0,20.6,0.0085,,
1.0905,135,100.5,20.6,0.0085,,
1.0990,136,101.9,20.6,0.0075,,
1.1070,137,103.5,20.6,0.0075,,
1.1155,138,105.1,20.6,0.0075,,
1.1230,139,106.5,20.6,0.0075,,
1.1315,140,108.0,20.6,0.0085,,
1.1400,141,109.5,20.6,0.0085,,
1.1485,142,111.3,20.6,0.0075,,
1.1570,143,113.2,20.6,0.0075,,
1.1650,144,115.3,20.6,0.0075,,
1.1725,145,117.1,20.6,0.0075,,
1.1810,146,119.1,20.6,0.0085,,
1.1895,147,121.3,20.6,0.0085,,
1.1980,148,123.7,20.6,0.0075,,
1.2065,149,126.1,20.6,0.0075,,
1.2150,150,128.6,20.6,0.0075,,
1.2225,151,131.2,20.6,0.0075,,
1.2310,152,134.0,20.6,0.0085,,
1.2390,153,137.6,20.6,0.0080,,
1.2475,154,140.9,20.6,0.0075,,
1.2560,155,144.1,20.6,0.0075,,
1.2645,156,147.4,20.6,0.0075,,
1.2730,157,151.3,20.6,0.0075,,
1.2805,158,154.6,20.6,0.0075,,
1.2890,159,158.3,20.6,0.0085,,
1.2970,160,161.7,20.6,0.0075,,
1.3055,161,165.2,20.6,0.0075,,
1.3140,162,168.5,20.6,0.0075,,
1.3225,163,171.5,20.6,0.0075,,
1.3300,164,174.2,20.6,0.0075,,
1.3385,165,176.8,20.6,0.0085,,
1.3470,166,179.2,20.6,0.0075,,
1.3550,167,181.8,20.6,0.0075,,
1.3635,168,183.8,20.6,0.0075,,
1.3705,169,185.1,20.6,0.0080,,
1.3705,409,188.3,20.7,0.0000,,
1.3710,410,188.4,20.7,0.0005,,
1.3725,411,188.3,20.7,0.0015,,
1.3750,412,188.5,20.7,0.0030,,
1.3790,413,189.1,20.7,0.0040,,
1.3855,414,189.9,20.7,0.0065,,
1.3940,415,191.1,20.7,0.0085,,
1.4015,416,192.5,20.7,0.0085,,
1.4095,417,193.7,20.7,0.0090,,
1.4180,418,195.2,20.7,0.0095,,
1.4265,419,196.6,20.7,0.0085,,
1.4350,420,197.8,20.7,0.0085,,
1.4435,421,199.0,20.7,0.0085,,
1.4510,422,200.0,20.7,0.0085,,
1.4595,423,201.1,20.7,0.0095,,
1.4680,424,202.3,20.7,0.0095,,
1.4760,425,203.3,20.7,0.0080,,
1.4845,426,204.2,20.7,0.0085,,
1.4930,427,205.2,20.7,0.0085,,
1.5005,428,206.1,20.7,0.0085,,
1.5090,429,207.0,20.7,0.0095,,
1.5175,430,207.7,20.7,0.0095,,
1.5260,431,208.6,20.7,0.0085,,
1.5340,432,209.4,20.7,0.0080,,
1.5425,433,210.1,20.7,0.0085,,
1.5510,434,211.0,20.7,0.0095,,
1.5585,435,211.7,20.7,0.0085,,
1.5670,436,212.4,20.7,0.0095,,
1.5755,437,213.1,20.7,0.0085,,
1.5840,438,213.7,20.7,0.0085,,
1.5920,439,214.4,20.7,0.0080,,
1.6005,440,214.9,20.7,0.0095,,
1.6080,441,215.6,20.7,0.0085,,
1.6165,442,216.3,20.7,0.0095,,
1.6250,443,216.8,20.7,0.0085,,
1.6335,444,217.3,20.7,0.0085,,
1.6420,445,218.0,20.7,0.0085,,
1.6500,446,218.5,20.7,0.0080,,
1.6580,447,219.0,20.7,0.0090,,
1.6660,448,219.6,20.7,0.0090,,
1.6745,449,220.1,20.7,0.0085,,
1.6830,450,220.6,20.7,0.0085,,
1.6915,451,221.0,20.7,0.0085,,
1.7000,452,221.5,20.7,0.0085,,
1.7075,453,222.0,20.7,0.0085,,
1.7160,454,222.5,20.7,0.0095,,
1.7245,455,222.9,20.7,0.0095,,
1.7325,456,223.4,20.7,0.0080,,
1.7410,457,223.8,20.7,0.0085,,
1.7495,458,224.4,20.7,0.0085,,
1.7570,459,224.8,20.7,0.0085,,
1.7655,460,225.3,20.7,0.0095,,
1.7740,461,225.7,20.7,0.0085,,
1.7825,462,226.1,20.7,0.0085,,
1.7910,463,226.5,20.7,0.0085,,
1.7990,464,227.0,20.7,0.0090,,
1.8070,465,227.3,20.7,0.0090,,
1.8150,466,227.6,20.7,0.0090,,
1.8235,467,228.0,20.7,0.0085,,
1.8320,468,228.3,20.7,0.0085,,
1.8405,469,228.8,20.7,0.0085,,
1.8490,470,229.1,20.7,0.0095,,
1.8565,471,229.4,20.7,0.0085,,
1.8650,472,229.8,20.7,0.0095,,
1.8730,473,230.1,20.7,0.0080,,
1.8815,474,230.4,20.7,0.0085,,
1.8900,475,230.8,20.7,0.0085,,
1.8975,476,231.1,20.7,0.0085,,
1.9060,477,231.5,20.7,0.0095,,
1.9145,478,231.8,20.7,0.0095,,
1.9230,479,232.1,20.7,0.0085,,
1.9315,480,232.5,20.7,0.0085,,
1.9395,481,232.9,20.7,0.0080,,
1.9475,482,233.1,20.7,0.0090,,
1.9555,483,233.4,20.7,0.0090,,
1.9640,484,233.7,20.7,0.0095,,
1.9715,485,234.1,20.7,0.0075,,
1.9745,486,234.3,20.7,0.0030,,
1.9750,487,234.3,20.7,0.0005,,
1.9755,488,234.4,20.7,0.0005,,
1.9775,489,234.4,20.7,0.0020,,
1.9795,490,234.5,20.7,0.0020,,
1.9820,491,234.6,20.7,0.0025,,
1.9845,492,234.7,20.7,0.0025,,
1.9880,493,234.7,20.7,0.0035,,
1.9910,494,234.9,20.7,0.0035,,
1.9935,495,235.0,20.7,0.0020,,
Scope 1/1, Sample 10/33 (T1)
Result,TitrationEP1
V,t,E,T,dV/dt,E acc. stat.,Volume acc. stat.
0.0000,0,-61.2,20.6,NaN,,
0.0010,1,-61.1,20.6,0.0010,,
0.0025,2,-61.2,20.6,0.0015,,
0.0050,3,-61.3,20.6,0.0020,,
0.0095,4,-61.1,20.6,0.0035,,
0.0150,5,-60.9,20.6,0.0050,,
0.0235,6,-60.4,20.6,0.0075,,
0.0320,7,-59.7,20.6,0.0075,,
0.0405,8,-58.9,20.6,0.0075,,
0.0485,9,-57.7,20.6,0.0075,,
0.0570,10,-56.5,20.6,0.0070,,
0.0655,11,-55.4,20.6,0.0075,,
0.0730,12,-54.1,20.6,0.0070,,
0.0815,13,-52.6,20.6,0.0075,,
0.0900,14,-51.0,20.6,0.0075,,
0.0985,15,-49.3,20.6,0.0075,,
0.1070,16,-47.7,20.6,0.0070,,
0.1145,17,-45.9,20.6,0.0070,,
0.1230,18,-44.0,20.6,0.0075,,
0.1310,19,-41.9,20.6,0.0075,,
0.1395,20,-39.7,20.6,0.0075,,
0.1480,21,-37.4,20.6,0.0075,,
0.1565,22,-34.8,20.6,0.0070,,
0.1650,23,-32.5,20.6,0.0075,,
0.1725,24,-29.7,20.6,0.0070,,
0.1810,25,-26.9,20.6,0.0075,,
0.1890,26,-24.2,20.6,0.0075,,
0.1975,27,-21.2,20.6,0.0075,,
0.2060,28,-18.4,20.6,0.0070,,
0.2145,29,-16.0,20.6,0.0075,,
0.2220,30,-13.6,20.6,0.0070,,
0.2305,31,-11.4,20.6,0.0075,,
0.2390,32,-9.1,20.6,0.0075,,
0.2475,33,-7.2,20.6,0.0075,,
0.2555,34,-5.4,20.6,0.0065,,
0.2640,35,-3.8,20.6,0.0070,,
0.2715,36,-2.4,20.6,0.0070,,
0.2800,37,-0.9,20.6,0.0075,,
0.2885,38,0.6,20.6,0.0075,,
0.2970,39,1.8,20.6,0.0075,,
0.3055,40,3.3,20.6,0.0070,,
0.3135,41,4.7,20.6,0.0065,,
0.3210,42,5.8,20.6,0.0070,,
0.3295,43,7.0,20.6,0.0075,,
0.3380,44,8.0,20.6,0.0075,,
0.3465,45,9.3,20.6,0.0075,,
0.3550,46,10.4,20.6,0.0070,,
0.3635,47,11.3,20.6,0.0070,,
0.3710,48,12.5,20.6,0.0070,,
0.3795,49,13.3,20.6,0.0075,,
0.3875,50,14.6,20.6,0.0075,,
0.3960,51,15.7,20.6,0.0075,,
0.4045,52,16.5,20.6,0.0070,,
0.4130,53,17.5,20.6,0.0070,,
0.4205,54,18.5,20.6,0.0070,,
0.4290,55,19.5,20.6,0.0075,,
0.4375,56,20.4,20.6,0.0075,,
0.4460,57,21.2,20.6,0.0075,,
0.4540,58,22.2,20.6,0.0065,,
0.4625,59,23.1,20.6,0.0075,,
0.4700,60,24.2,20.6,0.0070,,
0.4785,61,25.0,20.6,0.0075,,
0.4870,62,25.9,20.6,0.0075,,
0.4955,63,26.8,20.6,0.0075,,
0.5040,64,27.8,20.6,0.0070,,
0.5120,65,28.6,20.6,0.0065,,
0.5200,66,29.4,20.6,0.0075,,
0.5280,67,30.3,20.6,0.0075,,
0.5365,68,31.3,20.6,0.0075,,
0.5450,69,32.2,20.6,0.0075,,
0.5535,70,33.0,20.6,0.0070,,
0.5620,71,33.9,20.6,0.0070,,
0.5695,72,34.6,20.6,0.0070,,
0.5780,73,35.7,20.6,0.0075,,
0.5860,74,36.6,20.6,0.0075,,
0.5945,75,37.4,20.6,0.0075,,
0.6030,76,38.3,20.6,0.0070,,
0.6115,77,39.3,20.6,0.0070,,
0.6190,78,40.0,20.6,0.0070,,
0.6275,79,41.0,20.6,0.0075,,
0.6360,80,41.7,20.6,0.0075,,
0.6445,81,42.7,20.6,0.0075,,
0.6525,82,43.7,20.6,0.0065,,
0.6610,83,44.5,20.6,0.0070,,
0.6685,84,45.2,20.6,0.0070,,
0.6770,85,46.1,20.6,0.0075,,
0.6855,86,46.9,20.6,0.0075,,
0.6940,87,47.9,20.6,0.0075,,
0.7025,88,48.7,20.6,0.0075,,
0.7105,89,49.6,20.6,0.0065,,
0.7185,90,50.5,20.6,0.0075,,
0.7265,91,51.5,20.6,0.0075,,
0.7350,92,52.5,20.6,0.0075,,
0.7435,93,53.3,20.6,0.0075,,
0.7520,94,54.3,20.6,0.0075,,
0.7605,95,55.4,20.6,0.0070,,
0.7680,96,56.2,20.6,0.0070,,
0.7765,97,57.2,20.6,0.0075,,
0.7850,98,58.0,20.6,0.0075,,
0.7930,99,59.0,20.6,0.0075,,
0.8015,100,60.0,20.6,0.0070,,
0.8100,101,60.8,20.6,0.0070,,
0.8175,102,61.8,20.6,0.0070,,
0.8260,103,62.7,20.6,0.0075,,
0.8345,104,63.8,20.6,0.0075,,
0.8430,105,64.9,20.6,0.0075,,
0.8510,106,65.7,20.6,0.0075,,
0.8595,107,66.7,20.6,0.0070,,
0.8670,108,67.5,20.6,0.0070,,
0.8755,109,68.6,20.6,0.0075,,
0.8840,110,69.6,20.6,0.0075,,
0.8925,111,70.5,20.6,0.0075,,
0.9010,112,71.6,20.6,0.0070,,
0.9095,113,72.7,20.6,0.0070,,
0.9170,114,73.6,20.6,0.0070,,
0.9250,115,74.4,20.6,0.0075,,
0.9335,116,75.2,20.6,0.0075,,
0.9420,117,76.3,20.7,0.0075,,
0.9505,118,77.5,20.7,0.0070,,
0.9590,119,78.6,20.7,0.0070,,
0.9665,120,79.6,20.7,0.0070,,
0.9750,121,80.6,20.7,0.0075,,
0.9835,122,81.7,20.6,0.0075,,
0.9915,123,82.9,20.6,0.0075,,
1.0000,124,83.8,20.6,0.0070,,
1.0085,125,84.9,20.7,0.0070,,
1.0160,126,86.0,20.6,0.0070,,
1.0245,127,87.4,20.6,0.0075,,
1.0330,128,88.6,20.6,0.0075,,
1.0415,129,89.7,20.6,0.0075,,
1.0500,130,91.1,20.6,0.0075,,
1.0580,131,92.4,20.7,0.0065,,
1.0655,132,93.5,20.6,0.0070,,
1.0740,133,94.7,20.6,0.0075,,
1.0825,134,95.9,20.7,0.0075,,
1.0910,135,97.5,20.7,0.0075,,
1.0995,136,99.1,20.7,0.0070,,
1.1080,137,100.4,20.7,0.0070,,
1.1160,138,101.8,20.7,0.0075,,
1.1235,139,102.9,20.7,0.0070,,
1.1320,140,104.5,20.7,0.0075,,
1.1405,141,106.3,20.7,0.0075,,
1.1490,142,108.0,20.7,0.0075,,
1.1575,143,109.7,20.7,0.0070,,
1.1660,144,111.4,20.7,0.0075,,
1.1735,145,113.4,20.7,0.0070,,
1.1820,146,115.5,20.7,0.0075,,
1.1900,147,117.7,20.7,0.0075,,
1.1985,148,119.9,20.7,0.0075,,
1.2070,149,122.4,20.7,0.0070,,
1.2155,150,124.7,20.7,0.0075,,
1.2230,151,127.2,20.7,0.0070,,
1.2315,152,130.0,20.7,0.0075,,
1.2400,153,133.2,20.7,0.0075,,
1.2485,154,136.5,20.7,0.0075,,
1.2565,155,139.9,20.7,0.0065,,
1.2650,156,143.2,20.7,0.0075,,
1.2725,157,146.7,20.7,0.0070,,
1.2810,158,150.5,20.7,0.0075,,
1.2895,159,154.2,20.7,0.0075,,
1.2980,160,157.7,20.7,0.0075,,
1.3065,161,161.4,20.7,0.0070,,
1.3145,162,164.6,20.7,0.0075,,
1.3225,163,168.2,20.7,0.0075,,
1.3305,164,171.2,20.7,0.0075,,
1.3390,165,173.9,20.7,0.0075,,
1.3475,166,176.5,20.7,0.0075,,
1.3560,167,179.1,20.7,0.0070,,
1.3645,168,181.3,20.7,0.0075,,
1.3720,169,183.3,20.7,0.0070,,
1.3815,170,185.1,20.7,0.0075,,
1.3815,410,188.8,20.7,0.0000,,
1.3820,411,188.7,20.7,0.0005,,
1.3835,412,188.8,20.7,0.0010,,
1.3860,414,189.1,20.7,0.0015,,
1.3900,414,189.4,20.7,0.0080,,
1.3965,416,190.2,20.7,0.0045,,
1.4050,416,191.5,20.7,0.0170,,
1.4125,417,192.6,20.7,0.0055,,
1.4205,418,194.1,20.7,0.0055,,
1.4290,419,195.4,20.7,0.0060,,
1.4375,420,196.7,20.7,0.0055,,
1.4460,422,198.0,20.7,0.0055,,
1.4545,422,199.1,20.7,0.0170,,
1.4620,423,200.1,20.7,0.0055,,
1.4705,424,201.3,20.7,0.0060,,
1.4790,425,202.4,20.7,0.0060,,
1.4870,426,203.3,20.7,0.0055,,
1.4955,428,204.1,20.7,0.0055,,
1.5040,428,205.1,20.7,0.0210,,
1.5115,429,205.9,20.7,0.0055,,
1.5200,430,206.8,20.7,0.0060,,
1.5285,432,207.8,20.7,0.0055,,
1.5370,432,208.5,20.7,0.0170,,
1.5455,434,209.4,20.7,0.0055,,
1.5535,434,210.0,20.7,0.0200,,
1.5610,435,210.8,20.7,0.0055,,
1.5695,436,211.7,20.7,0.0060,,
1.5780,438,212.2,20.7,0.0055,,
1.5865,438,212.9,20.7,0.0170,,
1.5950,440,213.8,20.7,0.0055,,
1.6035,440,214.3,20.7,0.0170,,
1.6110,441,214.9,20.7,0.0055,,
1.6195,442,215.4,20.7,0.0060,,
1.6275,443,216.0,20.7,0.0055,,
1.6360,444,216.7,20.7,0.0055,,
1.6445,446,217.3,20.7,0.0055,,
1.6530,446,217.7,20.7,0.0170,,
1.6605,447,218.3,20.7,0.0055,,
1.6690,448,218.9,20.7,0.0060,,
1.6775,449,219.5,20.7,0.0060,,
1.6855,450,220.0,20.7,0.0055,,
1.6940,452,220.4,20.7,0.0055,,
1.7025,452,221.0,20.7,0.0170,,
1.7100,453,221.3,20.7,0.0055,,
1.7185,454,222.0,20.7,0.0060,,
1.7270,455,222.4,20.7,0.0060,,
1.7355,456,222.8,20.7,0.0055,,
1.7435,458,223.4,20.7,0.0055,,
1.7520,458,223.8,20.7,0.0170,,
1.7605,460,224.1,20.7,0.0055,,
1.7680,460,224.6,20.7,0.0185,,
1.7765,461,225.0,20.7,0.0060,,
1.7850,462,225.5,20.7,0.0060,,
1.7935,464,225.9,20.7,0.0055,,
1.8015,464,226.2,20.7,0.0160,,
1.8100,466,226.6,20.7,0.0055,,
1.8175,466,226.9,20.7,0.0185,,
1.8260,467,227.4,20.7,0.0060,,
1.8345,468,227.8,20.7,0.0060,,
1.8430,470,228.1,20.7,0.0055,,
1.8515,470,228.4,20.7,0.0170,,
1.8595,472,228.9,20.7,0.0055,,
1.8675,472,229.2,20.7,0.0200,,
1.8755,473,229.6,20.7,0.0055,,
1.8840,474,229.9,20.7,0.0060,,
1.8925,476,230.3,20.7,0.0055,,
1.9010,476,230.7,20.7,0.0170,,
1.9095,478,231.0,20.7,0.0055,,
1.9170,478,231.3,20.7,0.0185,,
1.9255,479,231.5,20.7,0.0060,,
1.9335,480,231.9,20.7,0.0055,,
1.9420,482,232.2,20.7,0.0055,,
1.9505,482,232.6,20.7,0.0170,,
1.9590,484,232.8,20.7,0.0055,,
1.9665,484,233.1,20.7,0.0185,,
1.9750,485,233.6,20.7,0.0060,,
1.9835,486,234.0,20.7,0.0060,,
1.9900,488,234.2,20.7,0.0045,,
1.9930,488,234.3,20.7,0.0060,,
1.9930,490,234.5,20.7,0.0000,,
1.9940,490,234.5,20.7,0.0025,,
1.9945,491,234.7,20.7,0.0005,,
1.9960,492,234.6,20.7,0.0010,,
1.9985,494,234.6,20.7,0.0015,,
2.0015,494,234.8,20.7,0.0060,,
2.0040,496,234.9,20.7,0.0015,,
2.0055,496,235.0,20.7,0.0035,,
2.0060,497,234.9,20.7,0.0005,,
2.0065,498,235.0,20.7,0.0005,,
Scope 1/1, Sample 11/33 (T2)
Result,TitrationEP1
V,t,E,T,dV/dt,E acc. stat.,Volume acc. stat.
0.0000,0,-60.6,20.6,NaN,,
0.0010,1,-60.4,20.6,0.0010,,
0.0025,2,-60.6,20.6,0.0015,,
0.0050,3,-60.5,20.6,0.0025,,
0.0090,4,-60.5,20.6,0.0035,,
0.0150,5,-60.2,20.6,0.0055,,
0.0235,6,-59.7,20.6,0.0075,,
0.0320,7,-59.0,20.6,0.0075,,
0.0405,8,-58.1,20.7,0.0075,,
0.0490,9,-57.2,20.7,0.0085,,
0.0565,10,-55.8,20.7,0.0070,,
0.0650,11,-54.4,20.7,0.0075,,
0.0730,12,-53.1,20.7,0.0075,,
0.0815,13,-51.6,20.7,0.0075,,
0.0900,14,-49.9,20.7,0.0075,,
0.0975,15,-48.4,20.7,0.0075,,
0.1060,16,-46.6,20.7,0.0075,,
0.1145,17,-44.8,20.7,0.0075,,
0.1230,18,-42.7,20.7,0.0075,,
0.1315,19,-40.4,20.7,0.0075,,
0.1395,20,-38.2,20.7,0.0075,,
0.1475,21,-35.9,20.7,0.0075,,
0.1555,22,-33.4,20.7,0.0075,,
0.1640,23,-30.8,20.7,0.0075,,
0.1725,24,-27.9,20.7,0.0075,,
0.1810,25,-25.2,20.7,0.0075,,
0.1895,26,-22.3,20.7,0.0075,,
0.1970,27,-19.7,20.7,0.0075,,
0.2055,28,-16.8,20.7,0.0075,,
0.2135,29,-14.2,20.7,0.0075,,
0.2220,30,-12.0,20.7,0.0075,,
0.2305,31,-9.9,20.7,0.0075,,
0.2390,32,-7.7,20.7,0.0075,,
0.2465,33,-6.0,20.7,0.0070,,
0.2550,34,-4.1,20.7,0.0075,,
0.2635,35,-2.6,20.7,0.0075,,
0.2720,36,-1.2,20.7,0.0075,,
0.2800,37,0.3,20.7,0.0075,,
0.2885,38,1.4,20.7,0.0075,,
0.2960,39,2.9,20.7,0.0070,,
0.3045,40,4.2,20.7,0.0075,,
0.3130,41,5.5,20.7,0.0075,,
0.3215,42,6.7,20.7,0.0075,,
0.3300,43,7.8,20.7,0.0075,,
0.3385,44,8.8,20.7,0.0085,,
0.3460,45,10.0,20.7,0.0070,,
0.3545,46,11.2,20.7,0.0075,,
0.3625,47,12.2,20.7,0.0075,,
0.3710,48,13.1,20.7,0.0075,,
0.3795,49,14.4,20.7,0.0075,,
0.3880,50,15.3,20.7,0.0075,,
0.3955,51,16.2,20.7,0.0070,,
0.4040,52,17.1,20.7,0.0075,,
0.4125,53,18.1,20.7,0.0075,,
0.4205,54,19.2,20.7,0.0075,,
0.4290,55,20.2,20.7,0.0075,,
0.4375,56,21.1,20.7,0.0075,,
0.4450,57,21.9,20.7,0.0070,,
0.4535,58,22.8,20.7,0.0075,,
0.4620,59,23.8,20.7,0.0075,,
0.4705,60,24.8,20.7,0.0075,,
0.4790,61,25.7,20.7,0.0075,,
0.4870,62,26.7,20.7,0.0075,,
0.4945,63,27.5,20.7,0.0070,,
0.5030,64,28.5,20.7,0.0075,,
0.5115,65,29.4,20.7,0.0075,,
0.5200,66,30.2,20.7,0.0075,,
0.5285,67,31.2,20.7,0.0075,,
0.5370,68,32.1,20.7,0.0075,,
0.5445,69,33.0,20.7,0.0070,,
0.5530,70,33.8,20.7,0.0075,,
0.5610,71,34.7,20.7,0.0075,,
0.5695,72,35.7,20.7,0.0075,,
0.5780,73,36.6,20.7,0.0075,,
0.5865,74,37.4,20.7,0.0075,,
0.5940,75,38.3,20.7,0.0075,,
0.6025,76,39.0,20.7,0.0075,,
0.6110,77,40.0,20.7,0.0075,,
0.6190,78,41.0,20.7,0.0075,,
0.6275,79,41.8,20.7,0.0075,,
0.6360,80,42.8,20.7,0.0075,,
0.6445,81,43.6,20.7,0.0085,,
0.6520,82,44.7,20.7,0.0070,,
0.6605,83,45.6,20.7,0.0075,,
0.6690,84,46.4,20.7,0.0075,,
0.6770,85,47.4,20.7,0.0075,,
0.6855,86,48.4,20.7,0.0075,,
0.6940,87,49.2,20.7,0.0085,,
0.7015,88,50.2,20.7,0.0070,,
0.7100,89,51.0,20.7,0.0075,,
0.7185,90,52.0,20.7,0.0075,,
0.7270,91,53.1,20.7,0.0075,,
0.7355,92,53.9,20.7,0.0075,,
0.7435,93,54.7,20.7,0.0075,,
0.7510,94,55.6,20.7,0.0070,,
0.7595,95,56.5,20.7,0.0075,,
0.7680,96,57.5,20.7,0.0075,,
0.7765,97,58.5,20.7,0.0075,,
0.7850,98,59.4,20.7,0.0075,,
0.7935,99,60.6,20.7,0.0075,,
0.8010,100,61.4,20.7,0.0070,,
0.8090,101,62.4,20.7,0.0075,,
0.8175,102,63.3,20.7,0.0075,,
0.8260,103,64.2,20.7,0.0075,,
0.8345,104,65.3,20.7,0.0075,,
0.8430,105,66.1,20.7,0.0075,,
0.8505,106,67.2,20.7,0.0070,,
0.8590,107,68.0,20.7,0.0075,,
0.8675,108,69.0,20.7,0.0075,,
0.8760,109,70.3,20.7,0.0075,,
0.8840,110,71.2,20.7,0.0075,,
0.8925,111,72.3,20.7,0.0075,,
0.9000,112,73.1,20.7,0.0070,,
0.9085,113,74.2,20.7,0.0075,,
0.9170,114,75.4,20.7,0.0075,,
0.9255,115,76.3,20.7,0.0075,,
0.9340,116,77.5,20.7,0.0075,,
0.9425,117,78.4,20.7,0.0085,,
0.9500,118,79.6,20.7,0.0070,,
0.9580,119,80.7,20.7,0.0075,,
0.9665,120,81.7,20.7,0.0075,,
0.9750,121,82.9,20.7,0.0075,,
0.9835,122,84.1,20.7,0.0075,,
0.9920,123,85.2,20.7,0.0085,,
0.9995,124,86.4,20.7,0.0070,,
1.0080,125,87.4,20.7,0.0075,,
1.0165,126,88.7,20.7,0.0075,,
1.0245,127,90.0,20.7,0.0075,,
1.0330,128,91.1,20.7,0.0075,,
1.0415,129,92.3,20.7,0.0085,,
1.0490,130,93.6,20.7,0.0070,,
1.0575,131,95.0,20.7,0.0075,,
1.0660,132,96.4,20.7,0.0075,,
1.0745,133,97.7,20.7,0.0075,,
1.0825,134,99.3,20.7,0.0075,,
1.0910,135,100.8,20.7,0.0075,,
1.0985,136,102.2,20.7,0.0070,,
1.1070,137,103.9,20.7,0.0075,,
1.1155,138,105.3,20.7,0.0075,,
1.1240,139,107.0,20.7,0.0075,,
1.1325,140,108.8,20.7,0.0075,,
1.1405,141,110.7,20.7,0.0075,,
1.1485,142,112.5,20.7,0.0075,,
1.1565,143,114.3,20.7,0.0075,,
1.1650,144,116.5,20.7,0.0075,,
1.1735,145,119.0,20.7,0.0075,,
1.1820,146,121.4,20.7,0.0075,,
1.1905,147,123.7,20.7,0.0075,,
1.1980,148,125.9,20.7,0.0070,,
1.2065,149,128.7,20.7,0.0075,,
1.2150,150,131.9,20.7,0.0075,,
1.2230,151,135.1,20.7,0.0075,,
1.2315,152,138.3,20.7,0.0075,,
1.2400,153,141.9,20.7,0.0075,,
1.2475,154,145.2,20.7,0.0070,,
1.2560,155,149.0,20.7,0.0075,,
1.2645,156,152.6,20.7,0.0075,,
1.2730,157,156.3,20.7,0.0075,,
1.2815,158,160.2,20.7,0.0075,,
1.2895,159,163.5,20.7,0.0080,,
1.2975,160,167.0,20.7,0.0075,,
1.3055,161,169.9,20.7,0.0075,,
1.3140,162,173.1,20.7,0.0075,,
1.3225,163,176.0,20.7,0.0075,,
1.3310,164,178.3,20.7,0.0075,,
1.3395,165,180.5,20.7,0.0085,,
1.3470,166,182.8,20.7,0.0070,,
1.3555,167,184.8,20.7,0.0075,,
1.3590,168,185.1,20.7,0.0060,,
1.3590,408,188.7,20.8,0.0000,,
1.3595,409,188.5,20.8,0.0005,,
1.3610,410,188.6,20.8,0.0020,,
1.3635,411,188.9,20.8,0.0035,,
1.3675,412,189.3,20.8,0.0050,,
1.3740,413,189.9,20.8,0.0080,,
1.3820,414,191.3,20.8,0.0100,,
1.3895,415,192.5,20.8,0.0105,,
1.3980,416,194.1,20.8,0.0120,,
1.4065,417,195.5,20.8,0.0120,,
1.4150,418,196.9,20.8,0.0105,,
1.4235,419,198.2,20.8,0.0105,,
1.4320,420,199.4,20.8,0.0105,,
1.4395,421,200.4,20.8,0.0105,,
1.4480,422,201.5,20.8,0.0120,,
1.4560,423,202.5,20.8,0.0115,,
1.4645,424,203.7,20.8,0.0105,,
1.4730,425,204.6,20.8,0.0105,,
1.4815,426,205.5,20.8,0.0105,,
1.4890,427,206.3,20.8,0.0105,,
1.4975,428,207.2,20.8,0.0120,,
1.5060,429,208.2,20.8,0.0120,,
1.5145,430,208.9,20.8,0.0105,,
1.5225,431,209.8,20.8,0.0100,,
1.5310,432,210.7,20.8,0.0105,,
1.5385,433,211.3,20.8,0.0105,,
1.5470,434,212.0,20.8,0.0120,,
1.5555,435,212.7,20.8,0.0120,,
1.5640,436,213.4,20.8,0.0105,,
1.5725,437,214.1,20.8,0.0105,,
1.5805,438,214.7,20.8,0.0100,,
1.5885,439,215.3,20.8,0.0115,,
1.5965,440,215.7,20.8,0.0115,,
1.6050,441,216.3,20.8,0.0120,,
1.6135,442,217.1,20.8,0.0105,,
1.6220,443,217.5,20.8,0.0105,,
1.6305,444,218.0,20.8,0.0105,,
1.6380,445,218.7,20.8,0.0105,,
1.6465,446,219.2,20.8,0.0120,,
1.6550,447,219.8,20.8,0.0120,,
1.6630,448,220.2,20.8,0.0100,,
1.6715,449,220.7,20.8,0.0105,,
1.6800,450,221.2,20.8,0.0120,,
1.6875,451,221.8,20.8,0.0105,,
1.6960,452,222.2,20.8,0.0120,,
1.7045,453,222.6,20.8,0.0105,,
1.7130,454,223.1,20.8,0.0105,,
1.7210,455,223.7,20.8,0.0100,,
1.7295,456,224.1,20.8,0.0105,,
1.7370,457,224.7,20.8,0.0105,,
1.7455,458,225.0,20.8,0.0120,,
1.7540,459,225.5,20.8,0.0120,,
1.7625,460,225.9,20.8,0.0105,,
1.7710,461,226.3,20.8,0.0105,,
1.7795,462,226.7,20.8,0.0105,,
1.7870,463,227.1,20.8,0.0105,,
1.7950,464,227.5,20.8,0.0115,,
1.8035,465,228.0,20.8,0.0120,,
1.8120,466,228.3,20.8,0.0105,,
1.8205,467,228.7,20.8,0.0105,,
1.8290,468,229.1,20.8,0.0105,,
1.8375,469,229.3,20.8,0.0120,,
1.8450,470,229.8,20.8,0.0105,,
1.8530,471,230.1,20.8,0.0115,,
1.8615,472,230.4,20.8,0.0105,,
1.8700,473,230.9,20.8,0.0105,,
1.8785,474,231.1,20.8,0.0105,,
1.8860,475,231.5,20.8,0.0105,,
1.8945,476,231.6,20.8,0.0120,,
1.9030,477,231.9,20.8,0.0120,,
1.9115,478,232.4,20.8,0.0105,,
1.9195,479,232.7,20.8,0.0100,,
1.9280,480,232.9,20.8,0.0105,,
1.9365,481,233.2,20.8,0.0120,,
1.9440,482,233.6,20.8,0.0105,,
1.9515,483,234.0,20.8,0.0105,,
1.9585,484,234.2,20.8,0.0085,,
1.9610,485,234.2,20.8,0.0030,,
1.9625,486,234.4,20.8,0.0020,,
1.9630,487,234.4,20.8,0.0005,,
1.9645,488,234.5,20.8,0.0020,,
1.9665,489,234.5,20.8,0.0030,,
1.9680,490,234.5,20.8,0.0020,,
1.9700,491,234.7,20.8,0.0025,,
1.9725,492,234.7,20.8,0.0030,,
1.9750,493,234.9,20.8,0.0035,,
1.9780,494,235.1,20.8,0.0045,,
Scope 1/1, Sample 12/33 (T3)
Result,TitrationEP1
V,t,E,T,dV/dt,E acc. stat.,Volume acc. stat.
0.0000,0,-58.7,20.7,NaN,,
0.0010,1,-58.6,20.7,0.0010,,
0.0025,2,-58.6,20.7,0.0015,,
0.0050,3,-58.7,20.7,0.0025,,
0.0090,4,-58.6,20.7,0.0035,,
0.0150,5,-58.2,20.7,0.0055,,
0.0235,6,-57.8,20.7,0.0075,,
0.0320,7,-57.2,20.7,0.0075,,
0.0395,8,-56.3,20.7,0.0075,,
0.0480,9,-55.0,20.7,0.0085,,
0.0565,10,-53.7,20.7,0.0075,,
0.0645,11,-52.4,20.7,0.0075,,
0.0730,12,-51.0,20.7,0.0075,,
0.0815,13,-49.4,20.7,0.0075,,
0.0890,14,-48.0,20.7,0.0075,,
0.0975,15,-46.1,20.7,0.0085,,
0.1060,16,-44.1,20.7,0.0075,,
0.1145,17,-42.2,20.7,0.0075,,
0.1225,18,-39.8,20.7,0.0075,,
0.1310,19,-37.5,20.7,0.0075,,
0.1385,20,-35.4,20.7,0.0075,,
0.1470,21,-32.9,20.7,0.0085,,
0.1555,22,-30.2,20.7,0.0075,,
0.1640,23,-27.3,20.7,0.0075,,
0.1725,24,-24.5,20.7,0.0075,,
0.1810,25,-21.6,20.7,0.0075,,
0.1885,26,-19.0,20.7,0.0075,,
0.1970,27,-16.3,20.7,0.0085,,
0.2050,28,-13.6,20.7,0.0075,,
0.2135,29,-11.3,20.7,0.0075,,
0.2220,30,-9.3,20.7,0.0075,,
0.2305,31,-7.1,20.7,0.0075,,
0.2380,32,-5.5,20.7,0.0075,,
0.2465,33,-3.7,20.7,0.0085,,
0.2550,34,-2.3,20.7,0.0075,,
0.2635,35,-0.9,20.7,0.0075,,
0.2715,36,0.6,20.7,0.0075,,
0.2800,37,1.9,20.7,0.0085,,
0.2875,38,3.4,20.7,0.0075,,
0.2960,39,4.6,20.7,0.0085,,
0.3045,40,5.9,20.7,0.0075,,
0.3130,41,7.3,20.7,0.0075,,
0.3215,42,8.3,20.7,0.0075,,
0.3295,43,9.4,20.7,0.0075,,
0.3375,44,10.4,20.7,0.0080,,
0.3455,45,11.6,20.7,0.0080,,
0.3540,46,12.8,20.7,0.0075,,
0.3625,47,13.8,20.7,0.0075,,
0.3710,48,14.7,20.7,0.0075,,
0.3795,49,15.8,20.7,0.0075,,
0.3870,50,16.7,20.7,0.0075,,
0.3955,51,17.7,20.7,0.0085,,
0.4040,52,18.7,20.7,0.0075,,
0.4120,53,19.7,20.7,0.0075,,
0.4205,54,20.7,20.7,0.0075,,
0.4290,55,21.6,20.7,0.0075,,
0.4365,56,22.6,20.7,0.0075,,
0.4450,57,23.4,20.7,0.0085,,
0.4535,58,24.4,20.7,0.0075,,
0.4620,59,25.5,20.7,0.0075,,
0.4700,60,26.3,20.7,0.0075,,
0.4785,61,27.2,20.7,0.0075,,
0.4860,62,27.9,20.7,0.0075,,
0.4945,63,28.9,20.7,0.0085,,
0.5030,64,30.0,20.7,0.0085,,
0.5115,65,30.9,20.7,0.0075,,
0.5200,66,31.7,20.7,0.0075,,
0.5280,67,32.7,20.7,0.0075,,
0.5365,68,33.5,20.7,0.0085,,
0.5440,69,34.6,20.7,0.0075,,
0.5525,70,35.4,20.7,0.0085,,
0.5610,71,36.1,20.7,0.0075,,
0.5695,72,37.1,20.7,0.0075,,
0.5780,73,38.1,20.7,0.0075,,
0.5860,74,39.0,20.7,0.0075,,
0.5940,75,39.9,20.7,0.0080,,
0.6020,76,40.7,20.7,0.0080,,
0.6105,77,41.6,20.7,0.0075,,
0.6190,78,42.5,20.7,0.0075,,
0.6275,79,43.3,20.7,0.0075,,
0.6360,80,44.2,20.7,0.0085,,
0.6435,81,45.1,20.7,0.0075,,
0.6520,82,46.0,20.7,0.0085,,
0.6605,83,46.9,20.7,0.0075,,
0.6685,84,47.8,20.7,0.0075,,
0.6770,85,48.7,20.7,0.0075,,
0.6855,86,49.8,20.7,0.0075,,
0.6930,87,50.6,20.7,0.0075,,
0.7015,88,51.6,20.7,0.0085,,
0.7100,89,52.4,20.7,0.0075,,
0.7185,90,53.4,20.7,0.0075,,
0.7265,91,54.3,20.7,0.0075,,
0.7350,92,55.2,20.7,0.0085,,
0.7425,93,56.1,20.7,0.0075,,
0.7510,94,56.9,20.7,0.0085,,
0.7595,95,57.9,20.7,0.0075,,
0.7680,96,58.9,20.7,0.0075,,
0.7765,97,59.8,20.7,0.0075,,
0.7850,98,60.7,20.7,0.0085,,
0.7925,99,61.6,20.7,0.0075,,
0.8010,100,62.6,20.7,0.0085,,
0.8090,101,63.6,20.7,0.0075,,
0.8175,102,64.4,20.7,0.0075,,
0.8260,103,65.4,20.7,0.0075,,
0.8345,104,66.4,20.7,0.0085,,
0.8420,105,67.5,20.7,0.0075,,
0.8505,106,68.5,20.7,0.0085,,
0.8590,107,69.3,20.7,0.0075,,
0.8670,108,70.3,20.7,0.0075,,
0.8755,109,71.4,20.7,0.0075,,
0.8840,110,72.2,20.7,0.0085,,
0.8915,111,73.2,20.7,0.0075,,
0.9000,112,74.3,20.7,0.0085,,
0.9085,113,75.4,20.7,0.0075,,
0.9170,114,76.6,20.7,0.0075,,
0.9250,115,77.5,20.7,0.0075,,
0.9335,116,78.5,20.7,0.0075,,
0.9410,117,79.5,20.7,0.0075,,
0.9495,118,80.6,20.7,0.0085,,
0.9580,119,81.7,20.7,0.0075,,
0.9665,120,82.7,20.7,0.0075,,
0.9750,121,83.9,20.7,0.0075,,
0.9835,122,85.1,20.7,0.0075,,
0.9910,123,86.1,20.7,0.0075,,
0.9995,124,87.2,20.7,0.0085,,
1.0075,125,88.2,20.7,0.0075,,
1.0160,126,89.5,20.7,0.0075,,
1.0245,127,90.8,20.7,0.0075,,
1.0330,128,91.9,20.7,0.0075,,
1.0405,129,92.9,20.7,0.0075,,
1.0490,130,94.1,20.7,0.0085,,
1.0575,131,95.5,20.7,0.0075,,
1.0655,132,96.8,20.7,0.0075,,
1.0740,133,98.0,20.7,0.0075,,
1.0825,134,99.5,20.7,0.0075,,
1.0900,135,100.9,20.7,0.0075,,
1.0985,136,102.4,20.7,0.0085,,
1.1070,137,104.1,20.7,0.0085,,
1.1155,138,105.8,20.7,0.0075,,
1.1235,139,107.3,20.7,0.0075,,
1.1320,140,109.1,20.7,0.0075,,
1.1395,141,110.8,20.7,0.0075,,
1.1480,142,112.6,20.7,0.0085,,
1.1565,143,114.5,20.7,0.0085,,
1.1650,144,116.5,20.7,0.0075,,
1.1735,145,118.7,20.7,0.0075,,
1.1820,146,121.2,20.7,0.0075,,
1.1895,147,123.3,20.7,0.0075,,
1.1980,148,125.6,20.7,0.0085,,
1.2060,149,128.2,20.7,0.0075,,
1.2145,150,131.3,20.7,0.0075,,
1.2230,151,134.2,20.7,0.0075,,
1.2315,152,137.4,20.7,0.0075,,
1.2400,153,140.5,20.7,0.0085,,
1.2475,154,144.1,20.7,0.0075,,
1.2560,155,147.6,20.7,0.0085,,
1.2645,156,151.0,20.7,0.0075,,
1.2725,157,154.6,20.7,0.0075,,
1.2810,158,158.4,20.7,0.0075,,
1.2885,159,161.8,20.7,0.0075,,
1.2970,160,165.2,20.7,0.0085,,
1.3055,161,168.2,20.7,0.0075,,
1.3140,162,171.2,20.8,0.0075,,
1.3225,163,174.2,20.7,0.0075,,
1.3305,164,176.8,20.8,0.0075,,
1.3385,165,179.0,20.7,0.0080,,
1.3465,166,181.3,20.8,0.0080,,
1.3550,167,183.4,20.7,0.0075,,
1.3630,168,185.1,20.7,0.0075,,
1.3630,408,188.6,20.8,0.0000,,
1.3635,409,188.4,20.8,0.0005,,
1.3650,410,188.4,20.8,0.0010,,
1.3675,411,188.7,20.8,0.0020,,
1.3715,412,189.2,20.8,0.0030,,
1.3780,413,189.9,20.8,0.0050,,
1.3860,414,191.2,20.8,0.0060,,
1.3940,415,192.5,20.8,0.0065,,
1.4020,416,194.1,20.8,0.0065,,
1.4105,417,195.4,20.8,0.0065,,
1.4190,418,196.6,20.8,0.0065,,
1.4275,419,197.9,20.8,0.0065,,
1.4360,420,199.2,20.8,0.0065,,
1.4435,421,200.2,20.8,0.0060,,
1.4520,422,201.3,20.8,0.0070,,
1.4600,423,202.3,20.8,0.0060,,
1.4685,424,203.4,20.8,0.0065,,
1.4770,425,204.4,20.8,0.0065,,
1.4855,426,205.2,20.8,0.0070,,
1.4930,427,205.9,20.8,0.0060,,
1.5015,428,206.9,20.8,0.0070,,
1.5100,429,207.9,20.8,0.0065,,
1.5185,430,208.6,20.8,0.0065,,
1.5265,431,209.4,20.8,0.0060,,
1.5350,432,210.0,20.8,0.0070,,
1.5425,433,210.9,20.8,0.0060,,
1.5510,434,211.6,20.8,0.0070,,
1.5595,435,212.1,20.8,0.0065,,
1.5680,436,212.8,20.8,0.0065,,
1.5765,437,213.7,20.8,0.0065,,
1.5845,438,214.4,20.8,0.0060,,
1.5925,439,215.0,20.8,0.0065,,
1.6005,440,215.6,20.8,0.0065,,
1.6090,441,216.2,20.8,0.0070,,
1.6175,442,216.9,20.8,0.0065,,
1.6260,443,217.4,20.8,0.0065,,
1.6345,444,217.9,20.8,0.0065,,
1.6420,445,218.3,20.8,0.0060,,
1.6505,446,218.8,20.8,0.0070,,
1.6585,447,219.5,20.8,0.0065,,
1.6670,448,220.0,20.8,0.0065,,
1.6755,449,220.4,20.8,0.0065,,
1.6840,450,220.9,20.8,0.0065,,
1.6915,451,221.3,20.8,0.0060,,
1.7000,452,221.9,20.8,0.0070,,
1.7085,453,222.4,20.8,0.0070,,
1.7165,454,222.8,20.8,0.0060,,
1.7250,455,223.4,20.8,0.0065,,
1.7335,456,224.0,20.8,0.0065,,
1.7410,457,224.4,20.8,0.0060,,
1.7495,458,224.7,20.8,0.0070,,
1.7580,459,225.0,20.8,0.0070,,
1.7665,460,225.7,20.8,0.0065,,
1.7750,461,226.1,20.8,0.0065,,
1.7830,462,226.4,20.8,0.0060,,
1.7910,463,226.8,20.8,0.0065,,
1.7990,464,227.2,20.8,0.0060,,
1.8075,465,227.6,20.8,0.0070,,
1.8160,466,227.9,20.8,0.0065,,
1.8245,467,228.3,20.8,0.0065,,
1.8330,468,228.7,20.8,0.0065,,
1.8405,469,229.0,20.8,0.0060,,
1.8490,470,229.5,20.8,0.0070,,
1.8575,471,229.8,20.8,0.0070,,
1.8655,472,230.1,20.8,0.0060,,
1.8740,473,230.5,20.8,0.0065,,
1.8825,474,230.8,20.8,0.0070,,
1.8900,475,231.2,20.8,0.0060,,
1.8985,476,231.4,20.8,0.0070,,
1.9070,477,231.6,20.8,0.0070,,
1.9155,478,232.1,20.8,0.0065,,
1.9240,479,232.4,20.8,0.0065,,
1.9320,480,232.6,20.8,0.0060,,
1.9395,481,232.9,20.8,0.0060,,
1.9480,482,233.3,20.8,0.0070,,
1.9565,483,233.7,20.8,0.0065,,
1.9645,484,233.9,20.8,0.0060,,
1.9710,485,234.2,20.8,0.0050,,
1.9745,486,234.3,20.8,0.0030,,
1.9755,487,234.5,20.8,0.0010,,
1.9765,488,234.6,20.8,0.0010,,
1.9775,489,234.5,20.8,0.0010,,
1.9785,490,234.5,20.8,0.0010,,
1.9805,491,234.8,20.8,0.0015,,
1.9825,492,234.7,20.8,0.0015,,
1.9850,493,234.8,20.8,0.0020,,
1.9880,494,234.8,20.8,0.0025,,
1.9885,495,235.1,20.8,0.0010,,
Scope 1/1, Sample 13/33 (T4)
Result,TitrationEP1
V,t,E,T,dV/dt,E acc. stat.,Volume acc. stat.
0.0000,0,-59.0,20.7,NaN,,
0.0010,1,-59.1,20.7,0.0010,,
0.0025,2,-59.0,20.7,0.0015,,
0.0050,3,-59.1,20.7,0.0025,,
0.0095,4,-59.1,20.7,0.0035,,
0.0160,5,-58.6,20.7,0.0055,,
0.0235,6,-58.2,20.7,0.0070,,
0.0320,7,-57.3,20.7,0.0075,,
0.0405,8,-56.4,20.7,0.0075,,
0.0490,9,-55.2,20.7,0.0075,,
0.0570,10,-53.6,20.7,0.0065,,
0.0655,11,-52.2,20.7,0.0070,,
0.0730,12,-50.7,20.7,0.0070,,
0.0815,13,-49.2,20.7,0.0075,,
0.0900,14,-47.3,20.7,0.0075,,
0.0985,15,-45.3,20.7,0.0070,,
0.1070,16,-43.6,20.7,0.0070,,
0.1150,17,-41.6,20.7,0.0065,,
0.1230,18,-39.6,20.7,0.0075,,
0.1310,19,-37.2,20.7,0.0075,,
0.1395,20,-34.6,20.7,0.0075,,
0.1480,21,-32.0,20.7,0.0070,,
0.1565,22,-29.2,20.7,0.0070,,
0.1650,23,-26.8,20.7,0.0075,,
0.1725,24,-23.6,20.7,0.0070,,
0.1810,25,-20.7,20.7,0.0075,,
0.1895,26,-18.0,20.7,0.0075,,
0.1975,27,-15.1,20.7,0.0065,,
0.2060,28,-12.4,20.7,0.0070,,
0.2145,29,-10.3,20.7,0.0070,,
0.2220,30,-8.2,20.7,0.0070,,
0.2305,31,-6.4,20.7,0.0075,,
0.2390,32,-4.3,20.7,0.0075,,
0.2475,33,-2.6,20.7,0.0070,,
0.2560,34,-1.2,20.7,0.0070,,
0.2640,35,0.2,20.7,0.0065,,
0.2715,36,1.5,20.7,0.0070,,
0.2800,37,3.1,20.7,0.0075,,
0.2885,38,4.6,20.7,0.0075,,
0.2970,39,5.6,20.7,0.0070,,
0.3055,40,6.9,20.7,0.0070,,
0.3140,41,8.0,20.7,0.0075,,
0.3215,42,9.3,20.7,0.0070,,
0.3300,43,10.4,20.7,0.0075,,
0.3380,44,11.3,20.7,0.0075,,
0.3465,45,12.6,20.7,0.0070,,
0.3550,46,13.9,20.7,0.0070,,
0.3625,47,14.9,20.7,0.0070,,
0.3710,48,15.8,20.7,0.0075,,
0.3795,49,16.8,20.7,0.0075,,
0.3880,50,18.0,20.7,0.0075,,
0.3965,51,18.9,20.7,0.0070,,
0.4045,52,19.8,20.7,0.0065,,
0.4125,53,20.8,20.7,0.0075,,
0.4205,54,21.7,20.7,0.0075,,
0.4290,55,22.9,20.7,0.0075,,
0.4375,56,23.7,20.7,0.0075,,
0.4460,57,24.6,20.7,0.0070,,
0.4545,58,25.6,20.7,0.0070,,
0.4630,59,26.2,20.7,0.0075,,
0.4705,60,27.3,20.7,0.0070,,
0.4785,61,28.2,20.7,0.0075,,
0.4870,62,29.0,20.7,0.0075,,
0.4955,63,30.1,20.7,0.0070,,
0.5040,64,31.0,20.7,0.0070,,
0.5125,65,31.9,20.7,0.0075,,
0.5200,66,32.6,20.7,0.0070,,
0.5285,67,33.4,20.7,0.0075,,
0.5370,68,34.6,20.7,0.0075,,
0.5450,69,35.6,20.7,0.0065,,
0.5535,70,36.2,20.7,0.0070,,
0.5620,71,37.1,20.7,0.0075,,
0.5695,72,37.8,20.7,0.0070,,
0.5780,73,38.9,20.7,0.0075,,
0.5865,74,39.9,20.7,0.0075,,
0.5950,75,40.7,20.7,0.0070,,
0.6035,76,41.7,20.7,0.0070,,
0.6115,77,42.4,20.7,0.0075,,
0.6190,78,43.5,20.7,0.0070,,
0.6275,79,44.4,20.7,0.0075,,
0.6360,80,45.2,20.7,0.0075,,
0.6445,81,46.4,20.7,0.0070,,
0.6530,82,47.3,20.7,0.0070,,
0.6605,83,48.1,20.7,0.0070,,
0.6690,84,48.9,20.7,0.0075,,
0.6775,85,49.7,20.7,0.0075,,
0.6855,86,50.6,20.7,0.0075,,
0.6940,87,51.6,20.7,0.0070,,
0.7025,88,52.3,20.7,0.0070,,
0.7110,89,53.2,20.7,0.0075,,
0.7185,90,54.0,20.7,0.0070,,
0.7270,91,55.2,20.7,0.0075,,
0.7355,92,56.3,20.7,0.0075,,
0.7435,93,57.1,20.7,0.0065,,
0.7520,94,58.1,20.7,0.0070,,
0.7605,95,58.8,20.7,0.0075,,
0.7680,96,60.0,20.7,0.0070,,
0.7765,97,60.9,20.7,0.0075,,
0.7850,98,61.6,20.7,0.0075,,
0.7935,99,62.6,20.7,0.0070,,
0.8020,100,63.6,20.7,0.0070,,
0.8100,101,64.6,20.7,0.0075,,
0.8175,102,65.6,20.7,0.0070,,
0.8260,103,66.3,20.7,0.0075,,
0.8345,104,67.4,20.7,0.0075,,
0.8430,105,68.5,20.7,0.0070,,
0.8515,106,69.4,20.7,0.0070,,
0.8600,107,70.3,20.7,0.0070,,
0.8675,108,71.2,20.7,0.0070,,
0.8760,109,72.3,20.7,0.0075,,
0.8840,110,73.4,20.7,0.0075,,
0.8925,111,74.3,20.7,0.0070,,
0.9010,112,75.3,20.7,0.0070,,
0.9095,113,76.6,20.7,0.0070,,
0.9170,114,77.5,20.7,0.0070,,
0.9255,115,78.6,20.7,0.0075,,
0.9340,116,79.5,20.7,0.0075,,
0.9420,117,80.5,20.7,0.0065,,
0.9505,118,81.8,20.7,0.0070,,
0.9590,119,82.8,20.7,0.0070,,
0.9665,120,83.8,20.7,0.0070,,
0.9750,121,84.7,20.7,0.0075,,
0.9835,122,85.9,20.7,0.0075,,
0.9920,123,87.3,20.7,0.0075,,
1.0005,124,88.3,20.7,0.0070,,
1.0085,125,89.4,20.7,0.0065,,
1.0165,126,90.5,20.7,0.0075,,
1.0245,127,91.8,20.7,0.0075,,
1.0330,128,93.1,20.7,0.0075,,
1.0415,129,94.4,20.7,0.0075,,
1.0500,130,95.6,20.7,0.0070,,
1.0585,131,97.1,20.7,0.0070,,
1.0660,132,98.3,20.7,0.0070,,
1.0745,133,99.7,20.7,0.0075,,
1.0825,134,101.0,20.7,0.0075,,
1.0910,135,102.5,20.7,0.0075,,
1.0995,136,104.3,20.7,0.0070,,
1.1080,137,105.8,20.7,0.0070,,
1.1155,138,107.3,20.7,0.0070,,
1.1240,139,108.7,20.7,0.0075,,
1.1325,140,110.4,20.7,0.0075,,
1.1405,141,112.5,20.7,0.0075,,
1.1490,142,114.3,20.7,0.0070,,
1.1575,143,116.3,20.8,0.0070,,
1.1650,144,118.2,20.8,0.0070,,
1.1735,145,120.5,20.8,0.0075,,
1.1820,146,122.6,20.8,0.0075,,
1.1905,147,124.7,20.8,0.0075,,
1.1990,148,127.3,20.8,0.0070,,
1.2070,149,130.0,20.8,0.0065,,
1.2150,150,132.5,20.8,0.0075,,
1.2230,151,135.7,20.8,0.0075,,
1.2315,152,138.7,20.8,0.0075,,
1.2400,153,142.2,20.8,0.0075,,
1.2485,154,145.8,20.8,0.0070,,
1.2570,155,148.9,20.8,0.0070,,
1.2645,156,152.2,20.8,0.0070,,
1.2730,157,156.0,20.8,0.0075,,
1.2815,158,159.6,20.8,0.0075,,
1.2895,159,163.2,20.8,0.0065,,
1.2980,160,166.4,20.8,0.0070,,
1.3065,161,169.3,20.8,0.0070,,
1.3140,162,172.0,20.8,0.0070,,
1.3225,163,175.0,20.8,0.0075,,
1.3310,164,177.7,20.8,0.0075,,
1.3395,165,180.0,20.8,0.0070,,
1.3480,166,182.6,20.8,0.0070,,
1.3560,167,184.1,20.8,0.0075,,
1.3600,168,185.1,20.8,0.0055,,
1.3600,408,188.1,20.8,0.0000,,
1.3605,409,188.1,20.8,0.0005,,
1.3620,410,187.9,20.8,0.0020,,
1.3645,411,188.2,20.8,0.0030,,
1.3685,412,188.8,20.8,0.0045,,
1.3750,413,189.6,20.8,0.0070,,
1.3835,414,191.0,20.8,0.0095,,
1.3910,415,192.3,20.8,0.0095,,
1.3990,416,194.0,20.8,0.0100,,
1.4075,417,195.4,20.8,0.0105,,
1.4160,418,196.6,20.8,0.0095,,
1.4245,419,197.9,20.8,0.0095,,
1.4330,420,199.1,20.8,0.0095,,
1.4405,421,200.3,20.8,0.0095,,
1.4490,422,201.5,20.8,0.0105,,
1.4570,423,202.4,20.8,0.0100,,
1.4655,424,203.3,20.8,0.0095,,
1.4740,425,204.6,20.8,0.0095,,
1.4825,426,205.5,20.8,0.0095,,
1.4900,427,206.3,20.8,0.0095,,
1.4985,428,207.1,20.8,0.0105,,
1.5070,429,207.8,20.8,0.0105,,
1.5155,430,208.8,20.8,0.0095,,
1.5235,431,209.6,20.8,0.0090,,
1.5320,432,210.3,20.8,0.0095,,
1.5395,433,210.9,20.8,0.0095,,
1.5480,434,211.6,20.8,0.0105,,
1.5565,435,212.5,20.8,0.0105,,
1.5650,436,213.2,20.8,0.0095,,
1.5735,437,213.7,20.8,0.0095,,
1.5815,438,214.6,20.8,0.0090,,
1.5895,439,215.0,20.8,0.0100,,
1.5975,440,215.7,20.8,0.0100,,
1.6060,441,216.2,20.8,0.0105,,
1.6145,442,216.8,20.8,0.0095,,
1.6230,443,217.6,20.8,0.0095,,
1.6315,444,218.1,20.8,0.0095,,
1.6390,445,218.7,20.8,0.0095,,
1.6475,446,219.2,20.8,0.0105,,
1.6560,447,219.8,20.8,0.0105,,
1.6640,448,220.5,20.8,0.0090,,
1.6725,449,220.9,20.8,0.0095,,
1.6810,450,221.2,20.8,0.0095,,
1.6885,451,221.6,20.8,0.0095,,
1.6970,452,222.2,20.8,0.0105,,
1.7055,453,222.9,20.8,0.0105,,
1.7140,454,223.2,20.8,0.0095,,
1.7220,455,223.6,20.8,0.0090,,
1.7305,456,224.2,20.8,0.0095,,
1.7380,457,224.3,20.8,0.0095,,
1.7465,458,225.0,20.8,0.0105,,
1.7550,459,225.3,20.8,0.0105,,
1.7635,460,225.6,20.8,0.0095,,
1.7720,461,226.3,20.8,0.0095,,
1.7805,462,226.7,20.8,0.0095,,
1.7880,463,227.1,20.8,0.0095,,
1.7965,464,227.3,20.8,0.0105,,
1.8045,465,227.8,20.8,0.0090,,
1.8130,466,228.3,20.8,0.0095,,
1.8215,467,228.6,20.8,0.0095,,
1.8300,468,228.9,20.8,0.0095,,
1.8375,469,229.2,20.8,0.0095,,
1.8460,470,229.7,20.8,0.0105,,
1.8545,471,230.1,20.8,0.0095,,
1.8630,472,230.2,20.8,0.0095,,
1.8710,473,230.7,20.8,0.0090,,
1.8795,474,231.2,20.8,0.0095,,
1.8870,475,231.4,20.8,0.0095,,
1.8955,476,231.8,20.8,0.0105,,
1.9040,477,231.9,20.8,0.0105,,
1.9125,478,232.3,20.8,0.0095,,
1.9210,479,232.7,20.8,0.0095,,
1.9295,480,232.8,20.8,0.0095,,
1.9370,481,233.3,20.8,0.0095,,
1.9450,482,233.5,20.8,0.0100,,
1.9525,483,233.9,20.8,0.0095,,
1.9580,484,234.3,20.8,0.0060,,
1.9595,485,234.2,20.8,0.0015,,
1.9600,486,234.2,20.8,0.0005,,
1.9610,487,234.2,20.8,0.0010,,
1.9630,488,234.4,20.8,0.0025,,
1.9655,489,234.5,20.8,0.0030,,
1.9690,490,234.5,20.8,0.0040,,
1.9700,491,234.6,20.8,0.0010,,
1.9705,492,234.7,20.8,0.0005,,
1.9715,493,234.8,20.8,0.0010,,
1.9725,494,234.8,20.8,0.0010,,
1.9740,495,234.7,20.8,0.0020,,
1.9750,496,234.9,20.8,0.0010,,
1.9760,497,235.0,20.8,0.0010,,
Scope 1/1, Sample 14/33 (T5)
Result,TitrationEP1
V,t,E,T,dV/dt,E acc. stat.,Volume acc. stat.
0.0000,0,-59.6,20.7,NaN,,
0.0010,1,-59.8,20.7,0.0010,,
0.0025,2,-59.9,20.7,0.0015,,
0.0050,3,-59.8,20.7,0.0025,,
0.0090,4,-59.7,20.7,0.0035,,
0.0150,5,-59.6,20.7,0.0055,,
0.0235,6,-59.0,20.7,0.0075,,
0.0320,7,-58.4,20.7,0.0085,,
0.0395,8,-57.3,20.7,0.0075,,
0.0480,9,-56.2,20.7,0.0075,,
0.0565,10,-55.0,20.7,0.0075,,
0.0650,11,-53.4,20.7,0.0075,,
0.0730,12,-52.0,20.7,0.0075,,
0.0810,13,-50.5,20.7,0.0080,,
0.0890,14,-49.0,20.7,0.0080,,
0.0975,15,-47.2,20.7,0.0075,,
0.1060,16,-45.3,20.7,0.0075,,
0.1145,17,-43.6,20.7,0.0075,,
0.1230,18,-41.4,20.7,0.0075,,
0.1305,19,-39.5,20.7,0.0075,,
0.1390,20,-37.1,20.7,0.0085,,
0.1475,21,-34.6,20.7,0.0075,,
0.1555,22,-32.1,20.7,0.0075,,
0.1640,23,-29.3,20.7,0.0075,,
0.1725,24,-26.3,20.7,0.0075,,
0.1800,25,-23.8,20.7,0.0075,,
0.1885,26,-20.9,20.7,0.0085,,
0.1970,27,-18.3,20.7,0.0075,,
0.2055,28,-15.7,20.7,0.0075,,
0.2135,29,-13.2,20.7,0.0075,,
0.2220,30,-11.1,20.7,0.0075,,
0.2305,31,-9.3,20.7,0.0085,,
0.2380,32,-7.5,20.7,0.0075,,
0.2465,33,-5.7,20.7,0.0075,,
0.2550,34,-3.9,20.7,0.0075,,
0.2635,35,-2.5,20.7,0.0075,,
0.2715,36,-1.1,20.7,0.0075,,
0.2800,37,0.4,20.7,0.0075,,
0.2875,38,1.6,20.7,0.0075,,
0.2960,39,3.0,20.7,0.0085,,
0.3045,40,4.3,20.7,0.0075,,
0.3130,41,5.4,20.7,0.0075,,
0.3215,42,6.7,20.7,0.0075,,
0.3295,43,7.9,20.7,0.0075,,
0.3375,44,8.9,20.7,0.0080,,
0.3455,45,10.0,20.7,0.0080,,
0.3540,46,11.0,20.7,0.0075,,
0.3625,47,12.2,20.7,0.0075,,
0.3710,48,13.3,20.7,0.0075,,
0.3795,49,14.3,20.7,0.0075,,
0.3870,50,15.2,20.7,0.0075,,
0.3955,51,16.1,20.7,0.0085,,
0.4035,52,17.1,20.7,0.0075,,
0.4120,53,18.2,20.7,0.0075,,
0.4205,54,19.0,20.7,0.0075,,
0.4290,55,19.9,20.7,0.0075,,
0.4375,56,20.9,20.7,0.0085,,
0.4450,57,21.8,20.7,0.0075,,
0.4535,58,22.8,20.7,0.0075,,
0.4620,59,23.7,20.7,0.0075,,
0.4700,60,24.6,20.7,0.0075,,
0.4785,61,25.6,20.7,0.0075,,
0.4870,62,26.4,20.7,0.0085,,
0.4945,63,27.5,20.7,0.0075,,
0.5030,64,28.2,20.7,0.0075,,
0.5115,65,29.2,20.7,0.0075,,
0.5200,66,30.2,20.7,0.0075,,
0.5280,67,31.0,20.7,0.0075,,
0.5365,68,31.9,20.7,0.0085,,
0.5440,69,32.7,20.7,0.0075,,
0.5525,70,33.7,20.7,0.0075,,
0.5610,71,34.7,20.7,0.0075,,
0.5695,72,35.5,20.7,0.0075,,
0.5780,73,36.4,20.7,0.0075,,
0.5855,74,37.2,20.7,0.0075,,
0.5940,75,38.3,20.7,0.0085,,
0.6025,76,39.2,20.7,0.0075,,
0.6105,77,40.0,20.7,0.0075,,
0.6190,78,41.0,20.7,0.0075,,
0.6275,79,41.9,20.7,0.0075,,
0.6350,80,42.8,20.7,0.0075,,
0.6435,81,43.7,20.7,0.0085,,
0.6520,82,44.5,20.7,0.0075,,
0.6605,83,45.6,20.7,0.0075,,
0.6690,84,46.6,20.7,0.0075,,
0.6770,85,47.4,20.7,0.0075,,
0.6850,86,48.2,20.7,0.0080,,
0.6930,87,49.1,20.7,0.0080,,
0.7015,88,50.3,20.7,0.0075,,
0.7100,89,51.2,20.7,0.0075,,
0.7185,90,52.1,20.7,0.0075,,
0.7270,91,53.2,20.7,0.0075,,
0.7345,92,54.1,20.7,0.0075,,
0.7430,93,55.3,20.7,0.0085,,
0.7510,94,56.2,20.7,0.0075,,
0.7595,95,57.1,20.7,0.0075,,
0.7680,96,58.1,20.7,0.0075,,
0.7765,97,59.1,20.7,0.0075,,
0.7840,98,59.8,20.7,0.0075,,
0.7925,99,60.8,20.7,0.0085,,
0.8010,100,61.6,20.7,0.0075,,
0.8090,101,62.7,20.7,0.0075,,
0.8175,102,63.6,20.7,0.0075,,
0.8260,103,64.6,20.7,0.0075,,
0.8335,104,65.5,20.7,0.0075,,
0.8420,105,66.5,20.7,0.0085,,
0.8505,106,67.7,20.7,0.0075,,
0.8590,107,68.7,20.7,0.0075,,
0.8670,108,69.7,20.7,0.0075,,
0.8755,109,70.6,20.7,0.0075,,
0.8840,110,71.6,20.7,0.0085,,
0.8915,111,72.7,20.7,0.0075,,
0.9000,112,73.7,20.7,0.0075,,
0.9085,113,74.7,20.7,0.0075,,
0.9170,114,75.8,20.7,0.0075,,
0.9255,115,76.9,20.7,0.0075,,
0.9335,116,77.8,20.7,0.0080,,
0.9415,117,78.9,20.7,0.0080,,
0.9495,118,80.0,20.7,0.0075,,
0.9580,119,81.1,20.7,0.0075,,
0.9665,120,82.3,20.7,0.0075,,
0.9750,121,83.3,20.7,0.0075,,
0.9835,122,84.3,20.7,0.0075,,
0.9910,123,85.2,20.7,0.0075,,
0.9995,124,86.3,20.7,0.0085,,
1.0075,125,87.6,20.7,0.0075,,
1.0160,126,88.7,20.7,0.0075,,
1.0245,127,89.8,20.7,0.0075,,
1.0330,128,91.3,20.7,0.0075,,
1.0405,129,92.5,20.7,0.0075,,
1.0490,130,93.8,20.7,0.0075,,
1.0575,131,95.2,20.7,0.0075,,
1.0660,132,96.5,20.7,0.0075,,
1.0740,133,97.9,20.7,0.0075,,
1.0825,134,99.4,20.7,0.0075,,
1.0900,135,100.8,20.7,0.0075,,
1.0985,136,102.0,20.7,0.0075,,
1.1070,137,103.6,20.7,0.0075,,
1.1155,138,105.3,20.7,0.0075,,
1.1240,139,106.8,20.7,0.0075,,
1.1320,140,108.7,20.7,0.0080,,
1.1400,141,110.3,20.7,0.0080,,
1.1480,142,112.1,20.7,0.0075,,
1.1565,143,114.3,20.7,0.0075,,
1.1650,144,116.3,20.7,0.0075,,
1.1735,145,118.4,20.7,0.0075,,
1.1820,146,120.4,20.7,0.0085,,
1.1895,147,122.8,20.7,0.0075,,
1.1980,148,125.5,20.7,0.0075,,
1.2065,149,128.3,20.7,0.0075,,
1.2145,150,131.1,20.7,0.0075,,
1.2230,151,134.1,20.7,0.0075,,
1.2305,152,137.0,20.7,0.0075,,
1.2390,153,140.2,20.7,0.0075,,
1.2475,154,143.7,20.7,0.0075,,
1.2560,155,147.4,20.7,0.0075,,
1.2645,156,151.1,20.7,0.0075,,
1.2725,157,154.8,20.7,0.0075,,
1.2810,158,158.4,20.7,0.0075,,
1.2885,159,161.6,20.7,0.0075,,
1.2970,160,165.0,20.7,0.0075,,
1.3055,161,168.3,20.7,0.0075,,
1.3140,162,171.4,20.7,0.0075,,
1.3225,163,174.2,20.7,0.0075,,
1.3310,164,177.2,20.7,0.0075,,
1.3385,165,179.2,20.7,0.0075,,
1.3465,166,181.6,20.7,0.0080,,
1.3550,167,183.7,20.7,0.0075,,
1.3620,168,185.2,20.7,0.0080,,
1.3620,408,188.4,20.8,0.0000,,
1.3625,409,188.4,20.8,0.0005,,
1.3640,410,188.3,20.8,0.0015,,
1.3665,411,188.6,20.8,0.0025,,
1.3705,412,189.1,20.8,0.0035,,
1.3765,413,190.0,20.8,0.0055,,
1.3845,414,191.2,20.8,0.0075,,
1.3925,415,192.3,20.8,0.0080,,
1.4005,416,193.9,20.8,0.0080,,
1.4090,417,195.4,20.8,0.0085,,
1.4175,418,196.6,20.8,0.0075,,
1.4260,419,197.9,20.8,0.0075,,
1.4345,420,199.3,20.8,0.0075,,
1.4420,421,200.2,20.8,0.0075,,
1.4505,422,201.4,20.8,0.0085,,
1.4590,423,202.4,20.8,0.0085,,
1.4670,424,203.4,20.8,0.0075,,
1.4755,425,204.5,20.8,0.0075,,
1.4840,426,205.4,20.8,0.0075,,
1.4915,427,206.2,20.8,0.0075,,
1.5000,428,207.1,20.8,0.0085,,
1.5085,429,208.0,20.8,0.0075,,
1.5170,430,208.7,20.8,0.0075,,
1.5255,431,209.4,20.8,0.0075,,
1.5335,432,210.3,20.8,0.0075,,
1.5410,433,210.9,20.8,0.0075,,
1.5495,434,211.9,20.8,0.0085,,
1.5580,435,212.6,20.8,0.0075,,
1.5665,436,213.2,20.8,0.0075,,
1.5750,437,213.8,20.8,0.0075,,
1.5835,438,214.6,20.8,0.0075,,
1.5910,439,215.2,20.8,0.0075,,
1.5990,440,215.8,20.8,0.0080,,
1.6075,441,216.4,20.8,0.0085,,
1.6160,442,217.0,20.8,0.0075,,
1.6245,443,217.7,20.8,0.0075,,
1.6330,444,218.2,20.8,0.0075,,
1.6405,445,218.8,20.8,0.0075,,
1.6490,446,219.2,20.8,0.0085,,
1.6575,447,219.7,20.8,0.0085,,
1.6655,448,220.3,20.8,0.0075,,
1.6740,449,220.8,20.8,0.0075,,
1.6825,450,221.3,20.8,0.0075,,
1.6900,451,221.7,20.8,0.0075,,
1.6985,452,222.2,20.8,0.0085,,
1.7070,453,222.8,20.8,0.0075,,
1.7155,454,223.2,20.8,0.0075,,
1.7235,455,223.6,20.8,0.0075,,
1.7320,456,224.2,20.8,0.0075,,
1.7395,457,224.4,20.8,0.0075,,
1.7480,458,224.9,20.8,0.0085,,
1.7565,459,225.2,20.8,0.0085,,
1.7650,460,225.5,20.8,0.0075,,
1.7735,461,226.1,20.8,0.0075,,
1.7815,462,226.5,20.8,0.0075,,
1.7900,463,226.9,20.8,0.0085,,
1.7975,464,227.2,20.8,0.0075,,
1.8060,465,227.6,20.8,0.0085,,
1.8145,466,228.1,20.8,0.0075,,
1.8230,467,228.3,20.8,0.0075,,
1.8315,468,228.7,20.8,0.0075,,
1.8390,469,229.0,20.8,0.0075,,
1.8475,470,229.5,20.8,0.0085,,
1.8560,471,230.0,20.8,0.0085,,
1.8640,472,230.2,20.8,0.0075,,
1.8725,473,230.5,20.8,0.0075,,
1.8810,474,230.9,20.8,0.0075,,
1.8895,475,231.2,20.8,0.0085,,
1.8970,476,231.5,20.8,0.0075,,
1.9055,477,231.8,20.8,0.0085,,
1.9140,478,232.1,20.8,0.0075,,
1.9225,479,232.6,20.8,0.0075,,
1.9305,480,232.9,20.8,0.0075,,
1.9385,481,233.3,20.8,0.0080,,
1.9465,482,233.5,20.8,0.0080,,
1.9550,483,233.8,20.8,0.0085,,
1.9620,484,234.2,20.8,0.0065,,
1.9650,485,234.3,20.8,0.0025,,
1.9665,486,234.4,20.8,0.0015,,
1.9670,487,234.5,20.8,0.0005,,
1.9680,488,234.6,20.8,0.0010,,
1.9690,489,234.6,20.8,0.0010,,
1.9710,490,234.6,20.8,0.0020,,
1.9735,491,234.7,20.8,0.0025,,
1.9745,492,234.9,20.8,0.0010,,
1.9755,493,234.9,20.8,0.0010,,
1.9765,494,235.0,20.8,0.0010,,
1.9780,495,234.9,20.8,0.0015,,
1.9800,496,234.9,20.8,0.0020,,
1.9830,497,235.0,20.8,0.0025,,
Scope 1/1, Sample 15/33 (T6)
Result,TitrationEP1
V,t,E,T,dV/dt,E acc. stat.,Volume acc. stat.
0.0000,0,-58.2,20.7,NaN,,
0.0010,1,-58.5,20.7,0.0010,,
0.0025,2,-58.5,20.7,0.0015,,
0.0050,3,-58.5,20.7,0.0025,,
0.0090,4,-58.3,20.7,0.0035,,
0.0150,5,-58.1,20.7,0.0055,,
0.0235,6,-57.7,20.7,0.0075,,
0.0320,7,-56.8,20.7,0.0075,,
0.0405,8,-55.7,20.7,0.0075,,
0.0490,9,-54.6,20.7,0.0075,,
0.0565,10,-53.3,20.7,0.0070,,
0.0650,11,-52.0,20.7,0.0075,,
0.0735,12,-50.3,20.7,0.0075,,
0.0815,13,-48.5,20.7,0.0075,,
0.0900,14,-46.9,20.7,0.0075,,
0.0985,15,-45.2,20.7,0.0075,,
0.1060,16,-43.3,20.7,0.0070,,
0.1145,17,-40.9,20.7,0.0075,,
0.1230,18,-38.7,20.7,0.0075,,
0.1315,19,-36.6,20.7,0.0075,,
0.1395,20,-34.1,20.7,0.0075,,
0.1480,21,-31.2,20.7,0.0070,,
0.1555,22,-28.7,20.7,0.0070,,
0.1640,23,-25.7,20.7,0.0075,,
0.1725,24,-23.0,20.7,0.0075,,
0.1810,25,-20.0,20.7,0.0075,,
0.1895,26,-17.1,20.7,0.0075,,
0.1980,27,-14.5,20.7,0.0070,,
0.2055,28,-12.2,20.7,0.0070,,
0.2135,29,-10.0,20.7,0.0075,,
0.2220,30,-7.8,20.7,0.0075,,
0.2305,31,-5.7,20.7,0.0075,,
0.2390,32,-4.0,20.7,0.0075,,
0.2475,33,-2.3,20.7,0.0070,,
0.2550,34,-1.0,20.7,0.0070,,
0.2635,35,0.7,20.7,0.0075,,
0.2720,36,2.1,20.7,0.0075,,
0.2800,37,3.3,20.7,0.0075,,
0.2885,38,4.7,20.7,0.0075,,
0.2970,39,6.1,20.7,0.0070,,
0.3045,40,7.2,20.7,0.0070,,
0.3130,41,8.4,20.7,0.0075,,
0.3215,42,9.4,20.7,0.0075,,
0.3300,43,10.6,20.7,0.0075,,
0.3385,44,11.9,20.7,0.0075,,
0.3465,45,12.8,20.7,0.0075,,
0.3545,46,13.8,20.7,0.0075,,
0.3625,47,14.8,20.7,0.0075,,
0.3710,48,15.9,20.7,0.0075,,
0.3795,49,17.0,20.7,0.0075,,
0.3880,50,17.7,20.7,0.0070,,
0.3955,51,18.8,20.7,0.0070,,
0.4040,52,19.5,20.7,0.0075,,
0.4125,53,20.7,20.7,0.0075,,
0.4210,54,21.5,20.7,0.0075,,
0.4290,55,22.4,20.7,0.0075,,
0.4375,56,23.4,20.7,0.0075,,
0.4450,57,24.2,20.7,0.0070,,
0.4535,58,25.3,20.7,0.0075,,
0.4620,59,26.2,20.7,0.0075,,
0.4705,60,26.8,20.7,0.0075,,
0.4790,61,27.9,20.7,0.0075,,
0.4870,62,28.8,20.7,0.0075,,
0.4950,63,29.7,20.7,0.0075,,
0.5030,64,30.5,20.7,0.0075,,
0.5115,65,31.3,20.7,0.0075,,
0.5200,66,32.4,20.7,0.0075,,
0.5285,67,33.3,20.7,0.0075,,
0.5370,68,34.1,20.7,0.0075,,
0.5445,69,34.9,20.7,0.0070,,
0.5530,70,35.8,20.7,0.0075,,
0.5615,71,36.8,20.7,0.0075,,
0.5695,72,37.8,20.7,0.0075,,
0.5780,73,38.6,20.7,0.0075,,
0.5865,74,39.5,20.7,0.0075,,
0.5940,75,40.2,20.7,0.0070,,
0.6025,76,41.3,20.7,0.0075,,
0.6110,77,42.2,20.7,0.0075,,
0.6195,78,42.9,20.7,0.0075,,
0.6275,79,43.9,20.7,0.0075,,
0.6360,80,44.9,20.7,0.0075,,
0.6435,81,45.8,20.7,0.0070,,
0.6520,82,46.5,20.7,0.0075,,
0.6605,83,47.4,20.7,0.0075,,
0.6690,84,48.4,20.7,0.0070,,
0.6775,85,49.3,20.7,0.0075,,
0.6860,86,50.1,20.7,0.0075,,
0.6935,87,51.1,20.7,0.0070,,
0.7020,88,51.8,20.7,0.0075,,
0.7100,89,52.9,20.7,0.0075,,
0.7185,90,53.7,20.7,0.0075,,
0.7270,91,54.4,20.7,0.0075,,
0.7355,92,55.5,20.7,0.0075,,
0.7440,93,56.1,20.7,0.0075,,
0.7515,94,57.3,20.7,0.0070,,
0.7600,95,58.1,20.7,0.0075,,
0.7680,96,58.9,20.7,0.0075,,
0.7765,97,60.0,20.7,0.0075,,
0.7850,98,61.1,20.7,0.0075,,
0.7935,99,62.0,20.7,0.0075,,
0.8010,100,62.8,20.7,0.0070,,
0.8095,101,63.6,20.7,0.0075,,
0.8180,102,64.8,20.7,0.0075,,
0.8265,103,65.9,20.7,0.0075,,
0.8345,104,66.6,20.7,0.0075,,
0.8425,105,67.6,20.7,0.0075,,
0.8505,106,68.4,20.7,0.0075,,
0.8590,107,69.5,20.7,0.0075,,
0.8675,108,70.5,20.7,0.0075,,
0.8760,109,71.3,20.7,0.0075,,
0.8845,110,72.4,20.7,0.0075,,
0.8920,111,73.2,20.7,0.0070,,
0.9005,112,74.4,20.7,0.0075,,
0.9085,113,75.5,20.7,0.0075,,
0.9170,114,76.4,20.7,0.0075,,
0.9255,115,77.5,20.7,0.0075,,
0.9340,116,78.6,20.7,0.0075,,
0.9425,117,79.5,20.7,0.0075,,
0.9500,118,80.6,20.7,0.0070,,
0.9585,119,81.5,20.7,0.0075,,
0.9665,120,82.6,20.7,0.0075,,
0.9750,121,83.9,20.7,0.0075,,
0.9835,122,84.8,20.7,0.0075,,
0.9920,123,85.9,20.7,0.0075,,
0.9995,124,87.0,20.7,0.0070,,
1.0080,125,88.2,20.7,0.0075,,
1.0165,126,89.6,20.7,0.0075,,
1.0245,127,90.6,20.7,0.0075,,
1.0330,128,91.9,20.7,0.0075,,
1.0415,129,93.4,20.7,0.0075,,
1.0490,130,94.6,20.7,0.0070,,
1.0575,131,96.0,20.7,0.0075,,
1.0660,132,97.1,20.7,0.0075,,
1.0745,133,98.6,20.7,0.0075,,
1.0830,134,100.2,20.7,0.0075,,
1.0910,135,101.4,20.7,0.0065,,
1.0990,136,103.0,20.7,0.0075,,
1.1070,137,104.3,20.7,0.0075,,
1.1155,138,106.0,20.7,0.0075,,
1.1240,139,107.8,20.7,0.0075,,
1.1325,140,109.5,20.7,0.0075,,
1.1410,141,111.2,20.7,0.0075,,
1.1485,142,112.9,20.7,0.0070,,
1.1570,143,115.1,20.7,0.0075,,
1.1650,144,117.3,20.7,0.0075,,
1.1735,145,119.5,20.7,0.0075,,
1.1820,146,121.5,20.7,0.0075,,
1.1905,147,123.9,20.7,0.0075,,
1.1980,148,126.0,20.8,0.0070,,
1.2065,149,129.0,20.7,0.0075,,
1.2150,150,131.8,20.7,0.0075,,
1.2230,151,134.8,20.8,0.0075,,
1.2315,152,138.3,20.8,0.0075,,
1.2400,153,141.7,20.7,0.0075,,
1.2485,154,145.0,20.8,0.0075,,
1.2560,155,148.5,20.8,0.0070,,
1.2645,156,152.1,20.8,0.0075,,
1.2730,157,155.9,20.8,0.0075,,
1.2815,158,159.6,20.8,0.0075,,
1.2895,159,162.9,20.8,0.0075,,
1.2980,160,166.1,20.8,0.0075,,
1.3055,161,169.1,20.8,0.0070,,
1.3140,162,172.3,20.8,0.0075,,
1.3225,163,175.1,20.8,0.0075,,
1.3310,164,177.6,20.8,0.0075,,
1.3395,165,180.2,20.8,0.0075,,
1.3470,166,182.1,20.8,0.0070,,
1.3555,167,184.3,20.8,0.0075,,
1.3605,168,185.1,20.8,0.0070,,
1.3605,408,188.2,20.8,0.0000,,
1.3610,409,188.5,20.8,0.0005,,
1.3625,410,188.4,20.8,0.0020,,
1.3650,411,188.5,20.8,0.0030,,
1.3690,412,189.2,20.8,0.0045,,
1.3755,413,190.0,20.8,0.0070,,
1.3840,414,191.1,20.8,0.0105,,
1.3915,415,192.4,20.8,0.0095,,
1.4000,416,194.0,20.8,0.0105,,
1.4080,417,195.4,20.8,0.0090,,
1.4165,418,196.5,20.8,0.0095,,
1.4250,419,197.9,20.8,0.0095,,
1.4335,420,198.9,20.8,0.0105,,
1.4410,421,200.1,20.8,0.0095,,
1.4495,422,201.4,20.8,0.0105,,
1.4580,423,202.3,20.8,0.0095,,
1.4660,424,203.4,20.8,0.0090,,
1.4745,425,204.5,20.8,0.0095,,
1.4830,426,205.3,20.8,0.0105,,
1.4905,427,206.1,20.8,0.0095,,
1.4990,428,206.9,20.8,0.0105,,
1.5075,429,207.8,20.8,0.0095,,
1.5160,430,208.7,20.8,0.0095,,
1.5245,431,209.4,20.8,0.0095,,
1.5320,432,210.1,20.8,0.0095,,
1.5405,433,210.9,20.8,0.0105,,
1.5485,434,211.7,20.8,0.0100,,
1.5570,435,212.4,20.8,0.0095,,
1.5655,436,213.0,20.8,0.0095,,
1.5740,437,213.7,20.8,0.0095,,
1.5815,438,214.2,20.8,0.0095,,
1.5900,439,215.0,20.8,0.0105,,
1.5985,440,215.8,20.8,0.0105,,
1.6070,441,216.3,20.8,0.0095,,
1.6150,442,216.8,20.8,0.0090,,
1.6235,443,217.7,20.8,0.0095,,
1.6310,444,218.1,20.8,0.0095,,
1.6395,445,218.7,20.8,0.0105,,
1.6480,446,219.1,20.8,0.0105,,
1.6565,447,219.5,20.8,0.0095,,
1.6650,448,220.3,20.8,0.0095,,
1.6730,449,220.7,20.8,0.0090,,
1.6810,450,221.2,20.8,0.0100,,
1.6890,451,221.5,20.8,0.0100,,
1.6975,452,222.1,20.8,0.0105,,
1.7060,453,222.7,20.8,0.0095,,
1.7145,454,223.0,20.8,0.0095,,
1.7230,455,223.6,20.8,0.0095,,
1.7305,456,223.9,20.8,0.0095,,
1.7390,457,224.6,20.8,0.0105,,
1.7475,458,224.9,20.8,0.0105,,
1.7555,459,225.1,20.8,0.0090,,
1.7640,460,225.6,20.8,0.0095,,
1.7725,461,226.2,20.8,0.0095,,
1.7800,462,226.5,20.8,0.0095,,
1.7885,463,226.9,20.8,0.0105,,
1.7970,464,227.1,20.8,0.0105,,
1.8055,465,227.7,20.8,0.0095,,
1.8135,466,228.1,20.8,0.0090,,
1.8220,467,228.3,20.8,0.0095,,
1.8295,468,228.8,20.8,0.0095,,
1.8380,469,229.0,20.8,0.0105,,
1.8465,470,229.5,20.8,0.0105,,
1.8550,471,229.9,20.8,0.0095,,
1.8635,472,230.0,20.8,0.0095,,
1.8720,473,230.4,20.8,0.0095,,
1.8795,474,230.8,20.8,0.0095,,
1.8875,475,231.3,20.8,0.0100,,
1.8960,476,231.6,20.8,0.0105,,
1.9045,477,231.8,20.8,0.0095,,
1.9130,478,232.1,20.8,0.0095,,
1.9215,479,232.6,20.8,0.0095,,
1.9290,480,232.9,20.8,0.0095,,
1.9375,481,233.2,20.8,0.0105,,
1.9460,482,233.3,20.8,0.0105,,
1.9535,483,233.7,20.8,0.0085,,
1.9580,484,234.1,20.8,0.0050,,
1.9600,485,234.1,20.8,0.0020,,
1.9615,486,234.4,20.8,0.0020,,
1.9625,487,234.3,20.8,0.0010,,
1.9630,488,234.4,20.8,0.0005,,
1.9640,489,234.5,20.8,0.0010,,
1.9655,490,234.4,20.8,0.0015,,
1.9670,491,234.4,20.8,0.0015,,
1.9680,492,234.5,20.8,0.0010,,
1.9685,493,234.6,20.8,0.0005,,
1.9690,494,234.8,20.8,0.0005,,
1.9700,495,234.6,20.8,0.0010,,
1.9710,496,234.6,20.8,0.0010,,
1.9725,497,234.8,20.8,0.0015,,
1.9740,498,234.7,20.8,0.0020,,
1.9755,499,234.8,20.8,0.0020,,
1.9765,500,234.7,20.8,0.0010,,
1.9770,501,235.0,20.8,0.0005,,
Scope 1/1, Sample 16/33 (T7)
Result,TitrationEP1
V,t,E,T,dV/dt,E acc. stat.,Volume acc. stat.
0.0000,0,-58.5,20.7,NaN,,
0.0010,1,-58.6,20.7,0.0010,,
0.0025,2,-58.7,20.7,0.0010,,
0.0050,3,-58.6,20.7,0.0020,,
0.0090,4,-58.6,20.7,0.0035,,
0.0150,5,-58.1,20.7,0.0055,,
0.0235,6,-57.6,20.7,0.0075,,
0.0320,7,-56.9,20.7,0.0075,,
0.0405,8,-55.8,20.7,0.0075,,
0.0485,9,-54.4,20.7,0.0075,,
0.0565,10,-53.2,20.7,0.0075,,
0.0645,11,-51.8,20.7,0.0075,,
0.0730,12,-50.4,20.7,0.0075,,
0.0815,13,-48.7,20.7,0.0075,,
0.0900,14,-46.9,20.7,0.0075,,
0.0985,15,-45.1,20.7,0.0075,,
0.1060,16,-43.3,20.7,0.0070,,
0.1145,17,-41.5,20.7,0.0075,,
0.1230,18,-39.1,20.7,0.0075,,
0.1310,19,-36.6,20.7,0.0075,,
0.1395,20,-34.3,20.7,0.0075,,
0.1480,21,-31.6,20.7,0.0075,,
0.1555,22,-29.2,20.7,0.0070,,
0.1640,23,-26.2,20.7,0.0075,,
0.1725,24,-23.4,20.7,0.0075,,
0.1810,25,-20.7,20.7,0.0075,,
0.1890,26,-17.8,20.7,0.0075,,
0.1975,27,-15.0,20.7,0.0070,,
0.2050,28,-12.9,20.7,0.0070,,
0.2135,29,-10.6,20.7,0.0075,,
0.2220,30,-8.5,20.7,0.0075,,
0.2305,31,-6.3,20.7,0.0075,,
0.2390,32,-4.5,20.7,0.0075,,
0.2475,33,-3.0,20.7,0.0070,,
0.2550,34,-1.6,20.7,0.0070,,
0.2635,35,-0.2,20.7,0.0075,,
0.2715,36,1.2,20.7,0.0075,,
0.2800,37,2.7,20.7,0.0075,,
0.2885,38,4.0,20.7,0.0075,,
0.2970,39,5.2,20.7,0.0075,,
0.3045,40,6.4,20.7,0.0070,,
0.3130,41,7.8,20.7,0.0075,,
0.3215,42,9.0,20.7,0.0075,,
0.3300,43,10.0,20.7,0.0075,,
0.3380,44,11.3,20.7,0.0075,,
0.3465,45,12.5,20.7,0.0070,,
0.3540,46,13.6,20.7,0.0070,,
0.3625,47,14.6,20.7,0.0075,,
0.3710,48,15.6,20.7,0.0075,,
0.3795,49,16.7,20.7,0.0075,,
0.3880,50,17.8,20.7,0.0075,,
0.3960,51,18.6,20.7,0.0075,,
0.4040,52,19.6,20.7,0.0075,,
0.4120,53,20.4,20.7,0.0075,,
0.4205,54,21.5,20.7,0.0075,,
0.4290,55,22.6,20.7,0.0075,,
0.4375,56,23.4,20.7,0.0075,,
0.4460,57,24.4,20.7,0.0070,,
0.4535,58,25.1,20.7,0.0070,,
0.4620,59,26.2,20.7,0.0075,,
0.4700,60,27.1,20.7,0.0075,,
0.4785,61,27.8,20.7,0.0075,,
0.4870,62,28.7,20.8,0.0075,,
0.4955,63,29.7,20.8,0.0075,,
0.5030,64,30.5,20.8,0.0070,,
0.5115,65,31.4,20.8,0.0075,,
0.5200,66,32.2,20.8,0.0075,,
0.5280,67,33.2,20.7,0.0075,,
0.5365,68,34.3,20.8,0.0075,,
0.5450,69,35.1,20.8,0.0075,,
0.5525,70,36.0,20.8,0.0070,,
0.5610,71,36.8,20.8,0.0075,,
0.5695,72,37.7,20.8,0.0075,,
0.5780,73,38.8,20.8,0.0075,,
0.5865,74,39.5,20.8,0.0075,,
0.5945,75,40.5,20.8,0.0075,,
0.6025,76,41.3,20.8,0.0075,,
0.6105,77,42.4,20.8,0.0075,,
0.6190,78,43.4,20.8,0.0075,,
0.6275,79,44.1,20.8,0.0075,,
0.6360,80,45.0,20.8,0.0075,,
0.6445,81,46.1,20.8,0.0075,,
0.6520,82,46.9,20.8,0.0070,,
0.6605,83,47.8,20.8,0.0075,,
0.6685,84,48.7,20.8,0.0075,,
0.6770,85,49.6,20.8,0.0075,,
0.6855,86,50.8,20.8,0.0075,,
0.6940,87,51.4,20.8,0.0075,,
0.7015,88,52.4,20.8,0.0070,,
0.7100,89,53.2,20.8,0.0075,,
0.7185,90,54.1,20.8,0.0075,,
0.7270,91,55.1,20.8,0.0075,,
0.7350,92,55.9,20.8,0.0075,,
0.7435,93,56.9,20.8,0.0075,,
0.7510,94,57.6,20.8,0.0070,,
0.7595,95,58.6,20.8,0.0075,,
0.7680,96,59.6,20.8,0.0075,,
0.7765,97,60.4,20.8,0.0075,,
0.7850,98,61.5,20.8,0.0075,,
0.7935,99,62.3,20.8,0.0075,,
0.8010,100,63.4,20.8,0.0070,,
0.8095,101,64.2,20.8,0.0075,,
0.8175,102,65.2,20.8,0.0075,,
0.8260,103,66.3,20.8,0.0075,,
0.8345,104,67.4,20.8,0.0075,,
0.8430,105,68.4,20.8,0.0075,,
0.8505,106,69.2,20.8,0.0070,,
0.8590,107,70.2,20.8,0.0075,,
0.8675,108,71.4,20.8,0.0075,,
0.8760,109,72.4,20.8,0.0075,,
0.8840,110,73.3,20.8,0.0075,,
0.8925,111,74.2,20.8,0.0075,,
0.9000,112,75.3,20.8,0.0070,,
0.9085,113,76.5,20.8,0.0075,,
0.9170,114,77.4,20.8,0.0075,,
0.9255,115,78.3,20.8,0.0075,,
0.9340,116,79.5,20.8,0.0075,,
0.9420,117,80.4,20.8,0.0065,,
0.9500,118,81.5,20.8,0.0075,,
0.9580,119,82.5,20.8,0.0075,,
0.9665,120,83.6,20.8,0.0075,,
0.9750,121,84.9,20.8,0.0075,,
0.9835,122,86.0,20.8,0.0075,,
0.9920,123,86.9,20.8,0.0070,,
0.9995,124,88.0,20.8,0.0070,,
1.0080,125,89.0,20.8,0.0075,,
1.0165,126,90.4,20.8,0.0075,,
1.0245,127,91.6,20.8,0.0075,,
1.0330,128,92.8,20.8,0.0075,,
1.0415,129,94.1,20.8,0.0070,,
1.0490,130,95.2,20.8,0.0070,,
1.0575,131,96.7,20.8,0.0075,,
1.0660,132,97.9,20.8,0.0075,,
1.0745,133,99.2,20.8,0.0075,,
1.0825,134,100.8,20.8,0.0075,,
1.0910,135,102.3,20.8,0.0070,,
1.0985,136,103.7,20.8,0.0070,,
1.1070,137,105.3,20.8,0.0075,,
1.1155,138,106.9,20.8,0.0075,,
1.1240,139,108.7,20.8,0.0075,,
1.1325,140,110.5,20.8,0.0075,,
1.1410,141,112.4,20.8,0.0070,,
1.1485,142,114.0,20.8,0.0070,,
1.1570,143,116.0,20.8,0.0075,,
1.1650,144,118.3,20.8,0.0075,,
1.1735,145,120.5,20.8,0.0075,,
1.1820,146,122.7,20.8,0.0075,,
1.1905,147,125.0,20.8,0.0070,,
1.1980,148,127.4,20.8,0.0070,,
1.2065,149,130.6,20.8,0.0075,,
1.2150,150,133.4,20.8,0.0075,,
1.2235,151,136.3,20.8,0.0075,,
1.2315,152,139.7,20.8,0.0075,,
1.2400,153,142.9,20.8,0.0070,,
1.2475,154,146.2,20.8,0.0070,,
1.2560,155,149.7,20.8,0.0075,,
1.2645,156,153.0,20.8,0.0075,,
1.2730,157,156.8,20.8,0.0075,,
1.2815,158,160.5,20.8,0.0075,,
1.2895,159,164.1,20.8,0.0065,,
1.2975,160,167.1,20.8,0.0075,,
1.3055,161,170.1,20.8,0.0075,,
1.3140,162,173.4,20.8,0.0075,,
1.3225,163,176.2,20.8,0.0075,,
1.3310,164,178.5,20.8,0.0075,,
1.3395,165,180.6,20.8,0.0075,,
1.3470,166,182.8,20.8,0.0070,,
1.3575,167,185.1,20.8,0.0075,,
1.3575,408,188.5,20.8,0.0000,,
1.3580,408,188.5,20.8,0.0010,,
1.3595,410,188.4,20.8,0.0010,,
1.3620,410,188.6,20.8,0.0050,,
1.3660,412,189.2,20.8,0.0025,,
1.3720,413,189.9,20.8,0.0100,,
1.3805,414,191.2,20.8,0.0140,,
1.3890,415,192.7,20.8,0.0140,,
1.3965,416,194.0,20.8,0.0150,,
1.4050,416,195.4,20.8,0.0170,,
1.4135,418,196.7,20.8,0.0055,,
1.4220,419,198.2,20.8,0.0140,,
1.4300,420,199.4,20.8,0.0135,,
1.4385,420,200.3,20.8,0.0170,,
1.4460,422,201.4,20.8,0.0050,,
1.4545,422,202.3,20.8,0.0170,,
1.4630,424,203.5,20.8,0.0055,,
1.4715,425,204.6,20.8,0.0140,,
1.4800,426,205.4,20.8,0.0140,,
1.4875,426,206.3,20.8,0.0150,,
1.4960,428,207.1,20.8,0.0055,,
1.5040,428,207.9,20.8,0.0160,,
1.5125,430,208.8,20.8,0.0055,,
1.5210,431,209.5,20.8,0.0140,,
1.5295,432,210.3,20.8,0.0140,,
1.5380,432,211.0,20.8,0.0170,,
1.5455,434,211.7,20.8,0.0050,,
1.5540,434,212.5,20.8,0.0170,,
1.5625,436,213.1,20.8,0.0055,,
1.5705,437,213.9,20.8,0.0135,,
1.5790,438,214.6,20.8,0.0140,,
1.5875,438,215.1,20.8,0.0170,,
1.5950,440,215.8,20.8,0.0050,,
1.6035,440,216.3,20.8,0.0170,,
1.6120,442,216.9,20.8,0.0055,,
1.6205,443,217.6,20.8,0.0140,,
1.6290,444,218.1,20.8,0.0140,,
1.6370,444,218.6,20.8,0.0160,,
1.6450,446,219.2,20.8,0.0055,,
1.6530,446,219.8,20.8,0.0160,,
1.6615,448,220.3,20.8,0.0055,,
1.6700,449,220.7,20.8,0.0140,,
1.6785,450,221.4,20.8,0.0140,,
1.6870,450,221.5,20.8,0.0170,,
1.6945,452,222.2,20.8,0.0050,,
1.7030,452,222.7,20.8,0.0170,,
1.7110,454,223.0,20.8,0.0050,,
1.7195,455,223.6,20.8,0.0140,,
1.7280,456,224.3,20.8,0.0140,,
1.7365,457,224.7,20.8,0.0140,,
1.7440,458,225.1,20.8,0.0150,,
1.7525,458,225.4,20.8,0.0170,,
1.7610,460,225.8,20.8,0.0055,,
1.7690,461,226.4,20.8,0.0135,,
1.7775,462,226.8,20.8,0.0140,,
1.7860,463,227.0,20.8,0.0140,,
1.7935,464,227.4,20.8,0.0150,,
1.8020,464,227.9,20.8,0.0170,,
1.8105,466,228.3,20.8,0.0055,,
1.8190,467,228.6,20.8,0.0140,,
1.8275,468,229.0,20.8,0.0140,,
1.8355,468,229.3,20.8,0.0160,,
1.8435,470,229.8,20.8,0.0055,,
1.8515,470,230.1,20.8,0.0160,,
1.8600,472,230.4,20.8,0.0055,,
1.8685,473,230.7,20.8,0.0140,,
1.8770,474,231.2,20.8,0.0140,,
1.8855,475,231.5,20.8,0.0140,,
1.8930,476,231.8,20.8,0.0150,,
1.9015,476,232.0,20.8,0.0170,,
1.9095,478,232.4,20.8,0.0050,,
1.9180,479,232.7,20.8,0.0140,,
1.9265,480,232.9,20.8,0.0140,,
1.9350,480,233.3,20.8,0.0170,,
1.9425,482,233.6,20.8,0.0050,,
1.9500,482,233.9,20.8,0.0150,,
1.9560,484,234.2,20.8,0.0035,,
1.9575,485,234.3,20.8,0.0025,,
1.9580,486,234.4,20.8,0.0010,,
1.9590,486,234.3,20.8,0.0020,,
1.9605,488,234.5,20.8,0.0010,,
1.9620,488,234.5,20.8,0.0030,,
1.9630,490,234.5,20.8,0.0005,,
1.9640,491,234.5,20.8,0.0015,,
1.9645,492,234.7,20.8,0.0010,,
1.9650,492,234.6,20.8,0.0010,,
1.9665,494,234.6,20.8,0.0010,,
1.9685,494,234.7,20.8,0.0040,,
1.9705,496,234.8,20.8,0.0010,,
1.9740,497,235.0,20.8,0.0045,,
Scope 1/1, Sample 17/33 (T8)
Result,TitrationEP1
V,t,E,T,dV/dt,E acc. stat.,Volume acc. stat.
0.0000,0,-56.6,20.8,NaN,,
0.0010,1,-56.7,20.8,0.0010,,
0.0025,2,-56.6,20.8,0.0015,,
0.0050,3,-56.7,20.8,0.0025,,
0.0090,4,-56.5,20.8,0.0035,,
0.0150,5,-56.2,20.8,0.0055,,
0.0235,6,-55.8,20.8,0.0075,,
0.0320,7,-55.1,20.8,0.0075,,
0.0395,8,-54.1,20.8,0.0075,,
0.0480,9,-52.8,20.8,0.0075,,
0.0565,10,-51.3,20.8,0.0075,,
0.0650,11,-50.0,20.8,0.0075,,
0.0730,12,-48.2,20.8,0.0075,,
0.0815,13,-46.5,20.8,0.0075,,
0.0890,14,-44.7,20.8,0.0075,,
0.0975,15,-42.8,20.8,0.0075,,
0.1060,16,-40.8,20.8,0.0075,,
0.1145,17,-38.4,20.8,0.0075,,
0.1230,18,-36.1,20.8,0.0075,,
0.1310,19,-33.7,20.8,0.0075,,
0.1390,20,-31.4,20.8,0.0080,,
0.1470,21,-28.8,20.8,0.0080,,
0.1555,22,-25.9,20.8,0.0075,,
0.1640,23,-22.9,20.8,0.0075,,
0.1725,24,-20.0,20.8,0.0075,,
0.1810,25,-17.3,20.8,0.0075,,
0.1890,26,-14.9,20.8,0.0080,,
0.1970,27,-12.4,20.8,0.0080,,
0.2050,28,-10.0,20.8,0.0075,,
0.2135,29,-8.0,20.8,0.0075,,
0.2220,30,-6.1,20.8,0.0075,,
0.2305,31,-4.0,20.8,0.0075,,
0.2390,32,-2.6,20.8,0.0085,,
0.2465,33,-1.0,20.8,0.0075,,
0.2550,34,0.3,20.8,0.0075,,
0.2630,35,1.7,20.8,0.0075,,
0.2715,36,3.3,20.8,0.0075,,
0.2800,37,4.5,20.8,0.0075,,
0.2885,38,5.6,20.8,0.0075,,
0.2960,39,6.8,20.8,0.0075,,
0.3045,40,7.8,20.8,0.0075,,
0.3130,41,9.1,20.8,0.0075,,
0.3210,42,10.3,20.8,0.0075,,
0.3295,43,11.3,20.8,0.0075,,
0.3380,44,12.5,20.8,0.0075,,
0.3455,45,13.3,20.8,0.0075,,
0.3540,46,14.5,20.8,0.0075,,
0.3625,47,15.6,20.8,0.0075,,
0.3710,48,16.5,20.8,0.0075,,
0.3795,49,17.7,20.8,0.0075,,
0.3875,50,18.5,20.8,0.0080,,
0.3955,51,19.6,20.8,0.0080,,
0.4040,52,20.3,20.8,0.0075,,
0.4120,53,21.2,20.8,0.0075,,
0.4205,54,22.1,20.8,0.0075,,
0.4290,55,23.0,20.8,0.0075,,
0.4375,56,23.8,20.8,0.0075,,
0.4450,57,24.7,20.8,0.0075,,
0.4535,58,25.6,20.8,0.0075,,
0.4620,59,26.7,20.8,0.0075,,
0.4700,60,27.5,20.8,0.0075,,
0.4785,61,28.3,20.8,0.0075,,
0.4870,62,29.2,20.8,0.0085,,
0.4945,63,30.2,20.8,0.0075,,
0.5030,64,31.2,20.8,0.0075,,
0.5115,65,32.0,20.8,0.0075,,
0.5200,66,32.9,20.8,0.0075,,
0.5285,67,34.0,20.8,0.0075,,
0.5365,68,34.8,20.8,0.0080,,
0.5445,69,35.8,20.8,0.0080,,
0.5525,70,36.6,20.8,0.0075,,
0.5610,71,37.6,20.8,0.0075,,
0.5695,72,38.6,20.8,0.0075,,
0.5780,73,39.4,20.8,0.0075,,
0.5855,74,40.3,20.8,0.0075,,
0.5940,75,41.1,20.8,0.0085,,
0.6025,76,42.1,20.8,0.0075,,
0.6105,77,43.1,20.8,0.0075,,
0.6190,78,43.8,20.8,0.0075,,
0.6275,79,44.8,20.8,0.0075,,
0.6350,80,45.6,20.8,0.0075,,
0.6435,81,46.5,20.8,0.0085,,
0.6520,82,47.6,20.8,0.0075,,
0.6605,83,48.4,20.8,0.0075,,
0.6690,84,49.3,20.8,0.0075,,
0.6770,85,50.4,20.8,0.0075,,
0.6850,86,51.2,20.8,0.0080,,
0.6930,87,52.1,20.8,0.0080,,
0.7015,88,52.8,20.8,0.0075,,
0.7100,89,53.8,20.8,0.0075,,
0.7185,90,54.8,20.8,0.0075,,
0.7270,91,55.7,20.8,0.0075,,
0.7350,92,56.7,20.8,0.0080,,
0.7430,93,57.5,20.8,0.0080,,
0.7510,94,58.4,20.8,0.0075,,
0.7595,95,59.4,20.8,0.0075,,
0.7680,96,60.3,20.8,0.0075,,
0.7765,97,61.1,20.8,0.0075,,
0.7850,98,62.2,20.8,0.0075,,
0.7925,99,63.1,20.8,0.0075,,
0.8010,100,64.1,20.8,0.0075,,
0.8090,101,65.0,20.8,0.0075,,
0.8175,102,65.8,20.8,0.0075,,
0.8260,103,66.9,20.8,0.0075,,
0.8345,104,67.8,20.8,0.0075,,
0.8420,105,68.9,20.8,0.0075,,
0.8505,106,69.7,20.8,0.0075,,
0.8590,107,70.7,20.8,0.0075,,
0.8670,108,71.8,20.8,0.0075,,
0.8755,109,72.7,20.8,0.0075,,
0.8840,110,73.7,20.8,0.0075,,
0.8915,111,74.6,20.8,0.0075,,
0.9000,112,75.7,20.8,0.0075,,
0.9085,113,77.0,20.8,0.0075,,
0.9170,114,78.0,20.8,0.0075,,
0.9255,115,79.0,20.8,0.0075,,
0.9335,116,80.0,20.8,0.0080,,
0.9415,117,81.2,20.8,0.0080,,
0.9495,118,82.3,20.8,0.0075,,
0.9580,119,83.4,20.8,0.0075,,
0.9665,120,84.3,20.8,0.0075,,
0.9750,121,85.6,20.8,0.0075,,
0.9835,122,86.7,20.8,0.0085,,
0.9910,123,87.9,20.8,0.0075,,
0.9995,124,89.0,20.8,0.0075,,
1.0080,125,90.2,20.8,0.0075,,
1.0160,126,91.3,20.8,0.0075,,
1.0245,127,92.5,20.8,0.0075,,
1.0325,128,93.6,20.8,0.0080,,
1.0405,129,94.9,20.8,0.0080,,
1.0490,130,96.2,20.8,0.0075,,
1.0575,131,97.6,20.8,0.0075,,
1.0660,132,99.0,20.8,0.0075,,
1.0745,133,100.5,20.8,0.0075,,
1.0820,134,101.8,20.8,0.0075,,
1.0905,135,103.4,20.8,0.0075,,
1.0985,136,105.0,20.8,0.0075,,
1.1070,137,106.4,20.8,0.0075,,
1.1155,138,108.0,20.8,0.0075,,
1.1240,139,109.8,20.8,0.0075,,
1.1325,140,111.2,20.8,0.0085,,
1.1400,141,113.2,20.8,0.0075,,
1.1485,142,115.1,20.8,0.0075,,
1.1565,143,117.4,20.8,0.0075,,
1.1650,144,119.7,20.8,0.0075,,
1.1735,145,122.0,20.8,0.0075,,
1.1820,146,124.3,20.8,0.0085,,
1.1895,147,126.5,20.8,0.0075,,
1.1980,148,129.1,20.8,0.0075,,
1.2065,149,132.4,20.8,0.0075,,
1.2150,150,135.5,20.8,0.0075,,
1.2230,151,138.4,20.8,0.0075,,
1.2315,152,141.5,20.8,0.0085,,
1.2390,153,145.1,20.8,0.0075,,
1.2475,154,148.5,20.8,0.0075,,
1.2560,155,152.1,20.8,0.0075,,
1.2645,156,155.6,20.8,0.0075,,
1.2730,157,159.7,20.8,0.0075,,
1.2810,158,163.2,20.8,0.0075,,
1.2890,159,166.1,20.8,0.0080,,
1.2970,160,169.2,20.8,0.0075,,
1.3055,161,172.1,20.8,0.0075,,
1.3140,162,175.2,20.8,0.0075,,
1.3225,163,177.8,20.8,0.0075,,
1.3310,164,179.9,20.8,0.0085,,
1.3385,165,182.1,20.8,0.0075,,
1.3470,166,184.2,20.8,0.0075,,
1.3530,167,185.2,20.8,0.0065,,
1.3530,407,188.3,20.9,0.0000,,
1.3535,408,188.3,20.9,0.0005,,
1.3550,409,188.2,20.9,0.0015,,
1.3575,410,188.5,20.9,0.0025,,
1.3615,411,189.0,20.9,0.0035,,
1.3680,412,189.8,20.9,0.0060,,
1.3760,413,191.0,20.9,0.0075,,
1.3840,414,192.3,20.9,0.0080,,
1.3920,415,193.9,20.9,0.0080,,
1.4005,416,195.4,20.9,0.0085,,
1.4090,417,196.7,20.9,0.0075,,
1.4175,418,198.1,20.9,0.0075,,
1.4260,419,199.5,20.9,0.0075,,
1.4335,420,200.3,20.9,0.0075,,
1.4420,421,201.6,20.9,0.0085,,
1.4500,422,202.5,20.9,0.0075,,
1.4585,423,203.5,20.9,0.0075,,
1.4670,424,204.6,20.9,0.0075,,
1.4755,425,205.6,20.9,0.0075,,
1.4830,426,206.4,20.9,0.0075,,
1.4915,427,207.1,20.9,0.0085,,
1.5000,428,208.1,20.9,0.0075,,
1.5085,429,209.0,20.9,0.0075,,
1.5165,430,209.7,20.9,0.0075,,
1.5250,431,210.5,20.9,0.0085,,
1.5325,432,211.1,20.9,0.0075,,
1.5410,433,212.0,20.9,0.0085,,
1.5495,434,212.7,20.9,0.0075,,
1.5580,435,213.2,20.9,0.0075,,
1.5665,436,213.8,20.9,0.0075,,
1.5745,437,214.6,20.9,0.0075,,
1.5825,438,215.1,20.9,0.0080,,
1.5905,439,215.9,20.9,0.0080,,
1.5990,440,216.3,20.9,0.0075,,
1.6075,441,217.0,20.9,0.0075,,
1.6160,442,217.7,20.9,0.0075,,
1.6245,443,218.3,20.9,0.0075,,
1.6320,444,218.7,20.9,0.0075,,
1.6405,445,219.1,20.9,0.0085,,
1.6490,446,219.7,20.9,0.0075,,
1.6570,447,220.4,20.9,0.0075,,
1.6655,448,220.8,20.9,0.0075,,
1.6740,449,221.2,20.9,0.0075,,
1.6815,450,221.6,20.9,0.0075,,
1.6900,451,222.0,20.9,0.0085,,
1.6985,452,222.7,20.9,0.0075,,
1.7070,453,223.1,20.9,0.0075,,
1.7150,454,223.4,20.9,0.0075,,
1.7235,455,224.1,20.9,0.0075,,
1.7310,456,224.5,20.9,0.0075,,
1.7395,457,225.0,20.9,0.0085,,
1.7480,458,225.4,20.9,0.0085,,
1.7565,459,225.7,20.9,0.0075,,
1.7650,460,226.3,20.9,0.0075,,
1.7730,461,226.8,20.9,0.0075,,
1.7810,462,227.1,20.9,0.0080,,
1.7890,463,227.4,20.9,0.0080,,
1.7975,464,227.8,20.9,0.0085,,
1.8060,465,228.3,20.9,0.0075,,
1.8145,466,228.7,20.9,0.0075,,
1.8230,467,228.9,20.9,0.0075,,
1.8305,468,229.2,20.9,0.0075,,
1.8390,469,229.5,20.9,0.0085,,
1.8475,470,229.9,20.9,0.0085,,
1.8555,471,230.3,20.9,0.0075,,
1.8640,472,230.4,20.9,0.0075,,
1.8725,473,230.9,20.9,0.0075,,
1.8800,474,231.1,20.9,0.0075,,
1.8885,475,231.6,20.9,0.0085,,
1.8970,476,231.9,20.9,0.0085,,
1.9055,477,232.0,20.9,0.0075,,
1.9135,478,232.5,20.9,0.0075,,
1.9220,479,232.9,20.9,0.0075,,
1.9295,480,233.2,20.9,0.0075,,
1.9380,481,233.4,20.9,0.0085,,
1.9465,482,233.6,20.9,0.0085,,
1.9525,483,234.1,20.9,0.0055,,
1.9545,484,234.3,20.9,0.0020,,
1.9550,485,234.2,20.9,0.0005,,
1.9565,486,234.2,20.9,0.0015,,
1.9580,487,234.2,20.9,0.0015,,
1.9585,488,234.4,20.9,0.0005,,
1.9600,489,234.5,20.9,0.0015,,
1.9605,490,234.3,20.9,0.0005,,
1.9615,491,234.4,20.9,0.0010,,
1.9630,492,234.5,20.9,0.0015,,
1.9650,493,234.6,20.9,0.0020,,
1.9675,494,234.7,20.9,0.0025,,
1.9680,495,234.6,20.9,0.0005,,
1.9690,496,234.7,20.9,0.0010,,
1.9700,497,235.0,20.9,0.0010,,
Scope 1/1, Sample 18/33 (T9)
Result,TitrationEP1
V,t,E,T,dV/dt,E acc. stat.,Volume acc. stat.
0.0000,0,-60.0,20.8,NaN,,
0.0010,1,-60.1,20.8,0.0010,,
0.0025,2,-60.1,20.8,0.0015,,
0.0050,3,-60.0,20.8,0.0025,,
0.0085,4,-60.1,20.8,0.0030,,
0.0150,5,-59.8,20.8,0.0060,,
0.0230,6,-59.2,20.8,0.0075,,
0.0315,7,-58.5,20.8,0.0075,,
0.0390,8,-57.6,20.8,0.0075,,
0.0475,9,-56.7,20.8,0.0085,,
0.0560,10,-55.5,20.8,0.0075,,
0.0645,11,-54.1,20.8,0.0075,,
0.0725,12,-52.8,20.8,0.0075,,
0.0810,13,-51.4,20.8,0.0075,,
0.0885,14,-50.0,20.8,0.0075,,
0.0970,15,-48.2,20.8,0.0085,,
0.1055,16,-46.4,20.8,0.0075,,
0.1140,17,-44.5,20.8,0.0075,,
0.1225,18,-42.4,20.8,0.0075,,
0.1310,19,-40.5,20.8,0.0085,,
0.1385,20,-38.1,20.8,0.0075,,
0.1470,21,-35.7,20.8,0.0075,,
0.1550,22,-33.3,20.8,0.0075,,
0.1635,23,-30.6,20.8,0.0075,,
0.1720,24,-27.9,20.8,0.0075,,
0.1805,25,-25.3,20.8,0.0085,,
0.1880,26,-22.7,20.8,0.0075,,
0.1965,27,-20.2,20.8,0.0075,,
0.2050,28,-17.4,20.8,0.0075,,
0.2135,29,-15.0,20.8,0.0075,,
0.2215,30,-12.9,20.8,0.0075,,
0.2295,31,-11.0,20.8,0.0080,,
0.2375,32,-9.2,20.8,0.0080,,
0.2460,33,-7.2,20.8,0.0075,,
0.2545,34,-5.4,20.8,0.0075,,
0.2630,35,-3.8,20.8,0.0075,,
0.2715,36,-2.3,20.8,0.0075,,
0.2790,37,-1.2,20.8,0.0075,,
0.2875,38,0.3,20.8,0.0085,,
0.2960,39,1.4,20.8,0.0075,,
0.3040,40,2.5,20.8,0.0075,,
0.3125,41,4.0,20.8,0.0075,,
0.3210,42,5.3,20.8,0.0075,,
0.3295,43,6.4,20.8,0.0085,,
0.3370,44,7.5,20.8,0.0075,,
0.3455,45,8.5,20.8,0.0075,,
0.3540,46,9.8,20.8,0.0075,,
0.3620,47,10.8,20.8,0.0075,,
0.3705,48,11.8,20.8,0.0075,,
0.3780,49,12.8,20.8,0.0075,,
0.3865,50,13.8,20.8,0.0085,,
0.3950,51,15.0,20.8,0.0075,,
0.4035,52,15.9,20.8,0.0075,,
0.4120,53,16.8,20.8,0.0075,,
0.4205,54,18.0,20.8,0.0075,,
0.4280,55,18.7,20.8,0.0075,,
0.4360,56,19.9,20.8,0.0080,,
0.4445,57,20.8,20.8,0.0075,,
0.4530,58,21.6,20.8,0.0075,,
0.4615,59,22.6,20.8,0.0075,,
0.4700,60,23.6,20.8,0.0075,,
0.4785,61,24.5,20.8,0.0085,,
0.4860,62,25.3,20.8,0.0075,,
0.4945,63,26.1,20.8,0.0075,,
0.5025,64,27.2,20.8,0.0075,,
0.5110,65,28.0,20.8,0.0075,,
0.5195,66,28.9,20.8,0.0075,,
0.5280,67,29.7,20.8,0.0085,,
0.5355,68,30.6,20.8,0.0075,,
0.5440,69,31.6,20.8,0.0075,,
0.5525,70,32.4,20.8,0.0075,,
0.5605,71,33.2,20.8,0.0075,,
0.5690,72,34.2,20.8,0.0075,,
0.5770,73,35.0,20.8,0.0080,,
0.5850,74,36.0,20.8,0.0080,,
0.5935,75,36.9,20.8,0.0075,,
0.6020,76,37.7,20.8,0.0075,,
0.6105,77,38.7,20.8,0.0075,,
0.6190,78,39.8,20.8,0.0075,,
0.6265,79,40.6,20.8,0.0075,,
0.6350,80,41.5,20.8,0.0085,,
0.6430,81,42.5,20.8,0.0075,,
0.6515,82,43.6,20.8,0.0075,,
0.6600,83,44.5,20.8,0.0075,,
0.6685,84,45.3,20.8,0.0075,,
0.6760,85,46.2,20.8,0.0075,,
0.6845,86,47.0,20.8,0.0085,,
0.6930,87,48.1,20.8,0.0075,,
0.7015,88,49.0,20.8,0.0075,,
0.7095,89,49.8,20.8,0.0075,,
0.7180,90,51.0,20.8,0.0075,,
0.7255,91,51.8,20.8,0.0075,,
0.7340,92,52.9,20.8,0.0085,,
0.7425,93,53.7,20.8,0.0075,,
0.7510,94,54.6,20.8,0.0075,,
0.7595,95,55.6,20.8,0.0075,,
0.7675,96,56.6,20.8,0.0075,,
0.7760,97,57.4,20.8,0.0085,,
0.7835,98,58.4,20.8,0.0075,,
0.7920,99,59.3,20.8,0.0075,,
0.8005,100,60.5,20.8,0.0075,,
0.8090,101,61.3,20.8,0.0075,,
0.8175,102,62.2,20.8,0.0075,,
0.8255,103,63.2,20.8,0.0080,,
0.8335,104,64.1,20.8,0.0080,,
0.8415,105,65.3,20.8,0.0075,,
0.8500,106,66.3,20.8,0.0075,,
0.8585,107,67.1,20.8,0.0075,,
0.8670,108,68.2,20.8,0.0075,,
0.8755,109,69.3,20.8,0.0075,,
0.8830,110,70.1,20.8,0.0075,,
0.8915,111,71.3,20.8,0.0085,,
0.8995,112,72.2,20.8,0.0075,,
0.9080,113,73.2,20.8,0.0075,,
0.9165,114,74.3,20.8,0.0075,,
0.9250,115,75.3,20.8,0.0075,,
0.9325,116,76.2,20.8,0.0075,,
0.9410,117,77.1,20.8,0.0085,,
0.9495,118,78.4,20.8,0.0075,,
0.9580,119,79.5,20.8,0.0075,,
0.9660,120,80.4,20.8,0.0075,,
0.9745,121,81.6,20.8,0.0075,,
0.9820,122,82.5,20.8,0.0070,,
0.9905,123,83.9,20.8,0.0075,,
0.9990,124,85.0,20.8,0.0075,,
1.0075,125,86.2,20.8,0.0075,,
1.0160,126,87.4,20.8,0.0075,,
1.0245,127,88.5,20.8,0.0075,,
1.0320,128,89.7,20.8,0.0075,,
1.0400,129,90.9,20.8,0.0080,,
1.0485,130,92.1,20.8,0.0075,,
1.0570,131,93.5,20.8,0.0075,,
1.0655,132,94.9,20.8,0.0075,,
1.0740,133,96.2,20.8,0.0075,,
1.0815,134,97.5,20.8,0.0075,,
1.0900,135,98.8,20.8,0.0085,,
1.0985,136,100.4,20.8,0.0075,,
1.1065,137,101.9,20.8,0.0075,,
1.1150,138,103.4,20.8,0.0075,,
1.1235,139,104.9,20.8,0.0085,,
1.1310,140,106.4,20.8,0.0075,,
1.1395,141,108.3,20.8,0.0075,,
1.1480,142,110.1,20.8,0.0075,,
1.1565,143,111.7,20.8,0.0075,,
1.1650,144,113.8,20.8,0.0075,,
1.1730,145,115.8,20.8,0.0075,,
1.1810,146,117.7,20.8,0.0080,,
1.1890,147,119.8,20.8,0.0080,,
1.1975,148,122.1,20.8,0.0075,,
1.2060,149,124.9,20.8,0.0075,,
1.2145,150,127.8,20.8,0.0075,,
1.2230,151,130.4,20.8,0.0085,,
1.2305,152,133.0,20.8,0.0075,,
1.2390,153,136.2,20.8,0.0085,,
1.2470,154,139.5,20.8,0.0075,,
1.2555,155,143.1,20.8,0.0075,,
1.2640,156,146.4,20.8,0.0075,,
1.2725,157,149.9,20.8,0.0075,,
1.2800,158,153.4,20.8,0.0075,,
1.2885,159,157.3,20.8,0.0085,,
1.2970,160,161.1,20.8,0.0075,,
1.3050,161,164.3,20.8,0.0075,,
1.3135,162,167.7,20.8,0.0075,,
1.3220,163,170.7,20.8,0.0075,,
1.3295,164,173.2,20.8,0.0075,,
1.3380,165,176.0,20.8,0.0085,,
1.3465,166,178.4,20.8,0.0075,,
1.3550,167,180.9,20.8,0.0075,,
1.3635,168,183.3,20.8,0.0075,,
1.3735,169,185.1,20.8,0.0075,,
1.3735,409,188.3,20.9,0.0000,,
1.3740,410,188.2,20.9,0.0005,,
1.3755,411,188.4,20.9,0.0010,,
1.3780,412,188.6,20.9,0.0020,,
1.3820,414,188.9,20.9,0.0025,,
1.3880,414,189.8,20.9,0.0120,,
1.3960,416,191.2,20.9,0.0055,,
1.4040,416,192.4,20.9,0.0200,,
1.4120,417,193.8,20.9,0.0055,,
1.4205,418,195.0,20.9,0.0060,,
1.4290,420,196.4,20.9,0.0055,,
1.4375,420,197.9,20.9,0.0170,,
1.4460,422,199.0,20.9,0.0055,,
1.4535,422,200.0,20.9,0.0185,,
1.4620,423,201.0,20.9,0.0060,,
1.4705,424,202.1,20.9,0.0055,,
1.4785,426,203.3,20.9,0.0055,,
1.4870,426,204.2,20.9,0.0170,,
1.4955,428,205.2,20.9,0.0055,,
1.5030,428,206.0,20.9,0.0185,,
1.5115,429,207.0,20.9,0.0060,,
1.5200,430,207.8,20.9,0.0060,,
1.5285,432,208.5,20.9,0.0055,,
1.5365,432,209.3,20.9,0.0160,,
1.5450,434,210.2,20.9,0.0055,,
1.5525,434,210.8,20.9,0.0185,,
1.5610,435,211.6,20.9,0.0060,,
1.5695,436,212.2,20.9,0.0060,,
1.5780,438,213.0,20.9,0.0055,,
1.5865,438,213.9,20.9,0.0170,,
1.5945,440,214.4,20.9,0.0055,,
1.6025,440,215.1,20.9,0.0200,,
1.6105,441,215.6,20.9,0.0055,,
1.6190,442,216.2,20.9,0.0060,,
1.6275,444,217.0,20.9,0.0055,,
1.6360,444,217.3,20.9,0.0170,,
1.6445,446,217.7,20.9,0.0055,,
1.6525,446,218.3,20.9,0.0200,,
1.6605,447,218.8,20.9,0.0055,,
1.6685,448,219.5,20.9,0.0055,,
1.6770,450,219.9,20.9,0.0055,,
1.6855,450,220.3,20.9,0.0170,,
1.6940,452,221.0,20.9,0.0055,,
1.7025,452,221.4,20.9,0.0210,,
1.7100,453,221.9,20.9,0.0055,,
1.7185,454,222.3,20.9,0.0060,,
1.7270,456,222.8,20.9,0.0055,,
1.7350,456,223.4,20.9,0.0160,,
1.7435,458,223.8,20.9,0.0055,,
1.7510,458,224.3,20.9,0.0185,,
1.7595,459,224.5,20.9,0.0060,,
1.7680,460,224.9,20.9,0.0060,,
1.7765,462,225.6,20.9,0.0055,,
1.7850,462,225.9,20.9,0.0170,,
1.7935,464,226.2,20.9,0.0055,,
1.8015,464,226.7,20.9,0.0200,,
1.8090,465,227.1,20.9,0.0055,,
1.8175,466,227.6,20.9,0.0060,,
1.8260,468,227.9,20.9,0.0055,,
1.8345,468,228.1,20.9,0.0170,,
1.8430,470,228.7,20.9,0.0055,,
1.8505,470,229.1,20.9,0.0185,,
1.8590,471,229.5,20.9,0.0060,,
1.8675,472,229.8,20.9,0.0060,,
1.8755,474,230.2,20.9,0.0055,,
1.8840,474,230.6,20.9,0.0170,,
1.8925,476,230.8,20.9,0.0055,,
1.9000,476,231.2,20.9,0.0185,,
1.9085,477,231.4,20.9,0.0060,,
1.9170,478,231.8,20.9,0.0060,,
1.9255,480,232.3,20.9,0.0055,,
1.9340,480,232.4,20.9,0.0170,,
1.9420,482,232.8,20.9,0.0055,,
1.9500,482,233.0,20.9,0.0200,,
1.9580,483,233.4,20.9,0.0055,,
1.9665,484,233.8,20.9,0.0060,,
1.9745,486,233.9,20.9,0.0055,,
1.9795,486,234.2,20.9,0.0100,,
1.9820,488,234.5,20.9,0.0015,,
1.9825,488,234.5,20.9,0.0010,,
1.9835,489,234.5,20.9,0.0005,,
1.9845,490,234.4,20.9,0.0005,,
1.9855,492,234.4,20.9,0.0005,,
1.9865,492,234.7,20.9,0.0020,,
1.9875,494,234.6,20.9,0.0005,,
1.9890,494,234.6,20.9,0.0035,,
1.9905,495,234.5,20.9,0.0010,,
1.9910,496,234.5,20.9,0.0005,,
1.9915,498,234.7,20.9,0.0005,,
1.9920,498,234.6,20.9,0.0010,,
1.9940,500,234.7,20.9,0.0015,,
1.9965,500,234.7,20.9,0.0065,,
1.9990,501,235.0,20.9,0.0025,,
Scope 1/1, Sample 19/33 (T10)
Result,TitrationEP1
V,t,E,T,dV/dt,E acc. stat.,Volume acc. stat.
0.0000,0,-58.7,20.8,NaN,,
0.0005,1,-58.8,20.8,0.0005,,
0.0025,2,-58.6,20.8,0.0020,,
0.0050,3,-58.7,20.8,0.0025,,
0.0090,4,-58.7,20.8,0.0035,,
0.0150,5,-58.4,20.8,0.0055,,
0.0235,6,-57.9,20.8,0.0075,,
0.0310,7,-57.3,20.8,0.0075,,
0.0395,8,-56.2,20.8,0.0085,,
0.0480,9,-55.1,20.8,0.0085,,
0.0565,10,-53.7,20.8,0.0075,,
0.0650,11,-52.2,20.8,0.0075,,
0.0730,12,-50.7,20.8,0.0075,,
0.0805,13,-49.4,20.8,0.0075,,
0.0890,14,-47.7,20.8,0.0085,,
0.0975,15,-45.8,20.8,0.0075,,
0.1060,16,-44.0,20.8,0.0075,,
0.1145,17,-42.0,20.8,0.0075,,
0.1230,18,-39.8,20.8,0.0075,,
0.1305,19,-37.7,20.8,0.0075,,
0.1390,20,-35.2,20.8,0.0085,,
0.1470,21,-32.7,20.8,0.0080,,
0.1555,22,-30.3,20.8,0.0075,,
0.1640,23,-27.6,20.8,0.0075,,
0.1725,24,-24.9,20.8,0.0075,,
0.1810,25,-22.4,20.8,0.0085,,
0.1885,26,-19.6,20.8,0.0075,,
0.1970,27,-17.0,20.8,0.0085,,
0.2050,28,-14.6,20.8,0.0075,,
0.2135,29,-12.3,20.8,0.0075,,
0.2220,30,-10.2,20.8,0.0075,,
0.2295,31,-8.5,20.8,0.0075,,
0.2380,32,-6.8,20.8,0.0085,,
0.2465,33,-5.1,20.8,0.0085,,
0.2550,34,-3.5,20.8,0.0075,,
0.2635,35,-2.2,20.8,0.0075,,
0.2715,36,-0.8,20.8,0.0075,,
0.2795,37,0.5,20.8,0.0080,,
0.2875,38,1.9,20.8,0.0080,,
0.2960,39,3.2,20.8,0.0085,,
0.3045,40,4.4,20.8,0.0075,,
0.3130,41,5.7,20.8,0.0075,,
0.3215,42,7.0,20.8,0.0075,,
0.3290,43,8.1,20.8,0.0075,,
0.3375,44,9.2,20.8,0.0085,,
0.3455,45,10.2,20.8,0.0080,,
0.3540,46,11.3,20.8,0.0075,,
0.3625,47,12.4,20.8,0.0075,,
0.3710,48,13.4,20.8,0.0075,,
0.3795,49,14.5,20.8,0.0085,,
0.3870,50,15.4,20.8,0.0075,,
0.3955,51,16.5,20.8,0.0085,,
0.4035,52,17.5,20.8,0.0075,,
0.4120,53,18.4,20.8,0.0075,,
0.4205,54,19.3,20.8,0.0075,,
0.4280,55,20.2,20.8,0.0075,,
0.4365,56,21.1,20.8,0.0085,,
0.4450,57,22.2,20.8,0.0085,,
0.4535,58,23.0,20.8,0.0075,,
0.4620,59,24.0,20.8,0.0075,,
0.4705,60,25.1,20.8,0.0075,,
0.4780,61,25.9,20.8,0.0075,,
0.4865,62,26.8,20.8,0.0085,,
0.4945,63,27.7,20.8,0.0080,,
0.5030,64,28.6,20.8,0.0075,,
0.5115,65,29.6,20.8,0.0075,,
0.5200,66,30.4,20.8,0.0075,,
0.5275,67,31.3,20.8,0.0075,,
0.5360,68,32.2,20.8,0.0085,,
0.5445,69,33.1,20.8,0.0085,,
0.5525,70,34.2,20.8,0.0075,,
0.5610,71,35.1,20.8,0.0075,,
0.5695,72,35.9,20.8,0.0075,,
0.5780,73,36.8,20.8,0.0085,,
0.5855,74,37.7,20.8,0.0075,,
0.5940,75,38.7,20.8,0.0085,,
0.6025,76,39.5,20.8,0.0075,,
0.6105,77,40.5,20.8,0.0075,,
0.6190,78,41.5,20.8,0.0075,,
0.6265,79,42.3,20.8,0.0075,,
0.6350,80,43.2,20.8,0.0085,,
0.6435,81,44.1,20.8,0.0085,,
0.6520,82,44.9,20.8,0.0075,,
0.6605,83,45.9,20.8,0.0075,,
0.6690,84,46.8,20.8,0.0075,,
0.6765,85,47.6,20.8,0.0075,,
0.6850,86,48.6,20.8,0.0085,,
0.6930,87,49.7,20.8,0.0075,,
0.7015,88,50.6,20.8,0.0075,,
0.7100,89,51.5,20.8,0.0075,,
0.7185,90,52.4,20.8,0.0075,,
0.7260,91,53.3,20.8,0.0075,,
0.7345,92,54.3,20.8,0.0085,,
0.7430,93,55.2,20.8,0.0075,,
0.7515,94,56.2,20.8,0.0075,,
0.7595,95,57.2,20.8,0.0075,,
0.7680,96,58.3,20.8,0.0075,,
0.7755,97,59.2,20.8,0.0075,,
0.7840,98,60.1,20.8,0.0085,,
0.7925,99,60.9,20.8,0.0085,,
0.8010,100,62.0,20.8,0.0075,,
0.8095,101,63.0,20.8,0.0075,,
0.8175,102,63.9,20.8,0.0075,,
0.8255,103,64.8,20.8,0.0080,,
0.8340,104,65.8,20.8,0.0085,,
0.8420,105,66.8,20.8,0.0075,,
0.8505,106,67.9,20.8,0.0075,,
0.8590,107,68.8,20.8,0.0075,,
0.8675,108,69.8,20.8,0.0075,,
0.8750,109,70.7,20.8,0.0075,,
0.8835,110,71.7,20.8,0.0085,,
0.8920,111,72.6,20.8,0.0075,,
0.9005,112,73.7,20.8,0.0075,,
0.9085,113,74.9,20.8,0.0075,,
0.9170,114,75.7,20.8,0.0085,,
0.9245,115,76.8,20.8,0.0075,,
0.9330,116,77.8,20.8,0.0085,,
0.9415,117,78.7,20.8,0.0075,,
0.9500,118,80.0,20.8,0.0075,,
0.9585,119,81.2,20.8,0.0075,,
0.9665,120,82.1,20.8,0.0075,,
0.9745,121,83.3,20.8,0.0080,,
0.9825,122,84.4,20.8,0.0080,,
0.9910,123,85.6,20.8,0.0075,,
0.9995,124,86.9,20.8,0.0075,,
1.0080,125,88.1,20.8,0.0075,,
1.0165,126,89.5,20.8,0.0075,,
1.0240,127,90.6,20.8,0.0075,,
1.0325,128,92.0,20.8,0.0085,,
1.0405,129,93.2,20.8,0.0075,,
1.0490,130,94.5,20.8,0.0075,,
1.0575,131,96.0,20.8,0.0075,,
1.0660,132,97.5,20.8,0.0075,,
1.0735,133,98.6,20.8,0.0075,,
1.0820,134,100.0,20.8,0.0085,,
1.0905,135,101.5,20.8,0.0075,,
1.0985,136,103.0,20.8,0.0075,,
1.1070,137,104.7,20.8,0.0075,,
1.1155,138,106.4,20.8,0.0075,,
1.1230,139,108.1,20.8,0.0075,,
1.1315,140,109.9,20.8,0.0085,,
1.1400,141,111.8,20.8,0.0085,,
1.1485,142,113.8,20.8,0.0075,,
1.1565,143,115.7,20.8,0.0075,,
1.1650,144,117.8,20.8,0.0075,,
1.1725,145,120.0,20.8,0.0075,,
1.1810,146,122.2,20.8,0.0085,,
1.1895,147,124.7,20.8,0.0085,,
1.1980,148,127.1,20.8,0.0075,,
1.2065,149,129.9,20.8,0.0075,,
1.2150,150,133.1,20.8,0.0075,,
1.2225,151,135.9,20.8,0.0075,,
1.2310,152,139.4,20.8,0.0085,,
1.2390,153,142.6,20.8,0.0080,,
1.2475,154,146.4,20.8,0.0075,,
1.2560,155,150.1,20.8,0.0075,,
1.2645,156,153.6,20.8,0.0075,,
1.2720,157,157.0,20.8,0.0075,,
1.2805,158,160.5,20.8,0.0085,,
1.2890,159,164.2,20.8,0.0085,,
1.2970,160,167.6,20.8,0.0075,,
1.3055,161,170.4,20.8,0.0075,,
1.3140,162,173.5,20.8,0.0075,,
1.3225,163,176.1,20.8,0.0085,,
1.3300,164,178.5,20.8,0.0075,,
1.3385,165,180.9,20.8,0.0085,,
1.3470,166,183.0,20.8,0.0075,,
1.3555,167,185.0,20.8,0.0075,,
1.3580,167,185.2,20.8,0.0060,,
1.3580,408,188.8,20.9,0.0000,,
1.3585,408,188.8,20.9,0.0010,,
1.3600,410,188.8,20.9,0.0010,,
1.3625,411,189.0,20.9,0.0040,,
1.3665,412,189.4,20.9,0.0065,,
1.3730,413,190.2,20.9,0.0110,,
1.3815,414,191.3,20.9,0.0170,,
1.3890,414,192.8,20.9,0.0150,,
1.3975,416,194.4,20.9,0.0055,,
1.4060,417,195.7,20.9,0.0140,,
1.4140,418,197.0,20.9,0.0135,,
1.4225,419,198.2,20.9,0.0140,,
1.4310,420,199.2,20.9,0.0170,,
1.4385,420,200.4,20.9,0.0150,,
1.4470,422,201.6,20.9,0.0055,,
1.4555,423,202.6,20.9,0.0140,,
1.4640,424,203.7,20.9,0.0140,,
1.4725,425,204.8,20.9,0.0140,,
1.4805,426,205.4,20.9,0.0135,,
1.4885,426,206.3,20.9,0.0160,,
1.4965,428,207.2,20.9,0.0055,,
1.5050,429,208.1,20.9,0.0140,,
1.5135,430,208.9,20.9,0.0140,,
1.5220,431,209.6,20.9,0.0140,,
1.5305,432,210.5,20.9,0.0140,,
1.5380,432,211.2,20.9,0.0150,,
1.5465,434,212.0,20.9,0.0055,,
1.5545,434,212.6,20.9,0.0160,,
1.5630,436,213.3,20.9,0.0055,,
1.5715,437,214.0,20.9,0.0140,,
1.5800,438,214.8,20.9,0.0140,,
1.5875,438,215.3,20.9,0.0150,,
1.5960,440,215.8,20.9,0.0055,,
1.6045,440,216.4,20.9,0.0170,,
1.6130,442,217.1,20.9,0.0055,,
1.6210,443,217.6,20.9,0.0135,,
1.6295,444,218.1,20.9,0.0140,,
1.6370,444,218.6,20.9,0.0150,,
1.6455,446,219.2,20.9,0.0055,,
1.6540,447,219.8,20.9,0.0140,,
1.6625,448,220.3,20.9,0.0140,,
1.6710,449,220.6,20.9,0.0140,,
1.6790,450,221.2,20.9,0.0135,,
1.6870,450,221.6,20.9,0.0160,,
1.6950,452,222.2,20.9,0.0055,,
1.7035,452,222.6,20.9,0.0170,,
1.7120,454,222.9,20.9,0.0055,,
1.7205,455,223.6,20.9,0.0140,,
1.7290,456,224.0,20.9,0.0140,,
1.7365,456,224.4,20.9,0.0150,,
1.7450,458,224.9,20.9,0.0055,,
1.7530,458,225.4,20.9,0.0160,,
1.7615,460,225.8,20.9,0.0055,,
1.7700,461,226.3,20.9,0.0140,,
1.7785,462,226.6,20.9,0.0140,,
1.7860,462,226.9,20.9,0.0150,,
1.7945,464,227.4,20.9,0.0055,,
1.8030,464,227.8,20.9,0.0170,,
1.8115,466,228.2,20.9,0.0055,,
1.8195,467,228.5,20.9,0.0135,,
1.8280,468,229.0,20.9,0.0140,,
1.8355,468,229.2,20.9,0.0150,,
1.8440,470,229.7,20.9,0.0055,,
1.8525,471,229.9,20.9,0.0140,,
1.8610,472,230.2,20.9,0.0140,,
1.8695,473,230.5,20.9,0.0140,,
1.8780,474,230.9,20.9,0.0140,,
1.8855,474,231.2,20.9,0.0150,,
1.8940,476,231.5,20.9,0.0055,,
1.9020,476,231.8,20.9,0.0160,,
1.9105,478,232.2,20.9,0.0055,,
1.9190,479,232.5,20.9,0.0140,,
1.9275,480,232.7,20.9,0.0140,,
1.9350,480,233.1,20.9,0.0150,,
1.9435,482,233.4,20.9,0.0055,,
1.9515,482,233.9,20.9,0.0160,,
1.9580,484,234.0,20.9,0.0040,,
1.9635,485,234.2,20.9,0.0090,,
1.9640,486,234.4,20.9,0.0010,,
1.9645,486,234.4,20.9,0.0010,,
1.9655,488,234.6,20.9,0.0005,,
1.9675,489,234.6,20.9,0.0035,,
1.9700,490,234.5,20.9,0.0040,,
1.9725,491,234.8,20.9,0.0040,,
1.9735,492,234.9,20.9,0.0015,,
1.9740,492,234.8,20.9,0.0010,,
1.9750,494,234.7,20.9,0.0005,,
1.9760,494,234.7,20.9,0.0020,,
1.9770,496,234.9,20.9,0.0005,,
1.9780,497,234.9,20.9,0.0015,,
1.9790,497,235.1,20.9,0.0035,,
Scope 1/1, Sample 20/33 (T11)
Result,TitrationEP1
V,t,E,T,dV/dt,E acc. stat.,Volume acc. stat.
0.0000,0,-58.5,20.8,NaN,,
0.0005,1,-58.5,20.8,0.0005,,
0.0025,2,-58.4,20.8,0.0020,,
0.0050,3,-58.4,20.8,0.0025,,
0.0090,4,-58.5,20.8,0.0035,,
0.0150,5,-58.2,20.8,0.0055,,
0.0235,6,-57.8,20.8,0.0075,,
0.0310,7,-57.2,20.8,0.0075,,
0.0395,8,-56.4,20.8,0.0085,,
0.0480,9,-55.3,20.8,0.0075,,
0.0565,10,-54.0,20.8,0.0075,,
0.0650,11,-52.7,20.8,0.0075,,
0.0730,12,-51.4,20.8,0.0075,,
0.0810,13,-49.9,20.8,0.0080,,
0.0890,14,-48.3,20.8,0.0080,,
0.0975,15,-46.3,20.8,0.0085,,
0.1060,16,-44.5,20.8,0.0075,,
0.1145,17,-42.6,20.8,0.0075,,
0.1230,18,-40.4,20.8,0.0075,,
0.1305,19,-38.3,20.8,0.0075,,
0.1390,20,-35.8,20.8,0.0085,,
0.1475,21,-33.3,20.8,0.0085,,
0.1555,22,-30.9,20.8,0.0075,,
0.1640,23,-28.0,20.8,0.0075,,
0.1725,24,-25.2,20.8,0.0075,,
0.1800,25,-22.6,20.8,0.0075,,
0.1885,26,-20.0,20.8,0.0085,,
0.1970,27,-17.4,20.8,0.0075,,
0.2055,28,-14.7,20.8,0.0075,,
0.2140,29,-12.5,20.8,0.0075,,
0.2220,30,-10.6,20.8,0.0075,,
0.2300,31,-8.8,20.8,0.0080,,
0.2380,32,-6.8,20.8,0.0080,,
0.2465,33,-4.9,20.8,0.0075,,
0.2550,34,-3.4,20.8,0.0075,,
0.2635,35,-2.1,20.8,0.0075,,
0.2720,36,-0.5,20.8,0.0075,,
0.2795,37,0.6,20.8,0.0075,,
0.2880,38,2.1,20.8,0.0085,,
0.2960,39,3.3,20.8,0.0075,,
0.3045,40,4.4,20.8,0.0075,,
0.3130,41,5.8,20.8,0.0075,,
0.3215,42,6.8,20.8,0.0075,,
0.3290,43,7.8,20.8,0.0075,,
0.3375,44,8.7,20.8,0.0085,,
0.3460,45,9.8,20.8,0.0075,,
0.3545,46,11.0,20.8,0.0075,,
0.3625,47,12.0,20.8,0.0075,,
0.3710,48,12.9,20.8,0.0075,,
0.3785,49,13.9,20.8,0.0075,,
0.3870,50,15.0,20.8,0.0085,,
0.3955,51,16.1,20.8,0.0075,,
0.4040,52,16.8,20.8,0.0075,,
0.4125,53,17.8,20.8,0.0075,,
0.4205,54,19.0,20.8,0.0075,,
0.4285,55,19.7,20.8,0.0080,,
0.4365,56,20.8,20.8,0.0080,,
0.4450,57,21.5,20.8,0.0075,,
0.4535,58,22.4,20.8,0.0075,,
0.4620,59,23.5,20.8,0.0075,,
0.4705,60,24.4,20.8,0.0075,,
0.4780,61,25.2,20.8,0.0075,,
0.4865,62,25.9,20.8,0.0085,,
0.4950,63,26.8,20.8,0.0075,,
0.5030,64,27.8,20.8,0.0075,,
0.5115,65,28.7,20.8,0.0075,,
0.5200,66,29.3,20.8,0.0075,,
0.5275,67,30.2,20.8,0.0075,,
0.5360,68,31.1,20.8,0.0085,,
0.5445,69,32.1,20.8,0.0075,,
0.5530,70,32.9,20.8,0.0075,,
0.5610,71,33.7,20.8,0.0075,,
0.5695,72,34.8,20.8,0.0075,,
0.5770,73,35.5,20.8,0.0075,,
0.5855,74,36.6,20.8,0.0085,,
0.5940,75,37.4,20.8,0.0085,,
0.6025,76,38.1,20.8,0.0075,,
0.6110,77,39.2,20.8,0.0075,,
0.6195,78,40.1,20.8,0.0075,,
0.6270,79,40.9,20.8,0.0075,,
0.6355,80,41.7,20.8,0.0085,,
0.6435,81,42.6,20.8,0.0075,,
0.6520,82,43.7,20.8,0.0075,,
0.6605,83,44.5,20.8,0.0075,,
0.6690,84,45.4,20.8,0.0085,,
0.6765,85,46.1,20.8,0.0075,,
0.6850,86,47.2,20.8,0.0085,,
0.6935,87,48.2,20.8,0.0075,,
0.7020,88,48.9,20.8,0.0075,,
0.7100,89,49.8,20.8,0.0075,,
0.7185,90,51.0,20.8,0.0075,,
0.7260,91,51.8,20.8,0.0075,,
0.7345,92,52.8,20.8,0.0085,,
0.7430,93,53.7,20.8,0.0075,,
0.7515,94,54.6,20.8,0.0075,,
0.7600,95,55.8,20.8,0.0075,,
0.7680,96,56.7,20.8,0.0075,,
0.7760,97,57.6,20.8,0.0080,,
0.7840,98,58.4,20.8,0.0080,,
0.7925,99,59.4,20.8,0.0075,,
0.8010,100,60.6,20.8,0.0075,,
0.8095,101,61.3,20.8,0.0075,,
0.8180,102,62.2,20.8,0.0085,,
0.8255,103,62.9,20.8,0.0075,,
0.8340,104,64.1,20.8,0.0085,,
0.8425,105,65.2,20.8,0.0075,,
0.8505,106,66.0,20.8,0.0075,,
0.8590,107,67.0,20.8,0.0075,,
0.8675,108,68.2,20.8,0.0075,,
0.8750,109,69.1,20.8,0.0075,,
0.8835,110,70.3,20.8,0.0085,,
0.8920,111,71.1,20.8,0.0075,,
0.9005,112,72.0,20.8,0.0075,,
0.9085,113,73.1,20.8,0.0075,,
0.9170,114,74.1,20.8,0.0085,,
0.9245,115,75.1,20.8,0.0075,,
0.9330,116,76.0,20.8,0.0085,,
0.9415,117,77.1,20.8,0.0075,,
0.9500,118,78.2,20.8,0.0075,,
0.9585,119,79.2,20.8,0.0075,,
0.9670,120,80.2,20.8,0.0075,,
0.9745,121,81.3,20.8,0.0075,,
0.9825,122,82.5,20.8,0.0080,,
0.9910,123,84.0,20.8,0.0075,,
0.9995,124,85.1,20.8,0.0075,,
1.0080,125,86.0,20.8,0.0075,,
1.0165,126,87.4,20.8,0.0075,,
1.0240,127,88.3,20.8,0.0075,,
1.0325,128,89.8,20.8,0.0085,,
1.0410,129,91.0,20.8,0.0075,,
1.0490,130,92.2,20.8,0.0075,,
1.0575,131,93.6,20.8,0.0075,,
1.0660,132,94.8,20.8,0.0075,,
1.0735,133,96.3,20.8,0.0075,,
1.0820,134,97.4,20.8,0.0085,,
1.0905,135,98.8,20.8,0.0075,,
1.0990,136,100.6,20.8,0.0075,,
1.1070,137,102.1,20.8,0.0075,,
1.1155,138,103.4,20.8,0.0075,,
1.1230,139,105.1,20.8,0.0075,,
1.1315,140,106.9,20.8,0.0085,,
1.1400,141,108.7,20.8,0.0085,,
1.1485,142,110.5,20.8,0.0075,,
1.1570,143,112.3,20.8,0.0075,,
1.1655,144,114.7,20.8,0.0075,,
1.1730,145,116.6,20.8,0.0075,,
1.1815,146,119.1,20.8,0.0085,,
1.1895,147,121.4,20.8,0.0075,,
1.1980,148,123.8,20.8,0.0075,,
1.2065,149,126.6,20.8,0.0075,,
1.2150,150,129.6,20.8,0.0075,,
1.2225,151,132.2,20.8,0.0075,,
1.2310,152,135.3,20.8,0.0085,,
1.2395,153,139.1,20.8,0.0075,,
1.2475,154,142.9,20.8,0.0075,,
1.2560,155,146.3,20.8,0.0075,,
1.2645,156,150.0,20.8,0.0075,,
1.2720,157,153.4,20.8,0.0075,,
1.2805,158,157.2,20.8,0.0085,,
1.2890,159,161.2,20.8,0.0075,,
1.2975,160,164.6,20.8,0.0075,,
1.3060,161,167.7,20.8,0.0075,,
1.3140,162,170.9,20.8,0.0075,,
1.3220,163,173.6,20.8,0.0080,,
1.3300,164,176.7,20.8,0.0080,,
1.3385,165,179.1,20.8,0.0075,,
1.3470,166,181.2,20.8,0.0075,,
1.3555,167,183.5,20.8,0.0075,,
1.3640,168,185.1,20.8,0.0075,,
1.3640,408,189.0,20.9,0.0000,,
1.3645,409,188.9,20.9,0.0005,,
1.3660,410,188.7,20.9,0.0010,,
1.3685,411,189.1,20.9,0.0020,,
1.3725,412,189.5,20.9,0.0030,,
1.3790,413,190.0,20.9,0.0050,,
1.3875,414,191.1,20.9,0.0070,,
1.3950,415,192.5,20.9,0.0060,,
1.4035,416,194.1,20.9,0.0070,,
1.4115,417,195.6,20.9,0.0060,,
1.4200,418,196.6,20.9,0.0065,,
1.4285,419,198.1,20.9,0.0065,,
1.4370,420,199.5,20.9,0.0065,,
1.4445,421,200.5,20.9,0.0060,,
1.4530,422,201.4,20.9,0.0070,,
1.4615,423,202.4,20.9,0.0065,,
1.4695,424,203.6,20.9,0.0060,,
1.4780,425,204.7,20.9,0.0065,,
1.4865,426,205.5,20.9,0.0065,,
1.4940,427,206.3,20.9,0.0060,,
1.5025,428,207.0,20.9,0.0070,,
1.5110,429,208.0,20.9,0.0070,,
1.5195,430,208.9,20.9,0.0065,,
1.5275,431,209.6,20.9,0.0060,,
1.5360,432,210.3,20.9,0.0065,,
1.5435,433,211.0,20.9,0.0060,,
1.5520,434,211.8,20.9,0.0070,,
1.5605,435,212.6,20.9,0.0070,,
1.5690,436,213.1,20.9,0.0065,,
1.5775,437,213.8,20.9,0.0065,,
1.5860,438,214.6,20.9,0.0065,,
1.5935,439,215.1,20.9,0.0060,,
1.6015,440,215.8,20.9,0.0065,,
1.6100,441,216.2,20.9,0.0070,,
1.6185,442,216.9,20.9,0.0065,,
1.6270,443,217.7,20.9,0.0065,,
1.6355,444,218.4,20.9,0.0065,,
1.6435,445,218.9,20.9,0.0065,,
1.6515,446,219.3,20.9,0.0065,,
1.6595,447,219.7,20.9,0.0065,,
1.6680,448,220.5,20.9,0.0065,,
1.6765,449,220.9,20.9,0.0065,,
1.6850,450,221.3,20.9,0.0065,,
1.6935,451,221.8,20.9,0.0070,,
1.7010,452,222.2,20.9,0.0060,,
1.7095,453,222.9,20.9,0.0070,,
1.7180,454,223.3,20.9,0.0065,,
1.7260,455,223.5,20.9,0.0060,,
1.7345,456,224.1,20.9,0.0065,,
1.7420,457,224.4,20.9,0.0060,,
1.7505,458,225.0,20.9,0.0070,,
1.7590,459,225.3,20.9,0.0070,,
1.7675,460,225.6,20.9,0.0065,,
1.7760,461,226.2,20.9,0.0065,,
1.7845,462,226.5,20.9,0.0065,,
1.7925,463,227.0,20.9,0.0065,,
1.8000,464,227.3,20.9,0.0060,,
1.8085,465,227.6,20.9,0.0070,,
1.8170,466,228.2,20.9,0.0065,,
1.8255,467,228.6,20.9,0.0065,,
1.8340,468,228.8,20.9,0.0065,,
1.8415,469,229.1,20.9,0.0060,,
1.8500,470,229.5,20.9,0.0070,,
1.8585,471,230.0,20.9,0.0070,,
1.8665,472,230.2,20.9,0.0060,,
1.8750,473,230.5,20.9,0.0065,,
1.8835,474,231.0,20.9,0.0065,,
1.8910,475,231.2,20.9,0.0060,,
1.8995,476,231.6,20.9,0.0070,,
1.9080,477,231.8,20.9,0.0070,,
1.9165,478,232.1,20.9,0.0065,,
1.9250,479,232.6,20.9,0.0065,,
1.9330,480,233.0,20.9,0.0060,,
1.9415,481,233.4,20.9,0.0070,,
1.9485,482,233.6,20.9,0.0060,,
1.9565,483,233.8,20.9,0.0065,,
1.9625,484,234.2,20.9,0.0045,,
1.9655,485,234.3,20.9,0.0025,,
1.9655,486,234.2,20.9,0.0000,,
1.9685,487,234.4,20.9,0.0025,,
1.9695,488,234.4,20.9,0.0010,,
1.9700,489,234.6,20.9,0.0005,,
1.9710,490,234.5,20.9,0.0010,,
1.9725,491,234.5,20.9,0.0010,,
1.9735,492,234.7,20.9,0.0010,,
1.9740,493,234.6,20.9,0.0005,,
1.9745,494,235.0,20.9,0.0005,,
1.9750,495,234.9,20.9,0.0005,,
1.9760,496,234.7,20.9,0.0010,,
1.9770,497,234.9,20.9,0.0010,,
1.9775,498,235.1,20.9,0.0005,,
Scope 1/1, Sample 21/33 (T12)
Result,TitrationEP1
V,t,E,T,dV/dt,E acc. stat.,Volume acc. stat.
0.0000,0,-56.5,20.8,NaN,,
0.0005,1,-56.5,20.8,0.0005,,
0.0025,2,-56.5,20.8,0.0020,,
0.0050,3,-56.6,20.8,0.0025,,
0.0085,4,-56.5,20.8,0.0030,,
0.0150,5,-56.2,20.8,0.0060,,
0.0230,6,-55.9,20.8,0.0075,,
0.0305,7,-55.2,20.8,0.0075,,
0.0390,8,-54.4,20.8,0.0085,,
0.0475,9,-53.3,20.8,0.0085,,
0.0560,10,-51.9,20.8,0.0075,,
0.0640,11,-50.5,20.8,0.0075,,
0.0725,12,-49.1,20.8,0.0075,,
0.0800,13,-47.8,20.8,0.0075,,
0.0885,14,-45.9,20.8,0.0085,,
0.0970,15,-44.1,20.8,0.0085,,
0.1055,16,-42.3,20.8,0.0075,,
0.1140,17,-40.2,20.8,0.0075,,
0.1225,18,-37.9,20.8,0.0075,,
0.1300,19,-35.9,20.8,0.0075,,
0.1385,20,-33.3,20.8,0.0085,,
0.1465,21,-30.9,20.8,0.0080,,
0.1550,22,-28.1,20.8,0.0075,,
0.1635,23,-25.3,20.8,0.0075,,
0.1720,24,-22.6,20.8,0.0075,,
0.1795,25,-20.1,20.8,0.0075,,
0.1880,26,-17.7,20.8,0.0085,,
0.1965,27,-15.2,20.8,0.0085,,
0.2050,28,-12.8,20.8,0.0075,,
0.2130,29,-10.9,20.8,0.0075,,
0.2215,30,-8.9,20.8,0.0075,,
0.2290,31,-7.3,20.8,0.0075,,
0.2375,32,-5.4,20.8,0.0085,,
0.2460,33,-3.8,20.8,0.0075,,
0.2545,34,-2.5,20.8,0.0075,,
0.2630,35,-1.3,20.8,0.0075,,
0.2715,36,0.3,20.8,0.0075,,
0.2790,37,1.4,20.8,0.0075,,
0.2875,38,2.6,20.8,0.0085,,
0.2955,39,3.8,20.8,0.0075,,
0.3040,40,5.0,20.8,0.0075,,
0.3125,41,6.3,20.8,0.0075,,
0.3210,42,7.3,20.8,0.0075,,
0.3285,43,8.3,20.8,0.0075,,
0.3370,44,9.3,20.8,0.0085,,
0.3455,45,10.4,20.8,0.0085,,
0.3535,46,11.4,20.8,0.0075,,
0.3620,47,12.3,20.8,0.0075,,
0.3705,48,13.4,20.8,0.0075,,
0.3780,49,14.1,20.8,0.0075,,
0.3865,50,15.2,20.8,0.0085,,
0.3950,51,16.3,20.8,0.0075,,
0.4035,52,17.1,20.8,0.0075,,
0.4120,53,18.1,20.8,0.0075,,
0.4200,54,19.2,20.8,0.0075,,
0.4280,55,20.0,20.8,0.0080,,
0.4360,56,20.9,20.8,0.0080,,
0.4445,57,21.7,20.8,0.0075,,
0.4530,58,22.6,20.8,0.0075,,
0.4615,59,23.5,20.8,0.0075,,
0.4700,60,24.4,20.8,0.0075,,
0.4775,61,25.2,20.8,0.0075,,
0.4860,62,25.9,20.8,0.0085,,
0.4940,63,26.8,20.8,0.0080,,
0.5025,64,28.0,20.8,0.0075,,
0.5110,65,28.7,20.8,0.0075,,
0.5195,66,29.5,20.8,0.0075,,
0.5270,67,30.2,20.8,0.0075,,
0.5355,68,31.1,20.8,0.0085,,
0.5440,69,32.2,20.8,0.0085,,
0.5520,70,32.9,20.8,0.0075,,
0.5605,71,33.7,20.8,0.0075,,
0.5690,72,34.9,20.8,0.0075,,
0.5765,73,35.7,20.8,0.0075,,
0.5850,74,36.7,20.8,0.0085,,
0.5935,75,37.4,20.8,0.0085,,
0.6020,76,38.2,20.8,0.0075,,
0.6100,77,39.3,20.8,0.0075,,
0.6185,78,40.1,20.8,0.0075,,
0.6270,79,41.0,20.8,0.0085,,
0.6345,80,41.8,20.8,0.0075,,
0.6430,81,42.6,20.8,0.0085,,
0.6515,82,43.7,20.8,0.0075,,
0.6600,83,44.7,20.8,0.0075,,
0.6685,84,45.5,20.8,0.0075,,
0.6765,85,46.4,20.8,0.0075,,
0.6840,86,47.2,20.8,0.0075,,
0.6925,87,48.3,20.8,0.0085,,
0.7010,88,49.1,20.8,0.0075,,
0.7095,89,50.1,20.8,0.0075,,
0.7180,90,51.1,20.8,0.0075,,
0.7255,91,52.0,20.8,0.0075,,
0.7340,92,52.9,20.8,0.0085,,
0.7425,93,53.8,20.8,0.0085,,
0.7505,94,54.7,20.8,0.0075,,
0.7590,95,55.7,20.8,0.0075,,
0.7675,96,56.6,20.8,0.0075,,
0.7750,97,57.6,20.8,0.0075,,
0.7835,98,58.2,20.8,0.0085,,
0.7920,99,59.2,20.8,0.0085,,
0.8005,100,60.3,20.8,0.0075,,
0.8090,101,61.2,20.8,0.0075,,
0.8170,102,62.0,20.8,0.0075,,
0.8250,103,63.1,20.8,0.0080,,
0.8330,104,64.0,20.8,0.0080,,
0.8415,105,65.1,20.8,0.0085,,
0.8500,106,66.0,20.8,0.0075,,
0.8585,107,66.9,20.8,0.0075,,
0.8670,108,68.2,20.8,0.0075,,
0.8745,109,69.0,20.8,0.0075,,
0.8830,110,70.1,20.8,0.0085,,
0.8915,111,71.0,20.8,0.0085,,
0.8995,112,72.0,20.8,0.0075,,
0.9080,113,73.3,20.8,0.0075,,
0.9165,114,74.2,20.8,0.0075,,
0.9240,115,75.2,20.8,0.0075,,
0.9325,116,76.2,20.8,0.0085,,
0.9410,117,77.2,20.8,0.0075,,
0.9495,118,78.3,20.8,0.0075,,
0.9580,119,79.3,20.8,0.0075,,
0.9660,120,80.2,20.8,0.0075,,
0.9735,121,81.2,20.8,0.0075,,
0.9820,122,82.5,20.8,0.0075,,
0.9905,123,83.8,20.8,0.0075,,
0.9990,124,84.6,20.8,0.0075,,
1.0075,125,85.8,20.8,0.0075,,
1.0160,126,87.1,20.8,0.0075,,
1.0235,127,88.2,20.8,0.0075,,
1.0320,128,89.5,20.8,0.0085,,
1.0400,129,90.5,20.8,0.0080,,
1.0485,130,91.8,20.8,0.0075,,
1.0570,131,93.3,20.8,0.0075,,
1.0655,132,94.4,20.8,0.0075,,
1.0730,133,95.7,20.8,0.0075,,
1.0815,134,96.9,20.8,0.0085,,
1.0900,135,98.5,20.8,0.0075,,
1.0985,136,100.3,20.8,0.0075,,
1.1065,137,101.7,20.8,0.0075,,
1.1150,138,103.4,20.8,0.0075,,
1.1225,139,104.7,20.8,0.0075,,
1.1310,140,106.6,20.8,0.0085,,
1.1395,141,108.6,20.8,0.0075,,
1.1480,142,110.2,20.8,0.0075,,
1.1565,143,112.2,20.8,0.0075,,
1.1645,144,114.4,20.8,0.0075,,
1.1725,145,116.5,20.8,0.0080,,
1.1805,146,118.9,20.8,0.0080,,
1.1890,147,121.1,20.8,0.0075,,
1.1975,148,123.8,20.8,0.0075,,
1.2060,149,126.6,20.8,0.0075,,
1.2145,150,129.0,20.8,0.0085,,
1.2220,151,132.0,20.8,0.0075,,
1.2305,152,135.3,20.8,0.0085,,
1.2390,153,138.8,20.8,0.0085,,
1.2470,154,142.5,20.8,0.0075,,
1.2555,155,146.1,20.8,0.0075,,
1.2640,156,149.7,20.8,0.0075,,
1.2715,157,153.3,20.8,0.0075,,
1.2800,158,157.5,20.8,0.0085,,
1.2885,159,161.2,20.8,0.0075,,
1.2970,160,164.5,20.8,0.0075,,
1.3050,161,167.8,20.8,0.0075,,
1.3135,162,171.0,20.8,0.0075,,
1.3210,163,173.4,20.8,0.0075,,
1.3295,164,176.4,20.8,0.0085,,
1.3380,165,178.7,20.8,0.0085,,
1.3465,166,181.0,20.8,0.0075,,
1.3550,167,183.4,20.8,0.0075,,
1.3645,168,185.1,20.8,0.0075,,
1.3645,408,188.9,20.9,0.0000,,
1.3650,409,188.8,20.9,0.0005,,
1.3665,410,188.8,20.9,0.0010,,
1.3690,411,189.1,20.9,0.0020,,
1.3730,412,189.4,20.9,0.0025,,
1.3790,414,190.0,20.9,0.0040,,
1.3875,414,191.0,20.9,0.0210,,
1.3950,415,192.6,20.9,0.0055,,
1.4035,416,194.2,20.9,0.0060,,
1.4115,418,195.4,20.9,0.0055,,
1.4200,418,196.7,20.9,0.0170,,
1.4285,420,198.1,20.9,0.0055,,
1.4370,420,199.2,20.9,0.0170,,
1.4445,421,200.3,20.9,0.0055,,
1.4530,422,201.1,20.9,0.0060,,
1.4615,423,202.1,20.9,0.0060,,
1.4695,424,203.4,20.9,0.0055,,
1.4780,426,204.3,20.9,0.0055,,
1.4865,426,205.1,20.9,0.0170,,
1.4940,427,205.9,20.9,0.0055,,
1.5025,428,206.8,20.9,0.0060,,
1.5110,429,207.9,20.9,0.0060,,
1.5195,430,208.8,20.9,0.0055,,
1.5275,432,209.4,20.9,0.0055,,
1.5360,432,210.4,20.9,0.0170,,
1.5435,433,211.0,20.9,0.0055,,
1.5520,434,211.9,20.9,0.0060,,
1.5605,435,212.5,20.9,0.0060,,
1.5690,436,213.1,20.9,0.0055,,
1.5775,438,213.9,20.9,0.0055,,
1.5860,438,214.6,20.9,0.0170,,
1.5935,439,215.2,20.9,0.0055,,
1.6020,440,215.7,20.9,0.0060,,
1.6100,442,216.2,20.9,0.0055,,
1.6185,442,217.0,20.9,0.0170,,
1.6270,444,217.4,20.9,0.0055,,
1.6355,444,217.9,20.9,0.0170,,
1.6430,445,218.4,20.9,0.0055,,
1.6515,446,218.9,20.9,0.0060,,
1.6600,447,219.5,20.9,0.0060,,
1.6680,448,220.1,20.9,0.0055,,
1.6765,450,220.4,20.9,0.0055,,
1.6850,450,221.1,20.9,0.0170,,
1.6925,451,221.5,20.9,0.0055,,
1.7010,452,222.1,20.9,0.0060,,
1.7095,453,222.6,20.9,0.0060,,
1.7180,454,222.9,20.9,0.0055,,
1.7265,456,223.5,20.9,0.0055,,
1.7345,456,223.9,20.9,0.0160,,
1.7425,457,224.4,20.9,0.0055,,
1.7505,458,224.6,20.9,0.0055,,
1.7590,460,225.1,20.9,0.0055,,
1.7675,460,225.7,20.9,0.0170,,
1.7760,462,226.1,20.9,0.0055,,
1.7845,462,226.4,20.9,0.0170,,
1.7920,463,226.8,20.9,0.0055,,
1.8005,464,227.1,20.9,0.0060,,
1.8085,465,227.7,20.9,0.0055,,
1.8170,466,228.0,20.9,0.0055,,
1.8255,468,228.3,20.9,0.0055,,
1.8340,468,228.8,20.9,0.0170,,
1.8415,469,229.0,20.9,0.0055,,
1.8500,470,229.4,20.9,0.0060,,
1.8585,471,229.7,20.9,0.0060,,
1.8670,472,229.9,20.9,0.0055,,
1.8750,474,230.5,20.9,0.0055,,
1.8835,474,230.8,20.9,0.0170,,
1.8910,475,231.1,20.9,0.0055,,
1.8995,476,231.3,20.9,0.0060,,
1.9080,478,231.7,20.9,0.0055,,
1.9165,478,232.2,20.9,0.0170,,
1.9250,480,232.4,20.9,0.0055,,
1.9330,480,232.6,20.9,0.0160,,
1.9405,481,233.1,20.9,0.0055,,
1.9490,482,233.4,20.9,0.0060,,
1.9570,484,233.8,20.9,0.0055,,
1.9655,484,233.9,20.9,0.0170,,
1.9700,486,234.2,20.9,0.0030,,
1.9710,486,234.5,20.9,0.0020,,
1.9720,487,234.4,20.9,0.0005,,
1.9725,488,234.6,20.9,0.0005,,
1.9735,489,234.5,20.9,0.0005,,
1.9745,490,234.3,20.9,0.0005,,
1.9745,492,234.8,20.9,0.0000,,
1.9765,492,234.6,20.9,0.0040,,
1.9775,493,234.6,20.9,0.0005,,
1.9785,494,234.6,20.9,0.0005,,
1.9785,495,234.6,20.9,0.0000,,
1.9805,496,234.8,20.9,0.0015,,
1.9810,498,234.9,20.9,0.0005,,
1.9820,498,235.0,20.9,0.0035,,
Scope 1/1, Sample 22/33 (T13)
Result,TitrationEP1
V,t,E,T,dV/dt,E acc. stat.,Volume acc. stat.
0.0000,0,-59.3,20.8,NaN,,
0.0010,1,-59.3,20.8,0.0010,,
0.0025,2,-59.4,20.8,0.0010,,
0.0050,3,-59.4,20.8,0.0025,,
0.0090,4,-59.3,20.8,0.0035,,
0.0150,5,-59.1,20.8,0.0055,,
0.0235,6,-58.8,20.8,0.0075,,
0.0320,7,-58.0,20.8,0.0075,,
0.0405,8,-57.0,20.8,0.0075,,
0.0490,9,-56.1,20.8,0.0075,,
0.0565,10,-54.8,20.8,0.0070,,
0.0650,11,-53.5,20.8,0.0075,,
0.0735,12,-51.9,20.8,0.0075,,
0.0815,13,-50.3,20.8,0.0075,,
0.0900,14,-48.7,20.8,0.0075,,
0.0975,15,-47.2,20.8,0.0070,,
0.1060,16,-45.4,20.8,0.0075,,
0.1145,17,-43.4,20.8,0.0075,,
0.1230,18,-41.2,20.8,0.0075,,
0.1315,19,-39.1,20.8,0.0075,,
0.1395,20,-36.7,20.8,0.0075,,
0.1475,21,-34.5,20.8,0.0075,,
0.1555,22,-32.0,20.8,0.0075,,
0.1640,23,-29.3,20.8,0.0075,,
0.1725,24,-26.7,20.8,0.0075,,
0.1810,25,-23.8,20.8,0.0075,,
0.1895,26,-21.0,20.8,0.0075,,
0.1980,27,-18.7,20.8,0.0075,,
0.2055,28,-16.2,20.8,0.0070,,
0.2135,29,-14.0,20.8,0.0075,,
0.2220,30,-11.9,20.8,0.0075,,
0.2305,31,-9.9,20.8,0.0075,,
0.2390,32,-8.2,20.8,0.0075,,
0.2475,33,-6.5,20.8,0.0070,,
0.2550,34,-4.9,20.8,0.0070,,
0.2635,35,-3.4,20.8,0.0075,,
0.2720,36,-2.0,20.8,0.0075,,
0.2800,37,-0.7,20.8,0.0075,,
0.2885,38,0.6,20.8,0.0075,,
0.2970,39,1.9,20.8,0.0070,,
0.3045,40,3.1,20.8,0.0070,,
0.3130,41,4.4,20.8,0.0075,,
0.3215,42,5.5,20.8,0.0075,,
0.3300,43,6.7,20.8,0.0075,,
0.3380,44,7.9,20.8,0.0075,,
0.3465,45,9.1,20.8,0.0075,,
0.3540,46,9.9,20.8,0.0070,,
0.3625,47,10.8,20.8,0.0075,,
0.3710,48,11.9,20.8,0.0075,,
0.3795,49,13.0,20.8,0.0075,,
0.3880,50,14.0,20.8,0.0075,,
0.3960,51,14.9,20.8,0.0075,,
0.4040,52,15.8,20.8,0.0075,,
0.4120,53,16.7,20.8,0.0075,,
0.4205,54,17.7,20.8,0.0075,,
0.4290,55,18.6,20.8,0.0075,,
0.4375,56,19.5,20.8,0.0075,,
0.4460,57,20.5,20.8,0.0075,,
0.4535,58,21.3,20.8,0.0070,,
0.4620,59,22.3,20.8,0.0075,,
0.4705,60,23.2,20.8,0.0075,,
0.4785,61,24.0,20.8,0.0075,,
0.4870,62,25.1,20.8,0.0075,,
0.4955,63,26.0,20.8,0.0075,,
0.5030,64,26.9,20.8,0.0070,,
0.5115,65,27.6,20.8,0.0075,,
0.5200,66,28.4,20.8,0.0075,,
0.5285,67,29.5,20.8,0.0075,,
0.5365,68,30.4,20.8,0.0075,,
0.5450,69,31.2,20.8,0.0075,,
0.5525,70,32.1,20.8,0.0070,,
0.5610,71,32.9,20.8,0.0075,,
0.5695,72,34.0,20.8,0.0075,,
0.5780,73,34.9,20.8,0.0075,,
0.5865,74,35.7,20.8,0.0075,,
0.5950,75,36.7,20.8,0.0075,,
0.6025,76,37.4,20.8,0.0070,,
0.6110,77,38.4,20.8,0.0075,,
0.6190,78,39.3,20.8,0.0075,,
0.6275,79,40.2,20.8,0.0075,,
0.6360,80,41.2,20.8,0.0075,,
0.6445,81,42.1,20.8,0.0075,,
0.6520,82,43.0,20.8,0.0070,,
0.6605,83,43.9,20.8,0.0075,,
0.6690,84,44.9,20.8,0.0075,,
0.6770,85,45.9,20.8,0.0075,,
0.6855,86,46.9,20.8,0.0075,,
0.6940,87,47.7,20.8,0.0075,,
0.7015,88,48.6,20.8,0.0070,,
0.7100,89,49.6,20.8,0.0075,,
0.7185,90,50.6,20.8,0.0075,,
0.7270,91,51.6,20.8,0.0075,,
0.7350,92,52.4,20.8,0.0075,,
0.7435,93,53.5,20.8,0.0075,,
0.7520,94,54.3,20.8,0.0075,,
0.7595,95,55.4,20.8,0.0070,,
0.7680,96,56.4,20.8,0.0075,,
0.7765,97,57.4,20.8,0.0075,,
0.7850,98,58.4,20.8,0.0075,,
0.7935,99,59.5,20.8,0.0075,,
0.8015,100,60.3,20.8,0.0075,,
0.8095,101,61.4,20.8,0.0075,,
0.8175,102,62.4,20.8,0.0075,,
0.8260,103,63.5,20.8,0.0075,,
0.8345,104,64.5,20.8,0.0075,,
0.8430,105,65.6,20.8,0.0075,,
0.8515,106,66.4,20.8,0.0075,,
0.8590,107,67.4,20.8,0.0070,,
0.8675,108,68.5,20.8,0.0075,,
0.8755,109,69.6,20.8,0.0075,,
0.8840,110,70.6,20.8,0.0075,,
0.8925,111,71.6,20.8,0.0075,,
0.9010,112,72.5,20.8,0.0075,,
0.9085,113,73.7,20.8,0.0070,,
0.9170,114,74.9,20.8,0.0075,,
0.9255,115,75.9,20.8,0.0075,,
0.9340,116,77.1,20.8,0.0075,,
0.9420,117,78.4,20.8,0.0075,,
0.9505,118,79.4,20.8,0.0075,,
0.9580,119,80.4,20.8,0.0070,,
0.9665,120,81.4,20.8,0.0075,,
0.9750,121,82.6,20.8,0.0075,,
0.9835,122,83.8,20.8,0.0075,,
0.9920,123,84.9,20.8,0.0075,,
1.0000,124,86.0,20.8,0.0065,,
1.0080,125,87.1,20.8,0.0075,,
1.0160,126,88.4,20.8,0.0075,,
1.0245,127,89.7,20.8,0.0075,,
1.0330,128,91.1,20.8,0.0075,,
1.0415,129,92.3,20.8,0.0075,,
1.0500,130,93.6,20.8,0.0075,,
1.0575,131,94.9,20.8,0.0070,,
1.0660,132,96.4,20.8,0.0075,,
1.0740,133,97.8,20.8,0.0075,,
1.0825,134,99.3,20.8,0.0075,,
1.0910,135,101.0,20.8,0.0075,,
1.0995,136,102.5,20.8,0.0075,,
1.1070,137,103.9,20.8,0.0070,,
1.1155,138,105.6,20.8,0.0075,,
1.1240,139,107.3,20.8,0.0075,,
1.1320,140,109.2,20.8,0.0075,,
1.1405,141,111.2,20.8,0.0075,,
1.1490,142,113.2,20.8,0.0075,,
1.1565,143,114.9,20.8,0.0070,,
1.1650,144,117.3,20.8,0.0075,,
1.1735,145,119.8,20.8,0.0075,,
1.1820,146,122.1,20.8,0.0075,,
1.1905,147,124.6,20.8,0.0075,,
1.1985,148,127.7,20.8,0.0075,,
1.2065,149,130.4,20.8,0.0075,,
1.2145,150,133.5,20.8,0.0075,,
1.2230,151,136.7,20.8,0.0075,,
1.2315,152,140.3,20.8,0.0075,,
1.2400,153,144.0,20.8,0.0075,,
1.2485,154,147.9,20.8,0.0075,,
1.2560,155,151.3,20.8,0.0070,,
1.2645,156,155.0,20.8,0.0075,,
1.2725,157,158.6,20.8,0.0075,,
1.2810,158,162.5,20.8,0.0075,,
1.2895,159,166.0,20.8,0.0075,,
1.2980,160,169.2,20.8,0.0075,,
1.3055,161,172.0,20.8,0.0070,,
1.3140,162,174.8,20.8,0.0075,,
1.3225,163,177.5,20.8,0.0075,,
1.3305,164,180.0,20.8,0.0075,,
1.3390,165,182.1,20.8,0.0075,,
1.3475,166,184.4,20.8,0.0075,,
1.3520,167,185.1,20.8,0.0065,,
1.3520,407,188.8,20.8,0.0000,,
1.3525,408,188.9,20.8,0.0005,,
1.3540,409,188.9,20.8,0.0020,,
1.3565,410,188.8,20.8,0.0030,,
1.3605,411,189.3,20.8,0.0050,,
1.3670,412,190.1,20.8,0.0080,,
1.3755,413,191.2,20.8,0.0120,,
1.3830,414,192.5,20.9,0.0105,,
1.3915,415,193.8,20.8,0.0120,,
1.3995,416,195.3,20.8,0.0100,,
1.4080,417,196.7,20.8,0.0105,,
1.4165,418,197.9,20.9,0.0105,,
1.4250,419,198.9,20.9,0.0120,,
1.4325,420,200.1,20.8,0.0105,,
1.4410,421,201.4,20.9,0.0120,,
1.4495,422,202.5,20.8,0.0105,,
1.4580,423,203.4,20.8,0.0105,,
1.4660,424,204.5,20.9,0.0100,,
1.4745,425,205.3,20.9,0.0120,,
1.4820,426,206.4,20.9,0.0105,,
1.4905,427,207.2,20.8,0.0120,,
1.4990,428,207.9,20.9,0.0105,,
1.5075,429,208.9,20.8,0.0105,,
1.5160,430,209.8,20.9,0.0105,,
1.5240,431,210.3,20.9,0.0115,,
1.5315,432,211.1,20.9,0.0105,,
1.5400,433,211.7,20.9,0.0120,,
1.5485,434,212.4,20.8,0.0105,,
1.5570,435,213.3,20.8,0.0105,,
1.5655,436,213.9,20.9,0.0105,,
1.5740,437,214.6,20.8,0.0105,,
1.5815,438,215.2,20.9,0.0105,,
1.5900,439,215.9,20.9,0.0120,,
1.5980,440,216.6,20.9,0.0115,,
1.6065,441,217.1,20.9,0.0105,,
1.6150,442,217.7,20.9,0.0105,,
1.6235,443,218.3,20.9,0.0105,,
1.6310,444,218.6,20.9,0.0105,,
1.6395,445,219.3,20.9,0.0120,,
1.6480,446,219.6,20.9,0.0120,,
1.6560,447,220.1,20.9,0.0100,,
1.6645,448,220.8,20.9,0.0105,,
1.6730,449,221.5,20.9,0.0105,,
1.6805,450,221.9,20.9,0.0105,,
1.6890,451,222.3,20.9,0.0120,,
1.6975,452,222.7,20.9,0.0120,,
1.7060,453,223.3,20.9,0.0105,,
1.7140,454,223.7,20.9,0.0100,,
1.7225,455,224.2,20.9,0.0105,,
1.7300,456,224.5,20.9,0.0105,,
1.7385,457,224.9,20.9,0.0120,,
1.7470,458,225.4,20.9,0.0120,,
1.7555,459,225.8,20.9,0.0105,,
1.7640,460,226.1,20.9,0.0105,,
1.7720,461,226.5,20.9,0.0100,,
1.7805,462,227.0,20.9,0.0120,,
1.7880,463,227.5,20.9,0.0105,,
1.7965,464,227.8,20.9,0.0120,,
1.8050,465,228.2,20.9,0.0105,,
1.8135,466,228.6,20.9,0.0105,,
1.8220,467,229.1,20.9,0.0105,,
1.8305,468,229.4,20.9,0.0120,,
1.8380,469,229.7,20.9,0.0105,,
1.8460,470,230.0,20.9,0.0115,,
1.8545,471,230.4,20.9,0.0120,,
1.8630,472,230.7,20.9,0.0105,,
1.8715,473,231.0,20.9,0.0105,,
1.8800,474,231.4,20.9,0.0105,,
1.8875,475,231.7,20.9,0.0105,,
1.8960,476,232.1,20.9,0.0120,,
1.9045,477,232.4,20.9,0.0105,,
1.9125,478,232.6,20.9,0.0100,,
1.9210,479,233.0,20.9,0.0105,,
1.9295,480,233.1,20.9,0.0120,,
1.9370,481,233.5,20.9,0.0105,,
1.9450,482,233.9,20.9,0.0115,,
1.9505,483,234.0,20.9,0.0070,,
1.9510,484,234.2,20.9,0.0005,,
1.9515,485,234.3,20.9,0.0005,,
1.9525,486,234.4,20.9,0.0010,,
1.9530,487,234.5,20.9,0.0005,,
1.9545,488,234.4,20.9,0.0020,,
1.9565,489,234.4,20.9,0.0030,,
1.9590,490,234.6,20.9,0.0030,,
1.9600,491,234.6,20.9,0.0010,,
1.9610,492,234.5,20.9,0.0010,,
1.9620,493,234.6,20.9,0.0015,,
1.9635,494,234.7,20.9,0.0020,,
1.9655,495,234.9,20.9,0.0030,,
1.9670,496,235.0,20.9,0.0020,,
Scope 1/1, Sample 23/33 (T14)
Result,TitrationEP1
V,t,E,T,dV/dt,E acc. stat.,Volume acc. stat.
0.0000,0,-61.2,20.8,NaN,,
0.0005,1,-61.3,20.8,0.0005,,
0.0025,2,-61.3,20.8,0.0020,,
0.0050,3,-61.3,20.8,0.0025,,
0.0085,4,-61.3,20.8,0.0030,,
0.0150,5,-61.0,20.8,0.0060,,
0.0230,6,-60.6,20.8,0.0075,,
0.0305,7,-60.0,20.8,0.0075,,
0.0390,8,-59.2,20.8,0.0085,,
0.0475,9,-58.1,20.8,0.0075,,
0.0560,10,-57.0,20.8,0.0075,,
0.0645,11,-55.7,20.8,0.0075,,
0.0730,12,-54.4,20.8,0.0085,,
0.0805,13,-53.1,20.8,0.0075,,
0.0890,14,-51.4,20.8,0.0085,,
0.0970,15,-49.8,20.8,0.0075,,
0.1055,16,-48.2,20.8,0.0075,,
0.1140,17,-46.4,20.8,0.0075,,
0.1225,18,-44.4,20.8,0.0075,,
0.1300,19,-42.6,20.8,0.0075,,
0.1385,20,-40.4,20.8,0.0085,,
0.1470,21,-38.2,20.8,0.0075,,
0.1550,22,-35.8,20.8,0.0075,,
0.1635,23,-33.2,20.8,0.0075,,
0.1720,24,-30.6,20.8,0.0075,,
0.1795,25,-28.0,20.8,0.0075,,
0.1880,26,-25.4,20.8,0.0085,,
0.1965,27,-22.7,20.8,0.0085,,
0.2050,28,-20.0,20.8,0.0075,,
0.2130,29,-17.5,20.8,0.0075,,
0.2215,30,-15.2,20.8,0.0075,,
0.2290,31,-13.2,20.8,0.0075,,
0.2375,32,-11.1,20.8,0.0085,,
0.2460,33,-9.2,20.8,0.0085,,
0.2545,34,-7.5,20.8,0.0075,,
0.2630,35,-5.9,20.8,0.0075,,
0.2710,36,-4.1,20.8,0.0075,,
0.2795,37,-2.9,20.8,0.0085,,
0.2870,38,-1.5,20.8,0.0075,,
0.2955,39,-0.2,20.8,0.0085,,
0.3040,40,1.0,20.8,0.0075,,
0.3125,41,2.4,20.8,0.0075,,
0.3210,42,3.6,20.8,0.0075,,
0.3285,43,4.7,20.8,0.0075,,
0.3370,44,5.8,20.8,0.0085,,
0.3450,45,7.0,20.8,0.0080,,
0.3535,46,8.2,20.8,0.0075,,
0.3620,47,9.1,20.8,0.0075,,
0.3705,48,10.1,20.8,0.0075,,
0.3780,49,11.1,20.8,0.0075,,
0.3865,50,12.2,20.8,0.0085,,
0.3950,51,13.2,20.8,0.0085,,
0.4035,52,14.1,20.8,0.0075,,
0.4120,53,15.1,20.8,0.0075,,
0.4200,54,16.1,20.8,0.0075,,
0.4280,55,16.9,20.8,0.0080,,
0.4360,56,17.9,20.8,0.0080,,
0.4445,57,18.8,20.8,0.0075,,
0.4530,58,19.8,20.8,0.0075,,
0.4615,59,20.8,20.8,0.0075,,
0.4700,60,21.7,20.8,0.0075,,
0.4775,61,22.8,20.8,0.0075,,
0.4860,62,23.5,20.8,0.0085,,
0.4940,63,24.5,20.8,0.0075,,
0.5025,64,25.5,20.8,0.0075,,
0.5110,65,26.5,20.8,0.0075,,
0.5195,66,27.3,20.8,0.0075,,
0.5270,67,28.2,20.8,0.0075,,
0.5355,68,29.2,20.8,0.0085,,
0.5440,69,30.2,20.8,0.0085,,
0.5520,70,31.1,20.8,0.0075,,
0.5605,71,32.0,20.8,0.0075,,
0.5690,72,32.9,20.8,0.0075,,
0.5765,73,33.8,20.8,0.0075,,
0.5850,74,34.7,20.8,0.0085,,
0.5935,75,35.6,20.8,0.0075,,
0.6020,76,36.4,20.8,0.0075,,
0.6105,77,37.4,20.8,0.0075,,
0.6185,78,38.3,20.8,0.0075,,
0.6265,79,39.3,20.8,0.0080,,
0.6345,80,40.1,20.8,0.0080,,
0.6430,81,41.1,20.8,0.0085,,
0.6515,82,42.0,20.8,0.0075,,
0.6600,83,43.0,20.8,0.0075,,
0.6685,84,44.0,20.8,0.0075,,
0.6760,85,44.8,20.8,0.0075,,
0.6845,86,45.8,20.8,0.0085,,
0.6925,87,46.9,20.8,0.0080,,
0.7010,88,47.8,20.8,0.0075,,
0.7095,89,48.7,20.8,0.0075,,
0.7180,90,49.7,20.8,0.0075,,
0.7255,91,50.4,20.8,0.0075,,
0.7340,92,51.4,20.8,0.0085,,
0.7425,93,52.3,20.8,0.0085,,
0.7510,94,53.2,20.8,0.0075,,
0.7590,95,54.3,20.8,0.0075,,
0.7675,96,55.2,20.8,0.0075,,
0.7750,97,56.2,20.8,0.0075,,
0.7835,98,57.2,20.8,0.0085,,
0.7920,99,58.2,20.8,0.0085,,
0.8005,100,59.2,20.8,0.0075,,
0.8090,101,60.2,20.8,0.0075,,
0.8170,102,61.1,20.8,0.0075,,
0.8250,103,62.0,20.8,0.0080,,
0.8330,104,63.1,20.8,0.0080,,
0.8415,105,64.2,20.8,0.0085,,
0.8500,106,65.1,20.8,0.0075,,
0.8585,107,66.2,20.8,0.0075,,
0.8670,108,67.3,20.8,0.0075,,
0.8745,109,68.2,20.8,0.0075,,
0.8830,110,69.2,20.8,0.0085,,
0.8915,111,70.2,20.8,0.0085,,
0.8995,112,71.3,20.8,0.0075,,
0.9080,113,72.5,20.8,0.0075,,
0.9165,114,73.5,20.8,0.0075,,
0.9240,115,74.5,20.8,0.0075,,
0.9325,116,75.4,20.8,0.0085,,
0.9410,117,76.5,20.8,0.0075,,
0.9495,118,77.5,20.8,0.0075,,
0.9580,119,78.5,20.8,0.0075,,
0.9660,120,79.7,20.8,0.0080,,
0.9740,121,80.7,20.8,0.0080,,
0.9820,122,81.9,20.8,0.0080,,
0.9905,123,83.0,20.8,0.0075,,
0.9990,124,84.1,20.8,0.0075,,
1.0075,125,85.4,20.8,0.0075,,
1.0150,126,86.5,20.8,0.0075,,
1.0235,127,87.9,20.8,0.0085,,
1.0320,128,89.2,20.8,0.0085,,
1.0405,129,90.5,20.8,0.0075,,
1.0485,130,91.9,20.8,0.0075,,
1.0570,131,93.2,20.8,0.0075,,
1.0655,132,94.3,20.8,0.0085,,
1.0730,133,95.6,20.8,0.0075,,
1.0815,134,96.9,20.8,0.0085,,
1.0900,135,98.4,20.8,0.0075,,
1.0985,136,99.9,20.8,0.0075,,
1.1065,137,101.3,20.8,0.0075,,
1.1150,138,102.8,20.8,0.0085,,
1.1225,139,104.4,20.8,0.0075,,
1.1310,140,106.3,20.8,0.0085,,
1.1395,141,108.1,20.8,0.0075,,
1.1480,142,110.1,20.8,0.0075,,
1.1565,143,111.9,20.8,0.0075,,
1.1650,144,113.6,20.8,0.0085,,
1.1725,145,115.9,20.8,0.0075,,
1.1810,146,118.1,20.8,0.0085,,
1.1890,147,120.0,20.8,0.0075,,
1.1975,148,122.5,20.8,0.0075,,
1.2060,149,125.3,20.8,0.0075,,
1.2145,150,127.9,20.8,0.0085,,
1.2220,151,130.7,20.8,0.0075,,
1.2305,152,133.6,20.8,0.0085,,
1.2390,153,137.3,20.8,0.0075,,
1.2470,154,140.9,20.8,0.0075,,
1.2555,155,144.3,20.8,0.0075,,
1.2640,156,147.8,20.8,0.0075,,
1.2715,157,151.4,20.8,0.0075,,
1.2800,158,155.2,20.8,0.0085,,
1.2885,159,159.2,20.8,0.0085,,
1.2970,160,162.9,20.8,0.0075,,
1.3050,161,166.1,20.8,0.0075,,
1.3135,162,169.4,20.8,0.0075,,
1.3210,163,172.1,20.8,0.0075,,
1.3295,164,175.1,20.8,0.0085,,
1.3380,165,177.7,20.8,0.0085,,
1.3465,166,179.9,20.8,0.0075,,
1.3550,167,182.2,20.8,0.0075,,
1.3635,168,184.4,20.8,0.0075,,
1.3685,169,185.1,20.8,0.0070,,
1.3685,409,188.8,20.8,0.0000,,
1.3690,410,188.9,20.8,0.0005,,
1.3705,411,188.9,20.8,0.0020,,
1.3730,412,189.0,20.8,0.0030,,
1.3770,413,189.5,20.8,0.0045,,
1.3830,414,190.3,20.8,0.0065,,
1.3910,415,191.3,20.8,0.0090,,
1.3985,416,192.7,20.8,0.0095,,
1.4070,417,193.9,20.8,0.0105,,
1.4155,418,195.4,20.8,0.0105,,
1.4240,419,196.8,20.8,0.0095,,
1.4325,420,198.0,20.8,0.0095,,
1.4405,421,199.2,20.8,0.0090,,
1.4485,422,200.0,20.8,0.0100,,
1.4565,423,201.3,20.8,0.0100,,
1.4650,424,202.5,20.8,0.0105,,
1.4735,425,203.4,20.8,0.0095,,
1.4820,426,204.3,20.8,0.0095,,
1.4905,427,205.4,20.8,0.0095,,
1.4980,428,206.2,20.8,0.0095,,
1.5065,429,207.1,20.8,0.0105,,
1.5145,430,207.9,20.8,0.0100,,
1.5230,431,208.6,20.8,0.0095,,
1.5315,432,209.6,20.8,0.0095,,
1.5400,433,210.3,20.9,0.0095,,
1.5485,434,210.9,20.9,0.0105,,
1.5560,435,211.5,20.8,0.0095,,
1.5645,436,212.4,20.8,0.0105,,
1.5730,437,213.1,20.8,0.0095,,
1.5810,438,213.7,20.9,0.0090,,
1.5895,439,214.3,20.9,0.0095,,
1.5980,440,215.0,20.9,0.0095,,
1.6055,441,215.5,20.8,0.0095,,
1.6140,442,216.2,20.8,0.0105,,
1.6225,443,216.7,20.9,0.0095,,
1.6310,444,217.3,20.9,0.0095,,
1.6390,445,217.9,20.9,0.0090,,
1.6475,446,218.3,20.9,0.0105,,
1.6550,447,219.0,20.9,0.0095,,
1.6635,448,219.5,20.9,0.0105,,
1.6720,449,220.0,20.9,0.0095,,
1.6805,450,220.8,20.9,0.0095,,
1.6890,451,221.2,20.9,0.0095,,
1.6975,452,221.6,20.9,0.0105,,
1.7050,453,222.1,20.9,0.0095,,
1.7135,454,222.5,20.9,0.0105,,
1.7215,455,223.0,20.9,0.0090,,
1.7300,456,223.4,20.9,0.0095,,
1.7385,457,223.8,20.9,0.0095,,
1.7470,458,224.2,20.9,0.0095,,
1.7545,459,224.7,20.9,0.0095,,
1.7630,460,225.2,20.9,0.0105,,
1.7715,461,225.5,20.8,0.0095,,
1.7795,462,225.9,20.9,0.0090,,
1.7880,463,226.4,20.9,0.0095,,
1.7965,464,226.8,20.9,0.0105,,
1.8040,465,227.3,20.9,0.0095,,
1.8125,466,227.7,20.8,0.0105,,
1.8210,467,228.0,20.9,0.0105,,
1.8295,468,228.4,20.9,0.0095,,
1.8375,469,228.8,20.9,0.0090,,
1.8460,470,229.2,20.9,0.0105,,
1.8535,471,229.5,20.9,0.0095,,
1.8620,472,229.8,20.9,0.0105,,
1.8705,473,230.2,20.9,0.0095,,
1.8790,474,230.6,20.9,0.0095,,
1.8875,475,230.8,20.9,0.0095,,
1.8960,476,231.2,20.9,0.0105,,
1.9035,477,231.5,20.9,0.0095,,
1.9120,478,231.9,20.9,0.0105,,
1.9200,479,232.2,20.9,0.0090,,
1.9285,480,232.5,20.9,0.0095,,
1.9370,481,232.9,20.9,0.0095,,
1.9455,482,233.1,20.9,0.0095,,
1.9530,483,233.4,20.9,0.0095,,
1.9610,484,233.6,20.9,0.0100,,
1.9690,485,233.8,20.9,0.0090,,
1.9740,486,234.2,20.9,0.0055,,
1.9750,487,234.4,20.9,0.0010,,
1.9755,488,234.3,20.9,0.0005,,
1.9755,489,234.3,20.9,0.0000,,
1.9770,490,234.3,20.9,0.0020,,
1.9780,491,234.5,20.9,0.0010,,
1.9785,492,234.7,20.9,0.0005,,
1.9800,493,234.6,20.9,0.0015,,
1.9815,494,234.6,20.9,0.0015,,
1.9830,495,234.6,20.9,0.0020,,
1.9855,496,234.8,20.9,0.0030,,
1.9885,497,234.9,20.9,0.0035,,
1.9905,498,235.1,20.9,0.0025,,
Scope 1/1, Sample 24/33 (T15)
Result,TitrationEP1
V,t,E,T,dV/dt,E acc. stat.,Volume acc. stat.
0.0000,0,-54.8,20.7,NaN,,
0.0010,1,-54.9,20.7,0.0010,,
0.0025,2,-54.9,20.7,0.0015,,
0.0050,3,-54.9,20.8,0.0025,,
0.0090,4,-54.8,20.7,0.0035,,
0.0150,5,-54.7,20.8,0.0055,,
0.0235,6,-54.2,20.8,0.0075,,
0.0320,7,-53.3,20.8,0.0075,,
0.0405,8,-52.3,20.8,0.0075,,
0.0485,9,-51.3,20.8,0.0080,,
0.0565,10,-50.0,20.8,0.0075,,
0.0650,11,-48.3,20.7,0.0075,,
0.0730,12,-46.6,20.8,0.0075,,
0.0815,13,-44.9,20.7,0.0075,,
0.0900,14,-43.0,20.7,0.0075,,
0.0975,15,-41.2,20.7,0.0070,,
0.1060,16,-38.9,20.8,0.0075,,
0.1145,17,-36.7,20.7,0.0075,,
0.1230,18,-34.3,20.8,0.0075,,
0.1310,19,-31.7,20.8,0.0075,,
0.1395,20,-29.1,20.8,0.0075,,
0.1470,21,-26.8,20.8,0.0075,,
0.1555,22,-23.9,20.8,0.0075,,
0.1640,23,-21.3,20.8,0.0075,,
0.1725,24,-18.6,20.8,0.0075,,
0.1810,25,-15.9,20.8,0.0075,,
0.1890,26,-13.7,20.8,0.0075,,
0.1970,27,-11.7,20.8,0.0080,,
0.2050,28,-9.9,20.8,0.0075,,
0.2135,29,-8.1,20.8,0.0075,,
0.2220,30,-6.2,20.8,0.0075,,
0.2305,31,-4.6,20.8,0.0075,,
0.2390,32,-3.0,20.8,0.0075,,
0.2465,33,-1.8,20.8,0.0075,,
0.2550,34,-0.5,20.8,0.0075,,
0.2635,35,0.8,20.8,0.0075,,
0.2715,36,2.0,20.8,0.0075,,
0.2800,37,3.2,20.8,0.0075,,
0.2885,38,4.6,20.8,0.0075,,
0.2970,39,5.9,20.8,0.0075,,
0.3045,40,6.9,20.8,0.0070,,
0.3130,41,8.0,20.8,0.0075,,
0.3215,42,9.0,20.8,0.0075,,
0.3295,43,10.1,20.8,0.0075,,
0.3380,44,11.2,20.8,0.0075,,
0.3465,45,12.1,20.8,0.0075,,
0.3540,46,13.1,20.8,0.0070,,
0.3625,47,14.1,20.8,0.0075,,
0.3710,48,15.2,20.8,0.0075,,
0.3795,49,16.1,20.8,0.0075,,
0.3880,50,17.0,20.8,0.0075,,
0.3960,51,17.9,20.8,0.0080,,
0.4035,52,19.0,20.8,0.0070,,
0.4120,53,19.9,20.8,0.0075,,
0.4205,54,20.8,20.8,0.0075,,
0.4290,55,21.7,20.8,0.0075,,
0.4375,56,22.7,20.8,0.0075,,
0.4460,57,23.4,20.8,0.0085,,
0.4535,58,24.5,20.8,0.0070,,
0.4620,59,25.3,20.8,0.0075,,
0.4700,60,26.2,20.8,0.0075,,
0.4785,61,27.4,20.8,0.0075,,
0.4870,62,28.2,20.8,0.0075,,
0.4945,63,29.1,20.8,0.0075,,
0.5030,64,29.9,20.8,0.0075,,
0.5115,65,31.0,20.8,0.0075,,
0.5200,66,31.9,20.8,0.0075,,
0.5285,67,32.7,20.8,0.0075,,
0.5365,68,33.6,20.8,0.0075,,
0.5450,69,34.4,20.8,0.0085,,
0.5525,70,35.4,20.8,0.0070,,
0.5610,71,36.3,20.8,0.0075,,
0.5695,72,37.3,20.8,0.0075,,
0.5780,73,38.2,20.8,0.0075,,
0.5865,74,39.3,20.8,0.0075,,
0.5940,75,40.0,20.8,0.0075,,
0.6025,76,41.1,20.8,0.0075,,
0.6110,77,41.8,20.8,0.0075,,
0.6190,78,42.7,20.8,0.0075,,
0.6275,79,43.8,20.8,0.0075,,
0.6360,80,44.7,20.8,0.0075,,
0.6435,81,45.5,20.8,0.0070,,
0.6520,82,46.3,20.8,0.0075,,
0.6605,83,47.3,20.8,0.0075,,
0.6690,84,48.2,20.8,0.0075,,
0.6770,85,49.1,20.8,0.0075,,
0.6855,86,50.0,20.8,0.0075,,
0.6940,87,51.1,20.8,0.0085,,
0.7015,88,52.0,20.8,0.0070,,
0.7100,89,53.1,20.8,0.0075,,
0.7185,90,54.0,20.8,0.0075,,
0.7270,91,54.8,20.8,0.0075,,
0.7350,92,55.9,20.8,0.0075,,
0.7435,93,56.9,20.8,0.0075,,
0.7510,94,57.8,20.8,0.0070,,
0.7595,95,58.7,20.8,0.0075,,
0.7680,96,59.6,20.8,0.0075,,
0.7765,97,60.8,20.8,0.0075,,
0.7850,98,61.7,20.8,0.0075,,
0.7930,99,62.5,20.8,0.0075,,
0.8010,100,63.5,20.8,0.0075,,
0.8090,101,64.5,20.8,0.0075,,
0.8175,102,65.6,20.8,0.0075,,
0.8260,103,66.7,20.8,0.0075,,
0.8345,104,67.7,20.8,0.0075,,
0.8430,105,68.9,20.8,0.0075,,
0.8505,106,69.8,20.8,0.0070,,
0.8590,107,70.9,20.8,0.0075,,
0.8670,108,72.0,20.8,0.0075,,
0.8755,109,73.0,20.8,0.0075,,
0.8840,110,74.1,20.8,0.0075,,
0.8925,111,75.2,20.8,0.0075,,
0.9000,112,76.0,20.8,0.0070,,
0.9085,113,77.2,20.8,0.0075,,
0.9170,114,78.1,20.8,0.0075,,
0.9255,115,79.4,20.8,0.0075,,
0.9335,116,80.6,20.8,0.0075,,
0.9420,117,81.6,20.8,0.0075,,
0.9495,118,82.8,20.8,0.0070,,
0.9580,119,83.9,20.8,0.0075,,
0.9665,120,85.3,20.8,0.0075,,
0.9750,121,86.7,20.8,0.0075,,
0.9835,122,87.7,20.8,0.0075,,
0.9915,123,89.0,20.8,0.0075,,
1.0000,124,90.2,20.8,0.0085,,
1.0075,125,91.5,20.8,0.0070,,
1.0160,126,92.9,20.8,0.0075,,
1.0245,127,94.1,20.8,0.0075,,
1.0330,128,95.6,20.8,0.0075,,
1.0415,129,97.1,20.8,0.0075,,
1.0490,130,98.3,20.8,0.0075,,
1.0575,131,99.8,20.8,0.0075,,
1.0660,132,101.4,20.8,0.0075,,
1.0740,133,103.1,20.8,0.0075,,
1.0825,134,105.1,20.8,0.0075,,
1.0910,135,106.7,20.8,0.0075,,
1.0985,136,108.2,20.8,0.0070,,
1.1070,137,109.9,20.8,0.0075,,
1.1155,138,111.9,20.8,0.0075,,
1.1240,139,114.0,20.8,0.0075,,
1.1320,140,116.3,20.8,0.0075,,
1.1405,141,118.8,20.8,0.0075,,
1.1480,142,121.0,20.8,0.0075,,
1.1565,143,123.5,20.8,0.0075,,
1.1650,144,126.2,20.8,0.0075,,
1.1735,145,129.1,20.8,0.0075,,
1.1820,146,132.1,20.8,0.0075,,
1.1905,147,135.5,20.8,0.0075,,
1.1985,148,138.4,20.8,0.0080,,
1.2060,149,142.1,20.8,0.0070,,
1.2145,150,145.8,20.8,0.0075,,
1.2230,151,149.6,20.8,0.0075,,
1.2315,152,153.6,20.8,0.0075,,
1.2400,153,157.4,20.8,0.0075,,
1.2485,154,160.9,20.8,0.0085,,
1.2560,155,164.3,20.8,0.0070,,
1.2645,156,167.6,20.8,0.0075,,
1.2725,157,171.1,20.8,0.0075,,
1.2810,158,174.0,20.8,0.0075,,
1.2895,159,176.5,20.8,0.0075,,
1.2980,160,178.9,20.8,0.0075,,
1.3055,161,181.2,20.8,0.0070,,
1.3140,162,183.5,20.8,0.0075,,
1.3225,163,185.1,20.8,0.0075,,
1.3225,403,188.6,20.8,0.0000,,
1.3230,404,188.7,20.8,0.0005,,
1.3245,405,188.7,20.8,0.0010,,
1.3270,406,188.7,20.8,0.0020,,
1.3310,407,189.2,20.8,0.0030,,
1.3375,408,190.1,20.8,0.0050,,
1.3455,409,191.1,20.8,0.0060,,
1.3540,410,192.5,20.8,0.0070,,
1.3615,411,193.9,20.8,0.0060,,
1.3700,412,195.3,20.8,0.0070,,
1.3785,413,196.8,20.8,0.0065,,
1.3870,414,197.9,20.8,0.0065,,
1.3955,415,199.2,20.8,0.0065,,
1.4035,416,200.2,20.8,0.0065,,
1.4110,417,201.4,20.8,0.0060,,
1.4195,418,202.5,20.8,0.0070,,
1.4280,419,203.5,20.8,0.0065,,
1.4365,420,204.4,20.8,0.0065,,
1.4450,421,205.5,20.8,0.0065,,
1.4535,422,206.3,20.8,0.0070,,
1.4610,423,207.1,20.8,0.0060,,
1.4695,424,207.9,20.8,0.0070,,
1.4775,425,208.9,20.8,0.0060,,
1.4860,426,209.7,20.8,0.0065,,
1.4945,427,210.5,20.8,0.0065,,
1.5030,428,211.0,20.8,0.0065,,
1.5105,429,211.8,20.8,0.0060,,
1.5190,430,212.4,20.8,0.0070,,
1.5275,431,213.3,20.8,0.0070,,
1.5355,432,213.9,20.8,0.0060,,
1.5440,433,214.5,20.8,0.0065,,
1.5525,434,215.3,20.8,0.0065,,
1.5600,435,215.8,20.8,0.0060,,
1.5685,436,216.5,20.8,0.0070,,
1.5770,437,217.0,20.8,0.0070,,
1.5855,438,217.5,20.8,0.0065,,
1.5935,439,218.2,20.8,0.0060,,
1.6020,440,218.8,20.8,0.0065,,
1.6095,441,219.3,20.8,0.0060,,
1.6180,442,219.8,20.8,0.0070,,
1.6265,443,220.3,20.8,0.0070,,
1.6350,444,220.9,20.8,0.0065,,
1.6435,445,221.3,20.8,0.0065,,
1.6520,446,221.7,20.8,0.0065,,
1.6595,447,222.2,20.8,0.0060,,
1.6680,448,222.7,20.8,0.0070,,
1.6760,449,223.2,20.8,0.0065,,
1.6845,450,223.6,20.8,0.0065,,
1.6930,451,223.8,20.8,0.0065,,
1.7015,452,224.3,20.8,0.0070,,
1.7090,453,224.8,20.8,0.0060,,
1.7175,454,225.4,20.8,0.0070,,
1.7260,455,225.8,20.8,0.0070,,
1.7340,456,226.1,20.8,0.0060,,
1.7425,457,226.6,20.8,0.0065,,
1.7510,458,227.1,20.8,0.0065,,
1.7585,459,227.4,20.8,0.0060,,
1.7670,460,227.6,20.8,0.0070,,
1.7755,461,228.0,20.8,0.0070,,
1.7840,462,228.7,20.8,0.0065,,
1.7920,463,229.0,20.8,0.0060,,
1.8005,464,229.3,20.8,0.0065,,
1.8080,465,229.6,20.8,0.0060,,
1.8165,466,229.8,20.8,0.0070,,
1.8250,467,230.3,20.8,0.0070,,
1.8335,468,230.7,20.8,0.0065,,
1.8420,469,231.0,20.8,0.0065,,
1.8505,470,231.3,20.8,0.0065,,
1.8580,471,231.5,20.8,0.0060,,
1.8665,472,232.0,20.8,0.0070,,
1.8745,473,232.3,20.8,0.0065,,
1.8830,474,232.5,20.8,0.0065,,
1.8915,475,232.9,20.8,0.0065,,
1.9000,476,233.4,20.8,0.0065,,
1.9085,477,233.6,20.8,0.0070,,
1.9155,478,233.9,20.8,0.0060,,
1.9215,479,234.1,20.8,0.0050,,
1.9240,480,234.3,20.8,0.0020,,
1.9255,481,234.5,20.8,0.0010,,
1.9260,482,234.4,20.8,0.0005,,
1.9275,483,234.6,20.8,0.0015,,
1.9295,484,234.5,20.8,0.0015,,
1.9320,485,234.6,20.8,0.0020,,
1.9345,486,234.9,20.8,0.0020,,
1.9375,487,234.9,20.8,0.0025,,
1.9390,488,234.8,20.8,0.0010,,
1.9390,488,235.0,20.8,0.0000,,
Scope 1/1, Sample 25/33 (T16)
Result,TitrationEP1
V,t,E,T,dV/dt,E acc. stat.,Volume acc. stat.
0.0000,0,-59.9,20.7,NaN,,
0.0010,1,-59.9,20.7,0.0010,,
0.0025,2,-60.1,20.7,0.0015,,
0.0050,3,-59.9,20.7,0.0025,,
0.0085,4,-60.1,20.7,0.0030,,
0.0150,5,-59.8,20.7,0.0060,,
0.0230,6,-59.4,20.7,0.0075,,
0.0315,7,-58.9,20.7,0.0075,,
0.0400,8,-58.1,20.7,0.0075,,
0.0475,9,-57.2,20.7,0.0075,,
0.0560,10,-56.0,20.7,0.0075,,
0.0645,11,-54.7,20.7,0.0075,,
0.0725,12,-53.5,20.7,0.0075,,
0.0810,13,-52.0,20.7,0.0075,,
0.0895,14,-50.3,20.7,0.0075,,
0.0970,15,-48.9,20.7,0.0070,,
0.1055,16,-47.2,20.7,0.0075,,
0.1140,17,-45.6,20.7,0.0075,,
0.1225,18,-43.5,20.7,0.0075,,
0.1305,19,-41.5,20.7,0.0075,,
0.1390,20,-39.4,20.7,0.0075,,
0.1465,21,-37.3,20.7,0.0075,,
0.1550,22,-35.0,20.7,0.0075,,
0.1635,23,-32.5,20.7,0.0075,,
0.1720,24,-29.8,20.7,0.0075,,
0.1805,25,-27.3,20.7,0.0075,,
0.1890,26,-24.7,20.7,0.0075,,
0.1970,27,-22.5,20.7,0.0080,,
0.2045,28,-19.9,20.7,0.0070,,
0.2130,29,-17.5,20.7,0.0075,,
0.2215,30,-15.4,20.7,0.0075,,
0.2300,31,-13.5,20.7,0.0075,,
0.2385,32,-11.4,20.7,0.0075,,
0.2460,33,-10.0,20.7,0.0075,,
0.2545,34,-8.4,20.7,0.0075,,
0.2630,35,-6.9,20.7,0.0075,,
0.2710,36,-5.4,20.7,0.0075,,
0.2795,37,-3.7,20.7,0.0075,,
0.2880,38,-2.4,20.7,0.0075,,
0.2965,39,-1.2,20.7,0.0075,,
0.3040,40,-0.1,20.7,0.0070,,
0.3125,41,0.9,20.7,0.0075,,
0.3210,42,2.3,20.7,0.0075,,
0.3290,43,3.4,20.7,0.0075,,
0.3375,44,4.3,20.7,0.0075,,
0.3460,45,5.5,20.7,0.0075,,
0.3535,46,6.4,20.8,0.0075,,
0.3620,47,7.6,20.8,0.0075,,
0.3705,48,8.6,20.7,0.0075,,
0.3790,49,9.6,20.7,0.0075,,
0.3875,50,10.7,20.7,0.0075,,
0.3955,51,11.6,20.8,0.0075,,
0.4030,52,12.4,20.8,0.0070,,
0.4115,53,13.2,20.8,0.0075,,
0.4200,54,14.1,20.8,0.0075,,
0.4285,55,15.2,20.8,0.0075,,
0.4370,56,16.1,20.8,0.0075,,
0.4455,57,16.9,20.8,0.0075,,
0.4530,58,17.7,20.8,0.0070,,
0.4615,59,18.6,20.8,0.0075,,
0.4695,60,19.6,20.8,0.0075,,
0.4780,61,20.5,20.8,0.0075,,
0.4865,62,21.3,20.8,0.0075,,
0.4950,63,22.3,20.8,0.0075,,
0.5025,64,23.0,20.8,0.0070,,
0.5110,65,24.1,20.8,0.0075,,
0.5195,66,24.9,20.8,0.0075,,
0.5275,67,25.7,20.8,0.0075,,
0.5360,68,26.7,20.8,0.0075,,
0.5445,69,27.7,20.8,0.0075,,
0.5520,70,28.5,20.8,0.0075,,
0.5605,71,29.3,20.8,0.0075,,
0.5690,72,30.1,20.8,0.0075,,
0.5775,73,31.1,20.8,0.0075,,
0.5855,74,32.1,20.8,0.0075,,
0.5940,75,32.9,20.8,0.0075,,
0.6015,76,33.9,20.8,0.0075,,
0.6100,77,34.6,20.8,0.0075,,
0.6185,78,35.6,20.8,0.0075,,
0.6270,79,36.6,20.8,0.0075,,
0.6355,80,37.4,20.8,0.0075,,
0.6440,81,38.3,20.8,0.0075,,
0.6515,82,39.1,20.8,0.0075,,
0.6600,83,40.2,20.8,0.0075,,
0.6680,84,41.1,20.8,0.0075,,
0.6765,85,42.0,20.8,0.0075,,
0.6850,86,43.0,20.8,0.0075,,
0.6935,87,44.1,20.8,0.0075,,
0.7015,88,45.0,20.8,0.0075,,
0.7095,89,45.8,20.8,0.0075,,
0.7175,90,46.7,20.8,0.0075,,
0.7260,91,47.6,20.8,0.0075,,
0.7345,92,48.8,20.8,0.0075,,
0.7430,93,49.8,20.8,0.0075,,
0.7515,94,50.7,20.8,0.0075,,
0.7590,95,51.5,20.8,0.0070,,
0.7675,96,52.4,20.8,0.0075,,
0.7755,97,53.5,20.8,0.0075,,
0.7840,98,54.4,20.8,0.0075,,
0.7925,99,55.2,20.8,0.0075,,
0.8010,100,56.4,20.8,0.0075,,
0.8085,101,57.1,20.8,0.0070,,
0.8170,102,58.3,20.8,0.0075,,
0.8255,103,59.2,20.8,0.0075,,
0.8340,104,60.2,20.8,0.0075,,
0.8420,105,61.2,20.8,0.0075,,
0.8505,106,62.3,20.8,0.0075,,
0.8580,107,63.3,20.8,0.0075,,
0.8665,108,64.2,20.8,0.0075,,
0.8750,109,65.1,20.8,0.0075,,
0.8835,110,66.4,20.8,0.0075,,
0.8920,111,67.5,20.8,0.0075,,
0.9005,112,68.4,20.8,0.0075,,
0.9080,113,69.3,20.8,0.0070,,
0.9165,114,70.4,20.8,0.0075,,
0.9245,115,71.6,20.8,0.0075,,
0.9330,116,72.6,20.8,0.0075,,
0.9415,117,73.6,20.8,0.0075,,
0.9500,118,74.7,20.8,0.0075,,
0.9575,119,75.8,20.8,0.0070,,
0.9660,120,77.0,20.8,0.0075,,
0.9745,121,78.0,20.8,0.0075,,
0.9825,122,79.1,20.8,0.0075,,
0.9910,123,80.3,20.8,0.0075,,
0.9995,124,81.5,20.8,0.0075,,
1.0070,125,82.6,20.8,0.0070,,
1.0155,126,83.6,20.8,0.0075,,
1.0240,127,84.9,20.8,0.0075,,
1.0325,128,86.2,20.8,0.0075,,
1.0410,129,87.4,20.8,0.0075,,
1.0490,130,88.6,20.8,0.0075,,
1.0570,131,89.7,20.8,0.0075,,
1.0650,132,91.0,20.8,0.0075,,
1.0735,133,92.5,20.8,0.0075,,
1.0820,134,93.8,20.8,0.0075,,
1.0905,135,95.2,20.8,0.0075,,
1.0990,136,96.7,20.8,0.0075,,
1.1065,137,98.1,20.8,0.0070,,
1.1150,138,99.6,20.8,0.0075,,
1.1230,139,101.1,20.8,0.0075,,
1.1315,140,102.6,20.8,0.0075,,
1.1400,141,104.5,20.8,0.0075,,
1.1485,142,106.4,20.8,0.0075,,
1.1560,143,108.0,20.8,0.0075,,
1.1645,144,109.7,20.8,0.0075,,
1.1730,145,111.8,20.8,0.0075,,
1.1815,146,114.1,20.8,0.0075,,
1.1895,147,116.2,20.8,0.0075,,
1.1980,148,118.5,20.8,0.0075,,
1.2055,149,120.8,20.8,0.0075,,
1.2140,150,123.5,20.8,0.0075,,
1.2225,151,126.3,20.8,0.0075,,
1.2310,152,129.0,20.8,0.0075,,
1.2395,153,132.0,20.8,0.0075,,
1.2475,154,135.4,20.8,0.0075,,
1.2555,155,138.5,20.8,0.0080,,
1.2635,156,142.2,20.8,0.0075,,
1.2720,157,145.8,20.8,0.0075,,
1.2805,158,149.6,20.8,0.0075,,
1.2890,159,153.8,20.8,0.0075,,
1.2975,160,157.6,20.8,0.0075,,
1.3050,161,160.9,20.8,0.0075,,
1.3135,162,164.4,20.8,0.0075,,
1.3220,163,167.7,20.8,0.0075,,
1.3300,164,171.1,20.8,0.0075,,
1.3385,165,173.9,20.8,0.0075,,
1.3470,166,176.5,20.8,0.0075,,
1.3545,167,178.9,20.8,0.0075,,
1.3630,168,181.1,20.8,0.0075,,
1.3715,169,183.4,20.8,0.0075,,
1.3810,170,185.2,20.8,0.0075,,
1.3810,410,189.1,20.8,0.0000,,
1.3815,411,189.1,20.8,0.0005,,
1.3830,412,189.3,20.8,0.0010,,
1.3855,413,189.4,20.8,0.0020,,
1.3895,414,189.6,20.8,0.0025,,
1.3955,416,190.4,20.8,0.0040,,
1.4035,416,191.4,20.8,0.0160,,
1.4115,417,192.7,20.8,0.0055,,
1.4195,418,193.9,20.8,0.0055,,
1.4280,419,195.2,20.8,0.0060,,
1.4365,420,196.7,20.8,0.0055,,
1.4450,422,197.8,20.8,0.0055,,
1.4535,422,198.9,20.8,0.0210,,
1.4610,423,200.0,20.8,0.0055,,
1.4695,424,201.0,20.8,0.0060,,
1.4780,425,202.3,20.8,0.0060,,
1.4860,426,203.3,20.8,0.0055,,
1.4945,428,204.2,20.8,0.0055,,
1.5030,428,205.2,20.8,0.0170,,
1.5105,429,206.0,20.8,0.0055,,
1.5190,430,206.9,20.8,0.0060,,
1.5275,431,207.8,20.8,0.0060,,
1.5360,432,208.5,20.8,0.0055,,
1.5440,434,209.4,20.8,0.0055,,
1.5525,434,210.3,20.8,0.0170,,
1.5600,435,210.9,20.8,0.0055,,
1.5685,436,211.6,20.8,0.0060,,
1.5770,437,212.2,20.8,0.0060,,
1.5855,438,213.0,20.8,0.0055,,
1.5940,440,213.7,20.8,0.0055,,
1.6025,440,214.1,20.8,0.0170,,
1.6100,441,214.7,20.8,0.0055,,
1.6185,442,215.2,20.8,0.0060,,
1.6265,444,216.1,20.8,0.0055,,
1.6350,444,216.6,20.8,0.0170,,
1.6435,446,217.1,20.8,0.0055,,
1.6520,446,217.8,20.8,0.0170,,
1.6595,447,218.2,20.8,0.0055,,
1.6680,448,219.0,20.8,0.0060,,
1.6765,450,219.3,20.8,0.0055,,
1.6845,450,219.7,20.8,0.0160,,
1.6930,452,220.4,20.8,0.0055,,
1.7015,452,221.0,20.8,0.0170,,
1.7090,453,221.5,20.8,0.0055,,
1.7175,454,221.9,20.8,0.0060,,
1.7260,455,222.2,20.8,0.0060,,
1.7345,456,222.8,20.8,0.0055,,
1.7430,458,223.3,20.8,0.0055,,
1.7510,458,223.5,20.8,0.0160,,
1.7590,459,224.0,20.8,0.0055,,
1.7670,460,224.3,20.8,0.0055,,
1.7755,462,224.9,20.8,0.0055,,
1.7840,462,225.3,20.8,0.0170,,
1.7925,464,225.7,20.8,0.0055,,
1.8010,464,226.2,20.8,0.0170,,
1.8085,465,226.6,20.8,0.0055,,
1.8170,466,227.1,20.8,0.0060,,
1.8250,467,227.4,20.8,0.0055,,
1.8335,468,227.7,20.8,0.0055,,
1.8420,470,228.2,20.8,0.0055,,
1.8505,470,228.7,20.8,0.0170,,
1.8580,471,229.0,20.8,0.0055,,
1.8665,472,229.3,20.8,0.0060,,
1.8750,474,229.5,20.8,0.0055,,
1.8830,474,230.0,20.8,0.0160,,
1.8915,476,230.4,20.8,0.0055,,
1.9000,476,230.6,20.8,0.0170,,
1.9075,477,231.0,20.8,0.0055,,
1.9160,478,231.2,20.8,0.0060,,
1.9245,479,231.6,20.8,0.0060,,
1.9330,480,232.0,20.8,0.0055,,
1.9415,482,232.2,20.8,0.0055,,
1.9495,482,232.4,20.8,0.0160,,
1.9570,483,232.7,20.8,0.0055,,
1.9655,484,233.2,20.8,0.0060,,
1.9740,485,233.5,20.8,0.0060,,
1.9825,486,233.7,20.8,0.0055,,
1.9900,488,234.0,20.8,0.0050,,
1.9935,488,234.4,20.8,0.0070,,
1.9945,489,234.3,20.8,0.0005,,
1.9955,490,234.5,20.8,0.0005,,
1.9965,491,234.4,20.8,0.0005,,
1.9980,492,234.5,20.8,0.0010,,
2.0000,494,234.7,20.8,0.0015,,
2.0015,494,234.7,20.8,0.0030,,
2.0030,495,234.6,20.8,0.0010,,
2.0035,496,234.5,20.8,0.0005,,
2.0045,497,234.7,20.8,0.0005,,
2.0055,498,234.8,20.8,0.0005,,
2.0070,500,234.8,20.8,0.0010,,
2.0095,500,234.8,20.8,0.0050,,
2.0105,501,235.1,20.8,0.0010,,
Scope 1/1, Sample 26/33 (T17)
Result,TitrationEP1
V,t,E,T,dV/dt,E acc. stat.,Volume acc. stat.
0.0000,0,-60.5,20.7,NaN,,
0.0005,1,-60.8,20.7,0.0005,,
0.0025,2,-60.7,20.7,0.0020,,
0.0050,3,-60.7,20.7,0.0025,,
0.0090,4,-60.7,20.7,0.0035,,
0.0150,5,-60.5,20.7,0.0055,,
0.0235,6,-60.0,20.7,0.0075,,
0.0310,7,-59.4,20.7,0.0075,,
0.0395,8,-58.7,20.7,0.0085,,
0.0480,9,-57.7,20.7,0.0075,,
0.0565,10,-56.5,20.7,0.0075,,
0.0650,11,-55.3,20.7,0.0075,,
0.0735,12,-54.0,20.7,0.0075,,
0.0810,13,-52.7,20.7,0.0075,,
0.0895,14,-51.2,20.7,0.0085,,
0.0975,15,-49.4,20.7,0.0075,,
0.1060,16,-47.7,20.7,0.0075,,
0.1145,17,-46.1,20.7,0.0075,,
0.1230,18,-44.2,20.7,0.0075,,
0.1305,19,-42.5,20.7,0.0075,,
0.1390,20,-40.2,20.7,0.0085,,
0.1475,21,-38.0,20.7,0.0075,,
0.1555,22,-35.8,20.7,0.0075,,
0.1640,23,-33.3,20.7,0.0075,,
0.1725,24,-30.7,20.7,0.0075,,
0.1800,25,-28.3,20.7,0.0075,,
0.1885,26,-25.7,20.7,0.0085,,
0.1970,27,-23.2,20.7,0.0075,,
0.2055,28,-20.4,20.7,0.0075,,
0.2140,29,-17.9,20.7,0.0075,,
0.2220,30,-15.8,20.7,0.0075,,
0.2300,31,-13.7,20.7,0.0080,,
0.2380,32,-11.8,20.7,0.0080,,
0.2465,33,-9.8,20.7,0.0075,,
0.2550,34,-8.2,20.7,0.0075,,
0.2635,35,-6.7,20.7,0.0075,,
0.2720,36,-5.0,20.7,0.0075,,
0.2795,37,-3.8,20.7,0.0075,,
0.2880,38,-2.4,20.7,0.0085,,
0.2960,39,-1.1,20.7,0.0075,,
0.3045,40,0.0,20.7,0.0075,,
0.3130,41,1.3,20.7,0.0075,,
0.3215,42,2.6,20.7,0.0075,,
0.3290,43,3.7,20.7,0.0075,,
0.3375,44,4.7,20.7,0.0085,,
0.3460,45,5.8,20.7,0.0075,,
0.3545,46,6.9,20.7,0.0075,,
0.3625,47,8.0,20.8,0.0075,,
0.3710,48,8.8,20.8,0.0075,,
0.3785,49,9.7,20.8,0.0075,,
0.3870,50,10.7,20.8,0.0085,,
0.3955,51,11.9,20.8,0.0075,,
0.4040,52,12.7,20.8,0.0075,,
0.4125,53,13.6,20.8,0.0075,,
0.4205,54,14.5,20.8,0.0075,,
0.4285,55,15.3,20.8,0.0080,,
0.4365,56,16.4,20.8,0.0080,,
0.4450,57,17.3,20.8,0.0075,,
0.4535,58,18.1,20.8,0.0075,,
0.4620,59,19.2,20.8,0.0075,,
0.4705,60,20.2,20.8,0.0075,,
0.4780,61,21.0,20.8,0.0075,,
0.4865,62,22.0,20.8,0.0085,,
0.4950,63,22.7,20.8,0.0075,,
0.5030,64,23.8,20.8,0.0075,,
0.5115,65,24.7,20.8,0.0075,,
0.5200,66,25.5,20.8,0.0075,,
0.5275,67,26.3,20.8,0.0075,,
0.5360,68,27.2,20.8,0.0085,,
0.5445,69,28.2,20.8,0.0075,,
0.5530,70,29.1,20.8,0.0075,,
0.5615,71,29.9,20.8,0.0075,,
0.5695,72,30.9,20.8,0.0075,,
0.5775,73,31.6,20.8,0.0080,,
0.5855,74,32.6,20.8,0.0080,,
0.5940,75,33.4,20.8,0.0075,,
0.6025,76,34.3,20.8,0.0075,,
0.6110,77,35.3,20.8,0.0075,,
0.6195,78,36.0,20.8,0.0085,,
0.6270,79,36.9,20.8,0.0075,,
0.6355,80,37.8,20.8,0.0085,,
0.6435,81,38.7,20.8,0.0075,,
0.6520,82,39.7,20.8,0.0075,,
0.6605,83,40.6,20.8,0.0075,,
0.6690,84,41.4,20.8,0.0085,,
0.6765,85,42.3,20.8,0.0075,,
0.6850,86,43.3,20.8,0.0085,,
0.6935,87,44.3,20.8,0.0075,,
0.7020,88,45.1,20.8,0.0075,,
0.7100,89,45.9,20.8,0.0075,,
0.7185,90,47.0,20.8,0.0075,,
0.7260,91,47.7,20.8,0.0075,,
0.7345,92,48.9,20.8,0.0085,,
0.7430,93,49.8,20.8,0.0075,,
0.7515,94,50.6,20.8,0.0075,,
0.7600,95,51.8,20.8,0.0075,,
0.7680,96,52.6,20.8,0.0080,,
0.7760,97,53.6,20.8,0.0080,,
0.7840,98,54.5,20.8,0.0080,,
0.7925,99,55.4,20.8,0.0075,,
0.8010,100,56.5,20.8,0.0075,,
0.8095,101,57.5,20.8,0.0075,,
0.8180,102,58.4,20.8,0.0075,,
0.8255,103,59.4,20.8,0.0075,,
0.8340,104,60.3,20.8,0.0085,,
0.8420,105,61.5,20.8,0.0075,,
0.8505,106,62.4,20.8,0.0075,,
0.8590,107,63.3,20.8,0.0075,,
0.8675,108,64.3,20.8,0.0075,,
0.8750,109,65.1,20.8,0.0075,,
0.8835,110,66.3,20.8,0.0085,,
0.8920,111,67.3,20.8,0.0075,,
0.9005,112,68.2,20.8,0.0075,,
0.9085,113,69.3,20.8,0.0075,,
0.9170,114,70.3,20.8,0.0075,,
0.9245,115,71.2,20.8,0.0075,,
0.9330,116,72.2,20.8,0.0085,,
0.9415,117,73.2,20.8,0.0075,,
0.9500,118,74.4,20.8,0.0075,,
0.9585,119,75.5,20.8,0.0075,,
0.9665,120,76.5,20.8,0.0075,,
0.9745,121,77.5,20.8,0.0080,,
0.9825,122,78.6,20.8,0.0080,,
0.9910,123,79.8,20.8,0.0075,,
0.9995,124,80.9,20.8,0.0075,,
1.0080,125,82.0,20.8,0.0075,,
1.0165,126,83.2,20.8,0.0075,,
1.0240,127,84.1,20.8,0.0075,,
1.0325,128,85.5,20.8,0.0085,,
1.0410,129,86.8,20.8,0.0075,,
1.0490,130,87.9,20.8,0.0075,,
1.0575,131,89.2,20.8,0.0075,,
1.0660,132,90.7,20.8,0.0075,,
1.0735,133,91.8,20.8,0.0075,,
1.0820,134,93.1,20.8,0.0085,,
1.0905,135,94.4,20.8,0.0075,,
1.0990,136,95.8,20.8,0.0075,,
1.1075,137,97.4,20.8,0.0075,,
1.1155,138,98.7,20.8,0.0080,,
1.1235,139,100.2,20.8,0.0080,,
1.1315,140,101.7,20.8,0.0080,,
1.1400,141,103.5,20.8,0.0075,,
1.1485,142,105.2,20.8,0.0075,,
1.1570,143,106.7,20.8,0.0075,,
1.1655,144,108.6,20.8,0.0075,,
1.1730,145,110.3,20.8,0.0075,,
1.1815,146,112.6,20.8,0.0085,,
1.1895,147,114.6,20.8,0.0075,,
1.1980,148,116.8,20.8,0.0075,,
1.2065,149,119.2,20.8,0.0075,,
1.2150,150,121.7,20.8,0.0075,,
1.2225,151,123.8,20.8,0.0075,,
1.2310,152,126.6,20.8,0.0085,,
1.2395,153,129.5,20.8,0.0075,,
1.2475,154,132.7,20.8,0.0075,,
1.2560,155,136.1,20.8,0.0075,,
1.2645,156,139.5,20.8,0.0075,,
1.2720,157,142.7,20.8,0.0075,,
1.2805,158,146.3,20.8,0.0085,,
1.2890,159,150.4,20.8,0.0085,,
1.2975,160,154.3,20.8,0.0075,,
1.3055,161,158.0,20.8,0.0075,,
1.3140,162,161.8,20.8,0.0075,,
1.3215,163,164.7,20.8,0.0075,,
1.3300,164,168.2,20.8,0.0085,,
1.3385,165,171.3,20.8,0.0075,,
1.3470,166,174.1,20.8,0.0075,,
1.3555,167,176.7,20.8,0.0075,,
1.3640,168,179.4,20.8,0.0075,,
1.3715,169,181.4,20.8,0.0075,,
1.3800,170,183.4,20.8,0.0085,,
1.3885,171,185.1,20.8,0.0075,,
1.3885,411,189.0,20.8,0.0000,,
1.3890,412,188.9,20.8,0.0005,,
1.3905,413,189.0,20.8,0.0010,,
1.3930,414,189.1,20.8,0.0020,,
1.3970,415,189.4,20.8,0.0030,,
1.4035,416,190.3,20.8,0.0050,,
1.4120,417,191.5,20.8,0.0065,,
1.4195,418,192.8,20.8,0.0060,,
1.4280,419,194.1,20.8,0.0070,,
1.4365,420,195.2,20.8,0.0065,,
1.4450,421,196.7,20.8,0.0065,,
1.4530,422,197.8,20.8,0.0060,,
1.4615,423,198.9,20.8,0.0065,,
1.4690,424,200.1,20.8,0.0060,,
1.4775,425,201.1,20.8,0.0070,,
1.4860,426,202.1,20.8,0.0070,,
1.4945,427,203.2,20.8,0.0065,,
1.5030,428,204.0,20.8,0.0065,,
1.5110,429,204.9,20.8,0.0065,,
1.5190,430,205.7,20.8,0.0065,,
1.5270,431,206.8,20.8,0.0065,,
1.5355,432,207.6,20.8,0.0065,,
1.5440,433,208.3,20.8,0.0065,,
1.5525,434,209.3,20.8,0.0065,,
1.5610,435,209.8,20.8,0.0070,,
1.5685,436,210.7,20.8,0.0060,,
1.5770,437,211.4,20.8,0.0070,,
1.5855,438,212.1,20.8,0.0065,,
1.5935,439,212.9,20.8,0.0060,,
1.6020,440,213.6,20.8,0.0065,,
1.6095,441,214.3,20.8,0.0060,,
1.6180,442,214.7,20.8,0.0070,,
1.6265,443,215.3,20.8,0.0070,,
1.6350,444,216.0,20.8,0.0065,,
1.6435,445,216.7,20.8,0.0065,,
1.6520,446,217.1,20.8,0.0065,,
1.6595,447,217.7,20.8,0.0060,,
1.6680,448,218.2,20.8,0.0070,,
1.6760,449,218.9,20.8,0.0065,,
1.6845,450,219.4,20.8,0.0065,,
1.6930,451,219.8,20.8,0.0065,,
1.7015,452,220.5,20.8,0.0065,,
1.7090,453,220.9,20.8,0.0060,,
1.7175,454,221.4,20.8,0.0070,,
1.7260,455,221.7,20.8,0.0070,,
1.7340,456,222.2,20.8,0.0060,,
1.7425,457,222.8,20.8,0.0065,,
1.7510,458,223.2,20.8,0.0065,,
1.7585,459,223.6,20.8,0.0060,,
1.7670,460,224.0,20.8,0.0070,,
1.7755,461,224.5,20.8,0.0070,,
1.7840,462,225.0,20.8,0.0065,,
1.7925,463,225.3,20.8,0.0065,,
1.8005,464,225.7,20.8,0.0060,,
1.8085,465,226.1,20.8,0.0065,,
1.8165,466,226.5,20.8,0.0065,,
1.8250,467,227.0,20.8,0.0070,,
1.8335,468,227.3,20.8,0.0065,,
1.8420,469,227.6,20.8,0.0065,,
1.8505,470,228.1,20.8,0.0065,,
1.8580,471,228.4,20.8,0.0060,,
1.8665,472,228.7,20.8,0.0070,,
1.8750,473,229.0,20.8,0.0070,,
1.8830,474,229.4,20.8,0.0060,,
1.8915,475,229.9,20.8,0.0065,,
1.9000,476,230.2,20.8,0.0065,,
1.9075,477,230.6,20.8,0.0060,,
1.9160,478,230.8,20.8,0.0070,,
1.9245,479,231.1,20.8,0.0070,,
1.9330,480,231.5,20.8,0.0065,,
1.9410,481,231.7,20.8,0.0060,,
1.9495,482,232.0,20.8,0.0065,,
1.9570,483,232.3,20.8,0.0065,,
1.9655,484,232.7,20.8,0.0070,,
1.9740,485,233.1,20.8,0.0070,,
1.9825,486,233.1,20.8,0.0065,,
1.9910,487,233.4,20.8,0.0065,,
1.9985,488,233.8,20.8,0.0060,,
2.0045,489,233.9,20.8,0.0050,,
2.0075,490,234.3,20.8,0.0025,,
2.0085,491,234.4,20.8,0.0010,,
2.0090,492,234.3,20.8,0.0005,,
2.0100,493,234.5,20.8,0.0010,,
2.0110,494,234.5,20.8,0.0010,,
2.0125,495,234.6,20.8,0.0010,,
2.0140,496,234.6,20.8,0.0010,,
2.0165,497,234.8,20.8,0.0020,,
2.0195,498,234.9,20.8,0.0025,,
2.0245,500,235.0,20.8,0.0035,,
Scope 1/1, Sample 27/33 (T18)
Result,TitrationEP1
V,t,E,T,dV/dt,E acc. stat.,Volume acc. stat.
0.0000,0,-60.8,20.7,NaN,,
0.0010,1,-61.0,20.7,0.0010,,
0.0025,2,-61.1,20.7,0.0015,,
0.0050,3,-61.1,20.7,0.0025,,
0.0090,4,-60.9,20.7,0.0035,,
0.0150,5,-60.6,20.7,0.0055,,
0.0235,6,-60.4,20.7,0.0075,,
0.0320,7,-59.7,20.7,0.0075,,
0.0405,8,-58.7,20.7,0.0075,,
0.0480,9,-57.8,20.7,0.0075,,
0.0565,10,-56.6,20.7,0.0075,,
0.0650,11,-55.5,20.7,0.0075,,
0.0735,12,-54.1,20.7,0.0075,,
0.0815,13,-52.6,20.7,0.0075,,
0.0900,14,-51.1,20.7,0.0075,,
0.0975,15,-49.4,20.7,0.0075,,
0.1060,16,-47.9,20.7,0.0075,,
0.1145,17,-46.0,20.7,0.0075,,
0.1230,18,-43.9,20.7,0.0075,,
0.1315,19,-42.1,20.7,0.0075,,
0.1395,20,-40.0,20.7,0.0075,,
0.1480,21,-38.0,20.7,0.0085,,
0.1555,22,-35.7,20.7,0.0070,,
0.1640,23,-32.9,20.7,0.0075,,
0.1725,24,-30.5,20.7,0.0075,,
0.1810,25,-27.8,20.7,0.0075,,
0.1895,26,-24.9,20.7,0.0075,,
0.1975,27,-22.6,20.7,0.0080,,
0.2055,28,-19.7,20.7,0.0075,,
0.2135,29,-17.3,20.7,0.0075,,
0.2220,30,-15.0,20.7,0.0075,,
0.2305,31,-12.8,20.7,0.0075,,
0.2390,32,-10.8,20.7,0.0075,,
0.2475,33,-9.1,20.7,0.0085,,
0.2550,34,-7.4,20.7,0.0070,,
0.2635,35,-5.8,20.7,0.0075,,
0.2715,36,-4.1,20.7,0.0075,,
0.2800,37,-2.8,20.7,0.0075,,
0.2885,38,-1.6,20.7,0.0075,,
0.2970,39,-0.1,20.7,0.0075,,
0.3045,40,0.9,20.7,0.0070,,
0.3130,41,2.2,20.7,0.0075,,
0.3215,42,3.4,20.7,0.0075,,
0.3300,43,4.5,20.7,0.0075,,
0.3380,44,5.8,20.7,0.0075,,
0.3465,45,6.6,20.7,0.0085,,
0.3540,46,7.8,20.7,0.0070,,
0.3625,47,8.7,20.7,0.0075,,
0.3710,48,9.7,20.7,0.0075,,
0.3795,49,10.8,20.7,0.0075,,
0.3880,50,11.8,20.7,0.0075,,
0.3960,51,12.7,20.7,0.0075,,
0.4040,52,13.7,20.7,0.0075,,
0.4120,53,14.7,20.7,0.0075,,
0.4205,54,15.7,20.7,0.0075,,
0.4290,55,16.7,20.7,0.0075,,
0.4375,56,17.5,20.7,0.0075,,
0.4460,57,18.5,20.7,0.0075,,
0.4535,58,19.3,20.7,0.0070,,
0.4620,59,20.3,20.7,0.0075,,
0.4700,60,21.3,20.7,0.0075,,
0.4785,61,22.0,20.7,0.0075,,
0.4870,62,23.0,20.7,0.0075,,
0.4955,63,23.9,20.7,0.0075,,
0.5030,64,24.6,20.8,0.0075,,
0.5115,65,25.6,20.8,0.0075,,
0.5200,66,26.4,20.7,0.0075,,
0.5280,67,27.3,20.7,0.0075,,
0.5365,68,28.3,20.7,0.0075,,
0.5450,69,29.1,20.7,0.0075,,
0.5535,70,30.0,20.7,0.0085,,
0.5610,71,30.8,20.7,0.0070,,
0.5695,72,31.6,20.7,0.0075,,
0.5780,73,32.6,20.8,0.0075,,
0.5860,74,33.5,20.8,0.0075,,
0.5945,75,34.2,20.7,0.0075,,
0.6030,76,35.3,20.8,0.0075,,
0.6105,77,36.1,20.7,0.0070,,
0.6190,78,37.2,20.7,0.0075,,
0.6275,79,38.1,20.7,0.0075,,
0.6360,80,38.9,20.8,0.0075,,
0.6445,81,39.9,20.7,0.0075,,
0.6525,82,40.9,20.7,0.0075,,
0.6605,83,41.8,20.8,0.0075,,
0.6685,84,42.6,20.8,0.0075,,
0.6770,85,43.4,20.8,0.0075,,
0.6855,86,44.5,20.8,0.0075,,
0.6940,87,45.4,20.8,0.0075,,
0.7025,88,46.2,20.8,0.0075,,
0.7100,89,47.1,20.8,0.0070,,
0.7185,90,47.9,20.8,0.0075,,
0.7265,91,49.2,20.8,0.0075,,
0.7350,92,50.1,20.8,0.0075,,
0.7435,93,50.8,20.8,0.0075,,
0.7520,94,51.7,20.8,0.0085,,
0.7595,95,52.7,20.8,0.0070,,
0.7680,96,53.9,20.8,0.0075,,
0.7765,97,54.8,20.8,0.0075,,
0.7850,98,55.7,20.8,0.0075,,
0.7930,99,56.8,20.8,0.0075,,
0.8015,100,57.8,20.8,0.0075,,
0.8090,101,58.6,20.8,0.0070,,
0.8175,102,59.6,20.8,0.0075,,
0.8260,103,60.5,20.8,0.0075,,
0.8345,104,61.5,20.8,0.0075,,
0.8430,105,62.6,20.8,0.0075,,
0.8510,106,63.5,20.8,0.0075,,
0.8590,107,64.3,20.8,0.0075,,
0.8670,108,65.3,20.8,0.0075,,
0.8755,109,66.3,20.8,0.0075,,
0.8840,110,67.3,20.8,0.0075,,
0.8925,111,68.3,20.8,0.0075,,
0.9010,112,69.2,20.8,0.0085,,
0.9085,113,70.3,20.8,0.0070,,
0.9170,114,71.5,20.8,0.0075,,
0.9255,115,72.5,20.8,0.0075,,
0.9335,116,73.5,20.8,0.0075,,
0.9420,117,74.8,20.8,0.0075,,
0.9505,118,75.5,20.8,0.0085,,
0.9580,119,76.8,20.8,0.0070,,
0.9665,120,77.8,20.8,0.0075,,
0.9750,121,78.8,20.8,0.0075,,
0.9835,122,80.0,20.8,0.0075,,
0.9915,123,81.2,20.8,0.0075,,
1.0000,124,82.2,20.8,0.0075,,
1.0075,125,83.4,20.8,0.0070,,
1.0160,126,84.4,20.8,0.0075,,
1.0245,127,85.8,20.8,0.0075,,
1.0330,128,87.0,20.8,0.0075,,
1.0415,129,88.0,20.8,0.0075,,
1.0500,130,89.4,20.8,0.0075,,
1.0575,131,90.5,20.8,0.0070,,
1.0660,132,91.9,20.8,0.0075,,
1.0740,133,93.4,20.8,0.0075,,
1.0825,134,94.6,20.8,0.0075,,
1.0910,135,96.2,20.8,0.0075,,
1.0995,136,97.8,20.8,0.0075,,
1.1070,137,99.2,20.8,0.0070,,
1.1155,138,100.6,20.8,0.0075,,
1.1240,139,102.0,20.8,0.0075,,
1.1320,140,103.7,20.8,0.0075,,
1.1405,141,105.5,20.8,0.0075,,
1.1490,142,107.2,20.8,0.0075,,
1.1565,143,108.9,20.8,0.0070,,
1.1650,144,110.6,20.8,0.0075,,
1.1735,145,112.9,20.8,0.0075,,
1.1820,146,115.2,20.8,0.0075,,
1.1905,147,117.3,20.8,0.0075,,
1.1985,148,119.5,20.8,0.0080,,
1.2065,149,122.0,20.8,0.0075,,
1.2145,150,124.9,20.8,0.0075,,
1.2230,151,127.9,20.8,0.0075,,
1.2315,152,130.6,20.8,0.0075,,
1.2400,153,134.0,20.8,0.0075,,
1.2485,154,136.9,20.8,0.0085,,
1.2560,155,140.7,20.8,0.0070,,
1.2645,156,144.3,20.8,0.0075,,
1.2725,157,147.8,20.8,0.0075,,
1.2810,158,151.9,20.8,0.0075,,
1.2895,159,156.0,20.8,0.0075,,
1.2980,160,159.8,20.8,0.0075,,
1.3055,161,163.1,20.8,0.0070,,
1.3140,162,166.4,20.8,0.0075,,
1.3225,163,169.9,20.8,0.0075,,
1.3305,164,172.9,20.8,0.0075,,
1.3390,165,175.5,20.8,0.0075,,
1.3475,166,178.0,20.8,0.0075,,
1.3550,167,180.0,20.8,0.0070,,
1.3635,168,182.4,20.8,0.0075,,
1.3720,169,184.6,20.8,0.0075,,
1.3755,170,185.1,20.8,0.0070,,
1.3755,410,188.9,20.8,0.0000,,
1.3760,411,188.9,20.8,0.0010,,
1.3775,412,188.9,20.8,0.0025,,
1.3800,413,188.9,20.8,0.0040,,
1.3840,414,189.5,20.8,0.0055,,
1.3900,415,190.3,20.8,0.0085,,
1.3980,416,191.3,20.8,0.0115,,
1.4060,417,192.4,20.8,0.0135,,
1.4140,418,193.7,20.8,0.0135,,
1.4225,419,195.2,20.8,0.0140,,
1.4310,420,196.6,20.8,0.0120,,
1.4395,421,197.8,20.8,0.0120,,
1.4480,422,199.0,20.8,0.0120,,
1.4555,423,199.9,20.8,0.0125,,
1.4640,424,201.2,20.8,0.0140,,
1.4720,425,202.3,20.8,0.0135,,
1.4805,426,203.2,20.8,0.0120,,
1.4890,427,204.3,20.8,0.0120,,
1.4975,428,205.4,20.8,0.0120,,
1.5050,429,206.1,20.8,0.0125,,
1.5135,430,207.1,20.8,0.0140,,
1.5220,431,207.7,20.8,0.0120,,
1.5305,432,208.6,20.8,0.0120,,
1.5385,433,209.5,20.8,0.0115,,
1.5470,434,210.1,20.8,0.0120,,
1.5545,435,210.8,20.8,0.0125,,
1.5630,436,211.5,20.8,0.0140,,
1.5715,437,212.3,20.8,0.0140,,
1.5800,438,213.1,20.8,0.0120,,
1.5885,439,213.6,20.8,0.0120,,
1.5970,440,214.1,20.8,0.0120,,
1.6045,441,214.7,20.8,0.0125,,
1.6125,442,215.5,20.8,0.0135,,
1.6210,443,216.2,20.8,0.0140,,
1.6295,444,216.6,20.8,0.0120,,
1.6380,445,217.2,20.8,0.0120,,
1.6465,446,217.9,20.8,0.0120,,
1.6540,447,218.4,20.8,0.0125,,
1.6625,448,218.9,20.8,0.0140,,
1.6710,449,219.2,20.8,0.0140,,
1.6790,450,219.9,20.8,0.0115,,
1.6875,451,220.5,20.8,0.0120,,
1.6960,452,220.9,20.8,0.0120,,
1.7035,453,221.5,20.8,0.0125,,
1.7120,454,221.7,20.8,0.0140,,
1.7205,455,222.3,20.8,0.0140,,
1.7290,456,223.0,20.8,0.0120,,
1.7370,457,223.3,20.8,0.0115,,
1.7455,458,223.8,20.8,0.0120,,
1.7530,459,224.2,20.8,0.0125,,
1.7615,460,224.7,20.8,0.0140,,
1.7700,461,225.3,20.8,0.0140,,
1.7785,462,225.6,20.8,0.0120,,
1.7870,463,225.9,20.8,0.0120,,
1.7955,464,226.5,20.8,0.0120,,
1.8035,465,226.8,20.8,0.0135,,
1.8110,466,227.3,20.8,0.0125,,
1.8195,467,227.6,20.8,0.0140,,
1.8280,468,227.9,20.8,0.0120,,
1.8365,469,228.4,20.8,0.0120,,
1.8450,470,228.8,20.8,0.0120,,
1.8535,471,229.1,20.8,0.0140,,
1.8610,472,229.3,20.8,0.0125,,
1.8695,473,229.7,20.8,0.0140,,
1.8775,474,230.2,20.8,0.0115,,
1.8860,475,230.4,20.8,0.0120,,
1.8945,476,230.6,20.8,0.0120,,
1.9030,477,230.8,20.8,0.0140,,
1.9105,478,231.4,20.8,0.0125,,
1.9190,479,231.8,20.8,0.0140,,
1.9275,480,232.1,20.8,0.0120,,
1.9360,481,232.3,20.8,0.0120,,
1.9440,482,232.9,20.8,0.0115,,
1.9520,483,233.0,20.8,0.0135,,
1.9600,484,233.5,20.8,0.0135,,
1.9685,485,233.6,20.8,0.0140,,
1.9760,486,233.9,20.8,0.0105,,
1.9810,487,234.3,20.8,0.0070,,
1.9825,488,234.4,20.8,0.0020,,
1.9830,489,234.5,20.8,0.0010,,
1.9840,490,234.4,20.8,0.0015,,
1.9855,491,234.6,20.8,0.0025,,
1.9865,492,234.7,20.8,0.0015,,
1.9870,493,234.6,20.8,0.0005,,
1.9885,494,234.6,20.8,0.0020,,
1.9895,495,234.5,20.8,0.0015,,
1.9910,496,234.8,20.8,0.0025,,
1.9925,497,234.9,20.8,0.0025,,
1.9940,498,234.6,20.8,0.0020,,
1.9960,499,234.7,20.8,0.0030,,
1.9970,499,235.0,20.8,0.0025,,
Scope 1/1, Sample 28/33 (T19)
Result,TitrationEP1
V,t,E,T,dV/dt,E acc. stat.,Volume acc. stat.
0.0000,0,-60.8,20.6,NaN,,
0.0010,1,-60.9,20.6,0.0010,,
0.0025,2,-60.8,20.6,0.0015,,
0.0050,3,-61.0,20.6,0.0025,,
0.0090,4,-60.9,20.6,0.0035,,
0.0150,5,-60.9,20.6,0.0055,,
0.0235,6,-60.4,20.6,0.0075,,
0.0320,7,-59.7,20.6,0.0075,,
0.0405,8,-59.0,20.6,0.0075,,
0.0485,9,-58.0,20.6,0.0075,,
0.0565,10,-57.0,20.6,0.0075,,
0.0645,11,-55.7,20.6,0.0075,,
0.0730,12,-54.3,20.6,0.0075,,
0.0815,13,-53.0,20.6,0.0075,,
0.0900,14,-51.5,20.6,0.0075,,
0.0985,15,-49.8,20.6,0.0075,,
0.1060,16,-48.3,20.6,0.0070,,
0.1145,17,-46.5,20.6,0.0075,,
0.1225,18,-44.8,20.6,0.0075,,
0.1310,19,-42.9,20.6,0.0075,,
0.1395,20,-40.6,20.6,0.0075,,
0.1480,21,-38.5,20.6,0.0075,,
0.1555,22,-36.4,20.6,0.0070,,
0.1640,23,-34.0,20.6,0.0075,,
0.1725,24,-31.4,20.6,0.0075,,
0.1810,25,-28.7,20.6,0.0075,,
0.1895,26,-26.1,20.6,0.0075,,
0.1975,27,-23.4,20.6,0.0075,,
0.2050,28,-21.2,20.6,0.0070,,
0.2135,29,-18.6,20.6,0.0075,,
0.2220,30,-16.3,20.6,0.0075,,
0.2305,31,-14.3,20.6,0.0075,,
0.2390,32,-12.2,20.6,0.0075,,
0.2475,33,-10.4,20.6,0.0070,,
0.2550,34,-9.0,20.6,0.0070,,
0.2635,35,-7.4,20.6,0.0075,,
0.2715,36,-6.1,20.6,0.0075,,
0.2800,37,-4.5,20.6,0.0075,,
0.2885,38,-3.0,20.6,0.0075,,
0.2970,39,-1.8,20.6,0.0075,,
0.3045,40,-0.6,20.6,0.0070,,
0.3130,41,0.4,20.6,0.0075,,
0.3215,42,1.6,20.6,0.0075,,
0.3295,43,2.9,20.6,0.0075,,
0.3380,44,3.9,20.6,0.0075,,
0.3465,45,5.0,20.6,0.0075,,
0.3540,46,6.0,20.6,0.0070,,
0.3625,47,7.2,20.6,0.0075,,
0.3710,48,8.3,20.6,0.0075,,
0.3795,49,9.2,20.6,0.0075,,
0.3875,50,10.2,20.6,0.0075,,
0.3960,51,11.3,20.6,0.0075,,
0.4035,52,12.1,20.6,0.0070,,
0.4120,53,13.2,20.6,0.0075,,
0.4205,54,14.2,20.6,0.0075,,
0.4290,55,15.0,20.6,0.0075,,
0.4375,56,16.1,20.6,0.0075,,
0.4460,57,17.0,20.6,0.0075,,
0.4540,58,17.8,20.6,0.0065,,
0.4615,59,18.7,20.6,0.0070,,
0.4700,60,19.6,20.6,0.0075,,
0.4785,61,20.6,20.6,0.0075,,
0.4870,62,21.5,20.6,0.0075,,
0.4955,63,22.3,20.6,0.0075,,
0.5040,64,23.2,20.6,0.0075,,
0.5115,65,24.0,20.6,0.0070,,
0.5195,66,25.1,20.6,0.0075,,
0.5280,67,25.9,20.6,0.0075,,
0.5365,68,26.7,20.6,0.0075,,
0.5450,69,27.6,20.6,0.0075,,
0.5535,70,28.6,20.6,0.0075,,
0.5610,71,29.4,20.6,0.0070,,
0.5695,72,30.3,20.6,0.0075,,
0.5780,73,31.0,20.6,0.0075,,
0.5860,74,32.0,20.6,0.0075,,
0.5945,75,33.1,20.6,0.0075,,
0.6030,76,33.9,20.6,0.0075,,
0.6105,77,34.9,20.6,0.0070,,
0.6190,78,35.6,20.6,0.0075,,
0.6275,79,36.6,20.6,0.0075,,
0.6360,80,37.6,20.6,0.0075,,
0.6440,81,38.4,20.6,0.0075,,
0.6525,82,39.2,20.6,0.0075,,
0.6600,83,40.1,20.6,0.0070,,
0.6685,84,41.1,20.6,0.0075,,
0.6770,85,42.0,20.6,0.0075,,
0.6855,86,42.8,20.6,0.0075,,
0.6940,87,43.9,20.6,0.0075,,
0.7025,88,44.9,20.6,0.0075,,
0.7100,89,45.7,20.6,0.0070,,
0.7185,90,46.7,20.6,0.0075,,
0.7265,91,47.5,20.6,0.0075,,
0.7350,92,48.5,20.6,0.0075,,
0.7435,93,49.6,20.6,0.0075,,
0.7520,94,50.5,20.6,0.0075,,
0.7595,95,51.4,20.6,0.0070,,
0.7680,96,52.3,20.6,0.0075,,
0.7765,97,53.3,20.6,0.0075,,
0.7845,98,54.4,20.6,0.0075,,
0.7930,99,55.3,20.6,0.0075,,
0.8015,100,56.3,20.6,0.0075,,
0.8090,101,57.2,20.6,0.0070,,
0.8175,102,58.4,20.6,0.0075,,
0.8260,103,59.4,20.6,0.0075,,
0.8345,104,60.3,20.6,0.0075,,
0.8430,105,61.4,20.6,0.0075,,
0.8510,106,62.4,20.6,0.0075,,
0.8590,107,63.2,20.6,0.0075,,
0.8670,108,64.2,20.7,0.0075,,
0.8755,109,65.1,20.7,0.0075,,
0.8840,110,66.1,20.7,0.0075,,
0.8925,111,67.3,20.7,0.0075,,
0.9010,112,68.2,20.7,0.0075,,
0.9085,113,69.3,20.7,0.0070,,
0.9170,114,70.2,20.7,0.0075,,
0.9250,115,71.4,20.7,0.0075,,
0.9335,116,72.5,20.7,0.0075,,
0.9420,117,73.4,20.6,0.0075,,
0.9505,118,74.6,20.6,0.0075,,
0.9580,119,75.6,20.6,0.0070,,
0.9665,120,76.8,20.7,0.0075,,
0.9750,121,78.0,20.7,0.0075,,
0.9835,122,79.0,20.7,0.0075,,
0.9915,123,80.2,20.7,0.0075,,
1.0000,124,81.5,20.7,0.0075,,
1.0075,125,82.4,20.7,0.0070,,
1.0160,126,83.7,20.7,0.0075,,
1.0245,127,84.7,20.7,0.0075,,
1.0330,128,86.0,20.7,0.0075,,
1.0415,129,87.3,20.7,0.0075,,
1.0500,130,88.4,20.7,0.0070,,
1.0575,131,89.6,20.7,0.0070,,
1.0660,132,90.8,20.7,0.0075,,
1.0740,133,92.3,20.7,0.0075,,
1.0825,134,93.6,20.7,0.0075,,
1.0910,135,94.7,20.7,0.0075,,
1.0995,136,96.1,20.7,0.0075,,
1.1070,137,97.5,20.7,0.0070,,
1.1155,138,99.2,20.7,0.0075,,
1.1240,139,100.9,20.7,0.0075,,
1.1320,140,102.4,20.7,0.0075,,
1.1405,141,104.1,20.7,0.0075,,
1.1490,142,105.6,20.7,0.0075,,
1.1565,143,107.3,20.7,0.0070,,
1.1650,144,109.0,20.7,0.0075,,
1.1735,145,111.0,20.7,0.0075,,
1.1820,146,113.2,20.7,0.0075,,
1.1905,147,115.3,20.7,0.0075,,
1.1980,148,117.3,20.7,0.0070,,
1.2065,149,119.6,20.7,0.0075,,
1.2150,150,122.2,20.7,0.0075,,
1.2230,151,125.1,20.7,0.0075,,
1.2315,152,127.8,20.7,0.0075,,
1.2400,153,130.7,20.7,0.0075,,
1.2475,154,133.8,20.7,0.0070,,
1.2560,155,137.0,20.7,0.0075,,
1.2645,156,140.5,20.7,0.0075,,
1.2730,157,144.1,20.7,0.0075,,
1.2810,158,148.1,20.7,0.0075,,
1.2895,159,152.2,20.7,0.0075,,
1.2970,160,155.7,20.7,0.0070,,
1.3055,161,159.5,20.7,0.0075,,
1.3140,162,163.1,20.7,0.0075,,
1.3225,163,166.4,20.7,0.0075,,
1.3310,164,169.8,20.7,0.0075,,
1.3395,165,172.9,20.7,0.0075,,
1.3470,166,175.4,20.7,0.0070,,
1.3550,167,178.0,20.7,0.0075,,
1.3635,168,180.3,20.7,0.0075,,
1.3720,169,182.6,20.7,0.0075,,
1.3805,170,184.7,20.7,0.0075,,
1.3840,170,185.1,20.7,0.0070,,
1.3840,411,189.0,20.7,0.0000,,
1.3845,412,188.9,20.7,0.0010,,
1.3860,413,188.7,20.7,0.0025,,
1.3885,414,189.0,20.7,0.0040,,
1.3925,415,189.5,20.7,0.0055,,
1.3985,416,190.1,20.7,0.0085,,
1.4070,417,191.3,20.7,0.0120,,
1.4145,418,192.4,20.7,0.0125,,
1.4230,419,193.9,20.7,0.0140,,
1.4315,420,195.4,20.7,0.0140,,
1.4400,421,196.5,20.7,0.0120,,
1.4480,422,197.8,20.7,0.0115,,
1.4565,423,198.8,20.7,0.0140,,
1.4640,424,200.1,20.7,0.0125,,
1.4725,425,201.1,20.7,0.0140,,
1.4810,426,202.0,20.7,0.0120,,
1.4895,427,203.2,20.7,0.0120,,
1.4980,428,204.3,20.7,0.0120,,
1.5060,429,205.1,20.7,0.0115,,
1.5140,430,206.0,20.7,0.0135,,
1.5220,431,206.7,20.7,0.0135,,
1.5305,432,207.6,20.7,0.0120,,
1.5390,433,208.3,20.7,0.0120,,
1.5475,434,209.1,20.7,0.0120,,
1.5560,435,209.9,20.7,0.0120,,
1.5635,436,210.6,20.7,0.0125,,
1.5720,437,211.5,20.7,0.0140,,
1.5800,438,212.2,20.7,0.0135,,
1.5885,439,212.8,20.7,0.0120,,
1.5970,440,213.5,20.7,0.0120,,
1.6055,441,214.2,20.7,0.0120,,
1.6130,442,214.8,20.7,0.0125,,
1.6215,443,215.5,20.7,0.0140,,
1.6300,444,216.0,20.7,0.0140,,
1.6385,445,216.6,20.7,0.0120,,
1.6465,446,217.2,20.7,0.0115,,
1.6550,447,217.7,20.7,0.0120,,
1.6635,448,218.2,20.7,0.0140,,
1.6710,449,218.6,20.7,0.0125,,
1.6795,450,219.1,20.7,0.0140,,
1.6880,451,219.8,20.7,0.0120,,
1.6965,452,220.3,20.7,0.0120,,
1.7045,453,220.8,20.7,0.0115,,
1.7130,454,221.1,20.7,0.0140,,
1.7205,455,221.6,20.7,0.0125,,
1.7290,456,222.2,20.7,0.0140,,
1.7375,457,222.7,20.7,0.0120,,
1.7460,458,223.0,20.7,0.0120,,
1.7545,459,223.6,20.7,0.0120,,
1.7625,460,223.9,20.7,0.0135,,
1.7705,461,224.5,20.7,0.0135,,
1.7785,462,224.8,20.7,0.0135,,
1.7870,463,225.3,20.7,0.0140,,
1.7955,464,225.7,20.7,0.0120,,
1.8040,465,226.1,20.7,0.0120,,
1.8125,466,226.4,20.7,0.0120,,
1.8200,467,226.8,20.7,0.0125,,
1.8285,468,227.1,20.7,0.0140,,
1.8365,469,227.7,20.7,0.0135,,
1.8450,470,228.0,20.7,0.0120,,
1.8535,471,228.3,20.7,0.0120,,
1.8620,472,228.7,20.7,0.0120,,
1.8695,473,228.9,20.7,0.0125,,
1.8780,474,229.4,20.7,0.0140,,
1.8865,475,229.8,20.7,0.0120,,
1.8950,476,230.0,20.7,0.0120,,
1.9030,477,230.5,20.7,0.0115,,
1.9115,478,230.7,20.7,0.0140,,
1.9190,479,231.1,20.7,0.0125,,
1.9275,480,231.3,20.7,0.0140,,
1.9360,481,231.6,20.7,0.0120,,
1.9445,482,232.1,20.7,0.0120,,
1.9530,483,232.3,20.7,0.0120,,
1.9615,484,232.7,20.7,0.0140,,
1.9690,485,232.8,20.7,0.0125,,
1.9770,486,233.2,20.7,0.0135,,
1.9855,487,233.7,20.7,0.0120,,
1.9935,488,233.8,20.7,0.0115,,
1.9980,489,234.0,20.7,0.0065,,
1.9985,490,234.2,20.7,0.0010,,
1.9990,491,234.3,20.7,0.0010,,
2.0000,492,234.4,20.7,0.0015,,
2.0010,493,234.4,20.7,0.0015,,
2.0025,494,234.4,20.7,0.0020,,
2.0050,495,234.6,20.7,0.0035,,
2.0075,496,234.6,20.7,0.0040,,
2.0080,497,234.8,20.7,0.0010,,
2.0085,498,234.7,20.7,0.0010,,
2.0100,499,234.7,20.7,0.0020,,
2.0125,500,234.9,20.7,0.0035,,
2.0165,501,235.0,20.7,0.0045,,
Scope 1/1, Sample 29/33 (T20)
Result,TitrationEP1
V,t,E,T,dV/dt,E acc. stat.,Volume acc. stat.
0.0000,0,-58.9,20.6,NaN,,
0.0010,1,-59.2,20.6,0.0010,,
0.0025,2,-59.0,20.6,0.0015,,
0.0050,3,-59.1,20.6,0.0025,,
0.0090,4,-58.9,20.6,0.0035,,
0.0150,5,-58.7,20.6,0.0055,,
0.0235,6,-58.3,20.6,0.0075,,
0.0320,7,-57.5,20.6,0.0075,,
0.0405,8,-56.5,20.6,0.0075,,
0.0480,9,-55.5,20.6,0.0075,,
0.0565,10,-54.4,20.6,0.0075,,
0.0650,11,-53.0,20.6,0.0075,,
0.0730,12,-51.6,20.6,0.0075,,
0.0815,13,-50.0,20.6,0.0075,,
0.0900,14,-48.6,20.6,0.0075,,
0.0975,15,-46.9,20.6,0.0070,,
0.1060,16,-45.1,20.6,0.0075,,
0.1145,17,-43.0,20.6,0.0075,,
0.1230,18,-41.0,20.6,0.0075,,
0.1315,19,-38.8,20.6,0.0075,,
0.1395,20,-36.4,20.6,0.0075,,
0.1475,21,-34.2,20.6,0.0075,,
0.1555,22,-31.5,20.6,0.0075,,
0.1640,23,-29.0,20.6,0.0075,,
0.1725,24,-26.3,20.6,0.0075,,
0.1810,25,-23.4,20.6,0.0075,,
0.1895,26,-20.7,20.6,0.0075,,
0.1970,27,-18.3,20.6,0.0070,,
0.2055,28,-16.1,20.6,0.0075,,
0.2140,29,-13.9,20.6,0.0075,,
0.2220,30,-11.8,20.6,0.0075,,
0.2305,31,-10.0,20.6,0.0075,,
0.2390,32,-8.5,20.6,0.0075,,
0.2465,33,-6.9,20.6,0.0070,,
0.2550,34,-5.4,20.6,0.0075,,
0.2635,35,-3.7,20.6,0.0075,,
0.2720,36,-2.4,20.6,0.0075,,
0.2800,37,-1.2,20.6,0.0075,,
0.2885,38,0.1,20.6,0.0075,,
0.2960,39,1.0,20.6,0.0075,,
0.3045,40,2.3,20.6,0.0075,,
0.3130,41,3.4,20.6,0.0075,,
0.3215,42,4.5,20.6,0.0075,,
0.3300,43,5.9,20.6,0.0075,,
0.3385,44,7.0,20.6,0.0075,,
0.3460,45,7.9,20.6,0.0070,,
0.3540,46,8.8,20.6,0.0075,,
0.3625,47,9.8,20.6,0.0075,,
0.3710,48,11.0,20.6,0.0075,,
0.3795,49,12.0,20.6,0.0075,,
0.3880,50,12.8,20.6,0.0075,,
0.3955,51,13.7,20.6,0.0070,,
0.4040,52,14.8,20.6,0.0075,,
0.4125,53,15.9,20.6,0.0075,,
0.4205,54,16.8,20.6,0.0075,,
0.4290,55,17.6,20.6,0.0075,,
0.4375,56,18.6,20.6,0.0075,,
0.4450,57,19.4,20.6,0.0070,,
0.4535,58,20.5,20.6,0.0075,,
0.4620,59,21.3,20.6,0.0075,,
0.4705,60,22.1,20.6,0.0075,,
0.4790,61,23.3,20.6,0.0075,,
0.4870,62,24.1,20.6,0.0075,,
0.4950,63,25.0,20.6,0.0075,,
0.5030,64,25.7,20.6,0.0075,,
0.5115,65,26.6,20.6,0.0075,,
0.5200,66,27.7,20.6,0.0075,,
0.5285,67,28.6,20.6,0.0075,,
0.5370,68,29.4,20.6,0.0075,,
0.5445,69,30.4,20.6,0.0070,,
0.5530,70,31.3,20.6,0.0075,,
0.5610,71,32.2,20.6,0.0075,,
0.5695,72,33.1,20.6,0.0075,,
0.5780,73,33.9,20.6,0.0075,,
0.5865,74,35.0,20.6,0.0075,,
0.5950,75,35.8,20.6,0.0085,,
0.6025,76,36.8,20.6,0.0070,,
0.6110,77,37.8,20.6,0.0075,,
0.6190,78,38.5,20.6,0.0075,,
0.6275,79,39.5,20.6,0.0075,,
0.6360,80,40.6,20.6,0.0075,,
0.6445,81,41.4,20.6,0.0085,,
0.6520,82,42.3,20.6,0.0070,,
0.6605,83,43.2,20.6,0.0075,,
0.6690,84,44.2,20.6,0.0075,,
0.6770,85,45.3,20.6,0.0075,,
0.6855,86,46.1,20.6,0.0075,,
0.6940,87,47.0,20.6,0.0075,,
0.7015,88,47.9,20.6,0.0070,,
0.7100,89,49.0,20.6,0.0075,,
0.7185,90,50.0,20.6,0.0075,,
0.7270,91,51.0,20.6,0.0075,,
0.7350,92,51.9,20.6,0.0075,,
0.7435,93,53.0,20.6,0.0075,,
0.7510,94,53.9,20.6,0.0070,,
0.7595,95,55.0,20.6,0.0075,,
0.7680,96,55.8,20.6,0.0075,,
0.7765,97,56.8,20.6,0.0075,,
0.7850,98,58.0,20.6,0.0075,,
0.7935,99,59.0,20.6,0.0075,,
0.8010,100,60.0,20.6,0.0070,,
0.8095,101,60.9,20.6,0.0075,,
0.8175,102,62.0,20.6,0.0075,,
0.8260,103,63.2,20.6,0.0075,,
0.8345,104,64.1,20.6,0.0075,,
0.8430,105,64.9,20.6,0.0075,,
0.8505,106,65.8,20.6,0.0070,,
0.8590,107,66.9,20.6,0.0075,,
0.8675,108,68.1,20.6,0.0075,,
0.8755,109,69.0,20.6,0.0075,,
0.8840,110,69.8,20.6,0.0075,,
0.8925,111,71.0,20.6,0.0075,,
0.9000,112,71.9,20.6,0.0070,,
0.9085,113,72.9,20.6,0.0075,,
0.9170,114,73.9,20.6,0.0075,,
0.9255,115,75.1,20.6,0.0075,,
0.9340,116,76.4,20.6,0.0075,,
0.9420,117,77.4,20.6,0.0080,,
0.9500,118,78.5,20.6,0.0075,,
0.9580,119,79.5,20.6,0.0075,,
0.9665,120,80.7,20.6,0.0075,,
0.9750,121,82.0,20.6,0.0075,,
0.9835,122,83.1,20.6,0.0075,,
0.9920,123,84.2,20.6,0.0085,,
0.9995,124,85.3,20.6,0.0070,,
1.0080,125,86.5,20.6,0.0075,,
1.0165,126,87.8,20.6,0.0075,,
1.0245,127,88.9,20.6,0.0075,,
1.0330,128,90.1,20.6,0.0075,,
1.0415,129,91.5,20.6,0.0075,,
1.0490,130,92.8,20.6,0.0070,,
1.0575,131,94.2,20.6,0.0075,,
1.0660,132,95.5,20.6,0.0075,,
1.0745,133,96.9,20.6,0.0075,,
1.0825,134,98.6,20.6,0.0075,,
1.0910,135,100.2,20.6,0.0075,,
1.0985,136,101.7,20.6,0.0070,,
1.1070,137,103.4,20.6,0.0075,,
1.1155,138,105.0,20.6,0.0075,,
1.1240,139,106.9,20.6,0.0075,,
1.1325,140,108.8,20.6,0.0075,,
1.1405,141,110.4,20.6,0.0075,,
1.1485,142,112.3,20.6,0.0075,,
1.1565,143,114.3,20.6,0.0075,,
1.1650,144,116.7,20.6,0.0075,,
1.1735,145,118.9,20.6,0.0075,,
1.1820,146,121.1,20.6,0.0075,,
1.1905,147,123.7,20.6,0.0075,,
1.1980,148,126.1,20.6,0.0075,,
1.2065,149,129.1,20.6,0.0075,,
1.2145,150,132.2,20.6,0.0075,,
1.2230,151,135.4,20.6,0.0075,,
1.2315,152,139.0,20.6,0.0075,,
1.2400,153,142.4,20.6,0.0075,,
1.2475,154,145.7,20.6,0.0075,,
1.2560,155,149.7,20.6,0.0075,,
1.2645,156,153.6,20.6,0.0075,,
1.2730,157,157.5,20.6,0.0075,,
1.2810,158,161.3,20.6,0.0075,,
1.2895,159,164.7,20.6,0.0075,,
1.2970,160,167.8,20.6,0.0075,,
1.3055,161,170.8,20.6,0.0075,,
1.3140,162,173.8,20.6,0.0075,,
1.3225,163,176.7,20.6,0.0075,,
1.3310,164,179.1,20.6,0.0070,,
1.3395,165,181.5,20.6,0.0075,,
1.3470,166,183.4,20.6,0.0070,,
1.3555,167,185.1,20.6,0.0075,,
1.3555,407,188.7,20.6,0.0000,,
1.3560,408,188.8,20.6,0.0005,,
1.3575,409,188.7,20.6,0.0010,,
1.3600,410,188.9,20.6,0.0020,,
1.3640,411,189.5,20.6,0.0030,,
1.3705,412,190.2,20.6,0.0050,,
1.3785,413,191.1,20.6,0.0060,,
1.3860,414,192.5,20.6,0.0060,,
1.3945,415,193.8,20.6,0.0070,,
1.4030,416,195.4,20.6,0.0070,,
1.4115,417,196.6,20.6,0.0065,,
1.4200,418,197.8,20.6,0.0065,,
1.4285,419,199.1,20.6,0.0065,,
1.4360,420,200.2,20.6,0.0060,,
1.4445,421,201.4,20.6,0.0070,,
1.4525,422,202.3,20.6,0.0060,,
1.4610,423,203.4,20.6,0.0065,,
1.4695,424,204.5,20.6,0.0065,,
1.4780,425,205.3,20.6,0.0070,,
1.4855,426,206.2,20.6,0.0060,,
1.4940,427,206.9,20.6,0.0070,,
1.5025,428,207.8,20.6,0.0065,,
1.5110,429,208.8,20.6,0.0065,,
1.5190,430,209.5,20.6,0.0060,,
1.5275,431,210.1,20.6,0.0065,,
1.5350,432,210.8,20.6,0.0060,,
1.5435,433,211.7,20.6,0.0070,,
1.5520,434,212.5,20.6,0.0065,,
1.5605,435,213.1,20.6,0.0065,,
1.5690,436,213.6,20.6,0.0065,,
1.5775,437,214.4,20.6,0.0065,,
1.5850,438,214.8,20.6,0.0060,,
1.5930,439,215.6,20.6,0.0065,,
1.6015,440,216.1,20.6,0.0070,,
1.6100,441,216.6,20.6,0.0065,,
1.6185,442,217.5,20.6,0.0065,,
1.6270,443,218.0,20.6,0.0065,,
1.6345,444,218.5,20.6,0.0060,,
1.6430,445,219.0,20.6,0.0070,,
1.6510,446,219.4,20.6,0.0065,,
1.6595,447,220.1,20.6,0.0065,,
1.6680,448,220.7,20.6,0.0065,,
1.6765,449,221.0,20.6,0.0065,,
1.6840,450,221.5,20.6,0.0060,,
1.6925,451,221.9,20.6,0.0070,,
1.7010,452,222.5,20.6,0.0070,,
1.7095,453,223.0,20.6,0.0065,,
1.7175,454,223.3,20.6,0.0060,,
1.7260,455,223.8,20.6,0.0065,,
1.7335,456,224.2,20.6,0.0065,,
1.7420,457,224.7,20.6,0.0070,,
1.7505,458,225.1,20.6,0.0070,,
1.7590,459,225.4,20.6,0.0065,,
1.7675,460,225.9,20.6,0.0065,,
1.7755,461,226.4,20.6,0.0060,,
1.7835,462,226.8,20.6,0.0065,,
1.7915,463,227.1,20.6,0.0065,,
1.8000,464,227.4,20.6,0.0070,,
1.8085,465,227.9,20.6,0.0065,,
1.8170,466,228.3,20.6,0.0065,,
1.8255,467,228.6,20.6,0.0065,,
1.8330,468,228.9,20.6,0.0060,,
1.8415,469,229.2,20.6,0.0070,,
1.8500,470,229.7,20.6,0.0070,,
1.8580,471,230.1,20.6,0.0060,,
1.8665,472,230.3,20.6,0.0065,,
1.8750,473,230.7,20.6,0.0065,,
1.8825,474,231.0,20.6,0.0060,,
1.8910,475,231.4,20.6,0.0070,,
1.8995,476,231.7,20.6,0.0070,,
1.9080,477,231.9,20.6,0.0065,,
1.9165,478,232.3,20.6,0.0065,,
1.9245,479,232.9,20.6,0.0060,,
1.9320,480,233.1,20.6,0.0060,,
1.9405,481,233.4,20.6,0.0070,,
1.9490,482,233.6,20.6,0.0070,,
1.9570,483,233.9,20.6,0.0060,,
1.9630,484,234.1,20.6,0.0045,,
1.9650,485,234.3,20.6,0.0015,,
1.9660,486,234.4,20.6,0.0010,,
1.9670,487,234.4,20.6,0.0010,,
1.9680,488,234.6,20.6,0.0010,,
1.9690,489,234.5,20.6,0.0010,,
1.9690,490,234.5,20.6,0.0000,,
1.9715,491,234.6,20.6,0.0020,,
1.9725,492,234.6,20.6,0.0010,,
1.9740,493,234.8,20.6,0.0010,,
1.9760,494,234.8,20.6,0.0015,,
1.9775,495,235.0,20.6,0.0020,,
Scope 1/1, Sample 30/33 (T21)
Result,TitrationEP1
V,t,E,T,dV/dt,E acc. stat.,Volume acc. stat.
0.0000,0,-60.6,20.5,NaN,,
0.0010,1,-60.5,20.5,0.0010,,
0.0025,2,-60.6,20.5,0.0015,,
0.0050,3,-60.5,20.5,0.0025,,
0.0090,4,-60.5,20.5,0.0035,,
0.0150,5,-60.2,20.5,0.0055,,
0.0235,6,-60.0,20.5,0.0075,,
0.0320,7,-59.4,20.5,0.0075,,
0.0405,8,-58.4,20.5,0.0075,,
0.0480,9,-57.4,20.5,0.0070,,
0.0565,10,-56.2,20.5,0.0075,,
0.0650,11,-54.9,20.5,0.0075,,
0.0735,12,-53.6,20.5,0.0075,,
0.0815,13,-52.0,20.5,0.0075,,
0.0900,14,-50.5,20.5,0.0075,,
0.0975,15,-49.0,20.5,0.0070,,
0.1060,16,-47.4,20.5,0.0075,,
0.1145,17,-45.5,20.5,0.0075,,
0.1230,18,-43.5,20.5,0.0075,,
0.1315,19,-41.4,20.5,0.0075,,
0.1395,20,-39.3,20.5,0.0075,,
0.1475,21,-37.2,20.5,0.0075,,
0.1555,22,-34.8,20.5,0.0075,,
0.1640,23,-32.2,20.5,0.0075,,
0.1725,24,-29.5,20.5,0.0075,,
0.1810,25,-26.7,20.5,0.0075,,
0.1895,26,-23.9,20.5,0.0075,,
0.1975,27,-21.4,20.5,0.0080,,
0.2055,28,-18.7,20.5,0.0075,,
0.2135,29,-16.3,20.5,0.0075,,
0.2220,30,-14.0,20.5,0.0075,,
0.2305,31,-11.8,20.5,0.0075,,
0.2390,32,-9.9,20.5,0.0075,,
0.2475,33,-8.2,20.6,0.0085,,
0.2550,34,-6.6,20.5,0.0070,,
0.2635,35,-4.9,20.6,0.0075,,
0.2720,36,-3.3,20.6,0.0075,,
0.2800,37,-2.0,20.6,0.0075,,
0.2885,38,-0.8,20.6,0.0075,,
0.2970,39,0.5,20.6,0.0085,,
0.3045,40,1.7,20.6,0.0070,,
0.3130,41,3.0,20.6,0.0075,,
0.3215,42,4.1,20.6,0.0075,,
0.3300,43,5.3,20.5,0.0075,,
0.3380,44,6.4,20.6,0.0075,,
0.3465,45,7.7,20.6,0.0075,,
0.3540,46,8.8,20.6,0.0070,,
0.3625,47,9.7,20.6,0.0075,,
0.3710,48,10.6,20.6,0.0075,,
0.3795,49,11.7,20.6,0.0075,,
0.3880,50,12.7,20.6,0.0075,,
0.3965,51,13.6,20.6,0.0085,,
0.4040,52,14.6,20.6,0.0070,,
0.4125,53,15.5,20.6,0.0075,,
0.4205,54,16.6,20.6,0.0075,,
0.4290,55,17.6,20.6,0.0075,,
0.4375,56,18.5,20.6,0.0075,,
0.4460,57,19.4,20.6,0.0085,,
0.4535,58,20.3,20.6,0.0070,,
0.4620,59,21.3,20.6,0.0075,,
0.4705,60,22.2,20.6,0.0075,,
0.4785,61,23.2,20.6,0.0075,,
0.4870,62,24.1,20.6,0.0075,,
0.4955,63,25.0,20.6,0.0085,,
0.5030,64,25.9,20.6,0.0070,,
0.5115,65,26.7,20.6,0.0075,,
0.5200,66,27.6,20.6,0.0075,,
0.5285,67,28.4,20.6,0.0075,,
0.5370,68,29.4,20.6,0.0075,,
0.5445,69,30.2,20.6,0.0070,,
0.5530,70,31.1,20.6,0.0075,,
0.5610,71,32.1,20.6,0.0075,,
0.5695,72,33.0,20.6,0.0075,,
0.5780,73,33.9,20.6,0.0075,,
0.5865,74,34.8,20.6,0.0075,,
0.5940,75,35.5,20.6,0.0070,,
0.6025,76,36.5,20.6,0.0075,,
0.6110,77,37.4,20.6,0.0075,,
0.6190,78,38.3,20.6,0.0075,,
0.6275,79,39.2,20.6,0.0075,,
0.6360,80,40.2,20.6,0.0075,,
0.6445,81,41.0,20.6,0.0085,,
0.6520,82,41.9,20.6,0.0070,,
0.6605,83,42.9,20.6,0.0075,,
0.6690,84,43.8,20.6,0.0075,,
0.6775,85,44.7,20.6,0.0075,,
0.6855,86,45.7,20.6,0.0075,,
0.6940,87,46.6,20.6,0.0075,,
0.7015,88,47.6,20.6,0.0070,,
0.7100,89,48.4,20.6,0.0075,,
0.7185,90,49.3,20.6,0.0075,,
0.7270,91,50.4,20.6,0.0075,,
0.7355,92,51.2,20.6,0.0075,,
0.7435,93,52.2,20.6,0.0075,,
0.7515,94,53.2,20.6,0.0075,,
0.7595,95,54.2,20.6,0.0075,,
0.7680,96,55.2,20.6,0.0075,,
0.7765,97,56.1,20.6,0.0075,,
0.7850,98,57.1,20.6,0.0075,,
0.7935,99,58.2,20.6,0.0075,,
0.8010,100,59.2,20.6,0.0070,,
0.8095,101,60.1,20.6,0.0075,,
0.8180,102,61.0,20.6,0.0075,,
0.8260,103,62.1,20.6,0.0075,,
0.8345,104,63.0,20.6,0.0075,,
0.8430,105,64.1,20.6,0.0075,,
0.8505,106,65.0,20.6,0.0070,,
0.8590,107,66.0,20.6,0.0075,,
0.8675,108,67.1,20.6,0.0075,,
0.8760,109,68.1,20.6,0.0075,,
0.8840,110,69.0,20.6,0.0075,,
0.8925,111,70.1,20.6,0.0085,,
0.9000,112,71.0,20.6,0.0070,,
0.9085,113,72.1,20.6,0.0075,,
0.9170,114,73.2,20.6,0.0075,,
0.9255,115,74.2,20.6,0.0075,,
0.9340,116,75.4,20.6,0.0075,,
0.9425,117,76.2,20.6,0.0085,,
0.9500,118,77.5,20.6,0.0070,,
0.9585,119,78.3,20.6,0.0075,,
0.9665,120,79.4,20.6,0.0075,,
0.9750,121,80.7,20.6,0.0075,,
0.9835,122,81.8,20.6,0.0075,,
0.9920,123,82.8,20.6,0.0085,,
0.9995,124,83.9,20.6,0.0070,,
1.0080,125,85.0,20.6,0.0075,,
1.0165,126,86.2,20.6,0.0075,,
1.0250,127,87.4,20.6,0.0075,,
1.0330,128,88.6,20.6,0.0075,,
1.0410,129,89.8,20.6,0.0080,,
1.0490,130,91.0,20.6,0.0075,,
1.0575,131,92.4,20.6,0.0075,,
1.0660,132,93.7,20.6,0.0075,,
1.0745,133,95.0,20.6,0.0075,,
1.0830,134,96.4,20.6,0.0075,,
1.0910,135,97.6,20.6,0.0080,,
1.0990,136,99.1,20.6,0.0075,,
1.1070,137,100.6,20.6,0.0075,,
1.1155,138,102.1,20.6,0.0075,,
1.1240,139,103.8,20.6,0.0075,,
1.1325,140,105.6,20.6,0.0075,,
1.1410,141,107.1,20.6,0.0085,,
1.1485,142,108.9,20.6,0.0070,,
1.1570,143,110.7,20.6,0.0075,,
1.1650,144,112.8,20.6,0.0075,,
1.1735,145,115.2,20.6,0.0075,,
1.1820,146,117.1,20.6,0.0075,,
1.1905,147,119.3,20.6,0.0075,,
1.1980,148,121.4,20.6,0.0070,,
1.2065,149,123.9,20.6,0.0075,,
1.2150,150,126.8,20.6,0.0075,,
1.2230,151,129.3,20.6,0.0075,,
1.2315,152,132.3,20.6,0.0075,,
1.2400,153,135.7,20.6,0.0075,,
1.2475,154,138.7,20.6,0.0070,,
1.2560,155,142.3,20.6,0.0075,,
1.2645,156,145.9,20.6,0.0075,,
1.2730,157,149.7,20.6,0.0075,,
1.2815,158,153.7,20.6,0.0075,,
1.2895,159,157.5,20.6,0.0075,,
1.2970,160,160.7,20.6,0.0070,,
1.3055,161,164.0,20.6,0.0075,,
1.3140,162,167.5,20.6,0.0075,,
1.3225,163,170.7,20.6,0.0075,,
1.3310,164,173.6,20.6,0.0075,,
1.3395,165,176.3,20.6,0.0075,,
1.3475,166,178.6,20.6,0.0080,,
1.3555,167,181.0,20.6,0.0075,,
1.3635,168,183.2,20.6,0.0075,,
1.3730,169,185.0,20.6,0.0080,,
1.3730,409,188.8,20.6,0.0000,,
1.3735,410,188.8,20.6,0.0005,,
1.3750,411,188.7,20.6,0.0010,,
1.3780,412,189.0,20.6,0.0025,,
1.3815,413,189.4,20.6,0.0025,,
1.3880,414,190.1,20.6,0.0045,,
1.3965,415,191.2,20.6,0.0060,,
1.4040,416,192.4,20.6,0.0060,,
1.4125,417,193.8,20.6,0.0065,,
1.4210,418,195.1,20.6,0.0065,,
1.4290,419,196.5,20.6,0.0055,,
1.4375,420,197.9,20.6,0.0060,,
1.4460,421,199.0,20.6,0.0060,,
1.4535,422,200.2,20.6,0.0060,,
1.4620,423,201.1,20.6,0.0065,,
1.4705,424,202.4,20.6,0.0065,,
1.4790,425,203.4,20.6,0.0060,,
1.4875,426,204.3,20.6,0.0060,,
1.4955,427,205.3,20.6,0.0055,,
1.5035,428,206.1,20.6,0.0060,,
1.5115,429,207.1,20.6,0.0060,,
1.5200,430,207.7,20.6,0.0065,,
1.5285,431,208.6,20.6,0.0060,,
1.5370,432,209.5,20.6,0.0060,,
1.5455,433,210.3,20.6,0.0060,,
1.5530,434,210.9,20.6,0.0060,,
1.5615,435,211.6,20.6,0.0065,,
1.5695,436,212.3,20.6,0.0060,,
1.5780,437,213.1,20.6,0.0060,,
1.5865,438,213.7,20.6,0.0060,,
1.5950,439,214.3,20.6,0.0060,,
1.6025,440,214.9,20.6,0.0060,,
1.6110,441,215.5,20.6,0.0065,,
1.6195,442,216.2,20.6,0.0065,,
1.6275,443,216.7,20.6,0.0055,,
1.6360,444,217.2,20.6,0.0060,,
1.6445,445,217.9,20.6,0.0060,,
1.6520,446,218.3,20.6,0.0060,,
1.6605,447,218.9,20.6,0.0065,,
1.6690,448,219.5,20.6,0.0065,,
1.6775,449,219.8,20.6,0.0060,,
1.6860,450,220.4,20.6,0.0060,,
1.6940,451,220.9,20.6,0.0055,,
1.7025,452,221.4,20.6,0.0065,,
1.7100,453,221.9,20.6,0.0060,,
1.7185,454,222.3,20.6,0.0065,,
1.7270,455,222.8,20.6,0.0060,,
1.7355,456,223.2,20.6,0.0060,,
1.7440,457,223.6,20.6,0.0060,,
1.7520,458,224.2,20.6,0.0060,,
1.7600,459,224.5,20.6,0.0060,,
1.7680,460,225.0,20.6,0.0060,,
1.7765,461,225.5,20.6,0.0060,,
1.7850,462,225.7,20.6,0.0060,,
1.7935,463,226.2,20.6,0.0060,,
1.8020,464,226.5,20.6,0.0065,,
1.8095,465,227.0,20.6,0.0060,,
1.8180,466,227.4,20.6,0.0065,,
1.8260,467,227.8,20.6,0.0055,,
1.8345,468,228.2,20.6,0.0060,,
1.8430,469,228.6,20.6,0.0060,,
1.8515,470,229.0,20.6,0.0060,,
1.8590,471,229.3,20.6,0.0060,,
1.8675,472,229.6,20.6,0.0065,,
1.8760,473,230.0,20.6,0.0065,,
1.8840,474,230.4,20.6,0.0055,,
1.8925,475,230.6,20.6,0.0060,,
1.9010,476,231.0,20.6,0.0060,,
1.9085,477,231.3,20.6,0.0060,,
1.9170,478,231.7,20.6,0.0065,,
1.9255,479,232.0,20.6,0.0065,,
1.9340,480,232.2,20.6,0.0060,,
1.9425,481,232.4,20.6,0.0060,,
1.9505,482,232.8,20.6,0.0060,,
1.9585,483,233.2,20.6,0.0060,,
1.9665,484,233.6,20.6,0.0060,,
1.9745,485,233.7,20.6,0.0055,,
1.9825,486,234.1,20.6,0.0055,,
1.9850,487,234.4,20.6,0.0020,,
1.9850,488,234.5,20.6,0.0000,,
1.9860,489,234.5,20.6,0.0010,,
1.9870,490,234.4,20.6,0.0010,,
1.9890,491,234.6,20.6,0.0015,,
1.9915,492,234.7,20.6,0.0020,,
1.9930,493,234.7,20.6,0.0010,,
1.9935,494,234.8,20.6,0.0005,,
1.9945,495,234.7,20.6,0.0010,,
1.9960,496,234.9,20.6,0.0010,,
1.9975,497,235.0,20.6,0.0010,,
1.9995,498,234.9,20.6,0.0015,,
2.0015,499,235.0,20.6,0.0015,,
2.0020,500,235.1,20.6,0.0005,,
Scope 1/1, Sample 31/33 (T22)
Result,TitrationEP1
V,t,E,T,dV/dt,E acc. stat.,Volume acc. stat.
0.0000,0,-60.5,20.5,NaN,,
0.0010,1,-60.7,20.5,0.0010,,
0.0025,2,-60.6,20.5,0.0015,,
0.0050,3,-60.6,20.5,0.0025,,
0.0090,4,-60.5,20.5,0.0035,,
0.0150,5,-60.4,20.5,0.0055,,
0.0235,6,-60.0,20.5,0.0075,,
0.0320,7,-59.1,20.5,0.0075,,
0.0405,8,-58.2,20.5,0.0075,,
0.0490,9,-57.3,20.5,0.0075,,
0.0565,10,-56.1,20.5,0.0070,,
0.0645,11,-55.0,20.5,0.0075,,
0.0730,12,-53.4,20.5,0.0075,,
0.0815,13,-52.0,20.5,0.0075,,
0.0900,14,-50.5,20.5,0.0075,,
0.0985,15,-48.7,20.5,0.0075,,
0.1060,16,-47.3,20.5,0.0070,,
0.1145,17,-45.2,20.5,0.0075,,
0.1230,18,-43.2,20.5,0.0075,,
0.1310,19,-41.3,20.5,0.0075,,
0.1395,20,-39.0,20.5,0.0075,,
0.1480,21,-36.6,20.5,0.0075,,
0.1555,22,-34.4,20.5,0.0070,,
0.1640,23,-31.7,20.5,0.0075,,
0.1725,24,-29.1,20.5,0.0075,,
0.1810,25,-26.1,20.5,0.0075,,
0.1890,26,-23.3,20.5,0.0075,,
0.1975,27,-20.8,20.5,0.0075,,
0.2050,28,-18.2,20.5,0.0070,,
0.2135,29,-15.9,20.5,0.0075,,
0.2220,30,-13.4,20.5,0.0075,,
0.2305,31,-11.2,20.5,0.0075,,
0.2390,32,-9.5,20.5,0.0075,,
0.2475,33,-7.5,20.5,0.0075,,
0.2550,34,-6.0,20.5,0.0070,,
0.2635,35,-4.2,20.5,0.0075,,
0.2715,36,-2.7,20.5,0.0075,,
0.2800,37,-1.6,20.5,0.0075,,
0.2885,38,-0.1,20.5,0.0075,,
0.2970,39,1.4,20.5,0.0075,,
0.3045,40,2.5,20.5,0.0070,,
0.3130,41,3.8,20.5,0.0075,,
0.3215,42,4.8,20.5,0.0075,,
0.3295,43,6.1,20.5,0.0075,,
0.3380,44,7.4,20.5,0.0075,,
0.3465,45,8.3,20.5,0.0075,,
0.3540,46,9.5,20.5,0.0070,,
0.3625,47,10.4,20.5,0.0075,,
0.3710,48,11.6,20.5,0.0075,,
0.3795,49,12.7,20.5,0.0075,,
0.3875,50,13.5,20.5,0.0075,,
0.3960,51,14.6,20.5,0.0075,,
0.4035,52,15.4,20.5,0.0070,,
0.4120,53,16.5,20.5,0.0075,,
0.4205,54,17.5,20.5,0.0075,,
0.4290,55,18.4,20.5,0.0075,,
0.4375,56,19.2,20.5,0.0075,,
0.4455,57,20.3,20.5,0.0065,,
0.4540,58,21.2,20.5,0.0070,,
0.4615,59,22.1,20.5,0.0070,,
0.4700,60,22.9,20.5,0.0075,,
0.4785,61,23.8,20.5,0.0075,,
0.4870,62,24.8,20.5,0.0075,,
0.4955,63,25.7,20.5,0.0075,,
0.5040,64,26.6,20.5,0.0070,,
0.5115,65,27.4,20.5,0.0070,,
0.5200,66,28.3,20.6,0.0075,,
0.5280,67,29.3,20.5,0.0075,,
0.5365,68,30.2,20.5,0.0075,,
0.5450,69,31.1,20.5,0.0075,,
0.5535,70,31.8,20.6,0.0075,,
0.5610,71,32.9,20.6,0.0070,,
0.5695,72,33.8,20.6,0.0075,,
0.5780,73,34.7,20.5,0.0075,,
0.5865,74,35.6,20.5,0.0075,,
0.5945,75,36.6,20.6,0.0075,,
0.6030,76,37.4,20.6,0.0075,,
0.6105,77,38.4,20.5,0.0070,,
0.6190,78,39.2,20.5,0.0075,,
0.6275,79,40.1,20.5,0.0075,,
0.6360,80,41.2,20.5,0.0075,,
0.6445,81,41.9,20.5,0.0075,,
0.6520,82,42.8,20.5,0.0070,,
0.6605,83,43.6,20.5,0.0075,,
0.6690,84,44.5,20.6,0.0075,,
0.6770,85,45.6,20.6,0.0075,,
0.6855,86,46.3,20.6,0.0075,,
0.6940,87,47.2,20.6,0.0075,,
0.7015,88,48.1,20.6,0.0070,,
0.7100,89,49.1,20.6,0.0075,,
0.7185,90,50.2,20.6,0.0075,,
0.7270,91,51.0,20.6,0.0075,,
0.7355,92,52.1,20.6,0.0075,,
0.7435,93,53.1,20.6,0.0075,,
0.7510,94,53.9,20.6,0.0070,,
0.7595,95,54.8,20.6,0.0075,,
0.7680,96,55.5,20.6,0.0075,,
0.7765,97,56.5,20.6,0.0075,,
0.7850,98,57.6,20.6,0.0075,,
0.7935,99,58.5,20.6,0.0075,,
0.8010,100,59.4,20.6,0.0070,,
0.8090,101,60.2,20.6,0.0075,,
0.8175,102,61.3,20.6,0.0075,,
0.8260,103,62.4,20.6,0.0075,,
0.8345,104,63.2,20.6,0.0075,,
0.8430,105,64.2,20.6,0.0075,,
0.8505,106,65.0,20.6,0.0070,,
0.8590,107,66.1,20.6,0.0075,,
0.8675,108,67.2,20.6,0.0075,,
0.8755,109,68.0,20.6,0.0075,,
0.8840,110,69.1,20.6,0.0075,,
0.8925,111,70.1,20.6,0.0075,,
0.9010,112,71.1,20.6,0.0075,,
0.9085,113,72.3,20.6,0.0070,,
0.9170,114,73.1,20.6,0.0075,,
0.9255,115,74.2,20.6,0.0075,,
0.9335,116,75.3,20.6,0.0075,,
0.9420,117,76.2,20.6,0.0075,,
0.9495,118,77.3,20.6,0.0070,,
0.9580,119,78.2,20.6,0.0075,,
0.9665,120,79.3,20.6,0.0075,,
0.9750,121,80.6,20.6,0.0075,,
0.9835,122,81.6,20.6,0.0075,,
0.9920,123,82.8,20.6,0.0075,,
1.0000,124,83.8,20.6,0.0075,,
1.0080,125,85.0,20.6,0.0075,,
1.0160,126,86.4,20.6,0.0075,,
1.0245,127,87.4,20.6,0.0075,,
1.0330,128,88.6,20.6,0.0075,,
1.0415,129,89.9,20.6,0.0075,,
1.0500,130,91.0,20.6,0.0075,,
1.0575,131,92.1,20.6,0.0070,,
1.0660,132,93.4,20.6,0.0075,,
1.0740,133,94.6,20.6,0.0075,,
1.0825,134,96.0,20.6,0.0075,,
1.0910,135,97.4,20.6,0.0075,,
1.0995,136,98.6,20.6,0.0075,,
1.1070,137,100.1,20.6,0.0070,,
1.1155,138,101.7,20.6,0.0075,,
1.1240,139,103.5,20.6,0.0075,,
1.1325,140,105.1,20.6,0.0075,,
1.1405,141,106.8,20.6,0.0075,,
1.1490,142,108.2,20.6,0.0075,,
1.1565,143,110.0,20.6,0.0070,,
1.1650,144,112.2,20.6,0.0075,,
1.1735,145,114.0,20.6,0.0075,,
1.1820,146,116.1,20.6,0.0075,,
1.1905,147,118.4,20.6,0.0075,,
1.1980,148,120.6,20.6,0.0070,,
1.2065,149,123.1,20.6,0.0075,,
1.2150,150,125.5,20.6,0.0075,,
1.2230,151,128.3,20.6,0.0075,,
1.2315,152,131.3,20.6,0.0075,,
1.2400,153,134.4,20.6,0.0075,,
1.2475,154,137.1,20.6,0.0070,,
1.2560,155,140.4,20.6,0.0075,,
1.2645,156,143.9,20.6,0.0075,,
1.2730,157,147.7,20.6,0.0075,,
1.2810,158,151.3,20.6,0.0075,,
1.2895,159,155.2,20.6,0.0075,,
1.2970,160,158.4,20.6,0.0070,,
1.3055,161,162.0,20.6,0.0075,,
1.3140,162,165.5,20.6,0.0075,,
1.3225,163,168.9,20.6,0.0075,,
1.3310,164,171.9,20.6,0.0075,,
1.3390,165,174.8,20.6,0.0075,,
1.3475,166,177.1,20.6,0.0075,,
1.3550,167,179.7,20.6,0.0070,,
1.3635,168,181.7,20.6,0.0075,,
1.3720,169,183.7,20.6,0.0075,,
1.3780,170,185.1,20.6,0.0075,,
1.3780,410,188.7,20.6,0.0000,,
1.3785,411,188.6,20.6,0.0005,,
1.3800,412,188.5,20.6,0.0015,,
1.3825,413,188.9,20.6,0.0030,,
1.3865,414,189.3,20.6,0.0040,,
1.3925,415,189.8,20.6,0.0060,,
1.4010,416,191.1,20.6,0.0085,,
1.4085,417,192.3,20.6,0.0085,,
1.4170,418,193.9,20.6,0.0095,,
1.4255,419,195.3,20.6,0.0095,,
1.4335,420,196.5,20.6,0.0080,,
1.4420,421,197.9,20.6,0.0085,,
1.4505,422,199.0,20.6,0.0085,,
1.4580,423,200.2,20.6,0.0085,,
1.4665,424,201.2,20.6,0.0095,,
1.4750,425,202.2,20.6,0.0095,,
1.4835,426,203.3,20.6,0.0085,,
1.4920,427,204.2,20.6,0.0085,,
1.5000,428,205.1,20.6,0.0080,,
1.5080,429,205.9,20.6,0.0090,,
1.5160,430,206.8,20.6,0.0090,,
1.5245,431,207.8,20.6,0.0085,,
1.5330,432,208.4,20.6,0.0085,,
1.5415,433,209.2,20.6,0.0085,,
1.5500,434,209.9,20.6,0.0095,,
1.5575,435,210.8,20.6,0.0085,,
1.5660,436,211.6,20.6,0.0095,,
1.5740,437,212.1,20.6,0.0080,,
1.5825,438,212.8,20.6,0.0085,,
1.5910,439,213.6,20.6,0.0085,,
1.5995,440,214.1,20.6,0.0095,,
1.6070,441,214.9,20.6,0.0085,,
1.6155,442,215.5,20.6,0.0095,,
1.6240,443,216.0,20.6,0.0085,,
1.6325,444,216.6,20.6,0.0085,,
1.6405,445,217.4,20.6,0.0080,,
1.6490,446,217.8,20.6,0.0095,,
1.6565,447,218.3,20.6,0.0085,,
1.6650,448,218.8,20.6,0.0095,,
1.6735,449,219.5,20.6,0.0085,,
1.6820,450,220.0,20.6,0.0085,,
1.6905,451,220.3,20.6,0.0085,,
1.6990,452,220.8,20.6,0.0095,,
1.7065,453,221.3,20.6,0.0085,,
1.7150,454,222.1,20.6,0.0095,,
1.7230,455,222.3,20.6,0.0080,,
1.7315,456,222.7,20.6,0.0085,,
1.7400,457,223.5,20.6,0.0085,,
1.7475,458,223.6,20.6,0.0085,,
1.7560,459,224.3,20.6,0.0095,,
1.7645,460,224.5,20.6,0.0095,,
1.7730,461,224.9,20.6,0.0085,,
1.7810,462,225.5,20.6,0.0080,,
1.7895,463,226.0,20.6,0.0085,,
1.7980,464,226.4,20.6,0.0095,,
1.8055,465,226.6,20.6,0.0085,,
1.8140,466,227.0,20.6,0.0095,,
1.8225,467,227.5,20.6,0.0085,,
1.8310,468,227.8,20.6,0.0085,,
1.8390,469,228.1,20.6,0.0080,,
1.8475,470,228.5,20.6,0.0085,,
1.8550,471,228.8,20.6,0.0085,,
1.8635,472,229.4,20.6,0.0095,,
1.8720,473,229.7,20.6,0.0085,,
1.8805,474,229.9,20.6,0.0085,,
1.8890,475,230.3,20.6,0.0085,,
1.8975,476,230.5,20.6,0.0095,,
1.9050,477,231.0,20.6,0.0085,,
1.9135,478,231.3,20.6,0.0095,,
1.9215,479,231.5,20.6,0.0080,,
1.9300,480,232.0,20.6,0.0085,,
1.9385,481,232.4,20.6,0.0085,,
1.9460,482,232.8,20.6,0.0085,,
1.9545,483,232.9,20.6,0.0095,,
1.9630,484,233.1,20.6,0.0095,,
1.9710,485,233.5,20.6,0.0090,,
1.9790,486,233.8,20.6,0.0080,,
1.9845,487,233.9,20.6,0.0055,,
1.9855,488,234.1,20.6,0.0010,,
1.9860,489,234.3,20.6,0.0005,,
1.9865,490,234.5,20.6,0.0005,,
1.9880,491,234.4,20.6,0.0015,,
1.9895,492,234.5,20.6,0.0015,,
1.9905,493,234.7,20.6,0.0010,,
1.9915,494,234.7,20.6,0.0010,,
1.9925,495,234.7,20.6,0.0010,,
1.9930,496,234.7,20.6,0.0005,,
1.9945,497,234.7,20.6,0.0015,,
1.9960,498,234.9,20.6,0.0015,,
1.9970,499,234.8,20.6,0.0010,,
1.9985,500,234.9,20.6,0.0015,,
1.9995,501,234.9,20.6,0.0010,,
2.0005,502,235.0,20.6,0.0020,,
Scope 1/1, Sample 32/33 (T23)
Result,TitrationEP1
V,t,E,T,dV/dt,E acc. stat.,Volume acc. stat.
0.0000,0,-62.2,20.5,NaN,,
0.0005,1,-62.3,20.5,0.0005,,
0.0025,2,-62.3,20.5,0.0020,,
0.0050,3,-62.2,20.5,0.0025,,
0.0090,4,-62.1,20.5,0.0035,,
0.0150,5,-62.0,20.5,0.0055,,
0.0235,6,-61.5,20.5,0.0075,,
0.0310,7,-61.0,20.5,0.0075,,
0.0395,8,-60.1,20.5,0.0085,,
0.0480,9,-59.2,20.5,0.0085,,
0.0565,10,-58.3,20.5,0.0075,,
0.0645,11,-56.8,20.5,0.0075,,
0.0730,12,-55.5,20.5,0.0075,,
0.0805,13,-54.3,20.5,0.0075,,
0.0890,14,-52.8,20.5,0.0085,,
0.0975,15,-51.3,20.5,0.0085,,
0.1060,16,-49.5,20.5,0.0075,,
0.1145,17,-47.7,20.5,0.0075,,
0.1230,18,-45.9,20.5,0.0075,,
0.1305,19,-44.1,20.5,0.0075,,
0.1390,20,-42.1,20.5,0.0085,,
0.1470,21,-39.8,20.5,0.0075,,
0.1555,22,-37.7,20.5,0.0075,,
0.1640,23,-35.4,20.5,0.0075,,
0.1725,24,-33.2,20.5,0.0085,,
0.1800,25,-30.4,20.5,0.0075,,
0.1885,26,-27.7,20.5,0.0085,,
0.1970,27,-25.1,20.5,0.0075,,
0.2055,28,-22.4,20.5,0.0075,,
0.2135,29,-19.7,20.5,0.0075,,
0.2220,30,-17.5,20.5,0.0085,,
0.2295,31,-15.3,20.5,0.0075,,
0.2380,32,-13.4,20.5,0.0085,,
0.2465,33,-11.4,20.5,0.0075,,
0.2550,34,-9.5,20.5,0.0075,,
0.2635,35,-7.9,20.5,0.0075,,
0.2715,36,-6.3,20.5,0.0075,,
0.2795,37,-4.8,20.5,0.0080,,
0.2875,38,-3.2,20.5,0.0080,,
0.2960,39,-1.8,20.5,0.0075,,
0.3045,40,-0.7,20.5,0.0075,,
0.3130,41,0.4,20.5,0.0075,,
0.3215,42,1.7,20.5,0.0075,,
0.3290,43,2.9,20.5,0.0075,,
0.3375,44,4.3,20.5,0.0085,,
0.3460,45,5.4,20.5,0.0075,,
0.3540,46,6.3,20.5,0.0075,,
0.3625,47,7.5,20.5,0.0075,,
0.3710,48,8.6,20.5,0.0075,,
0.3785,49,9.6,20.5,0.0075,,
0.3870,50,10.5,20.5,0.0085,,
0.3955,51,11.5,20.5,0.0075,,
0.4040,52,12.6,20.5,0.0075,,
0.4125,53,13.4,20.5,0.0075,,
0.4205,54,14.4,20.5,0.0075,,
0.4280,55,15.3,20.5,0.0075,,
0.4365,56,16.2,20.6,0.0085,,
0.4450,57,17.4,20.6,0.0075,,
0.4535,58,18.2,20.6,0.0075,,
0.4620,59,19.1,20.5,0.0075,,
0.4705,60,20.1,20.5,0.0075,,
0.4780,61,20.9,20.5,0.0075,,
0.4865,62,22.0,20.6,0.0085,,
0.4945,63,22.8,20.6,0.0075,,
0.5030,64,23.7,20.5,0.0075,,
0.5115,65,24.7,20.5,0.0075,,
0.5200,66,25.6,20.6,0.0075,,
0.5275,67,26.5,20.6,0.0075,,
0.5360,68,27.3,20.5,0.0085,,
0.5445,69,28.2,20.5,0.0075,,
0.5525,70,29.3,20.6,0.0075,,
0.5610,71,30.2,20.6,0.0075,,
0.5695,72,31.0,20.6,0.0075,,
0.5770,73,31.9,20.6,0.0075,,
0.5855,74,32.8,20.5,0.0085,,
0.5940,75,33.8,20.6,0.0075,,
0.6025,76,34.6,20.6,0.0075,,
0.6110,77,35.5,20.6,0.0075,,
0.6190,78,36.6,20.6,0.0075,,
0.6270,79,37.4,20.6,0.0080,,
0.6350,80,38.4,20.6,0.0080,,
0.6435,81,39.2,20.6,0.0075,,
0.6520,82,40.1,20.6,0.0075,,
0.6605,83,41.2,20.6,0.0075,,
0.6690,84,42.0,20.6,0.0085,,
0.6765,85,43.0,20.6,0.0075,,
0.6850,86,43.9,20.6,0.0085,,
0.6935,87,44.8,20.6,0.0075,,
0.7015,88,45.9,20.6,0.0075,,
0.7100,89,46.8,20.6,0.0075,,
0.7185,90,47.7,20.6,0.0085,,
0.7260,91,48.6,20.6,0.0075,,
0.7345,92,49.7,20.6,0.0085,,
0.7430,93,50.9,20.6,0.0075,,
0.7515,94,51.7,20.6,0.0075,,
0.7595,95,52.7,20.6,0.0075,,
0.7680,96,53.5,20.6,0.0085,,
0.7755,97,54.6,20.6,0.0075,,
0.7840,98,55.7,20.6,0.0085,,
0.7925,99,56.6,20.6,0.0075,,
0.8010,100,57.6,20.6,0.0075,,
0.8095,101,58.7,20.6,0.0075,,
0.8180,102,59.6,20.6,0.0085,,
0.8255,103,60.6,20.6,0.0075,,
0.8340,104,61.6,20.6,0.0085,,
0.8420,105,62.6,20.6,0.0075,,
0.8505,106,63.7,20.6,0.0075,,
0.8590,107,64.7,20.6,0.0075,,
0.8675,108,65.7,20.6,0.0085,,
0.8750,109,66.5,20.6,0.0075,,
0.8835,110,67.7,20.6,0.0085,,
0.8920,111,68.8,20.6,0.0075,,
0.9000,112,69.8,20.6,0.0075,,
0.9085,113,70.8,20.6,0.0075,,
0.9170,114,72.0,20.6,0.0075,,
0.9245,115,72.9,20.6,0.0075,,
0.9330,116,74.1,20.6,0.0085,,
0.9415,117,75.2,20.6,0.0075,,
0.9500,118,76.2,20.6,0.0075,,
0.9580,119,77.4,20.6,0.0075,,
0.9665,120,78.6,20.6,0.0075,,
0.9740,121,79.7,20.6,0.0075,,
0.9825,122,80.9,20.6,0.0085,,
0.9910,123,81.9,20.6,0.0085,,
0.9995,124,83.2,20.6,0.0075,,
1.0080,125,84.5,20.6,0.0075,,
1.0165,126,85.6,20.6,0.0075,,
1.0240,127,86.8,20.6,0.0075,,
1.0325,128,88.1,20.6,0.0085,,
1.0405,129,89.5,20.6,0.0075,,
1.0490,130,90.7,20.6,0.0075,,
1.0575,131,91.8,20.6,0.0075,,
1.0660,132,93.2,20.6,0.0075,,
1.0735,133,94.3,20.6,0.0075,,
1.0820,134,95.8,20.6,0.0085,,
1.0905,135,97.4,20.6,0.0085,,
1.0985,136,98.7,20.6,0.0075,,
1.1070,137,100.3,20.6,0.0075,,
1.1155,138,101.9,20.6,0.0075,,
1.1230,139,103.3,20.6,0.0075,,
1.1315,140,104.9,20.6,0.0085,,
1.1400,141,106.7,20.6,0.0085,,
1.1485,142,108.5,20.6,0.0075,,
1.1570,143,110.5,20.6,0.0075,,
1.1650,144,112.2,20.6,0.0075,,
1.1730,145,114.1,20.6,0.0080,,
1.1810,146,116.1,20.6,0.0080,,
1.1895,147,118.7,20.6,0.0075,,
1.1980,148,121.1,20.6,0.0075,,
1.2065,149,123.6,20.6,0.0075,,
1.2150,150,126.3,20.6,0.0075,,
1.2225,151,128.9,20.6,0.0075,,
1.2310,152,131.9,20.6,0.0085,,
1.2390,153,135.2,20.6,0.0075,,
1.2475,154,138.3,20.6,0.0075,,
1.2560,155,142.3,20.6,0.0075,,
1.2645,156,146.0,20.6,0.0075,,
1.2720,157,149.6,20.6,0.0075,,
1.2805,158,153.3,20.6,0.0085,,
1.2890,159,157.2,20.6,0.0085,,
1.2975,160,161.0,20.6,0.0075,,
1.3055,161,164.6,20.6,0.0075,,
1.3140,162,167.7,20.6,0.0075,,
1.3215,163,170.7,20.6,0.0075,,
1.3300,164,173.5,20.6,0.0085,,
1.3385,165,176.3,20.6,0.0085,,
1.3470,166,178.9,20.6,0.0075,,
1.3555,167,181.1,20.6,0.0075,,
1.3635,168,183.4,20.6,0.0075,,
1.3730,169,185.0,20.6,0.0080,,
1.3730,409,188.9,20.6,0.0000,,
1.3735,410,188.9,20.6,0.0005,,
1.3750,411,188.9,20.6,0.0010,,
1.3780,412,189.1,20.6,0.0020,,
1.3820,413,189.5,20.6,0.0030,,
1.3880,414,190.2,20.6,0.0045,,
1.3965,415,191.5,20.6,0.0060,,
1.4040,416,192.8,20.6,0.0060,,
1.4125,417,194.1,20.6,0.0065,,
1.4210,418,195.4,20.6,0.0065,,
1.4295,419,196.8,20.6,0.0060,,
1.4375,420,198.0,20.6,0.0055,,
1.4460,421,199.1,20.6,0.0060,,
1.4535,422,200.2,20.6,0.0060,,
1.4620,423,201.2,20.6,0.0065,,
1.4705,424,202.4,20.6,0.0065,,
1.4790,425,203.4,20.6,0.0060,,
1.4875,426,204.2,20.6,0.0060,,
1.4960,427,205.1,20.6,0.0065,,
1.5035,428,206.0,20.6,0.0060,,
1.5120,429,207.1,20.6,0.0065,,
1.5200,430,208.0,20.6,0.0055,,
1.5285,431,208.6,20.6,0.0060,,
1.5370,432,209.4,20.6,0.0060,,
1.5455,433,210.4,20.6,0.0060,,
1.5530,434,211.0,20.6,0.0060,,
1.5615,435,211.6,20.6,0.0065,,
1.5700,436,212.3,20.6,0.0065,,
1.5780,437,213.1,20.6,0.0055,,
1.5865,438,213.8,20.6,0.0060,,
1.5950,439,214.4,20.6,0.0060,,
1.6025,440,214.9,20.6,0.0060,,
1.6110,441,215.4,20.6,0.0065,,
1.6195,442,216.1,20.6,0.0065,,
1.6280,443,216.8,20.6,0.0060,,
1.6360,444,217.4,20.6,0.0055,,
1.6445,445,218.0,20.6,0.0060,,
1.6520,446,218.4,20.6,0.0060,,
1.6605,447,219.1,20.6,0.0065,,
1.6690,448,219.7,20.6,0.0065,,
1.6775,449,220.0,20.6,0.0060,,
1.6860,450,220.6,20.6,0.0060,,
1.6945,451,221.2,20.6,0.0060,,
1.7020,452,221.6,20.6,0.0060,,
1.7100,453,222.1,20.6,0.0060,,
1.7185,454,222.4,20.6,0.0065,,
1.7270,455,223.0,20.6,0.0060,,
1.7355,456,223.5,20.6,0.0060,,
1.7440,457,223.8,20.6,0.0060,,
1.7515,458,224.4,20.6,0.0060,,
1.7600,459,224.6,20.6,0.0065,,
1.7685,460,225.1,20.6,0.0065,,
1.7765,461,225.6,20.6,0.0055,,
1.7850,462,225.9,20.6,0.0060,,
1.7935,463,226.3,20.6,0.0060,,
1.8010,464,226.6,20.6,0.0060,,
1.8095,465,227.1,20.6,0.0065,,
1.8180,466,227.6,20.6,0.0065,,
1.8265,467,227.7,20.6,0.0060,,
1.8350,468,228.1,20.6,0.0060,,
1.8430,469,228.6,20.6,0.0055,,
1.8510,470,228.9,20.6,0.0060,,
1.8590,471,229.2,20.6,0.0060,,
1.8675,472,229.4,20.6,0.0060,,
1.8760,473,229.9,20.6,0.0060,,
1.8845,474,230.3,20.6,0.0060,,
1.8930,475,230.6,20.6,0.0060,,
1.9005,476,231.0,20.6,0.0060,,
1.9090,477,231.3,20.6,0.0065,,
1.9170,478,231.6,20.6,0.0060,,
1.9255,479,231.9,20.6,0.0060,,
1.9340,480,232.2,20.6,0.0060,,
1.9425,481,232.4,20.6,0.0060,,
1.9500,482,232.8,20.6,0.0060,,
1.9585,483,233.2,20.6,0.0065,,
1.9665,484,233.6,20.6,0.0060,,
1.9745,485,233.8,20.6,0.0055,,
1.9810,486,234.1,20.6,0.0045,,
1.9825,487,234.4,20.6,0.0010,,
1.9830,488,234.4,20.6,0.0005,,
1.9840,489,234.5,20.6,0.0010,,
1.9855,490,234.4,20.6,0.0010,,
1.9875,491,234.4,20.6,0.0015,,
1.9890,492,234.7,20.6,0.0010,,
1.9900,493,234.7,20.6,0.0005,,
1.9905,494,234.7,20.6,0.0005,,
1.9910,495,234.7,20.6,0.0005,,
1.9930,496,234.6,20.6,0.0015,,
1.9945,497,234.8,20.6,0.0010,,
1.9955,498,234.9,20.6,0.0005,,
1.9965,499,234.8,20.6,0.0005,,
1.9970,500,235.0,20.6,0.0005,,
Scope 1/1, Sample 33/33 (T24)
Result,TitrationEP1
V,t,E,T,dV/dt,E acc. stat.,Volume acc. stat.
0.0000,0,-61.7,20.5,NaN,,
0.0005,1,-61.7,20.5,0.0005,,
0.0025,2,-61.9,20.5,0.0020,,
0.0050,3,-61.7,20.5,0.0025,,
0.0090,4,-61.7,20.5,0.0035,,
0.0150,5,-61.5,20.6,0.0055,,
0.0235,6,-61.0,20.6,0.0075,,
0.0320,7,-60.4,20.6,0.0085,,
0.0395,8,-59.3,20.6,0.0075,,
0.0480,9,-58.2,20.5,0.0085,,
0.0565,10,-57.1,20.6,0.0075,,
0.0645,11,-55.6,20.5,0.0075,,
0.0730,12,-54.3,20.6,0.0075,,
0.0810,13,-52.8,20.6,0.0080,,
0.0890,14,-51.3,20.5,0.0080,,
0.0975,15,-49.7,20.5,0.0075,,
0.1060,16,-47.8,20.5,0.0075,,
0.1145,17,-45.9,20.5,0.0075,,
0.1230,18,-44.0,20.5,0.0075,,
0.1305,19,-42.1,20.6,0.0075,,
0.1390,20,-39.8,20.6,0.0085,,
0.1470,21,-37.5,20.6,0.0075,,
0.1555,22,-35.0,20.6,0.0075,,
0.1640,23,-32.5,20.5,0.0075,,
0.1725,24,-29.7,20.6,0.0075,,
0.1800,25,-27.1,20.6,0.0075,,
0.1885,26,-24.1,20.6,0.0085,,
0.1970,27,-21.4,20.6,0.0075,,
0.2055,28,-18.6,20.6,0.0075,,
0.2135,29,-16.0,20.6,0.0075,,
0.2220,30,-13.5,20.6,0.0075,,
0.2305,31,-11.5,20.6,0.0085,,
0.2380,32,-9.5,20.6,0.0075,,
0.2465,33,-7.6,20.6,0.0085,,
0.2550,34,-5.6,20.6,0.0075,,
0.2635,35,-3.8,20.6,0.0075,,
0.2715,36,-2.3,20.6,0.0075,,
0.2795,37,-1.1,20.6,0.0080,,
0.2875,38,0.2,20.6,0.0080,,
0.2960,39,1.6,20.6,0.0085,,
0.3045,40,3.1,20.6,0.0075,,
0.3130,41,4.3,20.6,0.0075,,
0.3215,42,5.7,20.6,0.0075,,
0.3290,43,6.6,20.6,0.0075,,
0.3375,44,7.9,20.6,0.0085,,
0.3455,45,9.0,20.6,0.0080,,
0.3540,46,10.1,20.6,0.0075,,
0.3625,47,11.3,20.6,0.0075,,
0.3710,48,12.4,20.6,0.0075,,
0.3785,49,13.4,20.6,0.0075,,
0.3870,50,14.4,20.6,0.0085,,
0.3955,51,15.4,20.6,0.0085,,
0.4040,52,16.5,20.6,0.0075,,
0.4120,53,17.5,20.6,0.0075,,
0.4205,54,18.5,20.6,0.0075,,
0.4280,55,19.5,20.6,0.0075,,
0.4365,56,20.5,20.6,0.0085,,
0.4450,57,21.3,20.6,0.0075,,
0.4535,58,22.2,20.6,0.0075,,
0.4620,59,23.1,20.6,0.0075,,
0.4705,60,24.1,20.6,0.0075,,
0.4780,61,25.0,20.6,0.0075,,
0.4865,62,26.0,20.6,0.0085,,
0.4945,63,27.0,20.6,0.0080,,
0.5030,64,27.9,20.6,0.0075,,
0.5115,65,29.0,20.6,0.0075,,
0.5200,66,29.9,20.6,0.0075,,
0.5275,67,30.7,20.6,0.0075,,
0.5360,68,31.5,20.6,0.0085,,
0.5445,69,32.4,20.6,0.0075,,
0.5530,70,33.5,20.6,0.0075,,
0.5610,71,34.3,20.6,0.0075,,
0.5695,72,35.1,20.6,0.0075,,
0.5770,73,36.2,20.6,0.0075,,
0.5855,74,37.0,20.6,0.0085,,
0.5940,75,37.9,20.6,0.0075,,
0.6025,76,38.8,20.6,0.0075,,
0.6110,77,39.7,20.6,0.0075,,
0.6190,78,40.6,20.6,0.0075,,
0.6270,79,41.6,20.6,0.0080,,
0.6350,80,42.6,20.6,0.0080,,
0.6435,81,43.3,20.6,0.0075,,
0.6520,82,44.3,20.6,0.0075,,
0.6605,83,45.3,20.6,0.0075,,
0.6690,84,46.1,20.6,0.0085,,
0.6765,85,47.1,20.6,0.0075,,
0.6850,86,48.0,20.6,0.0085,,
0.6935,87,48.9,20.6,0.0075,,
0.7015,88,50.0,20.6,0.0075,,
0.7100,89,50.9,20.6,0.0075,,
0.7185,90,51.8,20.6,0.0085,,
0.7260,91,52.7,20.6,0.0075,,
0.7345,92,53.8,20.6,0.0085,,
0.7430,93,54.9,20.6,0.0075,,
0.7515,94,55.7,20.6,0.0075,,
0.7600,95,56.8,20.6,0.0075,,
0.7680,96,57.8,20.6,0.0075,,
0.7755,97,58.7,20.6,0.0075,,
0.7840,98,59.7,20.6,0.0085,,
0.7925,99,60.7,20.6,0.0075,,
0.8010,100,61.7,20.6,0.0075,,
0.8095,101,62.9,20.6,0.0075,,
0.8180,102,63.9,20.6,0.0075,,
0.8255,103,64.8,20.6,0.0075,,
0.8340,104,65.8,20.6,0.0085,,
0.8420,105,66.8,20.6,0.0075,,
0.8505,106,68.0,20.6,0.0075,,
0.8590,107,68.9,20.6,0.0075,,
0.8675,108,69.8,20.6,0.0075,,
0.8750,109,70.7,20.6,0.0075,,
0.8835,110,71.9,20.6,0.0085,,
0.8920,111,73.0,20.6,0.0075,,
0.9000,112,73.9,20.6,0.0075,,
0.9085,113,74.9,20.6,0.0075,,
0.9170,114,76.1,20.6,0.0075,,
0.9245,115,77.1,20.6,0.0075,,
0.9330,116,78.1,20.6,0.0085,,
0.9415,117,79.1,20.6,0.0075,,
0.9500,118,80.2,20.6,0.0075,,
0.9585,119,81.3,20.6,0.0075,,
0.9665,120,82.4,20.6,0.0075,,
0.9745,121,83.6,20.6,0.0080,,
0.9825,122,84.7,20.6,0.0080,,
0.9910,123,86.0,20.6,0.0075,,
0.9995,124,87.1,20.6,0.0075,,
1.0080,125,88.3,20.6,0.0075,,
1.0165,126,89.4,20.6,0.0075,,
1.0240,127,90.6,20.6,0.0075,,
1.0325,128,92.0,20.6,0.0085,,
1.0410,129,93.3,20.6,0.0075,,
1.0490,130,94.5,20.6,0.0075,,
1.0575,131,96.0,20.6,0.0075,,
1.0660,132,97.4,20.6,0.0085,,
1.0735,133,98.9,20.6,0.0075,,
1.0820,134,100.4,20.6,0.0085,,
1.0905,135,101.8,20.6,0.0075,,
1.0990,136,103.4,20.6,0.0075,,
1.1070,137,105.0,20.6,0.0075,,
1.1155,138,106.2,20.6,0.0085,,
1.1230,139,107.9,20.6,0.0075,,
1.1315,140,109.7,20.6,0.0085,,
1.1400,141,111.4,20.6,0.0075,,
1.1485,142,113.4,20.6,0.0075,,
1.1570,143,115.3,20.6,0.0075,,
1.1650,144,117.3,20.6,0.0075,,
1.1730,145,119.4,20.6,0.0080,,
1.1810,146,121.9,20.6,0.0080,,
1.1895,147,124.4,20.6,0.0075,,
1.1980,148,127.1,20.6,0.0075,,
1.2065,149,129.9,20.6,0.0075,,
1.2150,150,133.1,20.6,0.0075,,
1.2225,151,135.9,20.6,0.0075,,
1.2310,152,139.2,20.6,0.0085,,
1.2390,153,142.7,20.6,0.0080,,
1.2475,154,146.1,20.6,0.0075,,
1.2560,155,149.8,20.6,0.0075,,
1.2645,156,153.7,20.6,0.0075,,
1.2720,157,157.0,20.6,0.0075,,
1.2805,158,160.5,20.6,0.0085,,
1.2890,159,164.0,20.6,0.0085,,
1.2975,160,167.6,20.6,0.0075,,
1.3055,161,170.6,20.6,0.0075,,
1.3140,162,173.5,20.6,0.0075,,
1.3215,163,176.2,20.6,0.0075,,
1.3300,164,178.6,20.6,0.0085,,
1.3385,165,181.0,20.6,0.0085,,
1.3470,166,183.2,20.6,0.0075,,
1.3575,167,185.0,20.6,0.0075,,
1.3575,407,188.6,20.6,0.0000,,
1.3580,408,188.5,20.6,0.0005,,
1.3595,410,188.5,20.6,0.0010,,
1.3620,410,188.8,20.6,0.0050,,
1.3660,412,189.2,20.6,0.0025,,
1.3720,413,190.1,20.6,0.0100,,
1.3800,414,191.3,20.6,0.0135,,
1.3875,414,192.5,20.6,0.0150,,
1.3960,416,194.1,20.6,0.0055,,
1.4045,416,195.4,20.6,0.0170,,
1.4130,418,196.8,20.6,0.0055,,
1.4215,419,198.1,20.6,0.0140,,
1.4295,420,199.1,20.6,0.0135,,
1.4380,420,200.1,20.6,0.0170,,
1.4455,422,201.2,20.6,0.0050,,
1.4540,422,202.4,20.6,0.0170,,
1.4625,424,203.4,20.6,0.0055,,
1.4710,425,204.3,20.6,0.0140,,
1.4795,426,205.2,20.6,0.0140,,
1.4870,426,206.0,20.6,0.0150,,
1.4955,428,207.0,20.6,0.0055,,
1.5035,428,207.9,20.6,0.0160,,
1.5120,430,208.6,20.6,0.0055,,
1.5205,431,209.4,20.6,0.0140,,
1.5290,432,210.3,20.6,0.0140,,
1.5365,432,210.9,20.6,0.0150,,
1.5450,434,211.7,20.6,0.0055,,
1.5535,434,212.4,20.6,0.0170,,
1.5620,436,213.0,20.6,0.0055,,
1.5700,437,213.8,20.6,0.0135,,
1.5785,438,214.5,20.6,0.0140,,
1.5870,438,215.1,20.6,0.0170,,
1.5945,440,215.7,20.6,0.0050,,
1.6030,440,216.1,20.6,0.0170,,
1.6115,442,216.8,20.6,0.0055,,
1.6200,443,217.4,20.6,0.0140,,
1.6280,444,217.9,20.6,0.0135,,
1.6365,444,218.4,20.6,0.0170,,
1.6440,446,218.9,20.6,0.0050,,
1.6525,447,219.6,20.6,0.0140,,
1.6610,448,220.0,20.6,0.0140,,
1.6695,449,220.6,20.6,0.0140,,
1.6780,450,221.2,20.6,0.0140,,
1.6865,450,221.6,20.6,0.0170,,
1.6940,452,222.0,20.6,0.0050,,
1.7025,452,222.4,20.6,0.0170,,
1.7105,454,222.9,20.6,0.0050,,
1.7190,455,223.4,20.6,0.0140,,
1.7275,456,223.8,20.6,0.0140,,
1.7360,456,224.3,20.6,0.0170,,
1.7435,458,224.7,20.6,0.0050,,
1.7520,458,225.0,20.6,0.0170,,
1.7605,460,225.6,20.6,0.0055,,
1.7685,461,225.9,20.6,0.0135,,
1.7770,462,226.3,20.6,0.0140,,
1.7845,462,226.7,20.6,0.0150,,
1.7930,464,227.1,20.6,0.0055,,
1.8015,464,227.7,20.6,0.0170,,
1.8100,466,228.0,20.6,0.0055,,
1.8185,467,228.4,20.6,0.0140,,
1.8270,468,228.9,20.6,0.0140,,
1.8345,468,228.9,20.6,0.0150,,
1.8430,470,229.4,20.6,0.0055,,
1.8510,470,229.7,20.6,0.0160,,
1.8595,472,230.0,20.6,0.0055,,
1.8680,473,230.5,20.6,0.0140,,
1.8765,474,230.7,20.6,0.0140,,
1.8840,474,231.1,20.6,0.0150,,
1.8925,476,231.3,20.6,0.0055,,
1.9010,476,231.7,20.6,0.0170,,
1.9095,478,232.1,20.6,0.0055,,
1.9175,479,232.4,20.6,0.0135,,
1.9260,480,232.7,20.6,0.0140,,
1.9345,480,232.9,20.6,0.0170,,
1.9420,482,233.3,20.6,0.0050,,
1.9505,482,233.7,20.6,0.0170,,
1.9585,484,233.9,20.6,0.0050,,
1.9625,485,234.2,20.6,0.0065,,
1.9630,486,234.3,20.6,0.0010,,
1.9635,486,234.3,20.6,0.0010,,
1.9645,488,234.4,20.6,0.0005,,
1.9655,488,234.3,20.6,0.0020,,
1.9665,490,234.3,20.6,0.0005,,
1.9685,491,234.4,20.6,0.0035,,
1.9710,492,234.5,20.6,0.0040,,
1.9725,493,234.5,20.6,0.0025,,
1.9740,494,234.6,20.6,0.0030,,
1.9765,494,234.7,20.6,0.0050,,
1.9790,496,234.8,20.6,0.0015,,
1.9795,496,235.1,20.6,NaN,,
