"SampleID","TA","Mass","Sample.Index"
"junk1",2281.66803202473,59.9945,1
"crm",2230.36180941549,60.0244,2
