"SampleID","TA","Mass","Sample.Index"
"junk1",2236.72424790887,60.1535,1
"junk2",2245.1489970967,60.4861,2
"crm",2231.69646016827,60.0728,3
