"SampleID","TA","Mass","Sample.Index","TA_evap"
"Junk1",2342.11905179774,59.6994,1,2342.11905179774
"CRM",2251.0958013508,59.9223,2,2249.81019552478
