SampleID,TA,Mass,Sample.Index,TA_evap
Junk1,2353.636246,60.2509,1,2353.636246
CRM,2247.825951,59.6623,2,2246.542213
