"SampleID","TA","Mass","Sample.Index","TA_evap"
"Junk1",2351.63955618544,60.1529,1,2351.63955618544
"CRM",2248.44275569278,59.6054,2,2247.15866502705
