"SampleID","TA","Mass","Sample.Index"
"junk1",2282.45876484261,60.3332,1
"junk2",2265.72211205635,60.4772,2
"junk3",2272.47882650791,60.0148,3
"crm",2207.9579225778,60.175,4
