"SampleID","TA","Mass","Sample.Index"
"junk1",2234.47340374978,60.0209,1
"junk2",2204.56836317738,59.7706,2
"junk3",2205.37373743454,59.8398,3
"crm",2236.70695013915,60.0377,4
