SampleID,TA,Mass,Sample.Index,TA_evap
junk1,2186.902868,60.0668,1,2186.902868
junk2,2171.732789,60.1207,2,2170.492507
junk3,2181.772386,59.8081,3,2179.281779
junk4,2713.114966,59.9772,4,2708.471871
junk5,5759.721176,59.8007,5,5746.586122
junk6,3403.853969,60.0276,6,3394.15638
crm,3167.93567,60.0216,7,3157.111288
