"SampleID","TA","Mass","Sample.Index"
"junk1",1936.43099178437,60.1359,1
"junk2",1955.31420433224,59.9874,2
"crm",2240.49766278385,59.9716,3
