"SampleID","TA","Mass","Sample.Index","TA_evap"
"j4",2255.37254359418,59.6676,1,2255.37254359418
"j5",2247.91961406263,59.6354,2,2246.63582216425
"crm_2",2214.96336096315,59.6018,3,2212.43486397574
