Task,T2035
Scope 1/1, Sample 1/32 (junk1)
Result,TitrationEP1
V,t,E,T,dV/dt,E acc. stat.,Volume acc. stat.
0.0000,0,-62.6,22.3,NaN,,
0.0010,1,-62.6,22.3,0.0010,,
0.0025,2,-62.7,22.3,0.0015,,
0.0050,3,-62.4,22.3,0.0025,,
0.0090,4,-62.3,22.3,0.0035,,
0.0150,5,-62.3,22.3,0.0055,,
0.0235,6,-61.9,22.3,0.0075,,
0.0320,7,-61.5,22.3,0.0085,,
0.0395,8,-60.6,22.3,0.0075,,
0.0480,9,-59.8,22.3,0.0075,,
0.0565,10,-58.8,22.3,0.0075,,
0.0650,11,-57.7,22.3,0.0075,,
0.0735,12,-56.5,22.3,0.0075,,
0.0810,13,-55.4,22.3,0.0075,,
0.0895,14,-54.2,22.3,0.0085,,
0.0975,15,-52.9,22.3,0.0075,,
0.1060,16,-51.3,22.3,0.0075,,
0.1145,17,-49.8,22.3,0.0075,,
0.1230,18,-48.4,22.3,0.0075,,
0.1315,19,-46.8,22.3,0.0075,,
0.1390,20,-45.2,22.3,0.0075,,
0.1475,21,-43.2,22.3,0.0075,,
0.1555,22,-41.3,22.3,0.0075,,
0.1640,23,-39.5,22.3,0.0075,,
0.1725,24,-37.4,22.3,0.0075,,
0.1810,25,-35.2,22.3,0.0075,,
0.1885,26,-33.1,22.3,0.0075,,
0.1970,27,-30.5,22.3,0.0085,,
0.2055,28,-28.0,22.3,0.0075,,
0.2135,29,-25.2,22.3,0.0075,,
0.2220,30,-22.2,22.3,0.0075,,
0.2305,31,-19.4,22.3,0.0075,,
0.2380,32,-16.9,22.3,0.0075,,
0.2465,33,-14.3,22.3,0.0085,,
0.2550,34,-11.7,22.3,0.0075,,
0.2635,35,-9.2,22.3,0.0075,,
0.2715,36,-6.9,22.3,0.0075,,
0.2800,37,-4.8,22.3,0.0075,,
0.2875,38,-3.1,22.3,0.0075,,
0.2960,39,-1.4,22.3,0.0085,,
0.3045,40,0.2,22.3,0.0075,,
0.3130,41,1.7,22.3,0.0075,,
0.3215,42,3.1,22.3,0.0075,,
0.3300,43,4.7,22.3,0.0075,,
0.3375,44,5.9,22.3,0.0075,,
0.3460,45,7.3,22.3,0.0085,,
0.3540,46,8.3,22.3,0.0075,,
0.3625,47,9.6,22.3,0.0075,,
0.3710,48,10.8,22.3,0.0075,,
0.3795,49,11.8,22.3,0.0075,,
0.3870,50,12.8,22.3,0.0075,,
0.3955,51,13.7,22.3,0.0085,,
0.4040,52,14.8,22.3,0.0075,,
0.4120,53,16.0,22.3,0.0075,,
0.4205,54,16.9,22.3,0.0075,,
0.4290,55,17.9,22.3,0.0075,,
0.4365,56,18.7,22.3,0.0075,,
0.4450,57,19.8,22.3,0.0085,,
0.4535,58,20.9,22.3,0.0075,,
0.4620,59,21.7,22.3,0.0075,,
0.4705,60,22.6,22.3,0.0075,,
0.4785,61,23.7,22.3,0.0075,,
0.4865,62,24.5,22.3,0.0080,,
0.4945,63,25.4,22.3,0.0080,,
0.5030,64,26.2,22.3,0.0075,,
0.5115,65,27.2,22.3,0.0075,,
0.5200,66,28.1,22.3,0.0075,,
0.5285,67,29.0,22.3,0.0075,,
0.5360,68,29.9,22.3,0.0075,,
0.5445,69,30.6,22.3,0.0075,,
0.5530,70,31.7,22.3,0.0075,,
0.5610,71,32.6,22.3,0.0075,,
0.5695,72,33.4,22.3,0.0075,,
0.5780,73,34.1,22.3,0.0085,,
0.5855,74,35.0,22.3,0.0075,,
0.5940,75,36.0,22.3,0.0075,,
0.6025,76,36.9,22.3,0.0075,,
0.6110,77,37.6,22.3,0.0075,,
0.6195,78,38.6,22.3,0.0075,,
0.6275,79,39.3,22.3,0.0080,,
0.6350,80,40.3,22.3,0.0075,,
0.6435,81,41.1,22.3,0.0075,,
0.6520,82,42.0,22.3,0.0075,,
0.6605,83,43.0,22.3,0.0075,,
0.6690,84,44.1,22.3,0.0075,,
0.6775,85,44.9,22.3,0.0075,,
0.6850,86,45.8,22.3,0.0075,,
0.6935,87,46.5,22.3,0.0085,,
0.7015,88,47.5,22.3,0.0075,,
0.7100,89,48.5,22.3,0.0075,,
0.7185,90,49.2,22.3,0.0075,,
0.7270,91,50.2,22.3,0.0085,,
0.7345,92,50.9,22.3,0.0075,,
0.7430,93,51.8,22.3,0.0085,,
0.7515,94,52.8,22.3,0.0075,,
0.7595,95,53.6,22.3,0.0075,,
0.7680,96,54.4,22.3,0.0075,,
0.7765,97,55.4,22.3,0.0075,,
0.7840,98,56.2,22.3,0.0075,,
0.7925,99,57.2,22.3,0.0085,,
0.8010,100,58.0,22.3,0.0075,,
0.8095,101,58.9,22.3,0.0075,,
0.8175,102,60.0,22.3,0.0075,,
0.8260,103,60.9,22.3,0.0075,,
0.8335,104,61.7,22.3,0.0075,,
0.8420,105,62.5,22.3,0.0085,,
0.8505,106,63.3,22.3,0.0075,,
0.8590,107,64.4,22.3,0.0075,,
0.8675,108,65.4,22.3,0.0075,,
0.8760,109,66.3,22.3,0.0075,,
0.8835,110,67.1,22.3,0.0075,,
0.8920,111,68.0,22.3,0.0085,,
0.9000,112,69.0,22.3,0.0075,,
0.9085,113,69.9,22.3,0.0075,,
0.9170,114,70.7,22.3,0.0075,,
0.9255,115,71.8,22.3,0.0075,,
0.9330,116,72.6,22.3,0.0075,,
0.9415,117,73.7,22.3,0.0085,,
0.9500,118,74.5,22.3,0.0075,,
0.9580,119,75.4,22.3,0.0075,,
0.9665,120,76.6,22.3,0.0075,,
0.9750,121,77.7,22.3,0.0075,,
0.9825,122,78.7,22.3,0.0075,,
0.9910,123,79.6,22.3,0.0085,,
0.9995,124,80.7,22.3,0.0075,,
1.0080,125,81.7,22.3,0.0075,,
1.0165,126,82.8,22.3,0.0075,,
1.0245,127,83.7,22.3,0.0075,,
1.0325,128,84.6,22.3,0.0080,,
1.0405,129,85.7,22.3,0.0080,,
1.0490,130,86.9,22.3,0.0075,,
1.0575,131,87.8,22.3,0.0075,,
1.0660,132,88.9,22.3,0.0075,,
1.0745,133,90.2,22.3,0.0075,,
1.0820,134,91.0,22.3,0.0075,,
1.0905,135,92.2,22.3,0.0085,,
1.0990,136,93.2,22.3,0.0075,,
1.1070,137,94.4,22.3,0.0075,,
1.1155,138,95.7,22.3,0.0075,,
1.1240,139,97.0,22.3,0.0075,,
1.1315,140,98.2,22.3,0.0075,,
1.1400,141,99.5,22.3,0.0085,,
1.1485,142,100.9,22.3,0.0075,,
1.1570,143,102.2,22.3,0.0075,,
1.1650,144,103.6,22.3,0.0075,,
1.1735,145,105.0,22.3,0.0075,,
1.1810,146,106.4,22.3,0.0075,,
1.1895,147,108.1,22.3,0.0085,,
1.1980,148,109.9,22.3,0.0075,,
1.2065,149,111.3,22.3,0.0075,,
1.2150,150,113.0,22.3,0.0075,,
1.2235,151,115.1,22.3,0.0075,,
1.2310,152,116.8,22.3,0.0075,,
1.2390,153,118.9,22.3,0.0080,,
1.2475,154,121.0,22.3,0.0075,,
1.2560,155,123.3,22.3,0.0075,,
1.2645,156,125.9,22.3,0.0075,,
1.2730,157,128.3,22.3,0.0075,,
1.2805,158,130.9,22.3,0.0075,,
1.2890,159,133.7,22.3,0.0085,,
1.2975,160,136.8,22.3,0.0075,,
1.3055,161,140.2,22.3,0.0075,,
1.3140,162,143.6,22.3,0.0075,,
1.3225,163,147.1,22.3,0.0075,,
1.3300,164,150.5,22.3,0.0075,,
1.3385,165,154.6,22.3,0.0085,,
1.3470,166,158.5,22.3,0.0075,,
1.3555,167,161.8,22.3,0.0075,,
1.3640,168,165.4,22.3,0.0075,,
1.3720,169,169.2,22.3,0.0075,,
1.3795,170,172.2,22.3,0.0075,,
1.3880,171,175.3,22.3,0.0085,,
1.3965,172,178.2,22.3,0.0075,,
1.4050,173,180.7,22.3,0.0075,,
1.4135,174,183.3,22.3,0.0075,,
1.4220,175,185.0,22.3,0.0075,,
1.4220,415,189.1,22.3,0.0000,,
1.4225,416,189.0,22.3,0.0005,,
1.4240,417,188.9,22.3,0.0010,,
1.4265,418,189.2,22.3,0.0020,,
1.4305,419,189.8,22.3,0.0030,,
1.4365,420,190.5,22.3,0.0045,,
1.4445,421,191.8,22.3,0.0060,,
1.4525,422,193.0,22.3,0.0065,,
1.4605,423,194.8,22.3,0.0065,,
1.4690,424,196.3,22.3,0.0070,,
1.4775,425,197.6,22.3,0.0065,,
1.4860,426,199.0,22.3,0.0065,,
1.4945,427,200.3,22.3,0.0065,,
1.5020,428,201.4,22.3,0.0060,,
1.5105,429,202.5,22.3,0.0070,,
1.5190,430,203.7,22.3,0.0070,,
1.5270,431,204.8,22.3,0.0060,,
1.5355,432,205.8,22.3,0.0065,,
1.5440,433,206.6,22.3,0.0065,,
1.5515,434,207.7,22.3,0.0060,,
1.5600,435,208.6,22.3,0.0070,,
1.5685,436,209.6,22.3,0.0065,,
1.5770,437,210.4,22.3,0.0065,,
1.5850,438,211.2,22.3,0.0060,,
1.5935,439,212.0,22.3,0.0070,,
1.6015,440,212.8,22.3,0.0065,,
1.6095,441,213.7,22.3,0.0065,,
1.6180,442,214.4,22.3,0.0065,,
1.6265,443,215.1,22.3,0.0065,,
1.6350,444,216.0,22.3,0.0065,,
1.6425,445,216.5,22.3,0.0060,,
1.6510,446,217.1,22.3,0.0070,,
1.6595,447,217.7,22.3,0.0070,,
1.6675,448,218.3,22.3,0.0060,,
1.6760,449,219.1,22.3,0.0065,,
1.6845,450,219.7,22.3,0.0065,,
1.6920,451,220.2,22.3,0.0060,,
1.7005,452,220.7,22.3,0.0070,,
1.7090,453,221.3,22.3,0.0070,,
1.7175,454,221.9,22.3,0.0065,,
1.7260,455,222.7,22.3,0.0065,,
1.7340,456,223.0,22.3,0.0060,,
1.7425,457,223.6,22.3,0.0070,,
1.7500,458,224.1,22.3,0.0060,,
1.7585,459,224.6,22.3,0.0070,,
1.7670,460,225.1,22.3,0.0065,,
1.7755,461,225.5,22.3,0.0065,,
1.7840,462,226.1,22.3,0.0065,,
1.7915,463,226.5,22.3,0.0060,,
1.8000,464,227.0,22.3,0.0070,,
1.8080,465,227.4,22.3,0.0065,,
1.8165,466,227.7,22.3,0.0065,,
1.8250,467,228.3,22.3,0.0065,,
1.8335,468,228.8,22.3,0.0065,,
1.8420,469,229.1,22.3,0.0070,,
1.8495,470,229.4,22.3,0.0060,,
1.8580,471,229.7,22.3,0.0070,,
1.8660,472,230.2,22.3,0.0060,,
1.8745,473,230.8,22.3,0.0065,,
1.8830,474,231.1,22.3,0.0065,,
1.8915,475,231.5,22.3,0.0065,,
1.8990,476,231.8,22.3,0.0060,,
1.9075,477,232.3,22.3,0.0070,,
1.9160,478,232.6,22.3,0.0065,,
1.9245,479,232.9,22.3,0.0065,,
1.9325,480,233.3,22.3,0.0060,,
1.9400,481,233.7,22.3,0.0060,,
1.9455,482,233.8,22.3,0.0045,,
1.9490,483,234.1,22.3,0.0030,,
1.9495,484,234.1,22.3,0.0005,,
1.9500,485,234.2,22.3,0.0005,,
1.9510,486,234.3,22.3,0.0010,,
1.9530,487,234.2,22.3,0.0015,,
1.9545,488,234.4,22.3,0.0010,,
1.9550,488,235.1,22.3,0.0010,,
Scope 1/1, Sample 2/32 (junk2)
Result,TitrationEP1
V,t,E,T,dV/dt,E acc. stat.,Volume acc. stat.
0.0000,0,-61.6,22.1,NaN,,
0.0010,1,-61.6,22.1,0.0010,,
0.0025,2,-61.5,22.1,0.0015,,
0.0050,3,-61.5,22.1,0.0025,,
0.0095,4,-61.6,22.1,0.0035,,
0.0150,5,-61.5,22.1,0.0050,,
0.0235,6,-61.2,22.1,0.0075,,
0.0320,7,-60.5,22.1,0.0075,,
0.0405,8,-59.9,22.1,0.0075,,
0.0490,9,-59.2,22.1,0.0070,,
0.0570,10,-58.2,22.1,0.0065,,
0.0655,11,-57.3,22.1,0.0075,,
0.0730,12,-56.0,22.1,0.0070,,
0.0815,13,-54.8,22.1,0.0075,,
0.0900,14,-53.6,22.1,0.0075,,
0.0985,15,-52.2,22.1,0.0070,,
0.1070,16,-50.7,22.1,0.0070,,
0.1145,17,-49.3,22.1,0.0070,,
0.1230,18,-47.9,22.1,0.0075,,
0.1310,19,-46.3,22.1,0.0075,,
0.1395,20,-44.4,22.1,0.0075,,
0.1480,21,-42.6,22.1,0.0070,,
0.1565,22,-40.8,22.1,0.0070,,
0.1640,23,-39.0,22.1,0.0070,,
0.1725,24,-36.9,22.1,0.0075,,
0.1810,25,-34.5,22.1,0.0075,,
0.1895,26,-32.3,22.1,0.0075,,
0.1975,27,-29.9,22.1,0.0065,,
0.2060,28,-27.2,22.1,0.0070,,
0.2135,29,-24.8,22.1,0.0070,,
0.2220,30,-22.0,22.1,0.0075,,
0.2305,31,-19.5,22.1,0.0075,,
0.2390,32,-16.9,22.1,0.0075,,
0.2475,33,-14.2,22.1,0.0070,,
0.2560,34,-12.2,22.1,0.0075,,
0.2635,35,-9.9,22.1,0.0070,,
0.2720,36,-8.0,22.1,0.0075,,
0.2800,37,-6.0,22.1,0.0075,,
0.2885,38,-4.0,22.1,0.0075,,
0.2970,39,-2.5,22.1,0.0070,,
0.3055,40,-1.1,22.1,0.0070,,
0.3130,41,0.3,22.1,0.0070,,
0.3215,42,1.6,22.1,0.0075,,
0.3300,43,3.2,22.1,0.0075,,
0.3380,44,4.6,22.1,0.0075,,
0.3465,45,5.6,22.1,0.0070,,
0.3550,46,7.1,22.1,0.0070,,
0.3625,47,8.1,22.1,0.0070,,
0.3710,48,9.4,22.1,0.0075,,
0.3795,49,10.4,22.1,0.0075,,
0.3880,50,11.3,22.1,0.0075,,
0.3965,51,12.4,22.1,0.0070,,
0.4045,52,13.4,22.1,0.0065,,
0.4125,53,14.4,22.1,0.0075,,
0.4205,54,15.2,22.1,0.0075,,
0.4290,55,16.2,22.1,0.0075,,
0.4375,56,17.4,22.1,0.0075,,
0.4460,57,18.2,22.1,0.0070,,
0.4545,58,19.1,22.1,0.0070,,
0.4620,59,20.0,22.1,0.0070,,
0.4705,60,21.0,22.1,0.0075,,
0.4785,61,22.1,22.1,0.0075,,
0.4870,62,23.0,22.1,0.0075,,
0.4955,63,23.8,22.1,0.0070,,
0.5040,64,24.8,22.1,0.0070,,
0.5115,65,25.6,22.1,0.0070,,
0.5200,66,26.6,22.1,0.0075,,
0.5285,67,27.4,22.1,0.0075,,
0.5365,68,28.2,22.1,0.0075,,
0.5450,69,29.3,22.1,0.0070,,
0.5535,70,30.2,22.1,0.0070,,
0.5610,71,31.1,22.1,0.0070,,
0.5695,72,31.9,22.1,0.0075,,
0.5780,73,32.8,22.1,0.0075,,
0.5865,74,33.7,22.1,0.0075,,
0.5950,75,34.6,22.1,0.0070,,
0.6035,76,35.3,22.1,0.0070,,
0.6110,77,36.2,22.1,0.0070,,
0.6195,78,37.2,22.1,0.0075,,
0.6275,79,38.2,22.1,0.0075,,
0.6360,80,38.9,22.1,0.0075,,
0.6445,81,39.7,22.1,0.0070,,
0.6530,82,40.8,22.1,0.0070,,
0.6605,83,41.5,22.1,0.0070,,
0.6690,84,42.5,22.1,0.0075,,
0.6775,85,43.2,22.1,0.0075,,
0.6855,86,44.1,22.1,0.0075,,
0.6940,87,45.1,22.1,0.0070,,
0.7025,88,45.9,22.1,0.0070,,
0.7100,89,46.8,22.1,0.0070,,
0.7185,90,47.6,22.1,0.0075,,
0.7270,91,48.5,22.1,0.0075,,
0.7355,92,49.5,22.1,0.0075,,
0.7440,93,50.3,22.1,0.0070,,
0.7520,94,51.2,22.1,0.0065,,
0.7600,95,52.0,22.1,0.0075,,
0.7680,96,53.0,22.1,0.0075,,
0.7765,97,54.2,22.1,0.0075,,
0.7850,98,54.9,22.1,0.0075,,
0.7935,99,55.8,22.1,0.0070,,
0.8020,100,56.9,22.1,0.0070,,
0.8095,101,57.6,22.1,0.0070,,
0.8180,102,58.7,22.1,0.0075,,
0.8260,103,59.3,22.1,0.0075,,
0.8345,104,60.2,22.1,0.0075,,
0.8430,105,61.4,22.1,0.0070,,
0.8515,106,62.2,22.1,0.0070,,
0.8590,107,63.2,22.1,0.0070,,
0.8675,108,63.9,22.1,0.0075,,
0.8760,109,64.8,22.1,0.0075,,
0.8845,110,65.9,22.1,0.0075,,
0.8925,111,66.7,22.1,0.0065,,
0.9010,112,67.8,22.1,0.0075,,
0.9085,113,68.5,22.1,0.0070,,
0.9170,114,69.6,22.1,0.0075,,
0.9255,115,70.7,22.1,0.0075,,
0.9340,116,71.5,22.1,0.0075,,
0.9425,117,72.4,22.1,0.0070,,
0.9510,118,73.3,22.1,0.0075,,
0.9585,119,74.4,22.1,0.0070,,
0.9665,120,75.4,22.1,0.0075,,
0.9750,121,76.2,22.1,0.0075,,
0.9835,122,77.2,22.1,0.0075,,
0.9920,123,78.3,22.1,0.0070,,
1.0005,124,79.2,22.1,0.0070,,
1.0080,125,80.2,22.1,0.0070,,
1.0165,126,81.0,22.1,0.0075,,
1.0250,127,82.1,22.1,0.0075,,
1.0330,128,83.3,22.1,0.0075,,
1.0415,129,84.1,22.1,0.0070,,
1.0500,130,85.1,22.1,0.0070,,
1.0575,131,86.0,22.1,0.0070,,
1.0660,132,87.1,22.1,0.0075,,
1.0745,133,88.3,22.1,0.0075,,
1.0830,134,89.4,22.1,0.0075,,
1.0910,135,90.4,22.1,0.0065,,
1.0995,136,91.7,22.1,0.0070,,
1.1070,137,92.8,22.1,0.0070,,
1.1155,138,94.1,22.1,0.0075,,
1.1240,139,95.2,22.1,0.0075,,
1.1325,140,96.5,22.1,0.0075,,
1.1410,141,98.0,22.1,0.0070,,
1.1490,142,99.3,22.1,0.0065,,
1.1570,143,100.6,22.1,0.0075,,
1.1650,144,101.9,22.1,0.0075,,
1.1735,145,103.2,22.1,0.0075,,
1.1820,146,104.9,22.1,0.0075,,
1.1905,147,106.4,22.1,0.0070,,
1.1990,148,107.8,22.1,0.0070,,
1.2070,149,109.5,22.1,0.0075,,
1.2150,150,111.2,22.1,0.0075,,
1.2230,151,113.1,22.1,0.0075,,
1.2315,152,114.9,22.1,0.0075,,
1.2400,153,117.0,22.1,0.0070,,
1.2485,154,119.4,22.1,0.0070,,
1.2560,155,121.4,22.1,0.0070,,
1.2645,156,124.1,22.1,0.0075,,
1.2730,157,126.5,22.1,0.0075,,
1.2815,158,129.1,22.1,0.0075,,
1.2900,159,132.2,22.1,0.0070,,
1.2980,160,135.3,22.1,0.0065,,
1.3060,161,138.5,22.1,0.0075,,
1.3140,162,141.6,22.1,0.0075,,
1.3225,163,145.4,22.1,0.0075,,
1.3310,164,149.6,22.1,0.0075,,
1.3395,165,153.3,22.1,0.0070,,
1.3480,166,157.1,22.1,0.0070,,
1.3555,167,160.8,22.1,0.0070,,
1.3640,168,164.5,22.1,0.0075,,
1.3720,169,168.2,22.1,0.0075,,
1.3805,170,171.3,22.1,0.0075,,
1.3890,171,174.4,22.1,0.0070,,
1.3975,172,177.5,22.1,0.0070,,
1.4050,173,179.8,22.1,0.0070,,
1.4135,174,182.2,22.1,0.0075,,
1.4220,175,184.4,22.1,0.0075,,
1.4255,176,185.1,22.1,0.0060,,
1.4255,416,189.6,22.2,0.0000,,
1.4260,417,189.4,22.2,0.0005,,
1.4275,418,189.4,22.2,0.0020,,
1.4300,419,189.8,22.2,0.0030,,
1.4340,420,190.1,22.2,0.0045,,
1.4400,421,190.6,22.2,0.0065,,
1.4480,422,191.8,22.2,0.0090,,
1.4560,423,193.0,22.1,0.0100,,
1.4640,424,194.7,22.2,0.0100,,
1.4725,425,196.1,22.2,0.0095,,
1.4810,426,197.4,22.2,0.0095,,
1.4895,427,198.8,22.2,0.0095,,
1.4980,428,200.0,22.2,0.0105,,
1.5055,429,201.3,22.2,0.0095,,
1.5140,430,202.3,22.2,0.0105,,
1.5225,431,203.5,22.2,0.0095,,
1.5305,432,204.8,22.2,0.0090,,
1.5390,433,205.8,22.2,0.0095,,
1.5475,434,206.7,22.2,0.0105,,
1.5550,435,207.5,22.2,0.0095,,
1.5635,436,208.4,22.2,0.0105,,
1.5720,437,209.5,22.2,0.0095,,
1.5805,438,210.2,22.2,0.0095,,
1.5890,439,211.0,22.2,0.0095,,
1.5970,440,211.9,22.2,0.0090,,
1.6045,441,212.5,22.2,0.0095,,
1.6130,442,213.3,22.2,0.0105,,
1.6215,443,214.0,22.2,0.0095,,
1.6300,444,214.7,22.2,0.0095,,
1.6385,445,215.5,22.2,0.0095,,
1.6470,446,216.0,22.2,0.0105,,
1.6545,447,216.8,22.2,0.0095,,
1.6630,448,217.4,22.2,0.0105,,
1.6710,449,218.0,22.2,0.0090,,
1.6795,450,218.7,22.2,0.0095,,
1.6880,451,219.3,22.2,0.0095,,
1.6965,452,219.7,22.2,0.0095,,
1.7040,453,220.3,22.2,0.0095,,
1.7125,454,220.9,22.2,0.0105,,
1.7210,455,221.5,22.2,0.0095,,
1.7295,456,222.0,22.2,0.0095,,
1.7375,457,222.4,22.2,0.0090,,
1.7460,458,223.0,22.2,0.0105,,
1.7535,459,223.4,22.2,0.0095,,
1.7620,460,224.2,22.2,0.0105,,
1.7705,461,224.5,22.2,0.0095,,
1.7790,462,224.9,22.2,0.0095,,
1.7875,463,225.5,22.2,0.0095,,
1.7955,464,225.8,22.2,0.0100,,
1.8035,465,226.4,22.2,0.0100,,
1.8115,466,226.8,22.2,0.0100,,
1.8200,467,227.2,22.2,0.0095,,
1.8285,468,227.7,22.2,0.0095,,
1.8370,469,228.3,22.2,0.0095,,
1.8455,470,228.5,22.2,0.0095,,
1.8530,471,229.0,22.2,0.0095,,
1.8615,472,229.2,22.2,0.0105,,
1.8700,473,229.8,22.2,0.0095,,
1.8780,474,230.2,22.2,0.0090,,
1.8865,475,230.4,22.2,0.0095,,
1.8950,476,230.9,22.2,0.0095,,
1.9025,477,231.3,22.2,0.0095,,
1.9110,478,231.7,22.2,0.0105,,
1.9195,479,232.0,22.2,0.0095,,
1.9280,480,232.2,22.2,0.0095,,
1.9360,481,232.6,22.2,0.0090,,
1.9445,482,233.1,22.2,0.0095,,
1.9515,483,233.5,22.2,0.0085,,
1.9595,484,233.7,22.2,0.0100,,
1.9650,485,233.9,22.2,0.0060,,
1.9660,486,234.4,22.2,0.0010,,
1.9665,487,234.5,22.2,0.0005,,
1.9670,488,234.2,22.2,0.0005,,
1.9685,489,234.3,22.2,0.0020,,
1.9705,490,234.4,22.2,0.0025,,
1.9715,491,234.6,22.2,0.0010,,
1.9720,492,234.6,22.2,0.0005,,
1.9725,493,234.5,22.2,0.0005,,
1.9735,494,234.6,22.2,0.0010,,
1.9740,495,234.6,22.2,0.0005,,
1.9755,496,234.7,22.2,0.0020,,
1.9770,497,234.6,22.2,0.0015,,
1.9795,498,234.6,22.2,0.0030,,
1.9815,499,234.8,22.2,0.0020,,
1.9825,500,235.1,22.2,0.0020,,
Scope 1/1, Sample 3/32 (S1)
Result,TitrationEP1
V,t,E,T,dV/dt,E acc. stat.,Volume acc. stat.
0.0000,0,-50.8,21.5,NaN,,
0.0010,1,-50.8,21.5,0.0010,,
0.0025,2,-51.0,21.5,0.0015,,
0.0050,3,-51.0,21.5,0.0020,,
0.0085,4,-50.9,21.5,0.0030,,
0.0150,5,-50.6,21.5,0.0060,,
0.0230,6,-50.0,21.5,0.0075,,
0.0315,7,-49.5,21.5,0.0075,,
0.0400,8,-48.5,21.5,0.0075,,
0.0485,9,-47.2,21.5,0.0070,,
0.0560,10,-46.1,21.5,0.0070,,
0.0645,11,-44.5,21.5,0.0075,,
0.0725,12,-43.0,21.5,0.0075,,
0.0810,13,-41.2,21.5,0.0075,,
0.0895,14,-39.2,21.5,0.0075,,
0.0980,15,-37.3,21.5,0.0070,,
0.1055,16,-35.3,21.5,0.0070,,
0.1140,17,-33.4,21.5,0.0075,,
0.1225,18,-30.9,21.5,0.0075,,
0.1310,19,-28.3,21.5,0.0075,,
0.1390,20,-25.9,21.5,0.0075,,
0.1475,21,-23.3,21.5,0.0070,,
0.1550,22,-20.8,21.5,0.0070,,
0.1635,23,-18.0,21.5,0.0075,,
0.1720,24,-15.2,21.5,0.0075,,
0.1805,25,-12.7,21.5,0.0075,,
0.1890,26,-10.3,21.5,0.0075,,
0.1970,27,-7.9,21.5,0.0065,,
0.2050,28,-6.0,21.5,0.0075,,
0.2130,29,-3.9,21.5,0.0075,,
0.2215,30,-2.3,21.5,0.0075,,
0.2300,31,-0.8,21.5,0.0075,,
0.2385,32,0.9,21.5,0.0075,,
0.2470,33,2.4,21.5,0.0070,,
0.2545,34,3.8,21.5,0.0070,,
0.2630,35,5.0,21.5,0.0075,,
0.2710,36,6.3,21.5,0.0075,,
0.2795,37,7.7,21.5,0.0075,,
0.2880,38,8.8,21.5,0.0075,,
0.2965,39,9.8,21.5,0.0075,,
0.3040,40,10.9,21.5,0.0070,,
0.3125,41,12.1,21.5,0.0075,,
0.3210,42,13.3,21.5,0.0075,,
0.3295,43,14.3,21.5,0.0075,,
0.3375,44,15.1,21.5,0.0075,,
0.3460,45,16.2,21.5,0.0075,,
0.3545,46,17.0,21.5,0.0075,,
0.3620,47,18.3,21.5,0.0070,,
0.3705,48,19.1,21.5,0.0075,,
0.3790,49,20.0,21.5,0.0075,,
0.3875,50,21.2,21.5,0.0075,,
0.3960,51,22.0,21.5,0.0070,,
0.4035,52,22.9,21.5,0.0070,,
0.4115,53,23.7,21.5,0.0075,,
0.4200,54,24.6,21.5,0.0075,,
0.4285,55,25.5,21.5,0.0075,,
0.4370,56,26.3,21.5,0.0075,,
0.4455,57,27.1,21.5,0.0070,,
0.4530,58,27.9,21.5,0.0070,,
0.4615,59,29.0,21.5,0.0075,,
0.4700,60,29.9,21.5,0.0075,,
0.4780,61,30.5,21.5,0.0075,,
0.4865,62,31.3,21.5,0.0075,,
0.4950,63,32.4,21.5,0.0070,,
0.5025,64,33.0,21.5,0.0070,,
0.5110,65,34.0,21.5,0.0075,,
0.5195,66,34.7,21.5,0.0075,,
0.5280,67,35.6,21.5,0.0075,,
0.5365,68,36.7,21.5,0.0075,,
0.5445,69,37.4,21.5,0.0065,,
0.5525,70,38.2,21.5,0.0075,,
0.5605,71,38.8,21.5,0.0075,,
0.5690,72,39.7,21.5,0.0075,,
0.5775,73,40.8,21.5,0.0075,,
0.5860,74,41.6,21.5,0.0075,,
0.5945,75,42.3,21.5,0.0070,,
0.6020,76,43.1,21.5,0.0070,,
0.6105,77,44.0,21.5,0.0075,,
0.6185,78,44.9,21.5,0.0075,,
0.6270,79,45.7,21.5,0.0075,,
0.6355,80,46.5,21.5,0.0075,,
0.6440,81,47.4,21.5,0.0075,,
0.6525,82,48.4,21.5,0.0070,,
0.6600,83,49.3,21.5,0.0070,,
0.6685,84,50.1,21.5,0.0075,,
0.6765,85,50.7,21.5,0.0075,,
0.6850,86,51.7,21.5,0.0075,,
0.6935,87,52.7,21.5,0.0075,,
0.7020,88,53.2,21.5,0.0070,,
0.7095,89,54.2,21.5,0.0070,,
0.7180,90,54.9,21.5,0.0075,,
0.7265,91,55.9,21.5,0.0075,,
0.7350,92,56.7,21.5,0.0075,,
0.7430,93,57.4,21.5,0.0075,,
0.7515,94,58.4,21.5,0.0070,,
0.7590,95,59.2,21.5,0.0070,,
0.7675,96,60.3,21.5,0.0075,,
0.7760,97,61.1,21.5,0.0075,,
0.7845,98,61.8,21.5,0.0075,,
0.7930,99,62.8,21.5,0.0075,,
0.8010,100,63.7,21.5,0.0065,,
0.8090,101,64.5,21.5,0.0075,,
0.8170,102,65.3,21.5,0.0075,,
0.8255,103,65.9,21.5,0.0075,,
0.8340,104,66.9,21.5,0.0075,,
0.8425,105,68.0,21.5,0.0075,,
0.8510,106,68.7,21.5,0.0070,,
0.8585,107,69.7,21.5,0.0070,,
0.8670,108,70.4,21.5,0.0075,,
0.8750,109,71.2,21.5,0.0075,,
0.8835,110,72.3,21.5,0.0075,,
0.8920,111,73.0,21.5,0.0075,,
0.9005,112,73.8,21.5,0.0070,,
0.9080,113,74.8,21.5,0.0070,,
0.9165,114,75.7,21.5,0.0075,,
0.9250,115,76.7,21.5,0.0075,,
0.9335,116,77.5,21.5,0.0075,,
0.9415,117,78.4,21.5,0.0075,,
0.9500,118,79.6,21.5,0.0070,,
0.9575,119,80.4,21.6,0.0070,,
0.9660,120,81.4,21.5,0.0075,,
0.9745,121,82.2,21.6,0.0075,,
0.9830,122,83.3,21.6,0.0075,,
0.9915,123,84.4,21.6,0.0075,,
0.9995,124,85.4,21.5,0.0065,,
1.0075,125,86.4,21.6,0.0075,,
1.0155,126,87.4,21.6,0.0075,,
1.0240,127,88.4,21.5,0.0075,,
1.0325,128,89.7,21.6,0.0075,,
1.0410,129,90.6,21.6,0.0075,,
1.0495,130,91.6,21.6,0.0070,,
1.0575,131,92.9,21.6,0.0075,,
1.0655,132,94.0,21.6,0.0075,,
1.0735,133,95.5,21.6,0.0075,,
1.0820,134,96.7,21.6,0.0075,,
1.0905,135,97.8,21.6,0.0075,,
1.0990,136,99.3,21.6,0.0075,,
1.1075,137,100.8,21.6,0.0070,,
1.1150,138,102.0,21.6,0.0070,,
1.1235,139,103.4,21.6,0.0075,,
1.1315,140,104.8,21.6,0.0075,,
1.1400,141,106.4,21.6,0.0075,,
1.1485,142,108.0,21.6,0.0075,,
1.1570,143,109.5,21.6,0.0070,,
1.1645,144,111.0,21.6,0.0070,,
1.1730,145,112.8,21.6,0.0075,,
1.1815,146,114.9,21.6,0.0075,,
1.1900,147,116.8,21.6,0.0075,,
1.1980,148,118.7,21.6,0.0075,,
1.2065,149,120.9,21.6,0.0070,,
1.2140,150,123.0,21.6,0.0070,,
1.2225,151,125.6,21.6,0.0075,,
1.2310,152,128.2,21.6,0.0075,,
1.2395,153,130.7,21.6,0.0075,,
1.2480,154,133.7,21.6,0.0075,,
1.2560,155,137.1,21.6,0.0065,,
1.2640,156,140.1,21.6,0.0075,,
1.2720,157,143.4,21.6,0.0075,,
1.2805,158,147.0,21.6,0.0075,,
1.2890,159,150.9,21.6,0.0075,,
1.2975,160,154.5,21.6,0.0075,,
1.3060,161,158.3,21.6,0.0070,,
1.3135,162,161.4,21.6,0.0070,,
1.3220,163,164.9,21.6,0.0075,,
1.3305,164,168.6,21.6,0.0075,,
1.3385,165,171.9,21.6,0.0075,,
1.3470,166,174.6,21.6,0.0075,,
1.3555,167,177.6,21.6,0.0070,,
1.3630,168,179.8,21.6,0.0070,,
1.3715,169,182.5,21.6,0.0075,,
1.3800,170,184.7,21.6,0.0075,,
1.3835,170,185.1,21.6,0.0070,,
1.3835,411,189.4,21.6,0.0000,,
1.3840,412,189.4,21.7,0.0010,,
1.3855,413,189.3,21.7,0.0025,,
1.3880,414,189.4,21.7,0.0040,,
1.3920,415,189.9,21.7,0.0055,,
1.3980,416,190.6,21.7,0.0085,,
1.4065,417,191.7,21.7,0.0120,,
1.4140,418,193.0,21.7,0.0125,,
1.4225,419,194.6,21.7,0.0140,,
1.4310,420,196.3,21.7,0.0140,,
1.4395,421,197.7,21.7,0.0120,,
1.4480,422,198.9,21.7,0.0120,,
1.4560,423,200.3,21.7,0.0115,,
1.4645,424,201.3,21.7,0.0140,,
1.4720,425,202.5,21.7,0.0125,,
1.4805,426,203.6,21.7,0.0140,,
1.4890,427,204.4,21.7,0.0120,,
1.4975,428,205.7,21.7,0.0120,,
1.5060,429,206.8,21.7,0.0120,,
1.5140,430,207.5,21.7,0.0135,,
1.5220,431,208.3,21.7,0.0135,,
1.5300,432,209.1,21.7,0.0135,,
1.5385,433,210.2,21.7,0.0120,,
1.5470,434,211.1,21.7,0.0120,,
1.5555,435,211.7,21.7,0.0120,,
1.5640,436,212.6,21.7,0.0140,,
1.5715,437,213.2,21.7,0.0125,,
1.5800,438,214.2,21.7,0.0140,,
1.5880,439,214.9,21.7,0.0115,,
1.5965,440,215.4,21.7,0.0120,,
1.6050,441,216.2,21.7,0.0120,,
1.6135,442,216.8,21.7,0.0140,,
1.6210,443,217.6,21.7,0.0125,,
1.6295,444,218.1,21.7,0.0140,,
1.6380,445,218.7,21.7,0.0120,,
1.6465,446,219.5,21.7,0.0120,,
1.6545,447,220.0,21.7,0.0115,,
1.6625,448,220.6,21.7,0.0135,,
1.6705,449,221.0,21.7,0.0135,,
1.6790,450,221.5,21.7,0.0140,,
1.6875,451,222.2,21.7,0.0120,,
1.6960,452,222.7,21.7,0.0120,,
1.7045,453,223.0,21.7,0.0120,,
1.7120,454,223.5,21.7,0.0125,,
1.7205,455,224.1,21.7,0.0140,,
1.7290,456,224.7,21.7,0.0140,,
1.7370,457,225.1,21.7,0.0115,,
1.7455,458,225.5,21.7,0.0120,,
1.7540,459,226.1,21.7,0.0120,,
1.7615,460,226.4,21.7,0.0125,,
1.7700,461,227.0,21.7,0.0140,,
1.7785,462,227.3,21.7,0.0140,,
1.7870,463,227.7,21.7,0.0120,,
1.7955,464,228.3,21.7,0.0120,,
1.8035,465,228.6,21.7,0.0115,,
1.8115,466,229.1,21.7,0.0135,,
1.8195,467,229.3,21.7,0.0135,,
1.8280,468,229.8,21.7,0.0120,,
1.8365,469,230.3,21.7,0.0120,,
1.8450,470,230.6,21.7,0.0120,,
1.8535,471,230.9,21.7,0.0140,,
1.8610,472,231.2,21.7,0.0125,,
1.8695,473,231.7,21.7,0.0140,,
1.8780,474,232.0,21.7,0.0120,,
1.8860,475,232.2,21.7,0.0115,,
1.8945,476,232.5,21.7,0.0120,,
1.9030,477,233.1,21.7,0.0120,,
1.9105,478,233.3,21.7,0.0125,,
1.9185,479,233.7,21.7,0.0135,,
1.9245,480,233.8,21.7,0.0085,,
1.9285,481,234.1,21.7,0.0055,,
1.9295,482,234.3,21.7,0.0015,,
1.9305,483,234.3,21.7,0.0015,,
1.9310,484,234.6,21.7,0.0010,,
1.9320,485,234.5,21.7,0.0015,,
1.9325,486,234.6,21.7,0.0010,,
1.9335,487,234.7,21.7,0.0015,,
1.9345,488,234.7,21.7,0.0015,,
1.9355,489,234.7,21.7,0.0015,,
1.9360,490,234.5,21.7,0.0010,,
1.9370,491,234.7,21.7,0.0015,,
1.9375,492,234.8,21.7,0.0010,,
1.9385,493,234.6,21.7,0.0015,,
1.9390,494,234.5,21.7,0.0005,,
1.9405,495,234.8,21.7,0.0020,,
1.9415,496,235.1,21.7,0.0015,,
Scope 1/1, Sample 4/32 (S2)
Result,TitrationEP1
V,t,E,T,dV/dt,E acc. stat.,Volume acc. stat.
0.0000,0,-52.2,21.4,NaN,,
0.0010,1,-52.3,21.4,0.0010,,
0.0025,2,-52.4,21.4,0.0015,,
0.0050,3,-52.4,21.4,0.0020,,
0.0085,4,-52.3,21.4,0.0030,,
0.0150,5,-52.0,21.4,0.0060,,
0.0230,6,-51.4,21.4,0.0075,,
0.0315,7,-50.8,21.4,0.0075,,
0.0400,8,-50.0,21.4,0.0075,,
0.0485,9,-48.7,21.4,0.0075,,
0.0560,10,-47.6,21.4,0.0070,,
0.0645,11,-46.2,21.4,0.0075,,
0.0725,12,-44.9,21.4,0.0075,,
0.0810,13,-43.2,21.4,0.0075,,
0.0895,14,-41.3,21.4,0.0075,,
0.0980,15,-39.6,21.4,0.0075,,
0.1065,16,-37.8,21.4,0.0075,,
0.1140,17,-35.8,21.4,0.0070,,
0.1225,18,-33.7,21.4,0.0075,,
0.1305,19,-31.3,21.4,0.0075,,
0.1390,20,-28.9,21.4,0.0075,,
0.1475,21,-26.5,21.4,0.0075,,
0.1550,22,-24.1,21.4,0.0070,,
0.1635,23,-21.3,21.4,0.0075,,
0.1720,24,-18.4,21.4,0.0075,,
0.1805,25,-15.9,21.4,0.0075,,
0.1890,26,-13.5,21.4,0.0075,,
0.1970,27,-10.9,21.4,0.0075,,
0.2045,28,-9.0,21.4,0.0070,,
0.2130,29,-6.9,21.4,0.0075,,
0.2215,30,-5.1,21.4,0.0075,,
0.2300,31,-3.2,21.4,0.0075,,
0.2385,32,-1.5,21.4,0.0075,,
0.2470,33,-0.1,21.4,0.0075,,
0.2545,34,1.1,21.4,0.0070,,
0.2630,35,2.4,21.4,0.0075,,
0.2710,36,4.0,21.4,0.0075,,
0.2795,37,5.5,21.4,0.0075,,
0.2880,38,6.6,21.4,0.0075,,
0.2965,39,7.8,21.4,0.0070,,
0.3040,40,8.6,21.4,0.0070,,
0.3125,41,10.0,21.4,0.0075,,
0.3210,42,11.0,21.4,0.0075,,
0.3295,43,11.8,21.4,0.0075,,
0.3375,44,13.0,21.4,0.0075,,
0.3460,45,14.2,21.4,0.0075,,
0.3535,46,15.1,21.4,0.0070,,
0.3620,47,16.1,21.4,0.0075,,
0.3705,48,16.8,21.4,0.0075,,
0.3790,49,17.8,21.4,0.0075,,
0.3875,50,18.9,21.4,0.0075,,
0.3955,51,19.7,21.4,0.0075,,
0.4035,52,20.6,21.4,0.0075,,
0.4115,53,21.4,21.4,0.0075,,
0.4200,54,22.4,21.4,0.0075,,
0.4285,55,23.4,21.4,0.0075,,
0.4370,56,24.1,21.4,0.0075,,
0.4455,57,25.0,21.4,0.0075,,
0.4530,58,25.7,21.4,0.0070,,
0.4615,59,26.8,21.4,0.0075,,
0.4700,60,27.8,21.4,0.0075,,
0.4780,61,28.5,21.4,0.0075,,
0.4865,62,29.4,21.4,0.0075,,
0.4950,63,30.3,21.4,0.0075,,
0.5025,64,31.2,21.4,0.0070,,
0.5110,65,32.0,21.4,0.0075,,
0.5195,66,32.8,21.4,0.0075,,
0.5280,67,33.7,21.4,0.0075,,
0.5360,68,34.7,21.4,0.0075,,
0.5445,69,35.4,21.4,0.0075,,
0.5520,70,36.2,21.4,0.0070,,
0.5605,71,36.8,21.4,0.0075,,
0.5690,72,37.9,21.4,0.0075,,
0.5775,73,38.8,21.4,0.0075,,
0.5860,74,39.5,21.4,0.0075,,
0.5945,75,40.3,21.4,0.0075,,
0.6020,76,41.0,21.4,0.0070,,
0.6105,77,42.0,21.4,0.0075,,
0.6185,78,43.0,21.4,0.0075,,
0.6270,79,43.8,21.4,0.0075,,
0.6355,80,44.7,21.4,0.0075,,
0.6440,81,45.7,21.4,0.0075,,
0.6515,82,46.4,21.4,0.0070,,
0.6600,83,47.3,21.4,0.0075,,
0.6685,84,47.9,21.4,0.0075,,
0.6770,85,49.0,21.4,0.0075,,
0.6850,86,50.1,21.4,0.0075,,
0.6935,87,50.7,21.4,0.0070,,
0.7010,88,51.5,21.4,0.0070,,
0.7095,89,52.1,21.4,0.0075,,
0.7180,90,53.1,21.4,0.0075,,
0.7265,91,54.0,21.4,0.0075,,
0.7350,92,54.7,21.4,0.0075,,
0.7435,93,55.6,21.5,0.0075,,
0.7510,94,56.4,21.4,0.0070,,
0.7595,95,57.4,21.5,0.0075,,
0.7675,96,58.3,21.5,0.0075,,
0.7760,97,59.2,21.5,0.0075,,
0.7845,98,60.1,21.5,0.0075,,
0.7930,99,60.9,21.5,0.0075,,
0.8005,100,61.9,21.5,0.0070,,
0.8090,101,62.5,21.5,0.0075,,
0.8175,102,63.4,21.5,0.0075,,
0.8255,103,64.3,21.5,0.0075,,
0.8340,104,65.3,21.5,0.0075,,
0.8425,105,66.0,21.5,0.0070,,
0.8500,106,66.9,21.5,0.0070,,
0.8585,107,67.6,21.5,0.0075,,
0.8670,108,68.7,21.5,0.0075,,
0.8755,109,69.6,21.5,0.0075,,
0.8840,110,70.4,21.5,0.0075,,
0.8920,111,71.4,21.5,0.0065,,
0.9000,112,72.2,21.5,0.0075,,
0.9080,113,73.3,21.5,0.0075,,
0.9165,114,74.3,21.5,0.0075,,
0.9250,115,75.1,21.5,0.0075,,
0.9335,116,76.1,21.5,0.0075,,
0.9420,117,77.1,21.5,0.0070,,
0.9495,118,77.9,21.5,0.0070,,
0.9580,119,78.8,21.5,0.0075,,
0.9660,120,79.6,21.5,0.0075,,
0.9745,121,80.7,21.5,0.0075,,
0.9830,122,81.8,21.5,0.0075,,
0.9915,123,82.7,21.5,0.0075,,
0.9990,124,83.6,21.5,0.0070,,
1.0075,125,84.4,21.5,0.0075,,
1.0160,126,85.6,21.5,0.0075,,
1.0245,127,86.7,21.5,0.0075,,
1.0325,128,87.6,21.5,0.0075,,
1.0410,129,88.6,21.5,0.0075,,
1.0485,130,89.6,21.5,0.0070,,
1.0570,131,90.8,21.5,0.0075,,
1.0655,132,91.9,21.5,0.0075,,
1.0740,133,93.0,21.5,0.0075,,
1.0825,134,94.3,21.5,0.0075,,
1.0910,135,95.3,21.5,0.0075,,
1.0985,136,96.6,21.5,0.0070,,
1.1070,137,97.9,21.5,0.0075,,
1.1150,138,99.0,21.5,0.0075,,
1.1235,139,100.5,21.5,0.0075,,
1.1320,140,101.9,21.5,0.0075,,
1.1405,141,103.1,21.5,0.0075,,
1.1480,142,104.5,21.5,0.0070,,
1.1565,143,105.9,21.5,0.0075,,
1.1650,144,107.6,21.5,0.0075,,
1.1730,145,109.3,21.5,0.0075,,
1.1815,146,111.0,21.5,0.0075,,
1.1890,147,112.6,21.5,0.0070,,
1.1975,148,114.4,21.5,0.0075,,
1.2060,149,116.6,21.5,0.0075,,
1.2145,150,118.8,21.5,0.0075,,
1.2230,151,120.9,21.5,0.0075,,
1.2315,152,123.3,21.5,0.0075,,
1.2390,153,125.4,21.5,0.0070,,
1.2475,154,128.1,21.5,0.0075,,
1.2555,155,130.6,21.5,0.0075,,
1.2640,156,133.4,21.5,0.0075,,
1.2725,157,136.6,21.5,0.0075,,
1.2810,158,139.8,21.5,0.0075,,
1.2885,159,143.0,21.5,0.0070,,
1.2970,160,146.4,21.5,0.0075,,
1.3055,161,149.9,21.5,0.0075,,
1.3135,162,153.9,21.5,0.0075,,
1.3220,163,157.5,21.5,0.0075,,
1.3305,164,161.1,21.5,0.0075,,
1.3390,165,164.4,21.5,0.0075,,
1.3465,166,167.7,21.5,0.0070,,
1.3550,167,171.1,21.5,0.0075,,
1.3635,168,174.2,21.5,0.0075,,
1.3720,169,176.9,21.5,0.0075,,
1.3800,170,179.5,21.5,0.0075,,
1.3885,171,181.5,21.5,0.0075,,
1.3960,172,184.1,21.5,0.0070,,
1.4025,173,185.1,21.5,0.0070,,
1.4025,413,189.0,21.6,0.0000,,
1.4030,414,189.2,21.6,0.0005,,
1.4045,415,189.2,21.6,0.0015,,
1.4070,416,189.4,21.6,0.0025,,
1.4110,417,189.8,21.6,0.0035,,
1.4175,418,190.6,21.6,0.0060,,
1.4260,419,191.8,21.6,0.0075,,
1.4335,420,193.3,21.6,0.0075,,
1.4420,421,194.6,21.6,0.0085,,
1.4500,422,195.9,21.6,0.0080,,
1.4585,423,197.4,21.6,0.0075,,
1.4670,424,198.8,21.6,0.0075,,
1.4755,425,199.9,21.6,0.0075,,
1.4830,426,200.9,21.6,0.0075,,
1.4915,427,202.2,21.6,0.0085,,
1.5000,428,203.4,21.6,0.0085,,
1.5085,429,204.4,21.6,0.0075,,
1.5165,430,205.5,21.6,0.0075,,
1.5250,431,206.5,21.6,0.0075,,
1.5325,432,207.3,21.6,0.0075,,
1.5410,433,208.3,21.6,0.0085,,
1.5495,434,209.1,21.6,0.0085,,
1.5580,435,209.8,21.6,0.0075,,
1.5665,436,210.8,21.6,0.0075,,
1.5750,437,211.7,21.6,0.0075,,
1.5825,438,212.3,21.6,0.0075,,
1.5905,439,213.0,21.6,0.0080,,
1.5990,440,213.8,21.6,0.0085,,
1.6075,441,214.7,21.6,0.0075,,
1.6160,442,215.3,21.6,0.0075,,
1.6245,443,215.8,21.6,0.0075,,
1.6320,444,216.5,21.6,0.0075,,
1.6405,445,217.1,21.6,0.0085,,
1.6490,446,217.9,21.6,0.0085,,
1.6570,447,218.5,21.6,0.0075,,
1.6655,448,218.9,21.6,0.0075,,
1.6740,449,219.7,21.6,0.0075,,
1.6815,450,220.1,21.6,0.0075,,
1.6900,451,220.7,21.6,0.0085,,
1.6985,452,221.2,21.6,0.0085,,
1.7070,453,221.5,21.6,0.0075,,
1.7150,454,222.2,21.6,0.0075,,
1.7235,455,222.8,21.6,0.0075,,
1.7310,456,223.3,21.6,0.0075,,
1.7395,457,223.8,21.6,0.0085,,
1.7480,458,224.1,21.6,0.0085,,
1.7565,459,224.7,21.6,0.0075,,
1.7650,460,225.2,21.6,0.0075,,
1.7735,461,225.6,21.6,0.0075,,
1.7815,462,226.0,21.6,0.0080,,
1.7890,463,226.2,21.6,0.0075,,
1.7975,464,226.8,21.6,0.0085,,
1.8060,465,227.4,21.6,0.0075,,
1.8145,466,227.7,21.6,0.0075,,
1.8230,467,228.1,21.6,0.0075,,
1.8315,468,228.4,21.6,0.0085,,
1.8390,469,228.9,21.6,0.0075,,
1.8470,470,229.4,21.6,0.0080,,
1.8555,471,229.6,21.6,0.0085,,
1.8640,472,230.0,21.6,0.0075,,
1.8725,473,230.5,21.6,0.0075,,
1.8810,474,230.9,21.6,0.0075,,
1.8885,475,231.4,21.6,0.0075,,
1.8970,476,231.5,21.6,0.0085,,
1.9055,477,232.0,21.6,0.0075,,
1.9135,478,232.5,21.6,0.0075,,
1.9220,479,232.7,21.6,0.0075,,
1.9305,480,233.0,21.6,0.0075,,
1.9380,481,233.3,21.6,0.0075,,
1.9465,482,233.7,21.6,0.0085,,
1.9540,483,234.1,21.6,0.0070,,
1.9580,484,234.3,21.6,0.0035,,
1.9585,485,234.4,21.6,0.0005,,
1.9590,486,234.6,21.6,0.0005,,
1.9600,487,234.5,21.6,0.0010,,
1.9605,488,234.6,21.6,0.0005,,
1.9615,489,234.6,21.6,0.0010,,
1.9630,490,234.6,21.6,0.0015,,
1.9645,491,234.8,21.6,0.0015,,
1.9660,492,234.8,21.6,0.0015,,
1.9680,493,235.0,21.6,0.0020,,
1.9710,494,235.0,21.6,0.0025,,
Scope 1/1, Sample 5/32 (S3)
Result,TitrationEP1
V,t,E,T,dV/dt,E acc. stat.,Volume acc. stat.
0.0000,0,-52.7,21.4,NaN,,
0.0010,1,-52.8,21.4,0.0010,,
0.0025,2,-52.9,21.4,0.0015,,
0.0050,3,-52.8,21.4,0.0020,,
0.0095,4,-52.6,21.4,0.0035,,
0.0160,5,-52.5,21.4,0.0060,,
0.0235,6,-52.1,21.4,0.0070,,
0.0320,7,-51.4,21.4,0.0075,,
0.0405,8,-50.4,21.4,0.0075,,
0.0490,9,-49.2,21.4,0.0070,,
0.0570,10,-47.9,21.4,0.0065,,
0.0650,11,-46.7,21.4,0.0075,,
0.0730,12,-45.1,21.4,0.0075,,
0.0815,13,-43.2,21.4,0.0075,,
0.0900,14,-41.4,21.4,0.0075,,
0.0985,15,-39.7,21.4,0.0070,,
0.1070,16,-37.6,21.4,0.0070,,
0.1145,17,-35.8,21.4,0.0070,,
0.1230,18,-33.5,21.4,0.0075,,
0.1310,19,-31.1,21.4,0.0075,,
0.1395,20,-28.8,21.4,0.0075,,
0.1480,21,-26.1,21.4,0.0070,,
0.1565,22,-23.3,21.4,0.0070,,
0.1640,23,-20.8,21.4,0.0070,,
0.1725,24,-18.1,21.4,0.0075,,
0.1810,25,-15.5,21.4,0.0075,,
0.1895,26,-12.7,21.4,0.0075,,
0.1975,27,-10.4,21.4,0.0065,,
0.2060,28,-8.2,21.4,0.0070,,
0.2135,29,-6.2,21.4,0.0070,,
0.2220,30,-4.2,21.4,0.0075,,
0.2305,31,-2.2,21.4,0.0075,,
0.2390,32,-0.6,21.4,0.0075,,
0.2475,33,0.7,21.4,0.0070,,
0.2560,34,2.5,21.4,0.0070,,
0.2635,35,3.8,21.4,0.0070,,
0.2720,36,5.4,21.4,0.0075,,
0.2800,37,6.6,21.4,0.0075,,
0.2885,38,7.8,21.4,0.0075,,
0.2970,39,9.1,21.4,0.0070,,
0.3055,40,10.2,21.4,0.0070,,
0.3130,41,11.3,21.4,0.0070,,
0.3215,42,12.3,21.4,0.0075,,
0.3300,43,13.2,21.4,0.0075,,
0.3380,44,14.4,21.4,0.0075,,
0.3465,45,15.6,21.4,0.0070,,
0.3550,46,16.4,21.4,0.0070,,
0.3625,47,17.4,21.4,0.0070,,
0.3710,48,18.1,21.4,0.0075,,
0.3795,49,19.2,21.4,0.0075,,
0.3880,50,20.3,21.4,0.0075,,
0.3965,51,20.9,21.4,0.0070,,
0.4045,52,22.0,21.4,0.0065,,
0.4125,53,22.8,21.4,0.0075,,
0.4205,54,23.9,21.4,0.0075,,
0.4290,55,24.7,21.4,0.0075,,
0.4375,56,25.4,21.4,0.0075,,
0.4460,57,26.5,21.4,0.0070,,
0.4545,58,27.4,21.4,0.0070,,
0.4620,59,28.2,21.4,0.0070,,
0.4705,60,29.0,21.4,0.0075,,
0.4785,61,29.8,21.4,0.0075,,
0.4870,62,30.8,21.4,0.0075,,
0.4955,63,31.8,21.4,0.0070,,
0.5040,64,32.5,21.4,0.0070,,
0.5115,65,33.5,21.4,0.0070,,
0.5200,66,34.2,21.4,0.0075,,
0.5285,67,35.2,21.4,0.0075,,
0.5365,68,36.2,21.4,0.0075,,
0.5450,69,36.8,21.4,0.0075,,
0.5535,70,37.6,21.4,0.0070,,
0.5610,71,38.3,21.4,0.0070,,
0.5695,72,39.4,21.4,0.0075,,
0.5780,73,40.2,21.4,0.0075,,
0.5865,74,40.8,21.4,0.0075,,
0.5950,75,41.7,21.4,0.0070,,
0.6030,76,42.8,21.4,0.0065,,
0.6110,77,43.5,21.4,0.0075,,
0.6190,78,44.3,21.4,0.0075,,
0.6275,79,45.1,21.4,0.0075,,
0.6360,80,46.1,21.4,0.0075,,
0.6445,81,47.1,21.4,0.0070,,
0.6530,82,47.8,21.4,0.0070,,
0.6605,83,48.7,21.4,0.0070,,
0.6690,84,49.4,21.4,0.0075,,
0.6770,85,50.4,21.4,0.0075,,
0.6855,86,51.3,21.4,0.0075,,
0.6940,87,52.1,21.4,0.0075,,
0.7025,88,52.9,21.4,0.0070,,
0.7110,89,53.6,21.4,0.0075,,
0.7185,90,54.6,21.4,0.0070,,
0.7270,91,55.6,21.4,0.0075,,
0.7355,92,56.4,21.4,0.0075,,
0.7435,93,57.3,21.4,0.0075,,
0.7520,94,58.3,21.4,0.0070,,
0.7605,95,59.1,21.4,0.0075,,
0.7680,96,59.9,21.4,0.0070,,
0.7765,97,60.6,21.4,0.0075,,
0.7850,98,61.5,21.4,0.0075,,
0.7935,99,62.6,21.4,0.0075,,
0.8015,100,63.3,21.4,0.0065,,
0.8100,101,64.3,21.4,0.0075,,
0.8175,102,65.0,21.4,0.0070,,
0.8260,103,65.9,21.4,0.0075,,
0.8345,104,67.0,21.4,0.0075,,
0.8430,105,67.8,21.4,0.0075,,
0.8515,106,68.6,21.4,0.0070,,
0.8595,107,69.7,21.4,0.0065,,
0.8675,108,70.4,21.4,0.0075,,
0.8755,109,71.4,21.4,0.0075,,
0.8840,110,72.2,21.4,0.0075,,
0.8925,111,73.0,21.4,0.0075,,
0.9010,112,74.0,21.4,0.0070,,
0.9095,113,75.0,21.5,0.0070,,
0.9170,114,76.0,21.4,0.0070,,
0.9255,115,76.8,21.4,0.0075,,
0.9340,116,77.7,21.4,0.0075,,
0.9420,117,78.8,21.4,0.0075,,
0.9505,118,79.9,21.5,0.0070,,
0.9590,119,80.7,21.5,0.0075,,
0.9665,120,81.5,21.5,0.0070,,
0.9750,121,82.5,21.5,0.0075,,
0.9835,122,83.8,21.5,0.0075,,
0.9920,123,84.7,21.5,0.0075,,
1.0000,124,85.6,21.5,0.0065,,
1.0085,125,86.9,21.5,0.0070,,
1.0160,126,87.7,21.5,0.0070,,
1.0245,127,89.1,21.5,0.0075,,
1.0330,128,90.2,21.5,0.0075,,
1.0415,129,91.2,21.5,0.0075,,
1.0500,130,92.5,21.5,0.0070,,
1.0585,131,93.6,21.5,0.0070,,
1.0660,132,94.7,21.5,0.0070,,
1.0745,133,95.7,21.5,0.0075,,
1.0825,134,96.9,21.5,0.0075,,
1.0910,135,98.3,21.5,0.0075,,
1.0995,136,99.6,21.5,0.0070,,
1.1080,137,100.9,21.5,0.0070,,
1.1155,138,102.1,21.5,0.0070,,
1.1240,139,103.4,21.5,0.0075,,
1.1325,140,105.0,21.5,0.0075,,
1.1405,141,106.5,21.5,0.0075,,
1.1490,142,108.0,21.5,0.0070,,
1.1575,143,109.8,21.5,0.0070,,
1.1650,144,111.3,21.5,0.0070,,
1.1735,145,113.2,21.5,0.0075,,
1.1820,146,115.0,21.5,0.0075,,
1.1905,147,116.9,21.5,0.0075,,
1.1990,148,119.1,21.5,0.0070,,
1.2070,149,121.4,21.5,0.0065,,
1.2145,150,123.3,21.5,0.0070,,
1.2230,151,125.7,21.5,0.0075,,
1.2315,152,128.1,21.5,0.0075,,
1.2400,153,130.9,21.5,0.0075,,
1.2485,154,134.1,21.5,0.0070,,
1.2570,155,137.1,21.5,0.0070,,
1.2650,156,139.8,21.5,0.0075,,
1.2725,157,143.2,21.5,0.0070,,
1.2810,158,146.7,21.5,0.0075,,
1.2895,159,150.6,21.5,0.0075,,
1.2980,160,154.3,21.5,0.0075,,
1.3065,161,158.0,21.5,0.0070,,
1.3140,162,161.3,21.5,0.0070,,
1.3225,163,164.9,21.5,0.0075,,
1.3310,164,168.4,21.5,0.0075,,
1.3390,165,171.3,21.5,0.0075,,
1.3475,166,174.4,21.5,0.0070,,
1.3560,167,177.4,21.5,0.0070,,
1.3635,168,179.8,21.5,0.0070,,
1.3720,169,182.2,21.5,0.0075,,
1.3805,170,184.3,21.5,0.0075,,
1.3850,171,185.2,21.5,0.0065,,
1.3850,411,189.0,21.5,0.0000,,
1.3855,412,189.1,21.5,0.0005,,
1.3870,413,189.2,21.5,0.0020,,
1.3895,414,189.3,21.5,0.0030,,
1.3935,415,189.8,21.5,0.0045,,
1.4000,416,190.8,21.5,0.0070,,
1.4085,417,191.7,21.5,0.0105,,
1.4160,418,193.2,21.5,0.0095,,
1.4240,419,194.5,21.5,0.0100,,
1.4325,420,196.2,21.5,0.0095,,
1.4410,421,197.6,21.6,0.0095,,
1.4495,422,198.7,21.5,0.0095,,
1.4580,423,200.0,21.5,0.0095,,
1.4655,424,201.1,21.5,0.0095,,
1.4740,425,202.4,21.5,0.0105,,
1.4825,426,203.6,21.5,0.0105,,
1.4905,427,204.4,21.5,0.0090,,
1.4990,428,205.6,21.5,0.0095,,
1.5075,429,206.7,21.6,0.0095,,
1.5150,430,207.5,21.5,0.0095,,
1.5235,431,208.4,21.6,0.0105,,
1.5320,432,209.1,21.6,0.0105,,
1.5405,433,210.0,21.6,0.0095,,
1.5485,434,210.9,21.6,0.0090,,
1.5570,435,211.6,21.6,0.0095,,
1.5645,436,212.5,21.6,0.0095,,
1.5730,437,213.1,21.6,0.0105,,
1.5815,438,213.8,21.6,0.0105,,
1.5900,439,214.7,21.6,0.0095,,
1.5985,440,215.2,21.6,0.0095,,
1.6070,441,215.9,21.6,0.0095,,
1.6145,442,216.5,21.6,0.0095,,
1.6230,443,217.2,21.6,0.0105,,
1.6310,444,218.0,21.6,0.0100,,
1.6395,445,218.3,21.6,0.0095,,
1.6480,446,219.0,21.6,0.0095,,
1.6565,447,219.9,21.6,0.0095,,
1.6640,448,220.2,21.6,0.0095,,
1.6725,449,220.8,21.6,0.0105,,
1.6810,450,221.2,21.6,0.0105,,
1.6890,451,221.8,21.6,0.0090,,
1.6975,452,222.5,21.6,0.0095,,
1.7060,453,223.0,21.6,0.0095,,
1.7135,454,223.4,21.6,0.0095,,
1.7220,455,223.8,21.6,0.0105,,
1.7305,456,224.4,21.6,0.0095,,
1.7390,457,224.9,21.6,0.0095,,
1.7475,458,225.2,21.6,0.0095,,
1.7555,459,225.7,21.6,0.0090,,
1.7635,460,226.0,21.6,0.0100,,
1.7715,461,226.7,21.6,0.0100,,
1.7800,462,227.1,21.6,0.0095,,
1.7885,463,227.3,21.6,0.0095,,
1.7970,464,227.9,21.6,0.0095,,
1.8055,465,228.2,21.6,0.0105,,
1.8130,466,228.7,21.6,0.0095,,
1.8215,467,229.2,21.6,0.0105,,
1.8300,468,229.4,21.6,0.0095,,
1.8380,469,230.0,21.6,0.0090,,
1.8465,470,230.5,21.6,0.0095,,
1.8550,471,230.9,21.6,0.0105,,
1.8625,472,231.1,21.6,0.0095,,
1.8710,473,231.4,21.6,0.0105,,
1.8795,474,231.8,21.6,0.0095,,
1.8880,475,232.4,21.6,0.0095,,
1.8960,476,232.5,21.6,0.0090,,
1.9045,477,232.8,21.6,0.0095,,
1.9120,478,233.2,21.6,0.0095,,
1.9200,479,233.7,21.6,0.0100,,
1.9280,480,234.0,21.6,0.0100,,
1.9335,481,234.1,21.6,0.0060,,
1.9350,482,234.3,21.6,0.0015,,
1.9355,483,234.5,21.6,0.0005,,
1.9360,484,234.5,21.6,0.0005,,
1.9370,485,234.7,21.6,0.0010,,
1.9380,486,234.5,21.6,0.0010,,
1.9385,487,234.5,21.6,0.0005,,
1.9400,488,234.6,21.6,0.0015,,
1.9415,489,234.6,21.6,0.0015,,
1.9430,490,234.7,21.6,0.0020,,
1.9445,491,234.7,21.6,0.0020,,
1.9455,492,234.8,21.6,0.0010,,
1.9460,493,235.0,21.6,0.0005,,
Scope 1/1, Sample 6/32 (S4)
Result,TitrationEP1
V,t,E,T,dV/dt,E acc. stat.,Volume acc. stat.
0.0000,0,-53.8,21.5,NaN,,
0.0010,1,-53.8,21.5,0.0010,,
0.0025,2,-54.0,21.5,0.0015,,
0.0050,3,-53.7,21.5,0.0020,,
0.0095,4,-53.8,21.5,0.0040,,
0.0150,5,-53.4,21.5,0.0050,,
0.0235,6,-53.0,21.5,0.0075,,
0.0320,7,-52.3,21.5,0.0075,,
0.0405,8,-51.3,21.5,0.0075,,
0.0490,9,-50.2,21.5,0.0070,,
0.0565,10,-49.1,21.5,0.0070,,
0.0650,11,-47.9,21.5,0.0075,,
0.0735,12,-46.6,21.5,0.0075,,
0.0815,13,-44.7,21.5,0.0075,,
0.0900,14,-42.9,21.5,0.0075,,
0.0985,15,-41.1,21.5,0.0070,,
0.1070,16,-39.5,21.5,0.0075,,
0.1145,17,-37.4,21.5,0.0070,,
0.1230,18,-35.1,21.5,0.0075,,
0.1315,19,-32.9,21.5,0.0075,,
0.1400,20,-30.6,21.5,0.0075,,
0.1480,21,-27.9,21.5,0.0065,,
0.1560,22,-25.6,21.5,0.0075,,
0.1640,23,-22.8,21.5,0.0075,,
0.1725,24,-20.1,21.5,0.0075,,
0.1810,25,-17.4,21.5,0.0075,,
0.1895,26,-14.5,21.5,0.0075,,
0.1980,27,-11.9,21.5,0.0070,,
0.2060,28,-9.7,21.5,0.0075,,
0.2140,29,-7.5,21.5,0.0075,,
0.2220,30,-5.3,21.5,0.0075,,
0.2305,31,-3.2,21.5,0.0075,,
0.2390,32,-1.5,21.5,0.0075,,
0.2475,33,0.0,21.5,0.0070,,
0.2560,34,1.4,21.5,0.0075,,
0.2635,35,2.9,21.5,0.0070,,
0.2720,36,4.5,21.5,0.0075,,
0.2800,37,5.8,21.5,0.0075,,
0.2885,38,6.9,21.5,0.0075,,
0.2970,39,8.2,21.5,0.0075,,
0.3055,40,9.2,21.5,0.0075,,
0.3130,41,10.6,21.5,0.0070,,
0.3215,42,11.7,21.5,0.0075,,
0.3300,43,12.6,21.5,0.0075,,
0.3380,44,13.7,21.5,0.0075,,
0.3465,45,14.9,21.5,0.0075,,
0.3550,46,15.8,21.5,0.0070,,
0.3625,47,16.8,21.5,0.0070,,
0.3710,48,17.6,21.5,0.0075,,
0.3795,49,18.8,21.5,0.0075,,
0.3880,50,19.8,21.5,0.0075,,
0.3965,51,20.5,21.5,0.0070,,
0.4045,52,21.5,21.5,0.0075,,
0.4125,53,22.3,21.5,0.0075,,
0.4205,54,23.4,21.5,0.0075,,
0.4290,55,24.3,21.5,0.0075,,
0.4375,56,25.0,21.5,0.0075,,
0.4460,57,25.9,21.5,0.0070,,
0.4535,58,26.7,21.5,0.0070,,
0.4620,59,27.7,21.5,0.0075,,
0.4705,60,28.4,21.5,0.0075,,
0.4790,61,29.2,21.5,0.0075,,
0.4870,62,30.2,21.5,0.0075,,
0.4955,63,31.1,21.5,0.0070,,
0.5040,64,32.0,21.5,0.0075,,
0.5115,65,32.8,21.5,0.0070,,
0.5200,66,33.6,21.5,0.0075,,
0.5285,67,34.5,21.5,0.0075,,
0.5370,68,35.4,21.5,0.0075,,
0.5455,69,36.2,21.5,0.0070,,
0.5535,70,37.1,21.5,0.0075,,
0.5610,71,37.9,21.5,0.0070,,
0.5695,72,38.8,21.5,0.0075,,
0.5780,73,39.7,21.5,0.0070,,
0.5865,74,40.5,21.5,0.0075,,
0.5950,75,41.5,21.5,0.0070,,
0.6035,76,42.2,21.6,0.0075,,
0.6110,77,43.1,21.6,0.0070,,
0.6195,78,43.9,21.6,0.0075,,
0.6275,79,44.6,21.6,0.0075,,
0.6360,80,45.7,21.6,0.0075,,
0.6445,81,46.7,21.6,0.0070,,
0.6520,82,47.5,21.6,0.0070,,
0.6605,83,48.2,21.6,0.0075,,
0.6690,84,49.0,21.6,0.0075,,
0.6775,85,50.0,21.6,0.0075,,
0.6860,86,50.8,21.6,0.0075,,
0.6940,87,51.5,21.6,0.0065,,
0.7020,88,52.3,21.6,0.0075,,
0.7100,89,53.1,21.6,0.0075,,
0.7185,90,54.1,21.6,0.0075,,
0.7270,91,55.0,21.6,0.0075,,
0.7355,92,55.7,21.6,0.0075,,
0.7440,93,56.8,21.6,0.0070,,
0.7515,94,57.5,21.6,0.0070,,
0.7600,95,58.5,21.6,0.0075,,
0.7680,96,59.4,21.6,0.0075,,
0.7765,97,60.2,21.6,0.0075,,
0.7850,98,61.2,21.6,0.0075,,
0.7935,99,62.2,21.6,0.0075,,
0.8020,100,63.0,21.6,0.0075,,
0.8095,101,63.9,21.6,0.0070,,
0.8180,102,64.6,21.6,0.0075,,
0.8265,103,65.6,21.6,0.0075,,
0.8345,104,66.4,21.6,0.0075,,
0.8430,105,67.2,21.6,0.0070,,
0.8515,106,68.1,21.6,0.0075,,
0.8590,107,68.8,21.6,0.0070,,
0.8675,108,69.9,21.6,0.0075,,
0.8760,109,70.8,21.6,0.0075,,
0.8845,110,71.7,21.6,0.0075,,
0.8930,111,72.6,21.6,0.0070,,
0.9010,112,73.4,21.6,0.0075,,
0.9085,113,74.5,21.6,0.0070,,
0.9170,114,75.4,21.6,0.0075,,
0.9255,115,76.1,21.6,0.0075,,
0.9340,116,77.2,21.6,0.0075,,
0.9425,117,78.4,21.6,0.0070,,
0.9500,118,79.3,21.6,0.0070,,
0.9585,119,80.2,21.6,0.0075,,
0.9670,120,81.1,21.6,0.0075,,
0.9750,121,82.4,21.6,0.0075,,
0.9835,122,83.4,21.6,0.0075,,
0.9920,123,84.2,21.6,0.0070,,
0.9995,124,85.1,21.6,0.0070,,
1.0080,125,86.2,21.6,0.0075,,
1.0165,126,87.5,21.6,0.0075,,
1.0250,127,88.6,21.6,0.0075,,
1.0335,128,89.4,21.6,0.0075,,
1.0415,129,90.6,21.6,0.0065,,
1.0490,130,91.5,21.6,0.0070,,
1.0575,131,92.8,21.6,0.0075,,
1.0660,132,93.9,21.6,0.0075,,
1.0745,133,95.0,21.6,0.0075,,
1.0830,134,96.4,21.6,0.0075,,
1.0915,135,97.6,21.6,0.0070,,
1.0990,136,98.8,21.6,0.0070,,
1.1075,137,100.2,21.6,0.0075,,
1.1155,138,101.4,21.6,0.0075,,
1.1240,139,102.9,21.6,0.0075,,
1.1325,140,104.3,21.6,0.0075,,
1.1410,141,105.7,21.6,0.0070,,
1.1495,142,107.2,21.6,0.0075,,
1.1570,143,108.7,21.6,0.0070,,
1.1655,144,110.5,21.6,0.0075,,
1.1740,145,112.4,21.6,0.0075,,
1.1820,146,114.3,21.6,0.0075,,
1.1905,147,116.3,21.6,0.0070,,
1.1990,148,117.9,21.6,0.0075,,
1.2065,149,120.0,21.6,0.0070,,
1.2150,150,122.3,21.6,0.0075,,
1.2235,151,124.5,21.6,0.0075,,
1.2320,152,127.0,21.6,0.0075,,
1.2400,153,129.7,21.6,0.0065,,
1.2480,154,132.2,21.6,0.0075,,
1.2560,155,135.2,21.6,0.0075,,
1.2645,156,138.4,21.6,0.0075,,
1.2730,157,141.8,21.6,0.0075,,
1.2815,158,145.2,21.6,0.0075,,
1.2900,159,148.9,21.6,0.0070,,
1.2975,160,152.3,21.6,0.0070,,
1.3060,161,155.9,21.6,0.0075,,
1.3145,162,159.7,21.6,0.0075,,
1.3225,163,163.2,21.6,0.0075,,
1.3310,164,166.7,21.6,0.0075,,
1.3395,165,169.9,21.6,0.0070,,
1.3480,166,172.8,21.6,0.0075,,
1.3555,167,175.9,21.6,0.0070,,
1.3640,168,178.5,21.6,0.0075,,
1.3725,169,180.9,21.6,0.0075,,
1.3810,170,183.4,21.6,0.0075,,
1.3905,171,185.2,21.6,0.0070,,
1.3905,411,189.6,21.6,0.0000,,
1.3910,412,189.6,21.6,0.0005,,
1.3925,413,189.5,21.6,0.0010,,
1.3950,414,189.7,21.6,0.0020,,
1.3990,416,190.3,21.6,0.0025,,
1.4050,416,191.0,21.6,0.0120,,
1.4130,418,192.0,21.6,0.0055,,
1.4210,418,193.4,21.6,0.0200,,
1.4290,419,194.8,21.6,0.0055,,
1.4375,420,196.5,21.6,0.0060,,
1.4460,422,197.8,21.6,0.0055,,
1.4545,422,199.0,21.6,0.0170,,
1.4630,424,200.4,21.6,0.0055,,
1.4705,424,201.3,21.6,0.0185,,
1.4790,425,202.7,21.6,0.0060,,
1.4870,426,203.7,21.6,0.0055,,
1.4955,428,204.5,21.6,0.0055,,
1.5040,428,205.6,21.7,0.0170,,
1.5125,430,206.6,21.7,0.0055,,
1.5200,430,207.5,21.7,0.0185,,
1.5285,431,208.2,21.7,0.0060,,
1.5370,432,209.2,21.7,0.0060,,
1.5455,434,210.2,21.7,0.0055,,
1.5535,434,211.0,21.7,0.0160,,
1.5620,436,211.6,21.7,0.0055,,
1.5695,436,212.4,21.7,0.0185,,
1.5780,437,213.2,21.7,0.0060,,
1.5865,438,214.1,21.7,0.0060,,
1.5950,440,214.6,21.7,0.0055,,
1.6035,440,215.4,21.7,0.0170,,
1.6120,442,216.2,21.7,0.0055,,
1.6195,442,216.7,21.7,0.0185,,
1.6280,443,217.5,21.7,0.0060,,
1.6360,444,218.0,21.7,0.0055,,
1.6445,446,218.6,21.7,0.0055,,
1.6530,446,219.3,21.7,0.0170,,
1.6615,448,219.9,21.7,0.0055,,
1.6690,448,220.4,21.7,0.0185,,
1.6775,449,220.8,21.7,0.0060,,
1.6860,450,221.4,21.7,0.0060,,
1.6940,452,222.1,21.7,0.0055,,
1.7025,452,222.5,21.7,0.0170,,
1.7110,454,222.9,21.7,0.0055,,
1.7185,454,223.4,21.7,0.0185,,
1.7270,455,223.9,21.7,0.0060,,
1.7355,456,224.5,21.7,0.0060,,
1.7440,458,224.9,21.7,0.0055,,
1.7520,458,225.3,21.7,0.0160,,
1.7605,460,225.9,21.7,0.0055,,
1.7680,460,226.2,21.7,0.0185,,
1.7765,461,226.8,21.7,0.0060,,
1.7850,462,227.2,21.7,0.0060,,
1.7935,464,227.4,21.7,0.0055,,
1.8020,464,228.1,21.7,0.0170,,
1.8105,466,228.5,21.7,0.0055,,
1.8185,466,228.9,21.7,0.0200,,
1.8260,467,229.2,21.7,0.0055,,
1.8345,468,229.4,21.7,0.0060,,
1.8430,470,230.0,21.7,0.0055,,
1.8515,470,230.3,21.7,0.0170,,
1.8600,472,230.5,21.7,0.0055,,
1.8680,472,230.8,21.7,0.0160,,
1.8760,473,231.2,21.7,0.0055,,
1.8840,474,231.6,21.7,0.0055,,
1.8925,475,232.1,21.7,0.0060,,
1.9010,476,232.2,21.7,0.0055,,
1.9095,478,232.7,21.7,0.0055,,
1.9180,478,233.2,21.7,0.0170,,
1.9250,479,233.4,21.7,0.0050,,
1.9325,480,233.7,21.7,0.0055,,
1.9380,481,233.8,21.7,0.0040,,
1.9400,482,234.1,21.7,0.0015,,
1.9405,484,234.3,21.7,0.0005,,
1.9415,484,234.4,21.7,0.0020,,
1.9425,485,234.4,21.7,0.0005,,
1.9440,486,234.3,21.7,0.0010,,
1.9445,487,234.4,21.7,0.0005,,
1.9460,488,234.5,21.7,0.0010,,
1.9460,490,234.5,21.7,0.0000,,
1.9475,490,234.4,21.7,0.0030,,
1.9480,491,234.5,21.7,0.0005,,
1.9495,492,234.5,21.7,0.0010,,
1.9515,493,234.8,21.7,0.0015,,
1.9540,494,234.8,21.7,0.0015,,
1.9565,496,234.8,21.7,0.0015,,
1.9575,496,235.1,21.7,-0.0050,,
Scope 1/1, Sample 7/32 (S5)
Result,TitrationEP1
V,t,E,T,dV/dt,E acc. stat.,Volume acc. stat.
0.0000,0,-53.0,21.7,NaN,,
0.0010,1,-53.0,21.7,0.0010,,
0.0025,2,-53.2,21.7,0.0015,,
0.0050,3,-53.1,21.7,0.0025,,
0.0090,4,-53.2,21.7,0.0035,,
0.0150,5,-52.7,21.7,0.0055,,
0.0235,6,-52.2,21.7,0.0075,,
0.0320,7,-51.6,21.7,0.0075,,
0.0405,8,-50.5,21.7,0.0075,,
0.0485,9,-49.3,21.7,0.0075,,
0.0565,10,-48.2,21.7,0.0075,,
0.0645,11,-46.7,21.7,0.0075,,
0.0730,12,-45.1,21.7,0.0075,,
0.0815,13,-43.4,21.7,0.0075,,
0.0900,14,-41.7,21.7,0.0075,,
0.0985,15,-39.9,21.7,0.0070,,
0.1060,16,-38.1,21.7,0.0070,,
0.1145,17,-36.1,21.7,0.0075,,
0.1230,18,-33.7,21.7,0.0075,,
0.1310,19,-31.3,21.7,0.0075,,
0.1395,20,-28.8,21.7,0.0075,,
0.1480,21,-26.1,21.7,0.0075,,
0.1555,22,-23.6,21.7,0.0070,,
0.1640,23,-20.7,21.7,0.0075,,
0.1725,24,-17.9,21.7,0.0075,,
0.1810,25,-15.2,21.7,0.0075,,
0.1895,26,-12.3,21.7,0.0075,,
0.1975,27,-10.0,21.7,0.0075,,
0.2055,28,-7.5,21.7,0.0075,,
0.2135,29,-5.2,21.7,0.0075,,
0.2220,30,-3.1,21.7,0.0075,,
0.2305,31,-1.2,21.7,0.0075,,
0.2390,32,0.4,21.7,0.0075,,
0.2475,33,1.9,21.7,0.0075,,
0.2550,34,3.4,21.7,0.0070,,
0.2635,35,4.8,21.7,0.0075,,
0.2720,36,6.3,21.7,0.0075,,
0.2800,37,7.6,21.7,0.0075,,
0.2885,38,8.9,21.7,0.0075,,
0.2970,39,10.1,21.7,0.0075,,
0.3045,40,11.2,21.7,0.0070,,
0.3130,41,12.4,21.7,0.0075,,
0.3215,42,13.6,21.7,0.0075,,
0.3300,43,14.5,21.7,0.0075,,
0.3380,44,15.6,21.7,0.0075,,
0.3465,45,16.8,21.7,0.0070,,
0.3540,46,17.8,21.7,0.0070,,
0.3625,47,18.8,21.7,0.0075,,
0.3710,48,19.7,21.7,0.0075,,
0.3795,49,20.8,21.7,0.0075,,
0.3880,50,21.7,21.7,0.0075,,
0.3960,51,22.5,21.7,0.0075,,
0.4040,52,23.5,21.7,0.0075,,
0.4120,53,24.3,21.7,0.0075,,
0.4205,54,25.3,21.7,0.0075,,
0.4290,55,26.3,21.7,0.0075,,
0.4375,56,27.1,21.7,0.0070,,
0.4460,57,27.9,21.7,0.0075,,
0.4535,58,28.7,21.7,0.0070,,
0.4620,59,29.6,21.7,0.0075,,
0.4705,60,30.4,21.7,0.0075,,
0.4785,61,31.2,21.7,0.0075,,
0.4870,62,32.1,21.7,0.0075,,
0.4955,63,33.0,21.7,0.0075,,
0.5030,64,33.8,21.7,0.0070,,
0.5115,65,34.6,21.7,0.0075,,
0.5200,66,35.3,21.7,0.0075,,
0.5285,67,36.3,21.7,0.0075,,
0.5365,68,37.2,21.7,0.0075,,
0.5450,69,38.1,21.7,0.0075,,
0.5525,70,38.9,21.7,0.0070,,
0.5610,71,39.7,21.7,0.0075,,
0.5695,72,40.5,21.7,0.0075,,
0.5780,73,41.4,21.7,0.0075,,
0.5865,74,42.2,21.7,0.0075,,
0.5945,75,43.0,21.7,0.0075,,
0.6030,76,43.7,21.7,0.0075,,
0.6105,77,44.6,21.7,0.0070,,
0.6190,78,45.4,21.7,0.0075,,
0.6275,79,46.3,21.7,0.0075,,
0.6360,80,47.1,21.7,0.0075,,
0.6445,81,48.1,21.7,0.0075,,
0.6530,82,48.8,21.7,0.0075,,
0.6605,83,49.7,21.7,0.0070,,
0.6685,84,50.5,21.7,0.0075,,
0.6770,85,51.2,21.7,0.0075,,
0.6855,86,52.1,21.7,0.0075,,
0.6940,87,53.1,21.7,0.0075,,
0.7025,88,53.8,21.7,0.0075,,
0.7100,89,54.5,21.7,0.0070,,
0.7185,90,55.4,21.7,0.0075,,
0.7270,91,56.2,21.7,0.0075,,
0.7350,92,57.0,21.7,0.0075,,
0.7435,93,57.9,21.7,0.0075,,
0.7510,94,58.6,21.7,0.0070,,
0.7595,95,59.5,21.7,0.0075,,
0.7680,96,60.5,21.7,0.0075,,
0.7765,97,61.2,21.7,0.0075,,
0.7850,98,62.2,21.7,0.0075,,
0.7935,99,63.1,21.7,0.0075,,
0.8010,100,63.8,21.7,0.0070,,
0.8095,101,64.7,21.7,0.0075,,
0.8175,102,65.5,21.7,0.0075,,
0.8260,103,66.5,21.7,0.0075,,
0.8345,104,67.5,21.7,0.0075,,
0.8430,105,68.3,21.7,0.0075,,
0.8515,106,69.2,21.7,0.0070,,
0.8590,107,70.0,21.7,0.0070,,
0.8675,108,70.9,21.7,0.0075,,
0.8755,109,71.9,21.7,0.0075,,
0.8840,110,72.8,21.7,0.0075,,
0.8925,111,73.5,21.7,0.0075,,
0.9010,112,74.5,21.7,0.0070,,
0.9085,113,75.3,21.7,0.0070,,
0.9170,114,76.3,21.7,0.0075,,
0.9255,115,77.2,21.7,0.0075,,
0.9335,116,78.1,21.7,0.0075,,
0.9420,117,79.1,21.7,0.0075,,
0.9505,118,80.1,21.7,0.0070,,
0.9580,119,80.8,21.7,0.0070,,
0.9665,120,81.8,21.7,0.0075,,
0.9750,121,82.7,21.7,0.0075,,
0.9835,122,83.8,21.7,0.0075,,
0.9920,123,84.8,21.7,0.0075,,
1.0000,124,85.7,21.7,0.0075,,
1.0075,125,86.7,21.7,0.0070,,
1.0160,126,87.6,21.7,0.0075,,
1.0245,127,88.9,21.7,0.0075,,
1.0330,128,90.0,21.7,0.0075,,
1.0415,129,91.0,21.7,0.0075,,
1.0500,130,92.3,21.7,0.0075,,
1.0575,131,93.3,21.7,0.0070,,
1.0660,132,94.6,21.7,0.0075,,
1.0740,133,95.6,21.7,0.0075,,
1.0825,134,96.8,21.7,0.0070,,
1.0910,135,98.0,21.7,0.0075,,
1.0995,136,99.2,21.7,0.0070,,
1.1070,137,100.5,21.7,0.0070,,
1.1155,138,101.7,21.7,0.0075,,
1.1240,139,102.9,21.7,0.0075,,
1.1325,140,104.4,21.7,0.0075,,
1.1405,141,105.9,21.7,0.0075,,
1.1490,142,107.4,21.7,0.0075,,
1.1565,143,108.9,21.7,0.0070,,
1.1650,144,110.3,21.7,0.0075,,
1.1735,145,112.0,21.7,0.0075,,
1.1820,146,113.8,21.7,0.0075,,
1.1905,147,115.5,21.7,0.0075,,
1.1990,148,117.1,21.7,0.0075,,
1.2065,149,119.2,21.7,0.0070,,
1.2145,150,121.5,21.7,0.0075,,
1.2230,151,123.9,21.7,0.0075,,
1.2315,152,126.2,21.7,0.0075,,
1.2400,153,128.8,21.7,0.0075,,
1.2485,154,131.1,21.7,0.0075,,
1.2560,155,133.9,21.7,0.0070,,
1.2645,156,136.7,21.7,0.0075,,
1.2730,157,139.9,21.7,0.0075,,
1.2810,158,143.5,21.7,0.0075,,
1.2895,159,147.0,21.7,0.0075,,
1.2980,160,150.1,21.7,0.0075,,
1.3055,161,153.5,21.7,0.0070,,
1.3140,162,157.3,21.7,0.0075,,
1.3225,163,161.0,21.7,0.0075,,
1.3310,164,164.7,21.7,0.0075,,
1.3395,165,167.8,21.7,0.0075,,
1.3475,166,170.9,21.7,0.0075,,
1.3555,167,173.9,21.7,0.0075,,
1.3635,168,176.8,21.7,0.0075,,
1.3720,169,179.6,21.7,0.0075,,
1.3805,170,181.9,21.7,0.0075,,
1.3890,171,184.4,21.7,0.0075,,
1.3950,172,185.3,21.8,0.0065,,
1.3950,412,189.1,21.8,0.0000,,
1.3955,413,189.1,21.8,0.0005,,
1.3970,414,189.2,21.8,0.0015,,
1.3995,415,189.3,21.8,0.0030,,
1.4035,416,189.7,21.8,0.0040,,
1.4095,417,190.5,21.8,0.0060,,
1.4175,418,191.8,21.8,0.0080,,
1.4255,419,193.2,21.8,0.0090,,
1.4335,420,194.7,21.8,0.0090,,
1.4420,421,196.2,21.8,0.0085,,
1.4505,422,197.7,21.8,0.0085,,
1.4590,423,199.0,21.8,0.0085,,
1.4675,424,200.1,21.8,0.0085,,
1.4750,425,201.1,21.8,0.0085,,
1.4835,426,202.2,21.8,0.0095,,
1.4915,427,203.6,21.8,0.0090,,
1.5000,428,204.6,21.8,0.0085,,
1.5085,429,205.6,21.8,0.0085,,
1.5170,430,206.6,21.8,0.0085,,
1.5255,431,207.5,21.8,0.0095,,
1.5330,432,208.4,21.8,0.0085,,
1.5415,433,209.3,21.8,0.0095,,
1.5495,434,210.2,21.8,0.0080,,
1.5580,435,211.1,21.8,0.0085,,
1.5665,436,212.0,21.8,0.0085,,
1.5750,437,212.7,21.8,0.0095,,
1.5825,438,213.5,21.8,0.0085,,
1.5910,439,214.0,21.8,0.0095,,
1.5995,440,214.8,21.8,0.0085,,
1.6080,441,215.5,21.8,0.0085,,
1.6160,442,216.2,21.8,0.0080,,
1.6245,443,216.9,21.8,0.0095,,
1.6320,444,217.4,21.8,0.0085,,
1.6405,445,218.1,21.8,0.0095,,
1.6490,446,218.9,21.8,0.0095,,
1.6575,447,219.4,21.8,0.0085,,
1.6660,448,220.0,21.8,0.0085,,
1.6740,449,220.6,21.8,0.0080,,
1.6820,450,221.1,21.8,0.0090,,
1.6900,451,221.7,21.8,0.0090,,
1.6985,452,222.1,21.8,0.0095,,
1.7070,453,222.6,21.8,0.0085,,
1.7155,454,223.3,21.8,0.0085,,
1.7240,455,223.7,21.8,0.0095,,
1.7315,456,224.3,21.8,0.0085,,
1.7400,457,224.7,21.8,0.0095,,
1.7485,458,225.2,21.8,0.0085,,
1.7565,459,225.7,21.8,0.0080,,
1.7650,460,226.1,21.8,0.0085,,
1.7735,461,226.6,21.8,0.0095,,
1.7810,462,226.8,21.8,0.0085,,
1.7895,463,227.2,21.8,0.0095,,
1.7980,464,227.8,21.8,0.0085,,
1.8065,465,228.2,21.8,0.0085,,
1.8145,466,228.6,21.8,0.0080,,
1.8230,467,228.8,21.8,0.0095,,
1.8305,468,229.3,21.8,0.0085,,
1.8390,469,229.7,21.8,0.0095,,
1.8475,470,230.0,21.8,0.0085,,
1.8560,471,230.4,21.8,0.0085,,
1.8645,472,230.8,21.8,0.0085,,
1.8730,473,231.2,21.8,0.0085,,
1.8805,474,231.7,21.8,0.0085,,
1.8885,475,232.0,21.8,0.0090,,
1.8970,476,232.3,21.8,0.0095,,
1.9055,477,232.9,21.8,0.0085,,
1.9140,478,233.2,21.8,0.0085,,
1.9220,479,233.4,21.8,0.0080,,
1.9290,480,233.7,21.8,0.0080,,
1.9365,481,233.9,21.8,0.0085,,
1.9405,482,234.3,21.8,0.0045,,
1.9415,483,234.5,21.8,0.0010,,
1.9420,484,234.4,21.8,0.0005,,
1.9430,485,234.5,21.8,0.0010,,
1.9445,486,234.5,21.8,0.0015,,
1.9445,487,234.6,21.8,0.0000,,
1.9470,488,234.6,21.8,0.0030,,
1.9475,489,234.7,21.8,0.0005,,
1.9485,490,234.7,21.8,0.0010,,
1.9495,491,234.8,21.8,0.0010,,
1.9510,492,235.0,21.8,0.0015,,
1.9530,493,235.0,21.8,0.0020,,
Scope 1/1, Sample 8/32 (S6)
Result,TitrationEP1
V,t,E,T,dV/dt,E acc. stat.,Volume acc. stat.
0.0000,0,-52.8,21.8,NaN,,
0.0010,1,-52.9,21.8,0.0010,,
0.0025,2,-52.9,21.8,0.0015,,
0.0050,3,-52.8,21.8,0.0025,,
0.0090,4,-52.8,21.8,0.0035,,
0.0150,5,-52.4,21.8,0.0055,,
0.0235,6,-51.9,21.8,0.0075,,
0.0320,7,-50.9,21.8,0.0075,,
0.0405,8,-49.7,21.8,0.0075,,
0.0490,9,-48.6,21.8,0.0075,,
0.0565,10,-47.4,21.8,0.0070,,
0.0645,11,-45.9,21.8,0.0075,,
0.0730,12,-44.1,21.8,0.0075,,
0.0815,13,-42.4,21.8,0.0075,,
0.0900,14,-40.6,21.8,0.0075,,
0.0985,15,-38.8,21.8,0.0085,,
0.1060,16,-36.6,21.8,0.0070,,
0.1145,17,-34.4,21.8,0.0075,,
0.1230,18,-32.0,21.8,0.0075,,
0.1310,19,-29.7,21.8,0.0075,,
0.1395,20,-26.8,21.8,0.0075,,
0.1480,21,-24.3,21.8,0.0085,,
0.1555,22,-21.3,21.8,0.0070,,
0.1640,23,-18.3,21.8,0.0075,,
0.1725,24,-15.4,21.8,0.0075,,
0.1810,25,-12.3,21.8,0.0075,,
0.1895,26,-9.5,21.8,0.0075,,
0.1970,27,-7.1,21.8,0.0070,,
0.2055,28,-4.6,21.8,0.0075,,
0.2135,29,-2.4,21.8,0.0075,,
0.2220,30,-0.4,21.8,0.0075,,
0.2305,31,1.4,21.8,0.0075,,
0.2390,32,3.2,21.8,0.0075,,
0.2475,33,4.8,21.8,0.0075,,
0.2550,34,6.3,21.8,0.0070,,
0.2635,35,8.0,21.8,0.0075,,
0.2715,36,9.4,21.8,0.0075,,
0.2800,37,10.7,21.8,0.0075,,
0.2885,38,12.1,21.8,0.0075,,
0.2970,39,13.2,21.8,0.0075,,
0.3045,40,14.5,21.8,0.0070,,
0.3130,41,15.7,21.8,0.0075,,
0.3215,42,16.7,21.8,0.0075,,
0.3300,43,17.9,21.8,0.0075,,
0.3380,44,19.0,21.8,0.0075,,
0.3465,45,19.9,21.8,0.0075,,
0.3540,46,20.8,21.8,0.0070,,
0.3625,47,21.8,21.8,0.0075,,
0.3710,48,22.9,21.8,0.0075,,
0.3795,49,23.9,21.8,0.0075,,
0.3880,50,24.7,21.8,0.0075,,
0.3955,51,25.6,21.8,0.0070,,
0.4040,52,26.5,21.8,0.0075,,
0.4125,53,27.4,21.8,0.0075,,
0.4205,54,28.3,21.8,0.0075,,
0.4290,55,29.2,21.8,0.0075,,
0.4375,56,30.1,21.8,0.0075,,
0.4450,57,30.9,21.8,0.0070,,
0.4535,58,31.8,21.8,0.0075,,
0.4620,59,32.7,21.8,0.0075,,
0.4705,60,33.7,21.8,0.0075,,
0.4785,61,34.8,21.8,0.0075,,
0.4870,62,35.7,21.8,0.0075,,
0.4955,63,36.4,21.8,0.0075,,
0.5030,64,37.2,21.8,0.0070,,
0.5115,65,37.9,21.8,0.0075,,
0.5200,66,38.9,21.8,0.0075,,
0.5285,67,39.8,21.8,0.0075,,
0.5365,68,40.5,21.8,0.0075,,
0.5450,69,41.4,21.8,0.0075,,
0.5525,70,42.1,21.8,0.0070,,
0.5610,71,43.0,21.8,0.0075,,
0.5695,72,43.8,21.8,0.0075,,
0.5780,73,44.6,21.8,0.0075,,
0.5865,74,45.4,21.8,0.0075,,
0.5950,75,46.3,21.8,0.0075,,
0.6025,76,47.1,21.8,0.0070,,
0.6110,77,47.9,21.8,0.0075,,
0.6190,78,48.8,21.8,0.0075,,
0.6275,79,49.7,21.8,0.0075,,
0.6360,80,50.7,21.8,0.0075,,
0.6445,81,51.5,21.8,0.0075,,
0.6520,82,52.2,21.8,0.0070,,
0.6605,83,53.0,21.8,0.0075,,
0.6690,84,53.9,21.8,0.0075,,
0.6770,85,54.8,21.8,0.0075,,
0.6855,86,55.5,21.8,0.0075,,
0.6940,87,56.3,21.8,0.0085,,
0.7015,88,57.2,21.8,0.0070,,
0.7100,89,58.1,21.8,0.0075,,
0.7185,90,58.9,21.8,0.0075,,
0.7270,91,59.7,21.8,0.0075,,
0.7355,92,60.6,21.8,0.0075,,
0.7435,93,61.6,21.8,0.0075,,
0.7515,94,62.3,21.8,0.0075,,
0.7595,95,63.1,21.8,0.0075,,
0.7680,96,63.9,21.8,0.0075,,
0.7765,97,64.9,21.8,0.0075,,
0.7850,98,65.7,21.8,0.0075,,
0.7935,99,66.4,21.8,0.0085,,
0.8010,100,67.3,21.8,0.0070,,
0.8095,101,68.2,21.8,0.0075,,
0.8180,102,69.2,21.8,0.0075,,
0.8260,103,70.0,21.8,0.0075,,
0.8345,104,70.7,21.8,0.0075,,
0.8430,105,71.6,21.8,0.0075,,
0.8505,106,72.4,21.8,0.0070,,
0.8590,107,73.3,21.8,0.0075,,
0.8675,108,74.2,21.8,0.0075,,
0.8760,109,75.0,21.8,0.0075,,
0.8845,110,76.0,21.8,0.0075,,
0.8920,111,76.7,21.8,0.0070,,
0.9000,112,77.7,21.8,0.0075,,
0.9085,113,78.5,21.8,0.0075,,
0.9170,114,79.4,21.8,0.0075,,
0.9255,115,80.5,21.8,0.0075,,
0.9340,116,81.4,21.8,0.0075,,
0.9425,117,82.3,21.8,0.0085,,
0.9500,118,83.1,21.8,0.0070,,
0.9585,119,84.1,21.8,0.0075,,
0.9665,120,85.2,21.8,0.0075,,
0.9750,121,86.3,21.8,0.0075,,
0.9835,122,87.1,21.8,0.0075,,
0.9920,123,88.1,21.8,0.0085,,
0.9995,124,89.1,21.8,0.0070,,
1.0080,125,90.2,21.8,0.0075,,
1.0165,126,91.3,21.8,0.0075,,
1.0245,127,92.4,21.8,0.0075,,
1.0330,128,93.6,21.8,0.0075,,
1.0415,129,94.6,21.8,0.0075,,
1.0490,130,95.5,21.8,0.0070,,
1.0575,131,96.6,21.8,0.0075,,
1.0660,132,97.8,21.8,0.0075,,
1.0745,133,99.1,21.8,0.0075,,
1.0825,134,100.3,21.8,0.0075,,
1.0910,135,101.6,21.8,0.0075,,
1.0985,136,102.7,21.8,0.0070,,
1.1070,137,104.0,21.8,0.0075,,
1.1155,138,105.2,21.8,0.0075,,
1.1240,139,106.7,21.8,0.0075,,
1.1325,140,108.1,21.8,0.0075,,
1.1410,141,109.5,21.8,0.0075,,
1.1485,142,110.8,21.8,0.0070,,
1.1570,143,112.5,21.8,0.0075,,
1.1650,144,114.2,21.8,0.0075,,
1.1735,145,115.9,21.8,0.0075,,
1.1820,146,117.8,21.8,0.0075,,
1.1905,147,119.7,21.8,0.0075,,
1.1980,148,121.5,21.8,0.0070,,
1.2065,149,123.3,21.8,0.0075,,
1.2150,150,125.5,21.8,0.0075,,
1.2235,151,128.0,21.8,0.0075,,
1.2315,152,130.3,21.8,0.0075,,
1.2400,153,132.6,21.8,0.0075,,
1.2475,154,135.1,21.8,0.0070,,
1.2560,155,138.0,21.8,0.0075,,
1.2645,156,140.8,21.8,0.0075,,
1.2730,157,143.9,21.8,0.0075,,
1.2815,158,147.2,21.8,0.0075,,
1.2895,159,150.7,21.8,0.0065,,
1.2975,160,153.8,21.8,0.0075,,
1.3055,161,157.3,21.8,0.0075,,
1.3140,162,160.8,21.8,0.0075,,
1.3225,163,164.3,21.8,0.0075,,
1.3310,164,167.5,21.8,0.0075,,
1.3395,165,170.8,21.8,0.0075,,
1.3470,166,173.5,21.8,0.0070,,
1.3555,167,176.5,21.8,0.0075,,
1.3635,168,179.2,21.8,0.0075,,
1.3720,169,181.5,21.8,0.0075,,
1.3805,170,183.9,21.8,0.0075,,
1.3875,171,185.1,21.8,0.0070,,
1.3875,411,188.2,21.9,0.0000,,
1.3880,412,188.1,21.9,0.0005,,
1.3895,413,188.2,21.9,0.0015,,
1.3920,414,188.6,21.9,0.0025,,
1.3960,415,189.0,21.8,0.0035,,
1.4020,416,190.0,21.9,0.0055,,
1.4105,417,191.4,21.9,0.0075,,
1.4180,418,192.9,21.9,0.0075,,
1.4265,419,194.5,21.9,0.0085,,
1.4350,420,196.0,21.9,0.0085,,
1.4435,421,197.3,21.9,0.0075,,
1.4520,422,198.8,21.9,0.0075,,
1.4605,423,200.2,21.9,0.0075,,
1.4680,424,201.2,21.9,0.0075,,
1.4760,425,202.4,21.9,0.0080,,
1.4845,426,203.4,21.9,0.0085,,
1.4930,427,204.6,21.9,0.0075,,
1.5015,428,205.6,21.9,0.0075,,
1.5100,429,206.5,21.9,0.0075,,
1.5175,430,207.4,21.9,0.0075,,
1.5260,431,208.4,21.9,0.0085,,
1.5345,432,209.5,21.9,0.0085,,
1.5425,433,210.4,21.9,0.0075,,
1.5510,434,211.1,21.8,0.0075,,
1.5595,435,212.0,21.9,0.0075,,
1.5680,436,212.8,21.9,0.0075,,
1.5755,437,213.5,21.9,0.0075,,
1.5840,438,214.2,21.9,0.0085,,
1.5925,439,214.9,21.9,0.0075,,
1.6005,440,215.7,21.9,0.0075,,
1.6090,441,216.4,21.9,0.0075,,
1.6175,442,217.0,21.9,0.0075,,
1.6250,443,217.7,21.9,0.0075,,
1.6335,444,218.1,21.9,0.0085,,
1.6420,445,218.8,21.9,0.0075,,
1.6505,446,219.4,21.9,0.0075,,
1.6590,447,219.9,21.9,0.0075,,
1.6665,448,220.5,21.9,0.0075,,
1.6750,449,221.0,21.9,0.0085,,
1.6830,450,221.7,21.9,0.0080,,
1.6915,451,222.2,21.9,0.0085,,
1.7000,452,222.7,21.9,0.0075,,
1.7085,453,223.3,21.9,0.0075,,
1.7170,454,223.9,21.9,0.0075,,
1.7245,455,224.3,21.9,0.0075,,
1.7330,456,224.8,21.9,0.0085,,
1.7410,457,225.1,21.9,0.0075,,
1.7495,458,225.7,21.9,0.0075,,
1.7580,459,226.2,21.9,0.0075,,
1.7665,460,226.6,21.9,0.0075,,
1.7740,461,227.1,21.9,0.0075,,
1.7825,462,227.4,21.9,0.0085,,
1.7910,463,227.9,21.9,0.0085,,
1.7990,464,228.2,21.9,0.0075,,
1.8075,465,228.6,21.9,0.0075,,
1.8160,466,229.0,21.9,0.0075,,
1.8235,467,229.4,21.9,0.0075,,
1.8320,468,229.9,21.9,0.0085,,
1.8405,469,230.4,21.9,0.0085,,
1.8490,470,230.7,21.9,0.0075,,
1.8575,471,231.1,21.9,0.0075,,
1.8655,472,231.5,21.9,0.0075,,
1.8735,473,231.9,21.9,0.0080,,
1.8815,474,232.3,21.9,0.0080,,
1.8900,475,232.4,21.9,0.0085,,
1.8985,476,232.8,21.9,0.0075,,
1.9070,477,233.3,21.9,0.0075,,
1.9150,478,233.6,21.9,0.0075,,
1.9215,479,233.9,21.9,0.0065,,
1.9260,480,234.0,21.9,0.0045,,
1.9285,481,234.2,21.9,0.0025,,
1.9310,482,234.4,21.9,0.0025,,
1.9335,483,234.4,21.9,0.0025,,
1.9345,484,234.3,21.9,0.0010,,
1.9350,485,234.4,21.9,0.0005,,
1.9360,486,234.5,21.9,0.0010,,
1.9370,487,234.6,21.9,0.0010,,
1.9380,488,234.6,21.9,0.0010,,
1.9395,489,234.6,21.9,0.0015,,
1.9415,490,234.8,21.9,0.0020,,
1.9435,491,234.9,21.9,0.0020,,
1.9455,492,235.0,21.9,0.0015,,
Scope 1/1, Sample 9/32 (T1)
Result,TitrationEP1
V,t,E,T,dV/dt,E acc. stat.,Volume acc. stat.
0.0000,0,-53.4,21.8,NaN,,
0.0010,1,-53.5,21.8,0.0010,,
0.0025,2,-53.5,21.8,0.0015,,
0.0050,3,-53.5,21.8,0.0020,,
0.0090,4,-53.4,21.8,0.0035,,
0.0150,5,-53.2,21.8,0.0055,,
0.0235,6,-52.8,21.8,0.0075,,
0.0320,7,-52.1,21.8,0.0075,,
0.0405,8,-51.3,21.8,0.0075,,
0.0490,9,-50.3,21.8,0.0075,,
0.0565,10,-49.0,21.8,0.0070,,
0.0650,11,-47.7,21.8,0.0075,,
0.0730,12,-46.2,21.8,0.0075,,
0.0815,13,-44.7,21.8,0.0075,,
0.0900,14,-43.1,21.8,0.0075,,
0.0985,15,-41.5,21.8,0.0075,,
0.1060,16,-39.5,21.8,0.0070,,
0.1145,17,-37.3,21.8,0.0075,,
0.1230,18,-35.3,21.8,0.0075,,
0.1310,19,-33.2,21.8,0.0075,,
0.1395,20,-30.8,21.8,0.0075,,
0.1480,21,-28.3,21.8,0.0075,,
0.1555,22,-26.0,21.8,0.0070,,
0.1640,23,-23.2,21.8,0.0075,,
0.1725,24,-20.6,21.8,0.0075,,
0.1810,25,-17.8,21.8,0.0075,,
0.1890,26,-15.0,21.8,0.0075,,
0.1975,27,-12.6,21.8,0.0075,,
0.2050,28,-10.6,21.8,0.0070,,
0.2135,29,-8.5,21.8,0.0075,,
0.2220,30,-6.2,21.8,0.0075,,
0.2305,31,-4.1,21.8,0.0075,,
0.2390,32,-2.5,21.8,0.0075,,
0.2475,33,-0.9,21.8,0.0070,,
0.2550,34,0.3,21.8,0.0070,,
0.2635,35,1.7,21.8,0.0075,,
0.2715,36,3.2,21.8,0.0075,,
0.2800,37,4.4,21.8,0.0075,,
0.2885,38,5.9,21.8,0.0075,,
0.2970,39,7.2,21.8,0.0070,,
0.3045,40,8.4,21.8,0.0070,,
0.3130,41,9.5,21.8,0.0075,,
0.3215,42,10.5,21.8,0.0075,,
0.3300,43,11.8,21.8,0.0075,,
0.3380,44,12.8,21.8,0.0075,,
0.3465,45,13.8,21.8,0.0070,,
0.3540,46,14.7,21.8,0.0070,,
0.3625,47,15.6,21.8,0.0075,,
0.3710,48,16.8,21.8,0.0075,,
0.3795,49,17.7,21.8,0.0075,,
0.3880,50,18.6,21.8,0.0075,,
0.3965,51,19.5,21.8,0.0075,,
0.4040,52,20.4,21.8,0.0070,,
0.4120,53,21.5,21.8,0.0075,,
0.4205,54,22.3,21.8,0.0075,,
0.4290,55,23.1,21.8,0.0075,,
0.4375,56,24.2,21.8,0.0075,,
0.4460,57,25.0,21.8,0.0075,,
0.4535,58,25.9,21.8,0.0070,,
0.4620,59,26.8,21.8,0.0075,,
0.4705,60,27.6,21.8,0.0075,,
0.4785,61,28.5,21.8,0.0075,,
0.4870,62,29.3,21.8,0.0075,,
0.4955,63,30.1,21.8,0.0070,,
0.5030,64,30.9,21.8,0.0070,,
0.5115,65,31.8,21.8,0.0075,,
0.5200,66,32.8,21.8,0.0075,,
0.5285,67,33.7,21.8,0.0075,,
0.5370,68,34.5,21.8,0.0075,,
0.5450,69,35.4,21.8,0.0075,,
0.5525,70,36.2,21.8,0.0070,,
0.5610,71,37.1,21.8,0.0075,,
0.5695,72,37.9,21.8,0.0075,,
0.5780,73,38.8,21.8,0.0075,,
0.5865,74,39.7,21.8,0.0075,,
0.5950,75,40.4,21.8,0.0075,,
0.6025,76,41.4,21.8,0.0070,,
0.6110,77,42.2,21.8,0.0075,,
0.6190,78,43.0,21.8,0.0075,,
0.6275,79,44.0,21.8,0.0075,,
0.6360,80,44.8,21.8,0.0075,,
0.6445,81,45.6,21.8,0.0070,,
0.6520,82,46.4,21.8,0.0070,,
0.6605,83,47.3,21.8,0.0075,,
0.6690,84,48.3,21.8,0.0075,,
0.6770,85,49.1,21.8,0.0075,,
0.6855,86,49.9,21.8,0.0075,,
0.6940,87,50.7,21.8,0.0075,,
0.7015,88,51.6,21.8,0.0070,,
0.7100,89,52.6,21.8,0.0075,,
0.7185,90,53.4,21.8,0.0075,,
0.7270,91,54.3,21.8,0.0075,,
0.7355,92,55.3,21.8,0.0075,,
0.7435,93,56.1,21.8,0.0075,,
0.7515,94,57.0,21.8,0.0075,,
0.7595,95,57.8,21.8,0.0075,,
0.7680,96,58.6,21.8,0.0075,,
0.7765,97,59.7,21.8,0.0075,,
0.7850,98,60.6,21.8,0.0075,,
0.7935,99,61.4,21.8,0.0075,,
0.8010,100,62.2,21.8,0.0070,,
0.8095,101,63.2,21.8,0.0075,,
0.8180,102,64.1,21.8,0.0075,,
0.8260,103,64.9,21.8,0.0075,,
0.8345,104,65.7,21.8,0.0075,,
0.8430,105,66.7,21.8,0.0070,,
0.8505,106,67.6,21.8,0.0070,,
0.8590,107,68.5,21.8,0.0075,,
0.8675,108,69.3,21.8,0.0075,,
0.8760,109,70.3,21.8,0.0075,,
0.8840,110,71.3,21.8,0.0075,,
0.8925,111,72.1,21.8,0.0075,,
0.9000,112,73.1,21.8,0.0070,,
0.9085,113,74.0,21.8,0.0075,,
0.9170,114,75.0,21.8,0.0075,,
0.9255,115,76.1,21.8,0.0075,,
0.9340,116,76.9,21.8,0.0075,,
0.9425,117,77.9,21.8,0.0075,,
0.9500,118,78.8,21.8,0.0070,,
0.9585,119,79.8,21.8,0.0075,,
0.9665,120,80.9,21.8,0.0075,,
0.9750,121,81.9,21.8,0.0075,,
0.9835,122,82.9,21.8,0.0075,,
0.9920,123,83.9,21.8,0.0075,,
0.9995,124,85.0,21.8,0.0070,,
1.0080,125,86.1,21.8,0.0075,,
1.0165,126,87.2,21.8,0.0075,,
1.0250,127,88.2,21.8,0.0075,,
1.0330,128,89.4,21.8,0.0075,,
1.0410,129,90.4,21.8,0.0075,,
1.0490,130,91.6,21.8,0.0075,,
1.0575,131,92.8,21.8,0.0075,,
1.0660,132,93.9,21.8,0.0075,,
1.0745,133,95.2,21.8,0.0075,,
1.0830,134,96.4,21.8,0.0075,,
1.0910,135,97.5,21.8,0.0075,,
1.0990,136,98.8,21.8,0.0075,,
1.1070,137,100.0,21.8,0.0075,,
1.1155,138,101.5,21.8,0.0075,,
1.1240,139,103.0,21.8,0.0075,,
1.1325,140,104.5,21.8,0.0075,,
1.1410,141,106.1,21.8,0.0070,,
1.1485,142,107.6,21.8,0.0070,,
1.1570,143,109.5,21.8,0.0075,,
1.1650,144,111.3,21.8,0.0075,,
1.1735,145,113.1,21.8,0.0075,,
1.1820,146,115.0,21.8,0.0075,,
1.1905,147,116.9,21.8,0.0075,,
1.1980,148,119.1,21.8,0.0070,,
1.2065,149,121.3,21.8,0.0075,,
1.2150,150,123.5,21.8,0.0075,,
1.2235,151,126.3,21.8,0.0075,,
1.2315,152,129.1,21.8,0.0075,,
1.2395,153,131.7,21.8,0.0075,,
1.2475,154,134.5,21.8,0.0075,,
1.2560,155,137.9,21.8,0.0075,,
1.2645,156,141.4,21.8,0.0075,,
1.2730,157,145.0,21.8,0.0075,,
1.2815,158,148.6,21.8,0.0075,,
1.2895,159,152.1,21.8,0.0075,,
1.2975,160,155.9,21.8,0.0075,,
1.3055,161,159.6,21.8,0.0075,,
1.3140,162,163.4,21.8,0.0075,,
1.3225,163,167.0,21.8,0.0075,,
1.3310,164,170.5,21.8,0.0075,,
1.3395,165,172.9,21.8,0.0075,,
1.3470,166,175.8,21.8,0.0070,,
1.3555,167,178.7,21.8,0.0075,,
1.3640,168,181.1,21.8,0.0075,,
1.3720,169,183.8,21.8,0.0075,,
1.3800,170,185.2,21.8,0.0080,,
1.3800,410,189.5,21.8,0.0000,,
1.3805,411,189.4,21.8,0.0005,,
1.3820,412,189.5,21.8,0.0015,,
1.3845,413,189.7,21.8,0.0020,,
1.3885,414,190.1,21.8,0.0035,,
1.3950,415,190.8,21.8,0.0055,,
1.4035,416,191.8,21.8,0.0075,,
1.4110,417,193.3,21.8,0.0070,,
1.4195,418,194.9,21.8,0.0075,,
1.4280,419,196.3,21.8,0.0070,,
1.4365,420,197.7,21.8,0.0070,,
1.4445,421,199.1,21.8,0.0065,,
1.4530,422,200.3,21.8,0.0075,,
1.4605,423,201.5,21.8,0.0070,,
1.4690,424,202.5,21.8,0.0075,,
1.4775,425,203.6,21.8,0.0070,,
1.4860,426,204.9,21.8,0.0070,,
1.4945,427,205.7,21.8,0.0070,,
1.5025,428,206.7,21.8,0.0075,,
1.5105,429,207.6,21.8,0.0075,,
1.5185,430,208.6,21.8,0.0075,,
1.5270,431,209.5,21.8,0.0070,,
1.5355,432,210.2,21.8,0.0070,,
1.5440,433,211.0,21.8,0.0070,,
1.5525,434,211.8,21.8,0.0075,,
1.5600,435,212.7,21.8,0.0070,,
1.5685,436,213.5,21.8,0.0075,,
1.5770,437,214.1,21.8,0.0070,,
1.5850,438,214.9,21.8,0.0065,,
1.5935,439,215.7,21.8,0.0070,,
1.6020,440,216.4,21.8,0.0070,,
1.6095,441,216.9,21.8,0.0070,,
1.6180,442,217.5,21.8,0.0075,,
1.6265,443,218.1,21.8,0.0075,,
1.6345,444,218.8,21.8,0.0065,,
1.6430,445,219.5,21.8,0.0070,,
1.6515,446,219.9,21.8,0.0070,,
1.6590,447,220.6,21.8,0.0070,,
1.6675,448,221.1,21.8,0.0075,,
1.6760,449,221.7,21.8,0.0075,,
1.6845,450,222.2,21.8,0.0070,,
1.6930,451,222.6,21.8,0.0070,,
1.7010,452,223.3,21.8,0.0065,,
1.7090,453,223.6,21.8,0.0075,,
1.7170,454,224.3,21.8,0.0075,,
1.7255,455,224.6,21.8,0.0075,,
1.7340,456,225.1,21.8,0.0070,,
1.7425,457,225.7,21.8,0.0070,,
1.7510,458,226.1,21.8,0.0070,,
1.7585,459,226.6,21.8,0.0070,,
1.7670,460,226.9,21.8,0.0075,,
1.7750,461,227.3,21.8,0.0075,,
1.7835,462,227.8,21.8,0.0070,,
1.7920,463,228.2,21.8,0.0070,,
1.8005,464,228.4,21.9,0.0070,,
1.8080,465,228.9,21.9,0.0070,,
1.8165,466,229.3,21.8,0.0075,,
1.8250,467,229.7,21.9,0.0075,,
1.8335,468,230.1,21.9,0.0070,,
1.8415,469,230.4,21.9,0.0065,,
1.8500,470,230.8,21.9,0.0070,,
1.8575,471,231.1,21.9,0.0070,,
1.8660,472,231.6,21.9,0.0075,,
1.8745,473,231.9,21.9,0.0070,,
1.8830,474,232.1,21.9,0.0070,,
1.8915,475,232.6,21.9,0.0070,,
1.9000,476,232.9,21.9,0.0070,,
1.9075,477,233.3,21.9,0.0070,,
1.9155,478,233.5,21.9,0.0075,,
1.9225,479,233.9,21.9,0.0065,,
1.9260,480,234.3,21.9,0.0030,,
1.9270,481,234.4,21.9,0.0010,,
1.9270,482,234.5,21.9,0.0000,,
1.9285,483,234.5,21.9,0.0015,,
1.9300,484,234.6,21.9,0.0015,,
1.9325,485,234.8,21.9,0.0020,,
1.9355,486,234.8,21.9,0.0025,,
1.9380,487,234.9,21.9,0.0020,,
1.9380,488,234.9,21.9,0.0000,,
1.9385,488,235.0,21.9,0.0025,,
Scope 1/1, Sample 10/32 (T2)
Result,TitrationEP1
V,t,E,T,dV/dt,E acc. stat.,Volume acc. stat.
0.0000,0,-53.6,21.8,NaN,,
0.0010,1,-53.7,21.8,0.0010,,
0.0025,2,-53.6,21.8,0.0015,,
0.0050,3,-53.5,21.8,0.0025,,
0.0090,4,-53.4,21.8,0.0035,,
0.0150,5,-53.4,21.8,0.0055,,
0.0235,6,-52.8,21.8,0.0075,,
0.0320,7,-52.0,21.8,0.0075,,
0.0405,8,-51.1,21.8,0.0075,,
0.0490,9,-50.0,21.8,0.0085,,
0.0565,10,-49.0,21.8,0.0070,,
0.0650,11,-47.6,21.8,0.0075,,
0.0730,12,-46.0,21.8,0.0075,,
0.0815,13,-44.4,21.8,0.0075,,
0.0900,14,-42.8,21.8,0.0075,,
0.0985,15,-40.8,21.8,0.0075,,
0.1060,16,-39.1,21.8,0.0070,,
0.1145,17,-36.9,21.8,0.0075,,
0.1230,18,-34.8,21.8,0.0075,,
0.1310,19,-32.6,21.8,0.0075,,
0.1395,20,-30.1,21.8,0.0075,,
0.1480,21,-27.8,21.8,0.0085,,
0.1555,22,-25.0,21.8,0.0070,,
0.1640,23,-22.4,21.8,0.0075,,
0.1725,24,-19.6,21.8,0.0075,,
0.1810,25,-16.7,21.8,0.0075,,
0.1890,26,-14.0,21.8,0.0075,,
0.1975,27,-11.6,21.8,0.0085,,
0.2050,28,-9.3,21.8,0.0070,,
0.2135,29,-7.1,21.8,0.0075,,
0.2220,30,-4.8,21.8,0.0075,,
0.2305,31,-3.0,21.8,0.0075,,
0.2390,32,-1.3,21.8,0.0075,,
0.2475,33,0.3,21.8,0.0075,,
0.2550,34,1.6,21.8,0.0070,,
0.2635,35,3.4,21.8,0.0075,,
0.2715,36,4.7,21.8,0.0075,,
0.2800,37,6.1,21.8,0.0075,,
0.2885,38,7.5,21.8,0.0075,,
0.2970,39,8.6,21.8,0.0085,,
0.3045,40,9.8,21.8,0.0070,,
0.3130,41,10.9,21.8,0.0075,,
0.3215,42,12.0,21.8,0.0075,,
0.3295,43,13.3,21.8,0.0075,,
0.3380,44,14.3,21.8,0.0075,,
0.3465,45,15.3,21.8,0.0085,,
0.3540,46,16.2,21.8,0.0070,,
0.3625,47,17.3,21.8,0.0075,,
0.3710,48,18.4,21.8,0.0075,,
0.3795,49,19.4,21.8,0.0075,,
0.3880,50,20.2,21.8,0.0075,,
0.3960,51,21.3,21.8,0.0075,,
0.4040,52,22.1,21.8,0.0075,,
0.4120,53,23.2,21.8,0.0075,,
0.4205,54,24.0,21.8,0.0075,,
0.4290,55,24.9,21.8,0.0075,,
0.4375,56,25.9,21.8,0.0075,,
0.4460,57,26.7,21.8,0.0085,,
0.4535,58,27.6,21.8,0.0070,,
0.4620,59,28.4,21.8,0.0075,,
0.4705,60,29.3,21.8,0.0075,,
0.4785,61,30.3,21.8,0.0075,,
0.4870,62,31.0,21.8,0.0075,,
0.4945,63,31.9,21.8,0.0070,,
0.5030,64,32.6,21.8,0.0075,,
0.5115,65,33.4,21.8,0.0075,,
0.5200,66,34.4,21.8,0.0075,,
0.5285,67,35.2,21.8,0.0075,,
0.5365,68,35.9,21.8,0.0075,,
0.5445,69,36.7,21.8,0.0075,,
0.5530,70,37.8,21.8,0.0075,,
0.5610,71,38.8,21.8,0.0075,,
0.5695,72,39.5,21.8,0.0075,,
0.5780,73,40.4,21.8,0.0075,,
0.5865,74,41.2,21.8,0.0075,,
0.5950,75,42.0,21.8,0.0075,,
0.6025,76,42.9,21.8,0.0070,,
0.6110,77,43.6,21.8,0.0075,,
0.6190,78,44.5,21.8,0.0075,,
0.6275,79,45.4,21.8,0.0075,,
0.6360,80,46.3,21.8,0.0075,,
0.6435,81,47.1,21.8,0.0070,,
0.6520,82,47.8,21.8,0.0075,,
0.6605,83,48.7,21.8,0.0075,,
0.6690,84,49.7,21.8,0.0075,,
0.6770,85,50.5,21.8,0.0075,,
0.6855,86,51.2,21.8,0.0075,,
0.6930,87,52.0,21.8,0.0070,,
0.7015,88,53.0,21.8,0.0075,,
0.7100,89,53.9,21.8,0.0075,,
0.7185,90,54.6,21.8,0.0075,,
0.7270,91,55.5,21.8,0.0075,,
0.7355,92,56.6,21.8,0.0075,,
0.7435,93,57.3,21.8,0.0080,,
0.7515,94,58.3,21.8,0.0075,,
0.7595,95,59.0,21.8,0.0075,,
0.7680,96,59.8,21.8,0.0075,,
0.7765,97,60.8,21.8,0.0075,,
0.7850,98,61.7,21.8,0.0075,,
0.7935,99,62.6,21.8,0.0085,,
0.8010,100,63.5,21.8,0.0070,,
0.8095,101,64.3,21.8,0.0075,,
0.8175,102,65.4,21.8,0.0075,,
0.8260,103,66.3,21.8,0.0075,,
0.8345,104,67.1,21.8,0.0075,,
0.8430,105,67.9,21.8,0.0085,,
0.8505,106,68.8,21.8,0.0070,,
0.8590,107,69.7,21.8,0.0075,,
0.8675,108,70.6,21.8,0.0075,,
0.8755,109,71.3,21.8,0.0075,,
0.8840,110,72.3,21.8,0.0075,,
0.8925,111,73.3,21.8,0.0075,,
0.9000,112,74.1,21.8,0.0070,,
0.9085,113,75.0,21.8,0.0075,,
0.9170,114,76.0,21.8,0.0075,,
0.9255,115,77.1,21.8,0.0075,,
0.9340,116,78.1,21.8,0.0075,,
0.9420,117,78.9,21.8,0.0075,,
0.9500,118,79.7,21.8,0.0075,,
0.9580,119,80.7,21.8,0.0075,,
0.9665,120,81.8,21.8,0.0075,,
0.9750,121,82.8,21.8,0.0075,,
0.9835,122,83.7,21.8,0.0075,,
0.9920,123,84.8,21.8,0.0075,,
0.9995,124,85.7,21.8,0.0070,,
1.0080,125,86.9,21.8,0.0075,,
1.0165,126,87.9,21.8,0.0075,,
1.0245,127,88.8,21.8,0.0075,,
1.0330,128,90.0,21.8,0.0075,,
1.0415,129,91.0,21.8,0.0085,,
1.0490,130,92.1,21.8,0.0070,,
1.0575,131,93.2,21.8,0.0075,,
1.0660,132,94.4,21.8,0.0075,,
1.0745,133,95.7,21.8,0.0075,,
1.0825,134,97.1,21.8,0.0075,,
1.0910,135,98.2,21.8,0.0075,,
1.0985,136,99.5,21.8,0.0070,,
1.1070,137,100.7,21.8,0.0075,,
1.1155,138,102.4,21.8,0.0075,,
1.1240,139,103.8,21.8,0.0075,,
1.1325,140,105.0,21.8,0.0075,,
1.1410,141,106.6,21.8,0.0075,,
1.1485,142,108.0,21.8,0.0070,,
1.1565,143,109.9,21.8,0.0075,,
1.1650,144,111.5,21.8,0.0075,,
1.1735,145,113.1,21.8,0.0075,,
1.1820,146,115.1,21.8,0.0075,,
1.1905,147,117.3,21.8,0.0075,,
1.1980,148,119.1,21.8,0.0070,,
1.2065,149,121.1,21.8,0.0075,,
1.2150,150,123.3,21.8,0.0075,,
1.2230,151,125.8,21.8,0.0075,,
1.2315,152,128.3,21.8,0.0075,,
1.2400,153,131.0,21.8,0.0075,,
1.2475,154,133.5,21.8,0.0070,,
1.2560,155,136.5,21.8,0.0075,,
1.2645,156,139.9,21.8,0.0075,,
1.2730,157,143.5,21.8,0.0075,,
1.2810,158,146.9,21.8,0.0075,,
1.2895,159,150.6,21.8,0.0075,,
1.2970,160,153.9,21.8,0.0070,,
1.3055,161,157.6,21.8,0.0075,,
1.3140,162,161.3,21.8,0.0075,,
1.3225,163,164.8,21.8,0.0075,,
1.3310,164,168.3,21.8,0.0075,,
1.3390,165,171.6,21.8,0.0075,,
1.3470,166,174.4,21.8,0.0075,,
1.3550,167,177.3,21.8,0.0075,,
1.3635,168,179.8,21.8,0.0075,,
1.3720,169,182.1,21.8,0.0075,,
1.3805,170,184.5,21.8,0.0075,,
1.3840,170,185.0,21.8,0.0070,,
1.3840,411,189.0,21.8,0.0000,,
1.3845,412,188.9,21.8,0.0010,,
1.3860,413,188.9,21.8,0.0025,,
1.3885,414,189.2,21.8,0.0035,,
1.3925,415,189.7,21.8,0.0055,,
1.3990,416,190.3,21.8,0.0095,,
1.4075,417,191.4,21.8,0.0140,,
1.4150,418,193.1,21.8,0.0125,,
1.4235,419,194.6,21.8,0.0140,,
1.4315,420,196.0,21.8,0.0115,,
1.4400,421,197.5,21.8,0.0120,,
1.4485,422,198.9,21.8,0.0120,,
1.4570,423,200.1,21.8,0.0120,,
1.4645,424,201.2,21.8,0.0125,,
1.4730,425,202.4,21.8,0.0140,,
1.4815,426,203.5,21.8,0.0120,,
1.4895,427,204.7,21.8,0.0115,,
1.4980,428,205.6,21.8,0.0120,,
1.5065,429,206.6,21.8,0.0120,,
1.5140,430,207.5,21.8,0.0125,,
1.5225,431,208.4,21.8,0.0140,,
1.5310,432,209.5,21.8,0.0140,,
1.5395,433,210.3,21.8,0.0120,,
1.5475,434,211.0,21.8,0.0115,,
1.5560,435,211.9,21.8,0.0120,,
1.5635,436,212.6,21.8,0.0125,,
1.5720,437,213.5,21.8,0.0140,,
1.5805,438,214.1,21.8,0.0140,,
1.5890,439,214.8,21.8,0.0120,,
1.5975,440,215.6,21.8,0.0120,,
1.6060,441,216.3,21.8,0.0120,,
1.6135,442,216.9,21.8,0.0125,,
1.6215,443,217.4,21.8,0.0135,,
1.6300,444,217.9,21.8,0.0140,,
1.6385,445,218.7,21.8,0.0120,,
1.6470,446,219.4,21.8,0.0120,,
1.6555,447,219.7,21.8,0.0120,,
1.6630,448,220.3,21.9,0.0125,,
1.6715,449,220.7,21.9,0.0140,,
1.6800,450,221.5,21.9,0.0140,,
1.6880,451,222.0,21.9,0.0115,,
1.6965,452,222.4,21.8,0.0120,,
1.7050,453,223.0,21.9,0.0120,,
1.7125,454,223.4,21.8,0.0125,,
1.7210,455,224.1,21.8,0.0140,,
1.7295,456,224.7,21.8,0.0140,,
1.7380,457,225.1,21.8,0.0120,,
1.7460,458,225.7,21.8,0.0115,,
1.7545,459,226.1,21.9,0.0120,,
1.7620,460,226.6,21.8,0.0125,,
1.7705,461,226.9,21.8,0.0140,,
1.7790,462,227.3,21.8,0.0140,,
1.7875,463,227.8,21.8,0.0120,,
1.7960,464,228.2,21.9,0.0120,,
1.8045,465,228.5,21.9,0.0120,,
1.8120,466,229.1,21.9,0.0125,,
1.8205,467,229.4,21.8,0.0140,,
1.8285,468,229.8,21.8,0.0135,,
1.8370,469,230.3,21.9,0.0120,,
1.8455,470,230.6,21.9,0.0120,,
1.8540,471,231.0,21.9,0.0120,,
1.8615,472,231.3,21.8,0.0125,,
1.8700,473,231.7,21.8,0.0140,,
1.8785,474,232.2,21.8,0.0140,,
1.8870,475,232.4,21.9,0.0120,,
1.8950,476,232.8,21.9,0.0115,,
1.9035,477,233.2,21.8,0.0120,,
1.9110,478,233.5,21.9,0.0125,,
1.9195,479,233.8,21.9,0.0140,,
1.9260,480,234.0,21.9,0.0110,,
1.9295,481,234.3,21.9,0.0050,,
1.9300,482,234.5,21.9,0.0005,,
1.9310,483,234.5,21.9,0.0015,,
1.9315,484,234.6,21.9,0.0010,,
1.9325,485,234.5,21.9,0.0015,,
1.9335,486,234.6,21.9,0.0015,,
1.9350,487,234.7,21.9,0.0020,,
1.9370,488,234.7,21.9,0.0030,,
1.9395,489,234.8,21.9,0.0035,,
1.9410,490,234.8,21.9,0.0025,,
1.9415,491,234.9,21.9,0.0010,,
1.9415,491,235.0,21.9,0.0000,,
Scope 1/1, Sample 11/32 (T3)
Result,TitrationEP1
V,t,E,T,dV/dt,E acc. stat.,Volume acc. stat.
0.0000,0,-54.0,21.7,NaN,,
0.0010,1,-53.9,21.7,0.0010,,
0.0025,2,-53.9,21.7,0.0015,,
0.0050,3,-54.0,21.7,0.0025,,
0.0090,4,-53.7,21.7,0.0035,,
0.0150,5,-53.4,21.7,0.0055,,
0.0235,6,-52.9,21.8,0.0075,,
0.0320,7,-51.9,21.7,0.0075,,
0.0395,8,-51.2,21.7,0.0075,,
0.0480,9,-49.8,21.8,0.0085,,
0.0565,10,-48.6,21.8,0.0075,,
0.0645,11,-47.2,21.8,0.0075,,
0.0730,12,-45.5,21.8,0.0075,,
0.0815,13,-43.7,21.8,0.0075,,
0.0900,14,-42.2,21.8,0.0085,,
0.0975,15,-40.3,21.8,0.0075,,
0.1060,16,-38.3,21.8,0.0075,,
0.1145,17,-36.1,21.8,0.0075,,
0.1225,18,-33.7,21.8,0.0075,,
0.1310,19,-31.4,21.8,0.0075,,
0.1395,20,-28.8,21.8,0.0075,,
0.1470,21,-26.3,21.8,0.0075,,
0.1555,22,-23.4,21.8,0.0075,,
0.1640,23,-20.5,21.8,0.0075,,
0.1725,24,-17.6,21.8,0.0075,,
0.1810,25,-14.8,21.8,0.0075,,
0.1890,26,-11.8,21.8,0.0075,,
0.1965,27,-9.3,21.8,0.0075,,
0.2050,28,-6.7,21.8,0.0085,,
0.2135,29,-4.4,21.8,0.0075,,
0.2220,30,-2.4,21.8,0.0075,,
0.2305,31,-0.4,21.8,0.0075,,
0.2385,32,1.3,21.8,0.0075,,
0.2465,33,2.9,21.8,0.0080,,
0.2545,34,4.4,21.8,0.0080,,
0.2630,35,6.0,21.8,0.0075,,
0.2715,36,7.5,21.8,0.0075,,
0.2800,37,8.8,21.8,0.0075,,
0.2885,38,10.1,21.8,0.0075,,
0.2970,39,11.4,21.8,0.0085,,
0.3045,40,12.5,21.8,0.0075,,
0.3130,41,13.8,21.8,0.0075,,
0.3210,42,14.8,21.8,0.0075,,
0.3295,43,16.0,21.8,0.0075,,
0.3380,44,17.1,21.8,0.0075,,
0.3465,45,18.1,21.8,0.0085,,
0.3540,46,19.3,21.8,0.0075,,
0.3625,47,20.3,21.8,0.0075,,
0.3710,48,21.2,21.8,0.0075,,
0.3790,49,22.2,21.8,0.0075,,
0.3875,50,23.2,21.8,0.0075,,
0.3960,51,24.1,21.8,0.0085,,
0.4035,52,25.0,21.8,0.0075,,
0.4120,53,25.9,21.8,0.0075,,
0.4205,54,26.9,21.8,0.0075,,
0.4290,55,27.8,21.8,0.0075,,
0.4375,56,28.7,21.8,0.0075,,
0.4455,57,29.6,21.8,0.0080,,
0.4535,58,30.4,21.8,0.0080,,
0.4615,59,31.4,21.8,0.0075,,
0.4700,60,32.3,21.8,0.0075,,
0.4785,61,33.2,21.8,0.0075,,
0.4870,62,34.1,21.8,0.0075,,
0.4955,63,34.8,21.8,0.0085,,
0.5030,64,35.8,21.8,0.0075,,
0.5115,65,36.7,21.8,0.0085,,
0.5195,66,37.5,21.8,0.0075,,
0.5280,67,38.3,21.8,0.0075,,
0.5365,68,39.3,21.8,0.0075,,
0.5450,69,40.0,21.8,0.0075,,
0.5525,70,40.8,21.8,0.0075,,
0.5610,71,41.6,21.8,0.0075,,
0.5695,72,42.6,21.8,0.0075,,
0.5775,73,43.5,21.8,0.0075,,
0.5860,74,44.2,21.8,0.0075,,
0.5945,75,45.1,21.8,0.0075,,
0.6020,76,45.8,21.8,0.0075,,
0.6105,77,46.8,21.8,0.0075,,
0.6190,78,47.7,21.8,0.0075,,
0.6275,79,48.4,21.8,0.0075,,
0.6355,80,49.3,21.8,0.0075,,
0.6440,81,50.4,21.8,0.0075,,
0.6515,82,51.1,21.8,0.0075,,
0.6600,83,52.1,21.8,0.0085,,
0.6685,84,52.8,21.8,0.0075,,
0.6770,85,53.6,21.8,0.0075,,
0.6855,86,54.5,21.8,0.0075,,
0.6940,87,55.3,21.8,0.0075,,
0.7015,88,56.1,21.8,0.0075,,
0.7100,89,56.9,21.8,0.0085,,
0.7180,90,57.8,21.8,0.0075,,
0.7265,91,58.7,21.8,0.0075,,
0.7350,92,59.5,21.8,0.0075,,
0.7435,93,60.3,21.8,0.0075,,
0.7510,94,61.2,21.8,0.0075,,
0.7595,95,61.9,21.8,0.0085,,
0.7680,96,63.0,21.8,0.0075,,
0.7760,97,63.8,21.8,0.0075,,
0.7845,98,64.6,21.8,0.0075,,
0.7930,99,65.7,21.8,0.0075,,
0.8005,100,66.4,21.8,0.0075,,
0.8090,101,67.4,21.8,0.0085,,
0.8175,102,68.1,21.8,0.0075,,
0.8260,103,68.9,21.8,0.0075,,
0.8345,104,69.9,21.8,0.0075,,
0.8425,105,70.8,21.8,0.0075,,
0.8505,106,71.8,21.8,0.0080,,
0.8585,107,72.6,21.8,0.0080,,
0.8670,108,73.5,21.8,0.0075,,
0.8755,109,74.5,21.8,0.0075,,
0.8840,110,75.4,21.8,0.0075,,
0.8925,111,76.3,21.8,0.0075,,
0.9000,112,77.1,21.8,0.0075,,
0.9085,113,78.1,21.8,0.0085,,
0.9165,114,79.1,21.8,0.0075,,
0.9250,115,80.0,21.8,0.0075,,
0.9335,116,80.8,21.8,0.0075,,
0.9420,117,81.8,21.8,0.0075,,
0.9505,118,82.5,21.8,0.0085,,
0.9580,119,83.6,21.8,0.0075,,
0.9665,120,84.5,21.8,0.0075,,
0.9745,121,85.5,21.8,0.0075,,
0.9830,122,86.7,21.8,0.0075,,
0.9915,123,87.7,21.8,0.0075,,
1.0000,124,88.7,21.8,0.0085,,
1.0075,125,89.6,21.8,0.0075,,
1.0160,126,90.7,21.8,0.0075,,
1.0245,127,91.9,21.8,0.0075,,
1.0330,128,93.0,21.8,0.0075,,
1.0410,129,94.0,21.8,0.0075,,
1.0490,130,95.0,21.8,0.0080,,
1.0570,131,96.2,21.8,0.0080,,
1.0655,132,97.4,21.8,0.0075,,
1.0740,133,98.5,21.8,0.0075,,
1.0825,134,99.8,21.8,0.0075,,
1.0910,135,101.3,21.8,0.0075,,
1.0985,136,102.4,21.8,0.0075,,
1.1070,137,103.9,21.8,0.0085,,
1.1155,138,105.3,21.8,0.0075,,
1.1235,139,106.6,21.8,0.0075,,
1.1320,140,108.3,21.8,0.0075,,
1.1405,141,109.9,21.8,0.0075,,
1.1480,142,111.5,21.8,0.0075,,
1.1565,143,112.9,21.8,0.0085,,
1.1650,144,114.6,21.8,0.0075,,
1.1735,145,116.4,21.8,0.0075,,
1.1820,146,118.3,21.8,0.0075,,
1.1900,147,120.3,21.8,0.0075,,
1.1980,148,122.0,21.8,0.0080,,
1.2060,149,124.2,21.8,0.0080,,
1.2145,150,126.5,21.8,0.0075,,
1.2230,151,128.8,21.8,0.0075,,
1.2315,152,131.3,21.8,0.0075,,
1.2400,153,134.2,21.8,0.0075,,
1.2475,154,136.6,21.8,0.0075,,
1.2560,155,139.8,21.8,0.0085,,
1.2640,156,142.5,21.8,0.0075,,
1.2725,157,145.8,21.8,0.0075,,
1.2810,158,149.3,21.8,0.0075,,
1.2895,159,152.9,21.8,0.0075,,
1.2970,160,156.0,21.8,0.0075,,
1.3055,161,159.3,21.8,0.0075,,
1.3140,162,163.1,21.8,0.0075,,
1.3225,163,166.7,21.8,0.0075,,
1.3310,164,170.0,21.8,0.0075,,
1.3390,165,172.8,21.8,0.0080,,
1.3465,166,175.5,21.8,0.0075,,
1.3550,167,178.3,21.8,0.0075,,
1.3635,168,180.9,21.8,0.0075,,
1.3720,169,183.2,21.8,0.0075,,
1.3815,170,185.2,21.8,0.0080,,
1.3815,410,188.1,21.8,0.0000,,
1.3820,411,188.3,21.8,0.0005,,
1.3840,412,188.3,21.8,0.0015,,
1.3860,413,188.6,21.8,0.0015,,
1.3900,414,189.0,21.8,0.0030,,
1.3960,415,189.9,21.8,0.0045,,
1.4040,416,191.6,21.8,0.0055,,
1.4125,417,193.2,21.8,0.0060,,
1.4210,418,194.7,21.8,0.0060,,
1.4285,419,196.0,21.8,0.0060,,
1.4370,420,197.4,21.8,0.0065,,
1.4455,421,198.9,21.8,0.0065,,
1.4540,422,200.3,21.8,0.0060,,
1.4625,423,201.4,21.8,0.0060,,
1.4705,424,202.7,21.8,0.0055,,
1.4785,425,203.7,21.8,0.0060,,
1.4865,426,204.7,21.8,0.0060,,
1.4950,427,205.8,21.8,0.0060,,
1.5035,428,206.6,21.8,0.0060,,
1.5120,429,207.6,21.8,0.0060,,
1.5195,430,208.4,21.8,0.0060,,
1.5280,431,209.4,21.8,0.0065,,
1.5365,432,210.1,21.8,0.0065,,
1.5450,433,211.0,21.8,0.0060,,
1.5530,434,211.8,21.8,0.0055,,
1.5615,435,212.5,21.8,0.0060,,
1.5690,436,213.3,21.8,0.0060,,
1.5775,437,214.0,21.8,0.0065,,
1.5860,438,214.7,21.8,0.0065,,
1.5945,439,215.5,21.8,0.0060,,
1.6030,440,216.1,21.8,0.0060,,
1.6115,441,216.7,21.8,0.0060,,
1.6195,442,217.3,21.8,0.0060,,
1.6275,443,218.0,21.8,0.0060,,
1.6355,444,218.7,21.8,0.0060,,
1.6440,445,219.2,21.8,0.0060,,
1.6525,446,219.7,21.8,0.0060,,
1.6610,447,220.5,21.8,0.0060,,
1.6685,448,220.9,21.8,0.0060,,
1.6770,449,221.6,21.8,0.0065,,
1.6855,450,222.0,21.8,0.0065,,
1.6935,451,222.5,21.8,0.0055,,
1.7020,452,223.1,21.8,0.0060,,
1.7105,453,223.6,21.8,0.0060,,
1.7180,454,224.1,21.8,0.0060,,
1.7265,455,224.5,21.8,0.0065,,
1.7350,456,225.0,21.8,0.0065,,
1.7435,457,225.6,21.8,0.0060,,
1.7520,458,225.9,21.8,0.0060,,
1.7600,459,226.5,21.8,0.0055,,
1.7680,460,226.9,21.8,0.0060,,
1.7760,461,227.3,21.8,0.0060,,
1.7845,462,227.8,21.8,0.0065,,
1.7930,463,228.2,21.8,0.0060,,
1.8015,464,228.6,21.8,0.0060,,
1.8100,465,229.0,21.8,0.0060,,
1.8180,466,229.4,21.8,0.0060,,
1.8260,467,229.8,21.8,0.0060,,
1.8340,468,230.2,21.8,0.0060,,
1.8425,469,230.6,21.8,0.0060,,
1.8510,470,231.0,21.8,0.0060,,
1.8595,471,231.4,21.8,0.0060,,
1.8680,472,231.8,21.8,0.0065,,
1.8755,473,232.0,21.8,0.0060,,
1.8840,474,232.3,21.8,0.0065,,
1.8925,475,232.8,21.8,0.0060,,
1.9005,476,233.2,21.8,0.0055,,
1.9090,477,233.4,21.8,0.0060,,
1.9165,478,233.7,21.8,0.0060,,
1.9215,479,234.0,21.8,0.0040,,
1.9250,480,234.4,21.8,0.0025,,
1.9280,481,234.4,21.8,0.0020,,
1.9310,482,234.5,21.8,0.0020,,
1.9325,483,234.5,21.8,0.0010,,
1.9330,484,234.6,21.8,0.0005,,
1.9340,485,234.6,21.8,0.0010,,
1.9355,486,234.7,21.8,0.0010,,
1.9365,487,234.7,21.8,0.0005,,
1.9390,488,235.0,21.8,0.0020,,
1.9425,490,235.1,21.8,0.0020,,
Scope 1/1, Sample 12/32 (T4)
Result,TitrationEP1
V,t,E,T,dV/dt,E acc. stat.,Volume acc. stat.
0.0000,0,-54.9,21.7,NaN,,
0.0005,1,-55.0,21.7,0.0005,,
0.0025,2,-55.1,21.7,0.0020,,
0.0050,3,-54.8,21.7,0.0025,,
0.0085,4,-54.7,21.7,0.0030,,
0.0145,5,-54.5,21.7,0.0055,,
0.0225,6,-54.0,21.7,0.0075,,
0.0310,7,-53.3,21.7,0.0085,,
0.0385,8,-52.2,21.7,0.0075,,
0.0470,9,-51.0,21.7,0.0085,,
0.0555,10,-49.8,21.7,0.0075,,
0.0640,11,-48.4,21.7,0.0075,,
0.0720,12,-46.7,21.7,0.0075,,
0.0805,13,-45.2,21.7,0.0085,,
0.0880,14,-43.5,21.7,0.0075,,
0.0965,15,-41.9,21.7,0.0085,,
0.1050,16,-39.9,21.7,0.0075,,
0.1135,17,-37.6,21.7,0.0075,,
0.1220,18,-35.4,21.7,0.0075,,
0.1300,19,-33.0,21.7,0.0075,,
0.1380,20,-30.8,21.7,0.0080,,
0.1460,21,-28.2,21.7,0.0080,,
0.1545,22,-25.3,21.7,0.0085,,
0.1630,23,-22.4,21.7,0.0075,,
0.1715,24,-19.5,21.7,0.0075,,
0.1800,25,-16.4,21.7,0.0075,,
0.1875,26,-13.7,21.7,0.0075,,
0.1960,27,-10.8,21.7,0.0085,,
0.2040,28,-8.2,21.7,0.0080,,
0.2125,29,-5.8,21.7,0.0075,,
0.2210,30,-3.5,21.7,0.0075,,
0.2295,31,-1.4,21.7,0.0075,,
0.2370,32,0.3,21.7,0.0075,,
0.2455,33,1.8,21.7,0.0085,,
0.2540,34,3.6,21.7,0.0085,,
0.2625,35,5.3,21.7,0.0075,,
0.2705,36,6.8,21.7,0.0075,,
0.2790,37,8.1,21.7,0.0075,,
0.2875,38,9.3,21.7,0.0085,,
0.2950,39,10.5,21.7,0.0075,,
0.3035,40,11.9,21.7,0.0085,,
0.3120,41,13.3,21.7,0.0075,,
0.3205,42,14.3,21.7,0.0075,,
0.3285,43,15.3,21.7,0.0075,,
0.3370,44,16.4,21.7,0.0085,,
0.3445,45,17.6,21.7,0.0075,,
0.3530,46,18.8,21.7,0.0085,,
0.3615,47,19.6,21.7,0.0075,,
0.3700,48,20.6,21.7,0.0075,,
0.3785,49,21.8,21.7,0.0075,,
0.3865,50,22.6,21.7,0.0080,,
0.3945,51,23.7,21.7,0.0080,,
0.4025,52,24.4,21.7,0.0080,,
0.4110,53,25.5,21.7,0.0075,,
0.4195,54,26.4,21.7,0.0075,,
0.4280,55,27.3,21.7,0.0075,,
0.4365,56,28.3,21.7,0.0085,,
0.4440,57,29.1,21.7,0.0075,,
0.4525,58,30.0,21.7,0.0085,,
0.4610,59,30.9,21.7,0.0075,,
0.4690,60,31.6,21.7,0.0075,,
0.4775,61,32.5,21.7,0.0075,,
0.4850,62,33.3,21.7,0.0075,,
0.4935,63,34.3,21.7,0.0085,,
0.5020,64,35.2,21.7,0.0085,,
0.5105,65,36.0,21.7,0.0075,,
0.5190,66,36.9,21.7,0.0075,,
0.5275,67,37.8,21.7,0.0075,,
0.5355,68,38.6,21.7,0.0080,,
0.5435,69,39.4,21.7,0.0080,,
0.5515,70,40.1,21.7,0.0080,,
0.5600,71,41.0,21.7,0.0075,,
0.5685,72,42.1,21.7,0.0075,,
0.5770,73,42.9,21.7,0.0075,,
0.5855,74,43.8,21.7,0.0085,,
0.5930,75,44.5,21.7,0.0075,,
0.6015,76,45.3,21.7,0.0085,,
0.6095,77,46.2,21.7,0.0075,,
0.6180,78,47.0,21.7,0.0075,,
0.6265,79,47.9,21.7,0.0075,,
0.6350,80,48.8,21.7,0.0085,,
0.6425,81,49.7,21.7,0.0075,,
0.6510,82,50.5,21.7,0.0085,,
0.6595,83,51.2,21.7,0.0075,,
0.6680,84,52.0,21.7,0.0075,,
0.6760,85,52.9,21.7,0.0075,,
0.6845,86,53.7,21.7,0.0085,,
0.6920,87,54.6,21.7,0.0075,,
0.7005,88,55.3,21.7,0.0085,,
0.7090,89,56.2,21.7,0.0075,,
0.7175,90,57.2,21.7,0.0075,,
0.7260,91,58.0,21.7,0.0075,,
0.7340,92,58.9,21.7,0.0080,,
0.7420,93,59.6,21.7,0.0075,,
0.7500,94,60.3,21.7,0.0080,,
0.7585,95,61.4,21.7,0.0075,,
0.7670,96,62.1,21.7,0.0075,,
0.7755,97,62.9,21.7,0.0075,,
0.7840,98,63.7,21.7,0.0085,,
0.7915,99,64.6,21.7,0.0075,,
0.8000,100,65.6,21.7,0.0085,,
0.8080,101,66.4,21.7,0.0075,,
0.8165,102,67.2,21.7,0.0075,,
0.8250,103,68.3,21.7,0.0075,,
0.8335,104,69.0,21.7,0.0085,,
0.8410,105,70.1,21.7,0.0075,,
0.8495,106,70.9,21.7,0.0085,,
0.8580,107,71.8,21.7,0.0075,,
0.8665,108,72.8,21.7,0.0075,,
0.8745,109,73.6,21.7,0.0075,,
0.8830,110,74.4,21.7,0.0075,,
0.8905,111,75.2,21.7,0.0075,,
0.8990,112,76.1,21.7,0.0085,,
0.9075,113,77.2,21.7,0.0075,,
0.9160,114,77.9,21.7,0.0075,,
0.9245,115,78.8,21.7,0.0075,,
0.9325,116,79.9,21.7,0.0075,,
0.9405,117,80.6,21.7,0.0080,,
0.9490,118,81.8,21.7,0.0085,,
0.9570,119,82.6,21.7,0.0075,,
0.9655,120,83.6,21.7,0.0075,,
0.9740,121,84.7,21.7,0.0075,,
0.9825,122,85.5,21.7,0.0085,,
0.9900,123,86.6,21.7,0.0075,,
0.9985,124,87.5,21.7,0.0085,,
1.0070,125,88.5,21.7,0.0075,,
1.0150,126,89.7,21.7,0.0075,,
1.0235,127,90.8,21.7,0.0075,,
1.0310,128,91.9,21.7,0.0075,,
1.0395,129,92.8,21.7,0.0085,,
1.0480,130,94.1,21.7,0.0085,,
1.0565,131,95.4,21.7,0.0075,,
1.0650,132,96.5,21.7,0.0075,,
1.0735,133,97.6,21.7,0.0075,,
1.0815,134,98.7,21.7,0.0080,,
1.0895,135,100.0,21.7,0.0080,,
1.0975,136,101.4,21.7,0.0080,,
1.1060,137,102.6,21.7,0.0075,,
1.1145,138,103.9,21.7,0.0075,,
1.1230,139,105.4,21.7,0.0075,,
1.1315,140,107.0,21.7,0.0075,,
1.1390,141,108.4,21.7,0.0075,,
1.1475,142,109.9,21.7,0.0085,,
1.1555,143,111.4,21.7,0.0080,,
1.1640,144,113.2,21.7,0.0075,,
1.1725,145,114.8,21.7,0.0075,,
1.1810,146,116.7,21.7,0.0075,,
1.1885,147,118.5,21.7,0.0075,,
1.1970,148,120.5,21.7,0.0085,,
1.2055,149,122.7,21.7,0.0075,,
1.2135,150,124.9,21.7,0.0075,,
1.2220,151,127.4,21.7,0.0075,,
1.2305,152,129.8,21.7,0.0075,,
1.2380,153,132.0,21.7,0.0075,,
1.2465,154,135.2,21.7,0.0085,,
1.2550,155,138.2,21.7,0.0075,,
1.2635,156,141.2,21.7,0.0075,,
1.2720,157,144.7,21.7,0.0075,,
1.2800,158,148.0,21.7,0.0075,,
1.2875,159,151.5,21.7,0.0075,,
1.2960,160,154.8,21.7,0.0085,,
1.3045,161,158.0,21.8,0.0085,,
1.3130,162,161.8,21.7,0.0075,,
1.3215,163,165.6,21.7,0.0075,,
1.3300,164,169.1,21.7,0.0075,,
1.3380,165,171.6,21.7,0.0080,,
1.3455,166,174.4,21.7,0.0075,,
1.3540,167,177.3,21.7,0.0085,,
1.3625,168,180.1,21.8,0.0075,,
1.3710,169,182.3,21.8,0.0075,,
1.3795,170,184.5,21.8,0.0075,,
1.3830,170,185.1,21.8,0.0070,,
1.3830,411,188.6,21.8,0.0000,,
1.3835,412,188.5,21.8,0.0010,,
1.3850,413,188.3,21.8,0.0025,,
1.3875,414,188.7,21.8,0.0035,,
1.3915,415,189.2,21.8,0.0055,,
1.3980,416,190.0,21.8,0.0095,,
1.4065,417,191.5,21.8,0.0120,,
1.4140,418,193.0,21.8,0.0125,,
1.4220,419,194.8,21.8,0.0135,,
1.4305,420,196.3,21.8,0.0140,,
1.4390,421,197.4,21.8,0.0120,,
1.4475,422,199.0,21.8,0.0120,,
1.4560,423,200.4,21.8,0.0120,,
1.4635,424,201.6,21.8,0.0125,,
1.4720,425,202.8,21.8,0.0140,,
1.4805,426,203.6,21.8,0.0140,,
1.4885,427,204.8,21.8,0.0115,,
1.4970,428,205.9,21.8,0.0120,,
1.5055,429,206.9,21.8,0.0120,,
1.5130,430,207.8,21.8,0.0125,,
1.5215,431,208.6,21.8,0.0140,,
1.5300,432,209.6,21.8,0.0120,,
1.5385,433,210.5,21.8,0.0120,,
1.5465,434,211.1,21.8,0.0115,,
1.5550,435,211.9,21.8,0.0120,,
1.5625,436,212.6,21.8,0.0125,,
1.5710,437,213.4,21.8,0.0140,,
1.5795,438,214.3,21.8,0.0140,,
1.5880,439,214.8,21.8,0.0120,,
1.5965,440,215.4,21.8,0.0120,,
1.6050,441,216.4,21.8,0.0120,,
1.6125,442,216.9,21.8,0.0125,,
1.6205,443,217.8,21.8,0.0135,,
1.6290,444,218.3,21.8,0.0140,,
1.6375,445,218.9,21.8,0.0120,,
1.6460,446,219.6,21.8,0.0120,,
1.6545,447,220.2,21.8,0.0120,,
1.6630,448,220.8,21.8,0.0140,,
1.6705,449,221.2,21.8,0.0125,,
1.6790,450,221.8,21.8,0.0140,,
1.6870,451,222.4,21.8,0.0115,,
1.6955,452,222.9,21.8,0.0120,,
1.7040,453,223.2,21.8,0.0120,,
1.7115,454,223.7,21.8,0.0125,,
1.7200,455,224.2,21.8,0.0140,,
1.7285,456,224.6,21.8,0.0140,,
1.7370,457,225.1,21.8,0.0120,,
1.7455,458,225.5,21.8,0.0120,,
1.7535,459,226.1,21.8,0.0115,,
1.7610,460,226.5,21.8,0.0125,,
1.7695,461,227.2,21.8,0.0140,,
1.7780,462,227.5,21.8,0.0140,,
1.7865,463,227.9,21.8,0.0120,,
1.7950,464,228.4,21.8,0.0120,,
1.8035,465,228.8,21.8,0.0120,,
1.8110,466,229.3,21.8,0.0125,,
1.8195,467,229.5,21.8,0.0140,,
1.8275,468,229.9,21.8,0.0135,,
1.8360,469,230.5,21.8,0.0120,,
1.8445,470,230.8,21.8,0.0120,,
1.8530,471,231.1,21.8,0.0120,,
1.8605,472,231.5,21.8,0.0125,,
1.8690,473,231.9,21.8,0.0120,,
1.8775,474,232.3,21.8,0.0140,,
1.8855,475,232.6,21.8,0.0115,,
1.8940,476,232.9,21.8,0.0120,,
1.9025,477,233.4,21.8,0.0120,,
1.9100,478,233.5,21.8,0.0125,,
1.9160,479,233.9,21.8,0.0100,,
1.9210,480,234.1,21.8,0.0085,,
1.9235,481,234.2,21.8,0.0035,,
1.9260,482,234.4,21.8,0.0035,,
1.9280,483,234.6,21.8,0.0030,,
1.9280,484,234.6,21.8,0.0000,,
1.9300,485,234.6,21.8,0.0035,,
1.9305,486,234.6,21.8,0.0010,,
1.9320,487,234.7,21.8,0.0020,,
1.9325,488,234.7,21.8,0.0005,,
1.9330,489,234.6,21.8,0.0005,,
1.9340,490,234.7,21.8,0.0015,,
1.9350,491,234.7,21.8,0.0015,,
1.9370,492,235.0,21.8,0.0035,,
1.9400,493,235.0,21.8,0.0030,,
Scope 1/1, Sample 13/32 (T5)
Result,TitrationEP1
V,t,E,T,dV/dt,E acc. stat.,Volume acc. stat.
0.0000,0,-54.3,21.7,NaN,,
0.0005,1,-54.3,21.7,0.0005,,
0.0025,2,-54.4,21.7,0.0020,,
0.0050,3,-54.3,21.7,0.0025,,
0.0085,4,-54.4,21.7,0.0030,,
0.0150,5,-54.3,21.7,0.0060,,
0.0230,6,-53.7,21.7,0.0075,,
0.0305,7,-53.1,21.7,0.0075,,
0.0390,8,-52.0,21.7,0.0085,,
0.0475,9,-51.1,21.7,0.0075,,
0.0560,10,-49.9,21.7,0.0075,,
0.0645,11,-48.3,21.7,0.0075,,
0.0725,12,-46.8,21.7,0.0075,,
0.0805,13,-45.3,21.7,0.0080,,
0.0885,14,-43.8,21.7,0.0080,,
0.0970,15,-42.1,21.7,0.0075,,
0.1055,16,-40.1,21.7,0.0075,,
0.1140,17,-38.0,21.7,0.0075,,
0.1225,18,-36.1,21.7,0.0075,,
0.1300,19,-34.0,21.7,0.0075,,
0.1385,20,-31.6,21.7,0.0085,,
0.1470,21,-28.9,21.7,0.0075,,
0.1550,22,-26.3,21.7,0.0075,,
0.1635,23,-23.7,21.7,0.0075,,
0.1720,24,-20.6,21.7,0.0075,,
0.1795,25,-18.2,21.7,0.0075,,
0.1880,26,-15.3,21.7,0.0085,,
0.1965,27,-12.7,21.7,0.0075,,
0.2050,28,-10.4,21.7,0.0075,,
0.2135,29,-8.0,21.7,0.0075,,
0.2215,30,-5.7,21.7,0.0075,,
0.2295,31,-3.8,21.7,0.0080,,
0.2375,32,-2.1,21.7,0.0080,,
0.2460,33,-0.6,21.7,0.0075,,
0.2545,34,1.1,21.7,0.0075,,
0.2630,35,2.6,21.7,0.0075,,
0.2715,36,3.9,21.7,0.0075,,
0.2790,37,5.2,21.7,0.0075,,
0.2875,38,6.4,21.7,0.0085,,
0.2955,39,7.9,21.7,0.0075,,
0.3040,40,9.1,21.7,0.0075,,
0.3125,41,10.2,21.7,0.0075,,
0.3210,42,11.3,21.7,0.0075,,
0.3285,43,12.3,21.7,0.0075,,
0.3370,44,13.7,21.7,0.0085,,
0.3455,45,14.9,21.7,0.0085,,
0.3535,46,15.8,21.7,0.0075,,
0.3620,47,16.8,21.7,0.0075,,
0.3705,48,18.0,21.7,0.0075,,
0.3780,49,18.9,21.7,0.0075,,
0.3865,50,19.9,21.7,0.0085,,
0.3950,51,20.7,21.7,0.0075,,
0.4035,52,21.7,21.7,0.0075,,
0.4120,53,22.7,21.7,0.0075,,
0.4200,54,23.6,21.7,0.0075,,
0.4280,55,24.6,21.7,0.0080,,
0.4360,56,25.5,21.7,0.0080,,
0.4445,57,26.5,21.7,0.0075,,
0.4530,58,27.4,21.7,0.0075,,
0.4615,59,28.1,21.7,0.0075,,
0.4700,60,29.1,21.7,0.0075,,
0.4775,61,29.9,21.7,0.0075,,
0.4860,62,30.8,21.7,0.0085,,
0.4940,63,31.7,21.7,0.0080,,
0.5025,64,32.5,21.7,0.0075,,
0.5110,65,33.2,21.7,0.0075,,
0.5195,66,34.2,21.7,0.0075,,
0.5280,67,35.0,21.7,0.0085,,
0.5355,68,36.0,21.7,0.0075,,
0.5440,69,36.8,21.7,0.0085,,
0.5520,70,37.7,21.7,0.0075,,
0.5605,71,38.6,21.7,0.0075,,
0.5690,72,39.4,21.7,0.0075,,
0.5775,73,40.4,21.7,0.0085,,
0.5850,74,41.1,21.7,0.0075,,
0.5935,75,41.9,21.7,0.0085,,
0.6020,76,42.9,21.7,0.0075,,
0.6105,77,43.6,21.7,0.0075,,
0.6185,78,44.5,21.7,0.0075,,
0.6270,79,45.4,21.7,0.0075,,
0.6345,80,46.2,21.7,0.0075,,
0.6430,81,47.2,21.7,0.0085,,
0.6515,82,48.0,21.7,0.0075,,
0.6600,83,48.7,21.7,0.0075,,
0.6685,84,49.7,21.7,0.0075,,
0.6765,85,50.6,21.7,0.0075,,
0.6845,86,51.4,21.7,0.0080,,
0.6925,87,52.2,21.7,0.0080,,
0.7010,88,53.0,21.7,0.0075,,
0.7095,89,54.0,21.7,0.0075,,
0.7180,90,54.9,21.7,0.0075,,
0.7265,91,55.7,21.7,0.0085,,
0.7340,92,56.5,21.7,0.0075,,
0.7425,93,57.4,21.7,0.0085,,
0.7510,94,58.4,21.7,0.0075,,
0.7590,95,59.3,21.7,0.0075,,
0.7675,96,60.1,21.7,0.0075,,
0.7760,97,61.0,21.7,0.0075,,
0.7835,98,61.9,21.7,0.0075,,
0.7920,99,63.0,21.7,0.0085,,
0.8005,100,63.9,21.7,0.0075,,
0.8090,101,64.6,21.7,0.0075,,
0.8170,102,65.5,21.7,0.0075,,
0.8255,103,66.5,21.7,0.0075,,
0.8330,104,67.3,21.7,0.0075,,
0.8415,105,68.2,21.7,0.0085,,
0.8500,106,69.1,21.7,0.0075,,
0.8585,107,70.1,21.7,0.0075,,
0.8670,108,71.0,21.7,0.0075,,
0.8750,109,71.9,21.7,0.0075,,
0.8830,110,72.8,21.7,0.0080,,
0.8910,111,73.6,21.7,0.0080,,
0.8995,112,74.6,21.7,0.0075,,
0.9080,113,75.5,21.7,0.0075,,
0.9165,114,76.4,21.7,0.0075,,
0.9250,115,77.3,21.7,0.0075,,
0.9330,116,78.1,21.7,0.0080,,
0.9410,117,79.2,21.7,0.0080,,
0.9490,118,80.3,21.7,0.0080,,
0.9575,119,81.2,21.7,0.0075,,
0.9660,120,82.2,21.7,0.0075,,
0.9745,121,83.3,21.7,0.0075,,
0.9820,122,84.2,21.7,0.0075,,
0.9905,123,85.3,21.7,0.0085,,
0.9990,124,86.3,21.7,0.0085,,
1.0075,125,87.3,21.7,0.0075,,
1.0155,126,88.6,21.7,0.0075,,
1.0240,127,89.7,21.7,0.0075,,
1.0325,128,90.8,21.7,0.0085,,
1.0400,129,91.7,21.7,0.0075,,
1.0485,130,92.9,21.7,0.0085,,
1.0570,131,94.2,21.7,0.0075,,
1.0655,132,95.3,21.7,0.0075,,
1.0740,133,96.4,21.7,0.0075,,
1.0815,134,97.7,21.7,0.0075,,
1.0900,135,99.0,21.7,0.0085,,
1.0980,136,100.2,21.7,0.0075,,
1.1065,137,101.5,21.7,0.0075,,
1.1150,138,102.9,21.7,0.0075,,
1.1235,139,104.4,21.7,0.0075,,
1.1310,140,105.8,21.7,0.0075,,
1.1395,141,107.5,21.7,0.0085,,
1.1480,142,109.0,21.7,0.0075,,
1.1560,143,110.8,21.7,0.0075,,
1.1645,144,112.6,21.7,0.0075,,
1.1730,145,114.2,21.7,0.0075,,
1.1805,146,116.1,21.7,0.0075,,
1.1890,147,118.0,21.7,0.0085,,
1.1975,148,120.4,21.7,0.0085,,
1.2060,149,122.9,21.7,0.0075,,
1.2140,150,125.4,21.7,0.0075,,
1.2225,151,127.7,21.7,0.0075,,
1.2310,152,130.0,21.7,0.0085,,
1.2385,153,132.8,21.7,0.0075,,
1.2470,154,136.1,21.7,0.0085,,
1.2555,155,139.2,21.7,0.0075,,
1.2640,156,142.5,21.7,0.0075,,
1.2720,157,146.0,21.7,0.0075,,
1.2805,158,149.6,21.7,0.0075,,
1.2880,159,153.1,21.7,0.0075,,
1.2965,160,156.9,21.7,0.0085,,
1.3050,161,160.3,21.7,0.0075,,
1.3135,162,164.3,21.7,0.0075,,
1.3220,163,167.7,21.7,0.0075,,
1.3305,164,170.7,21.7,0.0085,,
1.3380,165,173.6,21.7,0.0075,,
1.3465,166,176.4,21.7,0.0085,,
1.3545,167,179.2,21.7,0.0075,,
1.3630,168,181.8,21.7,0.0075,,
1.3715,169,183.9,21.7,0.0075,,
1.3770,170,185.1,21.7,0.0070,,
1.3770,410,189.2,21.8,0.0000,,
1.3775,411,189.0,21.8,0.0005,,
1.3790,412,189.0,21.8,0.0015,,
1.3815,413,189.4,21.8,0.0030,,
1.3855,414,189.8,21.8,0.0040,,
1.3920,415,190.5,21.8,0.0065,,
1.4000,416,191.8,21.8,0.0080,,
1.4075,417,192.9,21.8,0.0085,,
1.4160,418,194.6,21.8,0.0095,,
1.4245,419,196.1,21.8,0.0095,,
1.4330,420,197.4,21.8,0.0085,,
1.4415,421,198.9,21.8,0.0085,,
1.4500,422,200.2,21.8,0.0085,,
1.4575,423,201.4,21.8,0.0085,,
1.4660,424,202.4,21.8,0.0095,,
1.4740,425,203.5,21.8,0.0090,,
1.4825,426,204.6,21.8,0.0085,,
1.4910,427,205.6,21.8,0.0085,,
1.4995,428,206.6,21.8,0.0085,,
1.5070,429,207.5,21.8,0.0085,,
1.5155,430,208.5,21.8,0.0095,,
1.5240,431,209.6,21.8,0.0095,,
1.5320,432,210.4,21.8,0.0080,,
1.5405,433,211.2,21.8,0.0085,,
1.5490,434,212.0,21.8,0.0085,,
1.5565,435,212.6,21.8,0.0085,,
1.5650,436,213.4,21.8,0.0095,,
1.5735,437,214.0,21.8,0.0095,,
1.5820,438,214.6,21.8,0.0085,,
1.5905,439,215.5,21.8,0.0085,,
1.5985,440,216.3,21.8,0.0080,,
1.6065,441,216.9,21.8,0.0090,,
1.6145,442,217.6,21.8,0.0090,,
1.6230,443,218.1,21.8,0.0095,,
1.6315,444,218.8,21.8,0.0085,,
1.6400,445,219.6,21.8,0.0085,,
1.6485,446,219.9,21.8,0.0085,,
1.6565,447,220.5,21.8,0.0090,,
1.6645,448,220.9,21.8,0.0090,,
1.6725,449,221.6,21.8,0.0090,,
1.6810,450,222.1,21.8,0.0085,,
1.6895,451,222.6,21.8,0.0085,,
1.6980,452,223.2,21.8,0.0085,,
1.7065,453,223.7,21.8,0.0095,,
1.7140,454,224.3,21.8,0.0085,,
1.7225,455,224.8,21.8,0.0095,,
1.7305,456,225.2,21.8,0.0080,,
1.7390,457,225.7,21.8,0.0085,,
1.7475,458,226.2,21.8,0.0085,,
1.7560,459,226.7,21.8,0.0095,,
1.7635,460,227.1,21.8,0.0085,,
1.7720,461,227.4,21.8,0.0095,,
1.7805,462,227.8,21.8,0.0085,,
1.7890,463,228.3,21.8,0.0085,,
1.7970,464,228.5,21.8,0.0080,,
1.8055,465,229.0,21.8,0.0095,,
1.8130,466,229.4,21.8,0.0085,,
1.8215,467,229.7,21.8,0.0095,,
1.8300,468,230.3,21.8,0.0085,,
1.8385,469,230.6,21.8,0.0085,,
1.8470,470,230.9,21.8,0.0085,,
1.8550,471,231.4,21.8,0.0080,,
1.8630,472,231.7,21.8,0.0090,,
1.8710,473,232.1,21.8,0.0090,,
1.8795,474,232.4,21.8,0.0085,,
1.8880,475,232.7,21.8,0.0085,,
1.8965,476,233.2,21.8,0.0085,,
1.9045,477,233.5,21.8,0.0080,,
1.9115,478,233.8,21.8,0.0080,,
1.9120,479,233.9,21.8,0.0005,,
1.9125,480,234.0,21.8,0.0005,,
1.9135,481,234.1,21.8,0.0010,,
1.9150,482,234.2,21.8,0.0015,,
1.9180,483,234.2,21.8,0.0035,,
1.9215,484,234.4,21.8,0.0040,,
1.9250,485,234.4,21.8,0.0040,,
1.9265,486,234.7,21.8,0.0015,,
1.9270,487,234.7,21.8,0.0005,,
1.9280,488,234.7,21.8,0.0010,,
1.9290,489,234.7,21.8,0.0010,,
1.9305,490,234.8,21.8,0.0015,,
1.9315,490,235.0,21.8,0.0025,,
Scope 1/1, Sample 14/32 (T6)
Result,TitrationEP1
V,t,E,T,dV/dt,E acc. stat.,Volume acc. stat.
0.0000,0,-52.7,21.7,NaN,,
0.0005,1,-52.8,21.7,0.0005,,
0.0025,2,-52.7,21.7,0.0020,,
0.0050,3,-52.6,21.7,0.0025,,
0.0085,4,-52.6,21.7,0.0030,,
0.0150,5,-52.6,21.7,0.0060,,
0.0230,6,-51.9,21.7,0.0075,,
0.0315,7,-51.4,21.7,0.0085,,
0.0390,8,-50.3,21.7,0.0075,,
0.0475,9,-49.1,21.7,0.0085,,
0.0560,10,-48.0,21.7,0.0075,,
0.0645,11,-46.3,21.7,0.0075,,
0.0725,12,-44.7,21.7,0.0075,,
0.0810,13,-43.3,21.7,0.0085,,
0.0885,14,-41.6,21.7,0.0075,,
0.0970,15,-39.8,21.7,0.0085,,
0.1055,16,-37.6,21.7,0.0075,,
0.1140,17,-35.4,21.7,0.0075,,
0.1225,18,-33.2,21.7,0.0075,,
0.1305,19,-31.0,21.7,0.0080,,
0.1385,20,-28.5,21.7,0.0080,,
0.1465,21,-25.6,21.7,0.0080,,
0.1550,22,-22.9,21.7,0.0075,,
0.1635,23,-20.1,21.7,0.0075,,
0.1720,24,-17.2,21.7,0.0075,,
0.1805,25,-14.8,21.7,0.0085,,
0.1880,26,-12.0,21.7,0.0075,,
0.1965,27,-9.6,21.7,0.0085,,
0.2050,28,-7.4,21.7,0.0075,,
0.2130,29,-5.0,21.7,0.0075,,
0.2215,30,-3.0,21.7,0.0075,,
0.2290,31,-1.5,21.7,0.0075,,
0.2375,32,0.2,21.7,0.0085,,
0.2460,33,1.7,21.7,0.0085,,
0.2545,34,3.3,21.7,0.0075,,
0.2630,35,4.8,21.7,0.0075,,
0.2710,36,6.1,21.7,0.0075,,
0.2795,37,7.4,21.7,0.0085,,
0.2870,38,8.6,21.7,0.0075,,
0.2955,39,9.9,21.7,0.0085,,
0.3040,40,11.2,21.7,0.0075,,
0.3125,41,12.1,21.7,0.0075,,
0.3210,42,13.2,21.7,0.0075,,
0.3295,43,14.2,21.7,0.0085,,
0.3370,44,15.4,21.7,0.0075,,
0.3455,45,16.5,21.7,0.0085,,
0.3535,46,17.4,21.7,0.0075,,
0.3620,47,18.4,21.7,0.0075,,
0.3705,48,19.4,21.7,0.0075,,
0.3790,49,20.4,21.7,0.0075,,
0.3865,50,21.2,21.7,0.0075,,
0.3950,51,22.2,21.7,0.0085,,
0.4035,52,23.2,21.7,0.0075,,
0.4115,53,24.1,21.7,0.0075,,
0.4200,54,25.0,21.7,0.0075,,
0.4285,55,25.8,21.7,0.0075,,
0.4360,56,26.5,21.7,0.0075,,
0.4445,57,27.5,21.7,0.0085,,
0.4530,58,28.5,21.7,0.0075,,
0.4615,59,29.3,21.7,0.0075,,
0.4695,60,30.1,21.7,0.0075,,
0.4780,61,31.1,21.7,0.0075,,
0.4855,62,31.9,21.7,0.0075,,
0.4940,63,32.8,21.7,0.0085,,
0.5025,64,33.6,21.7,0.0075,,
0.5110,65,34.5,21.7,0.0075,,
0.5195,66,35.6,21.7,0.0075,,
0.5275,67,36.5,21.7,0.0075,,
0.5355,68,37.3,21.7,0.0080,,
0.5435,69,38.0,21.7,0.0080,,
0.5520,70,38.9,21.7,0.0075,,
0.5605,71,39.9,21.7,0.0075,,
0.5690,72,40.7,21.7,0.0075,,
0.5775,73,41.4,21.7,0.0075,,
0.5850,74,42.1,21.7,0.0075,,
0.5935,75,42.9,21.7,0.0085,,
0.6015,76,43.9,21.7,0.0080,,
0.6100,77,44.8,21.7,0.0075,,
0.6185,78,45.5,21.7,0.0075,,
0.6270,79,46.4,21.7,0.0075,,
0.6355,80,47.3,21.7,0.0085,,
0.6430,81,48.3,21.7,0.0075,,
0.6515,82,49.2,21.7,0.0085,,
0.6600,83,49.9,21.7,0.0075,,
0.6680,84,50.9,21.7,0.0075,,
0.6765,85,51.9,21.7,0.0075,,
0.6850,86,52.6,21.7,0.0075,,
0.6925,87,53.4,21.7,0.0075,,
0.7010,88,54.1,21.7,0.0085,,
0.7095,89,55.1,21.7,0.0075,,
0.7180,90,56.1,21.7,0.0075,,
0.7260,91,56.9,21.7,0.0075,,
0.7345,92,57.6,21.7,0.0075,,
0.7420,93,58.4,21.7,0.0075,,
0.7505,94,59.4,21.7,0.0085,,
0.7590,95,60.3,21.7,0.0075,,
0.7675,96,61.1,21.7,0.0075,,
0.7760,97,62.0,21.7,0.0075,,
0.7845,98,63.1,21.7,0.0075,,
0.7920,99,63.9,21.7,0.0075,,
0.8000,100,64.9,21.7,0.0080,,
0.8085,101,65.8,21.7,0.0075,,
0.8170,102,66.7,21.7,0.0075,,
0.8255,103,67.8,21.7,0.0075,,
0.8340,104,68.6,21.7,0.0075,,
0.8415,105,69.6,21.7,0.0075,,
0.8500,106,70.3,21.7,0.0085,,
0.8585,107,71.3,21.7,0.0075,,
0.8665,108,72.4,21.7,0.0075,,
0.8750,109,73.3,21.7,0.0075,,
0.8835,110,74.1,21.7,0.0075,,
0.8910,111,74.9,21.7,0.0075,,
0.8995,112,75.8,21.7,0.0085,,
0.9080,113,76.8,21.7,0.0075,,
0.9165,114,77.7,21.7,0.0075,,
0.9245,115,78.7,21.7,0.0075,,
0.9330,116,79.9,21.7,0.0075,,
0.9405,117,80.6,21.7,0.0075,,
0.9490,118,81.6,21.7,0.0085,,
0.9575,119,82.6,21.7,0.0075,,
0.9660,120,83.5,21.7,0.0075,,
0.9745,121,84.7,21.7,0.0075,,
0.9830,122,85.7,21.7,0.0075,,
0.9905,123,86.7,21.7,0.0075,,
0.9990,124,87.7,21.7,0.0085,,
1.0070,125,88.8,21.7,0.0075,,
1.0155,126,90.0,21.7,0.0075,,
1.0240,127,91.1,21.7,0.0075,,
1.0325,128,92.2,21.7,0.0075,,
1.0400,129,93.4,21.7,0.0075,,
1.0485,130,94.5,21.7,0.0085,,
1.0570,131,96.0,21.7,0.0085,,
1.0650,132,97.2,21.7,0.0075,,
1.0735,133,98.3,21.7,0.0075,,
1.0820,134,99.8,21.7,0.0075,,
1.0895,135,100.9,21.7,0.0075,,
1.0980,136,102.4,21.7,0.0085,,
1.1065,137,103.8,21.7,0.0085,,
1.1150,138,105.2,21.7,0.0075,,
1.1235,139,106.8,21.7,0.0075,,
1.1315,140,108.5,21.7,0.0075,,
1.1390,141,110.1,21.7,0.0075,,
1.1475,142,111.9,21.7,0.0085,,
1.1560,143,113.7,21.7,0.0085,,
1.1645,144,115.6,21.7,0.0075,,
1.1730,145,117.6,21.7,0.0075,,
1.1815,146,119.6,21.7,0.0075,,
1.1895,147,121.5,21.7,0.0080,,
1.1970,148,123.9,21.7,0.0075,,
1.2055,149,126.6,21.7,0.0085,,
1.2140,150,129.2,21.7,0.0075,,
1.2225,151,131.8,21.7,0.0075,,
1.2310,152,134.9,21.7,0.0075,,
1.2395,153,137.5,21.7,0.0085,,
1.2470,154,140.9,21.7,0.0075,,
1.2555,155,144.2,21.7,0.0085,,
1.2635,156,147.6,21.7,0.0075,,
1.2720,157,151.6,21.7,0.0075,,
1.2805,158,155.5,21.7,0.0075,,
1.2880,159,159.0,21.7,0.0075,,
1.2965,160,162.8,21.7,0.0085,,
1.3050,161,165.8,21.7,0.0085,,
1.3135,162,169.3,21.7,0.0075,,
1.3220,163,172.8,21.7,0.0075,,
1.3300,164,175.5,21.7,0.0075,,
1.3385,165,178.1,21.7,0.0085,,
1.3460,166,180.6,21.7,0.0075,,
1.3545,167,183.1,21.7,0.0085,,
1.3635,168,185.0,21.7,0.0075,,
1.3635,408,189.0,21.8,0.0000,,
1.3640,409,189.1,21.8,0.0005,,
1.3655,410,189.2,21.8,0.0010,,
1.3680,411,189.3,21.8,0.0020,,
1.3720,412,189.8,21.8,0.0030,,
1.3785,413,190.7,21.8,0.0050,,
1.3870,414,191.8,21.8,0.0065,,
1.3945,415,193.1,21.8,0.0060,,
1.4030,416,194.7,21.8,0.0070,,
1.4110,417,196.3,21.8,0.0065,,
1.4195,418,197.9,21.8,0.0065,,
1.4280,419,199.1,21.8,0.0065,,
1.4365,420,200.3,21.8,0.0070,,
1.4440,421,201.5,21.8,0.0060,,
1.4525,422,202.8,21.8,0.0070,,
1.4610,423,203.8,21.8,0.0065,,
1.4695,424,204.7,21.8,0.0065,,
1.4775,425,205.8,21.8,0.0060,,
1.4850,426,206.6,21.8,0.0060,,
1.4935,427,207.8,21.8,0.0070,,
1.5020,428,208.5,21.8,0.0070,,
1.5105,429,209.4,21.8,0.0065,,
1.5190,430,210.4,21.8,0.0065,,
1.5275,431,211.4,21.8,0.0065,,
1.5350,432,212.1,21.8,0.0060,,
1.5435,433,212.7,21.8,0.0070,,
1.5515,434,213.4,21.8,0.0065,,
1.5600,435,214.4,21.8,0.0065,,
1.5685,436,215.0,21.8,0.0065,,
1.5770,437,215.6,21.8,0.0065,,
1.5845,438,216.3,21.8,0.0060,,
1.5930,439,216.8,21.8,0.0070,,
1.6015,440,217.7,21.8,0.0070,,
1.6100,441,218.2,21.8,0.0065,,
1.6180,442,218.7,21.8,0.0060,,
1.6265,443,219.5,21.8,0.0065,,
1.6340,444,220.0,21.8,0.0060,,
1.6425,445,220.6,21.8,0.0070,,
1.6510,446,221.2,21.8,0.0070,,
1.6595,447,221.7,21.8,0.0065,,
1.6680,448,222.3,21.8,0.0065,,
1.6760,449,223.0,21.8,0.0060,,
1.6845,450,223.5,21.8,0.0070,,
1.6920,451,223.9,21.8,0.0060,,
1.7005,452,224.2,21.8,0.0070,,
1.7090,453,224.8,21.8,0.0065,,
1.7175,454,225.3,21.8,0.0065,,
1.7260,455,225.7,21.8,0.0065,,
1.7335,456,226.1,21.8,0.0065,,
1.7420,457,226.5,21.8,0.0070,,
1.7505,458,227.1,21.8,0.0070,,
1.7585,459,227.5,21.8,0.0060,,
1.7670,460,227.8,21.8,0.0065,,
1.7755,461,228.4,21.8,0.0065,,
1.7830,462,228.7,21.8,0.0060,,
1.7915,463,229.3,21.8,0.0070,,
1.8000,464,229.6,21.8,0.0070,,
1.8085,465,229.9,21.8,0.0065,,
1.8165,466,230.3,21.8,0.0060,,
1.8250,467,230.8,21.8,0.0065,,
1.8325,468,231.2,21.8,0.0060,,
1.8410,469,231.5,21.8,0.0070,,
1.8495,470,231.8,21.8,0.0070,,
1.8580,471,232.4,21.8,0.0065,,
1.8665,472,232.8,21.8,0.0065,,
1.8750,473,233.0,21.8,0.0065,,
1.8825,474,233.4,21.8,0.0060,,
1.8900,475,233.6,21.8,0.0060,,
1.8970,476,234.1,21.8,0.0060,,
1.9010,477,234.2,21.8,0.0030,,
1.9025,478,234.3,21.8,0.0010,,
1.9035,479,234.4,21.8,0.0010,,
1.9040,480,234.5,21.8,0.0005,,
1.9055,481,234.6,21.8,0.0010,,
1.9065,482,234.6,21.8,0.0010,,
1.9080,483,234.5,21.8,0.0010,,
1.9095,484,234.6,21.8,0.0010,,
1.9110,485,234.7,21.8,0.0010,,
1.9120,486,234.8,21.8,0.0010,,
1.9130,487,234.7,21.8,0.0010,,
1.9140,488,235.0,21.8,0.0010,,
Scope 1/1, Sample 15/32 (T7)
Result,TitrationEP1
V,t,E,T,dV/dt,E acc. stat.,Volume acc. stat.
0.0000,0,-54.7,21.7,NaN,,
0.0010,1,-54.8,21.7,0.0010,,
0.0025,2,-54.7,21.6,0.0015,,
0.0050,3,-54.7,21.7,0.0025,,
0.0090,4,-54.7,21.7,0.0035,,
0.0150,5,-54.3,21.7,0.0055,,
0.0235,6,-53.7,21.7,0.0075,,
0.0320,7,-53.0,21.7,0.0085,,
0.0395,8,-52.0,21.7,0.0075,,
0.0480,9,-50.9,21.7,0.0075,,
0.0565,10,-49.5,21.7,0.0075,,
0.0650,11,-48.1,21.7,0.0075,,
0.0735,12,-46.7,21.7,0.0075,,
0.0815,13,-45.3,21.7,0.0080,,
0.0895,14,-43.6,21.7,0.0080,,
0.0975,15,-41.6,21.7,0.0075,,
0.1060,16,-39.8,21.7,0.0075,,
0.1145,17,-37.7,21.7,0.0075,,
0.1230,18,-35.4,21.7,0.0075,,
0.1315,19,-33.5,21.7,0.0085,,
0.1390,20,-30.7,21.7,0.0075,,
0.1475,21,-28.1,21.7,0.0075,,
0.1555,22,-25.5,21.7,0.0075,,
0.1640,23,-22.5,21.7,0.0075,,
0.1725,24,-19.5,21.7,0.0075,,
0.1810,25,-16.6,21.7,0.0075,,
0.1885,26,-14.0,21.7,0.0075,,
0.1970,27,-11.3,21.7,0.0085,,
0.2055,28,-8.6,21.7,0.0075,,
0.2135,29,-6.1,21.7,0.0075,,
0.2220,30,-3.9,21.7,0.0075,,
0.2305,31,-1.9,21.7,0.0075,,
0.2380,32,-0.3,21.7,0.0075,,
0.2465,33,1.3,21.7,0.0085,,
0.2550,34,3.0,21.7,0.0075,,
0.2635,35,4.6,21.7,0.0075,,
0.2720,36,6.0,21.7,0.0075,,
0.2800,37,7.7,21.7,0.0075,,
0.2880,38,8.8,21.7,0.0080,,
0.2960,39,10.1,21.7,0.0080,,
0.3045,40,11.1,21.7,0.0075,,
0.3130,41,12.3,21.7,0.0075,,
0.3215,42,13.7,21.7,0.0075,,
0.3300,43,14.8,21.7,0.0075,,
0.3375,44,15.9,21.7,0.0075,,
0.3460,45,16.9,21.7,0.0075,,
0.3545,46,18.0,21.7,0.0075,,
0.3625,47,19.1,21.7,0.0075,,
0.3710,48,20.0,21.7,0.0075,,
0.3785,49,20.9,21.7,0.0075,,
0.3870,50,21.8,21.7,0.0085,,
0.3955,51,22.9,21.7,0.0075,,
0.4040,52,23.9,21.7,0.0075,,
0.4125,53,24.7,21.7,0.0075,,
0.4210,54,25.7,21.7,0.0075,,
0.4285,55,26.5,21.7,0.0075,,
0.4370,56,27.6,21.7,0.0085,,
0.4450,57,28.4,21.7,0.0075,,
0.4535,58,29.1,21.7,0.0075,,
0.4620,59,30.1,21.7,0.0075,,
0.4705,60,31.0,21.7,0.0075,,
0.4790,61,31.8,21.7,0.0085,,
0.4865,62,32.7,21.7,0.0075,,
0.4950,63,33.5,21.7,0.0075,,
0.5030,64,34.5,21.7,0.0075,,
0.5115,65,35.4,21.7,0.0075,,
0.5200,66,36.2,21.7,0.0075,,
0.5285,67,37.0,21.7,0.0085,,
0.5360,68,37.8,21.7,0.0075,,
0.5445,69,38.9,21.7,0.0075,,
0.5530,70,39.7,21.7,0.0075,,
0.5615,71,40.4,21.7,0.0075,,
0.5695,72,41.3,21.7,0.0075,,
0.5780,73,42.0,21.7,0.0085,,
0.5855,74,42.9,21.7,0.0075,,
0.5940,75,43.9,21.7,0.0075,,
0.6025,76,44.6,21.7,0.0075,,
0.6110,77,45.5,21.7,0.0075,,
0.6195,78,46.5,21.7,0.0075,,
0.6275,79,47.2,21.7,0.0080,,
0.6355,80,48.1,21.7,0.0080,,
0.6435,81,48.8,21.7,0.0075,,
0.6520,82,49.7,21.7,0.0075,,
0.6605,83,50.5,21.7,0.0075,,
0.6690,84,51.3,21.7,0.0075,,
0.6775,85,52.1,21.7,0.0085,,
0.6850,86,52.9,21.7,0.0075,,
0.6935,87,53.7,21.7,0.0075,,
0.7015,88,54.7,21.7,0.0075,,
0.7100,89,55.4,21.7,0.0075,,
0.7185,90,56.1,21.7,0.0075,,
0.7270,91,57.0,21.7,0.0075,,
0.7345,92,57.7,21.7,0.0075,,
0.7430,93,58.7,21.7,0.0085,,
0.7515,94,59.5,21.7,0.0075,,
0.7595,95,60.3,21.7,0.0075,,
0.7680,96,61.3,21.7,0.0075,,
0.7765,97,62.1,21.7,0.0075,,
0.7840,98,63.0,21.7,0.0075,,
0.7925,99,63.7,21.7,0.0085,,
0.8010,100,64.6,21.7,0.0075,,
0.8095,101,65.7,21.7,0.0075,,
0.8175,102,66.4,21.7,0.0075,,
0.8260,103,67.3,21.7,0.0075,,
0.8335,104,68.2,21.7,0.0075,,
0.8420,105,69.0,21.7,0.0085,,
0.8505,106,70.0,21.7,0.0075,,
0.8590,107,70.8,21.7,0.0075,,
0.8675,108,71.7,21.7,0.0075,,
0.8760,109,72.7,21.7,0.0075,,
0.8835,110,73.4,21.7,0.0075,,
0.8920,111,74.5,21.7,0.0085,,
0.9000,112,75.4,21.7,0.0075,,
0.9085,113,76.1,21.7,0.0075,,
0.9170,114,77.1,21.7,0.0075,,
0.9255,115,78.1,21.7,0.0075,,
0.9330,116,79.0,21.7,0.0075,,
0.9415,117,79.9,21.7,0.0085,,
0.9500,118,80.8,21.7,0.0075,,
0.9585,119,82.0,21.7,0.0075,,
0.9665,120,83.0,21.7,0.0075,,
0.9750,121,83.8,21.7,0.0075,,
0.9825,122,84.8,21.7,0.0075,,
0.9910,123,85.9,21.7,0.0085,,
0.9995,124,87.1,21.7,0.0075,,
1.0080,125,88.0,21.7,0.0075,,
1.0165,126,89.0,21.7,0.0075,,
1.0245,127,90.1,21.7,0.0075,,
1.0325,128,91.1,21.7,0.0080,,
1.0405,129,92.2,21.7,0.0080,,
1.0490,130,93.3,21.7,0.0075,,
1.0575,131,94.4,21.7,0.0075,,
1.0660,132,95.8,21.7,0.0075,,
1.0745,133,97.0,21.7,0.0075,,
1.0820,134,98.2,21.7,0.0075,,
1.0905,135,99.4,21.7,0.0085,,
1.0990,136,100.7,21.7,0.0075,,
1.1070,137,102.2,21.7,0.0075,,
1.1155,138,103.6,21.7,0.0075,,
1.1240,139,104.9,21.7,0.0075,,
1.1315,140,106.2,21.7,0.0075,,
1.1400,141,107.5,21.7,0.0085,,
1.1485,142,109.1,21.7,0.0075,,
1.1570,143,110.8,21.7,0.0075,,
1.1655,144,112.3,21.7,0.0075,,
1.1735,145,113.9,21.7,0.0080,,
1.1815,146,115.8,21.7,0.0080,,
1.1895,147,117.7,21.7,0.0075,,
1.1980,148,119.6,21.7,0.0075,,
1.2065,149,121.6,21.7,0.0075,,
1.2150,150,123.9,21.7,0.0075,,
1.2235,151,126.3,21.7,0.0075,,
1.2310,152,128.5,21.7,0.0075,,
1.2395,153,130.8,21.7,0.0085,,
1.2475,154,133.3,21.7,0.0075,,
1.2560,155,136.7,21.7,0.0075,,
1.2645,156,139.7,21.7,0.0075,,
1.2730,157,142.9,21.7,0.0075,,
1.2805,158,146.1,21.7,0.0075,,
1.2890,159,150.0,21.7,0.0085,,
1.2975,160,153.5,21.7,0.0075,,
1.3055,161,157.0,21.7,0.0075,,
1.3140,162,160.5,21.7,0.0075,,
1.3225,163,164.3,21.7,0.0075,,
1.3300,164,167.3,21.7,0.0075,,
1.3385,165,170.6,21.7,0.0085,,
1.3470,166,173.5,21.7,0.0075,,
1.3555,167,176.2,21.7,0.0075,,
1.3640,168,179.2,21.7,0.0075,,
1.3725,169,181.4,21.7,0.0085,,
1.3800,170,184.0,21.7,0.0075,,
1.3860,171,185.0,21.7,0.0065,,
1.3860,411,188.3,21.8,0.0000,,
1.3865,412,188.4,21.8,0.0005,,
1.3880,413,188.4,21.8,0.0015,,
1.3905,414,188.6,21.8,0.0025,,
1.3945,415,189.4,21.7,0.0040,,
1.4010,416,190.2,21.8,0.0065,,
1.4095,417,191.5,21.8,0.0095,,
1.4170,418,192.9,21.7,0.0085,,
1.4255,419,194.6,21.8,0.0095,,
1.4335,420,196.2,21.8,0.0080,,
1.4420,421,197.5,21.8,0.0085,,
1.4505,422,198.8,21.8,0.0085,,
1.4590,423,200.2,21.8,0.0085,,
1.4665,424,201.3,21.8,0.0085,,
1.4750,425,202.6,21.8,0.0095,,
1.4835,426,203.5,21.8,0.0085,,
1.4915,427,204.6,21.7,0.0080,,
1.5000,428,205.8,21.8,0.0085,,
1.5085,429,206.7,21.8,0.0085,,
1.5160,430,207.6,21.8,0.0085,,
1.5245,431,208.5,21.8,0.0095,,
1.5330,432,209.3,21.8,0.0085,,
1.5415,433,210.3,21.8,0.0085,,
1.5500,434,211.0,21.8,0.0085,,
1.5580,435,212.0,21.8,0.0090,,
1.5660,436,212.7,21.8,0.0090,,
1.5740,437,213.3,21.8,0.0090,,
1.5825,438,214.2,21.8,0.0085,,
1.5910,439,214.9,21.8,0.0085,,
1.5995,440,215.5,21.8,0.0085,,
1.6080,441,216.2,21.8,0.0085,,
1.6155,442,216.8,21.8,0.0085,,
1.6240,443,217.6,21.8,0.0095,,
1.6320,444,218.2,21.8,0.0090,,
1.6405,445,218.8,21.8,0.0085,,
1.6490,446,219.3,21.8,0.0085,,
1.6575,447,220.1,21.8,0.0085,,
1.6650,448,220.6,21.8,0.0085,,
1.6735,449,221.1,21.8,0.0095,,
1.6820,450,221.6,21.8,0.0095,,
1.6900,451,222.2,21.8,0.0080,,
1.6985,452,222.8,21.8,0.0085,,
1.7070,453,223.2,21.8,0.0085,,
1.7145,454,223.8,21.8,0.0085,,
1.7230,455,224.2,21.8,0.0095,,
1.7315,456,224.7,21.8,0.0095,,
1.7400,457,225.3,21.8,0.0085,,
1.7485,458,225.5,21.8,0.0085,,
1.7565,459,225.9,21.8,0.0080,,
1.7645,460,226.4,21.8,0.0090,,
1.7725,461,226.9,21.8,0.0090,,
1.7810,462,227.3,21.8,0.0095,,
1.7895,463,227.7,21.8,0.0085,,
1.7980,464,228.2,21.8,0.0085,,
1.8065,465,228.6,21.8,0.0085,,
1.8140,466,229.0,21.8,0.0085,,
1.8225,467,229.3,21.8,0.0095,,
1.8305,468,229.7,21.8,0.0090,,
1.8390,469,230.1,21.8,0.0085,,
1.8475,470,230.5,21.8,0.0085,,
1.8560,471,230.8,21.8,0.0085,,
1.8635,472,231.3,21.8,0.0085,,
1.8720,473,231.5,21.8,0.0095,,
1.8805,474,232.0,21.8,0.0095,,
1.8890,475,232.4,21.8,0.0085,,
1.8970,476,232.6,21.8,0.0080,,
1.9055,477,233.0,21.8,0.0085,,
1.9130,478,233.2,21.8,0.0085,,
1.9210,479,233.8,21.8,0.0090,,
1.9245,480,234.2,21.8,0.0040,,
1.9260,481,234.1,21.8,0.0015,,
1.9280,482,234.3,21.8,0.0020,,
1.9310,483,234.5,21.8,0.0030,,
1.9335,484,234.5,21.8,0.0030,,
1.9360,485,234.7,21.8,0.0030,,
1.9390,486,234.6,21.8,0.0035,,
1.9410,487,234.7,21.8,0.0020,,
1.9425,488,235.0,21.8,0.0015,,
1.9435,489,235.0,21.8,0.0005,,
Scope 1/1, Sample 16/32 (T8)
Result,TitrationEP1
V,t,E,T,dV/dt,E acc. stat.,Volume acc. stat.
0.0000,0,-54.2,21.6,NaN,,
0.0005,1,-54.2,21.6,0.0005,,
0.0025,2,-54.3,21.6,0.0020,,
0.0050,3,-54.1,21.6,0.0025,,
0.0090,4,-54.0,21.6,0.0035,,
0.0150,5,-54.0,21.6,0.0055,,
0.0235,6,-53.5,21.6,0.0075,,
0.0310,7,-52.8,21.6,0.0075,,
0.0395,8,-51.6,21.6,0.0085,,
0.0480,9,-50.5,21.6,0.0075,,
0.0565,10,-49.4,21.6,0.0075,,
0.0650,11,-47.9,21.6,0.0075,,
0.0730,12,-46.2,21.6,0.0075,,
0.0810,13,-44.6,21.6,0.0080,,
0.0890,14,-42.8,21.6,0.0080,,
0.0975,15,-41.0,21.6,0.0085,,
0.1060,16,-39.0,21.6,0.0075,,
0.1145,17,-36.8,21.6,0.0075,,
0.1230,18,-34.6,21.6,0.0075,,
0.1305,19,-32.4,21.6,0.0075,,
0.1390,20,-30.1,21.6,0.0085,,
0.1470,21,-27.5,21.6,0.0080,,
0.1555,22,-24.7,21.6,0.0075,,
0.1640,23,-22.0,21.6,0.0075,,
0.1725,24,-19.1,21.6,0.0075,,
0.1800,25,-16.5,21.6,0.0075,,
0.1885,26,-13.6,21.6,0.0085,,
0.1970,27,-10.8,21.6,0.0075,,
0.2055,28,-8.6,21.6,0.0075,,
0.2135,29,-6.3,21.6,0.0075,,
0.2220,30,-3.9,21.6,0.0075,,
0.2295,31,-2.4,21.6,0.0075,,
0.2380,32,-0.7,21.6,0.0085,,
0.2465,33,0.7,21.6,0.0085,,
0.2550,34,2.3,21.6,0.0075,,
0.2635,35,4.2,21.6,0.0075,,
0.2715,36,5.6,21.6,0.0075,,
0.2795,37,6.9,21.6,0.0080,,
0.2875,38,8.1,21.6,0.0080,,
0.2960,39,9.3,21.6,0.0085,,
0.3045,40,10.7,21.6,0.0075,,
0.3130,41,11.8,21.6,0.0075,,
0.3215,42,13.0,21.6,0.0075,,
0.3290,43,14.0,21.6,0.0075,,
0.3375,44,15.1,21.6,0.0085,,
0.3460,45,16.2,21.6,0.0085,,
0.3540,46,17.2,21.6,0.0075,,
0.3625,47,18.2,21.6,0.0075,,
0.3710,48,19.3,21.6,0.0075,,
0.3785,49,20.2,21.6,0.0075,,
0.3870,50,21.3,21.6,0.0085,,
0.3955,51,22.1,21.7,0.0085,,
0.4040,52,23.0,21.6,0.0075,,
0.4120,53,24.2,21.6,0.0075,,
0.4205,54,25.0,21.6,0.0075,,
0.4280,55,26.0,21.7,0.0075,,
0.4365,56,26.7,21.7,0.0085,,
0.4450,57,27.6,21.7,0.0085,,
0.4535,58,28.7,21.7,0.0075,,
0.4620,59,29.5,21.7,0.0075,,
0.4705,60,30.4,21.7,0.0075,,
0.4785,61,31.2,21.7,0.0080,,
0.4860,62,32.0,21.7,0.0075,,
0.4945,63,33.0,21.7,0.0085,,
0.5030,64,34.0,21.7,0.0075,,
0.5115,65,34.7,21.7,0.0075,,
0.5200,66,35.5,21.7,0.0075,,
0.5285,67,36.2,21.7,0.0085,,
0.5360,68,37.2,21.7,0.0075,,
0.5445,69,38.1,21.7,0.0085,,
0.5525,70,38.8,21.7,0.0075,,
0.5610,71,39.9,21.7,0.0075,,
0.5695,72,40.8,21.7,0.0075,,
0.5770,73,41.5,21.7,0.0075,,
0.5855,74,42.3,21.7,0.0085,,
0.5940,75,43.1,21.7,0.0085,,
0.6025,76,44.1,21.7,0.0075,,
0.6110,77,45.0,21.7,0.0075,,
0.6190,78,45.8,21.7,0.0075,,
0.6275,79,46.5,21.7,0.0085,,
0.6350,80,47.3,21.7,0.0075,,
0.6435,81,48.3,21.7,0.0085,,
0.6520,82,49.1,21.7,0.0075,,
0.6605,83,49.9,21.7,0.0075,,
0.6690,84,50.7,21.7,0.0075,,
0.6770,85,51.8,21.7,0.0075,,
0.6845,86,52.5,21.7,0.0075,,
0.6930,87,53.4,21.7,0.0085,,
0.7015,88,54.1,21.7,0.0085,,
0.7100,89,54.9,21.7,0.0075,,
0.7185,90,56.0,21.7,0.0075,,
0.7270,91,56.7,21.7,0.0075,,
0.7345,92,57.6,21.7,0.0075,,
0.7430,93,58.3,21.7,0.0085,,
0.7510,94,59.3,21.7,0.0080,,
0.7595,95,60.2,21.7,0.0075,,
0.7680,96,60.9,21.7,0.0075,,
0.7765,97,61.7,21.7,0.0075,,
0.7840,98,62.5,21.7,0.0075,,
0.7925,99,63.4,21.7,0.0085,,
0.8010,100,64.4,21.7,0.0085,,
0.8090,101,65.3,21.7,0.0075,,
0.8175,102,66.1,21.7,0.0075,,
0.8260,103,67.0,21.7,0.0075,,
0.8335,104,67.9,21.7,0.0075,,
0.8420,105,68.8,21.7,0.0085,,
0.8505,106,69.7,21.7,0.0085,,
0.8590,107,70.5,21.7,0.0075,,
0.8675,108,71.6,21.7,0.0075,,
0.8755,109,72.5,21.7,0.0075,,
0.8830,110,73.4,21.7,0.0075,,
0.8915,111,74.3,21.7,0.0085,,
0.9000,112,75.2,21.7,0.0085,,
0.9085,113,76.1,21.7,0.0075,,
0.9170,114,77.0,21.7,0.0075,,
0.9255,115,77.9,21.7,0.0075,,
0.9330,116,78.8,21.7,0.0075,,
0.9415,117,80.0,21.7,0.0085,,
0.9500,118,81.1,21.7,0.0075,,
0.9580,119,82.0,21.7,0.0075,,
0.9665,120,83.1,21.7,0.0075,,
0.9750,121,83.9,21.7,0.0085,,
0.9825,122,85.1,21.7,0.0075,,
0.9910,123,86.2,21.7,0.0085,,
0.9995,124,87.0,21.7,0.0075,,
1.0080,125,88.0,21.7,0.0075,,
1.0165,126,89.2,21.7,0.0075,,
1.0245,127,90.2,21.7,0.0080,,
1.0325,128,91.3,21.7,0.0080,,
1.0405,129,92.3,21.7,0.0080,,
1.0490,130,93.4,21.7,0.0075,,
1.0575,131,94.6,21.7,0.0075,,
1.0660,132,95.6,21.7,0.0075,,
1.0735,133,96.8,21.7,0.0075,,
1.0820,134,98.1,21.7,0.0085,,
1.0905,135,99.7,21.7,0.0085,,
1.0985,136,101.2,21.7,0.0075,,
1.1070,137,102.5,21.7,0.0075,,
1.1155,138,103.9,21.7,0.0075,,
1.1240,139,105.6,21.7,0.0075,,
1.1315,140,106.9,21.7,0.0075,,
1.1400,141,108.5,21.7,0.0085,,
1.1485,142,110.2,21.7,0.0085,,
1.1565,143,111.7,21.7,0.0075,,
1.1650,144,113.7,21.7,0.0075,,
1.1735,145,115.5,21.7,0.0075,,
1.1810,146,117.4,21.7,0.0075,,
1.1895,147,119.2,21.7,0.0085,,
1.1980,148,121.5,21.7,0.0075,,
1.2065,149,123.9,21.7,0.0075,,
1.2150,150,126.2,21.7,0.0075,,
1.2230,151,128.6,21.7,0.0080,,
1.2310,152,131.2,21.7,0.0080,,
1.2390,153,134.1,21.7,0.0080,,
1.2475,154,137.4,21.7,0.0085,,
1.2560,155,140.4,21.7,0.0075,,
1.2645,156,143.5,21.7,0.0075,,
1.2730,157,147.2,21.7,0.0075,,
1.2805,158,150.3,21.7,0.0075,,
1.2890,159,154.1,21.7,0.0085,,
1.2975,160,157.5,21.7,0.0075,,
1.3055,161,161.1,21.7,0.0075,,
1.3140,162,165.0,21.7,0.0075,,
1.3225,163,168.4,21.7,0.0075,,
1.3300,164,171.3,21.7,0.0075,,
1.3385,165,174.1,21.7,0.0085,,
1.3470,166,176.8,21.7,0.0075,,
1.3555,167,179.6,21.7,0.0075,,
1.3635,168,182.0,21.7,0.0075,,
1.3720,169,184.4,21.7,0.0075,,
1.3765,170,185.0,21.7,0.0075,,
1.3765,410,189.1,21.7,0.0000,,
1.3770,411,189.0,21.7,0.0005,,
1.3785,412,188.8,21.7,0.0020,,
1.3810,413,189.2,21.7,0.0035,,
1.3850,414,189.8,21.7,0.0050,,
1.3910,415,190.4,21.7,0.0075,,
1.3990,416,191.7,21.7,0.0100,,
1.4070,417,193.0,21.7,0.0115,,
1.4150,418,194.6,21.7,0.0115,,
1.4235,419,196.2,21.7,0.0120,,
1.4320,420,197.5,21.7,0.0105,,
1.4405,421,198.9,21.7,0.0105,,
1.4490,422,200.3,21.7,0.0105,,
1.4565,423,201.3,21.7,0.0105,,
1.4650,424,202.6,21.7,0.0120,,
1.4730,425,203.7,21.7,0.0115,,
1.4815,426,204.7,21.7,0.0105,,
1.4900,427,205.9,21.7,0.0105,,
1.4985,428,206.8,21.7,0.0105,,
1.5060,429,207.6,21.7,0.0105,,
1.5145,430,208.5,21.7,0.0120,,
1.5230,431,209.4,21.7,0.0120,,
1.5315,432,210.4,21.7,0.0105,,
1.5395,433,211.1,21.7,0.0100,,
1.5480,434,211.9,21.7,0.0105,,
1.5555,435,212.6,21.7,0.0105,,
1.5640,436,213.4,21.7,0.0120,,
1.5725,437,214.3,21.7,0.0120,,
1.5810,438,215.0,21.7,0.0105,,
1.5895,439,215.4,21.7,0.0105,,
1.5975,440,216.4,21.7,0.0100,,
1.6060,441,216.9,21.7,0.0105,,
1.6135,442,217.4,21.7,0.0105,,
1.6220,443,218.0,21.7,0.0120,,
1.6305,444,218.6,21.7,0.0105,,
1.6390,445,219.4,21.7,0.0105,,
1.6475,446,219.9,21.7,0.0105,,
1.6555,447,220.4,21.7,0.0115,,
1.6635,448,220.9,21.7,0.0115,,
1.6715,449,221.4,21.7,0.0115,,
1.6800,450,222.1,21.7,0.0105,,
1.6885,451,222.6,21.7,0.0105,,
1.6970,452,223.1,21.7,0.0105,,
1.7045,453,223.6,21.7,0.0105,,
1.7130,454,224.0,21.7,0.0120,,
1.7215,455,224.5,21.7,0.0120,,
1.7300,456,225.0,21.7,0.0105,,
1.7380,457,225.4,21.7,0.0100,,
1.7465,458,226.0,21.7,0.0105,,
1.7550,459,226.4,21.7,0.0120,,
1.7625,460,226.9,21.7,0.0105,,
1.7710,461,227.2,21.7,0.0120,,
1.7795,462,227.6,21.7,0.0105,,
1.7880,463,228.3,21.7,0.0105,,
1.7965,464,228.5,21.7,0.0105,,
1.8040,465,229.0,21.7,0.0105,,
1.8125,466,229.2,21.8,0.0120,,
1.8205,467,229.6,21.7,0.0115,,
1.8290,468,230.2,21.7,0.0105,,
1.8375,469,230.4,21.7,0.0105,,
1.8460,470,230.8,21.8,0.0105,,
1.8535,471,231.1,21.7,0.0105,,
1.8620,472,231.5,21.7,0.0120,,
1.8705,473,232.0,21.7,0.0120,,
1.8785,474,232.5,21.7,0.0100,,
1.8870,475,232.7,21.7,0.0105,,
1.8950,476,233.2,21.7,0.0100,,
1.9035,477,233.4,21.7,0.0120,,
1.9105,478,233.9,21.7,0.0100,,
1.9165,479,234.1,21.7,0.0085,,
1.9195,480,234.2,21.7,0.0035,,
1.9200,481,234.5,21.8,0.0005,,
1.9210,482,234.5,21.8,0.0015,,
1.9215,483,234.5,21.8,0.0005,,
1.9225,484,234.4,21.8,0.0015,,
1.9235,485,234.3,21.8,0.0015,,
1.9240,486,234.5,21.8,0.0005,,
1.9255,487,234.5,21.8,0.0020,,
1.9260,488,234.4,21.8,0.0005,,
1.9270,489,234.5,21.8,0.0010,,
1.9280,490,234.5,21.8,0.0015,,
1.9290,491,234.7,21.8,0.0015,,
1.9300,492,234.7,21.8,0.0015,,
1.9310,493,234.7,21.8,0.0010,,
1.9320,494,234.7,21.8,0.0010,,
1.9330,495,235.1,21.7,0.0010,,
Scope 1/1, Sample 17/32 (T9)
Result,TitrationEP1
V,t,E,T,dV/dt,E acc. stat.,Volume acc. stat.
0.0000,0,-54.1,21.6,NaN,,
0.0005,1,-54.2,21.6,0.0005,,
0.0025,2,-54.2,21.6,0.0020,,
0.0050,3,-54.2,21.6,0.0025,,
0.0090,4,-54.0,21.6,0.0035,,
0.0150,5,-53.8,21.6,0.0055,,
0.0235,6,-53.3,21.6,0.0075,,
0.0310,7,-52.6,21.6,0.0075,,
0.0395,8,-51.5,21.6,0.0085,,
0.0480,9,-50.3,21.6,0.0075,,
0.0565,10,-49.1,21.6,0.0075,,
0.0650,11,-47.4,21.6,0.0075,,
0.0730,12,-45.9,21.6,0.0075,,
0.0810,13,-44.4,21.6,0.0080,,
0.0890,14,-42.7,21.6,0.0080,,
0.0975,15,-40.8,21.6,0.0075,,
0.1060,16,-38.7,21.6,0.0075,,
0.1145,17,-36.7,21.6,0.0075,,
0.1230,18,-34.6,21.6,0.0085,,
0.1305,19,-32.3,21.6,0.0075,,
0.1390,20,-29.7,21.6,0.0085,,
0.1475,21,-27.0,21.6,0.0075,,
0.1555,22,-24.2,21.6,0.0075,,
0.1640,23,-21.3,21.6,0.0075,,
0.1725,24,-18.6,21.6,0.0085,,
0.1800,25,-15.6,21.6,0.0075,,
0.1885,26,-12.7,21.6,0.0085,,
0.1970,27,-10.1,21.6,0.0075,,
0.2055,28,-7.5,21.6,0.0075,,
0.2140,29,-5.2,21.6,0.0075,,
0.2220,30,-3.2,21.6,0.0080,,
0.2300,31,-1.3,21.6,0.0080,,
0.2380,32,0.5,21.6,0.0080,,
0.2465,33,2.2,21.6,0.0075,,
0.2550,34,3.8,21.6,0.0075,,
0.2635,35,5.2,21.6,0.0075,,
0.2710,36,6.5,21.6,0.0075,,
0.2795,37,7.8,21.6,0.0085,,
0.2880,38,9.2,21.6,0.0085,,
0.2960,39,10.6,21.6,0.0075,,
0.3045,40,11.8,21.6,0.0075,,
0.3130,41,13.0,21.6,0.0075,,
0.3215,42,14.1,21.6,0.0085,,
0.3290,43,15.3,21.6,0.0075,,
0.3375,44,16.2,21.6,0.0085,,
0.3460,45,17.4,21.6,0.0075,,
0.3545,46,18.4,21.6,0.0075,,
0.3625,47,19.5,21.6,0.0075,,
0.3710,48,20.4,21.6,0.0085,,
0.3785,49,21.4,21.6,0.0075,,
0.3870,50,22.2,21.6,0.0085,,
0.3955,51,23.2,21.6,0.0075,,
0.4040,52,24.2,21.6,0.0075,,
0.4125,53,25.0,21.6,0.0075,,
0.4200,54,25.9,21.6,0.0075,,
0.4285,55,26.7,21.6,0.0085,,
0.4365,56,27.8,21.6,0.0080,,
0.4450,57,28.7,21.6,0.0075,,
0.4535,58,29.5,21.6,0.0075,,
0.4620,59,30.3,21.6,0.0075,,
0.4705,60,31.2,21.6,0.0085,,
0.4780,61,32.1,21.6,0.0075,,
0.4865,62,33.0,21.6,0.0085,,
0.4950,63,33.7,21.6,0.0075,,
0.5030,64,34.6,21.6,0.0075,,
0.5115,65,35.6,21.6,0.0075,,
0.5200,66,36.3,21.6,0.0085,,
0.5275,67,37.2,21.6,0.0075,,
0.5360,68,38.0,21.6,0.0085,,
0.5445,69,38.9,21.6,0.0075,,
0.5530,70,39.9,21.6,0.0075,,
0.5610,71,40.7,21.6,0.0075,,
0.5695,72,41.5,21.6,0.0085,,
0.5770,73,42.2,21.6,0.0075,,
0.5855,74,43.0,21.6,0.0085,,
0.5940,75,43.9,21.6,0.0075,,
0.6025,76,44.7,21.6,0.0075,,
0.6110,77,45.4,21.6,0.0075,,
0.6190,78,46.4,21.6,0.0075,,
0.6270,79,47.1,21.6,0.0080,,
0.6350,80,48.0,21.6,0.0080,,
0.6435,81,48.9,21.6,0.0075,,
0.6520,82,49.6,21.6,0.0075,,
0.6605,83,50.6,21.6,0.0075,,
0.6690,84,51.5,21.6,0.0075,,
0.6765,85,52.4,21.6,0.0075,,
0.6850,86,53.2,21.6,0.0085,,
0.6935,87,54.0,21.6,0.0085,,
0.7015,88,55.1,21.6,0.0075,,
0.7100,89,55.9,21.6,0.0075,,
0.7185,90,56.7,21.6,0.0075,,
0.7260,91,57.4,21.7,0.0075,,
0.7345,92,58.1,21.7,0.0085,,
0.7430,93,59.0,21.7,0.0085,,
0.7515,94,60.0,21.6,0.0075,,
0.7595,95,60.8,21.7,0.0075,,
0.7680,96,61.7,21.7,0.0075,,
0.7765,97,62.5,21.7,0.0085,,
0.7840,98,63.5,21.7,0.0075,,
0.7925,99,64.4,21.7,0.0085,,
0.8010,100,65.0,21.7,0.0075,,
0.8095,101,66.0,21.7,0.0075,,
0.8175,102,66.9,21.7,0.0075,,
0.8260,103,67.7,21.7,0.0085,,
0.8335,104,68.6,21.7,0.0075,,
0.8420,105,69.5,21.7,0.0085,,
0.8505,106,70.5,21.7,0.0075,,
0.8590,107,71.4,21.7,0.0075,,
0.8675,108,72.2,21.7,0.0075,,
0.8750,109,73.0,21.7,0.0075,,
0.8835,110,73.7,21.7,0.0085,,
0.8920,111,74.8,21.7,0.0085,,
0.9000,112,75.9,21.7,0.0075,,
0.9085,113,76.9,21.7,0.0075,,
0.9170,114,77.8,21.7,0.0075,,
0.9245,115,78.6,21.7,0.0075,,
0.9330,116,79.6,21.7,0.0085,,
0.9415,117,80.6,21.7,0.0085,,
0.9500,118,81.4,21.7,0.0075,,
0.9580,119,82.5,21.7,0.0075,,
0.9665,120,83.6,21.7,0.0075,,
0.9750,121,84.2,21.7,0.0085,,
0.9825,122,85.4,21.7,0.0075,,
0.9910,123,86.3,21.7,0.0085,,
0.9995,124,87.3,21.7,0.0075,,
1.0080,125,88.5,21.7,0.0075,,
1.0165,126,89.5,21.7,0.0075,,
1.0245,127,90.5,21.7,0.0080,,
1.0320,128,91.5,21.7,0.0075,,
1.0405,129,92.6,21.7,0.0085,,
1.0490,130,93.7,21.7,0.0075,,
1.0575,131,94.9,21.7,0.0075,,
1.0660,132,96.1,21.7,0.0075,,
1.0745,133,97.5,21.7,0.0075,,
1.0820,134,98.4,21.7,0.0075,,
1.0905,135,99.8,21.7,0.0085,,
1.0985,136,101.0,21.7,0.0075,,
1.1070,137,102.4,21.7,0.0075,,
1.1155,138,103.8,21.7,0.0075,,
1.1240,139,105.3,21.7,0.0075,,
1.1315,140,106.7,21.7,0.0075,,
1.1400,141,108.3,21.7,0.0085,,
1.1485,142,109.9,21.7,0.0075,,
1.1570,143,111.5,21.7,0.0075,,
1.1650,144,113.3,21.7,0.0075,,
1.1735,145,115.1,21.7,0.0075,,
1.1810,146,116.8,21.7,0.0075,,
1.1895,147,118.8,21.7,0.0085,,
1.1980,148,120.9,21.7,0.0075,,
1.2065,149,122.9,21.7,0.0075,,
1.2150,150,125.1,21.7,0.0075,,
1.2230,151,127.1,21.7,0.0080,,
1.2310,152,129.7,21.7,0.0080,,
1.2390,153,132.9,21.7,0.0080,,
1.2475,154,135.7,21.7,0.0075,,
1.2560,155,138.9,21.7,0.0075,,
1.2645,156,141.9,21.7,0.0075,,
1.2730,157,144.6,21.7,0.0085,,
1.2805,158,148.4,21.7,0.0075,,
1.2890,159,152.0,21.7,0.0085,,
1.2975,160,155.7,21.7,0.0075,,
1.3055,161,159.2,21.7,0.0075,,
1.3140,162,163.1,21.7,0.0075,,
1.3225,163,166.3,21.7,0.0075,,
1.3300,164,169.3,21.7,0.0075,,
1.3385,165,172.5,21.7,0.0075,,
1.3470,166,175.6,21.7,0.0085,,
1.3555,167,178.3,21.7,0.0075,,
1.3635,168,180.6,21.7,0.0075,,
1.3720,169,183.2,21.7,0.0075,,
1.3815,170,185.1,21.7,0.0080,,
1.3815,410,188.9,21.7,0.0000,,
1.3820,411,188.9,21.7,0.0005,,
1.3835,412,188.8,21.7,0.0010,,
1.3860,413,189.0,21.7,0.0020,,
1.3900,414,189.5,21.7,0.0030,,
1.3965,415,190.4,21.7,0.0045,,
1.4045,416,191.8,21.7,0.0055,,
1.4125,417,193.2,21.7,0.0060,,
1.4205,418,194.7,21.7,0.0060,,
1.4290,419,196.3,21.7,0.0065,,
1.4375,420,197.6,21.7,0.0060,,
1.4460,421,198.9,21.7,0.0060,,
1.4545,422,200.4,21.7,0.0060,,
1.4620,423,201.5,21.7,0.0060,,
1.4705,424,202.6,21.7,0.0065,,
1.4790,425,203.7,21.7,0.0060,,
1.4870,426,204.8,21.7,0.0055,,
1.4955,427,205.8,21.7,0.0060,,
1.5040,428,206.7,21.7,0.0065,,
1.5115,429,207.7,21.7,0.0060,,
1.5200,430,208.5,21.7,0.0065,,
1.5285,431,209.5,21.7,0.0060,,
1.5370,432,210.4,21.7,0.0060,,
1.5455,433,211.0,21.7,0.0060,,
1.5530,434,211.7,21.7,0.0060,,
1.5615,435,212.5,21.7,0.0065,,
1.5695,436,213.4,21.7,0.0060,,
1.5780,437,214.1,21.7,0.0060,,
1.5865,438,214.8,21.7,0.0060,,
1.5950,439,215.6,21.7,0.0060,,
1.6025,440,216.1,21.7,0.0060,,
1.6110,441,216.8,21.7,0.0065,,
1.6195,442,217.5,21.7,0.0065,,
1.6275,443,218.2,21.7,0.0055,,
1.6360,444,218.9,21.7,0.0060,,
1.6445,445,219.5,21.7,0.0060,,
1.6520,446,220.0,21.7,0.0060,,
1.6605,447,220.5,21.7,0.0065,,
1.6690,448,220.9,21.7,0.0065,,
1.6775,449,221.5,21.7,0.0060,,
1.6855,450,222.1,21.7,0.0055,,
1.6940,451,222.6,21.7,0.0060,,
1.7025,452,223.1,21.7,0.0065,,
1.7100,453,223.6,21.7,0.0060,,
1.7185,454,224.1,21.7,0.0065,,
1.7270,455,224.6,21.7,0.0065,,
1.7355,456,225.1,21.7,0.0060,,
1.7440,457,225.5,21.7,0.0060,,
1.7520,458,225.9,21.7,0.0060,,
1.7600,459,226.5,21.7,0.0060,,
1.7680,460,227.0,21.7,0.0060,,
1.7765,461,227.3,21.7,0.0060,,
1.7850,462,227.7,21.7,0.0060,,
1.7935,463,228.2,21.7,0.0060,,
1.8020,464,228.6,21.7,0.0060,,
1.8095,465,229.0,21.7,0.0060,,
1.8180,466,229.3,21.7,0.0065,,
1.8260,467,229.7,21.7,0.0055,,
1.8345,468,230.1,21.7,0.0060,,
1.8430,469,230.5,21.7,0.0060,,
1.8515,470,231.0,21.7,0.0065,,
1.8590,471,231.3,21.7,0.0060,,
1.8675,472,231.7,21.7,0.0065,,
1.8760,473,232.1,21.7,0.0065,,
1.8845,474,232.4,21.7,0.0060,,
1.8925,475,232.6,21.7,0.0055,,
1.9010,476,233.1,21.7,0.0060,,
1.9085,477,233.3,21.7,0.0060,,
1.9165,478,233.8,21.7,0.0060,,
1.9225,479,234.0,21.7,0.0045,,
1.9250,480,234.1,21.7,0.0020,,
1.9255,481,234.4,21.7,0.0005,,
1.9265,482,234.4,21.7,0.0005,,
1.9275,483,234.4,21.7,0.0010,,
1.9285,484,234.4,21.7,0.0010,,
1.9310,485,234.6,21.7,0.0020,,
1.9340,486,234.7,21.7,0.0020,,
1.9375,487,234.9,21.7,0.0025,,
1.9395,488,235.1,21.7,0.0015,,
Scope 1/1, Sample 18/32 (T10)
Result,TitrationEP1
V,t,E,T,dV/dt,E acc. stat.,Volume acc. stat.
0.0000,0,-54.2,21.6,NaN,,
0.0010,1,-54.1,21.6,0.0010,,
0.0025,2,-54.3,21.6,0.0015,,
0.0050,3,-54.2,21.6,0.0025,,
0.0090,4,-54.3,21.6,0.0035,,
0.0150,5,-53.9,21.6,0.0055,,
0.0235,6,-53.4,21.6,0.0075,,
0.0320,7,-52.8,21.6,0.0075,,
0.0405,8,-51.8,21.6,0.0075,,
0.0480,9,-50.8,21.6,0.0070,,
0.0565,10,-49.3,21.6,0.0075,,
0.0650,11,-48.0,21.6,0.0075,,
0.0730,12,-46.6,21.6,0.0075,,
0.0815,13,-44.8,21.6,0.0075,,
0.0900,14,-43.1,21.6,0.0075,,
0.0975,15,-41.4,21.6,0.0070,,
0.1060,16,-39.6,21.6,0.0075,,
0.1145,17,-37.7,21.6,0.0075,,
0.1230,18,-35.3,21.6,0.0075,,
0.1310,19,-32.9,21.6,0.0075,,
0.1395,20,-30.8,21.6,0.0075,,
0.1470,21,-28.2,21.6,0.0075,,
0.1555,22,-25.7,21.6,0.0075,,
0.1640,23,-22.7,21.6,0.0075,,
0.1725,24,-19.9,21.6,0.0075,,
0.1810,25,-17.2,21.6,0.0075,,
0.1895,26,-14.4,21.6,0.0075,,
0.1970,27,-12.1,21.6,0.0075,,
0.2055,28,-9.5,21.6,0.0075,,
0.2135,29,-7.2,21.6,0.0075,,
0.2220,30,-5.3,21.6,0.0075,,
0.2305,31,-3.3,21.6,0.0075,,
0.2390,32,-1.7,21.6,0.0075,,
0.2465,33,0.0,21.6,0.0075,,
0.2550,34,1.4,21.6,0.0075,,
0.2635,35,2.8,21.6,0.0075,,
0.2715,36,4.3,21.6,0.0075,,
0.2800,37,5.8,21.6,0.0075,,
0.2885,38,7.1,21.6,0.0075,,
0.2970,39,8.1,21.6,0.0075,,
0.3045,40,9.3,21.6,0.0070,,
0.3130,41,10.4,21.6,0.0075,,
0.3215,42,11.7,21.6,0.0075,,
0.3295,43,12.7,21.6,0.0075,,
0.3380,44,13.7,21.6,0.0075,,
0.3465,45,14.8,21.6,0.0085,,
0.3540,46,15.8,21.6,0.0070,,
0.3625,47,17.0,21.6,0.0075,,
0.3710,48,17.9,21.6,0.0075,,
0.3795,49,19.0,21.6,0.0075,,
0.3880,50,20.2,21.6,0.0075,,
0.3960,51,21.0,21.6,0.0080,,
0.4040,52,22.0,21.6,0.0075,,
0.4120,53,22.8,21.6,0.0075,,
0.4205,54,23.8,21.6,0.0075,,
0.4290,55,24.8,21.6,0.0075,,
0.4375,56,25.7,21.6,0.0075,,
0.4460,57,26.6,21.6,0.0085,,
0.4535,58,27.2,21.6,0.0070,,
0.4620,59,28.1,21.6,0.0075,,
0.4705,60,29.2,21.6,0.0075,,
0.4785,61,29.9,21.6,0.0075,,
0.4870,62,30.7,21.6,0.0075,,
0.4955,63,31.6,21.6,0.0085,,
0.5030,64,32.6,21.6,0.0070,,
0.5115,65,33.4,21.6,0.0075,,
0.5200,66,34.2,21.6,0.0075,,
0.5285,67,35.1,21.6,0.0075,,
0.5365,68,36.1,21.6,0.0075,,
0.5445,69,36.8,21.6,0.0080,,
0.5525,70,37.8,21.6,0.0075,,
0.5610,71,38.5,21.6,0.0075,,
0.5695,72,39.3,21.6,0.0075,,
0.5780,73,40.4,21.6,0.0075,,
0.5865,74,41.3,21.6,0.0075,,
0.5945,75,42.0,21.6,0.0075,,
0.6025,76,42.8,21.6,0.0075,,
0.6105,77,43.8,21.6,0.0075,,
0.6190,78,44.7,21.6,0.0075,,
0.6275,79,45.4,21.7,0.0075,,
0.6360,80,46.1,21.7,0.0075,,
0.6445,81,47.1,21.7,0.0075,,
0.6520,82,47.8,21.6,0.0070,,
0.6605,83,48.8,21.6,0.0075,,
0.6690,84,49.6,21.7,0.0075,,
0.6770,85,50.4,21.7,0.0075,,
0.6855,86,51.5,21.7,0.0075,,
0.6940,87,52.3,21.7,0.0075,,
0.7015,88,53.2,21.7,0.0070,,
0.7100,89,54.0,21.7,0.0075,,
0.7185,90,54.8,21.7,0.0075,,
0.7270,91,55.8,21.6,0.0075,,
0.7350,92,56.7,21.7,0.0075,,
0.7435,93,57.4,21.7,0.0075,,
0.7510,94,58.3,21.7,0.0070,,
0.7595,95,59.1,21.7,0.0075,,
0.7680,96,60.2,21.7,0.0075,,
0.7765,97,61.0,21.7,0.0075,,
0.7850,98,61.8,21.7,0.0075,,
0.7935,99,62.8,21.7,0.0075,,
0.8010,100,63.6,21.7,0.0070,,
0.8095,101,64.7,21.7,0.0075,,
0.8175,102,65.5,21.7,0.0075,,
0.8260,103,66.4,21.7,0.0075,,
0.8345,104,67.5,21.7,0.0075,,
0.8430,105,68.3,21.7,0.0075,,
0.8505,106,68.9,21.7,0.0070,,
0.8590,107,69.8,21.7,0.0075,,
0.8675,108,70.6,21.7,0.0075,,
0.8755,109,71.8,21.7,0.0075,,
0.8840,110,73.0,21.7,0.0075,,
0.8925,111,73.8,21.7,0.0085,,
0.9000,112,74.6,21.7,0.0070,,
0.9085,113,75.3,21.7,0.0075,,
0.9170,114,76.3,21.7,0.0075,,
0.9255,115,77.3,21.7,0.0075,,
0.9335,116,78.2,21.7,0.0075,,
0.9420,117,79.1,21.7,0.0075,,
0.9495,118,79.9,21.7,0.0070,,
0.9580,119,81.1,21.7,0.0075,,
0.9665,120,82.2,21.7,0.0075,,
0.9750,121,83.0,21.7,0.0075,,
0.9835,122,84.2,21.7,0.0075,,
0.9920,123,85.3,21.7,0.0075,,
0.9995,124,86.2,21.7,0.0075,,
1.0080,125,87.2,21.7,0.0075,,
1.0160,126,88.3,21.7,0.0075,,
1.0245,127,89.4,21.7,0.0075,,
1.0330,128,90.6,21.7,0.0075,,
1.0415,129,91.6,21.7,0.0075,,
1.0490,130,92.8,21.7,0.0075,,
1.0575,131,93.9,21.7,0.0075,,
1.0660,132,95.3,21.7,0.0075,,
1.0745,133,96.6,21.7,0.0075,,
1.0825,134,97.6,21.7,0.0075,,
1.0910,135,99.1,21.7,0.0075,,
1.0985,136,100.1,21.7,0.0070,,
1.1070,137,101.7,21.7,0.0075,,
1.1155,138,103.2,21.7,0.0075,,
1.1240,139,104.4,21.7,0.0075,,
1.1325,140,106.0,21.7,0.0075,,
1.1405,141,107.8,21.7,0.0075,,
1.1490,142,109.1,21.7,0.0085,,
1.1565,143,111.0,21.7,0.0070,,
1.1650,144,112.7,21.7,0.0075,,
1.1735,145,114.5,21.7,0.0075,,
1.1820,146,116.5,21.7,0.0075,,
1.1905,147,118.4,21.7,0.0075,,
1.1985,148,120.4,21.7,0.0080,,
1.2065,149,122.7,21.7,0.0075,,
1.2145,150,125.2,21.7,0.0075,,
1.2230,151,127.8,21.7,0.0075,,
1.2315,152,130.1,21.7,0.0075,,
1.2400,153,132.7,21.7,0.0075,,
1.2485,154,135.4,21.7,0.0085,,
1.2560,155,138.7,21.7,0.0070,,
1.2645,156,142.2,21.7,0.0075,,
1.2725,157,145.8,21.7,0.0075,,
1.2810,158,149.2,21.7,0.0075,,
1.2895,159,153.2,21.7,0.0075,,
1.2980,160,156.7,21.7,0.0085,,
1.3055,161,160.3,21.7,0.0070,,
1.3140,162,164.0,21.7,0.0075,,
1.3225,163,167.3,21.7,0.0075,,
1.3310,164,170.7,21.7,0.0075,,
1.3390,165,173.9,21.7,0.0075,,
1.3475,166,176.6,21.7,0.0085,,
1.3550,167,179.0,21.7,0.0070,,
1.3635,168,181.6,21.7,0.0075,,
1.3720,169,183.9,21.7,0.0075,,
1.3800,170,185.4,21.7,0.0075,,
1.3800,410,189.1,21.7,0.0000,,
1.3805,411,189.3,21.7,0.0005,,
1.3820,412,189.2,21.7,0.0010,,
1.3845,413,189.2,21.7,0.0020,,
1.3885,414,189.9,21.7,0.0030,,
1.3945,415,190.7,21.7,0.0045,,
1.4025,416,191.8,21.7,0.0060,,
1.4105,417,193.1,21.7,0.0065,,
1.4185,418,194.7,21.7,0.0065,,
1.4270,419,196.3,21.7,0.0065,,
1.4355,420,197.7,21.7,0.0065,,
1.4440,421,199.0,21.7,0.0065,,
1.4525,422,200.2,21.7,0.0070,,
1.4600,423,201.4,21.7,0.0060,,
1.4685,424,202.6,21.7,0.0070,,
1.4770,425,203.6,21.7,0.0065,,
1.4850,426,204.7,21.7,0.0060,,
1.4935,427,205.8,21.7,0.0065,,
1.5020,428,206.7,21.7,0.0070,,
1.5095,429,207.7,21.7,0.0060,,
1.5180,430,208.4,21.7,0.0070,,
1.5265,431,209.3,21.7,0.0065,,
1.5350,432,210.3,21.7,0.0065,,
1.5435,433,211.0,21.7,0.0065,,
1.5510,434,211.8,21.7,0.0060,,
1.5595,435,212.5,21.7,0.0070,,
1.5675,436,213.4,21.7,0.0065,,
1.5760,437,214.1,21.7,0.0065,,
1.5845,438,214.8,21.7,0.0065,,
1.5930,439,215.6,21.7,0.0065,,
1.6005,440,216.0,21.7,0.0060,,
1.6090,441,216.9,21.7,0.0070,,
1.6175,442,217.5,21.7,0.0070,,
1.6260,443,218.0,21.7,0.0065,,
1.6340,444,218.7,21.7,0.0060,,
1.6425,445,219.4,21.7,0.0065,,
1.6500,446,219.9,21.7,0.0060,,
1.6585,447,220.6,21.7,0.0070,,
1.6670,448,221.0,21.7,0.0070,,
1.6755,449,221.6,21.7,0.0065,,
1.6840,450,222.4,21.7,0.0065,,
1.6925,451,222.8,21.7,0.0065,,
1.7000,452,223.2,21.7,0.0060,,
1.7080,453,223.6,21.7,0.0065,,
1.7165,454,224.2,21.7,0.0070,,
1.7250,455,224.8,21.7,0.0065,,
1.7335,456,225.2,21.7,0.0065,,
1.7420,457,225.6,21.7,0.0065,,
1.7495,458,226.0,21.7,0.0060,,
1.7580,459,226.5,21.7,0.0070,,
1.7665,460,227.0,21.7,0.0070,,
1.7745,461,227.4,21.7,0.0060,,
1.7830,462,227.8,21.7,0.0065,,
1.7915,463,228.4,21.7,0.0065,,
1.7990,464,228.7,21.7,0.0060,,
1.8075,465,229.1,21.7,0.0070,,
1.8160,466,229.4,21.7,0.0070,,
1.8245,467,229.8,21.7,0.0065,,
1.8330,468,230.3,21.7,0.0065,,
1.8410,469,230.4,21.7,0.0060,,
1.8490,470,230.9,21.7,0.0065,,
1.8570,471,231.0,21.7,0.0065,,
1.8655,472,231.6,21.7,0.0070,,
1.8740,473,232.0,21.7,0.0065,,
1.8825,474,232.2,21.7,0.0065,,
1.8910,475,232.6,21.7,0.0065,,
1.8985,476,233.0,21.7,0.0060,,
1.9065,477,233.5,21.7,0.0065,,
1.9145,478,233.9,21.7,0.0065,,
1.9195,479,233.9,21.7,0.0040,,
1.9220,480,234.1,21.7,0.0020,,
1.9225,481,234.3,21.7,0.0005,,
1.9235,482,234.3,21.7,0.0010,,
1.9245,483,234.3,21.7,0.0010,,
1.9265,484,234.2,21.7,0.0015,,
1.9295,485,234.4,21.7,0.0025,,
1.9320,486,234.5,21.7,0.0020,,
1.9330,487,234.6,21.7,0.0010,,
1.9335,488,234.7,21.7,0.0005,,
1.9345,489,234.6,21.7,0.0010,,
1.9360,490,234.8,21.7,0.0010,,
1.9375,491,235.0,21.7,0.0015,,
Scope 1/1, Sample 19/32 (T11)
Result,TitrationEP1
V,t,E,T,dV/dt,E acc. stat.,Volume acc. stat.
0.0000,0,-53.8,21.6,NaN,,
0.0010,1,-53.9,21.6,0.0010,,
0.0025,2,-54.0,21.6,0.0015,,
0.0050,3,-53.8,21.6,0.0025,,
0.0085,4,-53.7,21.6,0.0030,,
0.0150,5,-53.2,21.6,0.0060,,
0.0230,6,-52.8,21.6,0.0075,,
0.0315,7,-51.9,21.6,0.0070,,
0.0400,8,-50.8,21.6,0.0075,,
0.0485,9,-49.6,21.6,0.0075,,
0.0560,10,-48.3,21.6,0.0070,,
0.0645,11,-46.9,21.6,0.0075,,
0.0725,12,-45.3,21.6,0.0075,,
0.0810,13,-43.5,21.6,0.0075,,
0.0895,14,-41.8,21.6,0.0075,,
0.0980,15,-39.8,21.6,0.0075,,
0.1055,16,-38.0,21.6,0.0070,,
0.1140,17,-35.7,21.6,0.0075,,
0.1225,18,-33.4,21.6,0.0075,,
0.1305,19,-31.0,21.6,0.0075,,
0.1390,20,-28.4,21.6,0.0075,,
0.1475,21,-26.1,21.6,0.0085,,
0.1550,22,-23.3,21.6,0.0070,,
0.1635,23,-20.3,21.6,0.0075,,
0.1720,24,-17.3,21.6,0.0075,,
0.1805,25,-14.4,21.6,0.0075,,
0.1890,26,-11.6,21.6,0.0075,,
0.1970,27,-9.2,21.6,0.0080,,
0.2050,28,-6.8,21.6,0.0075,,
0.2130,29,-4.4,21.6,0.0075,,
0.2215,30,-2.3,21.6,0.0075,,
0.2300,31,-0.4,21.6,0.0075,,
0.2385,32,1.2,21.6,0.0075,,
0.2470,33,2.8,21.6,0.0075,,
0.2545,34,4.4,21.6,0.0070,,
0.2630,35,5.9,21.6,0.0075,,
0.2715,36,7.3,21.6,0.0075,,
0.2795,37,8.6,21.6,0.0075,,
0.2880,38,9.9,21.6,0.0075,,
0.2955,39,11.1,21.6,0.0070,,
0.3040,40,12.3,21.6,0.0075,,
0.3125,41,13.5,21.6,0.0075,,
0.3210,42,14.7,21.7,0.0075,,
0.3295,43,15.8,21.6,0.0075,,
0.3380,44,17.0,21.7,0.0075,,
0.3455,45,17.9,21.7,0.0070,,
0.3540,46,18.9,21.7,0.0075,,
0.3620,47,19.9,21.7,0.0075,,
0.3705,48,21.0,21.6,0.0075,,
0.3790,49,22.0,21.7,0.0075,,
0.3875,50,23.1,21.7,0.0075,,
0.3950,51,23.9,21.6,0.0070,,
0.4035,52,25.0,21.7,0.0075,,
0.4120,53,25.9,21.7,0.0075,,
0.4205,54,26.8,21.7,0.0075,,
0.4285,55,27.6,21.7,0.0075,,
0.4370,56,28.6,21.7,0.0075,,
0.4445,57,29.5,21.7,0.0070,,
0.4530,58,30.3,21.7,0.0075,,
0.4615,59,31.2,21.7,0.0075,,
0.4700,60,32.1,21.7,0.0075,,
0.4785,61,32.9,21.7,0.0075,,
0.4870,62,33.8,21.7,0.0075,,
0.4945,63,34.7,21.7,0.0070,,
0.5025,64,35.6,21.7,0.0075,,
0.5110,65,36.4,21.7,0.0075,,
0.5195,66,37.2,21.7,0.0075,,
0.5280,67,38.1,21.7,0.0075,,
0.5365,68,39.0,21.7,0.0075,,
0.5440,69,39.7,21.7,0.0070,,
0.5525,70,40.6,21.7,0.0075,,
0.5610,71,41.4,21.7,0.0075,,
0.5690,72,42.3,21.7,0.0075,,
0.5775,73,43.2,21.7,0.0075,,
0.5860,74,43.9,21.7,0.0085,,
0.5935,75,44.8,21.7,0.0070,,
0.6020,76,45.7,21.7,0.0075,,
0.6105,77,46.6,21.7,0.0075,,
0.6190,78,47.4,21.7,0.0075,,
0.6275,79,48.2,21.7,0.0075,,
0.6355,80,49.1,21.7,0.0075,,
0.6430,81,49.8,21.7,0.0070,,
0.6515,82,50.7,21.7,0.0075,,
0.6600,83,51.4,21.7,0.0075,,
0.6685,84,52.3,21.7,0.0075,,
0.6770,85,53.2,21.7,0.0075,,
0.6855,86,53.9,21.7,0.0075,,
0.6930,87,54.7,21.7,0.0070,,
0.7015,88,55.6,21.7,0.0075,,
0.7095,89,56.5,21.7,0.0075,,
0.7180,90,57.3,21.7,0.0075,,
0.7265,91,58.1,21.7,0.0075,,
0.7350,92,59.0,21.7,0.0075,,
0.7425,93,59.8,21.7,0.0070,,
0.7510,94,60.7,21.7,0.0075,,
0.7595,95,61.5,21.7,0.0075,,
0.7675,96,62.4,21.7,0.0075,,
0.7760,97,63.4,21.7,0.0075,,
0.7845,98,64.3,21.7,0.0075,,
0.7920,99,65.1,21.7,0.0070,,
0.8005,100,66.0,21.7,0.0075,,
0.8090,101,66.7,21.7,0.0075,,
0.8175,102,67.5,21.7,0.0075,,
0.8260,103,68.5,21.7,0.0075,,
0.8340,104,69.2,21.7,0.0075,,
0.8420,105,70.1,21.7,0.0075,,
0.8500,106,70.9,21.7,0.0075,,
0.8585,107,71.8,21.7,0.0075,,
0.8670,108,72.8,21.7,0.0075,,
0.8755,109,73.7,21.7,0.0075,,
0.8840,110,74.7,21.7,0.0075,,
0.8915,111,75.6,21.7,0.0070,,
0.9000,112,76.5,21.7,0.0075,,
0.9085,113,77.4,21.7,0.0075,,
0.9165,114,78.4,21.7,0.0075,,
0.9250,115,79.3,21.7,0.0075,,
0.9335,116,80.2,21.7,0.0075,,
0.9410,117,81.0,21.7,0.0070,,
0.9495,118,82.0,21.7,0.0075,,
0.9580,119,83.0,21.7,0.0075,,
0.9665,120,84.1,21.7,0.0075,,
0.9745,121,85.2,21.7,0.0075,,
0.9830,122,86.1,21.7,0.0085,,
0.9905,123,87.0,21.7,0.0070,,
0.9990,124,88.3,21.7,0.0075,,
1.0075,125,89.2,21.7,0.0075,,
1.0160,126,90.1,21.7,0.0075,,
1.0245,127,91.3,21.7,0.0075,,
1.0330,128,92.3,21.7,0.0085,,
1.0405,129,93.4,21.7,0.0070,,
1.0490,130,94.6,21.7,0.0075,,
1.0570,131,95.7,21.7,0.0075,,
1.0655,132,96.9,21.7,0.0075,,
1.0740,133,98.2,21.7,0.0075,,
1.0825,134,99.4,21.7,0.0085,,
1.0900,135,100.8,21.7,0.0070,,
1.0985,136,102.0,21.7,0.0075,,
1.1070,137,103.4,21.7,0.0075,,
1.1155,138,104.9,21.7,0.0075,,
1.1235,139,106.4,21.7,0.0075,,
1.1320,140,107.8,21.7,0.0085,,
1.1395,141,109.4,21.7,0.0070,,
1.1480,142,110.8,21.7,0.0075,,
1.1565,143,112.3,21.7,0.0075,,
1.1650,144,113.9,21.7,0.0075,,
1.1735,145,115.5,21.7,0.0075,,
1.1815,146,117.0,21.7,0.0075,,
1.1895,147,118.9,21.7,0.0075,,
1.1975,148,121.0,21.7,0.0075,,
1.2060,149,123.3,21.7,0.0075,,
1.2145,150,125.8,21.7,0.0075,,
1.2230,151,128.0,21.7,0.0075,,
1.2315,152,130.2,21.7,0.0085,,
1.2390,153,132.9,21.7,0.0070,,
1.2475,154,135.6,21.7,0.0075,,
1.2560,155,138.5,21.7,0.0075,,
1.2640,156,141.4,21.7,0.0075,,
1.2725,157,145.0,21.7,0.0075,,
1.2810,158,148.0,21.7,0.0075,,
1.2885,159,151.6,21.7,0.0070,,
1.2970,160,155.1,21.7,0.0075,,
1.3055,161,158.6,21.7,0.0075,,
1.3140,162,162.2,21.7,0.0075,,
1.3225,163,165.7,21.7,0.0075,,
1.3300,164,168.9,21.7,0.0070,,
1.3385,165,172.0,21.7,0.0075,,
1.3465,166,174.9,21.7,0.0075,,
1.3550,167,177.5,21.7,0.0075,,
1.3635,168,180.1,21.7,0.0075,,
1.3720,169,182.6,21.7,0.0075,,
1.3795,170,184.7,21.7,0.0070,,
1.3840,171,185.1,21.7,0.0075,,
1.3840,411,188.5,21.7,0.0000,,
1.3845,412,188.5,21.7,0.0010,,
1.3860,413,188.4,21.7,0.0025,,
1.3885,414,188.7,21.7,0.0035,,
1.3925,415,189.3,21.7,0.0055,,
1.3985,416,190.2,21.7,0.0085,,
1.4065,417,191.6,21.7,0.0115,,
1.4145,418,193.0,21.7,0.0135,,
1.4225,419,194.5,21.7,0.0135,,
1.4310,420,196.0,21.7,0.0140,,
1.4395,421,197.4,21.7,0.0120,,
1.4480,422,198.8,21.7,0.0120,,
1.4565,423,200.1,21.7,0.0120,,
1.4640,424,201.1,21.7,0.0125,,
1.4725,425,202.3,21.7,0.0140,,
1.4805,426,203.5,21.7,0.0135,,
1.4890,427,204.5,21.7,0.0120,,
1.4975,428,205.5,21.7,0.0120,,
1.5060,429,206.7,21.7,0.0120,,
1.5135,430,207.5,21.7,0.0125,,
1.5220,431,208.4,21.7,0.0140,,
1.5305,432,209.3,21.7,0.0140,,
1.5390,433,210.1,21.7,0.0120,,
1.5470,434,211.0,21.7,0.0115,,
1.5555,435,211.9,21.7,0.0120,,
1.5630,436,212.6,21.7,0.0125,,
1.5715,437,213.4,21.7,0.0140,,
1.5800,438,213.9,21.7,0.0140,,
1.5885,439,214.7,21.7,0.0120,,
1.5970,440,215.3,21.7,0.0120,,
1.6055,441,216.0,21.7,0.0140,,
1.6130,442,216.5,21.7,0.0125,,
1.6215,443,217.3,21.7,0.0140,,
1.6295,444,217.9,21.7,0.0135,,
1.6380,445,218.5,21.7,0.0120,,
1.6465,446,219.1,21.7,0.0120,,
1.6550,447,219.8,21.7,0.0120,,
1.6625,448,220.3,21.7,0.0125,,
1.6710,449,220.9,21.7,0.0140,,
1.6795,450,221.4,21.7,0.0120,,
1.6875,451,221.9,21.7,0.0115,,
1.6960,452,222.6,21.7,0.0120,,
1.7045,453,223.1,21.7,0.0120,,
1.7120,454,223.4,21.7,0.0125,,
1.7205,455,223.9,21.7,0.0140,,
1.7290,456,224.3,21.7,0.0120,,
1.7375,457,224.9,21.7,0.0120,,
1.7460,458,225.4,21.7,0.0120,,
1.7540,459,225.8,21.7,0.0115,,
1.7620,460,226.2,21.7,0.0135,,
1.7700,461,226.7,21.7,0.0135,,
1.7785,462,227.2,21.7,0.0120,,
1.7870,463,227.6,21.7,0.0120,,
1.7955,464,228.1,21.7,0.0120,,
1.8040,465,228.4,21.7,0.0140,,
1.8115,466,228.8,21.8,0.0125,,
1.8200,467,229.2,21.8,0.0140,,
1.8280,468,229.7,21.7,0.0135,,
1.8365,469,230.0,21.8,0.0120,,
1.8450,470,230.4,21.7,0.0120,,
1.8535,471,230.8,21.8,0.0120,,
1.8610,472,231.2,21.7,0.0125,,
1.8695,473,231.6,21.7,0.0140,,
1.8780,474,231.9,21.8,0.0140,,
1.8865,475,232.2,21.7,0.0120,,
1.8945,476,232.8,21.7,0.0115,,
1.9025,477,233.0,21.8,0.0115,,
1.9100,478,233.3,21.7,0.0125,,
1.9185,479,233.5,21.8,0.0140,,
1.9255,480,233.9,21.8,0.0115,,
1.9305,481,234.1,21.8,0.0070,,
1.9340,482,234.2,21.8,0.0050,,
1.9355,483,234.4,21.8,0.0020,,
1.9375,484,234.5,21.8,0.0035,,
1.9380,485,234.7,21.8,0.0010,,
1.9390,486,234.7,21.8,0.0015,,
1.9405,487,234.7,21.8,0.0020,,
1.9425,488,234.8,21.8,0.0030,,
1.9440,489,234.9,21.8,0.0020,,
1.9470,490,235.0,21.8,0.0035,,
Scope 1/1, Sample 20/32 (T12)
Result,TitrationEP1
V,t,E,T,dV/dt,E acc. stat.,Volume acc. stat.
0.0000,0,-52.5,21.6,NaN,,
0.0010,1,-52.3,21.6,0.0010,,
0.0025,2,-52.5,21.6,0.0015,,
0.0050,3,-52.5,21.6,0.0025,,
0.0090,4,-52.4,21.6,0.0035,,
0.0150,5,-52.0,21.6,0.0055,,
0.0235,6,-51.7,21.6,0.0075,,
0.0320,7,-51.2,21.6,0.0075,,
0.0405,8,-50.1,21.6,0.0075,,
0.0490,9,-49.2,21.6,0.0085,,
0.0565,10,-47.7,21.6,0.0070,,
0.0650,11,-46.4,21.6,0.0075,,
0.0730,12,-45.0,21.6,0.0075,,
0.0815,13,-43.2,21.6,0.0075,,
0.0900,14,-41.4,21.6,0.0075,,
0.0985,15,-39.7,21.6,0.0075,,
0.1060,16,-38.0,21.7,0.0070,,
0.1145,17,-35.9,21.7,0.0075,,
0.1230,18,-33.6,21.7,0.0075,,
0.1315,19,-31.3,21.7,0.0075,,
0.1395,20,-28.9,21.7,0.0075,,
0.1475,21,-26.4,21.7,0.0080,,
0.1555,22,-23.8,21.7,0.0075,,
0.1640,23,-21.0,21.7,0.0075,,
0.1725,24,-18.4,21.7,0.0075,,
0.1810,25,-15.9,21.7,0.0075,,
0.1895,26,-13.2,21.7,0.0075,,
0.1970,27,-11.2,21.7,0.0070,,
0.2055,28,-8.9,21.7,0.0075,,
0.2140,29,-7.0,21.7,0.0075,,
0.2220,30,-5.2,21.7,0.0075,,
0.2305,31,-3.2,21.7,0.0075,,
0.2390,32,-1.6,21.7,0.0075,,
0.2465,33,-0.3,21.7,0.0070,,
0.2550,34,1.0,21.7,0.0075,,
0.2635,35,2.5,21.7,0.0075,,
0.2720,36,4.1,21.7,0.0075,,
0.2805,37,5.3,21.7,0.0075,,
0.2885,38,6.5,21.7,0.0075,,
0.2960,39,7.5,21.7,0.0070,,
0.3045,40,8.6,21.7,0.0075,,
0.3130,41,9.8,21.7,0.0075,,
0.3215,42,10.9,21.7,0.0075,,
0.3300,43,11.9,21.7,0.0075,,
0.3385,44,13.2,21.7,0.0075,,
0.3460,45,14.0,21.7,0.0070,,
0.3545,46,15.1,21.7,0.0075,,
0.3625,47,16.0,21.7,0.0075,,
0.3710,48,17.0,21.7,0.0075,,
0.3795,49,18.0,21.7,0.0075,,
0.3880,50,19.1,21.7,0.0075,,
0.3955,51,19.9,21.7,0.0070,,
0.4040,52,20.8,21.7,0.0075,,
0.4125,53,21.7,21.7,0.0075,,
0.4210,54,22.8,21.7,0.0075,,
0.4290,55,23.6,21.7,0.0075,,
0.4375,56,24.5,21.7,0.0075,,
0.4450,57,25.3,21.7,0.0070,,
0.4535,58,26.2,21.7,0.0075,,
0.4620,59,27.2,21.7,0.0075,,
0.4705,60,27.9,21.7,0.0075,,
0.4790,61,28.8,21.7,0.0075,,
0.4870,62,29.8,21.7,0.0075,,
0.4950,63,30.5,21.7,0.0075,,
0.5030,64,31.4,21.7,0.0075,,
0.5115,65,32.3,21.7,0.0075,,
0.5200,66,33.1,21.7,0.0075,,
0.5285,67,34.1,21.7,0.0075,,
0.5370,68,34.7,21.7,0.0075,,
0.5445,69,35.6,21.7,0.0070,,
0.5530,70,36.4,21.7,0.0075,,
0.5615,71,37.2,21.7,0.0075,,
0.5695,72,38.3,21.7,0.0075,,
0.5780,73,39.1,21.7,0.0075,,
0.5865,74,39.8,21.7,0.0075,,
0.5940,75,40.6,21.7,0.0070,,
0.6025,76,41.6,21.7,0.0075,,
0.6110,77,42.5,21.7,0.0075,,
0.6195,78,43.2,21.7,0.0075,,
0.6280,79,44.0,21.7,0.0075,,
0.6360,80,44.8,21.7,0.0080,,
0.6435,81,45.8,21.7,0.0070,,
0.6520,82,46.7,21.7,0.0075,,
0.6605,83,47.5,21.7,0.0075,,
0.6690,84,48.4,21.7,0.0075,,
0.6775,85,49.5,21.7,0.0075,,
0.6860,86,50.2,21.7,0.0075,,
0.6935,87,51.0,21.7,0.0070,,
0.7020,88,51.8,21.7,0.0075,,
0.7100,89,52.8,21.7,0.0075,,
0.7185,90,53.8,21.7,0.0075,,
0.7270,91,54.5,21.7,0.0075,,
0.7355,92,55.5,21.7,0.0085,,
0.7430,93,56.3,21.7,0.0070,,
0.7515,94,57.4,21.7,0.0075,,
0.7600,95,58.4,21.7,0.0075,,
0.7685,96,59.1,21.7,0.0075,,
0.7765,97,60.1,21.7,0.0075,,
0.7850,98,60.7,21.7,0.0085,,
0.7925,99,61.8,21.7,0.0070,,
0.8010,100,62.9,21.7,0.0075,,
0.8095,101,63.6,21.7,0.0075,,
0.8180,102,64.5,21.7,0.0075,,
0.8265,103,65.6,21.7,0.0075,,
0.8345,104,66.4,21.7,0.0075,,
0.8425,105,67.3,21.7,0.0075,,
0.8505,106,68.0,21.7,0.0075,,
0.8590,107,69.0,21.7,0.0075,,
0.8675,108,70.1,21.7,0.0075,,
0.8760,109,71.0,21.7,0.0075,,
0.8845,110,71.8,21.7,0.0075,,
0.8920,111,72.7,21.7,0.0070,,
0.9005,112,73.8,21.7,0.0075,,
0.9090,113,74.9,21.7,0.0075,,
0.9170,114,75.7,21.7,0.0075,,
0.9255,115,76.7,21.7,0.0075,,
0.9340,116,77.8,21.7,0.0075,,
0.9415,117,78.6,21.7,0.0070,,
0.9500,118,79.6,21.7,0.0075,,
0.9585,119,80.5,21.7,0.0075,,
0.9670,120,81.7,21.7,0.0075,,
0.9755,121,82.9,21.7,0.0075,,
0.9835,122,83.8,21.7,0.0080,,
0.9910,123,84.9,21.7,0.0070,,
0.9995,124,85.8,21.7,0.0075,,
1.0080,125,87.0,21.7,0.0075,,
1.0165,126,88.2,21.7,0.0075,,
1.0250,127,89.3,21.7,0.0075,,
1.0335,128,90.3,21.7,0.0075,,
1.0410,129,91.5,21.7,0.0070,,
1.0495,130,92.7,21.7,0.0075,,
1.0575,131,94.0,21.7,0.0075,,
1.0660,132,95.3,21.7,0.0075,,
1.0745,133,96.5,21.7,0.0075,,
1.0830,134,97.9,21.7,0.0075,,
1.0905,135,99.2,21.7,0.0070,,
1.0990,136,100.8,21.7,0.0075,,
1.1075,137,102.2,21.7,0.0075,,
1.1155,138,103.6,21.7,0.0075,,
1.1240,139,105.3,21.7,0.0075,,
1.1325,140,106.8,21.7,0.0075,,
1.1400,141,108.3,21.7,0.0070,,
1.1485,142,109.9,21.7,0.0075,,
1.1570,143,111.6,21.7,0.0075,,
1.1655,144,113.8,21.7,0.0075,,
1.1735,145,115.6,21.7,0.0075,,
1.1820,146,117.6,21.7,0.0075,,
1.1895,147,119.6,21.7,0.0070,,
1.1980,148,121.9,21.7,0.0075,,
1.2065,149,124.4,21.7,0.0075,,
1.2150,150,126.9,21.7,0.0075,,
1.2235,151,130.0,21.7,0.0075,,
1.2320,152,133.1,21.7,0.0075,,
1.2395,153,135.9,21.7,0.0070,,
1.2480,154,139.3,21.7,0.0075,,
1.2560,155,142.6,21.7,0.0075,,
1.2645,156,146.2,21.7,0.0075,,
1.2730,157,149.9,21.7,0.0075,,
1.2815,158,154.0,21.7,0.0075,,
1.2890,159,157.5,21.7,0.0070,,
1.2975,160,161.2,21.7,0.0075,,
1.3060,161,164.8,21.7,0.0075,,
1.3145,162,168.5,21.7,0.0075,,
1.3225,163,171.9,21.7,0.0075,,
1.3310,164,174.7,21.7,0.0075,,
1.3385,165,177.3,21.7,0.0070,,
1.3470,166,179.8,21.7,0.0075,,
1.3555,167,182.5,21.7,0.0075,,
1.3640,168,184.7,21.7,0.0075,,
1.3675,168,185.2,21.7,0.0070,,
1.3675,409,189.3,21.7,0.0000,,
1.3680,410,189.3,21.8,0.0010,,
1.3695,411,189.3,21.8,0.0025,,
1.3720,412,189.3,21.7,0.0040,,
1.3760,413,189.7,21.8,0.0055,,
1.3825,414,190.7,21.7,0.0095,,
1.3910,415,191.9,21.7,0.0120,,
1.3985,416,193.2,21.8,0.0125,,
1.4070,417,194.6,21.8,0.0140,,
1.4150,418,196.1,21.8,0.0135,,
1.4235,419,197.6,21.8,0.0120,,
1.4320,420,198.9,21.8,0.0120,,
1.4405,421,200.0,21.8,0.0120,,
1.4480,422,201.2,21.8,0.0125,,
1.4565,423,202.4,21.8,0.0140,,
1.4650,424,203.6,21.8,0.0140,,
1.4735,425,204.7,21.8,0.0120,,
1.4815,426,205.7,21.8,0.0115,,
1.4900,427,206.7,21.8,0.0120,,
1.4975,428,207.5,21.8,0.0125,,
1.5060,429,208.5,21.8,0.0140,,
1.5145,430,209.5,21.8,0.0140,,
1.5230,431,210.4,21.8,0.0120,,
1.5315,432,211.4,21.8,0.0120,,
1.5400,433,212.0,21.7,0.0120,,
1.5475,434,212.8,21.8,0.0125,,
1.5555,435,213.4,21.8,0.0135,,
1.5640,436,214.2,21.8,0.0140,,
1.5725,437,215.0,21.8,0.0120,,
1.5810,438,215.6,21.8,0.0120,,
1.5895,439,216.3,21.8,0.0120,,
1.5970,440,216.9,21.8,0.0125,,
1.6055,441,217.5,21.8,0.0140,,
1.6140,442,218.4,21.8,0.0140,,
1.6220,443,218.9,21.8,0.0115,,
1.6305,444,219.4,21.8,0.0120,,
1.6390,445,220.1,21.8,0.0120,,
1.6465,446,220.6,21.8,0.0125,,
1.6550,447,221.2,21.8,0.0140,,
1.6635,448,221.7,21.8,0.0140,,
1.6720,449,222.2,21.8,0.0120,,
1.6805,450,222.8,21.8,0.0120,,
1.6885,451,223.3,21.8,0.0115,,
1.6965,452,223.7,21.8,0.0135,,
1.7045,453,224.2,21.8,0.0135,,
1.7130,454,224.7,21.8,0.0120,,
1.7215,455,225.3,21.8,0.0120,,
1.7300,456,225.6,21.8,0.0120,,
1.7385,457,226.1,21.8,0.0140,,
1.7460,458,226.4,21.8,0.0125,,
1.7545,459,227.0,21.8,0.0140,,
1.7630,460,227.5,21.8,0.0120,,
1.7710,461,227.8,21.8,0.0115,,
1.7795,462,228.2,21.8,0.0120,,
1.7880,463,228.7,21.8,0.0120,,
1.7955,464,229.1,21.8,0.0125,,
1.8040,465,229.6,21.8,0.0140,,
1.8125,466,229.9,21.8,0.0140,,
1.8210,467,230.2,21.8,0.0120,,
1.8290,468,230.7,21.8,0.0115,,
1.8375,469,231.1,21.8,0.0120,,
1.8450,470,231.5,21.8,0.0125,,
1.8535,471,231.8,21.8,0.0140,,
1.8620,472,232.1,21.8,0.0140,,
1.8705,473,232.6,21.8,0.0120,,
1.8790,474,232.9,21.8,0.0120,,
1.8875,475,233.1,21.8,0.0120,,
1.8950,476,233.5,21.8,0.0125,,
1.9015,477,233.7,21.8,0.0110,,
1.9060,478,234.0,21.8,0.0075,,
1.9080,479,234.2,21.8,0.0030,,
1.9085,480,234.2,21.8,0.0005,,
1.9095,481,234.3,21.8,0.0015,,
1.9110,482,234.3,21.8,0.0025,,
1.9130,483,234.5,21.8,0.0035,,
1.9160,484,234.5,21.8,0.0050,,
1.9180,485,234.6,21.8,0.0030,,
1.9200,486,234.8,21.8,0.0030,,
1.9210,487,234.8,21.8,0.0015,,
1.9215,488,234.8,21.8,0.0010,,
1.9220,488,235.0,21.8,0.0015,,
Scope 1/1, Sample 21/32 (T13)
Result,TitrationEP1
V,t,E,T,dV/dt,E acc. stat.,Volume acc. stat.
0.0000,0,-44.5,21.7,NaN,,
0.0005,1,-44.3,21.7,0.0005,,
0.0025,2,-44.4,21.7,0.0020,,
0.0050,3,-44.5,21.7,0.0025,,
0.0090,4,-44.5,21.7,0.0035,,
0.0150,5,-44.2,21.7,0.0055,,
0.0235,6,-43.7,21.7,0.0085,,
0.0310,7,-42.8,21.7,0.0075,,
0.0395,8,-41.7,21.7,0.0085,,
0.0480,9,-40.2,21.7,0.0075,,
0.0565,10,-38.7,21.7,0.0075,,
0.0650,11,-36.9,21.7,0.0075,,
0.0730,12,-35.1,21.7,0.0080,,
0.0810,13,-33.0,21.7,0.0080,,
0.0895,14,-30.7,21.7,0.0085,,
0.0975,15,-28.4,21.7,0.0075,,
0.1060,16,-25.7,21.7,0.0075,,
0.1145,17,-23.1,21.7,0.0075,,
0.1230,18,-20.6,21.7,0.0085,,
0.1305,19,-17.8,21.7,0.0075,,
0.1390,20,-15.1,21.7,0.0085,,
0.1475,21,-12.3,21.7,0.0075,,
0.1555,22,-9.7,21.7,0.0075,,
0.1640,23,-7.6,21.7,0.0075,,
0.1725,24,-5.5,21.7,0.0085,,
0.1800,25,-3.5,21.7,0.0075,,
0.1885,26,-1.7,21.7,0.0085,,
0.1970,27,0.1,21.7,0.0075,,
0.2055,28,1.4,21.7,0.0075,,
0.2140,29,2.9,21.7,0.0075,,
0.2220,30,4.3,21.7,0.0080,,
0.2295,31,5.7,21.7,0.0075,,
0.2380,32,7.2,21.7,0.0085,,
0.2465,33,8.4,21.7,0.0085,,
0.2550,34,9.6,21.7,0.0075,,
0.2635,35,10.8,21.7,0.0075,,
0.2715,36,11.9,21.7,0.0075,,
0.2795,37,12.9,21.7,0.0080,,
0.2875,38,14.0,21.7,0.0080,,
0.2960,39,15.0,21.7,0.0075,,
0.3045,40,16.2,21.7,0.0075,,
0.3130,41,17.2,21.7,0.0075,,
0.3215,42,18.1,21.7,0.0075,,
0.3290,43,19.0,21.7,0.0075,,
0.3375,44,20.1,21.7,0.0085,,
0.3460,45,21.1,21.7,0.0075,,
0.3540,46,21.9,21.7,0.0075,,
0.3625,47,22.9,21.7,0.0075,,
0.3710,48,23.9,21.7,0.0075,,
0.3785,49,24.7,21.7,0.0075,,
0.3870,50,25.7,21.7,0.0085,,
0.3955,51,26.5,21.7,0.0085,,
0.4040,52,27.3,21.7,0.0075,,
0.4120,53,28.3,21.7,0.0075,,
0.4205,54,29.3,21.7,0.0075,,
0.4280,55,30.1,21.7,0.0075,,
0.4365,56,30.9,21.7,0.0085,,
0.4450,57,31.7,21.7,0.0085,,
0.4535,58,32.8,21.7,0.0075,,
0.4620,59,33.7,21.7,0.0075,,
0.4705,60,34.4,21.7,0.0075,,
0.4780,61,35.2,21.7,0.0075,,
0.4865,62,36.1,21.7,0.0085,,
0.4950,63,37.0,21.7,0.0075,,
0.5030,64,37.8,21.7,0.0075,,
0.5115,65,38.6,21.7,0.0075,,
0.5200,66,39.5,21.7,0.0085,,
0.5275,67,40.3,21.7,0.0075,,
0.5360,68,41.2,21.7,0.0085,,
0.5445,69,42.0,21.7,0.0075,,
0.5530,70,42.9,21.7,0.0075,,
0.5610,71,43.9,21.7,0.0075,,
0.5695,72,44.5,21.7,0.0085,,
0.5770,73,45.5,21.7,0.0075,,
0.5855,74,46.3,21.7,0.0085,,
0.5940,75,47.1,21.7,0.0075,,
0.6025,76,48.0,21.7,0.0075,,
0.6110,77,48.9,21.7,0.0075,,
0.6195,78,49.7,21.7,0.0075,,
0.6270,79,50.5,21.7,0.0075,,
0.6350,80,51.5,21.7,0.0080,,
0.6435,81,52.4,21.7,0.0075,,
0.6520,82,53.2,21.7,0.0075,,
0.6605,83,54.0,21.7,0.0075,,
0.6690,84,54.9,21.7,0.0075,,
0.6765,85,55.6,21.7,0.0075,,
0.6850,86,56.5,21.7,0.0085,,
0.6935,87,57.3,21.7,0.0085,,
0.7015,88,58.2,21.7,0.0075,,
0.7100,89,59.1,21.7,0.0075,,
0.7185,90,60.1,21.7,0.0075,,
0.7260,91,60.9,21.7,0.0075,,
0.7345,92,61.7,21.7,0.0085,,
0.7430,93,62.6,21.7,0.0085,,
0.7515,94,63.6,21.7,0.0075,,
0.7595,95,64.6,21.7,0.0075,,
0.7680,96,65.4,21.7,0.0075,,
0.7755,97,66.3,21.7,0.0070,,
0.7840,98,67.2,21.7,0.0085,,
0.7925,99,68.1,21.7,0.0085,,
0.8010,100,69.0,21.7,0.0075,,
0.8095,101,69.9,21.7,0.0075,,
0.8175,102,70.9,21.7,0.0075,,
0.8255,103,71.7,21.7,0.0080,,
0.8335,104,72.7,21.7,0.0080,,
0.8420,105,73.7,21.7,0.0085,,
0.8505,106,74.5,21.7,0.0075,,
0.8590,107,75.5,21.7,0.0075,,
0.8675,108,76.5,21.7,0.0075,,
0.8750,109,77.4,21.7,0.0075,,
0.8835,110,78.5,21.7,0.0085,,
0.8920,111,79.3,21.7,0.0085,,
0.9000,112,80.3,21.7,0.0075,,
0.9085,113,81.3,21.7,0.0075,,
0.9170,114,82.3,21.7,0.0075,,
0.9245,115,83.2,21.7,0.0075,,
0.9330,116,84.2,21.7,0.0085,,
0.9415,117,85.4,21.7,0.0085,,
0.9500,118,86.4,21.7,0.0075,,
0.9580,119,87.4,21.7,0.0075,,
0.9665,120,88.4,21.7,0.0075,,
0.9750,121,89.3,21.7,0.0085,,
0.9825,122,90.4,21.7,0.0075,,
0.9910,123,91.6,21.7,0.0085,,
0.9995,124,92.8,21.7,0.0075,,
1.0080,125,94.1,21.7,0.0075,,
1.0165,126,95.5,21.7,0.0075,,
1.0240,127,96.5,21.7,0.0075,,
1.0325,128,97.8,21.7,0.0085,,
1.0405,129,99.1,21.7,0.0080,,
1.0490,130,100.4,21.7,0.0075,,
1.0575,131,101.8,21.7,0.0075,,
1.0660,132,103.2,21.7,0.0075,,
1.0735,133,104.5,21.7,0.0075,,
1.0820,134,106.0,21.7,0.0085,,
1.0905,135,107.7,21.7,0.0085,,
1.0990,136,109.4,21.7,0.0075,,
1.1070,137,111.1,21.7,0.0075,,
1.1155,138,112.8,21.7,0.0075,,
1.1230,139,114.6,21.7,0.0075,,
1.1315,140,116.6,21.7,0.0085,,
1.1400,141,118.7,21.7,0.0085,,
1.1485,142,120.8,21.7,0.0075,,
1.1570,143,123.0,21.7,0.0075,,
1.1650,144,125.5,21.7,0.0075,,
1.1735,145,127.6,21.7,0.0085,,
1.1810,146,130.1,21.7,0.0075,,
1.1895,147,132.8,21.7,0.0085,,
1.1980,148,136.0,21.7,0.0075,,
1.2065,149,139.1,21.7,0.0075,,
1.2150,150,142.5,21.7,0.0075,,
1.2230,151,145.8,21.7,0.0080,,
1.2310,152,149.6,21.7,0.0080,,
1.2390,153,153.5,21.7,0.0080,,
1.2475,154,157.2,21.7,0.0075,,
1.2560,155,160.7,21.7,0.0075,,
1.2645,156,164.4,21.7,0.0075,,
1.2730,157,167.9,21.7,0.0075,,
1.2805,158,170.6,21.7,0.0075,,
1.2890,159,173.8,21.7,0.0085,,
1.2970,160,176.7,21.7,0.0080,,
1.3055,161,179.3,21.7,0.0075,,
1.3140,162,181.7,21.7,0.0075,,
1.3225,163,184.2,21.7,0.0075,,
1.3275,164,185.0,21.7,0.0070,,
1.3275,404,189.0,21.7,0.0000,,
1.3280,405,189.0,21.7,0.0005,,
1.3295,406,189.1,21.7,0.0020,,
1.3320,407,189.1,21.7,0.0030,,
1.3360,408,189.6,21.7,0.0045,,
1.3425,409,190.4,21.7,0.0070,,
1.3505,410,191.6,21.7,0.0090,,
1.3585,411,193.1,21.7,0.0100,,
1.3665,412,194.5,21.7,0.0100,,
1.3750,413,196.1,21.7,0.0105,,
1.3835,414,197.5,21.7,0.0095,,
1.3920,415,198.9,21.7,0.0095,,
1.4005,416,200.1,21.7,0.0095,,
1.4080,417,201.2,21.7,0.0095,,
1.4165,418,202.3,21.7,0.0105,,
1.4250,419,203.5,21.7,0.0095,,
1.4330,420,204.5,21.8,0.0090,,
1.4415,421,205.7,21.7,0.0095,,
1.4500,422,206.8,21.7,0.0095,,
1.4575,423,207.6,21.7,0.0095,,
1.4660,424,208.6,21.8,0.0105,,
1.4745,425,209.4,21.8,0.0105,,
1.4830,426,210.2,21.8,0.0095,,
1.4910,427,211.1,21.8,0.0090,,
1.4995,428,212.0,21.7,0.0095,,
1.5070,429,212.6,21.8,0.0095,,
1.5155,430,213.4,21.8,0.0105,,
1.5240,431,214.1,21.8,0.0105,,
1.5325,432,214.8,21.8,0.0095,,
1.5410,433,215.4,21.8,0.0095,,
1.5495,434,216.0,21.8,0.0095,,
1.5570,435,216.7,21.8,0.0095,,
1.5655,436,217.4,21.8,0.0105,,
1.5735,437,218.0,21.8,0.0100,,
1.5820,438,218.5,21.8,0.0095,,
1.5905,439,219.1,21.8,0.0095,,
1.5990,440,219.8,21.8,0.0095,,
1.6070,441,220.4,21.8,0.0100,,
1.6150,442,221.0,21.8,0.0100,,
1.6230,443,221.7,21.8,0.0100,,
1.6315,444,222.2,21.8,0.0095,,
1.6400,445,222.7,21.8,0.0095,,
1.6485,446,223.2,21.8,0.0095,,
1.6570,447,223.7,21.8,0.0105,,
1.6645,448,224.2,21.8,0.0095,,
1.6730,449,224.6,21.8,0.0105,,
1.6810,450,225.1,21.8,0.0090,,
1.6895,451,225.6,21.8,0.0095,,
1.6980,452,226.1,21.8,0.0095,,
1.7065,453,226.5,21.8,0.0105,,
1.7140,454,226.8,21.8,0.0095,,
1.7225,455,227.3,21.8,0.0105,,
1.7310,456,227.7,21.8,0.0105,,
1.7395,457,228.0,21.8,0.0095,,
1.7475,458,228.4,21.8,0.0090,,
1.7560,459,228.9,21.8,0.0095,,
1.7635,460,229.3,21.8,0.0095,,
1.7720,461,229.7,21.8,0.0105,,
1.7805,462,230.0,21.8,0.0095,,
1.7890,463,230.4,21.8,0.0095,,
1.7975,464,230.9,21.8,0.0095,,
1.8060,465,231.2,21.8,0.0095,,
1.8135,466,231.7,21.8,0.0095,,
1.8220,467,231.9,21.8,0.0105,,
1.8300,468,232.3,21.8,0.0100,,
1.8385,469,232.6,21.8,0.0095,,
1.8470,470,232.9,21.8,0.0095,,
1.8555,471,233.2,21.8,0.0095,,
1.8630,472,233.6,21.8,0.0095,,
1.8705,473,233.9,21.8,0.0095,,
1.8750,474,234.2,21.8,0.0050,,
1.8755,475,234.3,21.8,0.0005,,
1.8765,476,234.4,21.8,0.0010,,
1.8775,477,234.4,21.8,0.0010,,
1.8785,478,234.5,21.8,0.0010,,
1.8805,479,234.6,21.8,0.0025,,
1.8830,480,234.7,21.8,0.0030,,
1.8870,481,234.9,21.8,0.0045,,
1.8920,482,235.1,21.8,0.0040,,
Scope 1/1, Sample 22/32 (T14)
Result,TitrationEP1
V,t,E,T,dV/dt,E acc. stat.,Volume acc. stat.
0.0000,0,-54.0,21.6,NaN,,
0.0010,1,-54.0,21.6,0.0010,,
0.0025,2,-54.0,21.6,0.0015,,
0.0050,3,-54.1,21.6,0.0025,,
0.0090,4,-54.0,21.6,0.0035,,
0.0150,5,-53.7,21.6,0.0055,,
0.0235,6,-53.4,21.6,0.0075,,
0.0320,7,-52.9,21.6,0.0075,,
0.0395,8,-52.3,21.6,0.0075,,
0.0480,9,-51.2,21.6,0.0075,,
0.0565,10,-49.8,21.6,0.0075,,
0.0650,11,-48.4,21.6,0.0075,,
0.0730,12,-47.1,21.6,0.0075,,
0.0815,13,-45.5,21.7,0.0075,,
0.0890,14,-44.1,21.6,0.0075,,
0.0975,15,-42.1,21.7,0.0085,,
0.1060,16,-40.3,21.6,0.0075,,
0.1145,17,-38.5,21.7,0.0075,,
0.1230,18,-36.2,21.6,0.0075,,
0.1310,19,-34.0,21.7,0.0075,,
0.1390,20,-32.0,21.7,0.0080,,
0.1470,21,-29.7,21.7,0.0080,,
0.1555,22,-27.2,21.7,0.0075,,
0.1640,23,-24.4,21.7,0.0075,,
0.1725,24,-21.7,21.7,0.0075,,
0.1810,25,-19.0,21.7,0.0075,,
0.1885,26,-16.6,21.7,0.0075,,
0.1970,27,-14.0,21.7,0.0085,,
0.2055,28,-11.5,21.7,0.0075,,
0.2135,29,-9.3,21.7,0.0075,,
0.2220,30,-7.4,21.7,0.0075,,
0.2305,31,-5.5,21.7,0.0075,,
0.2380,32,-3.8,21.7,0.0075,,
0.2465,33,-2.0,21.7,0.0075,,
0.2550,34,-0.7,21.7,0.0075,,
0.2635,35,0.6,21.7,0.0075,,
0.2720,36,2.2,21.7,0.0075,,
0.2800,37,3.7,21.7,0.0075,,
0.2880,38,4.9,21.7,0.0080,,
0.2960,39,6.1,21.7,0.0075,,
0.3045,40,7.2,21.7,0.0075,,
0.3130,41,8.5,21.7,0.0075,,
0.3215,42,9.5,21.7,0.0075,,
0.3300,43,10.6,21.7,0.0075,,
0.3375,44,11.6,21.7,0.0075,,
0.3460,45,12.6,21.7,0.0085,,
0.3540,46,13.8,21.7,0.0075,,
0.3625,47,14.9,21.7,0.0075,,
0.3710,48,15.8,21.7,0.0075,,
0.3795,49,16.7,21.7,0.0075,,
0.3870,50,17.5,21.7,0.0075,,
0.3955,51,18.6,21.7,0.0085,,
0.4040,52,19.7,21.7,0.0075,,
0.4125,53,20.5,21.7,0.0075,,
0.4205,54,21.4,21.7,0.0075,,
0.4290,55,22.4,21.7,0.0075,,
0.4365,56,23.2,21.7,0.0075,,
0.4450,57,24.0,21.7,0.0075,,
0.4535,58,24.8,21.7,0.0075,,
0.4620,59,25.8,21.7,0.0075,,
0.4705,60,26.7,21.7,0.0075,,
0.4790,61,27.4,21.7,0.0075,,
0.4865,62,28.3,21.7,0.0075,,
0.4950,63,29.2,21.7,0.0075,,
0.5030,64,30.4,21.7,0.0075,,
0.5115,65,31.1,21.7,0.0075,,
0.5200,66,31.9,21.7,0.0075,,
0.5285,67,32.8,21.7,0.0085,,
0.5360,68,33.7,21.7,0.0075,,
0.5445,69,34.7,21.7,0.0075,,
0.5530,70,35.4,21.7,0.0075,,
0.5615,71,36.3,21.7,0.0075,,
0.5695,72,37.3,21.7,0.0075,,
0.5780,73,38.0,21.7,0.0085,,
0.5855,74,39.0,21.7,0.0075,,
0.5940,75,39.8,21.7,0.0075,,
0.6025,76,40.7,21.7,0.0075,,
0.6110,77,41.7,21.7,0.0075,,
0.6195,78,42.5,21.7,0.0075,,
0.6275,79,43.4,21.7,0.0080,,
0.6355,80,44.1,21.7,0.0080,,
0.6435,81,45.1,21.7,0.0075,,
0.6520,82,46.0,21.7,0.0075,,
0.6605,83,46.8,21.7,0.0075,,
0.6690,84,47.7,21.7,0.0075,,
0.6775,85,48.4,21.7,0.0085,,
0.6850,86,49.4,21.7,0.0075,,
0.6935,87,50.4,21.7,0.0075,,
0.7020,88,51.2,21.7,0.0075,,
0.7100,89,52.0,21.7,0.0075,,
0.7185,90,52.9,21.7,0.0075,,
0.7260,91,53.8,21.7,0.0075,,
0.7345,92,54.8,21.7,0.0085,,
0.7430,93,55.6,21.7,0.0075,,
0.7515,94,56.5,21.7,0.0075,,
0.7600,95,57.5,21.7,0.0075,,
0.7685,96,58.4,21.7,0.0075,,
0.7760,97,59.3,21.7,0.0075,,
0.7845,98,60.1,21.7,0.0085,,
0.7925,99,61.0,21.7,0.0075,,
0.8010,100,62.0,21.7,0.0075,,
0.8095,101,62.9,21.7,0.0075,,
0.8180,102,63.6,21.7,0.0075,,
0.8265,103,64.5,21.7,0.0085,,
0.8340,104,65.4,21.7,0.0075,,
0.8425,105,66.5,21.7,0.0075,,
0.8505,106,67.4,21.7,0.0075,,
0.8590,107,68.2,21.7,0.0075,,
0.8675,108,69.3,21.7,0.0075,,
0.8750,109,70.1,21.7,0.0075,,
0.8835,110,71.0,21.7,0.0085,,
0.8920,111,71.8,21.7,0.0075,,
0.9005,112,72.8,21.7,0.0075,,
0.9090,113,73.9,21.7,0.0075,,
0.9170,114,74.7,21.7,0.0075,,
0.9250,115,75.7,21.7,0.0080,,
0.9330,116,76.6,21.7,0.0080,,
0.9415,117,77.7,21.7,0.0075,,
0.9500,118,78.8,21.7,0.0075,,
0.9585,119,79.7,21.7,0.0075,,
0.9670,120,80.6,21.7,0.0075,,
0.9745,121,81.6,21.7,0.0075,,
0.9830,122,82.7,21.7,0.0085,,
0.9915,123,83.7,21.7,0.0075,,
0.9995,124,84.5,21.7,0.0075,,
1.0080,125,85.7,21.7,0.0075,,
1.0165,126,86.8,21.7,0.0075,,
1.0240,127,87.8,21.7,0.0075,,
1.0325,128,88.9,21.7,0.0075,,
1.0410,129,90.0,21.7,0.0075,,
1.0495,130,91.4,21.7,0.0075,,
1.0580,131,92.6,21.7,0.0075,,
1.0660,132,93.7,21.7,0.0075,,
1.0735,133,94.8,21.7,0.0075,,
1.0820,134,96.0,21.7,0.0075,,
1.0905,135,97.3,21.7,0.0075,,
1.0990,136,98.8,21.7,0.0075,,
1.1075,137,100.1,21.7,0.0075,,
1.1160,138,101.5,21.7,0.0075,,
1.1235,139,102.9,21.7,0.0075,,
1.1320,140,104.5,21.7,0.0085,,
1.1400,141,106.0,21.7,0.0075,,
1.1485,142,107.6,21.7,0.0075,,
1.1570,143,109.2,21.7,0.0075,,
1.1655,144,111.0,21.7,0.0075,,
1.1730,145,112.7,21.7,0.0075,,
1.1815,146,114.6,21.7,0.0085,,
1.1900,147,116.6,21.7,0.0075,,
1.1980,148,118.8,21.7,0.0075,,
1.2065,149,121.1,21.7,0.0075,,
1.2150,150,123.5,21.7,0.0075,,
1.2225,151,126.0,21.7,0.0075,,
1.2310,152,128.6,21.7,0.0075,,
1.2395,153,131.6,21.7,0.0075,,
1.2480,154,134.7,21.7,0.0075,,
1.2565,155,138.0,21.7,0.0075,,
1.2645,156,141.4,21.7,0.0075,,
1.2725,157,144.7,21.7,0.0080,,
1.2805,158,148.4,21.7,0.0075,,
1.2890,159,152.4,21.7,0.0075,,
1.2975,160,156.2,21.7,0.0075,,
1.3060,161,160.3,21.7,0.0075,,
1.3145,162,164.2,21.7,0.0075,,
1.3220,163,167.2,21.7,0.0075,,
1.3305,164,170.6,21.7,0.0075,,
1.3385,165,173.6,21.7,0.0075,,
1.3470,166,176.7,21.7,0.0075,,
1.3555,167,179.5,21.7,0.0075,,
1.3640,168,181.9,21.7,0.0075,,
1.3715,169,184.1,21.7,0.0075,,
1.3785,170,185.1,21.7,0.0080,,
1.3785,410,189.8,21.7,0.0000,,
1.3790,411,189.7,21.7,0.0005,,
1.3805,412,189.7,21.7,0.0015,,
1.3830,413,189.9,21.7,0.0030,,
1.3870,414,190.3,21.7,0.0040,,
1.3935,415,190.9,21.7,0.0065,,
1.4015,416,191.9,21.7,0.0090,,
1.4095,417,193.4,21.7,0.0090,,
1.4175,418,194.9,21.7,0.0090,,
1.4260,419,196.3,21.7,0.0085,,
1.4345,420,197.7,21.7,0.0085,,
1.4430,421,199.2,21.7,0.0085,,
1.4515,422,200.4,21.7,0.0095,,
1.4590,423,201.5,21.7,0.0085,,
1.4675,424,202.6,21.7,0.0095,,
1.4755,425,203.7,21.8,0.0080,,
1.4840,426,204.9,21.8,0.0085,,
1.4925,427,205.9,21.7,0.0085,,
1.5000,428,206.8,21.8,0.0085,,
1.5085,429,207.6,21.8,0.0095,,
1.5170,430,208.6,21.8,0.0095,,
1.5255,431,209.6,21.8,0.0085,,
1.5340,432,210.4,21.8,0.0085,,
1.5425,433,211.3,21.7,0.0085,,
1.5500,434,212.0,21.8,0.0085,,
1.5585,435,212.9,21.7,0.0095,,
1.5665,436,213.7,21.7,0.0090,,
1.5750,437,214.3,21.8,0.0085,,
1.5835,438,215.0,21.8,0.0085,,
1.5920,439,215.9,21.8,0.0085,,
1.6005,440,216.3,21.8,0.0095,,
1.6080,441,217.0,21.8,0.0085,,
1.6160,442,217.6,21.8,0.0090,,
1.6245,443,218.2,21.8,0.0085,,
1.6330,444,218.9,21.8,0.0085,,
1.6415,445,219.5,21.8,0.0085,,
1.6500,446,220.1,21.8,0.0095,,
1.6575,447,220.5,21.8,0.0085,,
1.6660,448,221.0,21.8,0.0095,,
1.6745,449,221.8,21.8,0.0085,,
1.6825,450,222.2,21.8,0.0080,,
1.6910,451,222.6,21.8,0.0085,,
1.6995,452,223.1,21.8,0.0095,,
1.7070,453,223.7,21.8,0.0085,,
1.7155,454,224.4,21.8,0.0095,,
1.7240,455,224.8,21.8,0.0085,,
1.7325,456,225.3,21.8,0.0085,,
1.7405,457,226.0,21.8,0.0080,,
1.7490,458,226.4,21.8,0.0085,,
1.7565,459,226.8,21.8,0.0085,,
1.7650,460,227.2,21.8,0.0095,,
1.7735,461,227.5,21.8,0.0095,,
1.7820,462,228.2,21.8,0.0085,,
1.7905,463,228.5,21.8,0.0085,,
1.7990,464,228.9,21.8,0.0085,,
1.8065,465,229.2,21.8,0.0085,,
1.8150,466,229.6,21.8,0.0095,,
1.8230,467,230.2,21.8,0.0080,,
1.8315,468,230.5,21.8,0.0085,,
1.8400,469,230.8,21.8,0.0085,,
1.8485,470,231.2,21.8,0.0095,,
1.8560,471,231.5,21.8,0.0085,,
1.8645,472,231.9,21.8,0.0095,,
1.8730,473,232.2,21.8,0.0085,,
1.8815,474,232.4,21.8,0.0085,,
1.8895,475,232.9,21.8,0.0080,,
1.8975,476,233.2,21.8,0.0090,,
1.9055,477,233.6,21.8,0.0090,,
1.9130,478,233.9,21.8,0.0085,,
1.9175,479,234.3,21.8,0.0045,,
1.9185,480,234.6,21.8,0.0010,,
1.9195,481,234.6,21.8,0.0010,,
1.9200,482,234.7,21.8,0.0005,,
1.9215,483,234.6,21.8,0.0015,,
1.9225,484,234.7,21.8,0.0010,,
1.9240,485,234.9,21.8,0.0015,,
1.9255,486,234.8,21.8,0.0015,,
1.9275,487,234.8,21.8,0.0020,,
1.9290,488,234.9,21.8,0.0015,,
1.9290,488,235.0,21.8,0.0000,,
Scope 1/1, Sample 23/32 (T15)
Result,TitrationEP1
V,t,E,T,dV/dt,E acc. stat.,Volume acc. stat.
0.0000,0,-54.8,21.7,NaN,,
0.0010,1,-54.8,21.7,0.0010,,
0.0025,2,-55.0,21.7,0.0015,,
0.0050,3,-54.9,21.7,0.0025,,
0.0085,4,-54.9,21.7,0.0030,,
0.0150,5,-54.5,21.7,0.0060,,
0.0230,6,-54.3,21.7,0.0075,,
0.0315,7,-53.8,21.7,0.0075,,
0.0400,8,-52.8,21.7,0.0075,,
0.0475,9,-52.0,21.7,0.0070,,
0.0560,10,-50.7,21.7,0.0075,,
0.0645,11,-49.6,21.7,0.0075,,
0.0725,12,-48.4,21.7,0.0075,,
0.0810,13,-46.7,21.7,0.0075,,
0.0895,14,-45.0,21.7,0.0075,,
0.0970,15,-43.5,21.7,0.0070,,
0.1055,16,-41.9,21.7,0.0075,,
0.1140,17,-40.1,21.7,0.0075,,
0.1225,18,-37.9,21.7,0.0075,,
0.1310,19,-36.0,21.7,0.0075,,
0.1390,20,-33.8,21.7,0.0075,,
0.1470,21,-31.6,21.7,0.0075,,
0.1550,22,-29.0,21.7,0.0075,,
0.1635,23,-26.3,21.7,0.0075,,
0.1720,24,-23.7,21.7,0.0075,,
0.1805,25,-21.1,21.7,0.0075,,
0.1890,26,-18.7,21.7,0.0085,,
0.1965,27,-16.1,21.7,0.0070,,
0.2050,28,-13.4,21.7,0.0075,,
0.2130,29,-11.1,21.7,0.0075,,
0.2215,30,-9.1,21.7,0.0075,,
0.2300,31,-6.9,21.7,0.0075,,
0.2385,32,-5.1,21.7,0.0075,,
0.2460,33,-3.4,21.7,0.0070,,
0.2545,34,-2.1,21.7,0.0075,,
0.2630,35,-0.7,21.7,0.0075,,
0.2715,36,0.9,21.7,0.0075,,
0.2795,37,2.1,21.7,0.0075,,
0.2880,38,3.3,21.7,0.0075,,
0.2955,39,4.7,21.7,0.0075,,
0.3040,40,5.8,21.7,0.0075,,
0.3125,41,7.2,21.7,0.0075,,
0.3210,42,8.3,21.7,0.0075,,
0.3295,43,9.3,21.7,0.0075,,
0.3375,44,10.5,21.7,0.0075,,
0.3455,45,11.4,21.7,0.0075,,
0.3535,46,12.5,21.7,0.0075,,
0.3620,47,13.4,21.7,0.0075,,
0.3705,48,14.4,21.7,0.0075,,
0.3790,49,15.6,21.7,0.0075,,
0.3875,50,16.7,21.7,0.0075,,
0.3950,51,17.6,21.7,0.0070,,
0.4035,52,18.4,21.7,0.0075,,
0.4120,53,19.3,21.7,0.0075,,
0.4200,54,20.4,21.7,0.0075,,
0.4285,55,21.4,21.7,0.0075,,
0.4370,56,22.1,21.7,0.0075,,
0.4445,57,22.9,21.7,0.0070,,
0.4530,58,23.9,21.7,0.0075,,
0.4615,59,24.9,21.7,0.0075,,
0.4700,60,25.6,21.7,0.0075,,
0.4780,61,26.3,21.7,0.0075,,
0.4865,62,27.3,21.7,0.0075,,
0.4940,63,28.0,21.7,0.0075,,
0.5025,64,29.1,21.7,0.0075,,
0.5110,65,29.9,21.7,0.0075,,
0.5195,66,30.7,21.7,0.0075,,
0.5280,67,31.8,21.7,0.0075,,
0.5365,68,32.7,21.7,0.0075,,
0.5440,69,33.5,21.7,0.0070,,
0.5525,70,34.2,21.7,0.0075,,
0.5605,71,34.9,21.7,0.0075,,
0.5690,72,36.0,21.7,0.0075,,
0.5775,73,36.8,21.7,0.0075,,
0.5860,74,37.5,21.7,0.0075,,
0.5935,75,38.4,21.7,0.0070,,
0.6020,76,39.1,21.7,0.0075,,
0.6105,77,40.2,21.7,0.0075,,
0.6185,78,41.1,21.7,0.0075,,
0.6270,79,41.8,21.7,0.0075,,
0.6355,80,42.8,21.7,0.0075,,
0.6430,81,43.6,21.7,0.0075,,
0.6515,82,44.6,21.7,0.0075,,
0.6600,83,45.3,21.7,0.0075,,
0.6685,84,46.0,21.7,0.0075,,
0.6770,85,47.1,21.7,0.0075,,
0.6850,86,47.9,21.7,0.0080,,
0.6930,87,48.9,21.7,0.0075,,
0.7010,88,49.8,21.7,0.0075,,
0.7095,89,50.6,21.7,0.0075,,
0.7180,90,51.7,21.7,0.0075,,
0.7265,91,52.6,21.7,0.0075,,
0.7350,92,53.5,21.7,0.0085,,
0.7425,93,54.2,21.7,0.0070,,
0.7510,94,55.0,21.7,0.0075,,
0.7595,95,56.0,21.7,0.0075,,
0.7675,96,56.7,21.7,0.0075,,
0.7760,97,57.5,21.7,0.0075,,
0.7845,98,58.4,21.7,0.0075,,
0.7920,99,59.2,21.7,0.0070,,
0.8005,100,60.2,21.7,0.0075,,
0.8090,101,61.0,21.7,0.0075,,
0.8175,102,61.8,21.7,0.0075,,
0.8255,103,62.9,21.7,0.0075,,
0.8340,104,63.9,21.7,0.0075,,
0.8415,105,64.8,21.7,0.0070,,
0.8500,106,65.7,21.7,0.0075,,
0.8585,107,66.5,21.7,0.0075,,
0.8670,108,67.5,21.7,0.0075,,
0.8755,109,68.5,21.7,0.0075,,
0.8840,110,69.3,21.7,0.0075,,
0.8915,111,70.2,21.7,0.0070,,
0.8995,112,71.0,21.7,0.0075,,
0.9080,113,71.9,21.7,0.0075,,
0.9165,114,72.9,21.7,0.0075,,
0.9250,115,73.8,21.7,0.0075,,
0.9335,116,74.8,21.7,0.0075,,
0.9410,117,75.6,21.7,0.0075,,
0.9495,118,76.8,21.7,0.0075,,
0.9580,119,77.7,21.7,0.0075,,
0.9660,120,78.6,21.7,0.0075,,
0.9745,121,79.7,21.7,0.0075,,
0.9830,122,80.9,21.7,0.0075,,
0.9905,123,81.6,21.7,0.0075,,
0.9990,124,82.8,21.7,0.0075,,
1.0075,125,83.7,21.7,0.0075,,
1.0160,126,84.8,21.7,0.0075,,
1.0240,127,86.0,21.7,0.0075,,
1.0325,128,86.9,21.7,0.0075,,
1.0400,129,87.9,21.7,0.0075,,
1.0485,130,88.8,21.7,0.0075,,
1.0570,131,90.1,21.7,0.0075,,
1.0655,132,91.5,21.7,0.0075,,
1.0740,133,92.5,21.7,0.0075,,
1.0820,134,93.6,21.7,0.0075,,
1.0900,135,94.7,21.7,0.0080,,
1.0985,136,96.1,21.7,0.0075,,
1.1065,137,97.5,21.7,0.0075,,
1.1150,138,98.6,21.7,0.0075,,
1.1235,139,100.1,21.7,0.0075,,
1.1320,140,101.8,21.7,0.0075,,
1.1395,141,103.0,21.7,0.0075,,
1.1480,142,104.5,21.7,0.0075,,
1.1565,143,105.9,21.7,0.0075,,
1.1645,144,107.7,21.7,0.0075,,
1.1730,145,109.7,21.7,0.0075,,
1.1815,146,111.5,21.7,0.0075,,
1.1890,147,113.3,21.7,0.0075,,
1.1975,148,114.9,21.7,0.0075,,
1.2060,149,117.1,21.7,0.0075,,
1.2145,150,119.4,21.7,0.0075,,
1.2230,151,121.5,21.7,0.0075,,
1.2310,152,123.8,21.7,0.0075,,
1.2385,153,126.1,21.7,0.0075,,
1.2470,154,129.2,21.7,0.0075,,
1.2555,155,132.3,21.7,0.0075,,
1.2640,156,135.4,21.7,0.0075,,
1.2725,157,138.9,21.7,0.0075,,
1.2810,158,142.6,21.7,0.0075,,
1.2885,159,145.8,21.7,0.0075,,
1.2970,160,149.4,21.7,0.0075,,
1.3050,161,153.3,21.7,0.0075,,
1.3135,162,157.2,21.7,0.0075,,
1.3220,163,161.3,21.7,0.0075,,
1.3305,164,164.9,21.7,0.0075,,
1.3390,165,168.1,21.7,0.0085,,
1.3465,166,171.2,21.7,0.0070,,
1.3550,167,174.2,21.7,0.0075,,
1.3630,168,177.3,21.7,0.0075,,
1.3715,169,179.8,21.7,0.0075,,
1.3800,170,182.1,21.7,0.0075,,
1.3875,171,184.3,21.7,0.0075,,
1.3930,172,185.1,21.7,0.0070,,
1.3930,412,189.9,21.8,0.0000,,
1.3935,413,189.9,21.8,0.0005,,
1.3950,414,190.0,21.8,0.0020,,
1.3975,415,190.0,21.8,0.0030,,
1.4015,416,190.3,21.8,0.0045,,
1.4075,417,191.1,21.8,0.0065,,
1.4160,418,192.3,21.8,0.0095,,
1.4235,419,193.6,21.8,0.0095,,
1.4320,420,194.9,21.8,0.0105,,
1.4405,421,196.2,21.8,0.0095,,
1.4485,422,197.6,21.8,0.0090,,
1.4570,423,199.0,21.8,0.0095,,
1.4655,424,200.1,21.8,0.0095,,
1.4730,425,201.4,21.8,0.0095,,
1.4815,426,202.4,21.8,0.0105,,
1.4900,427,203.7,21.8,0.0095,,
1.4985,428,204.9,21.8,0.0095,,
1.5070,429,205.6,21.8,0.0095,,
1.5150,430,206.8,21.8,0.0090,,
1.5230,431,207.5,21.8,0.0100,,
1.5310,432,208.7,21.8,0.0100,,
1.5395,433,209.4,21.8,0.0095,,
1.5480,434,210.1,21.8,0.0095,,
1.5565,435,211.1,21.8,0.0095,,
1.5650,436,211.8,21.8,0.0105,,
1.5725,437,212.8,21.8,0.0095,,
1.5810,438,213.4,21.8,0.0105,,
1.5895,439,214.0,21.8,0.0095,,
1.5975,440,214.8,21.8,0.0090,,
1.6060,441,215.6,21.8,0.0095,,
1.6145,442,216.0,21.8,0.0095,,
1.6220,443,216.7,21.8,0.0095,,
1.6305,444,217.2,21.8,0.0105,,
1.6390,445,218.1,21.8,0.0095,,
1.6475,446,218.8,21.8,0.0095,,
1.6555,447,219.2,21.8,0.0090,,
1.6640,448,219.8,21.8,0.0095,,
1.6715,449,220.4,21.8,0.0095,,
1.6800,450,221.1,21.8,0.0105,,
1.6885,451,221.6,21.8,0.0105,,
1.6970,452,222.0,21.8,0.0095,,
1.7055,453,222.5,21.8,0.0095,,
1.7135,454,223.2,21.8,0.0090,,
1.7215,455,223.6,21.8,0.0100,,
1.7295,456,224.1,21.8,0.0100,,
1.7380,457,224.4,21.8,0.0105,,
1.7465,458,224.9,21.8,0.0095,,
1.7550,459,225.6,21.8,0.0095,,
1.7635,460,225.9,21.8,0.0095,,
1.7710,461,226.4,21.8,0.0095,,
1.7795,462,226.7,21.8,0.0105,,
1.7875,463,227.2,21.8,0.0100,,
1.7960,464,227.8,21.8,0.0095,,
1.8045,465,228.1,21.8,0.0095,,
1.8130,466,228.4,21.8,0.0095,,
1.8215,467,228.9,21.8,0.0105,,
1.8290,468,229.3,21.8,0.0095,,
1.8375,469,230.0,21.8,0.0105,,
1.8455,470,230.3,21.8,0.0090,,
1.8540,471,230.5,21.8,0.0095,,
1.8625,472,231.1,21.8,0.0095,,
1.8710,473,231.3,21.8,0.0105,,
1.8785,474,231.9,21.8,0.0095,,
1.8870,475,232.1,21.8,0.0105,,
1.8955,476,232.3,21.8,0.0095,,
1.9040,477,232.9,21.8,0.0095,,
1.9120,478,233.2,21.8,0.0090,,
1.9200,479,233.3,21.8,0.0090,,
1.9260,480,233.7,21.8,0.0075,,
1.9310,481,233.8,21.8,0.0060,,
1.9335,482,234.4,21.8,0.0030,,
1.9340,483,234.4,21.8,0.0005,,
1.9345,484,234.1,21.8,0.0005,,
1.9355,485,234.2,21.8,0.0010,,
1.9360,486,234.2,21.8,0.0005,,
1.9365,487,234.4,21.8,0.0005,,
1.9375,488,234.5,21.8,0.0010,,
1.9395,489,234.4,21.8,0.0020,,
1.9410,490,234.7,21.8,0.0015,,
1.9415,491,234.6,21.8,0.0005,,
1.9420,492,234.8,21.8,0.0005,,
1.9430,493,234.8,21.8,0.0010,,
1.9435,494,234.7,21.8,0.0005,,
1.9450,495,234.9,21.8,0.0015,,
1.9470,496,234.9,21.8,0.0020,,
1.9495,497,235.0,21.8,0.0025,,
Scope 1/1, Sample 24/32 (T16)
Result,TitrationEP1
V,t,E,T,dV/dt,E acc. stat.,Volume acc. stat.
0.0000,0,-53.3,21.7,NaN,,
0.0010,1,-53.2,21.7,0.0010,,
0.0025,2,-53.5,21.7,0.0015,,
0.0050,3,-53.4,21.7,0.0025,,
0.0090,4,-53.4,21.7,0.0035,,
0.0150,5,-53.1,21.7,0.0055,,
0.0235,6,-52.7,21.7,0.0075,,
0.0320,7,-52.3,21.7,0.0075,,
0.0405,8,-51.4,21.7,0.0075,,
0.0490,9,-50.5,21.7,0.0075,,
0.0565,10,-49.2,21.7,0.0070,,
0.0650,11,-47.8,21.7,0.0075,,
0.0730,12,-46.5,21.7,0.0075,,
0.0815,13,-45.0,21.7,0.0075,,
0.0900,14,-43.3,21.7,0.0075,,
0.0985,15,-41.7,21.7,0.0085,,
0.1060,16,-39.7,21.7,0.0070,,
0.1145,17,-37.8,21.7,0.0075,,
0.1230,18,-35.7,21.7,0.0075,,
0.1315,19,-33.5,21.7,0.0075,,
0.1395,20,-31.3,21.7,0.0075,,
0.1480,21,-29.0,21.7,0.0085,,
0.1555,22,-26.7,21.7,0.0070,,
0.1640,23,-24.0,21.7,0.0075,,
0.1725,24,-21.2,21.7,0.0075,,
0.1810,25,-18.7,21.7,0.0075,,
0.1895,26,-16.1,21.7,0.0075,,
0.1975,27,-13.5,21.7,0.0075,,
0.2055,28,-11.6,21.7,0.0075,,
0.2135,29,-9.4,21.7,0.0075,,
0.2220,30,-7.7,21.7,0.0075,,
0.2305,31,-5.9,21.7,0.0075,,
0.2390,32,-4.1,21.7,0.0075,,
0.2475,33,-2.5,21.7,0.0075,,
0.2550,34,-1.2,21.7,0.0070,,
0.2635,35,0.0,21.7,0.0075,,
0.2715,36,1.4,21.7,0.0075,,
0.2800,37,2.9,21.7,0.0075,,
0.2885,38,4.2,21.7,0.0075,,
0.2970,39,5.3,21.7,0.0075,,
0.3045,40,6.4,21.7,0.0070,,
0.3130,41,7.6,21.7,0.0075,,
0.3215,42,8.9,21.7,0.0075,,
0.3300,43,9.9,21.7,0.0075,,
0.3380,44,10.7,21.7,0.0075,,
0.3465,45,11.7,21.7,0.0085,,
0.3540,46,12.8,21.7,0.0070,,
0.3625,47,13.9,21.7,0.0075,,
0.3710,48,14.8,21.7,0.0075,,
0.3795,49,15.7,21.7,0.0075,,
0.3880,50,17.0,21.7,0.0075,,
0.3965,51,17.8,21.7,0.0075,,
0.4040,52,18.8,21.7,0.0070,,
0.4125,53,19.6,21.7,0.0075,,
0.4205,54,20.7,21.7,0.0075,,
0.4290,55,21.8,21.7,0.0075,,
0.4375,56,22.5,21.7,0.0075,,
0.4460,57,23.4,21.7,0.0085,,
0.4535,58,24.1,21.7,0.0070,,
0.4620,59,25.1,21.7,0.0075,,
0.4705,60,26.2,21.7,0.0075,,
0.4790,61,27.0,21.7,0.0075,,
0.4870,62,27.8,21.7,0.0075,,
0.4955,63,28.6,21.7,0.0085,,
0.5030,64,29.6,21.7,0.0070,,
0.5115,65,30.7,21.7,0.0075,,
0.5200,66,31.5,21.7,0.0075,,
0.5285,67,32.4,21.7,0.0075,,
0.5365,68,33.5,21.7,0.0075,,
0.5450,69,34.3,21.7,0.0075,,
0.5525,70,35.2,21.7,0.0070,,
0.5610,71,35.9,21.7,0.0075,,
0.5695,72,36.8,21.7,0.0075,,
0.5780,73,37.8,21.7,0.0075,,
0.5865,74,38.7,21.7,0.0075,,
0.5950,75,39.4,21.7,0.0075,,
0.6025,76,40.3,21.7,0.0070,,
0.6110,77,41.2,21.7,0.0075,,
0.6190,78,42.2,21.7,0.0075,,
0.6275,79,43.0,21.7,0.0075,,
0.6360,80,43.8,21.7,0.0075,,
0.6445,81,44.9,21.7,0.0075,,
0.6520,82,45.5,21.7,0.0070,,
0.6605,83,46.5,21.7,0.0075,,
0.6690,84,47.3,21.7,0.0075,,
0.6775,85,48.2,21.7,0.0075,,
0.6855,86,49.3,21.7,0.0075,,
0.6940,87,50.0,21.7,0.0085,,
0.7015,88,51.0,21.7,0.0070,,
0.7100,89,51.7,21.7,0.0075,,
0.7185,90,52.5,21.7,0.0075,,
0.7270,91,53.6,21.7,0.0075,,
0.7355,92,54.5,21.7,0.0075,,
0.7435,93,55.2,21.7,0.0075,,
0.7515,94,56.0,21.7,0.0075,,
0.7595,95,56.9,21.7,0.0075,,
0.7680,96,58.0,21.7,0.0075,,
0.7765,97,58.8,21.7,0.0075,,
0.7850,98,59.5,21.7,0.0075,,
0.7935,99,60.6,21.7,0.0075,,
0.8010,100,61.3,21.7,0.0070,,
0.8095,101,62.4,21.7,0.0075,,
0.8180,102,63.1,21.7,0.0075,,
0.8260,103,64.0,21.7,0.0075,,
0.8345,104,65.1,21.7,0.0075,,
0.8430,105,65.8,21.7,0.0085,,
0.8505,106,67.0,21.7,0.0070,,
0.8590,107,67.8,21.7,0.0075,,
0.8675,108,68.7,21.7,0.0075,,
0.8760,109,69.8,21.7,0.0075,,
0.8840,110,70.8,21.7,0.0075,,
0.8925,111,71.5,21.7,0.0075,,
0.9000,112,72.4,21.7,0.0070,,
0.9085,113,73.4,21.7,0.0075,,
0.9170,114,74.5,21.7,0.0075,,
0.9255,115,75.3,21.7,0.0075,,
0.9340,116,76.1,21.7,0.0075,,
0.9425,117,76.9,21.7,0.0085,,
0.9500,118,78.0,21.7,0.0070,,
0.9585,119,79.1,21.7,0.0075,,
0.9665,120,79.9,21.7,0.0075,,
0.9750,121,80.9,21.7,0.0075,,
0.9835,122,82.2,21.7,0.0075,,
0.9920,123,83.1,21.7,0.0085,,
0.9995,124,84.2,21.7,0.0070,,
1.0080,125,85.1,21.7,0.0075,,
1.0165,126,86.2,21.7,0.0075,,
1.0250,127,87.5,21.7,0.0075,,
1.0330,128,88.5,21.7,0.0075,,
1.0415,129,89.7,21.7,0.0085,,
1.0490,130,90.7,21.7,0.0070,,
1.0575,131,91.9,21.7,0.0075,,
1.0660,132,93.5,21.7,0.0075,,
1.0745,133,94.7,21.7,0.0075,,
1.0830,134,95.9,21.7,0.0075,,
1.0910,135,97.3,21.7,0.0075,,
1.0985,136,98.4,21.7,0.0070,,
1.1070,137,100.0,21.7,0.0075,,
1.1155,138,101.4,21.7,0.0075,,
1.1240,139,102.7,21.7,0.0075,,
1.1325,140,104.4,21.7,0.0075,,
1.1410,141,106.1,21.7,0.0075,,
1.1485,142,107.7,21.7,0.0070,,
1.1570,143,109.3,21.7,0.0075,,
1.1650,144,111.1,21.7,0.0075,,
1.1735,145,113.1,21.7,0.0075,,
1.1820,146,115.2,21.7,0.0075,,
1.1905,147,117.2,21.7,0.0075,,
1.1980,148,119.3,21.7,0.0070,,
1.2065,149,121.5,21.7,0.0075,,
1.2150,150,124.2,21.7,0.0075,,
1.2230,151,127.2,21.7,0.0075,,
1.2315,152,130.0,21.7,0.0075,,
1.2400,153,133.2,21.7,0.0075,,
1.2475,154,136.1,21.7,0.0070,,
1.2560,155,139.9,21.7,0.0075,,
1.2645,156,143.4,21.7,0.0075,,
1.2730,157,147.1,21.7,0.0075,,
1.2815,158,151.0,21.7,0.0075,,
1.2895,159,155.3,21.7,0.0075,,
1.2980,160,158.5,21.7,0.0075,,
1.3055,161,162.5,21.7,0.0070,,
1.3140,162,166.0,21.7,0.0075,,
1.3225,163,169.4,21.7,0.0075,,
1.3310,164,172.9,21.7,0.0075,,
1.3395,165,175.6,21.7,0.0075,,
1.3470,166,178.1,21.7,0.0070,,
1.3555,167,180.6,21.7,0.0075,,
1.3635,168,183.1,21.7,0.0075,,
1.3730,169,185.0,21.7,0.0080,,
1.3730,409,189.8,21.8,0.0000,,
1.3735,410,189.8,21.8,0.0005,,
1.3750,411,190.0,21.8,0.0010,,
1.3780,412,189.9,21.8,0.0020,,
1.3820,413,190.2,21.8,0.0030,,
1.3880,414,191.0,21.8,0.0045,,
1.3965,415,191.9,21.8,0.0065,,
1.4040,416,193.4,21.8,0.0060,,
1.4125,417,194.7,21.8,0.0065,,
1.4210,418,196.2,21.8,0.0060,,
1.4295,419,197.9,21.8,0.0060,,
1.4375,420,199.1,21.8,0.0055,,
1.4460,421,200.2,21.8,0.0065,,
1.4535,422,201.2,21.8,0.0060,,
1.4620,423,202.5,21.8,0.0065,,
1.4705,424,203.7,21.8,0.0060,,
1.4790,425,204.7,21.8,0.0060,,
1.4875,426,205.7,21.8,0.0060,,
1.4960,427,206.8,21.8,0.0060,,
1.5035,428,207.7,21.8,0.0060,,
1.5115,429,208.8,21.8,0.0060,,
1.5200,430,209.6,21.8,0.0065,,
1.5285,431,210.3,21.8,0.0060,,
1.5370,432,211.1,21.8,0.0060,,
1.5455,433,212.1,21.8,0.0060,,
1.5530,434,212.7,21.8,0.0060,,
1.5615,435,213.3,21.8,0.0065,,
1.5700,436,213.9,21.8,0.0065,,
1.5780,437,214.9,21.8,0.0055,,
1.5865,438,215.6,21.8,0.0060,,
1.5950,439,216.1,21.8,0.0060,,
1.6025,440,216.9,21.8,0.0060,,
1.6110,441,217.4,21.8,0.0065,,
1.6195,442,218.4,21.8,0.0065,,
1.6280,443,218.9,21.8,0.0060,,
1.6360,444,219.3,21.8,0.0055,,
1.6445,445,219.9,21.8,0.0060,,
1.6520,446,220.3,21.8,0.0060,,
1.6605,447,221.0,21.8,0.0065,,
1.6690,448,221.5,21.8,0.0065,,
1.6775,449,221.9,21.8,0.0060,,
1.6860,450,222.6,21.8,0.0060,,
1.6940,451,223.3,21.8,0.0055,,
1.7025,452,223.8,21.8,0.0065,,
1.7100,453,224.2,21.8,0.0060,,
1.7185,454,224.5,21.8,0.0065,,
1.7270,455,225.0,21.8,0.0060,,
1.7355,456,225.7,21.8,0.0060,,
1.7440,457,226.1,21.8,0.0060,,
1.7520,458,226.5,21.8,0.0060,,
1.7600,459,226.9,21.8,0.0060,,
1.7685,460,227.5,21.8,0.0065,,
1.7765,461,227.9,21.8,0.0055,,
1.7850,462,228.2,21.8,0.0060,,
1.7935,463,228.5,21.8,0.0060,,
1.8020,464,228.8,21.8,0.0065,,
1.8095,465,229.4,21.8,0.0060,,
1.8180,466,229.8,21.8,0.0065,,
1.8265,467,230.0,21.8,0.0060,,
1.8345,468,230.4,21.8,0.0055,,
1.8430,469,231.0,21.8,0.0060,,
1.8515,470,231.3,21.8,0.0065,,
1.8590,471,231.7,21.8,0.0060,,
1.8675,472,231.9,21.8,0.0065,,
1.8760,473,232.2,21.8,0.0060,,
1.8845,474,232.7,21.8,0.0060,,
1.8925,475,233.0,21.8,0.0055,,
1.9010,476,233.3,21.8,0.0065,,
1.9080,477,233.6,21.8,0.0055,,
1.9140,478,234.0,21.8,0.0045,,
1.9150,479,234.3,21.8,0.0005,,
1.9160,480,234.3,21.8,0.0005,,
1.9165,481,234.3,21.8,0.0005,,
1.9175,482,234.4,21.8,0.0010,,
1.9185,483,234.5,21.8,0.0010,,
1.9200,484,234.8,21.8,0.0010,,
1.9210,485,234.6,21.8,0.0005,,
1.9220,486,234.8,21.8,0.0005,,
1.9230,487,234.9,21.8,0.0005,,
1.9240,488,234.9,21.8,0.0010,,
1.9255,489,234.9,21.8,0.0010,,
1.9275,490,234.8,21.8,0.0015,,
1.9285,491,235.1,21.8,0.0010,,
Scope 1/1, Sample 25/32 (T17)
Result,TitrationEP1
V,t,E,T,dV/dt,E acc. stat.,Volume acc. stat.
0.0000,0,-55.6,21.7,NaN,,
0.0010,1,-55.8,21.7,0.0010,,
0.0025,2,-55.7,21.7,0.0015,,
0.0050,3,-55.7,21.7,0.0025,,
0.0090,4,-55.5,21.7,0.0035,,
0.0150,5,-55.4,21.7,0.0055,,
0.0235,6,-55.1,21.7,0.0075,,
0.0320,7,-54.5,21.7,0.0075,,
0.0405,8,-53.8,21.7,0.0085,,
0.0480,9,-52.7,21.7,0.0075,,
0.0565,10,-51.6,21.7,0.0075,,
0.0650,11,-50.4,21.7,0.0075,,
0.0730,12,-49.0,21.7,0.0075,,
0.0815,13,-47.5,21.7,0.0075,,
0.0900,14,-46.1,21.7,0.0085,,
0.0975,15,-44.5,21.7,0.0075,,
0.1060,16,-42.7,21.7,0.0075,,
0.1145,17,-40.7,21.7,0.0075,,
0.1230,18,-38.7,21.7,0.0075,,
0.1315,19,-36.8,21.7,0.0075,,
0.1390,20,-34.8,21.7,0.0075,,
0.1475,21,-32.5,21.7,0.0075,,
0.1555,22,-30.0,21.7,0.0075,,
0.1640,23,-27.5,21.7,0.0075,,
0.1725,24,-24.9,21.7,0.0075,,
0.1810,25,-22.1,21.7,0.0075,,
0.1885,26,-19.7,21.7,0.0075,,
0.1970,27,-16.9,21.7,0.0075,,
0.2055,28,-14.3,21.7,0.0075,,
0.2135,29,-12.1,21.7,0.0075,,
0.2220,30,-9.8,21.7,0.0075,,
0.2305,31,-7.8,21.7,0.0075,,
0.2380,32,-6.1,21.7,0.0075,,
0.2465,33,-4.3,21.7,0.0075,,
0.2550,34,-2.7,21.7,0.0075,,
0.2635,35,-1.0,21.7,0.0075,,
0.2720,36,0.4,21.7,0.0075,,
0.2800,37,1.6,21.7,0.0075,,
0.2885,38,2.9,21.7,0.0085,,
0.2960,39,4.2,21.7,0.0070,,
0.3045,40,5.7,21.7,0.0075,,
0.3130,41,6.9,21.7,0.0075,,
0.3215,42,7.9,21.7,0.0075,,
0.3300,43,9.1,21.7,0.0075,,
0.3380,44,10.0,21.7,0.0080,,
0.3460,45,11.2,21.7,0.0080,,
0.3540,46,12.2,21.7,0.0075,,
0.3625,47,13.1,21.7,0.0075,,
0.3710,48,14.3,21.7,0.0075,,
0.3795,49,15.4,21.7,0.0070,,
0.3880,50,16.3,21.7,0.0085,,
0.3955,51,17.2,21.7,0.0075,,
0.4040,52,18.1,21.7,0.0075,,
0.4120,53,19.0,21.7,0.0075,,
0.4205,54,20.0,21.7,0.0075,,
0.4290,55,21.0,21.7,0.0075,,
0.4375,56,21.8,21.7,0.0075,,
0.4450,57,22.8,21.7,0.0075,,
0.4535,58,23.6,21.7,0.0075,,
0.4620,59,24.6,21.7,0.0075,,
0.4700,60,25.3,21.7,0.0075,,
0.4785,61,26.2,21.7,0.0075,,
0.4870,62,27.2,21.7,0.0075,,
0.4945,63,28.1,21.7,0.0075,,
0.5030,64,29.0,21.7,0.0075,,
0.5115,65,29.7,21.7,0.0075,,
0.5200,66,30.7,21.7,0.0075,,
0.5285,67,31.6,21.7,0.0075,,
0.5365,68,32.5,21.7,0.0075,,
0.5445,69,33.3,21.7,0.0080,,
0.5525,70,34.1,21.7,0.0075,,
0.5610,71,35.0,21.7,0.0075,,
0.5695,72,36.0,21.7,0.0075,,
0.5780,73,36.7,21.7,0.0075,,
0.5865,74,37.5,21.7,0.0075,,
0.5940,75,38.3,21.7,0.0075,,
0.6025,76,39.3,21.7,0.0075,,
0.6110,77,40.1,21.7,0.0075,,
0.6190,78,40.9,21.7,0.0075,,
0.6275,79,41.8,21.7,0.0075,,
0.6360,80,42.6,21.7,0.0085,,
0.6435,81,43.6,21.7,0.0075,,
0.6520,82,44.5,21.7,0.0075,,
0.6605,83,45.3,21.7,0.0075,,
0.6690,84,46.2,21.7,0.0075,,
0.6770,85,47.2,21.7,0.0075,,
0.6855,86,47.9,21.7,0.0085,,
0.6930,87,48.8,21.7,0.0070,,
0.7015,88,49.6,21.7,0.0075,,
0.7100,89,50.5,21.7,0.0075,,
0.7185,90,51.5,21.7,0.0075,,
0.7270,91,52.3,21.7,0.0075,,
0.7355,92,53.1,21.7,0.0085,,
0.7430,93,53.8,21.7,0.0075,,
0.7515,94,54.8,21.7,0.0075,,
0.7595,95,55.7,21.7,0.0075,,
0.7680,96,56.5,21.7,0.0075,,
0.7765,97,57.4,21.7,0.0075,,
0.7850,98,58.2,21.7,0.0085,,
0.7925,99,59.2,21.7,0.0075,,
0.8010,100,60.0,21.7,0.0075,,
0.8095,101,60.8,21.7,0.0075,,
0.8175,102,61.7,21.7,0.0075,,
0.8260,103,62.8,21.7,0.0075,,
0.8345,104,63.5,21.7,0.0075,,
0.8420,105,64.5,21.7,0.0075,,
0.8505,106,65.4,21.7,0.0075,,
0.8590,107,66.2,21.7,0.0075,,
0.8675,108,67.2,21.7,0.0075,,
0.8760,109,68.0,21.7,0.0075,,
0.8840,110,68.9,21.7,0.0075,,
0.8920,111,69.8,21.7,0.0080,,
0.9000,112,70.7,21.7,0.0075,,
0.9085,113,71.7,21.7,0.0075,,
0.9170,114,72.5,21.7,0.0075,,
0.9255,115,73.4,21.7,0.0075,,
0.9340,116,74.5,21.7,0.0075,,
0.9415,117,75.3,21.7,0.0075,,
0.9500,118,76.3,21.7,0.0075,,
0.9580,119,77.2,21.7,0.0075,,
0.9665,120,78.4,21.7,0.0075,,
0.9750,121,79.4,21.7,0.0075,,
0.9835,122,80.2,21.7,0.0075,,
0.9910,123,81.3,21.7,0.0075,,
0.9995,124,82.2,21.7,0.0075,,
1.0080,125,83.2,21.7,0.0075,,
1.0165,126,84.3,21.7,0.0075,,
1.0245,127,85.3,21.7,0.0075,,
1.0330,128,86.3,21.7,0.0075,,
1.0405,129,87.2,21.7,0.0075,,
1.0490,130,88.5,21.7,0.0075,,
1.0575,131,89.7,21.7,0.0075,,
1.0660,132,90.8,21.7,0.0075,,
1.0745,133,91.9,21.7,0.0075,,
1.0825,134,93.1,21.7,0.0075,,
1.0905,135,94.4,21.7,0.0080,,
1.0985,136,95.7,21.7,0.0075,,
1.1070,137,97.0,21.7,0.0075,,
1.1155,138,98.2,21.7,0.0075,,
1.1240,139,99.7,21.7,0.0075,,
1.1325,140,101.1,21.7,0.0075,,
1.1400,141,102.5,21.7,0.0075,,
1.1485,142,103.9,21.7,0.0075,,
1.1565,143,105.3,21.7,0.0075,,
1.1650,144,107.3,21.7,0.0075,,
1.1735,145,108.9,21.7,0.0075,,
1.1820,146,110.7,21.7,0.0075,,
1.1895,147,112.4,21.7,0.0075,,
1.1980,148,114.4,21.7,0.0075,,
1.2065,149,116.5,21.7,0.0075,,
1.2150,150,118.6,21.7,0.0075,,
1.2230,151,120.8,21.7,0.0075,,
1.2315,152,123.3,21.7,0.0075,,
1.2390,153,125.5,21.7,0.0075,,
1.2475,154,128.4,21.7,0.0075,,
1.2560,155,131.4,21.7,0.0075,,
1.2645,156,134.5,21.7,0.0075,,
1.2730,157,137.7,21.7,0.0075,,
1.2810,158,141.1,21.7,0.0075,,
1.2890,159,144.4,21.7,0.0080,,
1.2970,160,148.2,21.7,0.0075,,
1.3055,161,151.8,21.7,0.0075,,
1.3140,162,156.0,21.7,0.0075,,
1.3225,163,159.8,21.7,0.0075,,
1.3310,164,163.4,21.7,0.0075,,
1.3385,165,166.7,21.7,0.0075,,
1.3470,166,170.0,21.7,0.0075,,
1.3555,167,173.4,21.7,0.0075,,
1.3635,168,176.2,21.7,0.0075,,
1.3720,169,178.8,21.7,0.0075,,
1.3805,170,181.5,21.7,0.0075,,
1.3880,171,183.6,21.7,0.0075,,
1.3960,172,185.1,21.7,0.0075,,
1.3960,412,189.3,21.8,0.0000,,
1.3965,413,189.4,21.8,0.0005,,
1.3980,414,189.4,21.8,0.0015,,
1.4005,415,189.4,21.8,0.0025,,
1.4045,416,189.9,21.8,0.0035,,
1.4105,417,190.6,21.8,0.0050,,
1.4185,418,191.6,21.8,0.0065,,
1.4265,419,192.9,21.8,0.0075,,
1.4345,420,194.5,21.8,0.0075,,
1.4430,421,196.1,21.8,0.0075,,
1.4515,422,197.5,21.8,0.0070,,
1.4600,423,198.6,21.8,0.0070,,
1.4685,424,200.1,21.8,0.0070,,
1.4760,425,201.1,21.8,0.0070,,
1.4845,426,202.4,21.8,0.0075,,
1.4925,427,203.6,21.8,0.0075,,
1.5010,428,204.4,21.8,0.0070,,
1.5095,429,205.6,21.8,0.0070,,
1.5180,430,206.6,21.8,0.0070,,
1.5255,431,207.4,21.8,0.0070,,
1.5340,432,208.3,21.8,0.0075,,
1.5425,433,209.0,21.8,0.0075,,
1.5510,434,210.0,21.8,0.0070,,
1.5590,435,210.9,21.8,0.0065,,
1.5675,436,211.6,21.8,0.0070,,
1.5750,437,212.3,21.8,0.0070,,
1.5835,438,213.1,21.8,0.0075,,
1.5920,439,213.9,21.8,0.0075,,
1.6005,440,214.6,21.8,0.0070,,
1.6090,441,215.3,21.8,0.0070,,
1.6170,442,216.0,21.8,0.0065,,
1.6250,443,216.6,21.8,0.0075,,
1.6335,444,217.4,21.8,0.0075,,
1.6415,445,218.0,21.8,0.0075,,
1.6500,446,218.4,21.8,0.0070,,
1.6585,447,219.1,21.8,0.0070,,
1.6670,448,219.5,21.8,0.0075,,
1.6745,449,220.3,21.8,0.0070,,
1.6830,450,220.8,21.8,0.0075,,
1.6915,451,221.3,21.8,0.0070,,
1.7000,452,222.0,21.8,0.0070,,
1.7080,453,222.5,21.8,0.0065,,
1.7165,454,222.9,21.8,0.0070,,
1.7240,455,223.5,21.8,0.0070,,
1.7325,456,223.9,21.8,0.0075,,
1.7410,457,224.5,21.8,0.0070,,
1.7495,458,224.9,21.8,0.0070,,
1.7580,459,225.4,21.8,0.0070,,
1.7660,460,225.8,21.8,0.0075,,
1.7740,461,226.3,21.8,0.0075,,
1.7820,462,227.0,21.8,0.0075,,
1.7905,463,227.2,21.8,0.0070,,
1.7990,464,227.5,21.8,0.0070,,
1.8075,465,228.1,21.8,0.0070,,
1.8160,466,228.3,21.8,0.0075,,
1.8235,467,228.9,21.8,0.0070,,
1.8320,468,229.1,21.8,0.0075,,
1.8405,469,229.4,21.8,0.0070,,
1.8485,470,230.0,21.8,0.0065,,
1.8570,471,230.3,21.8,0.0070,,
1.8655,472,230.6,21.8,0.0070,,
1.8730,473,231.1,21.8,0.0070,,
1.8815,474,231.4,21.8,0.0075,,
1.8900,475,232.0,21.8,0.0075,,
1.8985,476,232.4,21.8,0.0070,,
1.9065,477,232.6,21.8,0.0065,,
1.9150,478,233.0,21.8,0.0070,,
1.9225,479,233.2,21.8,0.0070,,
1.9310,480,233.7,21.8,0.0075,,
1.9385,481,234.0,21.8,0.0070,,
1.9435,482,234.2,21.8,0.0040,,
1.9445,483,234.4,21.8,0.0010,,
1.9455,484,234.5,21.8,0.0010,,
1.9460,485,234.7,21.8,0.0005,,
1.9470,486,234.7,21.8,0.0010,,
1.9480,487,234.6,21.8,0.0010,,
1.9490,488,234.7,21.8,0.0010,,
1.9505,489,234.7,21.8,0.0015,,
1.9525,490,234.6,21.8,0.0015,,
1.9550,491,234.7,21.8,0.0025,,
1.9585,492,235.0,21.8,0.0035,,
Scope 1/1, Sample 26/32 (T18)
Result,TitrationEP1
V,t,E,T,dV/dt,E acc. stat.,Volume acc. stat.
0.0000,0,-54.2,21.7,NaN,,
0.0005,1,-54.3,21.7,0.0005,,
0.0025,2,-54.4,21.7,0.0020,,
0.0050,3,-54.2,21.7,0.0025,,
0.0085,4,-54.3,21.7,0.0030,,
0.0150,5,-54.2,21.7,0.0060,,
0.0230,6,-53.8,21.7,0.0075,,
0.0305,7,-53.3,21.7,0.0075,,
0.0390,8,-52.3,21.7,0.0085,,
0.0475,9,-51.4,21.7,0.0085,,
0.0560,10,-50.2,21.7,0.0075,,
0.0645,11,-48.8,21.7,0.0075,,
0.0725,12,-47.3,21.7,0.0075,,
0.0800,13,-46.0,21.7,0.0075,,
0.0885,14,-44.5,21.7,0.0085,,
0.0970,15,-42.9,21.7,0.0085,,
0.1055,16,-40.9,21.7,0.0075,,
0.1140,17,-39.0,21.7,0.0075,,
0.1225,18,-37.1,21.7,0.0075,,
0.1300,19,-35.2,21.7,0.0075,,
0.1385,20,-33.1,21.7,0.0085,,
0.1465,21,-30.5,21.7,0.0080,,
0.1550,22,-28.1,21.7,0.0075,,
0.1635,23,-25.6,21.7,0.0075,,
0.1720,24,-22.8,21.7,0.0075,,
0.1795,25,-20.6,21.7,0.0075,,
0.1880,26,-17.8,21.7,0.0085,,
0.1965,27,-15.2,21.7,0.0085,,
0.2045,28,-13.0,21.7,0.0075,,
0.2130,29,-10.6,21.7,0.0075,,
0.2215,30,-8.5,21.7,0.0075,,
0.2290,31,-6.8,21.7,0.0075,,
0.2375,32,-5.0,21.7,0.0085,,
0.2460,33,-3.3,21.7,0.0085,,
0.2545,34,-1.7,21.7,0.0075,,
0.2630,35,-0.2,21.7,0.0075,,
0.2710,36,1.0,21.7,0.0075,,
0.2790,37,2.2,21.7,0.0080,,
0.2870,38,3.6,21.7,0.0080,,
0.2955,39,5.1,21.7,0.0085,,
0.3040,40,6.4,21.7,0.0075,,
0.3125,41,7.5,21.7,0.0075,,
0.3210,42,8.7,21.7,0.0075,,
0.3285,43,9.6,21.7,0.0075,,
0.3370,44,10.8,21.7,0.0085,,
0.3455,45,11.8,21.7,0.0085,,
0.3535,46,12.7,21.7,0.0075,,
0.3620,47,13.9,21.7,0.0075,,
0.3705,48,14.9,21.7,0.0075,,
0.3780,49,15.9,21.7,0.0075,,
0.3865,50,16.7,21.7,0.0085,,
0.3950,51,17.6,21.7,0.0075,,
0.4035,52,18.9,21.7,0.0075,,
0.4120,53,19.7,21.7,0.0075,,
0.4200,54,20.6,21.7,0.0080,,
0.4280,55,21.2,21.7,0.0080,,
0.4360,56,22.3,21.7,0.0080,,
0.4445,57,23.3,21.7,0.0075,,
0.4530,58,24.1,21.7,0.0075,,
0.4615,59,24.9,21.7,0.0075,,
0.4690,60,25.7,21.7,0.0075,,
0.4775,61,26.9,21.7,0.0085,,
0.4860,62,27.8,21.7,0.0085,,
0.4945,63,28.5,21.7,0.0075,,
0.5025,64,29.3,21.7,0.0075,,
0.5110,65,30.3,21.7,0.0075,,
0.5185,66,31.1,21.7,0.0075,,
0.5270,67,31.9,21.7,0.0085,,
0.5355,68,32.6,21.7,0.0085,,
0.5440,69,33.7,21.7,0.0075,,
0.5525,70,34.6,21.7,0.0075,,
0.5610,71,35.4,21.7,0.0075,,
0.5685,72,36.2,21.7,0.0075,,
0.5770,73,37.1,21.7,0.0085,,
0.5855,74,38.2,21.7,0.0075,,
0.5935,75,39.0,21.7,0.0075,,
0.6020,76,39.6,21.7,0.0075,,
0.6105,77,40.4,21.7,0.0075,,
0.6180,78,41.2,21.7,0.0075,,
0.6265,79,42.2,21.7,0.0085,,
0.6350,80,43.1,21.7,0.0085,,
0.6430,81,43.8,21.7,0.0075,,
0.6515,82,44.8,21.7,0.0075,,
0.6600,83,45.8,21.7,0.0075,,
0.6675,84,46.5,21.7,0.0075,,
0.6760,85,47.4,21.7,0.0085,,
0.6845,86,48.1,21.7,0.0085,,
0.6930,87,49.2,21.7,0.0075,,
0.7015,88,50.1,21.7,0.0075,,
0.7095,89,50.8,21.7,0.0075,,
0.7175,90,51.6,21.7,0.0080,,
0.7255,91,52.3,21.7,0.0080,,
0.7340,92,53.4,21.7,0.0085,,
0.7425,93,54.3,21.8,0.0075,,
0.7510,94,54.9,21.7,0.0075,,
0.7595,95,55.8,21.7,0.0075,,
0.7670,96,56.5,21.7,0.0075,,
0.7755,97,57.6,21.8,0.0085,,
0.7835,98,58.5,21.8,0.0080,,
0.7920,99,59.2,21.8,0.0075,,
0.8005,100,60.2,21.7,0.0075,,
0.8090,101,61.2,21.8,0.0075,,
0.8165,102,62.0,21.7,0.0075,,
0.8250,103,63.0,21.8,0.0085,,
0.8335,104,63.7,21.7,0.0085,,
0.8420,105,64.7,21.7,0.0075,,
0.8500,106,65.8,21.7,0.0075,,
0.8585,107,66.5,21.7,0.0075,,
0.8660,108,67.4,21.7,0.0075,,
0.8745,109,68.1,21.8,0.0085,,
0.8830,110,69.2,21.7,0.0085,,
0.8915,111,70.2,21.8,0.0075,,
0.9000,112,70.9,21.8,0.0075,,
0.9080,113,71.8,21.8,0.0075,,
0.9165,114,72.6,21.8,0.0085,,
0.9240,115,73.7,21.8,0.0075,,
0.9325,116,74.7,21.8,0.0085,,
0.9410,117,75.5,21.8,0.0075,,
0.9495,118,76.5,21.8,0.0075,,
0.9580,119,77.6,21.8,0.0075,,
0.9655,120,78.5,21.8,0.0075,,
0.9740,121,79.4,21.8,0.0085,,
0.9825,122,80.2,21.8,0.0085,,
0.9905,123,81.3,21.8,0.0075,,
0.9990,124,82.5,21.8,0.0075,,
1.0075,125,83.4,21.8,0.0075,,
1.0150,126,84.4,21.8,0.0075,,
1.0235,127,85.3,21.8,0.0085,,
1.0320,128,86.6,21.8,0.0085,,
1.0405,129,87.8,21.8,0.0075,,
1.0490,130,88.8,21.8,0.0075,,
1.0570,131,90.1,21.8,0.0075,,
1.0650,132,91.0,21.8,0.0080,,
1.0730,133,92.4,21.8,0.0080,,
1.0815,134,93.6,21.8,0.0085,,
1.0900,135,94.8,21.8,0.0075,,
1.0985,136,96.2,21.8,0.0075,,
1.1070,137,97.7,21.8,0.0075,,
1.1145,138,99.0,21.8,0.0075,,
1.1230,139,100.2,21.8,0.0085,,
1.1315,140,101.4,21.8,0.0085,,
1.1395,141,103.1,21.8,0.0075,,
1.1480,142,104.7,21.8,0.0075,,
1.1565,143,106.1,21.8,0.0075,,
1.1640,144,107.8,21.8,0.0075,,
1.1725,145,109.5,21.8,0.0085,,
1.1810,146,111.7,21.8,0.0085,,
1.1895,147,113.7,21.8,0.0075,,
1.1975,148,115.6,21.8,0.0075,,
1.2060,149,117.8,21.8,0.0075,,
1.2135,150,119.7,21.8,0.0075,,
1.2220,151,122.3,21.8,0.0085,,
1.2305,152,125.0,21.8,0.0085,,
1.2390,153,127.8,21.8,0.0075,,
1.2475,154,130.9,21.8,0.0075,,
1.2560,155,134.2,21.8,0.0075,,
1.2635,156,137.2,21.8,0.0075,,
1.2715,157,140.6,21.8,0.0080,,
1.2800,158,144.2,21.8,0.0075,,
1.2885,159,148.1,21.8,0.0075,,
1.2970,160,152.0,21.8,0.0075,,
1.3055,161,155.9,21.8,0.0075,,
1.3130,162,159.5,21.8,0.0075,,
1.3215,163,163.1,21.8,0.0085,,
1.3300,164,166.8,21.8,0.0085,,
1.3380,165,170.4,21.8,0.0075,,
1.3465,166,173.1,21.8,0.0075,,
1.3550,167,176.1,21.8,0.0075,,
1.3625,168,178.5,21.8,0.0075,,
1.3710,169,181.3,21.8,0.0085,,
1.3795,170,183.6,21.8,0.0085,,
1.3875,171,185.3,21.8,0.0075,,
1.3875,411,189.9,21.8,0.0000,,
1.3880,412,189.8,21.8,0.0005,,
1.3895,413,189.8,21.8,0.0015,,
1.3920,414,190.0,21.8,0.0025,,
1.3960,415,190.3,21.8,0.0035,,
1.4020,416,190.8,21.8,0.0050,,
1.4100,417,192.1,21.8,0.0065,,
1.4180,418,193.2,21.8,0.0075,,
1.4260,419,194.7,21.8,0.0075,,
1.4345,420,196.1,21.8,0.0070,,
1.4430,421,197.6,21.8,0.0070,,
1.4515,422,199.0,21.8,0.0070,,
1.4600,423,199.9,21.8,0.0075,,
1.4675,424,201.3,21.8,0.0070,,
1.4760,425,202.4,21.8,0.0075,,
1.4845,426,203.6,21.8,0.0070,,
1.4925,427,204.8,21.8,0.0065,,
1.5010,428,205.8,21.8,0.0070,,
1.5090,429,206.7,21.8,0.0075,,
1.5170,430,207.5,21.8,0.0075,,
1.5255,431,208.6,21.8,0.0075,,
1.5340,432,209.6,21.8,0.0070,,
1.5425,433,210.2,21.8,0.0070,,
1.5510,434,211.1,21.8,0.0070,,
1.5585,435,211.8,21.8,0.0070,,
1.5670,436,212.7,21.8,0.0075,,
1.5755,437,213.5,21.8,0.0075,,
1.5835,438,214.1,21.8,0.0065,,
1.5920,439,214.9,21.8,0.0070,,
1.6005,440,215.7,21.8,0.0070,,
1.6080,441,216.3,21.8,0.0070,,
1.6165,442,216.9,21.8,0.0075,,
1.6250,443,217.4,21.8,0.0075,,
1.6335,444,218.1,21.8,0.0070,,
1.6415,445,218.7,21.8,0.0065,,
1.6500,446,219.2,21.8,0.0070,,
1.6575,447,219.7,21.8,0.0070,,
1.6660,448,220.1,21.8,0.0075,,
1.6745,449,220.8,21.8,0.0075,,
1.6830,450,221.5,21.8,0.0070,,
1.6915,451,221.8,21.8,0.0070,,
1.6995,452,222.4,21.8,0.0065,,
1.7075,453,222.8,21.8,0.0075,,
1.7155,454,223.5,21.8,0.0075,,
1.7240,455,224.1,21.8,0.0075,,
1.7325,456,224.4,21.8,0.0070,,
1.7410,457,224.9,21.8,0.0070,,
1.7495,458,225.6,21.8,0.0070,,
1.7570,459,225.9,21.8,0.0070,,
1.7655,460,226.4,21.8,0.0075,,
1.7740,461,226.7,21.8,0.0075,,
1.7820,462,227.2,21.8,0.0065,,
1.7905,463,227.9,21.8,0.0070,,
1.7990,464,228.1,21.8,0.0070,,
1.8075,465,228.5,21.8,0.0075,,
1.8150,466,228.7,21.8,0.0070,,
1.8235,467,229.3,21.8,0.0075,,
1.8320,468,229.8,21.8,0.0070,,
1.8405,469,230.0,21.8,0.0070,,
1.8485,470,230.5,21.8,0.0065,,
1.8565,471,230.7,21.8,0.0075,,
1.8645,472,231.3,21.8,0.0075,,
1.8730,473,231.7,21.8,0.0075,,
1.8815,474,231.9,21.8,0.0070,,
1.8900,475,232.3,21.8,0.0070,,
1.8985,476,232.8,21.8,0.0070,,
1.9060,477,233.1,21.8,0.0070,,
1.9145,478,233.3,21.8,0.0075,,
1.9225,479,233.6,21.8,0.0075,,
1.9275,480,234.0,21.8,0.0040,,
1.9295,481,234.2,21.8,0.0015,,
1.9305,482,234.2,21.8,0.0010,,
1.9310,483,234.2,21.8,0.0005,,
1.9315,484,234.2,21.8,0.0005,,
1.9325,485,234.4,21.8,0.0010,,
1.9330,486,234.4,21.8,0.0005,,
1.9345,487,234.4,21.8,0.0010,,
1.9355,488,234.5,21.8,0.0010,,
1.9365,489,234.5,21.8,0.0010,,
1.9370,490,234.6,21.8,0.0005,,
1.9375,491,234.6,21.8,0.0005,,
1.9385,492,234.5,21.8,0.0010,,
1.9390,493,234.5,21.8,0.0005,,
1.9400,494,234.8,21.8,0.0010,,
1.9415,495,234.8,21.8,0.0015,,
1.9435,496,234.9,21.8,0.0020,,
1.9470,497,235.0,21.8,0.0025,,
Scope 1/1, Sample 27/32 (T19)
Result,TitrationEP1
V,t,E,T,dV/dt,E acc. stat.,Volume acc. stat.
0.0000,0,-54.4,21.7,NaN,,
0.0005,1,-54.5,21.7,0.0005,,
0.0025,2,-54.6,21.7,0.0020,,
0.0050,3,-54.4,21.7,0.0025,,
0.0090,4,-54.5,21.7,0.0035,,
0.0150,5,-54.4,21.7,0.0055,,
0.0235,6,-53.8,21.7,0.0075,,
0.0310,7,-53.3,21.7,0.0075,,
0.0395,8,-52.2,21.7,0.0085,,
0.0480,9,-51.4,21.7,0.0075,,
0.0565,10,-50.1,21.7,0.0075,,
0.0650,11,-48.6,21.7,0.0075,,
0.0735,12,-47.2,21.7,0.0075,,
0.0810,13,-45.7,21.7,0.0075,,
0.0890,14,-44.2,21.7,0.0080,,
0.0975,15,-42.6,21.7,0.0075,,
0.1060,16,-40.5,21.7,0.0075,,
0.1145,17,-38.6,21.7,0.0075,,
0.1230,18,-36.5,21.7,0.0075,,
0.1305,19,-34.5,21.7,0.0075,,
0.1390,20,-32.2,21.7,0.0085,,
0.1475,21,-29.6,21.7,0.0075,,
0.1555,22,-27.1,21.7,0.0075,,
0.1640,23,-24.4,21.7,0.0075,,
0.1725,24,-21.5,21.7,0.0075,,
0.1800,25,-19.1,21.7,0.0075,,
0.1885,26,-16.3,21.7,0.0085,,
0.1970,27,-13.7,21.7,0.0085,,
0.2055,28,-11.3,21.7,0.0075,,
0.2135,29,-8.9,21.7,0.0075,,
0.2220,30,-6.7,21.7,0.0075,,
0.2295,31,-4.9,21.7,0.0075,,
0.2380,32,-3.1,21.7,0.0085,,
0.2465,33,-1.6,21.7,0.0085,,
0.2550,34,0.1,21.7,0.0075,,
0.2635,35,1.5,21.7,0.0075,,
0.2715,36,2.9,21.7,0.0075,,
0.2795,37,4.2,21.7,0.0080,,
0.2875,38,5.5,21.7,0.0080,,
0.2960,39,7.0,21.7,0.0085,,
0.3045,40,8.2,21.7,0.0075,,
0.3130,41,9.2,21.7,0.0075,,
0.3215,42,10.4,21.7,0.0075,,
0.3290,43,11.4,21.7,0.0075,,
0.3375,44,12.7,21.7,0.0085,,
0.3460,45,13.8,21.8,0.0085,,
0.3540,46,14.7,21.8,0.0075,,
0.3625,47,15.8,21.8,0.0075,,
0.3710,48,16.7,21.8,0.0075,,
0.3785,49,17.7,21.7,0.0075,,
0.3870,50,18.6,21.8,0.0085,,
0.3955,51,19.4,21.8,0.0085,,
0.4040,52,20.6,21.7,0.0075,,
0.4120,53,21.7,21.7,0.0075,,
0.4205,54,22.4,21.7,0.0075,,
0.4280,55,23.4,21.8,0.0075,,
0.4365,56,24.1,21.8,0.0085,,
0.4450,57,25.1,21.8,0.0085,,
0.4535,58,26.0,21.8,0.0075,,
0.4620,59,26.7,21.8,0.0075,,
0.4705,60,27.7,21.8,0.0075,,
0.4780,61,28.6,21.8,0.0075,,
0.4865,62,29.7,21.8,0.0085,,
0.4945,63,30.4,21.8,0.0080,,
0.5030,64,31.3,21.8,0.0075,,
0.5115,65,32.1,21.8,0.0075,,
0.5200,66,33.2,21.8,0.0075,,
0.5275,67,34.0,21.8,0.0075,,
0.5360,68,34.8,21.8,0.0085,,
0.5445,69,35.5,21.8,0.0085,,
0.5530,70,36.5,21.8,0.0075,,
0.5610,71,37.4,21.8,0.0075,,
0.5695,72,38.2,21.8,0.0075,,
0.5770,73,39.0,21.8,0.0075,,
0.5855,74,39.8,21.8,0.0085,,
0.5940,75,40.8,21.8,0.0085,,
0.6025,76,41.8,21.8,0.0075,,
0.6110,77,42.6,21.8,0.0075,,
0.6190,78,43.4,21.8,0.0075,,
0.6275,79,44.1,21.8,0.0085,,
0.6350,80,45.0,21.8,0.0075,,
0.6435,81,46.0,21.8,0.0085,,
0.6520,82,46.7,21.8,0.0075,,
0.6605,83,47.6,21.8,0.0075,,
0.6690,84,48.7,21.8,0.0075,,
0.6765,85,49.5,21.8,0.0075,,
0.6850,86,50.5,21.8,0.0085,,
0.6935,87,51.3,21.8,0.0085,,
0.7015,88,52.2,21.8,0.0075,,
0.7100,89,53.2,21.8,0.0075,,
0.7185,90,53.9,21.8,0.0075,,
0.7260,91,54.8,21.8,0.0075,,
0.7345,92,55.7,21.8,0.0085,,
0.7430,93,56.6,21.8,0.0085,,
0.7515,94,57.6,21.8,0.0075,,
0.7595,95,58.4,21.8,0.0075,,
0.7680,96,59.2,21.8,0.0075,,
0.7765,97,60.0,21.8,0.0085,,
0.7840,98,60.9,21.8,0.0075,,
0.7925,99,62.0,21.8,0.0085,,
0.8010,100,62.6,21.8,0.0075,,
0.8095,101,63.6,21.8,0.0075,,
0.8180,102,64.7,21.8,0.0075,,
0.8255,103,65.5,21.8,0.0075,,
0.8340,104,66.3,21.8,0.0085,,
0.8420,105,67.0,21.8,0.0080,,
0.8505,106,68.1,21.8,0.0075,,
0.8590,107,69.2,21.8,0.0075,,
0.8675,108,70.0,21.8,0.0075,,
0.8750,109,70.9,21.8,0.0075,,
0.8835,110,71.7,21.8,0.0085,,
0.8920,111,72.8,21.8,0.0085,,
0.9000,112,73.7,21.8,0.0075,,
0.9085,113,74.6,21.8,0.0075,,
0.9170,114,75.5,21.8,0.0075,,
0.9255,115,76.5,21.8,0.0085,,
0.9330,116,77.5,21.8,0.0075,,
0.9415,117,78.4,21.8,0.0085,,
0.9500,118,79.2,21.8,0.0075,,
0.9585,119,80.5,21.8,0.0075,,
0.9665,120,81.6,21.8,0.0075,,
0.9745,121,82.4,21.8,0.0080,,
0.9825,122,83.4,21.8,0.0080,,
0.9910,123,84.3,21.8,0.0085,,
0.9995,124,85.4,21.8,0.0075,,
1.0080,125,86.6,21.8,0.0075,,
1.0165,126,87.5,21.8,0.0075,,
1.0240,127,88.5,21.8,0.0075,,
1.0325,128,89.6,21.8,0.0085,,
1.0405,129,90.9,21.8,0.0080,,
1.0490,130,92.1,21.8,0.0075,,
1.0575,131,93.1,21.8,0.0075,,
1.0660,132,94.3,21.8,0.0075,,
1.0735,133,95.5,21.8,0.0075,,
1.0820,134,97.0,21.8,0.0085,,
1.0905,135,98.3,21.8,0.0085,,
1.0990,136,99.6,21.8,0.0075,,
1.1070,137,101.0,21.8,0.0075,,
1.1155,138,102.5,21.8,0.0075,,
1.1230,139,103.7,21.8,0.0075,,
1.1315,140,105.2,21.8,0.0085,,
1.1400,141,106.8,21.8,0.0085,,
1.1485,142,108.5,21.8,0.0075,,
1.1570,143,110.1,21.8,0.0075,,
1.1655,144,111.8,21.8,0.0075,,
1.1730,145,113.5,21.8,0.0075,,
1.1815,146,115.3,21.8,0.0085,,
1.1895,147,117.4,21.8,0.0080,,
1.1980,148,119.4,21.8,0.0075,,
1.2065,149,121.5,21.8,0.0075,,
1.2150,150,123.8,21.8,0.0075,,
1.2225,151,126.1,21.8,0.0075,,
1.2310,152,128.9,21.8,0.0085,,
1.2395,153,131.4,21.8,0.0085,,
1.2475,154,134.1,21.8,0.0075,,
1.2560,155,137.2,21.8,0.0075,,
1.2645,156,140.8,21.8,0.0075,,
1.2720,157,143.8,21.8,0.0075,,
1.2805,158,147.3,21.8,0.0085,,
1.2890,159,151.0,21.8,0.0085,,
1.2975,160,154.7,21.8,0.0075,,
1.3060,161,158.5,21.8,0.0075,,
1.3140,162,162.0,21.8,0.0075,,
1.3220,163,165.3,21.8,0.0080,,
1.3300,164,168.9,21.8,0.0080,,
1.3385,165,172.2,21.8,0.0085,,
1.3470,166,175.2,21.8,0.0075,,
1.3555,167,177.7,21.8,0.0075,,
1.3640,168,180.4,21.8,0.0075,,
1.3715,169,182.6,21.8,0.0075,,
1.3800,170,185.0,21.8,0.0085,,
1.3825,170,185.1,21.8,0.0085,,
1.3825,410,188.9,21.8,0.0000,,
1.3830,411,188.9,21.8,0.0005,,
1.3845,412,189.0,21.8,0.0010,,
1.3870,414,189.0,21.8,0.0015,,
1.3910,414,189.5,21.8,0.0080,,
1.3975,416,190.5,21.8,0.0045,,
1.4055,416,191.9,21.8,0.0160,,
1.4135,417,193.3,21.8,0.0055,,
1.4215,418,194.6,21.8,0.0055,,
1.4300,419,196.0,21.8,0.0060,,
1.4385,420,197.6,21.8,0.0055,,
1.4470,422,198.9,21.8,0.0055,,
1.4555,422,200.1,21.8,0.0170,,
1.4630,423,201.2,21.8,0.0055,,
1.4715,424,202.4,21.8,0.0060,,
1.4800,426,203.7,21.8,0.0055,,
1.4880,426,204.7,21.8,0.0160,,
1.4965,428,205.6,21.8,0.0055,,
1.5050,428,206.4,21.8,0.0210,,
1.5125,429,207.5,21.8,0.0055,,
1.5210,430,208.6,21.8,0.0060,,
1.5295,432,209.3,21.8,0.0055,,
1.5380,432,210.1,21.8,0.0170,,
1.5465,434,211.1,21.8,0.0055,,
1.5545,434,211.7,21.8,0.0200,,
1.5625,435,212.6,21.8,0.0055,,
1.5705,436,213.3,21.8,0.0055,,
1.5790,438,214.0,21.8,0.0055,,
1.5875,438,214.8,21.8,0.0170,,
1.5960,440,215.5,21.8,0.0055,,
1.6045,440,216.1,21.8,0.0210,,
1.6120,441,216.7,21.8,0.0055,,
1.6205,442,217.3,21.8,0.0060,,
1.6285,443,218.0,21.8,0.0055,,
1.6370,444,218.6,21.8,0.0055,,
1.6455,446,219.2,21.8,0.0055,,
1.6540,446,219.7,21.8,0.0210,,
1.6615,447,220.3,21.8,0.0055,,
1.6700,448,221.0,21.8,0.0060,,
1.6785,450,221.5,21.8,0.0055,,
1.6865,450,221.9,21.8,0.0160,,
1.6950,452,222.6,21.8,0.0055,,
1.7035,452,223.1,21.8,0.0170,,
1.7110,453,223.6,21.8,0.0055,,
1.7195,454,224.0,21.8,0.0060,,
1.7280,456,224.4,21.8,0.0055,,
1.7365,456,225.1,21.8,0.0170,,
1.7450,458,225.4,21.8,0.0055,,
1.7530,458,225.9,21.8,0.0200,,
1.7610,459,226.2,21.8,0.0055,,
1.7690,460,226.8,21.8,0.0055,,
1.7775,462,227.3,21.8,0.0055,,
1.7860,462,227.6,21.8,0.0170,,
1.7945,464,228.0,21.8,0.0055,,
1.8030,464,228.4,21.8,0.0210,,
1.8105,465,228.8,21.8,0.0055,,
1.8190,466,229.3,21.8,0.0060,,
1.8275,468,229.6,21.8,0.0055,,
1.8355,468,229.8,21.9,0.0160,,
1.8440,470,230.2,21.8,0.0055,,
1.8525,470,230.7,21.9,0.0170,,
1.8600,471,231.1,21.9,0.0055,,
1.8685,472,231.4,21.9,0.0060,,
1.8770,473,231.6,21.9,0.0060,,
1.8855,474,232.1,21.8,0.0055,,
1.8935,476,232.5,21.8,0.0055,,
1.9020,476,232.7,21.9,0.0170,,
1.9095,477,233.2,21.9,0.0055,,
1.9180,478,233.4,21.9,0.0060,,
1.9255,479,233.8,21.9,0.0055,,
1.9305,480,234.2,21.8,0.0035,,
1.9315,482,234.2,21.9,0.0005,,
1.9320,482,234.2,21.9,0.0010,,
1.9330,483,234.3,21.9,0.0005,,
1.9345,484,234.5,21.9,0.0010,,
1.9360,485,234.7,21.9,0.0010,,
1.9370,486,234.6,21.9,0.0005,,
1.9380,488,234.6,21.9,0.0005,,
1.9385,488,234.7,21.9,0.0010,,
1.9390,489,234.6,21.9,0.0005,,
1.9395,490,234.7,21.9,0.0005,,
1.9410,491,234.6,21.9,0.0010,,
1.9425,492,234.7,21.9,0.0010,,
1.9445,494,234.9,21.9,0.0015,,
1.9465,494,234.9,21.9,0.0040,,
1.9490,495,235.0,21.9,0.0020,,
1.9500,496,235.1,21.9,0.0010,,
Scope 1/1, Sample 28/32 (T20)
Result,TitrationEP1
V,t,E,T,dV/dt,E acc. stat.,Volume acc. stat.
0.0000,0,-54.5,21.7,NaN,,
0.0010,1,-54.7,21.7,0.0010,,
0.0025,2,-54.6,21.7,0.0015,,
0.0050,3,-54.6,21.7,0.0025,,
0.0090,4,-54.5,21.7,0.0035,,
0.0155,5,-54.4,21.7,0.0060,,
0.0235,6,-54.1,21.7,0.0075,,
0.0320,7,-53.4,21.7,0.0075,,
0.0405,8,-52.6,21.7,0.0075,,
0.0480,9,-51.7,21.7,0.0070,,
0.0565,10,-50.7,21.7,0.0075,,
0.0650,11,-49.4,21.7,0.0075,,
0.0735,12,-47.9,21.7,0.0075,,
0.0820,13,-46.5,21.7,0.0075,,
0.0900,14,-44.8,21.7,0.0075,,
0.0975,15,-43.1,21.7,0.0070,,
0.1060,16,-41.4,21.7,0.0075,,
0.1145,17,-39.3,21.7,0.0075,,
0.1230,18,-37.3,21.7,0.0075,,
0.1315,19,-35.3,21.7,0.0075,,
0.1400,20,-32.9,21.7,0.0075,,
0.1475,21,-30.8,21.7,0.0070,,
0.1560,22,-28.3,21.7,0.0075,,
0.1640,23,-25.8,21.7,0.0075,,
0.1725,24,-23.2,21.7,0.0075,,
0.1810,25,-20.4,21.7,0.0075,,
0.1895,26,-17.9,21.7,0.0075,,
0.1970,27,-15.5,21.7,0.0070,,
0.2055,28,-13.3,21.7,0.0075,,
0.2140,29,-10.9,21.7,0.0075,,
0.2225,30,-8.7,21.7,0.0075,,
0.2305,31,-6.7,21.7,0.0075,,
0.2390,32,-4.9,21.7,0.0075,,
0.2465,33,-3.3,21.7,0.0070,,
0.2550,34,-1.8,21.7,0.0075,,
0.2635,35,-0.1,21.7,0.0075,,
0.2720,36,1.0,21.7,0.0075,,
0.2805,37,2.3,21.7,0.0075,,
0.2885,38,3.8,21.7,0.0075,,
0.2965,39,4.9,21.7,0.0075,,
0.3045,40,6.2,21.7,0.0075,,
0.3130,41,7.3,21.7,0.0075,,
0.3215,42,8.3,21.7,0.0075,,
0.3300,43,9.7,21.7,0.0075,,
0.3385,44,10.8,21.7,0.0075,,
0.3460,45,11.7,21.7,0.0070,,
0.3545,46,12.6,21.7,0.0075,,
0.3630,47,13.5,21.7,0.0075,,
0.3710,48,14.6,21.7,0.0075,,
0.3795,49,15.6,21.7,0.0075,,
0.3880,50,16.6,21.7,0.0075,,
0.3965,51,17.5,21.7,0.0075,,
0.4040,52,18.4,21.7,0.0070,,
0.4125,53,19.4,21.7,0.0075,,
0.4210,54,20.4,21.7,0.0075,,
0.4290,55,21.2,21.7,0.0075,,
0.4375,56,22.2,21.7,0.0075,,
0.4460,57,23.0,21.7,0.0085,,
0.4535,58,24.0,21.7,0.0070,,
0.4620,59,24.8,21.7,0.0075,,
0.4705,60,25.6,21.7,0.0075,,
0.4790,61,26.6,21.7,0.0075,,
0.4870,62,27.4,21.7,0.0075,,
0.4955,63,28.2,21.7,0.0075,,
0.5030,64,29.1,21.7,0.0070,,
0.5115,65,29.8,21.7,0.0075,,
0.5200,66,30.7,21.7,0.0075,,
0.5285,67,31.7,21.7,0.0075,,
0.5370,68,32.4,21.7,0.0075,,
0.5455,69,33.3,21.7,0.0085,,
0.5530,70,34.0,21.7,0.0070,,
0.5615,71,35.0,21.7,0.0075,,
0.5695,72,36.0,21.7,0.0075,,
0.5780,73,36.7,21.7,0.0075,,
0.5865,74,37.6,21.7,0.0075,,
0.5950,75,38.3,21.7,0.0075,,
0.6025,76,39.4,21.7,0.0070,,
0.6110,77,40.3,21.7,0.0075,,
0.6195,78,41.1,21.7,0.0075,,
0.6275,79,42.0,21.7,0.0075,,
0.6360,80,43.0,21.7,0.0075,,
0.6445,81,43.9,21.7,0.0085,,
0.6520,82,44.7,21.7,0.0070,,
0.6605,83,45.5,21.7,0.0075,,
0.6690,84,46.5,21.7,0.0075,,
0.6775,85,47.5,21.7,0.0075,,
0.6860,86,48.3,21.7,0.0075,,
0.6940,87,49.1,21.7,0.0075,,
0.7015,88,50.0,21.7,0.0070,,
0.7100,89,50.9,21.7,0.0075,,
0.7185,90,51.9,21.7,0.0075,,
0.7270,91,52.7,21.7,0.0075,,
0.7355,92,53.6,21.7,0.0075,,
0.7440,93,54.6,21.7,0.0075,,
0.7515,94,55.4,21.7,0.0070,,
0.7600,95,56.4,21.7,0.0075,,
0.7680,96,57.1,21.7,0.0075,,
0.7765,97,58.1,21.7,0.0075,,
0.7850,98,59.2,21.7,0.0075,,
0.7935,99,59.9,21.7,0.0075,,
0.8010,100,60.7,21.7,0.0070,,
0.8095,101,61.5,21.7,0.0075,,
0.8180,102,62.5,21.7,0.0075,,
0.8260,103,63.5,21.7,0.0075,,
0.8345,104,64.3,21.7,0.0075,,
0.8430,105,65.2,21.7,0.0075,,
0.8505,106,66.0,21.7,0.0070,,
0.8590,107,67.1,21.7,0.0075,,
0.8675,108,68.2,21.7,0.0075,,
0.8760,109,69.0,21.7,0.0075,,
0.8845,110,69.9,21.7,0.0075,,
0.8925,111,71.0,21.7,0.0075,,
0.9005,112,71.8,21.7,0.0075,,
0.9085,113,72.9,21.7,0.0075,,
0.9170,114,73.7,21.7,0.0075,,
0.9255,115,74.7,21.7,0.0075,,
0.9340,116,75.8,21.7,0.0075,,
0.9425,117,76.7,21.7,0.0075,,
0.9500,118,77.8,21.7,0.0070,,
0.9585,119,78.6,21.7,0.0075,,
0.9665,120,79.6,21.7,0.0075,,
0.9750,121,80.8,21.7,0.0075,,
0.9835,122,81.7,21.7,0.0075,,
0.9920,123,82.7,21.7,0.0075,,
0.9995,124,83.6,21.7,0.0070,,
1.0080,125,84.7,21.7,0.0075,,
1.0165,126,85.9,21.7,0.0075,,
1.0245,127,86.9,21.7,0.0075,,
1.0330,128,87.9,21.7,0.0075,,
1.0415,129,89.2,21.7,0.0075,,
1.0490,130,90.1,21.7,0.0070,,
1.0575,131,91.4,21.7,0.0075,,
1.0660,132,92.5,21.7,0.0075,,
1.0745,133,93.7,21.7,0.0075,,
1.0830,134,95.1,21.7,0.0075,,
1.0915,135,96.3,21.7,0.0075,,
1.0990,136,97.7,21.7,0.0070,,
1.1070,137,98.9,21.7,0.0075,,
1.1155,138,100.3,21.7,0.0075,,
1.1240,139,101.9,21.7,0.0075,,
1.1325,140,103.4,21.7,0.0075,,
1.1410,141,104.8,21.7,0.0075,,
1.1485,142,106.3,21.7,0.0070,,
1.1570,143,108.0,21.7,0.0075,,
1.1655,144,109.8,21.7,0.0075,,
1.1735,145,111.5,21.7,0.0075,,
1.1820,146,113.3,21.7,0.0075,,
1.1905,147,115.4,21.7,0.0075,,
1.1980,148,117.1,21.7,0.0070,,
1.2065,149,119.4,21.7,0.0075,,
1.2150,150,121.6,21.7,0.0075,,
1.2235,151,124.1,21.7,0.0075,,
1.2315,152,126.9,21.7,0.0075,,
1.2400,153,130.0,21.7,0.0075,,
1.2485,154,132.8,21.7,0.0075,,
1.2560,155,135.6,21.7,0.0070,,
1.2645,156,138.8,21.7,0.0075,,
1.2730,157,142.7,21.7,0.0075,,
1.2815,158,146.4,21.7,0.0075,,
1.2895,159,150.2,21.7,0.0075,,
1.2980,160,154.4,21.7,0.0075,,
1.3055,161,157.7,21.7,0.0070,,
1.3140,162,161.4,21.7,0.0075,,
1.3225,163,165.1,21.7,0.0075,,
1.3310,164,168.6,21.7,0.0075,,
1.3395,165,172.1,21.7,0.0075,,
1.3475,166,175.2,21.7,0.0075,,
1.3555,167,177.7,21.7,0.0075,,
1.3635,168,180.3,21.7,0.0075,,
1.3720,169,182.7,21.7,0.0075,,
1.3805,170,184.9,21.7,0.0075,,
1.3835,170,185.2,21.7,0.0060,,
1.3835,411,189.9,21.8,0.0000,,
1.3840,412,190.0,21.8,0.0005,,
1.3855,413,190.0,21.8,0.0020,,
1.3880,414,190.0,21.8,0.0030,,
1.3920,415,190.2,21.8,0.0050,,
1.3980,416,191.1,21.8,0.0075,,
1.4060,417,192.0,21.8,0.0100,,
1.4140,418,193.3,21.8,0.0115,,
1.4220,419,194.7,21.8,0.0115,,
1.4305,420,196.2,21.8,0.0105,,
1.4390,421,197.8,21.8,0.0105,,
1.4475,422,199.2,21.8,0.0105,,
1.4560,423,200.4,21.8,0.0105,,
1.4635,424,201.6,21.8,0.0105,,
1.4720,425,202.7,21.8,0.0120,,
1.4800,426,204.0,21.8,0.0115,,
1.4885,427,205.1,21.8,0.0105,,
1.4970,428,205.9,21.8,0.0105,,
1.5055,429,206.9,21.8,0.0105,,
1.5130,430,207.6,21.8,0.0105,,
1.5215,431,208.7,21.8,0.0120,,
1.5300,432,209.7,21.8,0.0120,,
1.5380,433,210.4,21.8,0.0100,,
1.5465,434,211.3,21.8,0.0105,,
1.5550,435,212.3,21.8,0.0105,,
1.5625,436,212.9,21.8,0.0105,,
1.5710,437,213.7,21.8,0.0120,,
1.5795,438,214.2,21.8,0.0120,,
1.5880,439,215.1,21.8,0.0105,,
1.5965,440,216.0,21.8,0.0105,,
1.6045,441,216.5,21.8,0.0100,,
1.6125,442,217.1,21.8,0.0115,,
1.6205,443,217.7,21.8,0.0115,,
1.6290,444,218.4,21.8,0.0120,,
1.6375,445,219.1,21.8,0.0105,,
1.6460,446,219.5,21.8,0.0105,,
1.6545,447,220.1,21.8,0.0105,,
1.6620,448,220.7,21.8,0.0105,,
1.6705,449,221.3,21.8,0.0120,,
1.6790,450,221.8,21.8,0.0120,,
1.6870,451,222.1,21.8,0.0100,,
1.6955,452,222.8,21.8,0.0105,,
1.7040,453,223.3,21.8,0.0105,,
1.7115,454,223.8,21.8,0.0105,,
1.7200,455,224.3,21.8,0.0120,,
1.7285,456,224.6,21.8,0.0120,,
1.7370,457,225.3,21.8,0.0105,,
1.7450,458,225.7,21.8,0.0100,,
1.7535,459,225.9,21.8,0.0105,,
1.7610,460,226.6,21.8,0.0105,,
1.7695,461,226.9,21.8,0.0120,,
1.7780,462,227.5,21.8,0.0120,,
1.7865,463,227.9,21.8,0.0105,,
1.7950,464,228.3,21.8,0.0105,,
1.8035,465,228.7,21.8,0.0105,,
1.8110,466,229.0,21.8,0.0105,,
1.8195,467,229.6,21.8,0.0120,,
1.8275,468,230.0,21.8,0.0115,,
1.8360,469,230.4,21.8,0.0105,,
1.8445,470,230.9,21.8,0.0105,,
1.8530,471,231.3,21.8,0.0105,,
1.8605,472,231.5,21.8,0.0105,,
1.8690,473,231.8,21.8,0.0120,,
1.8775,474,232.1,21.8,0.0120,,
1.8855,475,232.5,21.8,0.0100,,
1.8940,476,232.9,21.8,0.0105,,
1.9025,477,233.1,21.8,0.0105,,
1.9100,478,233.5,21.8,0.0105,,
1.9175,479,233.8,21.8,0.0105,,
1.9215,480,234.3,21.8,0.0055,,
1.9225,481,234.4,21.8,0.0010,,
1.9230,482,234.4,21.8,0.0005,,
1.9240,483,234.7,21.8,0.0010,,
1.9250,484,234.6,21.8,0.0015,,
1.9260,485,234.8,21.8,0.0015,,
1.9275,486,234.8,21.8,0.0020,,
1.9290,487,234.7,21.8,0.0020,,
1.9315,488,234.9,21.8,0.0030,,
1.9350,489,235.0,21.8,0.0035,,
Scope 1/1, Sample 29/32 (T21)
Result,TitrationEP1
V,t,E,T,dV/dt,E acc. stat.,Volume acc. stat.
0.0000,0,-55.0,21.7,NaN,,
0.0010,1,-55.0,21.7,0.0010,,
0.0025,2,-54.9,21.7,0.0015,,
0.0050,3,-55.0,21.7,0.0025,,
0.0090,4,-54.9,21.7,0.0035,,
0.0150,5,-54.7,21.7,0.0055,,
0.0235,6,-54.4,21.7,0.0075,,
0.0320,7,-53.6,21.7,0.0075,,
0.0405,8,-52.7,21.7,0.0075,,
0.0480,9,-51.7,21.7,0.0070,,
0.0565,10,-50.5,21.7,0.0075,,
0.0650,11,-49.2,21.7,0.0075,,
0.0735,12,-47.6,21.7,0.0075,,
0.0815,13,-46.0,21.7,0.0075,,
0.0900,14,-44.4,21.7,0.0075,,
0.0975,15,-42.7,21.7,0.0070,,
0.1060,16,-40.9,21.7,0.0075,,
0.1145,17,-38.8,21.7,0.0075,,
0.1230,18,-36.6,21.7,0.0075,,
0.1315,19,-34.6,21.7,0.0075,,
0.1400,20,-32.2,21.7,0.0075,,
0.1475,21,-30.0,21.7,0.0070,,
0.1560,22,-27.4,21.7,0.0075,,
0.1640,23,-24.7,21.7,0.0075,,
0.1725,24,-21.9,21.7,0.0075,,
0.1810,25,-18.9,21.7,0.0075,,
0.1895,26,-16.4,21.7,0.0085,,
0.1970,27,-13.6,21.7,0.0070,,
0.2055,28,-11.1,21.7,0.0075,,
0.2140,29,-8.8,21.7,0.0075,,
0.2225,30,-6.4,21.7,0.0075,,
0.2305,31,-4.2,21.7,0.0075,,
0.2390,32,-2.6,21.7,0.0075,,
0.2465,33,-1.2,21.7,0.0070,,
0.2550,34,0.4,21.7,0.0075,,
0.2635,35,2.0,21.7,0.0075,,
0.2720,36,3.5,21.7,0.0075,,
0.2805,37,4.9,21.7,0.0075,,
0.2885,38,6.4,21.7,0.0075,,
0.2965,39,7.4,21.7,0.0075,,
0.3045,40,8.7,21.7,0.0075,,
0.3130,41,9.9,21.7,0.0075,,
0.3215,42,10.9,21.7,0.0075,,
0.3300,43,12.1,21.7,0.0075,,
0.3385,44,13.3,21.7,0.0075,,
0.3460,45,14.2,21.7,0.0070,,
0.3545,46,15.2,21.7,0.0075,,
0.3625,47,16.2,21.7,0.0075,,
0.3710,48,17.3,21.7,0.0075,,
0.3795,49,18.4,21.7,0.0075,,
0.3880,50,19.2,21.7,0.0075,,
0.3955,51,20.1,21.7,0.0070,,
0.4040,52,21.1,21.7,0.0075,,
0.4125,53,22.1,21.7,0.0075,,
0.4205,54,23.0,21.7,0.0075,,
0.4290,55,23.9,21.7,0.0075,,
0.4375,56,24.8,21.7,0.0075,,
0.4450,57,25.6,21.7,0.0070,,
0.4535,58,26.6,21.7,0.0075,,
0.4620,59,27.5,21.7,0.0075,,
0.4705,60,28.2,21.7,0.0075,,
0.4785,61,29.2,21.7,0.0075,,
0.4870,62,30.1,21.7,0.0075,,
0.4945,63,30.9,21.7,0.0070,,
0.5030,64,31.8,21.7,0.0075,,
0.5115,65,32.6,21.7,0.0075,,
0.5200,66,33.5,21.7,0.0075,,
0.5285,67,34.5,21.7,0.0075,,
0.5370,68,35.3,21.7,0.0075,,
0.5450,69,36.1,21.7,0.0080,,
0.5530,70,36.8,21.7,0.0075,,
0.5610,71,37.8,21.7,0.0075,,
0.5695,72,38.7,21.7,0.0075,,
0.5780,73,39.5,21.7,0.0075,,
0.5865,74,40.3,21.7,0.0075,,
0.5950,75,41.1,21.7,0.0085,,
0.6025,76,42.0,21.7,0.0070,,
0.6110,77,42.9,21.7,0.0075,,
0.6190,78,43.7,21.7,0.0075,,
0.6275,79,44.6,21.7,0.0075,,
0.6360,80,45.6,21.7,0.0075,,
0.6445,81,46.4,21.7,0.0075,,
0.6520,82,47.2,21.7,0.0070,,
0.6605,83,47.8,21.7,0.0075,,
0.6690,84,48.7,21.7,0.0075,,
0.6775,85,49.7,21.7,0.0075,,
0.6855,86,50.6,21.7,0.0075,,
0.6940,87,51.4,21.7,0.0085,,
0.7015,88,52.2,21.7,0.0070,,
0.7100,89,53.2,21.7,0.0075,,
0.7185,90,54.2,21.7,0.0075,,
0.7270,91,55.0,21.7,0.0075,,
0.7355,92,55.9,21.7,0.0075,,
0.7440,93,56.6,21.7,0.0075,,
0.7515,94,57.5,21.7,0.0070,,
0.7595,95,58.5,21.7,0.0075,,
0.7680,96,59.2,21.7,0.0075,,
0.7765,97,60.2,21.7,0.0075,,
0.7850,98,61.2,21.7,0.0075,,
0.7935,99,62.1,21.7,0.0075,,
0.8010,100,62.9,21.7,0.0070,,
0.8095,101,63.7,21.7,0.0075,,
0.8180,102,64.6,21.7,0.0075,,
0.8260,103,65.7,21.7,0.0075,,
0.8345,104,66.5,21.7,0.0075,,
0.8430,105,67.3,21.7,0.0075,,
0.8505,106,68.2,21.7,0.0070,,
0.8590,107,69.1,21.7,0.0075,,
0.8675,108,70.1,21.7,0.0075,,
0.8760,109,70.9,21.7,0.0075,,
0.8840,110,71.7,21.7,0.0075,,
0.8925,111,72.9,21.7,0.0075,,
0.9000,112,73.7,21.7,0.0070,,
0.9085,113,74.8,21.7,0.0075,,
0.9170,114,75.7,21.7,0.0075,,
0.9255,115,76.6,21.7,0.0075,,
0.9340,116,77.7,21.7,0.0075,,
0.9420,117,78.6,21.7,0.0075,,
0.9500,118,79.6,21.7,0.0075,,
0.9580,119,80.3,21.7,0.0075,,
0.9665,120,81.2,21.7,0.0075,,
0.9750,121,82.5,21.7,0.0075,,
0.9835,122,83.5,21.7,0.0075,,
0.9920,123,84.5,21.7,0.0075,,
0.9995,124,85.4,21.7,0.0070,,
1.0080,125,86.5,21.7,0.0075,,
1.0165,126,87.8,21.7,0.0075,,
1.0245,127,88.8,21.7,0.0075,,
1.0330,128,89.9,21.7,0.0075,,
1.0415,129,91.0,21.7,0.0075,,
1.0490,130,91.9,21.7,0.0070,,
1.0575,131,93.2,21.7,0.0075,,
1.0660,132,94.3,21.7,0.0075,,
1.0745,133,95.4,21.7,0.0075,,
1.0825,134,96.9,21.7,0.0075,,
1.0910,135,98.2,21.7,0.0075,,
1.0985,136,99.3,21.7,0.0070,,
1.1070,137,100.7,21.7,0.0075,,
1.1155,138,102.0,21.7,0.0075,,
1.1240,139,103.6,21.7,0.0075,,
1.1325,140,105.1,21.7,0.0075,,
1.1410,141,106.5,21.7,0.0075,,
1.1485,142,108.1,21.7,0.0070,,
1.1570,143,109.8,21.7,0.0075,,
1.1650,144,111.6,21.7,0.0075,,
1.1735,145,113.3,21.7,0.0075,,
1.1820,146,115.2,21.7,0.0075,,
1.1905,147,117.3,21.7,0.0075,,
1.1980,148,119.0,21.7,0.0070,,
1.2065,149,121.5,21.7,0.0075,,
1.2150,150,123.8,21.7,0.0075,,
1.2235,151,126.2,21.7,0.0075,,
1.2315,152,128.8,21.7,0.0075,,
1.2400,153,131.3,21.7,0.0085,,
1.2475,154,134.2,21.7,0.0070,,
1.2560,155,137.2,21.7,0.0075,,
1.2645,156,140.3,21.7,0.0075,,
1.2730,157,144.0,21.7,0.0075,,
1.2815,158,147.4,21.7,0.0075,,
1.2900,159,151.1,21.7,0.0075,,
1.2975,160,154.7,21.7,0.0070,,
1.3060,161,158.5,21.7,0.0075,,
1.3140,162,162.3,21.7,0.0075,,
1.3225,163,165.7,21.7,0.0075,,
1.3310,164,169.2,21.7,0.0075,,
1.3395,165,172.5,21.7,0.0075,,
1.3470,166,175.1,21.7,0.0070,,
1.3555,167,177.9,21.7,0.0075,,
1.3640,168,180.3,21.7,0.0075,,
1.3720,169,182.7,21.7,0.0075,,
1.3825,170,185.1,21.7,0.0080,,
1.3825,410,189.1,21.7,0.0000,,
1.3830,411,189.1,21.7,0.0005,,
1.3845,412,189.0,21.7,0.0010,,
1.3870,413,189.3,21.7,0.0020,,
1.3910,414,189.7,21.7,0.0025,,
1.3970,416,190.5,21.7,0.0040,,
1.4050,416,191.9,21.7,0.0160,,
1.4130,417,193.1,21.7,0.0055,,
1.4210,418,194.8,21.7,0.0055,,
1.4295,420,196.2,21.7,0.0055,,
1.4380,420,197.5,21.7,0.0170,,
1.4465,422,198.9,21.7,0.0055,,
1.4550,422,200.2,21.7,0.0170,,
1.4625,423,201.2,21.7,0.0055,,
1.4710,424,202.5,21.7,0.0060,,
1.4790,425,203.5,21.7,0.0055,,
1.4875,426,204.8,21.7,0.0055,,
1.4960,428,205.8,21.7,0.0055,,
1.5045,428,206.7,21.7,0.0170,,
1.5120,429,207.6,21.7,0.0055,,
1.5205,430,208.4,21.7,0.0060,,
1.5290,431,209.4,21.7,0.0060,,
1.5375,432,210.3,21.7,0.0055,,
1.5455,434,211.0,21.7,0.0055,,
1.5540,434,212.0,21.7,0.0170,,
1.5615,435,212.6,21.7,0.0055,,
1.5700,436,213.5,21.7,0.0060,,
1.5785,437,214.1,21.7,0.0060,,
1.5870,438,214.7,21.7,0.0055,,
1.5955,440,215.5,21.7,0.0055,,
1.6035,440,216.2,21.7,0.0160,,
1.6120,441,216.8,21.7,0.0060,,
1.6195,442,217.5,21.7,0.0055,,
1.6280,443,217.9,21.7,0.0060,,
1.6365,444,218.7,21.7,0.0055,,
1.6450,446,219.4,21.8,0.0055,,
1.6535,446,219.9,21.7,0.0170,,
1.6615,448,220.4,21.7,0.0055,,
1.6695,448,221.0,21.7,0.0200,,
1.6775,449,221.7,21.7,0.0055,,
1.6860,450,222.3,21.7,0.0060,,
1.6945,452,222.7,21.7,0.0055,,
1.7030,452,223.1,21.7,0.0170,,
1.7115,454,223.7,21.7,0.0055,,
1.7190,454,224.1,21.7,0.0185,,
1.7275,455,224.7,21.7,0.0060,,
1.7355,456,225.0,21.7,0.0055,,
1.7440,458,225.5,21.7,0.0055,,
1.7525,458,226.0,21.7,0.0170,,
1.7610,459,226.5,21.7,0.0060,,
1.7685,460,226.9,21.7,0.0055,,
1.7770,461,227.2,21.8,0.0060,,
1.7855,462,227.7,21.7,0.0055,,
1.7940,464,228.3,21.7,0.0055,,
1.8020,464,228.7,21.7,0.0160,,
1.8105,466,229.1,21.7,0.0055,,
1.8180,466,229.5,21.7,0.0185,,
1.8265,467,229.8,21.7,0.0060,,
1.8350,468,230.2,21.8,0.0055,,
1.8435,470,230.5,21.8,0.0055,,
1.8520,470,230.8,21.8,0.0170,,
1.8605,471,231.2,21.8,0.0060,,
1.8680,472,231.7,21.8,0.0055,,
1.8765,473,232.1,21.8,0.0060,,
1.8845,474,232.3,21.8,0.0055,,
1.8930,476,232.7,21.8,0.0055,,
1.9015,476,233.2,21.7,0.0170,,
1.9100,477,233.5,21.7,0.0060,,
1.9175,478,233.9,21.7,0.0055,,
1.9225,479,234.1,21.8,0.0035,,
1.9235,480,234.2,21.8,0.0005,,
1.9235,482,234.4,21.7,0.0000,,
1.9240,482,234.4,21.7,0.0010,,
1.9255,484,234.3,21.8,0.0010,,
1.9270,484,234.3,21.8,0.0035,,
1.9290,485,234.4,21.8,0.0015,,
1.9310,486,234.6,21.7,0.0015,,
1.9330,488,234.6,21.8,0.0015,,
1.9360,488,234.6,21.8,0.0060,,
1.9390,490,234.8,21.8,0.0020,,
1.9405,490,235.1,21.8,NaN,,
Scope 1/1, Sample 30/32 (T22)
Result,TitrationEP1
V,t,E,T,dV/dt,E acc. stat.,Volume acc. stat.
0.0000,0,-55.3,21.7,NaN,,
0.0010,1,-55.5,21.7,0.0010,,
0.0025,2,-55.4,21.7,0.0015,,
0.0050,3,-55.4,21.7,0.0025,,
0.0085,4,-55.3,21.7,0.0030,,
0.0150,5,-55.2,21.7,0.0060,,
0.0230,6,-54.8,21.7,0.0075,,
0.0315,7,-54.0,21.7,0.0075,,
0.0400,8,-53.1,21.7,0.0075,,
0.0485,9,-52.1,21.7,0.0075,,
0.0560,10,-50.9,21.7,0.0070,,
0.0645,11,-49.7,21.7,0.0075,,
0.0725,12,-48.1,21.7,0.0075,,
0.0810,13,-46.5,21.7,0.0075,,
0.0895,14,-44.9,21.7,0.0075,,
0.0980,15,-43.4,21.7,0.0075,,
0.1055,16,-41.5,21.7,0.0070,,
0.1140,17,-39.4,21.7,0.0075,,
0.1225,18,-37.4,21.7,0.0075,,
0.1305,19,-35.2,21.7,0.0075,,
0.1390,20,-32.8,21.7,0.0075,,
0.1475,21,-30.3,21.7,0.0075,,
0.1550,22,-27.9,21.7,0.0070,,
0.1635,23,-25.2,21.7,0.0075,,
0.1720,24,-22.5,21.7,0.0075,,
0.1805,25,-19.6,21.7,0.0075,,
0.1890,26,-16.7,21.7,0.0075,,
0.1970,27,-14.0,21.7,0.0075,,
0.2050,28,-11.7,21.7,0.0075,,
0.2130,29,-9.3,21.7,0.0075,,
0.2215,30,-7.0,21.7,0.0075,,
0.2300,31,-4.9,21.7,0.0075,,
0.2385,32,-3.0,21.7,0.0075,,
0.2470,33,-1.2,21.7,0.0075,,
0.2545,34,0.2,21.7,0.0070,,
0.2630,35,1.8,21.7,0.0075,,
0.2710,36,3.4,21.7,0.0075,,
0.2795,37,4.7,21.7,0.0075,,
0.2880,38,6.1,21.7,0.0075,,
0.2965,39,7.5,21.7,0.0075,,
0.3040,40,8.6,21.7,0.0070,,
0.3125,41,9.8,21.7,0.0075,,
0.3210,42,10.9,21.7,0.0075,,
0.3295,43,12.0,21.7,0.0075,,
0.3375,44,13.0,21.7,0.0075,,
0.3460,45,14.1,21.7,0.0075,,
0.3535,46,15.1,21.7,0.0070,,
0.3620,47,16.0,21.7,0.0075,,
0.3705,48,17.2,21.7,0.0075,,
0.3790,49,18.2,21.7,0.0075,,
0.3875,50,19.2,21.7,0.0075,,
0.3950,51,20.0,21.7,0.0070,,
0.4035,52,20.9,21.7,0.0075,,
0.4120,53,21.9,21.7,0.0075,,
0.4200,54,22.8,21.7,0.0075,,
0.4285,55,23.8,21.7,0.0075,,
0.4370,56,24.8,21.7,0.0075,,
0.4445,57,25.6,21.7,0.0070,,
0.4530,58,26.5,21.7,0.0075,,
0.4615,59,27.3,21.7,0.0075,,
0.4700,60,28.2,21.7,0.0075,,
0.4785,61,29.1,21.7,0.0075,,
0.4865,62,30.0,21.7,0.0075,,
0.4950,63,30.7,21.7,0.0075,,
0.5025,64,31.6,21.7,0.0070,,
0.5110,65,32.6,21.7,0.0075,,
0.5195,66,33.5,21.7,0.0075,,
0.5280,67,34.3,21.7,0.0075,,
0.5365,68,35.2,21.7,0.0075,,
0.5440,69,35.9,21.7,0.0070,,
0.5525,70,36.8,21.7,0.0075,,
0.5610,71,37.8,21.7,0.0075,,
0.5690,72,38.6,21.7,0.0075,,
0.5775,73,39.3,21.7,0.0075,,
0.5860,74,40.3,21.7,0.0075,,
0.5935,75,41.1,21.7,0.0070,,
0.6020,76,42.0,21.7,0.0075,,
0.6105,77,42.8,21.7,0.0075,,
0.6190,78,43.7,21.7,0.0075,,
0.6270,79,44.6,21.7,0.0075,,
0.6355,80,45.5,21.7,0.0075,,
0.6440,81,46.3,21.7,0.0075,,
0.6515,82,47.0,21.7,0.0070,,
0.6600,83,47.9,21.7,0.0075,,
0.6685,84,48.7,21.7,0.0075,,
0.6770,85,49.5,21.7,0.0075,,
0.6855,86,50.4,21.7,0.0075,,
0.6930,87,51.1,21.7,0.0070,,
0.7010,88,52.0,21.7,0.0075,,
0.7095,89,52.9,21.7,0.0075,,
0.7180,90,53.7,21.7,0.0075,,
0.7265,91,54.5,21.7,0.0075,,
0.7350,92,55.6,21.7,0.0075,,
0.7425,93,56.3,21.7,0.0070,,
0.7510,94,57.1,21.7,0.0075,,
0.7595,95,58.0,21.7,0.0075,,
0.7675,96,58.9,21.7,0.0075,,
0.7760,97,60.0,21.7,0.0075,,
0.7845,98,60.9,21.7,0.0075,,
0.7920,99,61.7,21.7,0.0070,,
0.8005,100,62.5,21.7,0.0075,,
0.8090,101,63.4,21.7,0.0075,,
0.8175,102,64.3,21.7,0.0075,,
0.8255,103,65.1,21.7,0.0075,,
0.8340,104,66.0,21.7,0.0075,,
0.8415,105,66.8,21.7,0.0070,,
0.8500,106,67.8,21.7,0.0075,,
0.8585,107,68.8,21.7,0.0075,,
0.8670,108,69.6,21.7,0.0075,,
0.8755,109,70.5,21.7,0.0075,,
0.8840,110,71.5,21.7,0.0075,,
0.8915,111,72.3,21.7,0.0070,,
0.9000,112,73.2,21.7,0.0075,,
0.9085,113,74.1,21.7,0.0075,,
0.9165,114,75.1,21.7,0.0075,,
0.9250,115,76.2,21.7,0.0075,,
0.9335,116,77.1,21.7,0.0075,,
0.9410,117,78.0,21.7,0.0070,,
0.9495,118,78.9,21.7,0.0075,,
0.9580,119,80.0,21.7,0.0075,,
0.9665,120,80.9,21.7,0.0075,,
0.9745,121,81.7,21.7,0.0075,,
0.9830,122,82.8,21.7,0.0070,,
0.9905,123,83.6,21.7,0.0070,,
0.9990,124,84.7,21.7,0.0075,,
1.0075,125,85.6,21.7,0.0075,,
1.0160,126,86.6,21.7,0.0075,,
1.0245,127,87.8,21.7,0.0075,,
1.0330,128,88.8,21.7,0.0075,,
1.0405,129,90.1,21.7,0.0070,,
1.0490,130,91.2,21.7,0.0075,,
1.0570,131,92.3,21.7,0.0075,,
1.0655,132,93.4,21.7,0.0075,,
1.0740,133,94.6,21.7,0.0075,,
1.0815,134,95.8,21.7,0.0070,,
1.0900,135,97.1,21.7,0.0075,,
1.0985,136,98.4,21.7,0.0075,,
1.1070,137,99.8,21.7,0.0075,,
1.1155,138,101.2,21.7,0.0075,,
1.1235,139,102.4,21.7,0.0075,,
1.1315,140,103.7,21.7,0.0075,,
1.1395,141,105.2,21.7,0.0075,,
1.1480,142,106.8,21.7,0.0075,,
1.1565,143,108.3,21.7,0.0075,,
1.1650,144,109.8,21.7,0.0075,,
1.1735,145,111.6,21.7,0.0075,,
1.1815,146,113.2,21.7,0.0075,,
1.1895,147,115.2,21.7,0.0075,,
1.1975,148,117.2,21.7,0.0075,,
1.2060,149,119.0,21.7,0.0075,,
1.2145,150,121.1,21.7,0.0075,,
1.2230,151,123.4,21.7,0.0075,,
1.2315,152,125.9,21.7,0.0075,,
1.2390,153,128.2,21.7,0.0070,,
1.2475,154,130.9,21.7,0.0075,,
1.2555,155,133.8,21.7,0.0075,,
1.2640,156,137.0,21.7,0.0075,,
1.2725,157,140.0,21.7,0.0075,,
1.2810,158,143.3,21.7,0.0070,,
1.2885,159,146.3,21.7,0.0070,,
1.2970,160,150.2,21.7,0.0075,,
1.3055,161,153.8,21.7,0.0075,,
1.3140,162,157.3,21.7,0.0075,,
1.3220,163,161.2,21.7,0.0075,,
1.3305,164,164.5,21.7,0.0085,,
1.3380,165,168.0,21.7,0.0070,,
1.3465,166,171.1,21.7,0.0075,,
1.3550,167,174.2,21.7,0.0075,,
1.3635,168,177.0,21.7,0.0075,,
1.3720,169,179.8,21.7,0.0075,,
1.3805,170,182.1,21.7,0.0075,,
1.3880,171,184.1,21.7,0.0070,,
1.3930,172,185.2,21.7,0.0070,,
1.3930,412,188.8,21.7,0.0000,,
1.3935,413,188.8,21.7,0.0005,,
1.3950,414,188.7,21.7,0.0015,,
1.3975,415,188.9,21.7,0.0030,,
1.4015,416,189.4,21.7,0.0045,,
1.4075,417,190.3,21.7,0.0065,,
1.4160,418,191.5,21.7,0.0095,,
1.4245,419,192.9,21.7,0.0105,,
1.4320,420,194.6,21.7,0.0095,,
1.4405,421,196.0,21.7,0.0105,,
1.4490,422,197.4,21.7,0.0095,,
1.4575,423,198.7,21.7,0.0095,,
1.4655,424,200.1,21.7,0.0090,,
1.4740,425,201.2,21.7,0.0105,,
1.4815,426,202.4,21.7,0.0095,,
1.4900,427,203.4,21.7,0.0105,,
1.4985,428,204.5,21.7,0.0095,,
1.5070,429,205.5,21.7,0.0095,,
1.5155,430,206.5,21.7,0.0095,,
1.5240,431,207.4,21.7,0.0105,,
1.5315,432,208.1,21.7,0.0095,,
1.5400,433,209.2,21.7,0.0105,,
1.5480,434,210.1,21.7,0.0090,,
1.5565,435,210.9,21.7,0.0095,,
1.5650,436,211.7,21.7,0.0095,,
1.5735,437,212.6,21.7,0.0095,,
1.5810,438,213.3,21.7,0.0095,,
1.5895,439,214.2,21.7,0.0105,,
1.5980,440,214.8,21.7,0.0105,,
1.6060,441,215.4,21.7,0.0090,,
1.6145,442,216.2,21.7,0.0095,,
1.6230,443,217.0,21.7,0.0095,,
1.6305,444,217.5,21.7,0.0095,,
1.6390,445,218.1,21.7,0.0105,,
1.6475,446,218.6,21.7,0.0105,,
1.6560,447,219.3,21.7,0.0095,,
1.6640,448,219.9,21.7,0.0090,,
1.6725,449,220.3,21.7,0.0095,,
1.6800,450,220.8,21.7,0.0095,,
1.6885,451,221.4,21.7,0.0105,,
1.6970,452,222.1,21.7,0.0105,,
1.7055,453,222.6,21.7,0.0095,,
1.7140,454,223.0,21.7,0.0095,,
1.7225,455,223.6,21.7,0.0095,,
1.7300,456,223.9,21.7,0.0095,,
1.7380,457,224.5,21.7,0.0100,,
1.7465,458,224.9,21.7,0.0105,,
1.7550,459,225.4,21.7,0.0095,,
1.7635,460,226.0,21.7,0.0095,,
1.7720,461,226.4,21.7,0.0095,,
1.7795,462,227.0,21.7,0.0095,,
1.7880,463,227.3,21.7,0.0105,,
1.7965,464,227.7,21.7,0.0105,,
1.8045,465,228.1,21.7,0.0090,,
1.8130,466,228.6,21.7,0.0095,,
1.8215,467,228.9,21.7,0.0095,,
1.8290,468,229.3,21.7,0.0095,,
1.8375,469,229.7,21.7,0.0105,,
1.8460,470,230.2,21.7,0.0105,,
1.8545,471,230.5,21.7,0.0095,,
1.8625,472,230.8,21.7,0.0090,,
1.8710,473,231.2,21.7,0.0095,,
1.8795,474,231.4,21.7,0.0105,,
1.8870,475,231.9,21.7,0.0095,,
1.8955,476,232.2,21.7,0.0105,,
1.9040,477,232.5,21.7,0.0095,,
1.9125,478,232.9,21.7,0.0095,,
1.9210,479,233.3,21.7,0.0095,,
1.9290,480,233.7,21.7,0.0100,,
1.9350,481,233.9,21.7,0.0075,,
1.9385,482,234.1,21.7,0.0045,,
1.9395,483,234.3,21.7,0.0010,,
1.9400,484,234.4,21.7,0.0005,,
1.9410,485,234.4,21.7,0.0010,,
1.9425,486,234.5,21.7,0.0020,,
1.9445,487,234.5,21.7,0.0025,,
1.9470,488,234.7,21.7,0.0030,,
1.9495,489,234.7,21.7,0.0030,,
1.9510,490,234.8,21.7,0.0015,,
1.9515,491,234.9,21.7,0.0005,,
1.9525,492,235.0,21.7,0.0020,,
Scope 1/1, Sample 31/32 (T23)
Result,TitrationEP1
V,t,E,T,dV/dt,E acc. stat.,Volume acc. stat.
0.0000,0,-54.0,21.7,NaN,,
0.0010,1,-54.0,21.7,0.0010,,
0.0025,2,-54.1,21.7,0.0015,,
0.0050,3,-54.1,21.7,0.0025,,
0.0090,4,-54.1,21.7,0.0035,,
0.0150,5,-53.9,21.7,0.0055,,
0.0235,6,-53.6,21.7,0.0075,,
0.0320,7,-53.0,21.7,0.0075,,
0.0405,8,-52.0,21.7,0.0075,,
0.0485,9,-51.0,21.7,0.0075,,
0.0565,10,-49.9,21.7,0.0075,,
0.0645,11,-48.6,21.7,0.0075,,
0.0730,12,-47.2,21.7,0.0075,,
0.0815,13,-45.6,21.7,0.0075,,
0.0900,14,-44.0,21.7,0.0075,,
0.0985,15,-42.4,21.7,0.0075,,
0.1060,16,-40.6,21.7,0.0070,,
0.1145,17,-38.7,21.7,0.0075,,
0.1230,18,-36.6,21.7,0.0075,,
0.1310,19,-34.4,21.7,0.0075,,
0.1395,20,-32.1,21.7,0.0075,,
0.1480,21,-29.6,21.7,0.0075,,
0.1555,22,-27.4,21.7,0.0070,,
0.1640,23,-24.7,21.7,0.0075,,
0.1725,24,-22.1,21.7,0.0075,,
0.1810,25,-19.4,21.7,0.0075,,
0.1890,26,-16.7,21.7,0.0075,,
0.1975,27,-14.0,21.7,0.0075,,
0.2050,28,-11.8,21.7,0.0070,,
0.2135,29,-9.6,21.7,0.0075,,
0.2220,30,-7.4,21.7,0.0075,,
0.2305,31,-5.3,21.7,0.0075,,
0.2390,32,-3.4,21.7,0.0075,,
0.2475,33,-1.9,21.7,0.0075,,
0.2550,34,-0.6,21.7,0.0070,,
0.2635,35,0.7,21.7,0.0075,,
0.2715,36,2.3,21.7,0.0075,,
0.2800,37,3.8,21.7,0.0075,,
0.2885,38,5.1,21.7,0.0075,,
0.2970,39,6.5,21.7,0.0070,,
0.3045,40,7.5,21.7,0.0070,,
0.3130,41,8.5,21.7,0.0075,,
0.3215,42,9.6,21.7,0.0075,,
0.3300,43,10.7,21.7,0.0075,,
0.3380,44,11.9,21.7,0.0075,,
0.3465,45,12.8,21.7,0.0075,,
0.3540,46,13.9,21.7,0.0070,,
0.3625,47,14.9,21.7,0.0075,,
0.3710,48,15.9,21.7,0.0075,,
0.3795,49,16.9,21.7,0.0075,,
0.3880,50,17.9,21.7,0.0075,,
0.3955,51,18.7,21.7,0.0070,,
0.4040,52,19.7,21.7,0.0075,,
0.4125,53,20.7,21.7,0.0075,,
0.4205,54,21.5,21.7,0.0075,,
0.4290,55,22.4,21.7,0.0075,,
0.4375,56,23.2,21.7,0.0075,,
0.4460,57,24.0,21.7,0.0075,,
0.4535,58,25.0,21.7,0.0070,,
0.4620,59,25.9,21.7,0.0075,,
0.4705,60,26.7,21.7,0.0075,,
0.4785,61,27.6,21.7,0.0075,,
0.4870,62,28.6,21.7,0.0075,,
0.4955,63,29.4,21.7,0.0075,,
0.5030,64,30.2,21.7,0.0070,,
0.5115,65,31.0,21.7,0.0075,,
0.5200,66,32.0,21.7,0.0075,,
0.5285,67,33.0,21.7,0.0075,,
0.5370,68,33.8,21.7,0.0075,,
0.5445,69,34.6,21.7,0.0070,,
0.5530,70,35.5,21.7,0.0075,,
0.5610,71,36.4,21.7,0.0075,,
0.5695,72,37.3,21.7,0.0075,,
0.5780,73,38.1,21.7,0.0075,,
0.5865,74,39.0,21.7,0.0075,,
0.5950,75,39.7,21.7,0.0075,,
0.6025,76,40.6,21.7,0.0070,,
0.6110,77,41.5,21.7,0.0075,,
0.6190,78,42.3,21.7,0.0075,,
0.6275,79,43.2,21.7,0.0075,,
0.6360,80,44.2,21.7,0.0075,,
0.6445,81,44.9,21.7,0.0075,,
0.6520,82,45.8,21.7,0.0070,,
0.6605,83,46.5,21.7,0.0075,,
0.6690,84,47.4,21.7,0.0075,,
0.6770,85,48.4,21.7,0.0075,,
0.6855,86,49.3,21.7,0.0075,,
0.6940,87,50.2,21.7,0.0070,,
0.7015,88,50.9,21.7,0.0070,,
0.7100,89,51.9,21.7,0.0075,,
0.7185,90,52.9,21.7,0.0075,,
0.7270,91,53.7,21.7,0.0075,,
0.7355,92,54.6,21.7,0.0075,,
0.7435,93,55.6,21.7,0.0075,,
0.7515,94,56.4,21.7,0.0075,,
0.7595,95,57.3,21.7,0.0075,,
0.7680,96,58.2,21.7,0.0075,,
0.7765,97,59.0,21.7,0.0075,,
0.7850,98,60.1,21.7,0.0075,,
0.7935,99,60.9,21.7,0.0075,,
0.8010,100,61.8,21.7,0.0070,,
0.8095,101,62.6,21.7,0.0075,,
0.8175,102,63.6,21.7,0.0075,,
0.8260,103,64.5,21.7,0.0075,,
0.8345,104,65.3,21.7,0.0075,,
0.8430,105,66.1,21.7,0.0075,,
0.8505,106,66.9,21.7,0.0070,,
0.8590,107,68.0,21.7,0.0075,,
0.8675,108,68.9,21.7,0.0075,,
0.8760,109,69.8,21.7,0.0075,,
0.8840,110,70.8,21.7,0.0075,,
0.8920,111,71.6,21.7,0.0075,,
0.9000,112,72.7,21.7,0.0075,,
0.9085,113,73.7,21.7,0.0075,,
0.9170,114,74.6,21.7,0.0075,,
0.9255,115,75.7,21.7,0.0075,,
0.9340,116,76.7,21.7,0.0075,,
0.9415,117,77.6,21.7,0.0070,,
0.9500,118,78.5,21.7,0.0075,,
0.9585,119,79.5,21.7,0.0075,,
0.9665,120,80.6,21.7,0.0075,,
0.9750,121,81.7,21.7,0.0075,,
0.9835,122,82.7,21.7,0.0075,,
0.9910,123,83.6,21.7,0.0070,,
0.9995,124,84.6,21.7,0.0075,,
1.0080,125,85.7,21.7,0.0075,,
1.0165,126,86.7,21.7,0.0075,,
1.0245,127,87.6,21.7,0.0075,,
1.0330,128,88.8,21.7,0.0075,,
1.0415,129,89.8,21.7,0.0075,,
1.0490,130,91.0,21.7,0.0070,,
1.0575,131,92.2,21.7,0.0075,,
1.0660,132,93.4,21.7,0.0075,,
1.0745,133,94.7,21.7,0.0075,,
1.0830,134,96.0,21.7,0.0075,,
1.0910,135,97.2,21.7,0.0075,,
1.0985,136,98.5,21.7,0.0070,,
1.1070,137,99.9,21.7,0.0075,,
1.1155,138,101.5,21.7,0.0075,,
1.1240,139,103.0,21.7,0.0075,,
1.1325,140,104.4,21.7,0.0075,,
1.1410,141,105.9,21.7,0.0075,,
1.1485,142,107.2,21.7,0.0070,,
1.1570,143,108.8,21.7,0.0075,,
1.1650,144,110.5,21.7,0.0075,,
1.1735,145,112.4,21.7,0.0075,,
1.1820,146,114.2,21.7,0.0075,,
1.1905,147,116.3,21.7,0.0075,,
1.1980,148,118.3,21.7,0.0070,,
1.2065,149,120.7,21.7,0.0075,,
1.2150,150,123.1,21.7,0.0075,,
1.2235,151,125.4,21.7,0.0075,,
1.2315,152,128.0,21.7,0.0075,,
1.2400,153,130.4,21.7,0.0085,,
1.2475,154,133.4,21.7,0.0070,,
1.2560,155,136.5,21.7,0.0075,,
1.2645,156,139.9,21.7,0.0075,,
1.2730,157,143.4,21.7,0.0075,,
1.2815,158,146.9,21.7,0.0075,,
1.2895,159,150.3,21.7,0.0080,,
1.2975,160,154.1,21.7,0.0075,,
1.3055,161,158.0,21.7,0.0075,,
1.3140,162,161.9,21.7,0.0075,,
1.3225,163,165.2,21.7,0.0075,,
1.3310,164,168.7,21.7,0.0075,,
1.3385,165,171.7,21.7,0.0070,,
1.3470,166,175.0,21.7,0.0075,,
1.3555,167,177.8,21.7,0.0075,,
1.3640,168,180.4,21.7,0.0075,,
1.3720,169,182.8,21.7,0.0075,,
1.3825,170,185.1,21.7,0.0080,,
1.3825,410,189.2,21.7,0.0000,,
1.3830,412,189.3,21.7,0.0005,,
1.3845,412,189.2,21.7,0.0030,,
1.3870,414,189.5,21.7,0.0015,,
1.3910,415,189.9,21.7,0.0065,,
1.3975,416,190.5,21.7,0.0110,,
1.4055,417,191.8,21.7,0.0135,,
1.4135,418,193.1,21.7,0.0160,,
1.4215,418,194.7,21.7,0.0160,,
1.4300,420,196.3,21.7,0.0055,,
1.4385,421,197.7,21.7,0.0140,,
1.4470,422,199.0,21.7,0.0140,,
1.4555,423,200.3,21.7,0.0140,,
1.4630,424,201.4,21.7,0.0150,,
1.4715,424,202.6,21.7,0.0170,,
1.4795,426,203.7,21.7,0.0050,,
1.4880,427,204.6,21.7,0.0140,,
1.4965,428,205.7,21.7,0.0140,,
1.5050,429,206.6,21.7,0.0140,,
1.5125,430,207.5,21.7,0.0150,,
1.5210,430,208.3,21.7,0.0170,,
1.5295,432,209.3,21.7,0.0055,,
1.5380,433,210.2,21.7,0.0140,,
1.5460,434,211.0,21.7,0.0135,,
1.5545,434,211.7,21.7,0.0170,,
1.5620,436,212.4,21.7,0.0050,,
1.5705,436,213.3,21.7,0.0170,,
1.5790,438,214.0,21.7,0.0055,,
1.5875,439,214.6,21.7,0.0140,,
1.5960,440,215.4,21.7,0.0140,,
1.6045,440,215.9,21.7,0.0170,,
1.6120,442,216.7,21.7,0.0050,,
1.6205,442,217.4,21.7,0.0170,,
1.6285,444,217.9,21.7,0.0050,,
1.6370,445,218.7,21.7,0.0140,,
1.6455,446,219.4,21.7,0.0140,,
1.6540,446,220.0,21.7,0.0170,,
1.6615,448,220.5,21.7,0.0050,,
1.6700,448,221.0,21.7,0.0170,,
1.6785,450,221.6,21.7,0.0055,,
1.6865,451,222.1,21.7,0.0135,,
1.6950,452,222.6,21.7,0.0140,,
1.7035,452,223.2,21.7,0.0170,,
1.7110,454,223.7,21.7,0.0050,,
1.7195,454,224.2,21.7,0.0170,,
1.7280,456,224.6,21.7,0.0055,,
1.7365,457,224.9,21.7,0.0140,,
1.7450,458,225.5,21.7,0.0140,,
1.7530,458,225.9,21.7,0.0160,,
1.7610,460,226.4,21.7,0.0055,,
1.7690,460,226.8,21.7,0.0160,,
1.7775,462,227.3,21.7,0.0055,,
1.7860,463,227.8,21.7,0.0140,,
1.7945,464,228.2,21.7,0.0140,,
1.8030,465,228.6,21.7,0.0140,,
1.8105,466,229.1,21.7,0.0150,,
1.8190,466,229.4,21.7,0.0170,,
1.8270,468,229.9,21.7,0.0055,,
1.8355,469,230.2,21.7,0.0140,,
1.8440,470,230.5,21.7,0.0140,,
1.8525,471,230.9,21.7,0.0140,,
1.8600,472,231.3,21.7,0.0150,,
1.8685,472,231.7,21.7,0.0170,,
1.8770,474,232.1,21.8,0.0055,,
1.8855,475,232.3,21.7,0.0140,,
1.8935,476,232.7,21.7,0.0135,,
1.9020,477,233.2,21.7,0.0140,,
1.9095,478,233.4,21.8,0.0150,,
1.9175,478,233.6,21.8,0.0160,,
1.9230,480,233.8,21.8,0.0035,,
1.9235,481,234.0,21.8,0.0010,,
1.9245,482,234.3,21.8,0.0015,,
1.9255,483,234.3,21.7,0.0015,,
1.9265,484,234.3,21.8,0.0020,,
1.9285,484,234.2,21.8,0.0040,,
1.9305,486,234.4,21.8,0.0015,,
1.9335,487,234.5,21.8,0.0050,,
1.9355,488,234.5,21.8,0.0035,,
1.9365,489,234.6,21.8,0.0015,,
1.9375,490,234.6,21.8,0.0020,,
1.9395,490,234.8,21.8,0.0040,,
1.9415,492,235.0,21.8,0.0015,,
Scope 1/1, Sample 32/32 (T24)
Result,TitrationEP1
V,t,E,T,dV/dt,E acc. stat.,Volume acc. stat.
0.0000,0,-54.4,21.7,NaN,,
0.0010,1,-54.6,21.7,0.0010,,
0.0025,2,-54.5,21.7,0.0015,,
0.0050,3,-54.6,21.7,0.0025,,
0.0090,4,-54.6,21.7,0.0035,,
0.0150,5,-54.4,21.7,0.0055,,
0.0235,6,-53.9,21.7,0.0075,,
0.0320,7,-53.1,21.7,0.0075,,
0.0405,8,-52.2,21.7,0.0075,,
0.0480,9,-51.2,21.7,0.0070,,
0.0565,10,-49.9,21.7,0.0075,,
0.0650,11,-48.4,21.7,0.0075,,
0.0735,12,-47.0,21.7,0.0075,,
0.0815,13,-45.5,21.7,0.0075,,
0.0900,14,-43.7,21.7,0.0075,,
0.0975,15,-42.1,21.7,0.0070,,
0.1060,16,-40.2,21.7,0.0075,,
0.1145,17,-38.3,21.7,0.0075,,
0.1230,18,-36.1,21.7,0.0075,,
0.1315,19,-33.9,21.7,0.0075,,
0.1400,20,-31.7,21.7,0.0075,,
0.1475,21,-29.3,21.7,0.0070,,
0.1560,22,-26.7,21.7,0.0075,,
0.1640,23,-24.0,21.7,0.0075,,
0.1725,24,-21.0,21.7,0.0075,,
0.1810,25,-18.2,21.7,0.0075,,
0.1895,26,-15.5,21.7,0.0075,,
0.1970,27,-13.2,21.7,0.0070,,
0.2055,28,-10.5,21.7,0.0075,,
0.2140,29,-8.1,21.7,0.0075,,
0.2225,30,-6.0,21.7,0.0075,,
0.2305,31,-3.9,21.7,0.0075,,
0.2390,32,-2.0,21.7,0.0075,,
0.2465,33,-0.5,21.7,0.0070,,
0.2550,34,1.1,21.7,0.0075,,
0.2635,35,2.5,21.7,0.0075,,
0.2720,36,3.9,21.7,0.0075,,
0.2805,37,5.4,21.7,0.0075,,
0.2890,38,6.7,21.7,0.0075,,
0.2965,39,7.9,21.7,0.0070,,
0.3050,40,9.1,21.7,0.0075,,
0.3130,41,10.4,21.7,0.0075,,
0.3215,42,11.6,21.7,0.0075,,
0.3300,43,12.6,21.7,0.0075,,
0.3385,44,13.6,21.7,0.0075,,
0.3460,45,14.6,21.7,0.0070,,
0.3545,46,15.8,21.7,0.0075,,
0.3630,47,16.9,21.7,0.0075,,
0.3710,48,17.7,21.7,0.0075,,
0.3795,49,18.8,21.7,0.0075,,
0.3880,50,19.7,21.7,0.0075,,
0.3955,51,20.8,21.7,0.0070,,
0.4040,52,21.8,21.7,0.0075,,
0.4125,53,22.6,21.7,0.0075,,
0.4210,54,23.6,21.7,0.0075,,
0.4290,55,24.7,21.7,0.0075,,
0.4375,56,25.5,21.7,0.0075,,
0.4450,57,26.5,21.7,0.0070,,
0.4535,58,27.3,21.7,0.0075,,
0.4620,59,28.3,21.7,0.0075,,
0.4705,60,29.4,21.7,0.0075,,
0.4790,61,30.2,21.7,0.0075,,
0.4875,62,31.0,21.7,0.0075,,
0.4950,63,31.7,21.7,0.0070,,
0.5030,64,32.6,21.7,0.0075,,
0.5115,65,33.5,21.7,0.0075,,
0.5200,66,34.4,21.7,0.0075,,
0.5285,67,35.2,21.7,0.0075,,
0.5370,68,36.1,21.7,0.0075,,
0.5445,69,36.8,21.7,0.0070,,
0.5530,70,37.8,21.7,0.0075,,
0.5615,71,38.6,21.7,0.0075,,
0.5695,72,39.4,21.7,0.0075,,
0.5780,73,40.5,21.7,0.0075,,
0.5865,74,41.2,21.7,0.0075,,
0.5940,75,42.1,21.7,0.0070,,
0.6025,76,42.8,21.7,0.0075,,
0.6110,77,43.7,21.7,0.0075,,
0.6195,78,44.7,21.7,0.0075,,
0.6280,79,45.4,21.7,0.0075,,
0.6360,80,46.3,21.7,0.0075,,
0.6435,81,47.1,21.7,0.0070,,
0.6520,82,48.1,21.7,0.0075,,
0.6605,83,49.0,21.7,0.0075,,
0.6690,84,49.8,21.7,0.0075,,
0.6775,85,50.7,21.7,0.0075,,
0.6860,86,51.6,21.7,0.0075,,
0.6935,87,52.4,21.7,0.0070,,
0.7020,88,53.4,21.7,0.0075,,
0.7100,89,54.2,21.7,0.0075,,
0.7185,90,55.0,21.7,0.0075,,
0.7270,91,55.9,21.7,0.0075,,
0.7355,92,56.8,21.7,0.0075,,
0.7430,93,57.7,21.7,0.0070,,
0.7515,94,58.5,21.7,0.0075,,
0.7600,95,59.4,21.7,0.0075,,
0.7685,96,60.4,21.7,0.0075,,
0.7765,97,61.2,21.7,0.0075,,
0.7850,98,61.9,21.7,0.0075,,
0.7925,99,62.6,21.7,0.0070,,
0.8010,100,63.6,21.7,0.0075,,
0.8095,101,64.6,21.7,0.0075,,
0.8180,102,65.4,21.7,0.0075,,
0.8265,103,66.3,21.7,0.0075,,
0.8345,104,67.3,21.7,0.0075,,
0.8430,105,68.1,21.7,0.0075,,
0.8505,106,69.1,21.7,0.0070,,
0.8590,107,69.9,21.7,0.0075,,
0.8675,108,70.8,21.7,0.0075,,
0.8760,109,71.8,21.7,0.0075,,
0.8845,110,72.7,21.7,0.0075,,
0.8925,111,73.5,21.7,0.0075,,
0.9005,112,74.4,21.7,0.0075,,
0.9085,113,75.3,21.7,0.0075,,
0.9170,114,76.4,21.7,0.0075,,
0.9255,115,77.5,21.7,0.0075,,
0.9340,116,78.3,21.7,0.0075,,
0.9425,117,79.3,21.7,0.0075,,
0.9500,118,80.3,21.7,0.0070,,
0.9585,119,81.4,21.7,0.0075,,
0.9665,120,82.3,21.7,0.0075,,
0.9750,121,83.2,21.7,0.0075,,
0.9835,122,84.3,21.7,0.0075,,
0.9920,123,85.2,21.7,0.0075,,
0.9995,124,86.5,21.7,0.0070,,
1.0080,125,87.4,21.7,0.0075,,
1.0165,126,88.4,21.7,0.0075,,
1.0250,127,89.7,21.7,0.0075,,
1.0330,128,90.8,21.7,0.0075,,
1.0415,129,92.0,21.7,0.0075,,
1.0490,130,93.0,21.7,0.0070,,
1.0575,131,94.2,21.7,0.0075,,
1.0660,132,95.5,21.7,0.0075,,
1.0745,133,96.7,21.7,0.0075,,
1.0830,134,97.9,21.7,0.0075,,
1.0910,135,99.2,21.7,0.0065,,
1.0990,136,100.2,21.7,0.0075,,
1.1070,137,101.8,21.7,0.0075,,
1.1155,138,103.2,21.7,0.0075,,
1.1240,139,104.4,21.7,0.0075,,
1.1325,140,106.0,21.7,0.0075,,
1.1410,141,107.3,21.7,0.0075,,
1.1485,142,109.0,21.7,0.0070,,
1.1570,143,110.6,21.7,0.0075,,
1.1655,144,112.4,21.7,0.0075,,
1.1735,145,114.2,21.7,0.0075,,
1.1820,146,116.1,21.7,0.0075,,
1.1905,147,118.1,21.7,0.0075,,
1.1980,148,120.3,21.7,0.0070,,
1.2065,149,122.5,21.7,0.0075,,
1.2150,150,124.9,21.7,0.0075,,
1.2235,151,127.4,21.7,0.0075,,
1.2320,152,130.0,21.7,0.0075,,
1.2400,153,132.4,21.7,0.0075,,
1.2480,154,135.2,21.7,0.0075,,
1.2560,155,138.3,21.7,0.0075,,
1.2645,156,141.6,21.7,0.0075,,
1.2730,157,145.1,21.7,0.0075,,
1.2815,158,148.6,21.7,0.0075,,
1.2900,159,151.7,21.7,0.0075,,
1.2975,160,155.6,21.7,0.0070,,
1.3060,161,159.4,21.7,0.0075,,
1.3140,162,163.1,21.7,0.0075,,
1.3225,163,166.8,21.7,0.0075,,
1.3310,164,170.2,21.7,0.0075,,
1.3395,165,173.1,21.7,0.0075,,
1.3470,166,175.8,21.7,0.0070,,
1.3555,167,178.5,21.7,0.0075,,
1.3640,168,181.2,21.7,0.0075,,
1.3720,169,183.5,21.7,0.0075,,
1.3800,170,185.1,21.7,0.0080,,
1.3800,410,188.9,21.8,0.0000,,
1.3805,411,188.8,21.8,0.0005,,
1.3820,412,188.8,21.8,0.0015,,
1.3845,413,189.1,21.8,0.0020,,
1.3885,414,189.5,21.8,0.0035,,
1.3945,415,190.3,21.8,0.0050,,
1.4025,416,191.5,21.8,0.0065,,
1.4105,417,192.9,21.8,0.0075,,
1.4185,418,194.5,21.8,0.0075,,
1.4270,419,195.9,21.8,0.0075,,
1.4355,420,197.5,21.8,0.0070,,
1.4440,421,199.0,21.8,0.0070,,
1.4525,422,200.2,21.8,0.0070,,
1.4600,423,201.4,21.8,0.0070,,
1.4685,424,202.4,21.8,0.0075,,
1.4765,425,203.5,21.8,0.0075,,
1.4850,426,204.8,21.8,0.0070,,
1.4935,427,205.7,21.8,0.0070,,
1.5020,428,206.6,21.8,0.0070,,
1.5095,429,207.4,21.8,0.0070,,
1.5180,430,208.4,21.8,0.0075,,
1.5265,431,209.4,21.8,0.0075,,
1.5350,432,210.2,21.8,0.0070,,
1.5430,433,211.0,21.8,0.0065,,
1.5515,434,211.9,21.8,0.0070,,
1.5590,435,212.6,21.8,0.0070,,
1.5675,436,213.5,21.8,0.0075,,
1.5760,437,214.1,21.8,0.0075,,
1.5845,438,214.7,21.8,0.0070,,
1.5930,439,215.6,21.8,0.0070,,
1.6010,440,216.2,21.8,0.0065,,
1.6090,441,216.9,21.8,0.0075,,
1.6170,442,217.4,21.8,0.0075,,
1.6255,443,218.1,21.8,0.0075,,
1.6340,444,218.9,21.8,0.0070,,
1.6425,445,219.4,21.8,0.0070,,
1.6510,446,220.0,21.8,0.0070,,
1.6585,447,220.5,21.8,0.0070,,
1.6670,448,221.1,21.8,0.0075,,
1.6755,449,221.6,21.8,0.0075,,
1.6835,450,222.1,21.8,0.0065,,
1.6920,451,222.8,21.8,0.0070,,
1.7005,452,223.4,21.8,0.0070,,
1.7080,453,223.8,21.8,0.0070,,
1.7165,454,224.3,21.8,0.0075,,
1.7250,455,224.6,21.8,0.0075,,
1.7335,456,225.1,21.8,0.0070,,
1.7415,457,225.7,21.8,0.0065,,
1.7500,458,226.1,21.8,0.0070,,
1.7575,459,226.5,21.8,0.0070,,
1.7660,460,226.8,21.8,0.0075,,
1.7745,461,227.3,21.8,0.0075,,
1.7830,462,227.8,21.8,0.0070,,
1.7915,463,228.1,21.8,0.0070,,
1.8000,464,228.6,21.8,0.0070,,
1.8075,465,229.0,21.8,0.0070,,
1.8160,466,229.5,21.8,0.0075,,
1.8240,467,230.0,21.8,0.0075,,
1.8325,468,230.3,21.8,0.0070,,
1.8410,469,230.6,21.8,0.0070,,
1.8495,470,231.1,21.8,0.0070,,
1.8580,471,231.4,21.8,0.0070,,
1.8655,472,231.7,21.8,0.0070,,
1.8735,473,232.2,21.8,0.0075,,
1.8820,474,232.4,21.8,0.0075,,
1.8905,475,232.8,21.8,0.0070,,
1.8990,476,233.2,21.8,0.0070,,
1.9075,477,233.4,21.8,0.0070,,
1.9145,478,233.9,21.8,0.0065,,
1.9190,479,234.1,21.8,0.0040,,
1.9200,480,234.4,21.8,0.0010,,
1.9205,481,234.4,21.8,0.0005,,
1.9220,482,234.4,21.8,0.0010,,
1.9240,483,234.5,21.8,0.0015,,
1.9265,484,234.5,21.8,0.0025,,
1.9295,485,234.7,21.8,0.0025,,
1.9325,486,234.8,21.8,0.0025,,
1.9335,487,234.8,21.8,0.0010,,
1.9345,488,234.8,21.8,0.0010,,
1.9345,488,235.1,21.8,0.0000,,
