"SampleID","TA","Mass","Sample.Index"
"junk",2310.3540167117,59.8698,1
"CRM",2190.75860253025,59.9978,2
