"SampleID","TA","Mass","Sample.Index"
"junk",2301.41910206912,59.8605,1
"CRM",2217.79040576005,59.7064,2
