SampleID,TA,Mass,Sample.Index
junk,2277.860594,60.0067,1
crm,2219.053022,59.9022,2
