"SampleID","TA","Mass","Sample.Index"
"junk",2305.56220937484,60.3919,1
"CRM",2195.19785476462,60.167,2
