"SampleID","TA","Mass","Sample.Index","TA_evap"
"junk",2360.99630040642,60.2179,1,2360.99630040642
"crm",2243.5585219934,59.6459,2,2242.27722072442
