"SampleID","TA","Mass","Sample.Index"
"Junk",2297.12963650683,60.2514,1
"CRM",2212.62584997588,60.0182,2
