"SampleID","TA","Mass","Sample.Index"
"junk",2314.19011599427,59.6096,1
"CRM",2211.45305537379,60.2636,2
