SampleID,TA,Mass,Sample.Index
junk1,2400.92392,60.3621,1
junk2,2362.832144,60.3228,2
junk3,2363.042234,60.4096,3
CRM,2205.937142,59.8876,4
