"SampleID","TA","Mass","Sample.Index"
"junk",2255.7622925899,61.0987,1
"crm2",2349.19162250539,60.1848,2
