"SampleID","TA","Mass","Sample.Index"
"JUNK",1949.38650655508,59.9256,1
"CRM",1915.29372011019,59.8007,2
