"SampleID","TA","Mass","Sample.Index"
"JUNK",2259.28078040021,59.5683,1
"CRM",2349.73653950335,59.6196,2
