"SampleID","TA","Mass","Sample.Index"
"junk",2901.12945316334,59.9859,1
"CRM",2209.2253378151,60.2019,2
