Task,T2045,,,,,
Scope 1/1, Sample 1/32 (JUNK1),,,,,
Result,TitrationEP1,,,,,
V,t,E,T,dV/dt,E acc. stat.,Volume acc. stat.
0,0,-65.1,21.5,NaN,,
0.0005,1,-65.2,21.5,0.0005,,
0.0025,2,-65.1,21.5,0.002,,
0.005,3,-65.1,21.5,0.0025,,
0.0085,4,-65.1,21.5,0.003,,
0.015,5,-64.9,21.5,0.006,,
0.023,6,-64.6,21.5,0.0075,,
0.0305,7,-64.2,21.5,0.0075,,
0.039,8,-63.7,21.5,0.0085,,
0.0475,9,-63,21.5,0.0085,,
0.056,10,-61.9,21.5,0.0075,,
0.0645,11,-60.9,21.5,0.0075,,
0.0725,12,-60,21.5,0.0075,,
0.0805,13,-58.9,21.5,0.008,,
0.0885,14,-57.8,21.5,0.008,,
0.097,15,-56.3,21.5,0.0085,,
0.1055,16,-55,21.5,0.0075,,
0.114,17,-53.6,21.5,0.0075,,
0.1225,18,-51.9,21.5,0.0075,,
0.13,19,-50.7,21.5,0.0075,,
0.1385,20,-48.8,21.5,0.0085,,
0.147,21,-47.3,21.5,0.0075,,
0.155,22,-45.5,21.5,0.0075,,
0.1635,23,-43.5,21.5,0.0075,,
0.172,24,-41.5,21.5,0.0075,,
0.1795,25,-39.5,21.5,0.0075,,
0.188,26,-37.6,21.5,0.0085,,
0.1965,27,-35.3,21.5,0.0075,,
0.205,28,-32.9,21.5,0.0075,,
0.2135,29,-30.4,21.5,0.0075,,
0.2215,30,-28,21.5,0.008,,
0.2295,31,-25.2,21.5,0.008,,
0.2375,32,-22.6,21.5,0.008,,
0.246,33,-20,21.5,0.0075,,
0.2545,34,-17.5,21.5,0.0075,,
0.263,35,-15,21.5,0.0075,,
0.2715,36,-13,21.5,0.0085,,
0.279,37,-10.8,21.5,0.0075,,
0.2875,38,-9,21.5,0.0085,,
0.2955,39,-7.4,21.5,0.0075,,
0.304,40,-5.7,21.5,0.0075,,
0.3125,41,-4,21.5,0.0075,,
0.321,42,-2.6,21.5,0.0075,,
0.3285,43,-1.4,21.5,0.0075,,
0.337,44,-0.3,21.5,0.0085,,
0.3455,45,1,21.5,0.0085,,
0.3535,46,2.5,21.5,0.0075,,
0.362,47,3.8,21.5,0.0075,,
0.3705,48,4.8,21.5,0.0075,,
0.379,49,6,21.5,0.0075,,
0.3865,50,6.9,21.5,0.0075,,
0.395,51,8,21.5,0.0085,,
0.4035,52,9,21.5,0.0075,,
0.4115,53,10,21.5,0.0075,,
0.42,54,11.1,21.5,0.0075,,
0.4285,55,12.1,21.5,0.0075,,
0.436,56,13,21.5,0.0075,,
0.4445,57,13.9,21.5,0.0085,,
0.453,58,14.8,21.5,0.0075,,
0.4615,59,15.8,21.5,0.0075,,
0.4695,60,16.6,21.5,0.0075,,
0.478,61,17.4,21.5,0.0075,,
0.4855,62,18.3,21.5,0.0075,,
0.494,63,19.2,21.5,0.0085,,
0.5025,64,20.2,21.5,0.0075,,
0.511,65,21,21.5,0.0075,,
0.5195,66,21.8,21.5,0.0075,,
0.5275,67,22.8,21.5,0.0075,,
0.5355,68,23.5,21.5,0.008,,
0.5435,69,24.6,21.5,0.008,,
0.552,70,25.3,21.5,0.0075,,
0.5605,71,26.1,21.5,0.0075,,
0.569,72,27.1,21.5,0.0075,,
0.5775,73,28,21.5,0.0075,,
0.585,74,28.9,21.5,0.0075,,
0.5935,75,29.7,21.5,0.0085,,
0.602,76,30.4,21.5,0.0075,,
0.61,77,31.4,21.5,0.0075,,
0.6185,78,32.2,21.5,0.0075,,
0.627,79,33.1,21.5,0.0085,,
0.6345,80,33.8,21.5,0.0075,,
0.643,81,34.8,21.5,0.0085,,
0.6515,82,35.9,21.5,0.0075,,
0.66,83,36.7,21.5,0.0075,,
0.668,84,37.5,21.5,0.0075,,
0.6765,85,38.5,21.5,0.0075,,
0.684,86,39.3,21.5,0.0075,,
0.6925,87,40.2,21.5,0.0085,,
0.701,88,40.9,21.5,0.0075,,
0.7095,89,41.8,21.5,0.0075,,
0.718,90,42.7,21.5,0.0075,,
0.7265,91,43.5,21.5,0.0075,,
0.734,92,44.4,21.5,0.0075,,
0.7425,93,45.2,21.5,0.0085,,
0.7505,94,46.3,21.5,0.0075,,
0.759,95,47.3,21.5,0.0075,,
0.7675,96,48.2,21.5,0.0075,,
0.776,97,49,21.5,0.0085,,
0.7835,98,49.8,21.5,0.0075,,
0.792,99,51,21.5,0.0085,,
0.8005,100,51.8,21.5,0.0075,,
0.809,101,52.7,21.5,0.0075,,
0.817,102,53.8,21.5,0.0075,,
0.8255,103,54.5,21.5,0.0085,,
0.833,104,55.4,21.5,0.0075,,
0.8415,105,56.4,21.5,0.0085,,
0.85,106,57.3,21.5,0.0075,,
0.8585,107,58.4,21.5,0.0075,,
0.867,108,59.3,21.5,0.0075,,
0.875,109,60.2,21.5,0.0075,,
0.883,110,61.1,21.5,0.008,,
0.891,111,61.9,21.5,0.008,,
0.8995,112,63,21.5,0.0075,,
0.908,113,64.1,21.5,0.0075,,
0.9165,114,64.9,21.5,0.0075,,
0.925,115,65.9,21.5,0.0075,,
0.9325,116,66.6,21.5,0.0075,,
0.941,117,67.6,21.5,0.0085,,
0.949,118,68.7,21.5,0.0075,,
0.9575,119,69.6,21.5,0.0075,,
0.966,120,70.6,21.5,0.0075,,
0.9745,121,71.7,21.5,0.0075,,
0.982,122,72.7,21.5,0.0075,,
0.9905,123,73.6,21.5,0.0085,,
0.999,124,74.5,21.5,0.0075,,
1.007,125,75.7,21.5,0.0075,,
1.0155,126,76.8,21.5,0.0075,,
1.024,127,77.7,21.5,0.0075,,
1.0315,128,78.7,21.5,0.0075,,
1.04,129,79.7,21.5,0.0085,,
1.0485,130,80.9,21.5,0.0075,,
1.057,131,82,21.5,0.0075,,
1.0655,132,82.9,21.5,0.0075,,
1.0735,133,84.2,21.5,0.0075,,
1.081,134,85.2,21.5,0.0075,,
1.0895,135,86.5,21.5,0.0085,,
1.098,136,87.6,21.5,0.0085,,
1.1065,137,88.6,21.5,0.0075,,
1.115,138,90,21.5,0.0075,,
1.1235,139,91.2,21.5,0.0075,,
1.131,140,92.3,21.5,0.0075,,
1.1395,141,93.6,21.5,0.0085,,
1.1475,142,94.9,21.5,0.0075,,
1.156,143,96.5,21.5,0.0075,,
1.1645,144,97.9,21.5,0.0075,,
1.173,145,99.3,21.5,0.0075,,
1.1805,146,100.8,21.5,0.0075,,
1.189,147,102.2,21.5,0.0085,,
1.1975,148,104,21.5,0.0075,,
1.206,149,105.5,21.5,0.0075,,
1.214,150,107.2,21.5,0.0075,,
1.2225,151,109.1,21.5,0.0075,,
1.23,152,110.9,21.5,0.0075,,
1.2385,153,113,21.5,0.0085,,
1.247,154,115,21.5,0.0075,,
1.2555,155,117.2,21.5,0.0075,,
1.264,156,119.8,21.5,0.0075,,
1.2725,157,122.4,21.5,0.0075,,
1.28,158,124.5,21.5,0.0075,,
1.288,159,127.4,21.5,0.008,,
1.2965,160,130.3,21.5,0.0075,,
1.305,161,133.9,21.5,0.0075,,
1.3135,162,137.4,21.5,0.0075,,
1.322,163,141,21.5,0.0075,,
1.3295,164,144.4,21.5,0.0075,,
1.338,165,148.5,21.5,0.0085,,
1.3465,166,152.5,21.5,0.0075,,
1.3545,167,156.6,21.5,0.0075,,
1.363,168,160.3,21.5,0.0075,,
1.3715,169,164.2,21.5,0.0075,,
1.379,170,167.3,21.5,0.0075,,
1.3875,171,170.8,21.5,0.0085,,
1.396,172,173.7,21.5,0.0085,,
1.4045,173,176.6,21.5,0.0075,,
1.4125,174,179.4,21.5,0.0075,,
1.421,175,181.8,21.5,0.0075,,
1.4285,176,183.8,21.5,0.0075,,
1.4355,177,185,21.5,0.0085,,
1.4355,417,189.3,21.5,0,,
1.436,418,189.5,21.5,0.0005,,
1.4375,419,189.3,21.5,0.0015,,
1.44,420,189.5,21.5,0.003,,
1.444,421,189.9,21.5,0.004,,
1.45,422,190.5,21.5,0.006,,
1.4585,423,191.5,21.5,0.0085,,
1.466,424,192.6,21.5,0.0085,,
1.4745,425,194.3,21.5,0.0095,,
1.483,426,195.9,21.5,0.0095,,
1.4915,427,197.1,21.5,0.0085,,
1.4995,428,198.2,21.5,0.008,,
1.508,429,199.6,21.5,0.0085,,
1.5155,430,200.7,21.5,0.0085,,
1.524,431,201.9,21.5,0.0095,,
1.5325,432,202.8,21.5,0.0095,,
1.541,433,203.9,21.5,0.0085,,
1.5495,434,205,21.5,0.0085,,
1.5575,435,205.8,21.5,0.008,,
1.5655,436,206.7,21.5,0.009,,
1.5735,437,207.5,21.5,0.009,,
1.582,438,208.6,21.5,0.0095,,
1.5905,439,209.6,21.5,0.0085,,
1.599,440,210.3,21.5,0.0085,,
1.6075,441,211,21.5,0.0085,,
1.615,442,211.7,21.5,0.0085,,
1.6235,443,212.4,21.5,0.0095,,
1.6315,444,213.2,21.5,0.009,,
1.64,445,213.8,21.5,0.0085,,
1.6485,446,214.6,21.5,0.0085,,
1.657,447,215.3,21.5,0.0085,,
1.6645,448,215.9,21.5,0.0085,,
1.673,449,216.6,21.5,0.0095,,
1.6815,450,217,21.5,0.0095,,
1.69,451,217.7,21.5,0.0085,,
1.698,452,218.3,21.5,0.008,,
1.7065,453,218.8,21.5,0.0085,,
1.714,454,219.4,21.5,0.0085,,
1.7225,455,220,21.5,0.0095,,
1.731,456,220.6,21.5,0.0095,,
1.7395,457,221.2,21.5,0.0085,,
1.7475,458,221.8,21.5,0.008,,
1.756,459,222.1,21.5,0.0085,,
1.7645,460,222.5,21.5,0.0095,,
1.772,461,223.1,21.5,0.0085,,
1.7805,462,223.7,21.5,0.0095,,
1.789,463,224.1,21.5,0.0085,,
1.7975,464,224.5,21.5,0.0085,,
1.8055,465,225.1,21.5,0.008,,
1.814,466,225.4,21.5,0.0095,,
1.8215,467,225.9,21.5,0.0085,,
1.83,468,226.1,21.5,0.0095,,
1.8385,469,226.7,21.5,0.0085,,
1.847,470,227.1,21.5,0.0085,,
1.8555,471,227.5,21.5,0.0085,,
1.864,472,227.7,21.5,0.0085,,
1.8715,473,228.1,21.5,0.0085,,
1.8795,474,228.7,21.5,0.009,,
1.888,475,229.2,21.5,0.0095,,
1.8965,476,229.6,21.5,0.0085,,
1.905,477,229.8,21.5,0.0085,,
1.9135,478,230.3,21.5,0.0085,,
1.921,479,230.5,21.5,0.0085,,
1.9295,480,231,21.5,0.0095,,
1.9375,481,231.4,21.5,0.009,,
1.946,482,231.6,21.5,0.0085,,
1.9545,483,232,21.5,0.0085,,
1.963,484,232.4,21.5,0.0085,,
1.9715,485,232.6,21.5,0.0085,,
1.979,486,232.9,21.5,0.0085,,
1.9875,487,233.1,21.5,0.0095,,
1.9955,488,233.5,21.5,0.009,,
2.003,489,233.9,21.5,0.0075,,
2.009,490,234,21.5,0.006,,
2.01,491,234.2,21.5,0.001,,
2.0105,492,234.3,21.5,0.0005,,
2.0115,493,234.4,21.5,0.001,,
2.0125,494,234.6,21.5,0.001,,
2.013,495,234.5,21.5,0.0005,,
2.0145,496,234.5,21.5,0.0015,,
2.015,497,234.6,21.5,0.0005,,
2.0165,498,234.8,21.5,0.0015,,
2.0185,499,234.8,21.5,0.002,,
2.0215,500,234.7,21.5,0.0035,,
2.0245,501,235.1,21.5,0.0035,,
Scope 1/1, Sample 2/32 (JUNK2),,,,,
Result,TitrationEP1,,,,,
V,t,E,T,dV/dt,E acc. stat.,Volume acc. stat.
0,0,-63.7,21.3,NaN,,
0.001,1,-63.8,21.3,0.001,,
0.0025,2,-63.6,21.3,0.0015,,
0.005,3,-63.7,21.3,0.0025,,
0.0085,4,-63.6,21.3,0.003,,
0.015,5,-63.5,21.3,0.006,,
0.023,6,-63.2,21.3,0.0075,,
0.0315,7,-62.5,21.3,0.0075,,
0.04,8,-61.7,21.3,0.0075,,
0.0485,9,-61,21.3,0.0085,,
0.056,10,-60.1,21.3,0.007,,
0.0645,11,-59,21.3,0.0075,,
0.0725,12,-57.7,21.3,0.0075,,
0.081,13,-56.6,21.3,0.0075,,
0.0895,14,-55.4,21.3,0.0075,,
0.097,15,-54.2,21.3,0.007,,
0.1055,16,-52.7,21.3,0.0075,,
0.114,17,-51.1,21.3,0.0075,,
0.1225,18,-49.7,21.3,0.0075,,
0.131,19,-48,21.3,0.0075,,
0.139,20,-46.1,21.3,0.0075,,
0.147,21,-44.4,21.3,0.0075,,
0.155,22,-42.4,21.3,0.0075,,
0.1635,23,-40.4,21.3,0.0075,,
0.172,24,-38.1,21.3,0.0075,,
0.1805,25,-35.8,21.3,0.0075,,
0.189,26,-33.5,21.3,0.0075,,
0.1965,27,-31.3,21.3,0.007,,
0.205,28,-28.7,21.3,0.0075,,
0.2135,29,-25.8,21.3,0.0075,,
0.2215,30,-22.9,21.3,0.0075,,
0.23,31,-20.1,21.3,0.0075,,
0.2385,32,-17.2,21.3,0.0075,,
0.246,33,-14.9,21.3,0.007,,
0.2545,34,-12.2,21.3,0.0075,,
0.263,35,-9.9,21.3,0.0075,,
0.2715,36,-7.9,21.3,0.0075,,
0.2795,37,-5.8,21.3,0.0075,,
0.288,38,-3.9,21.3,0.0075,,
0.2955,39,-2.4,21.3,0.007,,
0.304,40,-0.9,21.3,0.0075,,
0.3125,41,0.5,21.3,0.0075,,
0.321,42,2,21.3,0.0075,,
0.3295,43,3.4,21.3,0.0075,,
0.3375,44,4.6,21.3,0.0075,,
0.3455,45,5.8,21.3,0.0075,,
0.3535,46,7,21.3,0.0075,,
0.362,47,8.3,21.3,0.0075,,
0.3705,48,9.5,21.3,0.0075,,
0.379,49,10.5,21.3,0.0075,,
0.3875,50,11.7,21.3,0.0075,,
0.395,51,12.6,21.3,0.007,,
0.4035,52,13.8,21.3,0.0075,,
0.412,53,14.8,21.3,0.0075,,
0.42,54,15.7,21.3,0.0075,,
0.4285,55,16.8,21.3,0.007,,
0.437,56,17.8,21.3,0.0075,,
0.4445,57,18.7,21.3,0.007,,
0.453,58,19.6,21.3,0.0075,,
0.4615,59,20.4,21.3,0.0075,,
0.47,60,21.5,21.3,0.0075,,
0.478,61,22.4,21.3,0.0075,,
0.4865,62,23.2,21.3,0.0075,,
0.494,63,24,21.3,0.007,,
0.5025,64,24.9,21.3,0.0075,,
0.511,65,26,21.3,0.0075,,
0.5195,66,26.8,21.3,0.0075,,
0.528,67,27.5,21.3,0.0075,,
0.5365,68,28.5,21.3,0.0075,,
0.5445,69,29.1,21.3,0.008,,
0.552,70,30.1,21.3,0.007,,
0.5605,71,30.9,21.3,0.0075,,
0.569,72,31.8,21.3,0.0075,,
0.5775,73,32.9,21.3,0.0075,,
0.586,74,33.8,21.3,0.0075,,
0.5935,75,34.5,21.3,0.007,,
0.602,76,35.3,21.3,0.0075,,
0.6105,77,36.2,21.3,0.0075,,
0.6185,78,37.1,21.3,0.0075,,
0.627,79,38,21.3,0.0075,,
0.6355,80,38.8,21.3,0.0075,,
0.643,81,39.6,21.3,0.007,,
0.6515,82,40.6,21.3,0.0075,,
0.66,83,41.6,21.3,0.0075,,
0.6685,84,42.3,21.3,0.0075,,
0.677,85,43.3,21.3,0.0075,,
0.685,86,44.3,21.3,0.0075,,
0.6935,87,44.8,21.3,0.0075,,
0.701,88,45.9,21.3,0.007,,
0.7095,89,46.7,21.3,0.0075,,
0.718,90,47.7,21.3,0.0075,,
0.7265,91,48.6,21.3,0.0075,,
0.735,92,49.5,21.3,0.0075,,
0.7425,93,50.3,21.3,0.007,,
0.751,94,51,21.3,0.0075,,
0.759,95,52.1,21.3,0.0075,,
0.7675,96,53,21.3,0.0075,,
0.776,97,53.8,21.3,0.0075,,
0.7845,98,54.7,21.3,0.0075,,
0.792,99,55.4,21.3,0.007,,
0.8005,100,56.5,21.3,0.0075,,
0.809,101,57.5,21.3,0.0075,,
0.8175,102,58.3,21.3,0.0075,,
0.8255,103,59.1,21.3,0.0075,,
0.834,104,60.1,21.3,0.0075,,
0.8425,105,60.9,21.3,0.0075,,
0.85,106,61.9,21.3,0.007,,
0.8585,107,62.7,21.3,0.0075,,
0.867,108,63.6,21.3,0.0075,,
0.8755,109,64.7,21.3,0.0075,,
0.8835,110,65.5,21.3,0.0075,,
0.8915,111,66.4,21.3,0.0075,,
0.8995,112,67.2,21.3,0.0075,,
0.908,113,68.2,21.3,0.0075,,
0.9165,114,69.3,21.3,0.0075,,
0.925,115,70.1,21.3,0.0075,,
0.9335,116,71,21.3,0.0075,,
0.942,117,71.8,21.3,0.0075,,
0.9495,118,73,21.3,0.007,,
0.9575,119,74.1,21.3,0.0075,,
0.966,120,74.9,21.3,0.0075,,
0.9745,121,75.9,21.3,0.0075,,
0.983,122,77,21.3,0.0075,,
0.9915,123,77.8,21.3,0.0085,,
0.999,124,78.9,21.3,0.007,,
1.0075,125,79.8,21.3,0.0075,,
1.016,126,80.9,21.3,0.0075,,
1.024,127,82.1,21.3,0.0075,,
1.0325,128,83,21.3,0.0075,,
1.041,129,84,21.3,0.0085,,
1.0485,130,85,21.3,0.007,,
1.057,131,86.1,21.3,0.0075,,
1.0655,132,87.2,21.3,0.0075,,
1.074,133,88.2,21.3,0.0075,,
1.0825,134,89.6,21.3,0.0075,,
1.09,135,90.5,21.3,0.007,,
1.0985,136,91.9,21.3,0.0075,,
1.1065,137,93.1,21.3,0.0075,,
1.115,138,94.5,21.3,0.0075,,
1.1235,139,95.8,21.3,0.0075,,
1.132,140,97.1,21.3,0.0075,,
1.1395,141,98.4,21.3,0.007,,
1.148,142,99.8,21.3,0.0075,,
1.1565,143,101.2,21.3,0.0075,,
1.165,144,102.6,21.3,0.0075,,
1.173,145,104.2,21.3,0.0075,,
1.1815,146,105.8,21.3,0.0075,,
1.189,147,107.2,21.3,0.007,,
1.1975,148,109,21.3,0.0075,,
1.206,149,110.9,21.3,0.0075,,
1.2145,150,112.7,21.3,0.0075,,
1.223,151,114.7,21.3,0.0075,,
1.2315,152,116.8,21.3,0.0075,,
1.239,153,118.7,21.3,0.007,,
1.247,154,120.9,21.3,0.0075,,
1.2555,155,123,21.3,0.0075,,
1.264,156,125.4,21.3,0.0075,,
1.2725,157,128.3,21.3,0.0075,,
1.281,158,131.2,21.3,0.0075,,
1.2885,159,133.9,21.3,0.007,,
1.297,160,137.1,21.3,0.0075,,
1.305,161,140.5,21.3,0.0075,,
1.3135,162,144.1,21.3,0.0075,,
1.322,163,147.8,21.3,0.0075,,
1.3305,164,151.7,21.3,0.0075,,
1.338,165,155.4,21.3,0.007,,
1.3465,166,159.1,21.3,0.0075,,
1.355,167,162.8,21.3,0.0075,,
1.3635,168,166.1,21.3,0.0075,,
1.3715,169,169.4,21.3,0.0075,,
1.38,170,172.6,21.3,0.0075,,
1.3875,171,175,21.3,0.007,,
1.396,172,178,21.3,0.0075,,
1.4045,173,180.4,21.3,0.0075,,
1.413,174,182.7,21.3,0.0075,,
1.4215,175,184.8,21.3,0.0075,,
1.425,176,185.2,21.3,0.006,,
1.425,416,189.3,21.4,0,,
1.4255,417,189.3,21.4,0.0005,,
1.427,418,189.1,21.4,0.002,,
1.4295,419,189.3,21.4,0.0035,,
1.4335,420,189.9,21.4,0.005,,
1.4395,421,190.4,21.4,0.0075,,
1.4475,422,191.5,21.4,0.01,,
1.455,423,192.7,21.4,0.0105,,
1.4635,424,194.3,21.4,0.012,,
1.472,425,195.8,21.4,0.012,,
1.4805,426,196.9,21.4,0.0105,,
1.489,427,198.2,21.4,0.0105,,
1.4975,428,199.6,21.4,0.0105,,
1.505,429,200.6,21.4,0.0105,,
1.513,430,201.8,21.4,0.0115,,
1.5215,431,202.7,21.4,0.0105,,
1.53,432,203.8,21.4,0.0105,,
1.5385,433,204.9,21.4,0.0105,,
1.547,434,205.7,21.4,0.0105,,
1.5545,435,206.7,21.4,0.0105,,
1.563,436,207.4,21.4,0.012,,
1.5715,437,208.4,21.4,0.012,,
1.5795,438,209.4,21.4,0.01,,
1.588,439,210.1,21.4,0.0105,,
1.5965,440,210.7,21.4,0.0105,,
1.604,441,211.5,21.4,0.0105,,
1.6125,442,212.4,21.4,0.012,,
1.621,443,213.2,21.4,0.012,,
1.6295,444,213.8,21.4,0.0105,,
1.6375,445,214.4,21.4,0.01,,
1.646,446,215.3,21.4,0.0105,,
1.6545,447,215.8,21.4,0.012,,
1.662,448,216.5,21.4,0.0105,,
1.6705,449,217,21.4,0.012,,
1.679,450,217.5,21.4,0.0105,,
1.6875,451,218.3,21.4,0.0105,,
1.6955,452,218.8,21.4,0.01,,
1.704,453,219.2,21.4,0.012,,
1.7115,454,219.6,21.4,0.0105,,
1.72,455,220.2,21.4,0.012,,
1.7285,456,220.9,21.4,0.0105,,
1.737,457,221.3,21.4,0.0105,,
1.7455,458,221.7,21.4,0.0105,,
1.754,459,222.4,21.4,0.0105,,
1.7615,460,222.8,21.4,0.0105,,
1.7695,461,223.3,21.4,0.0115,,
1.778,462,223.7,21.4,0.012,,
1.7865,463,224.2,21.4,0.0105,,
1.795,464,224.7,21.4,0.0105,,
1.8035,465,225.1,21.4,0.0105,,
1.811,466,225.6,21.4,0.0105,,
1.8195,467,225.9,21.4,0.012,,
1.828,468,226.3,21.4,0.012,,
1.836,469,226.8,21.4,0.01,,
1.8445,470,227.1,21.4,0.0105,,
1.853,471,227.5,21.4,0.0105,,
1.8605,472,227.9,21.4,0.0105,,
1.869,473,228.3,21.4,0.012,,
1.8775,474,228.9,21.4,0.012,,
1.886,475,229.1,21.4,0.0105,,
1.894,476,229.3,21.4,0.01,,
1.9025,477,229.8,21.4,0.0105,,
1.91,478,230.2,21.4,0.0105,,
1.9185,479,230.6,21.4,0.012,,
1.927,480,230.8,21.4,0.012,,
1.9355,481,231.1,21.4,0.0105,,
1.944,482,231.6,21.4,0.0105,,
1.9525,483,231.9,21.4,0.0105,,
1.96,484,232.4,21.4,0.0105,,
1.968,485,232.5,21.4,0.0115,,
1.9765,486,232.8,21.4,0.012,,
1.985,487,233.3,21.4,0.0105,,
1.9935,488,233.4,21.4,0.0105,,
2.0015,489,233.7,21.4,0.01,,
2.0025,490,234,21.4,0.0015,,
2.0025,491,234.1,21.4,0,,
2.0035,492,234.3,21.4,0.0015,,
2.005,493,234.1,21.4,0.002,,
2.0075,494,234.3,21.4,0.003,,
2.0105,495,234.6,21.4,0.0035,,
2.015,496,234.6,21.4,0.0065,,
2.017,497,234.7,21.4,0.003,,
2.018,498,234.6,21.4,0.0015,,
2.018,499,234.8,21.4,0,,
2.019,500,234.9,21.4,0.001,,
2.02,501,234.8,21.4,0.001,,
2.0205,501,235,21.4,0.001,,
Scope 1/1, Sample 3/32 (S1),,,,,
Result,TitrationEP1,,,,,
V,t,E,T,dV/dt,E acc. stat.,Volume acc. stat.
0,0,-56.4,20.2,NaN,,
0.001,1,-56.4,20.2,0.001,,
0.0025,2,-56.5,20.2,0.0015,,
0.005,3,-56.5,20.2,0.0025,,
0.0085,4,-56.6,20.2,0.003,,
0.0145,5,-56.3,20.2,0.0055,,
0.023,6,-55.8,20.2,0.0075,,
0.0315,7,-55.3,20.2,0.0075,,
0.04,8,-54.6,20.2,0.0075,,
0.048,9,-53.6,20.2,0.008,,
0.056,10,-52.3,20.2,0.0075,,
0.064,11,-51,20.2,0.0075,,
0.0725,12,-49.8,20.2,0.0075,,
0.081,13,-48.2,20.2,0.0075,,
0.0895,14,-46.4,20.2,0.0075,,
0.098,15,-45,20.2,0.0085,,
0.1055,16,-43.2,20.2,0.007,,
0.114,17,-41.3,20.2,0.0075,,
0.1225,18,-39.2,20.2,0.0075,,
0.1305,19,-37,20.2,0.0075,,
0.139,20,-34.7,20.2,0.0075,,
0.1475,21,-32.5,20.2,0.0085,,
0.155,22,-30.1,20.2,0.007,,
0.1635,23,-27.2,20.2,0.0075,,
0.172,24,-24.4,20.2,0.0075,,
0.1805,25,-21.8,20.2,0.0075,,
0.1885,26,-19,20.2,0.0075,,
0.1965,27,-16.6,20.2,0.0075,,
0.2045,28,-14.1,20.2,0.0075,,
0.213,29,-11.9,20.2,0.0075,,
0.2215,30,-10,20.2,0.0075,,
0.23,31,-7.9,20.2,0.0075,,
0.2385,32,-6,20.2,0.0075,,
0.246,33,-4.3,20.2,0.007,,
0.2545,34,-2.8,20.2,0.0075,,
0.263,35,-1.4,20.2,0.0075,,
0.271,36,0.2,20.2,0.0075,,
0.2795,37,1.4,20.2,0.0075,,
0.288,38,2.7,20.2,0.0075,,
0.2955,39,3.8,20.2,0.007,,
0.304,40,5.1,20.2,0.0075,,
0.3125,41,6.5,20.2,0.0075,,
0.321,42,7.4,20.2,0.0075,,
0.3295,43,8.4,20.2,0.0075,,
0.3375,44,9.7,20.2,0.0075,,
0.3455,45,10.5,20.2,0.0075,,
0.3535,46,11.6,20.2,0.0075,,
0.362,47,12.5,20.2,0.0075,,
0.3705,48,13.4,20.2,0.0075,,
0.379,49,14.4,20.2,0.0075,,
0.3875,50,15.3,20.2,0.0075,,
0.3955,51,16.1,20.2,0.008,,
0.4035,52,17,20.2,0.0075,,
0.4115,53,17.9,20.2,0.0075,,
0.42,54,18.9,20.2,0.0075,,
0.4285,55,19.7,20.2,0.0075,,
0.437,56,20.5,20.2,0.0075,,
0.4455,57,21.5,20.2,0.0085,,
0.453,58,22.4,20.2,0.007,,
0.4615,59,23.5,20.2,0.0075,,
0.4695,60,24.3,20.2,0.0075,,
0.478,61,25,20.2,0.0075,,
0.4865,62,25.9,20.2,0.0075,,
0.495,63,26.9,20.2,0.0075,,
0.5025,64,27.6,20.2,0.007,,
0.511,65,28.4,20.2,0.0075,,
0.5195,66,29,20.2,0.0075,,
0.5275,67,29.9,20.2,0.0075,,
0.536,68,30.8,20.2,0.0075,,
0.5445,69,31.6,20.2,0.0075,,
0.552,70,32.4,20.2,0.007,,
0.5605,71,33.1,20.2,0.0075,,
0.569,72,34,20.2,0.0075,,
0.5775,73,35,20.2,0.0075,,
0.5855,74,35.7,20.2,0.0075,,
0.594,75,36.5,20.2,0.0075,,
0.6025,76,37.2,20.2,0.0085,,
0.61,77,38.2,20.2,0.007,,
0.6185,78,39.2,20.2,0.0075,,
0.627,79,40,20.2,0.0075,,
0.6355,80,40.9,20.2,0.0075,,
0.6435,81,42,20.2,0.0075,,
0.6515,82,42.7,20.2,0.0075,,
0.6595,83,43.5,20.2,0.0075,,
0.668,84,44.3,20.2,0.0075,,
0.6765,85,45.3,20.2,0.0075,,
0.685,86,46.2,20.2,0.0075,,
0.6935,87,46.9,20.2,0.0075,,
0.701,88,47.8,20.2,0.007,,
0.7095,89,48.5,20.2,0.0075,,
0.718,90,49.6,20.2,0.0075,,
0.726,91,50.4,20.2,0.0075,,
0.7345,92,51.2,20.2,0.0075,,
0.743,93,52.2,20.2,0.0075,,
0.7505,94,52.9,20.2,0.007,,
0.759,95,53.9,20.2,0.0075,,
0.7675,96,54.7,20.2,0.0075,,
0.776,97,55.5,20.2,0.0075,,
0.7845,98,56.5,20.2,0.0075,,
0.7925,99,57.4,20.2,0.0075,,
0.8005,100,58.4,20.2,0.0075,,
0.8085,101,59.2,20.2,0.0075,,
0.817,102,60.1,20.2,0.0075,,
0.8255,103,61.1,20.2,0.0075,,
0.834,104,61.9,20.2,0.007,,
0.8425,105,62.7,20.2,0.0075,,
0.85,106,63.6,20.2,0.007,,
0.8585,107,64.5,20.2,0.0075,,
0.867,108,65.6,20.2,0.0075,,
0.875,109,66.5,20.2,0.0075,,
0.8835,110,67.4,20.2,0.0075,,
0.892,111,68.5,20.2,0.0075,,
0.8995,112,69.3,20.2,0.007,,
0.908,113,70.4,20.2,0.0075,,
0.9165,114,71.3,20.2,0.0075,,
0.925,115,72.1,20.2,0.0075,,
0.933,116,73.2,20.2,0.0075,,
0.9415,117,74.3,20.2,0.0075,,
0.949,118,75.1,20.2,0.007,,
0.9575,119,76.1,20.2,0.0075,,
0.966,120,77.1,20.3,0.0075,,
0.9745,121,78.3,20.2,0.0075,,
0.983,122,79.3,20.3,0.0075,,
0.991,123,80.2,20.3,0.0075,,
0.9995,124,81.4,20.3,0.0085,,
1.007,125,82.3,20.3,0.007,,
1.0155,126,83.6,20.3,0.0075,,
1.024,127,84.8,20.3,0.0075,,
1.0325,128,85.9,20.3,0.0075,,
1.041,129,87.1,20.3,0.0075,,
1.049,130,88.1,20.3,0.008,,
1.057,131,89.4,20.3,0.0075,,
1.065,132,90.6,20.3,0.0075,,
1.0735,133,91.6,20.3,0.0075,,
1.082,134,93,20.3,0.0075,,
1.0905,135,94.4,20.3,0.0075,,
1.099,136,95.6,20.3,0.0075,,
1.1065,137,97,20.3,0.007,,
1.115,138,98.2,20.3,0.0075,,
1.123,139,99.8,20.3,0.0075,,
1.1315,140,101.3,20.3,0.0075,,
1.14,141,102.7,20.3,0.0075,,
1.1485,142,104.3,20.3,0.0075,,
1.156,143,105.7,20.3,0.007,,
1.1645,144,107.6,20.3,0.0075,,
1.173,145,109.5,20.3,0.0075,,
1.1815,146,111.3,20.3,0.0075,,
1.1895,147,113.3,20.3,0.0075,,
1.198,148,115.1,20.3,0.0085,,
1.2055,149,117.3,20.3,0.007,,
1.214,150,119.7,20.3,0.0075,,
1.2225,151,122.1,20.3,0.0075,,
1.231,152,124.8,20.3,0.0075,,
1.2395,153,127.6,20.3,0.0075,,
1.248,154,130.4,20.3,0.0085,,
1.2555,155,133.5,20.3,0.007,,
1.2635,156,136.7,20.3,0.0075,,
1.272,157,140.2,20.3,0.0075,,
1.2805,158,143.8,20.3,0.0075,,
1.289,159,147.6,20.3,0.0075,,
1.2975,160,151,20.3,0.0075,,
1.305,161,154.8,20.3,0.007,,
1.3135,162,158.7,20.3,0.0075,,
1.322,163,162.3,20.3,0.0075,,
1.33,164,165.7,20.3,0.0075,,
1.3385,165,169.2,20.3,0.0075,,
1.347,166,172.4,20.3,0.0075,,
1.3545,167,175,20.3,0.007,,
1.363,168,177.8,20.3,0.0075,,
1.3715,169,180.1,20.3,0.0075,,
1.38,170,182.4,20.3,0.0075,,
1.388,171,184.6,20.3,0.0075,,
1.3935,172,185.2,20.3,0.008,,
1.3935,412,189.5,20.4,0,,
1.394,413,189.6,20.4,0.0005,,
1.3955,414,189.6,20.4,0.0015,,
1.398,415,189.6,20.4,0.003,,
1.402,416,190,20.4,0.004,,
1.4085,417,190.7,20.4,0.0065,,
1.417,418,191.8,20.4,0.0085,,
1.4245,419,193,20.4,0.0085,,
1.433,420,194.4,20.4,0.0095,,
1.441,421,195.6,20.4,0.009,,
1.4495,422,197.1,20.4,0.0085,,
1.458,423,198.3,20.4,0.0085,,
1.4665,424,199.4,20.4,0.0085,,
1.475,425,200.6,20.4,0.0095,,
1.4825,426,201.7,20.4,0.0085,,
1.491,427,202.9,20.4,0.0095,,
1.4995,428,203.8,20.4,0.0085,,
1.5075,429,204.7,20.4,0.008,,
1.516,430,205.7,20.4,0.0085,,
1.5245,431,206.6,20.4,0.0095,,
1.532,432,207.5,20.4,0.0085,,
1.5405,433,208.3,20.4,0.0095,,
1.549,434,209,20.4,0.0085,,
1.5575,435,209.9,20.4,0.0085,,
1.5655,436,210.7,20.4,0.008,,
1.5735,437,211.4,20.4,0.009,,
1.5815,438,211.9,20.4,0.009,,
1.59,439,212.7,20.4,0.0095,,
1.5985,440,213.6,20.4,0.0085,,
1.607,441,214.1,20.4,0.0085,,
1.6155,442,214.6,20.4,0.0085,,
1.623,443,215.4,20.4,0.0085,,
1.6315,444,216.1,20.4,0.0095,,
1.64,445,216.7,20.4,0.0095,,
1.648,446,217.2,20.4,0.008,,
1.6565,447,217.7,20.4,0.0085,,
1.665,448,218.5,20.4,0.0085,,
1.6725,449,219,20.4,0.0085,,
1.681,450,219.6,20.4,0.0095,,
1.6895,451,220.1,20.4,0.0095,,
1.698,452,220.7,20.4,0.0085,,
1.706,453,221.3,20.4,0.008,,
1.7145,454,221.7,20.4,0.0085,,
1.723,455,222.2,20.4,0.0095,,
1.7305,456,222.6,20.4,0.0085,,
1.739,457,223.1,20.4,0.0095,,
1.7475,458,223.6,20.4,0.0085,,
1.756,459,224,20.4,0.0085,,
1.764,460,224.3,20.4,0.008,,
1.7725,461,224.9,20.4,0.0085,,
1.78,462,225.2,20.4,0.0085,,
1.7885,463,225.8,20.4,0.0095,,
1.797,464,226.1,20.4,0.0085,,
1.8055,465,226.5,20.4,0.0085,,
1.814,466,227.1,20.4,0.0085,,
1.8225,467,227.3,20.4,0.0095,,
1.83,468,227.8,20.4,0.0085,,
1.8385,469,228.1,20.4,0.0095,,
1.8465,470,228.5,20.4,0.008,,
1.855,471,229,20.4,0.0085,,
1.8635,472,229.2,20.4,0.0085,,
1.872,473,229.7,20.4,0.0095,,
1.8795,474,229.9,20.4,0.0085,,
1.888,475,230.4,20.4,0.0095,,
1.8965,476,230.8,20.4,0.0085,,
1.9045,477,231,20.4,0.008,,
1.913,478,231.2,20.4,0.0085,,
1.9215,479,231.7,20.4,0.0085,,
1.929,480,231.9,20.4,0.0085,,
1.9375,481,232.3,20.4,0.0095,,
1.946,482,232.5,20.4,0.0085,,
1.9545,483,232.9,20.4,0.0085,,
1.963,484,233.3,20.4,0.0085,,
1.971,485,233.5,20.4,0.009,,
1.9785,486,233.8,20.4,0.0085,,
1.9855,487,234,20.4,0.008,,
1.9885,488,234.4,20.4,0.003,,
1.989,489,234.6,20.4,0.0005,,
1.9895,490,234.5,20.4,0.0005,,
1.99,491,234.6,20.4,0.0005,,
1.991,492,234.4,20.4,0.001,,
1.9915,493,234.6,20.4,0.0005,,
1.993,494,234.7,20.4,0.0015,,
1.9945,495,234.6,20.4,0.0015,,
1.9965,496,234.8,20.4,0.002,,
1.9985,497,234.8,20.4,0.002,,
2.001,498,234.9,20.4,0.003,,
2.002,498,235,20.4,0.0025,,
Scope 1/1, Sample 4/32 (S2),,,,,
Result,TitrationEP1,,,,,
V,t,E,T,dV/dt,E acc. stat.,Volume acc. stat.
0,0,-56,20.1,NaN,,
0.001,1,-56.3,20.2,0.001,,
0.0025,2,-56.2,20.1,0.0015,,
0.005,3,-56.3,20.1,0.0025,,
0.009,4,-56,20.2,0.0035,,
0.015,5,-55.8,20.2,0.0055,,
0.0235,6,-55.5,20.2,0.0075,,
0.032,7,-54.7,20.2,0.0075,,
0.0405,8,-53.7,20.2,0.0075,,
0.048,9,-52.7,20.2,0.007,,
0.0565,10,-51.6,20.2,0.0075,,
0.065,11,-50.4,20.2,0.0075,,
0.073,12,-48.8,20.2,0.0075,,
0.0815,13,-47.1,20.2,0.0075,,
0.09,14,-45.7,20.2,0.0075,,
0.0975,15,-44,20.2,0.007,,
0.106,16,-42.2,20.2,0.0075,,
0.1145,17,-40,20.2,0.0075,,
0.123,18,-37.9,20.2,0.0075,,
0.131,19,-35.7,20.2,0.0075,,
0.1395,20,-33.2,20.2,0.0075,,
0.148,21,-30.9,20.2,0.0085,,
0.1555,22,-28.2,20.2,0.007,,
0.164,23,-25.6,20.2,0.0075,,
0.1725,24,-22.9,20.2,0.0075,,
0.181,25,-19.9,20.2,0.0075,,
0.1895,26,-17.1,20.2,0.0075,,
0.197,27,-14.6,20.2,0.007,,
0.2055,28,-12.3,20.2,0.0075,,
0.2135,29,-10,20.2,0.0075,,
0.222,30,-7.6,20.2,0.0075,,
0.2305,31,-5.5,20.2,0.0075,,
0.239,32,-3.7,20.2,0.0075,,
0.2465,33,-2.3,20.2,0.007,,
0.255,34,-0.7,20.2,0.0075,,
0.2635,35,0.8,20.2,0.0075,,
0.272,36,2,20.2,0.0075,,
0.28,37,3.4,20.2,0.0075,,
0.2885,38,4.8,20.2,0.0075,,
0.297,39,5.8,20.2,0.0085,,
0.3045,40,7.2,20.2,0.007,,
0.313,41,8.3,20.2,0.0075,,
0.3215,42,9.4,20.2,0.0075,,
0.33,43,10.6,20.2,0.0075,,
0.338,44,11.8,20.2,0.0075,,
0.3465,45,12.7,20.2,0.0085,,
0.354,46,13.6,20.2,0.007,,
0.3625,47,14.6,20.2,0.0075,,
0.371,48,15.8,20.2,0.0075,,
0.3795,49,16.7,20.2,0.0075,,
0.388,50,17.6,20.2,0.0075,,
0.3955,51,18.4,20.2,0.007,,
0.404,52,19.5,20.2,0.0075,,
0.4125,53,20.5,20.2,0.0075,,
0.4205,54,21.2,20.2,0.0075,,
0.429,55,22.2,20.2,0.0075,,
0.4375,56,23.2,20.2,0.0075,,
0.445,57,24,20.2,0.007,,
0.4535,58,24.8,20.2,0.0075,,
0.462,59,25.5,20.2,0.0075,,
0.4705,60,26.5,20.2,0.0075,,
0.479,61,27.5,20.2,0.0075,,
0.487,62,28.2,20.2,0.0075,,
0.4945,63,29,20.2,0.007,,
0.503,64,29.8,20.2,0.0075,,
0.5115,65,30.8,20.2,0.0075,,
0.52,66,31.7,20.2,0.0075,,
0.5285,67,32.3,20.2,0.0075,,
0.537,68,33.2,20.2,0.0075,,
0.5445,69,33.9,20.2,0.007,,
0.553,70,35,20.2,0.0075,,
0.561,71,35.8,20.2,0.0075,,
0.5695,72,36.5,20.2,0.0075,,
0.578,73,37.5,20.2,0.0075,,
0.5865,74,38.4,20.2,0.0075,,
0.594,75,39.2,20.2,0.007,,
0.6025,76,40,20.2,0.0075,,
0.611,77,40.7,20.2,0.0075,,
0.619,78,41.6,20.2,0.0075,,
0.6275,79,42.5,20.2,0.0075,,
0.636,80,43.2,20.2,0.0075,,
0.6435,81,44,20.2,0.007,,
0.652,82,44.8,20.2,0.0075,,
0.6605,83,45.8,20.2,0.0075,,
0.669,84,46.6,20.2,0.0075,,
0.6775,85,47.3,20.2,0.0075,,
0.6855,86,48.4,20.2,0.0075,,
0.6935,87,48.9,20.2,0.0075,,
0.7015,88,49.8,20.2,0.0075,,
0.71,89,50.7,20.2,0.0075,,
0.7185,90,51.4,20.2,0.0075,,
0.727,91,52.3,20.2,0.0075,,
0.7355,92,53.3,20.2,0.0075,,
0.743,93,54.1,20.2,0.0075,,
0.7515,94,54.8,20.2,0.0075,,
0.7595,95,55.6,20.2,0.0075,,
0.768,96,56.5,20.2,0.0075,,
0.7765,97,57.5,20.2,0.0075,,
0.785,98,58.2,20.2,0.0075,,
0.7925,99,59,20.2,0.0075,,
0.801,100,59.9,20.2,0.0075,,
0.8095,101,61,20.2,0.0075,,
0.818,102,62,20.2,0.0075,,
0.826,103,62.7,20.2,0.0075,,
0.8345,104,63.6,20.2,0.0075,,
0.843,105,64.3,20.2,0.0085,,
0.8505,106,65.4,20.2,0.007,,
0.859,107,66.3,20.2,0.0075,,
0.8675,108,67.2,20.2,0.0075,,
0.876,109,68.3,20.2,0.0075,,
0.884,110,69.1,20.2,0.0075,,
0.892,111,70,20.2,0.0075,,
0.9,112,70.7,20.2,0.0075,,
0.9085,113,71.7,20.2,0.0075,,
0.917,114,72.8,20.2,0.0075,,
0.9255,115,73.8,20.2,0.0075,,
0.934,116,74.6,20.2,0.0075,,
0.9415,117,75.5,20.2,0.007,,
0.95,118,76.5,20.2,0.0075,,
0.9585,119,77.7,20.2,0.0075,,
0.9665,120,78.7,20.2,0.0075,,
0.975,121,79.6,20.2,0.0075,,
0.9835,122,80.7,20.2,0.0075,,
0.992,123,81.4,20.2,0.0085,,
0.9995,124,82.5,20.2,0.007,,
1.008,125,83.4,20.2,0.0075,,
1.0165,126,84.3,20.2,0.0075,,
1.0245,127,85.5,20.2,0.0075,,
1.033,128,86.6,20.2,0.0075,,
1.0415,129,87.7,20.2,0.0085,,
1.049,130,88.6,20.2,0.007,,
1.0575,131,89.7,20.2,0.0075,,
1.066,132,91,20.2,0.0075,,
1.0745,133,92.1,20.2,0.0075,,
1.0825,134,93.1,20.2,0.0075,,
1.091,135,94.3,20.2,0.0085,,
1.0985,136,95.6,20.2,0.007,,
1.107,137,97.1,20.2,0.0075,,
1.1155,138,98.4,20.2,0.0075,,
1.124,139,99.7,20.2,0.0075,,
1.1325,140,101.3,20.3,0.0075,,
1.141,141,102.6,20.3,0.0075,,
1.1485,142,103.9,20.3,0.007,,
1.1565,143,105.3,20.3,0.0075,,
1.165,144,107,20.3,0.0075,,
1.1735,145,108.8,20.3,0.0075,,
1.182,146,110.6,20.3,0.0075,,
1.1905,147,112.3,20.3,0.0085,,
1.198,148,114,20.3,0.007,,
1.2065,149,116,20.3,0.0075,,
1.215,150,118.3,20.3,0.0075,,
1.223,151,120.5,20.3,0.0075,,
1.2315,152,122.7,20.3,0.0075,,
1.24,153,125.4,20.3,0.0075,,
1.2475,154,127.7,20.3,0.007,,
1.256,155,130.8,20.3,0.0075,,
1.2645,156,133.7,20.3,0.0075,,
1.273,157,136.8,20.3,0.0075,,
1.281,158,140.1,20.3,0.0075,,
1.2895,159,143.4,20.3,0.0075,,
1.297,160,146.9,20.3,0.007,,
1.3055,161,150.4,20.3,0.0075,,
1.314,162,154.1,20.3,0.0075,,
1.3225,163,157.8,20.3,0.0075,,
1.331,164,161.4,20.3,0.0075,,
1.3395,165,164.6,20.3,0.0075,,
1.347,166,167.6,20.3,0.007,,
1.355,167,170.7,20.3,0.0075,,
1.3635,168,173.6,20.3,0.0075,,
1.372,169,176.2,20.3,0.0075,,
1.3805,170,178.5,20.3,0.0075,,
1.389,171,180.9,20.3,0.0075,,
1.3965,172,182.7,20.3,0.007,,
1.405,173,184.9,20.3,0.0075,,
1.4085,174,185.4,20.3,0.007,,
1.4085,414,189.1,20.4,0,,
1.409,415,188.9,20.4,0.001,,
1.4105,416,189,20.4,0.0025,,
1.413,417,189.3,20.4,0.004,,
1.417,418,189.5,20.4,0.0055,,
1.423,419,190.1,20.4,0.0085,,
1.431,420,191.4,20.4,0.0115,,
1.439,421,192.5,20.4,0.0135,,
1.447,422,193.9,20.4,0.0135,,
1.4555,423,195.3,20.4,0.014,,
1.464,424,196.4,20.4,0.012,,
1.4725,425,197.8,20.4,0.012,,
1.481,426,199.1,20.4,0.012,,
1.4885,427,200.1,20.4,0.0125,,
1.497,428,201.1,20.4,0.014,,
1.505,429,202.1,20.4,0.0135,,
1.5135,430,203.3,20.4,0.012,,
1.522,431,204.2,20.4,0.012,,
1.5305,432,205,20.4,0.012,,
1.538,433,205.8,20.4,0.0125,,
1.5465,434,206.7,20.4,0.014,,
1.555,435,207.7,20.4,0.014,,
1.5635,436,208.4,20.4,0.012,,
1.5715,437,209.1,20.4,0.0115,,
1.58,438,210,20.4,0.012,,
1.5875,439,210.6,20.4,0.0125,,
1.596,440,211.4,20.4,0.014,,
1.6045,441,212,20.4,0.014,,
1.613,442,212.6,20.4,0.012,,
1.6215,443,213.5,20.4,0.012,,
1.63,444,214.1,20.4,0.012,,
1.6375,445,214.7,20.4,0.0125,,
1.646,446,215.2,20.4,0.014,,
1.654,447,216,20.4,0.0135,,
1.6625,448,216.7,20.4,0.012,,
1.671,449,217.2,20.4,0.012,,
1.6795,450,217.7,20.4,0.012,,
1.687,451,218.1,20.4,0.0125,,
1.6955,452,218.7,20.4,0.014,,
1.704,453,219.4,20.4,0.014,,
1.712,454,219.9,20.4,0.0115,,
1.7205,455,220.3,20.4,0.012,,
1.729,456,221,20.4,0.012,,
1.7365,457,221.4,20.4,0.0125,,
1.745,458,222,20.4,0.014,,
1.7535,459,222.2,20.4,0.014,,
1.762,460,222.6,20.4,0.012,,
1.77,461,223.2,20.4,0.0115,,
1.7785,462,223.7,20.4,0.012,,
1.786,463,224.1,20.4,0.0125,,
1.7945,464,224.3,20.4,0.014,,
1.803,465,224.7,20.4,0.014,,
1.8115,466,225.3,20.4,0.012,,
1.82,467,225.7,20.4,0.012,,
1.8285,468,226,20.4,0.012,,
1.836,469,226.4,20.4,0.0125,,
1.844,470,226.8,20.4,0.0135,,
1.8525,471,227.4,20.4,0.014,,
1.861,472,227.8,20.4,0.012,,
1.8695,473,228,20.4,0.012,,
1.878,474,228.5,20.4,0.012,,
1.8865,475,229,20.4,0.012,,
1.894,476,229.3,20.4,0.0125,,
1.902,477,229.5,20.4,0.0135,,
1.9105,478,229.8,20.4,0.014,,
1.919,479,230.2,20.4,0.012,,
1.9275,480,230.6,20.4,0.012,,
1.936,481,230.8,20.4,0.012,,
1.9435,482,231.1,20.4,0.0125,,
1.952,483,231.4,20.4,0.014,,
1.96,484,231.8,20.4,0.0135,,
1.9685,485,232.3,20.4,0.012,,
1.977,486,232.4,20.4,0.012,,
1.9855,487,232.8,20.4,0.012,,
1.993,488,233,20.4,0.0125,,
2.0015,489,233.5,20.4,0.014,,
2.0095,490,233.8,20.4,0.0135,,
2.0175,491,234,20.4,0.0115,,
2.0235,492,234.3,20.4,0.0085,,
2.0255,493,234.6,20.4,0.003,,
2.0265,494,234.6,20.4,0.0015,,
2.027,495,234.6,20.4,0.001,,
2.0275,496,234.4,20.4,0.001,,
2.028,497,234.5,20.4,0.0005,,
2.029,498,234.7,20.4,0.0015,,
2.0305,499,234.6,20.4,0.002,,
2.032,500,234.6,20.4,0.0025,,
2.034,501,234.6,20.4,0.0035,,
2.036,502,234.8,20.4,0.0035,,
2.0365,503,235,20.4,0.0005,,
Scope 1/1, Sample 5/32 (S3),,,,,
Result,TitrationEP1,,,,,
V,t,E,T,dV/dt,E acc. stat.,Volume acc. stat.
0,0,-55.9,20.5,NaN,,
0.001,1,-56,20.5,0.001,,
0.0025,2,-56,20.5,0.0015,,
0.005,3,-56.1,20.5,0.0025,,
0.0085,4,-55.9,20.5,0.003,,
0.015,5,-55.7,20.5,0.006,,
0.023,6,-55.4,20.5,0.0075,,
0.0315,7,-54.7,20.5,0.0075,,
0.04,8,-53.6,20.5,0.0075,,
0.0475,9,-52.6,20.5,0.0075,,
0.056,10,-51.3,20.5,0.0075,,
0.0645,11,-50.1,20.5,0.0075,,
0.0725,12,-48.7,20.5,0.0075,,
0.081,13,-47,20.5,0.0075,,
0.0895,14,-45.3,20.5,0.0075,,
0.098,15,-43.5,20.5,0.0085,,
0.1055,16,-41.8,20.5,0.007,,
0.114,17,-39.8,20.5,0.0075,,
0.1225,18,-37.6,20.5,0.0075,,
0.1305,19,-35.4,20.5,0.0075,,
0.139,20,-33.1,20.5,0.0075,,
0.1475,21,-30.6,20.5,0.0075,,
0.155,22,-28.3,20.5,0.007,,
0.1635,23,-25.5,20.5,0.0075,,
0.172,24,-22.6,20.5,0.0075,,
0.1805,25,-19.9,20.5,0.0075,,
0.1885,26,-17,20.5,0.0075,,
0.197,27,-14.4,20.5,0.0075,,
0.2045,28,-12.2,20.5,0.007,,
0.213,29,-10,20.5,0.0075,,
0.2215,30,-8.1,20.5,0.0075,,
0.23,31,-5.9,20.5,0.0075,,
0.2385,32,-3.9,20.5,0.0075,,
0.247,33,-2.5,20.5,0.0075,,
0.2545,34,-1.1,20.5,0.007,,
0.263,35,0.4,20.5,0.0075,,
0.271,36,1.8,20.5,0.0075,,
0.2795,37,3.2,20.5,0.0075,,
0.288,38,4.5,20.5,0.0075,,
0.2965,39,5.9,20.5,0.0075,,
0.304,40,6.8,20.5,0.007,,
0.3125,41,8,20.5,0.0075,,
0.321,42,9,20.5,0.0075,,
0.329,43,10.1,20.5,0.0075,,
0.3375,44,11.3,20.5,0.0075,,
0.346,45,12.1,20.5,0.0085,,
0.3535,46,13.2,20.5,0.007,,
0.362,47,14.1,20.5,0.0075,,
0.3705,48,15.2,20.5,0.0075,,
0.379,49,16.2,20.5,0.0075,,
0.3875,50,17.1,20.5,0.0075,,
0.395,51,18,20.5,0.0075,,
0.4035,52,18.7,20.5,0.0075,,
0.4115,53,19.7,20.5,0.0075,,
0.42,54,20.7,20.5,0.0075,,
0.4285,55,21.4,20.5,0.0075,,
0.437,56,22.2,20.5,0.0075,,
0.4455,57,23,20.5,0.0075,,
0.453,58,24.1,20.5,0.007,,
0.4615,59,25,20.5,0.0075,,
0.47,60,25.7,20.5,0.0075,,
0.478,61,26.6,20.5,0.0075,,
0.4865,62,27.6,20.5,0.0075,,
0.495,63,28.3,20.5,0.0085,,
0.5025,64,29.2,20.5,0.007,,
0.511,65,29.9,20.5,0.0075,,
0.5195,66,30.8,20.5,0.0075,,
0.528,67,31.7,20.5,0.0075,,
0.536,68,32.5,20.5,0.0075,,
0.5445,69,33.3,20.5,0.0075,,
0.552,70,34,20.5,0.007,,
0.5605,71,35,20.5,0.0075,,
0.569,72,35.8,20.5,0.0075,,
0.5775,73,36.5,20.5,0.0075,,
0.586,74,37.3,20.5,0.0075,,
0.594,75,38.2,20.6,0.0075,,
0.602,76,38.9,20.6,0.0075,,
0.61,77,39.8,20.6,0.0075,,
0.6185,78,40.6,20.6,0.0075,,
0.627,79,41.5,20.6,0.0075,,
0.6355,80,42.4,20.6,0.0075,,
0.644,81,43.2,20.6,0.0075,,
0.6515,82,44,20.6,0.007,,
0.66,83,44.9,20.6,0.0075,,
0.6685,84,45.9,20.6,0.0075,,
0.6765,85,46.8,20.6,0.0075,,
0.685,86,47.5,20.6,0.0075,,
0.6935,87,48.3,20.6,0.0075,,
0.701,88,49,20.6,0.007,,
0.7095,89,50,20.6,0.0075,,
0.718,90,50.9,20.6,0.0075,,
0.7265,91,51.7,20.6,0.0075,,
0.7345,92,52.6,20.6,0.0075,,
0.743,93,53.6,20.6,0.0075,,
0.7505,94,54.4,20.6,0.007,,
0.759,95,55.2,20.6,0.0075,,
0.7675,96,56,20.6,0.0075,,
0.776,97,57,20.6,0.0075,,
0.7845,98,58,20.6,0.0075,,
0.793,99,58.8,20.6,0.0085,,
0.8005,100,59.5,20.6,0.007,,
0.809,101,60.3,20.6,0.0075,,
0.817,102,61.3,20.6,0.0075,,
0.8255,103,62.1,20.6,0.0075,,
0.834,104,63,20.6,0.0075,,
0.8425,105,63.8,20.6,0.0085,,
0.85,106,64.7,20.6,0.007,,
0.8585,107,65.8,20.6,0.0075,,
0.867,108,66.7,20.6,0.0075,,
0.8755,109,67.6,20.6,0.0075,,
0.8835,110,68.6,20.6,0.0075,,
0.8915,111,69.5,20.6,0.0075,,
0.8995,112,70.4,20.6,0.0075,,
0.908,113,71.2,20.6,0.0075,,
0.9165,114,72.2,20.6,0.0075,,
0.925,115,73.3,20.6,0.0075,,
0.9335,116,74.2,20.6,0.0075,,
0.941,117,75.1,20.6,0.0075,,
0.9495,118,76,20.6,0.0075,,
0.958,119,77,20.6,0.0075,,
0.966,120,78,20.6,0.0075,,
0.9745,121,78.9,20.6,0.0075,,
0.983,122,79.9,20.6,0.0075,,
0.9915,123,80.8,20.6,0.0085,,
0.999,124,81.9,20.6,0.007,,
1.0075,125,83,20.6,0.0075,,
1.016,126,84.1,20.6,0.0075,,
1.024,127,85.2,20.6,0.0075,,
1.0325,128,86.4,20.6,0.0075,,
1.04,129,87.4,20.6,0.0075,,
1.0485,130,88.6,20.6,0.0075,,
1.057,131,89.5,20.6,0.0075,,
1.0655,132,90.7,20.6,0.0075,,
1.074,133,91.9,20.6,0.0075,,
1.082,134,93.1,20.6,0.0075,,
1.0905,135,94.3,20.6,0.0085,,
1.098,136,95.5,20.6,0.007,,
1.1065,137,96.8,20.6,0.0075,,
1.115,138,98.3,20.6,0.0075,,
1.1235,139,99.6,20.6,0.0075,,
1.132,140,100.8,20.6,0.0075,,
1.1405,141,102.3,20.6,0.0085,,
1.148,142,103.7,20.6,0.007,,
1.156,143,105.5,20.6,0.0075,,
1.1645,144,107,20.6,0.0075,,
1.173,145,108.6,20.6,0.0075,,
1.1815,146,110.6,20.6,0.0075,,
1.19,147,112.2,20.6,0.0085,,
1.1975,148,114.3,20.6,0.007,,
1.206,149,116.2,20.6,0.0075,,
1.2145,150,118.3,20.6,0.0075,,
1.2225,151,120.7,20.6,0.0075,,
1.231,152,123,20.6,0.0075,,
1.2395,153,125.3,20.6,0.0085,,
1.247,154,127.9,20.6,0.007,,
1.2555,155,130.9,20.6,0.0075,,
1.264,156,134.1,20.6,0.0075,,
1.2725,157,137,20.6,0.0075,,
1.2805,158,140.4,20.6,0.0075,,
1.289,159,144.2,20.6,0.0075,,
1.2965,160,147.4,20.6,0.007,,
1.305,161,151.2,20.6,0.0075,,
1.3135,162,154.8,20.6,0.0075,,
1.322,163,158.6,20.6,0.0075,,
1.3305,164,162.6,20.6,0.0075,,
1.339,165,165.7,20.6,0.0085,,
1.3465,166,168.8,20.6,0.007,,
1.355,167,171.7,20.6,0.0075,,
1.363,168,174.8,20.6,0.0075,,
1.3715,169,177.5,20.6,0.0075,,
1.38,170,179.8,20.6,0.0075,,
1.3875,171,181.9,20.6,0.0075,,
1.396,172,184,20.6,0.0075,,
1.402,173,185.1,20.6,0.0075,,
1.402,413,188.9,20.7,0,,
1.4025,414,188.7,20.7,0.0005,,
1.404,415,188.8,20.7,0.0015,,
1.4065,416,189.1,20.7,0.003,,
1.4105,417,189.4,20.7,0.004,,
1.4165,418,190,20.7,0.006,,
1.4245,419,191.3,20.7,0.008,,
1.4325,420,192.5,20.7,0.009,,
1.4405,421,193.9,20.7,0.009,,
1.449,422,195.3,20.7,0.0095,,
1.4575,423,196.6,20.7,0.0085,,
1.466,424,198,20.7,0.0085,,
1.4745,425,199.1,20.7,0.0085,,
1.482,426,200.3,20.7,0.0085,,
1.4905,427,201.3,20.7,0.0095,,
1.4985,428,202.3,20.7,0.009,,
1.507,429,203.6,20.7,0.0085,,
1.5155,430,204.5,20.7,0.0085,,
1.524,431,205.4,20.7,0.0085,,
1.5315,432,206,20.7,0.0085,,
1.54,433,207,20.7,0.0095,,
1.5485,434,207.9,20.7,0.0095,,
1.557,435,208.8,20.7,0.0085,,
1.565,436,209.6,20.7,0.008,,
1.5735,437,210.5,20.7,0.0085,,
1.581,438,211.1,20.7,0.0085,,
1.5895,439,212,20.7,0.0095,,
1.598,440,212.5,20.7,0.0095,,
1.6065,441,213.2,20.7,0.0085,,
1.615,442,213.9,20.7,0.0085,,
1.623,443,214.5,20.7,0.008,,
1.631,444,215.3,20.7,0.009,,
1.639,445,215.7,20.7,0.009,,
1.6475,446,216.4,20.7,0.0095,,
1.656,447,217.1,20.7,0.0085,,
1.6645,448,217.6,20.7,0.0085,,
1.673,449,218.1,20.7,0.0085,,
1.6805,450,218.6,20.7,0.0085,,
1.689,451,219.2,20.7,0.0095,,
1.6975,452,219.9,20.7,0.0095,,
1.706,453,220.4,20.7,0.0085,,
1.714,454,220.9,20.7,0.008,,
1.7225,455,221.4,20.7,0.0095,,
1.73,456,222,20.7,0.0085,,
1.7385,457,222.4,20.7,0.0095,,
1.747,458,222.8,20.7,0.0085,,
1.7555,459,223.4,20.7,0.0085,,
1.764,460,223.9,20.7,0.0085,,
1.772,461,224.3,20.7,0.008,,
1.78,462,224.6,20.7,0.009,,
1.788,463,225,20.7,0.009,,
1.7965,464,225.6,20.7,0.0085,,
1.805,465,226.1,20.7,0.0085,,
1.8135,466,226.3,20.7,0.0085,,
1.822,467,226.8,20.7,0.0085,,
1.8295,468,227.1,20.7,0.0085,,
1.838,469,227.6,20.7,0.0095,,
1.8465,470,227.9,20.7,0.0085,,
1.8545,471,228.1,20.7,0.008,,
1.863,472,228.7,20.7,0.0085,,
1.8715,473,229,20.7,0.0095,,
1.879,474,229.6,20.7,0.0085,,
1.8875,475,229.9,20.7,0.0095,,
1.896,476,230,20.7,0.0085,,
1.9045,477,230.5,20.7,0.0085,,
1.9125,478,230.9,20.7,0.008,,
1.921,479,231.1,20.7,0.0085,,
1.9285,480,231.5,20.7,0.0085,,
1.937,481,231.6,20.7,0.0095,,
1.9455,482,232.1,20.7,0.0095,,
1.954,483,232.5,20.7,0.0085,,
1.9625,484,232.7,20.7,0.0085,,
1.9705,485,233.2,20.7,0.008,,
1.9785,486,233.3,20.7,0.009,,
1.9865,487,233.8,20.7,0.009,,
1.994,488,234.1,20.7,0.0085,,
1.9975,489,234.2,20.7,0.0035,,
1.999,490,234.5,20.7,0.0015,,
1.999,491,234.6,20.7,0,,
2,492,234.4,20.7,0.001,,
2.0005,493,234.5,20.7,0.0005,,
2.0015,494,234.4,20.7,0.001,,
2.003,495,234.4,20.7,0.0015,,
2.0045,496,234.8,20.7,0.0015,,
2.007,497,234.7,20.7,0.0025,,
2.0095,498,234.8,20.7,0.003,,
2.011,499,234.8,20.7,0.0015,,
2.012,499,235,20.7,0.0025,,
Scope 1/1, Sample 6/32 (S4),,,,,
Result,TitrationEP1,,,,,
V,t,E,T,dV/dt,E acc. stat.,Volume acc. stat.
0,0,-55.7,20.9,NaN,,
0.0005,1,-55.9,20.9,0.0005,,
0.0025,2,-55.7,20.9,0.002,,
0.005,3,-55.8,20.9,0.0025,,
0.0085,4,-55.7,20.9,0.003,,
0.015,5,-55.4,20.9,0.006,,
0.023,6,-54.7,20.9,0.0075,,
0.0305,7,-54,20.9,0.0075,,
0.039,8,-53.1,20.9,0.0085,,
0.0475,9,-52,20.9,0.0075,,
0.056,10,-50.6,20.9,0.0075,,
0.0645,11,-49.1,20.9,0.0075,,
0.0725,12,-47.8,20.9,0.0075,,
0.0805,13,-46.2,20.9,0.008,,
0.0885,14,-44.5,20.9,0.008,,
0.097,15,-42.5,20.9,0.0075,,
0.1055,16,-40.5,20.9,0.0075,,
0.114,17,-38.5,20.9,0.0075,,
0.1225,18,-36.1,20.9,0.0075,,
0.13,19,-34,20.9,0.0075,,
0.1385,20,-31.5,20.9,0.0085,,
0.147,21,-28.9,20.9,0.0075,,
0.155,22,-26.2,20.9,0.0075,,
0.1635,23,-23.2,20.9,0.0075,,
0.172,24,-20.3,20.9,0.0075,,
0.1795,25,-17.6,20.9,0.0075,,
0.188,26,-14.8,20.9,0.0085,,
0.1965,27,-12.2,20.9,0.0075,,
0.205,28,-9.6,20.9,0.0075,,
0.213,29,-7.3,20.9,0.0075,,
0.2215,30,-5.2,20.9,0.0075,,
0.229,31,-3.3,20.9,0.0075,,
0.2375,32,-1.6,20.9,0.0085,,
0.246,33,0.3,20.9,0.0075,,
0.2545,34,1.7,20.9,0.0075,,
0.263,35,3.2,20.9,0.0075,,
0.2715,36,4.8,20.9,0.0075,,
0.279,37,6,20.9,0.0075,,
0.2875,38,7.5,20.9,0.0085,,
0.2955,39,8.6,20.9,0.0075,,
0.304,40,9.7,20.9,0.0075,,
0.3125,41,11.1,20.9,0.0075,,
0.321,42,12.3,20.9,0.0075,,
0.3285,43,13.2,20.9,0.0075,,
0.337,44,14.3,20.9,0.0085,,
0.3455,45,15.3,20.9,0.0075,,
0.3535,46,16.5,20.9,0.0075,,
0.362,47,17.5,20.9,0.0075,,
0.3705,48,18.4,20.9,0.0075,,
0.378,49,19.2,20.9,0.0075,,
0.3865,50,20.3,20.9,0.0085,,
0.395,51,21.4,20.9,0.0075,,
0.4035,52,22.2,20.9,0.0075,,
0.412,53,23.1,20.9,0.0075,,
0.42,54,24.2,20.9,0.0075,,
0.428,55,24.9,20.9,0.008,,
0.436,56,25.8,20.9,0.008,,
0.4445,57,26.7,20.9,0.0085,,
0.453,58,27.5,20.9,0.0075,,
0.4615,59,28.6,20.9,0.0075,,
0.47,60,29.4,20.9,0.0075,,
0.4775,61,30.3,20.9,0.0075,,
0.486,62,31,20.9,0.0085,,
0.494,63,31.9,20.9,0.0075,,
0.5025,64,32.9,20.9,0.0075,,
0.511,65,33.7,20.9,0.0075,,
0.5195,66,34.4,20.9,0.0075,,
0.527,67,35.2,20.9,0.0075,,
0.5355,68,36.2,20.9,0.0085,,
0.544,69,37,20.9,0.0075,,
0.5525,70,37.7,20.9,0.0075,,
0.5605,71,38.5,20.9,0.0075,,
0.569,72,39.5,20.9,0.0075,,
0.5765,73,40.3,20.9,0.0075,,
0.585,74,41.3,20.9,0.0085,,
0.5935,75,42,20.9,0.0085,,
0.602,76,42.8,20.9,0.0075,,
0.6105,77,43.7,20.9,0.0075,,
0.6185,78,44.5,20.9,0.0075,,
0.6265,79,45.3,20.9,0.008,,
0.6345,80,46,20.9,0.008,,
0.643,81,46.9,20.9,0.0085,,
0.6515,82,47.9,20.9,0.0075,,
0.66,83,48.7,20.9,0.0075,,
0.6685,84,49.3,20.9,0.0075,,
0.676,85,50.1,20.9,0.0075,,
0.6845,86,51,20.9,0.0085,,
0.6925,87,52,20.9,0.008,,
0.701,88,52.7,20.9,0.0075,,
0.7095,89,53.6,20.9,0.0075,,
0.718,90,54.5,20.9,0.0075,,
0.7255,91,55.3,20.9,0.0075,,
0.734,92,56.1,20.9,0.0085,,
0.7425,93,57,20.9,0.0085,,
0.751,94,57.8,20.9,0.0075,,
0.759,95,58.8,20.9,0.0075,,
0.7675,96,59.6,20.9,0.0075,,
0.775,97,60.4,20.9,0.0075,,
0.7835,98,61.2,20.9,0.0085,,
0.792,99,62.1,20.9,0.0085,,
0.8005,100,63,20.9,0.0075,,
0.809,101,63.9,20.9,0.0075,,
0.817,102,64.7,20.9,0.0075,,
0.825,103,65.6,20.9,0.008,,
0.833,104,66.6,20.9,0.008,,
0.8415,105,67.5,20.9,0.0085,,
0.85,106,68.4,20.9,0.0075,,
0.8585,107,69.3,20.9,0.0075,,
0.867,108,70.3,20.9,0.0075,,
0.875,109,71.2,20.9,0.0075,,
0.883,110,72,20.9,0.008,,
0.891,111,72.9,20.9,0.008,,
0.8995,112,73.7,20.9,0.0075,,
0.908,113,74.8,20.9,0.0075,,
0.9165,114,75.6,20.9,0.0075,,
0.925,115,76.4,20.9,0.0075,,
0.9325,116,77.4,20.9,0.0075,,
0.941,117,78.4,20.9,0.0085,,
0.9495,118,79.5,20.9,0.0075,,
0.9575,119,80.3,20.9,0.0075,,
0.966,120,81.2,20.9,0.0075,,
0.9745,121,82.3,20.9,0.0075,,
0.982,122,83.3,20.9,0.0075,,
0.9905,123,84.3,20.9,0.0085,,
0.999,124,85.3,20.9,0.0075,,
1.0075,125,86.2,20.9,0.0075,,
1.0155,126,87.3,20.9,0.0075,,
1.024,127,88.3,20.9,0.0085,,
1.0315,128,89.5,20.9,0.0075,,
1.04,129,90.4,20.9,0.0085,,
1.0485,130,91.4,20.9,0.0075,,
1.057,131,92.6,20.9,0.0075,,
1.0655,132,93.5,20.9,0.0075,,
1.074,133,94.8,20.9,0.0085,,
1.0815,134,96.1,20.9,0.0075,,
1.09,135,97.6,20.9,0.0085,,
1.098,136,99,20.9,0.0075,,
1.1065,137,100.2,20.9,0.0075,,
1.115,138,101.4,20.9,0.0075,,
1.1235,139,102.6,20.9,0.0085,,
1.131,140,104.1,20.9,0.0075,,
1.1395,141,105.7,20.9,0.0085,,
1.148,142,107.1,20.9,0.0075,,
1.156,143,108.7,20.9,0.0075,,
1.1645,144,110.5,20.9,0.0075,,
1.173,145,112.2,20.9,0.0075,,
1.1805,146,113.9,21,0.0075,,
1.189,147,115.8,21,0.0085,,
1.1975,148,117.9,21,0.0075,,
1.206,149,120.2,21,0.0075,,
1.2145,150,122.2,21,0.0075,,
1.2225,151,124.6,21,0.0075,,
1.2305,152,126.8,21,0.008,,
1.2385,153,129.6,21,0.008,,
1.247,154,132.4,21,0.0075,,
1.2555,155,135.1,21,0.0075,,
1.264,156,138.3,21,0.0075,,
1.2725,157,141.5,21,0.0075,,
1.28,158,144.3,21,0.0075,,
1.2885,159,147.9,21,0.0085,,
1.2965,160,151.3,21,0.0075,,
1.305,161,154.9,21,0.0075,,
1.3135,162,158.6,21,0.0075,,
1.322,163,161.9,21,0.0075,,
1.3295,164,164.9,21,0.0075,,
1.338,165,168.3,21,0.0085,,
1.3465,166,171.5,21,0.0075,,
1.355,167,174.6,21,0.0075,,
1.363,168,177.2,21,0.0075,,
1.3715,169,179.6,21,0.0075,,
1.379,170,181.8,21,0.0075,,
1.3875,171,184.1,21,0.0085,,
1.3945,172,185,21,0.008,,
1.3945,412,188.4,21,0,,
1.395,413,188.4,21,0.0005,,
1.3965,414,188.6,21,0.0015,,
1.399,415,188.8,21,0.003,,
1.403,416,189.2,21,0.004,,
1.4095,417,190,21,0.0065,,
1.4175,418,191.5,21,0.008,,
1.425,419,192.7,21,0.0085,,
1.4335,420,194.3,21,0.0095,,
1.442,421,195.6,21,0.0095,,
1.4505,422,197,21,0.0085,,
1.459,423,198.3,21,0.0085,,
1.4675,424,199.4,21,0.0085,,
1.475,425,200.5,21,0.0085,,
1.4835,426,201.6,21,0.0095,,
1.492,427,202.9,21,0.0095,,
1.5,428,203.8,21,0.008,,
1.5085,429,204.6,21,0.0085,,
1.517,430,205.6,21,0.0085,,
1.5245,431,206.3,21,0.0085,,
1.533,432,207.2,21,0.0095,,
1.5415,433,208.1,21,0.0095,,
1.5495,434,208.8,21,0.008,,
1.558,435,209.8,21,0.0085,,
1.5665,436,210.6,21,0.0085,,
1.574,437,211.3,21,0.0085,,
1.5825,438,212.1,21,0.0095,,
1.591,439,212.6,21,0.0095,,
1.5995,440,213.4,21,0.0085,,
1.608,441,214.2,21,0.0085,,
1.616,442,214.7,21,0.008,,
1.624,443,215.3,21,0.009,,
1.632,444,216,21,0.009,,
1.6405,445,216.7,21,0.0095,,
1.649,446,217.3,21,0.0085,,
1.6575,447,217.9,21,0.0085,,
1.666,448,218.5,21,0.0085,,
1.674,449,219.2,21,0.008,,
1.682,450,219.5,21,0.009,,
1.69,451,220.1,21,0.009,,
1.6985,452,220.5,21,0.0085,,
1.707,453,221.1,21,0.0085,,
1.7155,454,221.7,21,0.0085,,
1.724,455,222.1,21,0.0095,,
1.7315,456,222.6,21,0.0085,,
1.74,457,223,21,0.0095,,
1.748,458,223.6,21,0.008,,
1.7565,459,224.1,21,0.0085,,
1.765,460,224.4,21,0.0085,,
1.7735,461,224.8,21,0.0095,,
1.781,462,225.1,21,0.0085,,
1.7895,463,225.6,21,0.0095,,
1.798,464,226.1,21,0.0095,,
1.806,465,226.6,21,0.008,,
1.8145,466,227,21,0.0085,,
1.823,467,227.5,21,0.0085,,
1.8305,468,227.8,21,0.0085,,
1.839,469,228.3,21,0.0095,,
1.8475,470,228.5,21,0.0095,,
1.856,471,228.9,21,0.0085,,
1.8645,472,229.4,21,0.0085,,
1.8725,473,229.8,21,0.008,,
1.88,474,230,21,0.0085,,
1.8885,475,230.3,21,0.0095,,
1.897,476,230.6,21,0.0095,,
1.9055,477,231.2,21,0.0085,,
1.914,478,231.4,21.1,0.0085,,
1.9225,479,231.7,21,0.0085,,
1.93,480,231.9,21.1,0.0085,,
1.9385,481,232.4,21.1,0.0095,,
1.9465,482,232.8,21.1,0.009,,
1.955,483,233,21.1,0.0085,,
1.9635,484,233.3,21.1,0.0085,,
1.971,485,233.6,21.1,0.0075,,
1.9765,486,233.8,21.1,0.006,,
1.9815,487,234.2,21,0.0055,,
1.9865,488,234.2,21.1,0.005,,
1.9895,489,234.4,21.1,0.003,,
1.9905,490,234.5,21.1,0.001,,
1.9915,491,234.5,21.1,0.001,,
1.992,492,234.6,21.1,0.0005,,
1.993,493,234.5,21.1,0.001,,
1.9935,494,234.6,21.1,0.0005,,
1.9945,495,234.8,21.1,0.001,,
1.996,496,234.7,21.1,0.0015,,
1.998,497,234.6,21.1,0.002,,
2.0005,498,234.7,21.1,0.003,,
2.003,499,235.1,21.1,0.0035,,
Scope 1/1, Sample 7/32 (S5),,,,,
Result,TitrationEP1,,,,,
V,t,E,T,dV/dt,E acc. stat.,Volume acc. stat.
0,0,-55.7,21.1,NaN,,
0.0005,1,-55.9,21.1,0.0005,,
0.0025,2,-55.9,21.1,0.002,,
0.005,3,-55.8,21.1,0.0025,,
0.0085,4,-55.8,21.1,0.003,,
0.015,5,-55.5,21.1,0.006,,
0.023,6,-55.1,21.1,0.008,,
0.0305,7,-54.3,21.1,0.0075,,
0.039,8,-53.3,21.1,0.0085,,
0.0475,9,-52.3,21.1,0.0075,,
0.056,10,-51,21.1,0.0075,,
0.0645,11,-49.5,21.1,0.0075,,
0.0725,12,-48,21.1,0.0075,,
0.0805,13,-46.6,21.1,0.008,,
0.0885,14,-45,21.1,0.008,,
0.097,15,-43.2,21.1,0.0075,,
0.1055,16,-41.1,21.1,0.0075,,
0.114,17,-39.1,21.1,0.0075,,
0.1225,18,-37,21.1,0.0075,,
0.13,19,-34.8,21.1,0.0075,,
0.1385,20,-32.3,21.1,0.0085,,
0.1465,21,-29.6,21.1,0.0075,,
0.155,22,-27,21.1,0.0075,,
0.1635,23,-24.2,21.1,0.0075,,
0.172,24,-21,21.1,0.0075,,
0.1795,25,-18.4,21.1,0.0075,,
0.188,26,-15.5,21.1,0.0085,,
0.1965,27,-12.8,21.1,0.0085,,
0.205,28,-10.5,21.1,0.0075,,
0.213,29,-8,21.1,0.0075,,
0.2215,30,-5.8,21.1,0.0075,,
0.229,31,-4,21.1,0.0075,,
0.2375,32,-2.3,21.1,0.0085,,
0.246,33,-0.8,21.1,0.0085,,
0.2545,34,0.9,21.1,0.0075,,
0.263,35,2.4,21.1,0.0075,,
0.271,36,3.7,21.1,0.0075,,
0.279,37,5,21.1,0.008,,
0.287,38,6.3,21.1,0.008,,
0.2955,39,7.7,21.1,0.0085,,
0.304,40,8.8,21.1,0.0075,,
0.3125,41,9.8,21.1,0.0075,,
0.321,42,11.1,21.1,0.0075,,
0.329,43,12,21.1,0.008,,
0.337,44,13.4,21.1,0.008,,
0.345,45,14.5,21.1,0.008,,
0.3535,46,15.4,21.1,0.0075,,
0.362,47,16.5,21.1,0.0075,,
0.3705,48,17.6,21.1,0.0075,,
0.379,49,18.4,21.1,0.0085,,
0.3865,50,19.4,21.1,0.0075,,
0.395,51,20.2,21.1,0.0085,,
0.403,52,21.3,21.1,0.0075,,
0.4115,53,22.2,21.1,0.0075,,
0.42,54,23,21.1,0.0075,,
0.4285,55,23.9,21.1,0.0075,,
0.436,56,24.5,21.1,0.0075,,
0.4445,57,25.6,21.1,0.0085,,
0.453,58,26.4,21.1,0.0075,,
0.4615,59,27.2,21.1,0.0075,,
0.4695,60,28.1,21.1,0.0075,,
0.478,61,28.9,21.1,0.0075,,
0.4855,62,29.8,21.1,0.0075,,
0.494,63,30.7,21.1,0.0085,,
0.5025,64,31.6,21.1,0.0085,,
0.511,65,32.5,21.1,0.0075,,
0.519,66,33.4,21.1,0.0075,,
0.5275,67,34.1,21.1,0.0075,,
0.535,68,34.9,21.1,0.0075,,
0.5435,69,35.7,21.1,0.0085,,
0.552,70,36.5,21.1,0.0085,,
0.5605,71,37.4,21.1,0.0075,,
0.569,72,38.1,21.1,0.0075,,
0.5775,73,38.9,21.1,0.0075,,
0.5855,74,39.6,21.1,0.008,,
0.5935,75,40.5,21.1,0.008,,
0.6015,76,41.4,21.1,0.008,,
0.61,77,42.3,21.1,0.0075,,
0.6185,78,43.1,21.1,0.0075,,
0.627,79,44.2,21.1,0.0075,,
0.6355,80,45.1,21.1,0.0075,,
0.643,81,45.8,21.1,0.0075,,
0.651,82,46.5,21.1,0.008,,
0.6595,83,47.3,21.1,0.0085,,
0.668,84,48.2,21.1,0.0075,,
0.6765,85,49.1,21.1,0.0075,,
0.685,86,49.8,21.1,0.0075,,
0.6925,87,50.6,21.1,0.0075,,
0.701,88,51.4,21.1,0.0085,,
0.7095,89,52.3,21.1,0.0085,,
0.7175,90,53.2,21.1,0.0075,,
0.726,91,53.9,21.1,0.0075,,
0.7345,92,54.9,21.1,0.0075,,
0.742,93,55.5,21.1,0.0075,,
0.7505,94,56.5,21.1,0.0085,,
0.759,95,57.3,21.1,0.0085,,
0.7675,96,58.1,21.1,0.0075,,
0.7755,97,59.2,21.1,0.0075,,
0.784,98,60.2,21.1,0.0075,,
0.7915,99,60.9,21.1,0.0075,,
0.8,100,61.8,21.1,0.0085,,
0.8085,101,62.6,21.1,0.0085,,
0.817,102,63.6,21.1,0.0075,,
0.8255,103,64.5,21.1,0.0075,,
0.8335,104,65.4,21.1,0.0075,,
0.8415,105,66.1,21.1,0.008,,
0.8495,106,66.7,21.1,0.008,,
0.858,107,67.7,21.1,0.0085,,
0.8665,108,68.6,21.1,0.0075,,
0.875,109,69.4,21.1,0.0075,,
0.8835,110,70.4,21.1,0.0075,,
0.892,111,71.2,21.1,0.0085,,
0.8995,112,72.2,21.1,0.0075,,
0.9075,113,73.2,21.1,0.008,,
0.916,114,74,21.1,0.0075,,
0.9245,115,75.1,21.1,0.0075,,
0.933,116,76.1,21.1,0.0075,,
0.9415,117,77,21.1,0.0085,,
0.949,118,77.9,21.1,0.0075,,
0.9575,119,78.7,21.1,0.0085,,
0.966,120,79.9,21.1,0.0075,,
0.974,121,80.8,21.1,0.0075,,
0.9825,122,81.7,21.1,0.0075,,
0.99,123,82.7,21.1,0.0075,,
0.9985,124,83.6,21.1,0.0085,,
1.007,125,84.8,21.1,0.0085,,
1.0155,126,85.8,21.1,0.0075,,
1.024,127,86.8,21.1,0.0075,,
1.0325,128,88.1,21.1,0.0075,,
1.0405,129,89,21.1,0.008,,
1.048,130,90.2,21.1,0.0075,,
1.0565,131,91.2,21.1,0.0085,,
1.065,132,92.5,21.1,0.0075,,
1.0735,133,93.9,21.1,0.0075,,
1.082,134,95.2,21.1,0.0075,,
1.0905,135,96.3,21.1,0.0075,,
1.098,136,97.5,21.1,0.0075,,
1.1065,137,98.8,21.1,0.0085,,
1.1145,138,100.4,21.1,0.0075,,
1.123,139,101.7,21.1,0.0075,,
1.1315,140,102.9,21.1,0.0075,,
1.14,141,104.5,21.1,0.0075,,
1.1475,142,105.8,21.1,0.0075,,
1.156,143,107.4,21.1,0.0085,,
1.1645,144,109.2,21.1,0.0085,,
1.1725,145,110.7,21.1,0.0075,,
1.181,146,112.6,21.1,0.0075,,
1.1895,147,114.5,21.1,0.0075,,
1.197,148,116.1,21.1,0.0075,,
1.2055,149,118.2,21.1,0.0085,,
1.214,150,120.3,21.1,0.0085,,
1.2225,151,122.7,21.1,0.0075,,
1.2305,152,125.3,21.1,0.0075,,
1.239,153,127.8,21.1,0.0075,,
1.2475,154,130.4,21.1,0.0075,,
1.255,155,133.4,21.1,0.0075,,
1.2635,156,136.4,21.1,0.0085,,
1.272,157,139.5,21.1,0.0075,,
1.2805,158,143,21.1,0.0075,,
1.2885,159,146.6,21.1,0.0075,,
1.297,160,150.4,21.1,0.0075,,
1.3045,161,153.5,21.1,0.0075,,
1.313,162,157.3,21.1,0.0085,,
1.3215,163,160.9,21.1,0.0075,,
1.33,164,164.5,21.1,0.0075,,
1.3385,165,167.9,21.1,0.0075,,
1.347,166,171,21.2,0.0075,,
1.3545,167,173.8,21.1,0.0075,,
1.3625,168,176.4,21.1,0.008,,
1.371,169,178.8,21.2,0.0075,,
1.3795,170,181.2,21.1,0.0075,,
1.388,171,183.5,21.2,0.0075,,
1.396,172,185.1,21.2,0.0075,,
1.396,412,188.7,21.2,0,,
1.3965,413,188.6,21.2,0.0005,,
1.398,414,188.4,21.2,0.001,,
1.4005,415,188.7,21.2,0.002,,
1.4045,416,189.2,21.2,0.003,,
1.411,417,189.9,21.2,0.005,,
1.4195,418,191.2,21.2,0.0065,,
1.427,419,192.5,21.2,0.006,,
1.435,420,194.1,21.2,0.0065,,
1.4435,421,195.5,21.2,0.0065,,
1.452,422,196.7,21.2,0.0065,,
1.4605,423,198.1,21.2,0.0065,,
1.469,424,199.4,21.2,0.0065,,
1.4765,425,200.5,21.2,0.006,,
1.485,426,201.5,21.2,0.007,,
1.4935,427,202.6,21.2,0.0065,,
1.5015,428,203.7,21.2,0.006,,
1.51,429,204.6,21.2,0.0065,,
1.5185,430,205.5,21.2,0.0065,,
1.526,431,206.3,21.2,0.006,,
1.5345,432,207.2,21.2,0.007,,
1.543,433,208.3,21.2,0.0065,,
1.5515,434,209,21.2,0.0065,,
1.56,435,209.8,21.2,0.0065,,
1.568,436,210.4,21.2,0.0065,,
1.5755,437,211.4,21.2,0.006,,
1.584,438,212.3,21.2,0.007,,
1.5925,439,213,21.2,0.0065,,
1.601,440,213.6,21.2,0.0065,,
1.6095,441,214.3,21.2,0.0065,,
1.618,442,214.8,21.2,0.007,,
1.6255,443,215.6,21.2,0.006,,
1.634,444,216.3,21.2,0.007,,
1.642,445,216.8,21.2,0.006,,
1.6505,446,217.5,21.2,0.0065,,
1.659,447,218,21.2,0.0065,,
1.6675,448,218.5,21.2,0.0065,,
1.675,449,219.1,21.2,0.006,,
1.6835,450,219.6,21.2,0.007,,
1.692,451,220.2,21.2,0.0065,,
1.7,452,220.7,21.2,0.006,,
1.7085,453,221.2,21.2,0.0065,,
1.717,454,221.8,21.2,0.0065,,
1.7245,455,222.1,21.2,0.006,,
1.733,456,222.7,21.2,0.007,,
1.7415,457,223.2,21.2,0.007,,
1.75,458,223.6,21.2,0.0065,,
1.7585,459,224.2,21.2,0.0065,,
1.7665,460,224.7,21.2,0.006,,
1.774,461,225,21.2,0.006,,
1.7825,462,225.4,21.2,0.007,,
1.791,463,225.8,21.2,0.007,,
1.7995,464,226.3,21.2,0.0065,,
1.808,465,226.8,21.2,0.0065,,
1.8165,466,227.1,21.2,0.0065,,
1.824,467,227.4,21.2,0.006,,
1.8325,468,227.8,21.2,0.007,,
1.8405,469,228.2,21.2,0.0065,,
1.849,470,228.5,21.2,0.0065,,
1.8575,471,228.9,21.2,0.0065,,
1.866,472,229.3,21.2,0.0065,,
1.8745,473,229.6,21.2,0.007,,
1.882,474,230.1,21.2,0.006,,
1.8905,475,230.5,21.2,0.007,,
1.8985,476,230.7,21.2,0.006,,
1.907,477,231,21.2,0.0065,,
1.9155,478,231.5,21.2,0.0065,,
1.924,479,231.8,21.2,0.007,,
1.9315,480,232.2,21.2,0.006,,
1.94,481,232.4,21.2,0.007,,
1.9485,482,232.8,21.2,0.0065,,
1.957,483,233.1,21.2,0.0065,,
1.965,484,233.3,21.2,0.006,,
1.973,485,233.7,21.2,0.0065,,
1.979,486,233.8,21.2,0.005,,
1.9825,487,234.2,21.2,0.003,,
1.983,488,234.4,21.2,0.0005,,
1.9835,489,234.3,21.2,0.0005,,
1.985,490,234.3,21.2,0.001,,
1.9865,491,234.3,21.2,0.001,,
1.989,492,234.5,21.2,0.002,,
1.9925,493,234.5,21.2,0.003,,
1.9965,494,234.7,21.2,0.003,,
1.9995,495,235,21.2,0.0025,,
2.001,496,235,21.2,0.0015,,
Scope 1/1, Sample 8/32 (S6),,,,,
Result,TitrationEP1,,,,,
V,t,E,T,dV/dt,E acc. stat.,Volume acc. stat.
0,0,-55.6,21.1,NaN,,
0.001,1,-55.6,21.1,0.001,,
0.0025,2,-55.8,21.1,0.0015,,
0.005,3,-55.6,21.1,0.0025,,
0.0085,4,-55.6,21.1,0.003,,
0.015,5,-55.4,21.1,0.006,,
0.023,6,-54.7,21.1,0.0075,,
0.0315,7,-54,21.1,0.0075,,
0.04,8,-53,21.1,0.0075,,
0.0475,9,-52,21.1,0.0075,,
0.056,10,-50.6,21.1,0.0075,,
0.0645,11,-49.1,21.1,0.0075,,
0.0725,12,-47.6,21.1,0.0075,,
0.081,13,-45.9,21.1,0.0075,,
0.0895,14,-44,21.1,0.0075,,
0.097,15,-42.4,21.1,0.007,,
0.1055,16,-40.4,21.1,0.0075,,
0.114,17,-38.4,21.1,0.0075,,
0.1225,18,-36.2,21.1,0.0075,,
0.131,19,-33.8,21.1,0.0075,,
0.139,20,-31.3,21.1,0.0075,,
0.147,21,-28.9,21.1,0.0075,,
0.155,22,-26.2,21.1,0.0075,,
0.1635,23,-23.3,21.1,0.0075,,
0.172,24,-20.3,21.1,0.0075,,
0.1805,25,-17.4,21.1,0.0075,,
0.189,26,-14.4,21.1,0.0075,,
0.1965,27,-12.1,21.1,0.007,,
0.205,28,-9.4,21.1,0.0075,,
0.2135,29,-7.2,21.1,0.0075,,
0.2215,30,-5.1,21.1,0.0075,,
0.23,31,-3,21.1,0.0075,,
0.2385,32,-1.3,21.1,0.0075,,
0.246,33,0.1,21.1,0.007,,
0.2545,34,1.6,21.1,0.0075,,
0.263,35,3,21.1,0.0075,,
0.2715,36,4.6,21.1,0.0075,,
0.2795,37,6.1,21.1,0.0075,,
0.288,38,7.3,21.1,0.0075,,
0.2955,39,8.5,21.1,0.007,,
0.304,40,9.6,21.1,0.0075,,
0.3125,41,10.9,21.1,0.0075,,
0.321,42,12,21.1,0.0075,,
0.3295,43,13,21.1,0.0075,,
0.3375,44,14.2,21.1,0.0075,,
0.3455,45,15.1,21.1,0.008,,
0.3535,46,16.3,21.1,0.0075,,
0.362,47,17.3,21.1,0.0075,,
0.3705,48,18.2,21.1,0.0075,,
0.379,49,19.3,21.1,0.0075,,
0.3875,50,20.3,21.1,0.0075,,
0.395,51,21.3,21.1,0.0075,,
0.4035,52,22.2,21.1,0.0075,,
0.4115,53,23.1,21.1,0.0075,,
0.42,54,24.1,21.1,0.0075,,
0.4285,55,25.1,21.1,0.0075,,
0.437,56,25.9,21.1,0.0075,,
0.4455,57,26.8,21.1,0.0085,,
0.453,58,27.5,21.1,0.007,,
0.4615,59,28.6,21.1,0.0075,,
0.47,60,29.5,21.1,0.0075,,
0.478,61,30.2,21.1,0.0075,,
0.4865,62,31.1,21.1,0.0075,,
0.495,63,31.8,21.1,0.0085,,
0.5025,64,32.9,21.1,0.007,,
0.511,65,33.7,21.1,0.0075,,
0.5195,66,34.4,21.1,0.0075,,
0.528,67,35.3,21.1,0.0075,,
0.5365,68,36.2,21.1,0.0075,,
0.544,69,37,21.1,0.0075,,
0.5525,70,37.7,21.1,0.0075,,
0.5605,71,38.6,21.1,0.0075,,
0.569,72,39.6,21.1,0.0075,,
0.5775,73,40.4,21.1,0.0075,,
0.586,74,41.2,21.1,0.0075,,
0.5935,75,42,21.1,0.007,,
0.602,76,42.9,21.1,0.0075,,
0.6105,77,43.8,21.1,0.0075,,
0.619,78,44.6,21.1,0.0075,,
0.627,79,45.4,21.1,0.0075,,
0.6355,80,46.2,21.1,0.0075,,
0.643,81,46.9,21.1,0.0075,,
0.6515,82,47.8,21.1,0.0075,,
0.66,83,48.7,21.1,0.0075,,
0.6685,84,49.5,21.1,0.0075,,
0.677,85,50.5,21.1,0.0075,,
0.685,86,51.3,21.1,0.0075,,
0.693,87,52.2,21.1,0.0075,,
0.701,88,52.9,21.1,0.0075,,
0.7095,89,53.7,21.1,0.0075,,
0.718,90,54.7,21.1,0.0075,,
0.7265,91,55.6,21.1,0.0075,,
0.735,92,56.4,21.1,0.0075,,
0.7425,93,57.2,21.1,0.007,,
0.751,94,58,21.1,0.0075,,
0.759,95,59,21.1,0.0075,,
0.7675,96,59.7,21.1,0.0075,,
0.776,97,60.5,21.1,0.0075,,
0.7845,98,61.5,21.1,0.0075,,
0.793,99,62.1,21.1,0.0085,,
0.8005,100,63.2,21.1,0.007,,
0.809,101,64.1,21.1,0.0075,,
0.817,102,64.9,21.1,0.0075,,
0.8255,103,65.8,21.1,0.0075,,
0.834,104,66.7,21.1,0.0075,,
0.8425,105,67.4,21.1,0.0075,,
0.85,106,68.3,21.1,0.007,,
0.8585,107,69.1,21.1,0.0075,,
0.867,108,70.2,21.1,0.0075,,
0.875,109,71.2,21.1,0.0075,,
0.8835,110,72,21.1,0.0075,,
0.892,111,72.9,21.1,0.0075,,
0.8995,112,73.7,21.1,0.007,,
0.908,113,74.7,21.1,0.0075,,
0.9165,114,75.7,21.1,0.0075,,
0.925,115,76.4,21.2,0.0075,,
0.9335,116,77.3,21.1,0.0075,,
0.9415,117,78.4,21.1,0.0075,,
0.9495,118,79.2,21.1,0.0075,,
0.9575,119,80.1,21.2,0.0075,,
0.966,120,80.9,21.2,0.0075,,
0.9745,121,82,21.2,0.0075,,
0.983,122,83.1,21.2,0.0075,,
0.9915,123,84.2,21.2,0.0075,,
0.999,124,85.4,21.2,0.007,,
1.0075,125,86.2,21.2,0.0075,,
1.0155,126,87.3,21.2,0.0075,,
1.024,127,88.4,21.2,0.0075,,
1.0325,128,89.3,21.2,0.0075,,
1.041,129,90.4,21.2,0.0085,,
1.0485,130,91.4,21.2,0.007,,
1.057,131,92.7,21.2,0.0075,,
1.0655,132,93.7,21.2,0.0075,,
1.074,133,94.9,21.2,0.0075,,
1.082,134,96.1,21.2,0.0075,,
1.0905,135,97.5,21.2,0.0075,,
1.098,136,98.6,21.2,0.007,,
1.1065,137,100,21.2,0.0075,,
1.115,138,101.3,21.2,0.0075,,
1.1235,139,102.6,21.2,0.0075,,
1.132,140,104.2,21.2,0.0075,,
1.14,141,105.6,21.2,0.0075,,
1.148,142,107.2,21.2,0.0075,,
1.156,143,108.7,21.2,0.0075,,
1.1645,144,110.6,21.2,0.0075,,
1.173,145,112.5,21.2,0.0075,,
1.1815,146,114.1,21.2,0.0075,,
1.19,147,115.8,21.2,0.0075,,
1.1975,148,117.3,21.2,0.007,,
1.206,149,119.6,21.2,0.0075,,
1.2145,150,122,21.2,0.0075,,
1.2225,151,124.3,21.2,0.0075,,
1.231,152,126.7,21.2,0.0075,,
1.2395,153,129.3,21.2,0.0075,,
1.247,154,131.6,21.2,0.007,,
1.2555,155,134.5,21.2,0.0075,,
1.264,156,137.5,21.2,0.0075,,
1.2725,157,140.4,21.2,0.0075,,
1.2805,158,143.9,21.2,0.0075,,
1.289,159,147.4,21.2,0.0075,,
1.2965,160,150.7,21.2,0.0075,,
1.305,161,154.2,21.2,0.0075,,
1.3135,162,157.9,21.2,0.0075,,
1.322,163,161.6,21.2,0.0075,,
1.3305,164,165,21.2,0.0075,,
1.3385,165,168.2,21.2,0.0075,,
1.347,166,171,21.2,0.0085,,
1.3545,167,173.8,21.2,0.007,,
1.363,168,176.6,21.2,0.0075,,
1.3715,169,179.1,21.2,0.0075,,
1.38,170,181.4,21.2,0.0075,,
1.3885,171,183.6,21.2,0.0075,,
1.396,172,185.2,21.2,0.0075,,
1.396,412,188,21.2,0,,
1.3965,413,188,21.2,0.0005,,
1.398,414,188.2,21.2,0.001,,
1.4005,415,188.2,21.2,0.002,,
1.4045,416,188.8,21.2,0.003,,
1.411,417,189.8,21.2,0.005,,
1.4195,418,190.9,21.2,0.007,,
1.427,419,192.5,21.2,0.006,,
1.4355,420,193.8,21.2,0.007,,
1.4435,421,195.2,21.2,0.006,,
1.452,422,196.8,21.2,0.0065,,
1.4605,423,197.9,21.2,0.0065,,
1.469,424,199.1,21.2,0.007,,
1.4765,425,200.1,21.2,0.006,,
1.485,426,201.5,21.2,0.007,,
1.4935,427,202.7,21.2,0.0065,,
1.502,428,203.6,21.2,0.0065,,
1.51,429,204.5,21.2,0.006,,
1.5185,430,205.3,21.2,0.007,,
1.526,431,206.4,21.2,0.006,,
1.5345,432,207.4,21.2,0.007,,
1.543,433,208.1,21.2,0.0065,,
1.5515,434,209,21.2,0.0065,,
1.56,435,209.9,21.2,0.0065,,
1.568,436,210.6,21.2,0.0065,,
1.576,437,211.2,21.2,0.0065,,
1.584,438,211.8,21.2,0.0065,,
1.5925,439,212.7,21.2,0.0065,,
1.601,440,213.5,21.2,0.0065,,
1.6095,441,214.1,21.2,0.0065,,
1.618,442,214.9,21.2,0.007,,
1.6255,443,215.3,21.2,0.006,,
1.634,444,216,21.2,0.007,,
1.6425,445,216.6,21.2,0.0065,,
1.6505,446,217.1,21.2,0.006,,
1.659,447,217.8,21.2,0.0065,,
1.6675,448,218.2,21.2,0.007,,
1.675,449,218.9,21.2,0.006,,
1.6835,450,219.4,21.2,0.007,,
1.692,451,219.9,21.2,0.0065,,
1.7,452,220.6,21.2,0.006,,
1.7085,453,221.2,21.2,0.0065,,
1.717,454,221.6,21.2,0.0065,,
1.7245,455,222,21.2,0.006,,
1.733,456,222.4,21.2,0.007,,
1.7415,457,223,21.2,0.007,,
1.75,458,223.7,21.2,0.0065,,
1.7585,459,224,21.2,0.0065,,
1.7665,460,224.4,21.2,0.006,,
1.774,461,224.8,21.2,0.006,,
1.7825,462,225.3,21.2,0.007,,
1.791,463,225.9,21.2,0.007,,
1.7995,464,226.2,21.2,0.0065,,
1.808,465,226.6,21.2,0.0065,,
1.8165,466,227,21.2,0.0065,,
1.8245,467,227.4,21.2,0.0065,,
1.832,468,227.9,21.2,0.006,,
1.8405,469,228.2,21.2,0.007,,
1.849,470,228.4,21.2,0.0065,,
1.8575,471,229,21.2,0.0065,,
1.866,472,229.4,21.2,0.0065,,
1.8745,473,229.7,21.2,0.007,,
1.882,474,230,21.2,0.006,,
1.8905,475,230.3,21.2,0.007,,
1.8985,476,230.9,21.2,0.006,,
1.907,477,231.1,21.2,0.0065,,
1.9155,478,231.3,21.2,0.0065,,
1.924,479,231.7,21.2,0.007,,
1.9315,480,232,21.2,0.006,,
1.94,481,232.4,21.2,0.007,,
1.9485,482,232.6,21.2,0.0065,,
1.957,483,232.9,21.2,0.0065,,
1.965,484,233.3,21.2,0.006,,
1.9735,485,233.6,21.2,0.007,,
1.98,486,234,21.2,0.0055,,
1.9855,487,234.1,21.2,0.0045,,
1.991,488,234.3,21.2,0.004,,
1.9915,489,234.5,21.2,0.0005,,
1.992,490,234.5,21.2,0.0005,,
1.993,491,234.6,21.2,0.001,,
1.9945,492,234.6,21.2,0.001,,
1.996,493,234.7,21.2,0.001,,
1.997,494,234.9,21.2,0.001,,
1.998,495,234.9,21.2,0.001,,
1.999,496,234.8,21.3,0.001,,
2,497,235,21.3,0.001,,
Scope 1/1, Sample 9/32 (T1),,,,,
Result,TitrationEP1,,,,,
V,t,E,T,dV/dt,E acc. stat.,Volume acc. stat.
0,0,-58.8,21.1,NaN,,
0.0005,1,-58.9,21.2,0.0005,,
0.0025,2,-59,21.2,0.002,,
0.005,3,-59,21.2,0.0025,,
0.009,4,-58.8,21.2,0.0035,,
0.015,5,-58.5,21.2,0.0055,,
0.0235,6,-58.1,21.2,0.0075,,
0.032,7,-57.2,21.1,0.0085,,
0.0395,8,-56.3,21.2,0.0075,,
0.048,9,-55.1,21.2,0.0085,,
0.0565,10,-53.9,21.2,0.0075,,
0.065,11,-52.6,21.2,0.0075,,
0.0735,12,-51,21.2,0.0075,,
0.081,13,-49.7,21.2,0.0075,,
0.089,14,-48,21.2,0.008,,
0.0975,15,-46.4,21.2,0.0085,,
0.106,16,-44.6,21.2,0.0075,,
0.1145,17,-42.4,21.2,0.0075,,
0.123,18,-40.3,21.2,0.0075,,
0.1305,19,-38.4,21.2,0.0075,,
0.139,20,-36.1,21.2,0.0085,,
0.147,21,-33.7,21.2,0.008,,
0.1555,22,-30.9,21.2,0.0075,,
0.164,23,-28.1,21.2,0.0075,,
0.1725,24,-25.3,21.2,0.0075,,
0.181,25,-22.6,21.2,0.0085,,
0.1885,26,-19.6,21.2,0.0075,,
0.197,27,-16.5,21.2,0.0085,,
0.2055,28,-13.6,21.2,0.0075,,
0.2135,29,-11,21.2,0.0075,,
0.222,30,-8.5,21.2,0.0075,,
0.2305,31,-6.4,21.2,0.0085,,
0.238,32,-4,21.2,0.0075,,
0.2465,33,-2.2,21.2,0.0085,,
0.255,34,-0.4,21.2,0.0075,,
0.2635,35,1.3,21.2,0.0075,,
0.2715,36,3,21.2,0.0075,,
0.28,37,4.4,21.2,0.0085,,
0.2875,38,5.7,21.2,0.0075,,
0.296,39,7.2,21.2,0.0085,,
0.3045,40,8.6,21.2,0.0075,,
0.313,41,9.9,21.2,0.0075,,
0.3215,42,11,21.2,0.0075,,
0.33,43,12.1,21.2,0.0085,,
0.3375,44,13.3,21.2,0.0075,,
0.346,45,14.3,21.2,0.0085,,
0.354,46,15.4,21.2,0.0075,,
0.3625,47,16.4,21.2,0.0075,,
0.371,48,17.6,21.2,0.0075,,
0.3795,49,18.6,21.2,0.0085,,
0.387,50,19.6,21.2,0.0075,,
0.3955,51,20.5,21.2,0.0085,,
0.404,52,21.4,21.2,0.0075,,
0.4125,53,22.6,21.2,0.0075,,
0.4205,54,23.6,21.2,0.0075,,
0.4285,55,24.4,21.2,0.008,,
0.4365,56,25.3,21.2,0.008,,
0.445,57,26.3,21.2,0.0085,,
0.4535,58,27.3,21.2,0.0075,,
0.462,59,28.2,21.2,0.0075,,
0.4705,60,29,21.2,0.0075,,
0.478,61,29.9,21.2,0.0075,,
0.4865,62,30.8,21.2,0.0085,,
0.4945,63,31.8,21.2,0.008,,
0.503,64,32.5,21.2,0.0075,,
0.5115,65,33.4,21.2,0.0075,,
0.52,66,34.4,21.2,0.0075,,
0.5285,67,35.3,21.2,0.0075,,
0.536,68,36,21.2,0.0075,,
0.5445,69,36.8,21.2,0.0085,,
0.5525,70,37.8,21.2,0.0075,,
0.561,71,38.8,21.2,0.0075,,
0.5695,72,39.6,21.2,0.0075,,
0.578,73,40.4,21.2,0.0085,,
0.5855,74,41.2,21.2,0.0075,,
0.594,75,42.1,21.2,0.0085,,
0.6025,76,43.2,21.2,0.0075,,
0.611,77,44,21.2,0.0075,,
0.619,78,44.9,21.2,0.0075,,
0.6275,79,45.6,21.2,0.0085,,
0.635,80,46.5,21.2,0.0075,,
0.6435,81,47.5,21.2,0.0085,,
0.652,82,48.3,21.2,0.0075,,
0.6605,83,49.2,21.2,0.0075,,
0.669,84,50.2,21.2,0.0075,,
0.677,85,51.1,21.2,0.0075,,
0.685,86,52,21.2,0.0075,,
0.693,87,52.7,21.2,0.008,,
0.7015,88,53.6,21.2,0.0075,,
0.71,89,54.5,21.2,0.0075,,
0.7185,90,55.4,21.2,0.0075,,
0.727,91,56.2,21.2,0.0075,,
0.7345,92,57.1,21.2,0.0075,,
0.743,93,57.9,21.2,0.0085,,
0.751,94,58.9,21.2,0.0075,,
0.7595,95,59.9,21.2,0.0075,,
0.768,96,60.7,21.2,0.0075,,
0.7765,97,61.6,21.2,0.0075,,
0.784,98,62.4,21.2,0.0075,,
0.7925,99,63.4,21.2,0.0085,,
0.801,100,64.2,21.2,0.0075,,
0.8095,101,65,21.2,0.0075,,
0.8175,102,66.1,21.2,0.0075,,
0.826,103,67,21.2,0.0075,,
0.8335,104,67.8,21.2,0.0075,,
0.842,105,68.7,21.2,0.0085,,
0.8505,106,69.7,21.2,0.0075,,
0.859,107,70.6,21.2,0.0075,,
0.8675,108,71.5,21.2,0.0075,,
0.8755,109,72.5,21.2,0.0075,,
0.8835,110,73.5,21.2,0.008,,
0.8915,111,74.4,21.2,0.008,,
0.9,112,75.4,21.2,0.0075,,
0.9085,113,76.3,21.2,0.0075,,
0.917,114,77.3,21.2,0.0075,,
0.9255,115,78.5,21.2,0.0075,,
0.933,116,79.3,21.2,0.0075,,
0.9415,117,80.4,21.2,0.0085,,
0.95,118,81.3,21.2,0.0075,,
0.958,119,82.4,21.2,0.0075,,
0.9665,120,83.6,21.2,0.0075,,
0.975,121,84.5,21.2,0.0075,,
0.9825,122,85.6,21.2,0.0075,,
0.991,123,86.7,21.2,0.0085,,
0.9995,124,87.8,21.2,0.0075,,
1.008,125,88.9,21.2,0.0075,,
1.016,126,90,21.2,0.0075,,
1.0245,127,91.1,21.2,0.0075,,
1.032,128,92,21.2,0.0075,,
1.0405,129,93.3,21.2,0.0075,,
1.049,130,94.5,21.2,0.0075,,
1.0575,131,95.5,21.2,0.0075,,
1.066,132,96.9,21.2,0.0075,,
1.0745,133,98,21.2,0.0085,,
1.082,134,99.5,21.2,0.0075,,
1.0905,135,100.9,21.2,0.0085,,
1.0985,136,102.2,21.2,0.0075,,
1.107,137,103.7,21.2,0.0075,,
1.1155,138,105.3,21.2,0.0075,,
1.124,139,106.6,21.2,0.0085,,
1.1315,140,108.1,21.2,0.0075,,
1.14,141,109.7,21.2,0.0085,,
1.1485,142,111.4,21.2,0.0075,,
1.1565,143,113.3,21.2,0.0075,,
1.165,144,114.9,21.2,0.0075,,
1.1735,145,116.9,21.2,0.0075,,
1.181,146,118.8,21.2,0.0075,,
1.1895,147,121.2,21.2,0.0085,,
1.198,148,123.3,21.2,0.0075,,
1.2065,149,125.5,21.2,0.0075,,
1.215,150,128.1,21.2,0.0075,,
1.223,151,131,21.2,0.0075,,
1.231,152,133.5,21.2,0.008,,
1.239,153,136.5,21.2,0.008,,
1.2475,154,139.4,21.2,0.0075,,
1.256,155,142.6,21.2,0.0075,,
1.2645,156,146.3,21.2,0.0075,,
1.273,157,149.7,21.2,0.0075,,
1.2805,158,153,21.2,0.0075,,
1.289,159,156.4,21.2,0.0085,,
1.2975,160,160.2,21.2,0.0075,,
1.3055,161,163.6,21.2,0.0075,,
1.314,162,166.8,21.2,0.0075,,
1.3225,163,170.2,21.2,0.0075,,
1.33,164,172.9,21.2,0.0075,,
1.3385,165,175.8,21.2,0.0085,,
1.347,166,178.4,21.2,0.0075,,
1.3555,167,180.8,21.2,0.0075,,
1.3635,168,183.1,21.2,0.0075,,
1.3725,169,185,21.2,0.0075,,
1.3725,409,187.8,21.3,0,,
1.373,410,187.9,21.3,0.0005,,
1.3745,411,187.8,21.3,0.001,,
1.377,412,188.1,21.3,0.002,,
1.381,413,188.7,21.3,0.003,,
1.3875,414,189.5,21.3,0.0045,,
1.3955,415,190.9,21.3,0.0055,,
1.403,416,192.3,21.3,0.006,,
1.4115,417,193.9,21.3,0.0065,,
1.42,418,195.5,21.3,0.0065,,
1.4285,419,196.7,21.3,0.006,,
1.437,420,198,21.3,0.006,,
1.4455,421,199.4,21.3,0.006,,
1.453,422,200.4,21.3,0.006,,
1.4615,423,201.6,21.3,0.0065,,
1.4695,424,202.7,21.3,0.006,,
1.478,425,203.7,21.3,0.006,,
1.4865,426,204.9,21.3,0.006,,
1.495,427,205.7,21.3,0.006,,
1.5025,428,206.6,21.3,0.006,,
1.511,429,207.4,21.3,0.0065,,
1.5195,430,208.2,21.3,0.0065,,
1.528,431,209.1,21.3,0.006,,
1.536,432,209.8,21.3,0.0055,,
1.5445,433,210.5,21.3,0.0065,,
1.552,434,211.2,21.3,0.006,,
1.5605,435,212.2,21.3,0.0065,,
1.569,436,212.9,21.3,0.0065,,
1.5775,437,213.5,21.3,0.006,,
1.586,438,214.2,21.3,0.006,,
1.594,439,215.1,21.3,0.0055,,
1.602,440,215.7,21.3,0.006,,
1.61,441,216.4,21.3,0.006,,
1.6185,442,216.8,21.3,0.0065,,
1.627,443,217.5,21.3,0.006,,
1.6355,444,218.2,21.3,0.006,,
1.644,445,218.8,21.3,0.006,,
1.6515,446,219.3,21.3,0.006,,
1.66,447,219.7,21.3,0.0065,,
1.668,448,220.3,21.3,0.006,,
1.6765,449,220.9,21.3,0.006,,
1.685,450,221.4,21.3,0.006,,
1.6935,451,221.9,21.3,0.006,,
1.701,452,222.3,21.3,0.006,,
1.7095,453,222.9,21.3,0.0065,,
1.718,454,223.3,21.3,0.0065,,
1.7265,455,223.8,21.3,0.006,,
1.7345,456,224.3,21.3,0.0055,,
1.743,457,224.8,21.3,0.006,,
1.7505,458,225.1,21.3,0.006,,
1.759,459,225.5,21.3,0.0065,,
1.7675,460,225.8,21.3,0.0065,,
1.776,461,226.2,21.3,0.006,,
1.7845,462,226.7,21.3,0.006,,
1.7925,463,227.2,21.3,0.0055,,
1.8005,464,227.5,21.3,0.006,,
1.8085,465,227.9,21.3,0.006,,
1.817,466,228.4,21.3,0.0065,,
1.8255,467,228.9,21.3,0.006,,
1.834,468,229.2,21.3,0.006,,
1.8425,469,229.5,21.3,0.006,,
1.85,470,229.8,21.3,0.006,,
1.8585,471,230.2,21.3,0.0065,,
1.867,472,230.7,21.3,0.0065,,
1.875,473,230.9,21.3,0.0055,,
1.8835,474,231.3,21.3,0.006,,
1.892,475,231.8,21.3,0.006,,
1.8995,476,232.1,21.3,0.006,,
1.908,477,232.4,21.3,0.0065,,
1.9165,478,232.6,21.3,0.0065,,
1.9245,479,232.9,21.3,0.0055,,
1.933,480,233.4,21.3,0.006,,
1.9415,481,233.7,21.3,0.006,,
1.949,482,233.9,21.3,0.006,,
1.954,483,234.1,21.3,0.004,,
1.9565,484,234.3,21.3,0.002,,
1.957,485,234.5,21.3,0.0005,,
1.9575,486,234.5,21.3,0.0005,,
1.959,487,234.5,21.3,0.001,,
1.9605,488,234.6,21.3,0.001,,
1.9625,489,234.7,21.3,0.0015,,
1.9645,490,234.8,21.3,0.0015,,
1.965,491,234.7,21.3,0.0005,,
1.9665,492,234.8,21.3,0.001,,
1.9685,493,234.9,21.3,0.0015,,
1.9705,494,235,21.3,0.0015,,
1.9725,495,235,21.3,0.0015,,
1.9725,495,235.1,21.3,0,,
Scope 1/1, Sample 10/32 (T2),,,,,
Result,TitrationEP1,,,,,
V,t,E,T,dV/dt,E acc. stat.,Volume acc. stat.
0,0,-58.3,21.2,NaN,,
0.0005,1,-58.2,21.2,0.0005,,
0.0025,2,-58.4,21.2,0.002,,
0.005,3,-58.4,21.2,0.0025,,
0.009,4,-58.1,21.2,0.0035,,
0.015,5,-57.9,21.2,0.0055,,
0.0235,6,-57.5,21.2,0.0075,,
0.031,7,-56.8,21.2,0.0075,,
0.0395,8,-55.9,21.2,0.0085,,
0.048,9,-54.6,21.2,0.0085,,
0.0565,10,-53.4,21.2,0.0075,,
0.0645,11,-52.2,21.2,0.0075,,
0.073,12,-50.7,21.2,0.0075,,
0.0815,13,-49.4,21.2,0.0085,,
0.089,14,-47.5,21.2,0.0075,,
0.0975,15,-45.8,21.2,0.0085,,
0.106,16,-44,21.2,0.0075,,
0.1145,17,-41.8,21.2,0.0075,,
0.123,18,-39.6,21.2,0.0075,,
0.131,19,-37.6,21.2,0.008,,
0.1385,20,-35.3,21.2,0.0075,,
0.147,21,-32.8,21.2,0.0085,,
0.1555,22,-30,21.2,0.0075,,
0.164,23,-27.3,21.2,0.0075,,
0.1725,24,-24.6,21.2,0.0075,,
0.18,25,-21.9,21.2,0.0075,,
0.1885,26,-18.9,21.2,0.0085,,
0.197,27,-15.8,21.2,0.0085,,
0.205,28,-13.1,21.2,0.0075,,
0.2135,29,-10.6,21.2,0.0075,,
0.222,30,-8.1,21.2,0.0075,,
0.2295,31,-6.1,21.2,0.0075,,
0.238,32,-3.9,21.2,0.0085,,
0.2465,33,-2.1,21.2,0.0085,,
0.255,34,-0.5,21.2,0.0075,,
0.2635,35,1.2,21.2,0.0075,,
0.2715,36,2.8,21.2,0.0075,,
0.2795,37,4.1,21.2,0.008,,
0.2875,38,5.4,21.2,0.008,,
0.296,39,6.7,21.2,0.0075,,
0.3045,40,8,21.2,0.0075,,
0.313,41,9.1,21.2,0.0075,,
0.3215,42,10.3,21.2,0.0075,,
0.329,43,11.4,21.2,0.0075,,
0.3375,44,12.6,21.2,0.0085,,
0.3455,45,13.9,21.2,0.008,,
0.354,46,14.9,21.2,0.0075,,
0.3625,47,15.8,21.2,0.0075,,
0.371,48,17,21.2,0.0075,,
0.3785,49,17.8,21.2,0.0075,,
0.387,50,18.9,21.2,0.0085,,
0.3955,51,19.8,21.2,0.0085,,
0.4035,52,20.7,21.2,0.0075,,
0.412,53,21.8,21.2,0.0075,,
0.4205,54,22.6,21.2,0.0075,,
0.428,55,23.6,21.2,0.0075,,
0.4365,56,24.3,21.2,0.0085,,
0.445,57,25.2,21.2,0.0085,,
0.4535,58,26.3,21.2,0.0075,,
0.462,59,27.2,21.2,0.0075,,
0.47,60,28,21.3,0.0075,,
0.478,61,28.8,21.2,0.008,,
0.486,62,29.8,21.3,0.008,,
0.4945,63,30.8,21.2,0.0085,,
0.503,64,31.6,21.3,0.0075,,
0.5115,65,32.3,21.3,0.0075,,
0.52,66,33.3,21.3,0.0075,,
0.528,67,34.1,21.3,0.008,,
0.536,68,35.1,21.3,0.008,,
0.544,69,35.8,21.3,0.008,,
0.5525,70,36.6,21.3,0.0075,,
0.561,71,37.7,21.3,0.0075,,
0.5695,72,38.5,21.3,0.0075,,
0.578,73,39.3,21.3,0.0085,,
0.5855,74,40.1,21.3,0.0075,,
0.594,75,41,21.3,0.0085,,
0.6025,76,42.1,21.3,0.0075,,
0.6105,77,42.8,21.3,0.0075,,
0.619,78,43.6,21.3,0.0075,,
0.6275,79,44.6,21.3,0.0075,,
0.635,80,45.5,21.3,0.0075,,
0.6435,81,46.5,21.3,0.0085,,
0.652,82,47.4,21.3,0.0085,,
0.66,83,48.2,21.3,0.0075,,
0.6685,84,49,21.3,0.0075,,
0.677,85,50,21.3,0.0075,,
0.6845,86,50.8,21.3,0.0075,,
0.693,87,51.6,21.3,0.0085,,
0.7015,88,52.3,21.3,0.0085,,
0.71,89,53.4,21.3,0.0075,,
0.7185,90,54.3,21.3,0.0075,,
0.7265,91,55,21.3,0.0075,,
0.7345,92,55.9,21.3,0.008,,
0.7425,93,56.7,21.3,0.008,,
0.751,94,57.7,21.3,0.0075,,
0.7595,95,58.6,21.3,0.0075,,
0.768,96,59.5,21.3,0.0075,,
0.7765,97,60.3,21.3,0.0075,,
0.784,98,61,21.3,0.0075,,
0.7925,99,62,21.3,0.0085,,
0.801,100,62.9,21.3,0.0085,,
0.809,101,63.7,21.3,0.0075,,
0.8175,102,64.8,21.3,0.0075,,
0.826,103,65.8,21.3,0.0075,,
0.8335,104,66.5,21.3,0.0075,,
0.842,105,67.4,21.3,0.0085,,
0.8505,106,68.1,21.3,0.0085,,
0.859,107,69.2,21.3,0.0075,,
0.867,108,70.2,21.3,0.0075,,
0.8755,109,71,21.3,0.0075,,
0.883,110,72,21.3,0.0075,,
0.8915,111,72.9,21.3,0.0085,,
0.9,112,74.1,21.3,0.0075,,
0.9085,113,75,21.3,0.0075,,
0.917,114,75.7,21.3,0.0075,,
0.9255,115,76.8,21.3,0.0075,,
0.933,116,77.7,21.3,0.0075,,
0.941,117,78.7,21.3,0.008,,
0.9495,118,79.8,21.3,0.0085,,
0.958,119,80.7,21.3,0.0075,,
0.9665,120,81.8,21.3,0.0075,,
0.975,121,82.9,21.3,0.0075,,
0.9825,122,83.8,21.3,0.0075,,
0.991,123,85,21.3,0.0085,,
0.9995,124,86.1,21.3,0.0085,,
1.0075,125,87.3,21.3,0.0075,,
1.016,126,88.4,21.3,0.0075,,
1.0245,127,89.3,21.3,0.0075,,
1.032,128,90.3,21.3,0.0075,,
1.0405,129,91.5,21.3,0.0085,,
1.049,130,92.8,21.3,0.0085,,
1.0575,131,94,21.3,0.0075,,
1.0655,132,95.2,21.3,0.0075,,
1.074,133,96.6,21.3,0.0075,,
1.0825,134,97.8,21.3,0.0085,,
1.09,135,99.1,21.3,0.0075,,
1.0985,136,100.5,21.3,0.0085,,
1.107,137,101.8,21.3,0.0075,,
1.1155,138,103.5,21.3,0.0075,,
1.124,139,105,21.3,0.0075,,
1.132,140,106.6,21.3,0.008,,
1.1395,141,108.2,21.3,0.0075,,
1.148,142,109.6,21.3,0.0085,,
1.1565,143,111.4,21.3,0.0075,,
1.165,144,113.3,21.3,0.0075,,
1.1735,145,115.2,21.3,0.0075,,
1.181,146,117.1,21.3,0.0075,,
1.1895,147,119.1,21.3,0.0085,,
1.198,148,121.3,21.3,0.0085,,
1.206,149,123.9,21.3,0.0075,,
1.2145,150,126.1,21.3,0.0075,,
1.223,151,128.8,21.3,0.0075,,
1.2315,152,131.3,21.3,0.0085,,
1.239,153,134.2,21.3,0.0075,,
1.2475,154,137.3,21.3,0.0085,,
1.256,155,140.6,21.3,0.0075,,
1.2645,156,144,21.3,0.0075,,
1.2725,157,147.4,21.3,0.0075,,
1.2805,158,150.8,21.3,0.008,,
1.2885,159,154.2,21.3,0.008,,
1.297,160,157.9,21.3,0.0085,,
1.3055,161,161.6,21.3,0.0075,,
1.314,162,165.1,21.3,0.0075,,
1.3225,163,168.3,21.3,0.0075,,
1.33,164,171.2,21.3,0.0075,,
1.3385,165,174,21.3,0.0085,,
1.3465,166,176.8,21.3,0.008,,
1.355,167,179.4,21.3,0.0075,,
1.3635,168,181.5,21.3,0.0075,,
1.372,169,184,21.3,0.0075,,
1.379,170,185,21.3,0.007,,
1.379,410,188.4,21.3,0,,
1.3795,411,188.2,21.3,0.0005,,
1.381,412,188.2,21.3,0.0015,,
1.3835,413,188.6,21.3,0.002,,
1.3875,414,189.1,21.3,0.0035,,
1.3935,415,190,21.3,0.005,,
1.4015,416,191.4,21.3,0.0065,,
1.4095,417,192.6,21.3,0.0075,,
1.4175,418,194.2,21.3,0.0075,,
1.426,419,195.6,21.3,0.0075,,
1.4345,420,196.9,21.3,0.007,,
1.443,421,198.3,21.3,0.007,,
1.4515,422,199.5,21.3,0.007,,
1.459,423,200.7,21.3,0.007,,
1.4675,424,201.6,21.3,0.0075,,
1.4755,425,202.7,21.3,0.0075,,
1.484,426,203.8,21.3,0.007,,
1.4925,427,204.8,21.3,0.007,,
1.501,428,205.7,21.3,0.007,,
1.5085,429,206.6,21.3,0.007,,
1.517,430,207.6,21.3,0.0075,,
1.5255,431,208.4,21.3,0.0075,,
1.5335,432,209.1,21.3,0.0065,,
1.542,433,209.8,21.3,0.007,,
1.5505,434,210.7,21.3,0.007,,
1.559,435,211.4,21.3,0.0075,,
1.5665,436,212.2,21.3,0.007,,
1.575,437,212.9,21.3,0.0075,,
1.5835,438,213.5,21.3,0.007,,
1.592,439,214.2,21.3,0.007,,
1.6,440,214.9,21.3,0.0065,,
1.6085,441,215.5,21.3,0.0075,,
1.616,442,216.2,21.3,0.007,,
1.6245,443,216.7,21.3,0.0075,,
1.633,444,217.4,21.3,0.007,,
1.6415,445,218,21.3,0.007,,
1.65,446,218.5,21.3,0.007,,
1.658,447,219,21.3,0.0075,,
1.666,448,219.6,21.3,0.0075,,
1.674,449,220.3,21.3,0.0075,,
1.6825,450,220.8,21.3,0.007,,
1.691,451,221.2,21.3,0.007,,
1.6995,452,221.7,21.3,0.007,,
1.708,453,222.4,21.3,0.007,,
1.7155,454,222.8,21.3,0.007,,
1.724,455,223.2,21.3,0.0075,,
1.732,456,223.6,21.3,0.0065,,
1.7405,457,224.2,21.3,0.007,,
1.749,458,224.6,21.3,0.007,,
1.7575,459,224.9,21.3,0.007,,
1.765,460,225.4,21.3,0.007,,
1.7735,461,225.8,21.3,0.0075,,
1.782,462,226.3,21.3,0.007,,
1.7905,463,226.8,21.3,0.007,,
1.7985,464,227,21.3,0.0065,,
1.807,465,227.5,21.3,0.007,,
1.8145,466,227.9,21.3,0.007,,
1.823,467,228.4,21.3,0.0075,,
1.8315,468,228.8,21.3,0.0075,,
1.84,469,229.1,21.3,0.007,,
1.8485,470,229.5,21.3,0.007,,
1.8565,471,229.9,21.3,0.0065,,
1.8645,472,230.2,21.3,0.0075,,
1.8725,473,230.5,21.3,0.0075,,
1.881,474,230.7,21.3,0.007,,
1.8895,475,231.3,21.3,0.007,,
1.898,476,231.6,21.3,0.007,,
1.9065,477,231.9,21.3,0.0075,,
1.914,478,232.1,21.3,0.007,,
1.9225,479,232.5,21.3,0.0075,,
1.931,480,233,21.3,0.007,,
1.9395,481,233.3,21.3,0.007,,
1.9475,482,233.6,21.3,0.0065,,
1.954,483,233.8,21.3,0.006,,
1.9595,484,234.1,21.3,0.005,,
1.964,485,234.5,21.3,0.004,,
1.966,486,234.5,21.3,0.0015,,
1.9665,487,234.5,21.3,0.0005,,
1.967,488,234.6,21.3,0.0005,,
1.968,489,234.7,21.3,0.001,,
1.97,490,234.7,21.3,0.002,,
1.972,491,234.7,21.3,0.002,,
1.973,492,234.8,21.3,0.001,,
1.974,493,234.9,21.3,0.001,,
1.9755,494,234.9,21.3,0.001,,
1.977,495,235,21.3,0.001,,
Scope 1/1, Sample 11/32 (T3),,,,,
Result,TitrationEP1,,,,,
V,t,E,T,dV/dt,E acc. stat.,Volume acc. stat.
0,0,-57.1,21.2,NaN,,
0.001,1,-57.2,21.2,0.001,,
0.0025,2,-57.2,21.2,0.0015,,
0.005,3,-57.1,21.2,0.0025,,
0.009,4,-57.2,21.2,0.0035,,
0.015,5,-57,21.2,0.0055,,
0.0235,6,-56.4,21.2,0.0075,,
0.032,7,-55.9,21.2,0.0075,,
0.0405,8,-55,21.2,0.0075,,
0.048,9,-54.1,21.2,0.007,,
0.0565,10,-52.8,21.2,0.0075,,
0.065,11,-51.5,21.2,0.0075,,
0.0735,12,-50.2,21.2,0.0075,,
0.0815,13,-48.6,21.2,0.0075,,
0.09,14,-47,21.2,0.0075,,
0.0975,15,-45.5,21.2,0.007,,
0.106,16,-43.7,21.2,0.0075,,
0.1145,17,-41.9,21.2,0.0075,,
0.123,18,-39.8,21.2,0.0075,,
0.1315,19,-37.5,21.2,0.0075,,
0.14,20,-35.5,21.2,0.0075,,
0.1475,21,-33.3,21.2,0.007,,
0.156,22,-30.9,21.2,0.0075,,
0.164,23,-28.1,21.2,0.0075,,
0.1725,24,-25.3,21.2,0.0075,,
0.181,25,-22.5,21.2,0.0075,,
0.1895,26,-19.8,21.2,0.0075,,
0.197,27,-17.4,21.2,0.007,,
0.2055,28,-14.5,21.2,0.0075,,
0.214,29,-12.1,21.2,0.0075,,
0.222,30,-10.1,21.2,0.0075,,
0.2305,31,-7.8,21.2,0.0075,,
0.239,32,-5.7,21.2,0.0075,,
0.2465,33,-4.2,21.2,0.007,,
0.255,34,-2.5,21.2,0.0075,,
0.2635,35,-1.2,21.2,0.0075,,
0.272,36,0.4,21.2,0.0075,,
0.2805,37,1.8,21.2,0.0075,,
0.2885,38,3.1,21.2,0.0075,,
0.296,39,4.3,21.2,0.007,,
0.3045,40,5.5,21.2,0.0075,,
0.313,41,6.8,21.2,0.0075,,
0.3215,42,8,21.2,0.0075,,
0.33,43,8.9,21.2,0.0075,,
0.3385,44,10.1,21.2,0.0075,,
0.346,45,11,21.2,0.007,,
0.3545,46,12.3,21.2,0.0075,,
0.3625,47,13.3,21.2,0.0075,,
0.371,48,14.3,21.2,0.0075,,
0.3795,49,15.3,21.2,0.0075,,
0.388,50,16.4,21.2,0.0075,,
0.3955,51,17.3,21.2,0.007,,
0.404,52,18.2,21.2,0.0075,,
0.4125,53,19.1,21.2,0.0075,,
0.4205,54,20.1,21.2,0.0075,,
0.429,55,21,21.2,0.0075,,
0.4375,56,21.9,21.2,0.0075,,
0.445,57,22.7,21.2,0.007,,
0.4535,58,23.5,21.3,0.0075,,
0.462,59,24.5,21.2,0.0075,,
0.4705,60,25.4,21.2,0.0075,,
0.479,61,26.2,21.2,0.0075,,
0.487,62,27.1,21.2,0.0075,,
0.495,63,27.8,21.2,0.0075,,
0.503,64,28.8,21.2,0.0075,,
0.5115,65,29.7,21.2,0.0075,,
0.52,66,30.4,21.2,0.0075,,
0.5285,67,31.3,21.3,0.0075,,
0.537,68,32.2,21.2,0.0075,,
0.5445,69,33,21.2,0.007,,
0.553,70,33.9,21.2,0.0075,,
0.5615,71,34.6,21.2,0.0075,,
0.5695,72,35.7,21.2,0.0075,,
0.578,73,36.6,21.2,0.0075,,
0.5865,74,37.4,21.2,0.0085,,
0.594,75,38.1,21.3,0.007,,
0.6025,76,38.8,21.3,0.0075,,
0.611,77,39.8,21.3,0.0075,,
0.6195,78,40.5,21.3,0.0075,,
0.628,79,41.4,21.3,0.0075,,
0.636,80,42.2,21.3,0.008,,
0.6435,81,43.1,21.3,0.007,,
0.652,82,44.1,21.3,0.0075,,
0.6605,83,44.9,21.3,0.0075,,
0.669,84,45.8,21.2,0.0075,,
0.6775,85,46.8,21.3,0.0075,,
0.686,86,47.6,21.3,0.0075,,
0.6935,87,48.5,21.3,0.007,,
0.7015,88,49.2,21.3,0.0075,,
0.71,89,49.9,21.3,0.0075,,
0.7185,90,50.9,21.3,0.0075,,
0.727,91,51.8,21.3,0.0075,,
0.7355,92,52.6,21.3,0.0075,,
0.743,93,53.4,21.3,0.007,,
0.7515,94,54.3,21.3,0.0075,,
0.76,95,55.4,21.3,0.0075,,
0.768,96,56.1,21.3,0.0075,,
0.7765,97,56.8,21.3,0.0075,,
0.785,98,57.8,21.3,0.0075,,
0.7925,99,58.6,21.3,0.0075,,
0.801,100,59.6,21.3,0.0075,,
0.8095,101,60.5,21.3,0.0075,,
0.818,102,61.3,21.3,0.0075,,
0.826,103,62.3,21.3,0.0075,,
0.8345,104,63.3,21.3,0.0075,,
0.843,105,64,21.3,0.0085,,
0.8505,106,64.9,21.3,0.007,,
0.859,107,65.7,21.3,0.0075,,
0.8675,108,66.7,21.3,0.0075,,
0.876,109,67.7,21.3,0.0075,,
0.884,110,68.7,21.3,0.0075,,
0.8925,111,69.5,21.3,0.0075,,
0.9,112,70.4,21.3,0.007,,
0.9085,113,71.3,21.3,0.0075,,
0.917,114,72.3,21.3,0.0075,,
0.9255,115,73.1,21.3,0.0075,,
0.934,116,74.1,21.3,0.0075,,
0.9425,117,74.9,21.3,0.0085,,
0.95,118,76,21.3,0.007,,
0.958,119,77,21.3,0.0075,,
0.9665,120,77.9,21.3,0.0075,,
0.975,121,78.9,21.3,0.0075,,
0.9835,122,80,21.3,0.0075,,
0.992,123,81,21.3,0.0085,,
0.9995,124,81.9,21.3,0.007,,
1.008,125,82.8,21.3,0.0075,,
1.0165,126,83.9,21.3,0.0075,,
1.0245,127,85,21.3,0.0075,,
1.033,128,85.9,21.3,0.0075,,
1.0415,129,87.1,21.3,0.0075,,
1.049,130,88,21.3,0.007,,
1.0575,131,89.2,21.3,0.0075,,
1.066,132,90.6,21.3,0.0075,,
1.0745,133,91.7,21.3,0.0075,,
1.0825,134,92.8,21.3,0.0075,,
1.091,135,94.2,21.3,0.0075,,
1.0985,136,95.4,21.3,0.007,,
1.107,137,96.8,21.3,0.0075,,
1.1155,138,98,21.3,0.0075,,
1.124,139,99.5,21.3,0.0075,,
1.1325,140,101,21.3,0.0075,,
1.141,141,102.2,21.3,0.0075,,
1.1485,142,103.5,21.3,0.007,,
1.157,143,105,21.3,0.0075,,
1.165,144,106.5,21.3,0.0075,,
1.1735,145,108.5,21.3,0.0075,,
1.182,146,110.1,21.3,0.0075,,
1.1905,147,112,21.3,0.0075,,
1.198,148,113.7,21.3,0.007,,
1.2065,149,115.7,21.3,0.0075,,
1.215,150,118,21.3,0.0075,,
1.223,151,119.9,21.3,0.0075,,
1.2315,152,122.3,21.3,0.0075,,
1.24,153,124.7,21.3,0.0075,,
1.2475,154,127.2,21.3,0.007,,
1.256,155,130,21.3,0.0075,,
1.2645,156,132.8,21.3,0.0075,,
1.273,157,135.8,21.3,0.0075,,
1.2815,158,139.3,21.3,0.0075,,
1.2895,159,142.8,21.3,0.0075,,
1.297,160,146.2,21.3,0.007,,
1.3055,161,149.5,21.3,0.0075,,
1.314,162,153.6,21.3,0.0075,,
1.3225,163,157.5,21.3,0.0075,,
1.331,164,161,21.3,0.0075,,
1.3395,165,164.7,21.3,0.0075,,
1.347,166,167.7,21.3,0.007,,
1.3555,167,170.8,21.3,0.0075,,
1.3635,168,173.7,21.3,0.0075,,
1.372,169,176.3,21.3,0.0075,,
1.3805,170,178.9,21.3,0.0075,,
1.389,171,181.4,21.3,0.0075,,
1.3965,172,183.4,21.3,0.0075,,
1.406,173,185,21.3,0.008,,
1.406,413,188.9,21.3,0,,
1.4065,414,189.1,21.3,0.0005,,
1.408,415,189.1,21.3,0.001,,
1.4105,416,189.1,21.3,0.002,,
1.4145,417,189.7,21.3,0.003,,
1.421,418,190.5,21.3,0.0045,,
1.4295,419,191.5,21.3,0.006,,
1.437,420,192.7,21.3,0.006,,
1.4455,421,194.2,21.3,0.0065,,
1.454,422,195.7,21.3,0.0065,,
1.462,423,197.1,21.3,0.0055,,
1.4705,424,198.2,21.3,0.006,,
1.479,425,199.4,21.3,0.006,,
1.4865,426,200.5,21.3,0.006,,
1.495,427,201.6,21.3,0.0065,,
1.5035,428,202.7,21.3,0.0065,,
1.512,429,203.6,21.3,0.006,,
1.5205,430,204.7,21.3,0.006,,
1.5285,431,205.8,21.3,0.0055,,
1.5365,432,206.5,21.3,0.006,,
1.5445,433,207.4,21.3,0.006,,
1.553,434,208.1,21.3,0.0065,,
1.5615,435,209.1,21.3,0.006,,
1.57,436,210,21.3,0.006,,
1.5785,437,210.6,21.3,0.006,,
1.586,438,211.3,21.3,0.006,,
1.5945,439,211.9,21.3,0.0065,,
1.6025,440,212.8,21.3,0.006,,
1.611,441,213.5,21.3,0.006,,
1.6195,442,214.2,21.3,0.006,,
1.628,443,214.9,21.3,0.006,,
1.6355,444,215.4,21.3,0.006,,
1.644,445,216.1,21.3,0.0065,,
1.6525,446,216.8,21.3,0.0065,,
1.6605,447,217.3,21.3,0.0055,,
1.669,448,217.8,21.3,0.006,,
1.6775,449,218.6,21.3,0.006,,
1.686,450,218.9,21.3,0.0065,,
1.6935,451,219.6,21.3,0.006,,
1.702,452,220.1,21.3,0.0065,,
1.7105,453,220.7,21.3,0.006,,
1.719,454,221.3,21.3,0.006,,
1.727,455,221.7,21.3,0.0055,,
1.735,456,222.2,21.3,0.006,,
1.743,457,222.6,21.3,0.006,,
1.7515,458,223.2,21.3,0.0065,,
1.76,459,223.8,21.3,0.006,,
1.7685,460,224.1,21.3,0.006,,
1.777,461,224.5,21.3,0.006,,
1.785,462,224.8,21.3,0.006,,
1.793,463,225.3,21.3,0.006,,
1.801,464,225.7,21.3,0.006,,
1.8095,465,226.1,21.3,0.006,,
1.818,466,226.6,21.3,0.006,,
1.8265,467,227.1,21.3,0.006,,
1.834,468,227.5,21.3,0.006,,
1.8425,469,227.9,21.3,0.0065,,
1.851,470,228.1,21.3,0.0065,,
1.859,471,228.4,21.3,0.0055,,
1.8675,472,228.9,21.3,0.006,,
1.876,473,229.3,21.3,0.006,,
1.8845,474,229.5,21.3,0.006,,
1.892,475,229.8,21.3,0.006,,
1.9005,476,230.3,21.3,0.0065,,
1.909,477,230.7,21.3,0.006,,
1.9175,478,230.9,21.3,0.006,,
1.9255,479,231.2,21.3,0.0055,,
1.934,480,231.8,21.3,0.006,,
1.9415,481,232.1,21.3,0.006,,
1.95,482,232.5,21.3,0.0065,,
1.9585,483,232.8,21.3,0.0065,,
1.967,484,233,21.3,0.006,,
1.9755,485,233.3,21.3,0.006,,
1.9835,486,233.7,21.3,0.0055,,
1.9895,487,233.9,21.3,0.0045,,
1.995,488,234.1,21.3,0.004,,
1.9955,489,234.2,21.3,0.0005,,
1.996,490,234.5,21.3,0.0005,,
1.997,491,234.5,21.3,0.0005,,
1.998,492,234.4,21.3,0.0005,,
1.9985,493,234.6,21.3,0.0005,,
2,494,234.6,21.3,0.001,,
2.0015,495,234.7,21.3,0.001,,
2.004,496,234.6,21.3,0.002,,
2.0065,497,234.7,21.3,0.002,,
2.009,499,235,21.3,0.0015,,
Scope 1/1, Sample 12/32 (T4),,,,,
Result,TitrationEP1,,,,,
V,t,E,T,dV/dt,E acc. stat.,Volume acc. stat.
0,0,-57.8,21.3,NaN,,
0.0005,1,-57.9,21.3,0.0005,,
0.0025,2,-57.9,21.3,0.002,,
0.005,3,-57.9,21.3,0.0025,,
0.009,4,-57.7,21.3,0.0035,,
0.015,5,-57.6,21.3,0.0055,,
0.0235,6,-57.1,21.3,0.0085,,
0.031,7,-56.4,21.3,0.0075,,
0.0395,8,-55.2,21.3,0.0085,,
0.048,9,-54,21.3,0.0075,,
0.0565,10,-52.8,21.3,0.0075,,
0.065,11,-51.5,21.3,0.0075,,
0.073,12,-50.2,21.3,0.008,,
0.081,13,-48.6,21.3,0.008,,
0.089,14,-47,21.3,0.008,,
0.0975,15,-45.3,21.3,0.0075,,
0.106,16,-43.4,21.3,0.0075,,
0.1145,17,-41.4,21.3,0.0075,,
0.123,18,-39.3,21.3,0.0075,,
0.1305,19,-37.2,21.3,0.0075,,
0.139,20,-35,21.3,0.0085,,
0.1475,21,-32.6,21.3,0.0075,,
0.1555,22,-29.9,21.3,0.0075,,
0.164,23,-27.2,21.3,0.0075,,
0.1725,24,-24.4,21.3,0.0075,,
0.18,25,-21.7,21.3,0.0075,,
0.1885,26,-18.4,21.3,0.0085,,
0.197,27,-15.4,21.3,0.0075,,
0.2055,28,-12.8,21.3,0.0075,,
0.2135,29,-10.2,21.3,0.0075,,
0.222,30,-8,21.3,0.0085,,
0.2295,31,-5.7,21.3,0.0075,,
0.238,32,-3.7,21.3,0.0085,,
0.2465,33,-1.9,21.3,0.0075,,
0.255,34,0,21.3,0.0075,,
0.2635,35,1.7,21.3,0.0075,,
0.272,36,3.2,21.3,0.0075,,
0.2795,37,4.6,21.3,0.0075,,
0.2875,38,6,21.3,0.008,,
0.296,39,7.4,21.3,0.0085,,
0.3045,40,8.8,21.3,0.0075,,
0.313,41,9.9,21.3,0.0075,,
0.3215,42,11.2,21.3,0.0075,,
0.329,43,12.3,21.3,0.0075,,
0.3375,44,13.5,21.3,0.0085,,
0.346,45,14.7,21.3,0.0075,,
0.354,46,15.7,21.3,0.0075,,
0.3625,47,16.7,21.3,0.0075,,
0.371,48,17.9,21.3,0.0075,,
0.3785,49,18.8,21.3,0.0075,,
0.387,50,19.9,21.3,0.0085,,
0.3955,51,20.8,21.3,0.0085,,
0.404,52,21.6,21.3,0.0075,,
0.412,53,22.7,21.3,0.0075,,
0.4205,54,23.5,21.3,0.0075,,
0.428,55,24.4,21.3,0.0075,,
0.4365,56,25.1,21.3,0.0085,,
0.445,57,26,21.3,0.0075,,
0.4535,58,27,21.3,0.0075,,
0.462,59,27.8,21.3,0.0075,,
0.4705,60,28.8,21.3,0.0075,,
0.478,61,29.5,21.3,0.0075,,
0.4865,62,30.5,21.3,0.0085,,
0.4945,63,31.4,21.3,0.0075,,
0.503,64,32.2,21.3,0.0075,,
0.5115,65,33.2,21.3,0.0075,,
0.52,66,33.9,21.3,0.0085,,
0.5275,67,34.9,21.3,0.0075,,
0.536,68,35.7,21.3,0.0085,,
0.5445,69,36.4,21.3,0.0075,,
0.553,70,37.4,21.3,0.0075,,
0.561,71,38.3,21.3,0.0075,,
0.5695,72,39.1,21.3,0.0075,,
0.577,73,39.9,21.3,0.0075,,
0.5855,74,40.7,21.3,0.0085,,
0.594,75,41.7,21.3,0.0075,,
0.6025,76,42.6,21.3,0.0075,,
0.611,77,43.3,21.3,0.0075,,
0.619,78,44.1,21.3,0.0075,,
0.627,79,44.9,21.3,0.008,,
0.635,80,45.9,21.3,0.008,,
0.6435,81,46.7,21.3,0.0085,,
0.652,82,47.5,21.3,0.0075,,
0.6605,83,48.3,21.3,0.0075,,
0.669,84,49.4,21.3,0.0075,,
0.6765,85,50,21.3,0.0075,,
0.685,86,50.9,21.3,0.0085,,
0.693,87,51.6,21.3,0.008,,
0.7015,88,52.4,21.3,0.0075,,
0.71,89,53.3,21.3,0.0075,,
0.7185,90,54.1,21.3,0.0075,,
0.726,91,54.8,21.3,0.0075,,
0.7345,92,55.6,21.3,0.0085,,
0.743,93,56.6,21.3,0.0085,,
0.751,94,57.5,21.3,0.0075,,
0.7595,95,58.2,21.3,0.0075,,
0.768,96,59,21.3,0.0075,,
0.7765,97,59.8,21.3,0.0085,,
0.784,98,60.8,21.3,0.0075,,
0.7925,99,61.8,21.3,0.0085,,
0.801,100,62.5,21.3,0.0075,,
0.8095,101,63.3,21.3,0.0075,,
0.8175,102,64.3,21.3,0.0075,,
0.826,103,65.1,21.3,0.0075,,
0.8335,104,65.9,21.3,0.0075,,
0.842,105,66.8,21.3,0.0085,,
0.8505,106,67.6,21.3,0.0075,,
0.859,107,68.6,21.3,0.0075,,
0.8675,108,69.6,21.3,0.0075,,
0.8755,109,70.4,21.3,0.008,,
0.8835,110,71.2,21.3,0.008,,
0.8915,111,72.1,21.3,0.008,,
0.9,112,73.1,21.3,0.0075,,
0.9085,113,74,21.3,0.0075,,
0.917,114,74.8,21.3,0.0075,,
0.9255,115,75.7,21.3,0.0085,,
0.933,116,76.7,21.3,0.0075,,
0.9415,117,77.6,21.3,0.0085,,
0.95,118,78.5,21.3,0.0075,,
0.958,119,79.3,21.3,0.0075,,
0.9665,120,80.4,21.3,0.0075,,
0.975,121,81.3,21.3,0.0085,,
0.9825,122,82.3,21.3,0.0075,,
0.991,123,83.2,21.3,0.0085,,
0.9995,124,84.2,21.3,0.0075,,
1.008,125,85.3,21.3,0.0075,,
1.0165,126,86.1,21.3,0.0075,,
1.024,127,87.2,21.3,0.0075,,
1.0325,128,88.2,21.3,0.0085,,
1.0405,129,89.3,21.3,0.008,,
1.049,130,90.4,21.3,0.0075,,
1.0575,131,91.5,21.3,0.0075,,
1.066,132,92.7,21.3,0.0075,,
1.0745,133,93.8,21.3,0.0085,,
1.082,134,95,21.3,0.0075,,
1.0905,135,96.4,21.3,0.0085,,
1.0985,136,97.6,21.3,0.0075,,
1.107,137,98.8,21.3,0.0075,,
1.1155,138,100.3,21.3,0.0075,,
1.124,139,101.4,21.3,0.0085,,
1.1315,140,102.8,21.3,0.0075,,
1.14,141,104.2,21.3,0.0085,,
1.1485,142,105.8,21.3,0.0075,,
1.1565,143,107.4,21.3,0.0075,,
1.165,144,108.9,21.3,0.0075,,
1.1735,145,110.7,21.3,0.0085,,
1.181,146,112.3,21.3,0.0075,,
1.1895,147,114.3,21.3,0.0085,,
1.198,148,116.1,21.3,0.0075,,
1.2065,149,117.8,21.3,0.0075,,
1.215,150,119.6,21.3,0.0075,,
1.223,151,121.5,21.3,0.008,,
1.231,152,123.8,21.3,0.008,,
1.239,153,126.3,21.3,0.008,,
1.2475,154,128.8,21.3,0.0075,,
1.256,155,131.5,21.3,0.0075,,
1.2645,156,134.4,21.3,0.0075,,
1.273,157,137.3,21.3,0.0075,,
1.2805,158,140.3,21.3,0.0075,,
1.289,159,143.4,21.3,0.0085,,
1.297,160,146.9,21.3,0.0075,,
1.3055,161,150.5,21.3,0.0075,,
1.314,162,153.8,21.3,0.0075,,
1.3225,163,157.1,21.3,0.0085,,
1.33,164,160.6,21.3,0.0075,,
1.3385,165,164.3,21.3,0.0085,,
1.347,166,167.6,21.3,0.0075,,
1.3555,167,170.4,21.3,0.0075,,
1.3635,168,173.4,21.3,0.0075,,
1.372,169,176,21.3,0.0085,,
1.3795,170,178.6,21.3,0.0075,,
1.388,171,181.2,21.3,0.0085,,
1.3965,172,183.2,21.3,0.0075,,
1.405,173,185,21.3,0.0075,,
1.405,413,188,21.4,0,,
1.4055,414,188.1,21.4,0.0005,,
1.407,415,187.9,21.4,0.001,,
1.4095,416,188.3,21.4,0.002,,
1.4135,417,188.8,21.4,0.003,,
1.4195,418,189.4,21.4,0.0045,,
1.428,419,190.8,21.4,0.0065,,
1.4355,420,192.1,21.4,0.006,,
1.4435,421,193.8,21.4,0.0065,,
1.452,422,195.3,21.4,0.007,,
1.4605,423,196.5,21.4,0.0065,,
1.469,424,197.8,21.4,0.0065,,
1.4775,425,199.2,21.4,0.0065,,
1.485,426,200.2,21.4,0.006,,
1.4935,427,201.2,21.4,0.007,,
1.502,428,202.2,21.4,0.0065,,
1.51,429,203.3,21.4,0.006,,
1.5185,430,204.4,21.4,0.0065,,
1.527,431,205.3,21.4,0.007,,
1.5345,432,206.1,21.4,0.006,,
1.543,433,207,21.4,0.007,,
1.5515,434,208,21.4,0.007,,
1.56,435,208.9,21.4,0.0065,,
1.5685,436,209.6,21.4,0.0065,,
1.5765,437,210.3,21.4,0.0065,,
1.584,438,211,21.4,0.006,,
1.5925,439,211.8,21.4,0.007,,
1.601,440,212.7,21.4,0.0065,,
1.6095,441,213.3,21.4,0.0065,,
1.618,442,214,21.4,0.0065,,
1.6265,443,214.8,21.4,0.0065,,
1.634,444,215.3,21.4,0.006,,
1.6425,445,216,21.4,0.007,,
1.6505,446,216.5,21.4,0.006,,
1.659,447,217,21.4,0.0065,,
1.6675,448,217.7,21.4,0.0065,,
1.676,449,218.2,21.4,0.0065,,
1.6835,450,218.8,21.4,0.006,,
1.692,451,219.3,21.4,0.007,,
1.7005,452,219.9,21.4,0.007,,
1.7085,453,220.5,21.4,0.006,,
1.717,454,220.9,21.4,0.0065,,
1.7255,455,221.4,21.4,0.0065,,
1.733,456,222,21.4,0.006,,
1.7415,457,222.6,21.4,0.007,,
1.75,458,223.1,21.4,0.007,,
1.7585,459,223.5,21.4,0.0065,,
1.7665,460,223.8,21.4,0.006,,
1.775,461,224.3,21.4,0.0065,,
1.7825,462,224.7,21.4,0.006,,
1.791,463,225.2,21.4,0.007,,
1.7995,464,225.6,21.4,0.007,,
1.808,465,226,21.4,0.0065,,
1.8165,466,226.5,21.4,0.0065,,
1.825,467,226.8,21.4,0.0065,,
1.8325,468,227.3,21.4,0.006,,
1.841,469,227.6,21.4,0.007,,
1.849,470,228.1,21.4,0.0065,,
1.8575,471,228.6,21.4,0.0065,,
1.866,472,228.9,21.4,0.0065,,
1.8745,473,229.1,21.4,0.0065,,
1.883,474,229.4,21.4,0.007,,
1.8905,475,229.8,21.4,0.006,,
1.899,476,230.3,21.4,0.007,,
1.907,477,230.6,21.4,0.006,,
1.9155,478,230.8,21.4,0.0065,,
1.924,479,231.3,21.4,0.0065,,
1.9325,480,231.6,21.4,0.0065,,
1.94,481,232,21.4,0.006,,
1.9485,482,232.3,21.4,0.007,,
1.957,483,232.6,21.4,0.007,,
1.965,484,232.9,21.4,0.006,,
1.9735,485,233.3,21.4,0.0065,,
1.9815,486,233.5,21.4,0.006,,
1.9885,487,233.9,21.4,0.006,,
1.995,488,234,21.4,0.0055,,
1.9965,489,234.3,21.4,0.001,,
1.9965,490,234.3,21.4,0,,
1.998,491,234.2,21.4,0.001,,
1.9985,492,234.4,21.4,0.0005,,
2,493,234.4,21.4,0.001,,
2.002,494,234.6,21.4,0.0015,,
2.005,495,234.6,21.4,0.0025,,
2.008,496,234.6,21.4,0.0025,,
2.011,497,234.8,21.4,0.0025,,
2.013,498,234.8,21.4,0.0015,,
2.014,499,235.1,21.4,0.001,,
Scope 1/1, Sample 13/32 (T5),,,,,
Result,TitrationEP1,,,,,
V,t,E,T,dV/dt,E acc. stat.,Volume acc. stat.
0,0,-59.4,21.3,NaN,,
0.001,1,-59.5,21.3,0.001,,
0.0025,2,-59.5,21.3,0.0015,,
0.005,3,-59.5,21.3,0.0025,,
0.0085,4,-59.4,21.3,0.003,,
0.015,5,-59.1,21.3,0.006,,
0.023,6,-58.9,21.3,0.0075,,
0.0315,7,-58.3,21.3,0.0075,,
0.04,8,-57.3,21.3,0.0075,,
0.0475,9,-56.5,21.3,0.0075,,
0.056,10,-55.3,21.3,0.0075,,
0.0645,11,-54.1,21.4,0.0075,,
0.0725,12,-52.8,21.4,0.0075,,
0.081,13,-51.2,21.4,0.0075,,
0.0895,14,-49.7,21.4,0.0075,,
0.097,15,-48.2,21.4,0.007,,
0.1055,16,-46.6,21.4,0.0075,,
0.114,17,-44.8,21.4,0.0075,,
0.1225,18,-42.8,21.4,0.0075,,
0.131,19,-41,21.4,0.0075,,
0.139,20,-39,21.4,0.008,,
0.147,21,-36.8,21.4,0.0075,,
0.155,22,-34.4,21.4,0.0075,,
0.1635,23,-31.8,21.4,0.0075,,
0.172,24,-29.3,21.4,0.0075,,
0.1805,25,-26.5,21.4,0.0075,,
0.189,26,-23.5,21.4,0.0075,,
0.1965,27,-20.9,21.4,0.007,,
0.205,28,-18,21.4,0.0075,,
0.213,29,-15.4,21.4,0.0075,,
0.2215,30,-12.8,21.4,0.0075,,
0.23,31,-10.2,21.4,0.0075,,
0.2385,32,-8.2,21.4,0.0075,,
0.246,33,-6.3,21.4,0.007,,
0.2545,34,-4.4,21.4,0.0075,,
0.263,35,-2.7,21.4,0.0075,,
0.2715,36,-1.1,21.4,0.0075,,
0.2795,37,0.2,21.4,0.0075,,
0.288,38,1.6,21.4,0.0075,,
0.2955,39,2.8,21.4,0.007,,
0.304,40,4.4,21.4,0.0075,,
0.3125,41,5.7,21.4,0.0075,,
0.321,42,6.9,21.4,0.0075,,
0.3295,43,8.1,21.4,0.0075,,
0.3375,44,9.3,21.4,0.0075,,
0.3455,45,10.3,21.4,0.0075,,
0.3535,46,11.4,21.4,0.0075,,
0.362,47,12.3,21.4,0.0075,,
0.3705,48,13.3,21.4,0.0075,,
0.379,49,14.4,21.4,0.0075,,
0.3875,50,15.3,21.4,0.0075,,
0.395,51,16.3,21.4,0.007,,
0.4035,52,17.2,21.4,0.0075,,
0.412,53,18.3,21.4,0.0075,,
0.42,54,19.2,21.4,0.0075,,
0.4285,55,20.2,21.4,0.0075,,
0.437,56,21.1,21.4,0.0075,,
0.4445,57,21.9,21.4,0.0075,,
0.453,58,22.9,21.4,0.0075,,
0.4615,59,23.8,21.4,0.0075,,
0.47,60,24.6,21.4,0.0075,,
0.478,61,25.5,21.4,0.0075,,
0.4865,62,26.5,21.4,0.0075,,
0.494,63,27.3,21.4,0.0075,,
0.5025,64,28.2,21.4,0.0075,,
0.511,65,28.9,21.4,0.0075,,
0.5195,66,29.8,21.4,0.0075,,
0.528,67,30.8,21.4,0.0075,,
0.5365,68,31.5,21.4,0.0075,,
0.544,69,32.5,21.4,0.0075,,
0.552,70,33.2,21.4,0.0075,,
0.5605,71,34,21.4,0.0075,,
0.569,72,35,21.4,0.0075,,
0.5775,73,35.8,21.4,0.0075,,
0.586,74,36.6,21.4,0.0075,,
0.5935,75,37.4,21.4,0.0075,,
0.602,76,38.3,21.4,0.0075,,
0.6105,77,39.3,21.4,0.0075,,
0.6185,78,40.1,21.4,0.0075,,
0.627,79,41,21.4,0.0075,,
0.6355,80,41.7,21.4,0.0085,,
0.643,81,42.6,21.4,0.007,,
0.6515,82,43.4,21.4,0.0075,,
0.66,83,44.2,21.4,0.0075,,
0.6685,84,45.1,21.4,0.0075,,
0.677,85,46,21.4,0.0075,,
0.685,86,46.9,21.4,0.0075,,
0.693,87,47.6,21.4,0.0075,,
0.701,88,48.5,21.4,0.0075,,
0.7095,89,49.3,21.4,0.0075,,
0.718,90,50.2,21.4,0.0075,,
0.7265,91,51.1,21.4,0.0075,,
0.735,92,51.9,21.4,0.0085,,
0.7425,93,52.8,21.4,0.007,,
0.751,94,53.9,21.4,0.0075,,
0.7595,95,54.7,21.4,0.0075,,
0.7675,96,55.5,21.4,0.0075,,
0.776,97,56.5,21.4,0.0075,,
0.7845,98,57.2,21.4,0.0085,,
0.792,99,58.3,21.4,0.007,,
0.8005,100,59.2,21.4,0.0075,,
0.809,101,60.1,21.4,0.0075,,
0.8175,102,61.1,21.4,0.0075,,
0.8255,103,62.1,21.4,0.0075,,
0.834,104,62.9,21.4,0.0085,,
0.8415,105,63.7,21.4,0.007,,
0.85,106,64.6,21.4,0.0075,,
0.8585,107,65.6,21.4,0.0075,,
0.867,108,66.5,21.4,0.0075,,
0.8755,109,67.3,21.4,0.0075,,
0.883,110,68.2,21.4,0.0075,,
0.8915,111,69.2,21.4,0.0075,,
0.9,112,70.2,21.4,0.0075,,
0.908,113,71.2,21.4,0.0075,,
0.9165,114,72,21.4,0.0075,,
0.925,115,73,21.4,0.0075,,
0.9335,116,73.8,21.4,0.0085,,
0.941,117,74.8,21.4,0.007,,
0.9495,118,75.8,21.4,0.0075,,
0.958,119,76.7,21.4,0.0075,,
0.966,120,77.8,21.4,0.0075,,
0.9745,121,78.8,21.4,0.0075,,
0.983,122,79.8,21.4,0.0085,,
0.9905,123,80.7,21.4,0.007,,
0.999,124,81.6,21.4,0.0075,,
1.0075,125,82.6,21.4,0.0075,,
1.016,126,83.7,21.4,0.0075,,
1.024,127,84.7,21.4,0.0075,,
1.0325,128,85.9,21.4,0.0075,,
1.04,129,87,21.4,0.0075,,
1.0485,130,88.2,21.4,0.0075,,
1.057,131,89.5,21.4,0.0075,,
1.0655,132,90.5,21.4,0.0075,,
1.074,133,91.7,21.4,0.0075,,
1.0825,134,93.1,21.4,0.0075,,
1.09,135,94.1,21.4,0.0075,,
1.0985,136,95.5,21.4,0.0075,,
1.1065,137,96.6,21.4,0.0075,,
1.115,138,98.2,21.4,0.0075,,
1.1235,139,99.6,21.4,0.0075,,
1.132,140,101,21.4,0.0075,,
1.1395,141,102.3,21.4,0.007,,
1.148,142,103.8,21.4,0.0075,,
1.1565,143,105.5,21.4,0.0075,,
1.165,144,107.2,21.4,0.0075,,
1.173,145,109,21.4,0.0075,,
1.1815,146,110.8,21.4,0.0075,,
1.189,147,112.6,21.4,0.0075,,
1.1975,148,114.7,21.4,0.0075,,
1.206,149,116.8,21.4,0.0075,,
1.2145,150,118.9,21.4,0.0075,,
1.223,151,121.2,21.4,0.0075,,
1.231,152,123.6,21.4,0.0075,,
1.239,153,125.8,21.4,0.008,,
1.247,154,128.7,21.4,0.0075,,
1.2555,155,131.5,21.4,0.0075,,
1.264,156,134.7,21.4,0.0075,,
1.2725,157,138,21.4,0.0075,,
1.281,158,141.2,21.4,0.0075,,
1.2885,159,144.5,21.4,0.0075,,
1.297,160,148.1,21.4,0.0075,,
1.305,161,151.8,21.4,0.0075,,
1.3135,162,155.6,21.4,0.0075,,
1.322,163,159.2,21.4,0.0075,,
1.3305,164,162.9,21.4,0.0075,,
1.338,165,166.2,21.4,0.0075,,
1.3465,166,169.4,21.4,0.0075,,
1.355,167,172.5,21.4,0.0075,,
1.363,168,175.3,21.4,0.0075,,
1.3715,169,177.9,21.4,0.0075,,
1.38,170,180.5,21.4,0.0075,,
1.3875,171,182.3,21.4,0.0075,,
1.396,172,184.6,21.4,0.0075,,
1.3995,172,185.1,21.4,0.007,,
1.3995,413,188.9,21.4,0,,
1.4,414,188.8,21.4,0.001,,
1.4015,415,188.8,21.4,0.0025,,
1.404,416,189.1,21.4,0.0035,,
1.408,417,189.5,21.4,0.0055,,
1.4145,418,190.2,21.4,0.0095,,
1.423,419,191.1,21.4,0.014,,
1.4305,420,192.7,21.4,0.0125,,
1.439,421,194.2,21.4,0.014,,
1.4475,422,195.5,21.4,0.012,,
1.456,423,196.8,21.4,0.012,,
1.464,424,198.2,21.4,0.0115,,
1.4725,425,199.3,21.4,0.014,,
1.48,426,200.4,21.4,0.0125,,
1.4885,427,201.5,21.4,0.014,,
1.497,428,202.5,21.4,0.012,,
1.5055,429,203.6,21.4,0.012,,
1.514,430,204.7,21.4,0.012,,
1.522,431,205.6,21.4,0.0135,,
1.53,432,206.4,21.4,0.0135,,
1.538,433,207.3,21.4,0.0135,,
1.5465,434,208.3,21.4,0.012,,
1.555,435,209.1,21.4,0.012,,
1.5635,436,209.8,21.4,0.012,,
1.572,437,210.6,21.4,0.012,,
1.5795,438,211.1,21.4,0.0125,,
1.588,439,211.9,21.4,0.014,,
1.596,440,212.7,21.4,0.0135,,
1.6045,441,213.3,21.4,0.012,,
1.613,442,214,21.4,0.012,,
1.6215,443,214.7,21.4,0.012,,
1.63,444,215.4,21.4,0.014,,
1.6375,445,215.9,21.4,0.0125,,
1.646,446,216.5,21.4,0.014,,
1.654,447,217.2,21.4,0.0115,,
1.6625,448,217.8,21.4,0.012,,
1.671,449,218.3,21.4,0.012,,
1.6795,450,218.9,21.4,0.014,,
1.687,451,219.4,21.4,0.0125,,
1.6955,452,220,21.4,0.014,,
1.704,453,220.5,21.4,0.012,,
1.7125,454,221,21.4,0.012,,
1.7205,455,221.6,21.4,0.0115,,
1.729,456,222.1,21.4,0.014,,
1.7365,457,222.7,21.4,0.0125,,
1.745,458,223.2,21.4,0.014,,
1.7535,459,223.5,21.4,0.012,,
1.762,460,224.1,21.4,0.012,,
1.7705,461,224.6,21.4,0.012,,
1.778,462,225.1,21.4,0.0125,,
1.7865,463,225.4,21.4,0.014,,
1.7945,464,225.8,21.4,0.0135,,
1.803,465,226.2,21.4,0.012,,
1.8115,466,226.7,21.4,0.012,,
1.82,467,227,21.4,0.012,,
1.8285,468,227.4,21.4,0.014,,
1.836,469,227.8,21.4,0.0125,,
1.8445,470,228.3,21.4,0.014,,
1.853,471,228.6,21.4,0.012,,
1.861,472,228.9,21.4,0.0115,,
1.8695,473,229.3,21.4,0.012,,
1.877,474,229.7,21.4,0.0125,,
1.8855,475,230.1,21.4,0.014,,
1.894,476,230.4,21.4,0.014,,
1.9025,477,230.7,21.4,0.012,,
1.911,478,231.1,21.4,0.012,,
1.919,479,231.4,21.4,0.0115,,
1.927,480,231.8,21.4,0.0135,,
1.935,481,232,21.4,0.0135,,
1.9435,482,232.2,21.4,0.014,,
1.952,483,232.8,21.4,0.012,,
1.9605,484,233.1,21.4,0.012,,
1.969,485,233.3,21.4,0.012,,
1.977,486,233.7,21.4,0.0135,,
1.9845,487,233.9,21.4,0.0125,,
1.9895,488,234.3,21.4,0.0085,,
1.9905,489,234.4,21.4,0.0015,,
1.9905,490,234.5,21.4,0,,
1.9915,491,234.6,21.4,0.0015,,
1.9925,492,234.6,21.4,0.0015,,
1.994,493,234.7,21.4,0.0025,,
1.996,494,234.7,21.4,0.0035,,
1.9985,495,234.8,21.4,0.0035,,
2.001,496,234.9,21.4,0.0035,,
2.003,497,234.9,21.4,0.003,,
2.0035,497,235.1,21.4,0.001,,
Scope 1/1, Sample 14/32 (T6),,,,,
Result,TitrationEP1,,,,,
V,t,E,T,dV/dt,E acc. stat.,Volume acc. stat.
0,0,-59.3,21.4,NaN,,
0.0005,1,-59.4,21.4,0.0005,,
0.0025,2,-59.3,21.4,0.002,,
0.005,3,-59.4,21.4,0.0025,,
0.009,4,-59.4,21.4,0.0035,,
0.015,5,-59.1,21.4,0.0055,,
0.0235,6,-58.7,21.4,0.0075,,
0.031,7,-58.1,21.4,0.0075,,
0.0395,8,-57.3,21.4,0.0085,,
0.048,9,-56.3,21.4,0.0075,,
0.0565,10,-55.1,21.4,0.0075,,
0.065,11,-53.8,21.4,0.0075,,
0.073,12,-52.6,21.4,0.0075,,
0.081,13,-51.3,21.4,0.008,,
0.089,14,-49.7,21.4,0.008,,
0.0975,15,-48,21.4,0.0075,,
0.106,16,-46.4,21.4,0.0075,,
0.1145,17,-44.6,21.4,0.0075,,
0.123,18,-42.6,21.4,0.0075,,
0.1305,19,-40.9,21.4,0.0075,,
0.139,20,-38.8,21.4,0.0085,,
0.147,21,-36.5,21.4,0.0075,,
0.1555,22,-34.1,21.4,0.0075,,
0.164,23,-31.6,21.4,0.0075,,
0.1725,24,-28.9,21.4,0.0075,,
0.18,25,-26.3,21.4,0.0075,,
0.1885,26,-23.5,21.4,0.0085,,
0.197,27,-20.7,21.4,0.0085,,
0.205,28,-17.9,21.4,0.0075,,
0.2135,29,-15.2,21.4,0.0075,,
0.222,30,-12.8,21.4,0.0075,,
0.2295,31,-10.8,21.4,0.0075,,
0.238,32,-8.7,21.4,0.0085,,
0.2465,33,-6.5,21.4,0.0085,,
0.255,34,-4.7,21.4,0.0075,,
0.263,35,-3.1,21.4,0.0075,,
0.2715,36,-1.6,21.4,0.0075,,
0.28,37,-0.3,21.4,0.0085,,
0.2875,38,1.2,21.4,0.0075,,
0.296,39,2.5,21.4,0.0085,,
0.3045,40,3.8,21.4,0.0075,,
0.313,41,5.2,21.4,0.0075,,
0.321,42,6.5,21.4,0.0075,,
0.3295,43,7.6,21.4,0.0085,,
0.337,44,8.7,21.4,0.0075,,
0.3455,45,9.8,21.4,0.0085,,
0.354,46,10.9,21.4,0.0075,,
0.3625,47,12,21.4,0.0075,,
0.371,48,13,21.4,0.0075,,
0.3795,49,14,21.4,0.0085,,
0.387,50,14.9,21.4,0.0075,,
0.3955,51,16,21.4,0.0085,,
0.4035,52,16.9,21.4,0.0075,,
0.412,53,17.9,21.4,0.0075,,
0.4205,54,18.8,21.4,0.0075,,
0.429,55,19.6,21.4,0.0085,,
0.4365,56,20.5,21.4,0.0075,,
0.445,57,21.5,21.4,0.0085,,
0.4535,58,22.4,21.4,0.0075,,
0.462,59,23.5,21.4,0.0075,,
0.47,60,24.2,21.4,0.0075,,
0.478,61,25.1,21.4,0.008,,
0.486,62,26,21.4,0.008,,
0.4945,63,26.8,21.4,0.0085,,
0.503,64,27.8,21.4,0.0075,,
0.5115,65,28.6,21.4,0.0075,,
0.52,66,29.4,21.4,0.0075,,
0.5275,67,30.2,21.4,0.0075,,
0.536,68,31.1,21.4,0.0085,,
0.544,69,32,21.4,0.008,,
0.5525,70,32.9,21.4,0.0075,,
0.561,71,33.7,21.4,0.0075,,
0.5695,72,34.6,21.4,0.0075,,
0.577,73,35.4,21.4,0.0075,,
0.5855,74,36.3,21.4,0.0085,,
0.594,75,37.2,21.4,0.0085,,
0.6025,76,38.1,21.4,0.0075,,
0.6105,77,39.1,21.4,0.0075,,
0.619,78,39.9,21.4,0.0075,,
0.6265,79,40.7,21.4,0.0075,,
0.635,80,41.5,21.4,0.0085,,
0.6435,81,42.4,21.4,0.0085,,
0.652,82,43.5,21.4,0.0075,,
0.6605,83,44.3,21.4,0.0075,,
0.669,84,45.2,21.4,0.0075,,
0.6765,85,46,21.4,0.0075,,
0.6845,86,46.8,21.4,0.008,,
0.693,87,47.8,21.4,0.0085,,
0.7015,88,48.8,21.4,0.0075,,
0.71,89,49.5,21.4,0.0075,,
0.7185,90,50.4,21.4,0.0075,,
0.727,91,51.2,21.4,0.0085,,
0.7345,92,52.2,21.4,0.0075,,
0.7425,93,53.2,21.4,0.008,,
0.751,94,54,21.4,0.0075,,
0.7595,95,55,21.4,0.0075,,
0.768,96,56,21.4,0.0075,,
0.7765,97,56.8,21.4,0.0075,,
0.784,98,57.7,21.4,0.0075,,
0.7925,99,58.5,21.4,0.0085,,
0.801,100,59.5,21.4,0.0075,,
0.809,101,60.5,21.4,0.0075,,
0.8175,102,61.3,21.4,0.0075,,
0.826,103,62.2,21.4,0.0075,,
0.8335,104,63.3,21.4,0.0075,,
0.842,105,64.3,21.4,0.0085,,
0.8505,106,65.3,21.4,0.0085,,
0.859,107,66.1,21.4,0.0075,,
0.867,108,67.1,21.4,0.0075,,
0.8755,109,68.1,21.4,0.0075,,
0.883,110,69,21.4,0.0075,,
0.8915,111,70,21.4,0.0085,,
0.9,112,70.9,21.4,0.0075,,
0.9085,113,72,21.4,0.0075,,
0.917,114,73,21.4,0.0075,,
0.9255,115,73.9,21.4,0.0075,,
0.933,116,74.9,21.4,0.0075,,
0.9415,117,75.8,21.4,0.0085,,
0.9495,118,76.8,21.4,0.0075,,
0.958,119,77.8,21.4,0.0075,,
0.9665,120,78.8,21.4,0.0075,,
0.975,121,79.8,21.4,0.0085,,
0.9825,122,80.7,21.4,0.0075,,
0.991,123,82,21.4,0.0085,,
0.9995,124,83,21.4,0.0075,,
1.008,125,83.9,21.4,0.0075,,
1.016,126,85.2,21.4,0.0075,,
1.0245,127,86.2,21.4,0.0085,,
1.032,128,87.4,21.4,0.0075,,
1.0405,129,88.5,21.4,0.0085,,
1.049,130,89.7,21.4,0.0075,,
1.0575,131,91,21.4,0.0075,,
1.066,132,92.4,21.4,0.0075,,
1.074,133,93.5,21.4,0.0075,,
1.0815,134,94.6,21.4,0.0075,,
1.09,135,95.9,21.4,0.0085,,
1.0985,136,97.3,21.4,0.0085,,
1.107,137,98.8,21.4,0.0075,,
1.1155,138,100.4,21.4,0.0075,,
1.124,139,102,21.4,0.0075,,
1.1315,140,103.2,21.4,0.0075,,
1.14,141,104.8,21.4,0.0085,,
1.148,142,106.6,21.4,0.008,,
1.1565,143,108.3,21.4,0.0075,,
1.165,144,110.3,21.4,0.0075,,
1.1735,145,112.2,21.4,0.0075,,
1.181,146,113.9,21.4,0.0075,,
1.1895,147,115.8,21.4,0.0085,,
1.198,148,118,21.4,0.0085,,
1.206,149,120.3,21.4,0.0075,,
1.2145,150,122.8,21.4,0.0075,,
1.223,151,125.2,21.4,0.0075,,
1.2305,152,127.9,21.4,0.0075,,
1.239,153,130.9,21.4,0.0085,,
1.2475,154,134,21.4,0.0085,,
1.256,155,137.4,21.4,0.0075,,
1.264,156,140.9,21.4,0.0075,,
1.2725,157,144.4,21.4,0.0075,,
1.281,158,147.8,21.4,0.0085,,
1.2885,159,151.7,21.4,0.0075,,
1.297,160,155.7,21.4,0.0085,,
1.3055,161,159.3,21.4,0.0075,,
1.314,162,162.8,21.4,0.0075,,
1.3225,163,166.4,21.4,0.0075,,
1.33,164,169.3,21.4,0.0075,,
1.3385,165,172.4,21.4,0.0085,,
1.3465,166,175.2,21.4,0.008,,
1.355,167,177.9,21.4,0.0075,,
1.3635,168,180.4,21.4,0.0075,,
1.372,169,182.6,21.4,0.0075,,
1.3795,170,184.6,21.4,0.0075,,
1.383,170,185,21.4,0.0085,,
1.383,410,188.9,21.4,0,,
1.3835,412,188.8,21.4,0.0005,,
1.385,412,188.9,21.4,0.003,,
1.3875,414,189,21.4,0.0015,,
1.3915,415,189.4,21.4,0.0065,,
1.3975,416,190.1,21.4,0.01,,
1.4055,417,191.3,21.4,0.0135,,
1.4135,418,192.6,21.4,0.016,,
1.4215,418,194.1,21.4,0.016,,
1.43,420,195.5,21.4,0.0055,,
1.4385,421,196.7,21.4,0.014,,
1.447,422,198.2,21.4,0.014,,
1.4555,423,199.3,21.4,0.014,,
1.463,424,200.4,21.4,0.015,,
1.4715,424,201.5,21.4,0.017,,
1.48,426,202.5,21.4,0.0055,,
1.488,427,203.8,21.4,0.0135,,
1.4965,428,204.8,21.4,0.014,,
1.505,429,205.6,21.4,0.014,,
1.5125,430,206.5,21.4,0.015,,
1.521,430,207.5,21.4,0.017,,
1.5295,432,208.4,21.4,0.0055,,
1.538,433,209.3,21.4,0.014,,
1.546,434,210,21.4,0.0135,,
1.5545,435,211,21.4,0.014,,
1.562,436,211.7,21.4,0.015,,
1.5705,436,212.4,21.4,0.017,,
1.579,438,212.9,21.4,0.0055,,
1.5875,439,213.6,21.4,0.014,,
1.596,440,214.5,21.4,0.014,,
1.604,441,215,21.5,0.0135,,
1.612,442,215.7,21.5,0.016,,
1.6205,442,216.3,21.4,0.017,,
1.6285,444,216.9,21.4,0.0055,,
1.637,445,217.6,21.4,0.014,,
1.6455,446,218,21.4,0.014,,
1.654,447,218.6,21.4,0.014,,
1.6615,448,219.1,21.4,0.015,,
1.67,448,219.8,21.4,0.017,,
1.6785,450,220.5,21.4,0.0055,,
1.6865,451,220.9,21.4,0.0135,,
1.695,452,221.4,21.4,0.014,,
1.7035,453,222,21.4,0.014,,
1.711,454,222.5,21.4,0.015,,
1.7195,454,223,21.4,0.017,,
1.728,456,223.3,21.4,0.0055,,
1.7365,457,223.8,21.4,0.014,,
1.745,458,224.3,21.4,0.014,,
1.753,459,224.7,21.4,0.0135,,
1.761,460,225.2,21.4,0.016,,
1.769,460,225.5,21.5,0.016,,
1.7775,462,226.1,21.4,0.0055,,
1.786,463,226.5,21.5,0.014,,
1.7945,464,226.9,21.5,0.014,,
1.803,465,227.3,21.4,0.014,,
1.8105,466,227.5,21.4,0.0125,,
1.819,466,228.1,21.5,0.017,,
1.8275,468,228.5,21.5,0.0055,,
1.8355,469,228.8,21.5,0.0135,,
1.844,470,229.2,21.5,0.014,,
1.8525,471,229.5,21.5,0.014,,
1.86,472,229.8,21.5,0.015,,
1.8685,472,230.2,21.5,0.017,,
1.877,474,230.4,21.5,0.0055,,
1.8855,475,230.8,21.5,0.014,,
1.8935,476,231.3,21.5,0.0135,,
1.902,477,231.5,21.5,0.014,,
1.9095,478,231.9,21.5,0.015,,
1.918,478,232.1,21.5,0.017,,
1.9265,480,232.6,21.5,0.0055,,
1.935,481,233.1,21.5,0.014,,
1.9435,482,233.3,21.5,0.014,,
1.9515,483,233.6,21.5,0.0135,,
1.959,484,233.9,21.5,0.015,,
1.9625,484,234.3,21.5,0.007,,
1.963,486,234.5,21.5,0.0005,,
1.9635,487,234.4,21.5,0.001,,
1.9645,488,234.4,21.5,0.0015,,
1.966,489,234.6,21.5,0.0025,,
1.9675,490,234.5,21.5,0.003,,
1.9695,490,234.5,21.5,0.004,,
1.9715,492,234.5,21.5,0.0015,,
1.972,493,234.6,21.5,0.001,,
1.9735,494,234.7,21.5,0.0025,,
1.9745,495,234.6,21.5,0.0015,,
1.9755,496,234.8,21.5,0.002,,
1.977,496,234.8,21.5,0.003,,
1.978,498,235,21.5,0.0005,,
