Task,T2059
Scope 1/1, Sample 1/19 (JUNK1)
Result,TitrationEP1
V,t,E,T,dV/dt,E acc. stat.,Volume acc. stat.
0.0000,0,-65.2,21.0,NaN,,
0.0010,1,-65.2,21.0,0.0010,,
0.0025,2,-65.2,21.0,0.0015,,
0.0050,3,-65.1,21.0,0.0025,,
0.0090,4,-65.0,21.0,0.0035,,
0.0150,5,-64.9,21.0,0.0055,,
0.0235,6,-64.7,21.0,0.0075,,
0.0320,7,-64.3,21.0,0.0085,,
0.0395,8,-63.7,21.0,0.0075,,
0.0480,9,-62.7,21.0,0.0075,,
0.0565,10,-61.8,21.0,0.0075,,
0.0650,11,-60.7,21.0,0.0075,,
0.0735,12,-59.5,21.0,0.0075,,
0.0810,13,-58.5,21.0,0.0075,,
0.0895,14,-57.2,21.0,0.0085,,
0.0975,15,-56.0,21.0,0.0075,,
0.1060,16,-54.8,21.0,0.0075,,
0.1145,17,-53.3,21.0,0.0075,,
0.1230,18,-51.9,21.0,0.0075,,
0.1305,19,-50.4,21.0,0.0075,,
0.1390,20,-48.8,21.0,0.0085,,
0.1475,21,-47.2,21.0,0.0075,,
0.1560,22,-45.3,21.0,0.0075,,
0.1640,23,-43.4,21.0,0.0075,,
0.1725,24,-41.3,21.0,0.0075,,
0.1800,25,-39.5,21.0,0.0075,,
0.1885,26,-37.1,21.0,0.0085,,
0.1970,27,-34.7,21.0,0.0075,,
0.2055,28,-32.3,21.0,0.0075,,
0.2140,29,-29.6,21.0,0.0075,,
0.2225,30,-27.3,21.0,0.0085,,
0.2300,31,-24.4,21.0,0.0075,,
0.2385,32,-21.6,21.0,0.0075,,
0.2465,33,-18.8,21.0,0.0075,,
0.2550,34,-16.1,21.0,0.0075,,
0.2635,35,-13.5,21.0,0.0075,,
0.2720,36,-11.5,21.0,0.0085,,
0.2795,37,-9.4,21.0,0.0075,,
0.2880,38,-7.4,21.0,0.0075,,
0.2965,39,-5.6,21.0,0.0075,,
0.3050,40,-3.8,21.0,0.0075,,
0.3130,41,-2.4,21.0,0.0075,,
0.3210,42,-1.1,21.0,0.0080,,
0.3290,43,0.3,21.0,0.0080,,
0.3375,44,1.7,21.0,0.0075,,
0.3460,45,3.0,21.0,0.0075,,
0.3545,46,4.2,21.0,0.0075,,
0.3630,47,5.2,21.0,0.0085,,
0.3705,48,6.4,21.0,0.0075,,
0.3790,49,7.5,21.0,0.0085,,
0.3875,50,8.5,21.0,0.0075,,
0.3955,51,9.6,21.0,0.0075,,
0.4040,52,10.5,21.0,0.0075,,
0.4125,53,11.4,21.0,0.0085,,
0.4200,54,12.4,21.0,0.0075,,
0.4285,55,13.2,21.0,0.0075,,
0.4370,56,14.2,21.0,0.0075,,
0.4455,57,15.2,21.0,0.0075,,
0.4540,58,16.1,21.0,0.0075,,
0.4620,59,16.9,21.0,0.0080,,
0.4700,60,17.8,21.0,0.0080,,
0.4780,61,18.9,21.0,0.0075,,
0.4865,62,19.8,21.0,0.0075,,
0.4950,63,20.6,21.0,0.0075,,
0.5035,64,21.5,21.0,0.0075,,
0.5110,65,22.2,21.0,0.0075,,
0.5195,66,23.2,21.0,0.0085,,
0.5280,67,23.9,21.0,0.0075,,
0.5365,68,24.6,21.0,0.0075,,
0.5445,69,25.6,21.0,0.0075,,
0.5530,70,26.4,21.0,0.0075,,
0.5605,71,27.3,21.0,0.0075,,
0.5690,72,28.0,21.0,0.0075,,
0.5775,73,28.9,21.0,0.0075,,
0.5860,74,29.8,21.0,0.0075,,
0.5945,75,30.6,21.0,0.0075,,
0.6030,76,31.4,21.0,0.0085,,
0.6105,77,32.2,21.0,0.0075,,
0.6190,78,33.2,21.0,0.0075,,
0.6275,79,34.1,21.0,0.0075,,
0.6355,80,34.8,21.0,0.0075,,
0.6440,81,35.7,21.0,0.0075,,
0.6515,82,36.3,21.0,0.0075,,
0.6600,83,37.2,21.0,0.0085,,
0.6685,84,38.2,21.0,0.0075,,
0.6770,85,39.0,21.0,0.0075,,
0.6855,86,39.9,21.0,0.0075,,
0.6940,87,40.8,21.0,0.0075,,
0.7015,88,41.6,21.0,0.0075,,
0.7100,89,42.4,21.0,0.0085,,
0.7180,90,43.2,21.0,0.0075,,
0.7265,91,44.1,21.0,0.0075,,
0.7350,92,45.0,21.0,0.0075,,
0.7435,93,45.8,21.0,0.0075,,
0.7510,94,46.7,21.0,0.0075,,
0.7595,95,47.5,21.0,0.0075,,
0.7680,96,48.4,21.0,0.0075,,
0.7765,97,49.2,21.0,0.0075,,
0.7845,98,50.1,21.1,0.0075,,
0.7930,99,50.9,21.1,0.0085,,
0.8005,100,51.9,21.1,0.0075,,
0.8090,101,52.9,21.1,0.0075,,
0.8175,102,53.8,21.0,0.0075,,
0.8260,103,54.7,21.0,0.0075,,
0.8345,104,55.8,21.1,0.0075,,
0.8420,105,56.5,21.0,0.0075,,
0.8505,106,57.5,21.0,0.0085,,
0.8590,107,58.3,21.0,0.0075,,
0.8670,108,59.3,21.1,0.0075,,
0.8755,109,60.2,21.1,0.0075,,
0.8840,110,61.0,21.1,0.0075,,
0.8915,111,62.0,21.0,0.0075,,
0.9000,112,62.8,21.1,0.0085,,
0.9085,113,63.9,21.1,0.0075,,
0.9170,114,64.9,21.1,0.0075,,
0.9255,115,65.7,21.0,0.0075,,
0.9335,116,66.8,21.1,0.0075,,
0.9415,117,67.6,21.1,0.0080,,
0.9495,118,68.6,21.1,0.0075,,
0.9580,119,69.6,21.1,0.0075,,
0.9665,120,70.4,21.1,0.0075,,
0.9750,121,71.5,21.1,0.0075,,
0.9835,122,72.3,21.1,0.0085,,
0.9910,123,73.5,21.1,0.0075,,
0.9995,124,74.5,21.1,0.0075,,
1.0080,125,75.5,21.1,0.0075,,
1.0160,126,76.7,21.1,0.0075,,
1.0245,127,77.8,21.1,0.0075,,
1.0320,128,78.8,21.1,0.0075,,
1.0405,129,79.7,21.1,0.0085,,
1.0490,130,80.9,21.1,0.0075,,
1.0575,131,82.1,21.1,0.0075,,
1.0660,132,83.1,21.1,0.0075,,
1.0745,133,84.2,21.1,0.0075,,
1.0820,134,85.4,21.1,0.0075,,
1.0905,135,86.5,21.1,0.0085,,
1.0985,136,87.7,21.1,0.0075,,
1.1070,137,88.9,21.1,0.0075,,
1.1155,138,90.0,21.1,0.0075,,
1.1240,139,91.4,21.1,0.0075,,
1.1315,140,92.7,21.1,0.0075,,
1.1400,141,94.0,21.1,0.0085,,
1.1485,142,95.4,21.1,0.0075,,
1.1570,143,96.7,21.1,0.0075,,
1.1650,144,98.2,21.1,0.0075,,
1.1735,145,99.7,21.1,0.0075,,
1.1810,146,101.0,21.1,0.0075,,
1.1895,147,102.5,21.1,0.0085,,
1.1980,148,104.3,21.1,0.0075,,
1.2065,149,106.2,21.1,0.0075,,
1.2150,150,107.9,21.1,0.0075,,
1.2230,151,109.6,21.1,0.0075,,
1.2310,152,111.5,21.1,0.0080,,
1.2395,153,113.7,21.1,0.0075,,
1.2475,154,116.1,21.1,0.0075,,
1.2560,155,118.3,21.1,0.0075,,
1.2645,156,120.7,21.1,0.0075,,
1.2730,157,123.1,21.1,0.0085,,
1.2805,158,126.0,21.1,0.0075,,
1.2890,159,129.0,21.1,0.0075,,
1.2975,160,131.8,21.1,0.0075,,
1.3060,161,135.3,21.1,0.0075,,
1.3140,162,139.0,21.1,0.0075,,
1.3220,163,142.2,21.1,0.0080,,
1.3300,164,145.9,21.1,0.0080,,
1.3385,165,149.8,21.1,0.0075,,
1.3470,166,153.9,21.1,0.0075,,
1.3555,167,157.9,21.1,0.0075,,
1.3640,168,161.8,21.1,0.0075,,
1.3715,169,165.0,21.1,0.0075,,
1.3800,170,168.3,21.1,0.0085,,
1.3885,171,171.6,21.1,0.0075,,
1.3965,172,174.4,21.1,0.0075,,
1.4050,173,177.1,21.1,0.0075,,
1.4135,174,179.5,21.1,0.0085,,
1.4210,175,182.0,21.1,0.0075,,
1.4295,176,184.1,21.1,0.0075,,
1.4355,177,185.1,21.1,0.0075,,
1.4355,417,189.0,21.2,0.0000,,
1.4360,418,189.2,21.2,0.0005,,
1.4375,419,189.2,21.2,0.0015,,
1.4400,420,189.2,21.2,0.0030,,
1.4440,421,189.7,21.2,0.0040,,
1.4505,422,190.5,21.2,0.0065,,
1.4585,423,191.5,21.2,0.0080,,
1.4665,424,192.9,21.2,0.0090,,
1.4745,425,194.1,21.2,0.0090,,
1.4830,426,195.6,21.2,0.0085,,
1.4915,427,196.9,21.2,0.0085,,
1.5000,428,198.1,21.2,0.0085,,
1.5085,429,199.3,21.2,0.0085,,
1.5160,430,200.4,21.2,0.0085,,
1.5245,431,201.6,21.2,0.0095,,
1.5325,432,202.7,21.2,0.0090,,
1.5410,433,203.6,21.2,0.0085,,
1.5495,434,204.6,21.2,0.0085,,
1.5580,435,205.5,21.2,0.0085,,
1.5655,436,206.5,21.2,0.0085,,
1.5740,437,207.2,21.2,0.0095,,
1.5825,438,208.0,21.2,0.0085,,
1.5910,439,208.9,21.2,0.0085,,
1.5995,440,209.8,21.2,0.0085,,
1.6075,441,210.4,21.2,0.0090,,
1.6155,442,211.2,21.2,0.0090,,
1.6235,443,212.0,21.2,0.0090,,
1.6320,444,212.8,21.2,0.0085,,
1.6405,445,213.5,21.2,0.0085,,
1.6490,446,214.1,21.2,0.0085,,
1.6565,447,214.7,21.2,0.0085,,
1.6650,448,215.4,21.2,0.0095,,
1.6735,449,216.1,21.2,0.0095,,
1.6820,450,216.5,21.2,0.0085,,
1.6900,451,217.0,21.2,0.0080,,
1.6985,452,217.6,21.2,0.0085,,
1.7060,453,218.1,21.2,0.0085,,
1.7145,454,218.7,21.2,0.0095,,
1.7230,455,219.1,21.2,0.0095,,
1.7315,456,219.7,21.2,0.0085,,
1.7400,457,220.3,21.2,0.0085,,
1.7485,458,220.8,21.2,0.0085,,
1.7560,459,221.3,21.2,0.0085,,
1.7640,460,221.6,21.2,0.0090,,
1.7725,461,222.2,21.2,0.0095,,
1.7810,462,222.8,21.2,0.0085,,
1.7895,463,223.2,21.2,0.0085,,
1.7980,464,223.6,21.2,0.0085,,
1.8055,465,223.9,21.2,0.0085,,
1.8140,466,224.6,21.2,0.0095,,
1.8225,467,225.1,21.2,0.0085,,
1.8310,468,225.4,21.2,0.0085,,
1.8390,469,225.9,21.2,0.0080,,
1.8475,470,226.2,21.2,0.0095,,
1.8550,471,226.7,21.2,0.0085,,
1.8635,472,227.1,21.2,0.0095,,
1.8720,473,227.3,21.2,0.0085,,
1.8805,474,227.7,21.2,0.0085,,
1.8890,475,228.1,21.2,0.0085,,
1.8965,476,228.4,21.2,0.0085,,
1.9050,477,228.8,21.2,0.0095,,
1.9135,478,229.1,21.2,0.0095,,
1.9215,479,229.5,21.2,0.0080,,
1.9300,480,229.8,21.2,0.0085,,
1.9385,481,230.1,21.2,0.0085,,
1.9460,482,230.4,21.2,0.0085,,
1.9545,483,230.8,21.2,0.0095,,
1.9630,484,231.3,21.2,0.0095,,
1.9715,485,231.5,21.2,0.0085,,
1.9795,486,231.8,21.2,0.0080,,
1.9880,487,232.2,21.2,0.0085,,
1.9955,488,232.5,21.2,0.0085,,
2.0040,489,232.8,21.2,0.0095,,
2.0125,490,233.1,21.2,0.0095,,
2.0210,491,233.4,21.2,0.0085,,
2.0295,492,233.9,21.2,0.0085,,
2.0370,493,234.1,21.2,0.0075,,
2.0410,494,234.3,21.2,0.0045,,
2.0420,495,234.4,21.2,0.0010,,
2.0430,496,234.6,21.2,0.0010,,
2.0440,497,234.6,21.2,0.0010,,
2.0455,498,234.5,21.2,0.0015,,
2.0475,499,234.5,21.2,0.0020,,
2.0500,500,234.5,21.2,0.0030,,
2.0535,501,234.8,21.2,0.0040,,
2.0570,502,234.9,21.2,0.0035,,
2.0580,502,235.0,21.2,0.0025,,
Scope 1/1, Sample 2/19 (JUNK2)
Result,TitrationEP1
V,t,E,T,dV/dt,E acc. stat.,Volume acc. stat.
0.0000,0,-64.2,21.1,NaN,,
0.0010,1,-64.2,21.1,0.0010,,
0.0025,2,-64.3,21.1,0.0015,,
0.0050,3,-64.5,21.1,0.0025,,
0.0085,4,-64.4,21.1,0.0030,,
0.0150,5,-64.3,21.1,0.0060,,
0.0230,6,-64.1,21.1,0.0075,,
0.0305,7,-63.6,21.1,0.0075,,
0.0390,8,-62.8,21.1,0.0085,,
0.0475,9,-61.8,21.1,0.0075,,
0.0560,10,-60.9,21.1,0.0075,,
0.0645,11,-59.8,21.1,0.0075,,
0.0730,12,-58.6,21.1,0.0075,,
0.0805,13,-57.7,21.1,0.0075,,
0.0885,14,-56.4,21.1,0.0080,,
0.0970,15,-55.2,21.1,0.0075,,
0.1055,16,-53.9,21.1,0.0075,,
0.1140,17,-52.3,21.1,0.0075,,
0.1225,18,-50.8,21.1,0.0075,,
0.1300,19,-49.2,21.1,0.0075,,
0.1385,20,-47.7,21.1,0.0085,,
0.1470,21,-45.9,21.1,0.0075,,
0.1550,22,-43.9,21.1,0.0075,,
0.1635,23,-42.0,21.1,0.0075,,
0.1720,24,-40.0,21.1,0.0085,,
0.1795,25,-37.8,21.1,0.0075,,
0.1880,26,-35.3,21.1,0.0085,,
0.1965,27,-32.8,21.1,0.0075,,
0.2050,28,-30.4,21.1,0.0075,,
0.2135,29,-27.7,21.1,0.0075,,
0.2210,30,-25.2,21.1,0.0075,,
0.2295,31,-22.2,21.1,0.0085,,
0.2380,32,-19.4,21.1,0.0075,,
0.2460,33,-16.8,21.1,0.0075,,
0.2545,34,-14.1,21.1,0.0075,,
0.2630,35,-11.7,21.1,0.0075,,
0.2705,36,-9.6,21.1,0.0075,,
0.2790,37,-7.6,21.1,0.0085,,
0.2875,38,-5.7,21.1,0.0075,,
0.2960,39,-3.7,21.1,0.0075,,
0.3040,40,-2.1,21.1,0.0075,,
0.3125,41,-0.6,21.1,0.0075,,
0.3200,42,0.7,21.1,0.0075,,
0.3285,43,2.0,21.1,0.0085,,
0.3370,44,3.6,21.1,0.0075,,
0.3455,45,5.0,21.1,0.0075,,
0.3540,46,6.2,21.1,0.0075,,
0.3620,47,7.4,21.1,0.0075,,
0.3705,48,8.3,21.1,0.0085,,
0.3780,49,9.7,21.1,0.0075,,
0.3865,50,10.9,21.1,0.0075,,
0.3950,51,11.8,21.1,0.0075,,
0.4035,52,13.0,21.1,0.0075,,
0.4120,53,14.0,21.2,0.0075,,
0.4195,54,15.0,21.1,0.0075,,
0.4280,55,15.8,21.1,0.0085,,
0.4365,56,16.7,21.1,0.0075,,
0.4450,57,17.8,21.1,0.0075,,
0.4530,58,18.7,21.2,0.0075,,
0.4615,59,19.7,21.2,0.0075,,
0.4690,60,20.6,21.1,0.0075,,
0.4775,61,21.5,21.2,0.0085,,
0.4860,62,22.6,21.1,0.0075,,
0.4945,63,23.4,21.2,0.0075,,
0.5030,64,24.2,21.2,0.0075,,
0.5110,65,25.3,21.2,0.0075,,
0.5190,66,26.0,21.2,0.0080,,
0.5270,67,27.0,21.2,0.0080,,
0.5355,68,27.8,21.2,0.0075,,
0.5440,69,28.7,21.2,0.0075,,
0.5525,70,29.9,21.2,0.0075,,
0.5610,71,30.6,21.2,0.0085,,
0.5685,72,31.5,21.2,0.0075,,
0.5770,73,32.3,21.2,0.0085,,
0.5855,74,33.3,21.2,0.0075,,
0.5935,75,34.2,21.2,0.0075,,
0.6020,76,35.0,21.2,0.0075,,
0.6105,77,35.8,21.2,0.0085,,
0.6180,78,36.7,21.2,0.0075,,
0.6265,79,37.7,21.2,0.0075,,
0.6350,80,38.6,21.2,0.0075,,
0.6435,81,39.3,21.2,0.0075,,
0.6520,82,40.1,21.2,0.0075,,
0.6595,83,40.9,21.2,0.0075,,
0.6680,84,41.9,21.2,0.0085,,
0.6760,85,42.7,21.2,0.0075,,
0.6845,86,43.4,21.2,0.0075,,
0.6930,87,44.4,21.2,0.0075,,
0.7015,88,45.1,21.2,0.0085,,
0.7090,89,46.2,21.2,0.0075,,
0.7175,90,47.0,21.2,0.0085,,
0.7260,91,47.9,21.2,0.0075,,
0.7345,92,49.0,21.2,0.0075,,
0.7430,93,49.8,21.2,0.0075,,
0.7505,94,50.6,21.2,0.0075,,
0.7590,95,51.4,21.2,0.0085,,
0.7670,96,52.2,21.2,0.0075,,
0.7755,97,53.3,21.2,0.0075,,
0.7840,98,54.2,21.2,0.0075,,
0.7925,99,54.9,21.2,0.0075,,
0.8000,100,55.8,21.2,0.0075,,
0.8085,101,56.8,21.2,0.0085,,
0.8170,102,57.8,21.2,0.0075,,
0.8255,103,58.5,21.2,0.0075,,
0.8335,104,59.5,21.2,0.0075,,
0.8420,105,60.5,21.2,0.0075,,
0.8495,106,61.4,21.2,0.0075,,
0.8580,107,62.3,21.2,0.0085,,
0.8665,108,63.1,21.2,0.0075,,
0.8750,109,64.1,21.2,0.0075,,
0.8835,110,65.0,21.2,0.0075,,
0.8920,111,65.9,21.2,0.0085,,
0.8995,112,66.8,21.2,0.0075,,
0.9080,113,67.7,21.2,0.0085,,
0.9160,114,68.7,21.2,0.0075,,
0.9245,115,69.6,21.2,0.0075,,
0.9330,116,70.5,21.2,0.0075,,
0.9405,117,71.4,21.2,0.0075,,
0.9490,118,72.5,21.2,0.0085,,
0.9575,119,73.4,21.2,0.0075,,
0.9660,120,74.3,21.2,0.0075,,
0.9745,121,75.2,21.2,0.0075,,
0.9825,122,76.4,21.2,0.0075,,
0.9905,123,77.2,21.2,0.0080,,
0.9985,124,78.3,21.2,0.0080,,
1.0070,125,79.3,21.2,0.0075,,
1.0155,126,80.3,21.2,0.0075,,
1.0240,127,81.5,21.2,0.0075,,
1.0325,128,82.4,21.2,0.0075,,
1.0400,129,83.4,21.2,0.0075,,
1.0485,130,84.4,21.2,0.0085,,
1.0570,131,85.6,21.2,0.0075,,
1.0650,132,86.9,21.2,0.0075,,
1.0735,133,88.0,21.2,0.0075,,
1.0820,134,89.0,21.2,0.0075,,
1.0895,135,90.0,21.2,0.0075,,
1.0980,136,91.4,21.2,0.0085,,
1.1065,137,92.7,21.2,0.0075,,
1.1150,138,93.8,21.2,0.0075,,
1.1235,139,95.0,21.2,0.0075,,
1.1315,140,96.1,21.2,0.0080,,
1.1395,141,97.7,21.2,0.0080,,
1.1475,142,99.1,21.2,0.0080,,
1.1560,143,100.4,21.2,0.0075,,
1.1645,144,101.9,21.2,0.0075,,
1.1730,145,103.5,21.2,0.0075,,
1.1815,146,104.9,21.2,0.0085,,
1.1890,147,106.4,21.2,0.0075,,
1.1975,148,107.8,21.2,0.0085,,
1.2060,149,109.7,21.2,0.0075,,
1.2140,150,111.7,21.2,0.0075,,
1.2225,151,113.5,21.2,0.0075,,
1.2300,152,115.4,21.2,0.0075,,
1.2385,153,117.5,21.2,0.0085,,
1.2470,154,120.1,21.2,0.0075,,
1.2555,155,122.4,21.2,0.0075,,
1.2640,156,124.8,21.2,0.0075,,
1.2720,157,127.3,21.2,0.0075,,
1.2800,158,129.7,21.2,0.0080,,
1.2880,159,132.8,21.2,0.0080,,
1.2965,160,135.9,21.2,0.0075,,
1.3050,161,139.2,21.2,0.0075,,
1.3135,162,142.7,21.2,0.0075,,
1.3220,163,146.1,21.2,0.0075,,
1.3295,164,149.4,21.2,0.0075,,
1.3380,165,153.0,21.2,0.0085,,
1.3465,166,156.7,21.2,0.0075,,
1.3550,167,160.6,21.2,0.0075,,
1.3630,168,164.1,21.2,0.0075,,
1.3710,169,167.1,21.2,0.0080,,
1.3790,170,170.2,21.2,0.0080,,
1.3875,171,173.2,21.2,0.0075,,
1.3960,172,176.1,21.2,0.0075,,
1.4045,173,178.4,21.2,0.0075,,
1.4130,174,180.7,21.2,0.0075,,
1.4205,175,182.6,21.2,0.0075,,
1.4290,176,184.7,21.2,0.0085,,
1.4335,177,185.1,21.2,0.0065,,
1.4335,417,188.5,21.3,0.0000,,
1.4340,418,188.6,21.3,0.0005,,
1.4355,419,188.6,21.3,0.0020,,
1.4380,420,188.7,21.3,0.0030,,
1.4420,421,189.1,21.3,0.0050,,
1.4485,422,190.0,21.3,0.0080,,
1.4570,423,191.0,21.3,0.0120,,
1.4645,424,192.4,21.3,0.0105,,
1.4725,425,193.7,21.3,0.0115,,
1.4810,426,194.9,21.3,0.0105,,
1.4895,427,196.4,21.3,0.0105,,
1.4980,428,197.6,21.3,0.0105,,
1.5065,429,198.7,21.3,0.0120,,
1.5140,430,199.8,21.3,0.0105,,
1.5225,431,201.0,21.3,0.0120,,
1.5310,432,202.1,21.3,0.0105,,
1.5390,433,202.9,21.3,0.0100,,
1.5475,434,203.8,21.3,0.0105,,
1.5560,435,204.9,21.3,0.0105,,
1.5635,436,205.6,21.3,0.0105,,
1.5720,437,206.6,21.3,0.0120,,
1.5805,438,207.3,21.3,0.0105,,
1.5890,439,208.1,21.3,0.0105,,
1.5970,440,209.0,21.3,0.0100,,
1.6055,441,209.8,21.3,0.0105,,
1.6130,442,210.4,21.3,0.0105,,
1.6215,443,211.0,21.3,0.0120,,
1.6300,444,211.7,21.3,0.0120,,
1.6385,445,212.5,21.3,0.0105,,
1.6470,446,213.2,21.3,0.0105,,
1.6555,447,213.7,21.3,0.0105,,
1.6630,448,214.2,21.3,0.0105,,
1.6710,449,214.8,21.3,0.0115,,
1.6795,450,215.5,21.3,0.0120,,
1.6880,451,216.2,21.3,0.0105,,
1.6965,452,216.6,21.3,0.0105,,
1.7050,453,217.3,21.3,0.0105,,
1.7125,454,217.7,21.3,0.0105,,
1.7210,455,218.4,21.3,0.0120,,
1.7295,456,218.9,21.3,0.0120,,
1.7375,457,219.3,21.3,0.0100,,
1.7460,458,219.9,21.3,0.0105,,
1.7545,459,220.4,21.3,0.0105,,
1.7620,460,220.8,21.3,0.0105,,
1.7705,461,221.2,21.3,0.0120,,
1.7790,462,221.6,21.3,0.0105,,
1.7875,463,222.2,21.3,0.0105,,
1.7960,464,222.7,21.3,0.0105,,
1.8040,465,223.0,21.3,0.0100,,
1.8120,466,223.5,21.3,0.0115,,
1.8200,467,223.8,21.3,0.0115,,
1.8285,468,224.4,21.3,0.0120,,
1.8370,469,224.8,21.3,0.0105,,
1.8455,470,225.1,21.3,0.0105,,
1.8540,471,225.5,21.3,0.0105,,
1.8615,472,225.8,21.3,0.0105,,
1.8700,473,226.4,21.3,0.0120,,
1.8780,474,226.7,21.3,0.0100,,
1.8865,475,227.0,21.3,0.0105,,
1.8950,476,227.4,21.3,0.0105,,
1.9035,477,227.8,21.3,0.0105,,
1.9110,478,228.1,21.3,0.0105,,
1.9195,479,228.4,21.3,0.0120,,
1.9280,480,228.7,21.3,0.0120,,
1.9365,481,229.2,21.3,0.0105,,
1.9445,482,229.5,21.3,0.0100,,
1.9530,483,229.7,21.3,0.0105,,
1.9605,484,230.0,21.3,0.0105,,
1.9690,485,230.2,21.3,0.0120,,
1.9775,486,230.7,21.3,0.0120,,
1.9860,487,231.1,21.3,0.0105,,
1.9945,488,231.2,21.3,0.0105,,
2.0025,489,231.5,21.3,0.0100,,
2.0105,490,231.8,21.3,0.0115,,
2.0185,491,232.2,21.3,0.0115,,
2.0270,492,232.5,21.3,0.0120,,
2.0355,493,232.8,21.3,0.0105,,
2.0440,494,233.1,21.3,0.0105,,
2.0520,495,233.5,21.3,0.0100,,
2.0605,496,233.8,21.3,0.0120,,
2.0675,497,234.1,21.3,0.0100,,
2.0735,498,234.2,21.3,0.0085,,
2.0745,499,234.4,21.3,0.0010,,
2.0750,500,234.7,21.3,0.0005,,
2.0755,501,234.6,21.3,0.0005,,
2.0760,502,234.6,21.3,0.0005,,
2.0770,503,234.4,21.3,0.0015,,
2.0775,504,234.4,21.3,0.0005,,
2.0785,505,234.6,21.3,0.0010,,
2.0800,506,234.5,21.3,0.0020,,
2.0815,507,234.5,21.3,0.0020,,
2.0825,508,234.6,21.3,0.0010,,
2.0830,509,234.7,21.3,0.0005,,
2.0840,510,234.9,21.3,0.0015,,
2.0845,511,234.9,21.3,0.0005,,
2.0855,512,234.8,21.3,0.0010,,
2.0875,513,235.1,21.3,0.0020,,
Scope 1/1, Sample 3/19 (T8)
Result,TitrationEP1
V,t,E,T,dV/dt,E acc. stat.,Volume acc. stat.
0.0000,0,-57.4,21.6,NaN,,
0.0010,1,-57.5,21.6,0.0010,,
0.0025,2,-57.5,21.6,0.0015,,
0.0050,3,-57.6,21.6,0.0020,,
0.0095,4,-57.6,21.6,0.0040,,
0.0150,5,-57.3,21.6,0.0050,,
0.0235,6,-56.8,21.6,0.0075,,
0.0320,7,-56.3,21.6,0.0075,,
0.0405,8,-55.3,21.6,0.0075,,
0.0490,9,-54.3,21.6,0.0070,,
0.0575,10,-53.3,21.6,0.0075,,
0.0650,11,-52.0,21.6,0.0070,,
0.0730,12,-50.7,21.6,0.0075,,
0.0815,13,-49.2,21.6,0.0075,,
0.0900,14,-47.5,21.6,0.0075,,
0.0985,15,-46.0,21.6,0.0075,,
0.1070,16,-44.3,21.6,0.0070,,
0.1145,17,-42.4,21.6,0.0070,,
0.1230,18,-40.6,21.6,0.0075,,
0.1310,19,-38.5,21.6,0.0075,,
0.1395,20,-36.3,21.6,0.0075,,
0.1480,21,-34.0,21.6,0.0075,,
0.1565,22,-31.7,21.6,0.0070,,
0.1640,23,-29.5,21.6,0.0070,,
0.1725,24,-26.8,21.6,0.0075,,
0.1810,25,-24.0,21.6,0.0075,,
0.1890,26,-21.4,21.6,0.0075,,
0.1975,27,-18.7,21.6,0.0075,,
0.2060,28,-16.0,21.6,0.0070,,
0.2135,29,-13.7,21.6,0.0070,,
0.2220,30,-11.3,21.6,0.0075,,
0.2305,31,-9.1,21.6,0.0075,,
0.2390,32,-7.1,21.6,0.0075,,
0.2470,33,-5.1,21.6,0.0075,,
0.2555,34,-3.3,21.6,0.0070,,
0.2640,35,-1.9,21.6,0.0075,,
0.2715,36,-0.5,21.6,0.0070,,
0.2800,37,1.0,21.6,0.0075,,
0.2885,38,2.3,21.6,0.0075,,
0.2970,39,3.5,21.6,0.0075,,
0.3055,40,4.8,21.6,0.0070,,
0.3130,41,6.0,21.6,0.0070,,
0.3215,42,7.3,21.6,0.0075,,
0.3295,43,8.4,21.6,0.0075,,
0.3380,44,9.4,21.6,0.0075,,
0.3465,45,10.6,21.6,0.0075,,
0.3550,46,11.8,21.6,0.0070,,
0.3625,47,12.8,21.6,0.0070,,
0.3710,48,13.7,21.6,0.0075,,
0.3795,49,14.7,21.6,0.0075,,
0.3880,50,15.9,21.6,0.0075,,
0.3965,51,16.7,21.6,0.0075,,
0.4045,52,17.6,21.6,0.0075,,
0.4125,53,18.4,21.6,0.0075,,
0.4205,54,19.3,21.6,0.0075,,
0.4290,55,20.4,21.6,0.0075,,
0.4375,56,21.3,21.6,0.0075,,
0.4460,57,22.1,21.6,0.0070,,
0.4545,58,23.1,21.6,0.0075,,
0.4620,59,23.9,21.6,0.0070,,
0.4705,60,24.8,21.6,0.0075,,
0.4785,61,25.7,21.6,0.0075,,
0.4870,62,26.5,21.6,0.0075,,
0.4955,63,27.5,21.6,0.0070,,
0.5040,64,28.1,21.6,0.0075,,
0.5115,65,29.1,21.6,0.0070,,
0.5200,66,30.1,21.6,0.0075,,
0.5285,67,30.8,21.6,0.0075,,
0.5370,68,31.8,21.6,0.0075,,
0.5450,69,32.7,21.6,0.0065,,
0.5535,70,33.5,21.6,0.0075,,
0.5610,71,34.4,21.6,0.0070,,
0.5695,72,35.2,21.6,0.0075,,
0.5780,73,36.2,21.6,0.0075,,
0.5865,74,37.0,21.6,0.0075,,
0.5950,75,37.7,21.6,0.0075,,
0.6030,76,38.5,21.6,0.0075,,
0.6110,77,39.3,21.6,0.0075,,
0.6190,78,40.2,21.6,0.0075,,
0.6275,79,41.1,21.6,0.0075,,
0.6360,80,41.9,21.6,0.0075,,
0.6445,81,42.9,21.6,0.0075,,
0.6530,82,43.9,21.6,0.0070,,
0.6605,83,44.7,21.6,0.0070,,
0.6690,84,45.5,21.6,0.0075,,
0.6770,85,46.4,21.6,0.0075,,
0.6855,86,47.3,21.6,0.0075,,
0.6940,87,48.3,21.6,0.0075,,
0.7025,88,49.1,21.6,0.0070,,
0.7100,89,50.0,21.6,0.0070,,
0.7185,90,50.7,21.6,0.0075,,
0.7270,91,51.6,21.6,0.0075,,
0.7355,92,52.6,21.6,0.0075,,
0.7435,93,53.4,21.6,0.0075,,
0.7520,94,54.2,21.6,0.0070,,
0.7595,95,55.0,21.6,0.0070,,
0.7680,96,56.0,21.6,0.0075,,
0.7765,97,57.0,21.6,0.0075,,
0.7850,98,57.8,21.6,0.0075,,
0.7935,99,58.7,21.6,0.0075,,
0.8015,100,59.7,21.6,0.0065,,
0.8095,101,60.6,21.6,0.0075,,
0.8175,102,61.5,21.6,0.0075,,
0.8260,103,62.3,21.6,0.0075,,
0.8345,104,63.2,21.6,0.0075,,
0.8430,105,64.2,21.6,0.0075,,
0.8515,106,65.0,21.6,0.0070,,
0.8590,107,65.9,21.6,0.0070,,
0.8675,108,66.8,21.6,0.0075,,
0.8760,109,67.8,21.6,0.0075,,
0.8840,110,68.7,21.6,0.0075,,
0.8925,111,69.7,21.6,0.0075,,
0.9010,112,70.5,21.6,0.0070,,
0.9085,113,71.4,21.6,0.0070,,
0.9170,114,72.4,21.6,0.0075,,
0.9255,115,73.5,21.6,0.0075,,
0.9340,116,74.3,21.6,0.0075,,
0.9425,117,75.3,21.6,0.0070,,
0.9505,118,76.2,21.6,0.0075,,
0.9585,119,77.2,21.6,0.0075,,
0.9665,120,78.2,21.6,0.0075,,
0.9750,121,79.2,21.6,0.0075,,
0.9835,122,80.3,21.6,0.0075,,
0.9920,123,81.4,21.6,0.0070,,
0.9995,124,82.3,21.6,0.0070,,
1.0080,125,83.3,21.6,0.0075,,
1.0165,126,84.3,21.6,0.0075,,
1.0250,127,85.6,21.6,0.0075,,
1.0330,128,86.7,21.6,0.0075,,
1.0415,129,87.8,21.6,0.0070,,
1.0490,130,88.8,21.6,0.0070,,
1.0575,131,90.0,21.6,0.0075,,
1.0660,132,91.3,21.6,0.0075,,
1.0745,133,92.5,21.6,0.0075,,
1.0830,134,93.7,21.6,0.0075,,
1.0910,135,94.9,21.6,0.0075,,
1.0995,136,96.3,21.6,0.0070,,
1.1070,137,97.5,21.6,0.0070,,
1.1155,138,98.9,21.6,0.0075,,
1.1240,139,100.2,21.6,0.0075,,
1.1325,140,101.5,21.6,0.0075,,
1.1410,141,103.1,21.6,0.0075,,
1.1490,142,104.7,21.6,0.0065,,
1.1570,143,106.2,21.6,0.0075,,
1.1650,144,107.7,21.6,0.0075,,
1.1735,145,109.4,21.6,0.0075,,
1.1820,146,111.4,21.6,0.0075,,
1.1905,147,113.2,21.6,0.0075,,
1.1990,148,115.0,21.6,0.0070,,
1.2065,149,116.9,21.6,0.0070,,
1.2150,150,119.1,21.6,0.0075,,
1.2230,151,121.5,21.6,0.0075,,
1.2315,152,123.8,21.6,0.0075,,
1.2400,153,126.5,21.6,0.0075,,
1.2485,154,129.3,21.6,0.0070,,
1.2570,155,131.7,21.6,0.0075,,
1.2645,156,134.9,21.6,0.0070,,
1.2730,157,138.0,21.6,0.0075,,
1.2810,158,141.2,21.6,0.0075,,
1.2895,159,144.7,21.6,0.0075,,
1.2980,160,148.5,21.6,0.0070,,
1.3065,161,152.0,21.6,0.0075,,
1.3140,162,155.6,21.6,0.0070,,
1.3225,163,159.1,21.6,0.0075,,
1.3310,164,163.0,21.6,0.0075,,
1.3395,165,166.5,21.6,0.0075,,
1.3475,166,169.5,21.6,0.0065,,
1.3560,167,172.3,21.6,0.0075,,
1.3635,168,175.0,21.6,0.0070,,
1.3720,169,177.9,21.6,0.0075,,
1.3805,170,180.3,21.6,0.0075,,
1.3890,171,182.3,21.6,0.0075,,
1.3975,172,184.4,21.6,0.0070,,
1.4020,173,185.1,21.6,0.0055,,
1.4020,413,188.8,21.7,0.0000,,
1.4025,414,188.7,21.7,0.0005,,
1.4040,415,188.6,21.7,0.0015,,
1.4065,416,189.0,21.7,0.0030,,
1.4105,417,189.4,21.7,0.0040,,
1.4165,418,190.1,21.7,0.0060,,
1.4245,419,191.3,21.7,0.0080,,
1.4325,420,192.6,21.7,0.0090,,
1.4405,421,194.1,21.7,0.0090,,
1.4490,422,195.6,21.7,0.0095,,
1.4575,423,196.8,21.7,0.0085,,
1.4660,424,198.1,21.7,0.0085,,
1.4745,425,199.3,21.7,0.0085,,
1.4820,426,200.5,21.7,0.0085,,
1.4905,427,201.5,21.7,0.0095,,
1.4985,428,202.5,21.7,0.0090,,
1.5070,429,203.6,21.7,0.0085,,
1.5155,430,204.6,21.7,0.0085,,
1.5240,431,205.4,21.7,0.0085,,
1.5315,432,206.4,21.7,0.0085,,
1.5400,433,207.1,21.7,0.0095,,
1.5485,434,208.0,21.7,0.0095,,
1.5570,435,208.8,21.7,0.0085,,
1.5650,436,209.5,21.7,0.0080,,
1.5735,437,210.4,21.7,0.0085,,
1.5810,438,211.0,21.7,0.0085,,
1.5895,439,211.8,21.7,0.0095,,
1.5980,440,212.5,21.7,0.0095,,
1.6065,441,213.1,21.7,0.0085,,
1.6150,442,213.9,21.7,0.0085,,
1.6230,443,214.7,21.7,0.0080,,
1.6310,444,215.2,21.7,0.0090,,
1.6390,445,215.8,21.7,0.0090,,
1.6475,446,216.4,21.7,0.0095,,
1.6560,447,217.1,21.7,0.0085,,
1.6645,448,217.7,21.7,0.0085,,
1.6730,449,218.2,21.7,0.0085,,
1.6815,450,218.7,21.7,0.0095,,
1.6890,451,219.3,21.7,0.0085,,
1.6970,452,220.0,21.7,0.0090,,
1.7055,453,220.5,21.7,0.0085,,
1.7140,454,220.9,21.7,0.0085,,
1.7225,455,221.4,21.7,0.0085,,
1.7300,456,221.8,21.7,0.0085,,
1.7385,457,222.4,21.7,0.0095,,
1.7470,458,222.8,21.7,0.0095,,
1.7555,459,223.1,21.7,0.0085,,
1.7635,460,223.6,21.7,0.0080,,
1.7720,461,224.1,21.7,0.0085,,
1.7795,462,224.6,21.7,0.0085,,
1.7880,463,225.0,21.7,0.0095,,
1.7965,464,225.3,21.7,0.0095,,
1.8050,465,225.8,21.7,0.0085,,
1.8135,466,226.2,21.7,0.0085,,
1.8220,467,226.5,21.7,0.0085,,
1.8295,468,227.0,21.7,0.0085,,
1.8380,469,227.3,21.7,0.0095,,
1.8460,470,227.9,21.7,0.0090,,
1.8545,471,228.3,21.7,0.0085,,
1.8630,472,228.5,21.7,0.0085,,
1.8715,473,228.8,21.7,0.0085,,
1.8800,474,229.3,21.7,0.0085,,
1.8875,475,229.7,21.7,0.0085,,
1.8955,476,230.1,21.7,0.0090,,
1.9040,477,230.3,21.7,0.0085,,
1.9125,478,230.6,21.7,0.0085,,
1.9210,479,231.0,21.7,0.0085,,
1.9295,480,231.3,21.7,0.0085,,
1.9370,481,231.6,21.7,0.0085,,
1.9455,482,231.9,21.7,0.0095,,
1.9540,483,232.2,21.7,0.0085,,
1.9620,484,232.6,21.7,0.0080,,
1.9705,485,232.9,21.7,0.0085,,
1.9790,486,233.2,21.7,0.0095,,
1.9865,487,233.4,21.7,0.0085,,
1.9940,488,233.8,21.7,0.0085,,
1.9990,489,234.1,21.7,0.0055,,
1.9995,490,234.3,21.7,0.0005,,
2.0005,491,234.4,21.7,0.0010,,
2.0015,492,234.4,21.7,0.0010,,
2.0025,493,234.5,21.7,0.0010,,
2.0035,494,234.5,21.7,0.0010,,
2.0045,495,234.5,21.7,0.0010,,
2.0055,496,234.5,21.7,0.0010,,
2.0065,497,234.5,21.7,0.0010,,
2.0080,498,234.7,21.7,0.0015,,
2.0095,499,234.7,21.7,0.0015,,
2.0105,500,234.7,21.7,0.0010,,
2.0120,501,234.7,21.7,0.0015,,
2.0135,502,234.6,21.7,0.0015,,
2.0155,503,234.8,21.7,0.0020,,
2.0170,504,235.1,21.7,0.0020,,
Scope 1/1, Sample 4/19 (T9)
Result,TitrationEP1
V,t,E,T,dV/dt,E acc. stat.,Volume acc. stat.
0.0000,0,-59.1,21.6,NaN,,
0.0010,1,-59.2,21.6,0.0010,,
0.0025,2,-59.2,21.6,0.0015,,
0.0050,3,-59.3,21.6,0.0025,,
0.0085,4,-59.1,21.6,0.0030,,
0.0150,5,-58.9,21.6,0.0060,,
0.0230,6,-58.8,21.6,0.0075,,
0.0315,7,-58.1,21.6,0.0075,,
0.0400,8,-57.2,21.6,0.0075,,
0.0485,9,-56.4,21.6,0.0085,,
0.0560,10,-55.4,21.6,0.0070,,
0.0645,11,-54.3,21.6,0.0075,,
0.0725,12,-53.0,21.6,0.0075,,
0.0810,13,-51.5,21.6,0.0075,,
0.0895,14,-50.0,21.6,0.0075,,
0.0980,15,-48.6,21.6,0.0075,,
0.1055,16,-47.1,21.6,0.0070,,
0.1140,17,-45.4,21.6,0.0075,,
0.1225,18,-43.4,21.6,0.0075,,
0.1305,19,-41.7,21.6,0.0075,,
0.1390,20,-39.7,21.6,0.0075,,
0.1475,21,-37.4,21.6,0.0075,,
0.1550,22,-35.4,21.6,0.0070,,
0.1635,23,-32.9,21.6,0.0075,,
0.1720,24,-30.5,21.6,0.0075,,
0.1805,25,-27.9,21.6,0.0075,,
0.1885,26,-25.0,21.6,0.0075,,
0.1970,27,-22.3,21.6,0.0075,,
0.2050,28,-19.8,21.6,0.0075,,
0.2130,29,-17.3,21.6,0.0075,,
0.2215,30,-14.8,21.6,0.0075,,
0.2300,31,-12.3,21.6,0.0075,,
0.2385,32,-10.2,21.6,0.0075,,
0.2470,33,-8.3,21.6,0.0075,,
0.2545,34,-6.6,21.6,0.0070,,
0.2630,35,-4.8,21.6,0.0075,,
0.2710,36,-3.0,21.6,0.0075,,
0.2795,37,-1.7,21.6,0.0075,,
0.2880,38,-0.3,21.6,0.0075,,
0.2965,39,0.8,21.6,0.0085,,
0.3040,40,2.3,21.6,0.0070,,
0.3125,41,3.7,21.6,0.0075,,
0.3210,42,4.9,21.6,0.0075,,
0.3295,43,6.1,21.6,0.0075,,
0.3375,44,7.4,21.6,0.0075,,
0.3460,45,8.2,21.6,0.0085,,
0.3535,46,9.5,21.6,0.0070,,
0.3620,47,10.4,21.6,0.0075,,
0.3705,48,11.4,21.6,0.0075,,
0.3790,49,12.6,21.6,0.0075,,
0.3875,50,13.5,21.6,0.0075,,
0.3955,51,14.5,21.6,0.0075,,
0.4035,52,15.4,21.6,0.0075,,
0.4115,53,16.4,21.6,0.0075,,
0.4200,54,17.5,21.6,0.0075,,
0.4285,55,18.4,21.6,0.0075,,
0.4370,56,19.2,21.6,0.0075,,
0.4455,57,20.1,21.6,0.0085,,
0.4530,58,21.0,21.6,0.0070,,
0.4615,59,22.2,21.6,0.0075,,
0.4695,60,23.1,21.6,0.0075,,
0.4780,61,23.9,21.6,0.0075,,
0.4865,62,24.9,21.6,0.0075,,
0.4950,63,25.9,21.6,0.0075,,
0.5025,64,26.7,21.6,0.0070,,
0.5110,65,27.5,21.6,0.0075,,
0.5195,66,28.2,21.6,0.0075,,
0.5275,67,29.1,21.6,0.0075,,
0.5360,68,30.1,21.6,0.0075,,
0.5445,69,30.8,21.6,0.0075,,
0.5520,70,31.7,21.6,0.0070,,
0.5605,71,32.5,21.6,0.0075,,
0.5690,72,33.5,21.6,0.0075,,
0.5775,73,34.5,21.6,0.0075,,
0.5860,74,35.3,21.6,0.0075,,
0.5940,75,36.4,21.6,0.0075,,
0.6020,76,37.0,21.6,0.0075,,
0.6100,77,38.0,21.6,0.0075,,
0.6185,78,38.9,21.6,0.0075,,
0.6270,79,39.7,21.6,0.0075,,
0.6355,80,40.8,21.6,0.0075,,
0.6440,81,41.7,21.7,0.0075,,
0.6515,82,42.4,21.7,0.0070,,
0.6600,83,43.1,21.7,0.0075,,
0.6685,84,43.9,21.6,0.0075,,
0.6765,85,45.0,21.7,0.0075,,
0.6850,86,45.9,21.7,0.0075,,
0.6935,87,46.7,21.7,0.0075,,
0.7010,88,47.5,21.7,0.0070,,
0.7095,89,48.4,21.7,0.0075,,
0.7180,90,49.5,21.7,0.0075,,
0.7265,91,50.3,21.7,0.0075,,
0.7350,92,51.1,21.7,0.0075,,
0.7430,93,52.0,21.7,0.0080,,
0.7510,94,52.9,21.7,0.0075,,
0.7590,95,54.0,21.7,0.0075,,
0.7675,96,54.9,21.7,0.0075,,
0.7760,97,55.8,21.7,0.0075,,
0.7845,98,56.9,21.7,0.0075,,
0.7920,99,57.5,21.7,0.0070,,
0.8005,100,58.5,21.7,0.0075,,
0.8090,101,59.3,21.7,0.0075,,
0.8175,102,60.3,21.7,0.0075,,
0.8255,103,61.5,21.7,0.0075,,
0.8340,104,62.4,21.7,0.0075,,
0.8415,105,63.3,21.7,0.0070,,
0.8500,106,64.2,21.7,0.0075,,
0.8585,107,65.2,21.7,0.0075,,
0.8670,108,66.2,21.7,0.0075,,
0.8755,109,67.1,21.7,0.0075,,
0.8840,110,68.0,21.7,0.0075,,
0.8915,111,68.8,21.7,0.0070,,
0.8995,112,69.8,21.7,0.0075,,
0.9080,113,71.0,21.7,0.0075,,
0.9165,114,71.8,21.7,0.0075,,
0.9250,115,72.9,21.7,0.0075,,
0.9335,116,74.1,21.7,0.0075,,
0.9420,117,74.9,21.7,0.0085,,
0.9495,118,76.1,21.7,0.0070,,
0.9575,119,76.9,21.7,0.0075,,
0.9660,120,77.8,21.7,0.0075,,
0.9745,121,79.1,21.7,0.0075,,
0.9830,122,80.1,21.7,0.0075,,
0.9915,123,81.0,21.7,0.0085,,
0.9990,124,81.9,21.7,0.0070,,
1.0075,125,82.9,21.7,0.0075,,
1.0160,126,84.3,21.7,0.0075,,
1.0240,127,85.4,21.7,0.0075,,
1.0325,128,86.4,21.7,0.0075,,
1.0410,129,87.5,21.7,0.0085,,
1.0485,130,88.7,21.7,0.0070,,
1.0570,131,90.0,21.7,0.0075,,
1.0655,132,91.3,21.7,0.0075,,
1.0740,133,92.4,21.7,0.0075,,
1.0820,134,93.8,21.7,0.0075,,
1.0905,135,95.2,21.7,0.0075,,
1.0980,136,96.5,21.7,0.0070,,
1.1065,137,97.9,21.7,0.0075,,
1.1150,138,99.2,21.7,0.0075,,
1.1235,139,100.8,21.7,0.0075,,
1.1320,140,102.4,21.7,0.0075,,
1.1405,141,103.9,21.7,0.0085,,
1.1480,142,105.4,21.7,0.0070,,
1.1565,143,107.1,21.7,0.0075,,
1.1645,144,109.0,21.7,0.0075,,
1.1730,145,110.8,21.7,0.0075,,
1.1815,146,112.6,21.7,0.0075,,
1.1900,147,114.7,21.7,0.0085,,
1.1975,148,116.6,21.7,0.0070,,
1.2060,149,118.9,21.7,0.0075,,
1.2145,150,121.2,21.7,0.0075,,
1.2225,151,123.9,21.7,0.0075,,
1.2310,152,126.7,21.7,0.0075,,
1.2395,153,129.2,21.7,0.0085,,
1.2470,154,132.4,21.7,0.0070,,
1.2555,155,135.6,21.7,0.0075,,
1.2640,156,139.2,21.7,0.0075,,
1.2725,157,142.8,21.7,0.0075,,
1.2810,158,146.5,21.7,0.0075,,
1.2890,159,150.1,21.7,0.0075,,
1.2970,160,153.9,21.7,0.0075,,
1.3050,161,157.8,21.7,0.0075,,
1.3135,162,161.4,21.7,0.0075,,
1.3220,163,165.0,21.7,0.0075,,
1.3305,164,168.4,21.7,0.0070,,
1.3390,165,171.7,21.7,0.0070,,
1.3465,166,174.2,21.7,0.0070,,
1.3550,167,177.1,21.7,0.0075,,
1.3630,168,179.7,21.7,0.0075,,
1.3715,169,182.2,21.7,0.0075,,
1.3800,170,184.3,21.7,0.0075,,
1.3860,171,185.1,21.7,0.0075,,
1.3860,411,189.4,21.7,0.0000,,
1.3865,412,189.3,21.7,0.0005,,
1.3880,413,189.1,21.7,0.0015,,
1.3905,414,189.4,21.7,0.0030,,
1.3945,415,189.9,21.7,0.0040,,
1.4010,416,190.3,21.7,0.0065,,
1.4090,417,191.7,21.7,0.0080,,
1.4170,418,192.8,21.7,0.0090,,
1.4250,419,194.4,21.7,0.0090,,
1.4335,420,195.8,21.7,0.0095,,
1.4420,421,197.1,21.7,0.0085,,
1.4505,422,198.4,21.7,0.0085,,
1.4590,423,199.9,21.7,0.0085,,
1.4665,424,200.9,21.7,0.0085,,
1.4745,425,202.0,21.7,0.0080,,
1.4830,426,203.0,21.7,0.0095,,
1.4915,427,204.0,21.7,0.0085,,
1.5000,428,205.1,21.7,0.0085,,
1.5085,429,205.9,21.7,0.0085,,
1.5160,430,207.0,21.7,0.0085,,
1.5245,431,207.7,21.7,0.0095,,
1.5330,432,208.6,21.7,0.0095,,
1.5410,433,209.6,21.7,0.0080,,
1.5495,434,210.3,21.7,0.0085,,
1.5580,435,211.0,21.7,0.0085,,
1.5655,436,211.7,21.7,0.0085,,
1.5740,437,212.6,21.7,0.0095,,
1.5825,438,213.4,21.7,0.0095,,
1.5910,439,213.9,21.7,0.0085,,
1.5990,440,214.6,21.7,0.0080,,
1.6075,441,215.5,21.7,0.0085,,
1.6150,442,215.9,21.7,0.0085,,
1.6235,443,216.7,21.7,0.0095,,
1.6320,444,217.0,21.7,0.0095,,
1.6405,445,217.7,21.7,0.0085,,
1.6490,446,218.4,21.7,0.0085,,
1.6575,447,218.8,21.7,0.0085,,
1.6650,448,219.4,21.7,0.0085,,
1.6735,449,219.8,21.7,0.0095,,
1.6815,450,220.5,21.7,0.0090,,
1.6900,451,221.0,21.7,0.0085,,
1.6985,452,221.4,21.7,0.0085,,
1.7070,453,221.9,21.7,0.0085,,
1.7145,454,222.3,21.7,0.0085,,
1.7230,455,223.0,21.7,0.0095,,
1.7315,456,223.5,21.7,0.0095,,
1.7400,457,223.9,21.7,0.0085,,
1.7480,458,224.3,21.7,0.0080,,
1.7565,459,224.9,21.7,0.0085,,
1.7640,460,225.3,21.7,0.0085,,
1.7725,461,225.7,21.7,0.0095,,
1.7810,462,226.0,21.7,0.0095,,
1.7895,463,226.4,21.7,0.0085,,
1.7980,464,227.1,21.7,0.0085,,
1.8060,465,227.5,21.7,0.0080,,
1.8145,466,228.0,21.7,0.0095,,
1.8220,467,228.2,21.7,0.0085,,
1.8305,468,228.5,21.7,0.0085,,
1.8390,469,229.1,21.7,0.0085,,
1.8475,470,229.4,21.7,0.0085,,
1.8560,471,229.7,21.7,0.0085,,
1.8640,472,230.1,21.7,0.0090,,
1.8720,473,230.4,21.7,0.0090,,
1.8800,474,231.0,21.7,0.0090,,
1.8885,475,231.2,21.7,0.0085,,
1.8970,476,231.5,21.7,0.0085,,
1.9055,477,232.0,21.7,0.0085,,
1.9140,478,232.2,21.7,0.0095,,
1.9215,479,232.6,21.7,0.0085,,
1.9300,480,232.8,21.7,0.0095,,
1.9380,481,233.0,21.7,0.0080,,
1.9465,482,233.5,21.7,0.0085,,
1.9545,483,233.9,21.7,0.0080,,
1.9610,484,234.1,21.7,0.0070,,
1.9640,485,234.2,21.7,0.0035,,
1.9650,486,234.3,21.7,0.0010,,
1.9655,487,234.6,21.7,0.0005,,
1.9660,488,234.6,21.7,0.0005,,
1.9675,489,234.5,21.7,0.0015,,
1.9680,490,234.5,21.7,0.0005,,
1.9690,491,234.4,21.7,0.0010,,
1.9695,492,234.6,21.7,0.0005,,
1.9705,493,234.7,21.7,0.0010,,
1.9715,494,234.5,21.7,0.0010,,
1.9730,495,234.6,21.7,0.0015,,
1.9745,496,234.8,21.7,0.0015,,
1.9755,497,234.8,21.7,0.0010,,
1.9760,498,235.1,21.7,0.0010,,
Scope 1/1, Sample 5/19 (T10)
Result,TitrationEP1
V,t,E,T,dV/dt,E acc. stat.,Volume acc. stat.
0.0000,0,-59.4,21.7,NaN,,
0.0005,1,-59.3,21.7,0.0005,,
0.0025,2,-59.3,21.7,0.0020,,
0.0050,3,-59.5,21.7,0.0025,,
0.0090,4,-59.6,21.7,0.0035,,
0.0150,5,-59.2,21.7,0.0055,,
0.0235,6,-58.6,21.7,0.0075,,
0.0320,7,-58.1,21.7,0.0075,,
0.0395,8,-57.3,21.7,0.0075,,
0.0480,9,-56.3,21.7,0.0085,,
0.0565,10,-54.9,21.7,0.0075,,
0.0645,11,-53.7,21.7,0.0075,,
0.0730,12,-52.4,21.7,0.0075,,
0.0815,13,-51.0,21.7,0.0075,,
0.0890,14,-49.4,21.7,0.0075,,
0.0975,15,-47.7,21.7,0.0085,,
0.1060,16,-46.1,21.7,0.0075,,
0.1145,17,-44.3,21.7,0.0075,,
0.1230,18,-42.4,21.7,0.0075,,
0.1310,19,-40.5,21.7,0.0080,,
0.1385,20,-38.3,21.7,0.0075,,
0.1470,21,-36.0,21.7,0.0085,,
0.1555,22,-33.6,21.7,0.0075,,
0.1640,23,-31.0,21.7,0.0075,,
0.1725,24,-28.3,21.7,0.0075,,
0.1810,25,-25.6,21.7,0.0075,,
0.1885,26,-22.9,21.7,0.0075,,
0.1970,27,-20.0,21.7,0.0085,,
0.2050,28,-16.9,21.7,0.0075,,
0.2135,29,-14.3,21.7,0.0075,,
0.2220,30,-11.8,21.7,0.0075,,
0.2305,31,-9.4,21.7,0.0075,,
0.2380,32,-7.6,21.7,0.0075,,
0.2465,33,-5.4,21.7,0.0085,,
0.2550,34,-3.4,21.7,0.0075,,
0.2630,35,-1.9,21.7,0.0075,,
0.2715,36,-0.2,21.7,0.0075,,
0.2800,37,1.4,21.7,0.0075,,
0.2875,38,2.7,21.7,0.0075,,
0.2960,39,4.2,21.7,0.0085,,
0.3045,40,5.5,21.7,0.0075,,
0.3130,41,6.9,21.7,0.0075,,
0.3215,42,8.2,21.7,0.0075,,
0.3295,43,9.3,21.7,0.0075,,
0.3375,44,10.2,21.7,0.0080,,
0.3455,45,11.3,21.7,0.0080,,
0.3540,46,12.5,21.7,0.0075,,
0.3625,47,13.6,21.7,0.0075,,
0.3710,48,14.6,21.7,0.0075,,
0.3795,49,15.7,21.7,0.0075,,
0.3870,50,16.5,21.7,0.0075,,
0.3955,51,17.7,21.7,0.0085,,
0.4035,52,18.7,21.7,0.0075,,
0.4120,53,19.6,21.7,0.0075,,
0.4205,54,20.6,21.7,0.0075,,
0.4290,55,21.6,21.7,0.0075,,
0.4365,56,22.4,21.7,0.0075,,
0.4450,57,23.3,21.7,0.0085,,
0.4535,58,24.2,21.7,0.0075,,
0.4620,59,25.2,21.7,0.0075,,
0.4705,60,25.9,21.7,0.0075,,
0.4780,61,26.8,21.7,0.0075,,
0.4865,62,27.7,21.7,0.0085,,
0.4945,63,28.6,21.7,0.0075,,
0.5030,64,29.7,21.7,0.0075,,
0.5115,65,30.5,21.7,0.0075,,
0.5200,66,31.2,21.7,0.0075,,
0.5275,67,32.0,21.7,0.0075,,
0.5360,68,32.8,21.7,0.0085,,
0.5445,69,33.8,21.7,0.0075,,
0.5530,70,34.6,21.7,0.0075,,
0.5610,71,35.6,21.7,0.0075,,
0.5695,72,36.6,21.7,0.0075,,
0.5780,73,37.2,21.7,0.0085,,
0.5855,74,38.1,21.7,0.0075,,
0.5940,75,38.9,21.7,0.0075,,
0.6025,76,39.6,21.7,0.0075,,
0.6105,77,40.7,21.7,0.0075,,
0.6190,78,41.6,21.7,0.0075,,
0.6275,79,42.4,21.7,0.0085,,
0.6350,80,43.2,21.7,0.0075,,
0.6435,81,44.0,21.7,0.0085,,
0.6520,82,45.0,21.7,0.0075,,
0.6605,83,46.0,21.7,0.0075,,
0.6690,84,46.8,21.7,0.0075,,
0.6770,85,47.7,21.7,0.0075,,
0.6845,86,48.5,21.7,0.0075,,
0.6930,87,49.6,21.7,0.0085,,
0.7015,88,50.4,21.7,0.0075,,
0.7100,89,51.1,21.7,0.0075,,
0.7185,90,52.1,21.7,0.0075,,
0.7270,91,53.1,21.7,0.0075,,
0.7345,92,54.0,21.7,0.0075,,
0.7430,93,54.8,21.7,0.0085,,
0.7510,94,55.6,21.7,0.0075,,
0.7595,95,56.5,21.7,0.0075,,
0.7680,96,57.6,21.7,0.0075,,
0.7765,97,58.3,21.7,0.0075,,
0.7840,98,59.2,21.7,0.0075,,
0.7925,99,60.0,21.7,0.0085,,
0.8010,100,61.1,21.7,0.0075,,
0.8095,101,62.0,21.7,0.0075,,
0.8175,102,62.8,21.7,0.0075,,
0.8260,103,63.6,21.7,0.0085,,
0.8335,104,64.4,21.7,0.0075,,
0.8420,105,65.5,21.7,0.0085,,
0.8505,106,66.4,21.7,0.0075,,
0.8590,107,67.2,21.7,0.0075,,
0.8675,108,68.1,21.7,0.0075,,
0.8755,109,69.2,21.7,0.0075,,
0.8835,110,70.0,21.7,0.0080,,
0.8915,111,71.0,21.7,0.0080,,
0.9000,112,71.8,21.7,0.0075,,
0.9085,113,72.9,21.7,0.0075,,
0.9170,114,74.0,21.7,0.0075,,
0.9255,115,74.8,21.7,0.0085,,
0.9330,116,75.8,21.7,0.0075,,
0.9415,117,76.7,21.7,0.0085,,
0.9500,118,77.9,21.7,0.0075,,
0.9585,119,78.9,21.7,0.0075,,
0.9665,120,79.8,21.7,0.0075,,
0.9740,121,80.8,21.7,0.0075,,
0.9825,122,82.0,21.7,0.0085,,
0.9910,123,83.1,21.7,0.0075,,
0.9995,124,84.2,21.7,0.0075,,
1.0080,125,85.2,21.7,0.0075,,
1.0165,126,86.3,21.7,0.0075,,
1.0240,127,87.3,21.7,0.0075,,
1.0325,128,88.5,21.7,0.0085,,
1.0405,129,89.7,21.7,0.0075,,
1.0490,130,90.8,21.7,0.0075,,
1.0575,131,92.1,21.7,0.0075,,
1.0660,132,93.3,21.7,0.0075,,
1.0745,133,94.4,21.7,0.0085,,
1.0820,134,95.6,21.7,0.0075,,
1.0905,135,96.8,21.7,0.0085,,
1.0985,136,98.3,21.7,0.0075,,
1.1070,137,99.7,21.7,0.0075,,
1.1155,138,101.1,21.7,0.0075,,
1.1230,139,102.3,21.7,0.0075,,
1.1315,140,103.8,21.7,0.0085,,
1.1400,141,105.4,21.7,0.0075,,
1.1485,142,107.0,21.7,0.0075,,
1.1570,143,108.7,21.7,0.0075,,
1.1650,144,110.6,21.7,0.0075,,
1.1730,145,112.3,21.7,0.0080,,
1.1810,146,114.3,21.7,0.0080,,
1.1895,147,116.3,21.7,0.0075,,
1.1980,148,118.3,21.7,0.0075,,
1.2065,149,120.8,21.7,0.0075,,
1.2150,150,123.4,21.7,0.0075,,
1.2225,151,125.6,21.7,0.0075,,
1.2310,152,128.2,21.7,0.0085,,
1.2390,153,131.0,21.7,0.0075,,
1.2475,154,134.1,21.7,0.0075,,
1.2560,155,137.5,21.7,0.0075,,
1.2645,156,140.7,21.7,0.0075,,
1.2730,157,144.1,21.7,0.0085,,
1.2805,158,147.6,21.7,0.0075,,
1.2890,159,151.3,21.7,0.0085,,
1.2975,160,155.1,21.7,0.0075,,
1.3055,161,158.7,21.7,0.0075,,
1.3140,162,162.4,21.7,0.0075,,
1.3225,163,165.8,21.7,0.0085,,
1.3300,164,169.2,21.7,0.0075,,
1.3385,165,172.3,21.7,0.0085,,
1.3470,166,175.1,21.7,0.0075,,
1.3555,167,177.6,21.7,0.0075,,
1.3635,168,180.4,21.7,0.0075,,
1.3720,169,182.5,21.7,0.0085,,
1.3795,170,184.8,21.7,0.0075,,
1.3835,170,185.1,21.7,0.0080,,
1.3835,411,188.6,21.7,0.0000,,
1.3840,412,188.5,21.7,0.0010,,
1.3855,413,188.6,21.7,0.0025,,
1.3880,414,188.9,21.7,0.0035,,
1.3920,415,189.4,21.7,0.0055,,
1.3985,416,190.1,21.7,0.0095,,
1.4070,417,191.4,21.7,0.0120,,
1.4145,418,192.7,21.7,0.0125,,
1.4230,419,194.3,21.7,0.0140,,
1.4310,420,195.7,21.7,0.0115,,
1.4395,421,196.9,21.7,0.0120,,
1.4480,422,198.4,21.7,0.0120,,
1.4565,423,199.7,21.7,0.0120,,
1.4640,424,200.7,21.7,0.0125,,
1.4725,425,201.7,21.7,0.0140,,
1.4810,426,202.8,21.7,0.0140,,
1.4890,427,203.9,21.7,0.0115,,
1.4975,428,204.9,21.7,0.0120,,
1.5060,429,205.9,21.7,0.0120,,
1.5145,430,206.7,21.7,0.0140,,
1.5220,431,207.7,21.7,0.0125,,
1.5305,432,208.6,21.7,0.0140,,
1.5385,433,209.4,21.7,0.0115,,
1.5470,434,210.2,21.7,0.0120,,
1.5555,435,210.9,21.7,0.0120,,
1.5640,436,211.7,21.7,0.0140,,
1.5715,437,212.5,21.7,0.0125,,
1.5800,438,213.3,21.7,0.0140,,
1.5885,439,213.9,21.7,0.0120,,
1.5970,440,214.5,21.7,0.0120,,
1.6050,441,215.3,21.7,0.0115,,
1.6135,442,216.0,21.7,0.0120,,
1.6210,443,216.5,21.7,0.0125,,
1.6295,444,217.0,21.7,0.0140,,
1.6380,445,217.6,21.8,0.0120,,
1.6465,446,218.3,21.7,0.0120,,
1.6550,447,218.7,21.7,0.0120,,
1.6635,448,219.3,21.7,0.0140,,
1.6710,449,219.7,21.8,0.0125,,
1.6795,450,220.4,21.8,0.0140,,
1.6875,451,221.0,21.8,0.0115,,
1.6960,452,221.3,21.8,0.0120,,
1.7045,453,221.9,21.8,0.0120,,
1.7120,454,222.3,21.8,0.0125,,
1.7205,455,223.0,21.8,0.0140,,
1.7290,456,223.4,21.8,0.0140,,
1.7375,457,223.7,21.8,0.0120,,
1.7460,458,224.4,21.8,0.0120,,
1.7540,459,225.0,21.8,0.0115,,
1.7620,460,225.4,21.8,0.0135,,
1.7700,461,225.8,21.7,0.0135,,
1.7785,462,226.2,21.7,0.0140,,
1.7870,463,226.7,21.7,0.0120,,
1.7955,464,227.2,21.8,0.0120,,
1.8040,465,227.5,21.8,0.0120,,
1.8115,466,227.8,21.8,0.0125,,
1.8200,467,228.2,21.8,0.0140,,
1.8280,468,228.8,21.7,0.0135,,
1.8365,469,229.1,21.8,0.0120,,
1.8450,470,229.3,21.8,0.0120,,
1.8535,471,229.8,21.8,0.0120,,
1.8610,472,230.1,21.8,0.0125,,
1.8695,473,230.6,21.8,0.0140,,
1.8780,474,230.9,21.8,0.0140,,
1.8865,475,231.0,21.8,0.0120,,
1.8945,476,231.5,21.8,0.0115,,
1.9030,477,231.8,21.8,0.0120,,
1.9105,478,232.2,21.8,0.0125,,
1.9190,479,232.5,21.8,0.0140,,
1.9275,480,232.8,21.8,0.0140,,
1.9355,481,233.3,21.8,0.0115,,
1.9440,482,233.7,21.8,0.0120,,
1.9515,483,233.9,21.8,0.0105,,
1.9560,484,234.2,21.8,0.0075,,
1.9590,485,234.3,21.8,0.0050,,
1.9600,486,234.4,21.8,0.0015,,
1.9605,487,234.6,21.8,0.0005,,
1.9615,488,234.5,21.8,0.0015,,
1.9630,489,234.5,21.8,0.0020,,
1.9650,490,234.5,21.8,0.0035,,
1.9675,491,234.7,21.8,0.0040,,
1.9705,492,234.8,21.8,0.0050,,
1.9730,493,234.8,21.8,0.0035,,
1.9735,494,234.9,21.8,0.0005,,
1.9745,495,235.1,21.8,0.0010,,
Scope 1/1, Sample 6/19 (T11)
Result,TitrationEP1
V,t,E,T,dV/dt,E acc. stat.,Volume acc. stat.
0.0000,0,-58.7,21.7,NaN,,
0.0010,1,-59.0,21.7,0.0010,,
0.0025,2,-58.9,21.7,0.0015,,
0.0050,3,-58.9,21.7,0.0025,,
0.0090,4,-58.9,21.7,0.0035,,
0.0150,5,-58.7,21.7,0.0055,,
0.0235,6,-58.2,21.7,0.0075,,
0.0320,7,-57.5,21.7,0.0085,,
0.0395,8,-56.6,21.7,0.0075,,
0.0480,9,-55.6,21.7,0.0075,,
0.0565,10,-54.3,21.7,0.0075,,
0.0650,11,-53.1,21.7,0.0075,,
0.0735,12,-51.9,21.7,0.0075,,
0.0815,13,-50.6,21.7,0.0080,,
0.0890,14,-49.1,21.7,0.0075,,
0.0975,15,-47.4,21.7,0.0075,,
0.1060,16,-45.6,21.7,0.0075,,
0.1145,17,-43.8,21.7,0.0075,,
0.1230,18,-41.9,21.7,0.0075,,
0.1305,19,-40.1,21.7,0.0075,,
0.1390,20,-38.0,21.7,0.0085,,
0.1475,21,-35.7,21.7,0.0085,,
0.1555,22,-33.4,21.7,0.0075,,
0.1640,23,-30.8,21.7,0.0075,,
0.1725,24,-28.0,21.7,0.0075,,
0.1810,25,-25.6,21.7,0.0085,,
0.1885,26,-22.8,21.7,0.0075,,
0.1970,27,-20.1,21.7,0.0075,,
0.2055,28,-17.3,21.7,0.0075,,
0.2140,29,-14.5,21.7,0.0075,,
0.2220,30,-12.1,21.7,0.0075,,
0.2305,31,-9.9,21.7,0.0085,,
0.2380,32,-7.8,21.7,0.0075,,
0.2465,33,-5.7,21.7,0.0085,,
0.2550,34,-3.8,21.7,0.0075,,
0.2635,35,-2.2,21.7,0.0075,,
0.2720,36,-0.6,21.7,0.0075,,
0.2800,37,0.7,21.7,0.0080,,
0.2880,38,2.2,21.7,0.0080,,
0.2960,39,3.6,21.7,0.0080,,
0.3045,40,4.9,21.7,0.0075,,
0.3130,41,6.2,21.7,0.0075,,
0.3215,42,7.6,21.7,0.0075,,
0.3300,43,8.6,21.7,0.0085,,
0.3375,44,9.8,21.7,0.0075,,
0.3460,45,10.8,21.7,0.0085,,
0.3540,46,11.9,21.7,0.0075,,
0.3625,47,13.0,21.7,0.0075,,
0.3710,48,14.1,21.7,0.0075,,
0.3795,49,15.1,21.7,0.0075,,
0.3870,50,16.1,21.7,0.0075,,
0.3955,51,17.1,21.7,0.0085,,
0.4040,52,18.2,21.7,0.0075,,
0.4120,53,19.0,21.7,0.0075,,
0.4205,54,19.9,21.7,0.0075,,
0.4290,55,20.9,21.7,0.0075,,
0.4365,56,21.7,21.7,0.0075,,
0.4450,57,22.7,21.7,0.0085,,
0.4535,58,23.6,21.7,0.0075,,
0.4620,59,24.4,21.7,0.0075,,
0.4705,60,25.4,21.7,0.0075,,
0.4785,61,26.2,21.7,0.0075,,
0.4865,62,27.1,21.7,0.0080,,
0.4945,63,27.8,21.7,0.0080,,
0.5030,64,28.7,21.7,0.0075,,
0.5115,65,29.7,21.7,0.0075,,
0.5200,66,30.6,21.7,0.0075,,
0.5285,67,31.6,21.7,0.0075,,
0.5360,68,32.4,21.7,0.0075,,
0.5445,69,33.3,21.7,0.0085,,
0.5525,70,34.2,21.7,0.0075,,
0.5610,71,34.9,21.7,0.0075,,
0.5695,72,35.7,21.7,0.0075,,
0.5780,73,36.6,21.7,0.0075,,
0.5855,74,37.4,21.7,0.0075,,
0.5940,75,38.2,21.7,0.0085,,
0.6025,76,39.0,21.7,0.0075,,
0.6110,77,39.8,21.7,0.0075,,
0.6190,78,40.8,21.7,0.0075,,
0.6275,79,41.6,21.7,0.0085,,
0.6350,80,42.5,21.7,0.0075,,
0.6435,81,43.3,21.7,0.0075,,
0.6520,82,44.2,21.7,0.0075,,
0.6605,83,45.2,21.7,0.0075,,
0.6690,84,46.0,21.7,0.0075,,
0.6775,85,46.8,21.7,0.0085,,
0.6850,86,47.6,21.7,0.0075,,
0.6935,87,48.6,21.7,0.0075,,
0.7015,88,49.6,21.7,0.0075,,
0.7100,89,50.4,21.7,0.0075,,
0.7185,90,51.3,21.7,0.0075,,
0.7270,91,52.0,21.7,0.0085,,
0.7345,92,53.0,21.7,0.0075,,
0.7430,93,54.0,21.7,0.0075,,
0.7515,94,54.7,21.7,0.0075,,
0.7600,95,55.6,21.7,0.0075,,
0.7680,96,56.5,21.7,0.0075,,
0.7760,97,57.4,21.7,0.0080,,
0.7840,98,58.3,21.7,0.0080,,
0.7925,99,59.1,21.7,0.0075,,
0.8010,100,60.0,21.7,0.0075,,
0.8095,101,61.0,21.7,0.0075,,
0.8180,102,61.7,21.7,0.0075,,
0.8255,103,62.6,21.7,0.0075,,
0.8340,104,63.4,21.7,0.0085,,
0.8420,105,64.4,21.7,0.0075,,
0.8505,106,65.4,21.7,0.0075,,
0.8590,107,66.3,21.7,0.0075,,
0.8675,108,67.4,21.7,0.0075,,
0.8760,109,68.2,21.7,0.0085,,
0.8835,110,69.2,21.7,0.0075,,
0.8920,111,70.3,21.7,0.0085,,
0.9005,112,71.1,21.7,0.0075,,
0.9085,113,72.0,21.7,0.0075,,
0.9170,114,73.0,21.7,0.0075,,
0.9255,115,73.9,21.7,0.0075,,
0.9330,116,74.8,21.7,0.0075,,
0.9415,117,75.7,21.7,0.0085,,
0.9500,118,76.6,21.7,0.0075,,
0.9585,119,77.7,21.7,0.0075,,
0.9665,120,78.7,21.7,0.0075,,
0.9750,121,79.6,21.7,0.0075,,
0.9825,122,80.6,21.7,0.0075,,
0.9910,123,81.6,21.7,0.0085,,
0.9995,124,82.8,21.7,0.0075,,
1.0080,125,83.9,21.7,0.0075,,
1.0165,126,84.9,21.7,0.0075,,
1.0250,127,85.9,21.7,0.0085,,
1.0325,128,86.9,21.7,0.0075,,
1.0410,129,88.2,21.7,0.0075,,
1.0490,130,89.1,21.7,0.0075,,
1.0575,131,90.3,21.7,0.0075,,
1.0660,132,91.7,21.7,0.0075,,
1.0745,133,92.7,21.7,0.0085,,
1.0820,134,94.0,21.7,0.0075,,
1.0905,135,95.1,21.7,0.0075,,
1.0990,136,96.3,21.7,0.0075,,
1.1070,137,97.7,21.7,0.0075,,
1.1155,138,98.8,21.7,0.0075,,
1.1230,139,100.1,21.7,0.0075,,
1.1315,140,101.5,21.7,0.0085,,
1.1400,141,102.9,21.7,0.0075,,
1.1485,142,104.6,21.7,0.0075,,
1.1570,143,106.0,21.7,0.0075,,
1.1655,144,107.6,21.7,0.0075,,
1.1735,145,109.2,21.7,0.0080,,
1.1815,146,110.9,21.7,0.0080,,
1.1895,147,112.7,21.7,0.0075,,
1.1980,148,114.5,21.7,0.0075,,
1.2065,149,116.6,21.7,0.0075,,
1.2150,150,118.9,21.7,0.0075,,
1.2235,151,120.9,21.7,0.0085,,
1.2310,152,123.3,21.7,0.0075,,
1.2395,153,125.5,21.7,0.0085,,
1.2475,154,128.1,21.7,0.0075,,
1.2560,155,130.9,21.7,0.0075,,
1.2645,156,133.9,21.7,0.0075,,
1.2730,157,136.6,21.7,0.0085,,
1.2805,158,139.9,21.7,0.0075,,
1.2890,159,143.4,21.7,0.0085,,
1.2975,160,147.0,21.7,0.0075,,
1.3060,161,150.6,21.7,0.0075,,
1.3140,162,154.2,21.7,0.0075,,
1.3225,163,157.5,21.7,0.0085,,
1.3300,164,161.2,21.7,0.0075,,
1.3385,165,164.9,21.7,0.0085,,
1.3470,166,168.1,21.7,0.0075,,
1.3555,167,171.2,21.7,0.0075,,
1.3640,168,174.3,21.7,0.0075,,
1.3720,169,177.0,21.7,0.0075,,
1.3795,170,179.2,21.7,0.0075,,
1.3880,171,181.6,21.7,0.0085,,
1.3965,172,183.7,21.7,0.0075,,
1.4050,173,185.2,21.7,0.0075,,
1.4050,413,188.9,21.8,0.0000,,
1.4055,414,188.8,21.8,0.0005,,
1.4070,415,188.8,21.8,0.0010,,
1.4100,416,189.1,21.8,0.0025,,
1.4135,417,189.7,21.8,0.0025,,
1.4195,418,190.4,21.8,0.0045,,
1.4280,419,191.6,21.8,0.0065,,
1.4355,420,192.7,21.8,0.0060,,
1.4435,421,194.2,21.8,0.0065,,
1.4520,422,195.8,21.8,0.0070,,
1.4605,423,197.0,21.8,0.0065,,
1.4690,424,198.2,21.8,0.0065,,
1.4775,425,199.6,21.8,0.0065,,
1.4850,426,200.7,21.8,0.0060,,
1.4935,427,201.7,21.8,0.0070,,
1.5020,428,202.7,21.8,0.0070,,
1.5100,429,203.7,21.8,0.0060,,
1.5185,430,204.9,21.8,0.0065,,
1.5270,431,205.9,21.8,0.0065,,
1.5345,432,206.7,21.8,0.0060,,
1.5430,433,207.6,21.8,0.0070,,
1.5515,434,208.4,21.8,0.0070,,
1.5600,435,209.3,21.8,0.0065,,
1.5680,436,210.0,21.8,0.0060,,
1.5765,437,210.8,21.8,0.0065,,
1.5850,438,211.6,21.8,0.0070,,
1.5925,439,212.4,21.8,0.0060,,
1.6010,440,213.2,21.8,0.0070,,
1.6095,441,213.9,21.8,0.0065,,
1.6180,442,214.5,21.8,0.0065,,
1.6260,443,215.2,21.8,0.0060,,
1.6340,444,215.8,21.8,0.0065,,
1.6425,445,216.4,21.8,0.0070,,
1.6505,446,216.9,21.8,0.0065,,
1.6590,447,217.5,21.8,0.0065,,
1.6675,448,218.1,21.8,0.0065,,
1.6760,449,218.6,21.8,0.0065,,
1.6835,450,219.1,21.8,0.0060,,
1.6920,451,219.7,21.8,0.0070,,
1.7005,452,220.3,21.8,0.0070,,
1.7090,453,220.8,21.8,0.0065,,
1.7170,454,221.3,21.8,0.0060,,
1.7255,455,221.8,21.8,0.0065,,
1.7330,456,222.2,21.8,0.0060,,
1.7415,457,222.7,21.8,0.0070,,
1.7500,458,223.3,21.8,0.0070,,
1.7585,459,223.9,21.8,0.0065,,
1.7670,460,224.2,21.8,0.0065,,
1.7750,461,224.6,21.8,0.0060,,
1.7830,462,225.1,21.8,0.0065,,
1.7910,463,225.5,21.8,0.0065,,
1.7995,464,226.0,21.8,0.0070,,
1.8080,465,226.4,21.8,0.0065,,
1.8165,466,226.8,21.8,0.0065,,
1.8250,467,227.2,21.8,0.0065,,
1.8325,468,227.6,21.8,0.0060,,
1.8410,469,228.0,21.8,0.0070,,
1.8490,470,228.3,21.8,0.0065,,
1.8575,471,228.7,21.8,0.0065,,
1.8660,472,229.2,21.8,0.0065,,
1.8745,473,229.4,21.8,0.0065,,
1.8820,474,229.8,21.8,0.0060,,
1.8905,475,230.1,21.8,0.0070,,
1.8990,476,230.5,21.8,0.0070,,
1.9075,477,231.0,21.8,0.0065,,
1.9155,478,231.3,21.8,0.0060,,
1.9240,479,231.7,21.8,0.0065,,
1.9315,480,231.9,21.8,0.0060,,
1.9400,481,232.3,21.8,0.0070,,
1.9485,482,232.6,21.8,0.0070,,
1.9570,483,232.8,21.8,0.0065,,
1.9655,484,233.2,21.8,0.0065,,
1.9735,485,233.6,21.8,0.0060,,
1.9810,486,233.9,21.8,0.0060,,
1.9860,487,234.2,21.8,0.0040,,
1.9865,488,234.2,21.8,0.0005,,
1.9875,489,234.3,21.8,0.0010,,
1.9885,490,234.4,21.8,0.0010,,
1.9900,491,234.4,21.8,0.0010,,
1.9920,492,234.4,21.8,0.0015,,
1.9940,493,234.4,21.8,0.0015,,
1.9965,494,234.6,21.8,0.0020,,
1.9985,495,234.7,21.8,0.0015,,
2.0005,496,234.8,21.8,0.0015,,
2.0025,497,235.0,21.8,0.0020,,
Scope 1/1, Sample 7/19 (T12)
Result,TitrationEP1
V,t,E,T,dV/dt,E acc. stat.,Volume acc. stat.
0.0000,0,-57.3,21.7,NaN,,
0.0005,1,-57.5,21.7,0.0005,,
0.0025,2,-57.6,21.7,0.0020,,
0.0050,3,-57.5,21.7,0.0025,,
0.0085,4,-57.3,21.7,0.0030,,
0.0150,5,-57.1,21.7,0.0060,,
0.0230,6,-56.6,21.7,0.0075,,
0.0305,7,-56.1,21.7,0.0075,,
0.0390,8,-55.0,21.7,0.0085,,
0.0475,9,-53.9,21.7,0.0085,,
0.0560,10,-52.8,21.7,0.0075,,
0.0645,11,-51.5,21.7,0.0075,,
0.0725,12,-50.0,21.7,0.0075,,
0.0805,13,-48.6,21.7,0.0080,,
0.0885,14,-47.0,21.7,0.0080,,
0.0970,15,-45.4,21.7,0.0085,,
0.1055,16,-43.5,21.7,0.0075,,
0.1140,17,-41.5,21.7,0.0075,,
0.1225,18,-39.5,21.7,0.0075,,
0.1305,19,-37.5,21.7,0.0080,,
0.1385,20,-35.3,21.7,0.0080,,
0.1465,21,-32.8,21.7,0.0080,,
0.1550,22,-30.2,21.7,0.0075,,
0.1635,23,-27.5,21.7,0.0075,,
0.1720,24,-24.8,21.7,0.0075,,
0.1805,25,-21.9,21.7,0.0075,,
0.1880,26,-19.3,21.7,0.0075,,
0.1965,27,-16.4,21.7,0.0085,,
0.2045,28,-13.7,21.7,0.0075,,
0.2130,29,-11.1,21.7,0.0075,,
0.2215,30,-8.7,21.7,0.0075,,
0.2300,31,-6.5,21.7,0.0075,,
0.2375,32,-4.6,21.7,0.0075,,
0.2460,33,-2.8,21.7,0.0085,,
0.2545,34,-1.3,21.7,0.0075,,
0.2630,35,0.5,21.7,0.0075,,
0.2710,36,2.0,21.7,0.0075,,
0.2795,37,3.5,21.7,0.0075,,
0.2870,38,4.8,21.7,0.0075,,
0.2955,39,6.1,21.7,0.0085,,
0.3040,40,7.5,21.7,0.0075,,
0.3125,41,8.7,21.7,0.0075,,
0.3210,42,9.9,21.7,0.0075,,
0.3290,43,11.1,21.7,0.0075,,
0.3370,44,12.0,21.7,0.0080,,
0.3450,45,13.3,21.7,0.0080,,
0.3535,46,14.3,21.7,0.0075,,
0.3620,47,15.3,21.7,0.0075,,
0.3705,48,16.4,21.7,0.0075,,
0.3790,49,17.4,21.7,0.0075,,
0.3865,50,18.3,21.7,0.0075,,
0.3950,51,19.3,21.7,0.0085,,
0.4035,52,20.1,21.7,0.0075,,
0.4115,53,21.2,21.7,0.0075,,
0.4200,54,22.0,21.7,0.0075,,
0.4285,55,22.8,21.7,0.0075,,
0.4370,56,23.8,21.7,0.0085,,
0.4445,57,24.7,21.7,0.0075,,
0.4530,58,25.6,21.7,0.0085,,
0.4610,59,26.7,21.7,0.0075,,
0.4695,60,27.6,21.7,0.0075,,
0.4780,61,28.4,21.7,0.0075,,
0.4865,62,29.2,21.7,0.0085,,
0.4940,63,30.1,21.7,0.0075,,
0.5025,64,31.1,21.7,0.0085,,
0.5110,65,31.9,21.7,0.0075,,
0.5195,66,32.7,21.7,0.0075,,
0.5275,67,33.6,21.7,0.0075,,
0.5360,68,34.3,21.7,0.0085,,
0.5435,69,35.2,21.7,0.0075,,
0.5520,70,35.9,21.7,0.0085,,
0.5605,71,36.8,21.7,0.0075,,
0.5690,72,37.8,21.7,0.0075,,
0.5775,73,38.6,21.7,0.0075,,
0.5855,74,39.4,21.7,0.0080,,
0.5935,75,40.3,21.7,0.0080,,
0.6015,76,41.1,21.7,0.0080,,
0.6100,77,42.0,21.7,0.0075,,
0.6185,78,42.9,21.7,0.0075,,
0.6270,79,43.6,21.7,0.0075,,
0.6355,80,44.4,21.7,0.0085,,
0.6430,81,45.2,21.7,0.0075,,
0.6515,82,46.2,21.7,0.0085,,
0.6595,83,47.1,21.7,0.0075,,
0.6680,84,47.8,21.7,0.0075,,
0.6765,85,48.8,21.7,0.0075,,
0.6850,86,49.4,21.7,0.0085,,
0.6925,87,50.4,21.7,0.0075,,
0.7010,88,51.3,21.7,0.0085,,
0.7095,89,52.0,21.7,0.0075,,
0.7180,90,52.9,21.7,0.0075,,
0.7260,91,53.9,21.7,0.0075,,
0.7345,92,54.6,21.7,0.0085,,
0.7420,93,55.5,21.7,0.0075,,
0.7505,94,56.3,21.7,0.0085,,
0.7590,95,57.4,21.7,0.0075,,
0.7675,96,58.2,21.7,0.0075,,
0.7760,97,59.1,21.7,0.0075,,
0.7845,98,59.9,21.7,0.0085,,
0.7920,99,60.7,21.7,0.0075,,
0.8000,100,61.8,21.7,0.0080,,
0.8085,101,62.6,21.7,0.0075,,
0.8170,102,63.5,21.7,0.0075,,
0.8255,103,64.5,21.7,0.0075,,
0.8340,104,65.3,21.7,0.0085,,
0.8415,105,66.3,21.7,0.0075,,
0.8500,106,67.1,21.7,0.0085,,
0.8585,107,67.9,21.7,0.0075,,
0.8665,108,68.7,21.7,0.0075,,
0.8750,109,69.7,21.7,0.0075,,
0.8835,110,70.5,21.7,0.0075,,
0.8910,111,71.4,21.7,0.0075,,
0.8995,112,72.2,21.7,0.0085,,
0.9080,113,73.3,21.7,0.0075,,
0.9165,114,74.3,21.7,0.0075,,
0.9245,115,75.1,21.7,0.0075,,
0.9330,116,76.1,21.7,0.0075,,
0.9405,117,77.0,21.7,0.0075,,
0.9490,118,78.0,21.7,0.0085,,
0.9575,119,79.0,21.7,0.0075,,
0.9660,120,79.9,21.7,0.0075,,
0.9745,121,81.0,21.7,0.0075,,
0.9830,122,82.1,21.7,0.0075,,
0.9905,123,82.9,21.7,0.0075,,
0.9990,124,84.0,21.7,0.0085,,
1.0070,125,84.9,21.7,0.0075,,
1.0155,126,86.0,21.7,0.0075,,
1.0240,127,87.2,21.7,0.0075,,
1.0325,128,88.2,21.7,0.0075,,
1.0400,129,89.2,21.7,0.0075,,
1.0485,130,90.3,21.7,0.0085,,
1.0570,131,91.7,21.7,0.0075,,
1.0650,132,92.9,21.7,0.0075,,
1.0735,133,94.0,21.7,0.0075,,
1.0820,134,95.2,21.7,0.0075,,
1.0895,135,96.4,21.7,0.0075,,
1.0980,136,97.6,21.7,0.0085,,
1.1065,137,99.0,21.7,0.0075,,
1.1150,138,100.4,21.7,0.0075,,
1.1235,139,101.7,21.7,0.0075,,
1.1315,140,103.3,21.7,0.0075,,
1.1395,141,104.6,21.7,0.0080,,
1.1475,142,106.2,21.7,0.0080,,
1.1560,143,107.8,21.7,0.0075,,
1.1645,144,109.5,21.7,0.0075,,
1.1730,145,111.4,21.7,0.0075,,
1.1815,146,112.9,21.7,0.0085,,
1.1890,147,114.8,21.7,0.0075,,
1.1975,148,116.7,21.7,0.0085,,
1.2060,149,118.8,21.7,0.0075,,
1.2140,150,120.9,21.7,0.0075,,
1.2225,151,123.3,21.7,0.0075,,
1.2310,152,125.5,21.7,0.0085,,
1.2385,153,127.9,21.7,0.0075,,
1.2470,154,130.6,21.7,0.0085,,
1.2555,155,133.4,21.7,0.0075,,
1.2640,156,136.4,21.7,0.0075,,
1.2720,157,139.5,21.7,0.0075,,
1.2805,158,142.4,21.7,0.0085,,
1.2880,159,146.0,21.7,0.0075,,
1.2965,160,149.6,21.7,0.0085,,
1.3050,161,153.3,21.7,0.0075,,
1.3135,162,156.8,21.7,0.0075,,
1.3220,163,160.5,21.7,0.0075,,
1.3300,164,164.1,21.7,0.0075,,
1.3380,165,167.3,21.7,0.0080,,
1.3460,166,170.4,21.7,0.0080,,
1.3545,167,173.4,21.7,0.0075,,
1.3630,168,176.2,21.7,0.0075,,
1.3715,169,178.6,21.7,0.0075,,
1.3800,170,181.0,21.7,0.0075,,
1.3875,171,183.1,21.7,0.0075,,
1.3980,172,185.3,21.7,0.0075,,
1.3980,412,188.7,21.8,0.0000,,
1.3985,414,188.6,21.8,0.0005,,
1.4000,414,188.7,21.8,0.0030,,
1.4025,416,188.9,21.8,0.0015,,
1.4065,417,189.4,21.8,0.0065,,
1.4130,418,190.3,21.8,0.0110,,
1.4210,418,191.4,21.8,0.0160,,
1.4290,420,193.0,21.8,0.0055,,
1.4370,420,194.3,21.8,0.0160,,
1.4455,422,195.7,21.8,0.0055,,
1.4540,423,197.2,21.8,0.0140,,
1.4625,424,198.5,21.8,0.0140,,
1.4710,424,199.7,21.8,0.0170,,
1.4785,426,200.7,21.8,0.0050,,
1.4870,426,201.8,21.8,0.0170,,
1.4955,428,203.0,21.8,0.0055,,
1.5035,429,204.2,21.8,0.0135,,
1.5120,430,205.0,21.8,0.0140,,
1.5205,431,206.1,21.8,0.0140,,
1.5280,432,206.9,21.8,0.0150,,
1.5365,432,207.9,21.8,0.0170,,
1.5450,434,208.7,21.8,0.0055,,
1.5535,435,209.5,21.8,0.0140,,
1.5615,436,210.3,21.8,0.0135,,
1.5700,437,211.1,21.8,0.0140,,
1.5775,438,211.8,21.8,0.0150,,
1.5860,438,212.5,21.8,0.0170,,
1.5945,440,213.1,21.8,0.0055,,
1.6030,441,213.9,21.8,0.0140,,
1.6115,442,214.8,21.8,0.0140,,
1.6195,443,215.3,21.8,0.0135,,
1.6275,444,215.9,21.8,0.0160,,
1.6355,444,216.4,21.8,0.0160,,
1.6440,446,217.1,21.8,0.0055,,
1.6525,447,217.7,21.8,0.0140,,
1.6610,448,218.3,21.8,0.0140,,
1.6695,449,218.8,21.8,0.0140,,
1.6775,450,219.2,21.8,0.0160,,
1.6855,450,219.8,21.8,0.0160,,
1.6935,452,220.4,21.8,0.0055,,
1.7020,453,220.9,21.8,0.0140,,
1.7105,454,221.4,21.8,0.0140,,
1.7190,455,222.0,21.8,0.0140,,
1.7275,456,222.4,21.8,0.0170,,
1.7350,456,222.9,21.8,0.0150,,
1.7435,458,223.3,21.8,0.0055,,
1.7520,459,223.8,21.8,0.0140,,
1.7600,460,224.4,21.8,0.0135,,
1.7685,461,224.7,21.8,0.0140,,
1.7770,462,225.3,21.8,0.0170,,
1.7845,462,225.6,21.8,0.0150,,
1.7930,464,226.0,21.8,0.0055,,
1.8015,465,226.5,21.8,0.0140,,
1.8100,466,226.9,21.8,0.0140,,
1.8185,467,227.2,21.8,0.0140,,
1.8260,468,227.7,21.8,0.0150,,
1.8345,468,228.1,21.8,0.0170,,
1.8425,470,228.6,21.8,0.0055,,
1.8510,471,228.8,21.8,0.0140,,
1.8595,472,229.2,21.8,0.0140,,
1.8680,473,229.7,21.8,0.0140,,
1.8765,474,230.0,21.8,0.0170,,
1.8840,474,230.3,21.8,0.0150,,
1.8925,476,230.7,21.8,0.0055,,
1.9005,477,231.0,21.8,0.0135,,
1.9090,478,231.4,21.8,0.0140,,
1.9175,479,231.7,21.8,0.0140,,
1.9260,480,232.2,21.8,0.0170,,
1.9335,480,232.4,21.8,0.0150,,
1.9420,482,232.8,21.8,0.0055,,
1.9505,483,233.1,21.8,0.0140,,
1.9585,484,233.3,21.8,0.0135,,
1.9670,485,233.6,21.8,0.0140,,
1.9725,486,233.9,21.8,0.0110,,
1.9760,486,234.2,21.8,0.0070,,
1.9780,488,234.3,21.8,0.0015,,
1.9790,489,234.3,21.8,0.0015,,
1.9800,490,234.4,21.8,0.0015,,
1.9820,491,234.5,21.8,0.0035,,
1.9835,492,234.5,21.8,0.0030,,
1.9855,492,234.6,21.8,0.0040,,
1.9870,494,234.6,21.8,0.0010,,
1.9895,495,234.7,21.8,0.0040,,
1.9920,496,234.9,21.8,0.0040,,
1.9925,496,235.0,21.8,-0.0025,,
Scope 1/1, Sample 8/19 (T13)
Result,TitrationEP1
V,t,E,T,dV/dt,E acc. stat.,Volume acc. stat.
0.0000,0,-58.6,21.7,NaN,,
0.0010,1,-58.7,21.7,0.0010,,
0.0025,2,-58.7,21.7,0.0015,,
0.0050,3,-58.6,21.7,0.0025,,
0.0090,4,-58.5,21.7,0.0035,,
0.0150,5,-58.2,21.7,0.0055,,
0.0235,6,-57.6,21.7,0.0075,,
0.0320,7,-56.8,21.7,0.0075,,
0.0395,8,-55.9,21.7,0.0075,,
0.0480,9,-54.8,21.7,0.0075,,
0.0565,10,-53.6,21.7,0.0075,,
0.0650,11,-52.3,21.7,0.0075,,
0.0735,12,-50.9,21.7,0.0075,,
0.0820,13,-49.4,21.7,0.0085,,
0.0895,14,-47.9,21.7,0.0070,,
0.0980,15,-46.2,21.7,0.0075,,
0.1060,16,-44.3,21.7,0.0075,,
0.1145,17,-42.3,21.7,0.0075,,
0.1230,18,-40.3,21.7,0.0075,,
0.1315,19,-38.2,21.7,0.0085,,
0.1390,20,-35.9,21.7,0.0070,,
0.1475,21,-33.4,21.7,0.0075,,
0.1560,22,-30.9,21.7,0.0075,,
0.1645,23,-28.2,21.7,0.0075,,
0.1725,24,-25.3,21.7,0.0075,,
0.1805,25,-22.7,21.7,0.0080,,
0.1885,26,-19.6,21.7,0.0075,,
0.1970,27,-16.6,21.7,0.0075,,
0.2055,28,-13.7,21.7,0.0075,,
0.2140,29,-11.1,21.7,0.0075,,
0.2225,30,-8.6,21.7,0.0075,,
0.2300,31,-6.5,21.7,0.0075,,
0.2385,32,-4.3,21.7,0.0075,,
0.2470,33,-2.4,21.7,0.0075,,
0.2550,34,-0.7,21.7,0.0075,,
0.2635,35,1.0,21.7,0.0075,,
0.2720,36,2.3,21.7,0.0085,,
0.2795,37,3.9,21.7,0.0070,,
0.2880,38,5.3,21.7,0.0075,,
0.2965,39,6.7,21.7,0.0075,,
0.3050,40,8.0,21.7,0.0075,,
0.3135,41,9.3,21.7,0.0075,,
0.3215,42,10.4,21.7,0.0080,,
0.3295,43,11.6,21.7,0.0075,,
0.3375,44,12.8,21.7,0.0075,,
0.3460,45,13.9,21.7,0.0075,,
0.3545,46,15.0,21.7,0.0075,,
0.3630,47,16.1,21.7,0.0075,,
0.3705,48,17.0,21.7,0.0075,,
0.3790,49,18.0,21.7,0.0075,,
0.3875,50,19.1,21.7,0.0075,,
0.3960,51,20.1,21.7,0.0075,,
0.4040,52,21.1,21.7,0.0075,,
0.4125,53,22.2,21.7,0.0075,,
0.4200,54,23.0,21.7,0.0075,,
0.4285,55,24.0,21.7,0.0075,,
0.4370,56,25.0,21.7,0.0075,,
0.4455,57,25.9,21.7,0.0075,,
0.4540,58,26.7,21.7,0.0075,,
0.4625,59,27.6,21.7,0.0085,,
0.4700,60,28.6,21.7,0.0070,,
0.4785,61,29.5,21.7,0.0075,,
0.4870,62,30.4,21.7,0.0075,,
0.4950,63,31.3,21.7,0.0075,,
0.5035,64,32.2,21.7,0.0075,,
0.5110,65,33.0,21.7,0.0075,,
0.5195,66,33.9,21.7,0.0075,,
0.5280,67,34.7,21.7,0.0075,,
0.5365,68,35.5,21.7,0.0075,,
0.5450,69,36.5,21.7,0.0075,,
0.5535,70,37.3,21.7,0.0075,,
0.5610,71,38.1,21.7,0.0070,,
0.5695,72,39.0,21.7,0.0075,,
0.5775,73,39.9,21.7,0.0075,,
0.5860,74,40.8,21.7,0.0075,,
0.5945,75,41.7,21.7,0.0075,,
0.6030,76,42.5,21.7,0.0085,,
0.6105,77,43.4,21.7,0.0070,,
0.6190,78,44.3,21.7,0.0075,,
0.6275,79,45.1,21.7,0.0075,,
0.6360,80,46.1,21.7,0.0075,,
0.6440,81,47.0,21.7,0.0075,,
0.6525,82,47.8,21.7,0.0085,,
0.6600,83,48.6,21.7,0.0070,,
0.6685,84,49.6,21.7,0.0075,,
0.6770,85,50.5,21.7,0.0075,,
0.6855,86,51.4,21.7,0.0075,,
0.6940,87,52.3,21.7,0.0075,,
0.7015,88,53.1,21.7,0.0075,,
0.7100,89,54.0,21.7,0.0075,,
0.7185,90,54.9,21.7,0.0075,,
0.7270,91,55.8,21.7,0.0075,,
0.7350,92,56.7,21.7,0.0075,,
0.7435,93,57.6,21.7,0.0075,,
0.7510,94,58.4,21.7,0.0075,,
0.7595,95,59.4,21.7,0.0075,,
0.7680,96,60.3,21.7,0.0075,,
0.7765,97,61.2,21.7,0.0075,,
0.7850,98,62.1,21.7,0.0075,,
0.7935,99,63.0,21.7,0.0085,,
0.8010,100,63.9,21.7,0.0070,,
0.8095,101,64.7,21.7,0.0075,,
0.8175,102,65.7,21.7,0.0075,,
0.8260,103,66.6,21.7,0.0075,,
0.8345,104,67.5,21.7,0.0075,,
0.8420,105,68.5,21.7,0.0075,,
0.8505,106,69.3,21.7,0.0075,,
0.8590,107,70.3,21.7,0.0075,,
0.8675,108,71.3,21.7,0.0075,,
0.8760,109,72.3,21.7,0.0075,,
0.8840,110,73.2,21.7,0.0075,,
0.8920,111,74.1,21.7,0.0080,,
0.9000,112,75.0,21.7,0.0075,,
0.9085,113,76.0,21.7,0.0075,,
0.9170,114,77.1,21.7,0.0075,,
0.9255,115,78.2,21.7,0.0075,,
0.9340,116,79.1,21.7,0.0085,,
0.9415,117,80.2,21.7,0.0070,,
0.9500,118,81.2,21.7,0.0075,,
0.9585,119,82.3,21.7,0.0075,,
0.9665,120,83.4,21.7,0.0075,,
0.9750,121,84.4,21.7,0.0075,,
0.9825,122,85.5,21.7,0.0075,,
0.9910,123,86.5,21.7,0.0075,,
0.9995,124,87.5,21.7,0.0075,,
1.0080,125,88.6,21.7,0.0075,,
1.0165,126,89.6,21.7,0.0075,,
1.0250,127,90.7,21.7,0.0075,,
1.0325,128,91.8,21.7,0.0075,,
1.0410,129,93.1,21.7,0.0075,,
1.0495,130,94.4,21.7,0.0075,,
1.0575,131,95.6,21.7,0.0075,,
1.0660,132,97.0,21.7,0.0075,,
1.0745,133,98.2,21.7,0.0085,,
1.0820,134,99.5,21.7,0.0070,,
1.0905,135,100.8,21.7,0.0075,,
1.0990,136,102.3,21.7,0.0075,,
1.1075,137,103.8,21.7,0.0075,,
1.1160,138,105.2,21.7,0.0075,,
1.1240,139,106.7,21.7,0.0080,,
1.1320,140,108.4,21.7,0.0075,,
1.1400,141,110.0,21.7,0.0075,,
1.1485,142,111.8,21.7,0.0075,,
1.1570,143,113.5,21.7,0.0075,,
1.1655,144,115.4,21.7,0.0075,,
1.1730,145,117.1,21.7,0.0075,,
1.1815,146,119.1,21.7,0.0075,,
1.1900,147,121.3,21.7,0.0075,,
1.1985,148,123.6,21.7,0.0075,,
1.2070,149,126.3,21.7,0.0075,,
1.2150,150,128.7,21.7,0.0075,,
1.2225,151,131.2,21.7,0.0070,,
1.2310,152,134.2,21.7,0.0075,,
1.2395,153,137.3,21.7,0.0075,,
1.2480,154,140.4,21.7,0.0075,,
1.2565,155,143.7,21.7,0.0075,,
1.2650,156,146.8,21.7,0.0085,,
1.2725,157,150.7,21.7,0.0070,,
1.2810,158,154.2,21.7,0.0075,,
1.2895,159,157.9,21.7,0.0075,,
1.2975,160,161.6,21.7,0.0075,,
1.3060,161,165.1,21.7,0.0075,,
1.3145,162,168.0,21.7,0.0085,,
1.3220,163,171.1,21.7,0.0070,,
1.3305,164,174.0,21.7,0.0075,,
1.3390,165,176.7,21.7,0.0075,,
1.3475,166,179.4,21.7,0.0075,,
1.3555,167,181.7,21.7,0.0075,,
1.3635,168,183.7,21.7,0.0080,,
1.3705,169,185.2,21.7,0.0070,,
1.3705,409,188.2,21.8,0.0000,,
1.3710,410,188.3,21.8,0.0005,,
1.3725,411,188.3,21.8,0.0015,,
1.3750,412,188.6,21.8,0.0020,,
1.3790,413,189.1,21.8,0.0035,,
1.3855,414,190.0,21.8,0.0055,,
1.3940,415,191.3,21.8,0.0075,,
1.4015,416,192.8,21.8,0.0070,,
1.4100,417,194.4,21.8,0.0075,,
1.4180,418,195.7,21.8,0.0065,,
1.4265,419,197.0,21.8,0.0070,,
1.4350,420,198.3,21.8,0.0070,,
1.4425,421,199.4,21.8,0.0070,,
1.4510,422,200.7,21.8,0.0075,,
1.4595,423,201.8,21.8,0.0075,,
1.4680,424,203.0,21.8,0.0070,,
1.4765,425,204.1,21.8,0.0070,,
1.4845,426,205.0,21.8,0.0065,,
1.4925,427,205.9,21.8,0.0075,,
1.5005,428,206.8,21.8,0.0075,,
1.5090,429,207.8,21.8,0.0075,,
1.5175,430,208.7,21.8,0.0070,,
1.5260,431,209.5,21.8,0.0070,,
1.5345,432,210.3,21.8,0.0070,,
1.5420,433,211.0,21.8,0.0070,,
1.5505,434,211.8,21.8,0.0075,,
1.5590,435,212.6,21.8,0.0070,,
1.5670,436,213.1,21.8,0.0065,,
1.5755,437,213.8,21.8,0.0070,,
1.5835,438,214.4,21.8,0.0075,,
1.5915,439,215.1,21.8,0.0075,,
1.6000,440,215.7,21.8,0.0075,,
1.6085,441,216.3,21.8,0.0070,,
1.6170,442,217.0,21.8,0.0070,,
1.6255,443,217.6,21.8,0.0070,,
1.6330,444,218.3,21.8,0.0070,,
1.6415,445,218.9,21.8,0.0075,,
1.6500,446,219.5,21.8,0.0075,,
1.6580,447,220.1,21.8,0.0065,,
1.6665,448,220.6,21.8,0.0070,,
1.6750,449,221.1,21.8,0.0075,,
1.6825,450,221.6,21.8,0.0070,,
1.6910,451,222.1,21.8,0.0075,,
1.6995,452,222.5,21.8,0.0070,,
1.7080,453,222.9,21.8,0.0070,,
1.7165,454,223.4,21.8,0.0070,,
1.7245,455,223.9,21.8,0.0075,,
1.7325,456,224.4,21.8,0.0075,,
1.7405,457,224.9,21.8,0.0075,,
1.7490,458,225.3,21.8,0.0070,,
1.7575,459,225.7,21.8,0.0070,,
1.7660,460,226.2,21.8,0.0070,,
1.7745,461,226.7,21.8,0.0075,,
1.7820,462,227.1,21.8,0.0070,,
1.7905,463,227.4,21.8,0.0075,,
1.7990,464,227.8,21.8,0.0070,,
1.8070,465,228.1,21.8,0.0065,,
1.8155,466,228.5,21.8,0.0070,,
1.8230,467,228.8,21.8,0.0070,,
1.8315,468,229.3,21.8,0.0075,,
1.8400,469,229.7,21.8,0.0070,,
1.8485,470,230.1,21.8,0.0070,,
1.8570,471,230.4,21.8,0.0070,,
1.8655,472,230.7,21.8,0.0075,,
1.8730,473,231.2,21.8,0.0070,,
1.8815,474,231.6,21.8,0.0075,,
1.8895,475,231.8,21.8,0.0065,,
1.8980,476,232.3,21.8,0.0070,,
1.9065,477,232.6,21.8,0.0070,,
1.9140,478,232.9,21.8,0.0070,,
1.9225,479,233.3,21.8,0.0075,,
1.9310,480,233.6,21.8,0.0075,,
1.9390,481,233.9,21.8,0.0065,,
1.9465,482,234.1,21.8,0.0060,,
1.9500,483,234.2,21.8,0.0030,,
1.9515,484,234.4,21.8,0.0015,,
1.9530,485,234.4,21.8,0.0015,,
1.9555,486,234.5,21.8,0.0025,,
1.9585,487,234.6,21.8,0.0025,,
1.9610,488,234.8,21.8,0.0020,,
1.9620,489,234.9,21.8,0.0010,,
1.9625,490,234.9,21.8,0.0005,,
1.9645,491,235.0,21.8,0.0015,,
Scope 1/1, Sample 9/19 (T14)
Result,TitrationEP1
V,t,E,T,dV/dt,E acc. stat.,Volume acc. stat.
0.0000,0,-58.2,21.7,NaN,,
0.0010,1,-58.3,21.7,0.0010,,
0.0025,2,-58.5,21.7,0.0015,,
0.0050,3,-58.5,21.7,0.0020,,
0.0090,4,-58.4,21.7,0.0035,,
0.0150,5,-58.1,21.7,0.0055,,
0.0235,6,-57.7,21.7,0.0075,,
0.0320,7,-57.1,21.7,0.0075,,
0.0405,8,-56.0,21.7,0.0075,,
0.0490,9,-55.1,21.7,0.0075,,
0.0565,10,-53.9,21.7,0.0070,,
0.0650,11,-52.6,21.7,0.0075,,
0.0735,12,-51.2,21.7,0.0075,,
0.0815,13,-49.5,21.7,0.0075,,
0.0900,14,-48.0,21.7,0.0075,,
0.0975,15,-46.4,21.7,0.0070,,
0.1060,16,-44.8,21.7,0.0075,,
0.1145,17,-42.9,21.7,0.0075,,
0.1230,18,-40.8,21.7,0.0075,,
0.1315,19,-38.8,21.7,0.0075,,
0.1400,20,-36.7,21.7,0.0075,,
0.1475,21,-34.5,21.7,0.0070,,
0.1560,22,-32.0,21.7,0.0075,,
0.1640,23,-29.3,21.7,0.0075,,
0.1725,24,-26.7,21.7,0.0075,,
0.1810,25,-24.0,21.7,0.0075,,
0.1895,26,-21.1,21.7,0.0075,,
0.1970,27,-18.5,21.7,0.0070,,
0.2055,28,-15.8,21.7,0.0075,,
0.2140,29,-13.3,21.7,0.0075,,
0.2225,30,-11.0,21.7,0.0075,,
0.2305,31,-8.7,21.7,0.0075,,
0.2390,32,-6.8,21.7,0.0075,,
0.2465,33,-4.8,21.7,0.0070,,
0.2550,34,-3.1,21.7,0.0075,,
0.2635,35,-1.4,21.7,0.0075,,
0.2720,36,0.1,21.7,0.0075,,
0.2805,37,1.5,21.7,0.0075,,
0.2880,38,2.9,21.7,0.0070,,
0.2965,39,4.2,21.7,0.0075,,
0.3050,40,5.7,21.7,0.0075,,
0.3135,41,6.8,21.7,0.0075,,
0.3215,42,7.9,21.7,0.0075,,
0.3300,43,9.1,21.7,0.0070,,
0.3375,44,10.2,21.7,0.0070,,
0.3460,45,11.3,21.7,0.0075,,
0.3545,46,12.2,21.7,0.0075,,
0.3630,47,13.3,21.7,0.0075,,
0.3715,48,14.5,21.7,0.0075,,
0.3800,49,15.4,21.7,0.0075,,
0.3875,50,16.4,21.7,0.0070,,
0.3960,51,17.4,21.7,0.0075,,
0.4040,52,18.3,21.7,0.0075,,
0.4125,53,19.3,21.7,0.0075,,
0.4210,54,20.2,21.7,0.0075,,
0.4285,55,21.1,21.7,0.0070,,
0.4370,56,22.0,21.7,0.0075,,
0.4455,57,22.9,21.7,0.0075,,
0.4540,58,23.9,21.7,0.0075,,
0.4625,59,24.7,21.7,0.0075,,
0.4705,60,25.6,21.7,0.0075,,
0.4785,61,26.4,21.7,0.0075,,
0.4865,62,27.5,21.7,0.0075,,
0.4950,63,28.3,21.7,0.0075,,
0.5035,64,29.1,21.7,0.0075,,
0.5120,65,30.0,21.7,0.0075,,
0.5205,66,31.1,21.7,0.0075,,
0.5280,67,31.8,21.7,0.0070,,
0.5365,68,32.7,21.7,0.0075,,
0.5445,69,33.4,21.7,0.0075,,
0.5530,70,34.4,21.7,0.0075,,
0.5615,71,35.4,21.7,0.0075,,
0.5700,72,36.3,21.7,0.0070,,
0.5775,73,37.1,21.7,0.0070,,
0.5860,74,37.9,21.7,0.0075,,
0.5945,75,39.0,21.7,0.0075,,
0.6030,76,39.8,21.7,0.0075,,
0.6115,77,40.5,21.7,0.0075,,
0.6190,78,41.3,21.7,0.0070,,
0.6275,79,42.1,21.7,0.0075,,
0.6355,80,43.1,21.7,0.0075,,
0.6440,81,43.8,21.7,0.0075,,
0.6525,82,44.7,21.7,0.0075,,
0.6610,83,45.7,21.7,0.0075,,
0.6685,84,46.4,21.7,0.0070,,
0.6770,85,47.4,21.7,0.0075,,
0.6855,86,48.2,21.7,0.0075,,
0.6940,87,49.2,21.7,0.0075,,
0.7025,88,50.2,21.7,0.0075,,
0.7105,89,51.0,21.7,0.0065,,
0.7180,90,51.8,21.7,0.0070,,
0.7265,91,52.7,21.7,0.0075,,
0.7350,92,53.7,21.7,0.0075,,
0.7435,93,54.6,21.7,0.0075,,
0.7520,94,55.4,21.7,0.0075,,
0.7605,95,56.3,21.7,0.0075,,
0.7680,96,57.1,21.7,0.0070,,
0.7765,97,58.1,21.7,0.0075,,
0.7850,98,59.0,21.7,0.0075,,
0.7930,99,59.8,21.7,0.0075,,
0.8015,100,60.8,21.7,0.0075,,
0.8090,101,61.6,21.7,0.0070,,
0.8175,102,62.5,21.7,0.0075,,
0.8260,103,63.4,21.7,0.0075,,
0.8345,104,64.2,21.7,0.0075,,
0.8430,105,65.2,21.7,0.0075,,
0.8515,106,66.2,21.7,0.0075,,
0.8590,107,67.1,21.7,0.0070,,
0.8675,108,67.9,21.7,0.0075,,
0.8755,109,68.8,21.7,0.0075,,
0.8840,110,70.0,21.7,0.0075,,
0.8925,111,70.9,21.7,0.0075,,
0.9010,112,71.8,21.7,0.0070,,
0.9085,113,72.7,21.7,0.0070,,
0.9170,114,73.7,21.7,0.0075,,
0.9255,115,74.7,21.7,0.0075,,
0.9340,116,75.7,21.7,0.0075,,
0.9420,117,76.6,21.7,0.0075,,
0.9505,118,77.5,21.7,0.0075,,
0.9580,119,78.5,21.7,0.0070,,
0.9665,120,79.5,21.7,0.0075,,
0.9750,121,80.6,21.7,0.0075,,
0.9835,122,81.6,21.7,0.0075,,
0.9920,123,82.8,21.7,0.0075,,
1.0005,124,83.8,21.7,0.0075,,
1.0080,125,85.0,21.7,0.0070,,
1.0165,126,85.8,21.7,0.0075,,
1.0245,127,87.0,21.7,0.0075,,
1.0330,128,88.2,21.7,0.0075,,
1.0415,129,89.3,21.7,0.0075,,
1.0490,130,90.4,21.7,0.0070,,
1.0575,131,91.5,21.7,0.0075,,
1.0660,132,92.7,21.7,0.0075,,
1.0745,133,93.9,21.7,0.0075,,
1.0830,134,95.1,21.7,0.0075,,
1.0910,135,96.7,21.7,0.0075,,
1.0990,136,97.9,21.7,0.0075,,
1.1070,137,99.3,21.7,0.0075,,
1.1155,138,100.7,21.7,0.0075,,
1.1240,139,102.1,21.7,0.0075,,
1.1325,140,103.8,21.7,0.0075,,
1.1410,141,105.3,21.7,0.0075,,
1.1485,142,106.8,21.7,0.0070,,
1.1570,143,108.3,21.7,0.0075,,
1.1655,144,109.9,21.7,0.0075,,
1.1735,145,111.9,21.7,0.0075,,
1.1820,146,113.6,21.7,0.0075,,
1.1905,147,115.5,21.7,0.0075,,
1.1980,148,117.5,21.7,0.0070,,
1.2065,149,119.8,21.7,0.0075,,
1.2150,150,122.2,21.7,0.0075,,
1.2235,151,124.6,21.7,0.0075,,
1.2320,152,127.1,21.7,0.0075,,
1.2395,153,129.6,21.7,0.0070,,
1.2480,154,132.4,21.7,0.0075,,
1.2560,155,135.3,21.7,0.0075,,
1.2645,156,138.7,21.7,0.0075,,
1.2730,157,142.0,21.7,0.0075,,
1.2815,158,145.8,21.7,0.0075,,
1.2890,159,148.8,21.7,0.0070,,
1.2975,160,152.7,21.7,0.0075,,
1.3060,161,156.4,21.7,0.0075,,
1.3145,162,160.1,21.7,0.0075,,
1.3225,163,163.7,21.7,0.0075,,
1.3310,164,167.1,21.7,0.0075,,
1.3385,165,170.1,21.7,0.0070,,
1.3470,166,173.0,21.7,0.0075,,
1.3555,167,176.0,21.7,0.0075,,
1.3640,168,178.7,21.7,0.0075,,
1.3725,169,181.0,21.7,0.0075,,
1.3810,170,183.3,21.7,0.0070,,
1.3895,171,185.0,21.7,0.0065,,
1.3895,411,188.6,21.8,0.0000,,
1.3900,412,188.6,21.8,0.0005,,
1.3915,413,188.5,21.8,0.0010,,
1.3940,414,188.7,21.8,0.0020,,
1.3980,416,189.3,21.8,0.0025,,
1.4040,416,189.9,21.8,0.0120,,
1.4125,417,191.1,21.8,0.0060,,
1.4200,418,192.4,21.8,0.0055,,
1.4280,419,193.9,21.8,0.0055,,
1.4365,420,195.4,21.8,0.0055,,
1.4450,422,196.7,21.8,0.0055,,
1.4535,422,197.9,21.8,0.0170,,
1.4620,423,199.0,21.8,0.0060,,
1.4695,424,200.3,21.8,0.0055,,
1.4780,425,201.4,21.8,0.0060,,
1.4865,426,202.5,21.8,0.0055,,
1.4945,428,203.5,21.8,0.0055,,
1.5030,428,204.6,21.8,0.0170,,
1.5105,429,205.4,21.8,0.0055,,
1.5190,430,206.4,21.8,0.0060,,
1.5275,431,207.2,21.8,0.0060,,
1.5360,432,208.1,21.8,0.0055,,
1.5445,434,209.1,21.8,0.0055,,
1.5530,434,209.9,21.8,0.0170,,
1.5605,435,210.5,21.8,0.0055,,
1.5690,436,211.2,21.8,0.0060,,
1.5775,437,212.1,21.8,0.0060,,
1.5855,438,212.8,21.8,0.0055,,
1.5940,440,213.4,21.8,0.0055,,
1.6025,440,214.3,21.8,0.0170,,
1.6100,441,214.8,21.8,0.0055,,
1.6185,442,215.6,21.8,0.0060,,
1.6270,444,216.1,21.8,0.0055,,
1.6355,444,216.7,21.8,0.0170,,
1.6440,446,217.5,21.8,0.0055,,
1.6520,446,217.8,21.8,0.0200,,
1.6595,447,218.5,21.8,0.0055,,
1.6680,448,219.1,21.8,0.0060,,
1.6765,450,219.7,21.8,0.0055,,
1.6850,450,220.3,21.8,0.0170,,
1.6935,452,220.8,21.8,0.0055,,
1.7010,452,221.2,21.8,0.0185,,
1.7095,453,221.7,21.8,0.0060,,
1.7180,454,222.3,21.8,0.0060,,
1.7265,456,222.8,21.8,0.0055,,
1.7345,456,223.1,21.8,0.0160,,
1.7430,458,223.6,21.8,0.0055,,
1.7505,458,224.0,21.8,0.0185,,
1.7590,459,224.6,21.8,0.0060,,
1.7675,460,225.0,21.8,0.0055,,
1.7760,462,225.4,21.8,0.0055,,
1.7845,462,225.9,21.8,0.0170,,
1.7930,464,226.4,21.8,0.0055,,
1.8005,464,226.8,21.8,0.0185,,
1.8090,465,227.1,21.8,0.0060,,
1.8170,466,227.4,21.8,0.0055,,
1.8255,468,227.9,21.8,0.0055,,
1.8340,468,228.2,21.8,0.0170,,
1.8415,469,228.6,21.8,0.0055,,
1.8500,470,228.9,21.8,0.0060,,
1.8585,472,229.3,21.8,0.0055,,
1.8670,472,229.7,21.8,0.0170,,
1.8755,474,230.0,21.8,0.0055,,
1.8840,474,230.3,21.8,0.0170,,
1.8915,475,230.6,21.8,0.0055,,
1.8995,476,231.1,21.8,0.0055,,
1.9080,477,231.6,21.8,0.0060,,
1.9165,478,231.9,21.8,0.0055,,
1.9250,480,232.2,21.8,0.0055,,
1.9335,480,232.6,21.8,0.0170,,
1.9410,481,232.9,21.8,0.0055,,
1.9495,482,233.2,21.8,0.0060,,
1.9580,483,233.3,21.8,0.0060,,
1.9660,484,233.7,21.8,0.0055,,
1.9710,486,234.1,21.8,0.0035,,
1.9750,486,234.2,21.8,0.0080,,
1.9770,487,234.4,21.8,0.0015,,
1.9790,488,234.4,21.8,0.0015,,
1.9805,490,234.5,21.8,0.0010,,
1.9835,490,234.6,21.8,0.0060,,
1.9850,492,234.6,21.8,0.0010,,
1.9855,492,234.7,21.8,0.0010,,
1.9865,493,234.7,21.8,0.0005,,
1.9875,494,234.9,21.8,0.0005,,
1.9885,496,234.9,21.8,0.0005,,
1.9895,497,235.0,21.8,0.0015,,
Scope 1/1, Sample 10/19 (T15)
Result,TitrationEP1
V,t,E,T,dV/dt,E acc. stat.,Volume acc. stat.
0.0000,0,-57.3,21.7,NaN,,
0.0005,1,-57.4,21.7,0.0005,,
0.0025,2,-57.3,21.7,0.0020,,
0.0050,3,-57.3,21.7,0.0025,,
0.0090,4,-57.3,21.7,0.0035,,
0.0150,5,-56.9,21.7,0.0055,,
0.0235,6,-56.6,21.7,0.0085,,
0.0310,7,-55.8,21.7,0.0075,,
0.0395,8,-55.0,21.7,0.0085,,
0.0480,9,-54.0,21.7,0.0075,,
0.0565,10,-52.7,21.7,0.0075,,
0.0650,11,-51.3,21.7,0.0075,,
0.0735,12,-50.1,21.7,0.0085,,
0.0810,13,-48.6,21.7,0.0075,,
0.0890,14,-47.0,21.7,0.0080,,
0.0975,15,-45.1,21.7,0.0075,,
0.1060,16,-43.2,21.7,0.0075,,
0.1145,17,-41.3,21.7,0.0075,,
0.1230,18,-39.5,21.7,0.0085,,
0.1305,19,-37.6,21.7,0.0075,,
0.1390,20,-35.2,21.7,0.0085,,
0.1475,21,-32.7,21.7,0.0075,,
0.1555,22,-30.2,21.7,0.0075,,
0.1640,23,-27.4,21.7,0.0075,,
0.1725,24,-25.0,21.7,0.0085,,
0.1800,25,-22.1,21.7,0.0075,,
0.1885,26,-19.2,21.7,0.0085,,
0.1970,27,-16.4,21.7,0.0085,,
0.2055,28,-13.8,21.7,0.0075,,
0.2135,29,-11.3,21.7,0.0075,,
0.2220,30,-9.1,21.7,0.0075,,
0.2295,31,-7.0,21.7,0.0075,,
0.2380,32,-5.1,21.7,0.0085,,
0.2465,33,-3.3,21.7,0.0085,,
0.2550,34,-1.6,21.7,0.0075,,
0.2635,35,-0.1,21.7,0.0075,,
0.2715,36,1.3,21.7,0.0075,,
0.2795,37,2.6,21.7,0.0080,,
0.2875,38,4.0,21.7,0.0080,,
0.2960,39,5.6,21.7,0.0085,,
0.3045,40,6.8,21.7,0.0075,,
0.3130,41,7.9,21.7,0.0075,,
0.3215,42,9.2,21.7,0.0075,,
0.3290,43,10.2,21.7,0.0075,,
0.3375,44,11.4,21.7,0.0085,,
0.3455,45,12.4,21.7,0.0080,,
0.3540,46,13.4,21.7,0.0075,,
0.3625,47,14.5,21.7,0.0075,,
0.3710,48,15.6,21.7,0.0075,,
0.3795,49,16.4,21.7,0.0085,,
0.3870,50,17.3,21.7,0.0075,,
0.3955,51,18.2,21.7,0.0085,,
0.4040,52,19.3,21.7,0.0075,,
0.4120,53,20.2,21.7,0.0075,,
0.4205,54,21.0,21.7,0.0075,,
0.4290,55,22.0,21.7,0.0085,,
0.4365,56,22.8,21.7,0.0075,,
0.4450,57,23.9,21.7,0.0085,,
0.4535,58,24.8,21.7,0.0075,,
0.4620,59,25.6,21.7,0.0075,,
0.4705,60,26.5,21.7,0.0075,,
0.4780,61,27.4,21.7,0.0075,,
0.4860,62,28.4,21.7,0.0080,,
0.4945,63,29.3,21.7,0.0085,,
0.5030,64,30.1,21.7,0.0075,,
0.5115,65,31.1,21.7,0.0075,,
0.5200,66,32.0,21.7,0.0075,,
0.5285,67,32.8,21.7,0.0085,,
0.5360,68,33.7,21.7,0.0075,,
0.5440,69,34.4,21.7,0.0080,,
0.5525,70,35.3,21.7,0.0075,,
0.5610,71,36.3,21.7,0.0075,,
0.5695,72,37.1,21.7,0.0075,,
0.5780,73,37.8,21.7,0.0075,,
0.5855,74,38.6,21.7,0.0075,,
0.5940,75,39.5,21.7,0.0085,,
0.6025,76,40.5,21.7,0.0085,,
0.6105,77,41.3,21.7,0.0075,,
0.6190,78,42.1,21.7,0.0075,,
0.6275,79,43.1,21.7,0.0075,,
0.6350,80,43.8,21.7,0.0075,,
0.6435,81,44.8,21.7,0.0085,,
0.6520,82,45.7,21.7,0.0085,,
0.6605,83,46.5,21.7,0.0075,,
0.6685,84,47.5,21.7,0.0075,,
0.6770,85,48.4,21.7,0.0075,,
0.6855,86,49.2,21.7,0.0085,,
0.6930,87,50.0,21.7,0.0075,,
0.7015,88,50.8,21.7,0.0085,,
0.7100,89,51.7,21.7,0.0075,,
0.7185,90,52.7,21.7,0.0075,,
0.7265,91,53.4,21.7,0.0075,,
0.7350,92,54.2,21.7,0.0085,,
0.7425,93,55.1,21.7,0.0075,,
0.7510,94,56.1,21.7,0.0085,,
0.7595,95,57.0,21.7,0.0075,,
0.7680,96,57.8,21.7,0.0075,,
0.7765,97,58.7,21.7,0.0075,,
0.7845,98,59.8,21.7,0.0075,,
0.7925,99,60.6,21.7,0.0080,,
0.8005,100,61.7,21.7,0.0080,,
0.8090,101,62.4,21.7,0.0085,,
0.8175,102,63.3,21.7,0.0075,,
0.8260,103,64.3,21.7,0.0075,,
0.8345,104,65.1,21.7,0.0075,,
0.8420,105,66.1,21.7,0.0075,,
0.8505,106,67.0,21.7,0.0085,,
0.8585,107,68.0,21.7,0.0080,,
0.8670,108,69.0,21.7,0.0075,,
0.8755,109,69.9,21.7,0.0075,,
0.8840,110,70.8,21.7,0.0075,,
0.8915,111,71.7,21.7,0.0075,,
0.9000,112,72.7,21.7,0.0085,,
0.9085,113,73.6,21.7,0.0075,,
0.9170,114,74.4,21.7,0.0075,,
0.9250,115,75.5,21.7,0.0075,,
0.9335,116,76.4,21.7,0.0085,,
0.9410,117,77.5,21.7,0.0075,,
0.9495,118,78.6,21.7,0.0085,,
0.9580,119,79.5,21.7,0.0075,,
0.9665,120,80.4,21.7,0.0075,,
0.9750,121,81.5,21.7,0.0075,,
0.9835,122,82.4,21.7,0.0085,,
0.9910,123,83.5,21.7,0.0075,,
0.9995,124,84.4,21.7,0.0085,,
1.0075,125,85.5,21.7,0.0075,,
1.0160,126,86.6,21.7,0.0075,,
1.0245,127,87.7,21.7,0.0075,,
1.0330,128,88.8,21.7,0.0085,,
1.0405,129,90.0,21.7,0.0075,,
1.0490,130,91.3,21.7,0.0085,,
1.0575,131,92.5,21.7,0.0075,,
1.0655,132,93.6,21.7,0.0075,,
1.0740,133,94.9,21.7,0.0075,,
1.0825,134,96.3,21.7,0.0075,,
1.0900,135,97.3,21.7,0.0075,,
1.0985,136,98.6,21.7,0.0085,,
1.1070,137,99.8,21.7,0.0075,,
1.1155,138,101.2,21.7,0.0075,,
1.1235,139,102.7,21.7,0.0075,,
1.1320,140,104.3,21.7,0.0075,,
1.1395,141,105.7,21.7,0.0075,,
1.1480,142,107.3,21.7,0.0085,,
1.1565,143,109.0,21.7,0.0085,,
1.1650,144,110.9,21.7,0.0075,,
1.1735,145,112.8,21.7,0.0075,,
1.1820,146,114.7,21.7,0.0075,,
1.1895,147,116.8,21.7,0.0075,,
1.1980,148,118.7,21.7,0.0085,,
1.2060,149,121.1,21.7,0.0080,,
1.2145,150,123.5,21.7,0.0075,,
1.2230,151,125.9,21.7,0.0075,,
1.2315,152,128.5,21.7,0.0075,,
1.2390,153,131.0,21.7,0.0075,,
1.2475,154,134.1,21.7,0.0085,,
1.2560,155,137.3,21.7,0.0075,,
1.2645,156,140.6,21.7,0.0075,,
1.2725,157,144.1,21.7,0.0075,,
1.2810,158,147.6,21.7,0.0075,,
1.2885,159,151.0,21.7,0.0075,,
1.2970,160,154.7,21.7,0.0085,,
1.3055,161,158.6,21.7,0.0085,,
1.3140,162,162.3,21.7,0.0075,,
1.3225,163,165.9,21.7,0.0075,,
1.3305,164,169.0,21.7,0.0075,,
1.3385,165,171.9,21.7,0.0080,,
1.3465,166,174.7,21.7,0.0080,,
1.3550,167,177.6,21.7,0.0085,,
1.3635,168,180.0,21.7,0.0075,,
1.3720,169,182.2,21.7,0.0075,,
1.3805,170,184.4,21.7,0.0075,,
1.3850,171,185.3,21.7,0.0065,,
1.3850,411,188.9,21.7,0.0000,,
1.3855,412,188.7,21.7,0.0005,,
1.3870,413,188.9,21.7,0.0020,,
1.3895,414,189.1,21.7,0.0030,,
1.3935,415,189.5,21.7,0.0045,,
1.3995,416,190.4,21.7,0.0065,,
1.4075,417,191.7,21.7,0.0090,,
1.4150,418,192.9,21.7,0.0095,,
1.4235,419,194.3,21.7,0.0105,,
1.4320,420,195.7,21.7,0.0105,,
1.4405,421,197.0,21.7,0.0095,,
1.4490,422,198.4,21.7,0.0095,,
1.4570,423,199.5,21.7,0.0090,,
1.4650,424,200.6,21.7,0.0100,,
1.4730,425,201.7,21.7,0.0100,,
1.4815,426,202.8,21.7,0.0105,,
1.4900,427,204.0,21.7,0.0095,,
1.4985,428,204.8,21.7,0.0095,,
1.5070,429,205.8,21.7,0.0095,,
1.5145,430,206.8,21.7,0.0095,,
1.5230,431,207.7,21.7,0.0105,,
1.5315,432,208.7,21.7,0.0105,,
1.5395,433,209.3,21.7,0.0090,,
1.5480,434,210.1,21.7,0.0095,,
1.5565,435,211.0,21.7,0.0095,,
1.5640,436,211.7,21.7,0.0095,,
1.5725,437,212.5,21.7,0.0105,,
1.5810,438,213.2,21.7,0.0105,,
1.5895,439,213.7,21.7,0.0095,,
1.5975,440,214.6,21.7,0.0090,,
1.6060,441,215.2,21.7,0.0095,,
1.6145,442,215.8,21.7,0.0105,,
1.6220,443,216.3,21.7,0.0095,,
1.6305,444,216.9,21.7,0.0105,,
1.6390,445,217.7,21.7,0.0095,,
1.6475,446,218.3,21.7,0.0095,,
1.6555,447,218.7,21.7,0.0090,,
1.6640,448,219.3,21.7,0.0105,,
1.6715,449,219.8,21.7,0.0095,,
1.6800,450,220.4,21.7,0.0105,,
1.6885,451,221.1,21.7,0.0095,,
1.6970,452,221.4,21.7,0.0095,,
1.7055,453,222.0,21.7,0.0095,,
1.7140,454,222.4,21.7,0.0105,,
1.7215,455,222.9,21.7,0.0095,,
1.7295,456,223.4,21.7,0.0100,,
1.7380,457,223.8,21.7,0.0105,,
1.7465,458,224.3,21.7,0.0095,,
1.7550,459,224.8,21.7,0.0095,,
1.7635,460,225.3,21.7,0.0105,,
1.7710,461,225.7,21.7,0.0095,,
1.7795,462,226.2,21.7,0.0105,,
1.7880,463,226.7,21.7,0.0095,,
1.7965,464,227.1,21.7,0.0095,,
1.8045,465,227.5,21.7,0.0090,,
1.8120,466,227.8,21.7,0.0095,,
1.8205,467,228.2,21.7,0.0105,,
1.8290,468,228.7,21.7,0.0105,,
1.8375,469,229.1,21.7,0.0095,,
1.8460,470,229.3,21.8,0.0095,,
1.8545,471,229.8,21.7,0.0095,,
1.8625,472,230.0,21.7,0.0100,,
1.8705,473,230.4,21.7,0.0100,,
1.8785,474,230.9,21.7,0.0100,,
1.8870,475,231.2,21.7,0.0095,,
1.8955,476,231.6,21.7,0.0095,,
1.9040,477,232.0,21.7,0.0095,,
1.9125,478,232.3,21.7,0.0095,,
1.9200,479,232.7,21.7,0.0095,,
1.9285,480,232.9,21.7,0.0105,,
1.9365,481,233.3,21.7,0.0090,,
1.9450,482,233.6,21.7,0.0095,,
1.9515,483,233.8,21.7,0.0070,,
1.9555,484,234.0,21.8,0.0045,,
1.9590,485,234.1,21.8,0.0045,,
1.9640,486,234.3,21.7,0.0060,,
1.9660,487,234.6,21.8,0.0020,,
1.9670,488,234.6,21.7,0.0010,,
1.9680,489,234.5,21.7,0.0010,,
1.9685,490,234.6,21.7,0.0005,,
1.9690,491,234.6,21.7,0.0005,,
1.9695,492,234.8,21.7,0.0005,,
1.9705,493,234.7,21.7,0.0010,,
1.9720,494,234.8,21.7,0.0015,,
1.9735,495,234.9,21.7,0.0015,,
1.9740,496,234.9,21.7,0.0005,,
1.9750,497,235.1,21.7,0.0010,,
Scope 1/1, Sample 11/19 (T16)
Result,TitrationEP1
V,t,E,T,dV/dt,E acc. stat.,Volume acc. stat.
0.0000,0,-58.1,21.6,NaN,,
0.0005,1,-58.1,21.6,0.0005,,
0.0025,2,-58.2,21.6,0.0020,,
0.0050,3,-58.1,21.6,0.0025,,
0.0085,4,-58.0,21.6,0.0030,,
0.0150,5,-57.8,21.6,0.0060,,
0.0230,6,-57.3,21.6,0.0075,,
0.0305,7,-56.6,21.6,0.0075,,
0.0390,8,-55.6,21.6,0.0085,,
0.0475,9,-54.5,21.6,0.0075,,
0.0560,10,-53.3,21.6,0.0075,,
0.0645,11,-51.9,21.6,0.0075,,
0.0725,12,-50.4,21.6,0.0075,,
0.0805,13,-49.1,21.6,0.0080,,
0.0885,14,-47.5,21.6,0.0080,,
0.0970,15,-45.7,21.6,0.0075,,
0.1055,16,-44.0,21.6,0.0075,,
0.1140,17,-42.0,21.6,0.0075,,
0.1225,18,-39.8,21.6,0.0075,,
0.1300,19,-37.8,21.6,0.0075,,
0.1385,20,-35.5,21.6,0.0085,,
0.1470,21,-33.0,21.6,0.0075,,
0.1550,22,-30.4,21.6,0.0075,,
0.1635,23,-27.8,21.6,0.0075,,
0.1720,24,-24.9,21.6,0.0075,,
0.1795,25,-22.3,21.6,0.0075,,
0.1880,26,-19.2,21.6,0.0085,,
0.1965,27,-16.3,21.6,0.0075,,
0.2050,28,-13.5,21.6,0.0075,,
0.2130,29,-10.8,21.6,0.0075,,
0.2215,30,-8.3,21.6,0.0075,,
0.2290,31,-6.2,21.6,0.0075,,
0.2375,32,-4.1,21.6,0.0085,,
0.2460,33,-2.3,21.6,0.0075,,
0.2545,34,-0.5,21.6,0.0075,,
0.2630,35,1.1,21.6,0.0075,,
0.2715,36,2.7,21.6,0.0075,,
0.2790,37,4.0,21.6,0.0075,,
0.2870,38,5.4,21.6,0.0080,,
0.2955,39,6.8,21.6,0.0085,,
0.3040,40,8.1,21.6,0.0075,,
0.3125,41,9.3,21.6,0.0075,,
0.3210,42,10.5,21.6,0.0075,,
0.3295,43,11.7,21.6,0.0085,,
0.3370,44,12.9,21.6,0.0075,,
0.3455,45,14.0,21.6,0.0085,,
0.3535,46,15.1,21.6,0.0075,,
0.3620,47,16.3,21.6,0.0075,,
0.3705,48,17.4,21.6,0.0075,,
0.3790,49,18.4,21.6,0.0075,,
0.3865,50,19.3,21.6,0.0075,,
0.3950,51,20.2,21.6,0.0085,,
0.4035,52,21.2,21.6,0.0075,,
0.4115,53,22.2,21.6,0.0075,,
0.4200,54,23.0,21.6,0.0075,,
0.4285,55,24.0,21.6,0.0075,,
0.4360,56,25.0,21.6,0.0075,,
0.4445,57,25.9,21.6,0.0085,,
0.4530,58,26.8,21.6,0.0085,,
0.4610,59,27.7,21.6,0.0075,,
0.4695,60,28.5,21.6,0.0075,,
0.4780,61,29.4,21.6,0.0075,,
0.4855,62,30.2,21.6,0.0075,,
0.4940,63,31.2,21.6,0.0085,,
0.5025,64,32.1,21.6,0.0085,,
0.5110,65,32.9,21.6,0.0075,,
0.5195,66,33.7,21.6,0.0075,,
0.5275,67,34.6,21.6,0.0075,,
0.5360,68,35.4,21.6,0.0085,,
0.5435,69,36.1,21.6,0.0075,,
0.5520,70,37.0,21.6,0.0085,,
0.5605,71,38.0,21.7,0.0075,,
0.5690,72,38.9,21.6,0.0075,,
0.5775,73,39.7,21.6,0.0075,,
0.5855,74,40.6,21.6,0.0080,,
0.5935,75,41.5,21.6,0.0080,,
0.6015,76,42.3,21.6,0.0080,,
0.6100,77,43.1,21.6,0.0075,,
0.6185,78,43.9,21.7,0.0075,,
0.6270,79,44.8,21.6,0.0075,,
0.6345,80,45.7,21.6,0.0075,,
0.6430,81,46.6,21.7,0.0085,,
0.6515,82,47.5,21.6,0.0085,,
0.6600,83,48.3,21.6,0.0075,,
0.6680,84,49.3,21.6,0.0075,,
0.6765,85,50.2,21.6,0.0075,,
0.6840,86,51.0,21.6,0.0075,,
0.6925,87,51.8,21.6,0.0085,,
0.7010,88,52.7,21.6,0.0085,,
0.7095,89,53.7,21.6,0.0075,,
0.7180,90,54.6,21.7,0.0075,,
0.7260,91,55.3,21.7,0.0075,,
0.7345,92,56.0,21.7,0.0085,,
0.7420,93,56.9,21.7,0.0070,,
0.7505,94,57.8,21.7,0.0085,,
0.7590,95,58.8,21.7,0.0075,,
0.7675,96,59.6,21.7,0.0075,,
0.7760,97,60.5,21.7,0.0075,,
0.7845,98,61.3,21.7,0.0085,,
0.7920,99,62.3,21.7,0.0075,,
0.8005,100,63.2,21.7,0.0085,,
0.8085,101,64.1,21.7,0.0075,,
0.8170,102,65.1,21.7,0.0075,,
0.8255,103,66.0,21.7,0.0075,,
0.8340,104,66.8,21.7,0.0085,,
0.8415,105,67.7,21.7,0.0075,,
0.8500,106,68.4,21.7,0.0085,,
0.8585,107,69.4,21.7,0.0075,,
0.8665,108,70.4,21.7,0.0075,,
0.8750,109,71.3,21.7,0.0075,,
0.8835,110,72.2,21.7,0.0075,,
0.8910,111,73.2,21.7,0.0075,,
0.8995,112,74.1,21.7,0.0085,,
0.9080,113,75.1,21.7,0.0075,,
0.9165,114,76.0,21.7,0.0075,,
0.9250,115,76.9,21.7,0.0075,,
0.9330,116,78.0,21.7,0.0075,,
0.9405,117,78.9,21.7,0.0075,,
0.9490,118,79.9,21.7,0.0085,,
0.9575,119,80.8,21.7,0.0075,,
0.9660,120,81.8,21.7,0.0075,,
0.9745,121,82.9,21.7,0.0075,,
0.9830,122,83.9,21.7,0.0075,,
0.9905,123,85.0,21.7,0.0075,,
0.9990,124,86.0,21.7,0.0085,,
1.0070,125,87.1,21.7,0.0075,,
1.0155,126,88.2,21.7,0.0075,,
1.0240,127,89.3,21.7,0.0075,,
1.0325,128,90.3,21.7,0.0085,,
1.0400,129,91.5,21.7,0.0075,,
1.0485,130,92.7,21.7,0.0085,,
1.0570,131,93.8,21.7,0.0075,,
1.0655,132,95.0,21.7,0.0075,,
1.0735,133,96.2,21.7,0.0075,,
1.0820,134,97.4,21.7,0.0085,,
1.0895,135,98.8,21.7,0.0075,,
1.0980,136,100.1,21.7,0.0085,,
1.1065,137,101.5,21.7,0.0075,,
1.1150,138,103.0,21.7,0.0075,,
1.1235,139,104.4,21.7,0.0075,,
1.1320,140,105.8,21.7,0.0085,,
1.1395,141,107.3,21.7,0.0075,,
1.1475,142,109.0,21.7,0.0080,,
1.1560,143,110.7,21.7,0.0075,,
1.1645,144,112.3,21.7,0.0075,,
1.1730,145,114.3,21.7,0.0075,,
1.1815,146,116.3,21.7,0.0075,,
1.1890,147,118.2,21.7,0.0075,,
1.1975,148,120.2,21.7,0.0085,,
1.2055,149,122.5,21.7,0.0075,,
1.2140,150,124.8,21.7,0.0075,,
1.2225,151,127.2,21.7,0.0075,,
1.2310,152,129.8,21.7,0.0075,,
1.2385,153,132.3,21.7,0.0075,,
1.2470,154,135.5,21.7,0.0085,,
1.2555,155,138.5,21.7,0.0075,,
1.2640,156,141.7,21.7,0.0075,,
1.2720,157,145.1,21.7,0.0075,,
1.2805,158,148.5,21.7,0.0075,,
1.2880,159,151.7,21.7,0.0075,,
1.2965,160,155.3,21.7,0.0085,,
1.3050,161,158.9,21.7,0.0075,,
1.3135,162,162.5,21.7,0.0075,,
1.3220,163,166.1,21.7,0.0075,,
1.3300,164,169.3,21.7,0.0075,,
1.3380,165,172.2,21.7,0.0080,,
1.3460,166,175.2,21.7,0.0080,,
1.3545,167,177.8,21.7,0.0085,,
1.3630,168,180.3,21.7,0.0075,,
1.3715,169,182.6,21.7,0.0075,,
1.3800,170,184.7,21.7,0.0075,,
1.3845,171,185.1,21.7,0.0065,,
1.3845,411,188.5,21.7,0.0000,,
1.3850,412,188.5,21.7,0.0005,,
1.3865,413,188.5,21.7,0.0020,,
1.3890,414,188.8,21.7,0.0030,,
1.3930,415,189.4,21.7,0.0050,,
1.3995,416,190.2,21.7,0.0080,,
1.4080,417,191.5,21.7,0.0105,,
1.4155,418,192.9,21.7,0.0105,,
1.4240,419,194.4,21.7,0.0120,,
1.4320,420,195.7,21.7,0.0100,,
1.4405,421,197.1,21.7,0.0105,,
1.4490,422,198.4,21.7,0.0105,,
1.4575,423,199.5,21.7,0.0120,,
1.4650,424,200.8,21.7,0.0105,,
1.4735,425,201.8,21.7,0.0120,,
1.4820,426,202.9,21.7,0.0105,,
1.4905,427,204.0,21.7,0.0105,,
1.4985,428,204.9,21.7,0.0100,,
1.5070,429,205.8,21.7,0.0120,,
1.5145,430,206.8,21.7,0.0105,,
1.5230,431,207.7,21.7,0.0120,,
1.5315,432,208.7,21.7,0.0120,,
1.5400,433,209.6,21.7,0.0105,,
1.5485,434,210.3,21.7,0.0105,,
1.5565,435,211.1,21.7,0.0115,,
1.5645,436,211.9,21.7,0.0115,,
1.5725,437,212.6,21.7,0.0115,,
1.5810,438,213.3,21.7,0.0105,,
1.5895,439,214.0,21.7,0.0105,,
1.5980,440,214.7,21.7,0.0105,,
1.6065,441,215.3,21.7,0.0120,,
1.6140,442,216.0,21.7,0.0105,,
1.6225,443,216.6,21.7,0.0120,,
1.6310,444,217.2,21.7,0.0105,,
1.6390,445,217.8,21.7,0.0100,,
1.6475,446,218.4,21.7,0.0105,,
1.6560,447,218.9,21.7,0.0120,,
1.6635,448,219.3,21.7,0.0105,,
1.6720,449,220.0,21.7,0.0120,,
1.6805,450,220.4,21.7,0.0105,,
1.6890,451,220.9,21.7,0.0105,,
1.6970,452,221.4,21.7,0.0100,,
1.7055,453,222.0,21.7,0.0120,,
1.7130,454,222.5,21.7,0.0105,,
1.7215,455,223.0,21.7,0.0120,,
1.7300,456,223.6,21.7,0.0105,,
1.7385,457,224.1,21.7,0.0105,,
1.7470,458,224.6,21.7,0.0105,,
1.7550,459,225.0,21.7,0.0100,,
1.7630,460,225.4,21.7,0.0115,,
1.7710,461,225.7,21.7,0.0115,,
1.7795,462,226.2,21.7,0.0120,,
1.7880,463,226.7,21.7,0.0105,,
1.7965,464,227.0,21.7,0.0105,,
1.8050,465,227.3,21.7,0.0105,,
1.8125,466,227.8,21.7,0.0105,,
1.8210,467,228.2,21.7,0.0120,,
1.8290,468,228.6,21.7,0.0115,,
1.8375,469,229.0,21.7,0.0105,,
1.8460,470,229.3,21.7,0.0105,,
1.8545,471,229.8,21.7,0.0105,,
1.8620,472,230.1,21.7,0.0105,,
1.8705,473,230.5,21.7,0.0120,,
1.8790,474,230.9,21.7,0.0120,,
1.8875,475,231.3,21.7,0.0105,,
1.8955,476,231.6,21.7,0.0100,,
1.9040,477,232.0,21.7,0.0105,,
1.9115,478,232.3,21.7,0.0105,,
1.9200,479,232.6,21.7,0.0120,,
1.9285,480,232.9,21.7,0.0120,,
1.9370,481,233.3,21.7,0.0105,,
1.9455,482,233.5,21.7,0.0105,,
1.9530,483,233.7,21.7,0.0095,,
1.9585,484,234.0,21.7,0.0080,,
1.9600,485,234.1,21.7,0.0020,,
1.9625,486,234.2,21.7,0.0035,,
1.9655,487,234.3,21.7,0.0035,,
1.9695,488,234.4,21.7,0.0050,,
1.9730,489,234.6,21.7,0.0045,,
1.9745,490,234.6,21.7,0.0020,,
1.9760,491,234.7,21.7,0.0020,,
1.9775,492,234.8,21.7,0.0020,,
1.9785,493,235.0,21.7,0.0010,,
Scope 1/1, Sample 12/19 (T17)
Result,TitrationEP1
V,t,E,T,dV/dt,E acc. stat.,Volume acc. stat.
0.0000,0,-59.1,21.6,NaN,,
0.0005,1,-59.2,21.6,0.0005,,
0.0025,2,-59.0,21.6,0.0020,,
0.0050,3,-59.1,21.6,0.0025,,
0.0090,4,-59.2,21.6,0.0035,,
0.0150,5,-58.8,21.6,0.0055,,
0.0235,6,-58.5,21.6,0.0075,,
0.0310,7,-57.9,21.6,0.0075,,
0.0395,8,-57.2,21.6,0.0085,,
0.0480,9,-56.4,21.6,0.0085,,
0.0560,10,-55.0,21.6,0.0075,,
0.0645,11,-53.7,21.6,0.0075,,
0.0730,12,-52.5,21.6,0.0075,,
0.0805,13,-51.0,21.6,0.0075,,
0.0890,14,-49.5,21.6,0.0085,,
0.0975,15,-47.8,21.6,0.0085,,
0.1060,16,-46.1,21.6,0.0075,,
0.1140,17,-44.5,21.6,0.0075,,
0.1225,18,-42.6,21.6,0.0075,,
0.1310,19,-40.8,21.6,0.0085,,
0.1385,20,-38.6,21.6,0.0075,,
0.1470,21,-36.3,21.6,0.0085,,
0.1555,22,-34.2,21.6,0.0075,,
0.1640,23,-31.7,21.6,0.0075,,
0.1725,24,-28.9,21.6,0.0075,,
0.1805,25,-26.6,21.6,0.0080,,
0.1885,26,-23.8,21.6,0.0080,,
0.1965,27,-21.1,21.6,0.0080,,
0.2050,28,-18.2,21.6,0.0075,,
0.2135,29,-15.5,21.6,0.0075,,
0.2220,30,-13.0,21.6,0.0075,,
0.2305,31,-10.7,21.6,0.0085,,
0.2380,32,-8.7,21.6,0.0075,,
0.2465,33,-6.6,21.6,0.0085,,
0.2545,34,-4.6,21.6,0.0075,,
0.2630,35,-3.1,21.6,0.0075,,
0.2715,36,-1.6,21.6,0.0075,,
0.2800,37,-0.2,21.6,0.0085,,
0.2875,38,1.2,21.6,0.0075,,
0.2960,39,2.7,21.6,0.0085,,
0.3045,40,4.0,21.6,0.0075,,
0.3130,41,5.2,21.6,0.0075,,
0.3210,42,6.5,21.6,0.0075,,
0.3290,43,7.6,21.6,0.0080,,
0.3370,44,8.6,21.6,0.0080,,
0.3455,45,9.6,21.6,0.0085,,
0.3540,46,10.8,21.6,0.0075,,
0.3625,47,12.0,21.6,0.0075,,
0.3710,48,13.0,21.6,0.0075,,
0.3795,49,13.9,21.6,0.0085,,
0.3870,50,14.8,21.6,0.0075,,
0.3955,51,15.9,21.6,0.0085,,
0.4035,52,17.0,21.6,0.0075,,
0.4120,53,17.7,21.6,0.0075,,
0.4205,54,18.6,21.6,0.0075,,
0.4290,55,19.5,21.6,0.0085,,
0.4365,56,20.6,21.6,0.0075,,
0.4450,57,21.6,21.6,0.0085,,
0.4535,58,22.4,21.6,0.0075,,
0.4615,59,23.2,21.6,0.0075,,
0.4700,60,24.2,21.6,0.0075,,
0.4785,61,25.0,21.6,0.0075,,
0.4860,62,25.9,21.6,0.0075,,
0.4945,63,26.7,21.6,0.0085,,
0.5030,64,27.5,21.6,0.0075,,
0.5115,65,28.5,21.6,0.0075,,
0.5195,66,29.3,21.6,0.0075,,
0.5280,67,30.0,21.6,0.0075,,
0.5355,68,30.8,21.6,0.0075,,
0.5440,69,31.6,21.6,0.0085,,
0.5525,70,32.7,21.6,0.0075,,
0.5610,71,33.5,21.6,0.0075,,
0.5695,72,34.3,21.6,0.0075,,
0.5780,73,35.3,21.6,0.0075,,
0.5855,74,35.9,21.6,0.0075,,
0.5940,75,36.8,21.6,0.0085,,
0.6020,76,37.6,21.6,0.0075,,
0.6105,77,38.4,21.6,0.0075,,
0.6190,78,39.3,21.6,0.0075,,
0.6275,79,40.3,21.6,0.0075,,
0.6350,80,41.1,21.6,0.0075,,
0.6435,81,41.8,21.6,0.0085,,
0.6520,82,42.7,21.6,0.0075,,
0.6600,83,43.7,21.6,0.0075,,
0.6685,84,44.6,21.6,0.0075,,
0.6770,85,45.3,21.6,0.0075,,
0.6845,86,46.3,21.6,0.0075,,
0.6930,87,47.1,21.6,0.0075,,
0.7015,88,48.0,21.6,0.0085,,
0.7100,89,48.9,21.6,0.0075,,
0.7180,90,49.7,21.6,0.0075,,
0.7265,91,50.7,21.6,0.0075,,
0.7350,92,51.4,21.6,0.0085,,
0.7425,93,52.3,21.6,0.0075,,
0.7510,94,53.3,21.6,0.0085,,
0.7595,95,54.1,21.6,0.0075,,
0.7680,96,55.0,21.6,0.0075,,
0.7760,97,56.0,21.6,0.0075,,
0.7845,98,56.7,21.6,0.0085,,
0.7920,99,57.7,21.6,0.0075,,
0.8005,100,58.4,21.6,0.0085,,
0.8090,101,59.2,21.6,0.0075,,
0.8175,102,60.3,21.6,0.0075,,
0.8260,103,61.1,21.6,0.0075,,
0.8345,104,61.9,21.6,0.0075,,
0.8420,105,62.7,21.6,0.0075,,
0.8505,106,63.7,21.6,0.0085,,
0.8585,107,64.7,21.6,0.0075,,
0.8670,108,65.7,21.6,0.0075,,
0.8755,109,66.5,21.6,0.0075,,
0.8840,110,67.3,21.6,0.0085,,
0.8915,111,68.4,21.6,0.0075,,
0.9000,112,69.5,21.6,0.0085,,
0.9085,113,70.3,21.6,0.0075,,
0.9165,114,71.1,21.6,0.0075,,
0.9250,115,72.3,21.6,0.0075,,
0.9335,116,73.1,21.6,0.0085,,
0.9410,117,74.1,21.6,0.0075,,
0.9495,118,75.0,21.6,0.0085,,
0.9580,119,76.1,21.6,0.0075,,
0.9665,120,77.2,21.6,0.0075,,
0.9750,121,78.2,21.6,0.0075,,
0.9830,122,79.1,21.6,0.0080,,
0.9910,123,80.0,21.6,0.0080,,
0.9990,124,81.1,21.6,0.0080,,
1.0075,125,82.4,21.6,0.0075,,
1.0160,126,83.3,21.6,0.0075,,
1.0245,127,84.3,21.6,0.0075,,
1.0330,128,85.2,21.6,0.0085,,
1.0405,129,86.4,21.6,0.0075,,
1.0490,130,87.7,21.6,0.0085,,
1.0570,131,88.6,21.6,0.0075,,
1.0655,132,89.8,21.6,0.0075,,
1.0740,133,91.3,21.6,0.0075,,
1.0825,134,92.3,21.6,0.0085,,
1.0900,135,93.6,21.6,0.0075,,
1.0985,136,94.8,21.6,0.0085,,
1.1070,137,96.1,21.6,0.0075,,
1.1150,138,97.5,21.6,0.0075,,
1.1235,139,99.0,21.6,0.0075,,
1.1320,140,100.3,21.6,0.0075,,
1.1395,141,101.6,21.6,0.0075,,
1.1480,142,103.0,21.6,0.0085,,
1.1565,143,104.7,21.6,0.0075,,
1.1650,144,106.4,21.6,0.0075,,
1.1735,145,108.1,21.6,0.0075,,
1.1815,146,110.0,21.6,0.0075,,
1.1890,147,111.5,21.6,0.0075,,
1.1975,148,113.5,21.6,0.0085,,
1.2060,149,115.5,21.6,0.0075,,
1.2145,150,117.7,21.6,0.0075,,
1.2230,151,120.0,21.6,0.0075,,
1.2315,152,122.5,21.6,0.0075,,
1.2390,153,124.6,21.6,0.0075,,
1.2475,154,127.5,21.6,0.0085,,
1.2555,155,130.3,21.6,0.0080,,
1.2640,156,133.3,21.6,0.0075,,
1.2725,157,136.8,21.6,0.0075,,
1.2810,158,140.2,21.6,0.0075,,
1.2895,159,143.4,21.6,0.0085,,
1.2970,160,147.2,21.6,0.0075,,
1.3055,161,150.9,21.6,0.0085,,
1.3135,162,155.0,21.6,0.0075,,
1.3220,163,158.5,21.6,0.0075,,
1.3305,164,162.0,21.6,0.0075,,
1.3390,165,165.3,21.6,0.0085,,
1.3465,166,168.7,21.6,0.0075,,
1.3550,167,171.9,21.6,0.0085,,
1.3635,168,174.6,21.6,0.0075,,
1.3720,169,177.4,21.6,0.0075,,
1.3800,170,180.0,21.6,0.0075,,
1.3885,171,182.0,21.6,0.0085,,
1.3960,172,184.3,21.6,0.0075,,
1.4015,173,185.1,21.6,0.0090,,
1.4015,413,189.2,21.7,0.0000,,
1.4020,414,189.1,21.7,0.0005,,
1.4035,415,189.1,21.7,0.0020,,
1.4060,416,189.4,21.7,0.0035,,
1.4100,417,189.8,21.7,0.0050,,
1.4165,418,190.3,21.7,0.0080,,
1.4245,419,191.6,21.7,0.0100,,
1.4320,420,192.8,21.7,0.0105,,
1.4405,421,194.4,21.7,0.0120,,
1.4490,422,195.9,21.7,0.0120,,
1.4575,423,197.0,21.7,0.0105,,
1.4660,424,198.3,21.7,0.0105,,
1.4740,425,199.6,21.7,0.0100,,
1.4825,426,200.6,21.7,0.0120,,
1.4900,427,201.8,21.7,0.0105,,
1.4985,428,202.8,21.7,0.0120,,
1.5070,429,204.0,21.7,0.0105,,
1.5155,430,205.0,21.7,0.0105,,
1.5240,431,205.9,21.7,0.0105,,
1.5325,432,206.8,21.7,0.0120,,
1.5400,433,207.6,21.7,0.0105,,
1.5485,434,208.5,21.7,0.0120,,
1.5565,435,209.4,21.7,0.0100,,
1.5650,436,210.1,21.7,0.0105,,
1.5735,437,210.8,21.7,0.0105,,
1.5820,438,211.5,21.7,0.0120,,
1.5895,439,212.3,21.7,0.0105,,
1.5980,440,213.1,21.7,0.0120,,
1.6065,441,213.7,21.7,0.0105,,
1.6145,442,214.4,21.7,0.0100,,
1.6230,443,215.2,21.7,0.0105,,
1.6315,444,215.7,21.7,0.0120,,
1.6390,445,216.4,21.7,0.0105,,
1.6475,446,216.8,21.7,0.0120,,
1.6560,447,217.4,21.7,0.0105,,
1.6645,448,218.2,21.7,0.0105,,
1.6730,449,218.8,21.7,0.0105,,
1.6810,450,219.2,21.7,0.0100,,
1.6885,451,219.7,21.7,0.0105,,
1.6970,452,220.2,21.7,0.0120,,
1.7055,453,220.8,21.7,0.0120,,
1.7140,454,221.3,21.7,0.0105,,
1.7225,455,221.7,21.7,0.0105,,
1.7310,456,222.4,21.7,0.0105,,
1.7385,457,222.7,21.7,0.0105,,
1.7470,458,223.4,21.7,0.0120,,
1.7550,459,223.7,21.7,0.0115,,
1.7635,460,224.1,21.7,0.0105,,
1.7720,461,224.7,21.7,0.0105,,
1.7805,462,225.1,21.7,0.0105,,
1.7880,463,225.6,21.7,0.0105,,
1.7965,464,225.9,21.7,0.0120,,
1.8050,465,226.3,21.7,0.0105,,
1.8135,466,226.8,21.7,0.0105,,
1.8215,467,227.2,21.7,0.0100,,
1.8300,468,227.6,21.7,0.0105,,
1.8375,469,228.0,21.7,0.0105,,
1.8460,470,228.4,21.7,0.0120,,
1.8545,471,229.0,21.7,0.0105,,
1.8630,472,229.3,21.7,0.0105,,
1.8715,473,229.6,21.7,0.0105,,
1.8795,474,230.1,21.7,0.0100,,
1.8875,475,230.2,21.7,0.0115,,
1.8955,476,230.7,21.7,0.0115,,
1.9040,477,230.9,21.7,0.0120,,
1.9125,478,231.3,21.7,0.0105,,
1.9210,479,231.8,21.7,0.0105,,
1.9295,480,232.2,21.7,0.0105,,
1.9370,481,232.5,21.7,0.0105,,
1.9455,482,232.7,21.7,0.0120,,
1.9535,483,232.9,21.7,0.0115,,
1.9620,484,233.4,21.7,0.0105,,
1.9700,485,233.8,21.7,0.0100,,
1.9775,486,233.9,21.7,0.0095,,
1.9830,487,234.2,21.7,0.0080,,
1.9850,488,234.4,21.7,0.0030,,
1.9855,489,234.6,21.7,0.0005,,
1.9860,490,234.6,21.7,0.0005,,
1.9870,491,234.5,21.7,0.0010,,
1.9885,492,234.7,21.7,0.0020,,
1.9895,493,234.6,21.7,0.0015,,
1.9900,494,234.8,21.7,0.0005,,
1.9910,495,234.7,21.7,0.0015,,
1.9915,496,234.6,21.7,0.0005,,
1.9930,497,234.8,21.7,0.0020,,
1.9940,498,234.9,21.7,0.0010,,
1.9955,499,235.0,21.7,0.0020,,
1.9980,500,235.0,21.7,0.0030,,
Scope 1/1, Sample 13/19 (T18)
Result,TitrationEP1
V,t,E,T,dV/dt,E acc. stat.,Volume acc. stat.
0.0000,0,-58.4,21.6,NaN,,
0.0010,1,-58.4,21.6,0.0010,,
0.0025,2,-58.4,21.6,0.0015,,
0.0050,3,-58.3,21.6,0.0025,,
0.0090,4,-58.2,21.6,0.0035,,
0.0150,5,-57.9,21.6,0.0055,,
0.0235,6,-57.5,21.6,0.0075,,
0.0320,7,-56.7,21.6,0.0075,,
0.0405,8,-55.6,21.6,0.0075,,
0.0490,9,-54.5,21.6,0.0070,,
0.0565,10,-53.4,21.6,0.0070,,
0.0645,11,-52.1,21.6,0.0075,,
0.0730,12,-50.7,21.6,0.0075,,
0.0815,13,-49.1,21.6,0.0075,,
0.0900,14,-47.5,21.6,0.0075,,
0.0985,15,-45.8,21.6,0.0070,,
0.1060,16,-44.1,21.6,0.0070,,
0.1145,17,-42.3,21.6,0.0075,,
0.1230,18,-40.1,21.6,0.0075,,
0.1310,19,-38.0,21.6,0.0075,,
0.1395,20,-35.8,21.6,0.0075,,
0.1480,21,-33.2,21.6,0.0075,,
0.1565,22,-30.8,21.6,0.0075,,
0.1640,23,-28.0,21.6,0.0070,,
0.1725,24,-25.2,21.6,0.0075,,
0.1810,25,-22.2,21.6,0.0075,,
0.1890,26,-19.0,21.6,0.0075,,
0.1975,27,-16.1,21.6,0.0075,,
0.2060,28,-13.5,21.6,0.0070,,
0.2135,29,-11.2,21.6,0.0070,,
0.2220,30,-8.7,21.6,0.0075,,
0.2305,31,-6.4,21.6,0.0075,,
0.2390,32,-4.3,21.6,0.0075,,
0.2470,33,-2.5,21.6,0.0075,,
0.2555,34,-0.7,21.6,0.0070,,
0.2630,35,0.8,21.6,0.0070,,
0.2715,36,2.5,21.6,0.0075,,
0.2800,37,3.9,21.6,0.0075,,
0.2885,38,5.3,21.6,0.0075,,
0.2970,39,6.7,21.6,0.0075,,
0.3055,40,8.1,21.6,0.0070,,
0.3130,41,9.3,21.6,0.0070,,
0.3215,42,10.4,21.6,0.0075,,
0.3295,43,11.6,21.6,0.0075,,
0.3380,44,12.9,21.6,0.0075,,
0.3465,45,14.0,21.6,0.0075,,
0.3550,46,15.0,21.6,0.0070,,
0.3625,47,16.0,21.6,0.0070,,
0.3710,48,17.0,21.6,0.0075,,
0.3795,49,18.1,21.6,0.0075,,
0.3875,50,19.1,21.6,0.0075,,
0.3960,51,20.0,21.6,0.0075,,
0.4045,52,21.1,21.6,0.0070,,
0.4120,53,21.9,21.6,0.0070,,
0.4205,54,22.8,21.6,0.0075,,
0.4290,55,23.9,21.6,0.0075,,
0.4375,56,24.8,21.6,0.0075,,
0.4455,57,25.6,21.6,0.0075,,
0.4540,58,26.7,21.6,0.0070,,
0.4615,59,27.5,21.6,0.0070,,
0.4700,60,28.5,21.6,0.0075,,
0.4785,61,29.3,21.6,0.0075,,
0.4870,62,30.2,21.6,0.0075,,
0.4955,63,31.2,21.6,0.0075,,
0.5035,64,32.0,21.6,0.0075,,
0.5120,65,32.8,21.6,0.0075,,
0.5195,66,33.7,21.6,0.0070,,
0.5280,67,34.6,21.6,0.0075,,
0.5365,68,35.6,21.6,0.0075,,
0.5450,69,36.3,21.6,0.0075,,
0.5535,70,37.1,21.6,0.0075,,
0.5615,71,38.2,21.6,0.0065,,
0.5695,72,38.9,21.6,0.0075,,
0.5775,73,39.9,21.6,0.0075,,
0.5860,74,40.8,21.6,0.0075,,
0.5945,75,41.6,21.6,0.0075,,
0.6030,76,42.5,21.6,0.0075,,
0.6115,77,43.4,21.6,0.0070,,
0.6190,78,44.2,21.6,0.0070,,
0.6275,79,45.1,21.6,0.0075,,
0.6355,80,45.9,21.6,0.0075,,
0.6440,81,46.8,21.6,0.0075,,
0.6525,82,47.8,21.6,0.0075,,
0.6610,83,48.5,21.6,0.0070,,
0.6685,84,49.4,21.6,0.0070,,
0.6770,85,50.1,21.6,0.0075,,
0.6855,86,51.1,21.6,0.0075,,
0.6940,87,52.0,21.6,0.0075,,
0.7020,88,52.9,21.6,0.0075,,
0.7105,89,53.8,21.6,0.0070,,
0.7180,90,54.5,21.6,0.0070,,
0.7265,91,55.4,21.6,0.0075,,
0.7350,92,56.3,21.6,0.0075,,
0.7435,93,57.0,21.6,0.0075,,
0.7520,94,57.9,21.6,0.0075,,
0.7605,95,58.9,21.6,0.0070,,
0.7680,96,59.7,21.6,0.0070,,
0.7765,97,60.6,21.6,0.0075,,
0.7845,98,61.5,21.6,0.0075,,
0.7930,99,62.5,21.6,0.0075,,
0.8015,100,63.5,21.6,0.0075,,
0.8100,101,64.4,21.6,0.0070,,
0.8175,102,65.2,21.6,0.0070,,
0.8260,103,66.1,21.6,0.0075,,
0.8345,104,67.1,21.6,0.0075,,
0.8425,105,68.1,21.6,0.0075,,
0.8510,106,68.9,21.6,0.0075,,
0.8595,107,69.8,21.6,0.0070,,
0.8670,108,70.7,21.6,0.0070,,
0.8755,109,71.7,21.6,0.0075,,
0.8840,110,72.5,21.6,0.0075,,
0.8925,111,73.4,21.6,0.0075,,
0.9010,112,74.6,21.6,0.0075,,
0.9090,113,75.6,21.6,0.0065,,
0.9170,114,76.5,21.6,0.0075,,
0.9250,115,77.5,21.6,0.0075,,
0.9335,116,78.4,21.6,0.0075,,
0.9420,117,79.5,21.6,0.0075,,
0.9505,118,80.6,21.6,0.0075,,
0.9590,119,81.4,21.6,0.0070,,
0.9665,120,82.5,21.6,0.0070,,
0.9750,121,83.4,21.6,0.0075,,
0.9830,122,84.6,21.6,0.0075,,
0.9915,123,85.7,21.6,0.0075,,
1.0000,124,86.8,21.6,0.0075,,
1.0085,125,87.9,21.6,0.0070,,
1.0160,126,88.8,21.6,0.0070,,
1.0245,127,90.0,21.6,0.0075,,
1.0330,128,91.2,21.6,0.0075,,
1.0415,129,92.2,21.6,0.0075,,
1.0495,130,93.4,21.6,0.0075,,
1.0580,131,94.8,21.6,0.0070,,
1.0655,132,95.8,21.6,0.0070,,
1.0740,133,97.1,21.6,0.0075,,
1.0825,134,98.3,21.6,0.0075,,
1.0910,135,99.5,21.6,0.0075,,
1.0995,136,100.9,21.6,0.0075,,
1.1075,137,102.3,21.6,0.0065,,
1.1155,138,103.7,21.6,0.0075,,
1.1235,139,105.1,21.6,0.0075,,
1.1320,140,106.8,21.6,0.0075,,
1.1405,141,108.7,21.6,0.0075,,
1.1490,142,110.3,21.6,0.0075,,
1.1575,143,112.0,21.6,0.0075,,
1.1655,144,113.6,21.6,0.0075,,
1.1735,145,115.5,21.6,0.0075,,
1.1815,146,117.5,21.6,0.0075,,
1.1900,147,119.5,21.6,0.0075,,
1.1985,148,121.6,21.6,0.0075,,
1.2070,149,124.1,21.6,0.0075,,
1.2155,150,126.4,21.6,0.0075,,
1.2230,151,129.1,21.6,0.0070,,
1.2315,152,131.6,21.6,0.0075,,
1.2395,153,134.6,21.6,0.0075,,
1.2480,154,137.7,21.6,0.0075,,
1.2565,155,140.9,21.6,0.0075,,
1.2650,156,144.0,21.6,0.0075,,
1.2725,157,147.4,21.6,0.0070,,
1.2810,158,151.0,21.6,0.0075,,
1.2895,159,154.8,21.6,0.0075,,
1.2975,160,158.3,21.6,0.0075,,
1.3060,161,161.9,21.6,0.0075,,
1.3145,162,165.2,21.6,0.0075,,
1.3220,163,168.3,21.6,0.0070,,
1.3305,164,171.7,21.6,0.0075,,
1.3390,165,174.5,21.6,0.0075,,
1.3475,166,177.0,21.6,0.0075,,
1.3560,167,179.5,21.6,0.0075,,
1.3640,168,182.0,21.6,0.0065,,
1.3720,169,184.0,21.6,0.0075,,
1.3780,170,185.3,21.6,0.0065,,
1.3780,410,188.3,21.6,0.0000,,
1.3785,411,188.3,21.6,0.0005,,
1.3800,412,188.4,21.6,0.0015,,
1.3825,413,188.6,21.6,0.0025,,
1.3865,414,188.9,21.6,0.0035,,
1.3930,415,190.0,21.6,0.0060,,
1.4010,416,191.4,21.6,0.0075,,
1.4090,417,192.8,21.6,0.0080,,
1.4170,418,194.2,21.6,0.0080,,
1.4255,419,195.7,21.6,0.0085,,
1.4340,420,197.2,21.6,0.0075,,
1.4425,421,198.4,21.6,0.0075,,
1.4510,422,199.6,21.6,0.0075,,
1.4585,423,200.5,21.7,0.0075,,
1.4670,424,201.6,21.7,0.0085,,
1.4750,425,202.8,21.6,0.0080,,
1.4835,426,203.8,21.6,0.0075,,
1.4920,427,204.8,21.7,0.0075,,
1.5005,428,205.8,21.7,0.0075,,
1.5080,429,206.6,21.6,0.0075,,
1.5165,430,207.7,21.6,0.0085,,
1.5250,431,208.6,21.6,0.0085,,
1.5330,432,209.3,21.6,0.0075,,
1.5415,433,210.2,21.6,0.0075,,
1.5500,434,211.1,21.6,0.0075,,
1.5585,435,211.8,21.6,0.0085,,
1.5660,436,212.3,21.6,0.0075,,
1.5745,437,213.0,21.7,0.0085,,
1.5830,438,213.9,21.7,0.0075,,
1.5915,439,214.5,21.7,0.0075,,
1.5995,440,215.1,21.7,0.0075,,
1.6080,441,215.8,21.7,0.0085,,
1.6155,442,216.3,21.6,0.0075,,
1.6240,443,217.0,21.7,0.0085,,
1.6325,444,217.6,21.7,0.0075,,
1.6410,445,218.1,21.7,0.0075,,
1.6495,446,218.8,21.6,0.0075,,
1.6575,447,219.3,21.7,0.0080,,
1.6655,448,220.0,21.7,0.0080,,
1.6735,449,220.4,21.7,0.0080,,
1.6820,450,220.8,21.7,0.0075,,
1.6905,451,221.4,21.7,0.0075,,
1.6990,452,222.0,21.7,0.0075,,
1.7075,453,222.5,21.7,0.0085,,
1.7150,454,222.9,21.7,0.0075,,
1.7235,455,223.3,21.7,0.0085,,
1.7320,456,224.0,21.7,0.0075,,
1.7400,457,224.4,21.7,0.0075,,
1.7485,458,224.8,21.7,0.0075,,
1.7560,459,225.2,21.7,0.0075,,
1.7645,460,225.7,21.7,0.0085,,
1.7730,461,226.2,21.7,0.0085,,
1.7815,462,226.6,21.7,0.0075,,
1.7900,463,227.0,21.7,0.0075,,
1.7980,464,227.5,21.7,0.0075,,
1.8060,465,227.7,21.7,0.0080,,
1.8140,466,228.2,21.7,0.0080,,
1.8225,467,228.6,21.7,0.0085,,
1.8310,468,228.9,21.7,0.0075,,
1.8395,469,229.5,21.7,0.0075,,
1.8480,470,229.9,21.7,0.0075,,
1.8565,471,230.2,21.7,0.0085,,
1.8640,472,230.4,21.7,0.0075,,
1.8720,473,230.6,21.7,0.0080,,
1.8805,474,231.0,21.7,0.0075,,
1.8890,475,231.4,21.7,0.0075,,
1.8975,476,231.7,21.7,0.0075,,
1.9060,477,232.0,21.7,0.0085,,
1.9135,478,232.3,21.7,0.0075,,
1.9220,479,232.7,21.7,0.0085,,
1.9300,480,233.1,21.7,0.0075,,
1.9380,481,233.3,21.7,0.0075,,
1.9455,482,233.6,21.7,0.0070,,
1.9525,483,234.0,21.7,0.0065,,
1.9535,484,234.2,21.7,0.0010,,
1.9540,485,234.3,21.7,0.0005,,
1.9550,486,234.2,21.7,0.0010,,
1.9570,487,234.2,21.7,0.0020,,
1.9595,488,234.4,21.7,0.0025,,
1.9630,489,234.4,21.7,0.0030,,
1.9650,490,234.7,21.7,0.0020,,
1.9665,491,234.7,21.7,0.0015,,
1.9670,492,234.7,21.7,0.0005,,
1.9685,493,234.7,21.7,0.0015,,
1.9705,494,234.7,21.7,0.0020,,
1.9725,495,234.8,21.7,0.0020,,
1.9740,496,235.0,21.7,0.0020,,
Scope 1/1, Sample 14/19 (T19)
Result,TitrationEP1
V,t,E,T,dV/dt,E acc. stat.,Volume acc. stat.
0.0000,0,-58.5,21.5,NaN,,
0.0005,1,-58.5,21.5,0.0005,,
0.0025,2,-58.4,21.5,0.0020,,
0.0050,3,-58.5,21.5,0.0025,,
0.0085,4,-58.5,21.5,0.0030,,
0.0150,5,-58.1,21.5,0.0060,,
0.0230,6,-57.7,21.5,0.0075,,
0.0305,7,-57.0,21.5,0.0075,,
0.0390,8,-56.2,21.5,0.0085,,
0.0475,9,-55.1,21.5,0.0075,,
0.0560,10,-53.7,21.5,0.0075,,
0.0645,11,-52.5,21.5,0.0075,,
0.0725,12,-51.1,21.5,0.0075,,
0.0810,13,-49.7,21.5,0.0085,,
0.0885,14,-48.0,21.5,0.0075,,
0.0970,15,-46.2,21.5,0.0085,,
0.1055,16,-44.5,21.5,0.0075,,
0.1140,17,-42.7,21.5,0.0075,,
0.1225,18,-40.6,21.5,0.0075,,
0.1300,19,-38.9,21.6,0.0075,,
0.1385,20,-36.6,21.5,0.0085,,
0.1470,21,-34.2,21.5,0.0075,,
0.1550,22,-31.6,21.5,0.0075,,
0.1635,23,-28.8,21.6,0.0075,,
0.1720,24,-26.1,21.6,0.0075,,
0.1795,25,-23.5,21.6,0.0075,,
0.1880,26,-20.6,21.6,0.0085,,
0.1965,27,-17.6,21.5,0.0075,,
0.2050,28,-14.9,21.6,0.0075,,
0.2130,29,-12.4,21.6,0.0075,,
0.2215,30,-10.1,21.6,0.0075,,
0.2290,31,-7.9,21.6,0.0075,,
0.2375,32,-5.9,21.5,0.0085,,
0.2460,33,-3.8,21.6,0.0085,,
0.2545,34,-2.1,21.6,0.0075,,
0.2630,35,-0.6,21.6,0.0075,,
0.2710,36,1.0,21.6,0.0075,,
0.2790,37,2.3,21.6,0.0080,,
0.2870,38,3.8,21.6,0.0080,,
0.2955,39,5.1,21.5,0.0085,,
0.3040,40,6.4,21.6,0.0075,,
0.3125,41,7.8,21.6,0.0075,,
0.3210,42,8.9,21.6,0.0075,,
0.3295,43,10.0,21.6,0.0085,,
0.3370,44,11.1,21.6,0.0075,,
0.3455,45,12.1,21.6,0.0085,,
0.3535,46,13.3,21.6,0.0075,,
0.3620,47,14.4,21.6,0.0075,,
0.3705,48,15.4,21.6,0.0075,,
0.3790,49,16.3,21.6,0.0085,,
0.3865,50,17.3,21.6,0.0075,,
0.3950,51,18.4,21.6,0.0085,,
0.4035,52,19.4,21.6,0.0075,,
0.4115,53,20.4,21.6,0.0075,,
0.4200,54,21.5,21.6,0.0075,,
0.4275,55,22.2,21.6,0.0075,,
0.4360,56,23.2,21.6,0.0085,,
0.4445,57,24.0,21.6,0.0085,,
0.4530,58,24.9,21.6,0.0075,,
0.4615,59,25.9,21.6,0.0075,,
0.4700,60,26.7,21.6,0.0075,,
0.4775,61,27.6,21.6,0.0075,,
0.4860,62,28.5,21.6,0.0085,,
0.4940,63,29.3,21.6,0.0080,,
0.5025,64,30.3,21.6,0.0075,,
0.5110,65,31.1,21.6,0.0075,,
0.5195,66,31.9,21.6,0.0075,,
0.5280,67,32.7,21.6,0.0085,,
0.5355,68,33.6,21.6,0.0075,,
0.5440,69,34.7,21.6,0.0085,,
0.5520,70,35.4,21.6,0.0075,,
0.5605,71,36.1,21.6,0.0075,,
0.5690,72,37.2,21.6,0.0075,,
0.5775,73,37.9,21.6,0.0085,,
0.5850,74,38.9,21.6,0.0075,,
0.5935,75,39.7,21.6,0.0085,,
0.6020,76,40.3,21.6,0.0075,,
0.6105,77,41.3,21.6,0.0075,,
0.6185,78,42.1,21.6,0.0075,,
0.6270,79,43.0,21.6,0.0085,,
0.6345,80,43.8,21.6,0.0075,,
0.6430,81,44.6,21.6,0.0085,,
0.6515,82,45.5,21.6,0.0075,,
0.6600,83,46.3,21.6,0.0075,,
0.6685,84,47.1,21.6,0.0075,,
0.6765,85,48.0,21.6,0.0080,,
0.6845,86,48.9,21.6,0.0080,,
0.6925,87,49.8,21.6,0.0080,,
0.7010,88,50.6,21.6,0.0075,,
0.7095,89,51.4,21.6,0.0075,,
0.7180,90,52.3,21.6,0.0075,,
0.7265,91,53.1,21.6,0.0085,,
0.7340,92,54.0,21.6,0.0075,,
0.7425,93,54.9,21.6,0.0085,,
0.7510,94,55.7,21.6,0.0075,,
0.7590,95,56.7,21.6,0.0075,,
0.7675,96,57.7,21.6,0.0075,,
0.7760,97,58.5,21.6,0.0085,,
0.7835,98,59.4,21.6,0.0075,,
0.7920,99,60.2,21.6,0.0085,,
0.8005,100,61.2,21.6,0.0075,,
0.8090,101,62.2,21.6,0.0075,,
0.8170,102,63.1,21.6,0.0075,,
0.8255,103,64.0,21.6,0.0075,,
0.8330,104,64.8,21.6,0.0075,,
0.8415,105,65.9,21.6,0.0085,,
0.8500,106,66.8,21.6,0.0075,,
0.8585,107,67.8,21.6,0.0075,,
0.8670,108,68.7,21.6,0.0075,,
0.8750,109,69.7,21.6,0.0075,,
0.8830,110,70.5,21.6,0.0080,,
0.8915,111,71.5,21.6,0.0085,,
0.8995,112,72.3,21.6,0.0075,,
0.9080,113,73.4,21.6,0.0075,,
0.9165,114,74.5,21.6,0.0075,,
0.9250,115,75.4,21.6,0.0075,,
0.9325,116,76.4,21.6,0.0075,,
0.9410,117,77.2,21.6,0.0085,,
0.9495,118,78.1,21.6,0.0075,,
0.9575,119,79.0,21.6,0.0075,,
0.9660,120,80.0,21.6,0.0075,,
0.9745,121,81.1,21.6,0.0075,,
0.9820,122,82.0,21.6,0.0075,,
0.9905,123,83.1,21.6,0.0085,,
0.9990,124,84.4,21.6,0.0075,,
1.0075,125,85.4,21.6,0.0075,,
1.0155,126,86.5,21.6,0.0075,,
1.0240,127,87.7,21.6,0.0075,,
1.0315,128,88.6,21.6,0.0075,,
1.0400,129,89.9,21.6,0.0085,,
1.0485,130,91.0,21.6,0.0085,,
1.0570,131,92.2,21.6,0.0075,,
1.0655,132,93.7,21.6,0.0075,,
1.0740,133,94.9,21.6,0.0075,,
1.0815,134,96.0,21.6,0.0075,,
1.0895,135,97.0,21.6,0.0080,,
1.0980,136,98.3,21.6,0.0085,,
1.1065,137,99.8,21.6,0.0075,,
1.1150,138,101.3,21.6,0.0075,,
1.1235,139,102.7,21.6,0.0075,,
1.1320,140,104.1,21.6,0.0085,,
1.1395,141,105.7,21.6,0.0075,,
1.1480,142,107.5,21.6,0.0085,,
1.1560,143,109.2,21.6,0.0075,,
1.1645,144,110.9,21.6,0.0075,,
1.1730,145,113.0,21.6,0.0075,,
1.1805,146,114.8,21.6,0.0075,,
1.1890,147,116.9,21.6,0.0085,,
1.1975,148,119.0,21.6,0.0085,,
1.2060,149,121.2,21.6,0.0075,,
1.2140,150,123.7,21.6,0.0075,,
1.2225,151,126.1,21.6,0.0075,,
1.2300,152,128.4,21.6,0.0075,,
1.2385,153,131.1,21.6,0.0085,,
1.2470,154,134.2,21.6,0.0085,,
1.2555,155,137.7,21.6,0.0075,,
1.2640,156,140.9,21.6,0.0075,,
1.2720,157,144.2,21.6,0.0075,,
1.2805,158,147.5,21.6,0.0085,,
1.2880,159,151.3,21.6,0.0075,,
1.2965,160,155.1,21.6,0.0085,,
1.3050,161,158.8,21.6,0.0075,,
1.3135,162,162.1,21.6,0.0075,,
1.3220,163,165.6,21.6,0.0075,,
1.3305,164,169.0,21.6,0.0075,,
1.3380,165,171.8,21.6,0.0075,,
1.3465,166,174.6,21.6,0.0085,,
1.3545,167,177.4,21.6,0.0075,,
1.3630,168,179.9,21.6,0.0075,,
1.3715,169,182.3,21.6,0.0075,,
1.3800,170,184.3,21.6,0.0075,,
1.3850,171,185.0,21.6,0.0070,,
1.3850,411,188.7,21.6,0.0000,,
1.3855,412,188.6,21.6,0.0005,,
1.3870,413,188.4,21.6,0.0020,,
1.3895,414,188.7,21.6,0.0030,,
1.3935,415,189.3,21.6,0.0045,,
1.4000,416,190.1,21.6,0.0070,,
1.4085,417,191.3,21.6,0.0105,,
1.4160,418,192.6,21.6,0.0095,,
1.4245,419,194.2,21.6,0.0105,,
1.4325,420,195.7,21.6,0.0090,,
1.4410,421,197.0,21.6,0.0095,,
1.4495,422,198.2,21.6,0.0095,,
1.4580,423,199.6,21.6,0.0095,,
1.4655,424,200.5,21.6,0.0095,,
1.4740,425,201.7,21.6,0.0105,,
1.4825,426,202.8,21.6,0.0105,,
1.4905,427,203.9,21.6,0.0090,,
1.4990,428,205.0,21.6,0.0095,,
1.5075,429,205.8,21.6,0.0095,,
1.5150,430,206.8,21.6,0.0095,,
1.5235,431,207.4,21.6,0.0105,,
1.5320,432,208.4,21.6,0.0095,,
1.5405,433,209.3,21.6,0.0095,,
1.5490,434,210.0,21.6,0.0095,,
1.5570,435,210.8,21.6,0.0100,,
1.5650,436,211.6,21.6,0.0100,,
1.5730,437,212.3,21.6,0.0100,,
1.5815,438,213.2,21.6,0.0095,,
1.5900,439,213.9,21.6,0.0095,,
1.5985,440,214.5,21.6,0.0095,,
1.6070,441,215.1,21.6,0.0105,,
1.6145,442,215.9,21.6,0.0095,,
1.6230,443,216.4,21.6,0.0105,,
1.6315,444,216.9,21.6,0.0095,,
1.6395,445,217.6,21.6,0.0090,,
1.6480,446,218.2,21.6,0.0095,,
1.6565,447,218.7,21.6,0.0105,,
1.6640,448,219.2,21.6,0.0095,,
1.6725,449,219.7,21.6,0.0105,,
1.6810,450,220.3,21.6,0.0095,,
1.6895,451,220.9,21.6,0.0095,,
1.6975,452,221.3,21.6,0.0090,,
1.7060,453,221.8,21.6,0.0095,,
1.7135,454,222.2,21.6,0.0095,,
1.7220,455,222.8,21.6,0.0095,,
1.7305,456,223.3,21.6,0.0095,,
1.7390,457,223.6,21.6,0.0095,,
1.7475,458,224.2,21.6,0.0095,,
1.7555,459,224.7,21.6,0.0090,,
1.7635,460,225.1,21.6,0.0100,,
1.7715,461,225.6,21.6,0.0100,,
1.7800,462,226.0,21.6,0.0105,,
1.7885,463,226.4,21.6,0.0095,,
1.7970,464,226.8,21.6,0.0095,,
1.8055,465,227.3,21.6,0.0095,,
1.8135,466,227.7,21.6,0.0100,,
1.8215,467,228.0,21.6,0.0100,,
1.8295,468,228.5,21.6,0.0100,,
1.8380,469,228.9,21.6,0.0095,,
1.8465,470,229.3,21.6,0.0095,,
1.8550,471,229.5,21.6,0.0095,,
1.8635,472,229.9,21.6,0.0105,,
1.8710,473,230.1,21.6,0.0095,,
1.8795,474,230.7,21.6,0.0105,,
1.8875,475,231.0,21.6,0.0090,,
1.8960,476,231.4,21.6,0.0095,,
1.9045,477,231.7,21.6,0.0095,,
1.9130,478,232.0,21.6,0.0095,,
1.9205,479,232.3,21.6,0.0095,,
1.9290,480,232.7,21.6,0.0105,,
1.9375,481,232.9,21.6,0.0095,,
1.9455,482,233.3,21.6,0.0090,,
1.9540,483,233.8,21.6,0.0095,,
1.9610,484,234.1,21.6,0.0080,,
1.9645,485,234.3,21.6,0.0045,,
1.9665,486,234.3,21.6,0.0025,,
1.9665,487,234.5,21.6,0.0000,,
1.9680,488,234.5,21.6,0.0015,,
1.9695,489,234.4,21.6,0.0015,,
1.9720,490,234.6,21.6,0.0030,,
1.9740,491,234.6,21.6,0.0025,,
1.9765,492,234.7,21.6,0.0030,,
1.9790,493,234.7,21.6,0.0030,,
1.9815,494,234.7,21.6,0.0030,,
1.9830,495,235.0,21.6,0.0025,,
Scope 1/1, Sample 15/19 (T20)
Result,TitrationEP1
V,t,E,T,dV/dt,E acc. stat.,Volume acc. stat.
0.0000,0,-58.6,21.5,NaN,,
0.0010,1,-58.6,21.5,0.0010,,
0.0025,2,-58.6,21.5,0.0015,,
0.0050,3,-58.5,21.5,0.0025,,
0.0085,4,-58.5,21.5,0.0030,,
0.0150,5,-58.3,21.5,0.0060,,
0.0230,6,-57.8,21.5,0.0075,,
0.0315,7,-57.1,21.5,0.0075,,
0.0400,8,-56.2,21.5,0.0075,,
0.0475,9,-55.1,21.5,0.0075,,
0.0560,10,-54.0,21.5,0.0075,,
0.0645,11,-52.6,21.5,0.0075,,
0.0725,12,-51.4,21.5,0.0075,,
0.0810,13,-49.9,21.5,0.0075,,
0.0895,14,-48.2,21.5,0.0075,,
0.0970,15,-46.7,21.5,0.0070,,
0.1055,16,-44.9,21.5,0.0075,,
0.1140,17,-43.1,21.5,0.0075,,
0.1225,18,-41.1,21.5,0.0075,,
0.1310,19,-38.8,21.5,0.0075,,
0.1390,20,-36.6,21.5,0.0075,,
0.1470,21,-34.3,21.5,0.0075,,
0.1550,22,-31.9,21.5,0.0075,,
0.1635,23,-29.2,21.5,0.0075,,
0.1720,24,-26.3,21.5,0.0075,,
0.1805,25,-23.5,21.5,0.0075,,
0.1890,26,-20.8,21.5,0.0085,,
0.1965,27,-18.0,21.5,0.0070,,
0.2050,28,-15.1,21.5,0.0075,,
0.2130,29,-12.4,21.5,0.0075,,
0.2215,30,-10.1,21.5,0.0075,,
0.2300,31,-7.8,21.5,0.0075,,
0.2385,32,-5.9,21.5,0.0085,,
0.2460,33,-3.9,21.5,0.0070,,
0.2545,34,-2.2,21.5,0.0075,,
0.2630,35,-0.6,21.5,0.0075,,
0.2715,36,1.0,21.5,0.0075,,
0.2795,37,2.5,21.5,0.0075,,
0.2880,38,4.0,21.5,0.0075,,
0.2955,39,5.2,21.5,0.0070,,
0.3040,40,6.4,21.5,0.0075,,
0.3125,41,7.7,21.5,0.0075,,
0.3210,42,9.0,21.5,0.0075,,
0.3295,43,10.0,21.5,0.0075,,
0.3380,44,11.1,21.5,0.0075,,
0.3455,45,12.2,21.5,0.0070,,
0.3535,46,13.4,21.5,0.0075,,
0.3620,47,14.4,21.5,0.0075,,
0.3705,48,15.3,21.5,0.0075,,
0.3790,49,16.3,21.5,0.0075,,
0.3875,50,17.1,21.5,0.0085,,
0.3950,51,18.2,21.5,0.0070,,
0.4035,52,19.2,21.5,0.0075,,
0.4120,53,20.1,21.5,0.0075,,
0.4200,54,21.1,21.5,0.0075,,
0.4285,55,22.1,21.5,0.0075,,
0.4370,56,23.0,21.5,0.0075,,
0.4445,57,23.9,21.5,0.0070,,
0.4530,58,24.8,21.5,0.0075,,
0.4615,59,25.8,21.5,0.0075,,
0.4700,60,26.9,21.5,0.0075,,
0.4780,61,27.7,21.5,0.0075,,
0.4865,62,28.5,21.5,0.0075,,
0.4940,63,29.3,21.5,0.0075,,
0.5025,64,30.2,21.5,0.0075,,
0.5110,65,31.2,21.5,0.0075,,
0.5195,66,32.0,21.5,0.0075,,
0.5280,67,32.7,21.5,0.0075,,
0.5365,68,33.7,21.5,0.0075,,
0.5440,69,34.5,21.5,0.0075,,
0.5520,70,35.5,21.5,0.0075,,
0.5605,71,36.3,21.5,0.0075,,
0.5690,72,37.0,21.5,0.0075,,
0.5775,73,38.0,21.5,0.0075,,
0.5860,74,38.9,21.5,0.0075,,
0.5935,75,39.7,21.5,0.0070,,
0.6020,76,40.5,21.5,0.0075,,
0.6105,77,41.4,21.5,0.0075,,
0.6185,78,42.4,21.5,0.0075,,
0.6270,79,43.2,21.5,0.0075,,
0.6355,80,44.1,21.5,0.0075,,
0.6430,81,44.9,21.5,0.0070,,
0.6515,82,45.9,21.5,0.0075,,
0.6600,83,46.9,21.5,0.0075,,
0.6685,84,47.7,21.5,0.0075,,
0.6770,85,48.6,21.5,0.0075,,
0.6850,86,49.4,21.5,0.0075,,
0.6930,87,50.1,21.5,0.0075,,
0.7010,88,51.1,21.5,0.0075,,
0.7095,89,51.9,21.5,0.0075,,
0.7180,90,52.8,21.5,0.0075,,
0.7265,91,53.9,21.5,0.0075,,
0.7350,92,54.7,21.5,0.0075,,
0.7425,93,55.6,21.6,0.0075,,
0.7510,94,56.4,21.5,0.0075,,
0.7590,95,57.3,21.5,0.0075,,
0.7675,96,58.4,21.6,0.0075,,
0.7760,97,59.2,21.5,0.0075,,
0.7845,98,60.1,21.6,0.0075,,
0.7920,99,61.0,21.5,0.0075,,
0.8005,100,61.9,21.5,0.0075,,
0.8090,101,62.9,21.6,0.0075,,
0.8170,102,63.9,21.5,0.0075,,
0.8255,103,64.8,21.6,0.0075,,
0.8340,104,65.8,21.6,0.0075,,
0.8425,105,66.5,21.6,0.0085,,
0.8500,106,67.6,21.6,0.0070,,
0.8585,107,68.4,21.6,0.0075,,
0.8670,108,69.4,21.6,0.0075,,
0.8755,109,70.5,21.6,0.0075,,
0.8835,110,71.5,21.6,0.0075,,
0.8920,111,72.3,21.6,0.0085,,
0.8995,112,73.3,21.6,0.0070,,
0.9080,113,74.2,21.6,0.0075,,
0.9165,114,75.3,21.6,0.0075,,
0.9250,115,76.3,21.6,0.0075,,
0.9335,116,77.3,21.6,0.0075,,
0.9415,117,78.3,21.6,0.0075,,
0.9495,118,79.2,21.6,0.0075,,
0.9575,119,80.4,21.6,0.0075,,
0.9660,120,81.5,21.6,0.0075,,
0.9745,121,82.4,21.6,0.0075,,
0.9830,122,83.6,21.6,0.0075,,
0.9915,123,84.8,21.6,0.0075,,
0.9990,124,85.7,21.6,0.0070,,
1.0075,125,86.9,21.6,0.0075,,
1.0160,126,87.9,21.6,0.0075,,
1.0240,127,89.1,21.6,0.0075,,
1.0325,128,90.2,21.6,0.0075,,
1.0410,129,91.5,21.6,0.0085,,
1.0485,130,92.6,21.6,0.0070,,
1.0570,131,93.7,21.6,0.0075,,
1.0655,132,95.2,21.6,0.0075,,
1.0740,133,96.6,21.6,0.0075,,
1.0820,134,97.8,21.6,0.0075,,
1.0905,135,98.9,21.6,0.0085,,
1.0980,136,100.2,21.6,0.0070,,
1.1065,137,101.7,21.6,0.0075,,
1.1150,138,103.3,21.6,0.0075,,
1.1235,139,104.7,21.6,0.0075,,
1.1320,140,106.3,21.6,0.0075,,
1.1395,141,107.5,21.6,0.0075,,
1.1480,142,109.2,21.6,0.0075,,
1.1565,143,111.0,21.6,0.0075,,
1.1645,144,112.7,21.6,0.0075,,
1.1730,145,114.7,21.6,0.0075,,
1.1815,146,116.7,21.6,0.0075,,
1.1890,147,118.6,21.6,0.0075,,
1.1975,148,120.7,21.6,0.0075,,
1.2060,149,123.0,21.6,0.0075,,
1.2145,150,125.6,21.6,0.0075,,
1.2230,151,128.1,21.6,0.0075,,
1.2310,152,130.6,21.6,0.0075,,
1.2390,153,133.3,21.6,0.0080,,
1.2470,154,136.6,21.6,0.0075,,
1.2555,155,140.0,21.6,0.0075,,
1.2640,156,143.2,21.6,0.0075,,
1.2725,157,146.7,21.6,0.0075,,
1.2810,158,150.4,21.6,0.0075,,
1.2885,159,153.7,21.6,0.0070,,
1.2970,160,157.5,21.6,0.0075,,
1.3055,161,161.1,21.6,0.0075,,
1.3135,162,164.5,21.6,0.0075,,
1.3220,163,167.9,21.6,0.0075,,
1.3305,164,171.0,21.6,0.0075,,
1.3380,165,173.8,21.6,0.0070,,
1.3465,166,176.5,21.6,0.0075,,
1.3550,167,179.0,21.6,0.0075,,
1.3635,168,181.6,21.6,0.0075,,
1.3715,169,183.7,21.6,0.0075,,
1.3795,170,185.2,21.6,0.0080,,
1.3795,410,188.5,21.6,0.0000,,
1.3800,411,188.5,21.6,0.0005,,
1.3815,412,188.5,21.6,0.0015,,
1.3840,413,188.6,21.6,0.0020,,
1.3880,414,189.2,21.6,0.0035,,
1.3945,415,190.2,21.6,0.0055,,
1.4025,416,191.6,21.6,0.0065,,
1.4105,417,192.8,21.6,0.0075,,
1.4185,418,194.2,21.6,0.0075,,
1.4270,419,195.7,21.6,0.0075,,
1.4355,420,197.2,21.6,0.0070,,
1.4440,421,198.3,21.6,0.0070,,
1.4525,422,199.6,21.6,0.0070,,
1.4600,423,200.6,21.6,0.0070,,
1.4685,424,201.7,21.6,0.0075,,
1.4770,425,202.9,21.6,0.0075,,
1.4850,426,203.8,21.6,0.0065,,
1.4935,427,204.8,21.6,0.0070,,
1.5020,428,205.9,21.6,0.0070,,
1.5095,429,206.7,21.6,0.0070,,
1.5180,430,207.7,21.6,0.0075,,
1.5265,431,208.4,21.6,0.0075,,
1.5350,432,209.3,21.6,0.0070,,
1.5435,433,210.2,21.6,0.0070,,
1.5515,434,210.9,21.6,0.0065,,
1.5590,435,211.6,21.6,0.0070,,
1.5675,436,212.3,21.6,0.0075,,
1.5760,437,213.1,21.6,0.0075,,
1.5845,438,213.8,21.6,0.0070,,
1.5930,439,214.4,21.6,0.0070,,
1.6015,440,215.0,21.6,0.0070,,
1.6090,441,215.6,21.6,0.0070,,
1.6175,442,216.3,21.6,0.0075,,
1.6255,443,217.0,21.6,0.0075,,
1.6340,444,217.4,21.6,0.0070,,
1.6425,445,218.0,21.6,0.0070,,
1.6510,446,218.7,21.6,0.0070,,
1.6585,447,219.1,21.6,0.0070,,
1.6670,448,219.8,21.6,0.0075,,
1.6755,449,220.2,21.6,0.0070,,
1.6840,450,220.8,21.6,0.0070,,
1.6920,451,221.5,21.6,0.0065,,
1.7005,452,221.9,21.6,0.0075,,
1.7080,453,222.4,21.6,0.0070,,
1.7165,454,222.7,21.6,0.0075,,
1.7250,455,223.3,21.6,0.0070,,
1.7335,456,223.8,21.6,0.0070,,
1.7420,457,224.1,21.6,0.0070,,
1.7505,458,224.5,21.6,0.0075,,
1.7580,459,225.0,21.6,0.0070,,
1.7665,460,225.5,21.6,0.0075,,
1.7745,461,226.0,21.6,0.0065,,
1.7830,462,226.3,21.6,0.0070,,
1.7915,463,226.8,21.6,0.0070,,
1.8000,464,227.1,21.6,0.0075,,
1.8075,465,227.6,21.6,0.0070,,
1.8160,466,227.9,21.6,0.0075,,
1.8245,467,228.2,21.6,0.0070,,
1.8325,468,228.8,21.6,0.0065,,
1.8410,469,229.3,21.6,0.0070,,
1.8495,470,229.7,21.6,0.0075,,
1.8570,471,229.9,21.6,0.0060,,
1.8655,472,230.3,21.6,0.0075,,
1.8740,473,230.8,21.6,0.0070,,
1.8825,474,231.2,21.6,0.0070,,
1.8910,475,231.4,21.6,0.0070,,
1.8990,476,231.7,21.6,0.0075,,
1.9065,477,232.0,21.6,0.0070,,
1.9150,478,232.4,21.6,0.0075,,
1.9235,479,232.7,21.6,0.0070,,
1.9320,480,232.9,21.6,0.0070,,
1.9405,481,233.3,21.6,0.0070,,
1.9485,482,233.4,21.6,0.0075,,
1.9550,483,233.8,21.6,0.0060,,
1.9595,484,234.0,21.6,0.0040,,
1.9605,485,234.1,21.6,0.0010,,
1.9610,486,234.2,21.6,0.0005,,
1.9620,487,234.3,21.6,0.0010,,
1.9635,488,234.2,21.6,0.0010,,
1.9655,489,234.4,21.6,0.0020,,
1.9685,490,234.3,21.6,0.0025,,
1.9705,491,234.5,21.6,0.0015,,
1.9725,492,234.6,21.6,0.0015,,
1.9735,493,234.6,21.6,0.0010,,
1.9740,494,234.7,21.6,0.0005,,
1.9745,495,234.8,21.6,0.0005,,
1.9755,496,235.0,21.6,0.0010,,
Scope 1/1, Sample 16/19 (T21)
Result,TitrationEP1
V,t,E,T,dV/dt,E acc. stat.,Volume acc. stat.
0.0000,0,-59.1,21.5,NaN,,
0.0010,1,-59.3,21.5,0.0010,,
0.0025,2,-59.3,21.5,0.0015,,
0.0050,3,-59.3,21.5,0.0025,,
0.0085,4,-59.3,21.5,0.0030,,
0.0150,5,-58.9,21.5,0.0060,,
0.0230,6,-58.5,21.5,0.0075,,
0.0315,7,-57.7,21.5,0.0075,,
0.0400,8,-56.8,21.5,0.0085,,
0.0475,9,-55.8,21.5,0.0075,,
0.0560,10,-54.5,21.5,0.0075,,
0.0645,11,-53.2,21.5,0.0075,,
0.0730,12,-51.7,21.5,0.0075,,
0.0810,13,-50.0,21.5,0.0075,,
0.0885,14,-48.6,21.5,0.0075,,
0.0970,15,-47.0,21.5,0.0075,,
0.1055,16,-45.2,21.5,0.0075,,
0.1140,17,-43.2,21.5,0.0075,,
0.1225,18,-41.1,21.5,0.0075,,
0.1310,19,-39.1,21.5,0.0075,,
0.1385,20,-37.1,21.5,0.0075,,
0.1470,21,-34.8,21.5,0.0075,,
0.1550,22,-32.2,21.5,0.0075,,
0.1635,23,-29.4,21.5,0.0075,,
0.1720,24,-26.8,21.5,0.0075,,
0.1805,25,-24.0,21.5,0.0075,,
0.1880,26,-21.4,21.5,0.0075,,
0.1965,27,-18.3,21.5,0.0075,,
0.2050,28,-15.3,21.5,0.0075,,
0.2135,29,-12.7,21.5,0.0075,,
0.2215,30,-10.2,21.5,0.0075,,
0.2300,31,-7.7,21.5,0.0075,,
0.2375,32,-5.8,21.5,0.0075,,
0.2460,33,-3.7,21.5,0.0075,,
0.2545,34,-2.1,21.5,0.0075,,
0.2630,35,-0.3,21.5,0.0075,,
0.2715,36,1.4,21.5,0.0075,,
0.2795,37,2.9,21.5,0.0075,,
0.2875,38,4.3,21.5,0.0080,,
0.2955,39,5.6,21.5,0.0075,,
0.3040,40,7.2,21.5,0.0075,,
0.3125,41,8.5,21.5,0.0075,,
0.3210,42,9.6,21.5,0.0075,,
0.3295,43,10.8,21.5,0.0075,,
0.3370,44,12.0,21.5,0.0070,,
0.3455,45,13.2,21.5,0.0075,,
0.3535,46,14.4,21.5,0.0075,,
0.3620,47,15.4,21.5,0.0075,,
0.3705,48,16.4,21.5,0.0075,,
0.3790,49,17.6,21.5,0.0075,,
0.3875,50,18.5,21.5,0.0085,,
0.3950,51,19.4,21.5,0.0075,,
0.4035,52,20.3,21.5,0.0075,,
0.4120,53,21.4,21.5,0.0075,,
0.4200,54,22.4,21.5,0.0075,,
0.4285,55,23.3,21.5,0.0075,,
0.4370,56,24.1,21.5,0.0085,,
0.4445,57,25.0,21.5,0.0070,,
0.4530,58,26.0,21.5,0.0075,,
0.4615,59,27.0,21.5,0.0075,,
0.4700,60,27.8,21.5,0.0075,,
0.4780,61,28.7,21.5,0.0075,,
0.4865,62,29.5,21.5,0.0085,,
0.4940,63,30.5,21.5,0.0070,,
0.5025,64,31.5,21.5,0.0075,,
0.5110,65,32.3,21.5,0.0075,,
0.5195,66,33.1,21.5,0.0075,,
0.5280,67,34.0,21.5,0.0075,,
0.5365,68,34.6,21.5,0.0085,,
0.5440,69,35.6,21.5,0.0075,,
0.5520,70,36.4,21.5,0.0075,,
0.5605,71,37.2,21.5,0.0075,,
0.5690,72,38.3,21.5,0.0075,,
0.5775,73,39.1,21.5,0.0075,,
0.5850,74,39.8,21.5,0.0075,,
0.5935,75,40.6,21.5,0.0075,,
0.6020,76,41.6,21.5,0.0075,,
0.6105,77,42.5,21.5,0.0075,,
0.6190,78,43.4,21.5,0.0075,,
0.6270,79,44.3,21.5,0.0075,,
0.6350,80,44.9,21.5,0.0080,,
0.6430,81,45.9,21.5,0.0075,,
0.6515,82,46.7,21.5,0.0075,,
0.6600,83,47.4,21.5,0.0075,,
0.6685,84,48.3,21.5,0.0075,,
0.6770,85,49.3,21.5,0.0075,,
0.6845,86,50.0,21.5,0.0075,,
0.6930,87,50.9,21.5,0.0075,,
0.7010,88,51.6,21.5,0.0075,,
0.7095,89,52.6,21.5,0.0075,,
0.7180,90,53.6,21.5,0.0075,,
0.7265,91,54.3,21.5,0.0075,,
0.7340,92,55.1,21.5,0.0075,,
0.7425,93,56.0,21.5,0.0075,,
0.7510,94,56.9,21.5,0.0075,,
0.7595,95,57.8,21.5,0.0075,,
0.7675,96,58.7,21.5,0.0075,,
0.7760,97,59.6,21.5,0.0075,,
0.7835,98,60.3,21.5,0.0075,,
0.7920,99,61.3,21.5,0.0075,,
0.8005,100,62.2,21.5,0.0075,,
0.8090,101,63.0,21.5,0.0075,,
0.8175,102,64.0,21.5,0.0075,,
0.8255,103,65.0,21.5,0.0075,,
0.8340,104,65.9,21.5,0.0085,,
0.8415,105,66.8,21.5,0.0070,,
0.8500,106,67.6,21.5,0.0075,,
0.8585,107,68.6,21.5,0.0075,,
0.8670,108,69.6,21.5,0.0075,,
0.8755,109,70.6,21.5,0.0075,,
0.8830,110,71.4,21.5,0.0075,,
0.8915,111,72.3,21.5,0.0075,,
0.9000,112,73.1,21.5,0.0075,,
0.9080,113,74.1,21.5,0.0075,,
0.9165,114,75.0,21.5,0.0075,,
0.9250,115,76.0,21.5,0.0075,,
0.9325,116,77.0,21.5,0.0075,,
0.9410,117,78.1,21.5,0.0075,,
0.9495,118,79.2,21.5,0.0075,,
0.9580,119,80.1,21.5,0.0075,,
0.9660,120,81.1,21.5,0.0075,,
0.9745,121,82.0,21.5,0.0075,,
0.9830,122,82.9,21.5,0.0085,,
0.9905,123,84.0,21.5,0.0075,,
0.9990,124,84.9,21.5,0.0075,,
1.0075,125,86.0,21.5,0.0075,,
1.0160,126,87.1,21.5,0.0075,,
1.0240,127,88.3,21.5,0.0075,,
1.0325,128,89.2,21.5,0.0085,,
1.0400,129,90.5,21.5,0.0070,,
1.0485,130,91.7,21.5,0.0075,,
1.0570,131,92.9,21.5,0.0075,,
1.0655,132,93.9,21.5,0.0075,,
1.0740,133,95.2,21.5,0.0075,,
1.0815,134,96.5,21.5,0.0075,,
1.0900,135,97.9,21.5,0.0075,,
1.0985,136,99.3,21.5,0.0075,,
1.1070,137,100.6,21.5,0.0075,,
1.1150,138,102.1,21.5,0.0075,,
1.1235,139,103.6,21.5,0.0075,,
1.1310,140,105.0,21.5,0.0075,,
1.1395,141,106.3,21.5,0.0075,,
1.1480,142,107.8,21.5,0.0075,,
1.1565,143,109.6,21.5,0.0075,,
1.1650,144,111.4,21.5,0.0075,,
1.1730,145,113.1,21.5,0.0075,,
1.1810,146,114.9,21.5,0.0080,,
1.1890,147,116.9,21.5,0.0075,,
1.1975,148,119.1,21.5,0.0075,,
1.2060,149,121.3,21.5,0.0075,,
1.2145,150,123.6,21.5,0.0075,,
1.2230,151,125.9,21.5,0.0075,,
1.2305,152,128.3,21.5,0.0075,,
1.2390,153,130.7,21.5,0.0075,,
1.2470,154,133.6,21.5,0.0075,,
1.2555,155,136.3,21.5,0.0075,,
1.2640,156,139.5,21.5,0.0075,,
1.2725,157,143.0,21.5,0.0075,,
1.2800,158,146.2,21.5,0.0075,,
1.2885,159,149.5,21.5,0.0075,,
1.2970,160,153.1,21.5,0.0075,,
1.3055,161,157.0,21.5,0.0075,,
1.3135,162,160.6,21.5,0.0075,,
1.3220,163,163.9,21.5,0.0075,,
1.3295,164,167.0,21.5,0.0070,,
1.3380,165,170.3,21.5,0.0075,,
1.3465,166,173.3,21.5,0.0075,,
1.3550,167,176.1,21.5,0.0075,,
1.3635,168,178.5,21.5,0.0075,,
1.3715,169,181.1,21.5,0.0075,,
1.3800,170,182.9,21.5,0.0085,,
1.3875,171,184.9,21.5,0.0075,,
1.3905,172,185.2,21.5,0.0060,,
1.3905,412,188.4,21.6,0.0000,,
1.3910,413,188.3,21.6,0.0010,,
1.3925,414,188.4,21.6,0.0025,,
1.3950,415,188.6,21.6,0.0040,,
1.3990,416,189.2,21.6,0.0055,,
1.4050,417,190.1,21.6,0.0085,,
1.4130,418,191.5,21.6,0.0115,,
1.4210,419,192.8,21.6,0.0135,,
1.4290,420,194.2,21.6,0.0135,,
1.4375,421,195.6,21.6,0.0140,,
1.4460,422,197.0,21.6,0.0120,,
1.4545,423,198.4,21.6,0.0120,,
1.4630,424,199.5,21.6,0.0120,,
1.4705,425,200.6,21.6,0.0125,,
1.4790,426,201.6,21.6,0.0140,,
1.4870,427,202.8,21.6,0.0135,,
1.4955,428,203.9,21.6,0.0120,,
1.5040,429,204.8,21.6,0.0120,,
1.5125,430,205.7,21.6,0.0120,,
1.5200,431,206.6,21.6,0.0125,,
1.5285,432,207.4,21.6,0.0140,,
1.5370,433,208.4,21.6,0.0140,,
1.5455,434,209.1,21.6,0.0120,,
1.5535,435,210.0,21.6,0.0115,,
1.5620,436,210.8,21.6,0.0120,,
1.5695,437,211.3,21.6,0.0125,,
1.5780,438,212.3,21.6,0.0140,,
1.5865,439,213.0,21.6,0.0140,,
1.5950,440,213.7,21.6,0.0120,,
1.6035,441,214.4,21.6,0.0120,,
1.6115,442,215.0,21.6,0.0115,,
1.6195,443,215.8,21.6,0.0135,,
1.6275,444,216.3,21.6,0.0135,,
1.6360,445,216.9,21.6,0.0140,,
1.6445,446,217.5,21.6,0.0120,,
1.6530,447,218.1,21.6,0.0120,,
1.6615,448,218.7,21.6,0.0120,,
1.6690,449,219.2,21.6,0.0125,,
1.6775,450,219.7,21.6,0.0140,,
1.6860,451,220.4,21.6,0.0140,,
1.6940,452,220.8,21.6,0.0115,,
1.7025,453,221.2,21.6,0.0120,,
1.7110,454,221.9,21.6,0.0120,,
1.7185,455,222.4,21.6,0.0125,,
1.7270,456,222.9,21.6,0.0140,,
1.7355,457,223.3,21.6,0.0140,,
1.7440,458,223.7,21.6,0.0120,,
1.7520,459,224.3,21.6,0.0115,,
1.7605,460,224.8,21.6,0.0120,,
1.7690,461,225.3,21.6,0.0140,,
1.7765,462,225.6,21.6,0.0125,,
1.7850,463,226.0,21.6,0.0140,,
1.7935,464,226.5,21.6,0.0120,,
1.8020,465,226.9,21.6,0.0120,,
1.8105,466,227.2,21.6,0.0120,,
1.8185,467,227.6,21.6,0.0135,,
1.8260,468,228.0,21.6,0.0125,,
1.8345,469,228.4,21.6,0.0140,,
1.8430,470,228.8,21.6,0.0120,,
1.8515,471,229.2,21.6,0.0120,,
1.8600,472,229.6,21.6,0.0120,,
1.8685,473,229.8,21.6,0.0140,,
1.8760,474,230.2,21.6,0.0125,,
1.8845,475,230.7,21.6,0.0140,,
1.8925,476,231.0,21.6,0.0115,,
1.9010,477,231.4,21.6,0.0120,,
1.9095,478,231.7,21.6,0.0120,,
1.9170,479,232.1,21.6,0.0125,,
1.9255,480,232.3,21.6,0.0140,,
1.9340,481,232.6,21.6,0.0140,,
1.9425,482,233.1,21.6,0.0120,,
1.9505,483,233.3,21.6,0.0115,,
1.9590,484,233.6,21.6,0.0120,,
1.9670,485,233.8,21.6,0.0135,,
1.9720,486,234.1,21.6,0.0085,,
1.9745,487,234.3,21.6,0.0040,,
1.9750,488,234.3,21.6,0.0005,,
1.9765,489,234.3,21.6,0.0020,,
1.9775,490,234.3,21.6,0.0015,,
1.9790,491,234.4,21.6,0.0020,,
1.9800,492,234.6,21.6,0.0015,,
1.9805,493,234.6,21.6,0.0010,,
1.9810,494,234.6,21.6,0.0010,,
1.9825,495,234.7,21.6,0.0020,,
1.9845,496,234.9,21.6,0.0030,,
1.9865,497,234.8,21.6,0.0030,,
1.9880,498,234.9,21.6,0.0025,,
1.9895,499,235.0,21.6,0.0025,,
1.9900,499,235.0,21.6,0.0050,,
Scope 1/1, Sample 17/19 (T22)
Result,TitrationEP1
V,t,E,T,dV/dt,E acc. stat.,Volume acc. stat.
0.0000,0,-57.2,21.5,NaN,,
0.0005,1,-57.3,21.5,0.0005,,
0.0025,2,-57.3,21.5,0.0020,,
0.0050,3,-57.3,21.5,0.0025,,
0.0090,4,-57.3,21.5,0.0035,,
0.0150,5,-57.0,21.5,0.0055,,
0.0235,6,-56.5,21.5,0.0075,,
0.0310,7,-55.6,21.5,0.0075,,
0.0395,8,-54.7,21.5,0.0085,,
0.0480,9,-53.5,21.5,0.0075,,
0.0565,10,-52.2,21.5,0.0075,,
0.0650,11,-50.9,21.5,0.0075,,
0.0730,12,-49.4,21.5,0.0075,,
0.0810,13,-47.9,21.5,0.0080,,
0.0890,14,-46.3,21.5,0.0080,,
0.0975,15,-44.5,21.5,0.0085,,
0.1060,16,-42.6,21.5,0.0075,,
0.1145,17,-40.8,21.5,0.0075,,
0.1230,18,-38.6,21.5,0.0075,,
0.1305,19,-36.7,21.5,0.0075,,
0.1390,20,-34.3,21.5,0.0085,,
0.1470,21,-31.8,21.5,0.0080,,
0.1555,22,-29.2,21.5,0.0075,,
0.1640,23,-26.3,21.5,0.0075,,
0.1725,24,-23.5,21.5,0.0075,,
0.1800,25,-20.9,21.5,0.0075,,
0.1885,26,-18.0,21.5,0.0085,,
0.1970,27,-15.3,21.5,0.0085,,
0.2055,28,-12.5,21.5,0.0075,,
0.2135,29,-9.9,21.5,0.0075,,
0.2220,30,-7.5,21.5,0.0075,,
0.2295,31,-5.5,21.5,0.0075,,
0.2380,32,-3.6,21.5,0.0085,,
0.2465,33,-1.8,21.5,0.0075,,
0.2550,34,-0.1,21.5,0.0075,,
0.2635,35,1.5,21.5,0.0075,,
0.2720,36,2.9,21.5,0.0075,,
0.2795,37,4.3,21.5,0.0075,,
0.2880,38,5.7,21.5,0.0085,,
0.2960,39,7.1,21.5,0.0075,,
0.3045,40,8.4,21.5,0.0075,,
0.3130,41,9.7,21.5,0.0075,,
0.3215,42,10.9,21.5,0.0075,,
0.3290,43,12.0,21.5,0.0075,,
0.3375,44,13.0,21.5,0.0085,,
0.3460,45,14.1,21.5,0.0075,,
0.3540,46,15.3,21.5,0.0075,,
0.3625,47,16.5,21.5,0.0075,,
0.3710,48,17.5,21.5,0.0075,,
0.3785,49,18.4,21.5,0.0075,,
0.3870,50,19.5,21.5,0.0085,,
0.3955,51,20.5,21.5,0.0075,,
0.4040,52,21.3,21.5,0.0075,,
0.4125,53,22.3,21.5,0.0075,,
0.4205,54,23.3,21.5,0.0075,,
0.4285,55,24.0,21.5,0.0080,,
0.4365,56,25.1,21.5,0.0080,,
0.4450,57,26.0,21.5,0.0075,,
0.4535,58,26.9,21.5,0.0075,,
0.4620,59,28.0,21.5,0.0075,,
0.4705,60,28.7,21.5,0.0085,,
0.4780,61,29.5,21.5,0.0075,,
0.4865,62,30.3,21.5,0.0085,,
0.4950,63,31.1,21.5,0.0075,,
0.5030,64,32.0,21.5,0.0075,,
0.5115,65,32.9,21.5,0.0075,,
0.5200,66,33.6,21.5,0.0085,,
0.5275,67,34.4,21.5,0.0075,,
0.5360,68,35.3,21.5,0.0085,,
0.5445,69,36.4,21.5,0.0075,,
0.5530,70,37.2,21.5,0.0075,,
0.5610,71,38.0,21.5,0.0075,,
0.5695,72,39.0,21.5,0.0075,,
0.5770,73,39.9,21.5,0.0075,,
0.5855,74,40.7,21.5,0.0085,,
0.5940,75,41.3,21.5,0.0075,,
0.6025,76,42.2,21.5,0.0075,,
0.6110,77,43.1,21.5,0.0075,,
0.6195,78,43.9,21.5,0.0085,,
0.6270,79,44.8,21.5,0.0075,,
0.6355,80,45.5,21.5,0.0075,,
0.6435,81,46.4,21.5,0.0075,,
0.6520,82,47.4,21.5,0.0075,,
0.6605,83,48.1,21.5,0.0075,,
0.6690,84,48.9,21.5,0.0085,,
0.6765,85,49.6,21.5,0.0075,,
0.6850,86,50.4,21.5,0.0085,,
0.6935,87,51.5,21.5,0.0075,,
0.7015,88,52.2,21.5,0.0075,,
0.7100,89,53.0,21.5,0.0075,,
0.7185,90,53.7,21.5,0.0085,,
0.7260,91,54.6,21.5,0.0075,,
0.7345,92,55.6,21.5,0.0085,,
0.7430,93,56.3,21.5,0.0075,,
0.7515,94,57.2,21.5,0.0075,,
0.7600,95,58.2,21.5,0.0075,,
0.7680,96,58.9,21.5,0.0080,,
0.7760,97,59.9,21.5,0.0080,,
0.7840,98,60.7,21.5,0.0080,,
0.7925,99,61.5,21.5,0.0075,,
0.8010,100,62.5,21.5,0.0075,,
0.8095,101,63.4,21.5,0.0075,,
0.8180,102,64.3,21.5,0.0075,,
0.8255,103,65.2,21.5,0.0075,,
0.8340,104,66.1,21.5,0.0085,,
0.8420,105,67.1,21.5,0.0075,,
0.8505,106,67.8,21.5,0.0075,,
0.8590,107,68.7,21.5,0.0075,,
0.8675,108,69.7,21.5,0.0075,,
0.8750,109,70.6,21.5,0.0075,,
0.8835,110,71.5,21.5,0.0085,,
0.8920,111,72.4,21.5,0.0075,,
0.9005,112,73.3,21.5,0.0075,,
0.9085,113,74.4,21.5,0.0075,,
0.9170,114,75.2,21.5,0.0075,,
0.9245,115,76.1,21.5,0.0075,,
0.9330,116,77.0,21.5,0.0085,,
0.9415,117,78.0,21.5,0.0075,,
0.9500,118,79.0,21.5,0.0075,,
0.9585,119,80.1,21.5,0.0075,,
0.9665,120,80.9,21.5,0.0075,,
0.9745,121,81.8,21.5,0.0080,,
0.9825,122,82.8,21.5,0.0080,,
0.9910,123,83.9,21.5,0.0075,,
0.9995,124,84.8,21.5,0.0075,,
1.0080,125,86.0,21.5,0.0075,,
1.0165,126,87.0,21.5,0.0085,,
1.0240,127,88.1,21.5,0.0075,,
1.0325,128,89.2,21.5,0.0085,,
1.0410,129,90.2,21.5,0.0075,,
1.0490,130,91.3,21.5,0.0075,,
1.0575,131,92.5,21.5,0.0075,,
1.0660,132,93.6,21.5,0.0075,,
1.0735,133,94.8,21.5,0.0075,,
1.0820,134,96.0,21.5,0.0085,,
1.0905,135,97.2,21.5,0.0075,,
1.0990,136,98.5,21.5,0.0075,,
1.1070,137,99.8,21.5,0.0075,,
1.1155,138,101.2,21.5,0.0075,,
1.1230,139,102.4,21.5,0.0075,,
1.1315,140,103.8,21.5,0.0085,,
1.1400,141,105.4,21.5,0.0085,,
1.1485,142,107.0,21.5,0.0075,,
1.1570,143,108.4,21.5,0.0075,,
1.1650,144,110.1,21.5,0.0075,,
1.1730,145,111.5,21.5,0.0080,,
1.1810,146,113.3,21.5,0.0080,,
1.1895,147,115.1,21.5,0.0085,,
1.1980,148,117.0,21.5,0.0075,,
1.2065,149,119.2,21.5,0.0075,,
1.2150,150,121.4,21.5,0.0075,,
1.2225,151,123.6,21.5,0.0075,,
1.2310,152,125.9,21.5,0.0085,,
1.2395,153,128.2,21.5,0.0085,,
1.2475,154,130.9,21.5,0.0075,,
1.2560,155,133.8,21.5,0.0075,,
1.2645,156,136.6,21.5,0.0075,,
1.2730,157,139.2,21.5,0.0085,,
1.2805,158,142.6,21.5,0.0075,,
1.2890,159,146.0,21.5,0.0085,,
1.2975,160,149.5,21.5,0.0075,,
1.3055,161,152.9,21.5,0.0075,,
1.3140,162,156.5,21.5,0.0075,,
1.3225,163,159.8,21.5,0.0085,,
1.3300,164,163.4,21.5,0.0075,,
1.3385,165,166.7,21.5,0.0085,,
1.3470,166,170.0,21.5,0.0075,,
1.3555,167,172.9,21.5,0.0075,,
1.3635,168,175.9,21.5,0.0075,,
1.3720,169,178.2,21.5,0.0085,,
1.3795,170,180.5,21.5,0.0075,,
1.3880,171,182.7,21.5,0.0085,,
1.3965,172,184.7,21.5,0.0075,,
1.3995,172,185.0,21.5,0.0060,,
1.3995,412,188.2,21.6,0.0000,,
1.4000,414,188.2,21.6,0.0005,,
1.4015,414,188.3,21.6,0.0030,,
1.4040,416,188.5,21.6,0.0015,,
1.4080,417,189.1,21.6,0.0065,,
1.4145,418,190.1,21.6,0.0110,,
1.4230,418,191.3,21.6,0.0170,,
1.4305,420,192.7,21.6,0.0050,,
1.4390,420,194.1,21.6,0.0170,,
1.4470,422,195.6,21.6,0.0050,,
1.4555,423,197.0,21.6,0.0140,,
1.4640,424,198.2,21.6,0.0140,,
1.4725,424,199.2,21.6,0.0170,,
1.4800,426,200.5,21.6,0.0050,,
1.4885,426,201.7,21.6,0.0170,,
1.4970,428,202.7,21.6,0.0055,,
1.5050,429,203.6,21.6,0.0135,,
1.5135,430,204.6,21.6,0.0140,,
1.5220,431,205.7,21.6,0.0140,,
1.5295,432,206.5,21.6,0.0150,,
1.5380,432,207.5,21.6,0.0170,,
1.5465,434,208.2,21.6,0.0055,,
1.5550,435,209.1,21.6,0.0140,,
1.5630,436,210.0,21.6,0.0135,,
1.5715,437,210.7,21.6,0.0140,,
1.5790,438,211.5,21.6,0.0150,,
1.5875,438,212.2,21.6,0.0170,,
1.5960,440,213.0,21.6,0.0055,,
1.6045,441,213.7,21.6,0.0140,,
1.6130,442,214.4,21.6,0.0140,,
1.6215,443,215.1,21.6,0.0140,,
1.6290,444,215.6,21.6,0.0150,,
1.6375,444,216.3,21.6,0.0170,,
1.6455,446,217.0,21.6,0.0055,,
1.6540,447,217.5,21.6,0.0140,,
1.6625,448,218.0,21.6,0.0140,,
1.6710,449,218.7,21.6,0.0140,,
1.6785,450,219.2,21.6,0.0150,,
1.6870,450,219.8,21.6,0.0170,,
1.6955,452,220.3,21.6,0.0055,,
1.7035,453,220.9,21.6,0.0135,,
1.7120,454,221.5,21.6,0.0140,,
1.7205,455,221.8,21.6,0.0140,,
1.7280,456,222.2,21.6,0.0150,,
1.7365,456,222.6,21.6,0.0170,,
1.7450,458,223.2,21.6,0.0055,,
1.7535,459,223.6,21.6,0.0140,,
1.7620,460,224.1,21.6,0.0140,,
1.7700,461,224.6,21.6,0.0135,,
1.7780,462,225.0,21.6,0.0160,,
1.7860,462,225.5,21.6,0.0160,,
1.7945,464,225.8,21.6,0.0055,,
1.8030,465,226.3,21.6,0.0140,,
1.8115,466,226.7,21.6,0.0140,,
1.8200,466,227.1,21.6,0.0170,,
1.8275,468,227.7,21.6,0.0050,,
1.8360,468,228.0,21.6,0.0170,,
1.8445,470,228.3,21.6,0.0055,,
1.8525,471,228.8,21.6,0.0135,,
1.8610,472,229.3,21.6,0.0140,,
1.8695,473,229.5,21.6,0.0140,,
1.8770,474,229.9,21.6,0.0150,,
1.8855,474,230.1,21.6,0.0170,,
1.8940,476,230.6,21.6,0.0055,,
1.9025,477,231.0,21.6,0.0140,,
1.9105,478,231.1,21.6,0.0135,,
1.9190,479,231.4,21.6,0.0140,,
1.9265,480,231.8,21.6,0.0150,,
1.9350,480,232.2,21.6,0.0170,,
1.9435,482,232.6,21.6,0.0055,,
1.9520,483,232.8,21.6,0.0140,,
1.9605,484,233.1,21.6,0.0140,,
1.9685,485,233.5,21.6,0.0135,,
1.9760,486,233.8,21.6,0.0150,,
1.9820,486,234.1,21.6,0.0120,,
1.9860,488,234.3,21.6,0.0025,,
1.9870,489,234.4,21.6,0.0015,,
1.9875,490,234.6,21.6,0.0010,,
1.9885,491,234.5,21.6,0.0015,,
1.9895,492,234.6,21.6,0.0020,,
1.9920,492,234.6,21.6,0.0050,,
1.9945,494,234.7,21.6,0.0015,,
1.9960,495,234.8,21.6,0.0025,,
1.9965,496,234.8,21.6,0.0010,,
1.9975,497,234.8,21.6,0.0015,,
1.9985,498,234.8,21.6,0.0020,,
1.9990,498,235.0,21.6,0.0015,,
Scope 1/1, Sample 18/19 (T23)
Result,TitrationEP1
V,t,E,T,dV/dt,E acc. stat.,Volume acc. stat.
0.0000,0,-59.2,21.5,NaN,,
0.0010,1,-59.2,21.5,0.0010,,
0.0025,2,-59.2,21.5,0.0015,,
0.0050,3,-59.1,21.5,0.0025,,
0.0090,4,-59.0,21.5,0.0035,,
0.0150,5,-58.8,21.5,0.0055,,
0.0235,6,-58.5,21.5,0.0075,,
0.0320,7,-57.7,21.5,0.0075,,
0.0395,8,-56.9,21.5,0.0075,,
0.0480,9,-55.8,21.5,0.0085,,
0.0565,10,-54.7,21.5,0.0075,,
0.0650,11,-53.4,21.5,0.0075,,
0.0730,12,-51.9,21.5,0.0075,,
0.0815,13,-50.4,21.5,0.0075,,
0.0890,14,-49.0,21.5,0.0075,,
0.0975,15,-47.4,21.5,0.0085,,
0.1060,16,-45.6,21.5,0.0075,,
0.1145,17,-43.6,21.5,0.0075,,
0.1230,18,-41.6,21.5,0.0075,,
0.1310,19,-39.5,21.5,0.0075,,
0.1395,20,-37.4,21.5,0.0085,,
0.1470,21,-35.2,21.5,0.0075,,
0.1555,22,-32.6,21.5,0.0075,,
0.1640,23,-30.0,21.5,0.0075,,
0.1725,24,-27.2,21.5,0.0075,,
0.1810,25,-24.4,21.5,0.0075,,
0.1895,26,-21.7,21.5,0.0085,,
0.1970,27,-18.7,21.5,0.0075,,
0.2055,28,-15.9,21.5,0.0075,,
0.2135,29,-13.4,21.5,0.0075,,
0.2220,30,-10.8,21.5,0.0075,,
0.2305,31,-8.5,21.5,0.0075,,
0.2390,32,-6.6,21.5,0.0085,,
0.2465,33,-4.7,21.5,0.0075,,
0.2550,34,-2.9,21.5,0.0075,,
0.2635,35,-1.2,21.5,0.0075,,
0.2715,36,0.5,21.5,0.0075,,
0.2800,37,1.9,21.5,0.0075,,
0.2885,38,3.3,21.5,0.0085,,
0.2960,39,4.6,21.5,0.0075,,
0.3045,40,6.1,21.5,0.0075,,
0.3130,41,7.3,21.5,0.0075,,
0.3215,42,8.4,21.5,0.0075,,
0.3300,43,9.7,21.5,0.0075,,
0.3380,44,10.9,21.5,0.0075,,
0.3455,45,11.8,21.5,0.0075,,
0.3540,46,12.9,21.5,0.0075,,
0.3625,47,13.9,21.5,0.0075,,
0.3710,48,15.1,21.5,0.0075,,
0.3795,49,16.1,21.5,0.0075,,
0.3880,50,17.0,21.5,0.0085,,
0.3955,51,18.0,21.5,0.0075,,
0.4040,52,18.9,21.5,0.0075,,
0.4120,53,20.0,21.5,0.0075,,
0.4205,54,20.9,21.5,0.0075,,
0.4290,55,21.8,21.5,0.0075,,
0.4375,56,22.7,21.5,0.0085,,
0.4450,57,23.5,21.5,0.0075,,
0.4535,58,24.6,21.5,0.0075,,
0.4620,59,25.5,21.5,0.0075,,
0.4700,60,26.3,21.5,0.0075,,
0.4785,61,27.1,21.5,0.0075,,
0.4870,62,28.1,21.5,0.0075,,
0.4945,63,28.9,21.5,0.0075,,
0.5030,64,29.7,21.5,0.0085,,
0.5115,65,30.5,21.5,0.0075,,
0.5200,66,31.5,21.5,0.0075,,
0.5280,67,32.5,21.5,0.0075,,
0.5365,68,33.2,21.5,0.0075,,
0.5450,69,34.1,21.5,0.0085,,
0.5525,70,34.9,21.5,0.0075,,
0.5610,71,35.8,21.5,0.0075,,
0.5695,72,36.8,21.5,0.0075,,
0.5780,73,37.5,21.5,0.0075,,
0.5865,74,38.3,21.5,0.0075,,
0.5945,75,39.2,21.5,0.0080,,
0.6025,76,40.1,21.5,0.0080,,
0.6105,77,41.0,21.5,0.0075,,
0.6190,78,41.9,21.5,0.0075,,
0.6275,79,42.7,21.5,0.0075,,
0.6360,80,43.7,21.5,0.0075,,
0.6435,81,44.5,21.5,0.0075,,
0.6520,82,45.4,21.5,0.0085,,
0.6605,83,46.2,21.5,0.0075,,
0.6685,84,47.1,21.5,0.0075,,
0.6770,85,48.0,21.5,0.0075,,
0.6855,86,48.9,21.5,0.0075,,
0.6930,87,49.8,21.5,0.0075,,
0.7015,88,50.6,21.5,0.0085,,
0.7100,89,51.6,21.5,0.0075,,
0.7185,90,52.4,21.5,0.0075,,
0.7270,91,53.3,21.5,0.0075,,
0.7350,92,54.1,21.5,0.0075,,
0.7430,93,55.0,21.5,0.0080,,
0.7510,94,56.0,21.5,0.0075,,
0.7595,95,57.0,21.5,0.0075,,
0.7680,96,57.8,21.5,0.0075,,
0.7765,97,58.8,21.5,0.0075,,
0.7850,98,59.8,21.5,0.0075,,
0.7930,99,60.5,21.5,0.0080,,
0.8010,100,61.5,21.5,0.0080,,
0.8090,101,62.3,21.5,0.0075,,
0.8175,102,63.2,21.5,0.0075,,
0.8260,103,64.3,21.5,0.0075,,
0.8345,104,65.1,21.5,0.0075,,
0.8430,105,66.0,21.5,0.0085,,
0.8505,106,66.9,21.5,0.0075,,
0.8590,107,67.8,21.5,0.0075,,
0.8675,108,68.8,21.5,0.0075,,
0.8755,109,69.7,21.5,0.0075,,
0.8840,110,70.7,21.5,0.0075,,
0.8915,111,71.6,21.5,0.0075,,
0.9000,112,72.7,21.5,0.0085,,
0.9085,113,73.7,21.5,0.0075,,
0.9170,114,74.6,21.5,0.0075,,
0.9255,115,75.6,21.5,0.0075,,
0.9335,116,76.8,21.5,0.0065,,
0.9420,117,77.6,21.5,0.0085,,
0.9495,118,78.7,21.5,0.0075,,
0.9580,119,79.7,21.5,0.0075,,
0.9665,120,80.7,21.5,0.0075,,
0.9750,121,81.8,21.5,0.0075,,
0.9835,122,82.8,21.5,0.0075,,
0.9920,123,83.7,21.5,0.0085,,
0.9995,124,84.6,21.5,0.0075,,
1.0075,125,85.7,21.5,0.0075,,
1.0160,126,86.9,21.5,0.0075,,
1.0245,127,88.0,21.5,0.0075,,
1.0330,128,89.1,21.5,0.0075,,
1.0415,129,90.2,21.5,0.0085,,
1.0490,130,91.5,21.5,0.0075,,
1.0575,131,92.8,21.5,0.0075,,
1.0660,132,94.0,21.5,0.0075,,
1.0740,133,95.2,21.5,0.0075,,
1.0825,134,96.8,21.5,0.0075,,
1.0910,135,98.1,21.5,0.0075,,
1.0985,136,99.5,21.5,0.0075,,
1.1070,137,100.9,21.5,0.0075,,
1.1155,138,102.4,21.5,0.0075,,
1.1240,139,104.0,21.5,0.0075,,
1.1320,140,105.6,21.5,0.0075,,
1.1405,141,107.2,21.5,0.0075,,
1.1480,142,108.9,21.5,0.0075,,
1.1565,143,110.8,21.5,0.0075,,
1.1650,144,112.4,21.5,0.0075,,
1.1735,145,114.1,21.5,0.0075,,
1.1820,146,116.1,21.5,0.0075,,
1.1905,147,118.1,21.5,0.0085,,
1.1980,148,120.6,21.5,0.0075,,
1.2065,149,123.1,21.5,0.0075,,
1.2145,150,125.4,21.5,0.0075,,
1.2230,151,127.9,21.5,0.0075,,
1.2315,152,131.0,21.5,0.0075,,
1.2400,153,133.7,21.5,0.0085,,
1.2475,154,136.7,21.5,0.0075,,
1.2560,155,140.1,21.5,0.0075,,
1.2645,156,143.7,21.5,0.0075,,
1.2730,157,147.4,21.5,0.0075,,
1.2810,158,151.0,21.5,0.0075,,
1.2895,159,154.6,21.5,0.0075,,
1.2970,160,157.9,21.5,0.0075,,
1.3055,161,161.8,21.5,0.0075,,
1.3140,162,165.2,21.5,0.0075,,
1.3225,163,168.5,21.5,0.0075,,
1.3310,164,171.5,21.5,0.0075,,
1.3390,165,174.6,21.5,0.0075,,
1.3465,166,176.8,21.5,0.0075,,
1.3550,167,179.6,21.5,0.0075,,
1.3635,168,181.9,21.5,0.0075,,
1.3720,169,184.2,21.5,0.0075,,
1.3780,170,185.1,21.5,0.0075,,
1.3780,410,188.7,21.6,0.0000,,
1.3785,411,188.6,21.6,0.0005,,
1.3800,412,188.7,21.6,0.0015,,
1.3825,413,188.9,21.6,0.0030,,
1.3865,414,189.3,21.6,0.0040,,
1.3925,415,190.1,21.6,0.0060,,
1.4005,416,191.4,21.6,0.0080,,
1.4080,417,192.8,21.6,0.0085,,
1.4165,418,194.3,21.6,0.0095,,
1.4250,419,195.6,21.6,0.0095,,
1.4335,420,197.1,21.6,0.0085,,
1.4420,421,198.4,21.6,0.0085,,
1.4505,422,199.5,21.6,0.0085,,
1.4580,423,200.7,21.6,0.0085,,
1.4665,424,201.6,21.6,0.0095,,
1.4745,425,202.9,21.6,0.0090,,
1.4830,426,204.0,21.6,0.0085,,
1.4915,427,205.0,21.6,0.0085,,
1.5000,428,205.9,21.6,0.0085,,
1.5075,429,206.7,21.6,0.0085,,
1.5160,430,207.8,21.6,0.0095,,
1.5245,431,208.7,21.6,0.0095,,
1.5330,432,209.4,21.6,0.0085,,
1.5410,433,210.3,21.6,0.0080,,
1.5495,434,211.1,21.6,0.0085,,
1.5580,435,211.7,21.6,0.0095,,
1.5655,436,212.5,21.6,0.0085,,
1.5740,437,213.1,21.6,0.0095,,
1.5825,438,214.0,21.6,0.0085,,
1.5910,439,214.7,21.6,0.0085,,
1.5995,440,215.3,21.6,0.0085,,
1.6070,441,215.9,21.6,0.0085,,
1.6150,442,216.5,21.6,0.0090,,
1.6235,443,217.2,21.6,0.0095,,
1.6320,444,217.8,21.6,0.0085,,
1.6405,445,218.3,21.6,0.0085,,
1.6490,446,218.9,21.6,0.0085,,
1.6565,447,219.3,21.6,0.0085,,
1.6650,448,219.9,21.6,0.0095,,
1.6735,449,220.5,21.6,0.0095,,
1.6815,450,220.9,21.6,0.0080,,
1.6900,451,221.4,21.6,0.0085,,
1.6985,452,222.0,21.6,0.0085,,
1.7070,453,222.5,21.6,0.0095,,
1.7145,454,222.9,21.6,0.0085,,
1.7230,455,223.4,21.6,0.0095,,
1.7315,456,223.9,21.6,0.0085,,
1.7395,457,224.4,21.6,0.0080,,
1.7480,458,224.8,21.6,0.0085,,
1.7565,459,225.4,21.6,0.0095,,
1.7640,460,225.7,21.6,0.0085,,
1.7725,461,226.2,21.6,0.0095,,
1.7810,462,226.7,21.6,0.0085,,
1.7895,463,227.0,21.6,0.0085,,
1.7975,464,227.4,21.6,0.0080,,
1.8060,465,227.7,21.6,0.0095,,
1.8135,466,228.3,21.6,0.0085,,
1.8220,467,228.7,21.6,0.0095,,
1.8305,468,228.9,21.6,0.0085,,
1.8390,469,229.2,21.6,0.0085,,
1.8475,470,229.7,21.6,0.0085,,
1.8560,471,230.0,21.6,0.0085,,
1.8635,472,230.4,21.6,0.0085,,
1.8715,473,230.6,21.6,0.0090,,
1.8800,474,231.0,21.6,0.0085,,
1.8885,475,231.5,21.6,0.0085,,
1.8970,476,231.8,21.6,0.0085,,
1.9055,477,231.9,21.6,0.0085,,
1.9130,478,232.4,21.6,0.0085,,
1.9215,479,232.8,21.6,0.0095,,
1.9300,480,233.2,21.6,0.0095,,
1.9380,481,233.4,21.6,0.0080,,
1.9465,482,233.6,21.6,0.0085,,
1.9530,483,233.8,21.6,0.0070,,
1.9560,484,234.2,21.6,0.0035,,
1.9565,485,234.3,21.6,0.0005,,
1.9570,486,234.4,21.6,0.0005,,
1.9575,487,234.3,21.6,0.0005,,
1.9585,488,234.5,21.6,0.0010,,
1.9605,489,234.4,21.6,0.0020,,
1.9620,490,234.6,21.6,0.0015,,
1.9640,491,234.5,21.6,0.0020,,
1.9675,492,234.6,21.6,0.0040,,
1.9690,493,234.8,21.6,0.0015,,
1.9695,494,234.8,21.6,0.0005,,
1.9705,495,235.1,21.6,0.0010,,
Scope 1/1, Sample 19/19 (T24)
Result,TitrationEP1
V,t,E,T,dV/dt,E acc. stat.,Volume acc. stat.
0.0000,0,-58.5,21.5,NaN,,
0.0010,1,-58.5,21.5,0.0010,,
0.0025,2,-58.6,21.5,0.0015,,
0.0050,3,-58.6,21.5,0.0025,,
0.0085,4,-58.8,21.5,0.0030,,
0.0150,5,-58.6,21.5,0.0060,,
0.0230,6,-58.1,21.5,0.0075,,
0.0315,7,-57.5,21.5,0.0075,,
0.0400,8,-56.7,21.5,0.0075,,
0.0485,9,-55.9,21.5,0.0085,,
0.0560,10,-54.7,21.5,0.0070,,
0.0645,11,-53.3,21.5,0.0075,,
0.0725,12,-52.1,21.5,0.0075,,
0.0810,13,-50.6,21.5,0.0075,,
0.0895,14,-48.8,21.5,0.0075,,
0.0970,15,-47.5,21.5,0.0070,,
0.1055,16,-45.6,21.5,0.0075,,
0.1140,17,-44.0,21.5,0.0075,,
0.1225,18,-42.1,21.5,0.0075,,
0.1310,19,-39.9,21.5,0.0075,,
0.1390,20,-37.7,21.5,0.0075,,
0.1475,21,-35.7,21.5,0.0075,,
0.1550,22,-33.4,21.5,0.0070,,
0.1635,23,-30.8,21.5,0.0075,,
0.1720,24,-28.0,21.5,0.0075,,
0.1805,25,-25.4,21.5,0.0075,,
0.1890,26,-22.7,21.5,0.0075,,
0.1970,27,-20.2,21.5,0.0080,,
0.2050,28,-17.3,21.5,0.0075,,
0.2130,29,-14.6,21.5,0.0075,,
0.2215,30,-12.2,21.5,0.0075,,
0.2300,31,-10.0,21.5,0.0075,,
0.2385,32,-7.7,21.5,0.0075,,
0.2460,33,-5.9,21.5,0.0070,,
0.2545,34,-4.1,21.5,0.0075,,
0.2630,35,-2.6,21.5,0.0075,,
0.2715,36,-1.2,21.5,0.0075,,
0.2795,37,0.4,21.5,0.0075,,
0.2880,38,1.8,21.5,0.0075,,
0.2955,39,3.1,21.5,0.0070,,
0.3040,40,4.3,21.5,0.0075,,
0.3125,41,5.7,21.5,0.0075,,
0.3210,42,7.0,21.5,0.0075,,
0.3295,43,8.1,21.5,0.0075,,
0.3375,44,9.3,21.5,0.0075,,
0.3455,45,10.3,21.5,0.0075,,
0.3535,46,11.5,21.5,0.0075,,
0.3620,47,12.6,21.5,0.0075,,
0.3705,48,13.5,21.5,0.0075,,
0.3790,49,14.5,21.5,0.0075,,
0.3875,50,15.6,21.5,0.0075,,
0.3950,51,16.4,21.5,0.0070,,
0.4035,52,17.5,21.5,0.0075,,
0.4120,53,18.4,21.5,0.0075,,
0.4200,54,19.3,21.5,0.0075,,
0.4285,55,20.3,21.5,0.0075,,
0.4370,56,21.2,21.5,0.0075,,
0.4445,57,22.1,21.5,0.0070,,
0.4530,58,22.9,21.5,0.0075,,
0.4615,59,23.9,21.5,0.0075,,
0.4700,60,24.9,21.5,0.0075,,
0.4785,61,25.7,21.5,0.0075,,
0.4865,62,26.6,21.5,0.0075,,
0.4945,63,27.4,21.5,0.0075,,
0.5025,64,28.4,21.5,0.0075,,
0.5110,65,29.3,21.5,0.0075,,
0.5195,66,30.0,21.5,0.0075,,
0.5280,67,31.1,21.5,0.0075,,
0.5365,68,32.1,21.5,0.0075,,
0.5440,69,32.9,21.5,0.0075,,
0.5525,70,33.7,21.5,0.0075,,
0.5605,71,34.5,21.5,0.0075,,
0.5690,72,35.4,21.5,0.0075,,
0.5775,73,36.4,21.5,0.0075,,
0.5860,74,37.2,21.5,0.0075,,
0.5935,75,38.1,21.5,0.0070,,
0.6020,76,38.9,21.5,0.0075,,
0.6105,77,39.8,21.5,0.0075,,
0.6190,78,40.7,21.5,0.0075,,
0.6270,79,41.4,21.5,0.0075,,
0.6355,80,42.3,21.5,0.0075,,
0.6430,81,43.1,21.5,0.0070,,
0.6515,82,44.1,21.5,0.0075,,
0.6600,83,45.0,21.5,0.0075,,
0.6685,84,45.8,21.5,0.0075,,
0.6770,85,46.8,21.5,0.0075,,
0.6850,86,47.8,21.5,0.0075,,
0.6930,87,48.5,21.5,0.0075,,
0.7010,88,49.4,21.5,0.0075,,
0.7095,89,50.2,21.5,0.0075,,
0.7180,90,51.1,21.5,0.0075,,
0.7265,91,52.1,21.5,0.0075,,
0.7350,92,52.8,21.5,0.0075,,
0.7425,93,53.8,21.5,0.0070,,
0.7510,94,54.5,21.5,0.0075,,
0.7590,95,55.6,21.5,0.0075,,
0.7675,96,56.5,21.5,0.0075,,
0.7760,97,57.3,21.5,0.0075,,
0.7845,98,58.3,21.5,0.0075,,
0.7920,99,59.0,21.5,0.0070,,
0.8005,100,60.1,21.5,0.0075,,
0.8090,101,61.0,21.5,0.0075,,
0.8175,102,61.9,21.5,0.0075,,
0.8255,103,62.9,21.5,0.0075,,
0.8340,104,63.9,21.5,0.0075,,
0.8415,105,64.8,21.5,0.0070,,
0.8500,106,65.7,21.5,0.0075,,
0.8585,107,66.6,21.5,0.0075,,
0.8670,108,67.5,21.5,0.0075,,
0.8755,109,68.6,21.5,0.0075,,
0.8840,110,69.4,21.5,0.0075,,
0.8915,111,70.3,21.5,0.0075,,
0.8995,112,71.1,21.5,0.0075,,
0.9080,113,72.1,21.5,0.0075,,
0.9165,114,73.1,21.5,0.0075,,
0.9250,115,74.0,21.5,0.0075,,
0.9335,116,75.0,21.5,0.0075,,
0.9410,117,75.9,21.5,0.0075,,
0.9495,118,77.0,21.5,0.0075,,
0.9580,119,78.1,21.5,0.0075,,
0.9660,120,79.0,21.5,0.0075,,
0.9745,121,80.1,21.5,0.0075,,
0.9830,122,81.2,21.5,0.0075,,
0.9915,123,82.2,21.5,0.0085,,
0.9990,124,83.3,21.5,0.0070,,
1.0075,125,84.3,21.5,0.0075,,
1.0160,126,85.5,21.5,0.0075,,
1.0245,127,86.8,21.5,0.0075,,
1.0325,128,87.7,21.5,0.0075,,
1.0410,129,88.9,21.5,0.0085,,
1.0485,130,89.9,21.5,0.0070,,
1.0570,131,91.3,21.5,0.0075,,
1.0655,132,92.4,21.5,0.0075,,
1.0740,133,93.6,21.5,0.0075,,
1.0825,134,95.3,21.5,0.0075,,
1.0900,135,96.4,21.5,0.0070,,
1.0985,136,97.7,21.5,0.0075,,
1.1065,137,99.1,21.5,0.0075,,
1.1150,138,100.5,21.5,0.0075,,
1.1235,139,102.1,21.5,0.0075,,
1.1320,140,103.7,21.5,0.0075,,
1.1395,141,105.1,21.5,0.0070,,
1.1480,142,106.7,21.5,0.0075,,
1.1565,143,108.4,21.5,0.0075,,
1.1650,144,110.3,21.5,0.0075,,
1.1730,145,112.1,21.5,0.0075,,
1.1815,146,114.0,21.5,0.0075,,
1.1890,147,115.9,21.5,0.0070,,
1.1975,148,118.1,21.5,0.0075,,
1.2060,149,120.4,21.5,0.0075,,
1.2145,150,122.9,21.5,0.0075,,
1.2230,151,125.3,21.5,0.0075,,
1.2315,152,128.1,21.5,0.0075,,
1.2390,153,130.5,21.5,0.0070,,
1.2475,154,133.9,21.5,0.0075,,
1.2555,155,137.2,21.5,0.0075,,
1.2640,156,140.6,21.5,0.0075,,
1.2725,157,144.3,21.5,0.0075,,
1.2810,158,147.7,21.5,0.0075,,
1.2885,159,151.1,21.5,0.0070,,
1.2970,160,154.9,21.5,0.0075,,
1.3055,161,158.8,21.5,0.0075,,
1.3135,162,162.6,21.5,0.0075,,
1.3220,163,166.0,21.5,0.0075,,
1.3305,164,169.2,21.5,0.0075,,
1.3380,165,172.1,21.5,0.0070,,
1.3465,166,175.0,21.5,0.0075,,
1.3550,167,177.8,21.5,0.0075,,
1.3635,168,180.2,21.5,0.0075,,
1.3720,169,182.3,21.5,0.0075,,
1.3800,170,184.6,21.5,0.0075,,
1.3845,171,185.3,21.5,0.0075,,
1.3845,411,189.0,21.5,0.0000,,
1.3850,412,188.9,21.5,0.0005,,
1.3865,413,189.0,21.5,0.0020,,
1.3890,414,189.3,21.5,0.0035,,
1.3930,415,189.7,21.5,0.0050,,
1.3995,416,190.3,21.5,0.0080,,
1.4075,417,191.5,21.5,0.0100,,
1.4155,418,192.9,21.5,0.0115,,
1.4235,419,194.5,21.5,0.0115,,
1.4320,420,195.8,21.5,0.0105,,
1.4405,421,197.1,21.5,0.0105,,
1.4490,422,198.5,21.5,0.0105,,
1.4575,423,199.7,21.5,0.0105,,
1.4650,424,200.8,21.5,0.0105,,
1.4735,425,201.8,21.5,0.0120,,
1.4815,426,202.9,21.5,0.0115,,
1.4900,427,204.1,21.5,0.0105,,
1.4985,428,204.9,21.5,0.0105,,
1.5070,429,205.8,21.5,0.0105,,
1.5145,430,206.6,21.5,0.0105,,
1.5230,431,207.6,21.5,0.0120,,
1.5315,432,208.6,21.5,0.0120,,
1.5400,433,209.3,21.5,0.0105,,
1.5480,434,210.1,21.5,0.0100,,
1.5565,435,211.0,21.5,0.0105,,
1.5640,436,211.6,21.5,0.0105,,
1.5725,437,212.5,21.5,0.0120,,
1.5810,438,213.2,21.5,0.0120,,
1.5895,439,213.8,21.5,0.0105,,
1.5980,440,214.6,21.5,0.0105,,
1.6060,441,215.3,21.5,0.0100,,
1.6140,442,215.9,21.5,0.0115,,
1.6220,443,216.5,21.5,0.0115,,
1.6305,444,217.1,21.5,0.0120,,
1.6390,445,217.8,21.5,0.0105,,
1.6475,446,218.3,21.5,0.0105,,
1.6560,447,218.8,21.5,0.0105,,
1.6635,448,219.2,21.5,0.0105,,
1.6720,449,219.9,21.5,0.0120,,
1.6800,450,220.4,21.6,0.0115,,
1.6885,451,220.9,21.6,0.0105,,
1.6970,452,221.3,21.6,0.0105,,
1.7055,453,221.9,21.6,0.0105,,
1.7130,454,222.2,21.6,0.0105,,
1.7215,455,222.9,21.6,0.0120,,
1.7300,456,223.4,21.6,0.0120,,
1.7380,457,223.7,21.5,0.0100,,
1.7465,458,224.4,21.6,0.0105,,
1.7550,459,224.8,21.6,0.0105,,
1.7625,460,225.1,21.6,0.0105,,
1.7710,461,225.5,21.6,0.0120,,
1.7795,462,225.8,21.5,0.0120,,
1.7880,463,226.5,21.6,0.0105,,
1.7965,464,226.8,21.6,0.0105,,
1.8045,465,227.1,21.6,0.0100,,
1.8125,466,227.6,21.6,0.0115,,
1.8205,467,227.9,21.6,0.0115,,
1.8290,468,228.4,21.6,0.0120,,
1.8375,469,228.7,21.5,0.0105,,
1.8460,470,229.0,21.6,0.0105,,
1.8545,471,229.5,21.6,0.0105,,
1.8620,472,229.8,21.6,0.0105,,
1.8705,473,230.3,21.6,0.0120,,
1.8790,474,230.6,21.6,0.0120,,
1.8870,475,230.8,21.6,0.0100,,
1.8955,476,231.3,21.6,0.0105,,
1.9040,477,231.7,21.6,0.0105,,
1.9115,478,232.0,21.6,0.0105,,
1.9200,479,232.3,21.6,0.0120,,
1.9285,480,232.7,21.6,0.0120,,
1.9370,481,233.1,21.6,0.0105,,
1.9455,482,233.3,21.6,0.0105,,
1.9530,483,233.5,21.6,0.0095,,
1.9585,484,233.7,21.6,0.0080,,
1.9645,485,234.0,21.6,0.0075,,
1.9675,486,234.3,21.6,0.0045,,
1.9685,487,234.4,21.6,0.0010,,
1.9690,488,234.4,21.6,0.0005,,
1.9700,489,234.6,21.6,0.0010,,
1.9715,490,234.5,21.6,0.0020,,
1.9735,491,234.6,21.6,0.0030,,
1.9750,492,234.6,21.6,0.0020,,
1.9765,493,234.6,21.6,0.0020,,
1.9780,494,234.7,21.6,0.0020,,
1.9795,495,235.0,21.6,0.0020,,
