SampleID,TA,Mass,Sample.Index
junk,2298.865808,60.0399,1
crm,2221.564071,60.1054,2
