SampleID,TA,Mass,Sample.Index
Junk1,2409.843646,59.8959,1
Junk2,2446.274812,59.9976,2
Junk3,2438.065141,60.3156,3
CRM3,2237.210282,60.1017,4
