"SampleID","TA","Mass","Sample.Index"
"junk1",2257.05162557622,60.263,1
"junk2",2226.74021119286,60.3722,2
"junk3",2227.37326097816,59.718,3
"crm",2218.10482924392,60.1111,4
