"SampleID","TA","Mass","Sample.Index"
"junk",2180.81850756862,60.2239,1
"CRM",2227.52700329202,60.1899,2
