"SampleID","TA","Mass","Sample.Index"
"junk1",2321.93726272622,59.6737,1
"junk2",2308.26908346426,60.3043,2
"CRM",2238.67102048716,60.2758,3
