SampleID,TA,Mass,Sample.Index
junk,2273.950659,59.9332,1
crm,2218.903403,59.8825,2
