"SampleID","TA","Mass","Sample.Index"
"junk1",2007.64324978777,60.0966,1
"junk2",1966.30199034571,60.1494,2
"crm",2232.6153441317,60.006,3
