Task,T2237
Scope 1/1, Sample 1/32 (junk1)
Result,TitrationEP1
V,t,E,T,dV/dt,E acc. stat.,Volume acc. stat.
0.0000,0,-75.4,21.4,NaN,,
0.0005,1,-75.3,21.4,0.0005,,
0.0025,2,-75.4,21.4,0.0020,,
0.0050,3,-75.2,21.4,0.0025,,
0.0090,4,-75.1,21.4,0.0035,,
0.0150,5,-75.0,21.4,0.0055,,
0.0235,6,-74.4,21.4,0.0085,,
0.0310,7,-73.7,21.4,0.0075,,
0.0395,8,-72.5,21.4,0.0085,,
0.0480,9,-71.4,21.4,0.0075,,
0.0565,10,-70.5,21.4,0.0075,,
0.0650,11,-69.1,21.4,0.0075,,
0.0735,12,-68.0,21.4,0.0085,,
0.0810,13,-66.4,21.4,0.0075,,
0.0895,14,-65.1,21.4,0.0085,,
0.0975,15,-63.8,21.4,0.0075,,
0.1060,16,-62.1,21.4,0.0075,,
0.1145,17,-60.5,21.4,0.0075,,
0.1230,18,-58.9,21.4,0.0085,,
0.1305,19,-57.1,21.4,0.0075,,
0.1390,20,-55.4,21.4,0.0085,,
0.1475,21,-53.3,21.4,0.0075,,
0.1560,22,-51.2,21.4,0.0075,,
0.1640,23,-49.2,21.4,0.0075,,
0.1715,24,-46.9,21.4,0.0075,,
0.1800,25,-44.7,21.4,0.0085,,
0.1885,26,-41.9,21.4,0.0085,,
0.1970,27,-39.3,21.4,0.0075,,
0.2055,28,-36.5,21.4,0.0075,,
0.2140,29,-33.3,21.4,0.0075,,
0.2215,30,-30.7,21.4,0.0075,,
0.2300,31,-27.4,21.4,0.0085,,
0.2380,32,-24.6,21.4,0.0080,,
0.2465,33,-21.9,21.4,0.0075,,
0.2550,34,-18.9,21.4,0.0075,,
0.2635,35,-16.4,21.4,0.0075,,
0.2710,36,-14.4,21.4,0.0075,,
0.2795,37,-12.4,21.4,0.0085,,
0.2880,38,-10.6,21.4,0.0075,,
0.2965,39,-8.6,21.4,0.0075,,
0.3045,40,-7.1,21.4,0.0075,,
0.3130,41,-5.6,21.4,0.0085,,
0.3205,42,-4.3,21.4,0.0075,,
0.3290,43,-3.0,21.4,0.0085,,
0.3375,44,-1.6,21.4,0.0075,,
0.3460,45,-0.5,21.4,0.0075,,
0.3545,46,0.6,21.4,0.0075,,
0.3630,47,1.5,21.4,0.0085,,
0.3705,48,2.8,21.4,0.0075,,
0.3790,49,3.9,21.4,0.0085,,
0.3870,50,4.7,21.4,0.0075,,
0.3955,51,5.7,21.4,0.0075,,
0.4040,52,6.9,21.4,0.0075,,
0.4115,53,7.7,21.4,0.0075,,
0.4200,54,8.7,21.4,0.0085,,
0.4285,55,9.4,21.4,0.0085,,
0.4370,56,10.5,21.4,0.0075,,
0.4455,57,11.5,21.4,0.0075,,
0.4540,58,12.3,21.4,0.0075,,
0.4615,59,13.1,21.4,0.0075,,
0.4695,60,14.0,21.4,0.0080,,
0.4780,61,15.0,21.4,0.0075,,
0.4865,62,15.9,21.4,0.0075,,
0.4950,63,16.5,21.4,0.0075,,
0.5035,64,17.4,21.4,0.0085,,
0.5110,65,18.1,21.4,0.0075,,
0.5195,66,19.1,21.4,0.0085,,
0.5280,67,19.8,21.4,0.0075,,
0.5365,68,20.5,21.4,0.0075,,
0.5445,69,21.5,21.4,0.0075,,
0.5525,70,22.1,21.4,0.0080,,
0.5605,71,23.1,21.4,0.0080,,
0.5690,72,23.7,21.4,0.0085,,
0.5775,73,24.6,21.4,0.0075,,
0.5860,74,25.6,21.4,0.0075,,
0.5945,75,26.3,21.4,0.0075,,
0.6020,76,27.2,21.4,0.0075,,
0.6105,77,27.8,21.4,0.0085,,
0.6190,78,28.7,21.4,0.0075,,
0.6270,79,29.6,21.4,0.0075,,
0.6355,80,30.3,21.4,0.0075,,
0.6440,81,31.1,21.4,0.0085,,
0.6515,82,31.6,21.4,0.0075,,
0.6600,83,32.6,21.4,0.0085,,
0.6685,84,33.4,21.4,0.0075,,
0.6770,85,34.1,21.4,0.0075,,
0.6855,86,35.1,21.4,0.0075,,
0.6930,87,35.8,21.4,0.0075,,
0.7015,88,36.8,21.4,0.0085,,
0.7100,89,37.5,21.4,0.0085,,
0.7180,90,38.2,21.4,0.0075,,
0.7265,91,39.2,21.4,0.0075,,
0.7350,92,40.0,21.4,0.0075,,
0.7425,93,40.9,21.4,0.0075,,
0.7510,94,41.5,21.4,0.0085,,
0.7595,95,42.3,21.4,0.0075,,
0.7680,96,43.4,21.4,0.0075,,
0.7760,97,44.2,21.4,0.0075,,
0.7845,98,44.8,21.4,0.0075,,
0.7920,99,45.6,21.4,0.0075,,
0.8005,100,46.4,21.4,0.0085,,
0.8090,101,47.5,21.4,0.0085,,
0.8175,102,48.4,21.4,0.0075,,
0.8260,103,49.0,21.4,0.0075,,
0.8340,104,49.9,21.4,0.0075,,
0.8420,105,50.6,21.4,0.0080,,
0.8500,106,51.8,21.4,0.0080,,
0.8585,107,52.7,21.4,0.0085,,
0.8670,108,53.5,21.4,0.0075,,
0.8755,109,54.6,21.4,0.0075,,
0.8840,110,55.6,21.4,0.0075,,
0.8915,111,56.4,21.4,0.0075,,
0.9000,112,57.2,21.4,0.0085,,
0.9085,113,58.0,21.4,0.0085,,
0.9165,114,59.2,21.4,0.0075,,
0.9250,115,60.1,21.4,0.0075,,
0.9335,116,60.9,21.4,0.0075,,
0.9410,117,61.8,21.4,0.0075,,
0.9495,118,62.8,21.4,0.0085,,
0.9580,119,63.9,21.4,0.0075,,
0.9665,120,64.8,21.4,0.0075,,
0.9750,121,65.7,21.4,0.0075,,
0.9830,122,66.8,21.4,0.0075,,
0.9910,123,67.6,21.4,0.0080,,
0.9990,124,68.9,21.4,0.0080,,
1.0075,125,69.8,21.4,0.0075,,
1.0160,126,70.8,21.4,0.0075,,
1.0245,127,71.9,21.4,0.0075,,
1.0330,128,73.1,21.4,0.0075,,
1.0405,129,74.0,21.4,0.0075,,
1.0490,130,75.1,21.4,0.0085,,
1.0570,131,76.0,21.4,0.0080,,
1.0655,132,77.2,21.4,0.0075,,
1.0740,133,78.5,21.4,0.0075,,
1.0825,134,79.5,21.4,0.0075,,
1.0900,135,80.7,21.4,0.0075,,
1.0985,136,81.8,21.4,0.0085,,
1.1070,137,83.1,21.4,0.0085,,
1.1150,138,84.6,21.4,0.0075,,
1.1235,139,85.8,21.4,0.0075,,
1.1320,140,87.0,21.4,0.0075,,
1.1405,141,88.4,21.4,0.0085,,
1.1480,142,89.8,21.4,0.0075,,
1.1565,143,91.5,21.4,0.0085,,
1.1650,144,92.9,21.4,0.0075,,
1.1730,145,94.4,21.4,0.0075,,
1.1815,146,96.0,21.4,0.0075,,
1.1900,147,97.3,21.4,0.0085,,
1.1975,148,99.0,21.4,0.0075,,
1.2060,149,100.6,21.4,0.0085,,
1.2145,150,102.3,21.4,0.0075,,
1.2230,151,104.2,21.4,0.0075,,
1.2310,152,106.3,21.4,0.0075,,
1.2395,153,108.2,21.4,0.0075,,
1.2470,154,110.2,21.4,0.0075,,
1.2555,155,112.2,21.4,0.0085,,
1.2640,156,114.6,21.4,0.0075,,
1.2725,157,117.4,21.4,0.0075,,
1.2810,158,119.9,21.4,0.0075,,
1.2895,159,122.8,21.4,0.0075,,
1.2970,160,125.3,21.4,0.0075,,
1.3055,161,128.7,21.4,0.0085,,
1.3135,162,132.0,21.4,0.0075,,
1.3220,163,135.4,21.4,0.0075,,
1.3305,164,139.1,21.4,0.0075,,
1.3390,165,143.3,21.4,0.0075,,
1.3465,166,146.4,21.4,0.0075,,
1.3550,167,150.1,21.4,0.0085,,
1.3635,168,153.7,21.4,0.0075,,
1.3720,169,157.2,21.4,0.0075,,
1.3800,170,160.6,21.4,0.0075,,
1.3885,171,163.4,21.4,0.0085,,
1.3960,172,166.1,21.4,0.0075,,
1.4045,173,168.6,21.4,0.0085,,
1.4130,174,171.1,21.4,0.0075,,
1.4215,175,173.4,21.4,0.0075,,
1.4300,176,175.6,21.4,0.0075,,
1.4380,177,177.3,21.4,0.0080,,
1.4460,178,179.1,21.4,0.0080,,
1.4540,179,181.1,21.4,0.0080,,
1.4625,180,182.6,21.4,0.0075,,
1.4710,181,183.9,21.4,0.0075,,
1.4795,182,185.2,21.4,0.0075,,
1.4795,422,187.1,21.4,0.0000,,
1.4800,423,187.0,21.4,0.0005,,
1.4815,424,186.8,21.4,0.0015,,
1.4840,425,187.2,21.4,0.0020,,
1.4880,426,187.7,21.4,0.0035,,
1.4940,427,188.2,21.4,0.0050,,
1.5020,428,189.4,21.4,0.0065,,
1.5100,429,190.3,21.4,0.0075,,
1.5180,430,191.7,21.4,0.0075,,
1.5265,431,192.9,21.4,0.0075,,
1.5350,432,193.6,21.4,0.0070,,
1.5435,433,194.7,21.4,0.0070,,
1.5520,434,195.9,21.4,0.0070,,
1.5595,435,196.6,21.4,0.0070,,
1.5680,436,197.7,21.4,0.0075,,
1.5760,437,198.3,21.4,0.0075,,
1.5845,438,199.1,21.4,0.0070,,
1.5930,439,200.1,21.4,0.0070,,
1.6015,440,200.9,21.4,0.0070,,
1.6090,441,201.7,21.4,0.0070,,
1.6175,442,202.3,21.4,0.0075,,
1.6260,443,203.0,21.4,0.0075,,
1.6345,444,204.0,21.4,0.0070,,
1.6425,445,204.6,21.4,0.0065,,
1.6510,446,205.1,21.4,0.0070,,
1.6585,447,205.7,21.4,0.0070,,
1.6670,448,206.4,21.4,0.0075,,
1.6755,449,207.2,21.4,0.0075,,
1.6840,450,207.7,21.4,0.0070,,
1.6925,451,208.1,21.4,0.0070,,
1.7010,452,209.0,21.4,0.0070,,
1.7085,453,209.4,21.4,0.0070,,
1.7165,454,210.0,21.4,0.0075,,
1.7250,455,210.4,21.4,0.0075,,
1.7335,456,210.8,21.4,0.0070,,
1.7420,457,211.4,21.4,0.0070,,
1.7505,458,212.1,21.4,0.0070,,
1.7590,459,212.5,21.4,0.0075,,
1.7665,460,212.9,21.4,0.0070,,
1.7750,461,213.2,21.4,0.0075,,
1.7830,462,213.9,21.4,0.0065,,
1.7915,463,214.4,21.4,0.0070,,
1.8000,464,214.8,21.4,0.0070,,
1.8085,465,215.3,21.4,0.0075,,
1.8160,466,215.6,21.4,0.0070,,
1.8245,467,216.3,21.4,0.0075,,
1.8330,468,216.6,21.4,0.0070,,
1.8410,469,216.8,21.4,0.0065,,
1.8495,470,217.3,21.4,0.0070,,
1.8570,471,217.6,21.4,0.0070,,
1.8655,472,218.2,21.4,0.0075,,
1.8740,473,218.5,21.4,0.0075,,
1.8825,474,218.7,21.4,0.0070,,
1.8910,475,219.4,21.4,0.0070,,
1.8995,476,219.9,21.4,0.0070,,
1.9070,477,220.2,21.4,0.0070,,
1.9155,478,220.4,21.4,0.0075,,
1.9235,479,220.6,21.4,0.0075,,
1.9320,480,221.2,21.4,0.0070,,
1.9405,481,221.5,21.4,0.0070,,
1.9490,482,221.7,21.4,0.0070,,
1.9565,483,222.1,21.4,0.0070,,
1.9650,484,222.3,21.4,0.0075,,
1.9735,485,222.8,21.4,0.0075,,
1.9815,486,223.2,21.4,0.0065,,
1.9900,487,223.3,21.4,0.0070,,
1.9985,488,223.8,21.4,0.0070,,
2.0060,489,224.0,21.4,0.0070,,
2.0145,490,224.6,21.4,0.0075,,
2.0230,491,224.9,21.4,0.0075,,
2.0315,492,225.0,21.4,0.0070,,
2.0400,493,225.4,21.4,0.0070,,
2.0480,494,225.9,21.4,0.0065,,
2.0555,495,226.1,21.4,0.0070,,
2.0640,496,226.3,21.4,0.0075,,
2.0725,497,226.5,21.4,0.0075,,
2.0810,498,226.8,21.4,0.0070,,
2.0895,499,227.3,21.4,0.0070,,
2.0980,500,227.3,21.4,0.0070,,
2.1060,501,227.6,21.4,0.0075,,
2.1135,502,227.7,21.4,0.0070,,
2.1220,503,228.0,21.4,0.0075,,
2.1305,504,228.5,21.4,0.0070,,
2.1390,505,228.5,21.4,0.0070,,
2.1475,506,228.8,21.4,0.0070,,
2.1555,507,229.2,21.4,0.0065,,
2.1635,508,229.4,21.4,0.0075,,
2.1715,509,229.9,21.4,0.0075,,
2.1800,510,230.1,21.4,0.0075,,
2.1885,511,230.2,21.4,0.0070,,
2.1970,512,230.5,21.4,0.0070,,
2.2055,513,230.9,21.4,0.0070,,
2.2130,514,231.1,21.4,0.0070,,
2.2215,515,231.3,21.4,0.0075,,
2.2295,516,231.2,21.4,0.0075,,
2.2380,517,231.4,21.4,0.0070,,
2.2465,518,232.0,21.4,0.0070,,
2.2550,519,232.1,21.4,0.0070,,
2.2625,520,232.3,21.4,0.0070,,
2.2710,521,232.4,21.4,0.0075,,
2.2795,522,232.7,21.4,0.0075,,
2.2880,523,233.1,21.4,0.0070,,
2.2960,524,233.0,21.4,0.0065,,
2.3045,525,233.2,21.4,0.0070,,
2.3130,526,233.3,21.4,0.0075,,
2.3205,527,233.7,21.4,0.0070,,
2.3280,528,234.2,21.4,0.0070,,
2.3350,529,234.1,21.4,0.0060,,
2.3375,530,234.3,21.4,0.0020,,
2.3380,531,234.6,21.3,0.0005,,
2.3390,532,234.5,21.4,0.0010,,
2.3405,533,234.6,21.4,0.0015,,
2.3420,534,234.4,21.4,0.0015,,
2.3430,535,234.4,21.4,0.0010,,
2.3440,536,234.7,21.4,0.0010,,
2.3455,537,234.6,21.4,0.0010,,
2.3470,538,234.7,21.4,0.0015,,
2.3485,539,234.5,21.4,0.0015,,
2.3500,540,234.7,21.4,0.0015,,
2.3510,541,234.8,21.4,0.0010,,
2.3520,542,234.7,21.4,0.0010,,
2.3525,543,234.6,21.4,0.0005,,
2.3530,544,234.6,21.4,0.0005,,
2.3540,545,234.8,21.4,0.0010,,
2.3550,546,235.0,21.3,0.0015,,
Scope 1/1, Sample 2/32 (junk2)
Result,TitrationEP1
V,t,E,T,dV/dt,E acc. stat.,Volume acc. stat.
0.0000,0,-74.4,21.1,NaN,,
0.0005,1,-74.3,21.1,0.0005,,
0.0025,2,-74.5,21.1,0.0020,,
0.0050,3,-74.3,21.1,0.0025,,
0.0090,4,-74.2,21.1,0.0035,,
0.0150,5,-74.2,21.1,0.0055,,
0.0235,6,-73.7,21.1,0.0075,,
0.0310,7,-73.0,21.1,0.0075,,
0.0395,8,-71.9,21.1,0.0085,,
0.0480,9,-71.0,21.1,0.0075,,
0.0565,10,-70.0,21.1,0.0075,,
0.0650,11,-68.6,21.1,0.0075,,
0.0735,12,-67.2,21.1,0.0075,,
0.0810,13,-66.0,21.1,0.0075,,
0.0895,14,-64.6,21.1,0.0085,,
0.0975,15,-63.2,21.1,0.0075,,
0.1060,16,-61.5,21.1,0.0075,,
0.1145,17,-59.7,21.1,0.0075,,
0.1230,18,-58.1,21.1,0.0085,,
0.1305,19,-56.5,21.1,0.0075,,
0.1390,20,-54.7,21.1,0.0085,,
0.1475,21,-52.4,21.1,0.0075,,
0.1560,22,-50.4,21.1,0.0075,,
0.1640,23,-48.3,21.1,0.0075,,
0.1725,24,-46.1,21.1,0.0085,,
0.1800,25,-43.7,21.1,0.0075,,
0.1885,26,-41.0,21.1,0.0085,,
0.1970,27,-38.5,21.1,0.0075,,
0.2055,28,-35.8,21.1,0.0075,,
0.2140,29,-32.7,21.1,0.0075,,
0.2220,30,-30.1,21.1,0.0080,,
0.2300,31,-27.0,21.1,0.0080,,
0.2380,32,-24.4,21.1,0.0080,,
0.2465,33,-21.9,21.1,0.0075,,
0.2550,34,-19.3,21.1,0.0075,,
0.2635,35,-17.1,21.1,0.0075,,
0.2720,36,-15.2,21.1,0.0085,,
0.2795,37,-13.5,21.1,0.0075,,
0.2880,38,-11.8,21.1,0.0085,,
0.2960,39,-10.0,21.1,0.0075,,
0.3045,40,-8.4,21.1,0.0075,,
0.3130,41,-7.1,21.1,0.0075,,
0.3215,42,-5.7,21.1,0.0075,,
0.3290,43,-4.5,21.1,0.0075,,
0.3375,44,-3.0,21.1,0.0085,,
0.3460,45,-1.8,21.1,0.0075,,
0.3545,46,-0.9,21.1,0.0075,,
0.3625,47,0.3,21.1,0.0075,,
0.3710,48,1.4,21.1,0.0075,,
0.3785,49,2.3,21.1,0.0075,,
0.3870,50,3.5,21.1,0.0085,,
0.3955,51,4.3,21.1,0.0075,,
0.4040,52,5.2,21.1,0.0075,,
0.4125,53,6.3,21.1,0.0075,,
0.4205,54,7.1,21.1,0.0075,,
0.4285,55,8.1,21.1,0.0080,,
0.4365,56,8.9,21.1,0.0080,,
0.4450,57,9.8,21.1,0.0085,,
0.4535,58,10.8,21.1,0.0075,,
0.4620,59,11.6,21.1,0.0075,,
0.4705,60,12.3,21.1,0.0075,,
0.4785,61,13.2,21.1,0.0080,,
0.4865,62,14.0,21.1,0.0080,,
0.4945,63,15.1,21.1,0.0080,,
0.5030,64,15.9,21.1,0.0075,,
0.5115,65,16.5,21.1,0.0075,,
0.5200,66,17.5,21.1,0.0075,,
0.5285,67,18.2,21.1,0.0085,,
0.5360,68,19.2,21.1,0.0075,,
0.5445,69,19.9,21.1,0.0085,,
0.5530,70,20.6,21.1,0.0075,,
0.5610,71,21.6,21.1,0.0075,,
0.5695,72,22.3,21.1,0.0075,,
0.5770,73,23.1,21.1,0.0075,,
0.5855,74,23.8,21.1,0.0085,,
0.5940,75,24.6,21.1,0.0085,,
0.6025,76,25.5,21.1,0.0075,,
0.6110,77,26.1,21.1,0.0075,,
0.6195,78,26.8,21.1,0.0075,,
0.6270,79,27.6,21.1,0.0075,,
0.6355,80,28.4,21.1,0.0075,,
0.6435,81,29.4,21.1,0.0075,,
0.6520,82,30.2,21.1,0.0075,,
0.6605,83,30.8,21.1,0.0075,,
0.6690,84,31.8,21.1,0.0075,,
0.6765,85,32.5,21.1,0.0075,,
0.6850,86,33.4,21.1,0.0085,,
0.6935,87,34.1,21.1,0.0075,,
0.7015,88,34.8,21.1,0.0075,,
0.7100,89,35.8,21.1,0.0075,,
0.7185,90,36.7,21.1,0.0075,,
0.7260,91,37.5,21.1,0.0075,,
0.7345,92,38.2,21.1,0.0085,,
0.7430,93,38.9,21.1,0.0085,,
0.7515,94,40.0,21.1,0.0075,,
0.7595,95,40.9,21.1,0.0075,,
0.7680,96,41.5,21.1,0.0075,,
0.7755,97,42.4,21.1,0.0075,,
0.7840,98,43.2,21.1,0.0085,,
0.7925,99,44.2,21.1,0.0075,,
0.8010,100,45.1,21.1,0.0075,,
0.8095,101,45.8,21.1,0.0075,,
0.8180,102,46.8,21.1,0.0075,,
0.8255,103,47.5,21.1,0.0075,,
0.8335,104,48.6,21.1,0.0080,,
0.8420,105,49.5,21.1,0.0085,,
0.8505,106,50.2,21.1,0.0075,,
0.8590,107,51.2,21.1,0.0075,,
0.8675,108,52.3,21.1,0.0075,,
0.8755,109,53.1,21.1,0.0080,,
0.8835,110,54.1,21.1,0.0080,,
0.8915,111,54.7,21.1,0.0080,,
0.9000,112,55.7,21.1,0.0075,,
0.9085,113,56.8,21.1,0.0075,,
0.9170,114,57.6,21.1,0.0075,,
0.9255,115,58.6,21.1,0.0085,,
0.9330,116,59.4,21.1,0.0075,,
0.9415,117,60.5,21.1,0.0085,,
0.9500,118,61.7,21.1,0.0075,,
0.9580,119,62.6,21.1,0.0075,,
0.9665,120,63.4,21.1,0.0075,,
0.9750,121,64.5,21.1,0.0075,,
0.9825,122,65.4,21.1,0.0075,,
0.9910,123,66.6,21.1,0.0085,,
0.9995,124,67.5,21.1,0.0075,,
1.0080,125,68.4,21.1,0.0075,,
1.0160,126,69.8,21.1,0.0075,,
1.0245,127,70.9,21.1,0.0075,,
1.0320,128,72.0,21.1,0.0075,,
1.0405,129,72.9,21.1,0.0085,,
1.0490,130,74.0,21.1,0.0075,,
1.0575,131,75.3,21.1,0.0075,,
1.0660,132,76.5,21.1,0.0075,,
1.0740,133,77.4,21.1,0.0075,,
1.0820,134,78.5,21.1,0.0080,,
1.0900,135,79.6,21.1,0.0080,,
1.0985,136,81.1,21.1,0.0075,,
1.1070,137,82.4,21.1,0.0075,,
1.1155,138,83.6,21.1,0.0075,,
1.1240,139,85.1,21.1,0.0075,,
1.1315,140,86.3,21.1,0.0075,,
1.1400,141,87.9,21.1,0.0085,,
1.1485,142,89.2,21.1,0.0075,,
1.1565,143,90.5,21.1,0.0075,,
1.1650,144,92.1,21.1,0.0075,,
1.1735,145,93.4,21.1,0.0085,,
1.1810,146,95.1,21.1,0.0075,,
1.1895,147,96.6,21.1,0.0085,,
1.1980,148,98.1,21.1,0.0075,,
1.2065,149,100.3,21.1,0.0075,,
1.2150,150,102.3,21.1,0.0075,,
1.2230,151,104.1,21.1,0.0080,,
1.2310,152,105.9,21.1,0.0080,,
1.2390,153,107.9,21.1,0.0080,,
1.2475,154,110.3,21.1,0.0075,,
1.2560,155,112.8,21.1,0.0075,,
1.2645,156,115.0,21.1,0.0075,,
1.2730,157,117.5,21.1,0.0085,,
1.2805,158,120.3,21.1,0.0075,,
1.2890,159,123.6,21.1,0.0085,,
1.2970,160,126.9,21.1,0.0075,,
1.3055,161,130.2,21.1,0.0075,,
1.3140,162,133.9,21.1,0.0075,,
1.3225,163,137.2,21.1,0.0085,,
1.3300,164,141.3,21.1,0.0075,,
1.3385,165,145.0,21.1,0.0075,,
1.3470,166,148.7,21.1,0.0075,,
1.3555,167,152.7,21.1,0.0075,,
1.3635,168,156.3,21.1,0.0075,,
1.3720,169,159.2,21.1,0.0085,,
1.3795,170,162.0,21.1,0.0075,,
1.3880,171,165.0,21.1,0.0085,,
1.3965,172,168.0,21.1,0.0075,,
1.4050,173,170.3,21.1,0.0075,,
1.4135,174,172.5,21.1,0.0075,,
1.4215,175,175.0,21.1,0.0075,,
1.4295,176,176.7,21.1,0.0080,,
1.4375,177,178.6,21.1,0.0080,,
1.4460,178,180.4,21.1,0.0075,,
1.4545,179,182.0,21.1,0.0075,,
1.4630,180,183.5,21.1,0.0075,,
1.4735,181,185.2,21.1,0.0075,,
1.4735,422,187.2,21.1,0.0000,,
1.4740,422,187.2,21.1,0.0010,,
1.4755,424,187.4,21.1,0.0010,,
1.4780,425,187.5,21.1,0.0040,,
1.4820,426,187.8,21.1,0.0065,,
1.4885,427,188.5,21.1,0.0110,,
1.4970,428,189.6,21.1,0.0140,,
1.5045,428,190.5,21.1,0.0150,,
1.5130,430,191.7,21.1,0.0055,,
1.5215,430,192.7,21.1,0.0170,,
1.5295,432,193.8,21.1,0.0050,,
1.5380,433,194.9,21.1,0.0140,,
1.5465,434,195.6,21.1,0.0140,,
1.5540,434,196.6,21.1,0.0150,,
1.5625,436,197.4,21.1,0.0055,,
1.5710,436,198.3,21.1,0.0170,,
1.5795,438,199.4,21.1,0.0055,,
1.5875,439,200.0,21.1,0.0135,,
1.5960,440,200.7,21.1,0.0140,,
1.6035,440,201.4,21.1,0.0150,,
1.6120,442,202.3,21.1,0.0055,,
1.6205,442,203.2,21.1,0.0170,,
1.6290,444,203.8,21.1,0.0055,,
1.6375,445,204.4,21.1,0.0140,,
1.6455,446,205.3,21.1,0.0135,,
1.6535,446,205.8,21.1,0.0160,,
1.6615,448,206.7,21.1,0.0055,,
1.6700,449,207.0,21.1,0.0140,,
1.6785,450,207.5,21.1,0.0140,,
1.6870,451,208.3,21.1,0.0140,,
1.6955,452,209.0,21.1,0.0140,,
1.7040,452,209.4,21.1,0.0170,,
1.7115,454,209.8,21.1,0.0050,,
1.7200,454,210.2,21.1,0.0170,,
1.7280,456,211.0,21.1,0.0050,,
1.7365,457,211.5,21.1,0.0140,,
1.7450,458,211.9,21.1,0.0140,,
1.7525,458,212.3,21.1,0.0150,,
1.7610,460,212.9,21.1,0.0055,,
1.7695,460,213.6,21.1,0.0170,,
1.7780,462,213.9,21.1,0.0055,,
1.7865,463,214.3,21.1,0.0140,,
1.7945,464,214.9,21.1,0.0135,,
1.8020,464,215.1,21.1,0.0150,,
1.8105,466,215.8,21.1,0.0055,,
1.8190,466,216.2,21.1,0.0170,,
1.8275,468,216.5,21.1,0.0055,,
1.8360,469,217.1,21.1,0.0140,,
1.8445,470,217.6,21.1,0.0140,,
1.8520,470,218.0,21.1,0.0150,,
1.8605,472,218.2,21.1,0.0055,,
1.8685,472,218.6,21.1,0.0160,,
1.8770,474,219.1,21.1,0.0055,,
1.8855,475,219.4,21.1,0.0140,,
1.8940,476,219.6,21.1,0.0140,,
1.9015,476,220.0,21.1,0.0150,,
1.9100,478,220.4,21.1,0.0055,,
1.9185,478,221.0,21.1,0.0170,,
1.9270,480,221.2,21.1,0.0055,,
1.9350,481,221.4,21.1,0.0135,,
1.9435,482,221.9,21.1,0.0140,,
1.9510,482,222.1,21.1,0.0150,,
1.9595,484,222.6,21.1,0.0055,,
1.9680,484,222.9,21.1,0.0170,,
1.9765,486,223.1,21.1,0.0055,,
1.9850,487,223.5,21.1,0.0140,,
1.9930,488,223.9,21.1,0.0135,,
2.0010,488,224.1,21.1,0.0160,,
2.0090,490,224.3,21.1,0.0055,,
2.0175,490,224.4,21.1,0.0170,,
2.0260,492,225.0,21.1,0.0055,,
2.0345,493,225.3,21.1,0.0140,,
2.0430,494,225.4,21.1,0.0140,,
2.0510,494,225.8,21.1,0.0160,,
2.0590,496,226.0,21.1,0.0055,,
2.0670,496,226.5,21.1,0.0160,,
2.0755,498,226.9,21.1,0.0055,,
2.0840,499,227.1,21.1,0.0140,,
2.0925,500,227.1,21.1,0.0140,,
2.1010,501,227.5,21.1,0.0140,,
2.1085,502,227.7,21.1,0.0150,,
2.1170,502,228.1,21.1,0.0170,,
2.1250,504,228.3,21.1,0.0055,,
2.1335,505,228.5,21.1,0.0140,,
2.1420,506,228.8,21.1,0.0140,,
2.1505,507,229.1,21.1,0.0140,,
2.1580,508,229.4,21.1,0.0150,,
2.1665,508,229.6,21.1,0.0170,,
2.1750,510,229.6,21.1,0.0055,,
2.1830,511,230.1,21.1,0.0135,,
2.1915,512,230.4,21.1,0.0140,,
2.2000,513,230.4,21.1,0.0140,,
2.2075,514,230.8,21.1,0.0150,,
2.2160,514,231.0,21.1,0.0170,,
2.2245,516,231.4,21.1,0.0055,,
2.2330,517,231.7,21.1,0.0140,,
2.2410,518,231.7,21.1,0.0135,,
2.2495,519,232.0,21.1,0.0140,,
2.2570,520,232.1,21.1,0.0150,,
2.2655,520,232.5,21.1,0.0170,,
2.2740,522,232.8,21.1,0.0055,,
2.2825,523,232.7,21.1,0.0140,,
2.2910,524,232.9,21.1,0.0140,,
2.2990,525,233.4,21.1,0.0135,,
2.3075,526,233.5,21.1,0.0170,,
2.3150,526,233.7,21.1,0.0150,,
2.3230,528,233.8,21.1,0.0055,,
2.3295,529,234.0,21.1,0.0110,,
2.3365,530,234.4,21.1,0.0115,,
2.3395,531,234.3,21.1,0.0050,,
2.3400,532,234.5,21.1,0.0010,,
2.3405,532,234.3,21.1,0.0010,,
2.3415,534,234.4,21.1,0.0005,,
2.3420,535,234.6,21.1,0.0010,,
2.3430,536,234.4,21.1,0.0015,,
2.3445,537,234.5,21.1,0.0025,,
2.3465,538,234.4,21.1,0.0040,,
2.3480,538,234.7,21.1,0.0030,,
2.3485,540,234.8,21.1,0.0005,,
2.3495,541,234.6,21.1,0.0015,,
2.3500,542,234.7,21.1,0.0010,,
2.3510,543,235.0,21.1,0.0015,,
2.3520,544,234.9,21.1,0.0020,,
2.3530,544,234.9,21.1,0.0020,,
2.3540,545,235.1,21.1,0.0010,,
Scope 1/1, Sample 3/32 (S1)
Result,TitrationEP1
V,t,E,T,dV/dt,E acc. stat.,Volume acc. stat.
0.0000,0,-67.2,19.6,NaN,,
0.0005,1,-67.2,19.6,0.0005,,
0.0025,2,-67.2,19.6,0.0020,,
0.0050,3,-67.1,19.6,0.0025,,
0.0090,4,-67.0,19.6,0.0035,,
0.0150,5,-67.0,19.6,0.0055,,
0.0235,6,-66.1,19.6,0.0075,,
0.0320,7,-65.4,19.6,0.0085,,
0.0395,8,-64.2,19.6,0.0075,,
0.0480,9,-62.9,19.6,0.0085,,
0.0565,10,-61.5,19.6,0.0075,,
0.0645,11,-59.8,19.6,0.0075,,
0.0730,12,-58.0,19.6,0.0075,,
0.0815,13,-56.3,19.6,0.0075,,
0.0890,14,-54.4,19.6,0.0075,,
0.0975,15,-52.5,19.6,0.0085,,
0.1060,16,-50.1,19.6,0.0075,,
0.1145,17,-47.6,19.6,0.0075,,
0.1230,18,-45.5,19.6,0.0075,,
0.1310,19,-42.8,19.7,0.0075,,
0.1385,20,-40.3,19.7,0.0075,,
0.1470,21,-37.2,19.6,0.0085,,
0.1555,22,-34.1,19.7,0.0075,,
0.1640,23,-31.2,19.6,0.0075,,
0.1725,24,-28.2,19.6,0.0075,,
0.1810,25,-25.3,19.6,0.0075,,
0.1885,26,-22.8,19.6,0.0075,,
0.1970,27,-20.3,19.7,0.0085,,
0.2050,28,-18.2,19.7,0.0075,,
0.2135,29,-16.1,19.7,0.0075,,
0.2220,30,-14.0,19.7,0.0075,,
0.2305,31,-12.4,19.7,0.0075,,
0.2380,32,-10.8,19.7,0.0075,,
0.2465,33,-9.4,19.7,0.0085,,
0.2550,34,-7.8,19.7,0.0075,,
0.2630,35,-6.2,19.7,0.0075,,
0.2715,36,-5.0,19.7,0.0075,,
0.2800,37,-3.8,19.7,0.0075,,
0.2875,38,-2.8,19.7,0.0075,,
0.2960,39,-1.7,19.7,0.0085,,
0.3045,40,-0.4,19.7,0.0075,,
0.3130,41,0.4,19.7,0.0075,,
0.3215,42,1.5,19.7,0.0075,,
0.3295,43,2.8,19.7,0.0075,,
0.3375,44,3.7,19.7,0.0080,,
0.3455,45,4.8,19.7,0.0080,,
0.3540,46,5.5,19.7,0.0075,,
0.3625,47,6.5,19.7,0.0075,,
0.3710,48,7.6,19.7,0.0075,,
0.3795,49,8.5,19.7,0.0075,,
0.3870,50,9.3,19.7,0.0075,,
0.3955,51,9.9,19.7,0.0085,,
0.4040,52,10.9,19.7,0.0075,,
0.4120,53,11.9,19.7,0.0075,,
0.4205,54,12.7,19.7,0.0075,,
0.4290,55,13.6,19.7,0.0085,,
0.4365,56,14.2,19.7,0.0075,,
0.4450,57,15.2,19.7,0.0085,,
0.4535,58,16.0,19.7,0.0075,,
0.4620,59,16.7,19.7,0.0075,,
0.4700,60,17.5,19.7,0.0075,,
0.4785,61,18.3,19.7,0.0085,,
0.4860,62,19.3,19.7,0.0075,,
0.4945,63,20.2,19.7,0.0085,,
0.5030,64,20.9,19.7,0.0075,,
0.5115,65,21.6,19.7,0.0075,,
0.5200,66,22.6,19.7,0.0075,,
0.5280,67,23.4,19.7,0.0075,,
0.5360,68,24.2,19.7,0.0080,,
0.5440,69,24.8,19.7,0.0080,,
0.5525,70,25.6,19.7,0.0075,,
0.5610,71,26.7,19.7,0.0075,,
0.5695,72,27.3,19.7,0.0075,,
0.5780,73,28.0,19.7,0.0075,,
0.5855,74,28.7,19.7,0.0075,,
0.5940,75,29.7,19.7,0.0085,,
0.6025,76,30.6,19.7,0.0075,,
0.6105,77,31.3,19.7,0.0075,,
0.6190,78,31.9,19.7,0.0075,,
0.6275,79,33.0,19.7,0.0075,,
0.6350,80,33.8,19.7,0.0075,,
0.6435,81,34.8,19.7,0.0085,,
0.6520,82,35.6,19.7,0.0075,,
0.6605,83,36.3,19.7,0.0075,,
0.6685,84,37.3,19.7,0.0075,,
0.6770,85,38.2,19.7,0.0075,,
0.6845,86,39.0,19.7,0.0075,,
0.6930,87,39.6,19.7,0.0085,,
0.7015,88,40.4,19.7,0.0075,,
0.7100,89,41.4,19.7,0.0075,,
0.7185,90,42.4,19.7,0.0075,,
0.7265,91,43.0,19.7,0.0075,,
0.7345,92,43.9,19.7,0.0080,,
0.7425,93,44.7,19.7,0.0080,,
0.7510,94,45.7,19.7,0.0075,,
0.7595,95,46.7,19.7,0.0075,,
0.7680,96,47.3,19.7,0.0075,,
0.7765,97,48.3,19.7,0.0075,,
0.7840,98,49.0,19.7,0.0075,,
0.7925,99,50.2,19.7,0.0085,,
0.8005,100,51.2,19.7,0.0080,,
0.8090,101,51.9,19.7,0.0075,,
0.8175,102,52.8,19.7,0.0075,,
0.8260,103,53.9,19.7,0.0075,,
0.8335,104,54.7,19.7,0.0075,,
0.8420,105,55.7,19.7,0.0085,,
0.8505,106,56.5,19.7,0.0085,,
0.8590,107,57.5,19.7,0.0075,,
0.8670,108,58.7,19.7,0.0075,,
0.8755,109,59.5,19.7,0.0075,,
0.8830,110,60.5,19.7,0.0075,,
0.8915,111,61.2,19.7,0.0085,,
0.9000,112,62.3,19.7,0.0085,,
0.9085,113,63.3,19.7,0.0075,,
0.9170,114,64.3,19.7,0.0075,,
0.9250,115,65.3,19.7,0.0075,,
0.9335,116,66.2,19.7,0.0085,,
0.9410,117,67.4,19.7,0.0075,,
0.9495,118,68.7,19.7,0.0085,,
0.9580,119,69.5,19.7,0.0075,,
0.9665,120,70.5,19.7,0.0075,,
0.9750,121,71.9,19.7,0.0075,,
0.9825,122,72.9,19.7,0.0075,,
0.9910,123,74.2,19.7,0.0085,,
0.9995,124,75.0,19.7,0.0085,,
1.0075,125,76.3,19.7,0.0075,,
1.0160,126,77.6,19.7,0.0075,,
1.0245,127,78.6,19.7,0.0075,,
1.0320,128,79.9,19.7,0.0075,,
1.0405,129,80.9,19.7,0.0085,,
1.0490,130,82.3,19.7,0.0075,,
1.0575,131,83.9,19.7,0.0075,,
1.0655,132,85.2,19.7,0.0075,,
1.0740,133,86.5,19.7,0.0075,,
1.0825,134,88.1,19.7,0.0085,,
1.0900,135,89.6,19.7,0.0075,,
1.0985,136,91.3,19.7,0.0075,,
1.1070,137,92.8,19.7,0.0075,,
1.1155,138,94.2,19.7,0.0075,,
1.1235,139,96.0,19.7,0.0075,,
1.1320,140,97.5,19.7,0.0085,,
1.1395,141,99.6,19.7,0.0075,,
1.1480,142,101.3,19.7,0.0085,,
1.1565,143,103.1,19.7,0.0075,,
1.1650,144,105.4,19.7,0.0075,,
1.1735,145,107.7,19.7,0.0075,,
1.1820,146,109.9,19.7,0.0085,,
1.1895,147,112.1,19.7,0.0075,,
1.1980,148,114.5,19.7,0.0085,,
1.2060,149,117.4,19.7,0.0075,,
1.2145,150,120.5,19.7,0.0075,,
1.2230,151,123.3,19.7,0.0075,,
1.2315,152,126.4,19.7,0.0075,,
1.2390,153,129.5,19.7,0.0075,,
1.2475,154,133.3,19.7,0.0085,,
1.2560,155,136.9,19.7,0.0075,,
1.2640,156,140.6,19.7,0.0075,,
1.2725,157,144.4,19.7,0.0075,,
1.2810,158,148.3,19.7,0.0075,,
1.2885,159,151.7,19.7,0.0075,,
1.2970,160,155.5,19.7,0.0085,,
1.3055,161,158.6,19.7,0.0075,,
1.3140,162,161.9,19.7,0.0075,,
1.3220,163,165.0,19.7,0.0075,,
1.3305,164,167.5,19.7,0.0075,,
1.3380,165,169.9,19.7,0.0075,,
1.3465,166,171.9,19.7,0.0085,,
1.3550,167,174.1,19.7,0.0075,,
1.3635,168,176.4,19.8,0.0075,,
1.3720,169,178.0,19.7,0.0075,,
1.3805,170,179.7,19.7,0.0075,,
1.3880,171,181.3,19.7,0.0075,,
1.3965,172,182.9,19.8,0.0085,,
1.4045,173,184.5,19.8,0.0075,,
1.4110,174,185.3,19.8,0.0070,,
1.4110,414,187.2,19.9,0.0000,,
1.4115,415,187.4,19.9,0.0005,,
1.4130,416,187.3,19.9,0.0015,,
1.4155,417,187.3,19.9,0.0025,,
1.4195,418,187.9,19.9,0.0040,,
1.4260,419,188.7,19.9,0.0065,,
1.4345,420,189.5,19.9,0.0095,,
1.4420,421,190.4,19.9,0.0085,,
1.4500,422,191.3,19.9,0.0090,,
1.4585,423,192.7,19.9,0.0085,,
1.4670,424,193.7,19.9,0.0085,,
1.4755,425,194.6,19.9,0.0085,,
1.4840,426,195.5,19.9,0.0085,,
1.4915,427,196.3,19.9,0.0085,,
1.5000,428,197.3,19.9,0.0095,,
1.5085,429,198.2,19.9,0.0095,,
1.5165,430,198.8,19.9,0.0080,,
1.5250,431,199.6,19.9,0.0085,,
1.5335,432,200.7,19.9,0.0085,,
1.5410,433,201.3,19.9,0.0085,,
1.5495,434,202.2,19.9,0.0095,,
1.5580,435,202.8,19.9,0.0095,,
1.5665,436,203.4,19.9,0.0085,,
1.5745,437,204.3,19.9,0.0080,,
1.5830,438,204.8,19.9,0.0085,,
1.5905,439,205.7,19.9,0.0085,,
1.5990,440,206.1,19.9,0.0095,,
1.6075,441,206.6,19.9,0.0095,,
1.6160,442,207.4,19.9,0.0085,,
1.6245,443,208.0,19.9,0.0085,,
1.6325,444,208.3,19.9,0.0080,,
1.6410,445,208.9,19.9,0.0085,,
1.6485,446,209.3,19.9,0.0085,,
1.6570,447,210.1,19.9,0.0095,,
1.6655,448,210.6,19.9,0.0085,,
1.6740,449,210.9,19.9,0.0085,,
1.6825,450,211.4,19.9,0.0085,,
1.6905,451,212.2,19.9,0.0080,,
1.6985,452,212.6,19.9,0.0090,,
1.7065,453,213.0,19.9,0.0090,,
1.7150,454,213.3,19.9,0.0085,,
1.7235,455,213.8,19.9,0.0085,,
1.7320,456,214.5,19.9,0.0085,,
1.7405,457,214.8,19.9,0.0085,,
1.7480,458,215.2,19.9,0.0085,,
1.7565,459,215.4,19.9,0.0095,,
1.7645,460,216.0,19.9,0.0090,,
1.7730,461,216.5,19.9,0.0085,,
1.7815,462,216.8,19.9,0.0085,,
1.7900,463,217.2,19.9,0.0085,,
1.7975,464,217.5,19.9,0.0085,,
1.8060,465,218.0,19.9,0.0095,,
1.8145,466,218.6,19.9,0.0095,,
1.8230,467,218.8,19.9,0.0085,,
1.8310,468,219.1,19.9,0.0080,,
1.8395,469,219.8,19.9,0.0085,,
1.8470,470,220.0,19.9,0.0085,,
1.8555,471,220.4,19.9,0.0095,,
1.8640,472,220.5,19.9,0.0095,,
1.8725,473,220.9,19.9,0.0085,,
1.8810,474,221.5,19.9,0.0085,,
1.8895,475,221.7,19.9,0.0085,,
1.8970,476,222.1,19.9,0.0085,,
1.9050,477,222.2,19.9,0.0090,,
1.9135,478,222.4,19.9,0.0095,,
1.9220,479,223.0,19.9,0.0085,,
1.9305,480,223.3,19.9,0.0085,,
1.9390,481,223.4,19.9,0.0085,,
1.9465,482,223.8,19.9,0.0085,,
1.9550,483,224.1,19.9,0.0095,,
1.9635,484,224.7,19.9,0.0095,,
1.9715,485,224.7,19.9,0.0080,,
1.9800,486,224.9,19.9,0.0085,,
1.9885,487,225.4,19.9,0.0085,,
1.9960,488,225.6,19.9,0.0085,,
2.0045,489,226.0,19.9,0.0095,,
2.0130,490,226.1,19.9,0.0085,,
2.0215,491,226.4,19.9,0.0085,,
2.0295,492,226.7,19.9,0.0080,,
2.0380,493,227.0,19.9,0.0085,,
2.0455,494,227.3,19.9,0.0085,,
2.0540,495,227.4,19.9,0.0095,,
2.0625,496,227.5,19.9,0.0095,,
2.0710,497,228.0,19.9,0.0085,,
2.0795,498,228.4,19.9,0.0085,,
2.0875,499,228.4,19.9,0.0080,,
2.0960,500,228.7,19.9,0.0095,,
2.1035,501,228.8,19.9,0.0085,,
2.1120,502,229.2,19.9,0.0095,,
2.1205,503,229.5,19.9,0.0085,,
2.1290,504,229.5,19.9,0.0085,,
2.1375,505,229.8,19.9,0.0085,,
2.1455,506,229.9,19.9,0.0090,,
2.1535,507,230.4,19.9,0.0090,,
2.1615,508,230.7,19.9,0.0090,,
2.1700,509,230.7,19.9,0.0085,,
2.1785,510,231.0,19.9,0.0085,,
2.1870,511,231.4,19.9,0.0085,,
2.1955,512,231.5,19.9,0.0095,,
2.2030,513,231.8,19.9,0.0085,,
2.2115,514,231.8,19.9,0.0095,,
2.2200,515,232.1,19.9,0.0085,,
2.2280,516,232.5,19.9,0.0080,,
2.2365,517,232.6,19.9,0.0085,,
2.2450,518,232.6,19.9,0.0085,,
2.2525,519,232.9,19.9,0.0085,,
2.2610,520,233.1,19.9,0.0095,,
2.2695,521,233.5,19.9,0.0085,,
2.2780,522,233.6,19.9,0.0085,,
2.2860,523,233.7,19.9,0.0080,,
2.2925,524,233.8,19.9,0.0070,,
2.2935,525,234.1,19.9,0.0010,,
2.2940,526,234.3,19.9,0.0005,,
2.2950,527,234.1,19.9,0.0010,,
2.2970,528,234.0,19.9,0.0020,,
2.2990,529,234.3,19.9,0.0020,,
2.3010,530,234.4,19.9,0.0020,,
2.3020,531,234.5,19.9,0.0010,,
2.3030,532,234.3,19.9,0.0010,,
2.3045,533,234.2,19.9,0.0015,,
2.3075,534,234.6,19.9,0.0030,,
2.3105,535,234.7,19.9,0.0030,,
2.3125,536,234.5,19.9,0.0020,,
2.3135,537,234.5,19.9,0.0010,,
2.3135,538,234.6,19.9,0.0000,,
2.3150,539,234.8,19.9,0.0015,,
2.3160,540,234.8,19.9,0.0010,,
2.3175,541,234.7,19.9,0.0015,,
2.3195,542,234.8,19.9,0.0020,,
2.3215,543,234.8,19.9,0.0020,,
2.3225,543,235.1,19.9,0.0025,,
Scope 1/1, Sample 4/32 (S2)
Result,TitrationEP1
V,t,E,T,dV/dt,E acc. stat.,Volume acc. stat.
0.0000,0,-69.6,19.3,NaN,,
0.0010,1,-69.5,19.3,0.0010,,
0.0025,2,-69.7,19.3,0.0015,,
0.0050,3,-69.7,19.3,0.0025,,
0.0090,4,-69.6,19.3,0.0035,,
0.0150,5,-69.0,19.3,0.0055,,
0.0235,6,-68.5,19.3,0.0075,,
0.0320,7,-67.5,19.3,0.0075,,
0.0405,8,-66.2,19.3,0.0075,,
0.0480,9,-65.0,19.3,0.0075,,
0.0565,10,-63.5,19.3,0.0075,,
0.0645,11,-62.0,19.3,0.0075,,
0.0730,12,-60.3,19.3,0.0075,,
0.0815,13,-58.3,19.3,0.0075,,
0.0900,14,-56.4,19.3,0.0075,,
0.0975,15,-54.5,19.3,0.0070,,
0.1060,16,-52.5,19.3,0.0075,,
0.1145,17,-50.2,19.3,0.0075,,
0.1230,18,-47.7,19.3,0.0075,,
0.1310,19,-45.3,19.3,0.0075,,
0.1395,20,-42.8,19.3,0.0075,,
0.1480,21,-40.2,19.3,0.0085,,
0.1555,22,-37.4,19.3,0.0070,,
0.1640,23,-34.1,19.3,0.0075,,
0.1725,24,-30.9,19.3,0.0075,,
0.1810,25,-27.9,19.3,0.0075,,
0.1890,26,-24.9,19.3,0.0075,,
0.1975,27,-22.5,19.3,0.0085,,
0.2050,28,-19.9,19.3,0.0070,,
0.2135,29,-17.6,19.3,0.0075,,
0.2220,30,-15.5,19.3,0.0075,,
0.2305,31,-13.5,19.3,0.0075,,
0.2390,32,-11.6,19.3,0.0075,,
0.2475,33,-10.1,19.3,0.0085,,
0.2550,34,-8.7,19.3,0.0070,,
0.2635,35,-7.2,19.3,0.0075,,
0.2715,36,-5.7,19.3,0.0075,,
0.2800,37,-4.2,19.3,0.0075,,
0.2885,38,-3.1,19.3,0.0075,,
0.2970,39,-1.9,19.3,0.0085,,
0.3045,40,-0.9,19.3,0.0070,,
0.3130,41,0.4,19.3,0.0075,,
0.3215,42,1.4,19.3,0.0075,,
0.3295,43,2.4,19.3,0.0075,,
0.3380,44,3.5,19.3,0.0075,,
0.3465,45,4.7,19.3,0.0075,,
0.3540,46,5.6,19.3,0.0070,,
0.3625,47,6.6,19.3,0.0075,,
0.3710,48,7.4,19.3,0.0075,,
0.3795,49,8.3,19.3,0.0075,,
0.3880,50,9.4,19.3,0.0075,,
0.3960,51,10.2,19.3,0.0075,,
0.4035,52,11.0,19.3,0.0070,,
0.4120,53,11.8,19.3,0.0075,,
0.4205,54,12.8,19.3,0.0075,,
0.4290,55,13.8,19.4,0.0075,,
0.4375,56,14.6,19.4,0.0075,,
0.4460,57,15.4,19.4,0.0085,,
0.4535,58,16.1,19.4,0.0070,,
0.4620,59,17.1,19.4,0.0075,,
0.4700,60,18.0,19.4,0.0075,,
0.4785,61,18.7,19.4,0.0075,,
0.4870,62,19.4,19.4,0.0075,,
0.4955,63,20.4,19.4,0.0075,,
0.5030,64,20.9,19.4,0.0070,,
0.5115,65,22.0,19.4,0.0075,,
0.5200,66,22.7,19.4,0.0075,,
0.5280,67,23.4,19.4,0.0075,,
0.5365,68,24.5,19.4,0.0075,,
0.5450,69,25.2,19.4,0.0075,,
0.5525,70,26.0,19.4,0.0070,,
0.5610,71,26.7,19.4,0.0075,,
0.5695,72,27.5,19.4,0.0075,,
0.5780,73,28.5,19.4,0.0075,,
0.5865,74,29.3,19.4,0.0075,,
0.5945,75,30.0,19.4,0.0075,,
0.6025,76,30.8,19.4,0.0075,,
0.6105,77,31.6,19.4,0.0075,,
0.6190,78,32.6,19.4,0.0075,,
0.6275,79,33.4,19.4,0.0075,,
0.6360,80,34.1,19.4,0.0075,,
0.6445,81,35.1,19.4,0.0075,,
0.6520,82,35.7,19.4,0.0075,,
0.6600,83,36.6,19.4,0.0075,,
0.6685,84,37.5,19.4,0.0075,,
0.6770,85,38.2,19.4,0.0075,,
0.6855,86,39.2,19.4,0.0075,,
0.6940,87,40.1,19.4,0.0075,,
0.7015,88,40.7,19.4,0.0070,,
0.7100,89,41.6,19.4,0.0075,,
0.7185,90,42.3,19.4,0.0075,,
0.7265,91,43.3,19.4,0.0075,,
0.7350,92,44.3,19.4,0.0075,,
0.7435,93,45.0,19.4,0.0075,,
0.7510,94,45.9,19.4,0.0070,,
0.7595,95,46.8,19.4,0.0075,,
0.7680,96,47.7,19.4,0.0075,,
0.7765,97,48.7,19.4,0.0075,,
0.7845,98,49.5,19.4,0.0075,,
0.7930,99,50.4,19.4,0.0075,,
0.8005,100,51.2,19.4,0.0070,,
0.8090,101,52.2,19.4,0.0075,,
0.8175,102,53.2,19.4,0.0075,,
0.8260,103,54.0,19.4,0.0075,,
0.8345,104,55.0,19.4,0.0075,,
0.8430,105,56.2,19.4,0.0075,,
0.8510,106,57.0,19.4,0.0080,,
0.8590,107,58.0,19.4,0.0075,,
0.8670,108,58.9,19.4,0.0075,,
0.8755,109,59.9,19.4,0.0075,,
0.8840,110,61.1,19.4,0.0075,,
0.8925,111,62.0,19.4,0.0075,,
0.9010,112,62.8,19.4,0.0085,,
0.9085,113,63.7,19.4,0.0070,,
0.9170,114,64.8,19.4,0.0075,,
0.9250,115,66.0,19.4,0.0075,,
0.9335,116,67.0,19.4,0.0075,,
0.9420,117,67.9,19.4,0.0075,,
0.9505,118,69.2,19.4,0.0075,,
0.9580,119,70.2,19.4,0.0070,,
0.9665,120,71.5,19.4,0.0075,,
0.9750,121,72.4,19.4,0.0075,,
0.9830,122,73.5,19.4,0.0075,,
0.9915,123,74.8,19.4,0.0075,,
1.0000,124,76.0,19.4,0.0075,,
1.0075,125,77.2,19.4,0.0070,,
1.0160,126,78.4,19.4,0.0075,,
1.0245,127,79.6,19.4,0.0075,,
1.0330,128,81.1,19.4,0.0075,,
1.0415,129,82.3,19.4,0.0075,,
1.0495,130,83.7,19.4,0.0080,,
1.0575,131,85.0,19.4,0.0075,,
1.0655,132,86.4,19.4,0.0075,,
1.0740,133,87.9,19.4,0.0075,,
1.0825,134,89.2,19.4,0.0075,,
1.0910,135,90.6,19.4,0.0075,,
1.0995,136,92.2,19.4,0.0075,,
1.1070,137,93.8,19.4,0.0070,,
1.1155,138,95.5,19.4,0.0075,,
1.1240,139,97.3,19.4,0.0075,,
1.1320,140,99.2,19.4,0.0075,,
1.1405,141,101.1,19.4,0.0075,,
1.1490,142,102.9,19.4,0.0085,,
1.1565,143,105.1,19.4,0.0070,,
1.1650,144,107.0,19.4,0.0075,,
1.1735,145,109.4,19.4,0.0075,,
1.1820,146,111.9,19.4,0.0075,,
1.1905,147,114.3,19.4,0.0075,,
1.1980,148,116.7,19.4,0.0070,,
1.2060,149,119.6,19.4,0.0075,,
1.2145,150,122.8,19.4,0.0075,,
1.2230,151,126.2,19.4,0.0075,,
1.2315,152,129.9,19.4,0.0075,,
1.2400,153,133.3,19.4,0.0075,,
1.2485,154,136.5,19.4,0.0085,,
1.2560,155,140.2,19.4,0.0070,,
1.2645,156,144.2,19.4,0.0075,,
1.2725,157,147.8,19.4,0.0075,,
1.2810,158,151.3,19.4,0.0075,,
1.2895,159,155.0,19.4,0.0075,,
1.2980,160,158.1,19.4,0.0085,,
1.3055,161,161.4,19.4,0.0070,,
1.3140,162,164.2,19.4,0.0075,,
1.3225,163,166.9,19.4,0.0075,,
1.3305,164,169.4,19.4,0.0075,,
1.3390,165,171.8,19.4,0.0075,,
1.3475,166,173.7,19.4,0.0085,,
1.3550,167,175.8,19.4,0.0070,,
1.3635,168,177.5,19.4,0.0075,,
1.3720,169,179.3,19.4,0.0075,,
1.3805,170,181.0,19.4,0.0075,,
1.3885,171,182.5,19.5,0.0075,,
1.3970,172,184.0,19.4,0.0075,,
1.4035,173,185.1,19.4,0.0065,,
1.4035,413,187.1,19.6,0.0000,,
1.4040,414,186.9,19.6,0.0005,,
1.4055,415,186.9,19.6,0.0015,,
1.4080,416,187.4,19.6,0.0025,,
1.4120,417,187.8,19.6,0.0035,,
1.4180,418,188.3,19.6,0.0050,,
1.4265,419,189.4,19.6,0.0070,,
1.4350,420,190.5,19.6,0.0070,,
1.4425,421,191.4,19.6,0.0070,,
1.4510,422,192.5,19.6,0.0075,,
1.4595,423,193.5,19.6,0.0075,,
1.4675,424,194.5,19.6,0.0065,,
1.4760,425,195.5,19.6,0.0070,,
1.4845,426,196.3,19.6,0.0070,,
1.4920,427,197.2,19.6,0.0070,,
1.5005,428,197.9,19.6,0.0075,,
1.5090,429,199.0,19.6,0.0075,,
1.5175,430,199.8,19.6,0.0070,,
1.5260,431,200.4,19.6,0.0070,,
1.5340,432,201.2,19.6,0.0075,,
1.5420,433,201.8,19.6,0.0075,,
1.5500,434,202.6,19.6,0.0075,,
1.5585,435,203.4,19.6,0.0075,,
1.5670,436,204.0,19.6,0.0070,,
1.5755,437,204.6,19.6,0.0070,,
1.5840,438,205.4,19.6,0.0070,,
1.5915,439,205.8,19.6,0.0070,,
1.6000,440,206.6,19.6,0.0075,,
1.6080,441,206.9,19.6,0.0075,,
1.6165,442,207.6,19.6,0.0070,,
1.6250,443,208.4,19.6,0.0070,,
1.6335,444,208.9,19.6,0.0070,,
1.6410,445,209.4,19.6,0.0070,,
1.6495,446,209.8,19.6,0.0075,,
1.6580,447,210.4,19.6,0.0075,,
1.6665,448,211.1,19.6,0.0070,,
1.6745,449,211.5,19.6,0.0065,,
1.6830,450,211.9,19.6,0.0070,,
1.6905,451,212.3,19.6,0.0070,,
1.6990,452,212.9,19.6,0.0075,,
1.7075,453,213.4,19.6,0.0075,,
1.7160,454,213.8,19.6,0.0070,,
1.7245,455,214.0,19.6,0.0070,,
1.7325,456,214.7,19.6,0.0065,,
1.7405,457,215.0,19.6,0.0075,,
1.7485,458,215.5,19.6,0.0075,,
1.7570,459,215.8,19.6,0.0075,,
1.7655,460,216.1,19.6,0.0070,,
1.7740,461,216.7,19.6,0.0070,,
1.7825,462,217.0,19.6,0.0070,,
1.7900,463,217.5,19.6,0.0060,,
1.7985,464,217.8,19.6,0.0075,,
1.8070,465,218.1,19.6,0.0075,,
1.8150,466,218.7,19.6,0.0065,,
1.8235,467,219.0,19.6,0.0070,,
1.8320,468,219.2,19.6,0.0070,,
1.8395,469,219.6,19.6,0.0070,,
1.8480,470,219.9,19.6,0.0075,,
1.8565,471,220.4,19.6,0.0075,,
1.8650,472,220.7,19.6,0.0070,,
1.8730,473,220.9,19.6,0.0065,,
1.8815,474,221.4,19.6,0.0070,,
1.8890,475,221.6,19.6,0.0070,,
1.8975,476,222.1,19.6,0.0075,,
1.9060,477,222.4,19.6,0.0075,,
1.9145,478,222.6,19.6,0.0070,,
1.9230,479,223.0,19.6,0.0070,,
1.9315,480,223.3,19.6,0.0070,,
1.9390,481,223.7,19.6,0.0070,,
1.9475,482,223.8,19.6,0.0075,,
1.9555,483,224.0,19.6,0.0075,,
1.9640,484,224.5,19.6,0.0070,,
1.9725,485,224.9,19.6,0.0070,,
1.9810,486,224.9,19.6,0.0070,,
1.9885,487,225.3,19.6,0.0070,,
1.9970,488,225.5,19.6,0.0075,,
2.0055,489,226.0,19.6,0.0075,,
2.0140,490,226.3,19.6,0.0070,,
2.0220,491,226.5,19.6,0.0065,,
2.0305,492,226.7,19.6,0.0075,,
2.0380,493,226.9,19.6,0.0070,,
2.0465,494,227.3,19.6,0.0075,,
2.0550,495,227.6,19.6,0.0075,,
2.0635,496,227.7,19.6,0.0070,,
2.0720,497,228.0,19.6,0.0070,,
2.0800,498,228.4,19.6,0.0065,,
2.0880,499,228.6,19.6,0.0075,,
2.0960,500,228.7,19.6,0.0075,,
2.1045,501,228.9,19.6,0.0070,,
2.1130,502,229.3,19.6,0.0070,,
2.1215,503,229.6,19.6,0.0070,,
2.1300,504,229.7,19.6,0.0070,,
2.1375,505,230.0,19.6,0.0070,,
2.1460,506,230.2,19.6,0.0075,,
2.1545,507,230.5,19.6,0.0070,,
2.1625,508,230.7,19.6,0.0065,,
2.1710,509,230.8,19.6,0.0070,,
2.1795,510,231.2,19.6,0.0075,,
2.1870,511,231.4,19.6,0.0070,,
2.1955,512,231.8,19.6,0.0075,,
2.2040,513,232.0,19.6,0.0070,,
2.2125,514,232.1,19.6,0.0070,,
2.2205,515,232.3,19.6,0.0065,,
2.2290,516,232.5,19.6,0.0075,,
2.2365,517,232.8,19.6,0.0070,,
2.2450,518,233.1,19.6,0.0075,,
2.2535,519,233.1,19.6,0.0075,,
2.2615,520,233.4,19.6,0.0065,,
2.2700,521,233.7,19.6,0.0070,,
2.2785,522,233.8,19.6,0.0070,,
2.2860,523,234.0,19.6,0.0070,,
2.2935,524,234.1,19.6,0.0070,,
2.2995,525,234.4,19.6,0.0050,,
2.3025,526,234.6,19.6,0.0025,,
2.3025,527,234.5,19.6,0.0000,,
2.3035,528,234.5,19.6,0.0010,,
2.3045,529,234.4,19.6,0.0010,,
2.3055,530,234.5,19.6,0.0010,,
2.3065,531,234.6,19.6,0.0010,,
2.3085,532,234.6,19.6,0.0015,,
2.3105,533,234.7,19.6,0.0015,,
2.3130,534,234.6,19.6,0.0025,,
2.3160,535,234.8,19.6,0.0025,,
2.3195,536,235.0,19.6,0.0040,,
Scope 1/1, Sample 5/32 (S3)
Result,TitrationEP1
V,t,E,T,dV/dt,E acc. stat.,Volume acc. stat.
0.0000,0,-66.5,19.5,NaN,,
0.0005,1,-66.6,19.5,0.0005,,
0.0025,2,-66.5,19.5,0.0020,,
0.0050,3,-66.4,19.5,0.0025,,
0.0085,4,-66.5,19.5,0.0030,,
0.0150,5,-66.2,19.5,0.0060,,
0.0230,6,-65.5,19.5,0.0075,,
0.0305,7,-64.6,19.5,0.0075,,
0.0390,8,-63.3,19.5,0.0085,,
0.0475,9,-61.9,19.5,0.0085,,
0.0560,10,-60.3,19.5,0.0075,,
0.0645,11,-58.5,19.5,0.0075,,
0.0725,12,-56.6,19.5,0.0075,,
0.0805,13,-54.9,19.5,0.0080,,
0.0885,14,-52.9,19.5,0.0080,,
0.0970,15,-50.7,19.5,0.0085,,
0.1055,16,-48.2,19.5,0.0075,,
0.1140,17,-45.8,19.5,0.0075,,
0.1225,18,-43.2,19.5,0.0075,,
0.1300,19,-40.7,19.5,0.0075,,
0.1385,20,-37.8,19.5,0.0085,,
0.1465,21,-34.7,19.5,0.0075,,
0.1550,22,-31.7,19.5,0.0075,,
0.1635,23,-28.6,19.5,0.0075,,
0.1720,24,-25.4,19.5,0.0075,,
0.1795,25,-23.0,19.5,0.0075,,
0.1880,26,-20.4,19.5,0.0085,,
0.1965,27,-18.1,19.5,0.0075,,
0.2050,28,-16.0,19.5,0.0075,,
0.2130,29,-13.9,19.5,0.0075,,
0.2215,30,-12.0,19.5,0.0075,,
0.2290,31,-10.6,19.5,0.0075,,
0.2375,32,-9.1,19.5,0.0085,,
0.2460,33,-7.6,19.5,0.0075,,
0.2545,34,-6.0,19.5,0.0075,,
0.2630,35,-4.6,19.5,0.0075,,
0.2715,36,-3.4,19.5,0.0075,,
0.2790,37,-2.3,19.5,0.0075,,
0.2875,38,-1.2,19.5,0.0085,,
0.2955,39,0.1,19.5,0.0075,,
0.3040,40,1.1,19.5,0.0075,,
0.3125,41,2.2,19.5,0.0075,,
0.3210,42,3.1,19.5,0.0085,,
0.3285,43,4.2,19.5,0.0075,,
0.3370,44,5.3,19.5,0.0085,,
0.3455,45,6.2,19.5,0.0075,,
0.3535,46,7.1,19.5,0.0075,,
0.3620,47,8.2,19.5,0.0075,,
0.3705,48,9.0,19.5,0.0085,,
0.3780,49,10.0,19.5,0.0075,,
0.3865,50,10.8,19.5,0.0085,,
0.3950,51,11.6,19.5,0.0075,,
0.4035,52,12.6,19.5,0.0075,,
0.4120,53,13.5,19.5,0.0075,,
0.4200,54,14.3,19.5,0.0080,,
0.4280,55,15.0,19.5,0.0080,,
0.4360,56,15.9,19.5,0.0080,,
0.4445,57,17.0,19.5,0.0075,,
0.4530,58,17.7,19.5,0.0075,,
0.4615,59,18.5,19.5,0.0075,,
0.4700,60,19.3,19.5,0.0085,,
0.4775,61,20.2,19.5,0.0075,,
0.4860,62,21.1,19.5,0.0085,,
0.4945,63,21.9,19.5,0.0075,,
0.5025,64,22.7,19.5,0.0075,,
0.5110,65,23.6,19.5,0.0075,,
0.5195,66,24.3,19.5,0.0085,,
0.5270,67,25.2,19.5,0.0075,,
0.5355,68,25.8,19.5,0.0085,,
0.5440,69,26.7,19.5,0.0075,,
0.5525,70,27.5,19.5,0.0075,,
0.5605,71,28.3,19.5,0.0075,,
0.5690,72,29.1,19.5,0.0085,,
0.5765,73,29.9,19.5,0.0075,,
0.5850,74,30.7,19.5,0.0085,,
0.5935,75,31.6,19.5,0.0075,,
0.6020,76,32.5,19.5,0.0075,,
0.6105,77,33.2,19.5,0.0075,,
0.6180,78,34.0,19.5,0.0075,,
0.6265,79,34.9,19.5,0.0085,,
0.6350,80,35.8,19.5,0.0085,,
0.6430,81,36.7,19.5,0.0075,,
0.6515,82,37.4,19.5,0.0075,,
0.6600,83,38.3,19.5,0.0075,,
0.6685,84,39.0,19.5,0.0085,,
0.6760,85,39.9,19.5,0.0075,,
0.6845,86,40.7,19.5,0.0085,,
0.6930,87,41.5,19.5,0.0075,,
0.7010,88,42.3,19.6,0.0075,,
0.7095,89,43.3,19.6,0.0075,,
0.7180,90,44.1,19.6,0.0085,,
0.7255,91,44.9,19.6,0.0075,,
0.7340,92,45.7,19.6,0.0085,,
0.7425,93,46.6,19.6,0.0075,,
0.7510,94,47.5,19.6,0.0075,,
0.7590,95,48.4,19.6,0.0075,,
0.7675,96,49.3,19.6,0.0075,,
0.7750,97,50.1,19.6,0.0075,,
0.7835,98,51.1,19.6,0.0085,,
0.7920,99,52.1,19.6,0.0085,,
0.8005,100,52.9,19.6,0.0075,,
0.8090,101,53.9,19.6,0.0075,,
0.8175,102,54.9,19.6,0.0075,,
0.8250,103,55.7,19.6,0.0075,,
0.8330,104,56.7,19.6,0.0080,,
0.8415,105,57.6,19.6,0.0085,,
0.8500,106,58.6,19.6,0.0075,,
0.8585,107,59.8,19.6,0.0075,,
0.8670,108,60.7,19.6,0.0075,,
0.8745,109,61.7,19.6,0.0075,,
0.8830,110,62.5,19.6,0.0085,,
0.8915,111,63.5,19.6,0.0085,,
0.8995,112,64.5,19.6,0.0075,,
0.9080,113,65.5,19.6,0.0075,,
0.9165,114,66.4,19.6,0.0075,,
0.9240,115,67.4,19.6,0.0075,,
0.9325,116,68.5,19.6,0.0085,,
0.9410,117,69.8,19.6,0.0085,,
0.9495,118,70.8,19.6,0.0075,,
0.9575,119,71.8,19.6,0.0075,,
0.9660,120,73.0,19.6,0.0075,,
0.9735,121,74.0,19.6,0.0075,,
0.9820,122,75.3,19.6,0.0085,,
0.9905,123,76.5,19.6,0.0085,,
0.9990,124,77.6,19.6,0.0075,,
1.0075,125,79.0,19.6,0.0075,,
1.0160,126,80.3,19.6,0.0075,,
1.0235,127,81.4,19.6,0.0075,,
1.0320,128,82.6,19.6,0.0085,,
1.0400,129,83.7,19.6,0.0080,,
1.0485,130,85.3,19.6,0.0075,,
1.0570,131,86.7,19.6,0.0075,,
1.0655,132,87.9,19.6,0.0075,,
1.0730,133,89.3,19.6,0.0075,,
1.0815,134,90.7,19.6,0.0085,,
1.0900,135,92.3,19.6,0.0075,,
1.0985,136,93.9,19.6,0.0075,,
1.1065,137,95.5,19.6,0.0075,,
1.1150,138,97.3,19.6,0.0075,,
1.1225,139,98.9,19.6,0.0075,,
1.1310,140,100.9,19.6,0.0085,,
1.1395,141,102.7,19.6,0.0075,,
1.1480,142,104.8,19.6,0.0075,,
1.1565,143,106.9,19.6,0.0075,,
1.1645,144,109.1,19.6,0.0075,,
1.1725,145,111.3,19.6,0.0080,,
1.1805,146,113.7,19.6,0.0080,,
1.1890,147,116.2,19.6,0.0075,,
1.1975,148,118.9,19.6,0.0075,,
1.2060,149,121.9,19.6,0.0075,,
1.2145,150,125.1,19.6,0.0075,,
1.2220,151,128.2,19.6,0.0075,,
1.2305,152,131.5,19.6,0.0085,,
1.2385,153,135.0,19.6,0.0080,,
1.2470,154,138.9,19.6,0.0075,,
1.2555,155,142.8,19.6,0.0075,,
1.2640,156,146.3,19.6,0.0075,,
1.2715,157,149.4,19.6,0.0075,,
1.2800,158,153.3,19.6,0.0085,,
1.2885,159,156.7,19.6,0.0085,,
1.2965,160,159.9,19.6,0.0075,,
1.3050,161,163.1,19.6,0.0075,,
1.3135,162,165.9,19.6,0.0075,,
1.3220,163,168.4,19.6,0.0085,,
1.3295,164,170.6,19.6,0.0075,,
1.3380,165,172.7,19.6,0.0085,,
1.3465,166,174.7,19.6,0.0075,,
1.3545,167,176.7,19.6,0.0075,,
1.3630,168,178.5,19.6,0.0075,,
1.3715,169,180.0,19.6,0.0085,,
1.3790,170,181.7,19.6,0.0075,,
1.3875,171,183.2,19.6,0.0085,,
1.3960,172,184.7,19.6,0.0075,,
1.3995,172,185.1,19.6,0.0070,,
1.3995,412,187.1,19.7,0.0000,,
1.4000,414,187.2,19.7,0.0005,,
1.4015,415,187.2,19.7,0.0025,,
1.4040,416,187.3,19.7,0.0040,,
1.4080,417,187.8,19.7,0.0055,,
1.4145,418,188.6,19.7,0.0095,,
1.4225,419,189.5,19.7,0.0115,,
1.4300,420,190.6,19.7,0.0125,,
1.4385,421,191.6,19.7,0.0140,,
1.4470,422,192.7,19.7,0.0140,,
1.4555,423,193.7,19.7,0.0120,,
1.4640,424,194.5,19.7,0.0120,,
1.4725,425,195.6,19.7,0.0120,,
1.4800,426,196.4,19.7,0.0125,,
1.4885,427,197.3,19.7,0.0140,,
1.4965,428,198.2,19.7,0.0135,,
1.5050,429,199.0,19.7,0.0120,,
1.5135,430,199.8,19.7,0.0120,,
1.5220,431,200.7,19.7,0.0120,,
1.5295,432,201.3,19.7,0.0125,,
1.5380,433,201.9,19.7,0.0140,,
1.5465,434,202.6,19.7,0.0140,,
1.5545,435,203.3,19.7,0.0115,,
1.5630,436,204.2,19.7,0.0120,,
1.5715,437,204.7,19.7,0.0120,,
1.5790,438,205.4,19.7,0.0125,,
1.5875,439,206.0,19.7,0.0140,,
1.5960,440,206.6,19.7,0.0140,,
1.6045,441,207.3,19.7,0.0120,,
1.6130,442,207.8,19.7,0.0120,,
1.6210,443,208.3,19.7,0.0115,,
1.6285,444,208.9,19.7,0.0125,,
1.6370,445,209.4,19.7,0.0140,,
1.6455,446,210.0,19.7,0.0140,,
1.6540,447,210.5,19.7,0.0120,,
1.6625,448,210.9,19.7,0.0120,,
1.6710,449,211.5,19.7,0.0120,,
1.6785,450,212.0,19.7,0.0125,,
1.6870,451,212.5,19.7,0.0140,,
1.6950,452,212.8,19.7,0.0135,,
1.7035,453,213.2,19.7,0.0120,,
1.7120,454,213.9,19.7,0.0120,,
1.7205,455,214.3,19.7,0.0140,,
1.7280,456,214.7,19.7,0.0125,,
1.7365,457,215.1,19.7,0.0140,,
1.7450,458,215.6,19.7,0.0140,,
1.7535,459,216.0,19.7,0.0120,,
1.7615,460,216.3,19.7,0.0115,,
1.7700,461,216.8,19.7,0.0120,,
1.7775,462,217.1,19.7,0.0125,,
1.7860,463,217.6,19.7,0.0140,,
1.7945,464,218.0,19.7,0.0120,,
1.8030,465,218.3,19.7,0.0120,,
1.8115,466,218.6,19.7,0.0120,,
1.8200,467,219.1,19.7,0.0120,,
1.8275,468,219.2,19.7,0.0125,,
1.8355,469,219.7,19.7,0.0135,,
1.8440,470,220.0,19.8,0.0140,,
1.8525,471,220.3,19.8,0.0120,,
1.8610,472,220.8,19.8,0.0120,,
1.8695,473,221.1,19.8,0.0120,,
1.8770,474,221.5,19.8,0.0125,,
1.8855,475,221.7,19.8,0.0140,,
1.8935,476,222.0,19.8,0.0135,,
1.9020,477,222.4,19.8,0.0120,,
1.9105,478,222.7,19.8,0.0120,,
1.9190,479,223.0,19.8,0.0120,,
1.9265,480,223.3,19.8,0.0125,,
1.9350,481,223.6,19.8,0.0140,,
1.9435,482,224.0,19.8,0.0140,,
1.9520,483,224.2,19.8,0.0120,,
1.9600,484,224.4,19.8,0.0115,,
1.9685,485,224.8,19.8,0.0120,,
1.9760,486,225.0,19.8,0.0125,,
1.9845,487,225.4,19.8,0.0140,,
1.9930,488,225.7,19.8,0.0140,,
2.0015,489,225.9,19.8,0.0120,,
2.0100,490,226.3,19.8,0.0120,,
2.0185,491,226.6,19.8,0.0120,,
2.0260,492,226.8,19.8,0.0125,,
2.0345,493,227.0,19.8,0.0140,,
2.0425,494,227.2,19.8,0.0135,,
2.0510,495,227.6,19.8,0.0120,,
2.0595,496,227.9,19.8,0.0120,,
2.0680,497,228.1,19.8,0.0120,,
2.0755,498,228.3,19.8,0.0125,,
2.0840,499,228.6,19.8,0.0140,,
2.0925,500,228.8,19.8,0.0140,,
2.1005,501,229.1,19.8,0.0115,,
2.1090,502,229.2,19.8,0.0120,,
2.1175,503,229.5,19.8,0.0120,,
2.1250,504,229.7,19.8,0.0125,,
2.1335,505,230.0,19.8,0.0140,,
2.1420,506,230.3,19.8,0.0140,,
2.1505,507,230.5,19.8,0.0120,,
2.1590,508,230.7,19.8,0.0120,,
2.1670,509,231.0,19.8,0.0115,,
2.1750,510,231.3,19.8,0.0135,,
2.1830,511,231.5,19.8,0.0135,,
2.1915,512,231.5,19.8,0.0140,,
2.2000,513,231.8,19.8,0.0120,,
2.2085,514,232.1,19.8,0.0120,,
2.2170,515,232.3,19.8,0.0120,,
2.2245,516,232.5,19.8,0.0125,,
2.2330,517,232.6,19.8,0.0140,,
2.2410,518,233.0,19.8,0.0135,,
2.2495,519,233.2,19.8,0.0120,,
2.2580,520,233.3,19.8,0.0120,,
2.2665,521,233.4,19.8,0.0120,,
2.2740,522,233.7,19.8,0.0125,,
2.2820,523,233.9,19.8,0.0135,,
2.2900,524,234.1,19.8,0.0135,,
2.2975,525,234.3,19.8,0.0105,,
2.3015,526,234.4,19.8,0.0055,,
2.3045,527,234.6,19.8,0.0045,,
2.3050,528,234.6,19.8,0.0010,,
2.3060,529,234.6,19.8,0.0015,,
2.3075,530,234.6,19.8,0.0025,,
2.3090,531,234.6,19.8,0.0020,,
2.3110,532,234.7,19.8,0.0030,,
2.3145,533,234.8,19.8,0.0050,,
2.3185,534,234.8,19.8,0.0065,,
2.3215,534,235.1,19.8,0.0150,,
Scope 1/1, Sample 6/32 (S4)
Result,TitrationEP1
V,t,E,T,dV/dt,E acc. stat.,Volume acc. stat.
0.0000,0,-68.8,19.8,NaN,,
0.0010,1,-68.8,19.8,0.0010,,
0.0025,2,-69.0,19.8,0.0015,,
0.0050,3,-68.9,19.8,0.0025,,
0.0090,4,-68.8,19.8,0.0035,,
0.0150,5,-68.2,19.8,0.0055,,
0.0235,6,-67.5,19.8,0.0075,,
0.0320,7,-66.8,19.8,0.0075,,
0.0405,8,-65.5,19.8,0.0075,,
0.0485,9,-64.0,19.8,0.0075,,
0.0565,10,-62.6,19.8,0.0075,,
0.0645,11,-61.0,19.8,0.0075,,
0.0730,12,-59.5,19.8,0.0075,,
0.0815,13,-57.6,19.8,0.0075,,
0.0900,14,-55.5,19.8,0.0075,,
0.0985,15,-53.7,19.8,0.0075,,
0.1060,16,-51.6,19.8,0.0070,,
0.1145,17,-49.6,19.8,0.0075,,
0.1230,18,-47.0,19.8,0.0075,,
0.1310,19,-44.3,19.8,0.0075,,
0.1395,20,-41.8,19.8,0.0075,,
0.1480,21,-38.9,19.8,0.0075,,
0.1555,22,-36.4,19.8,0.0070,,
0.1640,23,-33.2,19.8,0.0075,,
0.1725,24,-30.1,19.8,0.0075,,
0.1810,25,-27.3,19.8,0.0075,,
0.1890,26,-24.5,19.8,0.0075,,
0.1975,27,-21.6,19.8,0.0075,,
0.2050,28,-19.5,19.8,0.0070,,
0.2135,29,-17.2,19.8,0.0075,,
0.2220,30,-15.3,19.8,0.0075,,
0.2305,31,-13.5,19.8,0.0075,,
0.2390,32,-11.6,19.8,0.0075,,
0.2475,33,-10.1,19.8,0.0075,,
0.2550,34,-8.5,19.8,0.0070,,
0.2635,35,-7.3,19.8,0.0075,,
0.2715,36,-5.8,19.8,0.0075,,
0.2800,37,-4.2,19.8,0.0075,,
0.2885,38,-3.1,19.8,0.0075,,
0.2970,39,-2.1,19.8,0.0075,,
0.3045,40,-1.1,19.8,0.0070,,
0.3130,41,0.3,19.8,0.0075,,
0.3215,42,1.3,19.8,0.0075,,
0.3300,43,2.1,19.8,0.0075,,
0.3380,44,3.4,19.8,0.0075,,
0.3465,45,4.6,19.8,0.0075,,
0.3540,46,5.5,19.8,0.0070,,
0.3625,47,6.5,19.8,0.0075,,
0.3710,48,7.3,19.8,0.0075,,
0.3795,49,8.2,19.8,0.0075,,
0.3880,50,9.2,19.8,0.0075,,
0.3965,51,10.1,19.8,0.0075,,
0.4040,52,10.9,19.8,0.0070,,
0.4120,53,11.5,19.8,0.0075,,
0.4205,54,12.4,19.8,0.0075,,
0.4290,55,13.5,19.8,0.0075,,
0.4375,56,14.2,19.8,0.0070,,
0.4460,57,14.9,19.8,0.0075,,
0.4535,58,15.8,19.8,0.0070,,
0.4620,59,16.7,19.8,0.0075,,
0.4705,60,17.8,19.8,0.0075,,
0.4785,61,18.4,19.8,0.0075,,
0.4870,62,19.2,19.8,0.0075,,
0.4955,63,20.3,19.8,0.0075,,
0.5030,64,21.0,19.8,0.0070,,
0.5115,65,22.0,19.8,0.0075,,
0.5200,66,22.6,19.8,0.0075,,
0.5285,67,23.4,19.8,0.0075,,
0.5365,68,24.5,19.8,0.0075,,
0.5450,69,25.3,19.8,0.0070,,
0.5525,70,26.1,19.8,0.0070,,
0.5610,71,26.8,19.8,0.0075,,
0.5695,72,27.5,19.8,0.0075,,
0.5780,73,28.6,19.8,0.0075,,
0.5865,74,29.4,19.8,0.0075,,
0.5950,75,30.0,19.8,0.0070,,
0.6025,76,30.9,19.8,0.0070,,
0.6110,77,31.7,19.8,0.0075,,
0.6190,78,32.7,19.8,0.0075,,
0.6275,79,33.4,19.8,0.0075,,
0.6360,80,34.0,19.8,0.0075,,
0.6445,81,34.9,19.8,0.0075,,
0.6520,82,35.6,19.8,0.0070,,
0.6605,83,36.7,19.8,0.0075,,
0.6690,84,37.5,19.8,0.0075,,
0.6770,85,38.1,19.8,0.0075,,
0.6855,86,39.1,19.8,0.0075,,
0.6940,87,40.1,19.8,0.0075,,
0.7015,88,41.0,19.8,0.0070,,
0.7100,89,41.9,19.8,0.0075,,
0.7185,90,42.5,19.8,0.0075,,
0.7270,91,43.5,19.8,0.0075,,
0.7350,92,44.6,19.8,0.0075,,
0.7435,93,45.3,19.8,0.0075,,
0.7510,94,46.1,19.8,0.0070,,
0.7595,95,46.8,19.8,0.0075,,
0.7680,96,47.9,19.8,0.0075,,
0.7765,97,48.9,19.8,0.0075,,
0.7850,98,49.6,19.8,0.0075,,
0.7930,99,50.4,19.8,0.0075,,
0.8010,100,51.3,19.8,0.0075,,
0.8090,101,52.5,19.8,0.0075,,
0.8175,102,53.6,19.8,0.0075,,
0.8260,103,54.3,19.8,0.0075,,
0.8345,104,55.4,19.8,0.0075,,
0.8430,105,56.6,19.8,0.0075,,
0.8505,106,57.4,19.8,0.0070,,
0.8590,107,58.3,19.8,0.0075,,
0.8675,108,59.1,19.8,0.0075,,
0.8755,109,60.2,19.9,0.0075,,
0.8840,110,61.4,19.9,0.0075,,
0.8925,111,62.3,19.9,0.0075,,
0.9000,112,63.3,19.9,0.0070,,
0.9085,113,64.2,19.9,0.0075,,
0.9170,114,65.3,19.9,0.0075,,
0.9255,115,66.5,19.9,0.0075,,
0.9335,116,67.3,19.9,0.0075,,
0.9420,117,68.4,19.9,0.0075,,
0.9495,118,69.3,19.9,0.0070,,
0.9580,119,70.5,19.9,0.0075,,
0.9665,120,71.9,19.9,0.0075,,
0.9750,121,72.9,19.9,0.0075,,
0.9835,122,74.0,19.9,0.0075,,
0.9920,123,75.4,19.9,0.0075,,
1.0000,124,76.2,19.9,0.0075,,
1.0080,125,77.6,19.9,0.0075,,
1.0160,126,78.7,19.9,0.0075,,
1.0245,127,79.8,19.9,0.0075,,
1.0330,128,81.4,19.9,0.0075,,
1.0415,129,82.7,19.9,0.0075,,
1.0500,130,84.0,19.9,0.0075,,
1.0575,131,85.2,19.9,0.0070,,
1.0660,132,86.6,19.9,0.0075,,
1.0740,133,88.3,19.9,0.0075,,
1.0825,134,89.9,19.9,0.0075,,
1.0910,135,91.3,19.9,0.0075,,
1.0995,136,92.9,19.9,0.0075,,
1.1070,137,94.2,19.9,0.0070,,
1.1155,138,96.0,19.9,0.0075,,
1.1240,139,97.8,19.9,0.0075,,
1.1320,140,99.5,19.9,0.0075,,
1.1405,141,101.5,19.9,0.0075,,
1.1490,142,103.6,19.9,0.0075,,
1.1565,143,105.4,19.9,0.0070,,
1.1650,144,107.7,19.9,0.0075,,
1.1735,145,109.9,19.9,0.0075,,
1.1820,146,112.3,19.9,0.0075,,
1.1900,147,115.1,19.9,0.0075,,
1.1985,148,117.7,19.9,0.0075,,
1.2060,149,120.4,19.9,0.0070,,
1.2145,150,123.1,19.9,0.0075,,
1.2230,151,126.4,19.9,0.0075,,
1.2315,152,130.0,19.9,0.0075,,
1.2400,153,133.3,19.9,0.0075,,
1.2485,154,137.0,19.9,0.0075,,
1.2565,155,140.5,19.9,0.0075,,
1.2640,156,144.3,19.9,0.0070,,
1.2725,157,148.1,19.9,0.0075,,
1.2810,158,151.8,19.9,0.0075,,
1.2895,159,155.2,19.9,0.0075,,
1.2980,160,158.7,19.9,0.0075,,
1.3055,161,161.6,19.9,0.0070,,
1.3140,162,164.5,19.9,0.0075,,
1.3225,163,167.1,19.9,0.0075,,
1.3305,164,169.6,19.9,0.0075,,
1.3390,165,172.0,19.9,0.0075,,
1.3475,166,174.2,19.9,0.0075,,
1.3550,167,176.2,19.9,0.0070,,
1.3635,168,177.9,19.9,0.0075,,
1.3720,169,179.5,19.9,0.0075,,
1.3805,170,181.5,19.9,0.0075,,
1.3890,171,182.8,19.9,0.0075,,
1.3970,172,184.1,19.9,0.0075,,
1.4035,173,185.1,19.9,0.0065,,
1.4035,413,187.3,20.0,0.0000,,
1.4040,414,187.1,20.0,0.0005,,
1.4055,415,187.2,20.0,0.0015,,
1.4080,416,187.4,20.0,0.0025,,
1.4120,417,187.6,20.0,0.0035,,
1.4180,418,188.2,20.0,0.0055,,
1.4265,419,189.5,20.0,0.0075,,
1.4340,420,190.3,20.0,0.0075,,
1.4425,421,191.5,20.0,0.0085,,
1.4510,422,192.4,20.0,0.0085,,
1.4590,423,193.4,20.0,0.0075,,
1.4675,424,194.6,20.0,0.0075,,
1.4760,425,195.5,20.0,0.0075,,
1.4835,426,196.5,20.0,0.0075,,
1.4920,427,197.1,20.0,0.0085,,
1.5005,428,197.9,20.0,0.0085,,
1.5090,429,198.9,20.0,0.0075,,
1.5175,430,199.7,20.0,0.0075,,
1.5255,431,200.3,20.0,0.0075,,
1.5330,432,201.1,20.0,0.0075,,
1.5415,433,201.9,20.0,0.0085,,
1.5500,434,202.7,20.0,0.0085,,
1.5585,435,203.4,20.0,0.0075,,
1.5670,436,203.8,20.0,0.0075,,
1.5755,437,204.6,20.0,0.0075,,
1.5830,438,205.1,20.0,0.0075,,
1.5915,439,206.0,20.0,0.0085,,
1.5995,440,206.5,20.0,0.0080,,
1.6080,441,207.0,20.0,0.0075,,
1.6165,442,207.8,20.0,0.0075,,
1.6250,443,208.5,20.0,0.0075,,
1.6325,444,208.9,20.0,0.0075,,
1.6410,445,209.4,20.0,0.0085,,
1.6495,446,209.7,20.0,0.0085,,
1.6580,447,210.4,20.0,0.0075,,
1.6660,448,211.0,20.0,0.0075,,
1.6745,449,211.3,20.0,0.0075,,
1.6820,450,211.9,20.0,0.0075,,
1.6905,451,212.2,20.0,0.0085,,
1.6990,452,212.9,20.0,0.0085,,
1.7075,453,213.3,20.0,0.0075,,
1.7160,454,213.6,20.0,0.0075,,
1.7240,455,214.1,20.0,0.0075,,
1.7320,456,214.3,20.0,0.0080,,
1.7400,457,215.0,20.0,0.0080,,
1.7485,458,215.5,20.0,0.0085,,
1.7570,459,215.7,20.0,0.0075,,
1.7655,460,216.2,20.0,0.0075,,
1.7740,461,216.9,20.0,0.0075,,
1.7815,462,217.3,20.0,0.0075,,
1.7900,463,217.6,20.0,0.0085,,
1.7985,464,217.8,20.0,0.0085,,
1.8065,465,218.4,20.0,0.0075,,
1.8150,466,218.9,20.0,0.0075,,
1.8235,467,219.0,20.0,0.0075,,
1.8310,468,219.5,20.0,0.0075,,
1.8395,469,219.7,20.0,0.0085,,
1.8480,470,220.2,20.0,0.0075,,
1.8565,471,220.5,20.0,0.0075,,
1.8650,472,220.6,20.0,0.0075,,
1.8730,473,221.0,20.0,0.0080,,
1.8805,474,221.3,20.0,0.0075,,
1.8890,475,221.9,20.0,0.0085,,
1.8975,476,222.1,20.0,0.0085,,
1.9060,477,222.3,20.0,0.0075,,
1.9145,478,222.6,20.0,0.0075,,
1.9230,479,223.1,20.0,0.0075,,
1.9305,480,223.4,20.0,0.0075,,
1.9390,481,223.7,20.0,0.0085,,
1.9470,482,223.8,20.0,0.0075,,
1.9555,483,224.2,20.0,0.0075,,
1.9640,484,224.7,20.0,0.0075,,
1.9725,485,224.8,20.0,0.0075,,
1.9800,486,225.1,20.0,0.0075,,
1.9885,487,225.3,20.0,0.0085,,
1.9970,488,225.7,20.0,0.0085,,
2.0050,489,226.1,20.0,0.0075,,
2.0135,490,226.2,20.0,0.0075,,
2.0220,491,226.5,20.0,0.0075,,
2.0295,492,226.7,20.0,0.0075,,
2.0380,493,227.1,20.0,0.0085,,
2.0465,494,227.5,20.0,0.0075,,
2.0550,495,227.6,20.0,0.0075,,
2.0635,496,227.8,20.0,0.0075,,
2.0715,497,228.0,20.0,0.0080,,
2.0795,498,228.5,20.0,0.0080,,
2.0875,499,228.9,20.0,0.0080,,
2.0960,500,228.9,20.0,0.0085,,
2.1045,501,228.9,20.0,0.0075,,
2.1130,502,229.4,20.0,0.0075,,
2.1215,503,229.8,20.0,0.0075,,
2.1290,504,230.0,20.0,0.0075,,
2.1370,505,230.0,20.0,0.0080,,
2.1455,506,230.1,20.0,0.0085,,
2.1540,507,230.7,20.0,0.0075,,
2.1625,508,231.0,20.0,0.0075,,
2.1710,509,230.9,20.0,0.0075,,
2.1795,510,231.2,20.0,0.0085,,
2.1870,511,231.2,20.0,0.0075,,
2.1950,512,231.6,20.0,0.0080,,
2.2035,513,232.0,20.0,0.0075,,
2.2120,514,232.1,20.0,0.0075,,
2.2205,515,232.4,20.0,0.0075,,
2.2290,516,232.5,20.1,0.0085,,
2.2365,517,232.9,20.1,0.0075,,
2.2450,518,233.2,20.1,0.0085,,
2.2535,519,233.1,20.1,0.0075,,
2.2615,520,233.5,20.0,0.0075,,
2.2700,521,233.8,20.1,0.0075,,
2.2775,522,233.9,20.1,0.0075,,
2.2860,523,234.0,20.1,0.0085,,
2.2940,524,233.9,20.1,0.0080,,
2.3000,525,234.4,20.1,0.0055,,
2.3030,526,234.5,20.1,0.0025,,
2.3035,527,234.3,20.1,0.0005,,
2.3040,528,234.4,20.1,0.0005,,
2.3055,529,234.3,20.1,0.0015,,
2.3065,530,234.6,20.1,0.0010,,
2.3080,531,234.6,20.1,0.0015,,
2.3080,532,234.5,20.1,0.0000,,
2.3100,533,234.7,20.1,0.0020,,
2.3105,534,234.6,20.1,0.0005,,
2.3115,535,234.8,20.1,0.0010,,
2.3125,536,234.8,20.1,0.0010,,
2.3130,537,234.6,20.1,0.0005,,
2.3135,538,234.8,20.1,0.0005,,
2.3140,538,235.0,20.1,0.0010,,
Scope 1/1, Sample 7/32 (S5)
Result,TitrationEP1
V,t,E,T,dV/dt,E acc. stat.,Volume acc. stat.
0.0000,0,-66.9,20.4,NaN,,
0.0010,1,-66.9,20.4,0.0010,,
0.0025,2,-66.7,20.4,0.0015,,
0.0050,3,-66.7,20.4,0.0020,,
0.0085,4,-66.6,20.4,0.0030,,
0.0150,5,-66.3,20.4,0.0060,,
0.0230,6,-65.7,20.4,0.0075,,
0.0315,7,-64.5,20.4,0.0075,,
0.0400,8,-63.2,20.4,0.0075,,
0.0485,9,-61.9,20.4,0.0070,,
0.0560,10,-60.5,20.4,0.0070,,
0.0645,11,-58.8,20.4,0.0075,,
0.0725,12,-56.7,20.4,0.0075,,
0.0810,13,-55.0,20.4,0.0075,,
0.0895,14,-53.1,20.4,0.0075,,
0.0980,15,-50.7,20.4,0.0070,,
0.1055,16,-48.7,20.4,0.0070,,
0.1140,17,-46.1,20.4,0.0075,,
0.1225,18,-43.8,20.4,0.0075,,
0.1310,19,-41.2,20.4,0.0075,,
0.1390,20,-38.2,20.4,0.0075,,
0.1475,21,-35.2,20.4,0.0070,,
0.1550,22,-32.3,20.4,0.0070,,
0.1635,23,-29.3,20.4,0.0075,,
0.1720,24,-26.5,20.4,0.0075,,
0.1805,25,-23.4,20.4,0.0075,,
0.1890,26,-20.6,20.4,0.0075,,
0.1970,27,-18.4,20.4,0.0075,,
0.2050,28,-16.4,20.4,0.0075,,
0.2130,29,-14.4,20.4,0.0075,,
0.2215,30,-12.3,20.4,0.0075,,
0.2300,31,-10.5,20.4,0.0075,,
0.2385,32,-9.0,20.4,0.0075,,
0.2470,33,-7.5,20.4,0.0075,,
0.2545,34,-6.2,20.4,0.0070,,
0.2630,35,-4.6,20.4,0.0075,,
0.2710,36,-3.3,20.4,0.0075,,
0.2795,37,-2.3,20.4,0.0075,,
0.2880,38,-1.0,20.4,0.0075,,
0.2965,39,0.4,20.4,0.0075,,
0.3040,40,1.4,20.4,0.0070,,
0.3125,41,2.5,20.4,0.0075,,
0.3210,42,3.3,20.4,0.0075,,
0.3295,43,4.5,20.4,0.0075,,
0.3375,44,5.6,20.4,0.0075,,
0.3460,45,6.4,20.4,0.0075,,
0.3535,46,7.5,20.4,0.0070,,
0.3620,47,8.3,20.4,0.0075,,
0.3705,48,9.4,20.4,0.0075,,
0.3790,49,10.5,20.4,0.0075,,
0.3875,50,11.2,20.4,0.0075,,
0.3955,51,12.1,20.4,0.0075,,
0.4035,52,12.9,20.4,0.0075,,
0.4115,53,14.0,20.4,0.0075,,
0.4200,54,14.9,20.4,0.0075,,
0.4285,55,15.5,20.4,0.0075,,
0.4370,56,16.5,20.4,0.0075,,
0.4455,57,17.5,20.4,0.0070,,
0.4530,58,18.2,20.4,0.0070,,
0.4615,59,19.1,20.4,0.0075,,
0.4700,60,19.8,20.4,0.0075,,
0.4780,61,20.8,20.4,0.0075,,
0.4865,62,21.7,20.4,0.0075,,
0.4950,63,22.4,20.4,0.0070,,
0.5025,64,23.2,20.4,0.0070,,
0.5110,65,23.8,20.4,0.0075,,
0.5195,66,24.9,20.4,0.0075,,
0.5280,67,25.7,20.4,0.0075,,
0.5365,68,26.3,20.4,0.0075,,
0.5445,69,27.2,20.4,0.0075,,
0.5525,70,27.8,20.4,0.0075,,
0.5605,71,28.8,20.4,0.0075,,
0.5690,72,29.8,20.4,0.0075,,
0.5775,73,30.5,20.4,0.0075,,
0.5860,74,31.3,20.4,0.0075,,
0.5945,75,32.4,20.4,0.0075,,
0.6020,76,33.0,20.4,0.0070,,
0.6105,77,33.9,20.4,0.0075,,
0.6185,78,34.6,20.4,0.0075,,
0.6270,79,35.3,20.4,0.0075,,
0.6355,80,36.3,20.4,0.0075,,
0.6440,81,37.2,20.4,0.0075,,
0.6515,82,38.0,20.4,0.0070,,
0.6600,83,38.7,20.4,0.0075,,
0.6685,84,39.5,20.4,0.0075,,
0.6765,85,40.6,20.4,0.0075,,
0.6850,86,41.4,20.4,0.0075,,
0.6935,87,42.1,20.4,0.0075,,
0.7010,88,42.9,20.4,0.0070,,
0.7095,89,43.8,20.4,0.0075,,
0.7180,90,44.8,20.4,0.0075,,
0.7265,91,45.7,20.4,0.0075,,
0.7345,92,46.3,20.4,0.0075,,
0.7430,93,47.3,20.4,0.0075,,
0.7515,94,48.1,20.4,0.0075,,
0.7590,95,49.2,20.4,0.0070,,
0.7675,96,50.1,20.4,0.0075,,
0.7760,97,50.8,20.4,0.0075,,
0.7845,98,51.8,20.4,0.0075,,
0.7930,99,52.9,20.4,0.0075,,
0.8010,100,53.8,20.4,0.0065,,
0.8085,101,54.8,20.4,0.0070,,
0.8170,102,55.6,20.4,0.0075,,
0.8255,103,56.6,20.4,0.0075,,
0.8340,104,57.6,20.4,0.0075,,
0.8425,105,58.3,20.4,0.0075,,
0.8510,106,59.3,20.4,0.0075,,
0.8585,107,60.1,20.4,0.0070,,
0.8670,108,61.3,20.4,0.0075,,
0.8750,109,62.4,20.4,0.0075,,
0.8835,110,63.3,20.4,0.0075,,
0.8920,111,64.2,20.4,0.0075,,
0.9005,112,65.1,20.4,0.0075,,
0.9080,113,66.4,20.4,0.0070,,
0.9165,114,67.4,20.4,0.0075,,
0.9250,115,68.2,20.4,0.0075,,
0.9335,116,69.5,20.4,0.0075,,
0.9415,117,70.8,20.4,0.0075,,
0.9500,118,71.7,20.4,0.0075,,
0.9575,119,72.9,20.4,0.0070,,
0.9660,120,73.7,20.4,0.0075,,
0.9745,121,74.8,20.4,0.0075,,
0.9830,122,76.2,20.4,0.0075,,
0.9915,123,77.3,20.4,0.0075,,
0.9995,124,78.3,20.4,0.0065,,
1.0075,125,79.4,20.4,0.0075,,
1.0155,126,80.6,20.4,0.0075,,
1.0240,127,82.1,20.4,0.0075,,
1.0325,128,83.4,20.4,0.0075,,
1.0410,129,84.6,20.4,0.0075,,
1.0495,130,86.1,20.4,0.0075,,
1.0570,131,87.3,20.4,0.0070,,
1.0655,132,89.0,20.4,0.0075,,
1.0735,133,90.4,20.4,0.0075,,
1.0820,134,91.6,20.4,0.0075,,
1.0905,135,93.3,20.4,0.0075,,
1.0990,136,95.0,20.4,0.0075,,
1.1065,137,96.3,20.4,0.0070,,
1.1150,138,98.0,20.4,0.0075,,
1.1235,139,99.6,20.5,0.0075,,
1.1315,140,101.6,20.4,0.0075,,
1.1400,141,103.6,20.5,0.0075,,
1.1485,142,105.4,20.5,0.0070,,
1.1560,143,107.2,20.5,0.0070,,
1.1645,144,109.1,20.5,0.0075,,
1.1730,145,111.6,20.5,0.0075,,
1.1815,146,114.2,20.5,0.0075,,
1.1895,147,116.6,20.5,0.0075,,
1.1980,148,119.2,20.5,0.0075,,
1.2065,149,121.7,20.5,0.0075,,
1.2140,150,125.2,20.5,0.0070,,
1.2225,151,128.6,20.5,0.0075,,
1.2310,152,131.9,20.5,0.0075,,
1.2395,153,135.2,20.5,0.0075,,
1.2475,154,139.1,20.5,0.0075,,
1.2560,155,142.9,20.5,0.0070,,
1.2635,156,146.3,20.5,0.0070,,
1.2720,157,149.7,20.5,0.0075,,
1.2805,158,152.9,20.5,0.0075,,
1.2890,159,156.6,20.5,0.0075,,
1.2975,160,160.0,20.5,0.0075,,
1.3060,161,162.8,20.5,0.0070,,
1.3135,162,165.6,20.5,0.0070,,
1.3215,163,168.0,20.5,0.0075,,
1.3300,164,170.4,20.5,0.0075,,
1.3385,165,172.7,20.5,0.0075,,
1.3470,166,174.6,20.5,0.0075,,
1.3555,167,176.7,20.5,0.0070,,
1.3630,168,178.4,20.5,0.0070,,
1.3715,169,180.2,20.5,0.0075,,
1.3800,170,181.9,20.5,0.0075,,
1.3880,171,183.2,20.5,0.0075,,
1.3965,172,184.8,20.5,0.0075,,
1.3995,173,185.1,20.5,0.0050,,
1.3995,413,186.8,20.5,0.0000,,
1.4000,414,187.0,20.5,0.0005,,
1.4015,415,187.0,20.5,0.0020,,
1.4040,416,186.9,20.5,0.0030,,
1.4080,417,187.4,20.5,0.0050,,
1.4140,418,188.3,20.5,0.0075,,
1.4220,419,189.2,20.5,0.0100,,
1.4300,420,190.4,20.5,0.0115,,
1.4380,421,191.4,20.5,0.0115,,
1.4465,422,192.5,20.5,0.0120,,
1.4550,423,193.7,20.5,0.0105,,
1.4635,424,194.5,20.5,0.0105,,
1.4720,425,195.5,20.5,0.0120,,
1.4795,426,196.3,20.5,0.0105,,
1.4880,427,197.4,20.5,0.0120,,
1.4965,428,198.3,20.5,0.0105,,
1.5045,429,198.8,20.5,0.0100,,
1.5130,430,199.8,20.5,0.0105,,
1.5215,431,200.4,20.5,0.0120,,
1.5290,432,201.3,20.5,0.0105,,
1.5375,433,202.1,20.5,0.0120,,
1.5460,434,202.6,20.5,0.0105,,
1.5545,435,203.4,20.5,0.0105,,
1.5630,436,204.2,20.5,0.0105,,
1.5710,437,204.8,20.5,0.0115,,
1.5785,438,205.5,20.5,0.0105,,
1.5870,439,205.9,20.5,0.0120,,
1.5955,440,206.5,20.5,0.0105,,
1.6040,441,207.3,20.5,0.0105,,
1.6125,442,207.7,20.5,0.0105,,
1.6200,443,208.3,20.5,0.0105,,
1.6285,444,208.8,20.5,0.0120,,
1.6370,445,209.4,20.5,0.0120,,
1.6450,446,210.1,20.5,0.0100,,
1.6535,447,210.4,20.5,0.0105,,
1.6620,448,211.0,20.5,0.0105,,
1.6695,449,211.3,20.5,0.0105,,
1.6780,450,212.1,20.5,0.0120,,
1.6865,451,212.6,20.6,0.0120,,
1.6950,452,212.8,20.6,0.0105,,
1.7035,453,213.3,20.6,0.0105,,
1.7115,454,214.0,20.6,0.0100,,
1.7200,455,214.3,20.6,0.0120,,
1.7275,456,214.9,20.5,0.0105,,
1.7360,457,215.2,20.6,0.0120,,
1.7445,458,215.5,20.6,0.0105,,
1.7530,459,216.1,20.6,0.0105,,
1.7615,460,216.4,20.6,0.0105,,
1.7695,461,216.9,20.6,0.0115,,
1.7775,462,217.0,20.6,0.0115,,
1.7855,463,217.5,20.6,0.0115,,
1.7940,464,218.1,20.6,0.0105,,
1.8025,465,218.3,20.6,0.0105,,
1.8110,466,218.6,20.6,0.0105,,
1.8195,467,219.0,20.6,0.0120,,
1.8270,468,219.4,20.6,0.0105,,
1.8355,469,220.0,20.6,0.0120,,
1.8435,470,220.2,20.6,0.0100,,
1.8520,471,220.4,20.6,0.0105,,
1.8605,472,220.9,20.6,0.0105,,
1.8690,473,221.3,20.6,0.0105,,
1.8765,474,221.7,20.6,0.0105,,
1.8850,475,221.9,20.6,0.0120,,
1.8935,476,222.0,20.6,0.0105,,
1.9020,477,222.6,20.6,0.0105,,
1.9100,478,223.0,20.6,0.0100,,
1.9185,479,223.1,20.6,0.0105,,
1.9260,480,223.5,20.6,0.0105,,
1.9345,481,223.8,20.6,0.0120,,
1.9430,482,224.3,20.6,0.0120,,
1.9515,483,224.6,20.6,0.0105,,
1.9600,484,224.7,20.6,0.0105,,
1.9680,485,225.0,20.6,0.0100,,
1.9760,486,225.2,20.6,0.0115,,
1.9840,487,225.7,20.6,0.0115,,
1.9925,488,226.1,20.6,0.0120,,
2.0010,489,226.2,20.6,0.0105,,
2.0095,490,226.5,20.6,0.0105,,
2.0180,491,227.0,20.6,0.0105,,
2.0255,492,227.1,20.6,0.0105,,
2.0340,493,227.4,20.6,0.0120,,
2.0425,494,227.5,20.6,0.0120,,
2.0505,495,227.8,20.6,0.0100,,
2.0590,496,228.3,20.6,0.0105,,
2.0675,497,228.4,20.6,0.0105,,
2.0750,498,228.7,20.6,0.0105,,
2.0835,499,228.7,20.6,0.0120,,
2.0920,500,229.1,20.6,0.0120,,
2.1005,501,229.6,20.6,0.0105,,
2.1085,502,229.7,20.6,0.0100,,
2.1170,503,229.8,20.6,0.0105,,
2.1245,504,230.0,20.6,0.0105,,
2.1330,505,230.4,20.6,0.0120,,
2.1415,506,230.7,20.6,0.0120,,
2.1500,507,230.8,20.6,0.0105,,
2.1585,508,230.9,20.6,0.0105,,
2.1665,509,231.3,20.6,0.0100,,
2.1745,510,231.3,20.6,0.0115,,
2.1825,511,231.7,20.6,0.0115,,
2.1910,512,231.8,20.6,0.0120,,
2.1995,513,232.0,20.6,0.0105,,
2.2080,514,232.3,20.6,0.0105,,
2.2165,515,232.6,20.6,0.0105,,
2.2245,516,232.9,20.6,0.0115,,
2.2325,517,233.0,20.6,0.0115,,
2.2405,518,233.0,20.6,0.0115,,
2.2490,519,233.4,20.6,0.0105,,
2.2575,520,233.6,20.6,0.0105,,
2.2655,521,233.6,20.6,0.0100,,
2.2720,522,233.9,20.6,0.0095,,
2.2795,523,234.0,20.6,0.0105,,
2.2810,524,234.4,20.6,0.0020,,
2.2815,525,234.5,20.6,0.0005,,
2.2820,526,234.2,20.6,0.0005,,
2.2830,527,234.3,20.6,0.0010,,
2.2845,528,234.2,20.6,0.0020,,
2.2865,529,234.5,20.6,0.0030,,
2.2885,530,234.5,20.6,0.0030,,
2.2900,531,234.4,20.6,0.0020,,
2.2910,532,234.6,20.6,0.0010,,
2.2920,533,234.7,20.6,0.0010,,
2.2925,534,234.8,20.6,0.0005,,
2.2935,535,234.8,20.6,0.0015,,
2.2940,536,234.6,20.6,0.0005,,
2.2950,537,234.6,20.6,0.0010,,
2.2960,538,234.9,20.6,0.0010,,
2.2975,539,234.6,20.6,0.0020,,
2.2995,540,234.8,20.6,0.0030,,
2.3005,541,234.7,20.6,0.0015,,
2.3020,542,234.8,20.6,0.0020,,
2.3025,543,235.0,20.6,0.0005,,
2.3035,544,235.0,20.6,0.0010,,
Scope 1/1, Sample 8/32 (S6)
Result,TitrationEP1
V,t,E,T,dV/dt,E acc. stat.,Volume acc. stat.
0.0000,0,-67.3,20.6,NaN,,
0.0010,1,-67.3,20.6,0.0010,,
0.0025,2,-67.2,20.6,0.0015,,
0.0050,3,-67.3,20.6,0.0025,,
0.0090,4,-67.0,20.6,0.0035,,
0.0150,5,-66.6,20.6,0.0055,,
0.0235,6,-66.0,20.6,0.0075,,
0.0320,7,-64.8,20.6,0.0075,,
0.0405,8,-63.5,20.6,0.0075,,
0.0480,9,-62.2,20.6,0.0070,,
0.0565,10,-60.7,20.6,0.0075,,
0.0650,11,-59.1,20.6,0.0075,,
0.0735,12,-57.0,20.6,0.0075,,
0.0815,13,-55.1,20.6,0.0075,,
0.0900,14,-53.3,20.6,0.0075,,
0.0975,15,-51.3,20.6,0.0070,,
0.1060,16,-49.1,20.6,0.0075,,
0.1145,17,-46.4,20.6,0.0075,,
0.1230,18,-43.9,20.6,0.0075,,
0.1315,19,-41.3,20.6,0.0075,,
0.1400,20,-38.7,20.6,0.0075,,
0.1475,21,-35.6,20.6,0.0070,,
0.1560,22,-32.4,20.6,0.0075,,
0.1640,23,-29.4,20.6,0.0075,,
0.1725,24,-26.5,20.6,0.0075,,
0.1810,25,-23.4,20.6,0.0075,,
0.1885,26,-21.0,20.6,0.0070,,
0.1970,27,-18.4,20.6,0.0075,,
0.2055,28,-16.2,20.6,0.0075,,
0.2140,29,-14.2,20.6,0.0075,,
0.2225,30,-12.1,20.6,0.0075,,
0.2305,31,-10.3,20.6,0.0075,,
0.2390,32,-8.9,20.6,0.0075,,
0.2465,33,-7.3,20.6,0.0070,,
0.2550,34,-5.9,20.6,0.0075,,
0.2635,35,-4.3,20.6,0.0075,,
0.2720,36,-2.9,20.6,0.0075,,
0.2805,37,-1.9,20.6,0.0075,,
0.2885,38,-0.7,20.6,0.0075,,
0.2965,39,0.3,20.6,0.0075,,
0.3045,40,1.6,20.6,0.0075,,
0.3130,41,2.6,20.6,0.0075,,
0.3215,42,3.6,20.6,0.0075,,
0.3300,43,4.7,20.6,0.0075,,
0.3385,44,5.8,20.6,0.0075,,
0.3460,45,6.8,20.6,0.0070,,
0.3545,46,7.8,20.6,0.0075,,
0.3625,47,8.6,20.6,0.0075,,
0.3710,48,9.6,20.6,0.0075,,
0.3795,49,10.6,20.6,0.0075,,
0.3880,50,11.5,20.6,0.0075,,
0.3955,51,12.4,20.6,0.0070,,
0.4040,52,13.1,20.6,0.0075,,
0.4125,53,14.1,20.6,0.0075,,
0.4205,54,15.1,20.6,0.0075,,
0.4290,55,15.8,20.6,0.0075,,
0.4375,56,16.5,20.6,0.0075,,
0.4450,57,17.3,20.6,0.0070,,
0.4535,58,18.3,20.6,0.0075,,
0.4620,59,19.3,20.6,0.0075,,
0.4705,60,19.9,20.6,0.0075,,
0.4790,61,20.7,20.6,0.0075,,
0.4870,62,21.8,20.6,0.0075,,
0.4950,63,22.5,20.6,0.0075,,
0.5030,64,23.4,20.6,0.0075,,
0.5115,65,24.1,20.6,0.0075,,
0.5200,66,24.9,20.6,0.0075,,
0.5285,67,26.0,20.6,0.0075,,
0.5370,68,26.6,20.6,0.0075,,
0.5445,69,27.4,20.6,0.0070,,
0.5530,70,28.0,20.6,0.0075,,
0.5615,71,28.9,20.6,0.0075,,
0.5695,72,30.0,20.6,0.0075,,
0.5780,73,30.7,20.6,0.0075,,
0.5865,74,31.4,20.6,0.0075,,
0.5940,75,32.2,20.6,0.0070,,
0.6025,76,33.1,20.6,0.0075,,
0.6110,77,34.1,20.6,0.0075,,
0.6195,78,34.9,20.6,0.0075,,
0.6275,79,35.6,20.6,0.0075,,
0.6360,80,36.6,20.6,0.0075,,
0.6435,81,37.3,20.6,0.0070,,
0.6520,82,38.2,20.6,0.0075,,
0.6605,83,38.9,20.6,0.0075,,
0.6690,84,39.8,20.6,0.0075,,
0.6775,85,40.8,20.6,0.0075,,
0.6860,86,41.6,20.6,0.0075,,
0.6935,87,42.5,20.6,0.0070,,
0.7020,88,43.1,20.6,0.0075,,
0.7100,89,44.1,20.6,0.0075,,
0.7185,90,45.1,20.6,0.0075,,
0.7270,91,45.9,20.6,0.0075,,
0.7355,92,46.6,20.7,0.0075,,
0.7430,93,47.5,20.6,0.0070,,
0.7515,94,48.4,20.7,0.0075,,
0.7600,95,49.5,20.7,0.0075,,
0.7680,96,50.3,20.7,0.0075,,
0.7765,97,51.0,20.7,0.0075,,
0.7850,98,52.2,20.7,0.0075,,
0.7925,99,52.9,20.7,0.0070,,
0.8010,100,54.1,20.7,0.0075,,
0.8095,101,54.8,20.7,0.0075,,
0.8180,102,55.6,20.7,0.0075,,
0.8265,103,56.8,20.7,0.0075,,
0.8345,104,57.7,20.7,0.0075,,
0.8425,105,58.7,20.7,0.0075,,
0.8505,106,59.6,20.7,0.0075,,
0.8590,107,60.4,20.7,0.0075,,
0.8675,108,61.6,20.7,0.0075,,
0.8760,109,62.7,20.7,0.0075,,
0.8845,110,63.5,20.7,0.0075,,
0.8920,111,64.5,20.7,0.0070,,
0.9005,112,65.3,20.7,0.0075,,
0.9085,113,66.6,20.7,0.0075,,
0.9170,114,67.7,20.7,0.0075,,
0.9255,115,68.6,20.7,0.0075,,
0.9340,116,69.7,20.7,0.0075,,
0.9415,117,70.5,20.7,0.0070,,
0.9500,118,71.7,20.7,0.0075,,
0.9585,119,72.8,20.7,0.0075,,
0.9665,120,73.8,20.7,0.0075,,
0.9750,121,75.0,20.7,0.0075,,
0.9835,122,76.4,20.7,0.0075,,
0.9910,123,77.4,20.7,0.0070,,
0.9995,124,78.7,20.7,0.0075,,
1.0080,125,79.7,20.7,0.0075,,
1.0165,126,81.0,20.7,0.0075,,
1.0250,127,82.5,20.7,0.0075,,
1.0330,128,83.7,20.7,0.0075,,
1.0410,129,84.9,20.7,0.0075,,
1.0490,130,86.1,20.7,0.0075,,
1.0575,131,87.6,20.7,0.0075,,
1.0660,132,89.1,20.7,0.0075,,
1.0745,133,90.2,20.7,0.0075,,
1.0830,134,91.6,20.7,0.0075,,
1.0905,135,93.1,20.7,0.0070,,
1.0990,136,94.9,20.7,0.0075,,
1.1075,137,96.3,20.7,0.0075,,
1.1155,138,97.8,20.7,0.0075,,
1.1240,139,99.8,20.7,0.0075,,
1.1325,140,101.8,20.7,0.0075,,
1.1400,141,103.7,20.7,0.0070,,
1.1485,142,105.6,20.7,0.0075,,
1.1570,143,107.5,20.7,0.0075,,
1.1655,144,109.6,20.7,0.0075,,
1.1735,145,112.1,20.7,0.0075,,
1.1820,146,114.5,20.7,0.0075,,
1.1895,147,116.9,20.7,0.0070,,
1.1980,148,119.4,20.7,0.0075,,
1.2065,149,122.3,20.7,0.0075,,
1.2150,150,125.7,20.7,0.0075,,
1.2235,151,128.6,20.7,0.0075,,
1.2320,152,131.8,20.7,0.0075,,
1.2395,153,135.0,20.7,0.0070,,
1.2480,154,138.8,20.7,0.0075,,
1.2560,155,142.6,20.7,0.0075,,
1.2645,156,146.3,20.7,0.0075,,
1.2730,157,149.9,20.7,0.0075,,
1.2815,158,153.7,20.7,0.0075,,
1.2890,159,156.7,20.7,0.0070,,
1.2975,160,159.8,20.7,0.0075,,
1.3060,161,162.6,20.7,0.0075,,
1.3140,162,165.4,20.7,0.0075,,
1.3225,163,168.4,20.7,0.0075,,
1.3310,164,170.6,20.7,0.0075,,
1.3385,165,173.0,20.7,0.0070,,
1.3470,166,174.9,20.7,0.0075,,
1.3555,167,176.9,20.7,0.0075,,
1.3640,168,178.8,20.7,0.0075,,
1.3720,169,180.5,20.7,0.0075,,
1.3805,170,181.8,20.7,0.0075,,
1.3890,171,183.3,20.7,0.0075,,
1.3965,172,184.7,20.7,0.0070,,
1.3995,172,185.1,20.7,0.0060,,
1.3995,412,186.7,20.8,0.0000,,
1.4000,414,186.8,20.8,0.0005,,
1.4015,415,186.6,20.8,0.0025,,
1.4040,416,187.1,20.8,0.0040,,
1.4080,417,187.7,20.8,0.0055,,
1.4140,418,188.2,20.8,0.0085,,
1.4220,419,189.3,20.8,0.0115,,
1.4300,420,190.2,20.8,0.0135,,
1.4380,421,191.3,20.8,0.0135,,
1.4465,422,192.5,20.8,0.0140,,
1.4550,423,193.5,20.8,0.0120,,
1.4635,424,194.3,20.8,0.0120,,
1.4720,425,195.5,20.8,0.0120,,
1.4795,426,196.3,20.8,0.0125,,
1.4880,427,197.3,20.8,0.0140,,
1.4960,428,198.1,20.8,0.0135,,
1.5045,429,198.9,20.8,0.0120,,
1.5130,430,199.9,20.8,0.0120,,
1.5215,431,200.8,20.8,0.0120,,
1.5290,432,201.5,20.8,0.0105,,
1.5375,433,202.0,20.8,0.0140,,
1.5460,434,202.7,20.8,0.0140,,
1.5545,435,203.6,20.8,0.0120,,
1.5625,436,204.3,20.8,0.0115,,
1.5710,437,204.6,20.8,0.0120,,
1.5795,438,205.3,20.8,0.0140,,
1.5870,439,205.8,20.8,0.0125,,
1.5955,440,206.6,20.8,0.0140,,
1.6040,441,207.3,20.8,0.0120,,
1.6125,442,207.7,20.8,0.0120,,
1.6205,443,208.3,20.8,0.0115,,
1.6290,444,208.7,20.8,0.0140,,
1.6365,445,209.6,20.8,0.0125,,
1.6450,446,210.1,20.8,0.0140,,
1.6535,447,210.4,20.8,0.0120,,
1.6620,448,211.0,20.8,0.0120,,
1.6705,449,211.7,20.8,0.0120,,
1.6785,450,212.2,20.8,0.0115,,
1.6865,451,212.7,20.8,0.0135,,
1.6945,452,213.1,20.8,0.0135,,
1.7030,453,213.5,20.8,0.0120,,
1.7115,454,214.2,20.8,0.0120,,
1.7200,455,214.5,20.8,0.0120,,
1.7285,456,214.9,20.8,0.0120,,
1.7360,457,215.3,20.8,0.0125,,
1.7445,458,215.8,20.8,0.0140,,
1.7530,459,216.3,20.8,0.0120,,
1.7610,460,216.6,20.8,0.0115,,
1.7695,461,216.9,20.8,0.0120,,
1.7770,462,217.3,20.8,0.0125,,
1.7855,463,217.8,20.8,0.0140,,
1.7940,464,218.4,20.8,0.0140,,
1.8025,465,218.6,20.8,0.0120,,
1.8110,466,218.8,20.8,0.0120,,
1.8190,467,219.4,20.8,0.0115,,
1.8275,468,219.7,20.8,0.0140,,
1.8350,469,220.2,20.8,0.0125,,
1.8435,470,220.3,20.8,0.0140,,
1.8520,471,220.7,20.8,0.0120,,
1.8605,472,221.2,20.8,0.0120,,
1.8690,473,221.4,20.8,0.0120,,
1.8775,474,221.6,20.8,0.0120,,
1.8850,475,222.0,20.8,0.0125,,
1.8930,476,222.2,20.8,0.0115,,
1.9015,477,222.7,20.8,0.0140,,
1.9100,478,223.0,20.8,0.0120,,
1.9185,479,223.2,20.8,0.0120,,
1.9270,480,223.6,20.8,0.0120,,
1.9345,481,223.8,20.8,0.0125,,
1.9430,482,224.4,20.8,0.0140,,
1.9510,483,224.7,20.8,0.0135,,
1.9595,484,224.8,20.8,0.0120,,
1.9680,485,225.2,20.8,0.0120,,
1.9765,486,225.6,20.8,0.0120,,
1.9840,487,225.9,20.8,0.0125,,
1.9925,488,226.2,20.8,0.0140,,
2.0010,489,226.3,20.8,0.0140,,
2.0090,490,226.6,20.8,0.0115,,
2.0175,491,227.0,20.8,0.0120,,
2.0260,492,227.2,20.8,0.0120,,
2.0345,493,227.5,20.8,0.0140,,
2.0420,494,227.6,20.8,0.0125,,
2.0505,495,227.9,20.8,0.0140,,
2.0590,496,228.3,20.8,0.0120,,
2.0670,497,228.6,20.8,0.0115,,
2.0755,498,228.7,20.8,0.0120,,
2.0840,499,229.1,20.8,0.0120,,
2.0915,500,229.1,20.8,0.0125,,
2.1000,501,229.5,20.8,0.0140,,
2.1085,502,229.8,20.8,0.0140,,
2.1170,503,229.9,20.8,0.0120,,
2.1255,504,230.3,20.8,0.0120,,
2.1335,505,230.6,20.8,0.0115,,
2.1415,506,230.9,20.8,0.0135,,
2.1495,507,231.0,20.8,0.0135,,
2.1580,508,231.1,20.8,0.0140,,
2.1665,509,231.5,20.8,0.0120,,
2.1750,510,231.8,20.8,0.0120,,
2.1835,511,231.7,20.8,0.0120,,
2.1910,512,232.0,20.8,0.0125,,
2.1995,513,232.0,20.8,0.0140,,
2.2080,514,232.5,20.8,0.0120,,
2.2160,515,232.6,20.8,0.0115,,
2.2245,516,232.7,20.8,0.0120,,
2.2330,517,233.0,20.8,0.0120,,
2.2405,518,233.2,20.8,0.0125,,
2.2490,519,233.5,20.8,0.0140,,
2.2575,520,233.7,20.8,0.0120,,
2.2655,521,233.7,20.8,0.0115,,
2.2730,522,234.1,20.8,0.0105,,
2.2795,523,234.2,20.8,0.0110,,
2.2835,524,234.6,20.8,0.0065,,
2.2865,525,234.6,20.8,0.0050,,
2.2870,526,234.5,20.8,0.0005,,
2.2880,527,234.7,20.8,0.0015,,
2.2890,528,234.8,20.8,0.0015,,
2.2905,529,234.9,20.8,0.0025,,
2.2930,530,234.7,20.8,0.0040,,
2.2960,531,234.7,20.8,0.0050,,
2.2995,532,235.0,20.8,0.0045,,
Scope 1/1, Sample 9/32 (T1)
Result,TitrationEP1
V,t,E,T,dV/dt,E acc. stat.,Volume acc. stat.
0.0000,0,-68.5,20.8,NaN,,
0.0010,1,-68.5,20.8,0.0010,,
0.0025,2,-68.4,20.8,0.0015,,
0.0050,3,-68.5,20.8,0.0025,,
0.0090,4,-68.2,20.8,0.0035,,
0.0150,5,-67.7,20.8,0.0055,,
0.0235,6,-67.2,20.8,0.0075,,
0.0320,7,-66.2,20.8,0.0085,,
0.0395,8,-65.2,20.8,0.0075,,
0.0480,9,-63.7,20.8,0.0075,,
0.0565,10,-62.0,20.8,0.0075,,
0.0650,11,-60.7,20.8,0.0075,,
0.0730,12,-59.0,20.8,0.0075,,
0.0815,13,-57.4,20.8,0.0085,,
0.0890,14,-55.4,20.8,0.0075,,
0.0975,15,-53.3,20.8,0.0075,,
0.1060,16,-51.3,20.8,0.0075,,
0.1145,17,-49.0,20.8,0.0075,,
0.1230,18,-46.6,20.8,0.0075,,
0.1310,19,-44.1,20.8,0.0075,,
0.1390,20,-41.6,20.8,0.0080,,
0.1470,21,-39.0,20.8,0.0080,,
0.1555,22,-36.1,20.8,0.0075,,
0.1640,23,-32.9,20.8,0.0075,,
0.1725,24,-29.9,20.8,0.0075,,
0.1810,25,-27.0,20.8,0.0075,,
0.1885,26,-24.4,20.8,0.0075,,
0.1970,27,-21.7,20.8,0.0085,,
0.2050,28,-19.1,20.8,0.0075,,
0.2135,29,-16.9,20.8,0.0075,,
0.2220,30,-14.8,20.8,0.0075,,
0.2305,31,-13.0,20.8,0.0085,,
0.2380,32,-11.3,20.8,0.0075,,
0.2465,33,-9.5,20.8,0.0085,,
0.2550,34,-8.1,20.8,0.0075,,
0.2630,35,-6.8,20.8,0.0075,,
0.2715,36,-5.2,20.8,0.0075,,
0.2800,37,-3.8,20.8,0.0075,,
0.2875,38,-2.6,20.8,0.0075,,
0.2960,39,-1.6,20.8,0.0085,,
0.3045,40,-0.5,20.8,0.0075,,
0.3130,41,0.8,20.8,0.0075,,
0.3215,42,1.9,20.8,0.0075,,
0.3295,43,2.8,20.8,0.0075,,
0.3375,44,4.0,20.8,0.0080,,
0.3455,45,4.8,20.8,0.0080,,
0.3540,46,6.0,20.8,0.0075,,
0.3625,47,7.1,20.8,0.0075,,
0.3710,48,7.9,20.8,0.0075,,
0.3795,49,8.8,20.8,0.0075,,
0.3870,50,9.7,20.8,0.0075,,
0.3955,51,10.8,20.8,0.0085,,
0.4035,52,11.7,20.8,0.0075,,
0.4120,53,12.5,20.8,0.0075,,
0.4205,54,13.4,20.8,0.0075,,
0.4290,55,14.4,20.8,0.0075,,
0.4375,56,15.2,20.8,0.0075,,
0.4450,57,16.1,20.8,0.0075,,
0.4535,58,16.8,20.8,0.0075,,
0.4615,59,17.6,20.8,0.0075,,
0.4700,60,18.7,20.8,0.0075,,
0.4785,61,19.5,20.8,0.0075,,
0.4870,62,20.4,20.8,0.0085,,
0.4945,63,21.0,20.8,0.0075,,
0.5030,64,21.9,20.8,0.0075,,
0.5115,65,22.8,20.8,0.0075,,
0.5200,66,23.4,20.8,0.0075,,
0.5280,67,24.2,20.8,0.0075,,
0.5365,68,25.1,20.8,0.0085,,
0.5440,69,26.0,20.8,0.0075,,
0.5525,70,27.0,20.8,0.0075,,
0.5610,71,27.8,20.8,0.0075,,
0.5695,72,28.4,20.8,0.0075,,
0.5780,73,29.4,20.8,0.0075,,
0.5860,74,30.2,20.8,0.0080,,
0.5940,75,31.1,20.8,0.0080,,
0.6025,76,31.8,20.8,0.0075,,
0.6105,77,32.6,20.8,0.0075,,
0.6190,78,33.7,20.8,0.0075,,
0.6275,79,34.5,20.8,0.0075,,
0.6360,80,35.3,20.8,0.0085,,
0.6435,81,36.0,20.8,0.0075,,
0.6520,82,36.9,20.8,0.0075,,
0.6605,83,37.9,20.8,0.0075,,
0.6685,84,38.8,20.8,0.0075,,
0.6770,85,39.5,20.8,0.0075,,
0.6855,86,40.3,20.8,0.0085,,
0.6930,87,41.2,20.8,0.0075,,
0.7015,88,42.2,20.8,0.0075,,
0.7100,89,43.1,20.8,0.0075,,
0.7185,90,43.8,20.8,0.0075,,
0.7265,91,44.7,20.8,0.0075,,
0.7350,92,45.5,20.8,0.0085,,
0.7425,93,46.5,20.8,0.0075,,
0.7510,94,47.4,20.8,0.0075,,
0.7595,95,48.2,20.8,0.0075,,
0.7680,96,49.2,20.8,0.0075,,
0.7765,97,50.2,20.8,0.0075,,
0.7845,98,50.9,20.8,0.0075,,
0.7925,99,51.8,20.8,0.0080,,
0.8005,100,52.6,20.8,0.0075,,
0.8090,101,53.8,20.8,0.0075,,
0.8175,102,54.9,20.8,0.0075,,
0.8260,103,55.7,20.8,0.0075,,
0.8345,104,56.7,20.8,0.0075,,
0.8420,105,57.4,20.8,0.0075,,
0.8505,106,58.5,20.8,0.0085,,
0.8590,107,59.6,20.8,0.0075,,
0.8670,108,60.4,20.8,0.0075,,
0.8755,109,61.3,20.8,0.0075,,
0.8840,110,62.5,20.8,0.0075,,
0.8915,111,63.5,20.8,0.0075,,
0.9000,112,64.7,20.8,0.0085,,
0.9085,113,65.6,20.8,0.0075,,
0.9170,114,66.7,20.8,0.0075,,
0.9250,115,67.9,20.8,0.0075,,
0.9335,116,68.9,20.8,0.0075,,
0.9410,117,70.0,20.8,0.0070,,
0.9495,118,70.9,20.8,0.0085,,
0.9580,119,72.0,20.8,0.0075,,
0.9665,120,73.3,20.8,0.0075,,
0.9750,121,74.4,20.8,0.0075,,
0.9835,122,75.5,20.8,0.0075,,
0.9910,123,76.6,20.8,0.0075,,
0.9990,124,77.8,20.8,0.0080,,
1.0075,125,79.2,20.8,0.0075,,
1.0160,126,80.2,20.8,0.0075,,
1.0245,127,81.5,20.8,0.0075,,
1.0330,128,83.0,20.8,0.0075,,
1.0405,129,84.0,20.8,0.0075,,
1.0490,130,85.6,20.8,0.0085,,
1.0575,131,87.0,20.8,0.0075,,
1.0655,132,88.3,20.8,0.0075,,
1.0740,133,89.9,20.8,0.0075,,
1.0825,134,91.5,20.8,0.0075,,
1.0900,135,93.0,20.8,0.0075,,
1.0985,136,94.4,20.8,0.0085,,
1.1070,137,96.0,20.8,0.0075,,
1.1155,138,97.9,20.8,0.0075,,
1.1240,139,99.5,20.8,0.0075,,
1.1320,140,101.4,20.8,0.0075,,
1.1400,141,103.1,20.8,0.0080,,
1.1480,142,105.1,20.8,0.0075,,
1.1565,143,107.4,20.8,0.0075,,
1.1650,144,109.5,20.8,0.0075,,
1.1735,145,111.8,20.8,0.0075,,
1.1820,146,114.0,20.8,0.0085,,
1.1895,147,116.7,20.8,0.0075,,
1.1980,148,119.6,20.8,0.0075,,
1.2065,149,122.3,20.8,0.0075,,
1.2145,150,125.4,20.8,0.0075,,
1.2230,151,128.8,20.8,0.0075,,
1.2315,152,132.3,20.8,0.0075,,
1.2390,153,135.5,20.8,0.0075,,
1.2475,154,139.1,20.8,0.0075,,
1.2560,155,142.9,20.8,0.0075,,
1.2645,156,146.8,20.8,0.0075,,
1.2725,157,150.3,20.8,0.0075,,
1.2810,158,153.6,20.8,0.0075,,
1.2885,159,156.9,20.8,0.0075,,
1.2970,160,160.1,20.8,0.0085,,
1.3055,161,163.2,20.8,0.0075,,
1.3140,162,166.2,20.8,0.0075,,
1.3225,163,168.5,20.8,0.0075,,
1.3310,164,171.1,20.8,0.0075,,
1.3385,165,172.9,20.8,0.0075,,
1.3465,166,175.1,20.8,0.0080,,
1.3550,167,177.1,20.8,0.0075,,
1.3635,168,178.7,20.8,0.0075,,
1.3720,169,180.4,20.8,0.0075,,
1.3805,170,182.3,20.8,0.0075,,
1.3880,171,183.6,20.8,0.0075,,
1.3985,172,185.1,20.8,0.0075,,
1.3985,412,187.1,20.9,0.0000,,
1.3990,414,186.9,20.9,0.0005,,
1.4005,414,187.1,20.9,0.0030,,
1.4030,416,187.3,20.9,0.0015,,
1.4070,417,187.6,20.9,0.0065,,
1.4130,418,188.3,20.9,0.0100,,
1.4210,419,189.5,20.9,0.0135,,
1.4290,420,190.5,20.9,0.0160,,
1.4370,420,191.6,20.9,0.0160,,
1.4455,422,192.4,20.9,0.0055,,
1.4540,423,193.6,20.9,0.0140,,
1.4625,424,194.7,20.9,0.0140,,
1.4710,425,195.6,20.9,0.0140,,
1.4785,426,196.5,20.9,0.0150,,
1.4870,426,197.3,20.9,0.0170,,
1.4955,428,198.2,20.9,0.0055,,
1.5035,429,199.1,20.9,0.0135,,
1.5120,430,199.8,20.9,0.0140,,
1.5205,431,200.6,20.9,0.0140,,
1.5280,432,201.2,20.9,0.0150,,
1.5365,432,202.1,20.9,0.0170,,
1.5450,434,203.0,20.9,0.0055,,
1.5535,435,203.5,20.9,0.0140,,
1.5615,436,204.1,20.9,0.0135,,
1.5700,437,205.0,20.9,0.0140,,
1.5775,438,205.4,20.9,0.0150,,
1.5860,438,206.2,20.9,0.0170,,
1.5945,440,206.7,20.9,0.0055,,
1.6030,441,207.2,20.9,0.0140,,
1.6115,442,207.9,20.9,0.0140,,
1.6195,443,208.6,20.9,0.0135,,
1.6280,444,209.1,20.9,0.0170,,
1.6355,444,209.5,20.9,0.0150,,
1.6440,446,210.0,20.9,0.0055,,
1.6525,447,210.7,20.9,0.0140,,
1.6610,448,211.3,20.9,0.0140,,
1.6695,449,211.7,20.9,0.0140,,
1.6770,450,212.1,20.9,0.0150,,
1.6855,450,212.6,20.9,0.0170,,
1.6935,452,213.3,20.9,0.0055,,
1.7020,453,213.7,20.9,0.0140,,
1.7105,454,214.0,20.9,0.0140,,
1.7190,455,214.6,20.9,0.0140,,
1.7265,456,215.0,20.9,0.0150,,
1.7350,456,215.6,20.9,0.0170,,
1.7435,458,216.0,20.9,0.0055,,
1.7520,459,216.2,20.9,0.0140,,
1.7600,460,216.7,20.9,0.0135,,
1.7685,461,217.3,20.9,0.0140,,
1.7760,462,217.6,20.9,0.0150,,
1.7845,462,218.0,20.9,0.0170,,
1.7930,464,218.2,20.9,0.0055,,
1.8015,465,218.8,20.9,0.0140,,
1.8100,466,219.2,20.9,0.0140,,
1.8185,467,219.4,20.9,0.0140,,
1.8260,468,219.8,20.9,0.0150,,
1.8345,468,220.0,20.9,0.0170,,
1.8425,470,220.6,20.9,0.0055,,
1.8510,471,221.0,20.9,0.0140,,
1.8595,472,221.2,20.9,0.0140,,
1.8680,473,221.6,20.9,0.0140,,
1.8755,474,221.8,20.9,0.0150,,
1.8840,474,222.4,20.9,0.0170,,
1.8925,476,222.7,20.9,0.0055,,
1.9005,477,222.8,20.9,0.0135,,
1.9090,478,223.2,20.9,0.0140,,
1.9175,479,223.7,20.9,0.0140,,
1.9260,480,223.9,20.9,0.0170,,
1.9335,480,224.3,20.9,0.0150,,
1.9420,482,224.3,20.9,0.0055,,
1.9505,483,224.8,20.9,0.0140,,
1.9585,484,225.2,20.9,0.0135,,
1.9670,485,225.4,20.9,0.0140,,
1.9755,486,225.7,20.9,0.0170,,
1.9830,486,225.8,20.9,0.0150,,
1.9915,488,226.1,20.9,0.0055,,
2.0000,489,226.5,20.9,0.0140,,
2.0085,490,226.6,20.9,0.0140,,
2.0170,491,226.8,20.9,0.0140,,
2.0245,492,227.0,20.9,0.0150,,
2.0330,492,227.5,20.9,0.0170,,
2.0410,494,227.9,20.9,0.0055,,
2.0495,495,228.2,20.9,0.0140,,
2.0580,496,228.2,20.9,0.0140,,
2.0665,497,228.7,20.9,0.0140,,
2.0750,498,228.8,20.9,0.0170,,
2.0825,498,229.2,20.9,0.0150,,
2.0910,500,229.2,20.9,0.0055,,
2.0990,501,229.4,20.9,0.0135,,
2.1075,502,229.8,20.9,0.0140,,
2.1160,503,230.1,20.9,0.0140,,
2.1245,504,230.1,20.9,0.0140,,
2.1320,504,230.6,20.9,0.0150,,
2.1405,506,230.7,20.9,0.0055,,
2.1490,507,230.9,20.9,0.0140,,
2.1575,508,231.2,20.9,0.0140,,
2.1655,509,231.3,20.9,0.0135,,
2.1740,510,231.5,20.9,0.0170,,
2.1815,510,231.7,20.9,0.0150,,
2.1900,512,232.1,20.9,0.0055,,
2.1985,513,232.3,20.9,0.0140,,
2.2070,514,232.4,20.9,0.0140,,
2.2155,515,232.8,20.9,0.0140,,
2.2235,516,232.9,20.9,0.0160,,
2.2315,516,233.3,20.9,0.0160,,
2.2400,518,233.4,20.9,0.0055,,
2.2480,519,233.5,20.9,0.0135,,
2.2565,520,233.8,20.9,0.0140,,
2.2645,521,234.1,20.9,0.0135,,
2.2705,522,234.3,20.9,0.0120,,
2.2770,522,234.3,20.9,0.0130,,
2.2795,524,234.4,20.9,0.0015,,
2.2800,525,234.7,20.9,0.0010,,
2.2815,526,234.6,20.9,0.0025,,
2.2830,527,234.5,20.9,0.0025,,
2.2840,528,234.5,20.9,0.0020,,
2.2850,528,234.5,20.9,0.0020,,
2.2865,530,234.7,20.9,0.0010,,
2.2880,531,234.7,20.9,0.0025,,
2.2900,532,234.7,20.9,0.0035,,
2.2930,533,234.9,20.9,0.0050,,
2.2970,534,234.9,20.9,0.0080,,
2.3015,535,235.1,20.9,0.0075,,
Scope 1/1, Sample 10/32 (T2)
Result,TitrationEP1
V,t,E,T,dV/dt,E acc. stat.,Volume acc. stat.
0.0000,0,-68.5,20.8,NaN,,
0.0005,1,-68.7,20.8,0.0005,,
0.0025,2,-68.6,20.8,0.0020,,
0.0050,3,-68.5,20.8,0.0025,,
0.0085,4,-68.6,20.9,0.0030,,
0.0150,5,-68.2,20.8,0.0060,,
0.0230,6,-67.3,20.8,0.0075,,
0.0305,7,-66.7,20.9,0.0075,,
0.0390,8,-65.4,20.9,0.0085,,
0.0475,9,-64.3,20.9,0.0075,,
0.0560,10,-62.7,20.9,0.0075,,
0.0645,11,-61.0,20.9,0.0075,,
0.0725,12,-59.5,20.9,0.0075,,
0.0805,13,-57.7,20.9,0.0080,,
0.0885,14,-56.0,20.9,0.0080,,
0.0970,15,-54.0,20.9,0.0085,,
0.1055,16,-51.7,20.9,0.0075,,
0.1140,17,-49.6,20.9,0.0075,,
0.1225,18,-47.3,20.9,0.0075,,
0.1300,19,-45.0,20.9,0.0075,,
0.1385,20,-42.2,20.9,0.0085,,
0.1470,21,-39.3,20.9,0.0075,,
0.1550,22,-36.6,20.9,0.0075,,
0.1635,23,-33.6,20.9,0.0075,,
0.1720,24,-31.0,20.9,0.0085,,
0.1795,25,-27.7,20.9,0.0075,,
0.1880,26,-24.8,20.9,0.0085,,
0.1965,27,-22.1,20.9,0.0075,,
0.2050,28,-19.5,20.9,0.0075,,
0.2135,29,-17.1,20.9,0.0075,,
0.2210,30,-15.3,20.9,0.0075,,
0.2290,31,-13.4,20.9,0.0080,,
0.2375,32,-11.8,20.9,0.0085,,
0.2460,33,-10.1,20.9,0.0075,,
0.2545,34,-8.4,20.9,0.0075,,
0.2630,35,-7.0,20.9,0.0075,,
0.2705,36,-5.6,20.9,0.0075,,
0.2790,37,-4.2,20.9,0.0085,,
0.2875,38,-2.9,20.9,0.0085,,
0.2955,39,-1.7,20.9,0.0075,,
0.3040,40,-0.7,20.9,0.0075,,
0.3125,41,0.3,20.9,0.0075,,
0.3210,42,1.1,20.9,0.0085,,
0.3285,43,2.5,20.9,0.0075,,
0.3370,44,3.8,20.9,0.0085,,
0.3455,45,4.6,20.9,0.0075,,
0.3540,46,5.7,20.9,0.0075,,
0.3620,47,6.8,20.9,0.0075,,
0.3700,48,7.5,20.9,0.0080,,
0.3780,49,8.5,20.9,0.0080,,
0.3865,50,9.2,20.9,0.0085,,
0.3950,51,10.1,20.9,0.0075,,
0.4035,52,11.2,20.9,0.0075,,
0.4120,53,12.1,20.9,0.0075,,
0.4195,54,13.0,20.9,0.0075,,
0.4280,55,13.8,20.9,0.0085,,
0.4360,56,14.7,20.9,0.0080,,
0.4445,57,15.7,20.9,0.0075,,
0.4530,58,16.3,20.9,0.0075,,
0.4615,59,17.2,20.9,0.0075,,
0.4700,60,18.0,20.9,0.0085,,
0.4775,61,18.9,20.9,0.0070,,
0.4860,62,19.9,20.9,0.0085,,
0.4945,63,20.6,20.9,0.0075,,
0.5025,64,21.3,20.9,0.0075,,
0.5110,65,22.4,20.9,0.0075,,
0.5185,66,23.2,20.9,0.0075,,
0.5270,67,24.2,20.9,0.0085,,
0.5355,68,24.7,20.9,0.0085,,
0.5440,69,25.6,20.9,0.0075,,
0.5525,70,26.7,20.9,0.0075,,
0.5605,71,27.5,20.9,0.0075,,
0.5685,72,28.3,20.9,0.0080,,
0.5765,73,29.0,20.9,0.0080,,
0.5850,74,29.8,20.9,0.0085,,
0.5935,75,30.8,20.9,0.0075,,
0.6020,76,31.6,20.9,0.0075,,
0.6105,77,32.3,20.9,0.0075,,
0.6180,78,33.1,20.9,0.0075,,
0.6265,79,33.9,20.9,0.0085,,
0.6350,80,34.9,20.9,0.0085,,
0.6430,81,35.7,20.9,0.0075,,
0.6515,82,36.4,20.9,0.0075,,
0.6600,83,37.3,20.9,0.0075,,
0.6685,84,37.9,20.9,0.0085,,
0.6760,85,38.9,20.9,0.0075,,
0.6845,86,39.9,20.9,0.0085,,
0.6930,87,40.5,20.9,0.0075,,
0.7010,88,41.5,20.9,0.0075,,
0.7095,89,42.5,20.9,0.0075,,
0.7180,90,43.3,20.9,0.0085,,
0.7255,91,44.1,20.9,0.0075,,
0.7340,92,44.8,20.9,0.0085,,
0.7425,93,46.0,20.9,0.0075,,
0.7510,94,47.0,20.9,0.0075,,
0.7595,95,47.7,20.9,0.0075,,
0.7670,96,48.7,20.9,0.0075,,
0.7755,97,49.4,20.9,0.0085,,
0.7835,98,50.5,20.9,0.0080,,
0.7920,99,51.6,20.9,0.0075,,
0.8005,100,52.4,20.9,0.0075,,
0.8090,101,53.4,20.9,0.0075,,
0.8175,102,54.1,20.9,0.0085,,
0.8250,103,55.3,20.9,0.0075,,
0.8335,104,56.3,20.9,0.0075,,
0.8415,105,57.0,20.9,0.0075,,
0.8500,106,58.1,20.9,0.0075,,
0.8585,107,59.3,20.9,0.0075,,
0.8670,108,60.1,20.9,0.0085,,
0.8745,109,61.1,20.9,0.0075,,
0.8830,110,62.0,20.9,0.0085,,
0.8915,111,63.2,20.9,0.0075,,
0.9000,112,64.4,20.9,0.0075,,
0.9080,113,65.2,20.9,0.0075,,
0.9160,114,66.4,20.9,0.0080,,
0.9240,115,67.3,20.9,0.0080,,
0.9325,116,68.5,20.9,0.0085,,
0.9410,117,69.8,20.9,0.0075,,
0.9495,118,70.8,20.9,0.0075,,
0.9580,119,71.9,20.9,0.0075,,
0.9660,120,72.8,20.9,0.0080,,
0.9740,121,74.0,20.9,0.0080,,
0.9820,122,75.4,20.9,0.0080,,
0.9905,123,76.3,20.9,0.0075,,
0.9990,124,77.6,20.9,0.0075,,
1.0075,125,78.9,20.9,0.0075,,
1.0150,126,80.0,20.9,0.0075,,
1.0235,127,81.3,20.9,0.0085,,
1.0320,128,82.4,20.9,0.0085,,
1.0405,129,83.9,20.9,0.0075,,
1.0485,130,85.5,20.9,0.0075,,
1.0570,131,86.8,20.9,0.0075,,
1.0645,132,88.3,20.9,0.0075,,
1.0730,133,89.5,20.9,0.0085,,
1.0815,134,91.1,20.9,0.0085,,
1.0900,135,92.8,20.9,0.0075,,
1.0985,136,94.4,20.9,0.0075,,
1.1065,137,96.0,20.9,0.0075,,
1.1150,138,97.9,20.9,0.0075,,
1.1225,139,99.5,20.9,0.0075,,
1.1310,140,101.6,20.9,0.0075,,
1.1395,141,103.7,20.9,0.0075,,
1.1480,142,105.4,20.9,0.0075,,
1.1565,143,107.7,20.9,0.0075,,
1.1645,144,110.0,20.9,0.0075,,
1.1725,145,112.1,20.9,0.0080,,
1.1805,146,114.5,20.9,0.0080,,
1.1890,147,117.0,20.9,0.0075,,
1.1975,148,119.9,20.9,0.0075,,
1.2060,149,123.0,20.9,0.0075,,
1.2145,150,126.0,20.9,0.0085,,
1.2220,151,129.2,20.9,0.0075,,
1.2305,152,132.4,20.9,0.0085,,
1.2385,153,136.2,20.9,0.0080,,
1.2470,154,140.1,20.9,0.0075,,
1.2555,155,143.8,20.9,0.0075,,
1.2640,156,147.6,20.9,0.0075,,
1.2715,157,151.0,20.9,0.0075,,
1.2800,158,154.5,20.9,0.0085,,
1.2885,159,158.0,20.9,0.0085,,
1.2970,160,161.1,20.9,0.0075,,
1.3050,161,164.2,20.9,0.0075,,
1.3135,162,167.1,20.9,0.0075,,
1.3210,163,169.2,20.9,0.0075,,
1.3295,164,171.8,20.9,0.0085,,
1.3380,165,173.8,20.9,0.0085,,
1.3465,166,175.8,20.9,0.0075,,
1.3550,167,177.8,20.9,0.0075,,
1.3635,168,179.6,20.9,0.0075,,
1.3710,169,181.1,20.9,0.0075,,
1.3790,170,182.5,20.9,0.0080,,
1.3875,171,184.1,20.9,0.0085,,
1.3940,172,185.1,20.9,0.0070,,
1.3940,412,187.0,21.0,0.0000,,
1.3945,413,187.1,21.0,0.0005,,
1.3960,414,187.2,21.0,0.0015,,
1.3985,415,187.2,21.0,0.0025,,
1.4025,416,187.6,21.0,0.0035,,
1.4090,417,188.5,21.0,0.0060,,
1.4175,418,189.4,21.0,0.0085,,
1.4250,419,190.5,21.0,0.0075,,
1.4330,420,191.5,21.0,0.0080,,
1.4415,421,192.6,21.0,0.0075,,
1.4500,422,193.8,21.0,0.0075,,
1.4585,423,194.6,21.0,0.0075,,
1.4670,424,195.7,21.0,0.0085,,
1.4745,425,196.5,21.0,0.0075,,
1.4830,426,197.4,21.0,0.0085,,
1.4915,427,198.5,21.0,0.0085,,
1.4995,428,199.2,21.0,0.0075,,
1.5080,429,199.9,21.0,0.0075,,
1.5165,430,200.9,21.0,0.0075,,
1.5240,431,201.3,21.0,0.0075,,
1.5325,432,202.3,21.0,0.0085,,
1.5410,433,203.0,21.0,0.0075,,
1.5495,434,203.4,21.0,0.0075,,
1.5575,435,204.2,21.0,0.0075,,
1.5660,436,205.0,21.0,0.0075,,
1.5735,437,205.7,21.0,0.0075,,
1.5820,438,206.3,21.0,0.0085,,
1.5905,439,206.7,21.0,0.0085,,
1.5990,440,207.5,21.0,0.0075,,
1.6075,441,208.2,21.0,0.0075,,
1.6155,442,208.6,21.0,0.0075,,
1.6235,443,209.3,21.0,0.0080,,
1.6315,444,209.6,21.0,0.0080,,
1.6400,445,210.2,21.0,0.0085,,
1.6485,446,210.9,21.0,0.0075,,
1.6570,447,211.2,21.0,0.0075,,
1.6655,448,211.7,21.0,0.0075,,
1.6730,449,212.0,21.0,0.0075,,
1.6815,450,212.6,21.0,0.0085,,
1.6900,451,213.3,21.0,0.0085,,
1.6980,452,213.6,21.0,0.0075,,
1.7065,453,213.9,21.0,0.0075,,
1.7150,454,214.6,21.0,0.0075,,
1.7235,455,214.9,21.0,0.0085,,
1.7310,456,215.5,21.0,0.0075,,
1.7395,457,215.7,21.0,0.0085,,
1.7480,458,216.3,21.0,0.0075,,
1.7560,459,217.0,21.0,0.0075,,
1.7645,460,217.3,21.0,0.0075,,
1.7720,461,217.7,21.0,0.0075,,
1.7805,462,217.8,21.0,0.0085,,
1.7890,463,218.2,21.0,0.0085,,
1.7975,464,218.9,21.0,0.0075,,
1.8060,465,219.2,21.0,0.0075,,
1.8145,466,219.5,21.0,0.0075,,
1.8220,467,219.8,21.0,0.0075,,
1.8305,468,220.3,21.0,0.0085,,
1.8385,469,220.8,21.0,0.0080,,
1.8470,470,220.9,21.0,0.0075,,
1.8555,471,221.2,21.0,0.0075,,
1.8640,472,221.8,21.0,0.0075,,
1.8715,473,222.0,21.0,0.0075,,
1.8800,474,222.4,21.0,0.0085,,
1.8885,475,222.5,21.0,0.0085,,
1.8970,476,222.8,21.0,0.0075,,
1.9050,477,223.3,21.0,0.0075,,
1.9135,478,223.6,21.0,0.0075,,
1.9210,479,224.1,21.0,0.0075,,
1.9295,480,224.1,21.0,0.0085,,
1.9380,481,224.4,21.0,0.0075,,
1.9465,482,225.0,21.0,0.0075,,
1.9550,483,225.2,21.0,0.0075,,
1.9630,484,225.3,21.0,0.0075,,
1.9710,485,225.6,21.0,0.0080,,
1.9790,486,225.9,21.0,0.0080,,
1.9875,487,226.4,21.0,0.0085,,
1.9960,488,226.6,21.0,0.0075,,
2.0045,489,226.7,21.0,0.0075,,
2.0130,490,227.2,21.0,0.0075,,
2.0205,491,227.3,21.0,0.0075,,
2.0290,492,227.8,21.0,0.0085,,
2.0375,493,227.9,21.0,0.0085,,
2.0455,494,228.0,21.0,0.0075,,
2.0540,495,228.4,21.0,0.0075,,
2.0625,496,228.7,21.0,0.0075,,
2.0700,497,229.0,21.0,0.0075,,
2.0785,498,229.1,21.0,0.0085,,
2.0870,499,229.3,21.0,0.0075,,
2.0955,500,229.8,21.0,0.0075,,
2.1035,501,230.0,21.0,0.0075,,
2.1120,502,230.1,21.0,0.0075,,
2.1195,503,230.2,21.0,0.0075,,
2.1280,504,230.5,21.0,0.0085,,
2.1365,505,231.0,21.0,0.0075,,
2.1450,506,231.1,21.0,0.0075,,
2.1535,507,231.2,21.0,0.0075,,
2.1620,508,231.7,21.0,0.0075,,
2.1695,509,231.7,21.0,0.0075,,
2.1780,510,232.2,21.0,0.0085,,
2.1860,511,232.3,21.0,0.0075,,
2.1945,512,232.4,21.0,0.0075,,
2.2030,513,232.8,21.0,0.0075,,
2.2115,514,233.1,21.0,0.0075,,
2.2190,515,233.3,21.0,0.0075,,
2.2275,516,233.3,21.0,0.0085,,
2.2360,517,233.4,21.0,0.0075,,
2.2440,518,233.8,21.0,0.0075,,
2.2520,519,234.1,21.0,0.0075,,
2.2545,520,234.0,21.0,0.0025,,
2.2550,521,234.1,21.0,0.0005,,
2.2560,522,234.1,21.0,0.0010,,
2.2570,523,234.2,21.0,0.0010,,
2.2595,524,234.4,21.0,0.0025,,
2.2620,525,234.2,21.0,0.0025,,
2.2655,526,234.4,21.0,0.0030,,
2.2695,527,234.4,21.0,0.0040,,
2.2730,528,234.7,21.0,0.0035,,
2.2755,529,234.7,21.0,0.0025,,
2.2765,530,234.4,21.0,0.0010,,
2.2770,531,234.6,21.0,0.0005,,
2.2785,532,234.6,21.0,0.0015,,
2.2795,533,234.8,21.0,0.0010,,
2.2805,534,234.7,21.0,0.0010,,
2.2815,535,234.5,21.0,0.0010,,
2.2830,536,234.7,21.0,0.0015,,
2.2835,537,235.0,21.0,0.0005,,
Scope 1/1, Sample 11/32 (T3)
Result,TitrationEP1
V,t,E,T,dV/dt,E acc. stat.,Volume acc. stat.
0.0000,0,-68.4,20.9,NaN,,
0.0005,1,-68.5,20.9,0.0005,,
0.0025,2,-68.3,20.9,0.0020,,
0.0050,3,-68.3,20.9,0.0025,,
0.0090,4,-68.4,20.9,0.0035,,
0.0150,5,-68.0,20.9,0.0055,,
0.0235,6,-67.4,20.9,0.0085,,
0.0310,7,-66.1,20.9,0.0075,,
0.0395,8,-65.0,20.9,0.0085,,
0.0480,9,-63.7,20.9,0.0085,,
0.0565,10,-62.0,20.9,0.0075,,
0.0650,11,-60.3,20.9,0.0075,,
0.0730,12,-58.7,20.9,0.0075,,
0.0810,13,-56.9,20.9,0.0080,,
0.0890,14,-55.2,20.9,0.0080,,
0.0975,15,-53.0,20.9,0.0085,,
0.1060,16,-50.7,20.9,0.0075,,
0.1145,17,-48.6,20.9,0.0075,,
0.1230,18,-46.2,20.9,0.0075,,
0.1305,19,-44.0,20.9,0.0075,,
0.1390,20,-41.2,20.9,0.0085,,
0.1470,21,-38.2,20.9,0.0080,,
0.1555,22,-35.4,20.9,0.0075,,
0.1640,23,-32.5,20.9,0.0075,,
0.1725,24,-29.2,20.9,0.0075,,
0.1800,25,-26.6,20.9,0.0075,,
0.1885,26,-23.5,20.9,0.0085,,
0.1970,27,-20.8,20.9,0.0085,,
0.2050,28,-18.4,20.9,0.0075,,
0.2135,29,-15.9,20.9,0.0075,,
0.2220,30,-13.7,20.9,0.0075,,
0.2305,31,-12.0,20.9,0.0085,,
0.2380,32,-10.3,20.9,0.0075,,
0.2465,33,-8.6,20.9,0.0085,,
0.2550,34,-6.9,20.9,0.0075,,
0.2635,35,-5.3,20.9,0.0075,,
0.2715,36,-3.9,20.9,0.0075,,
0.2800,37,-2.6,20.9,0.0085,,
0.2875,38,-1.6,20.9,0.0075,,
0.2960,39,-0.2,20.9,0.0085,,
0.3045,40,1.0,20.9,0.0075,,
0.3130,41,2.0,20.9,0.0075,,
0.3215,42,3.2,20.9,0.0075,,
0.3295,43,4.1,20.9,0.0080,,
0.3375,44,5.3,20.9,0.0080,,
0.3455,45,6.4,20.9,0.0080,,
0.3540,46,7.1,20.9,0.0085,,
0.3625,47,8.0,20.9,0.0075,,
0.3710,48,9.2,20.9,0.0075,,
0.3795,49,10.1,20.9,0.0075,,
0.3870,50,11.0,20.9,0.0075,,
0.3955,51,11.8,20.9,0.0085,,
0.4035,52,12.6,20.9,0.0080,,
0.4120,53,13.7,20.9,0.0075,,
0.4205,54,14.5,20.9,0.0075,,
0.4290,55,15.3,20.9,0.0075,,
0.4365,56,16.0,20.9,0.0075,,
0.4450,57,17.0,20.9,0.0085,,
0.4535,58,18.0,20.9,0.0075,,
0.4620,59,18.8,20.9,0.0075,,
0.4700,60,19.5,20.9,0.0075,,
0.4785,61,20.6,20.9,0.0075,,
0.4860,62,21.3,20.9,0.0075,,
0.4945,63,22.4,20.9,0.0085,,
0.5030,64,23.1,20.9,0.0085,,
0.5115,65,23.8,20.9,0.0075,,
0.5200,66,24.9,20.9,0.0075,,
0.5280,67,25.7,20.9,0.0075,,
0.5360,68,26.5,20.9,0.0080,,
0.5440,69,27.2,20.9,0.0080,,
0.5525,70,28.0,20.9,0.0085,,
0.5610,71,29.0,20.9,0.0075,,
0.5695,72,29.8,20.9,0.0075,,
0.5780,73,30.5,20.9,0.0075,,
0.5855,74,31.3,20.9,0.0075,,
0.5940,75,32.0,20.9,0.0085,,
0.6025,76,33.0,21.0,0.0085,,
0.6105,77,33.8,21.0,0.0075,,
0.6190,78,34.4,21.0,0.0075,,
0.6275,79,35.2,21.0,0.0075,,
0.6360,80,35.9,21.0,0.0085,,
0.6435,81,36.9,21.0,0.0075,,
0.6520,82,37.9,21.0,0.0085,,
0.6600,83,38.6,21.0,0.0075,,
0.6685,84,39.4,21.0,0.0075,,
0.6770,85,40.4,21.0,0.0075,,
0.6845,86,41.2,21.0,0.0075,,
0.6930,87,42.1,21.0,0.0085,,
0.7015,88,42.8,21.0,0.0085,,
0.7100,89,43.7,21.0,0.0075,,
0.7185,90,44.8,21.0,0.0075,,
0.7265,91,45.5,21.0,0.0075,,
0.7345,92,46.4,21.0,0.0080,,
0.7425,93,47.1,21.0,0.0080,,
0.7510,94,48.1,21.0,0.0085,,
0.7595,95,49.3,21.0,0.0075,,
0.7680,96,50.0,21.0,0.0075,,
0.7765,97,50.9,21.0,0.0075,,
0.7845,98,51.8,21.0,0.0080,,
0.7925,99,52.7,21.0,0.0080,,
0.8005,100,53.9,21.0,0.0080,,
0.8090,101,54.7,21.0,0.0075,,
0.8175,102,55.6,21.0,0.0075,,
0.8260,103,56.7,21.0,0.0075,,
0.8345,104,57.5,21.0,0.0085,,
0.8420,105,58.7,21.0,0.0075,,
0.8505,106,59.5,21.0,0.0085,,
0.8590,107,60.2,21.0,0.0075,,
0.8670,108,61.4,21.0,0.0075,,
0.8755,109,62.6,21.0,0.0075,,
0.8840,110,63.4,21.0,0.0085,,
0.8915,111,64.3,21.0,0.0075,,
0.9000,112,65.2,21.0,0.0085,,
0.9085,113,66.4,21.0,0.0075,,
0.9170,114,67.4,21.0,0.0075,,
0.9250,115,68.3,21.0,0.0075,,
0.9335,116,69.4,21.0,0.0085,,
0.9410,117,70.5,21.0,0.0075,,
0.9495,118,71.8,21.0,0.0085,,
0.9580,119,72.8,21.0,0.0075,,
0.9665,120,73.7,21.0,0.0075,,
0.9750,121,75.1,21.0,0.0075,,
0.9825,122,76.0,21.0,0.0075,,
0.9910,123,77.3,21.0,0.0085,,
0.9995,124,78.3,21.0,0.0085,,
1.0075,125,79.4,21.0,0.0075,,
1.0160,126,80.8,21.0,0.0075,,
1.0245,127,82.2,21.0,0.0075,,
1.0320,128,83.4,21.0,0.0075,,
1.0405,129,84.5,21.0,0.0085,,
1.0490,130,85.8,21.0,0.0085,,
1.0575,131,87.2,21.0,0.0075,,
1.0660,132,88.8,21.0,0.0075,,
1.0740,133,90.0,21.0,0.0075,,
1.0825,134,91.4,21.0,0.0085,,
1.0900,135,92.8,21.0,0.0075,,
1.0985,136,94.6,21.0,0.0085,,
1.1070,137,96.1,21.0,0.0075,,
1.1155,138,97.6,21.0,0.0075,,
1.1240,139,99.5,21.0,0.0075,,
1.1320,140,101.0,21.0,0.0080,,
1.1400,141,103.0,21.0,0.0080,,
1.1480,142,104.8,21.0,0.0080,,
1.1565,143,106.6,21.0,0.0075,,
1.1650,144,108.8,21.0,0.0075,,
1.1735,145,111.4,21.0,0.0075,,
1.1820,146,113.4,21.0,0.0085,,
1.1895,147,116.0,21.0,0.0075,,
1.1980,148,118.5,21.0,0.0085,,
1.2060,149,121.1,21.0,0.0080,,
1.2145,150,124.3,21.0,0.0075,,
1.2230,151,127.3,21.0,0.0075,,
1.2315,152,130.5,21.0,0.0075,,
1.2390,153,133.4,21.0,0.0075,,
1.2475,154,137.1,21.0,0.0085,,
1.2560,155,140.8,21.0,0.0085,,
1.2640,156,144.2,21.0,0.0075,,
1.2725,157,147.6,21.0,0.0075,,
1.2810,158,151.5,21.0,0.0075,,
1.2885,159,154.7,21.0,0.0075,,
1.2970,160,158.2,21.0,0.0085,,
1.3055,161,161.0,21.0,0.0085,,
1.3140,162,163.8,21.0,0.0075,,
1.3225,163,166.7,21.0,0.0075,,
1.3305,164,169.3,21.0,0.0075,,
1.3380,165,171.5,21.0,0.0075,,
1.3465,166,173.7,21.0,0.0085,,
1.3550,167,175.6,21.0,0.0085,,
1.3635,168,177.6,21.0,0.0075,,
1.3720,169,179.5,21.0,0.0075,,
1.3805,170,181.0,21.0,0.0075,,
1.3880,171,182.6,21.0,0.0075,,
1.3965,172,183.8,21.0,0.0085,,
1.4035,173,185.0,21.0,0.0080,,
1.4035,413,186.5,21.1,0.0000,,
1.4040,414,186.4,21.1,0.0005,,
1.4055,415,186.3,21.1,0.0015,,
1.4080,416,186.8,21.1,0.0025,,
1.4120,417,187.3,21.1,0.0035,,
1.4185,418,187.9,21.0,0.0060,,
1.4265,419,189.1,21.1,0.0075,,
1.4345,420,190.2,21.1,0.0080,,
1.4425,421,191.6,21.0,0.0080,,
1.4510,422,192.5,21.1,0.0075,,
1.4595,423,193.5,21.1,0.0075,,
1.4680,424,194.6,21.1,0.0075,,
1.4765,425,195.6,21.1,0.0075,,
1.4840,426,196.4,21.1,0.0075,,
1.4925,427,197.2,21.1,0.0085,,
1.5005,428,197.9,21.1,0.0080,,
1.5090,429,198.9,21.1,0.0075,,
1.5175,430,199.9,21.1,0.0075,,
1.5260,431,200.5,21.1,0.0075,,
1.5335,432,201.3,21.1,0.0075,,
1.5420,433,201.9,21.1,0.0085,,
1.5505,434,202.8,21.1,0.0085,,
1.5585,435,203.6,21.1,0.0075,,
1.5670,436,204.1,21.1,0.0075,,
1.5755,437,204.7,21.1,0.0075,,
1.5830,438,205.3,21.1,0.0075,,
1.5915,439,206.1,21.1,0.0085,,
1.6000,440,206.8,21.1,0.0085,,
1.6085,441,207.2,21.1,0.0075,,
1.6170,442,207.8,21.1,0.0075,,
1.6250,443,208.5,21.1,0.0075,,
1.6330,444,209.1,21.1,0.0080,,
1.6410,445,209.8,21.1,0.0080,,
1.6495,446,210.1,21.1,0.0085,,
1.6580,447,210.6,21.1,0.0075,,
1.6665,448,211.3,21.1,0.0075,,
1.6750,449,211.7,21.1,0.0075,,
1.6825,450,212.3,21.1,0.0075,,
1.6910,451,212.7,21.1,0.0085,,
1.6990,452,213.1,21.1,0.0080,,
1.7075,453,213.6,21.1,0.0075,,
1.7160,454,214.2,21.1,0.0075,,
1.7245,455,214.4,21.1,0.0075,,
1.7320,456,214.9,21.1,0.0075,,
1.7405,457,215.2,21.1,0.0085,,
1.7490,458,215.8,21.1,0.0085,,
1.7570,459,216.2,21.1,0.0075,,
1.7655,460,216.5,21.1,0.0075,,
1.7740,461,217.0,21.1,0.0075,,
1.7825,462,217.3,21.1,0.0085,,
1.7900,463,218.0,21.1,0.0075,,
1.7985,464,218.4,21.1,0.0075,,
1.8070,465,218.5,21.1,0.0075,,
1.8155,466,219.0,21.1,0.0075,,
1.8235,467,219.5,21.1,0.0075,,
1.8320,468,219.9,21.1,0.0085,,
1.8395,469,220.3,21.1,0.0075,,
1.8480,470,220.4,21.1,0.0085,,
1.8565,471,220.8,21.1,0.0075,,
1.8650,472,221.3,21.1,0.0075,,
1.8735,473,221.6,21.1,0.0075,,
1.8815,474,221.8,21.1,0.0075,,
1.8895,475,222.0,21.1,0.0080,,
1.8975,476,222.5,21.1,0.0080,,
1.9060,477,222.9,21.1,0.0075,,
1.9145,478,223.1,21.1,0.0075,,
1.9230,479,223.3,21.1,0.0075,,
1.9315,480,223.8,21.1,0.0075,,
1.9390,481,224.0,21.1,0.0075,,
1.9475,482,224.4,21.1,0.0085,,
1.9555,483,224.6,21.1,0.0075,,
1.9640,484,224.9,21.1,0.0075,,
1.9725,485,225.4,21.1,0.0075,,
1.9810,486,225.5,21.1,0.0085,,
1.9885,487,225.9,21.1,0.0075,,
1.9970,488,226.1,21.1,0.0085,,
2.0055,489,226.4,21.1,0.0075,,
2.0140,490,226.9,21.1,0.0075,,
2.0220,491,227.1,21.1,0.0075,,
2.0305,492,227.5,21.1,0.0085,,
2.0380,493,227.5,21.1,0.0075,,
2.0465,494,227.8,21.1,0.0085,,
2.0550,495,228.2,21.1,0.0075,,
2.0635,496,228.4,21.1,0.0075,,
2.0720,497,228.5,21.1,0.0075,,
2.0800,498,229.0,21.1,0.0075,,
2.0880,499,229.0,21.1,0.0080,,
2.0960,500,229.4,21.1,0.0080,,
2.1045,501,229.7,21.1,0.0075,,
2.1130,502,229.7,21.1,0.0075,,
2.1215,503,230.1,21.1,0.0075,,
2.1300,504,230.4,21.1,0.0075,,
2.1375,505,230.5,21.1,0.0075,,
2.1460,506,230.8,21.1,0.0085,,
2.1540,507,230.9,21.1,0.0080,,
2.1625,508,231.2,21.1,0.0075,,
2.1710,509,231.6,21.1,0.0075,,
2.1795,510,231.6,21.1,0.0075,,
2.1870,511,231.9,21.1,0.0075,,
2.1955,512,231.9,21.1,0.0085,,
2.2040,513,232.3,21.1,0.0085,,
2.2125,514,232.6,21.1,0.0075,,
2.2205,515,232.6,21.1,0.0075,,
2.2290,516,232.9,21.1,0.0075,,
2.2365,517,233.0,21.1,0.0075,,
2.2450,518,233.4,21.1,0.0085,,
2.2535,519,233.7,21.1,0.0085,,
2.2615,520,233.7,21.1,0.0075,,
2.2695,521,233.9,21.1,0.0075,,
2.2750,522,234.2,21.1,0.0050,,
2.2755,523,234.2,21.1,0.0005,,
2.2765,524,234.3,21.1,0.0010,,
2.2770,525,234.2,21.1,0.0005,,
2.2790,526,234.2,21.1,0.0020,,
2.2815,527,234.4,21.1,0.0025,,
2.2840,528,234.5,21.1,0.0025,,
2.2860,529,234.6,21.1,0.0020,,
2.2880,530,234.4,21.1,0.0020,,
2.2900,531,234.5,21.1,0.0020,,
2.2925,532,234.9,21.1,0.0025,,
2.2960,533,234.8,21.1,0.0030,,
2.2990,534,234.8,21.1,0.0025,,
2.2990,534,235.0,21.1,0.0000,,
Scope 1/1, Sample 12/32 (T4)
Result,TitrationEP1
V,t,E,T,dV/dt,E acc. stat.,Volume acc. stat.
0.0000,0,-68.7,20.9,NaN,,
0.0010,1,-68.8,20.9,0.0010,,
0.0025,2,-68.8,20.9,0.0015,,
0.0050,3,-68.6,20.9,0.0025,,
0.0090,4,-68.5,20.9,0.0035,,
0.0150,5,-68.1,20.9,0.0055,,
0.0235,6,-67.6,21.0,0.0075,,
0.0320,7,-66.5,21.0,0.0075,,
0.0405,8,-65.1,21.0,0.0075,,
0.0490,9,-63.8,20.9,0.0075,,
0.0565,10,-62.3,21.0,0.0070,,
0.0645,11,-60.8,20.9,0.0075,,
0.0730,12,-59.2,21.0,0.0075,,
0.0815,13,-57.1,20.9,0.0075,,
0.0900,14,-55.0,21.0,0.0075,,
0.0985,15,-53.2,20.9,0.0075,,
0.1070,16,-51.1,21.0,0.0075,,
0.1145,17,-49.0,21.0,0.0070,,
0.1225,18,-46.5,21.0,0.0075,,
0.1310,19,-43.9,21.0,0.0075,,
0.1395,20,-41.3,21.0,0.0075,,
0.1480,21,-38.5,21.0,0.0075,,
0.1565,22,-35.5,21.0,0.0070,,
0.1640,23,-32.9,21.0,0.0070,,
0.1725,24,-29.7,21.0,0.0075,,
0.1810,25,-26.8,21.0,0.0075,,
0.1890,26,-23.9,21.0,0.0075,,
0.1975,27,-21.0,21.0,0.0075,,
0.2060,28,-18.6,21.0,0.0070,,
0.2135,29,-16.4,21.0,0.0070,,
0.2220,30,-14.4,21.0,0.0075,,
0.2305,31,-12.3,21.0,0.0075,,
0.2390,32,-10.4,21.0,0.0075,,
0.2470,33,-9.0,21.0,0.0075,,
0.2555,34,-7.5,21.0,0.0075,,
0.2630,35,-6.1,21.0,0.0070,,
0.2715,36,-4.5,21.0,0.0075,,
0.2800,37,-3.1,21.0,0.0075,,
0.2885,38,-2.0,21.0,0.0075,,
0.2970,39,-0.8,21.0,0.0075,,
0.3055,40,0.2,21.0,0.0075,,
0.3130,41,1.4,21.0,0.0070,,
0.3215,42,2.6,21.0,0.0075,,
0.3295,43,3.5,21.0,0.0075,,
0.3380,44,4.7,21.0,0.0075,,
0.3465,45,6.0,21.0,0.0075,,
0.3550,46,6.7,21.0,0.0075,,
0.3625,47,7.8,21.0,0.0070,,
0.3710,48,8.5,21.0,0.0075,,
0.3795,49,9.5,21.0,0.0075,,
0.3875,50,10.5,21.0,0.0075,,
0.3960,51,11.4,21.0,0.0075,,
0.4045,52,12.2,21.0,0.0070,,
0.4120,53,13.0,21.0,0.0070,,
0.4205,54,13.9,21.0,0.0075,,
0.4290,55,15.0,21.0,0.0075,,
0.4375,56,15.8,21.0,0.0075,,
0.4455,57,16.4,21.0,0.0075,,
0.4540,58,17.4,21.0,0.0075,,
0.4615,59,18.2,21.0,0.0070,,
0.4700,60,19.2,21.0,0.0075,,
0.4785,61,20.0,21.0,0.0075,,
0.4870,62,20.7,21.0,0.0075,,
0.4955,63,21.7,21.0,0.0075,,
0.5040,64,22.7,21.0,0.0075,,
0.5115,65,23.5,21.0,0.0070,,
0.5195,66,24.3,21.0,0.0075,,
0.5280,67,25.0,21.0,0.0075,,
0.5365,68,25.9,21.0,0.0075,,
0.5450,69,26.9,21.0,0.0075,,
0.5535,70,27.5,21.0,0.0075,,
0.5610,71,28.3,21.0,0.0070,,
0.5695,72,29.0,21.0,0.0075,,
0.5780,73,29.9,21.0,0.0075,,
0.5860,74,30.8,21.0,0.0075,,
0.5945,75,31.5,21.0,0.0075,,
0.6030,76,32.3,21.0,0.0075,,
0.6105,77,33.0,21.0,0.0070,,
0.6190,78,34.0,21.0,0.0075,,
0.6275,79,35.0,21.0,0.0075,,
0.6360,80,35.6,21.0,0.0075,,
0.6440,81,36.5,21.0,0.0075,,
0.6525,82,37.6,21.0,0.0075,,
0.6610,83,38.2,21.0,0.0075,,
0.6685,84,39.1,21.0,0.0070,,
0.6770,85,39.8,21.0,0.0075,,
0.6855,86,40.7,21.0,0.0075,,
0.6940,87,41.7,21.0,0.0075,,
0.7025,88,42.6,21.0,0.0075,,
0.7105,89,43.6,21.0,0.0075,,
0.7185,90,44.3,21.0,0.0075,,
0.7265,91,45.1,21.0,0.0075,,
0.7350,92,46.1,21.0,0.0075,,
0.7435,93,46.9,21.0,0.0075,,
0.7520,94,47.7,21.0,0.0075,,
0.7595,95,48.5,21.0,0.0070,,
0.7680,96,49.6,21.0,0.0075,,
0.7765,97,50.6,21.0,0.0075,,
0.7850,98,51.4,21.0,0.0075,,
0.7930,99,52.3,21.0,0.0075,,
0.8015,100,53.4,21.0,0.0075,,
0.8100,101,54.2,21.0,0.0075,,
0.8175,102,55.2,21.0,0.0070,,
0.8260,103,56.1,21.0,0.0075,,
0.8345,104,57.0,21.0,0.0075,,
0.8430,105,58.2,21.0,0.0075,,
0.8510,106,59.1,21.0,0.0075,,
0.8590,107,60.0,21.0,0.0075,,
0.8670,108,60.8,21.0,0.0075,,
0.8755,109,61.8,21.0,0.0075,,
0.8840,110,63.0,21.0,0.0075,,
0.8925,111,64.1,21.0,0.0075,,
0.9010,112,64.8,21.0,0.0075,,
0.9085,113,65.8,21.0,0.0070,,
0.9170,114,66.8,21.0,0.0075,,
0.9250,115,68.1,21.0,0.0075,,
0.9335,116,69.1,21.0,0.0075,,
0.9420,117,70.0,21.0,0.0075,,
0.9505,118,71.2,21.0,0.0075,,
0.9590,119,72.1,21.0,0.0075,,
0.9665,120,73.5,21.0,0.0070,,
0.9750,121,74.7,21.0,0.0075,,
0.9835,122,75.8,21.0,0.0075,,
0.9915,123,77.1,21.0,0.0075,,
1.0000,124,78.3,21.0,0.0075,,
1.0075,125,79.4,21.0,0.0070,,
1.0160,126,80.6,21.0,0.0075,,
1.0245,127,81.7,21.0,0.0075,,
1.0330,128,83.1,21.0,0.0075,,
1.0415,129,84.4,21.0,0.0075,,
1.0500,130,85.4,21.0,0.0075,,
1.0575,131,86.9,21.0,0.0070,,
1.0655,132,88.2,21.0,0.0075,,
1.0740,133,89.8,21.0,0.0075,,
1.0825,134,91.5,21.0,0.0075,,
1.0910,135,92.9,21.0,0.0075,,
1.0995,136,94.5,21.0,0.0075,,
1.1080,137,96.0,21.0,0.0075,,
1.1155,138,97.7,21.0,0.0070,,
1.1240,139,99.6,21.0,0.0075,,
1.1320,140,101.2,21.0,0.0075,,
1.1405,141,103.2,21.0,0.0075,,
1.1490,142,105.3,21.0,0.0075,,
1.1575,143,107.4,21.0,0.0070,,
1.1650,144,109.2,21.0,0.0070,,
1.1735,145,111.4,21.0,0.0075,,
1.1820,146,113.8,21.0,0.0075,,
1.1900,147,116.4,21.0,0.0075,,
1.1985,148,119.0,21.0,0.0075,,
1.2070,149,121.7,21.0,0.0075,,
1.2145,150,124.6,21.0,0.0070,,
1.2230,151,127.7,21.0,0.0075,,
1.2315,152,130.9,21.0,0.0075,,
1.2400,153,134.5,21.0,0.0075,,
1.2480,154,138.2,21.0,0.0075,,
1.2565,155,141.5,21.0,0.0075,,
1.2640,156,145.0,21.0,0.0070,,
1.2725,157,148.7,21.0,0.0075,,
1.2810,158,152.4,21.0,0.0075,,
1.2895,159,155.7,21.0,0.0075,,
1.2980,160,159.1,21.0,0.0075,,
1.3065,161,162.2,21.0,0.0070,,
1.3140,162,165.0,21.0,0.0070,,
1.3225,163,167.5,21.0,0.0075,,
1.3305,164,169.9,21.0,0.0075,,
1.3390,165,172.3,21.0,0.0075,,
1.3475,166,174.6,21.0,0.0075,,
1.3560,167,176.5,21.0,0.0070,,
1.3635,168,178.3,21.0,0.0070,,
1.3720,169,179.9,21.0,0.0075,,
1.3805,170,181.7,21.0,0.0075,,
1.3885,171,183.3,21.0,0.0075,,
1.3970,172,184.7,21.0,0.0075,,
1.4025,173,185.2,21.0,0.0060,,
1.4025,413,187.0,21.1,0.0000,,
1.4030,414,186.9,21.1,0.0005,,
1.4045,415,186.9,21.1,0.0015,,
1.4070,416,187.4,21.1,0.0025,,
1.4110,417,187.8,21.1,0.0040,,
1.4175,418,188.4,21.1,0.0065,,
1.4255,419,189.6,21.1,0.0080,,
1.4335,420,190.6,21.1,0.0090,,
1.4415,421,191.9,21.1,0.0090,,
1.4500,422,192.9,21.1,0.0095,,
1.4585,423,193.8,21.1,0.0085,,
1.4670,424,195.0,21.1,0.0085,,
1.4755,425,196.1,21.1,0.0085,,
1.4830,426,196.8,21.1,0.0085,,
1.4915,427,197.6,21.1,0.0095,,
1.5000,428,198.3,21.1,0.0095,,
1.5080,429,199.3,21.1,0.0080,,
1.5165,430,200.3,21.1,0.0085,,
1.5250,431,200.8,21.1,0.0085,,
1.5325,432,201.6,21.1,0.0085,,
1.5410,433,202.2,21.1,0.0095,,
1.5495,434,203.1,21.1,0.0095,,
1.5580,435,203.9,21.1,0.0085,,
1.5660,436,204.3,21.1,0.0080,,
1.5745,437,204.9,21.1,0.0085,,
1.5820,438,205.5,21.1,0.0085,,
1.5905,439,206.3,21.1,0.0095,,
1.5990,440,207.0,21.1,0.0095,,
1.6075,441,207.3,21.1,0.0085,,
1.6160,442,208.1,21.1,0.0085,,
1.6245,443,209.0,21.1,0.0085,,
1.6320,444,209.4,21.1,0.0085,,
1.6405,445,209.9,21.1,0.0095,,
1.6485,446,210.3,21.1,0.0080,,
1.6570,447,210.9,21.1,0.0085,,
1.6655,448,211.5,21.1,0.0085,,
1.6740,449,212.0,21.1,0.0095,,
1.6815,450,212.3,21.1,0.0085,,
1.6900,451,212.8,21.1,0.0095,,
1.6985,452,213.5,21.1,0.0095,,
1.7070,453,214.0,21.1,0.0085,,
1.7150,454,214.3,21.1,0.0080,,
1.7235,455,214.8,21.1,0.0085,,
1.7310,456,215.2,21.1,0.0085,,
1.7395,457,215.7,21.1,0.0095,,
1.7480,458,216.1,21.1,0.0085,,
1.7565,459,216.4,21.1,0.0085,,
1.7650,460,216.9,21.1,0.0085,,
1.7730,461,217.5,21.1,0.0080,,
1.7810,462,217.8,21.1,0.0090,,
1.7890,463,218.2,21.1,0.0090,,
1.7975,464,218.4,21.1,0.0095,,
1.8060,465,218.8,21.1,0.0085,,
1.8145,466,219.4,21.1,0.0085,,
1.8230,467,219.5,21.1,0.0085,,
1.8305,468,220.0,21.1,0.0085,,
1.8390,469,220.2,21.1,0.0095,,
1.8475,470,220.6,21.1,0.0085,,
1.8555,471,221.1,21.1,0.0080,,
1.8640,472,221.3,21.1,0.0085,,
1.8725,473,221.5,21.1,0.0085,,
1.8800,474,221.8,21.1,0.0085,,
1.8885,475,222.3,21.1,0.0095,,
1.8970,476,222.7,21.1,0.0085,,
1.9055,477,222.9,21.1,0.0085,,
1.9135,478,223.2,21.1,0.0080,,
1.9220,479,223.7,21.1,0.0085,,
1.9295,480,223.9,21.1,0.0085,,
1.9380,481,224.3,21.1,0.0095,,
1.9465,482,224.4,21.1,0.0085,,
1.9550,483,224.8,21.1,0.0085,,
1.9635,484,225.3,21.1,0.0085,,
1.9720,485,225.5,21.1,0.0085,,
1.9795,486,225.8,21.1,0.0085,,
1.9880,487,225.9,21.1,0.0095,,
1.9960,488,226.2,21.1,0.0090,,
2.0045,489,226.7,21.1,0.0085,,
2.0130,490,226.9,21.1,0.0085,,
2.0215,491,226.9,21.1,0.0085,,
2.0290,492,227.3,21.1,0.0085,,
2.0375,493,227.6,21.1,0.0095,,
2.0460,494,228.1,21.1,0.0085,,
2.0540,495,228.3,21.1,0.0080,,
2.0625,496,228.4,21.1,0.0085,,
2.0710,497,228.8,21.1,0.0085,,
2.0785,498,228.9,21.1,0.0085,,
2.0870,499,229.4,21.1,0.0095,,
2.0955,500,229.5,21.1,0.0085,,
2.1040,501,229.7,21.1,0.0085,,
2.1125,502,230.2,21.1,0.0085,,
2.1205,503,230.2,21.1,0.0090,,
2.1285,504,230.6,21.1,0.0090,,
2.1365,505,230.6,21.1,0.0090,,
2.1450,506,230.7,21.1,0.0085,,
2.1535,507,231.2,21.1,0.0085,,
2.1620,508,231.4,21.1,0.0085,,
2.1705,509,231.6,21.1,0.0095,,
2.1780,510,231.8,21.1,0.0085,,
2.1865,511,232.0,21.1,0.0095,,
2.1950,512,232.4,21.1,0.0085,,
2.2030,513,232.6,21.1,0.0080,,
2.2115,514,232.7,21.1,0.0085,,
2.2200,515,232.8,21.1,0.0095,,
2.2275,516,233.1,21.1,0.0085,,
2.2360,517,233.4,21.1,0.0095,,
2.2445,518,233.5,21.1,0.0085,,
2.2525,519,233.6,21.1,0.0080,,
2.2610,520,234.1,21.1,0.0085,,
2.2680,521,234.1,21.1,0.0080,,
2.2720,522,234.4,21.1,0.0045,,
2.2725,523,234.3,21.1,0.0005,,
2.2735,524,234.2,21.1,0.0010,,
2.2740,525,234.4,21.1,0.0005,,
2.2755,526,234.5,21.1,0.0015,,
2.2765,527,234.7,21.1,0.0010,,
2.2770,528,234.6,21.1,0.0005,,
2.2780,529,234.4,21.1,0.0010,,
2.2800,530,234.7,21.1,0.0020,,
2.2810,531,234.8,21.1,0.0010,,
2.2820,532,234.6,21.1,0.0010,,
2.2830,533,234.7,21.1,0.0010,,
2.2845,534,234.7,21.1,0.0015,,
2.2855,535,234.9,21.1,0.0010,,
2.2860,536,234.8,21.1,0.0005,,
2.2870,537,234.7,21.1,0.0010,,
2.2880,538,234.8,21.1,0.0010,,
2.2885,539,234.6,21.1,0.0005,,
2.2890,540,234.8,21.1,0.0005,,
2.2895,540,235.0,21.1,0.0015,,
Scope 1/1, Sample 13/32 (T5)
Result,TitrationEP1
V,t,E,T,dV/dt,E acc. stat.,Volume acc. stat.
0.0000,0,-68.2,21.0,NaN,,
0.0010,1,-68.3,21.0,0.0010,,
0.0025,2,-68.4,21.0,0.0015,,
0.0050,3,-68.4,21.0,0.0025,,
0.0090,4,-68.2,21.0,0.0035,,
0.0150,5,-67.7,21.0,0.0055,,
0.0235,6,-67.1,21.0,0.0075,,
0.0320,7,-66.1,21.0,0.0075,,
0.0405,8,-64.7,21.0,0.0075,,
0.0490,9,-63.4,21.0,0.0085,,
0.0565,10,-61.7,21.0,0.0070,,
0.0650,11,-60.2,21.0,0.0075,,
0.0730,12,-58.6,21.0,0.0075,,
0.0815,13,-56.7,21.0,0.0075,,
0.0900,14,-54.6,21.0,0.0075,,
0.0975,15,-52.6,21.0,0.0070,,
0.1060,16,-50.5,21.0,0.0075,,
0.1145,17,-48.2,21.0,0.0075,,
0.1230,18,-45.6,21.0,0.0075,,
0.1315,19,-42.9,21.0,0.0075,,
0.1395,20,-40.3,21.0,0.0075,,
0.1475,21,-37.7,21.0,0.0075,,
0.1555,22,-34.7,21.0,0.0075,,
0.1640,23,-31.4,21.0,0.0075,,
0.1725,24,-28.3,21.0,0.0075,,
0.1810,25,-25.4,21.0,0.0075,,
0.1895,26,-22.4,21.0,0.0075,,
0.1975,27,-20.2,21.0,0.0080,,
0.2055,28,-17.5,21.0,0.0075,,
0.2135,29,-15.4,21.0,0.0075,,
0.2220,30,-13.5,21.0,0.0075,,
0.2305,31,-11.6,21.0,0.0075,,
0.2390,32,-9.8,21.0,0.0075,,
0.2465,33,-8.3,21.0,0.0070,,
0.2550,34,-6.8,21.0,0.0075,,
0.2635,35,-5.5,21.0,0.0075,,
0.2720,36,-3.9,21.0,0.0075,,
0.2800,37,-2.6,21.0,0.0075,,
0.2885,38,-1.6,21.0,0.0075,,
0.2960,39,-0.4,21.0,0.0070,,
0.3045,40,0.7,21.0,0.0075,,
0.3130,41,1.9,21.0,0.0075,,
0.3215,42,3.0,21.0,0.0075,,
0.3300,43,4.0,21.0,0.0075,,
0.3385,44,5.2,21.0,0.0075,,
0.3460,45,6.0,21.0,0.0070,,
0.3545,46,7.2,21.0,0.0075,,
0.3625,47,8.0,21.0,0.0075,,
0.3710,48,8.9,21.0,0.0075,,
0.3795,49,10.0,21.0,0.0075,,
0.3880,50,11.1,21.0,0.0075,,
0.3955,51,12.0,21.0,0.0070,,
0.4040,52,12.8,21.0,0.0075,,
0.4125,53,13.6,21.0,0.0075,,
0.4205,54,14.6,21.0,0.0075,,
0.4290,55,15.6,21.0,0.0075,,
0.4375,56,16.3,21.0,0.0075,,
0.4450,57,17.1,21.0,0.0070,,
0.4535,58,17.9,21.0,0.0075,,
0.4620,59,18.7,21.0,0.0075,,
0.4705,60,19.8,21.0,0.0075,,
0.4785,61,20.5,21.0,0.0075,,
0.4870,62,21.3,21.0,0.0075,,
0.4945,63,22.1,21.0,0.0070,,
0.5030,64,23.1,21.0,0.0075,,
0.5115,65,24.0,21.0,0.0075,,
0.5200,66,24.7,21.0,0.0075,,
0.5285,67,25.5,21.0,0.0075,,
0.5370,68,26.5,21.0,0.0075,,
0.5450,69,27.2,21.0,0.0080,,
0.5530,70,28.2,21.0,0.0075,,
0.5610,71,28.9,21.0,0.0075,,
0.5695,72,29.7,21.0,0.0075,,
0.5780,73,30.7,21.0,0.0075,,
0.5865,74,31.5,21.0,0.0075,,
0.5940,75,32.3,21.0,0.0075,,
0.6025,76,33.0,21.0,0.0075,,
0.6110,77,33.9,21.0,0.0075,,
0.6190,78,34.9,21.0,0.0075,,
0.6275,79,35.6,21.0,0.0075,,
0.6360,80,36.4,21.0,0.0075,,
0.6435,81,37.1,21.0,0.0070,,
0.6520,82,38.0,21.0,0.0075,,
0.6605,83,39.0,21.0,0.0075,,
0.6690,84,39.7,21.0,0.0075,,
0.6775,85,40.5,21.0,0.0075,,
0.6855,86,41.6,21.0,0.0075,,
0.6935,87,42.3,21.0,0.0075,,
0.7015,88,43.2,21.0,0.0075,,
0.7100,89,43.9,21.0,0.0075,,
0.7185,90,44.8,21.0,0.0075,,
0.7270,91,45.9,21.0,0.0075,,
0.7355,92,46.7,21.0,0.0075,,
0.7430,93,47.8,21.0,0.0070,,
0.7515,94,48.5,21.0,0.0075,,
0.7600,95,49.4,21.0,0.0075,,
0.7680,96,50.5,21.0,0.0075,,
0.7765,97,51.3,21.0,0.0075,,
0.7850,98,52.0,21.0,0.0075,,
0.7925,99,53.0,21.0,0.0070,,
0.8010,100,54.0,21.0,0.0075,,
0.8095,101,55.2,21.0,0.0075,,
0.8180,102,56.1,21.0,0.0075,,
0.8260,103,57.0,21.0,0.0075,,
0.8345,104,58.1,21.0,0.0075,,
0.8420,105,59.0,21.0,0.0070,,
0.8505,106,60.2,21.0,0.0075,,
0.8590,107,61.0,21.0,0.0075,,
0.8675,108,61.9,21.0,0.0075,,
0.8760,109,63.1,21.0,0.0075,,
0.8845,110,64.1,21.0,0.0075,,
0.8920,111,65.1,21.0,0.0070,,
0.9005,112,66.1,21.0,0.0075,,
0.9085,113,67.0,21.0,0.0075,,
0.9170,114,68.3,21.0,0.0075,,
0.9255,115,69.5,21.0,0.0075,,
0.9340,116,70.5,21.0,0.0075,,
0.9415,117,71.5,21.0,0.0070,,
0.9500,118,72.5,21.0,0.0075,,
0.9585,119,73.7,21.0,0.0075,,
0.9665,120,74.9,21.0,0.0075,,
0.9750,121,75.9,21.0,0.0075,,
0.9835,122,77.1,21.0,0.0075,,
0.9910,123,78.1,21.0,0.0070,,
0.9995,124,79.5,21.0,0.0075,,
1.0080,125,80.7,21.0,0.0075,,
1.0165,126,81.8,21.0,0.0075,,
1.0250,127,83.2,21.0,0.0075,,
1.0330,128,84.6,21.0,0.0075,,
1.0415,129,85.7,21.0,0.0085,,
1.0490,130,87.1,21.0,0.0070,,
1.0575,131,88.3,21.0,0.0075,,
1.0660,132,89.9,21.0,0.0075,,
1.0745,133,91.6,21.0,0.0075,,
1.0830,134,92.9,21.0,0.0075,,
1.0905,135,94.5,21.0,0.0075,,
1.0990,136,96.0,21.0,0.0075,,
1.1070,137,97.7,21.0,0.0075,,
1.1155,138,99.6,21.0,0.0075,,
1.1240,139,101.4,21.0,0.0075,,
1.1325,140,103.3,21.0,0.0075,,
1.1410,141,105.2,21.0,0.0085,,
1.1485,142,107.5,21.0,0.0070,,
1.1570,143,109.7,21.0,0.0075,,
1.1650,144,112.0,21.0,0.0075,,
1.1735,145,114.5,21.0,0.0075,,
1.1820,146,117.2,21.0,0.0075,,
1.1905,147,119.9,21.0,0.0075,,
1.1980,148,122.4,21.0,0.0070,,
1.2065,149,125.5,21.0,0.0075,,
1.2150,150,128.6,21.0,0.0075,,
1.2230,151,132.1,21.0,0.0075,,
1.2315,152,135.6,21.0,0.0075,,
1.2400,153,138.8,21.0,0.0075,,
1.2475,154,142.4,21.0,0.0070,,
1.2560,155,146.1,21.0,0.0075,,
1.2645,156,149.9,21.0,0.0075,,
1.2730,157,153.4,21.0,0.0075,,
1.2815,158,156.7,21.0,0.0075,,
1.2895,159,159.5,21.0,0.0075,,
1.2975,160,162.5,21.0,0.0075,,
1.3055,161,165.6,21.0,0.0075,,
1.3140,162,168.5,21.0,0.0075,,
1.3225,163,170.6,21.0,0.0075,,
1.3310,164,173.0,21.0,0.0075,,
1.3395,165,174.7,21.0,0.0085,,
1.3470,166,177.1,21.0,0.0070,,
1.3555,167,178.8,21.0,0.0075,,
1.3640,168,180.3,21.0,0.0075,,
1.3720,169,182.0,21.0,0.0075,,
1.3805,170,183.8,21.0,0.0075,,
1.3900,171,185.1,21.0,0.0075,,
1.3900,411,186.6,21.1,0.0000,,
1.3905,412,186.8,21.1,0.0005,,
1.3920,413,186.7,21.1,0.0010,,
1.3945,414,186.7,21.1,0.0020,,
1.3985,415,187.4,21.1,0.0030,,
1.4050,416,188.2,21.1,0.0045,,
1.4135,417,189.2,21.1,0.0065,,
1.4210,418,190.3,21.1,0.0060,,
1.4290,419,191.3,21.1,0.0060,,
1.4375,420,192.7,21.1,0.0060,,
1.4460,421,193.7,21.1,0.0060,,
1.4545,422,194.5,21.1,0.0060,,
1.4630,423,195.5,21.1,0.0065,,
1.4705,424,196.4,21.1,0.0060,,
1.4790,425,197.4,21.1,0.0065,,
1.4875,426,198.3,21.1,0.0060,,
1.4955,427,199.0,21.1,0.0055,,
1.5040,428,199.8,21.1,0.0060,,
1.5125,429,200.8,21.1,0.0060,,
1.5200,430,201.5,21.1,0.0060,,
1.5285,431,202.4,21.1,0.0065,,
1.5370,432,202.9,21.1,0.0065,,
1.5455,433,203.6,21.1,0.0060,,
1.5535,434,204.5,21.1,0.0055,,
1.5620,435,205.1,21.1,0.0060,,
1.5695,436,205.7,21.1,0.0060,,
1.5780,437,206.2,21.1,0.0065,,
1.5865,438,206.8,21.1,0.0065,,
1.5950,439,207.6,21.1,0.0060,,
1.6035,440,208.2,21.1,0.0060,,
1.6120,441,208.6,21.1,0.0060,,
1.6195,442,209.2,21.1,0.0060,,
1.6275,443,209.7,21.1,0.0060,,
1.6360,444,210.4,21.1,0.0065,,
1.6445,445,210.9,21.1,0.0060,,
1.6530,446,211.2,21.1,0.0060,,
1.6615,447,211.8,21.1,0.0060,,
1.6690,448,212.1,21.1,0.0060,,
1.6775,449,212.9,21.1,0.0060,,
1.6860,450,213.3,21.1,0.0065,,
1.6940,451,213.8,21.1,0.0055,,
1.7025,452,214.3,21.1,0.0060,,
1.7110,453,214.9,21.1,0.0060,,
1.7185,454,215.2,21.1,0.0060,,
1.7270,455,215.5,21.1,0.0065,,
1.7355,456,215.8,21.1,0.0065,,
1.7440,457,216.4,21.1,0.0060,,
1.7520,458,216.9,21.1,0.0055,,
1.7605,459,217.1,21.1,0.0060,,
1.7680,460,217.5,21.1,0.0060,,
1.7765,461,217.9,21.1,0.0065,,
1.7850,462,218.4,21.1,0.0065,,
1.7935,463,218.8,21.1,0.0060,,
1.8020,464,219.1,21.1,0.0060,,
1.8105,465,219.4,21.1,0.0060,,
1.8180,466,219.7,21.1,0.0060,,
1.8265,467,220.2,21.1,0.0065,,
1.8345,468,220.6,21.1,0.0060,,
1.8430,469,220.8,21.1,0.0060,,
1.8515,470,221.3,21.1,0.0060,,
1.8600,471,221.7,21.1,0.0060,,
1.8675,472,222.0,21.1,0.0060,,
1.8760,473,222.3,21.1,0.0065,,
1.8845,474,222.4,21.1,0.0065,,
1.8925,475,222.9,21.1,0.0055,,
1.9010,476,223.3,21.1,0.0060,,
1.9095,477,223.5,21.1,0.0060,,
1.9170,478,223.9,21.1,0.0060,,
1.9255,479,224.1,21.1,0.0065,,
1.9340,480,224.6,21.1,0.0065,,
1.9425,481,225.0,21.1,0.0060,,
1.9510,482,225.0,21.1,0.0060,,
1.9590,483,225.3,21.1,0.0055,,
1.9670,484,225.6,21.1,0.0060,,
1.9750,485,226.1,21.1,0.0060,,
1.9835,486,226.4,21.1,0.0065,,
1.9920,487,226.5,21.1,0.0060,,
2.0005,488,226.9,21.1,0.0060,,
2.0090,489,227.4,21.1,0.0060,,
2.0165,490,227.5,21.1,0.0060,,
2.0250,491,227.8,21.1,0.0065,,
2.0330,492,227.8,21.1,0.0060,,
2.0415,493,228.0,21.1,0.0060,,
2.0500,494,228.5,21.1,0.0060,,
2.0585,495,228.7,21.1,0.0060,,
2.0660,496,229.0,21.1,0.0060,,
2.0745,497,229.2,21.1,0.0065,,
2.0830,498,229.4,21.1,0.0065,,
2.0915,499,229.8,21.1,0.0060,,
2.0995,500,229.9,21.1,0.0055,,
2.1080,501,230.0,21.1,0.0060,,
2.1155,502,230.3,21.1,0.0060,,
2.1240,503,230.5,21.1,0.0065,,
2.1325,504,230.9,21.1,0.0065,,
2.1410,505,231.1,21.1,0.0060,,
2.1495,506,231.2,21.1,0.0060,,
2.1580,507,231.6,21.1,0.0060,,
2.1655,508,231.7,21.1,0.0060,,
2.1735,509,232.1,21.1,0.0060,,
2.1820,510,232.2,21.1,0.0065,,
2.1905,511,232.4,21.1,0.0060,,
2.1990,512,232.8,21.1,0.0060,,
2.2075,513,233.0,21.1,0.0060,,
2.2150,514,233.3,21.1,0.0060,,
2.2235,515,233.3,21.1,0.0065,,
2.2315,516,233.5,21.1,0.0060,,
2.2400,517,234.0,21.1,0.0060,,
2.2480,518,234.1,21.1,0.0055,,
2.2550,519,234.1,21.1,0.0050,,
2.2565,520,234.2,21.1,0.0010,,
2.2575,521,234.2,21.1,0.0010,,
2.2585,522,234.5,21.1,0.0010,,
2.2600,523,234.3,21.1,0.0010,,
2.2615,524,234.2,21.1,0.0010,,
2.2630,525,234.4,21.1,0.0010,,
2.2645,526,234.3,21.1,0.0010,,
2.2660,527,234.6,21.1,0.0010,,
2.2680,528,234.5,21.1,0.0015,,
2.2680,529,234.4,21.1,0.0000,,
2.2705,530,234.6,21.1,0.0020,,
2.2715,531,234.8,21.1,0.0005,,
2.2720,532,234.8,21.1,0.0005,,
2.2725,533,234.8,21.1,0.0005,,
2.2730,534,234.7,21.1,0.0005,,
2.2740,535,234.8,21.1,0.0005,,
2.2750,536,234.9,21.1,0.0005,,
2.2770,537,234.7,21.1,0.0015,,
2.2790,538,234.9,21.1,0.0015,,
2.2810,540,235.1,21.1,0.0015,,
Scope 1/1, Sample 14/32 (T7A)
Result,TitrationEP1
V,t,E,T,dV/dt,E acc. stat.,Volume acc. stat.
0.0000,0,-67.0,21.0,NaN,,
0.0010,1,-66.9,21.0,0.0010,,
0.0025,2,-67.0,21.0,0.0015,,
0.0050,3,-66.9,21.0,0.0025,,
0.0090,4,-66.8,21.0,0.0035,,
0.0150,5,-66.4,21.0,0.0055,,
0.0235,6,-65.5,21.0,0.0075,,
0.0320,7,-64.6,21.0,0.0075,,
0.0405,8,-63.4,21.0,0.0075,,
0.0485,9,-61.8,21.0,0.0075,,
0.0565,10,-60.5,21.0,0.0075,,
0.0645,11,-58.5,21.0,0.0075,,
0.0730,12,-56.8,21.0,0.0075,,
0.0815,13,-55.0,21.0,0.0075,,
0.0900,14,-52.8,21.0,0.0075,,
0.0985,15,-50.7,21.0,0.0075,,
0.1065,16,-48.6,21.0,0.0075,,
0.1145,17,-46.3,21.0,0.0075,,
0.1225,18,-43.9,21.0,0.0075,,
0.1310,19,-41.0,21.0,0.0075,,
0.1395,20,-38.0,21.0,0.0075,,
0.1480,21,-35.4,21.0,0.0075,,
0.1565,22,-32.5,21.0,0.0070,,
0.1640,23,-29.9,21.0,0.0070,,
0.1725,24,-26.7,21.0,0.0075,,
0.1805,25,-23.6,21.0,0.0075,,
0.1890,26,-20.9,21.0,0.0075,,
0.1975,27,-18.4,21.0,0.0075,,
0.2060,28,-16.1,21.0,0.0075,,
0.2135,29,-14.4,21.0,0.0070,,
0.2220,30,-12.3,21.0,0.0075,,
0.2305,31,-10.7,21.0,0.0075,,
0.2385,32,-9.1,21.0,0.0075,,
0.2470,33,-7.3,21.0,0.0075,,
0.2555,34,-5.9,21.0,0.0075,,
0.2630,35,-4.6,21.0,0.0070,,
0.2715,36,-3.4,21.0,0.0075,,
0.2800,37,-2.4,21.0,0.0075,,
0.2885,38,-1.0,21.0,0.0075,,
0.2970,39,0.2,21.0,0.0070,,
0.3050,40,1.1,21.0,0.0075,,
0.3130,41,2.3,21.0,0.0075,,
0.3210,42,3.4,21.0,0.0075,,
0.3295,43,4.7,21.0,0.0075,,
0.3380,44,5.6,21.0,0.0075,,
0.3465,45,6.6,21.0,0.0075,,
0.3550,46,7.7,21.0,0.0075,,
0.3625,47,8.5,21.0,0.0070,,
0.3710,48,9.5,21.0,0.0075,,
0.3790,49,10.3,21.0,0.0075,,
0.3875,50,11.1,21.0,0.0075,,
0.3960,51,12.3,21.0,0.0075,,
0.4045,52,13.0,21.0,0.0075,,
0.4120,53,13.9,21.0,0.0070,,
0.4205,54,14.7,21.0,0.0075,,
0.4290,55,15.5,21.0,0.0075,,
0.4375,56,16.5,21.0,0.0075,,
0.4455,57,17.5,21.0,0.0075,,
0.4540,58,18.2,21.0,0.0075,,
0.4615,59,19.0,21.0,0.0070,,
0.4700,60,19.8,21.0,0.0075,,
0.4785,61,20.6,21.0,0.0075,,
0.4870,62,21.5,21.0,0.0075,,
0.4955,63,22.1,21.0,0.0075,,
0.5035,64,23.1,21.0,0.0075,,
0.5120,65,23.9,21.0,0.0075,,
0.5195,66,24.8,21.0,0.0070,,
0.5280,67,25.8,21.0,0.0075,,
0.5365,68,26.5,21.0,0.0075,,
0.5450,69,27.2,21.0,0.0075,,
0.5535,70,28.1,21.0,0.0075,,
0.5615,71,28.9,21.0,0.0065,,
0.5695,72,29.8,21.0,0.0075,,
0.5775,73,30.6,21.0,0.0075,,
0.5860,74,31.3,21.0,0.0075,,
0.5945,75,32.4,21.0,0.0075,,
0.6030,76,33.2,21.0,0.0075,,
0.6115,77,33.9,21.0,0.0070,,
0.6190,78,34.8,21.0,0.0070,,
0.6275,79,35.6,21.0,0.0075,,
0.6355,80,36.6,21.0,0.0075,,
0.6440,81,37.4,21.0,0.0075,,
0.6525,82,38.1,21.0,0.0075,,
0.6610,83,38.8,21.0,0.0075,,
0.6685,84,39.6,21.0,0.0070,,
0.6770,85,40.7,21.0,0.0075,,
0.6855,86,41.4,21.0,0.0075,,
0.6940,87,42.2,21.0,0.0075,,
0.7020,88,43.3,21.0,0.0075,,
0.7105,89,44.3,21.0,0.0075,,
0.7180,90,45.1,21.0,0.0070,,
0.7265,91,45.9,21.0,0.0075,,
0.7350,92,46.6,21.0,0.0075,,
0.7435,93,47.7,21.0,0.0075,,
0.7520,94,48.7,21.0,0.0075,,
0.7600,95,49.4,21.0,0.0065,,
0.7680,96,50.3,21.0,0.0075,,
0.7760,97,51.1,21.0,0.0075,,
0.7845,98,52.1,21.0,0.0075,,
0.7930,99,53.2,21.0,0.0075,,
0.8015,100,53.9,21.0,0.0075,,
0.8100,101,54.9,21.0,0.0075,,
0.8175,102,55.8,21.0,0.0070,,
0.8260,103,57.0,21.0,0.0075,,
0.8345,104,58.0,21.0,0.0075,,
0.8425,105,58.9,21.0,0.0075,,
0.8510,106,59.9,21.0,0.0075,,
0.8595,107,61.0,21.0,0.0070,,
0.8670,108,61.9,21.0,0.0070,,
0.8755,109,62.9,21.0,0.0075,,
0.8840,110,63.7,21.0,0.0075,,
0.8925,111,64.8,21.0,0.0075,,
0.9010,112,65.9,21.0,0.0075,,
0.9090,113,66.8,21.0,0.0065,,
0.9165,114,67.9,21.0,0.0070,,
0.9250,115,68.8,21.0,0.0075,,
0.9335,116,70.0,21.0,0.0075,,
0.9420,117,71.3,21.0,0.0075,,
0.9505,118,72.2,21.0,0.0075,,
0.9590,119,73.4,21.0,0.0075,,
0.9665,120,74.3,21.0,0.0070,,
0.9750,121,75.6,21.0,0.0075,,
0.9830,122,77.0,21.0,0.0075,,
0.9915,123,78.0,21.0,0.0075,,
1.0000,124,79.1,21.0,0.0075,,
1.0085,125,80.5,21.0,0.0070,,
1.0160,126,81.6,21.0,0.0070,,
1.0245,127,82.9,21.0,0.0075,,
1.0330,128,84.0,21.0,0.0075,,
1.0410,129,85.3,21.0,0.0075,,
1.0495,130,86.8,21.0,0.0075,,
1.0580,131,88.3,21.0,0.0075,,
1.0655,132,89.8,21.0,0.0070,,
1.0740,133,91.1,21.0,0.0075,,
1.0825,134,92.6,21.0,0.0075,,
1.0910,135,94.2,21.0,0.0075,,
1.0990,136,95.9,21.0,0.0075,,
1.1075,137,97.3,21.0,0.0075,,
1.1150,138,98.8,21.0,0.0070,,
1.1235,139,100.5,21.0,0.0075,,
1.1320,140,102.5,21.0,0.0075,,
1.1405,141,104.6,21.0,0.0075,,
1.1490,142,106.5,21.0,0.0075,,
1.1575,143,108.9,21.0,0.0075,,
1.1650,144,110.8,21.0,0.0070,,
1.1735,145,113.3,21.0,0.0075,,
1.1815,146,115.8,21.0,0.0075,,
1.1900,147,118.4,21.0,0.0075,,
1.1985,148,121.1,21.0,0.0075,,
1.2070,149,124.2,21.0,0.0075,,
1.2145,150,127.1,21.0,0.0070,,
1.2230,151,130.2,21.0,0.0075,,
1.2315,152,133.4,21.1,0.0075,,
1.2395,153,137.2,21.0,0.0075,,
1.2480,154,141.0,21.0,0.0075,,
1.2565,155,144.4,21.1,0.0075,,
1.2640,156,147.7,21.1,0.0070,,
1.2725,157,151.3,21.1,0.0075,,
1.2810,158,154.8,21.1,0.0075,,
1.2895,159,158.3,21.1,0.0075,,
1.2980,160,161.2,21.1,0.0075,,
1.3060,161,164.1,21.1,0.0075,,
1.3135,162,166.4,21.1,0.0070,,
1.3220,163,169.0,21.1,0.0075,,
1.3305,164,171.4,21.1,0.0075,,
1.3390,165,173.5,21.1,0.0075,,
1.3475,166,175.7,21.1,0.0075,,
1.3560,167,177.7,21.1,0.0075,,
1.3635,168,179.3,21.1,0.0070,,
1.3720,169,180.9,21.1,0.0075,,
1.3800,170,182.3,21.1,0.0075,,
1.3885,171,184.0,21.1,0.0075,,
1.3965,172,185.0,21.1,0.0075,,
1.3965,412,186.6,21.1,0.0000,,
1.3970,413,186.8,21.1,0.0005,,
1.3985,414,186.7,21.1,0.0010,,
1.4010,415,186.8,21.1,0.0020,,
1.4050,416,187.4,21.1,0.0030,,
1.4110,417,188.2,21.1,0.0045,,
1.4190,418,189.2,21.1,0.0060,,
1.4270,419,190.4,21.1,0.0065,,
1.4350,420,191.4,21.1,0.0065,,
1.4435,421,192.7,21.1,0.0065,,
1.4520,422,193.8,21.1,0.0065,,
1.4605,423,194.6,21.1,0.0065,,
1.4690,424,195.6,21.1,0.0070,,
1.4765,425,196.4,21.1,0.0060,,
1.4850,426,197.5,21.1,0.0070,,
1.4935,427,198.4,21.1,0.0065,,
1.5015,428,198.9,21.1,0.0060,,
1.5100,429,199.8,21.1,0.0065,,
1.5185,430,200.5,21.1,0.0070,,
1.5260,431,201.4,21.1,0.0060,,
1.5345,432,202.1,21.1,0.0070,,
1.5430,433,202.8,21.1,0.0065,,
1.5515,434,203.4,21.1,0.0065,,
1.5595,435,204.2,21.1,0.0060,,
1.5680,436,204.8,21.1,0.0065,,
1.5755,437,205.4,21.1,0.0060,,
1.5840,438,205.9,21.1,0.0070,,
1.5925,439,206.6,21.1,0.0065,,
1.6010,440,207.3,21.1,0.0065,,
1.6095,441,207.8,21.1,0.0065,,
1.6180,442,208.3,21.1,0.0065,,
1.6255,443,208.9,21.1,0.0060,,
1.6340,444,209.5,21.1,0.0070,,
1.6420,445,210.2,21.1,0.0060,,
1.6505,446,210.5,21.1,0.0065,,
1.6590,447,211.0,21.1,0.0065,,
1.6675,448,211.7,21.1,0.0065,,
1.6750,449,212.1,21.1,0.0060,,
1.6835,450,212.7,21.1,0.0070,,
1.6920,451,213.0,21.1,0.0070,,
1.7000,452,213.4,21.1,0.0060,,
1.7085,453,214.1,21.1,0.0065,,
1.7170,454,214.5,21.1,0.0065,,
1.7245,455,215.0,21.1,0.0060,,
1.7330,456,215.3,21.1,0.0070,,
1.7415,457,215.7,21.1,0.0065,,
1.7500,458,216.3,21.1,0.0065,,
1.7585,459,216.7,21.1,0.0065,,
1.7665,460,216.9,21.1,0.0060,,
1.7745,461,217.3,21.1,0.0065,,
1.7825,462,217.7,21.1,0.0065,,
1.7910,463,218.3,21.1,0.0070,,
1.7995,464,218.7,21.1,0.0065,,
1.8080,465,219.0,21.1,0.0065,,
1.8165,466,219.5,21.1,0.0065,,
1.8240,467,219.7,21.1,0.0060,,
1.8325,468,220.2,21.1,0.0070,,
1.8405,469,220.5,21.1,0.0065,,
1.8490,470,220.8,21.1,0.0065,,
1.8575,471,221.3,21.1,0.0065,,
1.8660,472,221.7,21.1,0.0065,,
1.8735,473,222.0,21.1,0.0060,,
1.8820,474,222.1,21.1,0.0070,,
1.8905,475,222.4,21.1,0.0065,,
1.8990,476,222.9,21.1,0.0065,,
1.9070,477,223.2,21.1,0.0060,,
1.9155,478,223.4,21.1,0.0065,,
1.9230,479,223.8,21.1,0.0060,,
1.9315,480,223.9,21.1,0.0070,,
1.9400,481,224.4,21.1,0.0065,,
1.9485,482,224.6,21.1,0.0065,,
1.9570,483,224.7,21.1,0.0065,,
1.9650,484,225.2,21.1,0.0060,,
1.9730,485,225.4,21.1,0.0065,,
1.9810,486,225.9,21.1,0.0065,,
1.9895,487,226.2,21.1,0.0070,,
1.9980,488,226.2,21.1,0.0065,,
2.0065,489,226.6,21.1,0.0065,,
2.0150,490,226.9,21.1,0.0065,,
2.0225,491,227.2,21.1,0.0060,,
2.0310,492,227.4,21.1,0.0070,,
2.0395,493,227.5,21.1,0.0065,,
2.0475,494,228.0,21.1,0.0060,,
2.0560,495,228.4,21.1,0.0065,,
2.0645,496,228.4,21.1,0.0065,,
2.0720,497,228.8,21.1,0.0060,,
2.0805,498,228.8,21.1,0.0070,,
2.0890,499,229.2,21.1,0.0065,,
2.0975,500,229.6,21.1,0.0065,,
2.1055,501,229.7,21.1,0.0060,,
2.1140,502,229.9,21.1,0.0065,,
2.1215,503,230.0,21.1,0.0060,,
2.1300,504,230.5,21.1,0.0070,,
2.1385,505,230.8,21.1,0.0070,,
2.1470,506,230.9,21.1,0.0065,,
2.1555,507,231.2,21.1,0.0065,,
2.1640,508,231.3,21.1,0.0070,,
2.1715,509,231.6,21.1,0.0060,,
2.1800,510,231.9,21.1,0.0070,,
2.1880,511,231.9,21.1,0.0065,,
2.1965,512,232.1,21.1,0.0065,,
2.2050,513,232.6,21.1,0.0065,,
2.2135,514,232.7,21.1,0.0065,,
2.2210,515,233.0,21.1,0.0060,,
2.2295,516,233.0,21.1,0.0070,,
2.2380,517,233.2,21.1,0.0070,,
2.2460,518,233.6,21.1,0.0060,,
2.2545,519,233.7,21.1,0.0065,,
2.2625,520,233.8,21.1,0.0060,,
2.2685,521,234.0,21.1,0.0050,,
2.2690,522,234.1,21.1,0.0005,,
2.2700,523,234.2,21.2,0.0010,,
2.2715,524,234.2,21.2,0.0010,,
2.2735,525,234.1,21.2,0.0015,,
2.2760,526,234.4,21.1,0.0020,,
2.2785,527,234.3,21.2,0.0020,,
2.2810,528,234.5,21.1,0.0020,,
2.2815,529,234.7,21.1,0.0005,,
2.2825,530,234.6,21.1,0.0010,,
2.2835,531,234.7,21.1,0.0010,,
2.2840,532,234.8,21.1,0.0005,,
2.2850,533,234.8,21.1,0.0010,,
2.2860,534,234.8,21.1,0.0010,,
2.2875,535,234.7,21.1,0.0010,,
2.2885,536,234.8,21.1,0.0010,,
2.2905,537,234.9,21.2,0.0015,,
2.2915,538,234.8,21.1,0.0010,,
2.2920,539,234.9,21.2,0.0005,,
2.2925,539,235.0,21.2,0.0015,,
Scope 1/1, Sample 15/32 (T7B)
Result,TitrationEP1
V,t,E,T,dV/dt,E acc. stat.,Volume acc. stat.
0.0000,0,-69.7,21.0,NaN,,
0.0010,1,-69.7,21.0,0.0010,,
0.0025,2,-69.8,21.0,0.0015,,
0.0050,3,-69.6,21.0,0.0020,,
0.0085,4,-69.5,21.0,0.0030,,
0.0150,5,-69.1,21.0,0.0060,,
0.0230,6,-68.7,21.0,0.0075,,
0.0315,7,-67.8,21.0,0.0075,,
0.0400,8,-66.4,21.0,0.0075,,
0.0485,9,-65.2,21.0,0.0070,,
0.0560,10,-63.8,21.0,0.0070,,
0.0645,11,-62.5,21.0,0.0075,,
0.0725,12,-60.8,21.0,0.0075,,
0.0810,13,-58.9,21.0,0.0075,,
0.0895,14,-57.2,21.0,0.0075,,
0.0980,15,-55.3,21.0,0.0070,,
0.1055,16,-53.5,21.0,0.0070,,
0.1140,17,-51.3,21.0,0.0075,,
0.1225,18,-48.8,21.0,0.0075,,
0.1305,19,-46.5,21.0,0.0075,,
0.1390,20,-44.0,21.0,0.0075,,
0.1475,21,-41.0,21.0,0.0070,,
0.1550,22,-38.5,21.0,0.0070,,
0.1635,23,-35.5,21.0,0.0075,,
0.1720,24,-32.7,21.0,0.0075,,
0.1805,25,-29.6,21.0,0.0075,,
0.1890,26,-26.5,21.0,0.0075,,
0.1975,27,-24.0,21.0,0.0075,,
0.2050,28,-21.2,21.0,0.0070,,
0.2130,29,-18.9,21.0,0.0075,,
0.2215,30,-16.6,21.0,0.0075,,
0.2300,31,-14.4,21.0,0.0075,,
0.2385,32,-12.6,21.0,0.0075,,
0.2470,33,-10.9,21.0,0.0070,,
0.2545,34,-9.6,21.0,0.0070,,
0.2630,35,-8.0,21.1,0.0075,,
0.2715,36,-6.3,21.1,0.0075,,
0.2795,37,-4.9,21.1,0.0075,,
0.2880,38,-3.7,21.0,0.0075,,
0.2965,39,-2.4,21.0,0.0075,,
0.3040,40,-1.5,21.1,0.0070,,
0.3125,41,-0.2,21.0,0.0075,,
0.3210,42,0.8,21.1,0.0075,,
0.3295,43,1.8,21.1,0.0075,,
0.3375,44,3.0,21.1,0.0075,,
0.3460,45,4.2,21.1,0.0075,,
0.3535,46,5.2,21.1,0.0070,,
0.3620,47,6.1,21.1,0.0075,,
0.3705,48,6.9,21.1,0.0075,,
0.3790,49,7.9,21.1,0.0075,,
0.3875,50,9.0,21.1,0.0075,,
0.3955,51,9.8,21.1,0.0075,,
0.4040,52,10.8,21.1,0.0075,,
0.4115,53,11.5,21.1,0.0070,,
0.4200,54,12.4,21.1,0.0075,,
0.4285,55,13.5,21.1,0.0075,,
0.4370,56,14.1,21.1,0.0075,,
0.4455,57,15.0,21.1,0.0075,,
0.4535,58,15.9,21.1,0.0075,,
0.4615,59,16.7,21.1,0.0075,,
0.4695,60,17.7,21.1,0.0075,,
0.4780,61,18.5,21.1,0.0075,,
0.4865,62,19.2,21.1,0.0075,,
0.4950,63,20.2,21.1,0.0075,,
0.5035,64,21.1,21.1,0.0070,,
0.5110,65,21.8,21.1,0.0070,,
0.5195,66,22.6,21.1,0.0075,,
0.5275,67,23.4,21.1,0.0075,,
0.5360,68,24.3,21.1,0.0075,,
0.5445,69,25.1,21.1,0.0075,,
0.5530,70,25.8,21.1,0.0075,,
0.5605,71,26.7,21.1,0.0070,,
0.5690,72,27.4,21.1,0.0075,,
0.5775,73,28.4,21.1,0.0075,,
0.5855,74,29.4,21.1,0.0075,,
0.5940,75,30.0,21.1,0.0075,,
0.6025,76,30.8,21.1,0.0075,,
0.6100,77,31.6,21.1,0.0070,,
0.6185,78,32.5,21.1,0.0075,,
0.6270,79,33.5,21.1,0.0075,,
0.6355,80,34.2,21.1,0.0075,,
0.6440,81,35.0,21.1,0.0075,,
0.6520,82,36.0,21.1,0.0075,,
0.6595,83,36.7,21.1,0.0070,,
0.6680,84,37.7,21.1,0.0075,,
0.6765,85,38.5,21.1,0.0075,,
0.6850,86,39.2,21.1,0.0075,,
0.6935,87,40.3,21.1,0.0075,,
0.7020,88,41.2,21.1,0.0075,,
0.7095,89,42.0,21.1,0.0070,,
0.7180,90,42.6,21.1,0.0075,,
0.7260,91,43.5,21.1,0.0075,,
0.7345,92,44.5,21.1,0.0075,,
0.7430,93,45.4,21.1,0.0075,,
0.7515,94,46.1,21.1,0.0075,,
0.7600,95,47.0,21.1,0.0075,,
0.7675,96,47.8,21.1,0.0070,,
0.7760,97,48.9,21.1,0.0075,,
0.7840,98,49.9,21.1,0.0075,,
0.7925,99,50.6,21.1,0.0075,,
0.8010,100,51.5,21.1,0.0075,,
0.8095,101,52.7,21.1,0.0070,,
0.8170,102,53.4,21.1,0.0070,,
0.8255,103,54.4,21.1,0.0075,,
0.8340,104,55.2,21.1,0.0075,,
0.8420,105,56.1,21.1,0.0075,,
0.8505,106,57.3,21.1,0.0075,,
0.8590,107,58.3,21.1,0.0075,,
0.8665,108,59.3,21.1,0.0070,,
0.8750,109,60.3,21.1,0.0075,,
0.8835,110,61.2,21.1,0.0075,,
0.8920,111,62.3,21.1,0.0075,,
0.9000,112,63.3,21.1,0.0075,,
0.9085,113,64.2,21.1,0.0075,,
0.9170,114,65.2,21.1,0.0075,,
0.9245,115,66.2,21.1,0.0070,,
0.9330,116,67.4,21.1,0.0075,,
0.9415,117,68.5,21.1,0.0075,,
0.9500,118,69.5,21.1,0.0075,,
0.9585,119,70.8,21.1,0.0075,,
0.9660,120,71.6,21.1,0.0070,,
0.9745,121,73.0,21.1,0.0075,,
0.9825,122,74.1,21.1,0.0075,,
0.9910,123,75.1,21.1,0.0075,,
0.9995,124,76.4,21.1,0.0075,,
1.0080,125,77.8,21.1,0.0075,,
1.0165,126,78.9,21.1,0.0075,,
1.0240,127,80.1,21.1,0.0070,,
1.0325,128,81.3,21.1,0.0075,,
1.0405,129,82.8,21.1,0.0075,,
1.0490,130,84.2,21.1,0.0075,,
1.0575,131,85.4,21.1,0.0075,,
1.0650,132,86.8,21.1,0.0070,,
1.0735,133,88.1,21.1,0.0075,,
1.0820,134,89.6,21.1,0.0075,,
1.0905,135,91.2,21.1,0.0075,,
1.0990,136,92.6,21.1,0.0075,,
1.1070,137,94.3,21.1,0.0075,,
1.1150,138,95.7,21.1,0.0075,,
1.1230,139,97.6,21.1,0.0075,,
1.1315,140,99.3,21.1,0.0075,,
1.1400,141,101.1,21.1,0.0075,,
1.1485,142,103.2,21.1,0.0075,,
1.1570,143,105.3,21.1,0.0075,,
1.1645,144,107.0,21.1,0.0070,,
1.1730,145,109.2,21.1,0.0075,,
1.1810,146,111.3,21.1,0.0075,,
1.1895,147,113.9,21.1,0.0075,,
1.1980,148,116.8,21.1,0.0070,,
1.2065,149,119.5,21.1,0.0075,,
1.2150,150,122.4,21.1,0.0075,,
1.2225,151,125.2,21.1,0.0070,,
1.2310,152,128.4,21.1,0.0075,,
1.2395,153,132.0,21.1,0.0075,,
1.2475,154,135.3,21.1,0.0075,,
1.2560,155,138.8,21.1,0.0075,,
1.2635,156,142.4,21.1,0.0070,,
1.2720,157,146.3,21.1,0.0075,,
1.2805,158,150.2,21.1,0.0075,,
1.2890,159,153.6,21.1,0.0075,,
1.2975,160,156.8,21.1,0.0075,,
1.3055,161,160.0,21.1,0.0075,,
1.3140,162,162.8,21.1,0.0075,,
1.3215,163,165.8,21.1,0.0070,,
1.3300,164,168.0,21.1,0.0075,,
1.3385,165,170.5,21.1,0.0075,,
1.3470,166,173.0,21.1,0.0075,,
1.3555,167,175.1,21.1,0.0075,,
1.3635,168,176.8,21.1,0.0075,,
1.3715,169,178.4,21.1,0.0075,,
1.3795,170,180.3,21.1,0.0075,,
1.3880,171,182.1,21.1,0.0075,,
1.3965,172,183.6,21.1,0.0075,,
1.4050,173,184.9,21.1,0.0075,,
1.4075,174,185.2,21.1,0.0050,,
1.4075,414,187.0,21.2,0.0000,,
1.4080,414,187.1,21.2,0.0010,,
1.4095,416,186.9,21.2,0.0010,,
1.4125,416,187.2,21.2,0.0060,,
1.4160,418,187.8,21.2,0.0020,,
1.4225,419,188.4,21.2,0.0110,,
1.4305,420,189.4,21.2,0.0135,,
1.4385,420,190.4,21.2,0.0160,,
1.4465,422,191.6,21.2,0.0055,,
1.4550,422,192.8,21.2,0.0170,,
1.4635,424,193.7,21.2,0.0055,,
1.4720,425,194.8,21.2,0.0140,,
1.4805,426,195.8,21.2,0.0140,,
1.4880,426,196.5,21.2,0.0150,,
1.4965,428,197.5,21.2,0.0055,,
1.5045,428,198.3,21.2,0.0160,,
1.5130,430,199.1,21.2,0.0055,,
1.5215,431,200.1,21.2,0.0140,,
1.5300,432,200.8,21.2,0.0140,,
1.5375,432,201.5,21.2,0.0150,,
1.5460,434,202.2,21.2,0.0055,,
1.5545,434,202.7,21.2,0.0170,,
1.5625,436,203.6,21.2,0.0050,,
1.5710,437,204.4,21.2,0.0140,,
1.5795,438,204.9,21.2,0.0140,,
1.5870,438,205.6,21.2,0.0150,,
1.5955,440,206.0,21.2,0.0055,,
1.6040,440,206.7,21.2,0.0170,,
1.6125,442,207.5,21.2,0.0055,,
1.6205,443,208.1,21.2,0.0135,,
1.6290,444,208.5,21.2,0.0140,,
1.6375,445,209.2,21.2,0.0140,,
1.6450,446,209.7,21.2,0.0150,,
1.6535,446,210.3,21.2,0.0170,,
1.6620,448,210.7,21.2,0.0055,,
1.6705,449,211.1,21.2,0.0140,,
1.6790,450,211.9,21.2,0.0140,,
1.6870,451,212.3,21.2,0.0135,,
1.6950,452,213.0,21.2,0.0160,,
1.7030,452,213.3,21.2,0.0160,,
1.7115,454,213.5,21.2,0.0055,,
1.7200,455,214.2,21.2,0.0140,,
1.7285,456,214.6,21.2,0.0140,,
1.7370,456,215.1,21.2,0.0170,,
1.7445,458,215.3,21.2,0.0050,,
1.7530,458,215.8,21.2,0.0170,,
1.7610,460,216.4,21.2,0.0055,,
1.7695,461,216.9,21.2,0.0140,,
1.7780,462,217.1,21.2,0.0140,,
1.7865,463,217.5,21.2,0.0140,,
1.7940,464,217.9,21.2,0.0150,,
1.8025,464,218.5,21.2,0.0170,,
1.8110,466,218.8,21.2,0.0055,,
1.8190,467,218.9,21.2,0.0135,,
1.8275,468,219.4,21.2,0.0140,,
1.8360,469,219.9,21.2,0.0140,,
1.8435,470,220.2,21.2,0.0150,,
1.8520,470,220.5,21.2,0.0170,,
1.8605,472,220.7,21.2,0.0055,,
1.8690,473,221.2,21.2,0.0140,,
1.8775,474,221.7,21.2,0.0140,,
1.8860,475,221.8,21.2,0.0140,,
1.8935,476,222.1,21.2,0.0150,,
1.9015,476,222.3,21.2,0.0160,,
1.9100,478,222.9,21.2,0.0055,,
1.9185,479,223.3,21.2,0.0140,,
1.9270,480,223.4,21.2,0.0140,,
1.9355,480,223.7,21.2,0.0170,,
1.9430,482,224.0,21.2,0.0050,,
1.9515,482,224.5,21.2,0.0170,,
1.9600,484,224.8,21.2,0.0055,,
1.9680,485,224.9,21.2,0.0135,,
1.9765,486,225.2,21.2,0.0140,,
1.9850,487,225.6,21.2,0.0140,,
1.9925,488,225.9,21.2,0.0150,,
2.0010,488,226.2,21.2,0.0170,,
2.0095,490,226.3,21.2,0.0055,,
2.0180,491,226.6,21.2,0.0140,,
2.0260,492,227.1,21.2,0.0135,,
2.0345,493,227.2,21.2,0.0140,,
2.0420,494,227.5,21.2,0.0150,,
2.0505,494,227.6,21.2,0.0170,,
2.0590,496,227.9,21.2,0.0055,,
2.0675,497,228.3,21.2,0.0140,,
2.0760,498,228.5,21.2,0.0140,,
2.0845,499,228.7,21.2,0.0140,,
2.0920,500,228.9,21.2,0.0150,,
2.1005,500,229.2,21.2,0.0170,,
2.1085,502,229.6,21.2,0.0050,,
2.1170,503,229.7,21.2,0.0140,,
2.1255,504,229.9,21.2,0.0140,,
2.1340,505,230.3,21.2,0.0140,,
2.1415,506,230.6,21.2,0.0150,,
2.1500,506,230.9,21.2,0.0170,,
2.1585,508,230.9,21.2,0.0055,,
2.1665,509,231.1,21.2,0.0135,,
2.1750,510,231.6,21.2,0.0140,,
2.1835,511,231.9,21.2,0.0140,,
2.1910,512,232.2,21.2,0.0150,,
2.1995,512,232.2,21.2,0.0170,,
2.2080,514,232.3,21.2,0.0055,,
2.2165,515,232.7,21.2,0.0140,,
2.2245,516,233.0,21.2,0.0135,,
2.2330,517,233.0,21.2,0.0140,,
2.2405,518,233.3,21.2,0.0150,,
2.2490,518,233.5,21.2,0.0170,,
2.2575,520,233.9,21.2,0.0055,,
2.2660,521,234.0,21.2,0.0140,,
2.2740,522,234.1,21.2,0.0135,,
2.2805,523,234.3,21.2,0.0110,,
2.2835,524,234.4,21.2,0.0060,,
2.2865,524,234.6,21.2,0.0060,,
2.2895,526,234.5,21.2,0.0020,,
2.2930,527,234.5,21.2,0.0060,,
2.2945,528,234.7,21.2,0.0025,,
2.2950,529,234.8,21.2,0.0010,,
2.2955,530,234.9,21.2,0.0010,,
2.2970,530,234.8,21.2,0.0030,,
2.2985,532,234.6,21.2,0.0010,,
2.3005,533,234.8,21.2,0.0035,,
2.3025,533,235.0,21.2,0.0050,,
Scope 1/1, Sample 16/32 (T8)
Result,TitrationEP1
V,t,E,T,dV/dt,E acc. stat.,Volume acc. stat.
0.0000,0,-68.2,21.1,NaN,,
0.0005,1,-68.2,21.1,0.0005,,
0.0025,2,-68.3,21.1,0.0020,,
0.0050,3,-68.2,21.1,0.0025,,
0.0090,4,-67.9,21.1,0.0035,,
0.0150,5,-67.7,21.1,0.0055,,
0.0235,6,-67.1,21.1,0.0075,,
0.0320,7,-66.2,21.1,0.0085,,
0.0395,8,-64.9,21.1,0.0075,,
0.0480,9,-63.4,21.1,0.0085,,
0.0565,10,-61.9,21.1,0.0075,,
0.0645,11,-60.2,21.1,0.0075,,
0.0730,12,-58.3,21.1,0.0075,,
0.0815,13,-56.6,21.1,0.0085,,
0.0890,14,-54.6,21.1,0.0075,,
0.0975,15,-52.7,21.1,0.0085,,
0.1060,16,-50.5,21.1,0.0075,,
0.1145,17,-48.0,21.1,0.0075,,
0.1230,18,-45.6,21.1,0.0075,,
0.1310,19,-43.2,21.1,0.0080,,
0.1390,20,-40.7,21.1,0.0080,,
0.1470,21,-37.9,21.1,0.0080,,
0.1555,22,-34.8,21.1,0.0075,,
0.1640,23,-31.8,21.1,0.0075,,
0.1725,24,-28.8,21.1,0.0075,,
0.1810,25,-25.7,21.1,0.0075,,
0.1885,26,-23.2,21.1,0.0075,,
0.1970,27,-20.4,21.1,0.0085,,
0.2050,28,-18.1,21.1,0.0075,,
0.2135,29,-16.0,21.1,0.0075,,
0.2220,30,-13.8,21.1,0.0075,,
0.2305,31,-11.9,21.1,0.0075,,
0.2380,32,-10.4,21.1,0.0075,,
0.2465,33,-8.7,21.1,0.0085,,
0.2550,34,-7.2,21.1,0.0075,,
0.2635,35,-5.6,21.1,0.0075,,
0.2715,36,-4.0,21.1,0.0075,,
0.2800,37,-2.9,21.1,0.0075,,
0.2875,38,-1.8,21.1,0.0075,,
0.2960,39,-0.7,21.1,0.0085,,
0.3045,40,0.6,21.1,0.0075,,
0.3130,41,1.8,21.1,0.0075,,
0.3215,42,2.8,21.1,0.0075,,
0.3290,43,3.9,21.1,0.0075,,
0.3375,44,4.8,21.1,0.0085,,
0.3460,45,6.1,21.1,0.0085,,
0.3540,46,7.0,21.1,0.0075,,
0.3625,47,7.8,21.1,0.0075,,
0.3710,48,8.9,21.1,0.0075,,
0.3795,49,9.7,21.1,0.0085,,
0.3870,50,10.8,21.1,0.0075,,
0.3955,51,11.8,21.1,0.0085,,
0.4040,52,12.5,21.1,0.0075,,
0.4120,53,13.5,21.1,0.0075,,
0.4205,54,14.6,21.1,0.0075,,
0.4290,55,15.2,21.1,0.0085,,
0.4365,56,16.2,21.1,0.0075,,
0.4450,57,16.9,21.1,0.0085,,
0.4535,58,17.8,21.1,0.0075,,
0.4620,59,18.8,21.1,0.0075,,
0.4700,60,19.6,21.1,0.0075,,
0.4785,61,20.3,21.1,0.0075,,
0.4860,62,21.0,21.1,0.0075,,
0.4945,63,21.9,21.1,0.0085,,
0.5030,64,23.0,21.1,0.0075,,
0.5115,65,23.7,21.1,0.0075,,
0.5200,66,24.5,21.1,0.0075,,
0.5285,67,25.4,21.1,0.0075,,
0.5360,68,26.1,21.1,0.0075,,
0.5440,69,27.1,21.1,0.0080,,
0.5525,70,27.8,21.1,0.0075,,
0.5610,71,28.6,21.1,0.0075,,
0.5695,72,29.5,21.1,0.0075,,
0.5780,73,30.3,21.1,0.0075,,
0.5855,74,31.1,21.1,0.0075,,
0.5940,75,31.9,21.1,0.0085,,
0.6020,76,32.7,21.1,0.0080,,
0.6105,77,33.7,21.1,0.0075,,
0.6190,78,34.7,21.1,0.0075,,
0.6275,79,35.3,21.1,0.0075,,
0.6350,80,36.1,21.1,0.0075,,
0.6435,81,36.9,21.1,0.0085,,
0.6520,82,37.9,21.1,0.0085,,
0.6605,83,38.8,21.1,0.0075,,
0.6685,84,39.5,21.1,0.0075,,
0.6770,85,40.5,21.1,0.0075,,
0.6845,86,41.2,21.1,0.0075,,
0.6930,87,42.3,21.1,0.0085,,
0.7015,88,43.2,21.1,0.0075,,
0.7100,89,43.9,21.1,0.0075,,
0.7185,90,44.9,21.1,0.0075,,
0.7270,91,46.0,21.1,0.0075,,
0.7345,92,46.7,21.1,0.0075,,
0.7425,93,47.5,21.1,0.0080,,
0.7510,94,48.3,21.1,0.0085,,
0.7595,95,49.4,21.1,0.0075,,
0.7680,96,50.4,21.1,0.0075,,
0.7765,97,51.2,21.1,0.0075,,
0.7840,98,52.1,21.1,0.0075,,
0.7925,99,52.9,21.1,0.0085,,
0.8010,100,54.0,21.1,0.0075,,
0.8090,101,55.1,21.1,0.0075,,
0.8175,102,55.9,21.1,0.0075,,
0.8260,103,56.8,21.1,0.0075,,
0.8335,104,57.7,21.1,0.0075,,
0.8420,105,58.8,21.1,0.0085,,
0.8505,106,59.8,21.1,0.0075,,
0.8590,107,60.7,21.1,0.0075,,
0.8670,108,61.6,21.1,0.0075,,
0.8755,109,62.8,21.1,0.0075,,
0.8830,110,63.6,21.1,0.0075,,
0.8915,111,64.7,21.1,0.0085,,
0.9000,112,65.6,21.1,0.0075,,
0.9085,113,66.7,21.1,0.0075,,
0.9170,114,67.8,21.1,0.0075,,
0.9255,115,68.7,21.1,0.0075,,
0.9330,116,69.8,21.1,0.0075,,
0.9415,117,70.7,21.1,0.0085,,
0.9495,118,71.9,21.1,0.0080,,
0.9580,119,73.2,21.1,0.0075,,
0.9665,120,74.3,21.1,0.0075,,
0.9750,121,75.4,21.1,0.0075,,
0.9825,122,76.4,21.1,0.0075,,
0.9910,123,77.6,21.1,0.0085,,
0.9995,124,79.0,21.1,0.0075,,
1.0075,125,80.3,21.1,0.0075,,
1.0160,126,81.5,21.1,0.0075,,
1.0245,127,83.0,21.1,0.0075,,
1.0320,128,84.1,21.1,0.0075,,
1.0405,129,85.6,21.1,0.0085,,
1.0490,130,86.9,21.1,0.0085,,
1.0575,131,88.3,21.1,0.0075,,
1.0660,132,89.9,21.1,0.0075,,
1.0740,133,91.2,21.1,0.0075,,
1.0825,134,92.6,21.1,0.0085,,
1.0900,135,94.1,21.1,0.0075,,
1.0985,136,95.7,21.1,0.0085,,
1.1070,137,97.6,21.1,0.0075,,
1.1155,138,99.4,21.1,0.0075,,
1.1240,139,101.1,21.1,0.0075,,
1.1315,140,102.8,21.1,0.0075,,
1.1400,141,104.7,21.1,0.0085,,
1.1480,142,106.9,21.1,0.0080,,
1.1565,143,109.2,21.1,0.0075,,
1.1650,144,111.3,21.1,0.0075,,
1.1735,145,113.6,21.1,0.0075,,
1.1820,146,115.8,21.1,0.0085,,
1.1895,147,118.6,21.1,0.0075,,
1.1980,148,121.3,21.1,0.0085,,
1.2060,149,124.3,21.1,0.0075,,
1.2145,150,127.5,21.1,0.0075,,
1.2230,151,130.9,21.1,0.0075,,
1.2315,152,134.4,21.1,0.0075,,
1.2390,153,137.9,21.1,0.0075,,
1.2475,154,141.4,21.1,0.0085,,
1.2560,155,145.0,21.1,0.0075,,
1.2645,156,148.7,21.1,0.0075,,
1.2725,157,152.3,21.1,0.0075,,
1.2810,158,155.7,21.1,0.0075,,
1.2885,159,158.7,21.1,0.0075,,
1.2970,160,161.6,21.1,0.0085,,
1.3055,161,164.7,21.1,0.0075,,
1.3140,162,167.4,21.1,0.0075,,
1.3225,163,169.8,21.1,0.0075,,
1.3305,164,172.2,21.1,0.0075,,
1.3385,165,174.1,21.1,0.0080,,
1.3465,166,176.4,21.1,0.0080,,
1.3550,167,178.0,21.1,0.0075,,
1.3635,168,179.7,21.2,0.0075,,
1.3720,169,181.6,21.1,0.0075,,
1.3805,170,183.2,21.2,0.0075,,
1.3880,171,184.6,21.1,0.0075,,
1.3925,172,185.0,21.1,0.0075,,
1.3925,412,186.6,21.2,0.0000,,
1.3930,413,186.5,21.2,0.0005,,
1.3945,414,186.8,21.2,0.0020,,
1.3970,415,187.1,21.2,0.0030,,
1.4010,416,187.4,21.2,0.0050,,
1.4070,417,188.1,21.2,0.0075,,
1.4150,418,189.4,21.2,0.0100,,
1.4230,419,190.4,21.2,0.0115,,
1.4310,420,191.6,21.2,0.0115,,
1.4395,421,192.6,21.2,0.0105,,
1.4480,422,193.6,21.2,0.0105,,
1.4565,423,194.8,21.2,0.0105,,
1.4650,424,195.6,21.2,0.0105,,
1.4725,425,196.5,21.2,0.0105,,
1.4810,426,197.3,21.2,0.0120,,
1.4890,427,198.2,21.2,0.0115,,
1.4975,428,199.2,21.2,0.0105,,
1.5060,429,200.1,21.2,0.0105,,
1.5145,430,200.7,21.2,0.0105,,
1.5230,431,201.5,21.2,0.0120,,
1.5305,432,202.1,21.2,0.0105,,
1.5390,433,202.9,21.2,0.0120,,
1.5470,434,203.6,21.2,0.0100,,
1.5555,435,204.1,21.2,0.0105,,
1.5640,436,204.9,21.2,0.0105,,
1.5725,437,205.7,21.2,0.0105,,
1.5800,438,206.3,21.2,0.0105,,
1.5885,439,206.9,21.2,0.0120,,
1.5970,440,207.3,21.2,0.0105,,
1.6050,441,208.0,21.2,0.0100,,
1.6135,442,208.7,21.2,0.0105,,
1.6220,443,209.2,21.2,0.0120,,
1.6295,444,209.7,21.2,0.0105,,
1.6380,445,210.2,21.2,0.0120,,
1.6465,446,210.7,21.2,0.0105,,
1.6550,447,211.3,21.2,0.0105,,
1.6635,448,211.7,21.2,0.0105,,
1.6715,449,212.3,21.2,0.0100,,
1.6795,450,212.7,21.2,0.0115,,
1.6875,451,213.4,21.2,0.0115,,
1.6960,452,213.9,21.2,0.0105,,
1.7045,453,214.2,21.2,0.0105,,
1.7130,454,214.6,21.2,0.0105,,
1.7215,455,215.3,21.2,0.0105,,
1.7290,456,215.6,21.2,0.0105,,
1.7375,457,216.2,21.2,0.0120,,
1.7460,458,216.4,21.2,0.0105,,
1.7540,459,216.9,21.2,0.0100,,
1.7625,460,217.5,21.2,0.0105,,
1.7710,461,217.8,21.2,0.0105,,
1.7785,462,218.2,21.2,0.0105,,
1.7870,463,218.5,21.2,0.0120,,
1.7955,464,218.8,21.2,0.0120,,
1.8040,465,219.4,21.2,0.0105,,
1.8120,466,219.7,21.2,0.0100,,
1.8205,467,219.9,21.2,0.0105,,
1.8280,468,220.3,21.2,0.0105,,
1.8365,469,220.7,21.2,0.0120,,
1.8450,470,221.1,21.2,0.0120,,
1.8535,471,221.5,21.2,0.0105,,
1.8620,472,221.7,21.2,0.0105,,
1.8700,473,222.1,21.2,0.0100,,
1.8775,474,222.2,21.2,0.0105,,
1.8860,475,222.7,21.2,0.0120,,
1.8945,476,223.0,21.2,0.0120,,
1.9030,477,223.2,21.2,0.0105,,
1.9115,478,223.7,21.2,0.0105,,
1.9200,479,224.1,21.2,0.0105,,
1.9275,480,224.2,21.2,0.0105,,
1.9360,481,224.7,21.2,0.0120,,
1.9440,482,224.9,21.2,0.0115,,
1.9525,483,225.2,21.2,0.0105,,
1.9610,484,225.6,21.2,0.0105,,
1.9695,485,225.8,21.2,0.0105,,
1.9780,486,226.2,21.2,0.0120,,
1.9855,487,226.3,21.2,0.0105,,
1.9940,488,226.6,21.2,0.0120,,
2.0020,489,227.1,21.2,0.0115,,
2.0105,490,227.3,21.2,0.0105,,
2.0190,491,227.4,21.2,0.0105,,
2.0275,492,227.8,21.2,0.0105,,
2.0350,493,228.0,21.2,0.0105,,
2.0435,494,228.4,21.2,0.0120,,
2.0520,495,228.6,21.2,0.0120,,
2.0600,496,228.7,21.2,0.0100,,
2.0685,497,229.1,21.2,0.0105,,
2.0770,498,229.4,21.2,0.0105,,
2.0845,499,229.7,21.2,0.0105,,
2.0930,500,229.9,21.2,0.0120,,
2.1015,501,230.0,21.2,0.0120,,
2.1100,502,230.4,21.2,0.0105,,
2.1185,503,230.7,21.2,0.0105,,
2.1265,504,230.7,21.2,0.0100,,
2.1345,505,231.1,21.2,0.0115,,
2.1425,506,231.2,21.2,0.0115,,
2.1510,507,231.6,21.2,0.0120,,
2.1595,508,231.8,21.2,0.0105,,
2.1680,509,231.8,21.2,0.0105,,
2.1765,510,232.1,21.2,0.0105,,
2.1840,511,232.3,21.2,0.0105,,
2.1925,512,232.6,21.2,0.0120,,
2.2005,513,232.8,21.2,0.0100,,
2.2090,514,232.8,21.2,0.0105,,
2.2175,515,233.1,21.2,0.0105,,
2.2260,516,233.5,21.2,0.0105,,
2.2335,517,233.7,21.2,0.0105,,
2.2420,518,234.0,21.2,0.0120,,
2.2485,519,234.1,21.2,0.0095,,
2.2560,520,234.2,21.2,0.0095,,
2.2625,521,234.5,21.2,0.0080,,
2.2630,522,234.5,21.2,0.0005,,
2.2635,523,234.7,21.2,0.0005,,
2.2645,524,234.5,21.2,0.0015,,
2.2650,525,234.5,21.2,0.0005,,
2.2660,526,234.7,21.2,0.0010,,
2.2670,527,234.6,21.2,0.0010,,
2.2680,528,234.5,21.2,0.0010,,
2.2685,529,234.5,21.2,0.0005,,
2.2700,530,234.6,21.2,0.0020,,
2.2720,531,234.8,21.2,0.0030,,
2.2740,532,234.7,21.2,0.0025,,
2.2760,533,234.6,21.2,0.0025,,
2.2770,534,234.7,21.2,0.0010,,
2.2775,534,235.0,21.2,0.0010,,
Scope 1/1, Sample 17/32 (T9)
Result,TitrationEP1
V,t,E,T,dV/dt,E acc. stat.,Volume acc. stat.
0.0000,0,-68.3,21.1,NaN,,
0.0010,1,-68.3,21.1,0.0010,,
0.0025,2,-68.3,21.1,0.0015,,
0.0050,3,-68.2,21.1,0.0020,,
0.0090,4,-68.2,21.1,0.0035,,
0.0150,5,-67.7,21.1,0.0055,,
0.0235,6,-67.2,21.1,0.0075,,
0.0320,7,-66.3,21.2,0.0075,,
0.0405,8,-64.8,21.2,0.0075,,
0.0490,9,-63.4,21.2,0.0070,,
0.0565,10,-62.0,21.2,0.0070,,
0.0650,11,-60.4,21.2,0.0075,,
0.0730,12,-58.6,21.2,0.0075,,
0.0815,13,-56.6,21.2,0.0075,,
0.0900,14,-54.8,21.2,0.0075,,
0.0985,15,-52.8,21.2,0.0075,,
0.1060,16,-50.8,21.2,0.0070,,
0.1145,17,-48.5,21.2,0.0075,,
0.1230,18,-46.0,21.2,0.0075,,
0.1315,19,-43.6,21.2,0.0075,,
0.1400,20,-40.8,21.2,0.0075,,
0.1475,21,-38.3,21.2,0.0070,,
0.1560,22,-35.3,21.2,0.0075,,
0.1640,23,-32.1,21.2,0.0075,,
0.1725,24,-29.2,21.2,0.0075,,
0.1810,25,-26.3,21.2,0.0075,,
0.1895,26,-23.3,21.2,0.0075,,
0.1980,27,-20.8,21.2,0.0075,,
0.2055,28,-18.4,21.2,0.0070,,
0.2140,29,-16.3,21.2,0.0075,,
0.2220,30,-14.1,21.2,0.0075,,
0.2305,31,-12.2,21.2,0.0075,,
0.2390,32,-10.5,21.2,0.0075,,
0.2475,33,-8.9,21.2,0.0075,,
0.2550,34,-7.5,21.2,0.0070,,
0.2635,35,-6.0,21.2,0.0075,,
0.2720,36,-4.4,21.2,0.0075,,
0.2800,37,-3.2,21.2,0.0075,,
0.2885,38,-2.1,21.2,0.0075,,
0.2970,39,-0.8,21.2,0.0070,,
0.3045,40,0.2,21.2,0.0070,,
0.3130,41,1.3,21.2,0.0075,,
0.3215,42,2.5,21.2,0.0075,,
0.3300,43,3.5,21.2,0.0075,,
0.3380,44,4.6,21.2,0.0065,,
0.3465,45,5.8,21.2,0.0070,,
0.3540,46,6.7,21.2,0.0070,,
0.3625,47,7.7,21.2,0.0075,,
0.3710,48,8.5,21.2,0.0075,,
0.3795,49,9.5,21.2,0.0075,,
0.3880,50,10.6,21.2,0.0075,,
0.3960,51,11.3,21.2,0.0075,,
0.4040,52,12.2,21.2,0.0075,,
0.4120,53,13.0,21.2,0.0075,,
0.4205,54,13.9,21.2,0.0075,,
0.4290,55,14.8,21.2,0.0075,,
0.4375,56,15.7,21.2,0.0075,,
0.4460,57,16.5,21.2,0.0075,,
0.4540,58,17.4,21.2,0.0075,,
0.4620,59,18.2,21.2,0.0075,,
0.4705,60,19.2,21.2,0.0075,,
0.4785,61,19.9,21.2,0.0075,,
0.4870,62,20.7,21.2,0.0075,,
0.4955,63,21.7,21.2,0.0075,,
0.5030,64,22.4,21.2,0.0070,,
0.5115,65,23.3,21.2,0.0075,,
0.5200,66,24.1,21.2,0.0075,,
0.5285,67,24.9,21.2,0.0075,,
0.5370,68,25.9,21.2,0.0075,,
0.5450,69,26.7,21.2,0.0065,,
0.5530,70,27.5,21.2,0.0075,,
0.5610,71,28.2,21.2,0.0075,,
0.5695,72,29.1,21.2,0.0075,,
0.5780,73,30.0,21.2,0.0075,,
0.5865,74,30.7,21.2,0.0075,,
0.5950,75,31.5,21.2,0.0070,,
0.6025,76,32.3,21.2,0.0070,,
0.6110,77,33.3,21.2,0.0075,,
0.6195,78,34.2,21.2,0.0075,,
0.6275,79,34.9,21.2,0.0075,,
0.6360,80,35.7,21.2,0.0075,,
0.6445,81,36.5,21.2,0.0075,,
0.6520,82,37.4,21.2,0.0070,,
0.6605,83,38.4,21.2,0.0075,,
0.6690,84,39.1,21.2,0.0075,,
0.6775,85,40.0,21.2,0.0075,,
0.6855,86,41.1,21.2,0.0075,,
0.6940,87,41.9,21.2,0.0075,,
0.7015,88,42.8,21.2,0.0070,,
0.7100,89,43.5,21.2,0.0075,,
0.7185,90,44.5,21.2,0.0075,,
0.7270,91,45.6,21.2,0.0075,,
0.7355,92,46.3,21.2,0.0075,,
0.7440,93,47.3,21.2,0.0075,,
0.7515,94,48.1,21.2,0.0070,,
0.7600,95,49.1,21.2,0.0075,,
0.7680,96,50.1,21.2,0.0075,,
0.7765,97,50.9,21.2,0.0075,,
0.7850,98,51.7,21.2,0.0075,,
0.7935,99,52.6,21.2,0.0075,,
0.8010,100,53.7,21.2,0.0070,,
0.8095,101,54.7,21.2,0.0075,,
0.8180,102,55.5,21.2,0.0075,,
0.8265,103,56.4,21.2,0.0075,,
0.8345,104,57.6,21.2,0.0075,,
0.8430,105,58.4,21.2,0.0075,,
0.8505,106,59.5,21.2,0.0070,,
0.8590,107,60.4,21.2,0.0075,,
0.8675,108,61.3,21.2,0.0075,,
0.8760,109,62.5,21.2,0.0075,,
0.8845,110,63.6,21.2,0.0075,,
0.8925,111,64.5,21.2,0.0075,,
0.9005,112,65.4,21.2,0.0075,,
0.9085,113,66.5,21.2,0.0075,,
0.9170,114,67.8,21.2,0.0075,,
0.9255,115,68.7,21.2,0.0075,,
0.9340,116,69.8,21.2,0.0075,,
0.9425,117,70.7,21.2,0.0075,,
0.9500,118,71.9,21.2,0.0070,,
0.9585,119,73.2,21.2,0.0075,,
0.9670,120,74.3,21.2,0.0075,,
0.9750,121,75.4,21.2,0.0075,,
0.9835,122,76.8,21.2,0.0075,,
0.9920,123,77.8,21.2,0.0075,,
0.9995,124,79.1,21.2,0.0070,,
1.0080,125,80.3,21.2,0.0075,,
1.0165,126,81.5,21.2,0.0075,,
1.0250,127,82.9,21.2,0.0075,,
1.0330,128,84.3,21.2,0.0075,,
1.0415,129,85.5,21.2,0.0070,,
1.0490,130,86.8,21.2,0.0070,,
1.0575,131,88.1,21.2,0.0075,,
1.0660,132,89.7,21.2,0.0075,,
1.0745,133,91.2,21.2,0.0075,,
1.0830,134,92.7,21.2,0.0075,,
1.0915,135,94.1,21.2,0.0075,,
1.0990,136,95.8,21.2,0.0070,,
1.1075,137,97.7,21.2,0.0075,,
1.1155,138,99.4,21.2,0.0075,,
1.1240,139,101.2,21.2,0.0075,,
1.1325,140,103.2,21.2,0.0075,,
1.1400,141,105.0,21.2,0.0070,,
1.1485,142,107.2,21.2,0.0075,,
1.1570,143,109.2,21.2,0.0075,,
1.1655,144,111.3,21.2,0.0075,,
1.1735,145,113.9,21.2,0.0075,,
1.1820,146,116.3,21.2,0.0075,,
1.1905,147,118.8,21.2,0.0075,,
1.1980,148,121.6,21.2,0.0070,,
1.2065,149,124.5,21.2,0.0075,,
1.2150,150,128.0,21.2,0.0075,,
1.2235,151,131.5,21.2,0.0075,,
1.2320,152,134.7,21.2,0.0075,,
1.2400,153,138.0,21.2,0.0075,,
1.2480,154,141.6,21.2,0.0075,,
1.2560,155,145.5,21.2,0.0075,,
1.2645,156,149.4,21.2,0.0075,,
1.2730,157,153.1,21.2,0.0075,,
1.2815,158,156.5,21.2,0.0075,,
1.2900,159,159.2,21.2,0.0075,,
1.2975,160,162.4,21.2,0.0070,,
1.3060,161,165.3,21.2,0.0075,,
1.3140,162,167.8,21.2,0.0075,,
1.3225,163,170.4,21.2,0.0070,,
1.3310,164,172.8,21.2,0.0075,,
1.3395,165,174.6,21.2,0.0075,,
1.3470,166,176.9,21.2,0.0070,,
1.3555,167,178.5,21.2,0.0075,,
1.3640,168,180.3,21.2,0.0075,,
1.3725,169,182.0,21.2,0.0075,,
1.3805,170,183.7,21.2,0.0075,,
1.3900,171,185.0,21.2,0.0075,,
1.3900,411,186.3,21.3,0.0000,,
1.3905,412,186.4,21.3,0.0005,,
1.3920,413,186.4,21.3,0.0010,,
1.3945,414,186.9,21.3,0.0015,,
1.3985,416,187.4,21.3,0.0025,,
1.4045,416,187.9,21.3,0.0120,,
1.4130,418,189.1,21.3,0.0055,,
1.4205,418,190.0,21.3,0.0185,,
1.4285,419,191.3,21.3,0.0055,,
1.4370,420,192.4,21.3,0.0060,,
1.4455,422,193.3,21.3,0.0055,,
1.4540,422,194.4,21.3,0.0170,,
1.4625,424,195.4,21.3,0.0055,,
1.4700,424,196.3,21.3,0.0185,,
1.4785,425,197.2,21.3,0.0060,,
1.4870,426,198.0,21.3,0.0060,,
1.4950,428,198.9,21.3,0.0055,,
1.5035,428,199.8,21.3,0.0170,,
1.5120,430,200.5,21.3,0.0055,,
1.5195,430,201.3,21.3,0.0185,,
1.5280,431,201.9,21.3,0.0060,,
1.5365,432,202.7,21.3,0.0060,,
1.5450,434,203.6,21.3,0.0055,,
1.5535,434,204.2,21.3,0.0170,,
1.5615,436,204.9,21.3,0.0055,,
1.5690,436,205.4,21.3,0.0185,,
1.5775,437,206.2,21.3,0.0060,,
1.5860,438,206.9,21.3,0.0060,,
1.5945,440,207.3,21.3,0.0055,,
1.6030,440,208.0,21.3,0.0170,,
1.6115,442,208.8,21.3,0.0055,,
1.6190,442,209.2,21.3,0.0185,,
1.6275,443,209.8,21.3,0.0060,,
1.6355,444,210.2,21.3,0.0055,,
1.6440,446,210.7,21.3,0.0055,,
1.6525,446,211.2,21.3,0.0170,,
1.6610,448,211.7,21.3,0.0055,,
1.6685,448,212.2,21.3,0.0185,,
1.6770,449,212.6,21.3,0.0060,,
1.6855,450,213.1,21.3,0.0060,,
1.6935,452,213.7,21.3,0.0055,,
1.7020,452,214.1,21.3,0.0170,,
1.7105,454,214.5,21.3,0.0055,,
1.7180,454,215.1,21.3,0.0185,,
1.7265,455,215.5,21.3,0.0060,,
1.7350,456,216.0,21.3,0.0060,,
1.7435,458,216.4,21.3,0.0055,,
1.7515,458,216.8,21.3,0.0160,,
1.7600,460,217.2,21.3,0.0055,,
1.7675,460,217.4,21.3,0.0185,,
1.7760,461,217.9,21.3,0.0060,,
1.7845,462,218.3,21.3,0.0060,,
1.7930,464,218.6,21.3,0.0055,,
1.8015,464,219.1,21.3,0.0170,,
1.8100,466,219.5,21.3,0.0055,,
1.8175,466,219.8,21.3,0.0185,,
1.8260,467,220.1,21.3,0.0060,,
1.8340,468,220.4,21.3,0.0055,,
1.8425,470,220.9,21.3,0.0055,,
1.8510,470,221.3,21.3,0.0170,,
1.8595,472,221.5,21.3,0.0055,,
1.8680,472,222.0,21.3,0.0210,,
1.8755,473,222.3,21.3,0.0055,,
1.8840,474,222.7,21.3,0.0060,,
1.8920,476,223.1,21.3,0.0055,,
1.9005,476,223.3,21.3,0.0170,,
1.9090,478,223.6,21.3,0.0055,,
1.9165,478,223.8,21.3,0.0185,,
1.9250,479,224.3,21.3,0.0060,,
1.9335,480,224.7,21.3,0.0060,,
1.9420,482,224.9,21.3,0.0055,,
1.9500,482,225.1,21.3,0.0160,,
1.9585,484,225.5,21.3,0.0055,,
1.9670,484,225.8,21.3,0.0170,,
1.9745,485,226.0,21.3,0.0055,,
1.9830,486,226.2,21.3,0.0060,,
1.9915,488,226.4,21.3,0.0055,,
2.0000,488,226.8,21.3,0.0170,,
2.0080,490,227.1,21.3,0.0055,,
2.0165,490,227.3,21.3,0.0170,,
2.0240,491,227.6,21.3,0.0055,,
2.0325,492,227.8,21.3,0.0060,,
2.0410,493,228.2,21.3,0.0060,,
2.0495,494,228.6,21.3,0.0055,,
2.0580,496,228.7,21.3,0.0055,,
2.0665,496,229.0,21.3,0.0170,,
2.0740,497,229.2,21.3,0.0055,,
2.0820,498,229.5,21.3,0.0055,,
2.0905,499,229.8,21.3,0.0060,,
2.0990,500,230.0,21.3,0.0055,,
2.1075,502,230.1,21.3,0.0055,,
2.1160,502,230.5,21.3,0.0170,,
2.1245,503,230.7,21.3,0.0060,,
2.1320,504,231.0,21.3,0.0055,,
2.1405,505,231.1,21.3,0.0060,,
2.1485,506,231.4,21.3,0.0055,,
2.1570,508,231.7,21.3,0.0055,,
2.1655,508,231.8,21.3,0.0170,,
2.1740,510,231.9,21.3,0.0055,,
2.1815,510,232.2,21.3,0.0185,,
2.1900,511,232.3,21.3,0.0060,,
2.1985,512,232.8,21.3,0.0055,,
2.2065,514,232.9,21.3,0.0055,,
2.2150,514,233.0,21.3,0.0170,,
2.2235,516,233.3,21.3,0.0055,,
2.2310,516,233.5,21.3,0.0185,,
2.2395,517,233.8,21.3,0.0060,,
2.2475,518,234.1,21.3,0.0055,,
2.2545,520,234.2,21.3,0.0045,,
2.2555,520,234.3,21.3,0.0020,,
2.2565,522,234.4,21.3,0.0005,,
2.2580,522,234.4,21.3,0.0035,,
2.2600,523,234.5,21.3,0.0015,,
2.2640,524,234.4,21.3,0.0030,,
2.2680,526,234.6,21.3,0.0025,,
2.2695,526,234.8,21.3,0.0030,,
2.2700,528,234.7,21.3,0.0005,,
2.2710,528,234.8,21.3,0.0025,,
2.2730,529,234.7,21.3,0.0015,,
2.2750,530,234.8,21.3,0.0015,,
2.2775,532,235.0,21.3,0.0015,,
2.2800,532,235.0,21.3,0.0050,,
2.2810,533,235.0,21.3,0.0010,,
Scope 1/1, Sample 18/32 (T10)
Result,TitrationEP1
V,t,E,T,dV/dt,E acc. stat.,Volume acc. stat.
0.0000,0,-67.6,21.2,NaN,,
0.0010,1,-67.6,21.2,0.0010,,
0.0025,2,-67.5,21.2,0.0015,,
0.0050,3,-67.4,21.2,0.0020,,
0.0085,4,-67.3,21.2,0.0030,,
0.0150,5,-67.1,21.2,0.0060,,
0.0230,6,-66.5,21.2,0.0075,,
0.0315,7,-65.2,21.2,0.0075,,
0.0400,8,-64.0,21.2,0.0075,,
0.0485,9,-62.8,21.2,0.0075,,
0.0560,10,-61.3,21.2,0.0070,,
0.0645,11,-59.7,21.2,0.0075,,
0.0725,12,-57.7,21.2,0.0075,,
0.0810,13,-55.8,21.2,0.0075,,
0.0895,14,-54.0,21.2,0.0075,,
0.0980,15,-51.8,21.2,0.0070,,
0.1055,16,-49.8,21.2,0.0070,,
0.1140,17,-47.3,21.2,0.0075,,
0.1225,18,-44.9,21.2,0.0075,,
0.1310,19,-42.3,21.2,0.0075,,
0.1390,20,-39.4,21.2,0.0075,,
0.1475,21,-36.4,21.2,0.0075,,
0.1550,22,-33.8,21.2,0.0070,,
0.1635,23,-30.8,21.2,0.0075,,
0.1720,24,-27.9,21.2,0.0075,,
0.1805,25,-24.7,21.2,0.0075,,
0.1890,26,-21.9,21.2,0.0075,,
0.1970,27,-19.6,21.2,0.0075,,
0.2050,28,-17.4,21.2,0.0075,,
0.2130,29,-15.4,21.2,0.0075,,
0.2215,30,-13.2,21.2,0.0075,,
0.2300,31,-11.4,21.2,0.0075,,
0.2385,32,-10.0,21.2,0.0075,,
0.2470,33,-8.4,21.2,0.0075,,
0.2545,34,-6.9,21.2,0.0070,,
0.2630,35,-5.3,21.2,0.0075,,
0.2715,36,-3.9,21.2,0.0075,,
0.2795,37,-2.9,21.2,0.0075,,
0.2880,38,-1.7,21.2,0.0075,,
0.2965,39,-0.7,21.2,0.0075,,
0.3040,40,0.7,21.2,0.0070,,
0.3125,41,1.7,21.2,0.0075,,
0.3210,42,2.7,21.2,0.0075,,
0.3295,43,3.8,21.2,0.0075,,
0.3375,44,4.8,21.2,0.0075,,
0.3460,45,5.8,21.2,0.0075,,
0.3535,46,6.8,21.2,0.0070,,
0.3620,47,7.6,21.2,0.0075,,
0.3705,48,8.7,21.2,0.0075,,
0.3790,49,9.7,21.2,0.0075,,
0.3875,50,10.6,21.2,0.0075,,
0.3960,51,11.5,21.2,0.0075,,
0.4035,52,12.3,21.2,0.0070,,
0.4115,53,13.2,21.2,0.0075,,
0.4200,54,14.3,21.2,0.0075,,
0.4285,55,14.9,21.2,0.0075,,
0.4370,56,15.7,21.2,0.0075,,
0.4455,57,16.8,21.2,0.0070,,
0.4530,58,17.5,21.2,0.0070,,
0.4615,59,18.5,21.2,0.0075,,
0.4700,60,19.2,21.2,0.0075,,
0.4780,61,19.9,21.2,0.0075,,
0.4865,62,20.9,21.2,0.0075,,
0.4950,63,21.7,21.2,0.0075,,
0.5025,64,22.5,21.2,0.0070,,
0.5110,65,23.3,21.2,0.0075,,
0.5195,66,24.0,21.2,0.0075,,
0.5280,67,25.0,21.2,0.0075,,
0.5360,68,25.9,21.2,0.0075,,
0.5445,69,26.5,21.2,0.0075,,
0.5520,70,27.4,21.2,0.0070,,
0.5605,71,28.1,21.2,0.0075,,
0.5690,72,29.1,21.2,0.0075,,
0.5775,73,29.9,21.2,0.0075,,
0.5860,74,30.6,21.2,0.0075,,
0.5945,75,31.7,21.2,0.0075,,
0.6020,76,32.4,21.2,0.0070,,
0.6105,77,33.3,21.2,0.0075,,
0.6185,78,34.2,21.2,0.0075,,
0.6270,79,34.9,21.2,0.0075,,
0.6355,80,35.8,21.2,0.0075,,
0.6440,81,36.7,21.2,0.0075,,
0.6515,82,37.5,21.2,0.0070,,
0.6600,83,38.4,21.2,0.0075,,
0.6685,84,39.1,21.2,0.0075,,
0.6765,85,40.1,21.2,0.0075,,
0.6850,86,41.0,21.2,0.0075,,
0.6935,87,41.8,21.2,0.0075,,
0.7010,88,42.7,21.2,0.0070,,
0.7095,89,43.4,21.2,0.0075,,
0.7180,90,44.5,21.2,0.0075,,
0.7265,91,45.4,21.2,0.0075,,
0.7350,92,46.2,21.2,0.0075,,
0.7430,93,47.1,21.2,0.0075,,
0.7510,94,47.9,21.2,0.0075,,
0.7590,95,48.9,21.2,0.0075,,
0.7675,96,49.9,21.2,0.0075,,
0.7760,97,50.7,21.2,0.0075,,
0.7845,98,51.7,21.2,0.0075,,
0.7930,99,52.8,21.2,0.0075,,
0.8005,100,53.7,21.2,0.0070,,
0.8090,101,54.6,21.2,0.0075,,
0.8170,102,55.5,21.2,0.0075,,
0.8255,103,56.5,21.2,0.0075,,
0.8340,104,57.6,21.2,0.0075,,
0.8425,105,58.5,21.2,0.0075,,
0.8500,106,59.5,21.2,0.0070,,
0.8585,107,60.3,21.2,0.0075,,
0.8670,108,61.4,21.2,0.0075,,
0.8755,109,62.5,21.2,0.0075,,
0.8835,110,63.5,21.2,0.0075,,
0.8920,111,64.5,21.2,0.0075,,
0.8995,112,65.4,21.2,0.0070,,
0.9080,113,66.5,21.2,0.0075,,
0.9165,114,67.7,21.2,0.0075,,
0.9250,115,68.7,21.2,0.0075,,
0.9335,116,69.7,21.2,0.0075,,
0.9415,117,71.0,21.2,0.0075,,
0.9500,118,71.8,21.2,0.0075,,
0.9575,119,73.1,21.2,0.0070,,
0.9660,120,74.2,21.2,0.0075,,
0.9745,121,75.3,21.2,0.0075,,
0.9830,122,76.6,21.2,0.0075,,
0.9915,123,77.9,21.2,0.0075,,
0.9995,124,79.0,21.2,0.0075,,
1.0075,125,80.2,21.2,0.0075,,
1.0155,126,81.4,21.2,0.0075,,
1.0240,127,82.9,21.2,0.0075,,
1.0325,128,84.3,21.2,0.0075,,
1.0410,129,85.4,21.2,0.0075,,
1.0495,130,86.9,21.2,0.0070,,
1.0570,131,88.3,21.2,0.0070,,
1.0655,132,89.9,21.2,0.0075,,
1.0735,133,91.4,21.2,0.0075,,
1.0820,134,92.8,21.2,0.0075,,
1.0905,135,94.4,21.2,0.0075,,
1.0990,136,95.8,21.2,0.0075,,
1.1065,137,97.8,21.2,0.0070,,
1.1150,138,99.6,21.2,0.0075,,
1.1235,139,101.3,21.2,0.0075,,
1.1320,140,103.5,21.2,0.0075,,
1.1400,141,105.7,21.2,0.0075,,
1.1485,142,107.4,21.2,0.0075,,
1.1560,143,109.5,21.2,0.0070,,
1.1645,144,111.8,21.2,0.0075,,
1.1730,145,114.2,21.2,0.0075,,
1.1815,146,117.0,21.2,0.0075,,
1.1900,147,119.3,21.2,0.0075,,
1.1975,148,122.1,21.2,0.0070,,
1.2060,149,125.2,21.2,0.0075,,
1.2145,150,128.6,21.2,0.0075,,
1.2225,151,132.2,21.2,0.0075,,
1.2310,152,135.7,21.2,0.0075,,
1.2395,153,139.1,21.2,0.0075,,
1.2480,154,142.5,21.2,0.0075,,
1.2555,155,146.3,21.2,0.0070,,
1.2640,156,150.1,21.2,0.0075,,
1.2725,157,153.5,21.2,0.0075,,
1.2805,158,156.9,21.2,0.0075,,
1.2890,159,160.3,21.2,0.0070,,
1.2975,160,162.9,21.2,0.0075,,
1.3050,161,165.8,21.3,0.0070,,
1.3135,162,168.4,21.3,0.0075,,
1.3220,163,170.9,21.3,0.0075,,
1.3305,164,173.0,21.3,0.0075,,
1.3385,165,175.1,21.3,0.0075,,
1.3470,166,176.9,21.3,0.0075,,
1.3545,167,178.6,21.3,0.0070,,
1.3630,168,180.5,21.3,0.0075,,
1.3715,169,182.3,21.3,0.0075,,
1.3800,170,183.8,21.3,0.0075,,
1.3895,171,185.1,21.3,0.0080,,
1.3895,411,186.8,21.3,0.0000,,
1.3900,412,186.9,21.3,0.0005,,
1.3915,413,186.9,21.3,0.0010,,
1.3940,414,187.1,21.3,0.0020,,
1.3980,415,187.6,21.3,0.0030,,
1.4045,416,188.4,21.3,0.0045,,
1.4130,417,189.4,21.3,0.0065,,
1.4205,418,190.6,21.3,0.0060,,
1.4290,419,191.6,21.3,0.0065,,
1.4370,420,192.8,21.3,0.0055,,
1.4455,421,193.8,21.3,0.0060,,
1.4540,422,194.7,21.3,0.0060,,
1.4615,423,195.6,21.3,0.0060,,
1.4700,424,196.5,21.3,0.0065,,
1.4785,425,197.7,21.3,0.0065,,
1.4870,426,198.5,21.3,0.0060,,
1.4950,427,199.2,21.3,0.0055,,
1.5035,428,200.0,21.3,0.0060,,
1.5120,429,200.7,21.3,0.0065,,
1.5195,430,201.6,21.3,0.0060,,
1.5280,431,202.3,21.3,0.0065,,
1.5365,432,202.9,21.3,0.0060,,
1.5450,433,203.7,21.3,0.0060,,
1.5535,434,204.6,21.3,0.0060,,
1.5615,435,205.1,21.3,0.0060,,
1.5695,436,205.8,21.3,0.0060,,
1.5775,437,206.3,21.3,0.0060,,
1.5860,438,207.0,21.3,0.0060,,
1.5945,439,207.7,21.3,0.0060,,
1.6030,440,208.3,21.3,0.0060,,
1.6115,441,208.8,21.3,0.0065,,
1.6190,442,209.2,21.3,0.0060,,
1.6275,443,209.8,21.3,0.0065,,
1.6355,444,210.5,21.3,0.0055,,
1.6440,445,210.9,21.3,0.0060,,
1.6525,446,211.4,21.3,0.0060,,
1.6610,447,211.7,21.3,0.0065,,
1.6685,448,212.3,21.3,0.0060,,
1.6770,449,213.0,21.3,0.0065,,
1.6855,450,213.3,21.3,0.0060,,
1.6940,451,213.7,21.3,0.0060,,
1.7020,452,214.4,21.3,0.0055,,
1.7105,453,214.9,21.3,0.0060,,
1.7180,454,215.3,21.3,0.0060,,
1.7265,455,215.7,21.3,0.0065,,
1.7350,456,216.0,21.3,0.0060,,
1.7435,457,216.7,21.3,0.0060,,
1.7520,458,217.0,21.3,0.0060,,
1.7600,459,217.5,21.3,0.0060,,
1.7680,460,217.7,21.3,0.0060,,
1.7760,461,218.1,21.3,0.0060,,
1.7845,462,218.7,21.3,0.0060,,
1.7930,463,218.9,21.3,0.0060,,
1.8015,464,219.2,21.3,0.0060,,
1.8090,465,219.6,21.3,0.0060,,
1.8175,466,219.9,21.3,0.0065,,
1.8260,467,220.4,21.3,0.0065,,
1.8345,468,220.7,21.3,0.0060,,
1.8425,469,220.9,21.3,0.0055,,
1.8510,470,221.3,21.3,0.0060,,
1.8595,471,221.6,21.3,0.0065,,
1.8670,472,222.1,21.3,0.0060,,
1.8755,473,222.3,21.3,0.0065,,
1.8840,474,222.6,21.3,0.0060,,
1.8925,475,223.0,21.3,0.0060,,
1.9005,476,223.4,21.3,0.0055,,
1.9090,477,223.8,21.3,0.0065,,
1.9165,478,224.0,21.3,0.0060,,
1.9250,479,224.2,21.3,0.0065,,
1.9335,480,224.6,21.3,0.0060,,
1.9420,481,224.9,21.3,0.0060,,
1.9505,482,225.0,21.3,0.0060,,
1.9590,483,225.5,21.3,0.0065,,
1.9665,484,225.7,21.3,0.0060,,
1.9745,485,226.2,21.3,0.0060,,
1.9830,486,226.5,21.3,0.0065,,
1.9915,487,226.7,21.3,0.0060,,
2.0000,488,226.9,21.3,0.0060,,
2.0085,489,227.4,21.3,0.0060,,
2.0160,490,227.6,21.3,0.0060,,
2.0245,491,228.0,21.3,0.0065,,
2.0325,492,228.1,21.3,0.0060,,
2.0410,493,228.2,21.3,0.0060,,
2.0495,494,228.7,21.3,0.0060,,
2.0580,495,229.0,21.3,0.0060,,
2.0655,496,229.2,21.3,0.0060,,
2.0740,497,229.4,21.3,0.0065,,
2.0825,498,229.5,21.3,0.0065,,
2.0910,499,230.0,21.3,0.0060,,
2.0990,500,230.2,21.3,0.0055,,
2.1075,501,230.2,21.3,0.0060,,
2.1160,502,230.5,21.3,0.0065,,
2.1235,503,230.5,21.3,0.0060,,
2.1320,504,230.9,21.3,0.0065,,
2.1405,505,231.3,21.3,0.0060,,
2.1490,506,231.3,21.3,0.0060,,
2.1570,507,231.6,21.3,0.0055,,
2.1655,508,231.7,21.3,0.0065,,
2.1730,509,232.2,21.3,0.0060,,
2.1815,510,232.4,21.3,0.0065,,
2.1900,511,232.4,21.3,0.0060,,
2.1985,512,232.7,21.3,0.0060,,
2.2070,513,233.2,21.3,0.0060,,
2.2155,514,233.3,21.3,0.0065,,
2.2230,515,233.5,21.3,0.0060,,
2.2310,516,233.6,21.3,0.0060,,
2.2390,517,233.8,21.3,0.0055,,
2.2470,518,234.1,21.3,0.0055,,
2.2515,519,234.1,21.3,0.0030,,
2.2520,520,234.2,21.3,0.0005,,
2.2530,521,234.1,21.3,0.0010,,
2.2550,522,234.3,21.3,0.0015,,
2.2575,523,234.6,21.3,0.0020,,
2.2605,524,234.4,21.3,0.0020,,
2.2640,525,234.5,21.3,0.0025,,
2.2670,526,234.6,21.3,0.0025,,
2.2695,527,234.8,21.3,0.0020,,
2.2710,528,234.9,21.3,0.0010,,
2.2715,529,234.7,21.3,0.0005,,
2.2730,530,234.7,21.3,0.0010,,
2.2745,531,234.9,21.3,0.0010,,
2.2765,532,235.0,21.3,0.0015,,
Scope 1/1, Sample 19/32 (T11)
Result,TitrationEP1
V,t,E,T,dV/dt,E acc. stat.,Volume acc. stat.
0.0000,0,-68.3,21.2,NaN,,
0.0010,1,-68.4,21.2,0.0010,,
0.0025,2,-68.3,21.2,0.0015,,
0.0050,3,-68.3,21.2,0.0025,,
0.0090,4,-68.2,21.2,0.0035,,
0.0150,5,-68.1,21.2,0.0055,,
0.0235,6,-67.3,21.2,0.0075,,
0.0320,7,-66.1,21.2,0.0075,,
0.0405,8,-65.0,21.2,0.0075,,
0.0480,9,-63.6,21.2,0.0070,,
0.0565,10,-62.2,21.2,0.0075,,
0.0650,11,-60.5,21.2,0.0075,,
0.0735,12,-58.7,21.2,0.0075,,
0.0815,13,-57.0,21.2,0.0075,,
0.0900,14,-55.1,21.2,0.0070,,
0.0975,15,-53.3,21.2,0.0070,,
0.1060,16,-51.0,21.2,0.0075,,
0.1145,17,-48.6,21.2,0.0075,,
0.1230,18,-46.5,21.2,0.0075,,
0.1315,19,-44.1,21.2,0.0075,,
0.1400,20,-41.3,21.2,0.0075,,
0.1475,21,-38.9,21.2,0.0070,,
0.1555,22,-35.9,21.2,0.0075,,
0.1640,23,-33.1,21.2,0.0075,,
0.1725,24,-30.1,21.2,0.0075,,
0.1810,25,-27.1,21.2,0.0075,,
0.1895,26,-24.4,21.2,0.0075,,
0.1970,27,-21.8,21.2,0.0070,,
0.2055,28,-19.4,21.2,0.0075,,
0.2140,29,-17.2,21.2,0.0075,,
0.2220,30,-15.0,21.2,0.0075,,
0.2305,31,-13.1,21.2,0.0075,,
0.2390,32,-11.6,21.2,0.0075,,
0.2475,33,-10.1,21.2,0.0075,,
0.2550,34,-8.6,21.2,0.0070,,
0.2635,35,-6.9,21.2,0.0075,,
0.2720,36,-5.5,21.2,0.0075,,
0.2800,37,-4.3,21.2,0.0075,,
0.2885,38,-2.9,21.2,0.0075,,
0.2970,39,-2.0,21.2,0.0075,,
0.3045,40,-0.8,21.2,0.0070,,
0.3130,41,0.3,21.2,0.0075,,
0.3215,42,1.2,21.2,0.0075,,
0.3300,43,2.4,21.2,0.0075,,
0.3385,44,3.5,21.2,0.0075,,
0.3460,45,4.4,21.2,0.0070,,
0.3540,46,5.3,21.2,0.0075,,
0.3625,47,6.2,21.2,0.0075,,
0.3710,48,7.3,21.2,0.0075,,
0.3795,49,8.3,21.2,0.0075,,
0.3880,50,9.1,21.2,0.0075,,
0.3965,51,10.1,21.2,0.0075,,
0.4040,52,10.9,21.2,0.0070,,
0.4125,53,11.8,21.2,0.0075,,
0.4205,54,12.8,21.2,0.0075,,
0.4290,55,13.5,21.2,0.0075,,
0.4375,56,14.3,21.2,0.0075,,
0.4460,57,15.2,21.2,0.0075,,
0.4535,58,16.1,21.2,0.0070,,
0.4620,59,17.0,21.2,0.0075,,
0.4705,60,17.8,21.2,0.0075,,
0.4785,61,18.5,21.2,0.0075,,
0.4870,62,19.5,21.2,0.0075,,
0.4955,63,20.2,21.2,0.0085,,
0.5030,64,21.1,21.2,0.0070,,
0.5115,65,21.8,21.2,0.0075,,
0.5200,66,22.6,21.2,0.0075,,
0.5285,67,23.6,21.2,0.0075,,
0.5370,68,24.2,21.2,0.0075,,
0.5450,69,25.1,21.2,0.0075,,
0.5530,70,25.7,21.3,0.0075,,
0.5610,71,26.6,21.3,0.0075,,
0.5695,72,27.5,21.3,0.0075,,
0.5780,73,28.2,21.3,0.0075,,
0.5865,74,29.0,21.3,0.0075,,
0.5950,75,29.8,21.3,0.0075,,
0.6025,76,30.6,21.3,0.0070,,
0.6110,77,31.5,21.3,0.0075,,
0.6195,78,32.2,21.3,0.0075,,
0.6275,79,33.0,21.3,0.0075,,
0.6360,80,33.9,21.3,0.0075,,
0.6445,81,34.7,21.3,0.0085,,
0.6520,82,35.7,21.3,0.0070,,
0.6605,83,36.5,21.3,0.0075,,
0.6690,84,37.2,21.3,0.0075,,
0.6770,85,38.2,21.3,0.0075,,
0.6855,86,39.1,21.3,0.0075,,
0.6940,87,39.7,21.3,0.0075,,
0.7015,88,40.6,21.3,0.0070,,
0.7100,89,41.3,21.3,0.0075,,
0.7185,90,42.3,21.3,0.0075,,
0.7270,91,43.2,21.3,0.0075,,
0.7355,92,43.9,21.3,0.0075,,
0.7435,93,44.8,21.3,0.0080,,
0.7515,94,45.6,21.3,0.0075,,
0.7595,95,46.7,21.3,0.0075,,
0.7680,96,47.6,21.3,0.0075,,
0.7765,97,48.3,21.3,0.0075,,
0.7850,98,49.3,21.3,0.0075,,
0.7935,99,50.4,21.3,0.0075,,
0.8010,100,51.2,21.3,0.0070,,
0.8095,101,52.2,21.3,0.0075,,
0.8180,102,53.0,21.3,0.0075,,
0.8260,103,54.0,21.3,0.0075,,
0.8345,104,55.2,21.3,0.0075,,
0.8430,105,56.1,21.3,0.0075,,
0.8505,106,57.0,21.3,0.0070,,
0.8590,107,57.8,21.3,0.0075,,
0.8675,108,58.9,21.3,0.0075,,
0.8760,109,60.0,21.3,0.0075,,
0.8840,110,60.9,21.3,0.0075,,
0.8925,111,61.8,21.3,0.0085,,
0.9000,112,62.8,21.3,0.0070,,
0.9085,113,64.0,21.3,0.0075,,
0.9170,114,65.1,21.3,0.0075,,
0.9255,115,66.1,21.3,0.0075,,
0.9340,116,67.0,21.3,0.0075,,
0.9425,117,68.3,21.3,0.0075,,
0.9500,118,69.1,21.3,0.0070,,
0.9585,119,70.3,21.3,0.0075,,
0.9665,120,71.3,21.3,0.0075,,
0.9750,121,72.5,21.3,0.0075,,
0.9835,122,73.8,21.3,0.0075,,
0.9920,123,75.0,21.3,0.0075,,
0.9995,124,76.0,21.3,0.0070,,
1.0080,125,77.1,21.3,0.0075,,
1.0165,126,78.3,21.3,0.0075,,
1.0245,127,79.7,21.3,0.0075,,
1.0330,128,81.0,21.3,0.0075,,
1.0415,129,82.1,21.3,0.0075,,
1.0490,130,83.4,21.3,0.0070,,
1.0575,131,84.7,21.3,0.0075,,
1.0660,132,86.2,21.3,0.0075,,
1.0745,133,87.5,21.3,0.0075,,
1.0825,134,88.8,21.3,0.0075,,
1.0910,135,90.3,21.3,0.0075,,
1.0985,136,91.7,21.3,0.0070,,
1.1070,137,93.5,21.3,0.0075,,
1.1155,138,95.1,21.3,0.0075,,
1.1240,139,96.6,21.3,0.0075,,
1.1325,140,98.4,21.3,0.0075,,
1.1410,141,100.4,21.3,0.0075,,
1.1485,142,101.9,21.3,0.0070,,
1.1570,143,103.9,21.3,0.0075,,
1.1650,144,105.7,21.3,0.0075,,
1.1735,145,107.8,21.3,0.0075,,
1.1820,146,110.0,21.3,0.0075,,
1.1905,147,112.1,21.3,0.0075,,
1.1980,148,114.4,21.3,0.0070,,
1.2065,149,117.1,21.3,0.0075,,
1.2150,150,120.0,21.3,0.0075,,
1.2230,151,122.9,21.3,0.0075,,
1.2315,152,126.0,21.3,0.0075,,
1.2400,153,129.3,21.3,0.0075,,
1.2485,154,132.6,21.3,0.0075,,
1.2560,155,136.2,21.3,0.0070,,
1.2645,156,139.7,21.3,0.0075,,
1.2730,157,143.3,21.3,0.0075,,
1.2810,158,147.0,21.3,0.0075,,
1.2895,159,150.9,21.3,0.0075,,
1.2980,160,154.1,21.3,0.0075,,
1.3055,161,157.6,21.3,0.0070,,
1.3140,162,160.6,21.3,0.0075,,
1.3225,163,163.5,21.3,0.0075,,
1.3310,164,166.4,21.3,0.0075,,
1.3395,165,168.9,21.3,0.0075,,
1.3470,166,171.1,21.3,0.0070,,
1.3555,167,173.2,21.3,0.0075,,
1.3635,168,175.3,21.3,0.0075,,
1.3720,169,177.3,21.3,0.0075,,
1.3805,170,179.3,21.3,0.0075,,
1.3890,171,180.8,21.3,0.0075,,
1.3975,172,182.5,21.3,0.0075,,
1.4050,173,183.8,21.3,0.0070,,
1.4135,174,185.2,21.3,0.0075,,
1.4135,414,186.7,21.3,0.0000,,
1.4140,415,186.6,21.3,0.0005,,
1.4155,416,186.7,21.3,0.0010,,
1.4180,417,186.9,21.3,0.0020,,
1.4220,418,187.3,21.3,0.0030,,
1.4280,419,188.1,21.3,0.0045,,
1.4360,420,189.4,21.3,0.0060,,
1.4440,421,190.4,21.3,0.0065,,
1.4520,422,191.4,21.3,0.0065,,
1.4605,423,192.3,21.3,0.0070,,
1.4690,424,193.4,21.3,0.0065,,
1.4775,425,194.5,21.3,0.0065,,
1.4860,426,195.3,21.3,0.0065,,
1.4935,427,196.3,21.3,0.0060,,
1.5020,428,197.1,21.3,0.0070,,
1.5105,429,198.0,21.3,0.0070,,
1.5185,430,199.0,21.3,0.0060,,
1.5270,431,199.6,21.3,0.0065,,
1.5355,432,200.5,21.3,0.0065,,
1.5430,433,201.1,21.3,0.0060,,
1.5515,434,202.0,21.3,0.0070,,
1.5600,435,202.7,21.3,0.0070,,
1.5685,436,203.3,21.4,0.0065,,
1.5765,437,204.0,21.4,0.0060,,
1.5850,438,204.8,21.4,0.0065,,
1.5925,439,205.3,21.4,0.0060,,
1.6010,440,206.1,21.3,0.0070,,
1.6095,441,206.6,21.4,0.0065,,
1.6180,442,207.3,21.4,0.0065,,
1.6265,443,208.0,21.3,0.0065,,
1.6350,444,208.4,21.3,0.0065,,
1.6425,445,209.0,21.4,0.0060,,
1.6510,446,209.3,21.4,0.0070,,
1.6590,447,210.0,21.4,0.0065,,
1.6675,448,210.7,21.4,0.0065,,
1.6760,449,211.1,21.4,0.0065,,
1.6845,450,211.5,21.4,0.0065,,
1.6920,451,212.0,21.4,0.0060,,
1.7005,452,212.5,21.4,0.0070,,
1.7090,453,213.2,21.3,0.0070,,
1.7170,454,213.6,21.4,0.0060,,
1.7255,455,214.0,21.4,0.0065,,
1.7340,456,214.6,21.4,0.0065,,
1.7425,457,214.9,21.4,0.0070,,
1.7500,458,215.5,21.4,0.0060,,
1.7585,459,215.9,21.3,0.0070,,
1.7670,460,216.2,21.4,0.0065,,
1.7750,461,216.7,21.4,0.0060,,
1.7835,462,217.2,21.4,0.0065,,
1.7920,463,217.6,21.4,0.0070,,
1.7995,464,217.9,21.4,0.0060,,
1.8080,465,218.2,21.4,0.0070,,
1.8165,466,218.7,21.4,0.0065,,
1.8250,467,219.1,21.4,0.0065,,
1.8330,468,219.3,21.4,0.0060,,
1.8415,469,219.7,21.4,0.0070,,
1.8490,470,220.1,21.4,0.0060,,
1.8575,471,220.5,21.4,0.0070,,
1.8660,472,220.9,21.4,0.0070,,
1.8745,473,221.1,21.4,0.0065,,
1.8830,474,221.5,21.4,0.0065,,
1.8910,475,221.9,21.4,0.0060,,
1.8990,476,222.1,21.4,0.0065,,
1.9070,477,222.6,21.4,0.0065,,
1.9155,478,222.8,21.4,0.0065,,
1.9240,479,223.0,21.4,0.0065,,
1.9325,480,223.4,21.4,0.0065,,
1.9410,481,223.8,21.4,0.0065,,
1.9485,482,224.1,21.4,0.0060,,
1.9570,483,224.2,21.4,0.0070,,
1.9655,484,224.5,21.4,0.0070,,
1.9735,485,225.0,21.4,0.0060,,
1.9820,486,225.2,21.4,0.0065,,
1.9905,487,225.4,21.4,0.0065,,
1.9980,488,225.7,21.4,0.0060,,
2.0065,489,225.9,21.4,0.0070,,
2.0150,490,226.4,21.4,0.0070,,
2.0235,491,226.7,21.4,0.0065,,
2.0315,492,226.8,21.4,0.0060,,
2.0400,493,227.1,21.4,0.0065,,
2.0475,494,227.3,21.4,0.0060,,
2.0560,495,227.7,21.4,0.0070,,
2.0645,496,228.0,21.4,0.0065,,
2.0730,497,228.1,21.4,0.0065,,
2.0815,498,228.4,21.4,0.0065,,
2.0900,499,228.9,21.4,0.0065,,
2.0975,500,229.0,21.4,0.0060,,
2.1060,501,229.3,21.4,0.0070,,
2.1140,502,229.5,21.4,0.0060,,
2.1225,503,229.8,21.4,0.0065,,
2.1310,504,230.2,21.4,0.0065,,
2.1395,505,230.2,21.4,0.0065,,
2.1470,506,230.4,21.4,0.0060,,
2.1555,507,230.6,21.4,0.0070,,
2.1640,508,230.9,21.4,0.0070,,
2.1720,509,231.3,21.4,0.0060,,
2.1805,510,231.4,21.4,0.0065,,
2.1890,511,231.5,21.4,0.0065,,
2.1965,512,231.8,21.4,0.0060,,
2.2050,513,232.1,21.4,0.0070,,
2.2135,514,232.4,21.4,0.0070,,
2.2220,515,232.6,21.4,0.0065,,
2.2300,516,232.8,21.4,0.0060,,
2.2385,517,233.1,21.4,0.0065,,
2.2470,518,233.1,21.4,0.0070,,
2.2545,519,233.5,21.4,0.0060,,
2.2630,520,233.6,21.4,0.0070,,
2.2715,521,233.8,21.4,0.0065,,
2.2790,522,234.1,21.4,0.0060,,
2.2870,523,234.3,21.4,0.0060,,
2.2900,524,234.4,21.4,0.0025,,
2.2910,525,234.3,21.4,0.0010,,
2.2915,526,234.2,21.4,0.0005,,
2.2925,527,234.4,21.4,0.0010,,
2.2940,528,234.5,21.4,0.0010,,
2.2965,529,234.4,21.4,0.0020,,
2.2995,530,234.6,21.4,0.0025,,
2.3030,531,234.5,21.4,0.0030,,
2.3065,532,234.8,21.4,0.0030,,
2.3095,533,234.9,21.4,0.0025,,
2.3115,534,234.8,21.4,0.0015,,
2.3130,535,235.1,21.4,0.0010,,
Scope 1/1, Sample 20/32 (T12)
Result,TitrationEP1
V,t,E,T,dV/dt,E acc. stat.,Volume acc. stat.
0.0000,0,-68.2,21.3,NaN,,
0.0010,1,-68.1,21.3,0.0010,,
0.0025,2,-68.2,21.3,0.0015,,
0.0050,3,-68.1,21.3,0.0025,,
0.0090,4,-68.1,21.3,0.0035,,
0.0150,5,-67.7,21.3,0.0055,,
0.0235,6,-66.9,21.3,0.0075,,
0.0320,7,-66.0,21.3,0.0075,,
0.0405,8,-64.8,21.3,0.0075,,
0.0490,9,-63.6,21.3,0.0075,,
0.0565,10,-62.0,21.3,0.0070,,
0.0650,11,-60.4,21.3,0.0075,,
0.0735,12,-58.9,21.3,0.0075,,
0.0815,13,-57.1,21.3,0.0075,,
0.0900,14,-55.1,21.3,0.0075,,
0.0985,15,-53.4,21.3,0.0085,,
0.1060,16,-51.3,21.3,0.0070,,
0.1145,17,-49.1,21.3,0.0075,,
0.1230,18,-46.8,21.3,0.0075,,
0.1315,19,-44.3,21.3,0.0075,,
0.1395,20,-41.6,21.3,0.0075,,
0.1480,21,-39.2,21.3,0.0085,,
0.1555,22,-36.4,21.3,0.0070,,
0.1640,23,-33.4,21.3,0.0075,,
0.1725,24,-30.3,21.3,0.0075,,
0.1810,25,-27.4,21.3,0.0075,,
0.1895,26,-24.7,21.3,0.0075,,
0.1975,27,-22.0,21.3,0.0075,,
0.2055,28,-19.8,21.3,0.0075,,
0.2135,29,-17.4,21.3,0.0075,,
0.2220,30,-15.3,21.3,0.0075,,
0.2305,31,-13.5,21.3,0.0075,,
0.2390,32,-11.7,21.3,0.0075,,
0.2475,33,-10.1,21.3,0.0075,,
0.2550,34,-8.8,21.3,0.0070,,
0.2635,35,-7.3,21.3,0.0075,,
0.2715,36,-5.9,21.3,0.0075,,
0.2800,37,-4.4,21.3,0.0075,,
0.2885,38,-3.1,21.3,0.0075,,
0.2970,39,-2.1,21.3,0.0075,,
0.3045,40,-1.0,21.3,0.0070,,
0.3130,41,0.0,21.3,0.0075,,
0.3215,42,1.1,21.3,0.0075,,
0.3300,43,2.3,21.3,0.0075,,
0.3380,44,3.2,21.3,0.0075,,
0.3465,45,4.1,21.3,0.0075,,
0.3540,46,5.0,21.3,0.0070,,
0.3625,47,6.0,21.3,0.0075,,
0.3710,48,7.1,21.3,0.0075,,
0.3795,49,7.9,21.3,0.0075,,
0.3880,50,8.8,21.3,0.0075,,
0.3965,51,9.8,21.3,0.0075,,
0.4040,52,10.6,21.3,0.0070,,
0.4125,53,11.6,21.3,0.0075,,
0.4205,54,12.3,21.3,0.0075,,
0.4290,55,13.1,21.3,0.0075,,
0.4375,56,14.1,21.3,0.0075,,
0.4460,57,14.9,21.3,0.0075,,
0.4535,58,15.7,21.3,0.0070,,
0.4620,59,16.6,21.3,0.0075,,
0.4705,60,17.5,21.3,0.0075,,
0.4785,61,18.4,21.3,0.0075,,
0.4870,62,19.3,21.3,0.0075,,
0.4955,63,20.0,21.3,0.0075,,
0.5030,64,20.8,21.3,0.0070,,
0.5115,65,21.6,21.3,0.0075,,
0.5200,66,22.5,21.3,0.0075,,
0.5285,67,23.4,21.3,0.0075,,
0.5365,68,24.1,21.3,0.0075,,
0.5450,69,25.0,21.3,0.0075,,
0.5525,70,25.7,21.3,0.0070,,
0.5610,71,26.6,21.3,0.0075,,
0.5695,72,27.5,21.3,0.0075,,
0.5780,73,28.2,21.3,0.0075,,
0.5865,74,29.1,21.3,0.0075,,
0.5950,75,30.0,21.3,0.0075,,
0.6025,76,30.6,21.3,0.0070,,
0.6105,77,31.5,21.3,0.0075,,
0.6190,78,32.3,21.3,0.0075,,
0.6275,79,33.2,21.3,0.0075,,
0.6360,80,34.1,21.3,0.0075,,
0.6445,81,34.9,21.3,0.0075,,
0.6520,82,35.7,21.3,0.0070,,
0.6605,83,36.5,21.3,0.0075,,
0.6690,84,37.4,21.3,0.0075,,
0.6770,85,38.3,21.3,0.0075,,
0.6855,86,39.1,21.3,0.0075,,
0.6940,87,39.9,21.3,0.0075,,
0.7015,88,40.7,21.3,0.0070,,
0.7100,89,41.7,21.3,0.0075,,
0.7185,90,42.6,21.3,0.0075,,
0.7270,91,43.3,21.3,0.0075,,
0.7355,92,44.2,21.3,0.0075,,
0.7435,93,45.1,21.3,0.0075,,
0.7515,94,45.9,21.3,0.0075,,
0.7595,95,46.8,21.3,0.0075,,
0.7680,96,47.7,21.3,0.0075,,
0.7765,97,48.7,21.3,0.0075,,
0.7850,98,49.6,21.3,0.0075,,
0.7935,99,50.5,21.3,0.0075,,
0.8010,100,51.4,21.3,0.0070,,
0.8095,101,52.4,21.3,0.0075,,
0.8175,102,53.4,21.3,0.0075,,
0.8260,103,54.4,21.3,0.0075,,
0.8345,104,55.4,21.3,0.0075,,
0.8430,105,56.3,21.3,0.0075,,
0.8505,106,57.2,21.3,0.0070,,
0.8590,107,58.2,21.3,0.0075,,
0.8675,108,59.3,21.3,0.0075,,
0.8760,109,60.2,21.3,0.0075,,
0.8840,110,61.1,21.3,0.0075,,
0.8925,111,62.3,21.3,0.0075,,
0.9000,112,63.2,21.3,0.0070,,
0.9085,113,64.3,21.3,0.0075,,
0.9170,114,65.3,21.3,0.0075,,
0.9255,115,66.3,21.3,0.0075,,
0.9340,116,67.3,21.3,0.0075,,
0.9425,117,68.3,21.3,0.0075,,
0.9500,118,69.6,21.3,0.0070,,
0.9580,119,70.6,21.3,0.0075,,
0.9665,120,71.7,21.3,0.0075,,
0.9750,121,72.9,21.3,0.0075,,
0.9835,122,74.0,21.3,0.0075,,
0.9920,123,75.1,21.3,0.0075,,
0.9995,124,76.2,21.3,0.0070,,
1.0080,125,77.3,21.3,0.0075,,
1.0165,126,78.7,21.3,0.0075,,
1.0245,127,80.0,21.3,0.0075,,
1.0330,128,81.1,21.3,0.0075,,
1.0415,129,82.5,21.3,0.0075,,
1.0490,130,83.6,21.3,0.0070,,
1.0575,131,85.0,21.3,0.0075,,
1.0660,132,86.4,21.3,0.0075,,
1.0745,133,87.7,21.3,0.0075,,
1.0825,134,89.1,21.3,0.0075,,
1.0910,135,90.7,21.3,0.0075,,
1.0995,136,92.3,21.3,0.0085,,
1.1070,137,93.9,21.3,0.0070,,
1.1155,138,95.6,21.3,0.0075,,
1.1240,139,97.4,21.3,0.0075,,
1.1325,140,99.2,21.3,0.0070,,
1.1405,141,101.0,21.3,0.0075,,
1.1490,142,102.5,21.3,0.0085,,
1.1565,143,104.4,21.3,0.0070,,
1.1650,144,106.4,21.3,0.0075,,
1.1735,145,108.7,21.3,0.0075,,
1.1820,146,110.8,21.3,0.0075,,
1.1905,147,113.2,21.3,0.0075,,
1.1990,148,116.0,21.3,0.0075,,
1.2065,149,118.3,21.3,0.0070,,
1.2145,150,121.3,21.3,0.0075,,
1.2230,151,124.2,21.3,0.0075,,
1.2315,152,127.2,21.3,0.0075,,
1.2400,153,130.6,21.3,0.0075,,
1.2485,154,134.3,21.3,0.0075,,
1.2560,155,137.6,21.3,0.0070,,
1.2645,156,141.2,21.3,0.0075,,
1.2730,157,144.7,21.3,0.0075,,
1.2810,158,148.9,21.3,0.0075,,
1.2895,159,152.4,21.3,0.0075,,
1.2980,160,155.6,21.3,0.0075,,
1.3055,161,158.6,21.3,0.0070,,
1.3140,162,162.0,21.3,0.0075,,
1.3225,163,164.9,21.3,0.0075,,
1.3310,164,167.4,21.3,0.0075,,
1.3390,165,169.9,21.3,0.0075,,
1.3475,166,172.2,21.3,0.0075,,
1.3550,167,174.1,21.3,0.0070,,
1.3635,168,176.3,21.3,0.0075,,
1.3720,169,178.2,21.3,0.0075,,
1.3805,170,179.8,21.3,0.0075,,
1.3890,171,181.6,21.3,0.0075,,
1.3975,172,183.0,21.3,0.0085,,
1.4050,173,184.6,21.3,0.0070,,
1.4110,174,185.2,21.3,0.0075,,
1.4110,414,187.0,21.4,0.0000,,
1.4115,415,187.0,21.4,0.0005,,
1.4130,416,187.1,21.4,0.0020,,
1.4155,417,187.3,21.4,0.0030,,
1.4195,418,187.8,21.4,0.0045,,
1.4260,419,188.5,21.4,0.0070,,
1.4345,420,189.4,21.4,0.0105,,
1.4420,421,190.6,21.4,0.0095,,
1.4500,422,191.7,21.4,0.0100,,
1.4585,423,192.6,21.4,0.0095,,
1.4670,424,193.7,21.4,0.0095,,
1.4755,425,194.8,21.4,0.0095,,
1.4840,426,195.6,21.4,0.0105,,
1.4915,427,196.5,21.4,0.0095,,
1.5000,428,197.3,21.4,0.0105,,
1.5085,429,198.4,21.4,0.0095,,
1.5165,430,199.1,21.4,0.0090,,
1.5250,431,200.0,21.4,0.0095,,
1.5335,432,200.7,21.4,0.0095,,
1.5410,433,201.5,21.4,0.0095,,
1.5495,434,202.3,21.4,0.0105,,
1.5580,435,203.1,21.4,0.0095,,
1.5665,436,203.7,21.4,0.0095,,
1.5745,437,204.4,21.4,0.0090,,
1.5830,438,205.1,21.4,0.0095,,
1.5905,439,205.7,21.4,0.0095,,
1.5990,440,206.3,21.4,0.0105,,
1.6075,441,206.9,21.4,0.0105,,
1.6160,442,207.5,21.4,0.0095,,
1.6245,443,208.2,21.4,0.0095,,
1.6330,444,208.7,21.4,0.0095,,
1.6405,445,209.3,21.4,0.0095,,
1.6490,446,209.8,21.4,0.0105,,
1.6570,447,210.3,21.4,0.0100,,
1.6655,448,210.9,21.4,0.0095,,
1.6740,449,211.5,21.4,0.0095,,
1.6825,450,211.9,21.4,0.0095,,
1.6900,451,212.3,21.4,0.0095,,
1.6985,452,212.7,21.4,0.0105,,
1.7065,453,213.2,21.4,0.0100,,
1.7150,454,213.7,21.4,0.0095,,
1.7235,455,214.1,21.4,0.0095,,
1.7320,456,214.6,21.4,0.0095,,
1.7395,457,214.9,21.4,0.0095,,
1.7480,458,215.5,21.4,0.0105,,
1.7565,459,216.0,21.4,0.0105,,
1.7650,460,216.3,21.4,0.0095,,
1.7730,461,216.8,21.4,0.0090,,
1.7815,462,217.2,21.4,0.0095,,
1.7890,463,217.5,21.4,0.0095,,
1.7975,464,217.9,21.4,0.0105,,
1.8060,465,218.3,21.4,0.0105,,
1.8145,466,218.8,21.4,0.0095,,
1.8230,467,219.2,21.4,0.0095,,
1.8315,468,219.6,21.4,0.0095,,
1.8390,469,219.9,21.4,0.0095,,
1.8475,470,220.2,21.4,0.0105,,
1.8555,471,220.7,21.4,0.0100,,
1.8640,472,221.0,21.4,0.0095,,
1.8725,473,221.3,21.4,0.0095,,
1.8810,474,221.7,21.4,0.0095,,
1.8885,475,221.9,21.4,0.0095,,
1.8970,476,222.2,21.4,0.0105,,
1.9055,477,222.5,21.4,0.0105,,
1.9135,478,222.8,21.4,0.0090,,
1.9220,479,223.1,21.4,0.0095,,
1.9305,480,223.5,21.4,0.0095,,
1.9380,481,223.8,21.4,0.0095,,
1.9465,482,224.1,21.4,0.0105,,
1.9550,483,224.4,21.4,0.0105,,
1.9635,484,224.8,21.4,0.0095,,
1.9720,485,225.1,21.4,0.0095,,
1.9800,486,225.4,21.4,0.0090,,
1.9880,487,225.8,21.4,0.0100,,
1.9960,488,225.9,21.4,0.0100,,
2.0045,489,226.2,21.4,0.0105,,
2.0130,490,226.6,21.4,0.0095,,
2.0215,491,226.8,21.4,0.0095,,
2.0300,492,226.9,21.4,0.0095,,
2.0380,493,227.2,21.4,0.0100,,
2.0460,494,227.4,21.4,0.0100,,
2.0540,495,227.8,21.4,0.0100,,
2.0625,496,228.1,21.4,0.0095,,
2.0710,497,228.3,21.4,0.0095,,
2.0795,498,228.6,21.4,0.0095,,
2.0870,499,228.8,21.4,0.0095,,
2.0955,500,229.1,21.4,0.0105,,
2.1040,501,229.3,21.4,0.0105,,
2.1120,502,229.5,21.4,0.0090,,
2.1205,503,229.9,21.4,0.0095,,
2.1290,504,230.2,21.4,0.0095,,
2.1365,505,230.4,21.4,0.0095,,
2.1450,506,230.6,21.4,0.0105,,
2.1535,507,230.7,21.4,0.0105,,
2.1620,508,231.0,21.4,0.0095,,
2.1705,509,231.3,21.4,0.0095,,
2.1785,510,231.4,21.4,0.0090,,
2.1870,511,231.6,21.4,0.0105,,
2.1945,512,231.8,21.4,0.0095,,
2.2030,513,232.1,21.4,0.0105,,
2.2115,514,232.4,21.4,0.0095,,
2.2200,515,232.5,21.4,0.0095,,
2.2285,516,232.8,21.4,0.0095,,
2.2370,517,232.9,21.4,0.0105,,
2.2445,518,233.2,21.4,0.0095,,
2.2530,519,233.4,21.4,0.0105,,
2.2610,520,233.6,21.4,0.0090,,
2.2695,521,234.0,21.4,0.0095,,
2.2780,522,234.2,21.4,0.0095,,
2.2850,523,234.5,21.4,0.0085,,
2.2900,524,234.5,21.4,0.0060,,
2.2905,525,234.6,21.4,0.0005,,
2.2910,526,234.6,21.4,0.0005,,
2.2920,527,234.6,21.4,0.0010,,
2.2935,528,234.5,21.4,0.0015,,
2.2940,529,234.6,21.4,0.0005,,
2.2950,530,234.5,21.4,0.0010,,
2.2970,531,234.6,21.4,0.0025,,
2.2990,532,234.7,21.4,0.0020,,
2.3015,533,234.6,21.4,0.0030,,
2.3045,534,234.8,21.4,0.0035,,
2.3055,535,235.0,21.4,0.0015,,
Scope 1/1, Sample 21/32 (T13)
Result,TitrationEP1
V,t,E,T,dV/dt,E acc. stat.,Volume acc. stat.
0.0000,0,-66.5,21.3,NaN,,
0.0005,1,-66.6,21.3,0.0005,,
0.0025,2,-66.6,21.3,0.0020,,
0.0050,3,-66.5,21.3,0.0025,,
0.0085,4,-66.4,21.3,0.0030,,
0.0150,5,-66.2,21.3,0.0060,,
0.0230,6,-65.5,21.3,0.0075,,
0.0305,7,-64.8,21.3,0.0075,,
0.0390,8,-63.5,21.3,0.0085,,
0.0475,9,-62.2,21.3,0.0085,,
0.0560,10,-60.8,21.3,0.0075,,
0.0645,11,-59.0,21.3,0.0075,,
0.0725,12,-57.3,21.3,0.0075,,
0.0805,13,-55.6,21.3,0.0080,,
0.0885,14,-53.6,21.3,0.0080,,
0.0970,15,-51.6,21.3,0.0085,,
0.1055,16,-49.3,21.3,0.0075,,
0.1140,17,-47.0,21.3,0.0075,,
0.1225,18,-44.8,21.3,0.0075,,
0.1300,19,-42.4,21.3,0.0075,,
0.1385,20,-39.9,21.3,0.0085,,
0.1465,21,-37.1,21.3,0.0080,,
0.1550,22,-34.1,21.3,0.0075,,
0.1635,23,-31.3,21.3,0.0075,,
0.1720,24,-28.5,21.3,0.0075,,
0.1795,25,-26.0,21.3,0.0075,,
0.1880,26,-23.4,21.3,0.0085,,
0.1965,27,-20.8,21.3,0.0085,,
0.2045,28,-18.7,21.3,0.0075,,
0.2130,29,-16.7,21.3,0.0075,,
0.2215,30,-14.7,21.3,0.0075,,
0.2300,31,-13.1,21.3,0.0085,,
0.2375,32,-11.4,21.3,0.0075,,
0.2460,33,-9.9,21.3,0.0085,,
0.2545,34,-8.5,21.3,0.0075,,
0.2625,35,-7.0,21.3,0.0075,,
0.2710,36,-5.6,21.3,0.0075,,
0.2795,37,-4.4,21.3,0.0075,,
0.2870,38,-3.4,21.3,0.0075,,
0.2955,39,-2.4,21.3,0.0085,,
0.3040,40,-1.1,21.3,0.0075,,
0.3125,41,-0.1,21.3,0.0075,,
0.3210,42,0.7,21.3,0.0075,,
0.3290,43,1.8,21.3,0.0075,,
0.3370,44,2.5,21.3,0.0080,,
0.3450,45,3.7,21.3,0.0080,,
0.3535,46,4.7,21.3,0.0085,,
0.3620,47,5.5,21.3,0.0075,,
0.3705,48,6.6,21.3,0.0075,,
0.3790,49,7.4,21.3,0.0085,,
0.3865,50,8.4,21.3,0.0075,,
0.3950,51,9.2,21.3,0.0085,,
0.4030,52,9.9,21.3,0.0075,,
0.4115,53,10.9,21.3,0.0075,,
0.4200,54,11.9,21.3,0.0075,,
0.4285,55,12.7,21.3,0.0085,,
0.4360,56,13.5,21.3,0.0075,,
0.4445,57,14.2,21.3,0.0085,,
0.4530,58,15.1,21.3,0.0075,,
0.4615,59,16.1,21.3,0.0075,,
0.4695,60,16.8,21.3,0.0075,,
0.4780,61,17.6,21.3,0.0085,,
0.4855,62,18.3,21.3,0.0075,,
0.4940,63,19.2,21.3,0.0085,,
0.5025,64,20.1,21.3,0.0075,,
0.5110,65,20.9,21.3,0.0075,,
0.5195,66,21.8,21.3,0.0075,,
0.5270,67,22.5,21.3,0.0075,,
0.5355,68,23.4,21.3,0.0085,,
0.5440,69,24.2,21.3,0.0085,,
0.5520,70,24.8,21.3,0.0075,,
0.5605,71,25.7,21.3,0.0075,,
0.5690,72,26.8,21.3,0.0075,,
0.5775,73,27.5,21.3,0.0075,,
0.5850,74,28.4,21.3,0.0075,,
0.5935,75,29.0,21.3,0.0085,,
0.6020,76,29.9,21.3,0.0075,,
0.6100,77,30.9,21.3,0.0075,,
0.6185,78,31.7,21.3,0.0075,,
0.6270,79,32.6,21.3,0.0085,,
0.6345,80,33.3,21.3,0.0075,,
0.6430,81,34.2,21.3,0.0085,,
0.6515,82,35.2,21.3,0.0075,,
0.6600,83,35.9,21.3,0.0075,,
0.6685,84,36.6,21.3,0.0075,,
0.6765,85,37.5,21.3,0.0080,,
0.6840,86,38.5,21.3,0.0075,,
0.6925,87,39.4,21.3,0.0085,,
0.7010,88,40.2,21.3,0.0075,,
0.7095,89,41.0,21.3,0.0075,,
0.7180,90,42.0,21.3,0.0075,,
0.7265,91,43.0,21.3,0.0075,,
0.7340,92,43.8,21.3,0.0075,,
0.7425,93,44.6,21.3,0.0085,,
0.7505,94,45.4,21.3,0.0075,,
0.7590,95,46.5,21.3,0.0075,,
0.7675,96,47.4,21.3,0.0075,,
0.7760,97,48.2,21.3,0.0075,,
0.7835,98,49.0,21.3,0.0075,,
0.7920,99,49.9,21.3,0.0085,,
0.8005,100,51.0,21.4,0.0085,,
0.8085,101,52.0,21.3,0.0075,,
0.8170,102,52.8,21.3,0.0075,,
0.8255,103,53.8,21.3,0.0075,,
0.8330,104,54.6,21.4,0.0075,,
0.8415,105,55.8,21.4,0.0085,,
0.8500,106,56.6,21.4,0.0085,,
0.8585,107,57.6,21.4,0.0075,,
0.8665,108,58.6,21.4,0.0075,,
0.8750,109,59.8,21.4,0.0075,,
0.8825,110,60.6,21.4,0.0075,,
0.8910,111,61.6,21.4,0.0085,,
0.8995,112,62.5,21.4,0.0085,,
0.9080,113,63.7,21.4,0.0075,,
0.9165,114,64.9,21.4,0.0075,,
0.9250,115,65.9,21.4,0.0075,,
0.9325,116,67.0,21.4,0.0075,,
0.9410,117,68.0,21.4,0.0085,,
0.9490,118,69.3,21.4,0.0075,,
0.9575,119,70.5,21.4,0.0075,,
0.9660,120,71.4,21.4,0.0075,,
0.9745,121,72.5,21.4,0.0085,,
0.9820,122,73.6,21.4,0.0075,,
0.9905,123,75.0,21.4,0.0085,,
0.9990,124,76.3,21.4,0.0075,,
1.0075,125,77.5,21.4,0.0075,,
1.0155,126,78.9,21.4,0.0075,,
1.0240,127,80.0,21.4,0.0085,,
1.0315,128,81.5,21.4,0.0075,,
1.0400,129,82.7,21.4,0.0085,,
1.0485,130,84.0,21.4,0.0075,,
1.0570,131,85.5,21.4,0.0075,,
1.0655,132,87.2,21.4,0.0075,,
1.0740,133,88.6,21.4,0.0085,,
1.0815,134,90.1,21.4,0.0075,,
1.0900,135,91.5,21.4,0.0085,,
1.0980,136,93.3,21.4,0.0075,,
1.1065,137,95.1,21.4,0.0075,,
1.1150,138,96.8,21.4,0.0075,,
1.1235,139,98.7,21.4,0.0085,,
1.1310,140,100.5,21.4,0.0075,,
1.1395,141,102.6,21.4,0.0085,,
1.1480,142,104.7,21.4,0.0075,,
1.1560,143,106.8,21.4,0.0075,,
1.1645,144,109.2,21.4,0.0075,,
1.1730,145,111.3,21.4,0.0085,,
1.1805,146,114.1,21.4,0.0075,,
1.1890,147,116.8,21.4,0.0085,,
1.1975,148,119.5,21.4,0.0075,,
1.2060,149,122.7,21.4,0.0075,,
1.2145,150,126.2,21.4,0.0075,,
1.2225,151,129.4,21.4,0.0080,,
1.2305,152,133.2,21.4,0.0080,,
1.2385,153,136.9,21.4,0.0080,,
1.2470,154,141.0,21.4,0.0075,,
1.2555,155,145.3,21.4,0.0075,,
1.2640,156,149.1,21.4,0.0075,,
1.2725,157,152.6,21.4,0.0075,,
1.2800,158,155.8,21.4,0.0075,,
1.2885,159,159.2,21.4,0.0085,,
1.2965,160,162.4,21.4,0.0075,,
1.3050,161,165.3,21.4,0.0075,,
1.3135,162,167.8,21.4,0.0075,,
1.3220,163,170.4,21.4,0.0075,,
1.3295,164,172.2,21.4,0.0075,,
1.3380,165,174.5,21.4,0.0085,,
1.3465,166,176.5,21.4,0.0075,,
1.3550,167,178.4,21.4,0.0075,,
1.3630,168,180.2,21.4,0.0075,,
1.3715,169,181.6,21.4,0.0085,,
1.3790,170,183.3,21.4,0.0075,,
1.3875,171,184.6,21.4,0.0085,,
1.3910,172,185.0,21.4,0.0070,,
1.3910,412,187.2,21.4,0.0000,,
1.3915,412,187.4,21.4,0.0010,,
1.3930,414,187.5,21.4,0.0010,,
1.3955,414,187.5,21.4,0.0050,,
1.3995,416,187.9,21.4,0.0025,,
1.4055,417,188.6,21.4,0.0100,,
1.4135,418,189.5,21.4,0.0135,,
1.4215,419,190.5,21.4,0.0135,,
1.4295,420,191.4,21.4,0.0160,,
1.4380,420,192.5,21.4,0.0170,,
1.4465,422,193.7,21.4,0.0055,,
1.4550,423,194.7,21.4,0.0140,,
1.4635,424,195.6,21.4,0.0140,,
1.4710,424,196.5,21.4,0.0150,,
1.4795,426,197.4,21.4,0.0055,,
1.4875,426,198.4,21.4,0.0160,,
1.4960,428,199.4,21.4,0.0055,,
1.5045,429,199.9,21.4,0.0140,,
1.5130,430,200.8,21.4,0.0140,,
1.5205,430,201.5,21.4,0.0150,,
1.5290,432,202.4,21.4,0.0055,,
1.5375,432,203.1,21.4,0.0170,,
1.5460,434,203.6,21.4,0.0055,,
1.5540,435,204.4,21.4,0.0135,,
1.5625,436,205.1,21.4,0.0140,,
1.5710,436,205.6,21.4,0.0170,,
1.5785,438,206.2,21.4,0.0050,,
1.5870,438,206.7,21.4,0.0170,,
1.5955,440,207.4,21.4,0.0055,,
1.6040,441,208.2,21.4,0.0140,,
1.6120,442,208.7,21.4,0.0135,,
1.6205,442,209.4,21.4,0.0170,,
1.6280,444,209.7,21.4,0.0050,,
1.6365,444,210.3,21.4,0.0170,,
1.6450,446,210.9,21.4,0.0055,,
1.6535,447,211.2,21.4,0.0140,,
1.6620,448,211.8,21.4,0.0140,,
1.6695,448,212.1,21.4,0.0150,,
1.6780,450,212.8,21.4,0.0055,,
1.6865,450,213.5,21.4,0.0170,,
1.6945,452,213.9,21.4,0.0050,,
1.7030,453,214.2,21.4,0.0140,,
1.7115,454,214.8,21.4,0.0140,,
1.7200,454,215.2,21.4,0.0170,,
1.7275,456,215.6,21.4,0.0050,,
1.7360,456,215.9,21.4,0.0170,,
1.7445,458,216.3,21.4,0.0055,,
1.7525,459,216.9,21.4,0.0135,,
1.7610,460,217.3,21.4,0.0140,,
1.7695,461,217.5,21.4,0.0140,,
1.7770,462,218.0,21.4,0.0150,,
1.7855,463,218.3,21.4,0.0140,,
1.7940,464,219.0,21.4,0.0140,,
1.8025,465,219.3,21.4,0.0140,,
1.8105,466,219.5,21.4,0.0135,,
1.8190,467,219.9,21.4,0.0140,,
1.8265,468,220.1,21.5,0.0150,,
1.8350,468,220.7,21.5,0.0170,,
1.8435,470,221.1,21.4,0.0055,,
1.8520,471,221.2,21.5,0.0140,,
1.8605,472,221.6,21.5,0.0140,,
1.8690,473,222.1,21.5,0.0140,,
1.8765,474,222.4,21.5,0.0150,,
1.8845,474,222.8,21.5,0.0160,,
1.8930,476,223.0,21.4,0.0055,,
1.9015,477,223.4,21.5,0.0140,,
1.9100,478,223.9,21.5,0.0140,,
1.9185,479,224.1,21.4,0.0140,,
1.9260,480,224.5,21.5,0.0150,,
1.9345,480,224.6,21.5,0.0170,,
1.9430,482,224.9,21.5,0.0055,,
1.9510,483,225.4,21.5,0.0135,,
1.9595,484,225.5,21.5,0.0140,,
1.9680,485,225.8,21.4,0.0140,,
1.9755,486,226.0,21.5,0.0150,,
1.9840,486,226.3,21.5,0.0170,,
1.9925,488,226.8,21.5,0.0055,,
2.0010,489,227.0,21.5,0.0140,,
2.0090,490,227.1,21.5,0.0135,,
2.0175,491,227.5,21.5,0.0140,,
2.0250,492,227.7,21.5,0.0150,,
2.0335,492,228.2,21.5,0.0170,,
2.0420,494,228.3,21.5,0.0055,,
2.0505,495,228.3,21.5,0.0140,,
2.0590,496,228.7,21.5,0.0140,,
2.0670,497,229.1,21.5,0.0135,,
2.0755,498,229.2,21.5,0.0140,,
2.0830,498,229.5,21.5,0.0150,,
2.0915,500,229.6,21.5,0.0055,,
2.1000,501,230.0,21.5,0.0140,,
2.1085,502,230.3,21.5,0.0140,,
2.1170,503,230.4,21.5,0.0140,,
2.1255,504,230.7,21.5,0.0170,,
2.1330,504,230.8,21.5,0.0150,,
2.1415,506,231.3,21.5,0.0055,,
2.1495,507,231.6,21.5,0.0135,,
2.1580,508,231.7,21.5,0.0140,,
2.1665,509,231.9,21.5,0.0140,,
2.1740,510,232.1,21.5,0.0150,,
2.1825,510,232.5,21.5,0.0170,,
2.1910,512,232.7,21.5,0.0055,,
2.1995,513,232.8,21.5,0.0140,,
2.2080,514,233.1,21.5,0.0140,,
2.2160,515,233.3,21.5,0.0135,,
2.2240,516,233.5,21.5,0.0160,,
2.2320,516,233.5,21.5,0.0160,,
2.2405,518,233.7,21.5,0.0055,,
2.2480,519,234.1,21.5,0.0125,,
2.2535,520,234.3,21.5,0.0090,,
2.2575,521,234.2,21.5,0.0065,,
2.2580,522,234.5,21.5,0.0010,,
2.2585,522,234.4,21.5,0.0010,,
2.2595,524,234.6,21.5,0.0005,,
2.2610,525,234.5,21.5,0.0025,,
2.2635,526,234.4,21.5,0.0040,,
2.2665,527,234.7,21.5,0.0050,,
2.2680,528,234.7,21.5,0.0030,,
2.2685,528,234.9,21.5,0.0010,,
2.2695,530,234.9,21.5,0.0005,,
2.2700,531,234.7,21.5,0.0010,,
2.2715,532,234.9,21.5,0.0025,,
2.2735,532,234.9,21.5,0.0040,,
2.2740,533,235.0,21.5,0.0005,,
Scope 1/1, Sample 22/32 (T14)
Result,TitrationEP1
V,t,E,T,dV/dt,E acc. stat.,Volume acc. stat.
0.0000,0,-67.9,21.4,NaN,,
0.0010,1,-67.8,21.4,0.0010,,
0.0025,2,-67.8,21.4,0.0015,,
0.0050,3,-67.8,21.4,0.0020,,
0.0085,4,-67.7,21.4,0.0030,,
0.0150,5,-67.6,21.4,0.0060,,
0.0230,6,-67.0,21.4,0.0075,,
0.0315,7,-65.9,21.4,0.0075,,
0.0400,8,-64.7,21.4,0.0075,,
0.0485,9,-63.4,21.4,0.0075,,
0.0560,10,-62.0,21.4,0.0070,,
0.0640,11,-60.5,21.4,0.0075,,
0.0725,12,-58.6,21.4,0.0075,,
0.0810,13,-56.7,21.4,0.0075,,
0.0895,14,-54.9,21.4,0.0075,,
0.0980,15,-52.9,21.4,0.0075,,
0.1065,16,-50.9,21.4,0.0075,,
0.1140,17,-48.6,21.4,0.0070,,
0.1225,18,-46.2,21.4,0.0075,,
0.1305,19,-43.8,21.4,0.0075,,
0.1390,20,-41.0,21.4,0.0075,,
0.1475,21,-38.1,21.4,0.0075,,
0.1560,22,-35.7,21.4,0.0075,,
0.1635,23,-32.7,21.4,0.0070,,
0.1720,24,-29.7,21.4,0.0075,,
0.1805,25,-26.8,21.4,0.0075,,
0.1885,26,-23.8,21.4,0.0075,,
0.1970,27,-21.1,21.4,0.0075,,
0.2055,28,-18.9,21.4,0.0075,,
0.2130,29,-16.8,21.4,0.0070,,
0.2215,30,-14.8,21.4,0.0075,,
0.2300,31,-12.9,21.4,0.0075,,
0.2385,32,-11.3,21.4,0.0075,,
0.2470,33,-9.8,21.4,0.0075,,
0.2550,34,-8.4,21.4,0.0075,,
0.2630,35,-7.0,21.4,0.0075,,
0.2710,36,-5.5,21.4,0.0075,,
0.2795,37,-4.2,21.4,0.0075,,
0.2880,38,-3.1,21.4,0.0075,,
0.2965,39,-1.8,21.4,0.0075,,
0.3050,40,-0.9,21.4,0.0075,,
0.3125,41,0.4,21.4,0.0070,,
0.3210,42,1.3,21.4,0.0075,,
0.3290,43,2.2,21.4,0.0075,,
0.3375,44,3.4,21.4,0.0075,,
0.3460,45,4.5,21.4,0.0075,,
0.3545,46,5.3,21.4,0.0070,,
0.3620,47,6.3,21.4,0.0070,,
0.3705,48,7.1,21.4,0.0075,,
0.3790,49,8.1,21.4,0.0075,,
0.3870,50,9.1,21.4,0.0065,,
0.3955,51,9.8,21.4,0.0075,,
0.4040,52,10.7,21.4,0.0075,,
0.4115,53,11.4,21.4,0.0070,,
0.4200,54,12.5,21.4,0.0075,,
0.4285,55,13.4,21.4,0.0075,,
0.4370,56,14.1,21.4,0.0075,,
0.4455,57,15.0,21.4,0.0075,,
0.4535,58,15.7,21.4,0.0075,,
0.4615,59,16.7,21.4,0.0075,,
0.4695,60,17.4,21.4,0.0075,,
0.4780,61,18.1,21.4,0.0075,,
0.4865,62,19.0,21.4,0.0075,,
0.4950,63,20.0,21.4,0.0075,,
0.5035,64,20.8,21.4,0.0070,,
0.5110,65,21.7,21.4,0.0070,,
0.5195,66,22.2,21.4,0.0075,,
0.5280,67,23.1,21.4,0.0075,,
0.5360,68,24.0,21.4,0.0075,,
0.5445,69,24.8,21.4,0.0075,,
0.5530,70,25.5,21.4,0.0075,,
0.5605,71,26.3,21.4,0.0070,,
0.5690,72,27.2,21.4,0.0075,,
0.5775,73,28.1,21.4,0.0075,,
0.5860,74,28.9,21.4,0.0075,,
0.5940,75,29.7,21.4,0.0075,,
0.6025,76,30.3,21.4,0.0075,,
0.6100,77,31.3,21.4,0.0070,,
0.6185,78,32.3,21.4,0.0075,,
0.6270,79,33.0,21.4,0.0075,,
0.6355,80,34.0,21.4,0.0075,,
0.6440,81,34.9,21.4,0.0075,,
0.6525,82,35.6,21.4,0.0075,,
0.6600,83,36.5,21.4,0.0070,,
0.6685,84,37.2,21.4,0.0075,,
0.6765,85,38.1,21.4,0.0075,,
0.6850,86,39.1,21.4,0.0075,,
0.6935,87,39.8,21.4,0.0075,,
0.7020,88,40.7,21.4,0.0075,,
0.7095,89,41.4,21.4,0.0070,,
0.7180,90,42.3,21.4,0.0075,,
0.7265,91,43.4,21.4,0.0075,,
0.7345,92,44.2,21.4,0.0075,,
0.7430,93,45.0,21.4,0.0070,,
0.7515,94,46.0,21.4,0.0070,,
0.7590,95,46.8,21.4,0.0070,,
0.7675,96,47.9,21.4,0.0075,,
0.7760,97,48.7,21.4,0.0075,,
0.7845,98,49.6,21.4,0.0075,,
0.7930,99,50.7,21.4,0.0075,,
0.8010,100,51.6,21.4,0.0065,,
0.8085,101,52.6,21.4,0.0070,,
0.8170,102,53.4,21.4,0.0075,,
0.8255,103,54.2,21.4,0.0075,,
0.8340,104,55.3,21.4,0.0075,,
0.8425,105,56.3,21.4,0.0075,,
0.8510,106,57.2,21.4,0.0070,,
0.8585,107,58.2,21.4,0.0070,,
0.8670,108,59.1,21.4,0.0075,,
0.8750,109,60.2,21.4,0.0075,,
0.8835,110,61.2,21.4,0.0075,,
0.8920,111,62.1,21.4,0.0075,,
0.9005,112,63.1,21.4,0.0070,,
0.9080,113,63.9,21.4,0.0070,,
0.9165,114,65.2,21.4,0.0075,,
0.9250,115,66.4,21.4,0.0075,,
0.9335,116,67.3,21.4,0.0075,,
0.9415,117,68.6,21.4,0.0075,,
0.9500,118,69.7,21.4,0.0070,,
0.9575,119,70.6,21.4,0.0070,,
0.9660,120,71.7,21.4,0.0075,,
0.9745,121,72.6,21.4,0.0075,,
0.9830,122,73.9,21.4,0.0075,,
0.9915,123,75.2,21.4,0.0075,,
0.9995,124,76.3,21.4,0.0075,,
1.0070,125,77.5,21.4,0.0070,,
1.0155,126,78.7,21.4,0.0075,,
1.0240,127,80.1,21.4,0.0075,,
1.0325,128,81.4,21.4,0.0075,,
1.0410,129,82.6,21.4,0.0075,,
1.0495,130,83.8,21.4,0.0075,,
1.0570,131,85.1,21.4,0.0070,,
1.0655,132,86.6,21.4,0.0075,,
1.0735,133,88.2,21.4,0.0075,,
1.0820,134,89.6,21.4,0.0075,,
1.0905,135,91.1,21.4,0.0075,,
1.0990,136,92.8,21.4,0.0075,,
1.1065,137,94.3,21.4,0.0070,,
1.1150,138,96.1,21.4,0.0075,,
1.1235,139,97.8,21.4,0.0075,,
1.1315,140,99.4,21.4,0.0075,,
1.1400,141,101.5,21.4,0.0075,,
1.1485,142,103.6,21.4,0.0075,,
1.1570,143,105.8,21.4,0.0070,,
1.1645,144,108.0,21.4,0.0070,,
1.1730,145,110.2,21.4,0.0075,,
1.1815,146,112.5,21.4,0.0075,,
1.1895,147,115.0,21.4,0.0075,,
1.1980,148,117.6,21.4,0.0075,,
1.2065,149,120.5,21.4,0.0070,,
1.2140,150,123.2,21.4,0.0070,,
1.2225,151,126.5,21.4,0.0075,,
1.2310,152,130.1,21.4,0.0075,,
1.2395,153,133.6,21.4,0.0075,,
1.2480,154,137.1,21.4,0.0075,,
1.2560,155,141.2,21.4,0.0065,,
1.2635,156,144.6,21.4,0.0070,,
1.2720,157,148.6,21.4,0.0075,,
1.2805,158,152.0,21.4,0.0075,,
1.2890,159,155.7,21.4,0.0075,,
1.2975,160,159.0,21.4,0.0075,,
1.3060,161,162.0,21.4,0.0070,,
1.3135,162,164.8,21.4,0.0070,,
1.3220,163,167.5,21.4,0.0075,,
1.3300,164,169.9,21.4,0.0075,,
1.3385,165,172.4,21.4,0.0075,,
1.3470,166,174.6,21.4,0.0075,,
1.3555,167,176.3,21.4,0.0070,,
1.3630,168,177.9,21.4,0.0070,,
1.3715,169,179.8,21.4,0.0075,,
1.3800,170,181.7,21.4,0.0075,,
1.3880,171,183.1,21.4,0.0075,,
1.3965,172,184.5,21.4,0.0075,,
1.4010,173,185.1,21.4,0.0075,,
1.4010,413,187.2,21.5,0.0000,,
1.4015,414,187.0,21.5,0.0005,,
1.4030,415,187.1,21.5,0.0020,,
1.4055,416,187.5,21.5,0.0035,,
1.4095,417,187.8,21.5,0.0050,,
1.4160,418,188.3,21.5,0.0080,,
1.4240,419,189.6,21.5,0.0100,,
1.4320,420,190.5,21.5,0.0115,,
1.4400,421,191.7,21.5,0.0115,,
1.4485,422,192.6,21.5,0.0105,,
1.4570,423,193.6,21.5,0.0105,,
1.4655,424,194.8,21.5,0.0105,,
1.4740,425,195.8,21.5,0.0105,,
1.4815,426,196.7,21.5,0.0105,,
1.4900,427,197.5,21.5,0.0120,,
1.4980,428,198.2,21.5,0.0115,,
1.5065,429,199.2,21.5,0.0105,,
1.5150,430,200.1,21.5,0.0105,,
1.5235,431,200.7,21.5,0.0105,,
1.5310,432,201.7,21.5,0.0105,,
1.5395,433,202.2,21.5,0.0120,,
1.5480,434,203.1,21.5,0.0120,,
1.5560,435,203.8,21.5,0.0100,,
1.5645,436,204.4,21.5,0.0105,,
1.5730,437,204.9,21.5,0.0105,,
1.5805,438,205.5,21.5,0.0105,,
1.5890,439,206.4,21.5,0.0120,,
1.5975,440,207.1,21.5,0.0120,,
1.6060,441,207.4,21.5,0.0105,,
1.6145,442,208.1,21.5,0.0105,,
1.6225,443,208.8,21.5,0.0100,,
1.6305,444,209.4,21.5,0.0115,,
1.6385,445,209.9,21.5,0.0115,,
1.6470,446,210.3,21.5,0.0120,,
1.6555,447,211.0,21.5,0.0105,,
1.6640,448,211.6,21.5,0.0105,,
1.6725,449,212.0,21.5,0.0105,,
1.6800,450,212.5,21.5,0.0105,,
1.6885,451,212.9,21.5,0.0120,,
1.6965,452,213.4,21.5,0.0115,,
1.7050,453,214.0,21.5,0.0105,,
1.7135,454,214.2,21.5,0.0105,,
1.7220,455,214.6,21.5,0.0105,,
1.7295,456,215.0,21.5,0.0105,,
1.7380,457,215.6,21.5,0.0120,,
1.7465,458,216.1,21.5,0.0120,,
1.7550,459,216.4,21.5,0.0105,,
1.7630,460,216.7,21.5,0.0100,,
1.7715,461,217.3,21.5,0.0105,,
1.7790,462,217.6,21.5,0.0105,,
1.7875,463,218.1,21.5,0.0120,,
1.7960,464,218.3,21.5,0.0120,,
1.8045,465,218.7,21.5,0.0105,,
1.8130,466,219.3,21.5,0.0105,,
1.8215,467,219.6,21.5,0.0105,,
1.8290,468,220.0,21.5,0.0105,,
1.8375,469,220.3,21.5,0.0120,,
1.8455,470,220.6,21.5,0.0115,,
1.8540,471,221.2,21.5,0.0105,,
1.8625,472,221.4,21.5,0.0105,,
1.8710,473,221.7,21.5,0.0105,,
1.8785,474,221.9,21.5,0.0105,,
1.8870,475,222.4,21.5,0.0120,,
1.8955,476,222.8,21.5,0.0120,,
1.9035,477,223.1,21.5,0.0100,,
1.9120,478,223.3,21.5,0.0105,,
1.9205,479,223.8,21.5,0.0105,,
1.9280,480,223.9,21.5,0.0105,,
1.9365,481,224.4,21.5,0.0120,,
1.9450,482,224.7,21.5,0.0120,,
1.9535,483,224.8,21.5,0.0105,,
1.9615,484,225.1,21.5,0.0100,,
1.9700,485,225.6,21.5,0.0105,,
1.9785,486,225.7,21.5,0.0105,,
1.9860,487,226.2,21.5,0.0105,,
1.9945,488,226.2,21.5,0.0120,,
2.0030,489,226.6,21.5,0.0105,,
2.0115,490,227.0,21.5,0.0105,,
2.0195,491,227.1,21.5,0.0100,,
2.0280,492,227.3,21.5,0.0105,,
2.0355,493,227.6,21.5,0.0105,,
2.0440,494,227.9,21.5,0.0120,,
2.0525,495,228.3,21.5,0.0120,,
2.0610,496,228.6,21.5,0.0105,,
2.0695,497,228.8,21.5,0.0105,,
2.0775,498,229.1,21.5,0.0100,,
2.0850,499,229.3,21.5,0.0105,,
2.0935,500,229.7,21.5,0.0120,,
2.1020,501,229.9,21.5,0.0120,,
2.1105,502,230.0,21.5,0.0105,,
2.1190,503,230.1,21.5,0.0105,,
2.1270,504,230.6,21.5,0.0100,,
2.1355,505,230.7,21.5,0.0105,,
2.1430,506,231.0,21.5,0.0105,,
2.1515,507,231.1,21.5,0.0120,,
2.1600,508,231.4,21.5,0.0120,,
2.1685,509,231.7,21.5,0.0105,,
2.1770,510,231.9,21.5,0.0105,,
2.1855,511,232.2,21.5,0.0120,,
2.1930,512,232.2,21.5,0.0105,,
2.2015,513,232.6,21.5,0.0120,,
2.2095,514,233.0,21.5,0.0100,,
2.2180,515,233.0,21.5,0.0105,,
2.2265,516,233.2,21.5,0.0105,,
2.2350,517,233.4,21.5,0.0120,,
2.2425,518,233.7,21.5,0.0105,,
2.2500,519,234.1,21.5,0.0105,,
2.2570,520,234.1,21.5,0.0085,,
2.2635,521,234.2,21.5,0.0080,,
2.2695,522,234.6,21.5,0.0075,,
2.2735,523,234.6,21.5,0.0055,,
2.2765,524,234.7,21.5,0.0045,,
2.2795,525,234.6,21.5,0.0045,,
2.2825,526,234.6,21.5,0.0035,,
2.2835,527,234.9,21.5,0.0010,,
2.2840,528,235.0,21.5,0.0010,,
Scope 1/1, Sample 23/32 (T15)
Result,TitrationEP1
V,t,E,T,dV/dt,E acc. stat.,Volume acc. stat.
0.0000,0,-68.7,21.4,NaN,,
0.0010,1,-68.7,21.4,0.0010,,
0.0025,2,-68.7,21.4,0.0015,,
0.0050,3,-68.8,21.4,0.0025,,
0.0085,4,-68.5,21.4,0.0030,,
0.0150,5,-68.3,21.4,0.0060,,
0.0230,6,-67.9,21.4,0.0075,,
0.0315,7,-67.0,21.4,0.0075,,
0.0400,8,-65.7,21.4,0.0075,,
0.0475,9,-64.5,21.4,0.0070,,
0.0560,10,-63.1,21.4,0.0075,,
0.0645,11,-61.6,21.4,0.0075,,
0.0730,12,-59.8,21.4,0.0075,,
0.0810,13,-58.0,21.4,0.0075,,
0.0895,14,-56.3,21.4,0.0075,,
0.0970,15,-54.5,21.4,0.0070,,
0.1055,16,-52.6,21.4,0.0075,,
0.1140,17,-50.3,21.4,0.0075,,
0.1225,18,-47.8,21.4,0.0075,,
0.1310,19,-45.5,21.4,0.0075,,
0.1390,20,-42.8,21.4,0.0075,,
0.1470,21,-40.6,21.4,0.0075,,
0.1550,22,-37.6,21.4,0.0075,,
0.1635,23,-34.8,21.4,0.0075,,
0.1720,24,-31.9,21.4,0.0075,,
0.1805,25,-28.9,21.4,0.0075,,
0.1890,26,-25.9,21.4,0.0075,,
0.1965,27,-23.6,21.4,0.0070,,
0.2050,28,-21.0,21.4,0.0075,,
0.2135,29,-18.9,21.4,0.0075,,
0.2215,30,-16.8,21.4,0.0075,,
0.2300,31,-14.7,21.4,0.0075,,
0.2385,32,-13.2,21.4,0.0085,,
0.2460,33,-11.6,21.4,0.0070,,
0.2545,34,-10.2,21.4,0.0075,,
0.2630,35,-8.7,21.4,0.0075,,
0.2715,36,-7.1,21.4,0.0075,,
0.2800,37,-5.9,21.4,0.0075,,
0.2880,38,-4.7,21.4,0.0080,,
0.2960,39,-3.6,21.4,0.0075,,
0.3040,40,-2.4,21.4,0.0075,,
0.3125,41,-1.3,21.4,0.0075,,
0.3210,42,-0.4,21.4,0.0075,,
0.3295,43,0.6,21.4,0.0075,,
0.3380,44,1.7,21.4,0.0075,,
0.3455,45,2.6,21.4,0.0070,,
0.3540,46,3.7,21.4,0.0075,,
0.3620,47,4.6,21.4,0.0075,,
0.3705,48,5.5,21.4,0.0075,,
0.3790,49,6.6,21.4,0.0075,,
0.3875,50,7.4,21.4,0.0075,,
0.3950,51,8.3,21.4,0.0070,,
0.4035,52,9.0,21.4,0.0075,,
0.4120,53,9.9,21.4,0.0075,,
0.4200,54,11.0,21.4,0.0075,,
0.4285,55,11.8,21.4,0.0075,,
0.4370,56,12.5,21.4,0.0075,,
0.4445,57,13.4,21.4,0.0070,,
0.4530,58,14.1,21.4,0.0075,,
0.4615,59,15.2,21.4,0.0075,,
0.4700,60,16.0,21.4,0.0075,,
0.4780,61,16.7,21.4,0.0075,,
0.4865,62,17.7,21.4,0.0070,,
0.4940,63,18.2,21.4,0.0070,,
0.5025,64,19.2,21.4,0.0075,,
0.5110,65,20.0,21.4,0.0075,,
0.5195,66,20.7,21.4,0.0075,,
0.5280,67,21.6,21.5,0.0075,,
0.5360,68,22.5,21.4,0.0075,,
0.5445,69,23.3,21.4,0.0085,,
0.5520,70,24.1,21.4,0.0070,,
0.5605,71,24.7,21.4,0.0075,,
0.5690,72,25.7,21.4,0.0075,,
0.5775,73,26.7,21.4,0.0075,,
0.5860,74,27.3,21.4,0.0075,,
0.5945,75,28.1,21.5,0.0085,,
0.6020,76,28.8,21.5,0.0070,,
0.6100,77,29.6,21.5,0.0075,,
0.6185,78,30.7,21.5,0.0075,,
0.6270,79,31.4,21.5,0.0075,,
0.6355,80,32.1,21.5,0.0075,,
0.6440,81,32.8,21.5,0.0085,,
0.6515,82,33.8,21.5,0.0070,,
0.6600,83,34.6,21.5,0.0075,,
0.6685,84,35.5,21.5,0.0075,,
0.6765,85,36.3,21.5,0.0075,,
0.6850,86,37.3,21.5,0.0075,,
0.6925,87,37.9,21.5,0.0070,,
0.7010,88,38.9,21.5,0.0075,,
0.7095,89,39.6,21.5,0.0075,,
0.7180,90,40.6,21.5,0.0075,,
0.7265,91,41.7,21.5,0.0075,,
0.7350,92,42.3,21.5,0.0075,,
0.7425,93,43.2,21.5,0.0070,,
0.7510,94,43.9,21.5,0.0075,,
0.7590,95,44.8,21.5,0.0075,,
0.7675,96,45.9,21.5,0.0075,,
0.7760,97,46.8,21.5,0.0075,,
0.7845,98,47.7,21.5,0.0075,,
0.7920,99,48.5,21.5,0.0070,,
0.8005,100,49.6,21.5,0.0075,,
0.8090,101,50.7,21.5,0.0075,,
0.8175,102,51.5,21.5,0.0075,,
0.8255,103,52.5,21.5,0.0075,,
0.8340,104,53.6,21.5,0.0075,,
0.8415,105,54.4,21.5,0.0070,,
0.8500,106,55.4,21.5,0.0075,,
0.8585,107,56.2,21.5,0.0075,,
0.8670,108,57.2,21.5,0.0075,,
0.8755,109,58.4,21.5,0.0075,,
0.8835,110,59.4,21.5,0.0075,,
0.8915,111,60.4,21.5,0.0080,,
0.8995,112,61.3,21.5,0.0075,,
0.9080,113,62.3,21.5,0.0075,,
0.9165,114,63.5,21.5,0.0075,,
0.9250,115,64.6,21.5,0.0075,,
0.9335,116,65.5,21.5,0.0075,,
0.9415,117,66.6,21.5,0.0080,,
0.9495,118,67.6,21.5,0.0075,,
0.9575,119,68.9,21.5,0.0075,,
0.9660,120,70.1,21.5,0.0075,,
0.9745,121,71.1,21.5,0.0075,,
0.9830,122,72.3,21.5,0.0075,,
0.9915,123,73.6,21.5,0.0075,,
0.9990,124,74.6,21.5,0.0070,,
1.0075,125,75.8,21.5,0.0075,,
1.0155,126,76.9,21.5,0.0075,,
1.0240,127,78.1,21.5,0.0075,,
1.0325,128,79.5,21.5,0.0075,,
1.0410,129,80.7,21.5,0.0075,,
1.0485,130,82.0,21.5,0.0070,,
1.0570,131,83.2,21.5,0.0075,,
1.0655,132,84.8,21.5,0.0075,,
1.0740,133,86.3,21.5,0.0075,,
1.0820,134,87.7,21.5,0.0075,,
1.0905,135,89.1,21.5,0.0075,,
1.0980,136,90.6,21.5,0.0070,,
1.1065,137,92.3,21.5,0.0075,,
1.1150,138,94.1,21.5,0.0075,,
1.1235,139,95.8,21.5,0.0075,,
1.1320,140,97.5,21.5,0.0075,,
1.1400,141,99.6,21.5,0.0075,,
1.1480,142,101.3,21.5,0.0075,,
1.1560,143,103.7,21.5,0.0075,,
1.1645,144,105.6,21.5,0.0075,,
1.1730,145,107.6,21.5,0.0075,,
1.1815,146,110.2,21.5,0.0075,,
1.1900,147,112.8,21.5,0.0075,,
1.1975,148,115.3,21.5,0.0070,,
1.2060,149,117.8,21.5,0.0075,,
1.2140,150,120.8,21.5,0.0075,,
1.2225,151,124.0,21.5,0.0075,,
1.2310,152,127.6,21.5,0.0075,,
1.2395,153,131.0,21.5,0.0075,,
1.2470,154,134.3,21.5,0.0070,,
1.2555,155,138.1,21.5,0.0075,,
1.2640,156,142.2,21.5,0.0075,,
1.2725,157,146.1,21.5,0.0075,,
1.2805,158,149.8,21.5,0.0075,,
1.2890,159,153.7,21.5,0.0075,,
1.2965,160,156.5,21.5,0.0070,,
1.3050,161,160.1,21.5,0.0075,,
1.3135,162,163.1,21.5,0.0075,,
1.3220,163,165.8,21.5,0.0075,,
1.3305,164,168.6,21.5,0.0075,,
1.3390,165,171.2,21.5,0.0075,,
1.3465,166,173.1,21.5,0.0070,,
1.3550,167,175.1,21.5,0.0075,,
1.3630,168,177.1,21.5,0.0075,,
1.3715,169,179.0,21.5,0.0075,,
1.3800,170,180.9,21.5,0.0075,,
1.3885,171,182.4,21.5,0.0075,,
1.3960,172,183.7,21.5,0.0070,,
1.4055,173,185.1,21.5,0.0075,,
1.4055,413,187.2,21.5,0.0000,,
1.4060,414,187.1,21.5,0.0005,,
1.4075,415,187.3,21.5,0.0010,,
1.4100,416,187.6,21.5,0.0015,,
1.4140,418,187.8,21.5,0.0025,,
1.4200,418,188.5,21.5,0.0120,,
1.4280,419,189.3,21.5,0.0055,,
1.4360,420,190.6,21.5,0.0055,,
1.4440,421,191.7,21.5,0.0055,,
1.4525,422,192.7,21.5,0.0060,,
1.4610,424,193.8,21.5,0.0055,,
1.4695,424,194.9,21.5,0.0170,,
1.4780,426,195.8,21.5,0.0055,,
1.4855,426,196.6,21.6,0.0185,,
1.4940,427,197.4,21.5,0.0060,,
1.5020,428,198.3,21.5,0.0055,,
1.5105,430,199.4,21.5,0.0055,,
1.5190,430,200.1,21.5,0.0170,,
1.5275,432,200.8,21.6,0.0055,,
1.5350,432,201.5,21.6,0.0185,,
1.5435,433,202.2,21.5,0.0060,,
1.5520,434,203.1,21.6,0.0060,,
1.5605,436,203.7,21.6,0.0055,,
1.5685,436,204.3,21.6,0.0160,,
1.5770,438,205.1,21.6,0.0055,,
1.5855,438,205.6,21.6,0.0210,,
1.5930,439,206.3,21.6,0.0055,,
1.6015,440,207.1,21.6,0.0060,,
1.6100,442,207.5,21.6,0.0055,,
1.6185,442,208.1,21.6,0.0170,,
1.6265,444,208.9,21.6,0.0055,,
1.6345,444,209.3,21.6,0.0200,,
1.6425,445,209.9,21.6,0.0055,,
1.6510,446,210.3,21.6,0.0060,,
1.6595,448,210.9,21.6,0.0055,,
1.6680,448,211.5,21.6,0.0170,,
1.6765,450,211.9,21.6,0.0055,,
1.6840,450,212.4,21.6,0.0185,,
1.6925,451,212.7,21.6,0.0060,,
1.7010,452,213.3,21.6,0.0060,,
1.7090,454,213.7,21.6,0.0055,,
1.7175,454,214.1,21.6,0.0170,,
1.7260,456,214.6,21.6,0.0055,,
1.7345,456,215.1,21.6,0.0210,,
1.7420,457,215.6,21.6,0.0055,,
1.7505,458,216.2,21.6,0.0060,,
1.7585,460,216.4,21.6,0.0055,,
1.7670,460,216.8,21.6,0.0170,,
1.7755,462,217.4,21.6,0.0055,,
1.7840,462,217.7,21.6,0.0210,,
1.7915,463,218.1,21.6,0.0055,,
1.8000,464,218.3,21.6,0.0060,,
1.8085,466,218.7,21.6,0.0055,,
1.8170,466,219.3,21.6,0.0170,,
1.8255,468,219.5,21.6,0.0055,,
1.8330,468,219.9,21.6,0.0185,,
1.8415,469,220.1,21.6,0.0060,,
1.8495,470,220.7,21.6,0.0055,,
1.8580,472,221.1,21.6,0.0055,,
1.8665,472,221.4,21.6,0.0170,,
1.8750,474,221.8,21.6,0.0055,,
1.8825,474,221.9,21.6,0.0185,,
1.8910,475,222.5,21.6,0.0060,,
1.8995,476,222.9,21.6,0.0055,,
1.9080,478,223.0,21.6,0.0055,,
1.9160,478,223.5,21.6,0.0160,,
1.9245,479,223.6,21.6,0.0060,,
1.9320,480,224.0,21.6,0.0055,,
1.9405,481,224.3,21.6,0.0060,,
1.9490,482,224.5,21.6,0.0060,,
1.9575,484,224.8,21.6,0.0055,,
1.9660,484,225.3,21.6,0.0170,,
1.9740,486,225.5,21.6,0.0055,,
1.9820,486,225.8,21.6,0.0200,,
1.9900,487,225.9,21.6,0.0055,,
1.9985,488,226.3,21.6,0.0060,,
2.0070,490,226.6,21.6,0.0055,,
2.0155,490,226.8,21.6,0.0170,,
2.0240,492,227.0,21.6,0.0055,,
2.0315,492,227.3,21.6,0.0185,,
2.0400,494,227.7,21.6,0.0055,,
2.0480,494,228.1,21.6,0.0200,,
2.0565,496,228.2,21.6,0.0055,,
2.0650,496,228.3,21.6,0.0170,,
2.0735,498,228.8,21.6,0.0055,,
2.0810,498,229.0,21.6,0.0185,,
2.0895,499,229.5,21.6,0.0060,,
2.0980,500,229.7,21.6,0.0060,,
2.1060,502,229.7,21.6,0.0055,,
2.1145,502,230.1,21.6,0.0170,,
2.1230,504,230.3,21.6,0.0055,,
2.1305,504,230.6,21.6,0.0185,,
2.1390,505,230.7,21.6,0.0060,,
2.1475,506,230.8,21.6,0.0060,,
2.1560,508,231.3,21.6,0.0055,,
2.1645,508,231.6,21.6,0.0170,,
2.1725,510,231.7,21.6,0.0055,,
2.1810,510,232.0,21.6,0.0210,,
2.1885,511,232.1,21.6,0.0055,,
2.1970,512,232.5,21.6,0.0060,,
2.2055,514,232.7,21.6,0.0055,,
2.2140,514,232.8,21.6,0.0170,,
2.2225,516,233.1,21.6,0.0055,,
2.2305,516,233.2,21.6,0.0200,,
2.2385,517,233.6,21.6,0.0055,,
2.2465,518,233.8,21.6,0.0055,,
2.2545,520,233.9,21.6,0.0055,,
2.2630,520,234.1,21.6,0.0170,,
2.2705,522,234.5,21.6,0.0050,,
2.2725,522,234.6,21.6,0.0050,,
2.2725,523,234.6,21.6,0.0000,,
2.2735,524,234.4,21.6,0.0005,,
2.2740,526,234.6,21.6,0.0005,,
2.2755,526,234.6,21.6,0.0030,,
2.2775,528,234.5,21.6,0.0015,,
2.2800,528,234.7,21.6,0.0060,,
2.2830,529,234.5,21.6,0.0020,,
2.2860,530,234.8,21.6,0.0020,,
2.2895,532,234.9,21.6,0.0025,,
2.2905,532,235.0,21.6,0.0100,,
Scope 1/1, Sample 24/32 (T16)
Result,TitrationEP1
V,t,E,T,dV/dt,E acc. stat.,Volume acc. stat.
0.0000,0,-68.3,21.5,NaN,,
0.0010,1,-68.4,21.5,0.0010,,
0.0025,2,-68.5,21.5,0.0015,,
0.0050,3,-68.4,21.5,0.0025,,
0.0090,4,-68.4,21.5,0.0035,,
0.0150,5,-67.9,21.5,0.0055,,
0.0235,6,-67.5,21.5,0.0075,,
0.0320,7,-66.6,21.5,0.0075,,
0.0405,8,-65.2,21.5,0.0075,,
0.0490,9,-64.0,21.5,0.0085,,
0.0565,10,-62.4,21.5,0.0070,,
0.0650,11,-61.0,21.5,0.0075,,
0.0730,12,-59.4,21.5,0.0075,,
0.0815,13,-57.4,21.5,0.0075,,
0.0900,14,-55.6,21.5,0.0075,,
0.0985,15,-53.7,21.5,0.0085,,
0.1060,16,-51.6,21.5,0.0070,,
0.1145,17,-49.5,21.5,0.0075,,
0.1230,18,-47.1,21.5,0.0075,,
0.1310,19,-44.7,21.5,0.0075,,
0.1395,20,-42.3,21.5,0.0075,,
0.1480,21,-39.8,21.5,0.0085,,
0.1555,22,-37.1,21.5,0.0070,,
0.1640,23,-34.1,21.5,0.0075,,
0.1725,24,-31.1,21.5,0.0075,,
0.1810,25,-28.4,21.5,0.0075,,
0.1895,26,-25.4,21.5,0.0075,,
0.1975,27,-23.0,21.5,0.0080,,
0.2055,28,-20.4,21.5,0.0075,,
0.2135,29,-18.1,21.5,0.0075,,
0.2220,30,-16.3,21.5,0.0075,,
0.2305,31,-14.3,21.5,0.0075,,
0.2390,32,-12.5,21.5,0.0075,,
0.2475,33,-10.9,21.5,0.0075,,
0.2550,34,-9.6,21.5,0.0070,,
0.2635,35,-8.2,21.5,0.0075,,
0.2720,36,-6.6,21.5,0.0075,,
0.2800,37,-5.3,21.5,0.0075,,
0.2885,38,-4.2,21.5,0.0075,,
0.2960,39,-3.1,21.5,0.0070,,
0.3045,40,-2.0,21.5,0.0075,,
0.3130,41,-0.8,21.5,0.0075,,
0.3215,42,0.5,21.5,0.0075,,
0.3300,43,1.4,21.5,0.0075,,
0.3380,44,2.4,21.5,0.0075,,
0.3465,45,3.3,21.5,0.0075,,
0.3540,46,4.5,21.5,0.0070,,
0.3625,47,5.5,21.5,0.0075,,
0.3710,48,6.3,21.5,0.0075,,
0.3795,49,7.3,21.5,0.0075,,
0.3880,50,8.3,21.5,0.0075,,
0.3965,51,9.0,21.5,0.0085,,
0.4040,52,10.0,21.5,0.0070,,
0.4120,53,10.6,21.5,0.0075,,
0.4205,54,11.5,21.5,0.0075,,
0.4290,55,12.5,21.5,0.0075,,
0.4375,56,13.3,21.5,0.0075,,
0.4460,57,14.1,21.5,0.0085,,
0.4535,58,14.8,21.5,0.0070,,
0.4620,59,15.7,21.5,0.0075,,
0.4705,60,16.8,21.5,0.0075,,
0.4785,61,17.6,21.5,0.0075,,
0.4870,62,18.3,21.5,0.0075,,
0.4955,63,19.3,21.5,0.0075,,
0.5030,64,20.0,21.5,0.0070,,
0.5115,65,21.0,21.5,0.0075,,
0.5200,66,21.6,21.5,0.0075,,
0.5285,67,22.4,21.5,0.0075,,
0.5365,68,23.3,21.5,0.0075,,
0.5450,69,24.1,21.5,0.0075,,
0.5525,70,24.8,21.5,0.0070,,
0.5610,71,25.6,21.5,0.0075,,
0.5695,72,26.3,21.5,0.0075,,
0.5780,73,27.3,21.5,0.0075,,
0.5865,74,28.2,21.5,0.0075,,
0.5945,75,28.8,21.5,0.0075,,
0.6025,76,29.7,21.5,0.0075,,
0.6105,77,30.5,21.5,0.0075,,
0.6190,78,31.4,21.5,0.0075,,
0.6275,79,32.3,21.5,0.0075,,
0.6360,80,33.0,21.5,0.0075,,
0.6445,81,34.0,21.5,0.0075,,
0.6520,82,34.7,21.5,0.0070,,
0.6605,83,35.8,21.5,0.0075,,
0.6690,84,36.5,21.5,0.0075,,
0.6770,85,37.3,21.5,0.0075,,
0.6855,86,38.3,21.5,0.0075,,
0.6940,87,38.9,21.5,0.0085,,
0.7015,88,39.9,21.5,0.0070,,
0.7100,89,40.8,21.5,0.0075,,
0.7185,90,41.6,21.5,0.0075,,
0.7270,91,42.8,21.5,0.0075,,
0.7355,92,43.6,21.5,0.0075,,
0.7435,93,44.4,21.5,0.0075,,
0.7515,94,45.2,21.5,0.0075,,
0.7595,95,46.1,21.5,0.0075,,
0.7680,96,47.2,21.5,0.0075,,
0.7765,97,48.1,21.5,0.0075,,
0.7850,98,48.9,21.5,0.0075,,
0.7935,99,49.8,21.5,0.0085,,
0.8010,100,50.6,21.5,0.0070,,
0.8095,101,51.7,21.5,0.0075,,
0.8175,102,52.7,21.5,0.0075,,
0.8260,103,53.6,21.5,0.0075,,
0.8345,104,54.6,21.5,0.0075,,
0.8430,105,55.4,21.5,0.0085,,
0.8505,106,56.6,21.5,0.0070,,
0.8590,107,57.5,21.5,0.0075,,
0.8675,108,58.3,21.5,0.0075,,
0.8760,109,59.4,21.5,0.0075,,
0.8840,110,60.6,21.5,0.0075,,
0.8925,111,61.5,21.5,0.0075,,
0.9000,112,62.4,21.5,0.0070,,
0.9085,113,63.3,21.5,0.0075,,
0.9170,114,64.5,21.5,0.0075,,
0.9255,115,65.7,21.5,0.0075,,
0.9340,116,66.6,21.5,0.0075,,
0.9420,117,67.5,21.5,0.0075,,
0.9500,118,68.6,21.5,0.0075,,
0.9580,119,69.8,21.5,0.0075,,
0.9665,120,71.1,21.5,0.0075,,
0.9750,121,72.2,21.5,0.0075,,
0.9835,122,73.3,21.5,0.0075,,
0.9920,123,74.7,21.5,0.0075,,
0.9995,124,75.8,21.5,0.0070,,
1.0080,125,77.1,21.5,0.0075,,
1.0160,126,78.3,21.5,0.0075,,
1.0245,127,79.5,21.5,0.0075,,
1.0330,128,81.0,21.5,0.0075,,
1.0415,129,82.4,21.5,0.0075,,
1.0490,130,83.7,21.5,0.0070,,
1.0575,131,84.9,21.5,0.0075,,
1.0660,132,86.3,21.5,0.0075,,
1.0745,133,87.9,21.5,0.0075,,
1.0825,134,89.4,21.5,0.0075,,
1.0910,135,90.7,21.5,0.0075,,
1.0985,136,92.2,21.5,0.0070,,
1.1070,137,93.7,21.5,0.0075,,
1.1155,138,95.6,21.5,0.0075,,
1.1240,139,97.4,21.5,0.0075,,
1.1325,140,99.0,21.5,0.0075,,
1.1405,141,101.0,21.5,0.0075,,
1.1490,142,102.6,21.5,0.0075,,
1.1565,143,104.9,21.5,0.0070,,
1.1650,144,107.2,21.5,0.0075,,
1.1735,145,109.5,21.5,0.0075,,
1.1820,146,112.2,21.5,0.0075,,
1.1905,147,114.9,21.5,0.0075,,
1.1980,148,117.2,21.5,0.0070,,
1.2065,149,119.9,21.5,0.0075,,
1.2150,150,123.1,21.5,0.0075,,
1.2230,151,126.4,21.5,0.0075,,
1.2315,152,130.0,21.5,0.0075,,
1.2400,153,133.3,21.5,0.0075,,
1.2475,154,136.8,21.5,0.0070,,
1.2560,155,140.4,21.5,0.0075,,
1.2645,156,144.3,21.5,0.0075,,
1.2730,157,148.3,21.5,0.0075,,
1.2810,158,151.7,21.5,0.0075,,
1.2895,159,155.0,21.5,0.0075,,
1.2970,160,158.1,21.5,0.0070,,
1.3055,161,161.7,21.5,0.0075,,
1.3140,162,164.5,21.5,0.0075,,
1.3225,163,167.0,21.5,0.0075,,
1.3310,164,169.6,21.5,0.0075,,
1.3395,165,172.2,21.5,0.0075,,
1.3475,166,174.1,21.5,0.0080,,
1.3550,167,176.3,21.5,0.0070,,
1.3635,168,177.9,21.5,0.0075,,
1.3720,169,179.7,21.5,0.0075,,
1.3805,170,181.7,21.5,0.0075,,
1.3890,171,183.2,21.5,0.0075,,
1.3975,172,184.6,21.5,0.0075,,
1.4015,173,185.1,21.5,0.0055,,
1.4015,413,186.9,21.6,0.0000,,
1.4020,414,187.0,21.6,0.0005,,
1.4035,415,187.1,21.6,0.0020,,
1.4060,416,187.2,21.6,0.0030,,
1.4100,417,187.6,21.6,0.0045,,
1.4160,418,188.4,21.6,0.0065,,
1.4245,419,189.4,21.6,0.0095,,
1.4320,420,190.5,21.6,0.0095,,
1.4400,421,191.3,21.6,0.0100,,
1.4485,422,192.5,21.6,0.0105,,
1.4570,423,193.7,21.6,0.0095,,
1.4655,424,194.7,21.6,0.0095,,
1.4740,425,195.5,21.6,0.0095,,
1.4815,426,196.5,21.6,0.0095,,
1.4900,427,197.2,21.6,0.0105,,
1.4985,428,198.3,21.6,0.0095,,
1.5065,429,199.0,21.6,0.0090,,
1.5150,430,199.8,21.6,0.0095,,
1.5235,431,200.4,21.6,0.0105,,
1.5310,432,201.3,21.6,0.0095,,
1.5395,433,202.2,21.6,0.0105,,
1.5480,434,202.9,21.6,0.0095,,
1.5565,435,203.4,21.6,0.0095,,
1.5650,436,204.4,21.6,0.0095,,
1.5730,437,204.8,21.6,0.0100,,
1.5810,438,205.6,21.6,0.0100,,
1.5890,439,206.1,21.6,0.0100,,
1.5975,440,206.6,21.6,0.0095,,
1.6060,441,207.5,21.6,0.0095,,
1.6145,442,208.1,21.6,0.0095,,
1.6230,443,208.5,21.6,0.0095,,
1.6305,444,209.1,21.6,0.0095,,
1.6390,445,209.5,21.6,0.0105,,
1.6470,446,210.2,21.6,0.0100,,
1.6555,447,210.8,21.6,0.0095,,
1.6640,448,211.1,21.6,0.0095,,
1.6725,449,211.7,21.6,0.0095,,
1.6800,450,212.1,21.6,0.0095,,
1.6885,451,212.7,21.6,0.0105,,
1.6970,452,213.3,21.6,0.0105,,
1.7050,453,213.5,21.6,0.0090,,
1.7135,454,214.1,21.6,0.0095,,
1.7220,455,214.7,21.6,0.0095,,
1.7295,456,215.0,21.6,0.0095,,
1.7380,457,215.5,21.6,0.0105,,
1.7465,458,215.8,21.6,0.0105,,
1.7550,459,216.2,21.6,0.0095,,
1.7635,460,216.9,21.6,0.0095,,
1.7715,461,217.3,21.6,0.0090,,
1.7790,462,217.8,21.6,0.0095,,
1.7875,463,217.9,21.6,0.0105,,
1.7960,464,218.3,21.6,0.0105,,
1.8045,465,218.8,21.6,0.0095,,
1.8130,466,219.1,21.6,0.0095,,
1.8215,467,219.4,21.6,0.0095,,
1.8295,468,219.8,21.6,0.0100,,
1.8370,469,220.2,21.6,0.0095,,
1.8455,470,220.8,21.6,0.0105,,
1.8540,471,221.0,21.6,0.0095,,
1.8625,472,221.2,21.6,0.0095,,
1.8710,473,221.7,21.6,0.0095,,
1.8795,474,221.9,21.6,0.0105,,
1.8870,475,222.5,21.6,0.0095,,
1.8955,476,222.7,21.6,0.0105,,
1.9035,477,222.8,21.6,0.0100,,
1.9120,478,223.3,21.6,0.0095,,
1.9205,479,223.8,21.6,0.0095,,
1.9290,480,224.1,21.6,0.0105,,
1.9365,481,224.3,21.6,0.0095,,
1.9450,482,224.5,21.6,0.0105,,
1.9535,483,225.0,21.6,0.0095,,
1.9620,484,225.3,21.6,0.0095,,
1.9700,485,225.4,21.6,0.0090,,
1.9785,486,225.8,21.6,0.0105,,
1.9860,487,226.0,21.6,0.0095,,
1.9945,488,226.4,21.6,0.0105,,
2.0030,489,226.7,21.6,0.0095,,
2.0115,490,226.7,21.6,0.0095,,
2.0200,491,227.1,21.6,0.0095,,
2.0275,492,227.3,21.6,0.0095,,
2.0360,493,227.6,21.6,0.0105,,
2.0445,494,227.8,21.6,0.0105,,
2.0525,495,228.0,21.6,0.0090,,
2.0610,496,228.5,21.6,0.0095,,
2.0695,497,228.8,21.6,0.0095,,
2.0770,498,229.0,21.6,0.0095,,
2.0855,499,229.2,21.6,0.0105,,
2.0940,500,229.3,21.6,0.0105,,
2.1025,501,229.7,21.6,0.0095,,
2.1110,502,229.9,21.6,0.0095,,
2.1190,503,230.0,21.6,0.0090,,
2.1265,504,230.4,21.6,0.0095,,
2.1350,505,230.5,21.6,0.0105,,
2.1435,506,230.9,21.6,0.0095,,
2.1520,507,231.1,21.6,0.0095,,
2.1605,508,231.2,21.6,0.0095,,
2.1690,509,231.6,21.6,0.0095,,
2.1765,510,231.7,21.6,0.0095,,
2.1850,511,232.1,21.6,0.0105,,
2.1930,512,232.2,21.6,0.0100,,
2.2015,513,232.3,21.6,0.0095,,
2.2100,514,232.7,21.6,0.0095,,
2.2185,515,233.0,21.6,0.0095,,
2.2260,516,233.2,21.6,0.0095,,
2.2345,517,233.4,21.6,0.0105,,
2.2430,518,233.4,21.6,0.0105,,
2.2510,519,233.7,21.6,0.0090,,
2.2595,520,234.0,21.6,0.0095,,
2.2670,521,234.0,21.6,0.0085,,
2.2715,522,234.3,21.6,0.0055,,
2.2720,523,234.2,21.6,0.0005,,
2.2725,524,234.4,21.6,0.0005,,
2.2740,525,234.5,21.6,0.0015,,
2.2750,526,234.5,21.6,0.0010,,
2.2755,527,234.5,21.6,0.0005,,
2.2765,528,234.5,21.6,0.0010,,
2.2775,529,234.7,21.6,0.0010,,
2.2785,530,234.8,21.6,0.0010,,
2.2800,531,234.6,21.6,0.0015,,
2.2825,532,234.6,21.6,0.0030,,
2.2855,533,234.8,21.6,0.0035,,
2.2885,534,235.0,21.6,0.0035,,
Scope 1/1, Sample 25/32 (T17)
Result,TitrationEP1
V,t,E,T,dV/dt,E acc. stat.,Volume acc. stat.
0.0000,0,-68.2,21.5,NaN,,
0.0010,1,-68.1,21.5,0.0010,,
0.0025,2,-68.0,21.5,0.0015,,
0.0050,3,-68.2,21.5,0.0025,,
0.0090,4,-68.0,21.5,0.0035,,
0.0150,5,-67.9,21.5,0.0055,,
0.0235,6,-67.2,21.5,0.0075,,
0.0320,7,-66.3,21.5,0.0075,,
0.0405,8,-65.4,21.5,0.0075,,
0.0490,9,-64.0,21.5,0.0075,,
0.0565,10,-62.8,21.5,0.0070,,
0.0650,11,-61.1,21.5,0.0075,,
0.0730,12,-59.5,21.5,0.0075,,
0.0815,13,-57.9,21.5,0.0075,,
0.0900,14,-56.1,21.5,0.0075,,
0.0985,15,-54.0,21.5,0.0075,,
0.1060,16,-52.2,21.5,0.0070,,
0.1145,17,-50.0,21.5,0.0075,,
0.1230,18,-48.0,21.5,0.0075,,
0.1310,19,-45.8,21.5,0.0075,,
0.1395,20,-43.1,21.5,0.0075,,
0.1480,21,-40.5,21.5,0.0075,,
0.1565,22,-37.9,21.5,0.0070,,
0.1640,23,-35.1,21.5,0.0070,,
0.1725,24,-32.3,21.5,0.0075,,
0.1810,25,-29.3,21.5,0.0075,,
0.1890,26,-26.6,21.5,0.0075,,
0.1975,27,-24.2,21.5,0.0075,,
0.2060,28,-21.7,21.5,0.0075,,
0.2135,29,-19.7,21.5,0.0070,,
0.2220,30,-17.6,21.5,0.0075,,
0.2305,31,-15.6,21.5,0.0075,,
0.2390,32,-14.0,21.5,0.0075,,
0.2470,33,-12.4,21.5,0.0075,,
0.2555,34,-10.7,21.5,0.0075,,
0.2630,35,-9.5,21.5,0.0070,,
0.2715,36,-8.1,21.5,0.0075,,
0.2800,37,-7.0,21.5,0.0075,,
0.2885,38,-5.7,21.5,0.0075,,
0.2970,39,-4.3,21.5,0.0075,,
0.3055,40,-3.4,21.5,0.0075,,
0.3130,41,-2.3,21.5,0.0070,,
0.3210,42,-1.5,21.5,0.0075,,
0.3295,43,-0.3,21.5,0.0075,,
0.3380,44,0.7,21.5,0.0075,,
0.3465,45,1.4,21.5,0.0075,,
0.3550,46,2.4,21.5,0.0075,,
0.3625,47,3.3,21.5,0.0070,,
0.3710,48,4.4,21.5,0.0075,,
0.3795,49,5.5,21.5,0.0075,,
0.3880,50,6.2,21.5,0.0075,,
0.3960,51,7.3,21.5,0.0075,,
0.4040,52,8.0,21.5,0.0075,,
0.4120,53,9.0,21.5,0.0075,,
0.4205,54,9.8,21.5,0.0075,,
0.4290,55,10.5,21.5,0.0075,,
0.4375,56,11.6,21.5,0.0075,,
0.4460,57,12.4,21.5,0.0075,,
0.4535,58,13.2,21.5,0.0070,,
0.4620,59,13.8,21.5,0.0075,,
0.4705,60,14.6,21.5,0.0075,,
0.4785,61,15.7,21.5,0.0075,,
0.4870,62,16.5,21.5,0.0075,,
0.4955,63,17.2,21.5,0.0070,,
0.5030,64,18.0,21.5,0.0070,,
0.5115,65,18.8,21.5,0.0075,,
0.5200,66,19.9,21.5,0.0075,,
0.5285,67,20.6,21.5,0.0075,,
0.5370,68,21.4,21.5,0.0075,,
0.5450,69,22.3,21.5,0.0065,,
0.5530,70,22.9,21.5,0.0075,,
0.5610,71,23.9,21.5,0.0075,,
0.5695,72,24.7,21.6,0.0075,,
0.5780,73,25.4,21.5,0.0075,,
0.5865,74,26.5,21.5,0.0075,,
0.5950,75,27.1,21.5,0.0075,,
0.6025,76,28.1,21.5,0.0070,,
0.6110,77,28.7,21.5,0.0075,,
0.6195,78,29.6,21.5,0.0075,,
0.6275,79,30.6,21.5,0.0075,,
0.6360,80,31.4,21.5,0.0075,,
0.6445,81,32.2,21.6,0.0075,,
0.6520,82,32.9,21.5,0.0070,,
0.6605,83,33.6,21.5,0.0075,,
0.6690,84,34.7,21.6,0.0075,,
0.6775,85,35.4,21.6,0.0075,,
0.6855,86,36.2,21.6,0.0075,,
0.6940,87,37.2,21.6,0.0070,,
0.7015,88,37.9,21.6,0.0070,,
0.7100,89,39.0,21.6,0.0075,,
0.7185,90,39.8,21.6,0.0075,,
0.7270,91,40.5,21.6,0.0075,,
0.7355,92,41.5,21.6,0.0075,,
0.7440,93,42.5,21.6,0.0070,,
0.7515,94,43.3,21.6,0.0070,,
0.7595,95,44.1,21.6,0.0075,,
0.7680,96,44.9,21.6,0.0075,,
0.7765,97,45.9,21.6,0.0075,,
0.7850,98,46.9,21.6,0.0075,,
0.7935,99,47.7,21.6,0.0070,,
0.8010,100,48.6,21.6,0.0070,,
0.8095,101,49.5,21.6,0.0075,,
0.8180,102,50.6,21.6,0.0075,,
0.8260,103,51.6,21.6,0.0075,,
0.8345,104,52.4,21.6,0.0075,,
0.8430,105,53.4,21.6,0.0075,,
0.8505,106,54.3,21.6,0.0070,,
0.8590,107,55.5,21.6,0.0075,,
0.8675,108,56.3,21.6,0.0075,,
0.8760,109,57.2,21.6,0.0075,,
0.8845,110,58.4,21.6,0.0075,,
0.8920,111,59.2,21.6,0.0070,,
0.9005,112,60.4,21.6,0.0075,,
0.9085,113,61.3,21.6,0.0075,,
0.9170,114,62.2,21.6,0.0075,,
0.9255,115,63.4,21.6,0.0075,,
0.9340,116,64.5,21.6,0.0075,,
0.9415,117,65.6,21.6,0.0070,,
0.9500,118,66.6,21.6,0.0075,,
0.9585,119,67.5,21.6,0.0075,,
0.9665,120,68.7,21.6,0.0075,,
0.9750,121,69.9,21.6,0.0075,,
0.9835,122,70.8,21.6,0.0075,,
0.9920,123,72.0,21.6,0.0075,,
0.9995,124,73.0,21.6,0.0070,,
1.0080,125,74.3,21.6,0.0075,,
1.0165,126,75.6,21.6,0.0075,,
1.0250,127,76.7,21.6,0.0075,,
1.0330,128,77.9,21.6,0.0075,,
1.0415,129,79.0,21.6,0.0075,,
1.0490,130,80.5,21.6,0.0070,,
1.0575,131,82.0,21.6,0.0075,,
1.0660,132,83.2,21.6,0.0075,,
1.0745,133,84.4,21.6,0.0075,,
1.0830,134,86.2,21.6,0.0075,,
1.0910,135,87.6,21.6,0.0075,,
1.0990,136,89.2,21.6,0.0075,,
1.1070,137,90.6,21.6,0.0075,,
1.1155,138,92.3,21.6,0.0075,,
1.1240,139,94.2,21.6,0.0075,,
1.1325,140,96.0,21.6,0.0075,,
1.1410,141,97.6,21.6,0.0070,,
1.1485,142,99.1,21.6,0.0070,,
1.1570,143,101.0,21.6,0.0075,,
1.1650,144,103.1,21.6,0.0075,,
1.1735,145,105.2,21.6,0.0075,,
1.1820,146,107.2,21.6,0.0075,,
1.1905,147,109.7,21.6,0.0070,,
1.1980,148,111.9,21.6,0.0070,,
1.2065,149,114.7,21.6,0.0075,,
1.2150,150,117.5,21.6,0.0075,,
1.2235,151,120.2,21.6,0.0075,,
1.2315,152,123.7,21.6,0.0075,,
1.2400,153,127.0,21.6,0.0070,,
1.2475,154,130.2,21.6,0.0070,,
1.2560,155,133.7,21.6,0.0075,,
1.2645,156,137.4,21.6,0.0075,,
1.2730,157,141.5,21.6,0.0075,,
1.2815,158,145.5,21.6,0.0075,,
1.2900,159,149.3,21.6,0.0070,,
1.2975,160,152.7,21.6,0.0070,,
1.3060,161,156.4,21.6,0.0075,,
1.3140,162,159.8,21.6,0.0075,,
1.3225,163,163.0,21.6,0.0075,,
1.3310,164,165.6,21.6,0.0075,,
1.3395,165,168.0,21.6,0.0075,,
1.3470,166,170.5,21.6,0.0070,,
1.3555,167,172.9,21.6,0.0075,,
1.3640,168,174.8,21.6,0.0075,,
1.3725,169,176.8,21.6,0.0075,,
1.3805,170,178.8,21.6,0.0075,,
1.3885,171,180.4,21.6,0.0075,,
1.3965,172,182.2,21.6,0.0075,,
1.4050,173,183.6,21.6,0.0075,,
1.4145,174,185.1,21.6,0.0080,,
1.4145,414,187.1,21.6,0.0000,,
1.4150,415,187.2,21.6,0.0005,,
1.4165,416,187.1,21.6,0.0010,,
1.4190,417,187.4,21.6,0.0020,,
1.4230,418,188.0,21.6,0.0030,,
1.4295,419,188.4,21.6,0.0045,,
1.4380,420,189.4,21.6,0.0065,,
1.4455,421,190.3,21.6,0.0060,,
1.4540,422,191.5,21.6,0.0065,,
1.4620,423,192.7,21.6,0.0055,,
1.4705,424,193.7,21.6,0.0060,,
1.4790,425,194.5,21.6,0.0060,,
1.4875,426,195.5,21.6,0.0065,,
1.4950,427,196.5,21.6,0.0060,,
1.5035,428,197.5,21.6,0.0065,,
1.5120,429,198.3,21.6,0.0060,,
1.5200,430,199.0,21.6,0.0055,,
1.5285,431,200.1,21.6,0.0060,,
1.5370,432,200.7,21.6,0.0065,,
1.5445,433,201.6,21.6,0.0060,,
1.5530,434,202.1,21.6,0.0065,,
1.5615,435,202.8,21.6,0.0060,,
1.5700,436,203.8,21.6,0.0060,,
1.5785,437,204.4,21.6,0.0060,,
1.5865,438,205.0,21.6,0.0055,,
1.5940,439,205.5,21.6,0.0060,,
1.6025,440,206.1,21.6,0.0065,,
1.6110,441,207.0,21.6,0.0065,,
1.6195,442,207.6,21.6,0.0060,,
1.6280,443,208.0,21.6,0.0060,,
1.6365,444,208.7,21.6,0.0060,,
1.6440,445,209.2,21.6,0.0060,,
1.6520,446,209.9,21.6,0.0060,,
1.6605,447,210.4,21.6,0.0065,,
1.6690,448,210.7,21.6,0.0060,,
1.6775,449,211.3,21.6,0.0060,,
1.6860,450,212.0,21.6,0.0060,,
1.6935,451,212.3,21.6,0.0060,,
1.7020,452,212.8,21.7,0.0065,,
1.7105,453,213.2,21.7,0.0065,,
1.7185,454,213.7,21.6,0.0055,,
1.7270,455,214.4,21.7,0.0060,,
1.7355,456,214.7,21.6,0.0060,,
1.7430,457,215.1,21.6,0.0060,,
1.7515,458,215.4,21.7,0.0065,,
1.7600,459,216.0,21.7,0.0065,,
1.7685,460,216.5,21.6,0.0060,,
1.7765,461,216.8,21.6,0.0055,,
1.7850,462,217.2,21.7,0.0060,,
1.7925,463,217.5,21.6,0.0060,,
1.8010,464,218.0,21.7,0.0065,,
1.8095,465,218.6,21.6,0.0065,,
1.8180,466,218.8,21.7,0.0060,,
1.8265,467,219.1,21.7,0.0060,,
1.8350,468,219.6,21.7,0.0060,,
1.8425,469,219.9,21.7,0.0060,,
1.8510,470,220.4,21.7,0.0065,,
1.8590,471,220.5,21.7,0.0060,,
1.8675,472,220.9,21.7,0.0060,,
1.8760,473,221.5,21.7,0.0060,,
1.8845,474,221.8,21.7,0.0060,,
1.8930,475,222.2,21.7,0.0065,,
1.9005,476,222.4,21.7,0.0060,,
1.9090,477,222.6,21.7,0.0065,,
1.9170,478,223.1,21.7,0.0055,,
1.9255,479,223.4,21.7,0.0060,,
1.9340,480,223.6,21.7,0.0060,,
1.9425,481,223.9,21.7,0.0060,,
1.9500,482,224.1,21.7,0.0060,,
1.9585,483,224.5,21.7,0.0065,,
1.9670,484,224.9,21.7,0.0060,,
1.9750,485,225.0,21.7,0.0055,,
1.9835,486,225.4,21.7,0.0060,,
1.9920,487,225.6,21.7,0.0065,,
1.9995,488,226.2,21.7,0.0060,,
2.0080,489,226.4,21.7,0.0065,,
2.0165,490,226.5,21.7,0.0060,,
2.0250,491,226.9,21.7,0.0060,,
2.0335,492,227.3,21.7,0.0060,,
2.0415,493,227.6,21.7,0.0060,,
2.0495,494,227.7,21.7,0.0060,,
2.0575,495,227.8,21.7,0.0060,,
2.0660,496,228.3,21.7,0.0060,,
2.0745,497,228.6,21.7,0.0060,,
2.0830,498,228.7,21.7,0.0060,,
2.0915,499,228.9,21.7,0.0065,,
2.0990,500,229.0,21.7,0.0060,,
2.1075,501,229.4,21.7,0.0065,,
2.1155,502,229.8,21.7,0.0055,,
2.1240,503,229.9,21.7,0.0060,,
2.1325,504,230.1,21.7,0.0060,,
2.1410,505,230.5,21.7,0.0060,,
2.1485,506,230.7,21.7,0.0060,,
2.1570,507,231.0,21.7,0.0065,,
2.1655,508,231.1,21.7,0.0065,,
2.1735,509,231.4,21.7,0.0055,,
2.1820,510,231.7,21.7,0.0060,,
2.1905,511,232.0,21.7,0.0060,,
2.1980,512,232.1,21.7,0.0060,,
2.2065,513,232.3,21.7,0.0065,,
2.2150,514,232.5,21.7,0.0065,,
2.2235,515,232.9,21.7,0.0060,,
2.2320,516,233.0,21.7,0.0060,,
2.2400,517,233.1,21.7,0.0055,,
2.2480,518,233.4,21.7,0.0060,,
2.2560,519,233.5,21.7,0.0060,,
2.2645,520,233.9,21.7,0.0065,,
2.2725,521,234.1,21.7,0.0055,,
2.2795,522,234.1,21.7,0.0050,,
2.2845,523,234.4,21.7,0.0035,,
2.2865,524,234.3,21.7,0.0015,,
2.2870,525,234.4,21.7,0.0005,,
2.2875,526,234.6,21.7,0.0005,,
2.2880,527,234.4,21.7,0.0005,,
2.2885,528,234.4,21.7,0.0005,,
2.2900,529,234.6,21.7,0.0010,,
2.2920,530,234.6,21.7,0.0015,,
2.2935,531,234.7,21.7,0.0010,,
2.2955,532,234.5,21.7,0.0015,,
2.2975,533,234.6,21.7,0.0015,,
2.2990,534,234.8,21.7,0.0010,,
2.3000,535,235.0,21.7,0.0010,,
Scope 1/1, Sample 26/32 (T18)
Result,TitrationEP1
V,t,E,T,dV/dt,E acc. stat.,Volume acc. stat.
0.0000,0,-67.5,21.6,NaN,,
0.0010,1,-67.4,21.6,0.0010,,
0.0025,2,-67.5,21.6,0.0015,,
0.0050,3,-67.6,21.6,0.0025,,
0.0090,4,-67.6,21.6,0.0035,,
0.0150,5,-67.2,21.6,0.0055,,
0.0235,6,-66.4,21.6,0.0075,,
0.0320,7,-65.6,21.6,0.0075,,
0.0405,8,-64.6,21.6,0.0075,,
0.0485,9,-63.1,21.6,0.0075,,
0.0565,10,-61.9,21.6,0.0075,,
0.0645,11,-60.1,21.6,0.0075,,
0.0730,12,-58.4,21.6,0.0075,,
0.0815,13,-56.7,21.6,0.0075,,
0.0900,14,-54.6,21.6,0.0075,,
0.0985,15,-52.6,21.6,0.0075,,
0.1060,16,-50.6,21.6,0.0070,,
0.1145,17,-48.5,21.6,0.0075,,
0.1225,18,-46.3,21.6,0.0075,,
0.1310,19,-43.7,21.6,0.0075,,
0.1395,20,-41.1,21.6,0.0075,,
0.1480,21,-38.6,21.6,0.0075,,
0.1555,22,-36.0,21.6,0.0070,,
0.1640,23,-33.2,21.6,0.0075,,
0.1725,24,-30.2,21.6,0.0075,,
0.1810,25,-27.3,21.6,0.0075,,
0.1890,26,-24.7,21.6,0.0075,,
0.1975,27,-22.1,21.6,0.0075,,
0.2050,28,-20.0,21.6,0.0070,,
0.2135,29,-17.7,21.6,0.0075,,
0.2220,30,-15.8,21.6,0.0075,,
0.2305,31,-14.2,21.6,0.0075,,
0.2390,32,-12.5,21.6,0.0075,,
0.2470,33,-10.8,21.6,0.0075,,
0.2550,34,-9.5,21.6,0.0075,,
0.2630,35,-8.1,21.6,0.0075,,
0.2715,36,-6.9,21.6,0.0075,,
0.2800,37,-5.5,21.6,0.0075,,
0.2885,38,-4.0,21.6,0.0075,,
0.2970,39,-3.0,21.6,0.0075,,
0.3045,40,-1.9,21.6,0.0070,,
0.3130,41,-1.0,21.6,0.0075,,
0.3215,42,0.2,21.6,0.0075,,
0.3295,43,1.3,21.6,0.0075,,
0.3380,44,2.3,21.6,0.0075,,
0.3465,45,3.2,21.6,0.0075,,
0.3540,46,4.2,21.6,0.0070,,
0.3625,47,5.1,21.6,0.0075,,
0.3710,48,6.2,21.6,0.0075,,
0.3795,49,7.0,21.6,0.0075,,
0.3880,50,7.8,21.6,0.0075,,
0.3960,51,8.9,21.6,0.0075,,
0.4035,52,9.7,21.6,0.0070,,
0.4120,53,10.6,21.6,0.0075,,
0.4205,54,11.4,21.6,0.0075,,
0.4290,55,12.3,21.6,0.0075,,
0.4375,56,13.3,21.6,0.0075,,
0.4460,57,14.1,21.6,0.0075,,
0.4535,58,15.0,21.6,0.0070,,
0.4620,59,15.6,21.6,0.0075,,
0.4700,60,16.4,21.6,0.0075,,
0.4785,61,17.4,21.6,0.0075,,
0.4870,62,18.2,21.6,0.0075,,
0.4955,63,18.9,21.6,0.0075,,
0.5030,64,19.7,21.6,0.0070,,
0.5115,65,20.6,21.6,0.0075,,
0.5200,66,21.6,21.6,0.0075,,
0.5280,67,22.2,21.6,0.0075,,
0.5365,68,23.0,21.6,0.0075,,
0.5450,69,24.1,21.6,0.0075,,
0.5535,70,24.7,21.6,0.0075,,
0.5610,71,25.8,21.6,0.0070,,
0.5695,72,26.5,21.6,0.0075,,
0.5780,73,27.1,21.6,0.0075,,
0.5860,74,28.1,21.6,0.0075,,
0.5945,75,29.0,21.6,0.0075,,
0.6030,76,29.8,21.6,0.0075,,
0.6105,77,30.6,21.6,0.0070,,
0.6190,78,31.4,21.6,0.0075,,
0.6275,79,32.3,21.6,0.0075,,
0.6360,80,33.3,21.6,0.0075,,
0.6445,81,33.9,21.6,0.0075,,
0.6525,82,34.8,21.6,0.0075,,
0.6605,83,35.5,21.6,0.0075,,
0.6685,84,36.5,21.6,0.0075,,
0.6770,85,37.4,21.6,0.0075,,
0.6855,86,38.0,21.6,0.0075,,
0.6940,87,39.0,21.6,0.0075,,
0.7025,88,39.7,21.6,0.0075,,
0.7100,89,40.7,21.6,0.0070,,
0.7185,90,41.7,21.6,0.0075,,
0.7265,91,42.5,21.6,0.0075,,
0.7350,92,43.5,21.6,0.0075,,
0.7435,93,44.5,21.6,0.0075,,
0.7510,94,45.3,21.6,0.0070,,
0.7595,95,46.2,21.6,0.0075,,
0.7680,96,46.9,21.6,0.0075,,
0.7765,97,48.0,21.6,0.0075,,
0.7850,98,49.1,21.6,0.0075,,
0.7930,99,49.8,21.6,0.0065,,
0.8015,100,50.8,21.6,0.0075,,
0.8090,101,51.6,21.6,0.0070,,
0.8175,102,52.6,21.6,0.0075,,
0.8260,103,53.7,21.6,0.0075,,
0.8345,104,54.5,21.6,0.0075,,
0.8430,105,55.5,21.6,0.0075,,
0.8515,106,56.4,21.6,0.0075,,
0.8590,107,57.5,21.6,0.0070,,
0.8675,108,58.6,21.6,0.0075,,
0.8755,109,59.3,21.6,0.0075,,
0.8840,110,60.3,21.6,0.0075,,
0.8925,111,61.5,21.6,0.0075,,
0.9000,112,62.4,21.6,0.0070,,
0.9085,113,63.5,21.6,0.0075,,
0.9170,114,64.3,21.6,0.0075,,
0.9255,115,65.4,21.6,0.0075,,
0.9335,116,66.7,21.6,0.0075,,
0.9420,117,67.6,21.6,0.0075,,
0.9495,118,68.7,21.6,0.0070,,
0.9580,119,69.6,21.6,0.0075,,
0.9665,120,70.9,21.6,0.0075,,
0.9750,121,72.2,21.6,0.0075,,
0.9835,122,73.2,21.6,0.0075,,
0.9920,123,74.3,21.6,0.0075,,
1.0000,124,75.4,21.6,0.0075,,
1.0080,125,76.7,21.6,0.0075,,
1.0160,126,78.1,21.6,0.0075,,
1.0245,127,79.3,21.6,0.0075,,
1.0330,128,80.4,21.6,0.0075,,
1.0415,129,82.0,21.6,0.0075,,
1.0500,130,83.1,21.6,0.0075,,
1.0575,131,84.7,21.6,0.0070,,
1.0660,132,85.9,21.6,0.0075,,
1.0740,133,87.3,21.6,0.0075,,
1.0825,134,89.2,21.6,0.0075,,
1.0910,135,90.7,21.6,0.0075,,
1.0985,136,92.1,21.6,0.0070,,
1.1070,137,93.6,21.6,0.0075,,
1.1155,138,95.3,21.6,0.0075,,
1.1240,139,97.1,21.6,0.0075,,
1.1325,140,98.8,21.6,0.0075,,
1.1405,141,100.6,21.6,0.0075,,
1.1485,142,102.4,21.6,0.0075,,
1.1565,143,104.5,21.6,0.0075,,
1.1650,144,106.9,21.6,0.0075,,
1.1735,145,109.3,21.6,0.0075,,
1.1820,146,111.6,21.6,0.0075,,
1.1905,147,114.4,21.6,0.0075,,
1.1980,148,116.6,21.6,0.0070,,
1.2065,149,119.5,21.6,0.0075,,
1.2145,150,122.7,21.6,0.0075,,
1.2230,151,125.8,21.6,0.0075,,
1.2315,152,129.4,21.6,0.0075,,
1.2400,153,133.0,21.6,0.0075,,
1.2475,154,136.5,21.6,0.0070,,
1.2560,155,140.1,21.6,0.0075,,
1.2645,156,143.8,21.6,0.0075,,
1.2730,157,147.8,21.6,0.0075,,
1.2810,158,151.6,21.6,0.0075,,
1.2895,159,155.1,21.6,0.0075,,
1.2970,160,157.9,21.6,0.0070,,
1.3055,161,161.2,21.6,0.0075,,
1.3140,162,164.4,21.6,0.0075,,
1.3225,163,167.0,21.6,0.0075,,
1.3310,164,169.4,21.6,0.0075,,
1.3395,165,172.0,21.6,0.0075,,
1.3470,166,173.9,21.6,0.0070,,
1.3550,167,176.0,21.6,0.0075,,
1.3635,168,178.0,21.6,0.0075,,
1.3720,169,179.6,21.6,0.0075,,
1.3805,170,181.4,21.6,0.0075,,
1.3890,171,183.1,21.6,0.0075,,
1.3965,172,184.3,21.6,0.0070,,
1.4045,173,185.3,21.6,0.0075,,
1.4045,413,187.3,21.7,0.0000,,
1.4050,414,187.4,21.7,0.0005,,
1.4065,415,187.2,21.7,0.0010,,
1.4090,416,187.4,21.7,0.0020,,
1.4130,417,188.0,21.7,0.0030,,
1.4190,418,188.7,21.7,0.0045,,
1.4270,419,189.3,21.7,0.0060,,
1.4350,420,190.7,21.7,0.0065,,
1.4430,421,191.6,21.7,0.0065,,
1.4515,422,192.9,21.7,0.0070,,
1.4600,423,194.0,21.7,0.0065,,
1.4685,424,194.8,21.7,0.0065,,
1.4770,425,195.8,21.7,0.0065,,
1.4850,426,196.6,21.7,0.0065,,
1.4930,427,197.6,21.7,0.0065,,
1.5010,428,198.6,21.7,0.0065,,
1.5095,429,199.3,21.7,0.0065,,
1.5180,430,200.0,21.7,0.0065,,
1.5265,431,201.1,21.7,0.0065,,
1.5350,432,201.6,21.7,0.0070,,
1.5425,433,202.6,21.7,0.0060,,
1.5510,434,203.1,21.7,0.0070,,
1.5590,435,203.7,21.7,0.0060,,
1.5675,436,204.6,21.7,0.0065,,
1.5760,437,205.2,21.7,0.0065,,
1.5845,438,205.9,21.7,0.0070,,
1.5920,439,206.3,21.7,0.0060,,
1.6005,440,206.9,21.7,0.0070,,
1.6090,441,207.7,21.7,0.0065,,
1.6170,442,208.3,21.7,0.0060,,
1.6255,443,208.6,21.7,0.0065,,
1.6340,444,209.2,21.7,0.0065,,
1.6415,445,209.6,21.7,0.0060,,
1.6500,446,210.5,21.7,0.0070,,
1.6585,447,211.0,21.7,0.0065,,
1.6670,448,211.3,21.7,0.0065,,
1.6755,449,212.1,21.7,0.0065,,
1.6835,450,212.3,21.7,0.0065,,
1.6915,451,213.1,21.7,0.0065,,
1.6995,452,213.5,21.7,0.0065,,
1.7080,453,213.7,21.7,0.0065,,
1.7165,454,214.5,21.7,0.0065,,
1.7250,455,214.9,21.7,0.0065,,
1.7335,456,215.3,21.7,0.0070,,
1.7410,457,215.6,21.7,0.0060,,
1.7495,458,216.0,21.7,0.0070,,
1.7580,459,216.6,21.7,0.0065,,
1.7660,460,217.0,21.7,0.0060,,
1.7745,461,217.3,21.7,0.0065,,
1.7820,462,217.7,21.7,0.0060,,
1.7905,463,218.1,21.7,0.0070,,
1.7990,464,218.6,21.7,0.0070,,
1.8075,465,218.9,21.7,0.0065,,
1.8160,466,219.0,21.7,0.0065,,
1.8245,467,219.7,21.7,0.0065,,
1.8320,468,219.9,21.7,0.0060,,
1.8400,469,220.5,21.7,0.0065,,
1.8485,470,220.7,21.7,0.0070,,
1.8570,471,220.9,21.7,0.0065,,
1.8655,472,221.4,21.7,0.0065,,
1.8740,473,221.9,21.7,0.0065,,
1.8825,474,222.3,21.7,0.0070,,
1.8900,475,222.5,21.7,0.0060,,
1.8985,476,222.6,21.7,0.0070,,
1.9065,477,223.1,21.7,0.0060,,
1.9150,478,223.4,21.7,0.0065,,
1.9235,479,223.5,21.7,0.0065,,
1.9320,480,224.0,21.7,0.0070,,
1.9395,481,224.1,21.7,0.0060,,
1.9480,482,224.6,21.7,0.0070,,
1.9565,483,224.9,21.7,0.0065,,
1.9645,484,225.0,21.7,0.0060,,
1.9730,485,225.3,21.7,0.0065,,
1.9810,486,225.5,21.7,0.0065,,
1.9890,487,226.0,21.7,0.0065,,
1.9975,488,226.3,21.7,0.0070,,
2.0060,489,226.4,21.7,0.0065,,
2.0145,490,226.7,21.7,0.0065,,
2.0230,491,227.2,21.7,0.0065,,
2.0310,492,227.4,21.7,0.0065,,
2.0390,493,227.7,21.7,0.0065,,
2.0470,494,227.8,21.7,0.0065,,
2.0555,495,228.1,21.7,0.0065,,
2.0640,496,228.7,21.7,0.0065,,
2.0725,497,228.8,21.7,0.0065,,
2.0810,498,228.8,21.7,0.0065,,
2.0885,499,229.2,21.7,0.0060,,
2.0970,500,229.4,21.7,0.0070,,
2.1050,501,229.9,21.7,0.0065,,
2.1135,502,229.9,21.7,0.0065,,
2.1220,503,230.0,21.7,0.0065,,
2.1305,504,230.5,21.7,0.0065,,
2.1380,505,230.6,21.7,0.0060,,
2.1465,506,231.0,21.7,0.0070,,
2.1550,507,231.2,21.7,0.0070,,
2.1630,508,231.3,21.7,0.0060,,
2.1715,509,231.6,21.7,0.0065,,
2.1800,510,231.9,21.7,0.0065,,
2.1875,511,232.2,21.7,0.0060,,
2.1960,512,232.3,21.7,0.0070,,
2.2045,513,232.4,21.7,0.0070,,
2.2130,514,232.7,21.7,0.0065,,
2.2215,515,233.0,21.7,0.0065,,
2.2295,516,233.1,21.7,0.0060,,
2.2370,517,233.4,21.7,0.0060,,
2.2455,518,233.4,21.7,0.0070,,
2.2540,519,233.8,21.7,0.0070,,
2.2620,520,234.1,21.7,0.0060,,
2.2630,521,234.0,21.7,0.0010,,
2.2635,522,234.1,21.7,0.0005,,
2.2640,523,234.1,21.7,0.0005,,
2.2660,524,234.3,21.7,0.0015,,
2.2685,525,234.4,21.7,0.0020,,
2.2725,526,234.2,21.7,0.0030,,
2.2765,527,234.3,21.7,0.0030,,
2.2795,528,234.6,21.7,0.0025,,
2.2820,529,234.6,21.7,0.0020,,
2.2850,530,234.7,21.7,0.0025,,
2.2850,531,234.6,21.7,0.0000,,
2.2875,532,234.7,21.7,0.0020,,
2.2880,533,234.9,21.7,0.0005,,
2.2885,534,235.0,21.7,0.0005,,
Scope 1/1, Sample 27/32 (T19)
Result,TitrationEP1
V,t,E,T,dV/dt,E acc. stat.,Volume acc. stat.
0.0000,0,-68.1,21.6,NaN,,
0.0010,1,-68.2,21.6,0.0010,,
0.0025,2,-68.1,21.6,0.0015,,
0.0050,3,-68.1,21.6,0.0025,,
0.0085,4,-67.8,21.6,0.0030,,
0.0150,5,-67.7,21.6,0.0060,,
0.0230,6,-67.3,21.6,0.0075,,
0.0315,7,-66.2,21.6,0.0075,,
0.0390,8,-65.4,21.6,0.0075,,
0.0475,9,-63.9,21.6,0.0085,,
0.0560,10,-62.7,21.6,0.0075,,
0.0645,11,-61.2,21.6,0.0075,,
0.0725,12,-59.4,21.6,0.0075,,
0.0810,13,-57.7,21.6,0.0075,,
0.0885,14,-55.9,21.6,0.0075,,
0.0970,15,-54.1,21.6,0.0085,,
0.1055,16,-52.2,21.6,0.0075,,
0.1140,17,-49.9,21.6,0.0075,,
0.1225,18,-47.7,21.6,0.0075,,
0.1310,19,-45.6,21.6,0.0075,,
0.1385,20,-43.2,21.6,0.0075,,
0.1470,21,-40.7,21.6,0.0075,,
0.1550,22,-37.7,21.6,0.0075,,
0.1635,23,-34.8,21.6,0.0075,,
0.1720,24,-32.2,21.6,0.0075,,
0.1805,25,-29.6,21.6,0.0085,,
0.1880,26,-26.9,21.6,0.0075,,
0.1965,27,-24.0,21.6,0.0075,,
0.2050,28,-21.8,21.6,0.0075,,
0.2130,29,-19.8,21.6,0.0075,,
0.2215,30,-17.6,21.6,0.0075,,
0.2300,31,-15.7,21.6,0.0075,,
0.2375,32,-14.1,21.6,0.0075,,
0.2460,33,-12.5,21.6,0.0075,,
0.2545,34,-11.2,21.6,0.0075,,
0.2630,35,-9.6,21.6,0.0075,,
0.2715,36,-8.2,21.6,0.0075,,
0.2795,37,-7.1,21.6,0.0075,,
0.2870,38,-5.8,21.6,0.0075,,
0.2955,39,-4.6,21.6,0.0085,,
0.3040,40,-3.3,21.6,0.0075,,
0.3125,41,-2.2,21.6,0.0075,,
0.3210,42,-1.3,21.6,0.0075,,
0.3295,43,-0.3,21.6,0.0075,,
0.3370,44,0.5,21.6,0.0075,,
0.3455,45,1.7,21.6,0.0085,,
0.3535,46,2.9,21.6,0.0075,,
0.3620,47,3.6,21.6,0.0075,,
0.3705,48,4.5,21.6,0.0075,,
0.3790,49,5.6,21.6,0.0075,,
0.3865,50,6.3,21.6,0.0075,,
0.3950,51,7.3,21.6,0.0085,,
0.4035,52,8.0,21.6,0.0075,,
0.4115,53,8.9,21.6,0.0075,,
0.4200,54,10.0,21.6,0.0075,,
0.4285,55,10.8,21.6,0.0075,,
0.4360,56,11.8,21.6,0.0075,,
0.4445,57,12.4,21.6,0.0085,,
0.4530,58,13.3,21.6,0.0075,,
0.4615,59,14.4,21.6,0.0075,,
0.4700,60,15.1,21.6,0.0075,,
0.4780,61,15.8,21.6,0.0075,,
0.4860,62,16.6,21.6,0.0080,,
0.4940,63,17.4,21.6,0.0080,,
0.5025,64,18.5,21.6,0.0075,,
0.5110,65,19.1,21.6,0.0075,,
0.5195,66,19.8,21.6,0.0075,,
0.5280,67,20.8,21.6,0.0075,,
0.5355,68,21.5,21.6,0.0075,,
0.5440,69,22.5,21.6,0.0085,,
0.5525,70,23.2,21.6,0.0075,,
0.5605,71,24.0,21.6,0.0075,,
0.5690,72,25.0,21.6,0.0075,,
0.5775,73,25.8,21.6,0.0075,,
0.5850,74,26.6,21.6,0.0075,,
0.5935,75,27.2,21.6,0.0085,,
0.6020,76,28.1,21.6,0.0075,,
0.6105,77,29.1,21.6,0.0075,,
0.6185,78,29.8,21.6,0.0075,,
0.6270,79,30.6,21.6,0.0075,,
0.6345,80,31.4,21.6,0.0075,,
0.6430,81,32.2,21.6,0.0085,,
0.6515,82,33.3,21.6,0.0075,,
0.6600,83,34.1,21.6,0.0075,,
0.6685,84,34.7,21.6,0.0075,,
0.6770,85,35.8,21.6,0.0075,,
0.6845,86,36.5,21.6,0.0075,,
0.6930,87,37.5,21.6,0.0085,,
0.7010,88,38.2,21.6,0.0075,,
0.7095,89,38.9,21.6,0.0075,,
0.7180,90,40.1,21.6,0.0075,,
0.7265,91,41.1,21.6,0.0075,,
0.7340,92,41.9,21.6,0.0075,,
0.7425,93,42.7,21.6,0.0085,,
0.7510,94,43.4,21.6,0.0075,,
0.7590,95,44.5,21.6,0.0075,,
0.7675,96,45.5,21.6,0.0075,,
0.7760,97,46.1,21.6,0.0075,,
0.7835,98,47.1,21.6,0.0075,,
0.7920,99,47.9,21.6,0.0085,,
0.8005,100,49.0,21.6,0.0075,,
0.8090,101,50.0,21.6,0.0075,,
0.8170,102,50.8,21.6,0.0075,,
0.8255,103,51.9,21.6,0.0075,,
0.8330,104,52.7,21.6,0.0075,,
0.8415,105,54.0,21.6,0.0075,,
0.8500,106,54.8,21.6,0.0075,,
0.8585,107,55.5,21.6,0.0075,,
0.8670,108,56.5,21.6,0.0075,,
0.8755,109,57.8,21.6,0.0075,,
0.8830,110,58.6,21.6,0.0075,,
0.8915,111,59.7,21.6,0.0085,,
0.8995,112,60.5,21.6,0.0075,,
0.9080,113,61.6,21.6,0.0075,,
0.9165,114,62.8,21.6,0.0075,,
0.9250,115,63.6,21.6,0.0075,,
0.9325,116,64.7,21.6,0.0075,,
0.9410,117,65.7,21.6,0.0085,,
0.9495,118,66.8,21.6,0.0075,,
0.9575,119,68.1,21.6,0.0075,,
0.9660,120,69.0,21.6,0.0075,,
0.9745,121,70.1,21.6,0.0075,,
0.9820,122,71.1,21.6,0.0075,,
0.9905,123,72.4,21.6,0.0085,,
0.9990,124,73.8,21.6,0.0075,,
1.0075,125,74.9,21.6,0.0075,,
1.0160,126,76.1,21.6,0.0075,,
1.0240,127,77.5,21.6,0.0075,,
1.0325,128,78.6,21.6,0.0085,,
1.0400,129,80.0,21.6,0.0075,,
1.0485,130,81.2,21.6,0.0075,,
1.0570,131,82.4,21.6,0.0075,,
1.0655,132,84.2,21.6,0.0075,,
1.0740,133,85.6,21.6,0.0075,,
1.0820,134,86.9,21.6,0.0080,,
1.0900,135,88.3,21.6,0.0080,,
1.0980,136,89.7,21.6,0.0075,,
1.1065,137,91.5,21.6,0.0075,,
1.1150,138,93.2,21.6,0.0075,,
1.1235,139,94.7,21.6,0.0075,,
1.1320,140,96.3,21.6,0.0085,,
1.1395,141,98.1,21.6,0.0075,,
1.1480,142,100.3,21.6,0.0075,,
1.1560,143,102.2,21.6,0.0075,,
1.1645,144,104.0,21.6,0.0075,,
1.1730,145,106.3,21.6,0.0075,,
1.1815,146,108.2,21.6,0.0085,,
1.1890,147,110.9,21.6,0.0075,,
1.1975,148,113.5,21.6,0.0075,,
1.2060,149,116.3,21.6,0.0075,,
1.2145,150,119.4,21.6,0.0075,,
1.2225,151,122.3,21.6,0.0075,,
1.2305,152,125.3,21.6,0.0080,,
1.2385,153,128.6,21.6,0.0080,,
1.2470,154,132.3,21.6,0.0075,,
1.2555,155,136.4,21.6,0.0075,,
1.2640,156,140.2,21.6,0.0075,,
1.2725,157,143.8,21.6,0.0075,,
1.2800,158,147.4,21.6,0.0075,,
1.2885,159,150.9,21.6,0.0085,,
1.2970,160,154.9,21.6,0.0075,,
1.3050,161,158.4,21.6,0.0075,,
1.3135,162,161.4,21.6,0.0075,,
1.3220,163,164.5,21.6,0.0075,,
1.3295,164,166.8,21.6,0.0075,,
1.3380,165,169.5,21.6,0.0085,,
1.3465,166,172.0,21.6,0.0075,,
1.3550,167,174.1,21.6,0.0075,,
1.3630,168,176.2,21.6,0.0075,,
1.3715,169,178.2,21.6,0.0075,,
1.3790,170,179.8,21.6,0.0075,,
1.3875,171,181.4,21.6,0.0085,,
1.3960,172,182.9,21.6,0.0075,,
1.4045,173,184.5,21.6,0.0075,,
1.4090,174,185.0,21.6,0.0065,,
1.4090,414,186.9,21.7,0.0000,,
1.4095,415,187.1,21.7,0.0005,,
1.4110,416,187.1,21.7,0.0020,,
1.4135,417,187.1,21.7,0.0030,,
1.4175,418,187.6,21.7,0.0045,,
1.4235,419,188.3,21.7,0.0065,,
1.4315,420,189.1,21.7,0.0090,,
1.4395,421,190.2,21.7,0.0100,,
1.4475,422,191.1,21.7,0.0100,,
1.4560,423,192.5,21.7,0.0095,,
1.4645,424,193.6,21.7,0.0095,,
1.4730,425,194.4,21.7,0.0095,,
1.4815,426,195.4,21.7,0.0095,,
1.4890,427,196.1,21.7,0.0095,,
1.4975,428,197.2,21.7,0.0105,,
1.5060,429,198.3,21.7,0.0105,,
1.5140,430,198.9,21.7,0.0090,,
1.5225,431,199.8,21.7,0.0095,,
1.5310,432,200.5,21.7,0.0105,,
1.5385,433,201.5,21.7,0.0095,,
1.5470,434,202.3,21.7,0.0105,,
1.5555,435,202.7,21.7,0.0095,,
1.5640,436,203.6,21.7,0.0095,,
1.5725,437,204.4,21.7,0.0095,,
1.5805,438,205.0,21.7,0.0100,,
1.5880,439,205.7,21.7,0.0095,,
1.5965,440,206.1,21.7,0.0105,,
1.6050,441,206.8,21.7,0.0095,,
1.6135,442,207.6,21.7,0.0095,,
1.6220,443,207.9,21.7,0.0095,,
1.6305,444,208.6,21.7,0.0105,,
1.6380,445,209.1,21.7,0.0095,,
1.6465,446,209.7,21.7,0.0105,,
1.6545,447,210.4,21.7,0.0090,,
1.6630,448,210.8,21.7,0.0095,,
1.6715,449,211.2,21.7,0.0095,,
1.6800,450,211.6,21.7,0.0105,,
1.6875,451,212.4,21.7,0.0095,,
1.6960,452,213.0,21.7,0.0105,,
1.7045,453,213.2,21.7,0.0095,,
1.7125,454,213.7,21.7,0.0090,,
1.7210,455,214.3,21.7,0.0095,,
1.7295,456,214.7,21.7,0.0095,,
1.7370,457,215.2,21.7,0.0095,,
1.7455,458,215.5,21.7,0.0105,,
1.7540,459,215.9,21.7,0.0095,,
1.7625,460,216.5,21.7,0.0095,,
1.7710,461,216.8,21.7,0.0095,,
1.7790,462,217.3,21.7,0.0100,,
1.7870,463,217.4,21.7,0.0100,,
1.7950,464,217.9,21.7,0.0100,,
1.8035,465,218.5,21.7,0.0105,,
1.8120,466,218.9,21.7,0.0095,,
1.8205,467,219.1,21.7,0.0095,,
1.8290,468,219.6,21.7,0.0095,,
1.8365,469,219.8,21.7,0.0095,,
1.8450,470,220.4,21.7,0.0105,,
1.8530,471,220.7,21.7,0.0100,,
1.8615,472,220.8,21.7,0.0095,,
1.8700,473,221.3,21.7,0.0095,,
1.8785,474,221.8,21.7,0.0095,,
1.8860,475,222.2,21.7,0.0095,,
1.8945,476,222.3,21.7,0.0105,,
1.9030,477,222.5,21.7,0.0105,,
1.9110,478,223.0,21.7,0.0090,,
1.9195,479,223.4,21.7,0.0095,,
1.9280,480,223.5,21.7,0.0095,,
1.9355,481,224.0,21.7,0.0095,,
1.9440,482,224.1,21.7,0.0105,,
1.9525,483,224.4,21.7,0.0105,,
1.9610,484,224.8,21.7,0.0095,,
1.9690,485,225.0,21.7,0.0090,,
1.9775,486,225.2,21.7,0.0095,,
1.9860,487,225.5,21.7,0.0105,,
1.9935,488,226.0,21.7,0.0095,,
2.0020,489,226.3,21.7,0.0105,,
2.0105,490,226.5,21.7,0.0095,,
2.0190,491,226.8,21.7,0.0095,,
2.0275,492,227.3,21.7,0.0095,,
2.0350,493,227.4,21.7,0.0095,,
2.0435,494,227.7,21.7,0.0105,,
2.0515,495,227.8,21.7,0.0100,,
2.0600,496,228.2,21.7,0.0095,,
2.0685,497,228.6,21.7,0.0095,,
2.0770,498,228.7,21.7,0.0095,,
2.0845,499,229.0,21.7,0.0095,,
2.0930,500,229.0,21.7,0.0105,,
2.1015,501,229.5,21.7,0.0095,,
2.1100,502,229.8,21.7,0.0095,,
2.1180,503,229.9,21.7,0.0090,,
2.1265,504,230.2,21.7,0.0105,,
2.1340,505,230.3,21.7,0.0095,,
2.1425,506,230.8,21.7,0.0105,,
2.1510,507,231.0,21.7,0.0095,,
2.1595,508,231.1,21.7,0.0095,,
2.1680,509,231.4,21.7,0.0095,,
2.1765,510,231.8,21.7,0.0095,,
2.1840,511,231.9,21.7,0.0085,,
2.1925,512,232.2,21.7,0.0105,,
2.2005,513,232.3,21.7,0.0090,,
2.2090,514,232.5,21.7,0.0095,,
2.2175,515,232.9,21.7,0.0095,,
2.2260,516,233.0,21.7,0.0095,,
2.2335,517,233.2,21.7,0.0095,,
2.2420,518,233.2,21.7,0.0105,,
2.2505,519,233.4,21.7,0.0105,,
2.2585,520,233.8,21.7,0.0090,,
2.2655,521,233.9,21.7,0.0080,,
2.2730,522,233.9,21.7,0.0085,,
2.2780,523,234.2,21.7,0.0060,,
2.2785,524,234.2,21.7,0.0005,,
2.2790,525,234.5,21.7,0.0005,,
2.2800,526,234.5,21.7,0.0010,,
2.2805,527,234.4,21.7,0.0005,,
2.2820,528,234.6,21.7,0.0015,,
2.2830,529,234.5,21.7,0.0010,,
2.2835,530,234.8,21.7,0.0005,,
2.2845,531,234.7,21.7,0.0010,,
2.2855,532,234.5,21.7,0.0010,,
2.2860,533,234.8,21.7,0.0005,,
2.2860,534,234.8,21.7,0.0000,,
2.2880,535,234.8,21.7,0.0025,,
2.2880,536,234.7,21.7,0.0000,,
2.2890,537,234.6,21.7,0.0010,,
2.2895,538,234.7,21.7,0.0005,,
2.2905,539,234.9,21.7,0.0010,,
2.2915,540,234.7,21.7,0.0010,,
2.2925,541,234.8,21.7,0.0010,,
2.2935,542,234.7,21.7,0.0010,,
2.2940,542,235.0,21.7,0.0025,,
Scope 1/1, Sample 28/32 (T20)
Result,TitrationEP1
V,t,E,T,dV/dt,E acc. stat.,Volume acc. stat.
0.0000,0,-66.8,21.5,NaN,,
0.0005,1,-66.7,21.5,0.0005,,
0.0025,2,-66.8,21.5,0.0020,,
0.0050,3,-66.8,21.5,0.0025,,
0.0090,4,-66.7,21.5,0.0035,,
0.0150,5,-66.6,21.5,0.0055,,
0.0235,6,-65.9,21.5,0.0085,,
0.0310,7,-65.1,21.5,0.0075,,
0.0395,8,-64.0,21.5,0.0085,,
0.0480,9,-62.6,21.5,0.0075,,
0.0565,10,-61.2,21.5,0.0075,,
0.0650,11,-59.7,21.5,0.0075,,
0.0730,12,-57.8,21.5,0.0075,,
0.0810,13,-56.3,21.5,0.0080,,
0.0890,14,-54.3,21.5,0.0080,,
0.0975,15,-52.5,21.5,0.0075,,
0.1060,16,-50.5,21.5,0.0075,,
0.1145,17,-48.2,21.5,0.0075,,
0.1230,18,-45.9,21.5,0.0075,,
0.1305,19,-43.7,21.5,0.0075,,
0.1390,20,-41.2,21.5,0.0085,,
0.1470,21,-38.7,21.5,0.0080,,
0.1555,22,-35.8,21.5,0.0075,,
0.1640,23,-32.9,21.5,0.0075,,
0.1725,24,-30.2,21.5,0.0075,,
0.1800,25,-27.6,21.5,0.0075,,
0.1885,26,-25.0,21.5,0.0085,,
0.1970,27,-22.5,21.5,0.0085,,
0.2055,28,-20.3,21.5,0.0075,,
0.2135,29,-18.4,21.5,0.0075,,
0.2220,30,-16.5,21.5,0.0075,,
0.2295,31,-15.0,21.5,0.0075,,
0.2380,32,-13.2,21.5,0.0085,,
0.2465,33,-11.6,21.5,0.0085,,
0.2550,34,-10.2,21.5,0.0075,,
0.2635,35,-8.9,21.5,0.0075,,
0.2715,36,-7.3,21.5,0.0075,,
0.2795,37,-6.2,21.5,0.0080,,
0.2875,38,-4.9,21.5,0.0080,,
0.2960,39,-3.8,21.5,0.0085,,
0.3045,40,-2.7,21.5,0.0075,,
0.3130,41,-1.6,21.5,0.0075,,
0.3215,42,-0.5,21.5,0.0075,,
0.3295,43,0.4,21.5,0.0080,,
0.3375,44,1.2,21.5,0.0080,,
0.3455,45,2.3,21.5,0.0080,,
0.3540,46,3.5,21.5,0.0075,,
0.3625,47,4.3,21.5,0.0075,,
0.3710,48,5.2,21.5,0.0075,,
0.3785,49,6.1,21.5,0.0075,,
0.3870,50,7.0,21.5,0.0085,,
0.3955,51,8.0,21.5,0.0085,,
0.4040,52,8.7,21.5,0.0075,,
0.4120,53,9.6,21.5,0.0075,,
0.4205,54,10.6,21.5,0.0075,,
0.4290,55,11.3,21.5,0.0085,,
0.4365,56,12.3,21.5,0.0075,,
0.4450,57,13.1,21.5,0.0085,,
0.4535,58,14.0,21.5,0.0075,,
0.4620,59,14.9,21.5,0.0075,,
0.4705,60,15.8,21.5,0.0075,,
0.4780,61,16.6,21.5,0.0075,,
0.4865,62,17.2,21.5,0.0085,,
0.4945,63,18.1,21.5,0.0080,,
0.5030,64,19.1,21.5,0.0075,,
0.5115,65,19.8,21.5,0.0075,,
0.5200,66,20.5,21.5,0.0075,,
0.5275,67,21.3,21.5,0.0075,,
0.5360,68,22.2,21.5,0.0085,,
0.5445,69,23.2,21.5,0.0075,,
0.5525,70,23.9,21.5,0.0075,,
0.5610,71,24.7,21.5,0.0075,,
0.5695,72,25.6,21.5,0.0075,,
0.5770,73,26.2,21.5,0.0075,,
0.5855,74,27.2,21.5,0.0085,,
0.5940,75,27.9,21.5,0.0085,,
0.6025,76,28.6,21.5,0.0075,,
0.6110,77,29.6,21.5,0.0075,,
0.6190,78,30.4,21.5,0.0075,,
0.6275,79,31.2,21.5,0.0085,,
0.6350,80,31.9,21.5,0.0075,,
0.6435,81,32.7,21.5,0.0085,,
0.6520,82,33.8,21.5,0.0075,,
0.6605,83,34.6,21.5,0.0075,,
0.6690,84,35.3,21.5,0.0075,,
0.6770,85,36.2,21.5,0.0080,,
0.6845,86,37.1,21.5,0.0075,,
0.6930,87,38.1,21.5,0.0085,,
0.7015,88,39.1,21.5,0.0075,,
0.7100,89,39.8,21.5,0.0075,,
0.7185,90,40.7,21.5,0.0075,,
0.7270,91,41.8,21.5,0.0075,,
0.7345,92,42.5,21.5,0.0075,,
0.7425,93,43.4,21.5,0.0080,,
0.7510,94,44.2,21.5,0.0085,,
0.7595,95,45.0,21.5,0.0075,,
0.7680,96,46.1,21.5,0.0075,,
0.7765,97,47.0,21.5,0.0075,,
0.7840,98,47.8,21.5,0.0075,,
0.7925,99,48.6,21.5,0.0085,,
0.8010,100,49.6,21.5,0.0085,,
0.8090,101,50.7,21.5,0.0075,,
0.8175,102,51.8,21.5,0.0075,,
0.8260,103,52.5,21.5,0.0075,,
0.8335,104,53.4,21.5,0.0075,,
0.8420,105,54.4,21.5,0.0085,,
0.8505,106,55.6,21.5,0.0085,,
0.8590,107,56.6,21.5,0.0075,,
0.8670,108,57.5,21.5,0.0075,,
0.8755,109,58.6,21.5,0.0075,,
0.8830,110,59.4,21.5,0.0075,,
0.8915,111,60.7,21.5,0.0085,,
0.9000,112,61.7,21.5,0.0085,,
0.9085,113,62.6,21.5,0.0075,,
0.9170,114,63.8,21.5,0.0075,,
0.9255,115,65.0,21.5,0.0075,,
0.9330,116,65.9,21.5,0.0075,,
0.9415,117,67.0,21.5,0.0085,,
0.9495,118,68.1,21.5,0.0080,,
0.9580,119,69.4,21.5,0.0075,,
0.9665,120,70.5,21.5,0.0075,,
0.9750,121,71.5,21.5,0.0075,,
0.9825,122,72.7,21.5,0.0075,,
0.9910,123,73.9,21.5,0.0085,,
0.9995,124,75.3,21.5,0.0085,,
1.0080,125,76.4,21.5,0.0075,,
1.0160,126,77.4,21.5,0.0075,,
1.0245,127,78.8,21.5,0.0075,,
1.0320,128,80.0,21.5,0.0075,,
1.0405,129,81.4,21.5,0.0085,,
1.0490,130,82.7,21.5,0.0085,,
1.0575,131,84.0,21.5,0.0075,,
1.0660,132,85.5,21.5,0.0075,,
1.0740,133,87.1,21.5,0.0075,,
1.0820,134,88.5,21.5,0.0080,,
1.0900,135,90.0,21.5,0.0080,,
1.0985,136,91.4,21.5,0.0085,,
1.1070,137,93.1,21.5,0.0075,,
1.1155,138,94.9,21.5,0.0075,,
1.1240,139,96.6,21.5,0.0075,,
1.1315,140,98.2,21.5,0.0075,,
1.1400,141,100.2,21.5,0.0085,,
1.1485,142,102.4,21.5,0.0085,,
1.1565,143,104.6,21.5,0.0075,,
1.1650,144,106.6,21.5,0.0075,,
1.1735,145,109.0,21.5,0.0075,,
1.1810,146,111.0,21.5,0.0075,,
1.1895,147,113.7,21.5,0.0085,,
1.1980,148,116.6,21.5,0.0085,,
1.2065,149,119.3,21.5,0.0075,,
1.2145,150,122.6,21.5,0.0075,,
1.2230,151,126.0,21.5,0.0075,,
1.2305,152,129.0,21.5,0.0075,,
1.2390,153,132.5,21.5,0.0085,,
1.2475,154,136.2,21.5,0.0085,,
1.2560,155,140.3,21.5,0.0075,,
1.2645,156,144.4,21.5,0.0075,,
1.2730,157,148.2,21.5,0.0075,,
1.2805,158,151.7,21.5,0.0075,,
1.2885,159,155.2,21.5,0.0080,,
1.2970,160,158.5,21.5,0.0085,,
1.3055,161,162.0,21.5,0.0075,,
1.3140,162,164.8,21.5,0.0075,,
1.3225,163,167.4,21.5,0.0075,,
1.3310,164,169.8,21.5,0.0085,,
1.3385,165,171.9,21.5,0.0075,,
1.3470,166,174.5,21.5,0.0085,,
1.3550,167,176.4,21.5,0.0075,,
1.3635,168,178.3,21.5,0.0075,,
1.3720,169,180.0,21.5,0.0075,,
1.3805,170,181.4,21.5,0.0085,,
1.3880,171,183.2,21.5,0.0075,,
1.3965,172,184.6,21.5,0.0085,,
1.4015,173,185.1,21.5,0.0070,,
1.4015,413,187.3,21.6,0.0000,,
1.4020,414,187.2,21.6,0.0005,,
1.4035,415,187.4,21.6,0.0020,,
1.4060,416,187.7,21.6,0.0030,,
1.4100,417,188.0,21.6,0.0050,,
1.4165,418,188.6,21.6,0.0080,,
1.4250,419,189.3,21.6,0.0120,,
1.4325,420,190.6,21.6,0.0105,,
1.4410,421,191.8,21.6,0.0120,,
1.4490,422,192.8,21.6,0.0100,,
1.4575,423,193.8,21.6,0.0105,,
1.4660,424,194.8,21.6,0.0105,,
1.4735,425,195.8,21.6,0.0105,,
1.4820,426,196.6,21.6,0.0120,,
1.4905,427,197.4,21.6,0.0120,,
1.4990,428,198.4,21.6,0.0105,,
1.5070,429,199.4,21.6,0.0100,,
1.5155,430,200.0,21.6,0.0105,,
1.5230,431,200.8,21.6,0.0105,,
1.5315,432,201.5,21.6,0.0120,,
1.5400,433,202.2,21.6,0.0120,,
1.5485,434,203.1,21.6,0.0105,,
1.5570,435,203.6,21.6,0.0105,,
1.5655,436,204.3,21.6,0.0105,,
1.5735,437,204.9,21.6,0.0115,,
1.5810,438,205.8,21.6,0.0105,,
1.5895,439,206.5,21.6,0.0120,,
1.5980,440,206.9,21.6,0.0105,,
1.6065,441,207.5,21.6,0.0105,,
1.6150,442,208.4,21.6,0.0105,,
1.6235,443,208.9,21.6,0.0105,,
1.6310,444,209.4,21.6,0.0105,,
1.6390,445,209.7,21.6,0.0115,,
1.6475,446,210.2,21.6,0.0120,,
1.6560,447,210.8,21.6,0.0105,,
1.6645,448,211.4,21.6,0.0105,,
1.6730,449,211.7,21.6,0.0105,,
1.6805,450,212.2,21.6,0.0105,,
1.6890,451,212.8,21.6,0.0120,,
1.6975,452,213.3,21.6,0.0120,,
1.7055,453,213.7,21.6,0.0100,,
1.7140,454,214.1,21.6,0.0105,,
1.7225,455,214.6,21.6,0.0105,,
1.7300,456,214.9,21.6,0.0105,,
1.7385,457,215.5,21.6,0.0120,,
1.7470,458,216.0,21.6,0.0120,,
1.7555,459,216.2,21.6,0.0105,,
1.7640,460,216.7,21.6,0.0105,,
1.7720,461,217.2,21.6,0.0100,,
1.7795,462,217.7,21.6,0.0105,,
1.7880,463,218.1,21.6,0.0120,,
1.7965,464,218.3,21.6,0.0120,,
1.8050,465,218.7,21.6,0.0105,,
1.8135,466,219.2,21.6,0.0105,,
1.8220,467,219.6,21.6,0.0120,,
1.8295,468,219.8,21.6,0.0105,,
1.8380,469,220.1,21.6,0.0120,,
1.8460,470,220.6,21.6,0.0100,,
1.8545,471,221.0,21.6,0.0105,,
1.8630,472,221.2,21.6,0.0105,,
1.8715,473,221.6,21.6,0.0120,,
1.8790,474,222.0,21.6,0.0105,,
1.8875,475,222.4,21.6,0.0120,,
1.8960,476,222.8,21.6,0.0105,,
1.9045,477,222.9,21.6,0.0105,,
1.9125,478,223.3,21.6,0.0100,,
1.9210,479,223.7,21.6,0.0105,,
1.9285,480,223.9,21.6,0.0105,,
1.9370,481,224.2,21.6,0.0120,,
1.9455,482,224.4,21.6,0.0120,,
1.9540,483,224.7,21.6,0.0105,,
1.9625,484,225.1,21.6,0.0105,,
1.9705,485,225.4,21.6,0.0100,,
1.9785,486,225.7,21.6,0.0115,,
1.9865,487,225.9,21.6,0.0115,,
1.9950,488,226.3,21.6,0.0120,,
2.0035,489,226.7,21.6,0.0105,,
2.0120,490,226.9,21.6,0.0105,,
2.0205,491,227.1,21.6,0.0105,,
2.0280,492,227.4,21.6,0.0105,,
2.0365,493,227.7,21.6,0.0120,,
2.0445,494,228.1,21.6,0.0115,,
2.0530,495,228.3,21.6,0.0105,,
2.0615,496,228.3,21.6,0.0105,,
2.0700,497,228.7,21.6,0.0105,,
2.0785,498,229.1,21.6,0.0105,,
2.0860,499,229.3,21.6,0.0105,,
2.0945,500,229.5,21.6,0.0120,,
2.1025,501,229.7,21.6,0.0100,,
2.1110,502,230.1,21.6,0.0105,,
2.1195,503,230.4,21.6,0.0105,,
2.1280,504,230.6,21.6,0.0120,,
2.1355,505,230.7,21.6,0.0105,,
2.1440,506,230.9,21.6,0.0120,,
2.1525,507,231.3,21.6,0.0105,,
2.1610,508,231.5,21.6,0.0105,,
2.1690,509,231.5,21.6,0.0100,,
2.1770,510,231.8,21.6,0.0115,,
2.1850,511,232.0,21.6,0.0115,,
2.1935,512,232.4,21.6,0.0120,,
2.2020,513,232.6,21.6,0.0105,,
2.2105,514,232.7,21.6,0.0105,,
2.2190,515,232.9,21.6,0.0105,,
2.2270,516,233.2,21.6,0.0115,,
2.2350,517,233.5,21.6,0.0115,,
2.2430,518,233.6,21.6,0.0115,,
2.2515,519,233.6,21.6,0.0105,,
2.2600,520,233.9,21.6,0.0105,,
2.2680,521,234.2,21.6,0.0100,,
2.2745,522,234.4,21.6,0.0095,,
2.2755,523,234.4,21.6,0.0015,,
2.2765,524,234.3,21.6,0.0015,,
2.2775,525,234.5,21.6,0.0010,,
2.2790,526,234.7,21.6,0.0020,,
2.2820,527,234.6,21.6,0.0035,,
2.2845,528,234.7,21.6,0.0035,,
2.2875,529,234.7,21.6,0.0045,,
2.2885,530,234.8,21.6,0.0015,,
2.2895,530,235.0,21.6,0.0020,,
Scope 1/1, Sample 29/32 (T21)
Result,TitrationEP1
V,t,E,T,dV/dt,E acc. stat.,Volume acc. stat.
0.0000,0,-67.4,21.4,NaN,,
0.0010,1,-67.4,21.4,0.0010,,
0.0025,2,-67.4,21.4,0.0015,,
0.0050,3,-67.4,21.4,0.0025,,
0.0090,4,-67.2,21.4,0.0035,,
0.0150,5,-66.8,21.4,0.0055,,
0.0235,6,-66.4,21.4,0.0075,,
0.0320,7,-65.7,21.4,0.0075,,
0.0405,8,-64.4,21.4,0.0075,,
0.0490,9,-63.3,21.4,0.0075,,
0.0565,10,-61.7,21.4,0.0070,,
0.0650,11,-60.3,21.4,0.0075,,
0.0730,12,-58.7,21.4,0.0075,,
0.0815,13,-56.7,21.4,0.0075,,
0.0900,14,-54.8,21.4,0.0075,,
0.0985,15,-53.0,21.4,0.0075,,
0.1060,16,-51.2,21.4,0.0070,,
0.1145,17,-49.0,21.4,0.0075,,
0.1230,18,-46.5,21.4,0.0075,,
0.1315,19,-44.2,21.4,0.0075,,
0.1395,20,-41.9,21.4,0.0075,,
0.1480,21,-39.1,21.5,0.0070,,
0.1555,22,-36.8,21.5,0.0070,,
0.1640,23,-33.8,21.4,0.0075,,
0.1725,24,-30.8,21.5,0.0075,,
0.1810,25,-28.3,21.4,0.0075,,
0.1895,26,-25.6,21.5,0.0075,,
0.1975,27,-22.9,21.5,0.0075,,
0.2050,28,-21.1,21.5,0.0070,,
0.2135,29,-18.8,21.5,0.0075,,
0.2220,30,-17.1,21.5,0.0075,,
0.2305,31,-15.1,21.5,0.0075,,
0.2390,32,-13.4,21.5,0.0075,,
0.2475,33,-12.1,21.5,0.0075,,
0.2550,34,-10.6,21.5,0.0070,,
0.2635,35,-9.5,21.5,0.0075,,
0.2715,36,-8.1,21.5,0.0075,,
0.2800,37,-6.6,21.5,0.0075,,
0.2885,38,-5.5,21.5,0.0075,,
0.2970,39,-4.4,21.5,0.0075,,
0.3045,40,-3.3,21.5,0.0070,,
0.3130,41,-2.2,21.5,0.0075,,
0.3215,42,-1.1,21.5,0.0075,,
0.3295,43,-0.2,21.5,0.0075,,
0.3380,44,0.7,21.5,0.0075,,
0.3465,45,1.8,21.5,0.0075,,
0.3540,46,2.6,21.5,0.0070,,
0.3625,47,3.7,21.5,0.0075,,
0.3710,48,4.5,21.5,0.0075,,
0.3795,49,5.4,21.5,0.0075,,
0.3880,50,6.5,21.5,0.0075,,
0.3960,51,7.4,21.5,0.0075,,
0.4040,52,8.3,21.5,0.0075,,
0.4120,53,9.0,21.5,0.0075,,
0.4205,54,9.9,21.5,0.0075,,
0.4290,55,10.9,21.5,0.0075,,
0.4375,56,11.6,21.5,0.0075,,
0.4460,57,12.3,21.5,0.0075,,
0.4535,58,13.2,21.5,0.0070,,
0.4620,59,14.0,21.5,0.0075,,
0.4700,60,15.1,21.5,0.0075,,
0.4785,61,15.9,21.5,0.0075,,
0.4870,62,16.4,21.5,0.0075,,
0.4955,63,17.4,21.5,0.0075,,
0.5030,64,18.2,21.5,0.0070,,
0.5115,65,19.2,21.5,0.0075,,
0.5200,66,19.9,21.5,0.0075,,
0.5285,67,20.7,21.5,0.0075,,
0.5365,68,21.7,21.5,0.0075,,
0.5450,69,22.6,21.5,0.0075,,
0.5525,70,23.4,21.5,0.0070,,
0.5610,71,24.0,21.5,0.0075,,
0.5695,72,24.8,21.5,0.0075,,
0.5780,73,25.9,21.5,0.0075,,
0.5865,74,26.5,21.5,0.0075,,
0.5950,75,27.3,21.5,0.0075,,
0.6025,76,28.0,21.5,0.0070,,
0.6105,77,28.8,21.5,0.0075,,
0.6190,78,29.9,21.5,0.0075,,
0.6275,79,30.7,21.5,0.0075,,
0.6360,80,31.3,21.5,0.0075,,
0.6445,81,32.3,21.5,0.0075,,
0.6520,82,32.9,21.5,0.0070,,
0.6605,83,34.0,21.5,0.0075,,
0.6690,84,34.8,21.5,0.0075,,
0.6770,85,35.5,21.5,0.0075,,
0.6855,86,36.4,21.5,0.0075,,
0.6940,87,37.5,21.5,0.0075,,
0.7015,88,38.2,21.5,0.0070,,
0.7100,89,39.1,21.5,0.0075,,
0.7185,90,39.8,21.5,0.0075,,
0.7270,91,40.8,21.5,0.0075,,
0.7350,92,41.8,21.5,0.0075,,
0.7435,93,42.6,21.5,0.0075,,
0.7520,94,43.5,21.5,0.0075,,
0.7595,95,44.3,21.5,0.0070,,
0.7680,96,45.4,21.5,0.0075,,
0.7765,97,46.5,21.5,0.0075,,
0.7850,98,47.2,21.5,0.0075,,
0.7935,99,48.1,21.5,0.0075,,
0.8010,100,48.9,21.5,0.0070,,
0.8095,101,50.1,21.5,0.0075,,
0.8175,102,51.2,21.5,0.0075,,
0.8260,103,51.8,21.5,0.0075,,
0.8345,104,52.9,21.5,0.0075,,
0.8430,105,54.0,21.5,0.0070,,
0.8505,106,54.8,21.5,0.0070,,
0.8590,107,55.8,21.5,0.0075,,
0.8675,108,56.6,21.5,0.0075,,
0.8760,109,57.9,21.5,0.0075,,
0.8840,110,59.0,21.5,0.0075,,
0.8925,111,59.8,21.5,0.0075,,
0.9000,112,60.9,21.5,0.0070,,
0.9085,113,61.9,21.5,0.0075,,
0.9170,114,63.1,21.5,0.0075,,
0.9255,115,64.2,21.5,0.0075,,
0.9340,116,65.2,21.5,0.0075,,
0.9425,117,66.3,21.5,0.0070,,
0.9500,118,67.3,21.5,0.0070,,
0.9585,119,68.5,21.5,0.0075,,
0.9665,120,69.6,21.5,0.0075,,
0.9750,121,70.6,21.5,0.0075,,
0.9835,122,71.8,21.5,0.0075,,
0.9920,123,73.1,21.5,0.0075,,
0.9995,124,74.2,21.5,0.0070,,
1.0080,125,75.5,21.5,0.0075,,
1.0165,126,76.5,21.5,0.0075,,
1.0245,127,77.9,21.5,0.0075,,
1.0330,128,79.4,21.5,0.0075,,
1.0415,129,80.7,21.5,0.0075,,
1.0490,130,81.8,21.5,0.0070,,
1.0575,131,83.0,21.5,0.0075,,
1.0660,132,84.4,21.5,0.0075,,
1.0745,133,86.1,21.5,0.0075,,
1.0825,134,87.5,21.5,0.0075,,
1.0910,135,88.8,21.5,0.0075,,
1.0995,136,90.3,21.5,0.0075,,
1.1070,137,91.7,21.5,0.0070,,
1.1155,138,93.7,21.5,0.0075,,
1.1240,139,95.4,21.5,0.0075,,
1.1325,140,97.0,21.5,0.0075,,
1.1405,141,99.2,21.5,0.0075,,
1.1490,142,100.8,21.5,0.0075,,
1.1565,143,103.0,21.5,0.0070,,
1.1650,144,104.9,21.5,0.0075,,
1.1735,145,106.9,21.5,0.0075,,
1.1820,146,109.4,21.5,0.0075,,
1.1905,147,112.2,21.5,0.0075,,
1.1985,148,114.5,21.5,0.0075,,
1.2065,149,117.2,21.5,0.0075,,
1.2145,150,120.0,21.5,0.0075,,
1.2230,151,123.3,21.5,0.0075,,
1.2315,152,127.0,21.5,0.0075,,
1.2400,153,130.4,21.5,0.0075,,
1.2485,154,134.3,21.5,0.0075,,
1.2560,155,137.6,21.5,0.0070,,
1.2645,156,141.9,21.5,0.0075,,
1.2730,157,146.0,21.5,0.0075,,
1.2810,158,149.5,21.5,0.0075,,
1.2895,159,153.2,21.5,0.0075,,
1.2980,160,156.4,21.5,0.0075,,
1.3055,161,159.8,21.5,0.0070,,
1.3140,162,162.9,21.5,0.0075,,
1.3225,163,165.6,21.5,0.0075,,
1.3310,164,168.3,21.5,0.0075,,
1.3395,165,170.9,21.5,0.0075,,
1.3470,166,172.9,21.5,0.0070,,
1.3555,167,174.9,21.5,0.0075,,
1.3640,168,176.7,21.5,0.0075,,
1.3720,169,178.8,21.5,0.0075,,
1.3805,170,180.5,21.5,0.0075,,
1.3890,171,181.9,21.5,0.0075,,
1.3965,172,183.5,21.5,0.0070,,
1.4050,173,184.8,21.5,0.0075,,
1.4085,174,185.2,21.5,0.0070,,
1.4085,414,187.2,21.5,0.0000,,
1.4090,415,187.3,21.5,0.0010,,
1.4105,416,187.4,21.5,0.0025,,
1.4130,417,187.6,21.5,0.0035,,
1.4170,418,187.8,21.5,0.0055,,
1.4230,419,188.6,21.5,0.0085,,
1.4310,420,189.5,21.5,0.0115,,
1.4390,421,190.5,21.5,0.0135,,
1.4470,422,191.5,21.5,0.0135,,
1.4555,423,192.5,21.5,0.0120,,
1.4640,424,193.7,21.5,0.0120,,
1.4725,425,194.7,21.5,0.0120,,
1.4810,426,195.7,21.5,0.0140,,
1.4885,427,196.5,21.5,0.0125,,
1.4970,428,197.4,21.5,0.0140,,
1.5055,429,198.3,21.5,0.0120,,
1.5135,430,199.3,21.5,0.0115,,
1.5220,431,199.9,21.5,0.0120,,
1.5305,432,200.7,21.5,0.0140,,
1.5380,433,201.4,21.5,0.0125,,
1.5465,434,202.4,21.5,0.0140,,
1.5550,435,202.9,21.5,0.0120,,
1.5635,436,203.5,21.5,0.0120,,
1.5720,437,204.3,21.5,0.0120,,
1.5795,438,204.9,21.5,0.0125,,
1.5880,439,205.8,21.5,0.0140,,
1.5960,440,206.1,21.5,0.0135,,
1.6045,441,206.7,21.5,0.0120,,
1.6130,442,207.5,21.5,0.0120,,
1.6215,443,208.0,21.5,0.0120,,
1.6290,444,208.6,21.5,0.0125,,
1.6375,445,209.1,21.5,0.0140,,
1.6460,446,209.6,21.5,0.0140,,
1.6545,447,210.5,21.5,0.0120,,
1.6625,448,210.8,21.5,0.0115,,
1.6710,449,211.2,21.5,0.0120,,
1.6785,450,211.7,21.5,0.0125,,
1.6870,451,212.3,21.5,0.0140,,
1.6955,452,212.9,21.5,0.0140,,
1.7040,453,213.2,21.5,0.0120,,
1.7125,454,213.6,21.5,0.0120,,
1.7205,455,214.1,21.5,0.0115,,
1.7285,456,214.5,21.5,0.0135,,
1.7365,457,215.0,21.5,0.0115,,
1.7450,458,215.3,21.5,0.0140,,
1.7535,459,215.7,21.5,0.0120,,
1.7620,460,216.3,21.5,0.0120,,
1.7705,461,216.8,21.5,0.0120,,
1.7785,462,217.3,21.5,0.0135,,
1.7865,463,217.6,21.5,0.0135,,
1.7945,464,217.8,21.5,0.0135,,
1.8030,465,218.4,21.5,0.0120,,
1.8115,466,218.9,21.5,0.0120,,
1.8200,467,219.1,21.5,0.0120,,
1.8285,468,219.5,21.5,0.0140,,
1.8360,469,219.7,21.5,0.0125,,
1.8445,470,220.3,21.5,0.0140,,
1.8530,471,220.7,21.5,0.0120,,
1.8610,472,220.9,21.5,0.0115,,
1.8695,473,221.2,21.5,0.0120,,
1.8770,474,221.5,21.5,0.0125,,
1.8855,475,222.0,21.5,0.0140,,
1.8940,476,222.4,21.5,0.0140,,
1.9025,477,222.5,21.5,0.0120,,
1.9110,478,222.9,21.5,0.0120,,
1.9190,479,223.4,21.5,0.0115,,
1.9275,480,223.5,21.5,0.0120,,
1.9350,481,223.8,21.5,0.0125,,
1.9435,482,223.9,21.5,0.0140,,
1.9520,483,224.3,21.5,0.0120,,
1.9605,484,224.8,21.5,0.0120,,
1.9690,485,225.0,21.6,0.0120,,
1.9770,486,225.1,21.6,0.0115,,
1.9850,487,225.4,21.5,0.0135,,
1.9930,488,225.7,21.6,0.0135,,
2.0015,489,226.2,21.6,0.0120,,
2.0100,490,226.4,21.6,0.0120,,
2.0185,491,226.5,21.6,0.0120,,
2.0270,492,227.0,21.6,0.0120,,
2.0345,493,227.1,21.6,0.0125,,
2.0430,494,227.5,21.6,0.0140,,
2.0515,495,227.6,21.6,0.0120,,
2.0595,496,227.9,21.6,0.0115,,
2.0680,497,228.4,21.6,0.0120,,
2.0765,498,228.6,21.6,0.0120,,
2.0840,499,228.9,21.6,0.0125,,
2.0925,500,229.0,21.6,0.0140,,
2.1010,501,229.2,21.5,0.0120,,
2.1095,502,229.7,21.6,0.0120,,
2.1180,503,229.8,21.6,0.0120,,
2.1260,504,230.2,21.6,0.0135,,
2.1335,505,230.2,21.6,0.0125,,
2.1420,506,230.5,21.5,0.0140,,
2.1505,507,231.0,21.6,0.0120,,
2.1590,508,231.1,21.6,0.0120,,
2.1675,509,231.2,21.6,0.0120,,
2.1760,510,231.6,21.6,0.0120,,
2.1835,511,231.7,21.6,0.0125,,
2.1920,512,232.1,21.6,0.0140,,
2.2000,513,232.2,21.6,0.0135,,
2.2085,514,232.3,21.6,0.0120,,
2.2170,515,232.6,21.6,0.0120,,
2.2255,516,232.9,21.6,0.0120,,
2.2330,517,233.0,21.6,0.0125,,
2.2415,518,233.2,21.6,0.0140,,
2.2495,519,233.2,21.6,0.0135,,
2.2580,520,233.7,21.6,0.0120,,
2.2665,521,233.9,21.6,0.0120,,
2.2740,522,233.9,21.6,0.0105,,
2.2745,523,234.3,21.6,0.0010,,
2.2750,524,234.2,21.6,0.0010,,
2.2760,525,234.4,21.6,0.0015,,
2.2775,526,234.5,21.6,0.0020,,
2.2795,527,234.3,21.6,0.0030,,
2.2830,528,234.4,21.6,0.0050,,
2.2855,529,234.4,21.6,0.0040,,
2.2875,530,234.6,21.6,0.0035,,
2.2880,531,234.8,21.6,0.0010,,
2.2890,532,234.5,21.6,0.0015,,
2.2895,533,234.5,21.6,0.0005,,
2.2905,534,234.7,21.6,0.0015,,
2.2910,535,234.6,21.6,0.0010,,
2.2915,536,234.8,21.6,0.0010,,
2.2920,537,234.5,21.6,0.0005,,
2.2935,538,234.6,21.6,0.0020,,
2.2950,539,234.8,21.6,0.0020,,
2.2970,540,234.8,21.6,0.0030,,
2.2985,541,234.9,21.6,0.0025,,
2.3000,542,235.1,21.6,0.0020,,
Scope 1/1, Sample 30/32 (T22)
Result,TitrationEP1
V,t,E,T,dV/dt,E acc. stat.,Volume acc. stat.
0.0000,0,-67.9,21.5,NaN,,
0.0010,1,-68.0,21.5,0.0010,,
0.0025,2,-68.1,21.5,0.0015,,
0.0050,3,-68.0,21.5,0.0025,,
0.0090,4,-68.0,21.5,0.0035,,
0.0150,5,-67.5,21.5,0.0055,,
0.0235,6,-66.8,21.5,0.0075,,
0.0320,7,-66.0,21.5,0.0075,,
0.0405,8,-64.8,21.5,0.0075,,
0.0485,9,-63.6,21.5,0.0080,,
0.0565,10,-61.9,21.5,0.0075,,
0.0650,11,-60.3,21.5,0.0075,,
0.0730,12,-58.7,21.5,0.0075,,
0.0815,13,-56.8,21.5,0.0075,,
0.0900,14,-54.8,21.5,0.0075,,
0.0975,15,-53.0,21.5,0.0070,,
0.1060,16,-51.0,21.5,0.0075,,
0.1145,17,-49.0,21.5,0.0075,,
0.1230,18,-46.4,21.5,0.0075,,
0.1310,19,-44.0,21.5,0.0075,,
0.1395,20,-41.5,21.5,0.0075,,
0.1470,21,-39.1,21.5,0.0070,,
0.1555,22,-36.5,21.5,0.0075,,
0.1640,23,-33.4,21.5,0.0075,,
0.1725,24,-30.6,21.5,0.0075,,
0.1810,25,-28.0,21.5,0.0075,,
0.1890,26,-25.3,21.5,0.0075,,
0.1970,27,-22.9,21.5,0.0080,,
0.2050,28,-20.5,21.5,0.0075,,
0.2135,29,-18.2,21.5,0.0075,,
0.2220,30,-16.5,21.5,0.0075,,
0.2305,31,-14.5,21.5,0.0075,,
0.2390,32,-12.7,21.5,0.0075,,
0.2465,33,-11.3,21.5,0.0075,,
0.2550,34,-9.7,21.5,0.0075,,
0.2635,35,-8.5,21.5,0.0075,,
0.2715,36,-7.2,21.5,0.0075,,
0.2800,37,-5.6,21.5,0.0075,,
0.2885,38,-4.4,21.5,0.0075,,
0.2960,39,-3.3,21.5,0.0075,,
0.3045,40,-2.4,21.5,0.0075,,
0.3130,41,-1.4,21.5,0.0075,,
0.3215,42,-0.3,21.5,0.0075,,
0.3295,43,0.6,21.5,0.0075,,
0.3380,44,1.6,21.5,0.0075,,
0.3465,45,2.4,21.5,0.0085,,
0.3540,46,3.4,21.5,0.0070,,
0.3625,47,4.7,21.5,0.0075,,
0.3710,48,5.5,21.5,0.0075,,
0.3795,49,6.4,21.5,0.0075,,
0.3880,50,7.4,21.5,0.0075,,
0.3960,51,8.1,21.5,0.0080,,
0.4035,52,9.2,21.5,0.0070,,
0.4120,53,10.1,21.5,0.0075,,
0.4205,54,10.7,21.5,0.0075,,
0.4290,55,11.8,21.5,0.0075,,
0.4375,56,12.8,21.5,0.0075,,
0.4460,57,13.5,21.5,0.0085,,
0.4535,58,14.2,21.5,0.0070,,
0.4620,59,14.9,21.5,0.0075,,
0.4700,60,15.9,21.5,0.0075,,
0.4785,61,16.8,21.5,0.0075,,
0.4870,62,17.4,21.5,0.0075,,
0.4955,63,18.3,21.5,0.0085,,
0.5030,64,19.0,21.5,0.0070,,
0.5115,65,20.0,21.5,0.0075,,
0.5200,66,20.9,21.5,0.0075,,
0.5285,67,21.5,21.5,0.0075,,
0.5365,68,22.5,21.5,0.0075,,
0.5450,69,23.3,21.5,0.0085,,
0.5525,70,24.2,21.5,0.0070,,
0.5610,71,25.0,21.5,0.0075,,
0.5695,72,25.5,21.5,0.0075,,
0.5780,73,26.6,21.5,0.0075,,
0.5865,74,27.5,21.5,0.0075,,
0.5940,75,28.2,21.5,0.0075,,
0.6025,76,28.9,21.5,0.0075,,
0.6110,77,29.8,21.5,0.0075,,
0.6190,78,30.9,21.5,0.0075,,
0.6275,79,31.7,21.5,0.0075,,
0.6360,80,32.4,21.5,0.0075,,
0.6435,81,33.2,21.5,0.0070,,
0.6520,82,33.9,21.5,0.0075,,
0.6605,83,35.0,21.5,0.0075,,
0.6690,84,35.7,21.5,0.0075,,
0.6770,85,36.4,21.5,0.0075,,
0.6855,86,37.3,21.5,0.0075,,
0.6930,87,38.1,21.5,0.0075,,
0.7015,88,39.1,21.5,0.0075,,
0.7100,89,40.0,21.5,0.0075,,
0.7185,90,40.7,21.5,0.0075,,
0.7270,91,41.6,21.5,0.0075,,
0.7355,92,42.7,21.5,0.0075,,
0.7430,93,43.6,21.5,0.0075,,
0.7515,94,44.4,21.5,0.0075,,
0.7595,95,45.1,21.5,0.0075,,
0.7680,96,46.2,21.5,0.0075,,
0.7765,97,47.2,21.5,0.0075,,
0.7850,98,47.9,21.5,0.0075,,
0.7925,99,49.0,21.5,0.0075,,
0.8010,100,49.7,21.5,0.0075,,
0.8095,101,50.9,21.5,0.0075,,
0.8175,102,51.8,21.5,0.0075,,
0.8260,103,52.6,21.5,0.0075,,
0.8345,104,53.3,21.5,0.0075,,
0.8430,105,54.5,21.5,0.0075,,
0.8505,106,55.3,21.5,0.0070,,
0.8590,107,56.4,21.5,0.0075,,
0.8675,108,57.2,21.5,0.0075,,
0.8755,109,58.2,21.5,0.0075,,
0.8840,110,59.4,21.5,0.0075,,
0.8925,111,60.4,21.5,0.0075,,
0.9000,112,61.3,21.5,0.0070,,
0.9085,113,62.2,21.5,0.0075,,
0.9170,114,63.1,21.5,0.0075,,
0.9255,115,64.4,21.5,0.0075,,
0.9335,116,65.5,21.5,0.0075,,
0.9420,117,66.4,21.5,0.0075,,
0.9495,118,67.4,21.5,0.0070,,
0.9580,119,68.5,21.5,0.0075,,
0.9665,120,69.7,21.5,0.0075,,
0.9750,121,71.1,21.5,0.0075,,
0.9835,122,71.9,21.5,0.0075,,
0.9920,123,73.2,21.5,0.0075,,
0.9995,124,74.2,21.5,0.0070,,
1.0075,125,75.6,21.5,0.0075,,
1.0160,126,76.9,21.5,0.0075,,
1.0245,127,78.0,21.5,0.0075,,
1.0330,128,79.4,21.5,0.0075,,
1.0415,129,80.9,21.5,0.0075,,
1.0490,130,82.2,21.5,0.0070,,
1.0575,131,83.4,21.5,0.0075,,
1.0660,132,84.6,21.5,0.0075,,
1.0740,133,86.1,21.5,0.0075,,
1.0825,134,87.7,21.5,0.0075,,
1.0910,135,88.9,21.5,0.0075,,
1.0985,136,90.3,21.5,0.0070,,
1.1070,137,91.8,21.5,0.0075,,
1.1155,138,93.6,21.5,0.0075,,
1.1240,139,95.4,21.5,0.0075,,
1.1325,140,97.1,21.5,0.0075,,
1.1410,141,98.7,21.5,0.0085,,
1.1485,142,100.6,21.5,0.0070,,
1.1570,143,102.7,21.5,0.0075,,
1.1650,144,104.6,21.5,0.0075,,
1.1735,145,106.6,21.5,0.0075,,
1.1820,146,109.0,21.5,0.0075,,
1.1905,147,110.9,21.5,0.0085,,
1.1980,148,113.9,21.5,0.0070,,
1.2065,149,116.6,21.5,0.0075,,
1.2150,150,119.3,21.5,0.0075,,
1.2230,151,122.3,21.5,0.0075,,
1.2315,152,125.4,21.5,0.0075,,
1.2400,153,128.8,21.5,0.0075,,
1.2475,154,132.3,21.5,0.0070,,
1.2560,155,135.8,21.5,0.0075,,
1.2645,156,139.5,21.5,0.0075,,
1.2730,157,143.6,21.5,0.0075,,
1.2810,158,147.5,21.5,0.0075,,
1.2895,159,151.2,21.5,0.0075,,
1.2970,160,154.4,21.5,0.0070,,
1.3055,161,157.9,21.5,0.0075,,
1.3140,162,161.2,21.5,0.0075,,
1.3225,163,164.0,21.5,0.0075,,
1.3310,164,166.7,21.5,0.0075,,
1.3395,165,169.5,21.5,0.0075,,
1.3470,166,171.5,21.5,0.0070,,
1.3550,167,173.8,21.5,0.0075,,
1.3635,168,175.7,21.5,0.0075,,
1.3720,169,177.7,21.5,0.0075,,
1.3805,170,179.5,21.5,0.0075,,
1.3890,171,181.1,21.5,0.0075,,
1.3965,172,182.7,21.5,0.0070,,
1.4050,173,184.0,21.5,0.0075,,
1.4120,174,185.2,21.5,0.0070,,
1.4120,414,187.2,21.6,0.0000,,
1.4125,415,187.0,21.6,0.0005,,
1.4140,416,187.2,21.6,0.0015,,
1.4165,417,187.6,21.6,0.0020,,
1.4205,418,187.8,21.6,0.0035,,
1.4270,419,188.5,21.6,0.0055,,
1.4355,420,189.6,21.6,0.0070,,
1.4430,421,190.4,21.6,0.0070,,
1.4510,422,191.7,21.6,0.0075,,
1.4595,423,192.5,21.6,0.0070,,
1.4680,424,193.6,21.6,0.0070,,
1.4765,425,194.8,21.6,0.0070,,
1.4850,426,195.7,21.6,0.0070,,
1.4925,427,196.6,21.6,0.0070,,
1.5010,428,197.2,21.6,0.0075,,
1.5095,429,198.2,21.6,0.0075,,
1.5175,430,199.2,21.6,0.0065,,
1.5260,431,199.8,21.6,0.0070,,
1.5345,432,200.7,21.6,0.0075,,
1.5420,433,201.2,21.6,0.0070,,
1.5505,434,202.1,21.6,0.0075,,
1.5590,435,203.0,21.6,0.0070,,
1.5675,436,203.5,21.6,0.0070,,
1.5760,437,204.1,21.6,0.0070,,
1.5840,438,204.7,21.6,0.0075,,
1.5920,439,205.6,21.6,0.0075,,
1.6000,440,206.3,21.6,0.0075,,
1.6085,441,206.8,21.6,0.0070,,
1.6170,442,207.4,21.6,0.0070,,
1.6255,443,208.3,21.6,0.0070,,
1.6330,444,208.8,21.6,0.0070,,
1.6415,445,209.3,21.6,0.0075,,
1.6500,446,209.6,21.6,0.0075,,
1.6585,447,210.4,21.6,0.0070,,
1.6665,448,211.0,21.6,0.0065,,
1.6750,449,211.4,21.6,0.0070,,
1.6825,450,211.9,21.6,0.0070,,
1.6910,451,212.2,21.6,0.0075,,
1.6995,452,212.8,21.6,0.0075,,
1.7080,453,213.4,21.6,0.0070,,
1.7165,454,213.7,21.6,0.0070,,
1.7245,455,214.2,21.6,0.0065,,
1.7325,456,214.5,21.6,0.0075,,
1.7405,457,215.1,21.6,0.0075,,
1.7490,458,215.7,21.6,0.0075,,
1.7575,459,215.9,21.6,0.0070,,
1.7660,460,216.3,21.6,0.0070,,
1.7745,461,216.8,21.6,0.0070,,
1.7820,462,217.2,21.6,0.0070,,
1.7905,463,217.8,21.6,0.0075,,
1.7990,464,218.0,21.6,0.0075,,
1.8070,465,218.4,21.6,0.0065,,
1.8155,466,218.9,21.6,0.0070,,
1.8240,467,219.2,21.6,0.0070,,
1.8315,468,219.6,21.6,0.0070,,
1.8400,469,219.8,21.6,0.0075,,
1.8485,470,220.0,21.6,0.0075,,
1.8570,471,220.6,21.6,0.0070,,
1.8650,472,220.9,21.6,0.0065,,
1.8735,473,221.0,21.6,0.0070,,
1.8820,474,221.5,21.6,0.0070,,
1.8895,475,221.8,21.6,0.0070,,
1.8980,476,222.4,21.6,0.0075,,
1.9065,477,222.8,21.6,0.0070,,
1.9150,478,222.8,21.6,0.0070,,
1.9230,479,223.3,21.6,0.0065,,
1.9315,480,223.4,21.6,0.0075,,
1.9390,481,224.0,21.6,0.0070,,
1.9475,482,224.2,21.6,0.0075,,
1.9560,483,224.4,21.6,0.0070,,
1.9645,484,224.8,21.6,0.0070,,
1.9730,485,225.2,21.6,0.0070,,
1.9815,486,225.4,21.6,0.0075,,
1.9890,487,225.6,21.6,0.0070,,
1.9975,488,225.8,21.6,0.0075,,
2.0055,489,226.3,21.6,0.0065,,
2.0140,490,226.6,21.6,0.0070,,
2.0225,491,226.8,21.6,0.0070,,
2.0310,492,227.1,21.6,0.0070,,
2.0385,493,227.3,21.6,0.0070,,
2.0470,494,227.7,21.6,0.0075,,
2.0555,495,228.0,21.6,0.0070,,
2.0640,496,227.9,21.6,0.0070,,
2.0720,497,228.3,21.6,0.0065,,
2.0800,498,228.4,21.6,0.0075,,
2.0880,499,228.9,21.6,0.0075,,
2.0965,500,229.1,21.6,0.0075,,
2.1050,501,229.2,21.6,0.0070,,
2.1135,502,229.6,21.6,0.0070,,
2.1220,503,230.0,21.6,0.0070,,
2.1300,504,230.2,21.6,0.0075,,
2.1380,505,230.4,21.6,0.0075,,
2.1460,506,230.5,21.6,0.0075,,
2.1545,507,230.9,21.6,0.0070,,
2.1630,508,231.3,21.6,0.0070,,
2.1715,509,231.4,21.6,0.0070,,
2.1800,510,231.7,21.6,0.0075,,
2.1875,511,231.7,21.6,0.0070,,
2.1960,512,232.0,21.6,0.0075,,
2.2045,513,232.2,21.6,0.0070,,
2.2125,514,232.3,21.6,0.0065,,
2.2210,515,232.5,21.6,0.0070,,
2.2295,516,232.8,21.6,0.0075,,
2.2370,517,233.2,21.6,0.0070,,
2.2455,518,233.5,21.6,0.0075,,
2.2535,519,233.5,21.6,0.0065,,
2.2620,520,233.6,21.6,0.0070,,
2.2705,521,234.1,21.6,0.0070,,
2.2780,522,234.2,21.6,0.0070,,
2.2805,523,234.5,21.6,0.0025,,
2.2815,524,234.2,21.6,0.0010,,
2.2820,525,234.2,21.6,0.0005,,
2.2830,526,234.4,21.6,0.0010,,
2.2835,527,234.5,21.6,0.0005,,
2.2840,528,234.2,21.6,0.0005,,
2.2850,529,234.5,21.6,0.0010,,
2.2860,530,234.3,21.6,0.0010,,
2.2875,531,234.5,21.6,0.0015,,
2.2890,532,234.6,21.6,0.0010,,
2.2900,533,234.4,21.6,0.0010,,
2.2910,534,234.6,21.6,0.0010,,
2.2920,535,234.6,21.6,0.0010,,
2.2930,536,234.7,21.6,0.0010,,
2.2940,537,234.7,21.6,0.0010,,
2.2955,538,234.5,21.6,0.0010,,
2.2965,539,234.7,21.6,0.0010,,
2.2980,540,234.9,21.6,0.0010,,
2.2995,541,235.0,21.6,0.0010,,
Scope 1/1, Sample 31/32 (T23)
Result,TitrationEP1
V,t,E,T,dV/dt,E acc. stat.,Volume acc. stat.
0.0000,0,-68.0,21.5,NaN,,
0.0010,1,-68.0,21.5,0.0010,,
0.0025,2,-67.9,21.5,0.0015,,
0.0050,3,-68.0,21.5,0.0025,,
0.0085,4,-67.7,21.5,0.0030,,
0.0150,5,-67.6,21.5,0.0060,,
0.0230,6,-67.0,21.5,0.0075,,
0.0315,7,-66.0,21.5,0.0075,,
0.0400,8,-65.0,21.5,0.0075,,
0.0475,9,-63.7,21.5,0.0070,,
0.0560,10,-62.6,21.5,0.0075,,
0.0645,11,-61.1,21.5,0.0075,,
0.0730,12,-59.2,21.5,0.0075,,
0.0810,13,-57.5,21.5,0.0075,,
0.0895,14,-55.8,21.5,0.0075,,
0.0970,15,-54.0,21.5,0.0070,,
0.1055,16,-51.9,21.5,0.0075,,
0.1140,17,-49.6,21.5,0.0075,,
0.1225,18,-47.4,21.5,0.0075,,
0.1310,19,-45.0,21.5,0.0075,,
0.1390,20,-42.3,21.5,0.0075,,
0.1470,21,-40.1,21.5,0.0075,,
0.1550,22,-37.2,21.5,0.0075,,
0.1635,23,-34.7,21.5,0.0075,,
0.1720,24,-31.9,21.5,0.0075,,
0.1805,25,-28.7,21.5,0.0075,,
0.1890,26,-26.1,21.5,0.0075,,
0.1965,27,-23.7,21.5,0.0070,,
0.2050,28,-21.6,21.5,0.0075,,
0.2135,29,-19.5,21.5,0.0075,,
0.2215,30,-17.2,21.5,0.0075,,
0.2300,31,-15.4,21.5,0.0075,,
0.2385,32,-13.9,21.5,0.0075,,
0.2460,33,-12.3,21.5,0.0070,,
0.2545,34,-10.8,21.5,0.0075,,
0.2630,35,-9.2,21.5,0.0075,,
0.2715,36,-7.9,21.5,0.0075,,
0.2795,37,-6.8,21.5,0.0075,,
0.2880,38,-5.4,21.5,0.0075,,
0.2955,39,-4.3,21.5,0.0070,,
0.3040,40,-2.8,21.5,0.0075,,
0.3125,41,-1.9,21.5,0.0075,,
0.3210,42,-1.0,21.5,0.0075,,
0.3295,43,0.2,21.5,0.0075,,
0.3375,44,1.2,21.5,0.0075,,
0.3455,45,2.1,21.5,0.0075,,
0.3535,46,3.1,21.5,0.0075,,
0.3620,47,3.8,21.5,0.0075,,
0.3705,48,5.0,21.5,0.0075,,
0.3790,49,6.1,21.5,0.0075,,
0.3875,50,6.8,21.5,0.0075,,
0.3950,51,7.6,21.5,0.0070,,
0.4035,52,8.3,21.5,0.0075,,
0.4120,53,9.4,21.5,0.0075,,
0.4200,54,10.3,21.5,0.0075,,
0.4285,55,10.9,21.5,0.0075,,
0.4370,56,12.0,21.5,0.0075,,
0.4445,57,12.6,21.5,0.0070,,
0.4530,58,13.8,21.5,0.0075,,
0.4615,59,14.8,21.5,0.0075,,
0.4700,60,15.3,21.5,0.0075,,
0.4780,61,16.3,21.5,0.0075,,
0.4865,62,17.4,21.5,0.0075,,
0.4940,63,18.1,21.5,0.0070,,
0.5025,64,19.0,21.5,0.0075,,
0.5110,65,19.5,21.5,0.0075,,
0.5195,66,20.4,21.5,0.0075,,
0.5280,67,21.4,21.5,0.0075,,
0.5365,68,22.1,21.5,0.0075,,
0.5440,69,22.9,21.5,0.0070,,
0.5525,70,23.5,21.5,0.0075,,
0.5605,71,24.3,21.5,0.0075,,
0.5690,72,25.4,21.5,0.0075,,
0.5775,73,26.0,21.5,0.0075,,
0.5860,74,26.9,21.5,0.0075,,
0.5935,75,27.6,21.5,0.0070,,
0.6020,76,28.6,21.5,0.0075,,
0.6105,77,29.5,21.5,0.0075,,
0.6190,78,30.1,21.5,0.0075,,
0.6270,79,30.9,21.5,0.0075,,
0.6355,80,32.0,21.5,0.0075,,
0.6430,81,32.7,21.5,0.0070,,
0.6515,82,33.5,21.5,0.0075,,
0.6600,83,34.2,21.5,0.0075,,
0.6685,84,35.2,21.5,0.0075,,
0.6770,85,36.2,21.5,0.0075,,
0.6855,86,36.8,21.5,0.0075,,
0.6930,87,37.9,21.5,0.0070,,
0.7015,88,38.6,21.5,0.0075,,
0.7095,89,39.7,21.5,0.0075,,
0.7180,90,40.7,21.5,0.0075,,
0.7265,91,41.4,21.5,0.0075,,
0.7350,92,42.2,21.5,0.0075,,
0.7425,93,42.9,21.5,0.0070,,
0.7510,94,43.9,21.5,0.0075,,
0.7595,95,45.0,21.5,0.0075,,
0.7675,96,45.7,21.5,0.0075,,
0.7760,97,46.6,21.5,0.0075,,
0.7845,98,47.8,21.5,0.0075,,
0.7920,99,48.6,21.5,0.0070,,
0.8005,100,49.8,21.5,0.0075,,
0.8090,101,50.6,21.5,0.0075,,
0.8175,102,51.5,21.5,0.0075,,
0.8255,103,52.6,21.5,0.0075,,
0.8340,104,53.6,21.5,0.0075,,
0.8425,105,54.6,21.5,0.0075,,
0.8500,106,55.4,21.5,0.0070,,
0.8585,107,56.2,21.5,0.0075,,
0.8670,108,57.5,21.5,0.0075,,
0.8755,109,58.5,21.5,0.0075,,
0.8835,110,59.3,21.5,0.0075,,
0.8920,111,60.4,21.5,0.0075,,
0.8995,112,61.3,21.5,0.0070,,
0.9080,113,62.4,21.5,0.0075,,
0.9165,114,63.6,21.5,0.0075,,
0.9250,115,64.4,21.5,0.0075,,
0.9335,116,65.7,21.5,0.0075,,
0.9420,117,66.5,21.5,0.0075,,
0.9495,118,67.9,21.5,0.0070,,
0.9580,119,69.0,21.5,0.0075,,
0.9660,120,69.9,21.5,0.0075,,
0.9745,121,71.1,21.5,0.0075,,
0.9830,122,72.5,21.5,0.0075,,
0.9915,123,73.5,21.5,0.0075,,
0.9990,124,74.8,21.5,0.0070,,
1.0075,125,75.9,21.5,0.0075,,
1.0160,126,77.3,21.5,0.0075,,
1.0245,127,78.6,21.5,0.0075,,
1.0325,128,79.7,21.5,0.0075,,
1.0405,129,80.9,21.5,0.0075,,
1.0485,130,82.2,21.5,0.0075,,
1.0570,131,83.7,21.5,0.0075,,
1.0655,132,85.2,21.5,0.0075,,
1.0740,133,86.4,21.5,0.0075,,
1.0825,134,87.9,21.5,0.0075,,
1.0905,135,89.1,21.5,0.0075,,
1.0985,136,90.7,21.5,0.0075,,
1.1065,137,92.6,21.5,0.0075,,
1.1150,138,94.1,21.5,0.0075,,
1.1235,139,96.0,21.5,0.0075,,
1.1320,140,97.9,21.5,0.0075,,
1.1405,141,99.5,21.5,0.0075,,
1.1480,142,101.5,21.5,0.0070,,
1.1565,143,103.3,21.5,0.0075,,
1.1645,144,105.6,21.5,0.0075,,
1.1730,145,108.0,21.5,0.0075,,
1.1815,146,110.3,21.5,0.0075,,
1.1900,147,112.3,21.5,0.0075,,
1.1975,148,114.7,21.5,0.0070,,
1.2060,149,117.8,21.5,0.0075,,
1.2145,150,120.9,21.5,0.0075,,
1.2230,151,123.9,21.5,0.0075,,
1.2310,152,127.0,21.5,0.0075,,
1.2395,153,130.6,21.5,0.0075,,
1.2470,154,133.7,21.5,0.0070,,
1.2555,155,137.7,21.5,0.0075,,
1.2640,156,141.2,21.5,0.0075,,
1.2725,157,145.1,21.5,0.0075,,
1.2810,158,149.6,21.5,0.0075,,
1.2895,159,152.7,21.5,0.0075,,
1.2970,160,156.2,21.5,0.0070,,
1.3050,161,159.2,21.5,0.0075,,
1.3135,162,162.1,21.5,0.0075,,
1.3220,163,165.4,21.5,0.0075,,
1.3305,164,168.1,21.5,0.0075,,
1.3390,165,170.2,21.5,0.0075,,
1.3465,166,172.3,21.5,0.0070,,
1.3550,167,174.5,21.5,0.0075,,
1.3635,168,176.9,21.5,0.0075,,
1.3715,169,178.5,21.5,0.0075,,
1.3800,170,179.9,21.5,0.0075,,
1.3885,171,181.9,21.5,0.0075,,
1.3960,172,183.2,21.5,0.0070,,
1.4045,173,185.0,21.5,0.0075,,
1.4080,174,185.0,21.5,0.0070,,
1.4080,414,187.4,21.6,0.0000,,
1.4085,414,187.2,21.6,0.0010,,
1.4100,416,187.2,21.6,0.0010,,
1.4125,416,187.7,21.6,0.0050,,
1.4165,418,188.0,21.6,0.0025,,
1.4230,419,188.4,21.6,0.0110,,
1.4310,420,189.5,21.6,0.0135,,
1.4385,420,190.3,21.6,0.0150,,
1.4470,422,191.6,21.6,0.0055,,
1.4555,422,192.6,21.6,0.0170,,
1.4640,424,193.4,21.6,0.0055,,
1.4725,425,194.7,21.6,0.0140,,
1.4810,426,195.7,21.6,0.0140,,
1.4885,426,196.6,21.6,0.0150,,
1.4970,428,197.5,21.6,0.0055,,
1.5050,428,198.2,21.6,0.0160,,
1.5135,430,199.2,21.6,0.0055,,
1.5220,431,200.0,21.6,0.0140,,
1.5305,432,200.6,21.6,0.0140,,
1.5380,432,201.5,21.6,0.0150,,
1.5465,434,202.1,21.6,0.0055,,
1.5550,434,202.8,21.6,0.0170,,
1.5630,436,203.8,21.6,0.0050,,
1.5715,437,204.2,21.6,0.0140,,
1.5800,438,204.8,21.6,0.0140,,
1.5875,438,205.3,21.6,0.0150,,
1.5960,440,206.3,21.6,0.0055,,
1.6045,440,206.8,21.6,0.0170,,
1.6130,442,207.2,21.6,0.0055,,
1.6215,443,207.8,21.6,0.0140,,
1.6295,444,208.6,21.6,0.0135,,
1.6375,444,209.1,21.6,0.0160,,
1.6455,446,209.8,21.6,0.0055,,
1.6540,446,210.0,21.6,0.0170,,
1.6625,448,210.7,21.6,0.0055,,
1.6710,449,211.4,21.6,0.0140,,
1.6795,450,211.8,21.6,0.0140,,
1.6875,450,212.3,21.6,0.0160,,
1.6955,452,212.6,21.6,0.0055,,
1.7035,452,213.0,21.6,0.0160,,
1.7120,454,213.7,21.6,0.0055,,
1.7205,455,214.0,21.6,0.0140,,
1.7290,456,214.4,21.6,0.0140,,
1.7365,456,214.7,21.6,0.0150,,
1.7450,458,215.4,21.6,0.0055,,
1.7535,458,215.9,21.6,0.0170,,
1.7620,460,216.2,21.6,0.0055,,
1.7700,461,216.5,21.6,0.0135,,
1.7785,462,217.2,21.6,0.0140,,
1.7860,462,217.5,21.6,0.0150,,
1.7945,464,218.1,21.6,0.0055,,
1.8030,464,218.1,21.6,0.0170,,
1.8115,466,218.7,21.6,0.0055,,
1.8200,467,219.3,21.6,0.0140,,
1.8280,468,219.5,21.6,0.0135,,
1.8360,468,219.9,21.6,0.0160,,
1.8440,470,220.0,21.6,0.0055,,
1.8525,470,220.4,21.6,0.0170,,
1.8610,472,220.9,21.6,0.0055,,
1.8695,473,221.1,21.6,0.0140,,
1.8780,474,221.3,21.6,0.0140,,
1.8855,474,221.7,21.6,0.0150,,
1.8940,476,222.1,21.6,0.0055,,
1.9025,476,222.6,21.6,0.0170,,
1.9105,478,222.9,21.6,0.0050,,
1.9190,479,223.1,21.6,0.0140,,
1.9275,480,223.6,21.6,0.0140,,
1.9350,480,223.8,21.6,0.0150,,
1.9435,482,224.2,21.6,0.0055,,
1.9520,482,224.4,21.6,0.0170,,
1.9605,484,224.7,21.6,0.0055,,
1.9690,485,225.2,21.6,0.0140,,
1.9770,486,225.4,21.6,0.0135,,
1.9850,486,225.7,21.6,0.0160,,
1.9930,488,225.7,21.6,0.0055,,
2.0015,488,225.9,21.6,0.0170,,
2.0100,490,226.5,21.6,0.0055,,
2.0185,491,226.7,21.6,0.0140,,
2.0270,492,226.8,21.6,0.0140,,
2.0345,492,227.1,21.6,0.0150,,
2.0430,494,227.4,21.6,0.0055,,
2.0510,494,227.9,21.6,0.0160,,
2.0595,496,228.0,21.6,0.0055,,
2.0680,497,228.1,21.6,0.0140,,
2.0765,498,228.6,21.6,0.0140,,
2.0840,498,228.7,21.6,0.0150,,
2.0925,500,229.2,21.6,0.0055,,
2.1010,500,229.3,21.6,0.0170,,
2.1090,502,229.5,21.6,0.0050,,
2.1175,503,230.0,21.6,0.0140,,
2.1260,504,230.3,21.6,0.0140,,
2.1335,504,230.5,21.6,0.0150,,
2.1420,506,230.6,21.6,0.0055,,
2.1505,506,230.7,21.6,0.0170,,
2.1590,508,231.1,21.6,0.0055,,
2.1675,509,231.5,21.6,0.0140,,
2.1755,510,231.4,21.6,0.0135,,
2.1835,510,231.7,21.6,0.0160,,
2.1915,512,231.8,21.6,0.0055,,
2.2000,512,232.4,21.6,0.0170,,
2.2085,514,232.5,21.6,0.0055,,
2.2170,515,232.5,21.6,0.0140,,
2.2255,516,232.9,21.6,0.0140,,
2.2330,516,232.9,21.6,0.0150,,
2.2415,518,233.3,21.6,0.0055,,
2.2495,518,233.5,21.6,0.0160,,
2.2575,520,233.4,21.6,0.0050,,
2.2655,521,233.7,21.6,0.0135,,
2.2730,522,234.1,21.6,0.0125,,
2.2740,522,234.2,21.6,0.0020,,
2.2745,524,234.3,21.6,0.0005,,
2.2750,524,234.0,21.6,0.0010,,
2.2770,526,234.2,21.6,0.0010,,
2.2790,527,234.4,21.6,0.0035,,
2.2790,528,234.3,21.6,0.0000,,
2.2815,528,234.5,21.6,0.0050,,
2.2825,530,234.3,21.6,0.0005,,
2.2830,530,234.5,21.6,0.0010,,
2.2835,532,234.6,21.6,0.0005,,
2.2845,533,234.4,21.6,0.0015,,
2.2855,534,234.4,21.6,0.0015,,
2.2860,534,234.4,21.6,0.0010,,
2.2870,536,234.4,21.6,0.0005,,
2.2885,536,234.6,21.6,0.0030,,
2.2890,538,234.5,21.6,0.0005,,
2.2895,539,234.4,21.6,0.0010,,
2.2905,540,234.6,21.6,0.0015,,
2.2910,540,234.5,21.6,0.0010,,
2.2920,542,234.7,21.6,0.0005,,
2.2925,542,234.4,21.6,0.0010,,
2.2930,544,234.5,21.6,0.0005,,
2.2935,545,234.8,21.6,0.0010,,
2.2945,546,234.7,21.6,0.0015,,
2.2950,546,235.0,21.6,0.0010,,
2.2960,548,234.7,21.6,0.0005,,
2.2970,548,234.8,21.6,0.0020,,
2.2975,550,235.0,21.6,0.0005,,
Scope 1/1, Sample 32/32 (T24)
Result,TitrationEP1
V,t,E,T,dV/dt,E acc. stat.,Volume acc. stat.
0.0000,0,-67.6,21.6,NaN,,
0.0010,1,-67.6,21.6,0.0010,,
0.0025,2,-67.5,21.6,0.0015,,
0.0050,3,-67.6,21.6,0.0020,,
0.0085,4,-67.3,21.6,0.0030,,
0.0150,5,-67.2,21.6,0.0060,,
0.0230,6,-66.4,21.6,0.0075,,
0.0315,7,-65.4,21.6,0.0070,,
0.0400,8,-64.4,21.6,0.0075,,
0.0485,9,-62.9,21.6,0.0075,,
0.0560,10,-61.6,21.6,0.0070,,
0.0645,11,-59.8,21.6,0.0075,,
0.0725,12,-57.9,21.6,0.0075,,
0.0810,13,-56.2,21.6,0.0075,,
0.0895,14,-54.4,21.6,0.0075,,
0.0980,15,-52.1,21.6,0.0075,,
0.1055,16,-50.2,21.6,0.0070,,
0.1140,17,-47.9,21.6,0.0075,,
0.1225,18,-45.7,21.6,0.0075,,
0.1305,19,-43.2,21.6,0.0075,,
0.1390,20,-40.3,21.6,0.0075,,
0.1475,21,-37.5,21.6,0.0075,,
0.1550,22,-34.7,21.6,0.0070,,
0.1635,23,-31.8,21.6,0.0075,,
0.1720,24,-28.9,21.6,0.0075,,
0.1805,25,-25.7,21.6,0.0075,,
0.1885,26,-23.0,21.6,0.0075,,
0.1970,27,-20.7,21.6,0.0075,,
0.2045,28,-18.5,21.6,0.0070,,
0.2130,29,-16.3,21.6,0.0075,,
0.2215,30,-14.3,21.6,0.0075,,
0.2300,31,-12.4,21.6,0.0075,,
0.2385,32,-10.9,21.6,0.0075,,
0.2470,33,-9.3,21.6,0.0075,,
0.2550,34,-8.0,21.6,0.0075,,
0.2625,35,-6.4,21.6,0.0070,,
0.2710,36,-4.9,21.6,0.0075,,
0.2795,37,-3.8,21.6,0.0075,,
0.2880,38,-2.5,21.6,0.0075,,
0.2965,39,-1.3,21.6,0.0075,,
0.3040,40,-0.3,21.6,0.0070,,
0.3125,41,0.6,21.6,0.0075,,
0.3210,42,1.6,21.6,0.0075,,
0.3290,43,2.7,21.6,0.0075,,
0.3375,44,4.0,21.6,0.0075,,
0.3460,45,4.8,21.6,0.0075,,
0.3535,46,5.8,21.6,0.0070,,
0.3620,47,6.5,21.6,0.0075,,
0.3705,48,7.6,21.6,0.0075,,
0.3790,49,8.6,21.6,0.0075,,
0.3875,50,9.4,21.6,0.0075,,
0.3955,51,10.4,21.6,0.0075,,
0.4035,52,11.1,21.6,0.0075,,
0.4115,53,12.2,21.6,0.0075,,
0.4200,54,13.1,21.6,0.0075,,
0.4285,55,13.8,21.6,0.0075,,
0.4370,56,14.9,21.6,0.0075,,
0.4455,57,16.0,21.6,0.0075,,
0.4530,58,16.5,21.6,0.0070,,
0.4615,59,17.4,21.6,0.0075,,
0.4695,60,18.1,21.6,0.0075,,
0.4780,61,19.1,21.6,0.0075,,
0.4865,62,20.1,21.6,0.0075,,
0.4950,63,20.8,21.6,0.0075,,
0.5025,64,21.7,21.6,0.0070,,
0.5110,65,22.3,21.6,0.0075,,
0.5195,66,23.4,21.6,0.0075,,
0.5280,67,24.2,21.6,0.0075,,
0.5360,68,24.9,21.6,0.0075,,
0.5445,69,25.8,21.6,0.0075,,
0.5520,70,26.5,21.6,0.0070,,
0.5605,71,27.5,21.6,0.0075,,
0.5690,72,28.4,21.6,0.0075,,
0.5775,73,29.0,21.6,0.0075,,
0.5860,74,29.9,21.6,0.0075,,
0.5945,75,30.8,21.6,0.0075,,
0.6020,76,31.6,21.6,0.0070,,
0.6100,77,32.6,21.6,0.0075,,
0.6185,78,33.2,21.6,0.0075,,
0.6270,79,34.2,21.6,0.0075,,
0.6355,80,35.3,21.6,0.0075,,
0.6440,81,36.2,21.6,0.0075,,
0.6525,82,37.1,21.6,0.0075,,
0.6600,83,37.6,21.6,0.0070,,
0.6680,84,38.5,21.6,0.0075,,
0.6765,85,39.6,21.6,0.0075,,
0.6850,86,40.4,21.6,0.0075,,
0.6935,87,41.2,21.6,0.0075,,
0.7010,88,42.0,21.6,0.0070,,
0.7095,89,42.9,21.6,0.0075,,
0.7180,90,44.0,21.6,0.0075,,
0.7265,91,44.7,21.6,0.0075,,
0.7345,92,45.6,21.6,0.0075,,
0.7430,93,46.7,21.6,0.0075,,
0.7505,94,47.4,21.6,0.0070,,
0.7590,95,48.4,21.6,0.0075,,
0.7675,96,49.2,21.6,0.0075,,
0.7760,97,50.1,21.6,0.0075,,
0.7845,98,51.2,21.6,0.0075,,
0.7930,99,52.3,21.6,0.0075,,
0.8010,100,53.3,21.6,0.0075,,
0.8085,101,54.2,21.6,0.0070,,
0.8170,102,55.1,21.6,0.0075,,
0.8255,103,56.3,21.6,0.0075,,
0.8340,104,57.2,21.6,0.0075,,
0.8425,105,58.1,21.6,0.0075,,
0.8500,106,59.1,21.6,0.0070,,
0.8585,107,60.2,21.6,0.0075,,
0.8670,108,61.4,21.6,0.0075,,
0.8755,109,62.4,21.6,0.0075,,
0.8835,110,63.3,21.6,0.0075,,
0.8920,111,64.5,21.6,0.0075,,
0.8995,112,65.4,21.6,0.0070,,
0.9080,113,66.6,21.6,0.0075,,
0.9165,114,67.6,21.6,0.0075,,
0.9250,115,68.6,21.6,0.0075,,
0.9335,116,69.9,21.6,0.0075,,
0.9420,117,71.1,21.6,0.0075,,
0.9495,118,72.1,21.6,0.0070,,
0.9580,119,73.1,21.6,0.0075,,
0.9660,120,74.3,21.6,0.0075,,
0.9745,121,75.7,21.6,0.0075,,
0.9830,122,76.8,21.6,0.0075,,
0.9915,123,77.8,21.6,0.0075,,
0.9990,124,78.8,21.6,0.0070,,
1.0075,125,80.1,21.6,0.0075,,
1.0160,126,81.6,21.6,0.0075,,
1.0240,127,82.8,21.6,0.0075,,
1.0325,128,84.1,21.6,0.0075,,
1.0410,129,85.6,21.6,0.0075,,
1.0485,130,86.8,21.6,0.0070,,
1.0570,131,88.5,21.6,0.0075,,
1.0655,132,90.0,21.6,0.0075,,
1.0740,133,91.4,21.6,0.0075,,
1.0820,134,93.1,21.6,0.0075,,
1.0905,135,94.8,21.6,0.0075,,
1.0980,136,96.5,21.6,0.0070,,
1.1065,137,98.1,21.6,0.0075,,
1.1150,138,99.7,21.6,0.0075,,
1.1235,139,101.7,21.6,0.0075,,
1.1320,140,103.6,21.6,0.0075,,
1.1405,141,105.5,21.6,0.0075,,
1.1480,142,107.5,21.6,0.0070,,
1.1560,143,109.7,21.6,0.0075,,
1.1645,144,112.3,21.6,0.0075,,
1.1730,145,114.9,21.6,0.0075,,
1.1815,146,117.5,21.6,0.0075,,
1.1900,147,120.3,21.6,0.0075,,
1.1975,148,123.0,21.6,0.0070,,
1.2060,149,126.4,21.6,0.0075,,
1.2145,150,130.0,21.6,0.0075,,
1.2225,151,133.2,21.6,0.0075,,
1.2310,152,136.8,21.6,0.0075,,
1.2395,153,140.7,21.6,0.0075,,
1.2470,154,144.2,21.6,0.0070,,
1.2555,155,147.8,21.6,0.0075,,
1.2640,156,151.2,21.6,0.0075,,
1.2725,157,155.0,21.6,0.0075,,
1.2810,158,158.4,21.6,0.0075,,
1.2890,159,161.5,21.6,0.0075,,
1.2965,160,164.3,21.6,0.0070,,
1.3050,161,166.9,21.6,0.0075,,
1.3135,162,169.5,21.6,0.0075,,
1.3220,163,172.0,21.6,0.0075,,
1.3305,164,174.0,21.6,0.0075,,
1.3390,165,176.2,21.6,0.0075,,
1.3465,166,177.7,21.6,0.0070,,
1.3550,167,179.7,21.6,0.0075,,
1.3635,168,181.5,21.6,0.0075,,
1.3715,169,182.8,21.6,0.0075,,
1.3800,170,184.4,21.6,0.0075,,
1.3845,171,185.1,21.6,0.0075,,
1.3845,411,187.0,21.7,0.0000,,
1.3850,412,186.9,21.7,0.0005,,
1.3865,413,186.7,21.7,0.0020,,
1.3890,414,187.2,21.7,0.0035,,
1.3930,415,187.7,21.7,0.0050,,
1.3990,416,188.2,21.7,0.0075,,
1.4070,417,189.2,21.7,0.0100,,
1.4145,418,190.1,21.7,0.0105,,
1.4230,419,191.3,21.7,0.0120,,
1.4315,420,192.6,21.7,0.0120,,
1.4400,421,193.6,21.7,0.0105,,
1.4485,422,194.5,21.7,0.0105,,
1.4570,423,195.6,21.7,0.0105,,
1.4650,424,196.3,21.7,0.0115,,
1.4730,425,197.5,21.7,0.0115,,
1.4810,426,198.3,21.7,0.0115,,
1.4895,427,199.0,21.7,0.0105,,
1.4980,428,199.9,21.7,0.0105,,
1.5065,429,201.0,21.7,0.0105,,
1.5150,430,201.5,21.7,0.0120,,
1.5225,431,202.3,21.7,0.0105,,
1.5310,432,203.0,21.7,0.0120,,
1.5390,433,203.8,21.7,0.0100,,
1.5475,434,204.5,21.7,0.0105,,
1.5560,435,205.0,21.7,0.0105,,
1.5645,436,205.7,21.7,0.0105,,
1.5720,437,206.2,21.7,0.0105,,
1.5805,438,207.0,21.7,0.0120,,
1.5890,439,207.7,21.7,0.0120,,
1.5970,440,208.1,21.7,0.0100,,
1.6055,441,208.7,21.7,0.0105,,
1.6140,442,209.5,21.7,0.0105,,
1.6215,443,209.9,21.7,0.0105,,
1.6300,444,210.5,21.7,0.0120,,
1.6385,445,210.8,21.7,0.0120,,
1.6470,446,211.2,21.7,0.0105,,
1.6555,447,212.0,21.7,0.0105,,
1.6635,448,212.3,21.7,0.0100,,
1.6715,449,212.8,21.7,0.0115,,
1.6795,450,213.3,21.7,0.0115,,
1.6880,451,213.9,21.7,0.0105,,
1.6965,452,214.5,21.7,0.0105,,
1.7050,453,214.8,21.7,0.0105,,
1.7135,454,215.3,21.7,0.0120,,
1.7210,455,215.4,21.7,0.0105,,
1.7295,456,216.1,21.7,0.0120,,
1.7380,457,216.5,21.7,0.0105,,
1.7460,458,216.7,21.7,0.0100,,
1.7545,459,217.2,21.7,0.0105,,
1.7620,460,217.6,21.7,0.0105,,
1.7705,461,218.1,21.7,0.0120,,
1.7790,462,218.5,21.7,0.0120,,
1.7875,463,218.7,21.7,0.0105,,
1.7960,464,219.2,21.7,0.0105,,
1.8040,465,219.7,21.7,0.0100,,
1.8125,466,220.1,21.7,0.0120,,
1.8200,467,220.3,21.7,0.0105,,
1.8285,468,220.6,21.7,0.0120,,
1.8370,469,220.9,21.7,0.0105,,
1.8455,470,221.4,21.7,0.0105,,
1.8540,471,221.7,21.7,0.0105,,
1.8620,472,221.9,21.7,0.0100,,
1.8700,473,222.3,21.7,0.0115,,
1.8780,474,222.6,21.7,0.0115,,
1.8865,475,223.1,21.7,0.0120,,
1.8950,476,223.4,21.7,0.0105,,
1.9035,477,223.7,21.7,0.0105,,
1.9120,478,224.1,21.7,0.0105,,
1.9195,479,224.2,21.7,0.0105,,
1.9280,480,224.8,21.7,0.0120,,
1.9360,481,224.9,21.7,0.0115,,
1.9445,482,225.2,21.7,0.0105,,
1.9530,483,225.5,21.7,0.0105,,
1.9615,484,226.0,21.7,0.0105,,
1.9690,485,226.2,21.7,0.0105,,
1.9775,486,226.4,21.7,0.0120,,
1.9860,487,226.5,21.7,0.0120,,
1.9940,488,227.0,21.7,0.0100,,
2.0025,489,227.3,21.7,0.0105,,
2.0110,490,227.5,21.7,0.0105,,
2.0195,491,227.9,21.7,0.0120,,
2.0270,492,228.0,21.7,0.0105,,
2.0355,493,228.4,21.7,0.0120,,
2.0440,494,228.7,21.7,0.0105,,
2.0525,495,228.7,21.7,0.0105,,
2.0605,496,229.0,21.7,0.0100,,
2.0685,497,229.2,21.7,0.0115,,
2.0765,498,229.6,21.7,0.0115,,
2.0850,499,229.8,21.7,0.0120,,
2.0935,500,229.9,21.7,0.0105,,
2.1020,501,230.4,21.7,0.0105,,
2.1105,502,230.7,21.7,0.0105,,
2.1180,503,231.0,21.7,0.0105,,
2.1265,504,231.2,21.7,0.0120,,
2.1350,505,231.2,21.7,0.0120,,
2.1430,506,231.6,21.7,0.0100,,
2.1515,507,232.0,21.7,0.0105,,
2.1600,508,231.9,21.7,0.0105,,
2.1675,509,232.3,21.7,0.0105,,
2.1760,510,232.3,21.7,0.0120,,
2.1845,511,232.6,21.7,0.0120,,
2.1930,512,232.9,21.7,0.0105,,
2.2015,513,232.9,21.7,0.0105,,
2.2095,514,233.3,21.7,0.0100,,
2.2175,515,233.3,21.7,0.0115,,
2.2255,516,233.7,21.7,0.0115,,
2.2340,517,234.0,21.7,0.0120,,
2.2410,518,234.0,21.7,0.0085,,
2.2480,519,234.3,21.7,0.0085,,
2.2510,520,234.6,21.7,0.0035,,
2.2515,521,234.4,21.7,0.0005,,
2.2520,522,234.5,21.7,0.0005,,
2.2525,523,234.3,21.7,0.0005,,
2.2535,524,234.3,21.7,0.0010,,
2.2545,525,234.6,21.7,0.0010,,
2.2550,526,234.5,21.7,0.0005,,
2.2560,527,234.6,21.7,0.0015,,
2.2575,528,234.5,21.7,0.0020,,
2.2590,529,234.6,21.7,0.0020,,
2.2605,530,234.8,21.7,0.0020,,
2.2620,531,234.7,21.7,0.0020,,
2.2630,532,234.6,21.7,0.0010,,
2.2635,533,234.6,21.7,0.0005,,
2.2645,534,234.7,21.7,0.0015,,
2.2660,535,235.0,21.7,0.0015,,
